ISO-10303-21;
HEADER;
/* Generated by software containing ST-Developer
 * from STEP Tools, Inc. (www.steptools.com) 
 */

FILE_DESCRIPTION(
/* description */ (''),
/* implementation_level */ '2;1');

FILE_NAME(
/* name */ 'day2_glass_bottle.step',
/* time_stamp */ '2026-08-02T01:14:52+05:30',
/* author */ (''),
/* organization */ (''),
/* preprocessor_version */ 'ST-DEVELOPER v20.1',
/* originating_system */ 'Autodesk Translation Framework v15.8.0.0',
/* authorisation */ '');

FILE_SCHEMA (('AUTOMOTIVE_DESIGN { 1 0 10303 214 3 1 1 }'));
ENDSEC;

DATA;
#10=MECHANICAL_DESIGN_GEOMETRIC_PRESENTATION_REPRESENTATION('',(#13),#1983);
#11=SHAPE_REPRESENTATION_RELATIONSHIP('SRR','None',#1990,#12);
#12=ADVANCED_BREP_SHAPE_REPRESENTATION('',(#14),#1982);
#13=STYLED_ITEM('',(#2000),#14);
#14=MANIFOLD_SOLID_BREP('Body1',#178);
#15=LINE('',#1120,#17);
#16=LINE('',#1979,#18);
#17=VECTOR('',#235,30.);
#18=VECTOR('',#252,30.);
#19=CYLINDRICAL_SURFACE('',#202,27.5);
#20=CYLINDRICAL_SURFACE('',#210,30.);
#21=TOROIDAL_SURFACE('',#197,25.,2.5);
#22=TOROIDAL_SURFACE('',#205,25.,5.);
#23=(
BOUNDED_CURVE()
B_SPLINE_CURVE(5,(#1058,#1059,#1060,#1061,#1062,#1063,#1064,#1065,#1066,
#1067,#1068,#1069,#1070,#1071,#1072,#1073,#1074,#1075,#1076,#1077,#1078,
#1079,#1080,#1081,#1082,#1083,#1084,#1085,#1086,#1087,#1088,#1089,#1090,
#1091,#1092,#1093,#1094,#1095,#1096,#1097,#1098,#1099,#1100,#1101,#1102,
#1103,#1104,#1105,#1106,#1107),.UNSPECIFIED.,.F.,.F.)
B_SPLINE_CURVE_WITH_KNOTS((6,1,1,1,1,1,1,1,1,1,1,1,1,1,1,1,1,1,1,1,1,1,
1,1,1,1,1,1,1,1,1,1,1,1,1,1,1,1,1,1,1,1,1,1,1,6),(0.,0.0222222222222222,
0.0444444444444444,0.0666666666666667,0.0888888888888889,0.111111111111111,
0.133333333333333,0.155555555555556,0.177777777777778,0.2,0.222222222222222,
0.244444444444444,0.266666666666667,0.288888888888889,0.311111111111111,
0.333333333333333,0.355555555555555,0.377777777777778,0.4,0.422222222222222,
0.444444444444444,0.466666666666666,0.488888888888889,0.511111111111111,
0.533333333333333,0.555555555555555,0.577777777777778,0.6,0.622222222222222,
0.644444444444444,0.666666666666667,0.688888888888889,0.711111111111111,
0.733333333333333,0.755555555555556,0.777777777777778,0.8,0.822222222222222,
0.844444444444445,0.866666666666667,0.888888888888889,0.911111111111111,
0.933333333333334,0.955555555555556,0.977777777777778,0.992967805966228),
 .UNSPECIFIED.)
CURVE()
GEOMETRIC_REPRESENTATION_ITEM()
RATIONAL_B_SPLINE_CURVE((1.,1.,1.,1.,1.,1.,1.,1.,1.,1.,1.,1.,1.,1.,1.,1.,
1.,1.,1.,1.,1.,1.,1.,1.,1.,1.,1.,1.,1.,1.,1.,1.,1.,1.,1.,1.,1.,1.,1.,1.,
1.,1.,1.,1.,1.,1.,1.,1.,1.,1.))
REPRESENTATION_ITEM('')
);
#24=(
BOUNDED_SURFACE()
B_SPLINE_SURFACE(5,2,((#607,#608,#609,#610,#611,#612,#613,#614,#615),(#616,
#617,#618,#619,#620,#621,#622,#623,#624),(#625,#626,#627,#628,#629,#630,
#631,#632,#633),(#634,#635,#636,#637,#638,#639,#640,#641,#642),(#643,#644,
#645,#646,#647,#648,#649,#650,#651),(#652,#653,#654,#655,#656,#657,#658,
#659,#660),(#661,#662,#663,#664,#665,#666,#667,#668,#669),(#670,#671,#672,
#673,#674,#675,#676,#677,#678),(#679,#680,#681,#682,#683,#684,#685,#686,
#687),(#688,#689,#690,#691,#692,#693,#694,#695,#696),(#697,#698,#699,#700,
#701,#702,#703,#704,#705),(#706,#707,#708,#709,#710,#711,#712,#713,#714),
(#715,#716,#717,#718,#719,#720,#721,#722,#723),(#724,#725,#726,#727,#728,
#729,#730,#731,#732),(#733,#734,#735,#736,#737,#738,#739,#740,#741),(#742,
#743,#744,#745,#746,#747,#748,#749,#750),(#751,#752,#753,#754,#755,#756,
#757,#758,#759),(#760,#761,#762,#763,#764,#765,#766,#767,#768),(#769,#770,
#771,#772,#773,#774,#775,#776,#777),(#778,#779,#780,#781,#782,#783,#784,
#785,#786),(#787,#788,#789,#790,#791,#792,#793,#794,#795),(#796,#797,#798,
#799,#800,#801,#802,#803,#804),(#805,#806,#807,#808,#809,#810,#811,#812,
#813),(#814,#815,#816,#817,#818,#819,#820,#821,#822),(#823,#824,#825,#826,
#827,#828,#829,#830,#831),(#832,#833,#834,#835,#836,#837,#838,#839,#840),
(#841,#842,#843,#844,#845,#846,#847,#848,#849),(#850,#851,#852,#853,#854,
#855,#856,#857,#858),(#859,#860,#861,#862,#863,#864,#865,#866,#867),(#868,
#869,#870,#871,#872,#873,#874,#875,#876),(#877,#878,#879,#880,#881,#882,
#883,#884,#885),(#886,#887,#888,#889,#890,#891,#892,#893,#894),(#895,#896,
#897,#898,#899,#900,#901,#902,#903),(#904,#905,#906,#907,#908,#909,#910,
#911,#912),(#913,#914,#915,#916,#917,#918,#919,#920,#921),(#922,#923,#924,
#925,#926,#927,#928,#929,#930),(#931,#932,#933,#934,#935,#936,#937,#938,
#939),(#940,#941,#942,#943,#944,#945,#946,#947,#948),(#949,#950,#951,#952,
#953,#954,#955,#956,#957),(#958,#959,#960,#961,#962,#963,#964,#965,#966),
(#967,#968,#969,#970,#971,#972,#973,#974,#975),(#976,#977,#978,#979,#980,
#981,#982,#983,#984),(#985,#986,#987,#988,#989,#990,#991,#992,#993),(#994,
#995,#996,#997,#998,#999,#1000,#1001,#1002),(#1003,#1004,#1005,#1006,#1007,
#1008,#1009,#1010,#1011),(#1012,#1013,#1014,#1015,#1016,#1017,#1018,#1019,
#1020),(#1021,#1022,#1023,#1024,#1025,#1026,#1027,#1028,#1029),(#1030,#1031,
#1032,#1033,#1034,#1035,#1036,#1037,#1038),(#1039,#1040,#1041,#1042,#1043,
#1044,#1045,#1046,#1047),(#1048,#1049,#1050,#1051,#1052,#1053,#1054,#1055,
#1056)),.UNSPECIFIED.,.F.,.T.,.F.)
B_SPLINE_SURFACE_WITH_KNOTS((6,1,1,1,1,1,1,1,1,1,1,1,1,1,1,1,1,1,1,1,1,
1,1,1,1,1,1,1,1,1,1,1,1,1,1,1,1,1,1,1,1,1,1,1,1,6),(3,2,2,2,3),(-1.,-0.977777777777778,
-0.955555555555556,-0.933333333333334,-0.911111111111111,-0.888888888888889,
-0.866666666666667,-0.844444444444445,-0.822222222222222,-0.8,-0.777777777777778,
-0.755555555555556,-0.733333333333333,-0.711111111111111,-0.688888888888889,
-0.666666666666667,-0.644444444444444,-0.622222222222222,-0.6,-0.577777777777778,
-0.555555555555555,-0.533333333333333,-0.511111111111111,-0.488888888888889,
-0.466666666666666,-0.444444444444444,-0.422222222222222,-0.4,-0.377777777777778,
-0.355555555555555,-0.333333333333333,-0.311111111111111,-0.288888888888889,
-0.266666666666667,-0.244444444444444,-0.222222222222222,-0.2,-0.177777777777778,
-0.155555555555556,-0.133333333333333,-0.111111111111111,-0.0888888888888889,
-0.0666666666666667,-0.0444444444444444,-0.0222222222222222,0.),(0.,1.5707963267949,
3.14159265358979,4.71238898038469,6.28318530717959),.UNSPECIFIED.)
GEOMETRIC_REPRESENTATION_ITEM()
RATIONAL_B_SPLINE_SURFACE(((1.,0.707106781186548,1.,0.707106781186548,1.,
0.707106781186548,1.,0.707106781186548,1.),(1.,0.707106781186548,1.,0.707106781186548,
1.,0.707106781186548,1.,0.707106781186548,1.),(1.,0.707106781186548,1.,
0.707106781186548,1.,0.707106781186548,1.,0.707106781186548,1.),(1.,0.707106781186548,
1.,0.707106781186548,1.,0.707106781186548,1.,0.707106781186548,1.),(1.,
0.707106781186548,1.,0.707106781186548,1.,0.707106781186548,1.,0.707106781186548,
1.),(1.,0.707106781186548,1.,0.707106781186548,1.,0.707106781186548,1.,
0.707106781186548,1.),(1.,0.707106781186548,1.,0.707106781186548,1.,0.707106781186548,
1.,0.707106781186548,1.),(1.,0.707106781186548,1.,0.707106781186548,1.,
0.707106781186548,1.,0.707106781186548,1.),(1.,0.707106781186548,1.,0.707106781186548,
1.,0.707106781186548,1.,0.707106781186548,1.),(1.,0.707106781186548,1.,
0.707106781186548,1.,0.707106781186548,1.,0.707106781186548,1.),(1.,0.707106781186548,
1.,0.707106781186548,1.,0.707106781186548,1.,0.707106781186548,1.),(1.,
0.707106781186548,1.,0.707106781186548,1.,0.707106781186548,1.,0.707106781186548,
1.),(1.,0.707106781186548,1.,0.707106781186548,1.,0.707106781186548,1.,
0.707106781186548,1.),(1.,0.707106781186548,1.,0.707106781186548,1.,0.707106781186548,
1.,0.707106781186548,1.),(1.,0.707106781186548,1.,0.707106781186548,1.,
0.707106781186548,1.,0.707106781186548,1.),(1.,0.707106781186548,1.,0.707106781186548,
1.,0.707106781186548,1.,0.707106781186548,1.),(1.,0.707106781186548,1.,
0.707106781186548,1.,0.707106781186548,1.,0.707106781186548,1.),(1.,0.707106781186548,
1.,0.707106781186548,1.,0.707106781186548,1.,0.707106781186548,1.),(1.,
0.707106781186548,1.,0.707106781186548,1.,0.707106781186548,1.,0.707106781186548,
1.),(1.,0.707106781186548,1.,0.707106781186548,1.,0.707106781186548,1.,
0.707106781186548,1.),(1.,0.707106781186548,1.,0.707106781186548,1.,0.707106781186548,
1.,0.707106781186548,1.),(1.,0.707106781186548,1.,0.707106781186548,1.,
0.707106781186548,1.,0.707106781186548,1.),(1.,0.707106781186548,1.,0.707106781186548,
1.,0.707106781186548,1.,0.707106781186548,1.),(1.,0.707106781186548,1.,
0.707106781186548,1.,0.707106781186548,1.,0.707106781186548,1.),(1.,0.707106781186548,
1.,0.707106781186548,1.,0.707106781186548,1.,0.707106781186548,1.),(1.,
0.707106781186548,1.,0.707106781186548,1.,0.707106781186548,1.,0.707106781186548,
1.),(1.,0.707106781186548,1.,0.707106781186548,1.,0.707106781186548,1.,
0.707106781186548,1.),(1.,0.707106781186548,1.,0.707106781186548,1.,0.707106781186548,
1.,0.707106781186548,1.),(1.,0.707106781186548,1.,0.707106781186548,1.,
0.707106781186548,1.,0.707106781186548,1.),(1.,0.707106781186548,1.,0.707106781186548,
1.,0.707106781186548,1.,0.707106781186548,1.),(1.,0.707106781186548,1.,
0.707106781186548,1.,0.707106781186548,1.,0.707106781186548,1.),(1.,0.707106781186548,
1.,0.707106781186548,1.,0.707106781186548,1.,0.707106781186548,1.),(1.,
0.707106781186548,1.,0.707106781186548,1.,0.707106781186548,1.,0.707106781186548,
1.),(1.,0.707106781186548,1.,0.707106781186548,1.,0.707106781186548,1.,
0.707106781186548,1.),(1.,0.707106781186548,1.,0.707106781186548,1.,0.707106781186548,
1.,0.707106781186548,1.),(1.,0.707106781186548,1.,0.707106781186548,1.,
0.707106781186548,1.,0.707106781186548,1.),(1.,0.707106781186548,1.,0.707106781186548,
1.,0.707106781186548,1.,0.707106781186548,1.),(1.,0.707106781186548,1.,
0.707106781186548,1.,0.707106781186548,1.,0.707106781186548,1.),(1.,0.707106781186548,
1.,0.707106781186548,1.,0.707106781186548,1.,0.707106781186548,1.),(1.,
0.707106781186548,1.,0.707106781186548,1.,0.707106781186548,1.,0.707106781186548,
1.),(1.,0.707106781186548,1.,0.707106781186548,1.,0.707106781186548,1.,
0.707106781186548,1.),(1.,0.707106781186548,1.,0.707106781186548,1.,0.707106781186548,
1.,0.707106781186548,1.),(1.,0.707106781186548,1.,0.707106781186548,1.,
0.707106781186548,1.,0.707106781186548,1.),(1.,0.707106781186548,1.,0.707106781186548,
1.,0.707106781186548,1.,0.707106781186548,1.),(1.,0.707106781186548,1.,
0.707106781186548,1.,0.707106781186548,1.,0.707106781186548,1.),(1.,0.707106781186548,
1.,0.707106781186548,1.,0.707106781186548,1.,0.707106781186548,1.),(1.,
0.707106781186548,1.,0.707106781186548,1.,0.707106781186548,1.,0.707106781186548,
1.),(1.,0.707106781186548,1.,0.707106781186548,1.,0.707106781186548,1.,
0.707106781186548,1.),(1.,0.707106781186548,1.,0.707106781186548,1.,0.707106781186548,
1.,0.707106781186548,1.),(1.,0.707106781186548,1.,0.707106781186548,1.,
0.707106781186548,1.,0.707106781186548,1.)))
REPRESENTATION_ITEM('')
SURFACE()
);
#25=(
BOUNDED_SURFACE()
B_SPLINE_SURFACE(3,2,((#1124,#1125,#1126,#1127,#1128,#1129,#1130,#1131,
#1132),(#1133,#1134,#1135,#1136,#1137,#1138,#1139,#1140,#1141),(#1142,#1143,
#1144,#1145,#1146,#1147,#1148,#1149,#1150),(#1151,#1152,#1153,#1154,#1155,
#1156,#1157,#1158,#1159),(#1160,#1161,#1162,#1163,#1164,#1165,#1166,#1167,
#1168),(#1169,#1170,#1171,#1172,#1173,#1174,#1175,#1176,#1177),(#1178,#1179,
#1180,#1181,#1182,#1183,#1184,#1185,#1186),(#1187,#1188,#1189,#1190,#1191,
#1192,#1193,#1194,#1195),(#1196,#1197,#1198,#1199,#1200,#1201,#1202,#1203,
#1204),(#1205,#1206,#1207,#1208,#1209,#1210,#1211,#1212,#1213),(#1214,#1215,
#1216,#1217,#1218,#1219,#1220,#1221,#1222),(#1223,#1224,#1225,#1226,#1227,
#1228,#1229,#1230,#1231),(#1232,#1233,#1234,#1235,#1236,#1237,#1238,#1239,
#1240),(#1241,#1242,#1243,#1244,#1245,#1246,#1247,#1248,#1249),(#1250,#1251,
#1252,#1253,#1254,#1255,#1256,#1257,#1258),(#1259,#1260,#1261,#1262,#1263,
#1264,#1265,#1266,#1267),(#1268,#1269,#1270,#1271,#1272,#1273,#1274,#1275,
#1276),(#1277,#1278,#1279,#1280,#1281,#1282,#1283,#1284,#1285),(#1286,#1287,
#1288,#1289,#1290,#1291,#1292,#1293,#1294),(#1295,#1296,#1297,#1298,#1299,
#1300,#1301,#1302,#1303),(#1304,#1305,#1306,#1307,#1308,#1309,#1310,#1311,
#1312),(#1313,#1314,#1315,#1316,#1317,#1318,#1319,#1320,#1321),(#1322,#1323,
#1324,#1325,#1326,#1327,#1328,#1329,#1330),(#1331,#1332,#1333,#1334,#1335,
#1336,#1337,#1338,#1339),(#1340,#1341,#1342,#1343,#1344,#1345,#1346,#1347,
#1348),(#1349,#1350,#1351,#1352,#1353,#1354,#1355,#1356,#1357),(#1358,#1359,
#1360,#1361,#1362,#1363,#1364,#1365,#1366),(#1367,#1368,#1369,#1370,#1371,
#1372,#1373,#1374,#1375),(#1376,#1377,#1378,#1379,#1380,#1381,#1382,#1383,
#1384),(#1385,#1386,#1387,#1388,#1389,#1390,#1391,#1392,#1393),(#1394,#1395,
#1396,#1397,#1398,#1399,#1400,#1401,#1402),(#1403,#1404,#1405,#1406,#1407,
#1408,#1409,#1410,#1411),(#1412,#1413,#1414,#1415,#1416,#1417,#1418,#1419,
#1420),(#1421,#1422,#1423,#1424,#1425,#1426,#1427,#1428,#1429),(#1430,#1431,
#1432,#1433,#1434,#1435,#1436,#1437,#1438),(#1439,#1440,#1441,#1442,#1443,
#1444,#1445,#1446,#1447),(#1448,#1449,#1450,#1451,#1452,#1453,#1454,#1455,
#1456),(#1457,#1458,#1459,#1460,#1461,#1462,#1463,#1464,#1465),(#1466,#1467,
#1468,#1469,#1470,#1471,#1472,#1473,#1474),(#1475,#1476,#1477,#1478,#1479,
#1480,#1481,#1482,#1483),(#1484,#1485,#1486,#1487,#1488,#1489,#1490,#1491,
#1492),(#1493,#1494,#1495,#1496,#1497,#1498,#1499,#1500,#1501),(#1502,#1503,
#1504,#1505,#1506,#1507,#1508,#1509,#1510),(#1511,#1512,#1513,#1514,#1515,
#1516,#1517,#1518,#1519),(#1520,#1521,#1522,#1523,#1524,#1525,#1526,#1527,
#1528),(#1529,#1530,#1531,#1532,#1533,#1534,#1535,#1536,#1537),(#1538,#1539,
#1540,#1541,#1542,#1543,#1544,#1545,#1546),(#1547,#1548,#1549,#1550,#1551,
#1552,#1553,#1554,#1555),(#1556,#1557,#1558,#1559,#1560,#1561,#1562,#1563,
#1564),(#1565,#1566,#1567,#1568,#1569,#1570,#1571,#1572,#1573),(#1574,#1575,
#1576,#1577,#1578,#1579,#1580,#1581,#1582),(#1583,#1584,#1585,#1586,#1587,
#1588,#1589,#1590,#1591),(#1592,#1593,#1594,#1595,#1596,#1597,#1598,#1599,
#1600),(#1601,#1602,#1603,#1604,#1605,#1606,#1607,#1608,#1609),(#1610,#1611,
#1612,#1613,#1614,#1615,#1616,#1617,#1618),(#1619,#1620,#1621,#1622,#1623,
#1624,#1625,#1626,#1627),(#1628,#1629,#1630,#1631,#1632,#1633,#1634,#1635,
#1636),(#1637,#1638,#1639,#1640,#1641,#1642,#1643,#1644,#1645),(#1646,#1647,
#1648,#1649,#1650,#1651,#1652,#1653,#1654),(#1655,#1656,#1657,#1658,#1659,
#1660,#1661,#1662,#1663),(#1664,#1665,#1666,#1667,#1668,#1669,#1670,#1671,
#1672),(#1673,#1674,#1675,#1676,#1677,#1678,#1679,#1680,#1681),(#1682,#1683,
#1684,#1685,#1686,#1687,#1688,#1689,#1690),(#1691,#1692,#1693,#1694,#1695,
#1696,#1697,#1698,#1699),(#1700,#1701,#1702,#1703,#1704,#1705,#1706,#1707,
#1708),(#1709,#1710,#1711,#1712,#1713,#1714,#1715,#1716,#1717),(#1718,#1719,
#1720,#1721,#1722,#1723,#1724,#1725,#1726),(#1727,#1728,#1729,#1730,#1731,
#1732,#1733,#1734,#1735),(#1736,#1737,#1738,#1739,#1740,#1741,#1742,#1743,
#1744),(#1745,#1746,#1747,#1748,#1749,#1750,#1751,#1752,#1753),(#1754,#1755,
#1756,#1757,#1758,#1759,#1760,#1761,#1762),(#1763,#1764,#1765,#1766,#1767,
#1768,#1769,#1770,#1771),(#1772,#1773,#1774,#1775,#1776,#1777,#1778,#1779,
#1780),(#1781,#1782,#1783,#1784,#1785,#1786,#1787,#1788,#1789),(#1790,#1791,
#1792,#1793,#1794,#1795,#1796,#1797,#1798),(#1799,#1800,#1801,#1802,#1803,
#1804,#1805,#1806,#1807),(#1808,#1809,#1810,#1811,#1812,#1813,#1814,#1815,
#1816),(#1817,#1818,#1819,#1820,#1821,#1822,#1823,#1824,#1825),(#1826,#1827,
#1828,#1829,#1830,#1831,#1832,#1833,#1834),(#1835,#1836,#1837,#1838,#1839,
#1840,#1841,#1842,#1843),(#1844,#1845,#1846,#1847,#1848,#1849,#1850,#1851,
#1852),(#1853,#1854,#1855,#1856,#1857,#1858,#1859,#1860,#1861),(#1862,#1863,
#1864,#1865,#1866,#1867,#1868,#1869,#1870),(#1871,#1872,#1873,#1874,#1875,
#1876,#1877,#1878,#1879),(#1880,#1881,#1882,#1883,#1884,#1885,#1886,#1887,
#1888)),.UNSPECIFIED.,.F.,.T.,.F.)
B_SPLINE_SURFACE_WITH_KNOTS((4,3,3,3,3,3,3,3,3,3,3,3,3,3,3,3,3,3,3,3,3,
3,3,3,3,3,3,3,4),(3,2,2,2,3),(-0.938895094632988,-0.920906476095749,-0.905269811946976,
-0.888667657830352,-0.860742791733962,-0.822926998026616,-0.782408330405474,
-0.740757418453807,-0.700910034349443,-0.663945331972534,-0.626068865676859,
-0.586939561572055,-0.550713271766076,-0.517124967873894,-0.478413109155037,
-0.418611470510657,-0.366285036696825,-0.323178804602639,-0.27045825352138,
-0.234559365604898,-0.200168410821706,-0.158955490571343,-0.119216617928507,
-0.0945775469615423,-0.0690025127526919,-0.034501256376346,-0.0156164866602193,
-0.00142480220059158,0.),(0.,1.5707963267949,3.14159265358979,4.71238898038469,
6.28318530717959),.UNSPECIFIED.)
GEOMETRIC_REPRESENTATION_ITEM()
RATIONAL_B_SPLINE_SURFACE(((1.,0.707106781186548,1.,0.707106781186548,1.,
0.707106781186548,1.,0.707106781186548,1.),(1.,0.707106781186548,1.,0.707106781186548,
1.,0.707106781186548,1.,0.707106781186548,1.),(1.,0.707106781186548,1.,
0.707106781186548,1.,0.707106781186548,1.,0.707106781186548,1.),(1.,0.707106781186548,
1.,0.707106781186548,1.,0.707106781186548,1.,0.707106781186548,1.),(1.,
0.707106781186548,1.,0.707106781186548,1.,0.707106781186548,1.,0.707106781186548,
1.),(1.,0.707106781186548,1.,0.707106781186548,1.,0.707106781186548,1.,
0.707106781186548,1.),(1.,0.707106781186548,1.,0.707106781186548,1.,0.707106781186548,
1.,0.707106781186548,1.),(1.,0.707106781186548,1.,0.707106781186548,1.,
0.707106781186548,1.,0.707106781186548,1.),(1.,0.707106781186548,1.,0.707106781186548,
1.,0.707106781186548,1.,0.707106781186548,1.),(1.,0.707106781186548,1.,
0.707106781186548,1.,0.707106781186548,1.,0.707106781186548,1.),(1.,0.707106781186548,
1.,0.707106781186548,1.,0.707106781186548,1.,0.707106781186548,1.),(1.,
0.707106781186548,1.,0.707106781186548,1.,0.707106781186548,1.,0.707106781186548,
1.),(1.,0.707106781186548,1.,0.707106781186548,1.,0.707106781186548,1.,
0.707106781186548,1.),(1.,0.707106781186548,1.,0.707106781186548,1.,0.707106781186548,
1.,0.707106781186548,1.),(1.,0.707106781186548,1.,0.707106781186548,1.,
0.707106781186548,1.,0.707106781186548,1.),(1.,0.707106781186548,1.,0.707106781186548,
1.,0.707106781186548,1.,0.707106781186548,1.),(1.,0.707106781186548,1.,
0.707106781186548,1.,0.707106781186548,1.,0.707106781186548,1.),(1.,0.707106781186548,
1.,0.707106781186548,1.,0.707106781186548,1.,0.707106781186548,1.),(1.,
0.707106781186548,1.,0.707106781186548,1.,0.707106781186548,1.,0.707106781186548,
1.),(1.,0.707106781186548,1.,0.707106781186548,1.,0.707106781186548,1.,
0.707106781186548,1.),(1.,0.707106781186548,1.,0.707106781186548,1.,0.707106781186548,
1.,0.707106781186548,1.),(1.,0.707106781186548,1.,0.707106781186548,1.,
0.707106781186548,1.,0.707106781186548,1.),(1.,0.707106781186548,1.,0.707106781186548,
1.,0.707106781186548,1.,0.707106781186548,1.),(1.,0.707106781186548,1.,
0.707106781186548,1.,0.707106781186548,1.,0.707106781186548,1.),(1.,0.707106781186548,
1.,0.707106781186548,1.,0.707106781186548,1.,0.707106781186548,1.),(1.,
0.707106781186548,1.,0.707106781186548,1.,0.707106781186548,1.,0.707106781186548,
1.),(1.,0.707106781186548,1.,0.707106781186548,1.,0.707106781186548,1.,
0.707106781186548,1.),(1.,0.707106781186548,1.,0.707106781186548,1.,0.707106781186548,
1.,0.707106781186548,1.),(1.,0.707106781186548,1.,0.707106781186548,1.,
0.707106781186548,1.,0.707106781186548,1.),(1.,0.707106781186548,1.,0.707106781186548,
1.,0.707106781186548,1.,0.707106781186548,1.),(1.,0.707106781186548,1.,
0.707106781186548,1.,0.707106781186548,1.,0.707106781186548,1.),(1.,0.707106781186548,
1.,0.707106781186548,1.,0.707106781186548,1.,0.707106781186548,1.),(1.,
0.707106781186548,1.,0.707106781186548,1.,0.707106781186548,1.,0.707106781186548,
1.),(1.,0.707106781186548,1.,0.707106781186548,1.,0.707106781186548,1.,
0.707106781186548,1.),(1.,0.707106781186548,1.,0.707106781186548,1.,0.707106781186548,
1.,0.707106781186548,1.),(1.,0.707106781186548,1.,0.707106781186548,1.,
0.707106781186548,1.,0.707106781186548,1.),(1.,0.707106781186548,1.,0.707106781186548,
1.,0.707106781186548,1.,0.707106781186548,1.),(1.,0.707106781186548,1.,
0.707106781186548,1.,0.707106781186548,1.,0.707106781186548,1.),(1.,0.707106781186548,
1.,0.707106781186548,1.,0.707106781186548,1.,0.707106781186548,1.),(1.,
0.707106781186548,1.,0.707106781186548,1.,0.707106781186548,1.,0.707106781186548,
1.),(1.,0.707106781186548,1.,0.707106781186548,1.,0.707106781186548,1.,
0.707106781186548,1.),(1.,0.707106781186548,1.,0.707106781186548,1.,0.707106781186548,
1.,0.707106781186548,1.),(1.,0.707106781186548,1.,0.707106781186548,1.,
0.707106781186548,1.,0.707106781186548,1.),(1.,0.707106781186548,1.,0.707106781186548,
1.,0.707106781186548,1.,0.707106781186548,1.),(1.,0.707106781186548,1.,
0.707106781186548,1.,0.707106781186548,1.,0.707106781186548,1.),(1.,0.707106781186548,
1.,0.707106781186548,1.,0.707106781186548,1.,0.707106781186548,1.),(1.,
0.707106781186548,1.,0.707106781186548,1.,0.707106781186548,1.,0.707106781186548,
1.),(1.,0.707106781186548,1.,0.707106781186548,1.,0.707106781186548,1.,
0.707106781186548,1.),(1.,0.707106781186548,1.,0.707106781186548,1.,0.707106781186548,
1.,0.707106781186548,1.),(1.,0.707106781186548,1.,0.707106781186548,1.,
0.707106781186548,1.,0.707106781186548,1.),(1.,0.707106781186548,1.,0.707106781186548,
1.,0.707106781186548,1.,0.707106781186548,1.),(1.,0.707106781186548,1.,
0.707106781186548,1.,0.707106781186548,1.,0.707106781186548,1.),(1.,0.707106781186548,
1.,0.707106781186548,1.,0.707106781186548,1.,0.707106781186548,1.),(1.,
0.707106781186548,1.,0.707106781186548,1.,0.707106781186548,1.,0.707106781186548,
1.),(1.,0.707106781186548,1.,0.707106781186548,1.,0.707106781186548,1.,
0.707106781186548,1.),(1.,0.707106781186548,1.,0.707106781186548,1.,0.707106781186548,
1.,0.707106781186548,1.),(1.,0.707106781186548,1.,0.707106781186548,1.,
0.707106781186548,1.,0.707106781186548,1.),(1.,0.707106781186548,1.,0.707106781186548,
1.,0.707106781186548,1.,0.707106781186548,1.),(1.,0.707106781186548,1.,
0.707106781186548,1.,0.707106781186548,1.,0.707106781186548,1.),(1.,0.707106781186548,
1.,0.707106781186548,1.,0.707106781186548,1.,0.707106781186548,1.),(1.,
0.707106781186548,1.,0.707106781186548,1.,0.707106781186548,1.,0.707106781186548,
1.),(1.,0.707106781186548,1.,0.707106781186548,1.,0.707106781186548,1.,
0.707106781186548,1.),(1.,0.707106781186548,1.,0.707106781186548,1.,0.707106781186548,
1.,0.707106781186548,1.),(1.,0.707106781186548,1.,0.707106781186548,1.,
0.707106781186548,1.,0.707106781186548,1.),(1.,0.707106781186548,1.,0.707106781186548,
1.,0.707106781186548,1.,0.707106781186548,1.),(1.,0.707106781186548,1.,
0.707106781186548,1.,0.707106781186548,1.,0.707106781186548,1.),(1.,0.707106781186548,
1.,0.707106781186548,1.,0.707106781186548,1.,0.707106781186548,1.),(1.,
0.707106781186548,1.,0.707106781186548,1.,0.707106781186548,1.,0.707106781186548,
1.),(1.,0.707106781186548,1.,0.707106781186548,1.,0.707106781186548,1.,
0.707106781186548,1.),(1.,0.707106781186548,1.,0.707106781186548,1.,0.707106781186548,
1.,0.707106781186548,1.),(1.,0.707106781186548,1.,0.707106781186548,1.,
0.707106781186548,1.,0.707106781186548,1.),(1.,0.707106781186548,1.,0.707106781186548,
1.,0.707106781186548,1.,0.707106781186548,1.),(1.,0.707106781186548,1.,
0.707106781186548,1.,0.707106781186548,1.,0.707106781186548,1.),(1.,0.707106781186548,
1.,0.707106781186548,1.,0.707106781186548,1.,0.707106781186548,1.),(1.,
0.707106781186548,1.,0.707106781186548,1.,0.707106781186548,1.,0.707106781186548,
1.),(1.,0.707106781186548,1.,0.707106781186548,1.,0.707106781186548,1.,
0.707106781186548,1.),(1.,0.707106781186548,1.,0.707106781186548,1.,0.707106781186548,
1.,0.707106781186548,1.),(1.,0.707106781186548,1.,0.707106781186548,1.,
0.707106781186548,1.,0.707106781186548,1.),(1.,0.707106781186548,1.,0.707106781186548,
1.,0.707106781186548,1.,0.707106781186548,1.),(1.,0.707106781186548,1.,
0.707106781186548,1.,0.707106781186548,1.,0.707106781186548,1.),(1.,0.707106781186548,
1.,0.707106781186548,1.,0.707106781186548,1.,0.707106781186548,1.),(1.,
0.707106781186548,1.,0.707106781186548,1.,0.707106781186548,1.,0.707106781186548,
1.),(1.,0.707106781186548,1.,0.707106781186548,1.,0.707106781186548,1.,
0.707106781186548,1.),(1.,0.707106781186548,1.,0.707106781186548,1.,0.707106781186548,
1.,0.707106781186548,1.),(1.,0.707106781186548,1.,0.707106781186548,1.,
0.707106781186548,1.,0.707106781186548,1.)))
REPRESENTATION_ITEM('')
SURFACE()
);
#26=FACE_BOUND('',#45,.T.);
#27=PLANE('',#193);
#28=PLANE('',#201);
#29=PLANE('',#209);
#30=FACE_OUTER_BOUND('',#42,.T.);
#31=FACE_OUTER_BOUND('',#43,.T.);
#32=FACE_OUTER_BOUND('',#44,.T.);
#33=FACE_OUTER_BOUND('',#46,.T.);
#34=FACE_OUTER_BOUND('',#47,.T.);
#35=FACE_OUTER_BOUND('',#48,.T.);
#36=FACE_OUTER_BOUND('',#49,.T.);
#37=FACE_OUTER_BOUND('',#50,.T.);
#38=FACE_OUTER_BOUND('',#51,.T.);
#39=FACE_OUTER_BOUND('',#52,.T.);
#40=FACE_OUTER_BOUND('',#53,.T.);
#41=FACE_OUTER_BOUND('',#54,.T.);
#42=EDGE_LOOP('',(#115,#116,#117,#118));
#43=EDGE_LOOP('',(#119,#120,#121,#122,#123));
#44=EDGE_LOOP('',(#124));
#45=EDGE_LOOP('',(#125,#126));
#46=EDGE_LOOP('',(#127,#128,#129,#130));
#47=EDGE_LOOP('',(#131,#132,#133,#134,#135));
#48=EDGE_LOOP('',(#136,#137,#138,#139));
#49=EDGE_LOOP('',(#140));
#50=EDGE_LOOP('',(#141,#142,#143,#144,#145));
#51=EDGE_LOOP('',(#146,#147,#148,#149,#150,#151,#152));
#52=EDGE_LOOP('',(#153,#154,#155,#156));
#53=EDGE_LOOP('',(#157));
#54=EDGE_LOOP('',(#158,#159,#160,#161,#162));
#55=CIRCLE('',#192,1.20000000000001);
#56=CIRCLE('',#194,1.20000000000001);
#57=CIRCLE('',#195,30.);
#58=CIRCLE('',#196,30.);
#59=CIRCLE('',#198,25.);
#60=CIRCLE('',#199,2.5);
#61=CIRCLE('',#200,27.5);
#62=CIRCLE('',#203,27.5);
#63=CIRCLE('',#204,27.5);
#64=CIRCLE('',#206,30.);
#65=CIRCLE('',#207,5.);
#66=CIRCLE('',#208,25.);
#67=B_SPLINE_CURVE_WITH_KNOTS('',3,(#280,#281,#282,#283,#284,#285),
 .UNSPECIFIED.,.F.,.F.,(4,1,1,4),(-1.,-0.571428571428571,-0.285714285714286,
0.),.UNSPECIFIED.);
#68=B_SPLINE_CURVE_WITH_KNOTS('',3,(#287,#288,#289,#290),.UNSPECIFIED.,
 .F.,.F.,(4,4),(0.,0.000774191380795486),.UNSPECIFIED.);
#69=B_SPLINE_CURVE_WITH_KNOTS('',3,(#293,#294,#295,#296),.UNSPECIFIED.,
 .F.,.F.,(4,4),(8.28736776827949,8.28805668904528),.UNSPECIFIED.);
#70=B_SPLINE_CURVE_WITH_KNOTS('',3,(#412,#413,#414,#415,#416,#417,#418,
#419,#420,#421,#422,#423,#424,#425,#426,#427,#428,#429,#430,#431,#432,#433,
#434,#435,#436,#437,#438,#439),.UNSPECIFIED.,.F.,.F.,(4,3,3,3,3,3,3,3,3,
4),(8.28805668904528,8.69254311408691,9.09702953912854,9.50151596417017,
9.90600238921179,10.1756600059062,10.7149752392951,10.8498040476423,10.9846328559895,
11.1191167665636),.UNSPECIFIED.);
#71=B_SPLINE_CURVE_WITH_KNOTS('',3,(#440,#441,#442,#443,#444,#445,#446,
#447,#448,#449,#450,#451,#452,#453,#454,#455,#456,#457,#458,#459,#460,#461,
#462,#463,#464),.UNSPECIFIED.,.F.,.F.,(4,3,3,3,3,3,3,3,4),(5.45630319680982,
5.86103654785314,6.13062890567829,6.40022126350344,6.66981362132859,6.93940597915374,
7.47859069480404,7.88297923154177,8.28736776827949),.UNSPECIFIED.);
#72=B_SPLINE_CURVE_WITH_KNOTS('',3,(#465,#466,#467,#468,#469,#470,#471,
#472,#473,#474,#475,#476,#477,#478,#479,#480,#481,#482,#483),
 .UNSPECIFIED.,.F.,.F.,(4,1,1,1,1,1,1,1,1,1,1,1,1,1,1,1,4),(-6.35564670445636,
-5.90167193982881,-5.44769717520126,-4.84239748903119,-4.53974764594616,
-4.23709780286113,-3.93444795977609,-3.63179811669106,-3.02649843052099,
-2.87517350897848,-2.72384858743596,-2.11854890126589,-1.81589905818086,
-1.36192429355331,-0.907949528925757,-0.453974764298206,1.2518220921383E-16),
 .UNSPECIFIED.);
#73=B_SPLINE_CURVE_WITH_KNOTS('',3,(#486,#487,#488,#489,#490,#491,#492,
#493,#494,#495,#496,#497,#498,#499,#500,#501,#502),.UNSPECIFIED.,.T.,.F.,
(4,1,1,1,1,1,1,1,1,1,1,1,1,1,4),(-6.28318530717959,-5.83438635666676,-5.38558740615393,
-5.08638810581205,-4.48798950512828,-4.18879020478639,-3.59039160410262,
-3.29119230376074,-2.69279370307697,-2.0943951023932,-1.79519580205131,
-1.34639685153848,-0.897597901025655,-0.448798950512828,0.),
 .UNSPECIFIED.);
#74=B_SPLINE_CURVE_WITH_KNOTS('',3,(#590,#591,#592,#593,#594,#595,#596,
#597,#598,#599,#600,#601,#602,#603,#604,#605,#606),.UNSPECIFIED.,.T.,.F.,
(4,1,1,1,1,1,1,1,1,1,1,1,1,1,4),(0.,0.448798950512828,0.897597901025655,
1.34639685153848,1.79519580205131,2.0943951023932,2.69279370307697,3.29119230376074,
3.59039160410262,4.18879020478639,4.48798950512828,5.08638810581205,5.38558740615393,
5.83438635666676,6.28318530717959),.UNSPECIFIED.);
#75=B_SPLINE_CURVE_WITH_KNOTS('',3,(#1889,#1890,#1891,#1892,#1893,#1894,
#1895,#1896,#1897,#1898,#1899,#1900,#1901,#1902,#1903,#1904,#1905,#1906,
#1907,#1908,#1909,#1910,#1911,#1912,#1913,#1914,#1915,#1916,#1917,#1918,
#1919,#1920,#1921,#1922,#1923,#1924,#1925,#1926,#1927,#1928,#1929,#1930,
#1931,#1932,#1933,#1934,#1935,#1936,#1937,#1938,#1939,#1940,#1941,#1942,
#1943,#1944,#1945,#1946,#1947,#1948,#1949,#1950,#1951,#1952,#1953,#1954,
#1955,#1956,#1957,#1958,#1959,#1960,#1961,#1962,#1963,#1964,#1965,#1966,
#1967,#1968,#1969,#1970),.UNSPECIFIED.,.F.,.F.,(4,3,3,3,3,3,3,3,3,3,3,3,
3,3,3,3,3,3,3,3,3,3,3,3,3,3,3,4),(0.,0.00142480220059158,0.0156164866602193,
0.034501256376346,0.0690025127526919,0.0945775469615423,0.119216617928507,
0.158955490571343,0.200168410821706,0.234559365604898,0.27045825352138,
0.323178804602639,0.366285036696825,0.418611470510657,0.478413109155037,
0.517124967873894,0.550713271766076,0.586939561572055,0.626068865676859,
0.663945331972534,0.700910034349443,0.740757418453807,0.782408330405474,
0.822926998026616,0.860742791733962,0.888667657830352,0.905269811946976,
0.915461981098521),.UNSPECIFIED.);
#76=VERTEX_POINT('',#278);
#77=VERTEX_POINT('',#279);
#78=VERTEX_POINT('',#286);
#79=VERTEX_POINT('',#291);
#80=VERTEX_POINT('',#411);
#81=VERTEX_POINT('',#485);
#82=VERTEX_POINT('',#588);
#83=VERTEX_POINT('',#1057);
#84=VERTEX_POINT('',#1108);
#85=VERTEX_POINT('',#1112);
#86=VERTEX_POINT('',#1114);
#87=VERTEX_POINT('',#1119);
#88=VERTEX_POINT('',#1121);
#89=VERTEX_POINT('',#1972);
#90=VERTEX_POINT('',#1974);
#91=EDGE_CURVE('',#76,#77,#67,.T.);
#92=EDGE_CURVE('',#76,#78,#68,.T.);
#93=EDGE_CURVE('',#78,#79,#55,.T.);
#94=EDGE_CURVE('',#79,#77,#69,.T.);
#95=EDGE_CURVE('',#77,#80,#70,.T.);
#96=EDGE_CURVE('',#80,#79,#71,.T.);
#97=EDGE_CURVE('',#78,#76,#72,.T.);
#98=EDGE_CURVE('',#81,#81,#73,.T.);
#99=EDGE_CURVE('',#81,#82,#56,.T.);
#100=EDGE_CURVE('',#82,#82,#74,.T.);
#101=EDGE_CURVE('',#83,#82,#23,.T.);
#102=EDGE_CURVE('',#83,#84,#57,.T.);
#103=EDGE_CURVE('',#84,#83,#58,.T.);
#104=EDGE_CURVE('',#85,#85,#59,.T.);
#105=EDGE_CURVE('',#85,#86,#60,.T.);
#106=EDGE_CURVE('',#86,#86,#61,.T.);
#107=EDGE_CURVE('',#86,#87,#15,.T.);
#108=EDGE_CURVE('',#87,#88,#62,.T.);
#109=EDGE_CURVE('',#88,#87,#63,.T.);
#110=EDGE_CURVE('',#88,#80,#75,.T.);
#111=EDGE_CURVE('',#89,#89,#64,.T.);
#112=EDGE_CURVE('',#89,#90,#65,.T.);
#113=EDGE_CURVE('',#90,#90,#66,.T.);
#114=EDGE_CURVE('',#84,#89,#16,.T.);
#115=ORIENTED_EDGE('',*,*,#91,.F.);
#116=ORIENTED_EDGE('',*,*,#92,.T.);
#117=ORIENTED_EDGE('',*,*,#93,.T.);
#118=ORIENTED_EDGE('',*,*,#94,.T.);
#119=ORIENTED_EDGE('',*,*,#91,.T.);
#120=ORIENTED_EDGE('',*,*,#95,.T.);
#121=ORIENTED_EDGE('',*,*,#96,.T.);
#122=ORIENTED_EDGE('',*,*,#93,.F.);
#123=ORIENTED_EDGE('',*,*,#97,.T.);
#124=ORIENTED_EDGE('',*,*,#98,.F.);
#125=ORIENTED_EDGE('',*,*,#97,.F.);
#126=ORIENTED_EDGE('',*,*,#92,.F.);
#127=ORIENTED_EDGE('',*,*,#99,.T.);
#128=ORIENTED_EDGE('',*,*,#100,.T.);
#129=ORIENTED_EDGE('',*,*,#99,.F.);
#130=ORIENTED_EDGE('',*,*,#98,.T.);
#131=ORIENTED_EDGE('',*,*,#100,.F.);
#132=ORIENTED_EDGE('',*,*,#101,.F.);
#133=ORIENTED_EDGE('',*,*,#102,.T.);
#134=ORIENTED_EDGE('',*,*,#103,.T.);
#135=ORIENTED_EDGE('',*,*,#101,.T.);
#136=ORIENTED_EDGE('',*,*,#104,.F.);
#137=ORIENTED_EDGE('',*,*,#105,.T.);
#138=ORIENTED_EDGE('',*,*,#106,.F.);
#139=ORIENTED_EDGE('',*,*,#105,.F.);
#140=ORIENTED_EDGE('',*,*,#104,.T.);
#141=ORIENTED_EDGE('',*,*,#106,.T.);
#142=ORIENTED_EDGE('',*,*,#107,.T.);
#143=ORIENTED_EDGE('',*,*,#108,.T.);
#144=ORIENTED_EDGE('',*,*,#109,.T.);
#145=ORIENTED_EDGE('',*,*,#107,.F.);
#146=ORIENTED_EDGE('',*,*,#96,.F.);
#147=ORIENTED_EDGE('',*,*,#110,.F.);
#148=ORIENTED_EDGE('',*,*,#108,.F.);
#149=ORIENTED_EDGE('',*,*,#109,.F.);
#150=ORIENTED_EDGE('',*,*,#110,.T.);
#151=ORIENTED_EDGE('',*,*,#95,.F.);
#152=ORIENTED_EDGE('',*,*,#94,.F.);
#153=ORIENTED_EDGE('',*,*,#111,.T.);
#154=ORIENTED_EDGE('',*,*,#112,.T.);
#155=ORIENTED_EDGE('',*,*,#113,.T.);
#156=ORIENTED_EDGE('',*,*,#112,.F.);
#157=ORIENTED_EDGE('',*,*,#113,.F.);
#158=ORIENTED_EDGE('',*,*,#102,.F.);
#159=ORIENTED_EDGE('',*,*,#103,.F.);
#160=ORIENTED_EDGE('',*,*,#114,.T.);
#161=ORIENTED_EDGE('',*,*,#111,.F.);
#162=ORIENTED_EDGE('',*,*,#114,.F.);
#163=B_SPLINE_SURFACE_WITH_KNOTS('',3,3,((#254,#255,#256,#257),(#258,#259,
#260,#261),(#262,#263,#264,#265),(#266,#267,#268,#269),(#270,#271,#272,
#273),(#274,#275,#276,#277)),.UNSPECIFIED.,.F.,.F.,.F.,(4,1,1,4),(4,4),
(0.,0.285714285714286,0.571428571428571,1.),(-6.35719508721795,-6.35642089583716),
 .UNSPECIFIED.);
#164=B_SPLINE_SURFACE_WITH_KNOTS('',3,3,((#297,#298,#299,#300,#301,#302,
#303,#304,#305,#306,#307,#308,#309,#310,#311,#312,#313,#314,#315),(#316,
#317,#318,#319,#320,#321,#322,#323,#324,#325,#326,#327,#328,#329,#330,#331,
#332,#333,#334),(#335,#336,#337,#338,#339,#340,#341,#342,#343,#344,#345,
#346,#347,#348,#349,#350,#351,#352,#353),(#354,#355,#356,#357,#358,#359,
#360,#361,#362,#363,#364,#365,#366,#367,#368,#369,#370,#371,#372),(#373,
#374,#375,#376,#377,#378,#379,#380,#381,#382,#383,#384,#385,#386,#387,#388,
#389,#390,#391),(#392,#393,#394,#395,#396,#397,#398,#399,#400,#401,#402,
#403,#404,#405,#406,#407,#408,#409,#410)),.UNSPECIFIED.,.F.,.F.,.F.,(4,
1,1,4),(4,1,1,1,1,1,1,1,1,1,1,1,1,1,1,1,4),(0.,0.285714285714286,0.571428571428571,
1.),(-3.29344256377363E-10,0.453974764298206,0.907949528925757,1.36192429355331,
1.81589905818086,2.11854890126589,2.72384858743596,2.87517350897848,3.02649843052099,
3.63179811669106,3.93444795977609,4.23709780286113,4.53974764594616,4.84239748903119,
5.44769717520126,5.90167193982881,6.35564670445636),.UNSPECIFIED.);
#165=B_SPLINE_SURFACE_WITH_KNOTS('',3,3,((#503,#504,#505,#506,#507,#508,
#509,#510,#511,#512,#513,#514,#515,#516,#517,#518,#519),(#520,#521,#522,
#523,#524,#525,#526,#527,#528,#529,#530,#531,#532,#533,#534,#535,#536),
(#537,#538,#539,#540,#541,#542,#543,#544,#545,#546,#547,#548,#549,#550,
#551,#552,#553),(#554,#555,#556,#557,#558,#559,#560,#561,#562,#563,#564,
#565,#566,#567,#568,#569,#570),(#571,#572,#573,#574,#575,#576,#577,#578,
#579,#580,#581,#582,#583,#584,#585,#586,#587)),.UNSPECIFIED.,.F.,.T.,.F.,
(4,1,4),(4,1,1,1,1,1,1,1,1,1,1,1,1,1,4),(0.,0.5,1.),(0.,0.448798950512828,
0.897597901025655,1.34639685153848,1.79519580205131,2.0943951023932,2.69279370307697,
3.29119230376074,3.59039160410262,4.18879020478639,4.48798950512828,5.08638810581205,
5.38558740615393,5.83438635666676,6.28318530717959),.UNSPECIFIED.);
#166=ADVANCED_FACE('',(#30),#163,.F.);
#167=ADVANCED_FACE('',(#31),#164,.F.);
#168=ADVANCED_FACE('',(#32,#26),#27,.T.);
#169=ADVANCED_FACE('',(#33),#165,.F.);
#170=ADVANCED_FACE('',(#34),#24,.T.);
#171=ADVANCED_FACE('',(#35),#21,.F.);
#172=ADVANCED_FACE('',(#36),#28,.F.);
#173=ADVANCED_FACE('',(#37),#19,.F.);
#174=ADVANCED_FACE('',(#38),#25,.F.);
#175=ADVANCED_FACE('',(#39),#22,.T.);
#176=ADVANCED_FACE('',(#40),#29,.T.);
#177=ADVANCED_FACE('',(#41),#20,.T.);
#178=CLOSED_SHELL('',(#166,#167,#168,#169,#170,#171,#172,#173,#174,#175,
#176,#177));
#179=DERIVED_UNIT_ELEMENT(#181,1.);
#180=DERIVED_UNIT_ELEMENT(#1985,-3.);
#181=(
MASS_UNIT()
NAMED_UNIT(*)
SI_UNIT(.KILO.,.GRAM.)
);
#182=DERIVED_UNIT((#179,#180));
#183=MEASURE_REPRESENTATION_ITEM('density measure',
POSITIVE_RATIO_MEASURE(7850.),#182);
#184=PROPERTY_DEFINITION_REPRESENTATION(#189,#186);
#185=PROPERTY_DEFINITION_REPRESENTATION(#190,#187);
#186=REPRESENTATION('material name',(#188),#1982);
#187=REPRESENTATION('density',(#183),#1982);
#188=DESCRIPTIVE_REPRESENTATION_ITEM('Steel','Steel');
#189=PROPERTY_DEFINITION('material property','material name',#1992);
#190=PROPERTY_DEFINITION('material property','density of part',#1992);
#191=AXIS2_PLACEMENT_3D('',#253,#211,#212);
#192=AXIS2_PLACEMENT_3D('',#292,#213,#214);
#193=AXIS2_PLACEMENT_3D('',#484,#215,#216);
#194=AXIS2_PLACEMENT_3D('',#589,#217,#218);
#195=AXIS2_PLACEMENT_3D('',#1109,#219,#220);
#196=AXIS2_PLACEMENT_3D('',#1110,#221,#222);
#197=AXIS2_PLACEMENT_3D('',#1111,#223,#224);
#198=AXIS2_PLACEMENT_3D('',#1113,#225,#226);
#199=AXIS2_PLACEMENT_3D('',#1115,#227,#228);
#200=AXIS2_PLACEMENT_3D('',#1116,#229,#230);
#201=AXIS2_PLACEMENT_3D('',#1117,#231,#232);
#202=AXIS2_PLACEMENT_3D('',#1118,#233,#234);
#203=AXIS2_PLACEMENT_3D('',#1122,#236,#237);
#204=AXIS2_PLACEMENT_3D('',#1123,#238,#239);
#205=AXIS2_PLACEMENT_3D('',#1971,#240,#241);
#206=AXIS2_PLACEMENT_3D('',#1973,#242,#243);
#207=AXIS2_PLACEMENT_3D('',#1975,#244,#245);
#208=AXIS2_PLACEMENT_3D('',#1976,#246,#247);
#209=AXIS2_PLACEMENT_3D('',#1977,#248,#249);
#210=AXIS2_PLACEMENT_3D('',#1978,#250,#251);
#211=DIRECTION('axis',(0.,0.,1.));
#212=DIRECTION('refdir',(1.,0.,0.));
#213=DIRECTION('center_axis',(-0.000339562981116453,0.999999942348489,0.));
#214=DIRECTION('ref_axis',(0.,0.,1.));
#215=DIRECTION('center_axis',(0.,0.,1.));
#216=DIRECTION('ref_axis',(1.,0.,0.));
#217=DIRECTION('center_axis',(2.62474998589883E-16,1.,0.));
#218=DIRECTION('ref_axis',(0.,0.,1.));
#219=DIRECTION('center_axis',(0.,0.,1.));
#220=DIRECTION('ref_axis',(1.,0.,0.));
#221=DIRECTION('center_axis',(0.,0.,1.));
#222=DIRECTION('ref_axis',(1.,0.,0.));
#223=DIRECTION('center_axis',(0.,0.,1.));
#224=DIRECTION('ref_axis',(1.,0.,0.));
#225=DIRECTION('center_axis',(0.,0.,1.));
#226=DIRECTION('ref_axis',(-1.,1.22464679914735E-16,0.));
#227=DIRECTION('center_axis',(-1.22464679914735E-16,1.,0.));
#228=DIRECTION('ref_axis',(-1.,-1.22464679914735E-16,0.));
#229=DIRECTION('center_axis',(0.,0.,-1.));
#230=DIRECTION('ref_axis',(-1.,1.22464679914735E-16,0.));
#231=DIRECTION('center_axis',(0.,0.,-1.));
#232=DIRECTION('ref_axis',(-1.,0.,0.));
#233=DIRECTION('center_axis',(0.,0.,1.));
#234=DIRECTION('ref_axis',(1.,0.,0.));
#235=DIRECTION('',(0.,0.,1.));
#236=DIRECTION('center_axis',(0.,0.,1.));
#237=DIRECTION('ref_axis',(1.,0.,0.));
#238=DIRECTION('center_axis',(0.,0.,1.));
#239=DIRECTION('ref_axis',(1.,0.,0.));
#240=DIRECTION('center_axis',(0.,0.,1.));
#241=DIRECTION('ref_axis',(1.,0.,0.));
#242=DIRECTION('center_axis',(0.,0.,-1.));
#243=DIRECTION('ref_axis',(-1.,1.22464679914735E-16,0.));
#244=DIRECTION('center_axis',(1.22464679914735E-16,-1.,0.));
#245=DIRECTION('ref_axis',(-1.,-1.22464679914735E-16,0.));
#246=DIRECTION('center_axis',(0.,0.,1.));
#247=DIRECTION('ref_axis',(-1.,1.22464679914735E-16,0.));
#248=DIRECTION('center_axis',(0.,0.,-1.));
#249=DIRECTION('ref_axis',(-1.,0.,0.));
#250=DIRECTION('center_axis',(0.,0.,1.));
#251=DIRECTION('ref_axis',(1.,0.,0.));
#252=DIRECTION('',(0.,0.,-1.));
#253=CARTESIAN_POINT('',(0.,0.,0.));
#254=CARTESIAN_POINT('Ctrl Pts',(-8.98570239044998,-0.00305121206705297,
238.492281898683));
#255=CARTESIAN_POINT('Ctrl Pts',(-8.98570316658744,-0.000765517035579934,
238.492281898683));
#256=CARTESIAN_POINT('Ctrl Pts',(-8.98570307059148,0.00152013645369166,
238.492281898683));
#257=CARTESIAN_POINT('Ctrl Pts',(-8.98570210255827,0.00380574742385287,
238.492281898683));
#258=CARTESIAN_POINT('Ctrl Pts',(-8.93206786052079,-0.00303299976512936,
238.694445318453));
#259=CARTESIAN_POINT('Ctrl Pts',(-8.93206863199619,-0.000761034333394897,
238.694445318453));
#260=CARTESIAN_POINT('Ctrl Pts',(-8.93206853656594,0.00151114951971516,
238.694445318453));
#261=CARTESIAN_POINT('Ctrl Pts',(-8.93206757434747,0.00378303139507312,
238.694445318453));
#262=CARTESIAN_POINT('Ctrl Pts',(-8.93343361583305,-0.00303346352510148,
239.126393695267));
#263=CARTESIAN_POINT('Ctrl Pts',(-8.93343438742839,-0.000761144871834066,
239.126393695267));
#264=CARTESIAN_POINT('Ctrl Pts',(-8.93343429198404,0.00151137475451912,
239.126393695267));
#265=CARTESIAN_POINT('Ctrl Pts',(-8.93343332961597,0.00378360983841955,
239.126393695267));
#266=CARTESIAN_POINT('Ctrl Pts',(-9.31257642818307,-0.00316220639615521,
239.783299259333));
#267=CARTESIAN_POINT('Ctrl Pts',(-9.31257723252926,-0.000793437745513957,
239.783299259333));
#268=CARTESIAN_POINT('Ctrl Pts',(-9.31257713303508,0.00157550804739306,
239.783299259333));
#269=CARTESIAN_POINT('Ctrl Pts',(-9.31257612981869,0.00394418958151289,
239.783299259333));
#270=CARTESIAN_POINT('Ctrl Pts',(-9.83184143168601,-0.00333852957890076,
240.));
#271=CARTESIAN_POINT('Ctrl Pts',(-9.83184228084918,-0.000837776621932983,
240.));
#272=CARTESIAN_POINT('Ctrl Pts',(-9.8318421757991,0.00166345480267356,240.));
#273=CARTESIAN_POINT('Ctrl Pts',(-9.83184111668496,0.00416411578911543,
240.));
#274=CARTESIAN_POINT('Ctrl Pts',(-10.1455771315334,-0.00344506261456619,
240.));
#275=CARTESIAN_POINT('Ctrl Pts',(-10.1455780078547,-0.000864329998091082,
240.));
#276=CARTESIAN_POINT('Ctrl Pts',(-10.1455778994676,0.00171635571391399,
240.));
#277=CARTESIAN_POINT('Ctrl Pts',(-10.1455768064806,0.00429699341844056,
240.));
#278=CARTESIAN_POINT('',(-10.1455768064806,0.00429699341844073,240.));
#279=CARTESIAN_POINT('',(-8.98570210255827,0.00380574742385158,238.492281898683));
#280=CARTESIAN_POINT('Ctrl Pts',(-10.1455768064806,0.00429699341844056,
240.));
#281=CARTESIAN_POINT('Ctrl Pts',(-9.83184111668496,0.00416411578911543,
240.));
#282=CARTESIAN_POINT('Ctrl Pts',(-9.31257612981869,0.00394418958151289,
239.783299259333));
#283=CARTESIAN_POINT('Ctrl Pts',(-8.93343332961597,0.00378360983841955,
239.126393695267));
#284=CARTESIAN_POINT('Ctrl Pts',(-8.93206757434747,0.00378303139507312,
238.694445318453));
#285=CARTESIAN_POINT('Ctrl Pts',(-8.98570210255827,0.00380574742385287,
238.492281898683));
#286=CARTESIAN_POINT('',(-10.1455771315334,-0.00344506261456601,240.));
#287=CARTESIAN_POINT('Ctrl Pts',(-10.1455768064806,0.00429699341844056,
240.));
#288=CARTESIAN_POINT('Ctrl Pts',(-10.1455778994676,0.00171635571391399,
240.));
#289=CARTESIAN_POINT('Ctrl Pts',(-10.1455780078547,-0.000864329998091082,
240.));
#290=CARTESIAN_POINT('Ctrl Pts',(-10.1455771315334,-0.00344506261456619,
240.));
#291=CARTESIAN_POINT('',(-8.98570239044998,-0.00305121206705597,238.492281898683));
#292=CARTESIAN_POINT('Origin',(-10.1455771315334,-0.00344506261456601,238.8));
#293=CARTESIAN_POINT('Ctrl Pts',(-8.98570239044998,-0.00305121206705297,
238.492281898683));
#294=CARTESIAN_POINT('Ctrl Pts',(-8.98570316658711,-0.000765518007925046,
238.492281898683));
#295=CARTESIAN_POINT('Ctrl Pts',(-8.98570307059156,0.00152013450903678,
238.492281898683));
#296=CARTESIAN_POINT('Ctrl Pts',(-8.9857021025595,0.00380574450692481,238.492281898683));
#297=CARTESIAN_POINT('Ctrl Pts',(-8.9857021025595,0.00380574450692742,238.492281898683));
#298=CARTESIAN_POINT('Ctrl Pts',(-8.98513446215003,1.34405536232023,238.492281898683));
#299=CARTESIAN_POINT('Ctrl Pts',(-8.37112558065946,4.03401744043218,238.492281898683));
#300=CARTESIAN_POINT('Ctrl Pts',(-5.79403964899813,7.26510823675625,238.492281898683));
#301=CARTESIAN_POINT('Ctrl Pts',(-2.07296272125278,9.0575145517253,238.492281898682));
#302=CARTESIAN_POINT('Ctrl Pts',(1.59616709698886,9.05666471616127,238.492281898683));
#303=CARTESIAN_POINT('Ctrl Pts',(5.39131520044361,7.57722916650788,238.492281898682));
#304=CARTESIAN_POINT('Ctrl Pts',(7.62986919224947,5.18426929756386,238.492281898683));
#305=CARTESIAN_POINT('Ctrl Pts',(8.61466612966386,2.67093276466805,238.492281898683));
#306=CARTESIAN_POINT('Ctrl Pts',(9.22467716669684,0.0238345176770906,238.492281898683));
#307=CARTESIAN_POINT('Ctrl Pts',(8.73448376714847,-3.20109008258191,238.492281898683));
#308=CARTESIAN_POINT('Ctrl Pts',(6.68299917533851,-6.20913295862805,238.492281898683));
#309=CARTESIAN_POINT('Ctrl Pts',(4.539497498875,-7.91172552275656,238.492281898683));
#310=CARTESIAN_POINT('Ctrl Pts',(2.01057211875268,-8.89505332298663,238.492281898683));
#311=CARTESIAN_POINT('Ctrl Pts',(-1.60303417285988,-9.16576216090343,238.492281898683));
#312=CARTESIAN_POINT('Ctrl Pts',(-5.51410475054728,-7.62508411684506,238.492281898683));
#313=CARTESIAN_POINT('Ctrl Pts',(-8.37396006952737,-4.02390302533135,238.492281898683));
#314=CARTESIAN_POINT('Ctrl Pts',(-8.98524727453022,-1.3433501222114,238.492281898683));
#315=CARTESIAN_POINT('Ctrl Pts',(-8.98570239044998,-0.00305121206705297,
238.492281898683));
#316=CARTESIAN_POINT('Ctrl Pts',(-8.93206757434869,0.00378302849555843,
238.694445318453));
#317=CARTESIAN_POINT('Ctrl Pts',(-8.93150334361353,1.3359821012672,238.694445318453));
#318=CARTESIAN_POINT('Ctrl Pts',(-8.3211152063179,4.00990409563927,238.694445318453));
#319=CARTESIAN_POINT('Ctrl Pts',(-5.75937459512324,7.2216672239722,238.694445318453));
#320=CARTESIAN_POINT('Ctrl Pts',(-2.06060045996784,9.00336591965051,238.694445318453));
#321=CARTESIAN_POINT('Ctrl Pts',(1.58666770588952,9.00248819375281,238.694445318453));
#322=CARTESIAN_POINT('Ctrl Pts',(5.35905259263728,7.53195351556356,238.694445318453));
#323=CARTESIAN_POINT('Ctrl Pts',(7.58426638041469,5.15322748599592,238.694445318453));
#324=CARTESIAN_POINT('Ctrl Pts',(8.56316880872591,2.65494659500963,238.694445318453));
#325=CARTESIAN_POINT('Ctrl Pts',(9.16952132596199,0.02371147572537,238.694445318453));
#326=CARTESIAN_POINT('Ctrl Pts',(8.6822506228343,-3.18197591302838,238.694445318453));
#327=CARTESIAN_POINT('Ctrl Pts',(6.64303928660184,-6.17201333342187,238.694445318453));
#328=CARTESIAN_POINT('Ctrl Pts',(4.51237884766259,-7.86441195491833,238.694445318453));
#329=CARTESIAN_POINT('Ctrl Pts',(1.99856509204778,-8.8418611540851,238.694445318453));
#330=CARTESIAN_POINT('Ctrl Pts',(-1.59344240846071,-9.11095590789186,238.694445318453));
#331=CARTESIAN_POINT('Ctrl Pts',(-5.48111865421279,-7.57949815608254,238.694445318453));
#332=CARTESIAN_POINT('Ctrl Pts',(-8.32391505280392,-3.99985233861438,238.694445318453));
#333=CARTESIAN_POINT('Ctrl Pts',(-8.9316154783688,-1.33528106878109,238.694445318453));
#334=CARTESIAN_POINT('Ctrl Pts',(-8.93206786052079,-0.00303299976512936,
238.694445318453));
#335=CARTESIAN_POINT('Ctrl Pts',(-8.93343373249733,0.00378360710909467,
239.12639323366));
#336=CARTESIAN_POINT('Ctrl Pts',(-8.93286941404144,1.33618979632368,239.12639323366));
#337=CARTESIAN_POINT('Ctrl Pts',(-8.32239084066214,4.01051971104563,239.12639323366));
#338=CARTESIAN_POINT('Ctrl Pts',(-5.76026085721501,7.22277683498623,239.12639323366));
#339=CARTESIAN_POINT('Ctrl Pts',(-2.06091490150229,9.00474863438581,239.12639323366));
#340=CARTESIAN_POINT('Ctrl Pts',(1.58690853950147,9.00387295398335,239.12639323366));
#341=CARTESIAN_POINT('Ctrl Pts',(5.35987771585487,7.53310870861734,239.12639323366));
#342=CARTESIAN_POINT('Ctrl Pts',(7.58543043166605,5.15402212250713,239.12639323366));
#343=CARTESIAN_POINT('Ctrl Pts',(8.56448366607764,2.65535555885138,239.12639323366));
#344=CARTESIAN_POINT('Ctrl Pts',(9.1709300781125,0.0237138312092286,239.12639323366));
#345=CARTESIAN_POINT('Ctrl Pts',(8.68358505905185,-3.18246307606407,239.12639323366));
#346=CARTESIAN_POINT('Ctrl Pts',(6.6440599609225,-6.17296118307771,239.12639323366));
#347=CARTESIAN_POINT('Ctrl Pts',(4.51307053350652,-7.86562073179812,239.12639323366));
#348=CARTESIAN_POINT('Ctrl Pts',(1.9988711804954,-8.84322004271587,239.12639323366));
#349=CARTESIAN_POINT('Ctrl Pts',(-1.59368767617987,-9.11235583925964,239.12639323366));
#350=CARTESIAN_POINT('Ctrl Pts',(-5.48196182403937,-7.58066225241334,239.12639323366));
#351=CARTESIAN_POINT('Ctrl Pts',(-8.32519228740071,-4.00046626541301,239.12639323366));
#352=CARTESIAN_POINT('Ctrl Pts',(-8.93298156622954,-1.33548865673821,239.12639323366));
#353=CARTESIAN_POINT('Ctrl Pts',(-8.9334340187132,-0.00303346366190467,
239.12639323366));
#354=CARTESIAN_POINT('Ctrl Pts',(-9.3125765999711,0.00394418675760272,239.783298499234));
#355=CARTESIAN_POINT('Ctrl Pts',(-9.31198832866268,1.39290519642654,239.783298499234));
#356=CARTESIAN_POINT('Ctrl Pts',(-8.67560600252757,4.1807340630859,239.783298499234));
#357=CARTESIAN_POINT('Ctrl Pts',(-6.00474154788416,7.52932742305658,239.783298499234));
#358=CARTESIAN_POINT('Ctrl Pts',(-2.14838059352124,9.3869288058516,239.783298499234));
#359=CARTESIAN_POINT('Ctrl Pts',(1.65425487240105,9.38602006307788,239.783298499234));
#360=CARTESIAN_POINT('Ctrl Pts',(5.58736596010607,7.85282652622009,239.783298499234));
#361=CARTESIAN_POINT('Ctrl Pts',(7.90737044248787,5.37277554351687,239.783298499234));
#362=CARTESIAN_POINT('Ctrl Pts',(8.92797760481938,2.76805664822341,239.783298499234));
#363=CARTESIAN_POINT('Ctrl Pts',(9.56016431207237,0.0247178749135973,239.783298499234));
#364=CARTESIAN_POINT('Ctrl Pts',(9.05213633630937,-3.31753054161128,239.783298499234));
#365=CARTESIAN_POINT('Ctrl Pts',(6.9260484706045,-6.43495437146089,239.783298499234));
#366=CARTESIAN_POINT('Ctrl Pts',(4.70461211552679,-8.19945580128148,239.783298499234));
#367=CARTESIAN_POINT('Ctrl Pts',(2.08370581832325,-9.21854644586117,239.783298499234));
#368=CARTESIAN_POINT('Ctrl Pts',(-1.66132811655637,-9.49910438789755,239.783298499234));
#369=CARTESIAN_POINT('Ctrl Pts',(-5.71463025315721,-7.90240135485251,239.783298499234));
#370=CARTESIAN_POINT('Ctrl Pts',(-8.67852855089415,-4.17025365573912,239.783298499234));
#371=CARTESIAN_POINT('Ctrl Pts',(-9.31210524121973,-1.39217430008627,239.783298499234));
#372=CARTESIAN_POINT('Ctrl Pts',(-9.31257689833421,-0.00316220655580114,
239.783298499234));
#373=CARTESIAN_POINT('Ctrl Pts',(-9.83184111668631,0.00416411259751752,
240.));
#374=CARTESIAN_POINT('Ctrl Pts',(-9.83122006776555,1.47051598748504,240.));
#375=CARTESIAN_POINT('Ctrl Pts',(-9.15930385458087,4.41381065778724,240.));
#376=CARTESIAN_POINT('Ctrl Pts',(-6.33947191491151,7.94907314815331,240.));
#377=CARTESIAN_POINT('Ctrl Pts',(-2.26818551873892,9.91024338173484,240.));
#378=CARTESIAN_POINT('Ctrl Pts',(1.74652658129782,9.90924702565674,240.));
#379=CARTESIAN_POINT('Ctrl Pts',(5.89882214696026,8.29064219385852,240.));
#380=CARTESIAN_POINT('Ctrl Pts',(8.34821292739759,5.672249428486,240.));
#381=CARTESIAN_POINT('Ctrl Pts',(9.42571026685243,2.92235309008409,240.));
#382=CARTESIAN_POINT('Ctrl Pts',(10.093127836209,0.0261176749837775,240.));
#383=CARTESIAN_POINT('Ctrl Pts',(9.55676888632982,-3.5025062092965,240.));
#384=CARTESIAN_POINT('Ctrl Pts',(7.31216305276001,-6.79369903933116,240.));
#385=CARTESIAN_POINT('Ctrl Pts',(4.96691315301691,-8.65655299830118,240.));
#386=CARTESIAN_POINT('Ctrl Pts',(2.19988527153722,-9.7324572605269,240.));
#387=CARTESIAN_POINT('Ctrl Pts',(-1.75393663805493,-10.0286609235615,240.));
#388=CARTESIAN_POINT('Ctrl Pts',(-6.03319319694581,-8.342953641812,240.));
#389=CARTESIAN_POINT('Ctrl Pts',(-9.16236949942578,-4.4027484307,240.));
#390=CARTESIAN_POINT('Ctrl Pts',(-9.8313434945306,-1.46974433464559,240.));
#391=CARTESIAN_POINT('Ctrl Pts',(-9.83184143168601,-0.00333852957890076,
240.));
#392=CARTESIAN_POINT('Ctrl Pts',(-10.145576806482,0.00429699012499822,240.));
#393=CARTESIAN_POINT('Ctrl Pts',(-10.144935895031,1.51754606985023,240.));
#394=CARTESIAN_POINT('Ctrl Pts',(-9.45167072822226,4.55472853578517,240.));
#395=CARTESIAN_POINT('Ctrl Pts',(-6.54193446519537,8.20288863153168,240.));
#396=CARTESIAN_POINT('Ctrl Pts',(-2.34054081310497,10.226658808796,240.));
#397=CARTESIAN_POINT('Ctrl Pts',(1.80220039498831,10.2256992764313,240.));
#398=CARTESIAN_POINT('Ctrl Pts',(6.08722633242824,8.55529814050059,240.));
#399=CARTESIAN_POINT('Ctrl Pts',(8.61473294238488,5.85345493803322,240.));
#400=CARTESIAN_POINT('Ctrl Pts',(9.72664749878675,3.01569684812617,240.));
#401=CARTESIAN_POINT('Ctrl Pts',(10.4153987792523,0.026911077952314,240.));
#402=CARTESIAN_POINT('Ctrl Pts',(9.86193120060517,-3.61428688895121,240.));
#403=CARTESIAN_POINT('Ctrl Pts',(7.54564091455243,-7.01060803200629,240.));
#404=CARTESIAN_POINT('Ctrl Pts',(5.12545597572732,-8.93297129670774,240.));
#405=CARTESIAN_POINT('Ctrl Pts',(2.27009682971418,-10.0432270796523,240.));
#406=CARTESIAN_POINT('Ctrl Pts',(-1.80995387322407,-10.3488790226981,240.));
#407=CARTESIAN_POINT('Ctrl Pts',(-6.22586556143783,-8.60933020930018,240.));
#408=CARTESIAN_POINT('Ctrl Pts',(-9.45487109300046,-4.54330855167189,240.));
#409=CARTESIAN_POINT('Ctrl Pts',(-10.1450632692367,-1.51674979732643,240.));
#410=CARTESIAN_POINT('Ctrl Pts',(-10.1455771315334,-0.00344506261456619,
240.));
#411=CARTESIAN_POINT('',(8.98570290848914,-2.20086246099406E-15,238.492281898682));
#412=CARTESIAN_POINT('Ctrl Pts',(-8.9857021025595,0.00380574450693267,238.492281898683));
#413=CARTESIAN_POINT('Ctrl Pts',(-8.98513446215003,1.34405536232023,238.492281898683));
#414=CARTESIAN_POINT('Ctrl Pts',(-8.67813002140474,2.68903640137621,238.492281898683));
#415=CARTESIAN_POINT('Ctrl Pts',(-8.09511347908855,3.90004205362487,238.492281898683));
#416=CARTESIAN_POINT('Ctrl Pts',(-7.51209693677235,5.11104770587353,238.492281898683));
#417=CARTESIAN_POINT('Ctrl Pts',(-6.65306829288524,6.18807797131489,238.492281898683));
#418=CARTESIAN_POINT('Ctrl Pts',(-5.60337448298412,7.02532748986375,238.492281898683));
#419=CARTESIAN_POINT('Ctrl Pts',(-4.55368067308301,7.8625770084126,238.492281898683));
#420=CARTESIAN_POINT('Ctrl Pts',(-3.31332169716789,8.46004578006895,238.492281898683));
#421=CARTESIAN_POINT('Ctrl Pts',(-2.00518036829003,8.75862082172887,238.492281898683));
#422=CARTESIAN_POINT('Ctrl Pts',(-0.697039039412168,9.05719586338878,238.492281898682));
#423=CARTESIAN_POINT('Ctrl Pts',(0.678884642428445,9.05687717505227,238.492281898683));
#424=CARTESIAN_POINT('Ctrl Pts',(1.98828373585564,8.76086258978699,238.492281898683));
#425=CARTESIAN_POINT('Ctrl Pts',(2.8612164648071,8.56351953294347,238.492281898683));
#426=CARTESIAN_POINT('Ctrl Pts',(3.70458271001927,8.23475607746494,238.492281898683));
#427=CARTESIAN_POINT('Ctrl Pts',(4.48002249176128,7.78767950057982,238.492281898683));
#428=CARTESIAN_POINT('Ctrl Pts',(6.03090205524528,6.89352634680959,238.492281898683));
#429=CARTESIAN_POINT('Ctrl Pts',(7.31007576484862,5.52612070741301,238.492281898683));
#430=CARTESIAN_POINT('Ctrl Pts',(8.09113554005697,3.91219342865593,238.492281898683));
#431=CARTESIAN_POINT('Ctrl Pts',(8.28640048385905,3.50871160896666,238.492281898683));
#432=CARTESIAN_POINT('Ctrl Pts',(8.45053330676146,3.08982218681736,238.492281898683));
#433=CARTESIAN_POINT('Ctrl Pts',(8.58343397129874,2.65978595516012,238.492281898683));
#434=CARTESIAN_POINT('Ctrl Pts',(8.71633463583602,2.22974972350289,238.492281898683));
#435=CARTESIAN_POINT('Ctrl Pts',(8.81800314200818,1.78856668233773,238.492281898683));
#436=CARTESIAN_POINT('Ctrl Pts',(8.88533242124453,1.34347954654106,238.492281898683));
#437=CARTESIAN_POINT('Ctrl Pts',(8.95248946934752,0.899530962392513,238.492281898683));
#438=CARTESIAN_POINT('Ctrl Pts',(8.98548274819216,0.451698231742852,238.492281898683));
#439=CARTESIAN_POINT('Ctrl Pts',(8.98512380685532,0.00445198358723642,238.492281898683));
#440=CARTESIAN_POINT('Ctrl Pts',(8.98512380685532,0.00445198358724058,238.492281898683));
#441=CARTESIAN_POINT('Ctrl Pts',(8.98404330067741,-1.34187479626151,238.492281898683));
#442=CARTESIAN_POINT('Ctrl Pts',(8.68073645855314,-2.68288707367812,238.492281898683));
#443=CARTESIAN_POINT('Ctrl Pts',(8.09734065554976,-3.89663536504881,238.492281898683));
#444=CARTESIAN_POINT('Ctrl Pts',(7.70874147124349,-4.70511152060498,238.492281898683));
#445=CARTESIAN_POINT('Ctrl Pts',(7.195870323291,-5.45712223961652,238.492281898683));
#446=CARTESIAN_POINT('Ctrl Pts',(6.58218446990417,-6.11689302647704,238.492281898683));
#447=CARTESIAN_POINT('Ctrl Pts',(5.96849861651734,-6.77666381333756,238.492281898683));
#448=CARTESIAN_POINT('Ctrl Pts',(5.25399805769617,-7.34419466804706,238.492281898683));
#449=CARTESIAN_POINT('Ctrl Pts',(4.47526021493187,-7.79184806210682,238.492281898683));
#450=CARTESIAN_POINT('Ctrl Pts',(3.69652237216756,-8.23950145616658,238.492281898683));
#451=CARTESIAN_POINT('Ctrl Pts',(2.85354724546012,-8.5672773895766,238.492281898683));
#452=CARTESIAN_POINT('Ctrl Pts',(1.98035889565483,-8.76500396102122,238.492281898683));
#453=CARTESIAN_POINT('Ctrl Pts',(1.10717054584954,-8.96273053246583,238.492281898683));
#454=CARTESIAN_POINT('Ctrl Pts',(0.203768972946401,-9.03040774194503,238.492281898683));
#455=CARTESIAN_POINT('Ctrl Pts',(-0.688207674002907,-8.96140158203795,238.492281898683));
#456=CARTESIAN_POINT('Ctrl Pts',(-2.47216096790152,-8.8233892622238,238.492281898683));
#457=CARTESIAN_POINT('Ctrl Pts',(-4.21041455798481,-8.13864346486452,238.492281898683));
#458=CARTESIAN_POINT('Ctrl Pts',(-5.6090615980731,-7.02205387365027,238.492281898683));
#459=CARTESIAN_POINT('Ctrl Pts',(-6.65804687813931,-6.18461168023958,238.492281898683));
#460=CARTESIAN_POINT('Ctrl Pts',(-7.51600347383334,-5.10425735278547,238.492281898683));
#461=CARTESIAN_POINT('Ctrl Pts',(-8.09780357293107,-3.89394196327843,238.492281898683));
#462=CARTESIAN_POINT('Ctrl Pts',(-8.6796036720288,-2.68362657377138,238.492281898683));
#463=CARTESIAN_POINT('Ctrl Pts',(-8.98524727453022,-1.3433501222114,238.492281898683));
#464=CARTESIAN_POINT('Ctrl Pts',(-8.98570239044998,-0.00305121206705283,
238.492281898683));
#465=CARTESIAN_POINT('Ctrl Pts',(-10.1455771315334,-0.00344506261456619,
240.));
#466=CARTESIAN_POINT('Ctrl Pts',(-10.1450632692367,-1.51674979732643,240.));
#467=CARTESIAN_POINT('Ctrl Pts',(-9.45487109300046,-4.54330855167189,240.));
#468=CARTESIAN_POINT('Ctrl Pts',(-6.22586556143783,-8.60933020930018,240.));
#469=CARTESIAN_POINT('Ctrl Pts',(-1.80995387322407,-10.3488790226981,240.));
#470=CARTESIAN_POINT('Ctrl Pts',(2.27009682971418,-10.0432270796523,240.));
#471=CARTESIAN_POINT('Ctrl Pts',(5.12545597572732,-8.93297129670774,240.));
#472=CARTESIAN_POINT('Ctrl Pts',(7.54564091455243,-7.01060803200629,240.));
#473=CARTESIAN_POINT('Ctrl Pts',(9.86193120060517,-3.61428688895121,240.));
#474=CARTESIAN_POINT('Ctrl Pts',(10.4153987792523,0.026911077952314,240.));
#475=CARTESIAN_POINT('Ctrl Pts',(9.72664749878675,3.01569684812617,240.));
#476=CARTESIAN_POINT('Ctrl Pts',(8.61473294238488,5.85345493803322,240.));
#477=CARTESIAN_POINT('Ctrl Pts',(6.08722633242824,8.55529814050059,240.));
#478=CARTESIAN_POINT('Ctrl Pts',(1.80220039498831,10.2256992764313,240.));
#479=CARTESIAN_POINT('Ctrl Pts',(-2.34054081310497,10.226658808796,240.));
#480=CARTESIAN_POINT('Ctrl Pts',(-6.54193446519537,8.20288863153168,240.));
#481=CARTESIAN_POINT('Ctrl Pts',(-9.45167072751862,4.55472853666738,240.));
#482=CARTESIAN_POINT('Ctrl Pts',(-10.1449358945281,1.51754607205361,240.));
#483=CARTESIAN_POINT('Ctrl Pts',(-10.1455768064806,0.00429699341843923,
240.));
#484=CARTESIAN_POINT('Origin',(0.,0.,240.));
#485=CARTESIAN_POINT('',(10.301853521888,0.,240.));
#486=CARTESIAN_POINT('Ctrl Pts',(10.301853521888,-2.69370152795063E-17,
240.));
#487=CARTESIAN_POINT('Ctrl Pts',(10.301853521888,-1.54108481135801,240.));
#488=CARTESIAN_POINT('Ctrl Pts',(9.5990548118283,-4.62470345398675,240.));
#489=CARTESIAN_POINT('Ctrl Pts',(6.97055811070943,-7.91345116983114,240.));
#490=CARTESIAN_POINT('Ctrl Pts',(2.91950441819224,-10.2578920283222,240.));
#491=CARTESIAN_POINT('Ctrl Pts',(-1.35609460481369,-10.5797761655608,240.));
#492=CARTESIAN_POINT('Ctrl Pts',(-6.20148712777648,-8.67896070047351,240.));
#493=CARTESIAN_POINT('Ctrl Pts',(-9.11712128535768,-5.53417539822838,240.));
#494=CARTESIAN_POINT('Ctrl Pts',(-10.6480149494645,-0.564602152495372,240.));
#495=CARTESIAN_POINT('Ctrl Pts',(-9.86216122350594,4.74748401547676,240.));
#496=CARTESIAN_POINT('Ctrl Pts',(-6.19677772980524,8.67953968916196,240.));
#497=CARTESIAN_POINT('Ctrl Pts',(-1.84310353171501,10.3845528415073,240.));
#498=CARTESIAN_POINT('Ctrl Pts',(2.37039969034173,10.3871689388247,240.));
#499=CARTESIAN_POINT('Ctrl Pts',(6.64294582762915,8.32848509300764,240.));
#500=CARTESIAN_POINT('Ctrl Pts',(9.59880657605003,4.62238306474221,240.));
#501=CARTESIAN_POINT('Ctrl Pts',(10.301853521888,1.54108481135806,240.));
#502=CARTESIAN_POINT('Ctrl Pts',(10.301853521888,3.46413683024178E-16,240.));
#503=CARTESIAN_POINT('Ctrl Pts',(11.3593094992094,6.93889390390723E-16,
239.367262598826));
#504=CARTESIAN_POINT('Ctrl Pts',(11.3593094992094,1.6992727861596,239.367262598826));
#505=CARTESIAN_POINT('Ctrl Pts',(10.5840967830434,5.09685754556215,239.367262598826));
#506=CARTESIAN_POINT('Ctrl Pts',(7.32482533188767,9.18338041110948,239.367262598826));
#507=CARTESIAN_POINT('Ctrl Pts',(2.61371447984703,11.4533823011551,239.367262598826));
#508=CARTESIAN_POINT('Ctrl Pts',(-2.03229286956505,11.4504976688853,239.367262598826));
#509=CARTESIAN_POINT('Ctrl Pts',(-6.8328593472144,9.5704697635609,239.367262598826));
#510=CARTESIAN_POINT('Ctrl Pts',(-10.8744840363809,5.23479975324545,239.367262598826));
#511=CARTESIAN_POINT('Ctrl Pts',(-11.7410034132391,-0.622556958365618,239.367262598826));
#512=CARTESIAN_POINT('Ctrl Pts',(-10.052967866624,-6.10224276998511,239.367262598826));
#513=CARTESIAN_POINT('Ctrl Pts',(-6.83805215149924,-9.56983134332956,239.367262598826));
#514=CARTESIAN_POINT('Ctrl Pts',(-1.49529386081422,-11.6657601121608,239.367262598826));
#515=CARTESIAN_POINT('Ctrl Pts',(3.21918324698496,-11.3108354833053,239.367262598826));
#516=CARTESIAN_POINT('Ctrl Pts',(7.68606608447113,-8.72574443560118,239.367262598826));
#517=CARTESIAN_POINT('Ctrl Pts',(10.5843704995186,-5.0994161161661,239.367262598826));
#518=CARTESIAN_POINT('Ctrl Pts',(11.3593094992094,-1.69927278615961,239.367262598826));
#519=CARTESIAN_POINT('Ctrl Pts',(11.3593094992094,0.,239.367262598826));
#520=CARTESIAN_POINT('Ctrl Pts',(11.2573513491895,6.67791834977508E-16,
239.55732669859));
#521=CARTESIAN_POINT('Ctrl Pts',(11.2573513491895,1.68408699522216,239.55732669859));
#522=CARTESIAN_POINT('Ctrl Pts',(10.4891708846892,5.05115080833962,239.55732669859));
#523=CARTESIAN_POINT('Ctrl Pts',(7.25915140111553,9.10107091309949,239.55732669859));
#524=CARTESIAN_POINT('Ctrl Pts',(2.59030737294927,11.3506784773973,239.557326698589));
#525=CARTESIAN_POINT('Ctrl Pts',(-2.01405855618524,11.3478545356988,239.55732669859));
#526=CARTESIAN_POINT('Ctrl Pts',(-6.77164084381411,9.48462377272115,239.55732669859));
#527=CARTESIAN_POINT('Ctrl Pts',(-10.7770308094911,5.18788843736914,239.557326698589));
#528=CARTESIAN_POINT('Ctrl Pts',(-11.635737789717,-0.616911290991566,239.55732669859));
#529=CARTESIAN_POINT('Ctrl Pts',(-9.96283626799216,-6.04756165246588,239.557326698589));
#530=CARTESIAN_POINT('Ctrl Pts',(-6.77674023143939,-9.48403525758634,239.55732669859));
#531=CARTESIAN_POINT('Ctrl Pts',(-1.48186882434972,-11.5612021278497,239.557326698589));
#532=CARTESIAN_POINT('Ctrl Pts',(3.19025905959007,-11.2094310781619,239.55732669859));
#533=CARTESIAN_POINT('Ctrl Pts',(7.61718886751715,-8.64749315387385,239.55732669859));
#534=CARTESIAN_POINT('Ctrl Pts',(10.4894259135102,-5.0536880839001,239.55732669859));
#535=CARTESIAN_POINT('Ctrl Pts',(11.2573513491895,-1.68408699522215,239.55732669859));
#536=CARTESIAN_POINT('Ctrl Pts',(11.2573513491895,-5.49422219225585E-18,
239.55732669859));
#537=CARTESIAN_POINT('Ctrl Pts',(10.9483908320047,5.74205880165253E-16,
239.880518935464));
#538=CARTESIAN_POINT('Ctrl Pts',(10.9483908320047,1.63779680975305,239.880518935464));
#539=CARTESIAN_POINT('Ctrl Pts',(10.2012150727159,4.91247729832654,239.880518935464));
#540=CARTESIAN_POINT('Ctrl Pts',(7.05984671247493,8.85116548381524,239.880518935464));
#541=CARTESIAN_POINT('Ctrl Pts',(2.51916003253409,11.0390525119038,239.880518935464));
#542=CARTESIAN_POINT('Ctrl Pts',(-1.95877488060534,11.0362693832237,239.880518935464));
#543=CARTESIAN_POINT('Ctrl Pts',(-6.5856741632563,9.2242571061586,239.880518935464));
#544=CARTESIAN_POINT('Ctrl Pts',(-10.4810912064846,5.04542675448262,239.880518935464));
#545=CARTESIAN_POINT('Ctrl Pts',(-11.316267419768,-0.600040924429137,239.880518935464));
#546=CARTESIAN_POINT('Ctrl Pts',(-9.68929733017378,-5.88148903242754,239.880518935464));
#547=CARTESIAN_POINT('Ctrl Pts',(-6.5906829491262,-9.22363816661787,239.880518935464));
#548=CARTESIAN_POINT('Ctrl Pts',(-1.44120247920429,-11.2437433758422,239.880518935464));
#549=CARTESIAN_POINT('Ctrl Pts',(3.10273295273939,-10.901660637949,239.880518935464));
#550=CARTESIAN_POINT('Ctrl Pts',(7.40801651931547,-8.41008835593585,239.880518935464));
#551=CARTESIAN_POINT('Ctrl Pts',(10.2014802154393,-4.91494317699715,239.880518935464));
#552=CARTESIAN_POINT('Ctrl Pts',(10.9483908320047,-1.63779680975302,239.880518935464));
#553=CARTESIAN_POINT('Ctrl Pts',(10.9483908320047,-1.64695134122741E-17,
239.880518935464));
#554=CARTESIAN_POINT('Ctrl Pts',(10.5175380748219,4.24692220106354E-16,
240.));
#555=CARTESIAN_POINT('Ctrl Pts',(10.5175380748219,1.57335996961487,240.));
#556=CARTESIAN_POINT('Ctrl Pts',(9.79978325959532,4.71916587993025,240.));
#557=CARTESIAN_POINT('Ctrl Pts',(6.78203682179037,8.50287250681089,240.));
#558=CARTESIAN_POINT('Ctrl Pts',(2.42003569224484,10.6046549496159,240.));
#559=CARTESIAN_POINT('Ctrl Pts',(-1.88169271555684,10.6019894583895,240.));
#560=CARTESIAN_POINT('Ctrl Pts',(-6.32653366533319,8.86126735626864,240.));
#561=CARTESIAN_POINT('Ctrl Pts',(-10.0686638524826,4.84689118982712,240.));
#562=CARTESIAN_POINT('Ctrl Pts',(-10.8709652192933,-0.57641400766641,240.));
#563=CARTESIAN_POINT('Ctrl Pts',(-9.30801735124685,-5.65005561504371,240.));
#564=CARTESIAN_POINT('Ctrl Pts',(-6.33133442771111,-8.86068307255016,240.));
#565=CARTESIAN_POINT('Ctrl Pts',(-1.38448588475197,-10.8013027433928,240.));
#566=CARTESIAN_POINT('Ctrl Pts',(2.98062398225372,-10.4726745197371,240.));
#567=CARTESIAN_POINT('Ctrl Pts',(7.11651419796549,-8.07914159916914,240.));
#568=CARTESIAN_POINT('Ctrl Pts',(9.80003418417546,-4.72153510804826,240.));
#569=CARTESIAN_POINT('Ctrl Pts',(10.5175380748219,-1.57335996961483,240.));
#570=CARTESIAN_POINT('Ctrl Pts',(10.5175380748219,-2.43397929800825E-17,
240.));
#571=CARTESIAN_POINT('Ctrl Pts',(10.301853521888,3.46413683024178E-16,240.));
#572=CARTESIAN_POINT('Ctrl Pts',(10.301853521888,1.54108481135806,240.));
#573=CARTESIAN_POINT('Ctrl Pts',(9.59880657605003,4.62238306474221,240.));
#574=CARTESIAN_POINT('Ctrl Pts',(6.64294582762915,8.32848509300764,240.));
#575=CARTESIAN_POINT('Ctrl Pts',(2.37039969034173,10.3871689388247,240.));
#576=CARTESIAN_POINT('Ctrl Pts',(-1.84310353171501,10.3845528415073,240.));
#577=CARTESIAN_POINT('Ctrl Pts',(-6.19677772980524,8.67953968916196,240.));
#578=CARTESIAN_POINT('Ctrl Pts',(-9.86216122350594,4.74748401547676,240.));
#579=CARTESIAN_POINT('Ctrl Pts',(-10.6480149494645,-0.564602152495372,240.));
#580=CARTESIAN_POINT('Ctrl Pts',(-9.11712128535768,-5.53417539822838,240.));
#581=CARTESIAN_POINT('Ctrl Pts',(-6.20148712777648,-8.67896070047351,240.));
#582=CARTESIAN_POINT('Ctrl Pts',(-1.35609460481369,-10.5797761655608,240.));
#583=CARTESIAN_POINT('Ctrl Pts',(2.91950441819224,-10.2578920283222,240.));
#584=CARTESIAN_POINT('Ctrl Pts',(6.97055811070943,-7.91345116983114,240.));
#585=CARTESIAN_POINT('Ctrl Pts',(9.5990548118283,-4.62470345398675,240.));
#586=CARTESIAN_POINT('Ctrl Pts',(10.301853521888,-1.54108481135801,240.));
#587=CARTESIAN_POINT('Ctrl Pts',(10.301853521888,-2.69370152795063E-17,
240.));
#588=CARTESIAN_POINT('',(11.3593094992094,0.,239.367262598826));
#589=CARTESIAN_POINT('Origin',(10.301853521888,2.77555756156289E-16,238.8));
#590=CARTESIAN_POINT('Ctrl Pts',(11.3593094992094,6.93889390390723E-16,
239.367262598826));
#591=CARTESIAN_POINT('Ctrl Pts',(11.3593094992094,1.6992727861596,239.367262598826));
#592=CARTESIAN_POINT('Ctrl Pts',(10.5840967830434,5.09685754556215,239.367262598826));
#593=CARTESIAN_POINT('Ctrl Pts',(7.32482533188767,9.18338041110948,239.367262598826));
#594=CARTESIAN_POINT('Ctrl Pts',(2.61371447984703,11.4533823011551,239.367262598826));
#595=CARTESIAN_POINT('Ctrl Pts',(-2.03229286956505,11.4504976688853,239.367262598826));
#596=CARTESIAN_POINT('Ctrl Pts',(-6.8328593472144,9.5704697635609,239.367262598826));
#597=CARTESIAN_POINT('Ctrl Pts',(-10.8744840363809,5.23479975324545,239.367262598826));
#598=CARTESIAN_POINT('Ctrl Pts',(-11.7410034132391,-0.622556958365618,239.367262598826));
#599=CARTESIAN_POINT('Ctrl Pts',(-10.052967866624,-6.10224276998511,239.367262598826));
#600=CARTESIAN_POINT('Ctrl Pts',(-6.83805215149924,-9.56983134332956,239.367262598826));
#601=CARTESIAN_POINT('Ctrl Pts',(-1.49529386081422,-11.6657601121608,239.367262598826));
#602=CARTESIAN_POINT('Ctrl Pts',(3.21918324698496,-11.3108354833053,239.367262598826));
#603=CARTESIAN_POINT('Ctrl Pts',(7.68606608447113,-8.72574443560118,239.367262598826));
#604=CARTESIAN_POINT('Ctrl Pts',(10.5843704995186,-5.0994161161661,239.367262598826));
#605=CARTESIAN_POINT('Ctrl Pts',(11.3593094992094,-1.69927278615961,239.367262598826));
#606=CARTESIAN_POINT('Ctrl Pts',(11.3593094992094,0.,239.367262598826));
#607=CARTESIAN_POINT('Ctrl Pts',(11.,0.,240.));
#608=CARTESIAN_POINT('Ctrl Pts',(11.,11.,240.));
#609=CARTESIAN_POINT('Ctrl Pts',(0.,11.,240.));
#610=CARTESIAN_POINT('Ctrl Pts',(-11.,11.,240.));
#611=CARTESIAN_POINT('Ctrl Pts',(-11.,0.,240.));
#612=CARTESIAN_POINT('Ctrl Pts',(-11.,-11.,240.));
#613=CARTESIAN_POINT('Ctrl Pts',(0.,-11.,240.));
#614=CARTESIAN_POINT('Ctrl Pts',(11.,-11.,240.));
#615=CARTESIAN_POINT('Ctrl Pts',(11.,0.,240.));
#616=CARTESIAN_POINT('Ctrl Pts',(11.2537251345505,0.,239.573885102471));
#617=CARTESIAN_POINT('Ctrl Pts',(11.2537251345505,11.2537251345505,239.573885102471));
#618=CARTESIAN_POINT('Ctrl Pts',(0.,11.2537251345505,239.573885102471));
#619=CARTESIAN_POINT('Ctrl Pts',(-11.2537251345505,11.2537251345505,239.573885102471));
#620=CARTESIAN_POINT('Ctrl Pts',(-11.2537251345505,0.,239.573885102471));
#621=CARTESIAN_POINT('Ctrl Pts',(-11.2537251345505,-11.2537251345505,239.573885102471));
#622=CARTESIAN_POINT('Ctrl Pts',(0.,-11.2537251345505,239.573885102471));
#623=CARTESIAN_POINT('Ctrl Pts',(11.2537251345505,-11.2537251345505,239.573885102471));
#624=CARTESIAN_POINT('Ctrl Pts',(11.2537251345505,0.,239.573885102471));
#625=CARTESIAN_POINT('Ctrl Pts',(11.6769566582875,0.,238.804453657685));
#626=CARTESIAN_POINT('Ctrl Pts',(11.6769566582875,11.6769566582875,238.804453657685));
#627=CARTESIAN_POINT('Ctrl Pts',(0.,11.6769566582875,238.804453657685));
#628=CARTESIAN_POINT('Ctrl Pts',(-11.6769566582875,11.6769566582875,238.804453657685));
#629=CARTESIAN_POINT('Ctrl Pts',(-11.6769566582875,0.,238.804453657685));
#630=CARTESIAN_POINT('Ctrl Pts',(-11.6769566582875,-11.6769566582875,238.804453657685));
#631=CARTESIAN_POINT('Ctrl Pts',(0.,-11.6769566582875,238.804453657685));
#632=CARTESIAN_POINT('Ctrl Pts',(11.6769566582875,-11.6769566582875,238.804453657685));
#633=CARTESIAN_POINT('Ctrl Pts',(11.6769566582875,0.,238.804453657685));
#634=CARTESIAN_POINT('Ctrl Pts',(12.0598434090649,0.,237.899653493387));
#635=CARTESIAN_POINT('Ctrl Pts',(12.0598434090649,12.0598434090649,237.899653493387));
#636=CARTESIAN_POINT('Ctrl Pts',(0.,12.0598434090649,237.899653493387));
#637=CARTESIAN_POINT('Ctrl Pts',(-12.0598434090649,12.0598434090649,237.899653493387));
#638=CARTESIAN_POINT('Ctrl Pts',(-12.0598434090649,0.,237.899653493387));
#639=CARTESIAN_POINT('Ctrl Pts',(-12.0598434090649,-12.0598434090649,237.899653493387));
#640=CARTESIAN_POINT('Ctrl Pts',(0.,-12.0598434090649,237.899653493387));
#641=CARTESIAN_POINT('Ctrl Pts',(12.0598434090649,-12.0598434090649,237.899653493387));
#642=CARTESIAN_POINT('Ctrl Pts',(12.0598434090649,0.,237.899653493387));
#643=CARTESIAN_POINT('Ctrl Pts',(12.0599733990169,0.,237.184053243998));
#644=CARTESIAN_POINT('Ctrl Pts',(12.0599733990169,12.0599733990169,237.184053243998));
#645=CARTESIAN_POINT('Ctrl Pts',(0.,12.0599733990169,237.184053243998));
#646=CARTESIAN_POINT('Ctrl Pts',(-12.0599733990169,12.0599733990169,237.184053243998));
#647=CARTESIAN_POINT('Ctrl Pts',(-12.0599733990169,0.,237.184053243998));
#648=CARTESIAN_POINT('Ctrl Pts',(-12.0599733990169,-12.0599733990169,237.184053243998));
#649=CARTESIAN_POINT('Ctrl Pts',(0.,-12.0599733990169,237.184053243998));
#650=CARTESIAN_POINT('Ctrl Pts',(12.0599733990169,-12.0599733990169,237.184053243998));
#651=CARTESIAN_POINT('Ctrl Pts',(12.0599733990169,0.,237.184053243998));
#652=CARTESIAN_POINT('Ctrl Pts',(11.3487052972561,0.,236.927636274317));
#653=CARTESIAN_POINT('Ctrl Pts',(11.3487052972561,11.3487052972561,236.927636274317));
#654=CARTESIAN_POINT('Ctrl Pts',(0.,11.3487052972561,236.927636274317));
#655=CARTESIAN_POINT('Ctrl Pts',(-11.3487052972561,11.3487052972561,236.927636274317));
#656=CARTESIAN_POINT('Ctrl Pts',(-11.3487052972561,0.,236.927636274317));
#657=CARTESIAN_POINT('Ctrl Pts',(-11.3487052972561,-11.3487052972561,236.927636274317));
#658=CARTESIAN_POINT('Ctrl Pts',(0.,-11.3487052972561,236.927636274317));
#659=CARTESIAN_POINT('Ctrl Pts',(11.3487052972561,-11.3487052972561,236.927636274317));
#660=CARTESIAN_POINT('Ctrl Pts',(11.3487052972561,0.,236.927636274317));
#661=CARTESIAN_POINT('Ctrl Pts',(10.2257048082362,0.,236.594983335803));
#662=CARTESIAN_POINT('Ctrl Pts',(10.2257048082362,10.2257048082362,236.594983335803));
#663=CARTESIAN_POINT('Ctrl Pts',(0.,10.2257048082362,236.594983335803));
#664=CARTESIAN_POINT('Ctrl Pts',(-10.2257048082362,10.2257048082362,236.594983335803));
#665=CARTESIAN_POINT('Ctrl Pts',(-10.2257048082362,0.,236.594983335803));
#666=CARTESIAN_POINT('Ctrl Pts',(-10.2257048082362,-10.2257048082362,236.594983335803));
#667=CARTESIAN_POINT('Ctrl Pts',(0.,-10.2257048082362,236.594983335803));
#668=CARTESIAN_POINT('Ctrl Pts',(10.2257048082362,-10.2257048082362,236.594983335803));
#669=CARTESIAN_POINT('Ctrl Pts',(10.2257048082362,0.,236.594983335803));
#670=CARTESIAN_POINT('Ctrl Pts',(9.73383390039021,0.,235.401499075898));
#671=CARTESIAN_POINT('Ctrl Pts',(9.73383390039021,9.73383390039021,235.401499075898));
#672=CARTESIAN_POINT('Ctrl Pts',(0.,9.73383390039021,235.401499075898));
#673=CARTESIAN_POINT('Ctrl Pts',(-9.73383390039021,9.73383390039021,235.401499075898));
#674=CARTESIAN_POINT('Ctrl Pts',(-9.73383390039021,0.,235.401499075898));
#675=CARTESIAN_POINT('Ctrl Pts',(-9.73383390039021,-9.73383390039021,235.401499075898));
#676=CARTESIAN_POINT('Ctrl Pts',(0.,-9.73383390039021,235.401499075898));
#677=CARTESIAN_POINT('Ctrl Pts',(9.73383390039021,-9.73383390039021,235.401499075898));
#678=CARTESIAN_POINT('Ctrl Pts',(9.73383390039021,0.,235.401499075898));
#679=CARTESIAN_POINT('Ctrl Pts',(10.2905883766611,0.,233.510856297855));
#680=CARTESIAN_POINT('Ctrl Pts',(10.2905883766611,10.2905883766611,233.510856297855));
#681=CARTESIAN_POINT('Ctrl Pts',(0.,10.2905883766611,233.510856297855));
#682=CARTESIAN_POINT('Ctrl Pts',(-10.2905883766611,10.2905883766611,233.510856297855));
#683=CARTESIAN_POINT('Ctrl Pts',(-10.2905883766611,0.,233.510856297855));
#684=CARTESIAN_POINT('Ctrl Pts',(-10.2905883766611,-10.2905883766611,233.510856297855));
#685=CARTESIAN_POINT('Ctrl Pts',(0.,-10.2905883766611,233.510856297855));
#686=CARTESIAN_POINT('Ctrl Pts',(10.2905883766611,-10.2905883766611,233.510856297855));
#687=CARTESIAN_POINT('Ctrl Pts',(10.2905883766611,0.,233.510856297855));
#688=CARTESIAN_POINT('Ctrl Pts',(11.2224084824355,0.,231.784032367138));
#689=CARTESIAN_POINT('Ctrl Pts',(11.2224084824355,11.2224084824355,231.784032367138));
#690=CARTESIAN_POINT('Ctrl Pts',(0.,11.2224084824355,231.784032367138));
#691=CARTESIAN_POINT('Ctrl Pts',(-11.2224084824355,11.2224084824355,231.784032367138));
#692=CARTESIAN_POINT('Ctrl Pts',(-11.2224084824355,0.,231.784032367138));
#693=CARTESIAN_POINT('Ctrl Pts',(-11.2224084824355,-11.2224084824355,231.784032367138));
#694=CARTESIAN_POINT('Ctrl Pts',(0.,-11.2224084824355,231.784032367138));
#695=CARTESIAN_POINT('Ctrl Pts',(11.2224084824355,-11.2224084824355,231.784032367138));
#696=CARTESIAN_POINT('Ctrl Pts',(11.2224084824355,0.,231.784032367138));
#697=CARTESIAN_POINT('Ctrl Pts',(12.2049920711978,0.,230.238741691239));
#698=CARTESIAN_POINT('Ctrl Pts',(12.2049920711978,12.2049920711978,230.238741691239));
#699=CARTESIAN_POINT('Ctrl Pts',(0.,12.2049920711978,230.238741691239));
#700=CARTESIAN_POINT('Ctrl Pts',(-12.2049920711978,12.2049920711978,230.238741691239));
#701=CARTESIAN_POINT('Ctrl Pts',(-12.2049920711978,0.,230.238741691239));
#702=CARTESIAN_POINT('Ctrl Pts',(-12.2049920711978,-12.2049920711978,230.238741691239));
#703=CARTESIAN_POINT('Ctrl Pts',(0.,-12.2049920711978,230.238741691239));
#704=CARTESIAN_POINT('Ctrl Pts',(12.2049920711978,-12.2049920711978,230.238741691239));
#705=CARTESIAN_POINT('Ctrl Pts',(12.2049920711978,0.,230.238741691239));
#706=CARTESIAN_POINT('Ctrl Pts',(12.881302510993,0.,228.792891160311));
#707=CARTESIAN_POINT('Ctrl Pts',(12.881302510993,12.881302510993,228.792891160311));
#708=CARTESIAN_POINT('Ctrl Pts',(0.,12.881302510993,228.792891160311));
#709=CARTESIAN_POINT('Ctrl Pts',(-12.881302510993,12.881302510993,228.792891160311));
#710=CARTESIAN_POINT('Ctrl Pts',(-12.881302510993,0.,228.792891160311));
#711=CARTESIAN_POINT('Ctrl Pts',(-12.881302510993,-12.881302510993,228.792891160311));
#712=CARTESIAN_POINT('Ctrl Pts',(0.,-12.881302510993,228.792891160311));
#713=CARTESIAN_POINT('Ctrl Pts',(12.881302510993,-12.881302510993,228.792891160311));
#714=CARTESIAN_POINT('Ctrl Pts',(12.881302510993,0.,228.792891160311));
#715=CARTESIAN_POINT('Ctrl Pts',(13.0703532670183,0.,227.248115789212));
#716=CARTESIAN_POINT('Ctrl Pts',(13.0703532670183,13.0703532670183,227.248115789212));
#717=CARTESIAN_POINT('Ctrl Pts',(0.,13.0703532670183,227.248115789212));
#718=CARTESIAN_POINT('Ctrl Pts',(-13.0703532670183,13.0703532670183,227.248115789212));
#719=CARTESIAN_POINT('Ctrl Pts',(-13.0703532670183,0.,227.248115789212));
#720=CARTESIAN_POINT('Ctrl Pts',(-13.0703532670183,-13.0703532670183,227.248115789212));
#721=CARTESIAN_POINT('Ctrl Pts',(0.,-13.0703532670183,227.248115789212));
#722=CARTESIAN_POINT('Ctrl Pts',(13.0703532670183,-13.0703532670183,227.248115789212));
#723=CARTESIAN_POINT('Ctrl Pts',(13.0703532670183,0.,227.248115789212));
#724=CARTESIAN_POINT('Ctrl Pts',(12.7389629261541,0.,225.623049388658));
#725=CARTESIAN_POINT('Ctrl Pts',(12.7389629261541,12.7389629261541,225.623049388658));
#726=CARTESIAN_POINT('Ctrl Pts',(0.,12.7389629261541,225.623049388658));
#727=CARTESIAN_POINT('Ctrl Pts',(-12.7389629261541,12.7389629261541,225.623049388658));
#728=CARTESIAN_POINT('Ctrl Pts',(-12.7389629261541,0.,225.623049388658));
#729=CARTESIAN_POINT('Ctrl Pts',(-12.7389629261541,-12.7389629261541,225.623049388658));
#730=CARTESIAN_POINT('Ctrl Pts',(0.,-12.7389629261541,225.623049388658));
#731=CARTESIAN_POINT('Ctrl Pts',(12.7389629261541,-12.7389629261541,225.623049388658));
#732=CARTESIAN_POINT('Ctrl Pts',(12.7389629261541,0.,225.623049388658));
#733=CARTESIAN_POINT('Ctrl Pts',(11.9951364529558,0.,224.037409597296));
#734=CARTESIAN_POINT('Ctrl Pts',(11.9951364529558,11.9951364529558,224.037409597296));
#735=CARTESIAN_POINT('Ctrl Pts',(0.,11.9951364529558,224.037409597296));
#736=CARTESIAN_POINT('Ctrl Pts',(-11.9951364529558,11.9951364529558,224.037409597296));
#737=CARTESIAN_POINT('Ctrl Pts',(-11.9951364529558,0.,224.037409597296));
#738=CARTESIAN_POINT('Ctrl Pts',(-11.9951364529558,-11.9951364529558,224.037409597296));
#739=CARTESIAN_POINT('Ctrl Pts',(0.,-11.9951364529558,224.037409597296));
#740=CARTESIAN_POINT('Ctrl Pts',(11.9951364529558,-11.9951364529558,224.037409597296));
#741=CARTESIAN_POINT('Ctrl Pts',(11.9951364529558,0.,224.037409597296));
#742=CARTESIAN_POINT('Ctrl Pts',(11.0210478792159,0.,222.601020269337));
#743=CARTESIAN_POINT('Ctrl Pts',(11.0210478792159,11.0210478792159,222.601020269337));
#744=CARTESIAN_POINT('Ctrl Pts',(0.,11.0210478792159,222.601020269337));
#745=CARTESIAN_POINT('Ctrl Pts',(-11.0210478792159,11.0210478792159,222.601020269337));
#746=CARTESIAN_POINT('Ctrl Pts',(-11.0210478792159,0.,222.601020269337));
#747=CARTESIAN_POINT('Ctrl Pts',(-11.0210478792159,-11.0210478792159,222.601020269337));
#748=CARTESIAN_POINT('Ctrl Pts',(0.,-11.0210478792159,222.601020269337));
#749=CARTESIAN_POINT('Ctrl Pts',(11.0210478792159,-11.0210478792159,222.601020269337));
#750=CARTESIAN_POINT('Ctrl Pts',(11.0210478792159,0.,222.601020269337));
#751=CARTESIAN_POINT('Ctrl Pts',(10.0296544101575,0.,221.285660453431));
#752=CARTESIAN_POINT('Ctrl Pts',(10.0296544101575,10.0296544101575,221.285660453431));
#753=CARTESIAN_POINT('Ctrl Pts',(0.,10.0296544101575,221.285660453431));
#754=CARTESIAN_POINT('Ctrl Pts',(-10.0296544101575,10.0296544101575,221.285660453431));
#755=CARTESIAN_POINT('Ctrl Pts',(-10.0296544101575,0.,221.285660453431));
#756=CARTESIAN_POINT('Ctrl Pts',(-10.0296544101575,-10.0296544101575,221.285660453431));
#757=CARTESIAN_POINT('Ctrl Pts',(0.,-10.0296544101575,221.285660453431));
#758=CARTESIAN_POINT('Ctrl Pts',(10.0296544101575,-10.0296544101575,221.285660453431));
#759=CARTESIAN_POINT('Ctrl Pts',(10.0296544101575,0.,221.285660453431));
#760=CARTESIAN_POINT('Ctrl Pts',(9.21562177564567,0.,219.834561099378));
#761=CARTESIAN_POINT('Ctrl Pts',(9.21562177564567,9.21562177564567,219.834561099378));
#762=CARTESIAN_POINT('Ctrl Pts',(0.,9.21562177564567,219.834561099378));
#763=CARTESIAN_POINT('Ctrl Pts',(-9.21562177564567,9.21562177564567,219.834561099378));
#764=CARTESIAN_POINT('Ctrl Pts',(-9.21562177564567,0.,219.834561099378));
#765=CARTESIAN_POINT('Ctrl Pts',(-9.21562177564567,-9.21562177564567,219.834561099378));
#766=CARTESIAN_POINT('Ctrl Pts',(0.,-9.21562177564567,219.834561099378));
#767=CARTESIAN_POINT('Ctrl Pts',(9.21562177564567,-9.21562177564567,219.834561099378));
#768=CARTESIAN_POINT('Ctrl Pts',(9.21562177564567,0.,219.834561099378));
#769=CARTESIAN_POINT('Ctrl Pts',(8.74380967637759,0.,217.884188382625));
#770=CARTESIAN_POINT('Ctrl Pts',(8.74380967637759,8.74380967637759,217.884188382625));
#771=CARTESIAN_POINT('Ctrl Pts',(0.,8.74380967637759,217.884188382625));
#772=CARTESIAN_POINT('Ctrl Pts',(-8.74380967637759,8.74380967637759,217.884188382625));
#773=CARTESIAN_POINT('Ctrl Pts',(-8.74380967637759,0.,217.884188382625));
#774=CARTESIAN_POINT('Ctrl Pts',(-8.74380967637759,-8.74380967637759,217.884188382625));
#775=CARTESIAN_POINT('Ctrl Pts',(0.,-8.74380967637759,217.884188382625));
#776=CARTESIAN_POINT('Ctrl Pts',(8.74380967637759,-8.74380967637759,217.884188382625));
#777=CARTESIAN_POINT('Ctrl Pts',(8.74380967637759,0.,217.884188382625));
#778=CARTESIAN_POINT('Ctrl Pts',(8.73069047416368,0.,215.066077450651));
#779=CARTESIAN_POINT('Ctrl Pts',(8.73069047416367,8.73069047416367,215.066077450651));
#780=CARTESIAN_POINT('Ctrl Pts',(0.,8.73069047416368,215.066077450651));
#781=CARTESIAN_POINT('Ctrl Pts',(-8.73069047416367,8.73069047416367,215.066077450651));
#782=CARTESIAN_POINT('Ctrl Pts',(-8.73069047416368,0.,215.066077450651));
#783=CARTESIAN_POINT('Ctrl Pts',(-8.73069047416367,-8.73069047416367,215.066077450651));
#784=CARTESIAN_POINT('Ctrl Pts',(0.,-8.73069047416368,215.066077450651));
#785=CARTESIAN_POINT('Ctrl Pts',(8.73069047416367,-8.73069047416367,215.066077450651));
#786=CARTESIAN_POINT('Ctrl Pts',(8.73069047416368,0.,215.066077450651));
#787=CARTESIAN_POINT('Ctrl Pts',(9.23100951976723,0.,211.108027755308));
#788=CARTESIAN_POINT('Ctrl Pts',(9.23100951976722,9.23100951976722,211.108027755308));
#789=CARTESIAN_POINT('Ctrl Pts',(0.,9.23100951976723,211.108027755308));
#790=CARTESIAN_POINT('Ctrl Pts',(-9.23100951976722,9.23100951976722,211.108027755308));
#791=CARTESIAN_POINT('Ctrl Pts',(-9.23100951976723,0.,211.108027755308));
#792=CARTESIAN_POINT('Ctrl Pts',(-9.23100951976722,-9.23100951976722,211.108027755308));
#793=CARTESIAN_POINT('Ctrl Pts',(0.,-9.23100951976723,211.108027755308));
#794=CARTESIAN_POINT('Ctrl Pts',(9.23100951976722,-9.23100951976722,211.108027755308));
#795=CARTESIAN_POINT('Ctrl Pts',(9.23100951976723,0.,211.108027755308));
#796=CARTESIAN_POINT('Ctrl Pts',(10.2161196202314,0.,205.954530013183));
#797=CARTESIAN_POINT('Ctrl Pts',(10.2161196202314,10.2161196202314,205.954530013183));
#798=CARTESIAN_POINT('Ctrl Pts',(0.,10.2161196202314,205.954530013183));
#799=CARTESIAN_POINT('Ctrl Pts',(-10.2161196202314,10.2161196202314,205.954530013183));
#800=CARTESIAN_POINT('Ctrl Pts',(-10.2161196202314,0.,205.954530013183));
#801=CARTESIAN_POINT('Ctrl Pts',(-10.2161196202314,-10.2161196202314,205.954530013183));
#802=CARTESIAN_POINT('Ctrl Pts',(0.,-10.2161196202314,205.954530013183));
#803=CARTESIAN_POINT('Ctrl Pts',(10.2161196202314,-10.2161196202314,205.954530013183));
#804=CARTESIAN_POINT('Ctrl Pts',(10.2161196202314,0.,205.954530013183));
#805=CARTESIAN_POINT('Ctrl Pts',(11.5692159189142,0.,199.836281166145));
#806=CARTESIAN_POINT('Ctrl Pts',(11.5692159189142,11.5692159189142,199.836281166145));
#807=CARTESIAN_POINT('Ctrl Pts',(0.,11.5692159189142,199.836281166145));
#808=CARTESIAN_POINT('Ctrl Pts',(-11.5692159189142,11.5692159189142,199.836281166145));
#809=CARTESIAN_POINT('Ctrl Pts',(-11.5692159189142,0.,199.836281166145));
#810=CARTESIAN_POINT('Ctrl Pts',(-11.5692159189142,-11.5692159189142,199.836281166145));
#811=CARTESIAN_POINT('Ctrl Pts',(0.,-11.5692159189142,199.836281166145));
#812=CARTESIAN_POINT('Ctrl Pts',(11.5692159189142,-11.5692159189142,199.836281166145));
#813=CARTESIAN_POINT('Ctrl Pts',(11.5692159189142,0.,199.836281166145));
#814=CARTESIAN_POINT('Ctrl Pts',(13.0414746589835,0.,193.462779114518));
#815=CARTESIAN_POINT('Ctrl Pts',(13.0414746589835,13.0414746589835,193.462779114518));
#816=CARTESIAN_POINT('Ctrl Pts',(0.,13.0414746589835,193.462779114518));
#817=CARTESIAN_POINT('Ctrl Pts',(-13.0414746589835,13.0414746589835,193.462779114518));
#818=CARTESIAN_POINT('Ctrl Pts',(-13.0414746589835,0.,193.462779114518));
#819=CARTESIAN_POINT('Ctrl Pts',(-13.0414746589835,-13.0414746589835,193.462779114518));
#820=CARTESIAN_POINT('Ctrl Pts',(0.,-13.0414746589835,193.462779114518));
#821=CARTESIAN_POINT('Ctrl Pts',(13.0414746589835,-13.0414746589835,193.462779114518));
#822=CARTESIAN_POINT('Ctrl Pts',(13.0414746589835,0.,193.462779114518));
#823=CARTESIAN_POINT('Ctrl Pts',(14.295675595329,0.,187.938988295359));
#824=CARTESIAN_POINT('Ctrl Pts',(14.295675595329,14.295675595329,187.938988295359));
#825=CARTESIAN_POINT('Ctrl Pts',(0.,14.295675595329,187.938988295359));
#826=CARTESIAN_POINT('Ctrl Pts',(-14.295675595329,14.295675595329,187.938988295359));
#827=CARTESIAN_POINT('Ctrl Pts',(-14.295675595329,0.,187.938988295359));
#828=CARTESIAN_POINT('Ctrl Pts',(-14.295675595329,-14.295675595329,187.938988295359));
#829=CARTESIAN_POINT('Ctrl Pts',(0.,-14.295675595329,187.938988295359));
#830=CARTESIAN_POINT('Ctrl Pts',(14.295675595329,-14.295675595329,187.938988295359));
#831=CARTESIAN_POINT('Ctrl Pts',(14.295675595329,0.,187.938988295359));
#832=CARTESIAN_POINT('Ctrl Pts',(15.2389193611012,0.,183.619999849378));
#833=CARTESIAN_POINT('Ctrl Pts',(15.2389193611011,15.2389193611011,183.619999849378));
#834=CARTESIAN_POINT('Ctrl Pts',(0.,15.2389193611012,183.619999849378));
#835=CARTESIAN_POINT('Ctrl Pts',(-15.2389193611011,15.2389193611011,183.619999849378));
#836=CARTESIAN_POINT('Ctrl Pts',(-15.2389193611012,0.,183.619999849378));
#837=CARTESIAN_POINT('Ctrl Pts',(-15.2389193611011,-15.2389193611011,183.619999849378));
#838=CARTESIAN_POINT('Ctrl Pts',(0.,-15.2389193611012,183.619999849378));
#839=CARTESIAN_POINT('Ctrl Pts',(15.2389193611011,-15.2389193611011,183.619999849378));
#840=CARTESIAN_POINT('Ctrl Pts',(15.2389193611012,0.,183.619999849378));
#841=CARTESIAN_POINT('Ctrl Pts',(15.8795526753142,0.,180.539320755644));
#842=CARTESIAN_POINT('Ctrl Pts',(15.8795526753142,15.8795526753142,180.539320755644));
#843=CARTESIAN_POINT('Ctrl Pts',(0.,15.8795526753142,180.539320755644));
#844=CARTESIAN_POINT('Ctrl Pts',(-15.8795526753142,15.8795526753142,180.539320755644));
#845=CARTESIAN_POINT('Ctrl Pts',(-15.8795526753142,0.,180.539320755644));
#846=CARTESIAN_POINT('Ctrl Pts',(-15.8795526753142,-15.8795526753142,180.539320755644));
#847=CARTESIAN_POINT('Ctrl Pts',(0.,-15.8795526753142,180.539320755644));
#848=CARTESIAN_POINT('Ctrl Pts',(15.8795526753142,-15.8795526753142,180.539320755644));
#849=CARTESIAN_POINT('Ctrl Pts',(15.8795526753142,0.,180.539320755644));
#850=CARTESIAN_POINT('Ctrl Pts',(16.3113646881652,0.,178.404547649587));
#851=CARTESIAN_POINT('Ctrl Pts',(16.3113646881652,16.3113646881652,178.404547649587));
#852=CARTESIAN_POINT('Ctrl Pts',(0.,16.3113646881652,178.404547649587));
#853=CARTESIAN_POINT('Ctrl Pts',(-16.3113646881652,16.3113646881652,178.404547649587));
#854=CARTESIAN_POINT('Ctrl Pts',(-16.3113646881652,0.,178.404547649587));
#855=CARTESIAN_POINT('Ctrl Pts',(-16.3113646881652,-16.3113646881652,178.404547649587));
#856=CARTESIAN_POINT('Ctrl Pts',(0.,-16.3113646881652,178.404547649587));
#857=CARTESIAN_POINT('Ctrl Pts',(16.3113646881652,-16.3113646881652,178.404547649587));
#858=CARTESIAN_POINT('Ctrl Pts',(16.3113646881652,0.,178.404547649587));
#859=CARTESIAN_POINT('Ctrl Pts',(16.6550252187828,0.,176.768143371695));
#860=CARTESIAN_POINT('Ctrl Pts',(16.6550252187828,16.6550252187828,176.768143371695));
#861=CARTESIAN_POINT('Ctrl Pts',(0.,16.6550252187828,176.768143371695));
#862=CARTESIAN_POINT('Ctrl Pts',(-16.6550252187828,16.6550252187828,176.768143371695));
#863=CARTESIAN_POINT('Ctrl Pts',(-16.6550252187828,0.,176.768143371695));
#864=CARTESIAN_POINT('Ctrl Pts',(-16.6550252187828,-16.6550252187828,176.768143371695));
#865=CARTESIAN_POINT('Ctrl Pts',(0.,-16.6550252187828,176.768143371695));
#866=CARTESIAN_POINT('Ctrl Pts',(16.6550252187828,-16.6550252187828,176.768143371695));
#867=CARTESIAN_POINT('Ctrl Pts',(16.6550252187828,0.,176.768143371695));
#868=CARTESIAN_POINT('Ctrl Pts',(16.9976668764939,0.,175.12277427009));
#869=CARTESIAN_POINT('Ctrl Pts',(16.9976668764939,16.9976668764939,175.12277427009));
#870=CARTESIAN_POINT('Ctrl Pts',(0.,16.9976668764939,175.12277427009));
#871=CARTESIAN_POINT('Ctrl Pts',(-16.9976668764939,16.9976668764939,175.12277427009));
#872=CARTESIAN_POINT('Ctrl Pts',(-16.9976668764939,0.,175.12277427009));
#873=CARTESIAN_POINT('Ctrl Pts',(-16.9976668764939,-16.9976668764939,175.12277427009));
#874=CARTESIAN_POINT('Ctrl Pts',(0.,-16.9976668764939,175.12277427009));
#875=CARTESIAN_POINT('Ctrl Pts',(16.9976668764939,-16.9976668764939,175.12277427009));
#876=CARTESIAN_POINT('Ctrl Pts',(16.9976668764939,0.,175.12277427009));
#877=CARTESIAN_POINT('Ctrl Pts',(17.3806299020756,0.,173.028116114528));
#878=CARTESIAN_POINT('Ctrl Pts',(17.3806299020756,17.3806299020756,173.028116114528));
#879=CARTESIAN_POINT('Ctrl Pts',(0.,17.3806299020756,173.028116114528));
#880=CARTESIAN_POINT('Ctrl Pts',(-17.3806299020756,17.3806299020756,173.028116114528));
#881=CARTESIAN_POINT('Ctrl Pts',(-17.3806299020756,0.,173.028116114528));
#882=CARTESIAN_POINT('Ctrl Pts',(-17.3806299020756,-17.3806299020756,173.028116114528));
#883=CARTESIAN_POINT('Ctrl Pts',(0.,-17.3806299020756,173.028116114528));
#884=CARTESIAN_POINT('Ctrl Pts',(17.3806299020756,-17.3806299020756,173.028116114528));
#885=CARTESIAN_POINT('Ctrl Pts',(17.3806299020756,0.,173.028116114528));
#886=CARTESIAN_POINT('Ctrl Pts',(17.6503052767342,0.,170.225520965867));
#887=CARTESIAN_POINT('Ctrl Pts',(17.6503052767342,17.6503052767342,170.225520965867));
#888=CARTESIAN_POINT('Ctrl Pts',(0.,17.6503052767342,170.225520965867));
#889=CARTESIAN_POINT('Ctrl Pts',(-17.6503052767342,17.6503052767342,170.225520965867));
#890=CARTESIAN_POINT('Ctrl Pts',(-17.6503052767342,0.,170.225520965867));
#891=CARTESIAN_POINT('Ctrl Pts',(-17.6503052767342,-17.6503052767342,170.225520965867));
#892=CARTESIAN_POINT('Ctrl Pts',(0.,-17.6503052767342,170.225520965867));
#893=CARTESIAN_POINT('Ctrl Pts',(17.6503052767342,-17.6503052767342,170.225520965867));
#894=CARTESIAN_POINT('Ctrl Pts',(17.6503052767342,0.,170.225520965867));
#895=CARTESIAN_POINT('Ctrl Pts',(17.7797583557381,0.,166.761162895859));
#896=CARTESIAN_POINT('Ctrl Pts',(17.7797583557381,17.7797583557381,166.761162895859));
#897=CARTESIAN_POINT('Ctrl Pts',(0.,17.7797583557381,166.761162895859));
#898=CARTESIAN_POINT('Ctrl Pts',(-17.7797583557381,17.7797583557381,166.761162895859));
#899=CARTESIAN_POINT('Ctrl Pts',(-17.7797583557381,0.,166.761162895859));
#900=CARTESIAN_POINT('Ctrl Pts',(-17.7797583557381,-17.7797583557381,166.761162895859));
#901=CARTESIAN_POINT('Ctrl Pts',(0.,-17.7797583557381,166.761162895859));
#902=CARTESIAN_POINT('Ctrl Pts',(17.7797583557381,-17.7797583557381,166.761162895859));
#903=CARTESIAN_POINT('Ctrl Pts',(17.7797583557381,0.,166.761162895859));
#904=CARTESIAN_POINT('Ctrl Pts',(17.8981590632158,0.,162.878635520807));
#905=CARTESIAN_POINT('Ctrl Pts',(17.8981590632157,17.8981590632157,162.878635520807));
#906=CARTESIAN_POINT('Ctrl Pts',(0.,17.8981590632158,162.878635520807));
#907=CARTESIAN_POINT('Ctrl Pts',(-17.8981590632157,17.8981590632157,162.878635520807));
#908=CARTESIAN_POINT('Ctrl Pts',(-17.8981590632158,0.,162.878635520807));
#909=CARTESIAN_POINT('Ctrl Pts',(-17.8981590632157,-17.8981590632157,162.878635520807));
#910=CARTESIAN_POINT('Ctrl Pts',(0.,-17.8981590632158,162.878635520807));
#911=CARTESIAN_POINT('Ctrl Pts',(17.8981590632157,-17.8981590632157,162.878635520807));
#912=CARTESIAN_POINT('Ctrl Pts',(17.8981590632158,0.,162.878635520807));
#913=CARTESIAN_POINT('Ctrl Pts',(18.1874812352331,0.,158.921833716855));
#914=CARTESIAN_POINT('Ctrl Pts',(18.1874812352331,18.1874812352331,158.921833716855));
#915=CARTESIAN_POINT('Ctrl Pts',(0.,18.1874812352331,158.921833716855));
#916=CARTESIAN_POINT('Ctrl Pts',(-18.1874812352331,18.1874812352331,158.921833716855));
#917=CARTESIAN_POINT('Ctrl Pts',(-18.1874812352331,0.,158.921833716855));
#918=CARTESIAN_POINT('Ctrl Pts',(-18.1874812352331,-18.1874812352331,158.921833716855));
#919=CARTESIAN_POINT('Ctrl Pts',(0.,-18.1874812352331,158.921833716855));
#920=CARTESIAN_POINT('Ctrl Pts',(18.1874812352331,-18.1874812352331,158.921833716855));
#921=CARTESIAN_POINT('Ctrl Pts',(18.1874812352331,0.,158.921833716855));
#922=CARTESIAN_POINT('Ctrl Pts',(18.841142071475,0.,155.247440341032));
#923=CARTESIAN_POINT('Ctrl Pts',(18.841142071475,18.841142071475,155.247440341032));
#924=CARTESIAN_POINT('Ctrl Pts',(0.,18.841142071475,155.247440341032));
#925=CARTESIAN_POINT('Ctrl Pts',(-18.841142071475,18.841142071475,155.247440341032));
#926=CARTESIAN_POINT('Ctrl Pts',(-18.841142071475,0.,155.247440341032));
#927=CARTESIAN_POINT('Ctrl Pts',(-18.841142071475,-18.841142071475,155.247440341032));
#928=CARTESIAN_POINT('Ctrl Pts',(0.,-18.841142071475,155.247440341032));
#929=CARTESIAN_POINT('Ctrl Pts',(18.841142071475,-18.841142071475,155.247440341032));
#930=CARTESIAN_POINT('Ctrl Pts',(18.841142071475,0.,155.247440341032));
#931=CARTESIAN_POINT('Ctrl Pts',(19.983640718109,0.,152.104397149287));
#932=CARTESIAN_POINT('Ctrl Pts',(19.983640718109,19.983640718109,152.104397149287));
#933=CARTESIAN_POINT('Ctrl Pts',(0.,19.983640718109,152.104397149287));
#934=CARTESIAN_POINT('Ctrl Pts',(-19.983640718109,19.983640718109,152.104397149287));
#935=CARTESIAN_POINT('Ctrl Pts',(-19.983640718109,0.,152.104397149287));
#936=CARTESIAN_POINT('Ctrl Pts',(-19.983640718109,-19.983640718109,152.104397149287));
#937=CARTESIAN_POINT('Ctrl Pts',(0.,-19.983640718109,152.104397149287));
#938=CARTESIAN_POINT('Ctrl Pts',(19.983640718109,-19.983640718109,152.104397149287));
#939=CARTESIAN_POINT('Ctrl Pts',(19.983640718109,0.,152.104397149287));
#940=CARTESIAN_POINT('Ctrl Pts',(21.6357414952829,0.,149.594681933722));
#941=CARTESIAN_POINT('Ctrl Pts',(21.6357414952828,21.6357414952828,149.594681933722));
#942=CARTESIAN_POINT('Ctrl Pts',(0.,21.6357414952829,149.594681933722));
#943=CARTESIAN_POINT('Ctrl Pts',(-21.6357414952828,21.6357414952828,149.594681933722));
#944=CARTESIAN_POINT('Ctrl Pts',(-21.6357414952829,0.,149.594681933722));
#945=CARTESIAN_POINT('Ctrl Pts',(-21.6357414952828,-21.6357414952828,149.594681933722));
#946=CARTESIAN_POINT('Ctrl Pts',(0.,-21.6357414952829,149.594681933722));
#947=CARTESIAN_POINT('Ctrl Pts',(21.6357414952828,-21.6357414952828,149.594681933722));
#948=CARTESIAN_POINT('Ctrl Pts',(21.6357414952829,0.,149.594681933722));
#949=CARTESIAN_POINT('Ctrl Pts',(23.5920455601083,0.,147.441018282745));
#950=CARTESIAN_POINT('Ctrl Pts',(23.5920455601083,23.5920455601083,147.441018282745));
#951=CARTESIAN_POINT('Ctrl Pts',(0.,23.5920455601083,147.441018282745));
#952=CARTESIAN_POINT('Ctrl Pts',(-23.5920455601083,23.5920455601083,147.441018282745));
#953=CARTESIAN_POINT('Ctrl Pts',(-23.5920455601083,0.,147.441018282745));
#954=CARTESIAN_POINT('Ctrl Pts',(-23.5920455601083,-23.5920455601083,147.441018282745));
#955=CARTESIAN_POINT('Ctrl Pts',(0.,-23.5920455601083,147.441018282745));
#956=CARTESIAN_POINT('Ctrl Pts',(23.5920455601083,-23.5920455601083,147.441018282745));
#957=CARTESIAN_POINT('Ctrl Pts',(23.5920455601083,0.,147.441018282745));
#958=CARTESIAN_POINT('Ctrl Pts',(25.5043010565446,0.,145.230014219569));
#959=CARTESIAN_POINT('Ctrl Pts',(25.5043010565446,25.5043010565446,145.230014219569));
#960=CARTESIAN_POINT('Ctrl Pts',(0.,25.5043010565446,145.230014219569));
#961=CARTESIAN_POINT('Ctrl Pts',(-25.5043010565446,25.5043010565446,145.230014219569));
#962=CARTESIAN_POINT('Ctrl Pts',(-25.5043010565446,0.,145.230014219569));
#963=CARTESIAN_POINT('Ctrl Pts',(-25.5043010565446,-25.5043010565446,145.230014219569));
#964=CARTESIAN_POINT('Ctrl Pts',(0.,-25.5043010565446,145.230014219569));
#965=CARTESIAN_POINT('Ctrl Pts',(25.5043010565446,-25.5043010565446,145.230014219569));
#966=CARTESIAN_POINT('Ctrl Pts',(25.5043010565446,0.,145.230014219569));
#967=CARTESIAN_POINT('Ctrl Pts',(27.2082810655159,0.,143.029878737345));
#968=CARTESIAN_POINT('Ctrl Pts',(27.2082810655159,27.2082810655159,143.029878737345));
#969=CARTESIAN_POINT('Ctrl Pts',(0.,27.2082810655159,143.029878737345));
#970=CARTESIAN_POINT('Ctrl Pts',(-27.2082810655159,27.2082810655159,143.029878737345));
#971=CARTESIAN_POINT('Ctrl Pts',(-27.2082810655159,0.,143.029878737345));
#972=CARTESIAN_POINT('Ctrl Pts',(-27.2082810655159,-27.2082810655159,143.029878737345));
#973=CARTESIAN_POINT('Ctrl Pts',(0.,-27.2082810655159,143.029878737345));
#974=CARTESIAN_POINT('Ctrl Pts',(27.2082810655159,-27.2082810655159,143.029878737345));
#975=CARTESIAN_POINT('Ctrl Pts',(27.2082810655159,0.,143.029878737345));
#976=CARTESIAN_POINT('Ctrl Pts',(28.5932710519519,0.,140.996282383906));
#977=CARTESIAN_POINT('Ctrl Pts',(28.5932710519519,28.5932710519519,140.996282383906));
#978=CARTESIAN_POINT('Ctrl Pts',(0.,28.5932710519519,140.996282383906));
#979=CARTESIAN_POINT('Ctrl Pts',(-28.5932710519519,28.5932710519519,140.996282383906));
#980=CARTESIAN_POINT('Ctrl Pts',(-28.5932710519519,0.,140.996282383906));
#981=CARTESIAN_POINT('Ctrl Pts',(-28.5932710519519,-28.5932710519519,140.996282383906));
#982=CARTESIAN_POINT('Ctrl Pts',(0.,-28.5932710519519,140.996282383906));
#983=CARTESIAN_POINT('Ctrl Pts',(28.5932710519519,-28.5932710519519,140.996282383906));
#984=CARTESIAN_POINT('Ctrl Pts',(28.5932710519519,0.,140.996282383906));
#985=CARTESIAN_POINT('Ctrl Pts',(29.6079078768588,0.,139.222444911438));
#986=CARTESIAN_POINT('Ctrl Pts',(29.6079078768588,29.6079078768588,139.222444911438));
#987=CARTESIAN_POINT('Ctrl Pts',(0.,29.6079078768588,139.222444911438));
#988=CARTESIAN_POINT('Ctrl Pts',(-29.6079078768588,29.6079078768588,139.222444911438));
#989=CARTESIAN_POINT('Ctrl Pts',(-29.6079078768588,0.,139.222444911438));
#990=CARTESIAN_POINT('Ctrl Pts',(-29.6079078768588,-29.6079078768588,139.222444911438));
#991=CARTESIAN_POINT('Ctrl Pts',(0.,-29.6079078768588,139.222444911438));
#992=CARTESIAN_POINT('Ctrl Pts',(29.6079078768588,-29.6079078768588,139.222444911438));
#993=CARTESIAN_POINT('Ctrl Pts',(29.6079078768588,0.,139.222444911438));
#994=CARTESIAN_POINT('Ctrl Pts',(30.2381283500488,0.,137.680492288526));
#995=CARTESIAN_POINT('Ctrl Pts',(30.2381283500488,30.2381283500488,137.680492288526));
#996=CARTESIAN_POINT('Ctrl Pts',(0.,30.2381283500488,137.680492288526));
#997=CARTESIAN_POINT('Ctrl Pts',(-30.2381283500488,30.2381283500488,137.680492288526));
#998=CARTESIAN_POINT('Ctrl Pts',(-30.2381283500488,0.,137.680492288526));
#999=CARTESIAN_POINT('Ctrl Pts',(-30.2381283500488,-30.2381283500488,137.680492288526));
#1000=CARTESIAN_POINT('Ctrl Pts',(0.,-30.2381283500488,137.680492288526));
#1001=CARTESIAN_POINT('Ctrl Pts',(30.2381283500488,-30.2381283500488,137.680492288526));
#1002=CARTESIAN_POINT('Ctrl Pts',(30.2381283500488,0.,137.680492288526));
#1003=CARTESIAN_POINT('Ctrl Pts',(30.4265069858704,0.,135.64830014977));
#1004=CARTESIAN_POINT('Ctrl Pts',(30.4265069858704,30.4265069858704,135.64830014977));
#1005=CARTESIAN_POINT('Ctrl Pts',(0.,30.4265069858704,135.64830014977));
#1006=CARTESIAN_POINT('Ctrl Pts',(-30.4265069858704,30.4265069858704,135.64830014977));
#1007=CARTESIAN_POINT('Ctrl Pts',(-30.4265069858704,0.,135.64830014977));
#1008=CARTESIAN_POINT('Ctrl Pts',(-30.4265069858704,-30.4265069858704,135.64830014977));
#1009=CARTESIAN_POINT('Ctrl Pts',(0.,-30.4265069858704,135.64830014977));
#1010=CARTESIAN_POINT('Ctrl Pts',(30.4265069858704,-30.4265069858704,135.64830014977));
#1011=CARTESIAN_POINT('Ctrl Pts',(30.4265069858704,0.,135.64830014977));
#1012=CARTESIAN_POINT('Ctrl Pts',(30.2908487390481,0.,133.182290723026));
#1013=CARTESIAN_POINT('Ctrl Pts',(30.2908487390481,30.2908487390481,133.182290723026));
#1014=CARTESIAN_POINT('Ctrl Pts',(0.,30.2908487390481,133.182290723026));
#1015=CARTESIAN_POINT('Ctrl Pts',(-30.2908487390481,30.2908487390481,133.182290723026));
#1016=CARTESIAN_POINT('Ctrl Pts',(-30.2908487390481,0.,133.182290723026));
#1017=CARTESIAN_POINT('Ctrl Pts',(-30.2908487390481,-30.2908487390481,133.182290723026));
#1018=CARTESIAN_POINT('Ctrl Pts',(0.,-30.2908487390481,133.182290723026));
#1019=CARTESIAN_POINT('Ctrl Pts',(30.2908487390481,-30.2908487390481,133.182290723026));
#1020=CARTESIAN_POINT('Ctrl Pts',(30.2908487390481,0.,133.182290723026));
#1021=CARTESIAN_POINT('Ctrl Pts',(30.1050066061876,0.,131.3958405663));
#1022=CARTESIAN_POINT('Ctrl Pts',(30.1050066061876,30.1050066061876,131.3958405663));
#1023=CARTESIAN_POINT('Ctrl Pts',(0.,30.1050066061876,131.3958405663));
#1024=CARTESIAN_POINT('Ctrl Pts',(-30.1050066061876,30.1050066061876,131.3958405663));
#1025=CARTESIAN_POINT('Ctrl Pts',(-30.1050066061876,0.,131.3958405663));
#1026=CARTESIAN_POINT('Ctrl Pts',(-30.1050066061876,-30.1050066061876,131.3958405663));
#1027=CARTESIAN_POINT('Ctrl Pts',(0.,-30.1050066061876,131.3958405663));
#1028=CARTESIAN_POINT('Ctrl Pts',(30.1050066061876,-30.1050066061876,131.3958405663));
#1029=CARTESIAN_POINT('Ctrl Pts',(30.1050066061876,0.,131.3958405663));
#1030=CARTESIAN_POINT('Ctrl Pts',(30.0190818675428,0.,130.484801059064));
#1031=CARTESIAN_POINT('Ctrl Pts',(30.0190818675428,30.0190818675428,130.484801059064));
#1032=CARTESIAN_POINT('Ctrl Pts',(0.,30.0190818675428,130.484801059064));
#1033=CARTESIAN_POINT('Ctrl Pts',(-30.0190818675428,30.0190818675428,130.484801059064));
#1034=CARTESIAN_POINT('Ctrl Pts',(-30.0190818675428,0.,130.484801059064));
#1035=CARTESIAN_POINT('Ctrl Pts',(-30.0190818675428,-30.0190818675428,130.484801059064));
#1036=CARTESIAN_POINT('Ctrl Pts',(0.,-30.0190818675428,130.484801059064));
#1037=CARTESIAN_POINT('Ctrl Pts',(30.0190818675428,-30.0190818675428,130.484801059064));
#1038=CARTESIAN_POINT('Ctrl Pts',(30.0190818675428,0.,130.484801059064));
#1039=CARTESIAN_POINT('Ctrl Pts',(30.,0.,130.121043224998));
#1040=CARTESIAN_POINT('Ctrl Pts',(30.,30.,130.121043224998));
#1041=CARTESIAN_POINT('Ctrl Pts',(0.,30.,130.121043224998));
#1042=CARTESIAN_POINT('Ctrl Pts',(-30.,30.,130.121043224998));
#1043=CARTESIAN_POINT('Ctrl Pts',(-30.,0.,130.121043224998));
#1044=CARTESIAN_POINT('Ctrl Pts',(-30.,-30.,130.121043224998));
#1045=CARTESIAN_POINT('Ctrl Pts',(0.,-30.,130.121043224998));
#1046=CARTESIAN_POINT('Ctrl Pts',(30.,-30.,130.121043224998));
#1047=CARTESIAN_POINT('Ctrl Pts',(30.,0.,130.121043224998));
#1048=CARTESIAN_POINT('Ctrl Pts',(30.,0.,130.));
#1049=CARTESIAN_POINT('Ctrl Pts',(30.,30.,130.));
#1050=CARTESIAN_POINT('Ctrl Pts',(0.,30.,130.));
#1051=CARTESIAN_POINT('Ctrl Pts',(-30.,30.,130.));
#1052=CARTESIAN_POINT('Ctrl Pts',(-30.,0.,130.));
#1053=CARTESIAN_POINT('Ctrl Pts',(-30.,-30.,130.));
#1054=CARTESIAN_POINT('Ctrl Pts',(0.,-30.,130.));
#1055=CARTESIAN_POINT('Ctrl Pts',(30.,-30.,130.));
#1056=CARTESIAN_POINT('Ctrl Pts',(30.,0.,130.));
#1057=CARTESIAN_POINT('',(30.,0.,130.));
#1058=CARTESIAN_POINT('Ctrl Pts',(30.,0.,130.));
#1059=CARTESIAN_POINT('Ctrl Pts',(30.,0.,130.121043224998));
#1060=CARTESIAN_POINT('Ctrl Pts',(30.0190818675428,0.,130.484801059064));
#1061=CARTESIAN_POINT('Ctrl Pts',(30.1050066061876,0.,131.3958405663));
#1062=CARTESIAN_POINT('Ctrl Pts',(30.2908487390481,0.,133.182290723026));
#1063=CARTESIAN_POINT('Ctrl Pts',(30.4265069858704,0.,135.64830014977));
#1064=CARTESIAN_POINT('Ctrl Pts',(30.2381283500488,0.,137.680492288526));
#1065=CARTESIAN_POINT('Ctrl Pts',(29.6079078768588,0.,139.222444911438));
#1066=CARTESIAN_POINT('Ctrl Pts',(28.5932710519519,0.,140.996282383906));
#1067=CARTESIAN_POINT('Ctrl Pts',(27.2082810655159,0.,143.029878737345));
#1068=CARTESIAN_POINT('Ctrl Pts',(25.5043010565446,0.,145.230014219569));
#1069=CARTESIAN_POINT('Ctrl Pts',(23.5920455601083,0.,147.441018282745));
#1070=CARTESIAN_POINT('Ctrl Pts',(21.6357414952829,0.,149.594681933722));
#1071=CARTESIAN_POINT('Ctrl Pts',(19.983640718109,0.,152.104397149287));
#1072=CARTESIAN_POINT('Ctrl Pts',(18.841142071475,0.,155.247440341032));
#1073=CARTESIAN_POINT('Ctrl Pts',(18.1874812352331,0.,158.921833716855));
#1074=CARTESIAN_POINT('Ctrl Pts',(17.8981590632158,0.,162.878635520807));
#1075=CARTESIAN_POINT('Ctrl Pts',(17.7797583557381,0.,166.761162895859));
#1076=CARTESIAN_POINT('Ctrl Pts',(17.6503052767342,0.,170.225520965867));
#1077=CARTESIAN_POINT('Ctrl Pts',(17.3806299020756,0.,173.028116114528));
#1078=CARTESIAN_POINT('Ctrl Pts',(16.9976668764939,0.,175.12277427009));
#1079=CARTESIAN_POINT('Ctrl Pts',(16.6550252187828,0.,176.768143371695));
#1080=CARTESIAN_POINT('Ctrl Pts',(16.3113646881652,0.,178.404547649587));
#1081=CARTESIAN_POINT('Ctrl Pts',(15.8795526753142,0.,180.539320755644));
#1082=CARTESIAN_POINT('Ctrl Pts',(15.2389193611012,0.,183.619999849378));
#1083=CARTESIAN_POINT('Ctrl Pts',(14.295675595329,0.,187.938988295359));
#1084=CARTESIAN_POINT('Ctrl Pts',(13.0414746589835,0.,193.462779114518));
#1085=CARTESIAN_POINT('Ctrl Pts',(11.5692159189142,0.,199.836281166145));
#1086=CARTESIAN_POINT('Ctrl Pts',(10.2161196202314,0.,205.954530013183));
#1087=CARTESIAN_POINT('Ctrl Pts',(9.23100951976723,0.,211.108027755308));
#1088=CARTESIAN_POINT('Ctrl Pts',(8.73069047416368,0.,215.066077450651));
#1089=CARTESIAN_POINT('Ctrl Pts',(8.74380967637759,0.,217.884188382625));
#1090=CARTESIAN_POINT('Ctrl Pts',(9.21562177564567,0.,219.834561099378));
#1091=CARTESIAN_POINT('Ctrl Pts',(10.0296544101575,0.,221.285660453431));
#1092=CARTESIAN_POINT('Ctrl Pts',(11.0210478792159,0.,222.601020269337));
#1093=CARTESIAN_POINT('Ctrl Pts',(11.9951364529558,0.,224.037409597296));
#1094=CARTESIAN_POINT('Ctrl Pts',(12.7389629261541,0.,225.623049388658));
#1095=CARTESIAN_POINT('Ctrl Pts',(13.0703532670183,0.,227.248115789212));
#1096=CARTESIAN_POINT('Ctrl Pts',(12.881302510993,0.,228.792891160311));
#1097=CARTESIAN_POINT('Ctrl Pts',(12.2049920711978,0.,230.238741691239));
#1098=CARTESIAN_POINT('Ctrl Pts',(11.2224084824355,0.,231.784032367138));
#1099=CARTESIAN_POINT('Ctrl Pts',(10.2905883766611,0.,233.510856297855));
#1100=CARTESIAN_POINT('Ctrl Pts',(9.73383390039021,0.,235.401499075898));
#1101=CARTESIAN_POINT('Ctrl Pts',(10.2257048082362,0.,236.594983335803));
#1102=CARTESIAN_POINT('Ctrl Pts',(11.3487052972561,0.,236.927636274317));
#1103=CARTESIAN_POINT('Ctrl Pts',(12.0149574213024,0.,237.167824679039));
#1104=CARTESIAN_POINT('Ctrl Pts',(12.0563018508082,0.,237.789622974693));
#1105=CARTESIAN_POINT('Ctrl Pts',(11.7854167301926,0.,238.530322922782));
#1106=CARTESIAN_POINT('Ctrl Pts',(11.4963348558059,0.,239.111828373695));
#1107=CARTESIAN_POINT('Ctrl Pts',(11.3593094992094,0.,239.367262598826));
#1108=CARTESIAN_POINT('',(-30.,-3.67394039744206E-15,130.));
#1109=CARTESIAN_POINT('Origin',(0.,0.,130.));
#1110=CARTESIAN_POINT('Origin',(0.,0.,130.));
#1111=CARTESIAN_POINT('Origin',(0.,0.,5.00000000000001));
#1112=CARTESIAN_POINT('',(-25.,-3.06161699786838E-15,2.50000000000001));
#1113=CARTESIAN_POINT('Origin',(0.,0.,2.50000000000001));
#1114=CARTESIAN_POINT('',(-27.5,-3.36777869765522E-15,5.00000000000001));
#1115=CARTESIAN_POINT('Origin',(-25.,-3.06161699786838E-15,5.00000000000001));
#1116=CARTESIAN_POINT('Origin',(0.,0.,5.00000000000001));
#1117=CARTESIAN_POINT('Origin',(30.,0.,2.50000000000001));
#1118=CARTESIAN_POINT('Origin',(0.,0.,65.));
#1119=CARTESIAN_POINT('',(-27.5,-3.36777869765522E-15,130.));
#1120=CARTESIAN_POINT('',(-27.5,-3.36777869765522E-15,65.));
#1121=CARTESIAN_POINT('',(27.5,6.12323399573677E-16,130.));
#1122=CARTESIAN_POINT('Origin',(0.,0.,130.));
#1123=CARTESIAN_POINT('Origin',(0.,0.,130.));
#1124=CARTESIAN_POINT('Ctrl Pts',(10.4023626441928,0.,239.263254900493));
#1125=CARTESIAN_POINT('Ctrl Pts',(10.4023626441928,10.4023626441928,239.263254900493));
#1126=CARTESIAN_POINT('Ctrl Pts',(0.,10.4023626441928,239.263254900493));
#1127=CARTESIAN_POINT('Ctrl Pts',(-10.4023626441928,10.4023626441928,239.263254900493));
#1128=CARTESIAN_POINT('Ctrl Pts',(-10.4023626441928,0.,239.263254900493));
#1129=CARTESIAN_POINT('Ctrl Pts',(-10.4023626441928,-10.4023626441928,239.263254900493));
#1130=CARTESIAN_POINT('Ctrl Pts',(0.,-10.4023626441928,239.263254900493));
#1131=CARTESIAN_POINT('Ctrl Pts',(10.4023626441928,-10.4023626441928,239.263254900493));
#1132=CARTESIAN_POINT('Ctrl Pts',(10.4023626441928,0.,239.263254900493));
#1133=CARTESIAN_POINT('Ctrl Pts',(10.3898482474806,0.,239.257433166859));
#1134=CARTESIAN_POINT('Ctrl Pts',(10.3898482474806,10.3898482474806,239.257433166859));
#1135=CARTESIAN_POINT('Ctrl Pts',(0.,10.3898482474806,239.257433166859));
#1136=CARTESIAN_POINT('Ctrl Pts',(-10.3898482474806,10.3898482474806,239.257433166859));
#1137=CARTESIAN_POINT('Ctrl Pts',(-10.3898482474806,0.,239.257433166859));
#1138=CARTESIAN_POINT('Ctrl Pts',(-10.3898482474806,-10.3898482474806,239.257433166859));
#1139=CARTESIAN_POINT('Ctrl Pts',(0.,-10.3898482474806,239.257433166859));
#1140=CARTESIAN_POINT('Ctrl Pts',(10.3898482474806,-10.3898482474806,239.257433166859));
#1141=CARTESIAN_POINT('Ctrl Pts',(10.3898482474806,0.,239.257433166859));
#1142=CARTESIAN_POINT('Ctrl Pts',(10.0218380223863,0.,239.141401393692));
#1143=CARTESIAN_POINT('Ctrl Pts',(10.0218380223863,10.0218380223863,239.141401393692));
#1144=CARTESIAN_POINT('Ctrl Pts',(0.,10.0218380223863,239.141401393692));
#1145=CARTESIAN_POINT('Ctrl Pts',(-10.0218380223863,10.0218380223863,239.141401393692));
#1146=CARTESIAN_POINT('Ctrl Pts',(-10.0218380223863,0.,239.141401393692));
#1147=CARTESIAN_POINT('Ctrl Pts',(-10.0218380223863,-10.0218380223863,239.141401393692));
#1148=CARTESIAN_POINT('Ctrl Pts',(0.,-10.0218380223863,239.141401393692));
#1149=CARTESIAN_POINT('Ctrl Pts',(10.0218380223863,-10.0218380223863,239.141401393692));
#1150=CARTESIAN_POINT('Ctrl Pts',(10.0218380223863,0.,239.141401393692));
#1151=CARTESIAN_POINT('Ctrl Pts',(9.49556478372167,0.,238.836982817142));
#1152=CARTESIAN_POINT('Ctrl Pts',(9.49556478372167,9.49556478372167,238.836982817142));
#1153=CARTESIAN_POINT('Ctrl Pts',(0.,9.49556478372167,238.836982817142));
#1154=CARTESIAN_POINT('Ctrl Pts',(-9.49556478372167,9.49556478372167,238.836982817142));
#1155=CARTESIAN_POINT('Ctrl Pts',(-9.49556478372167,0.,238.836982817142));
#1156=CARTESIAN_POINT('Ctrl Pts',(-9.49556478372167,-9.49556478372167,238.836982817142));
#1157=CARTESIAN_POINT('Ctrl Pts',(0.,-9.49556478372167,238.836982817142));
#1158=CARTESIAN_POINT('Ctrl Pts',(9.49556478372167,-9.49556478372167,238.836982817142));
#1159=CARTESIAN_POINT('Ctrl Pts',(9.49556478372167,0.,238.836982817142));
#1160=CARTESIAN_POINT('Ctrl Pts',(9.03810008922885,0.,238.572365996662));
#1161=CARTESIAN_POINT('Ctrl Pts',(9.03810008922885,9.03810008922885,238.572365996662));
#1162=CARTESIAN_POINT('Ctrl Pts',(0.,9.03810008922885,238.572365996662));
#1163=CARTESIAN_POINT('Ctrl Pts',(-9.03810008922885,9.03810008922885,238.572365996662));
#1164=CARTESIAN_POINT('Ctrl Pts',(-9.03810008922885,0.,238.572365996662));
#1165=CARTESIAN_POINT('Ctrl Pts',(-9.03810008922885,-9.03810008922885,238.572365996662));
#1166=CARTESIAN_POINT('Ctrl Pts',(0.,-9.03810008922885,238.572365996662));
#1167=CARTESIAN_POINT('Ctrl Pts',(9.03810008922885,-9.03810008922885,238.572365996662));
#1168=CARTESIAN_POINT('Ctrl Pts',(9.03810008922885,0.,238.572365996662));
#1169=CARTESIAN_POINT('Ctrl Pts',(8.449990071303,0.,238.098450260048));
#1170=CARTESIAN_POINT('Ctrl Pts',(8.44999007130299,8.44999007130299,238.098450260048));
#1171=CARTESIAN_POINT('Ctrl Pts',(0.,8.449990071303,238.098450260048));
#1172=CARTESIAN_POINT('Ctrl Pts',(-8.44999007130299,8.44999007130299,238.098450260048));
#1173=CARTESIAN_POINT('Ctrl Pts',(-8.449990071303,0.,238.098450260048));
#1174=CARTESIAN_POINT('Ctrl Pts',(-8.44999007130299,-8.44999007130299,238.098450260048));
#1175=CARTESIAN_POINT('Ctrl Pts',(0.,-8.449990071303,238.098450260048));
#1176=CARTESIAN_POINT('Ctrl Pts',(8.44999007130299,-8.44999007130299,238.098450260048));
#1177=CARTESIAN_POINT('Ctrl Pts',(8.449990071303,0.,238.098450260048));
#1178=CARTESIAN_POINT('Ctrl Pts',(8.05463262956964,0.,237.434901214581));
#1179=CARTESIAN_POINT('Ctrl Pts',(8.05463262956964,8.05463262956964,237.434901214581));
#1180=CARTESIAN_POINT('Ctrl Pts',(0.,8.05463262956964,237.434901214581));
#1181=CARTESIAN_POINT('Ctrl Pts',(-8.05463262956964,8.05463262956964,237.434901214581));
#1182=CARTESIAN_POINT('Ctrl Pts',(-8.05463262956964,0.,237.434901214581));
#1183=CARTESIAN_POINT('Ctrl Pts',(-8.05463262956964,-8.05463262956964,237.434901214581));
#1184=CARTESIAN_POINT('Ctrl Pts',(0.,-8.05463262956964,237.434901214581));
#1185=CARTESIAN_POINT('Ctrl Pts',(8.05463262956964,-8.05463262956964,237.434901214581));
#1186=CARTESIAN_POINT('Ctrl Pts',(8.05463262956964,0.,237.434901214581));
#1187=CARTESIAN_POINT('Ctrl Pts',(7.6348637379211,0.,236.730381157619));
#1188=CARTESIAN_POINT('Ctrl Pts',(7.63486373792109,7.63486373792109,236.730381157619));
#1189=CARTESIAN_POINT('Ctrl Pts',(0.,7.6348637379211,236.730381157619));
#1190=CARTESIAN_POINT('Ctrl Pts',(-7.63486373792109,7.63486373792109,236.730381157619));
#1191=CARTESIAN_POINT('Ctrl Pts',(-7.6348637379211,0.,236.730381157619));
#1192=CARTESIAN_POINT('Ctrl Pts',(-7.63486373792109,-7.63486373792109,236.730381157619));
#1193=CARTESIAN_POINT('Ctrl Pts',(0.,-7.6348637379211,236.730381157619));
#1194=CARTESIAN_POINT('Ctrl Pts',(7.63486373792109,-7.63486373792109,236.730381157619));
#1195=CARTESIAN_POINT('Ctrl Pts',(7.6348637379211,0.,236.730381157619));
#1196=CARTESIAN_POINT('Ctrl Pts',(7.47297023524232,0.,235.895375248013));
#1197=CARTESIAN_POINT('Ctrl Pts',(7.47297023524232,7.47297023524232,235.895375248013));
#1198=CARTESIAN_POINT('Ctrl Pts',(0.,7.47297023524232,235.895375248013));
#1199=CARTESIAN_POINT('Ctrl Pts',(-7.47297023524232,7.47297023524232,235.895375248013));
#1200=CARTESIAN_POINT('Ctrl Pts',(-7.47297023524232,0.,235.895375248013));
#1201=CARTESIAN_POINT('Ctrl Pts',(-7.47297023524232,-7.47297023524232,235.895375248013));
#1202=CARTESIAN_POINT('Ctrl Pts',(0.,-7.47297023524232,235.895375248013));
#1203=CARTESIAN_POINT('Ctrl Pts',(7.47297023524232,-7.47297023524232,235.895375248013));
#1204=CARTESIAN_POINT('Ctrl Pts',(7.47297023524232,0.,235.895375248013));
#1205=CARTESIAN_POINT('Ctrl Pts',(7.48766741161861,0.,235.167589174527));
#1206=CARTESIAN_POINT('Ctrl Pts',(7.48766741161861,7.48766741161861,235.167589174527));
#1207=CARTESIAN_POINT('Ctrl Pts',(0.,7.48766741161861,235.167589174527));
#1208=CARTESIAN_POINT('Ctrl Pts',(-7.48766741161861,7.48766741161861,235.167589174527));
#1209=CARTESIAN_POINT('Ctrl Pts',(-7.48766741161861,0.,235.167589174527));
#1210=CARTESIAN_POINT('Ctrl Pts',(-7.48766741161861,-7.48766741161861,235.167589174527));
#1211=CARTESIAN_POINT('Ctrl Pts',(0.,-7.48766741161861,235.167589174527));
#1212=CARTESIAN_POINT('Ctrl Pts',(7.48766741161861,-7.48766741161861,235.167589174527));
#1213=CARTESIAN_POINT('Ctrl Pts',(7.48766741161861,0.,235.167589174527));
#1214=CARTESIAN_POINT('Ctrl Pts',(7.51238810023648,0.,233.943451119541));
#1215=CARTESIAN_POINT('Ctrl Pts',(7.51238810023647,7.51238810023647,233.943451119541));
#1216=CARTESIAN_POINT('Ctrl Pts',(0.,7.51238810023648,233.943451119541));
#1217=CARTESIAN_POINT('Ctrl Pts',(-7.51238810023647,7.51238810023647,233.943451119541));
#1218=CARTESIAN_POINT('Ctrl Pts',(-7.51238810023648,0.,233.943451119541));
#1219=CARTESIAN_POINT('Ctrl Pts',(-7.51238810023647,-7.51238810023647,233.943451119541));
#1220=CARTESIAN_POINT('Ctrl Pts',(0.,-7.51238810023648,233.943451119541));
#1221=CARTESIAN_POINT('Ctrl Pts',(7.51238810023647,-7.51238810023647,233.943451119541));
#1222=CARTESIAN_POINT('Ctrl Pts',(7.51238810023648,0.,233.943451119541));
#1223=CARTESIAN_POINT('Ctrl Pts',(7.90457246575066,0.,232.932137595738));
#1224=CARTESIAN_POINT('Ctrl Pts',(7.90457246575066,7.90457246575066,232.932137595738));
#1225=CARTESIAN_POINT('Ctrl Pts',(0.,7.90457246575066,232.932137595738));
#1226=CARTESIAN_POINT('Ctrl Pts',(-7.90457246575066,7.90457246575066,232.932137595738));
#1227=CARTESIAN_POINT('Ctrl Pts',(-7.90457246575066,0.,232.932137595738));
#1228=CARTESIAN_POINT('Ctrl Pts',(-7.90457246575066,-7.90457246575066,232.932137595738));
#1229=CARTESIAN_POINT('Ctrl Pts',(0.,-7.90457246575066,232.932137595738));
#1230=CARTESIAN_POINT('Ctrl Pts',(7.90457246575066,-7.90457246575066,232.932137595738));
#1231=CARTESIAN_POINT('Ctrl Pts',(7.90457246575066,0.,232.932137595738));
#1232=CARTESIAN_POINT('Ctrl Pts',(8.31489955404842,0.,232.034792356295));
#1233=CARTESIAN_POINT('Ctrl Pts',(8.31489955404841,8.31489955404841,232.034792356295));
#1234=CARTESIAN_POINT('Ctrl Pts',(0.,8.31489955404842,232.034792356295));
#1235=CARTESIAN_POINT('Ctrl Pts',(-8.31489955404841,8.31489955404841,232.034792356295));
#1236=CARTESIAN_POINT('Ctrl Pts',(-8.31489955404842,0.,232.034792356295));
#1237=CARTESIAN_POINT('Ctrl Pts',(-8.31489955404841,-8.31489955404841,232.034792356295));
#1238=CARTESIAN_POINT('Ctrl Pts',(0.,-8.31489955404842,232.034792356295));
#1239=CARTESIAN_POINT('Ctrl Pts',(8.31489955404841,-8.31489955404841,232.034792356295));
#1240=CARTESIAN_POINT('Ctrl Pts',(8.31489955404842,0.,232.034792356295));
#1241=CARTESIAN_POINT('Ctrl Pts',(8.87056361596524,0.,230.819609359825));
#1242=CARTESIAN_POINT('Ctrl Pts',(8.87056361596524,8.87056361596524,230.819609359825));
#1243=CARTESIAN_POINT('Ctrl Pts',(0.,8.87056361596524,230.819609359825));
#1244=CARTESIAN_POINT('Ctrl Pts',(-8.87056361596524,8.87056361596524,230.819609359825));
#1245=CARTESIAN_POINT('Ctrl Pts',(-8.87056361596524,0.,230.819609359825));
#1246=CARTESIAN_POINT('Ctrl Pts',(-8.87056361596524,-8.87056361596524,230.819609359825));
#1247=CARTESIAN_POINT('Ctrl Pts',(0.,-8.87056361596524,230.819609359825));
#1248=CARTESIAN_POINT('Ctrl Pts',(8.87056361596524,-8.87056361596524,230.819609359825));
#1249=CARTESIAN_POINT('Ctrl Pts',(8.87056361596524,0.,230.819609359825));
#1250=CARTESIAN_POINT('Ctrl Pts',(9.51887894183999,0.,229.836216750762));
#1251=CARTESIAN_POINT('Ctrl Pts',(9.51887894183999,9.51887894183999,229.836216750762));
#1252=CARTESIAN_POINT('Ctrl Pts',(0.,9.51887894183999,229.836216750762));
#1253=CARTESIAN_POINT('Ctrl Pts',(-9.51887894183999,9.51887894183999,229.836216750762));
#1254=CARTESIAN_POINT('Ctrl Pts',(-9.51887894183999,0.,229.836216750762));
#1255=CARTESIAN_POINT('Ctrl Pts',(-9.51887894183999,-9.51887894183999,229.836216750762));
#1256=CARTESIAN_POINT('Ctrl Pts',(0.,-9.51887894183999,229.836216750762));
#1257=CARTESIAN_POINT('Ctrl Pts',(9.51887894183999,-9.51887894183999,229.836216750762));
#1258=CARTESIAN_POINT('Ctrl Pts',(9.51887894183999,0.,229.836216750762));
#1259=CARTESIAN_POINT('Ctrl Pts',(9.90460708864672,0.,229.122210735945));
#1260=CARTESIAN_POINT('Ctrl Pts',(9.90460708864672,9.90460708864672,229.122210735945));
#1261=CARTESIAN_POINT('Ctrl Pts',(0.,9.90460708864672,229.122210735945));
#1262=CARTESIAN_POINT('Ctrl Pts',(-9.90460708864672,9.90460708864672,229.122210735945));
#1263=CARTESIAN_POINT('Ctrl Pts',(-9.90460708864672,0.,229.122210735945));
#1264=CARTESIAN_POINT('Ctrl Pts',(-9.90460708864672,-9.90460708864672,229.122210735945));
#1265=CARTESIAN_POINT('Ctrl Pts',(0.,-9.90460708864672,229.122210735945));
#1266=CARTESIAN_POINT('Ctrl Pts',(9.90460708864672,-9.90460708864672,229.122210735945));
#1267=CARTESIAN_POINT('Ctrl Pts',(9.90460708864672,0.,229.122210735945));
#1268=CARTESIAN_POINT('Ctrl Pts',(10.317905053342,0.,228.357171328924));
#1269=CARTESIAN_POINT('Ctrl Pts',(10.317905053342,10.317905053342,228.357171328924));
#1270=CARTESIAN_POINT('Ctrl Pts',(0.,10.317905053342,228.357171328924));
#1271=CARTESIAN_POINT('Ctrl Pts',(-10.317905053342,10.317905053342,228.357171328924));
#1272=CARTESIAN_POINT('Ctrl Pts',(-10.317905053342,0.,228.357171328924));
#1273=CARTESIAN_POINT('Ctrl Pts',(-10.317905053342,-10.317905053342,228.357171328924));
#1274=CARTESIAN_POINT('Ctrl Pts',(0.,-10.317905053342,228.357171328924));
#1275=CARTESIAN_POINT('Ctrl Pts',(10.317905053342,-10.317905053342,228.357171328924));
#1276=CARTESIAN_POINT('Ctrl Pts',(10.317905053342,0.,228.357171328924));
#1277=CARTESIAN_POINT('Ctrl Pts',(10.434763729441,0.,227.961289639747));
#1278=CARTESIAN_POINT('Ctrl Pts',(10.434763729441,10.434763729441,227.961289639747));
#1279=CARTESIAN_POINT('Ctrl Pts',(0.,10.434763729441,227.961289639747));
#1280=CARTESIAN_POINT('Ctrl Pts',(-10.434763729441,10.434763729441,227.961289639747));
#1281=CARTESIAN_POINT('Ctrl Pts',(-10.434763729441,0.,227.961289639747));
#1282=CARTESIAN_POINT('Ctrl Pts',(-10.434763729441,-10.434763729441,227.961289639747));
#1283=CARTESIAN_POINT('Ctrl Pts',(0.,-10.434763729441,227.961289639747));
#1284=CARTESIAN_POINT('Ctrl Pts',(10.434763729441,-10.434763729441,227.961289639747));
#1285=CARTESIAN_POINT('Ctrl Pts',(10.434763729441,0.,227.961289639747));
#1286=CARTESIAN_POINT('Ctrl Pts',(10.4454314929593,0.,227.498816866211));
#1287=CARTESIAN_POINT('Ctrl Pts',(10.4454314929593,10.4454314929593,227.498816866211));
#1288=CARTESIAN_POINT('Ctrl Pts',(0.,10.4454314929593,227.498816866211));
#1289=CARTESIAN_POINT('Ctrl Pts',(-10.4454314929593,10.4454314929593,227.498816866211));
#1290=CARTESIAN_POINT('Ctrl Pts',(-10.4454314929593,0.,227.498816866211));
#1291=CARTESIAN_POINT('Ctrl Pts',(-10.4454314929593,-10.4454314929593,227.498816866211));
#1292=CARTESIAN_POINT('Ctrl Pts',(0.,-10.4454314929593,227.498816866211));
#1293=CARTESIAN_POINT('Ctrl Pts',(10.4454314929593,-10.4454314929593,227.498816866211));
#1294=CARTESIAN_POINT('Ctrl Pts',(10.4454314929593,0.,227.498816866211));
#1295=CARTESIAN_POINT('Ctrl Pts',(10.4563973540084,0.,227.023420859839));
#1296=CARTESIAN_POINT('Ctrl Pts',(10.4563973540084,10.4563973540084,227.023420859839));
#1297=CARTESIAN_POINT('Ctrl Pts',(0.,10.4563973540084,227.023420859839));
#1298=CARTESIAN_POINT('Ctrl Pts',(-10.4563973540084,10.4563973540084,227.023420859839));
#1299=CARTESIAN_POINT('Ctrl Pts',(-10.4563973540084,0.,227.023420859839));
#1300=CARTESIAN_POINT('Ctrl Pts',(-10.4563973540084,-10.4563973540084,227.023420859839));
#1301=CARTESIAN_POINT('Ctrl Pts',(0.,-10.4563973540084,227.023420859839));
#1302=CARTESIAN_POINT('Ctrl Pts',(10.4563973540084,-10.4563973540084,227.023420859839));
#1303=CARTESIAN_POINT('Ctrl Pts',(10.4563973540084,0.,227.023420859839));
#1304=CARTESIAN_POINT('Ctrl Pts',(10.3103086339822,0.,226.399160520389));
#1305=CARTESIAN_POINT('Ctrl Pts',(10.3103086339822,10.3103086339822,226.399160520389));
#1306=CARTESIAN_POINT('Ctrl Pts',(0.,10.3103086339822,226.399160520389));
#1307=CARTESIAN_POINT('Ctrl Pts',(-10.3103086339822,10.3103086339822,226.399160520389));
#1308=CARTESIAN_POINT('Ctrl Pts',(-10.3103086339822,0.,226.399160520389));
#1309=CARTESIAN_POINT('Ctrl Pts',(-10.3103086339822,-10.3103086339822,226.399160520389));
#1310=CARTESIAN_POINT('Ctrl Pts',(0.,-10.3103086339822,226.399160520389));
#1311=CARTESIAN_POINT('Ctrl Pts',(10.3103086339822,-10.3103086339822,226.399160520389));
#1312=CARTESIAN_POINT('Ctrl Pts',(10.3103086339822,0.,226.399160520389));
#1313=CARTESIAN_POINT('Ctrl Pts',(9.95972468886759,0.,225.682335945359));
#1314=CARTESIAN_POINT('Ctrl Pts',(9.95972468886759,9.95972468886759,225.682335945359));
#1315=CARTESIAN_POINT('Ctrl Pts',(0.,9.95972468886759,225.682335945359));
#1316=CARTESIAN_POINT('Ctrl Pts',(-9.95972468886759,9.95972468886759,225.682335945359));
#1317=CARTESIAN_POINT('Ctrl Pts',(-9.95972468886759,0.,225.682335945359));
#1318=CARTESIAN_POINT('Ctrl Pts',(-9.95972468886759,-9.95972468886759,225.682335945359));
#1319=CARTESIAN_POINT('Ctrl Pts',(0.,-9.95972468886759,225.682335945359));
#1320=CARTESIAN_POINT('Ctrl Pts',(9.95972468886759,-9.95972468886759,225.682335945359));
#1321=CARTESIAN_POINT('Ctrl Pts',(9.95972468886759,0.,225.682335945359));
#1322=CARTESIAN_POINT('Ctrl Pts',(9.62432139354437,0.,224.996550620663));
#1323=CARTESIAN_POINT('Ctrl Pts',(9.62432139354437,9.62432139354437,224.996550620663));
#1324=CARTESIAN_POINT('Ctrl Pts',(0.,9.62432139354437,224.996550620663));
#1325=CARTESIAN_POINT('Ctrl Pts',(-9.62432139354437,9.62432139354437,224.996550620663));
#1326=CARTESIAN_POINT('Ctrl Pts',(-9.62432139354437,0.,224.996550620663));
#1327=CARTESIAN_POINT('Ctrl Pts',(-9.62432139354437,-9.62432139354437,224.996550620663));
#1328=CARTESIAN_POINT('Ctrl Pts',(0.,-9.62432139354437,224.996550620663));
#1329=CARTESIAN_POINT('Ctrl Pts',(9.62432139354437,-9.62432139354437,224.996550620663));
#1330=CARTESIAN_POINT('Ctrl Pts',(9.62432139354437,0.,224.996550620663));
#1331=CARTESIAN_POINT('Ctrl Pts',(9.12502909656104,0.,224.290781285338));
#1332=CARTESIAN_POINT('Ctrl Pts',(9.12502909656104,9.12502909656104,224.290781285338));
#1333=CARTESIAN_POINT('Ctrl Pts',(0.,9.12502909656104,224.290781285338));
#1334=CARTESIAN_POINT('Ctrl Pts',(-9.12502909656104,9.12502909656104,224.290781285338));
#1335=CARTESIAN_POINT('Ctrl Pts',(-9.12502909656104,0.,224.290781285338));
#1336=CARTESIAN_POINT('Ctrl Pts',(-9.12502909656104,-9.12502909656104,224.290781285338));
#1337=CARTESIAN_POINT('Ctrl Pts',(0.,-9.12502909656104,224.290781285338));
#1338=CARTESIAN_POINT('Ctrl Pts',(9.12502909656104,-9.12502909656104,224.290781285338));
#1339=CARTESIAN_POINT('Ctrl Pts',(9.12502909656104,0.,224.290781285338));
#1340=CARTESIAN_POINT('Ctrl Pts',(8.5236197785435,0.,223.42823632499));
#1341=CARTESIAN_POINT('Ctrl Pts',(8.5236197785435,8.5236197785435,223.42823632499));
#1342=CARTESIAN_POINT('Ctrl Pts',(0.,8.5236197785435,223.42823632499));
#1343=CARTESIAN_POINT('Ctrl Pts',(-8.5236197785435,8.5236197785435,223.42823632499));
#1344=CARTESIAN_POINT('Ctrl Pts',(-8.5236197785435,0.,223.42823632499));
#1345=CARTESIAN_POINT('Ctrl Pts',(-8.5236197785435,-8.5236197785435,223.42823632499));
#1346=CARTESIAN_POINT('Ctrl Pts',(0.,-8.5236197785435,223.42823632499));
#1347=CARTESIAN_POINT('Ctrl Pts',(8.5236197785435,-8.5236197785435,223.42823632499));
#1348=CARTESIAN_POINT('Ctrl Pts',(8.5236197785435,0.,223.42823632499));
#1349=CARTESIAN_POINT('Ctrl Pts',(7.96571825133176,0.,222.628090507074));
#1350=CARTESIAN_POINT('Ctrl Pts',(7.96571825133176,7.96571825133176,222.628090507074));
#1351=CARTESIAN_POINT('Ctrl Pts',(0.,7.96571825133176,222.628090507074));
#1352=CARTESIAN_POINT('Ctrl Pts',(-7.96571825133176,7.96571825133176,222.628090507074));
#1353=CARTESIAN_POINT('Ctrl Pts',(-7.96571825133176,0.,222.628090507074));
#1354=CARTESIAN_POINT('Ctrl Pts',(-7.96571825133176,-7.96571825133176,222.628090507074));
#1355=CARTESIAN_POINT('Ctrl Pts',(0.,-7.96571825133176,222.628090507074));
#1356=CARTESIAN_POINT('Ctrl Pts',(7.96571825133176,-7.96571825133176,222.628090507074));
#1357=CARTESIAN_POINT('Ctrl Pts',(7.96571825133176,0.,222.628090507074));
#1358=CARTESIAN_POINT('Ctrl Pts',(7.29260303818177,0.,221.619803300626));
#1359=CARTESIAN_POINT('Ctrl Pts',(7.29260303818177,7.29260303818177,221.619803300626));
#1360=CARTESIAN_POINT('Ctrl Pts',(0.,7.29260303818177,221.619803300626));
#1361=CARTESIAN_POINT('Ctrl Pts',(-7.29260303818177,7.29260303818177,221.619803300626));
#1362=CARTESIAN_POINT('Ctrl Pts',(-7.29260303818177,0.,221.619803300626));
#1363=CARTESIAN_POINT('Ctrl Pts',(-7.29260303818177,-7.29260303818177,221.619803300626));
#1364=CARTESIAN_POINT('Ctrl Pts',(0.,-7.29260303818177,221.619803300626));
#1365=CARTESIAN_POINT('Ctrl Pts',(7.29260303818177,-7.29260303818177,221.619803300626));
#1366=CARTESIAN_POINT('Ctrl Pts',(7.29260303818177,0.,221.619803300626));
#1367=CARTESIAN_POINT('Ctrl Pts',(6.85070281458747,0.,220.273476227894));
#1368=CARTESIAN_POINT('Ctrl Pts',(6.85070281458747,6.85070281458747,220.273476227894));
#1369=CARTESIAN_POINT('Ctrl Pts',(0.,6.85070281458747,220.273476227894));
#1370=CARTESIAN_POINT('Ctrl Pts',(-6.85070281458747,6.85070281458747,220.273476227894));
#1371=CARTESIAN_POINT('Ctrl Pts',(-6.85070281458747,0.,220.273476227894));
#1372=CARTESIAN_POINT('Ctrl Pts',(-6.85070281458747,-6.85070281458747,220.273476227894));
#1373=CARTESIAN_POINT('Ctrl Pts',(0.,-6.85070281458747,220.273476227894));
#1374=CARTESIAN_POINT('Ctrl Pts',(6.85070281458747,-6.85070281458747,220.273476227894));
#1375=CARTESIAN_POINT('Ctrl Pts',(6.85070281458747,0.,220.273476227894));
#1376=CARTESIAN_POINT('Ctrl Pts',(6.39790276890181,0.,218.893940922204));
#1377=CARTESIAN_POINT('Ctrl Pts',(6.39790276890181,6.39790276890181,218.893940922204));
#1378=CARTESIAN_POINT('Ctrl Pts',(0.,6.39790276890181,218.893940922204));
#1379=CARTESIAN_POINT('Ctrl Pts',(-6.39790276890181,6.39790276890181,218.893940922204));
#1380=CARTESIAN_POINT('Ctrl Pts',(-6.39790276890181,0.,218.893940922204));
#1381=CARTESIAN_POINT('Ctrl Pts',(-6.39790276890181,-6.39790276890181,218.893940922204));
#1382=CARTESIAN_POINT('Ctrl Pts',(0.,-6.39790276890181,218.893940922204));
#1383=CARTESIAN_POINT('Ctrl Pts',(6.39790276890181,-6.39790276890181,218.893940922204));
#1384=CARTESIAN_POINT('Ctrl Pts',(6.39790276890181,0.,218.893940922204));
#1385=CARTESIAN_POINT('Ctrl Pts',(6.2268359168155,0.,217.252999012402));
#1386=CARTESIAN_POINT('Ctrl Pts',(6.2268359168155,6.2268359168155,217.252999012402));
#1387=CARTESIAN_POINT('Ctrl Pts',(0.,6.2268359168155,217.252999012402));
#1388=CARTESIAN_POINT('Ctrl Pts',(-6.2268359168155,6.2268359168155,217.252999012402));
#1389=CARTESIAN_POINT('Ctrl Pts',(-6.2268359168155,0.,217.252999012402));
#1390=CARTESIAN_POINT('Ctrl Pts',(-6.2268359168155,-6.2268359168155,217.252999012402));
#1391=CARTESIAN_POINT('Ctrl Pts',(0.,-6.2268359168155,217.252999012402));
#1392=CARTESIAN_POINT('Ctrl Pts',(6.2268359168155,-6.2268359168155,217.252999012402));
#1393=CARTESIAN_POINT('Ctrl Pts',(6.2268359168155,0.,217.252999012402));
#1394=CARTESIAN_POINT('Ctrl Pts',(6.32650472266415,0.,215.23219414682));
#1395=CARTESIAN_POINT('Ctrl Pts',(6.32650472266415,6.32650472266415,215.23219414682));
#1396=CARTESIAN_POINT('Ctrl Pts',(0.,6.32650472266415,215.23219414682));
#1397=CARTESIAN_POINT('Ctrl Pts',(-6.32650472266415,6.32650472266415,215.23219414682));
#1398=CARTESIAN_POINT('Ctrl Pts',(-6.32650472266415,0.,215.23219414682));
#1399=CARTESIAN_POINT('Ctrl Pts',(-6.32650472266415,-6.32650472266415,215.23219414682));
#1400=CARTESIAN_POINT('Ctrl Pts',(0.,-6.32650472266415,215.23219414682));
#1401=CARTESIAN_POINT('Ctrl Pts',(6.32650472266415,-6.32650472266415,215.23219414682));
#1402=CARTESIAN_POINT('Ctrl Pts',(6.32650472266415,0.,215.23219414682));
#1403=CARTESIAN_POINT('Ctrl Pts',(6.42947026816594,0.,213.144547228953));
#1404=CARTESIAN_POINT('Ctrl Pts',(6.42947026816594,6.42947026816594,213.144547228953));
#1405=CARTESIAN_POINT('Ctrl Pts',(0.,6.42947026816594,213.144547228953));
#1406=CARTESIAN_POINT('Ctrl Pts',(-6.42947026816594,6.42947026816594,213.144547228953));
#1407=CARTESIAN_POINT('Ctrl Pts',(-6.42947026816594,0.,213.144547228953));
#1408=CARTESIAN_POINT('Ctrl Pts',(-6.42947026816594,-6.42947026816594,213.144547228953));
#1409=CARTESIAN_POINT('Ctrl Pts',(0.,-6.42947026816594,213.144547228953));
#1410=CARTESIAN_POINT('Ctrl Pts',(6.42947026816594,-6.42947026816594,213.144547228953));
#1411=CARTESIAN_POINT('Ctrl Pts',(6.42947026816594,0.,213.144547228953));
#1412=CARTESIAN_POINT('Ctrl Pts',(6.81135419933674,0.,210.580440079611));
#1413=CARTESIAN_POINT('Ctrl Pts',(6.81135419933674,6.81135419933674,210.580440079611));
#1414=CARTESIAN_POINT('Ctrl Pts',(0.,6.81135419933674,210.580440079611));
#1415=CARTESIAN_POINT('Ctrl Pts',(-6.81135419933674,6.81135419933674,210.580440079611));
#1416=CARTESIAN_POINT('Ctrl Pts',(-6.81135419933674,0.,210.580440079611));
#1417=CARTESIAN_POINT('Ctrl Pts',(-6.81135419933674,-6.81135419933674,210.580440079611));
#1418=CARTESIAN_POINT('Ctrl Pts',(0.,-6.81135419933674,210.580440079611));
#1419=CARTESIAN_POINT('Ctrl Pts',(6.81135419933674,-6.81135419933674,210.580440079611));
#1420=CARTESIAN_POINT('Ctrl Pts',(6.81135419933674,0.,210.580440079611));
#1421=CARTESIAN_POINT('Ctrl Pts',(7.40746671838282,0.,207.473524162731));
#1422=CARTESIAN_POINT('Ctrl Pts',(7.40746671838282,7.40746671838282,207.473524162731));
#1423=CARTESIAN_POINT('Ctrl Pts',(0.,7.40746671838282,207.473524162731));
#1424=CARTESIAN_POINT('Ctrl Pts',(-7.40746671838282,7.40746671838282,207.473524162731));
#1425=CARTESIAN_POINT('Ctrl Pts',(-7.40746671838282,0.,207.473524162731));
#1426=CARTESIAN_POINT('Ctrl Pts',(-7.40746671838282,-7.40746671838282,207.473524162731));
#1427=CARTESIAN_POINT('Ctrl Pts',(0.,-7.40746671838282,207.473524162731));
#1428=CARTESIAN_POINT('Ctrl Pts',(7.40746671838282,-7.40746671838282,207.473524162731));
#1429=CARTESIAN_POINT('Ctrl Pts',(7.40746671838282,0.,207.473524162731));
#1430=CARTESIAN_POINT('Ctrl Pts',(7.95935347859956,0.,204.597111229185));
#1431=CARTESIAN_POINT('Ctrl Pts',(7.95935347859956,7.95935347859956,204.597111229185));
#1432=CARTESIAN_POINT('Ctrl Pts',(0.,7.95935347859956,204.597111229185));
#1433=CARTESIAN_POINT('Ctrl Pts',(-7.95935347859956,7.95935347859956,204.597111229185));
#1434=CARTESIAN_POINT('Ctrl Pts',(-7.95935347859956,0.,204.597111229185));
#1435=CARTESIAN_POINT('Ctrl Pts',(-7.95935347859956,-7.95935347859956,204.597111229185));
#1436=CARTESIAN_POINT('Ctrl Pts',(0.,-7.95935347859956,204.597111229185));
#1437=CARTESIAN_POINT('Ctrl Pts',(7.95935347859956,-7.95935347859956,204.597111229185));
#1438=CARTESIAN_POINT('Ctrl Pts',(7.95935347859956,0.,204.597111229185));
#1439=CARTESIAN_POINT('Ctrl Pts',(8.69981666706655,0.,201.247295751266));
#1440=CARTESIAN_POINT('Ctrl Pts',(8.69981666706654,8.69981666706654,201.247295751266));
#1441=CARTESIAN_POINT('Ctrl Pts',(0.,8.69981666706655,201.247295751266));
#1442=CARTESIAN_POINT('Ctrl Pts',(-8.69981666706654,8.69981666706654,201.247295751266));
#1443=CARTESIAN_POINT('Ctrl Pts',(-8.69981666706655,0.,201.247295751266));
#1444=CARTESIAN_POINT('Ctrl Pts',(-8.69981666706654,-8.69981666706654,201.247295751266));
#1445=CARTESIAN_POINT('Ctrl Pts',(0.,-8.69981666706655,201.247295751266));
#1446=CARTESIAN_POINT('Ctrl Pts',(8.69981666706654,-8.69981666706654,201.247295751266));
#1447=CARTESIAN_POINT('Ctrl Pts',(8.69981666706655,0.,201.247295751266));
#1448=CARTESIAN_POINT('Ctrl Pts',(9.46467644234698,0.,197.875322651582));
#1449=CARTESIAN_POINT('Ctrl Pts',(9.46467644234698,9.46467644234698,197.875322651582));
#1450=CARTESIAN_POINT('Ctrl Pts',(0.,9.46467644234698,197.875322651582));
#1451=CARTESIAN_POINT('Ctrl Pts',(-9.46467644234698,9.46467644234698,197.875322651582));
#1452=CARTESIAN_POINT('Ctrl Pts',(-9.46467644234698,0.,197.875322651582));
#1453=CARTESIAN_POINT('Ctrl Pts',(-9.46467644234698,-9.46467644234698,197.875322651582));
#1454=CARTESIAN_POINT('Ctrl Pts',(0.,-9.46467644234698,197.875322651582));
#1455=CARTESIAN_POINT('Ctrl Pts',(9.46467644234698,-9.46467644234698,197.875322651582));
#1456=CARTESIAN_POINT('Ctrl Pts',(9.46467644234698,0.,197.875322651582));
#1457=CARTESIAN_POINT('Ctrl Pts',(10.1738393929174,0.,194.748895468588));
#1458=CARTESIAN_POINT('Ctrl Pts',(10.1738393929174,10.1738393929174,194.748895468588));
#1459=CARTESIAN_POINT('Ctrl Pts',(0.,10.1738393929174,194.748895468588));
#1460=CARTESIAN_POINT('Ctrl Pts',(-10.1738393929174,10.1738393929174,194.748895468588));
#1461=CARTESIAN_POINT('Ctrl Pts',(-10.1738393929174,0.,194.748895468588));
#1462=CARTESIAN_POINT('Ctrl Pts',(-10.1738393929174,-10.1738393929174,194.748895468588));
#1463=CARTESIAN_POINT('Ctrl Pts',(0.,-10.1738393929174,194.748895468588));
#1464=CARTESIAN_POINT('Ctrl Pts',(10.1738393929174,-10.1738393929174,194.748895468588));
#1465=CARTESIAN_POINT('Ctrl Pts',(10.1738393929174,0.,194.748895468588));
#1466=CARTESIAN_POINT('Ctrl Pts',(10.8836609131159,0.,191.673708485044));
#1467=CARTESIAN_POINT('Ctrl Pts',(10.8836609131159,10.8836609131159,191.673708485044));
#1468=CARTESIAN_POINT('Ctrl Pts',(0.,10.8836609131159,191.673708485044));
#1469=CARTESIAN_POINT('Ctrl Pts',(-10.8836609131159,10.8836609131159,191.673708485044));
#1470=CARTESIAN_POINT('Ctrl Pts',(-10.8836609131159,0.,191.673708485044));
#1471=CARTESIAN_POINT('Ctrl Pts',(-10.8836609131159,-10.8836609131159,191.673708485044));
#1472=CARTESIAN_POINT('Ctrl Pts',(0.,-10.8836609131159,191.673708485044));
#1473=CARTESIAN_POINT('Ctrl Pts',(10.8836609131159,-10.8836609131159,191.673708485044));
#1474=CARTESIAN_POINT('Ctrl Pts',(10.8836609131159,0.,191.673708485044));
#1475=CARTESIAN_POINT('Ctrl Pts',(11.4728608450281,0.,189.057197079325));
#1476=CARTESIAN_POINT('Ctrl Pts',(11.4728608450281,11.4728608450281,189.057197079325));
#1477=CARTESIAN_POINT('Ctrl Pts',(0.,11.4728608450281,189.057197079325));
#1478=CARTESIAN_POINT('Ctrl Pts',(-11.4728608450281,11.4728608450281,189.057197079325));
#1479=CARTESIAN_POINT('Ctrl Pts',(-11.4728608450281,0.,189.057197079325));
#1480=CARTESIAN_POINT('Ctrl Pts',(-11.4728608450281,-11.4728608450281,189.057197079325));
#1481=CARTESIAN_POINT('Ctrl Pts',(0.,-11.4728608450281,189.057197079325));
#1482=CARTESIAN_POINT('Ctrl Pts',(11.4728608450281,-11.4728608450281,189.057197079325));
#1483=CARTESIAN_POINT('Ctrl Pts',(11.4728608450281,0.,189.057197079325));
#1484=CARTESIAN_POINT('Ctrl Pts',(12.151937245985,0.,186.041563417095));
#1485=CARTESIAN_POINT('Ctrl Pts',(12.151937245985,12.151937245985,186.041563417095));
#1486=CARTESIAN_POINT('Ctrl Pts',(0.,12.151937245985,186.041563417095));
#1487=CARTESIAN_POINT('Ctrl Pts',(-12.151937245985,12.151937245985,186.041563417095));
#1488=CARTESIAN_POINT('Ctrl Pts',(-12.151937245985,0.,186.041563417095));
#1489=CARTESIAN_POINT('Ctrl Pts',(-12.151937245985,-12.151937245985,186.041563417095));
#1490=CARTESIAN_POINT('Ctrl Pts',(0.,-12.151937245985,186.041563417095));
#1491=CARTESIAN_POINT('Ctrl Pts',(12.151937245985,-12.151937245985,186.041563417095));
#1492=CARTESIAN_POINT('Ctrl Pts',(12.151937245985,0.,186.041563417095));
#1493=CARTESIAN_POINT('Ctrl Pts',(12.6767825870735,0.,183.622286142068));
#1494=CARTESIAN_POINT('Ctrl Pts',(12.6767825870735,12.6767825870735,183.622286142068));
#1495=CARTESIAN_POINT('Ctrl Pts',(0.,12.6767825870735,183.622286142068));
#1496=CARTESIAN_POINT('Ctrl Pts',(-12.6767825870735,12.6767825870735,183.622286142068));
#1497=CARTESIAN_POINT('Ctrl Pts',(-12.6767825870735,0.,183.622286142068));
#1498=CARTESIAN_POINT('Ctrl Pts',(-12.6767825870735,-12.6767825870735,183.622286142068));
#1499=CARTESIAN_POINT('Ctrl Pts',(0.,-12.6767825870735,183.622286142068));
#1500=CARTESIAN_POINT('Ctrl Pts',(12.6767825870735,-12.6767825870735,183.622286142068));
#1501=CARTESIAN_POINT('Ctrl Pts',(12.6767825870735,0.,183.622286142068));
#1502=CARTESIAN_POINT('Ctrl Pts',(13.0618698514535,0.,181.791663631776));
#1503=CARTESIAN_POINT('Ctrl Pts',(13.0618698514535,13.0618698514535,181.791663631776));
#1504=CARTESIAN_POINT('Ctrl Pts',(0.,13.0618698514535,181.791663631776));
#1505=CARTESIAN_POINT('Ctrl Pts',(-13.0618698514535,13.0618698514535,181.791663631776));
#1506=CARTESIAN_POINT('Ctrl Pts',(-13.0618698514535,0.,181.791663631776));
#1507=CARTESIAN_POINT('Ctrl Pts',(-13.0618698514535,-13.0618698514535,181.791663631776));
#1508=CARTESIAN_POINT('Ctrl Pts',(0.,-13.0618698514535,181.791663631776));
#1509=CARTESIAN_POINT('Ctrl Pts',(13.0618698514535,-13.0618698514535,181.791663631776));
#1510=CARTESIAN_POINT('Ctrl Pts',(13.0618698514535,0.,181.791663631776));
#1511=CARTESIAN_POINT('Ctrl Pts',(13.6567482735476,0.,178.963738818095));
#1512=CARTESIAN_POINT('Ctrl Pts',(13.6567482735476,13.6567482735476,178.963738818095));
#1513=CARTESIAN_POINT('Ctrl Pts',(0.,13.6567482735476,178.963738818095));
#1514=CARTESIAN_POINT('Ctrl Pts',(-13.6567482735476,13.6567482735476,178.963738818095));
#1515=CARTESIAN_POINT('Ctrl Pts',(-13.6567482735476,0.,178.963738818095));
#1516=CARTESIAN_POINT('Ctrl Pts',(-13.6567482735476,-13.6567482735476,178.963738818095));
#1517=CARTESIAN_POINT('Ctrl Pts',(0.,-13.6567482735476,178.963738818095));
#1518=CARTESIAN_POINT('Ctrl Pts',(13.6567482735476,-13.6567482735476,178.963738818095));
#1519=CARTESIAN_POINT('Ctrl Pts',(13.6567482735476,0.,178.963738818095));
#1520=CARTESIAN_POINT('Ctrl Pts',(13.9540827925062,0.,177.482841212322));
#1521=CARTESIAN_POINT('Ctrl Pts',(13.9540827925061,13.9540827925061,177.482841212322));
#1522=CARTESIAN_POINT('Ctrl Pts',(0.,13.9540827925062,177.482841212322));
#1523=CARTESIAN_POINT('Ctrl Pts',(-13.9540827925061,13.9540827925061,177.482841212322));
#1524=CARTESIAN_POINT('Ctrl Pts',(-13.9540827925062,0.,177.482841212322));
#1525=CARTESIAN_POINT('Ctrl Pts',(-13.9540827925061,-13.9540827925061,177.482841212322));
#1526=CARTESIAN_POINT('Ctrl Pts',(0.,-13.9540827925062,177.482841212322));
#1527=CARTESIAN_POINT('Ctrl Pts',(13.9540827925061,-13.9540827925061,177.482841212322));
#1528=CARTESIAN_POINT('Ctrl Pts',(13.9540827925062,0.,177.482841212322));
#1529=CARTESIAN_POINT('Ctrl Pts',(14.2625172439975,0.,175.987946999463));
#1530=CARTESIAN_POINT('Ctrl Pts',(14.2625172439975,14.2625172439975,175.987946999463));
#1531=CARTESIAN_POINT('Ctrl Pts',(0.,14.2625172439975,175.987946999463));
#1532=CARTESIAN_POINT('Ctrl Pts',(-14.2625172439975,14.2625172439975,175.987946999463));
#1533=CARTESIAN_POINT('Ctrl Pts',(-14.2625172439975,0.,175.987946999463));
#1534=CARTESIAN_POINT('Ctrl Pts',(-14.2625172439975,-14.2625172439975,175.987946999463));
#1535=CARTESIAN_POINT('Ctrl Pts',(0.,-14.2625172439975,175.987946999463));
#1536=CARTESIAN_POINT('Ctrl Pts',(14.2625172439975,-14.2625172439975,175.987946999463));
#1537=CARTESIAN_POINT('Ctrl Pts',(14.2625172439975,0.,175.987946999463));
#1538=CARTESIAN_POINT('Ctrl Pts',(14.5323973890525,0.,174.679914563211));
#1539=CARTESIAN_POINT('Ctrl Pts',(14.5323973890525,14.5323973890525,174.679914563211));
#1540=CARTESIAN_POINT('Ctrl Pts',(0.,14.5323973890525,174.679914563211));
#1541=CARTESIAN_POINT('Ctrl Pts',(-14.5323973890525,14.5323973890525,174.679914563211));
#1542=CARTESIAN_POINT('Ctrl Pts',(-14.5323973890525,0.,174.679914563211));
#1543=CARTESIAN_POINT('Ctrl Pts',(-14.5323973890525,-14.5323973890525,174.679914563211));
#1544=CARTESIAN_POINT('Ctrl Pts',(0.,-14.5323973890525,174.679914563211));
#1545=CARTESIAN_POINT('Ctrl Pts',(14.5323973890525,-14.5323973890525,174.679914563211));
#1546=CARTESIAN_POINT('Ctrl Pts',(14.5323973890525,0.,174.679914563211));
#1547=CARTESIAN_POINT('Ctrl Pts',(14.8212488625709,0.,173.33501611027));
#1548=CARTESIAN_POINT('Ctrl Pts',(14.8212488625709,14.8212488625709,173.33501611027));
#1549=CARTESIAN_POINT('Ctrl Pts',(0.,14.8212488625709,173.33501611027));
#1550=CARTESIAN_POINT('Ctrl Pts',(-14.8212488625709,14.8212488625709,173.33501611027));
#1551=CARTESIAN_POINT('Ctrl Pts',(-14.8212488625709,0.,173.33501611027));
#1552=CARTESIAN_POINT('Ctrl Pts',(-14.8212488625709,-14.8212488625709,173.33501611027));
#1553=CARTESIAN_POINT('Ctrl Pts',(0.,-14.8212488625709,173.33501611027));
#1554=CARTESIAN_POINT('Ctrl Pts',(14.8212488625709,-14.8212488625709,173.33501611027));
#1555=CARTESIAN_POINT('Ctrl Pts',(14.8212488625709,0.,173.33501611027));
#1556=CARTESIAN_POINT('Ctrl Pts',(15.0150562460031,0.,171.260706445318));
#1557=CARTESIAN_POINT('Ctrl Pts',(15.0150562460031,15.0150562460031,171.260706445318));
#1558=CARTESIAN_POINT('Ctrl Pts',(0.,15.0150562460031,171.260706445318));
#1559=CARTESIAN_POINT('Ctrl Pts',(-15.0150562460031,15.0150562460031,171.260706445318));
#1560=CARTESIAN_POINT('Ctrl Pts',(-15.0150562460031,0.,171.260706445318));
#1561=CARTESIAN_POINT('Ctrl Pts',(-15.0150562460031,-15.0150562460031,171.260706445318));
#1562=CARTESIAN_POINT('Ctrl Pts',(0.,-15.0150562460031,171.260706445318));
#1563=CARTESIAN_POINT('Ctrl Pts',(15.0150562460031,-15.0150562460031,171.260706445318));
#1564=CARTESIAN_POINT('Ctrl Pts',(15.0150562460031,0.,171.260706445318));
#1565=CARTESIAN_POINT('Ctrl Pts',(15.1747137162888,0.,169.551901404815));
#1566=CARTESIAN_POINT('Ctrl Pts',(15.1747137162888,15.1747137162888,169.551901404815));
#1567=CARTESIAN_POINT('Ctrl Pts',(0.,15.1747137162888,169.551901404815));
#1568=CARTESIAN_POINT('Ctrl Pts',(-15.1747137162888,15.1747137162888,169.551901404815));
#1569=CARTESIAN_POINT('Ctrl Pts',(-15.1747137162888,0.,169.551901404815));
#1570=CARTESIAN_POINT('Ctrl Pts',(-15.1747137162888,-15.1747137162888,169.551901404815));
#1571=CARTESIAN_POINT('Ctrl Pts',(0.,-15.1747137162888,169.551901404815));
#1572=CARTESIAN_POINT('Ctrl Pts',(15.1747137162888,-15.1747137162888,169.551901404815));
#1573=CARTESIAN_POINT('Ctrl Pts',(15.1747137162888,0.,169.551901404815));
#1574=CARTESIAN_POINT('Ctrl Pts',(15.2444116178979,0.,167.336608110681));
#1575=CARTESIAN_POINT('Ctrl Pts',(15.2444116178979,15.2444116178979,167.336608110681));
#1576=CARTESIAN_POINT('Ctrl Pts',(0.,15.2444116178979,167.336608110681));
#1577=CARTESIAN_POINT('Ctrl Pts',(-15.2444116178979,15.2444116178979,167.336608110681));
#1578=CARTESIAN_POINT('Ctrl Pts',(-15.2444116178979,0.,167.336608110681));
#1579=CARTESIAN_POINT('Ctrl Pts',(-15.2444116178979,-15.2444116178979,167.336608110681));
#1580=CARTESIAN_POINT('Ctrl Pts',(0.,-15.2444116178979,167.336608110681));
#1581=CARTESIAN_POINT('Ctrl Pts',(15.2444116178979,-15.2444116178979,167.336608110681));
#1582=CARTESIAN_POINT('Ctrl Pts',(15.2444116178979,0.,167.336608110681));
#1583=CARTESIAN_POINT('Ctrl Pts',(15.3443363725721,0.,164.852491991273));
#1584=CARTESIAN_POINT('Ctrl Pts',(15.3443363725721,15.3443363725721,164.852491991273));
#1585=CARTESIAN_POINT('Ctrl Pts',(0.,15.3443363725721,164.852491991273));
#1586=CARTESIAN_POINT('Ctrl Pts',(-15.3443363725721,15.3443363725721,164.852491991273));
#1587=CARTESIAN_POINT('Ctrl Pts',(-15.3443363725721,0.,164.852491991273));
#1588=CARTESIAN_POINT('Ctrl Pts',(-15.3443363725721,-15.3443363725721,164.852491991273));
#1589=CARTESIAN_POINT('Ctrl Pts',(0.,-15.3443363725721,164.852491991273));
#1590=CARTESIAN_POINT('Ctrl Pts',(15.3443363725721,-15.3443363725721,164.852491991273));
#1591=CARTESIAN_POINT('Ctrl Pts',(15.3443363725721,0.,164.852491991273));
#1592=CARTESIAN_POINT('Ctrl Pts',(15.4665481242643,0.,161.814324088339));
#1593=CARTESIAN_POINT('Ctrl Pts',(15.4665481242643,15.4665481242643,161.814324088339));
#1594=CARTESIAN_POINT('Ctrl Pts',(0.,15.4665481242643,161.814324088339));
#1595=CARTESIAN_POINT('Ctrl Pts',(-15.4665481242643,15.4665481242643,161.814324088339));
#1596=CARTESIAN_POINT('Ctrl Pts',(-15.4665481242643,0.,161.814324088339));
#1597=CARTESIAN_POINT('Ctrl Pts',(-15.4665481242643,-15.4665481242643,161.814324088339));
#1598=CARTESIAN_POINT('Ctrl Pts',(0.,-15.4665481242643,161.814324088339));
#1599=CARTESIAN_POINT('Ctrl Pts',(15.4665481242643,-15.4665481242643,161.814324088339));
#1600=CARTESIAN_POINT('Ctrl Pts',(15.4665481242643,0.,161.814324088339));
#1601=CARTESIAN_POINT('Ctrl Pts',(15.6593990872262,0.,158.437475101852));
#1602=CARTESIAN_POINT('Ctrl Pts',(15.6593990872262,15.6593990872262,158.437475101852));
#1603=CARTESIAN_POINT('Ctrl Pts',(0.,15.6593990872262,158.437475101852));
#1604=CARTESIAN_POINT('Ctrl Pts',(-15.6593990872262,15.6593990872262,158.437475101852));
#1605=CARTESIAN_POINT('Ctrl Pts',(-15.6593990872262,0.,158.437475101852));
#1606=CARTESIAN_POINT('Ctrl Pts',(-15.6593990872262,-15.6593990872262,158.437475101852));
#1607=CARTESIAN_POINT('Ctrl Pts',(0.,-15.6593990872262,158.437475101852));
#1608=CARTESIAN_POINT('Ctrl Pts',(15.6593990872262,-15.6593990872262,158.437475101852));
#1609=CARTESIAN_POINT('Ctrl Pts',(15.6593990872262,0.,158.437475101852));
#1610=CARTESIAN_POINT('Ctrl Pts',(16.382495334955,0.,155.388488902097));
#1611=CARTESIAN_POINT('Ctrl Pts',(16.382495334955,16.382495334955,155.388488902097));
#1612=CARTESIAN_POINT('Ctrl Pts',(0.,16.382495334955,155.388488902097));
#1613=CARTESIAN_POINT('Ctrl Pts',(-16.382495334955,16.382495334955,155.388488902097));
#1614=CARTESIAN_POINT('Ctrl Pts',(-16.382495334955,0.,155.388488902097));
#1615=CARTESIAN_POINT('Ctrl Pts',(-16.382495334955,-16.382495334955,155.388488902097));
#1616=CARTESIAN_POINT('Ctrl Pts',(0.,-16.382495334955,155.388488902097));
#1617=CARTESIAN_POINT('Ctrl Pts',(16.382495334955,-16.382495334955,155.388488902097));
#1618=CARTESIAN_POINT('Ctrl Pts',(16.382495334955,0.,155.388488902097));
#1619=CARTESIAN_POINT('Ctrl Pts',(16.8748716591334,0.,153.312349491581));
#1620=CARTESIAN_POINT('Ctrl Pts',(16.8748716591334,16.8748716591334,153.312349491581));
#1621=CARTESIAN_POINT('Ctrl Pts',(0.,16.8748716591334,153.312349491581));
#1622=CARTESIAN_POINT('Ctrl Pts',(-16.8748716591334,16.8748716591334,153.312349491581));
#1623=CARTESIAN_POINT('Ctrl Pts',(-16.8748716591334,0.,153.312349491581));
#1624=CARTESIAN_POINT('Ctrl Pts',(-16.8748716591334,-16.8748716591334,153.312349491581));
#1625=CARTESIAN_POINT('Ctrl Pts',(0.,-16.8748716591334,153.312349491581));
#1626=CARTESIAN_POINT('Ctrl Pts',(16.8748716591334,-16.8748716591334,153.312349491581));
#1627=CARTESIAN_POINT('Ctrl Pts',(16.8748716591334,0.,153.312349491581));
#1628=CARTESIAN_POINT('Ctrl Pts',(17.6444247123884,0.,151.375481233116));
#1629=CARTESIAN_POINT('Ctrl Pts',(17.6444247123884,17.6444247123884,151.375481233116));
#1630=CARTESIAN_POINT('Ctrl Pts',(0.,17.6444247123884,151.375481233116));
#1631=CARTESIAN_POINT('Ctrl Pts',(-17.6444247123884,17.6444247123884,151.375481233116));
#1632=CARTESIAN_POINT('Ctrl Pts',(-17.6444247123884,0.,151.375481233116));
#1633=CARTESIAN_POINT('Ctrl Pts',(-17.6444247123884,-17.6444247123884,151.375481233116));
#1634=CARTESIAN_POINT('Ctrl Pts',(0.,-17.6444247123884,151.375481233116));
#1635=CARTESIAN_POINT('Ctrl Pts',(17.6444247123884,-17.6444247123884,151.375481233116));
#1636=CARTESIAN_POINT('Ctrl Pts',(17.6444247123884,0.,151.375481233116));
#1637=CARTESIAN_POINT('Ctrl Pts',(18.6398121952134,0.,149.748756891705));
#1638=CARTESIAN_POINT('Ctrl Pts',(18.6398121952133,18.6398121952133,149.748756891705));
#1639=CARTESIAN_POINT('Ctrl Pts',(0.,18.6398121952134,149.748756891705));
#1640=CARTESIAN_POINT('Ctrl Pts',(-18.6398121952133,18.6398121952133,149.748756891705));
#1641=CARTESIAN_POINT('Ctrl Pts',(-18.6398121952134,0.,149.748756891705));
#1642=CARTESIAN_POINT('Ctrl Pts',(-18.6398121952133,-18.6398121952133,149.748756891705));
#1643=CARTESIAN_POINT('Ctrl Pts',(0.,-18.6398121952134,149.748756891705));
#1644=CARTESIAN_POINT('Ctrl Pts',(18.6398121952133,-18.6398121952133,149.748756891705));
#1645=CARTESIAN_POINT('Ctrl Pts',(18.6398121952134,0.,149.748756891705));
#1646=CARTESIAN_POINT('Ctrl Pts',(19.5933884172186,0.,148.19036312195));
#1647=CARTESIAN_POINT('Ctrl Pts',(19.5933884172186,19.5933884172186,148.19036312195));
#1648=CARTESIAN_POINT('Ctrl Pts',(0.,19.5933884172186,148.19036312195));
#1649=CARTESIAN_POINT('Ctrl Pts',(-19.5933884172186,19.5933884172186,148.19036312195));
#1650=CARTESIAN_POINT('Ctrl Pts',(-19.5933884172186,0.,148.19036312195));
#1651=CARTESIAN_POINT('Ctrl Pts',(-19.5933884172186,-19.5933884172186,148.19036312195));
#1652=CARTESIAN_POINT('Ctrl Pts',(0.,-19.5933884172186,148.19036312195));
#1653=CARTESIAN_POINT('Ctrl Pts',(19.5933884172186,-19.5933884172186,148.19036312195));
#1654=CARTESIAN_POINT('Ctrl Pts',(19.5933884172186,0.,148.19036312195));
#1655=CARTESIAN_POINT('Ctrl Pts',(20.6937112854088,0.,146.941328748235));
#1656=CARTESIAN_POINT('Ctrl Pts',(20.6937112854088,20.6937112854088,146.941328748235));
#1657=CARTESIAN_POINT('Ctrl Pts',(0.,20.6937112854088,146.941328748235));
#1658=CARTESIAN_POINT('Ctrl Pts',(-20.6937112854088,20.6937112854088,146.941328748235));
#1659=CARTESIAN_POINT('Ctrl Pts',(-20.6937112854088,0.,146.941328748235));
#1660=CARTESIAN_POINT('Ctrl Pts',(-20.6937112854088,-20.6937112854088,146.941328748235));
#1661=CARTESIAN_POINT('Ctrl Pts',(0.,-20.6937112854088,146.941328748235));
#1662=CARTESIAN_POINT('Ctrl Pts',(20.6937112854088,-20.6937112854088,146.941328748235));
#1663=CARTESIAN_POINT('Ctrl Pts',(20.6937112854088,0.,146.941328748235));
#1664=CARTESIAN_POINT('Ctrl Pts',(21.6826936577353,0.,145.805590456136));
#1665=CARTESIAN_POINT('Ctrl Pts',(21.6826936577353,21.6826936577353,145.805590456136));
#1666=CARTESIAN_POINT('Ctrl Pts',(0.,21.6826936577353,145.805590456136));
#1667=CARTESIAN_POINT('Ctrl Pts',(-21.6826936577353,21.6826936577353,145.805590456136));
#1668=CARTESIAN_POINT('Ctrl Pts',(-21.6826936577353,0.,145.805590456136));
#1669=CARTESIAN_POINT('Ctrl Pts',(-21.6826936577353,-21.6826936577353,145.805590456136));
#1670=CARTESIAN_POINT('Ctrl Pts',(0.,-21.6826936577353,145.805590456136));
#1671=CARTESIAN_POINT('Ctrl Pts',(21.6826936577353,-21.6826936577353,145.805590456136));
#1672=CARTESIAN_POINT('Ctrl Pts',(21.6826936577353,0.,145.805590456136));
#1673=CARTESIAN_POINT('Ctrl Pts',(22.8678556253707,0.,144.444561314822));
#1674=CARTESIAN_POINT('Ctrl Pts',(22.8678556253707,22.8678556253707,144.444561314822));
#1675=CARTESIAN_POINT('Ctrl Pts',(0.,22.8678556253707,144.444561314822));
#1676=CARTESIAN_POINT('Ctrl Pts',(-22.8678556253707,22.8678556253707,144.444561314822));
#1677=CARTESIAN_POINT('Ctrl Pts',(-22.8678556253707,0.,144.444561314822));
#1678=CARTESIAN_POINT('Ctrl Pts',(-22.8678556253707,-22.8678556253707,144.444561314822));
#1679=CARTESIAN_POINT('Ctrl Pts',(0.,-22.8678556253707,144.444561314822));
#1680=CARTESIAN_POINT('Ctrl Pts',(22.8678556253707,-22.8678556253707,144.444561314822));
#1681=CARTESIAN_POINT('Ctrl Pts',(22.8678556253707,0.,144.444561314822));
#1682=CARTESIAN_POINT('Ctrl Pts',(23.9594982866694,0.,143.145821274844));
#1683=CARTESIAN_POINT('Ctrl Pts',(23.9594982866694,23.9594982866694,143.145821274844));
#1684=CARTESIAN_POINT('Ctrl Pts',(0.,23.9594982866694,143.145821274844));
#1685=CARTESIAN_POINT('Ctrl Pts',(-23.9594982866694,23.9594982866694,143.145821274844));
#1686=CARTESIAN_POINT('Ctrl Pts',(-23.9594982866694,0.,143.145821274844));
#1687=CARTESIAN_POINT('Ctrl Pts',(-23.9594982866694,-23.9594982866694,143.145821274844));
#1688=CARTESIAN_POINT('Ctrl Pts',(0.,-23.9594982866694,143.145821274844));
#1689=CARTESIAN_POINT('Ctrl Pts',(23.9594982866694,-23.9594982866694,143.145821274844));
#1690=CARTESIAN_POINT('Ctrl Pts',(23.9594982866694,0.,143.145821274844));
#1691=CARTESIAN_POINT('Ctrl Pts',(24.8844944543551,0.,141.90265905975));
#1692=CARTESIAN_POINT('Ctrl Pts',(24.8844944543551,24.8844944543551,141.90265905975));
#1693=CARTESIAN_POINT('Ctrl Pts',(0.,24.8844944543551,141.90265905975));
#1694=CARTESIAN_POINT('Ctrl Pts',(-24.8844944543551,24.8844944543551,141.90265905975));
#1695=CARTESIAN_POINT('Ctrl Pts',(-24.8844944543551,0.,141.90265905975));
#1696=CARTESIAN_POINT('Ctrl Pts',(-24.8844944543551,-24.8844944543551,141.90265905975));
#1697=CARTESIAN_POINT('Ctrl Pts',(0.,-24.8844944543551,141.90265905975));
#1698=CARTESIAN_POINT('Ctrl Pts',(24.8844944543551,-24.8844944543551,141.90265905975));
#1699=CARTESIAN_POINT('Ctrl Pts',(24.8844944543551,0.,141.90265905975));
#1700=CARTESIAN_POINT('Ctrl Pts',(25.7764066187801,0.,140.70396057782));
#1701=CARTESIAN_POINT('Ctrl Pts',(25.7764066187801,25.7764066187801,140.70396057782));
#1702=CARTESIAN_POINT('Ctrl Pts',(0.,25.7764066187801,140.70396057782));
#1703=CARTESIAN_POINT('Ctrl Pts',(-25.7764066187801,25.7764066187801,140.70396057782));
#1704=CARTESIAN_POINT('Ctrl Pts',(-25.7764066187801,0.,140.70396057782));
#1705=CARTESIAN_POINT('Ctrl Pts',(-25.7764066187801,-25.7764066187801,140.70396057782));
#1706=CARTESIAN_POINT('Ctrl Pts',(0.,-25.7764066187801,140.70396057782));
#1707=CARTESIAN_POINT('Ctrl Pts',(25.7764066187801,-25.7764066187801,140.70396057782));
#1708=CARTESIAN_POINT('Ctrl Pts',(25.7764066187801,0.,140.70396057782));
#1709=CARTESIAN_POINT('Ctrl Pts',(26.5056045399852,0.,139.591021474111));
#1710=CARTESIAN_POINT('Ctrl Pts',(26.5056045399852,26.5056045399852,139.591021474111));
#1711=CARTESIAN_POINT('Ctrl Pts',(0.,26.5056045399852,139.591021474111));
#1712=CARTESIAN_POINT('Ctrl Pts',(-26.5056045399852,26.5056045399852,139.591021474111));
#1713=CARTESIAN_POINT('Ctrl Pts',(-26.5056045399852,0.,139.591021474111));
#1714=CARTESIAN_POINT('Ctrl Pts',(-26.5056045399852,-26.5056045399852,139.591021474111));
#1715=CARTESIAN_POINT('Ctrl Pts',(0.,-26.5056045399852,139.591021474111));
#1716=CARTESIAN_POINT('Ctrl Pts',(26.5056045399852,-26.5056045399852,139.591021474111));
#1717=CARTESIAN_POINT('Ctrl Pts',(26.5056045399852,0.,139.591021474111));
#1718=CARTESIAN_POINT('Ctrl Pts',(26.9946430205848,0.,138.699095887338));
#1719=CARTESIAN_POINT('Ctrl Pts',(26.9946430205848,26.9946430205848,138.699095887338));
#1720=CARTESIAN_POINT('Ctrl Pts',(0.,26.9946430205848,138.699095887338));
#1721=CARTESIAN_POINT('Ctrl Pts',(-26.9946430205848,26.9946430205848,138.699095887338));
#1722=CARTESIAN_POINT('Ctrl Pts',(-26.9946430205848,0.,138.699095887338));
#1723=CARTESIAN_POINT('Ctrl Pts',(-26.9946430205848,-26.9946430205848,138.699095887338));
#1724=CARTESIAN_POINT('Ctrl Pts',(0.,-26.9946430205848,138.699095887338));
#1725=CARTESIAN_POINT('Ctrl Pts',(26.9946430205848,-26.9946430205848,138.699095887338));
#1726=CARTESIAN_POINT('Ctrl Pts',(26.9946430205848,0.,138.699095887338));
#1727=CARTESIAN_POINT('Ctrl Pts',(27.2978588147863,0.,138.146080253823));
#1728=CARTESIAN_POINT('Ctrl Pts',(27.2978588147863,27.2978588147863,138.146080253823));
#1729=CARTESIAN_POINT('Ctrl Pts',(0.,27.2978588147863,138.146080253823));
#1730=CARTESIAN_POINT('Ctrl Pts',(-27.2978588147863,27.2978588147863,138.146080253823));
#1731=CARTESIAN_POINT('Ctrl Pts',(-27.2978588147863,0.,138.146080253823));
#1732=CARTESIAN_POINT('Ctrl Pts',(-27.2978588147863,-27.2978588147863,138.146080253823));
#1733=CARTESIAN_POINT('Ctrl Pts',(0.,-27.2978588147863,138.146080253823));
#1734=CARTESIAN_POINT('Ctrl Pts',(27.2978588147863,-27.2978588147863,138.146080253823));
#1735=CARTESIAN_POINT('Ctrl Pts',(27.2978588147863,0.,138.146080253823));
#1736=CARTESIAN_POINT('Ctrl Pts',(27.4917922137234,0.,137.714528729837));
#1737=CARTESIAN_POINT('Ctrl Pts',(27.4917922137234,27.4917922137234,137.714528729837));
#1738=CARTESIAN_POINT('Ctrl Pts',(0.,27.4917922137234,137.714528729837));
#1739=CARTESIAN_POINT('Ctrl Pts',(-27.4917922137234,27.4917922137234,137.714528729837));
#1740=CARTESIAN_POINT('Ctrl Pts',(-27.4917922137234,0.,137.714528729837));
#1741=CARTESIAN_POINT('Ctrl Pts',(-27.4917922137234,-27.4917922137234,137.714528729837));
#1742=CARTESIAN_POINT('Ctrl Pts',(0.,-27.4917922137234,137.714528729837));
#1743=CARTESIAN_POINT('Ctrl Pts',(27.4917922137234,-27.4917922137234,137.714528729837));
#1744=CARTESIAN_POINT('Ctrl Pts',(27.4917922137234,0.,137.714528729837));
#1745=CARTESIAN_POINT('Ctrl Pts',(27.6145734396767,0.,137.303187538349));
#1746=CARTESIAN_POINT('Ctrl Pts',(27.6145734396767,27.6145734396767,137.303187538349));
#1747=CARTESIAN_POINT('Ctrl Pts',(0.,27.6145734396767,137.303187538349));
#1748=CARTESIAN_POINT('Ctrl Pts',(-27.6145734396767,27.6145734396767,137.303187538349));
#1749=CARTESIAN_POINT('Ctrl Pts',(-27.6145734396767,0.,137.303187538349));
#1750=CARTESIAN_POINT('Ctrl Pts',(-27.6145734396767,-27.6145734396767,137.303187538349));
#1751=CARTESIAN_POINT('Ctrl Pts',(0.,-27.6145734396767,137.303187538349));
#1752=CARTESIAN_POINT('Ctrl Pts',(27.6145734396767,-27.6145734396767,137.303187538349));
#1753=CARTESIAN_POINT('Ctrl Pts',(27.6145734396767,0.,137.303187538349));
#1754=CARTESIAN_POINT('Ctrl Pts',(27.7420187503449,0.,136.876220748167));
#1755=CARTESIAN_POINT('Ctrl Pts',(27.7420187503449,27.7420187503449,136.876220748167));
#1756=CARTESIAN_POINT('Ctrl Pts',(0.,27.7420187503449,136.876220748167));
#1757=CARTESIAN_POINT('Ctrl Pts',(-27.7420187503449,27.7420187503449,136.876220748167));
#1758=CARTESIAN_POINT('Ctrl Pts',(-27.7420187503449,0.,136.876220748167));
#1759=CARTESIAN_POINT('Ctrl Pts',(-27.7420187503449,-27.7420187503449,136.876220748167));
#1760=CARTESIAN_POINT('Ctrl Pts',(0.,-27.7420187503449,136.876220748167));
#1761=CARTESIAN_POINT('Ctrl Pts',(27.7420187503449,-27.7420187503449,136.876220748167));
#1762=CARTESIAN_POINT('Ctrl Pts',(27.7420187503449,0.,136.876220748167));
#1763=CARTESIAN_POINT('Ctrl Pts',(27.8184998750936,0.,136.381608554221));
#1764=CARTESIAN_POINT('Ctrl Pts',(27.8184998750936,27.8184998750936,136.381608554221));
#1765=CARTESIAN_POINT('Ctrl Pts',(0.,27.8184998750936,136.381608554221));
#1766=CARTESIAN_POINT('Ctrl Pts',(-27.8184998750936,27.8184998750936,136.381608554221));
#1767=CARTESIAN_POINT('Ctrl Pts',(-27.8184998750936,0.,136.381608554221));
#1768=CARTESIAN_POINT('Ctrl Pts',(-27.8184998750936,-27.8184998750936,136.381608554221));
#1769=CARTESIAN_POINT('Ctrl Pts',(0.,-27.8184998750936,136.381608554221));
#1770=CARTESIAN_POINT('Ctrl Pts',(27.8184998750936,-27.8184998750936,136.381608554221));
#1771=CARTESIAN_POINT('Ctrl Pts',(27.8184998750936,0.,136.381608554221));
#1772=CARTESIAN_POINT('Ctrl Pts',(27.8418353638231,0.,135.691754643823));
#1773=CARTESIAN_POINT('Ctrl Pts',(27.8418353638231,27.8418353638231,135.691754643823));
#1774=CARTESIAN_POINT('Ctrl Pts',(0.,27.8418353638231,135.691754643823));
#1775=CARTESIAN_POINT('Ctrl Pts',(-27.8418353638231,27.8418353638231,135.691754643823));
#1776=CARTESIAN_POINT('Ctrl Pts',(-27.8418353638231,0.,135.691754643823));
#1777=CARTESIAN_POINT('Ctrl Pts',(-27.8418353638231,-27.8418353638231,135.691754643823));
#1778=CARTESIAN_POINT('Ctrl Pts',(0.,-27.8418353638231,135.691754643823));
#1779=CARTESIAN_POINT('Ctrl Pts',(27.8418353638231,-27.8418353638231,135.691754643823));
#1780=CARTESIAN_POINT('Ctrl Pts',(27.8418353638231,0.,135.691754643823));
#1781=CARTESIAN_POINT('Ctrl Pts',(27.873315426479,0.,134.761127281587));
#1782=CARTESIAN_POINT('Ctrl Pts',(27.873315426479,27.873315426479,134.761127281587));
#1783=CARTESIAN_POINT('Ctrl Pts',(0.,27.873315426479,134.761127281587));
#1784=CARTESIAN_POINT('Ctrl Pts',(-27.873315426479,27.873315426479,134.761127281587));
#1785=CARTESIAN_POINT('Ctrl Pts',(-27.873315426479,0.,134.761127281587));
#1786=CARTESIAN_POINT('Ctrl Pts',(-27.873315426479,-27.873315426479,134.761127281587));
#1787=CARTESIAN_POINT('Ctrl Pts',(0.,-27.873315426479,134.761127281587));
#1788=CARTESIAN_POINT('Ctrl Pts',(27.873315426479,-27.873315426479,134.761127281587));
#1789=CARTESIAN_POINT('Ctrl Pts',(27.873315426479,0.,134.761127281587));
#1790=CARTESIAN_POINT('Ctrl Pts',(27.7901884901762,0.,133.534447582046));
#1791=CARTESIAN_POINT('Ctrl Pts',(27.7901884901762,27.7901884901762,133.534447582046));
#1792=CARTESIAN_POINT('Ctrl Pts',(0.,27.7901884901762,133.534447582046));
#1793=CARTESIAN_POINT('Ctrl Pts',(-27.7901884901762,27.7901884901762,133.534447582046));
#1794=CARTESIAN_POINT('Ctrl Pts',(-27.7901884901762,0.,133.534447582046));
#1795=CARTESIAN_POINT('Ctrl Pts',(-27.7901884901762,-27.7901884901762,133.534447582046));
#1796=CARTESIAN_POINT('Ctrl Pts',(0.,-27.7901884901762,133.534447582046));
#1797=CARTESIAN_POINT('Ctrl Pts',(27.7901884901762,-27.7901884901762,133.534447582046));
#1798=CARTESIAN_POINT('Ctrl Pts',(27.7901884901762,0.,133.534447582046));
#1799=CARTESIAN_POINT('Ctrl Pts',(27.6957315696204,0.,132.471393122544));
#1800=CARTESIAN_POINT('Ctrl Pts',(27.6957315696204,27.6957315696204,132.471393122544));
#1801=CARTESIAN_POINT('Ctrl Pts',(0.,27.6957315696204,132.471393122544));
#1802=CARTESIAN_POINT('Ctrl Pts',(-27.6957315696204,27.6957315696204,132.471393122544));
#1803=CARTESIAN_POINT('Ctrl Pts',(-27.6957315696204,0.,132.471393122544));
#1804=CARTESIAN_POINT('Ctrl Pts',(-27.6957315696204,-27.6957315696204,132.471393122544));
#1805=CARTESIAN_POINT('Ctrl Pts',(0.,-27.6957315696204,132.471393122544));
#1806=CARTESIAN_POINT('Ctrl Pts',(27.6957315696204,-27.6957315696204,132.471393122544));
#1807=CARTESIAN_POINT('Ctrl Pts',(27.6957315696204,0.,132.471393122544));
#1808=CARTESIAN_POINT('Ctrl Pts',(27.6440291859932,0.,131.889514641238));
#1809=CARTESIAN_POINT('Ctrl Pts',(27.6440291859932,27.6440291859932,131.889514641238));
#1810=CARTESIAN_POINT('Ctrl Pts',(0.,27.6440291859932,131.889514641238));
#1811=CARTESIAN_POINT('Ctrl Pts',(-27.6440291859932,27.6440291859932,131.889514641238));
#1812=CARTESIAN_POINT('Ctrl Pts',(-27.6440291859932,0.,131.889514641238));
#1813=CARTESIAN_POINT('Ctrl Pts',(-27.6440291859932,-27.6440291859932,131.889514641238));
#1814=CARTESIAN_POINT('Ctrl Pts',(0.,-27.6440291859932,131.889514641238));
#1815=CARTESIAN_POINT('Ctrl Pts',(27.6440291859932,-27.6440291859932,131.889514641238));
#1816=CARTESIAN_POINT('Ctrl Pts',(27.6440291859932,0.,131.889514641238));
#1817=CARTESIAN_POINT('Ctrl Pts',(27.5914327595969,0.,131.362235921701));
#1818=CARTESIAN_POINT('Ctrl Pts',(27.5914327595969,27.5914327595969,131.362235921701));
#1819=CARTESIAN_POINT('Ctrl Pts',(0.,27.5914327595969,131.362235921701));
#1820=CARTESIAN_POINT('Ctrl Pts',(-27.5914327595969,27.5914327595969,131.362235921701));
#1821=CARTESIAN_POINT('Ctrl Pts',(-27.5914327595969,0.,131.362235921701));
#1822=CARTESIAN_POINT('Ctrl Pts',(-27.5914327595969,-27.5914327595969,131.362235921701));
#1823=CARTESIAN_POINT('Ctrl Pts',(0.,-27.5914327595969,131.362235921701));
#1824=CARTESIAN_POINT('Ctrl Pts',(27.5914327595969,-27.5914327595969,131.362235921701));
#1825=CARTESIAN_POINT('Ctrl Pts',(27.5914327595969,0.,131.362235921701));
#1826=CARTESIAN_POINT('Ctrl Pts',(27.5543905860414,0.,130.933879748851));
#1827=CARTESIAN_POINT('Ctrl Pts',(27.5543905860413,27.5543905860413,130.933879748851));
#1828=CARTESIAN_POINT('Ctrl Pts',(0.,27.5543905860414,130.933879748851));
#1829=CARTESIAN_POINT('Ctrl Pts',(-27.5543905860413,27.5543905860413,130.933879748851));
#1830=CARTESIAN_POINT('Ctrl Pts',(-27.5543905860414,0.,130.933879748851));
#1831=CARTESIAN_POINT('Ctrl Pts',(-27.5543905860413,-27.5543905860413,130.933879748851));
#1832=CARTESIAN_POINT('Ctrl Pts',(0.,-27.5543905860414,130.933879748851));
#1833=CARTESIAN_POINT('Ctrl Pts',(27.5543905860413,-27.5543905860413,130.933879748851));
#1834=CARTESIAN_POINT('Ctrl Pts',(27.5543905860414,0.,130.933879748851));
#1835=CARTESIAN_POINT('Ctrl Pts',(27.5265538241056,0.,130.611975074725));
#1836=CARTESIAN_POINT('Ctrl Pts',(27.5265538241056,27.5265538241056,130.611975074725));
#1837=CARTESIAN_POINT('Ctrl Pts',(0.,27.5265538241056,130.611975074725));
#1838=CARTESIAN_POINT('Ctrl Pts',(-27.5265538241056,27.5265538241056,130.611975074725));
#1839=CARTESIAN_POINT('Ctrl Pts',(-27.5265538241056,0.,130.611975074725));
#1840=CARTESIAN_POINT('Ctrl Pts',(-27.5265538241056,-27.5265538241056,130.611975074725));
#1841=CARTESIAN_POINT('Ctrl Pts',(0.,-27.5265538241056,130.611975074725));
#1842=CARTESIAN_POINT('Ctrl Pts',(27.5265538241056,-27.5265538241056,130.611975074725));
#1843=CARTESIAN_POINT('Ctrl Pts',(27.5265538241056,0.,130.611975074725));
#1844=CARTESIAN_POINT('Ctrl Pts',(27.5057449903575,0.,130.362791931989));
#1845=CARTESIAN_POINT('Ctrl Pts',(27.5057449903575,27.5057449903575,130.362791931989));
#1846=CARTESIAN_POINT('Ctrl Pts',(0.,27.5057449903575,130.362791931989));
#1847=CARTESIAN_POINT('Ctrl Pts',(-27.5057449903575,27.5057449903575,130.362791931989));
#1848=CARTESIAN_POINT('Ctrl Pts',(-27.5057449903575,0.,130.362791931989));
#1849=CARTESIAN_POINT('Ctrl Pts',(-27.5057449903575,-27.5057449903575,130.362791931989));
#1850=CARTESIAN_POINT('Ctrl Pts',(0.,-27.5057449903575,130.362791931989));
#1851=CARTESIAN_POINT('Ctrl Pts',(27.5057449903575,-27.5057449903575,130.362791931989));
#1852=CARTESIAN_POINT('Ctrl Pts',(27.5057449903575,0.,130.362791931989));
#1853=CARTESIAN_POINT('Ctrl Pts',(27.5007923039363,0.,130.086036213499));
#1854=CARTESIAN_POINT('Ctrl Pts',(27.5007923039363,27.5007923039363,130.086036213499));
#1855=CARTESIAN_POINT('Ctrl Pts',(0.,27.5007923039363,130.086036213499));
#1856=CARTESIAN_POINT('Ctrl Pts',(-27.5007923039363,27.5007923039363,130.086036213499));
#1857=CARTESIAN_POINT('Ctrl Pts',(-27.5007923039363,0.,130.086036213499));
#1858=CARTESIAN_POINT('Ctrl Pts',(-27.5007923039363,-27.5007923039363,130.086036213499));
#1859=CARTESIAN_POINT('Ctrl Pts',(0.,-27.5007923039363,130.086036213499));
#1860=CARTESIAN_POINT('Ctrl Pts',(27.5007923039363,-27.5007923039363,130.086036213499));
#1861=CARTESIAN_POINT('Ctrl Pts',(27.5007923039363,0.,130.086036213499));
#1862=CARTESIAN_POINT('Ctrl Pts',(27.5002950691978,0.,130.05825077634));
#1863=CARTESIAN_POINT('Ctrl Pts',(27.5002950691978,27.5002950691978,130.05825077634));
#1864=CARTESIAN_POINT('Ctrl Pts',(0.,27.5002950691978,130.05825077634));
#1865=CARTESIAN_POINT('Ctrl Pts',(-27.5002950691978,27.5002950691978,130.05825077634));
#1866=CARTESIAN_POINT('Ctrl Pts',(-27.5002950691978,0.,130.05825077634));
#1867=CARTESIAN_POINT('Ctrl Pts',(-27.5002950691978,-27.5002950691978,130.05825077634));
#1868=CARTESIAN_POINT('Ctrl Pts',(0.,-27.5002950691978,130.05825077634));
#1869=CARTESIAN_POINT('Ctrl Pts',(27.5002950691978,-27.5002950691978,130.05825077634));
#1870=CARTESIAN_POINT('Ctrl Pts',(27.5002950691978,0.,130.05825077634));
#1871=CARTESIAN_POINT('Ctrl Pts',(27.5,0.,130.02978067708));
#1872=CARTESIAN_POINT('Ctrl Pts',(27.5,27.5,130.02978067708));
#1873=CARTESIAN_POINT('Ctrl Pts',(0.,27.5,130.02978067708));
#1874=CARTESIAN_POINT('Ctrl Pts',(-27.5,27.5,130.02978067708));
#1875=CARTESIAN_POINT('Ctrl Pts',(-27.5,0.,130.02978067708));
#1876=CARTESIAN_POINT('Ctrl Pts',(-27.5,-27.5,130.02978067708));
#1877=CARTESIAN_POINT('Ctrl Pts',(0.,-27.5,130.02978067708));
#1878=CARTESIAN_POINT('Ctrl Pts',(27.5,-27.5,130.02978067708));
#1879=CARTESIAN_POINT('Ctrl Pts',(27.5,0.,130.02978067708));
#1880=CARTESIAN_POINT('Ctrl Pts',(27.5,0.,130.));
#1881=CARTESIAN_POINT('Ctrl Pts',(27.5,27.5,130.));
#1882=CARTESIAN_POINT('Ctrl Pts',(0.,27.5,130.));
#1883=CARTESIAN_POINT('Ctrl Pts',(-27.5,27.5,130.));
#1884=CARTESIAN_POINT('Ctrl Pts',(-27.5,0.,130.));
#1885=CARTESIAN_POINT('Ctrl Pts',(-27.5,-27.5,130.));
#1886=CARTESIAN_POINT('Ctrl Pts',(0.,-27.5,130.));
#1887=CARTESIAN_POINT('Ctrl Pts',(27.5,-27.5,130.));
#1888=CARTESIAN_POINT('Ctrl Pts',(27.5,0.,130.));
#1889=CARTESIAN_POINT('Ctrl Pts',(27.5,-6.73555739531044E-15,130.));
#1890=CARTESIAN_POINT('Ctrl Pts',(27.5,-6.73555739531044E-15,130.02978067708));
#1891=CARTESIAN_POINT('Ctrl Pts',(27.5002950691978,-6.73562966642016E-15,
130.05825077634));
#1892=CARTESIAN_POINT('Ctrl Pts',(27.5007923039363,-6.73575145380636E-15,
130.086036213499));
#1893=CARTESIAN_POINT('Ctrl Pts',(27.5057449903575,-6.73696451212092E-15,
130.362791931989));
#1894=CARTESIAN_POINT('Ctrl Pts',(27.5265538241056,-6.74206120644965E-15,
130.611975074725));
#1895=CARTESIAN_POINT('Ctrl Pts',(27.5543905860414,-6.7488792467303E-15,
130.933879748851));
#1896=CARTESIAN_POINT('Ctrl Pts',(27.5914327595969,-6.75795196258596E-15,
131.362235921701));
#1897=CARTESIAN_POINT('Ctrl Pts',(27.6440291859932,-6.77083437163251E-15,
131.889514641238));
#1898=CARTESIAN_POINT('Ctrl Pts',(27.6957315696204,-6.78349780335598E-15,
132.471393122544));
#1899=CARTESIAN_POINT('Ctrl Pts',(27.7901884901762,-6.80663307643918E-15,
133.534447582046));
#1900=CARTESIAN_POINT('Ctrl Pts',(27.873315426479,-6.8269933037324E-15,
134.761127281587));
#1901=CARTESIAN_POINT('Ctrl Pts',(27.8418353638231,-6.8192829121387E-15,
135.691754643823));
#1902=CARTESIAN_POINT('Ctrl Pts',(27.8184998750936,-6.81356736582289E-15,
136.381608554221));
#1903=CARTESIAN_POINT('Ctrl Pts',(27.7420187503449,-6.79483489289914E-15,
136.876220748167));
#1904=CARTESIAN_POINT('Ctrl Pts',(27.6145734396767,-6.76361979454392E-15,
137.303187538349));
#1905=CARTESIAN_POINT('Ctrl Pts',(27.4917922137234,-6.73354706747211E-15,
137.714528729837));
#1906=CARTESIAN_POINT('Ctrl Pts',(27.2978588147863,-6.68604708422089E-15,
138.146080253823));
#1907=CARTESIAN_POINT('Ctrl Pts',(26.9946430205848,-6.61178063385693E-15,
138.699095887338));
#1908=CARTESIAN_POINT('Ctrl Pts',(26.5056045399852,-6.49200075187169E-15,
139.591021474111));
#1909=CARTESIAN_POINT('Ctrl Pts',(25.7764066187801,-6.31339877184193E-15,
140.70396057782));
#1910=CARTESIAN_POINT('Ctrl Pts',(24.8844944543551,-6.09494329638522E-15,
141.90265905975));
#1911=CARTESIAN_POINT('Ctrl Pts',(23.9594982866694,-5.86838457718924E-15,
143.145821274844));
#1912=CARTESIAN_POINT('Ctrl Pts',(22.8678556253707,-5.60100923899482E-15,
144.444561314822));
#1913=CARTESIAN_POINT('Ctrl Pts',(21.6826936577353,-5.31072827696764E-15,
145.805590456136));
#1914=CARTESIAN_POINT('Ctrl Pts',(20.6937112854088,-5.06849745763107E-15,
146.941328748235));
#1915=CARTESIAN_POINT('Ctrl Pts',(19.5933884172186,-4.79899608191951E-15,
148.19036312195));
#1916=CARTESIAN_POINT('Ctrl Pts',(18.6398121952134,-4.56543726831517E-15,
149.748756891705));
#1917=CARTESIAN_POINT('Ctrl Pts',(17.6444247123884,-4.32163764936459E-15,
151.375481233116));
#1918=CARTESIAN_POINT('Ctrl Pts',(16.8748716591334,-4.13315151267602E-15,
153.312349491581));
#1919=CARTESIAN_POINT('Ctrl Pts',(16.382495334955,-4.01255409479983E-15,
155.388488902097));
#1920=CARTESIAN_POINT('Ctrl Pts',(15.6593990872262,-3.8354465937485E-15,
158.437475101852));
#1921=CARTESIAN_POINT('Ctrl Pts',(15.4665481242643,-3.78821173084777E-15,
161.814324088339));
#1922=CARTESIAN_POINT('Ctrl Pts',(15.3443363725721,-3.75827848474215E-15,
164.852491991273));
#1923=CARTESIAN_POINT('Ctrl Pts',(15.2444116178979,-3.73380397854868E-15,
167.336608110681));
#1924=CARTESIAN_POINT('Ctrl Pts',(15.1747137162888,-3.71673291612611E-15,
169.551901404815));
#1925=CARTESIAN_POINT('Ctrl Pts',(15.0150562460031,-3.67762811413702E-15,
171.260706445318));
#1926=CARTESIAN_POINT('Ctrl Pts',(14.8212488625709,-3.63015899578277E-15,
173.33501611027));
#1927=CARTESIAN_POINT('Ctrl Pts',(14.5323973890525,-3.5594107892881E-15,
174.679914563211));
#1928=CARTESIAN_POINT('Ctrl Pts',(14.2625172439975,-3.4933092181291E-15,
175.987946999463));
#1929=CARTESIAN_POINT('Ctrl Pts',(13.9540827925062,-3.41776456537596E-15,
177.482841212322));
#1930=CARTESIAN_POINT('Ctrl Pts',(13.6567482735476,-3.34493861199223E-15,
178.963738818095));
#1931=CARTESIAN_POINT('Ctrl Pts',(13.0618698514535,-3.19923542089236E-15,
181.791663631776));
#1932=CARTESIAN_POINT('Ctrl Pts',(12.6767825870735,-3.1049162437493E-15,
183.622286142068));
#1933=CARTESIAN_POINT('Ctrl Pts',(12.151937245985,-2.97636621034701E-15,
186.041563417095));
#1934=CARTESIAN_POINT('Ctrl Pts',(11.4728608450281,-2.81004046218534E-15,
189.057197079325));
#1935=CARTESIAN_POINT('Ctrl Pts',(10.8836609131159,-2.6657281000505E-15,
191.673708485044));
#1936=CARTESIAN_POINT('Ctrl Pts',(10.1738393929174,-2.4918719695151E-15,
194.748895468588));
#1937=CARTESIAN_POINT('Ctrl Pts',(9.46467644234698,-2.31817714201712E-15,
197.875322651582));
#1938=CARTESIAN_POINT('Ctrl Pts',(8.69981666706655,-2.13084052689837E-15,
201.247295751266));
#1939=CARTESIAN_POINT('Ctrl Pts',(7.95935347859956,-1.94947935216986E-15,
204.597111229185));
#1940=CARTESIAN_POINT('Ctrl Pts',(7.40746671838282,-1.81430608129161E-15,
207.473524162731));
#1941=CARTESIAN_POINT('Ctrl Pts',(6.81135419933674,-1.66830062361532E-15,
210.580440079611));
#1942=CARTESIAN_POINT('Ctrl Pts',(6.42947026816594,-1.5747660368245E-15,
213.144547228953));
#1943=CARTESIAN_POINT('Ctrl Pts',(6.32650472266415,-1.54954675168025E-15,
215.23219414682));
#1944=CARTESIAN_POINT('Ctrl Pts',(6.2268359168155,-1.52513493486878E-15,
217.252999012402));
#1945=CARTESIAN_POINT('Ctrl Pts',(6.39790276890181,-1.56703422943832E-15,
218.893940922204));
#1946=CARTESIAN_POINT('Ctrl Pts',(6.85070281458747,-1.67793825475886E-15,
220.273476227894));
#1947=CARTESIAN_POINT('Ctrl Pts',(7.29260303818177,-1.78617259363231E-15,
221.619803300626));
#1948=CARTESIAN_POINT('Ctrl Pts',(7.96571825133176,-1.95103827188062E-15,
222.628090507074));
#1949=CARTESIAN_POINT('Ctrl Pts',(8.5236197785435,-2.08768473578847E-15,
223.42823632499));
#1950=CARTESIAN_POINT('Ctrl Pts',(9.12502909656104,-2.23498753504599E-15,
224.290781285338));
#1951=CARTESIAN_POINT('Ctrl Pts',(9.62432139354437,-2.3572788777139E-15,
224.996550620663));
#1952=CARTESIAN_POINT('Ctrl Pts',(9.95972468886759,-2.43942899212211E-15,
225.682335945359));
#1953=CARTESIAN_POINT('Ctrl Pts',(10.3103086339822,-2.52529729336553E-15,
226.399160520389));
#1954=CARTESIAN_POINT('Ctrl Pts',(10.4563973540084,-2.56107871003984E-15,
227.023420859839));
#1955=CARTESIAN_POINT('Ctrl Pts',(10.4454314929593,-2.55839284871312E-15,
227.498816866211));
#1956=CARTESIAN_POINT('Ctrl Pts',(10.434763729441,-2.55578000022375E-15,
227.961289639747));
#1957=CARTESIAN_POINT('Ctrl Pts',(10.317905053342,-2.52715787949631E-15,
228.357171328924));
#1958=CARTESIAN_POINT('Ctrl Pts',(9.90460708864672,-2.42592907358468E-15,
229.122210735945));
#1959=CARTESIAN_POINT('Ctrl Pts',(9.51887894183999,-2.3314529255191E-15,
229.836216750762));
#1960=CARTESIAN_POINT('Ctrl Pts',(8.87056361596524,-2.17266146778496E-15,
230.819609359825));
#1961=CARTESIAN_POINT('Ctrl Pts',(8.31489955404842,-2.03656302481943E-15,
232.034792356295));
#1962=CARTESIAN_POINT('Ctrl Pts',(7.90457246575066,-1.93606187376197E-15,
232.932137595738));
#1963=CARTESIAN_POINT('Ctrl Pts',(7.51238810023648,-1.84000440818145E-15,
233.943451119541));
#1964=CARTESIAN_POINT('Ctrl Pts',(7.48766741161861,-1.83394958574374E-15,
235.167589174527));
#1965=CARTESIAN_POINT('Ctrl Pts',(7.47297023524232,-1.83034981574259E-15,
235.895375248013));
#1966=CARTESIAN_POINT('Ctrl Pts',(7.6348637379211,-1.87000228771425E-15,
236.730381157619));
#1967=CARTESIAN_POINT('Ctrl Pts',(8.05463262956964,-1.97281601362206E-15,
237.434901214581));
#1968=CARTESIAN_POINT('Ctrl Pts',(8.31233145095059,-2.0359340209717E-15,
237.867410607083));
#1969=CARTESIAN_POINT('Ctrl Pts',(8.65171752103141,-2.11905963385164E-15,
238.228944260887));
#1970=CARTESIAN_POINT('Ctrl Pts',(8.98570290848913,-2.20086246099406E-15,
238.492281898682));
#1971=CARTESIAN_POINT('Origin',(0.,0.,5.00000000000001));
#1972=CARTESIAN_POINT('',(-30.,-3.67394039744206E-15,5.00000000000001));
#1973=CARTESIAN_POINT('Origin',(0.,0.,5.00000000000001));
#1974=CARTESIAN_POINT('',(-25.,-3.06161699786838E-15,9.15933995315754E-15));
#1975=CARTESIAN_POINT('Origin',(-25.,-3.06161699786838E-15,5.00000000000001));
#1976=CARTESIAN_POINT('Origin',(0.,0.,9.43689570931383E-15));
#1977=CARTESIAN_POINT('Origin',(30.,0.,9.3410552471272E-15));
#1978=CARTESIAN_POINT('Origin',(0.,0.,65.));
#1979=CARTESIAN_POINT('',(-30.,-3.67394039744206E-15,65.));
#1980=UNCERTAINTY_MEASURE_WITH_UNIT(LENGTH_MEASURE(0.01),#1984,
'DISTANCE_ACCURACY_VALUE',
'Maximum model space distance between geometric entities at asserted c
onnectivities');
#1981=UNCERTAINTY_MEASURE_WITH_UNIT(LENGTH_MEASURE(0.01),#1984,
'DISTANCE_ACCURACY_VALUE',
'Maximum model space distance between geometric entities at asserted c
onnectivities');
#1982=(
GEOMETRIC_REPRESENTATION_CONTEXT(3)
GLOBAL_UNCERTAINTY_ASSIGNED_CONTEXT((#1980))
GLOBAL_UNIT_ASSIGNED_CONTEXT((#1984,#1986,#1987))
REPRESENTATION_CONTEXT('','3D')
);
#1983=(
GEOMETRIC_REPRESENTATION_CONTEXT(3)
GLOBAL_UNCERTAINTY_ASSIGNED_CONTEXT((#1981))
GLOBAL_UNIT_ASSIGNED_CONTEXT((#1984,#1986,#1987))
REPRESENTATION_CONTEXT('','3D')
);
#1984=(
LENGTH_UNIT()
NAMED_UNIT(*)
SI_UNIT(.MILLI.,.METRE.)
);
#1985=(
LENGTH_UNIT()
NAMED_UNIT(*)
SI_UNIT($,.METRE.)
);
#1986=(
NAMED_UNIT(*)
PLANE_ANGLE_UNIT()
SI_UNIT($,.RADIAN.)
);
#1987=(
NAMED_UNIT(*)
SI_UNIT($,.STERADIAN.)
SOLID_ANGLE_UNIT()
);
#1988=SHAPE_DEFINITION_REPRESENTATION(#1989,#1990);
#1989=PRODUCT_DEFINITION_SHAPE('',$,#1992);
#1990=SHAPE_REPRESENTATION('',(#191),#1982);
#1991=PRODUCT_DEFINITION_CONTEXT('part definition',#1996,'design');
#1992=PRODUCT_DEFINITION('2026-08-02-00-41-57-884','day2: glass bottle',
#1993,#1991);
#1993=PRODUCT_DEFINITION_FORMATION('',$,#1998);
#1994=PRODUCT_RELATED_PRODUCT_CATEGORY('day2: glass bottle',
'day2: glass bottle',(#1998));
#1995=APPLICATION_PROTOCOL_DEFINITION('international standard',
'automotive_design',2009,#1996);
#1996=APPLICATION_CONTEXT(
'Core Data for Automotive Mechanical Design Process');
#1997=PRODUCT_CONTEXT('part definition',#1996,'mechanical');
#1998=PRODUCT('2026-08-02-00-41-57-884','day2: glass bottle',$,(#1997));
#1999=PRESENTATION_STYLE_ASSIGNMENT((#2001));
#2000=PRESENTATION_STYLE_ASSIGNMENT((#2002));
#2001=SURFACE_STYLE_USAGE(.BOTH.,#2003);
#2002=SURFACE_STYLE_USAGE(.BOTH.,#2004);
#2003=SURFACE_SIDE_STYLE('',(#2005));
#2004=SURFACE_SIDE_STYLE('',(#2006));
#2005=SURFACE_STYLE_FILL_AREA(#2007);
#2006=SURFACE_STYLE_FILL_AREA(#2008);
#2007=FILL_AREA_STYLE('Steel - Satin',(#2009));
#2008=FILL_AREA_STYLE('Mirror',(#2010));
#2009=FILL_AREA_STYLE_COLOUR('Steel - Satin',#2011);
#2010=FILL_AREA_STYLE_COLOUR('Mirror',#2012);
#2011=COLOUR_RGB('Steel - Satin',0.627450980392157,0.627450980392157,0.627450980392157);
#2012=COLOUR_RGB('Mirror',0.96078431372549,0.96078431372549,0.964705882352941);
ENDSEC;
END-ISO-10303-21;
