# WaveFront *.obj file (generated by Autodesk ATF)

mtllib Model.mtl

g Body1

v -13.250000 0.000000 1.163604
v -13.250000 0.000000 -1.800000
v -13.250000 0.600000 -1.800000
v -13.250000 0.600000 1.163604
v -12.908579 0.000000 1.305025
v -12.950000 0.000000 1.336809
v -12.998236 0.000000 1.356789
v -13.050000 0.000000 1.363604
v -13.101764 0.000000 1.356789
v -13.150000 0.000000 1.336809
v -13.191421 0.000000 1.305025
v -13.223205 0.000000 1.263604
v -13.243185 0.000000 1.215368
v -13.243185 0.600000 1.215368
v -13.223205 0.600000 1.263604
v -13.191421 0.600000 1.305025
v -13.150000 0.600000 1.336809
v -13.101764 0.600000 1.356789
v -13.050000 0.600000 1.363604
v -12.998236 0.600000 1.356789
v -12.950000 0.600000 1.336809
v -12.908579 0.600000 1.305025
v -9.944975 0.000000 -1.658579
v -9.944975 0.600000 -1.658579
v -10.086396 0.000000 -2.000000
v -10.034632 0.000000 -1.993185
v -9.986396 0.000000 -1.973205
v -9.944975 0.000000 -1.941421
v -9.913191 0.000000 -1.900000
v -9.893211 0.000000 -1.851764
v -9.886396 0.000000 -1.800000
v -9.893211 0.000000 -1.748236
v -9.913191 0.000000 -1.700000
v -9.913191 0.600000 -1.700000
v -9.893211 0.600000 -1.748236
v -9.886396 0.600000 -1.800000
v -9.893211 0.600000 -1.851764
v -9.913191 0.600000 -1.900000
v -9.944975 0.600000 -1.941421
v -9.986396 0.600000 -1.973205
v -10.034632 0.600000 -1.993185
v -10.086396 0.600000 -2.000000
v -13.050000 0.000000 -2.000000
v -13.050000 0.600000 -2.000000
v -13.243185 0.000000 -1.851764
v -13.223205 0.000000 -1.900000
v -13.191421 0.000000 -1.941421
v -13.150000 0.000000 -1.973205
v -13.101764 0.000000 -1.993185
v -13.101764 0.600000 -1.993185
v -13.150000 0.600000 -1.973205
v -13.191421 0.600000 -1.941421
v -13.223205 0.600000 -1.900000
v -13.243185 0.600000 -1.851764
v -9.250000 0.000000 -1.163604
v -9.250000 0.000000 1.800000
v -9.250000 0.600000 1.800000
v -9.250000 0.600000 -1.163604
v -9.591421 0.000000 -1.305025
v -9.550000 0.000000 -1.336809
v -9.501764 0.000000 -1.356789
v -9.450000 0.000000 -1.363604
v -9.398236 0.000000 -1.356789
v -9.350000 0.000000 -1.336809
v -9.308579 0.000000 -1.305025
v -9.276795 0.000000 -1.263604
v -9.256815 0.000000 -1.215368
v -9.256815 0.600000 -1.215368
v -9.276795 0.600000 -1.263604
v -9.308579 0.600000 -1.305025
v -9.350000 0.600000 -1.336809
v -9.398236 0.600000 -1.356789
v -9.450000 0.600000 -1.363604
v -9.501764 0.600000 -1.356789
v -9.550000 0.600000 -1.336809
v -9.591421 0.600000 -1.305025
v -12.555025 0.000000 1.658579
v -12.555025 0.600000 1.658579
v -12.413604 0.000000 2.000000
v -12.465368 0.000000 1.993185
v -12.513604 0.000000 1.973205
v -12.555025 0.000000 1.941421
v -12.586809 0.000000 1.900000
v -12.606789 0.000000 1.851764
v -12.613604 0.000000 1.800000
v -12.606789 0.000000 1.748236
v -12.586809 0.000000 1.700000
v -12.586809 0.600000 1.700000
v -12.606789 0.600000 1.748236
v -12.613604 0.600000 1.800000
v -12.606789 0.600000 1.851764
v -12.586809 0.600000 1.900000
v -12.555025 0.600000 1.941421
v -12.513604 0.600000 1.973205
v -12.465368 0.600000 1.993185
v -12.413604 0.600000 2.000000
v -9.450000 0.000000 2.000000
v -9.450000 0.600000 2.000000
v -9.256815 0.000000 1.851764
v -9.276795 0.000000 1.900000
v -9.308579 0.000000 1.941421
v -9.350000 0.000000 1.973205
v -9.398236 0.000000 1.993185
v -9.398236 0.600000 1.993185
v -9.350000 0.600000 1.973205
v -9.308579 0.600000 1.941421
v -9.276795 0.600000 1.900000
v -9.256815 0.600000 1.851764
v -13.750000 0.000000 2.500000
v -4.583333 0.000000 2.500000
v 4.583333 0.000000 2.500000
v 13.750000 0.000000 2.500000
v 13.750000 0.600000 2.500000
v 4.583333 0.600000 2.500000
v -4.583333 0.600000 2.500000
v -13.750000 0.600000 2.500000
v -13.750000 0.000000 -2.500000
v -13.750000 0.600000 -2.500000
v 13.750000 0.000000 -2.500000
v 4.583333 0.000000 -2.500000
v -4.583333 0.000000 -2.500000
v -4.583333 0.600000 -2.500000
v 4.583333 0.600000 -2.500000
v 13.750000 0.600000 -2.500000
v 13.250000 0.600000 -1.163604
v 13.250000 0.600000 1.800000
v 13.243185 0.600000 1.851764
v 13.223205 0.600000 1.900000
v 13.191421 0.600000 1.941421
v 13.150000 0.600000 1.973205
v 13.101764 0.600000 1.993185
v 13.050000 0.600000 2.000000
v 10.086396 0.600000 2.000000
v 10.034632 0.600000 1.993185
v 9.986396 0.600000 1.973205
v 9.944975 0.600000 1.941421
v 9.913191 0.600000 1.900000
v 9.893211 0.600000 1.851764
v 9.886396 0.600000 1.800000
v 9.893211 0.600000 1.748236
v 9.913191 0.600000 1.700000
v 9.944975 0.600000 1.658579
v 12.908579 0.600000 -1.305025
v 12.950000 0.600000 -1.336809
v 12.998236 0.600000 -1.356789
v 13.050000 0.600000 -1.363604
v 13.101764 0.600000 -1.356789
v 13.150000 0.600000 -1.336809
v 13.191421 0.600000 -1.305025
v 13.223205 0.600000 -1.263604
v 13.243185 0.600000 -1.215368
v 8.750000 0.600000 -1.163604
v 8.750000 0.600000 1.800000
v 8.743185 0.600000 1.851764
v 8.723205 0.600000 1.900000
v 8.691421 0.600000 1.941421
v 8.650000 0.600000 1.973205
v 8.601764 0.600000 1.993185
v 8.550000 0.600000 2.000000
v 5.586396 0.600000 2.000000
v 5.534632 0.600000 1.993185
v 5.486396 0.600000 1.973205
v 5.444975 0.600000 1.941421
v 5.413191 0.600000 1.900000
v 5.393211 0.600000 1.851764
v 5.386396 0.600000 1.800000
v 5.393211 0.600000 1.748236
v 5.413191 0.600000 1.700000
v 5.444975 0.600000 1.658579
v 8.408579 0.600000 -1.305025
v 8.450000 0.600000 -1.336809
v 8.498236 0.600000 -1.356789
v 8.550000 0.600000 -1.363604
v 8.601764 0.600000 -1.356789
v 8.650000 0.600000 -1.336809
v 8.691421 0.600000 -1.305025
v 8.723205 0.600000 -1.263604
v 8.743185 0.600000 -1.215368
v 4.250000 0.600000 -1.163604
v 4.250000 0.600000 1.800000
v 4.243185 0.600000 1.851764
v 4.223205 0.600000 1.900000
v 4.191421 0.600000 1.941421
v 4.150000 0.600000 1.973205
v 4.101764 0.600000 1.993185
v 4.050000 0.600000 2.000000
v 1.086396 0.600000 2.000000
v 1.034632 0.600000 1.993185
v 0.986396 0.600000 1.973205
v 0.944975 0.600000 1.941421
v 0.913191 0.600000 1.900000
v 0.893211 0.600000 1.851764
v 0.886396 0.600000 1.800000
v 0.893211 0.600000 1.748236
v 0.913191 0.600000 1.700000
v 0.944975 0.600000 1.658579
v 3.908579 0.600000 -1.305025
v 3.950000 0.600000 -1.336809
v 3.998236 0.600000 -1.356789
v 4.050000 0.600000 -1.363604
v 4.101764 0.600000 -1.356789
v 4.150000 0.600000 -1.336809
v 4.191421 0.600000 -1.305025
v 4.223205 0.600000 -1.263604
v 4.243185 0.600000 -1.215368
v -0.250000 0.600000 -1.163604
v -0.250000 0.600000 1.800000
v -0.256815 0.600000 1.851764
v -0.276795 0.600000 1.900000
v -0.308579 0.600000 1.941421
v -0.350000 0.600000 1.973205
v -0.398236 0.600000 1.993185
v -0.450000 0.600000 2.000000
v -3.413604 0.600000 2.000000
v -3.465368 0.600000 1.993185
v -3.513604 0.600000 1.973205
v -3.555025 0.600000 1.941421
v -3.586809 0.600000 1.900000
v -3.606789 0.600000 1.851764
v -3.613604 0.600000 1.800000
v -3.606789 0.600000 1.748236
v -3.586809 0.600000 1.700000
v -3.555025 0.600000 1.658579
v -0.591421 0.600000 -1.305025
v -0.550000 0.600000 -1.336809
v -0.501764 0.600000 -1.356789
v -0.450000 0.600000 -1.363604
v -0.398236 0.600000 -1.356789
v -0.350000 0.600000 -1.336809
v -0.308579 0.600000 -1.305025
v -0.276795 0.600000 -1.263604
v -0.256815 0.600000 -1.215368
v -4.750000 0.600000 -1.163604
v -4.750000 0.600000 1.800000
v -4.756815 0.600000 1.851764
v -4.776795 0.600000 1.900000
v -4.808579 0.600000 1.941421
v -4.850000 0.600000 1.973205
v -4.898236 0.600000 1.993185
v -4.950000 0.600000 2.000000
v -7.913604 0.600000 2.000000
v -7.965368 0.600000 1.993185
v -8.013604 0.600000 1.973205
v -8.055025 0.600000 1.941421
v -8.086809 0.600000 1.900000
v -8.106789 0.600000 1.851764
v -8.113604 0.600000 1.800000
v -8.106789 0.600000 1.748236
v -8.086809 0.600000 1.700000
v -8.055025 0.600000 1.658579
v -5.091421 0.600000 -1.305025
v -5.050000 0.600000 -1.336809
v -5.001764 0.600000 -1.356789
v -4.950000 0.600000 -1.363604
v -4.898236 0.600000 -1.356789
v -4.850000 0.600000 -1.336809
v -4.808579 0.600000 -1.305025
v -4.776795 0.600000 -1.263604
v -4.756815 0.600000 -1.215368
v 9.250000 0.600000 1.163604
v 9.250000 0.600000 -1.800000
v 9.256815 0.600000 -1.851764
v 9.276795 0.600000 -1.900000
v 9.308579 0.600000 -1.941421
v 9.350000 0.600000 -1.973205
v 9.398236 0.600000 -1.993185
v 9.450000 0.600000 -2.000000
v 12.413604 0.600000 -2.000000
v 12.465368 0.600000 -1.993185
v 12.513604 0.600000 -1.973205
v 12.555025 0.600000 -1.941421
v 12.586809 0.600000 -1.900000
v 12.606789 0.600000 -1.851764
v 12.613604 0.600000 -1.800000
v 12.606789 0.600000 -1.748236
v 12.586809 0.600000 -1.700000
v 12.555025 0.600000 -1.658579
v 9.591421 0.600000 1.305025
v 9.550000 0.600000 1.336809
v 9.501764 0.600000 1.356789
v 9.450000 0.600000 1.363604
v 9.398236 0.600000 1.356789
v 9.350000 0.600000 1.336809
v 9.308579 0.600000 1.305025
v 9.276795 0.600000 1.263604
v 9.256815 0.600000 1.215368
v 4.750000 0.600000 1.163604
v 4.750000 0.600000 -1.800000
v 4.756815 0.600000 -1.851764
v 4.776795 0.600000 -1.900000
v 4.808579 0.600000 -1.941421
v 4.850000 0.600000 -1.973205
v 4.898236 0.600000 -1.993185
v 4.950000 0.600000 -2.000000
v 7.913604 0.600000 -2.000000
v 7.965368 0.600000 -1.993185
v 8.013604 0.600000 -1.973205
v 8.055025 0.600000 -1.941421
v 8.086809 0.600000 -1.900000
v 8.106789 0.600000 -1.851764
v 8.113604 0.600000 -1.800000
v 8.106789 0.600000 -1.748236
v 8.086809 0.600000 -1.700000
v 8.055025 0.600000 -1.658579
v 5.091421 0.600000 1.305025
v 5.050000 0.600000 1.336809
v 5.001764 0.600000 1.356789
v 4.950000 0.600000 1.363604
v 4.898236 0.600000 1.356789
v 4.850000 0.600000 1.336809
v 4.808579 0.600000 1.305025
v 4.776795 0.600000 1.263604
v 4.756815 0.600000 1.215368
v 0.250000 0.600000 1.163604
v 0.250000 0.600000 -1.800000
v 0.256815 0.600000 -1.851764
v 0.276795 0.600000 -1.900000
v 0.308579 0.600000 -1.941421
v 0.350000 0.600000 -1.973205
v 0.398236 0.600000 -1.993185
v 0.450000 0.600000 -2.000000
v 3.413604 0.600000 -2.000000
v 3.465368 0.600000 -1.993185
v 3.513604 0.600000 -1.973205
v 3.555025 0.600000 -1.941421
v 3.586809 0.600000 -1.900000
v 3.606789 0.600000 -1.851764
v 3.613604 0.600000 -1.800000
v 3.606789 0.600000 -1.748236
v 3.586809 0.600000 -1.700000
v 3.555025 0.600000 -1.658579
v 0.591421 0.600000 1.305025
v 0.550000 0.600000 1.336809
v 0.501764 0.600000 1.356789
v 0.450000 0.600000 1.363604
v 0.398236 0.600000 1.356789
v 0.350000 0.600000 1.336809
v 0.308579 0.600000 1.305025
v 0.276795 0.600000 1.263604
v 0.256815 0.600000 1.215368
v -4.250000 0.600000 1.163604
v -4.250000 0.600000 -1.800000
v -4.243185 0.600000 -1.851764
v -4.223205 0.600000 -1.900000
v -4.191421 0.600000 -1.941421
v -4.150000 0.600000 -1.973205
v -4.101764 0.600000 -1.993185
v -4.050000 0.600000 -2.000000
v -1.086396 0.600000 -2.000000
v -1.034632 0.600000 -1.993185
v -0.986396 0.600000 -1.973205
v -0.944975 0.600000 -1.941421
v -0.913191 0.600000 -1.900000
v -0.893211 0.600000 -1.851764
v -0.886396 0.600000 -1.800000
v -0.893211 0.600000 -1.748236
v -0.913191 0.600000 -1.700000
v -0.944975 0.600000 -1.658579
v -3.908579 0.600000 1.305025
v -3.950000 0.600000 1.336809
v -3.998236 0.600000 1.356789
v -4.050000 0.600000 1.363604
v -4.101764 0.600000 1.356789
v -4.150000 0.600000 1.336809
v -4.191421 0.600000 1.305025
v -4.223205 0.600000 1.263604
v -4.243185 0.600000 1.215368
v -8.750000 0.600000 1.163604
v -8.750000 0.600000 -1.800000
v -8.743185 0.600000 -1.851764
v -8.723205 0.600000 -1.900000
v -8.691421 0.600000 -1.941421
v -8.650000 0.600000 -1.973205
v -8.601764 0.600000 -1.993185
v -8.550000 0.600000 -2.000000
v -5.586396 0.600000 -2.000000
v -5.534632 0.600000 -1.993185
v -5.486396 0.600000 -1.973205
v -5.444975 0.600000 -1.941421
v -5.413191 0.600000 -1.900000
v -5.393211 0.600000 -1.851764
v -5.386396 0.600000 -1.800000
v -5.393211 0.600000 -1.748236
v -5.413191 0.600000 -1.700000
v -5.444975 0.600000 -1.658579
v -8.408579 0.600000 1.305025
v -8.450000 0.600000 1.336809
v -8.498236 0.600000 1.356789
v -8.550000 0.600000 1.363604
v -8.601764 0.600000 1.356789
v -8.650000 0.600000 1.336809
v -8.691421 0.600000 1.305025
v -8.723205 0.600000 1.263604
v -8.743185 0.600000 1.215368
v -4.583333 0.600000 2.000000
v 4.583333 0.600000 2.000000
v 13.250000 0.000000 1.800000
v 13.250000 0.000000 -1.163604
v 13.243185 0.000000 -1.215368
v 13.223205 0.000000 -1.263604
v 13.191421 0.000000 -1.305025
v 13.150000 0.000000 -1.336809
v 13.101764 0.000000 -1.356789
v 13.050000 0.000000 -1.363604
v 12.998236 0.000000 -1.356789
v 12.950000 0.000000 -1.336809
v 12.908579 0.000000 -1.305025
v 9.944975 0.000000 1.658579
v 9.913191 0.000000 1.700000
v 9.893211 0.000000 1.748236
v 9.886396 0.000000 1.800000
v 9.893211 0.000000 1.851764
v 9.913191 0.000000 1.900000
v 9.944975 0.000000 1.941421
v 9.986396 0.000000 1.973205
v 10.034632 0.000000 1.993185
v 10.086396 0.000000 2.000000
v 13.050000 0.000000 2.000000
v 13.101764 0.000000 1.993185
v 13.150000 0.000000 1.973205
v 13.191421 0.000000 1.941421
v 13.223205 0.000000 1.900000
v 13.243185 0.000000 1.851764
v 8.750000 0.000000 1.800000
v 8.750000 0.000000 -1.163604
v 8.743185 0.000000 -1.215368
v 8.723205 0.000000 -1.263604
v 8.691421 0.000000 -1.305025
v 8.650000 0.000000 -1.336809
v 8.601764 0.000000 -1.356789
v 8.550000 0.000000 -1.363604
v 8.498236 0.000000 -1.356789
v 8.450000 0.000000 -1.336809
v 8.408579 0.000000 -1.305025
v 5.444975 0.000000 1.658579
v 5.413191 0.000000 1.700000
v 5.393211 0.000000 1.748236
v 5.386396 0.000000 1.800000
v 5.393211 0.000000 1.851764
v 5.413191 0.000000 1.900000
v 5.444975 0.000000 1.941421
v 5.486396 0.000000 1.973205
v 5.534632 0.000000 1.993185
v 5.586396 0.000000 2.000000
v 8.550000 0.000000 2.000000
v 8.601764 0.000000 1.993185
v 8.650000 0.000000 1.973205
v 8.691421 0.000000 1.941421
v 8.723205 0.000000 1.900000
v 8.743185 0.000000 1.851764
v 4.250000 0.000000 1.800000
v 4.250000 0.000000 -1.163604
v 4.243185 0.000000 -1.215368
v 4.223205 0.000000 -1.263604
v 4.191421 0.000000 -1.305025
v 4.150000 0.000000 -1.336809
v 4.101764 0.000000 -1.356789
v 4.050000 0.000000 -1.363604
v 3.998236 0.000000 -1.356789
v 3.950000 0.000000 -1.336809
v 3.908579 0.000000 -1.305025
v 0.944975 0.000000 1.658579
v 0.913191 0.000000 1.700000
v 0.893211 0.000000 1.748236
v 0.886396 0.000000 1.800000
v 0.893211 0.000000 1.851764
v 0.913191 0.000000 1.900000
v 0.944975 0.000000 1.941421
v 0.986396 0.000000 1.973205
v 1.034632 0.000000 1.993185
v 1.086396 0.000000 2.000000
v 4.050000 0.000000 2.000000
v 4.101764 0.000000 1.993185
v 4.150000 0.000000 1.973205
v 4.191421 0.000000 1.941421
v 4.223205 0.000000 1.900000
v 4.243185 0.000000 1.851764
v -0.250000 0.000000 1.800000
v -0.250000 0.000000 -1.163604
v -0.256815 0.000000 -1.215368
v -0.276795 0.000000 -1.263604
v -0.308579 0.000000 -1.305025
v -0.350000 0.000000 -1.336809
v -0.398236 0.000000 -1.356789
v -0.450000 0.000000 -1.363604
v -0.501764 0.000000 -1.356789
v -0.550000 0.000000 -1.336809
v -0.591421 0.000000 -1.305025
v -3.555025 0.000000 1.658579
v -3.586809 0.000000 1.700000
v -3.606789 0.000000 1.748236
v -3.613604 0.000000 1.800000
v -3.606789 0.000000 1.851764
v -3.586809 0.000000 1.900000
v -3.555025 0.000000 1.941421
v -3.513604 0.000000 1.973205
v -3.465368 0.000000 1.993185
v -3.413604 0.000000 2.000000
v -0.450000 0.000000 2.000000
v -0.398236 0.000000 1.993185
v -0.350000 0.000000 1.973205
v -0.308579 0.000000 1.941421
v -0.276795 0.000000 1.900000
v -0.256815 0.000000 1.851764
v -4.750000 0.000000 1.800000
v -4.750000 0.000000 -1.163604
v -4.756815 0.000000 -1.215368
v -4.776795 0.000000 -1.263604
v -4.808579 0.000000 -1.305025
v -4.850000 0.000000 -1.336809
v -4.898236 0.000000 -1.356789
v -4.950000 0.000000 -1.363604
v -5.001764 0.000000 -1.356789
v -5.050000 0.000000 -1.336809
v -5.091421 0.000000 -1.305025
v -8.055025 0.000000 1.658579
v -8.086809 0.000000 1.700000
v -8.106789 0.000000 1.748236
v -8.113604 0.000000 1.800000
v -8.106789 0.000000 1.851764
v -8.086809 0.000000 1.900000
v -8.055025 0.000000 1.941421
v -8.013604 0.000000 1.973205
v -7.965368 0.000000 1.993185
v -7.913604 0.000000 2.000000
v -4.950000 0.000000 2.000000
v -4.898236 0.000000 1.993185
v -4.850000 0.000000 1.973205
v -4.808579 0.000000 1.941421
v -4.776795 0.000000 1.900000
v -4.756815 0.000000 1.851764
v 9.250000 0.000000 -1.800000
v 9.250000 0.000000 1.163604
v 9.256815 0.000000 1.215368
v 9.276795 0.000000 1.263604
v 9.308579 0.000000 1.305025
v 9.350000 0.000000 1.336809
v 9.398236 0.000000 1.356789
v 9.450000 0.000000 1.363604
v 9.501764 0.000000 1.356789
v 9.550000 0.000000 1.336809
v 9.591421 0.000000 1.305025
v 12.555025 0.000000 -1.658579
v 12.586809 0.000000 -1.700000
v 12.606789 0.000000 -1.748236
v 12.613604 0.000000 -1.800000
v 12.606789 0.000000 -1.851764
v 12.586809 0.000000 -1.900000
v 12.555025 0.000000 -1.941421
v 12.513604 0.000000 -1.973205
v 12.465368 0.000000 -1.993185
v 12.413604 0.000000 -2.000000
v 9.450000 0.000000 -2.000000
v 9.398236 0.000000 -1.993185
v 9.350000 0.000000 -1.973205
v 9.308579 0.000000 -1.941421
v 9.276795 0.000000 -1.900000
v 9.256815 0.000000 -1.851764
v 4.750000 0.000000 -1.800000
v 4.750000 0.000000 1.163604
v 4.756815 0.000000 1.215368
v 4.776795 0.000000 1.263604
v 4.808579 0.000000 1.305025
v 4.850000 0.000000 1.336809
v 4.898236 0.000000 1.356789
v 4.950000 0.000000 1.363604
v 5.001764 0.000000 1.356789
v 5.050000 0.000000 1.336809
v 5.091421 0.000000 1.305025
v 8.055025 0.000000 -1.658579
v 8.086809 0.000000 -1.700000
v 8.106789 0.000000 -1.748236
v 8.113604 0.000000 -1.800000
v 8.106789 0.000000 -1.851764
v 8.086809 0.000000 -1.900000
v 8.055025 0.000000 -1.941421
v 8.013604 0.000000 -1.973205
v 7.965368 0.000000 -1.993185
v 7.913604 0.000000 -2.000000
v 4.950000 0.000000 -2.000000
v 4.898236 0.000000 -1.993185
v 4.850000 0.000000 -1.973205
v 4.808579 0.000000 -1.941421
v 4.776795 0.000000 -1.900000
v 4.756815 0.000000 -1.851764
v 0.250000 0.000000 -1.800000
v 0.250000 0.000000 1.163604
v 0.256815 0.000000 1.215368
v 0.276795 0.000000 1.263604
v 0.308579 0.000000 1.305025
v 0.350000 0.000000 1.336809
v 0.398236 0.000000 1.356789
v 0.450000 0.000000 1.363604
v 0.501764 0.000000 1.356789
v 0.550000 0.000000 1.336809
v 0.591421 0.000000 1.305025
v 3.555025 0.000000 -1.658579
v 3.586809 0.000000 -1.700000
v 3.606789 0.000000 -1.748236
v 3.613604 0.000000 -1.800000
v 3.606789 0.000000 -1.851764
v 3.586809 0.000000 -1.900000
v 3.555025 0.000000 -1.941421
v 3.513604 0.000000 -1.973205
v 3.465368 0.000000 -1.993185
v 3.413604 0.000000 -2.000000
v 0.450000 0.000000 -2.000000
v 0.398236 0.000000 -1.993185
v 0.350000 0.000000 -1.973205
v 0.308579 0.000000 -1.941421
v 0.276795 0.000000 -1.900000
v 0.256815 0.000000 -1.851764
v -4.250000 0.000000 -1.800000
v -4.250000 0.000000 1.163604
v -4.243185 0.000000 1.215368
v -4.223205 0.000000 1.263604
v -4.191421 0.000000 1.305025
v -4.150000 0.000000 1.336809
v -4.101764 0.000000 1.356789
v -4.050000 0.000000 1.363604
v -3.998236 0.000000 1.356789
v -3.950000 0.000000 1.336809
v -3.908579 0.000000 1.305025
v -0.944975 0.000000 -1.658579
v -0.913191 0.000000 -1.700000
v -0.893211 0.000000 -1.748236
v -0.886396 0.000000 -1.800000
v -0.893211 0.000000 -1.851764
v -0.913191 0.000000 -1.900000
v -0.944975 0.000000 -1.941421
v -0.986396 0.000000 -1.973205
v -1.034632 0.000000 -1.993185
v -1.086396 0.000000 -2.000000
v -4.050000 0.000000 -2.000000
v -4.101764 0.000000 -1.993185
v -4.150000 0.000000 -1.973205
v -4.191421 0.000000 -1.941421
v -4.223205 0.000000 -1.900000
v -4.243185 0.000000 -1.851764
v -8.750000 0.000000 -1.800000
v -8.750000 0.000000 1.163604
v -8.743185 0.000000 1.215368
v -8.723205 0.000000 1.263604
v -8.691421 0.000000 1.305025
v -8.650000 0.000000 1.336809
v -8.601764 0.000000 1.356789
v -8.550000 0.000000 1.363604
v -8.498236 0.000000 1.356789
v -8.450000 0.000000 1.336809
v -8.408579 0.000000 1.305025
v -5.444975 0.000000 -1.658579
v -5.413191 0.000000 -1.700000
v -5.393211 0.000000 -1.748236
v -5.386396 0.000000 -1.800000
v -5.393211 0.000000 -1.851764
v -5.413191 0.000000 -1.900000
v -5.444975 0.000000 -1.941421
v -5.486396 0.000000 -1.973205
v -5.534632 0.000000 -1.993185
v -5.586396 0.000000 -2.000000
v -8.550000 0.000000 -2.000000
v -8.601764 0.000000 -1.993185
v -8.650000 0.000000 -1.973205
v -8.691421 0.000000 -1.941421
v -8.723205 0.000000 -1.900000
v -8.743185 0.000000 -1.851764
v 4.583333 0.000000 2.000000
v -4.583333 0.000000 2.000000
vt 0.000000 0.000000 0.000000
vt 2.963604 0.000000 0.000000
vt 0.000000 0.600000 0.000000
vt 2.963604 0.600000 0.000000
vt 0.600000 0.471239 0.000000
vt -0.000000 0.471239 0.000000
vt 0.600000 0.418879 0.000000
vt -0.000000 0.418879 0.000000
vt 0.600000 0.366519 0.000000
vt 0.000000 0.366519 0.000000
vt 0.600000 0.314159 0.000000
vt 0.000000 0.314159 0.000000
vt 0.600000 0.261799 0.000000
vt 0.000000 0.261799 0.000000
vt 0.600000 0.209440 0.000000
vt -0.000000 0.209440 0.000000
vt 0.600000 0.157080 0.000000
vt 0.000000 0.157080 0.000000
vt 0.600000 0.104720 0.000000
vt -0.000000 0.104720 0.000000
vt 0.600000 0.052360 0.000000
vt 0.000000 0.052360 0.000000
vt 0.600000 0.000000 0.000000
vt 0.000000 0.000000 0.000000
vt 0.000000 0.000000 0.000000
vt 4.191169 0.000000 0.000000
vt 0.000000 0.600000 0.000000
vt 4.191169 0.600000 0.000000
vt 0.600000 0.471239 0.000000
vt -0.000000 0.471239 0.000000
vt 0.600000 0.418879 0.000000
vt -0.000000 0.418879 0.000000
vt 0.600000 0.366519 0.000000
vt 0.000000 0.366519 0.000000
vt 0.600000 0.314159 0.000000
vt -0.000000 0.314159 0.000000
vt 0.600000 0.261799 0.000000
vt 0.000000 0.261799 0.000000
vt 0.600000 0.209440 0.000000
vt 0.000000 0.209440 0.000000
vt 0.600000 0.157080 0.000000
vt -0.000000 0.157080 0.000000
vt 0.600000 0.104720 0.000000
vt 0.000000 0.104720 0.000000
vt 0.600000 0.052360 0.000000
vt -0.000000 0.052360 0.000000
vt 0.600000 0.000000 0.000000
vt -0.000000 0.000000 0.000000
vt 0.000000 0.000000 0.000000
vt 2.963604 0.000000 0.000000
vt 0.000000 0.600000 0.000000
vt 2.963604 0.600000 0.000000
vt 0.600000 0.314159 0.000000
vt 0.000000 0.314159 0.000000
vt 0.600000 0.261799 0.000000
vt 0.000000 0.261799 0.000000
vt 0.600000 0.209440 0.000000
vt 0.000000 0.209440 0.000000
vt 0.600000 0.157080 0.000000
vt -0.000000 0.157080 0.000000
vt 0.600000 0.104720 0.000000
vt 0.000000 0.104720 0.000000
vt 0.600000 0.052360 0.000000
vt 0.000000 0.052360 0.000000
vt 0.600000 0.000000 0.000000
vt 0.000000 0.000000 0.000000
vt 0.000000 0.000000 0.000000
vt 2.963604 0.000000 0.000000
vt 0.000000 0.600000 0.000000
vt 2.963604 0.600000 0.000000
vt 0.600000 0.471239 0.000000
vt 0.000000 0.471239 0.000000
vt 0.600000 0.418879 0.000000
vt 0.000000 0.418879 0.000000
vt 0.600000 0.366519 0.000000
vt -0.000000 0.366519 0.000000
vt 0.600000 0.314159 0.000000
vt 0.000000 0.314159 0.000000
vt 0.600000 0.261799 0.000000
vt 0.000000 0.261799 0.000000
vt 0.600000 0.209440 0.000000
vt -0.000000 0.209440 0.000000
vt 0.600000 0.157080 0.000000
vt -0.000000 0.157080 0.000000
vt 0.600000 0.104720 0.000000
vt 0.000000 0.104720 0.000000
vt 0.600000 0.052360 0.000000
vt 0.000000 0.052360 0.000000
vt 0.600000 0.000000 0.000000
vt 0.000000 0.000000 0.000000
vt -0.000000 0.000000 0.000000
vt 4.191169 0.000000 0.000000
vt -0.000000 0.600000 0.000000
vt 4.191169 0.600000 0.000000
vt 0.600000 0.471239 0.000000
vt -0.000000 0.471239 0.000000
vt 0.600000 0.418879 0.000000
vt 0.000000 0.418879 0.000000
vt 0.600000 0.366519 0.000000
vt 0.000000 0.366519 0.000000
vt 0.600000 0.314159 0.000000
vt -0.000000 0.314159 0.000000
vt 0.600000 0.261799 0.000000
vt -0.000000 0.261799 0.000000
vt 0.600000 0.209440 0.000000
vt 0.000000 0.209440 0.000000
vt 0.600000 0.157080 0.000000
vt 0.000000 0.157080 0.000000
vt 0.600000 0.104720 0.000000
vt 0.000000 0.104720 0.000000
vt 0.600000 0.052360 0.000000
vt -0.000000 0.052360 0.000000
vt 0.600000 0.000000 0.000000
vt -0.000000 0.000000 0.000000
vt 0.000000 0.000000 0.000000
vt 2.963604 0.000000 0.000000
vt 0.000000 0.600000 0.000000
vt 2.963604 0.600000 0.000000
vt 0.600000 0.314159 0.000000
vt -0.000000 0.314159 0.000000
vt 0.600000 0.261799 0.000000
vt 0.000000 0.261799 0.000000
vt 0.600000 0.209440 0.000000
vt 0.000000 0.209440 0.000000
vt 0.600000 0.157080 0.000000
vt -0.000000 0.157080 0.000000
vt 0.600000 0.104720 0.000000
vt 0.000000 0.104720 0.000000
vt 0.600000 0.052360 0.000000
vt 0.000000 0.052360 0.000000
vt 0.600000 0.000000 0.000000
vt 0.000000 0.000000 0.000000
vt 0.000000 0.000000 0.000000
vt 9.166667 0.000000 0.000000
vt 0.000000 0.600000 0.000000
vt 9.166667 0.600000 0.000000
vt 18.333333 0.000000 0.000000
vt 18.333333 0.600000 0.000000
vt 27.500000 0.000000 0.000000
vt 27.500000 0.600000 0.000000
vt 0.000000 0.000000 0.000000
vt 5.000000 0.000000 0.000000
vt 0.000000 0.600000 0.000000
vt 5.000000 0.600000 0.000000
vt 0.000000 0.000000 0.000000
vt 9.166667 0.000000 0.000000
vt 0.000000 0.600000 0.000000
vt 9.166667 0.600000 0.000000
vt 18.333333 0.000000 0.000000
vt 18.333333 0.600000 0.000000
vt 27.500000 0.000000 0.000000
vt 27.500000 0.600000 0.000000
vt 0.000000 0.000000 0.000000
vt 5.000000 0.000000 0.000000
vt 0.000000 0.600000 0.000000
vt 5.000000 0.600000 0.000000
vt 13.250000 -1.800000 0.000000
vt 13.750000 -2.500000 0.000000
vt 13.250000 1.163604 0.000000
vt 13.750000 2.500000 0.000000
vt 13.243185 1.215368 0.000000
vt 13.223205 1.263604 0.000000
vt 13.191421 1.305025 0.000000
vt 13.150000 1.336809 0.000000
vt 13.101764 1.356789 0.000000
vt 12.606789 1.851764 0.000000
vt 12.613604 1.800000 0.000000
vt 13.243185 -1.851764 0.000000
vt 13.223205 -1.900000 0.000000
vt 13.191421 -1.941421 0.000000
vt 13.150000 -1.973205 0.000000
vt 13.101764 -1.993185 0.000000
vt 13.050000 -2.000000 0.000000
vt 10.086396 -2.000000 0.000000
vt 8.550000 -2.000000 0.000000
vt 4.583333 -2.500000 0.000000
vt 5.586396 -2.000000 0.000000
vt 5.534632 -1.993185 0.000000
vt 8.601764 -1.993185 0.000000
vt 10.034632 -1.993185 0.000000
vt 8.650000 -1.973205 0.000000
vt 9.986396 -1.973205 0.000000
vt 8.691421 -1.941421 0.000000
vt 9.944975 -1.941421 0.000000
vt 8.723205 -1.900000 0.000000
vt 9.913191 -1.900000 0.000000
vt 8.743185 -1.851764 0.000000
vt 9.893211 -1.851764 0.000000
vt 8.750000 -1.800000 0.000000
vt 9.886396 -1.800000 0.000000
vt 9.893211 -1.748236 0.000000
vt 9.450000 -1.363604 0.000000
vt 9.913191 -1.700000 0.000000
vt 9.944975 -1.658579 0.000000
vt 12.908579 1.305025 0.000000
vt 9.591421 -1.305025 0.000000
vt 9.550000 -1.336809 0.000000
vt 9.501764 -1.356789 0.000000
vt 12.555025 1.658579 0.000000
vt 12.950000 1.336809 0.000000
vt 12.998236 1.356789 0.000000
vt 13.050000 1.363604 0.000000
vt 12.586809 1.700000 0.000000
vt 12.606789 1.748236 0.000000
vt 9.250000 -1.163604 0.000000
vt 8.750000 1.163604 0.000000
vt 9.250000 1.800000 0.000000
vt 8.743185 1.215368 0.000000
vt 8.723205 1.263604 0.000000
vt 8.691421 1.305025 0.000000
vt 8.650000 1.336809 0.000000
vt 8.601764 1.356789 0.000000
vt 8.550000 1.363604 0.000000
vt 8.106789 1.748236 0.000000
vt 8.086809 1.700000 0.000000
vt 5.486396 -1.973205 0.000000
vt 4.583333 -2.000000 0.000000
vt 4.101764 -1.993185 0.000000
vt 4.150000 -1.973205 0.000000
vt 4.191421 -1.941421 0.000000
vt 4.223205 -1.900000 0.000000
vt 4.243185 -1.851764 0.000000
vt 4.250000 -1.800000 0.000000
vt 4.250000 1.163604 0.000000
vt 4.583333 2.500000 0.000000
vt 4.243185 1.215368 0.000000
vt 4.223205 1.263604 0.000000
vt 4.191421 1.305025 0.000000
vt 4.150000 1.336809 0.000000
vt 4.101764 1.356789 0.000000
vt 3.606789 1.851764 0.000000
vt 3.613604 1.800000 0.000000
vt 5.444975 -1.941421 0.000000
vt 5.413191 -1.900000 0.000000
vt 5.393211 -1.851764 0.000000
vt 5.386396 -1.800000 0.000000
vt 5.393211 -1.748236 0.000000
vt 4.950000 -1.363604 0.000000
vt 5.413191 -1.700000 0.000000
vt 5.444975 -1.658579 0.000000
vt 8.408579 1.305025 0.000000
vt 5.091421 -1.305025 0.000000
vt 5.050000 -1.336809 0.000000
vt 5.001764 -1.356789 0.000000
vt 8.055025 1.658579 0.000000
vt 8.450000 1.336809 0.000000
vt 8.498236 1.356789 0.000000
vt 4.050000 -2.000000 0.000000
vt 1.086396 -2.000000 0.000000
vt -0.450000 -2.000000 0.000000
vt -0.398236 -1.993185 0.000000
vt 1.034632 -1.993185 0.000000
vt -0.350000 -1.973205 0.000000
vt 0.986396 -1.973205 0.000000
vt -0.308579 -1.941421 0.000000
vt 0.944975 -1.941421 0.000000
vt -0.276795 -1.900000 0.000000
vt 0.913191 -1.900000 0.000000
vt -0.256815 -1.851764 0.000000
vt 0.893211 -1.851764 0.000000
vt -0.250000 -1.800000 0.000000
vt 0.886396 -1.800000 0.000000
vt 0.893211 -1.748236 0.000000
vt 0.450000 -1.363604 0.000000
vt 0.913191 -1.700000 0.000000
vt 0.944975 -1.658579 0.000000
vt 3.908579 1.305025 0.000000
vt 0.591421 -1.305025 0.000000
vt 0.550000 -1.336809 0.000000
vt 0.501764 -1.356789 0.000000
vt 3.555025 1.658579 0.000000
vt 3.950000 1.336809 0.000000
vt 3.998236 1.356789 0.000000
vt 4.050000 1.363604 0.000000
vt 3.586809 1.700000 0.000000
vt 3.606789 1.748236 0.000000
vt 0.250000 -1.163604 0.000000
vt -0.250000 1.163604 0.000000
vt 0.250000 1.800000 0.000000
vt -0.256815 1.215368 0.000000
vt -0.276795 1.263604 0.000000
vt -0.308579 1.305025 0.000000
vt -0.350000 1.336809 0.000000
vt -0.398236 1.356789 0.000000
vt -0.450000 1.363604 0.000000
vt -0.893211 1.748236 0.000000
vt -0.913191 1.700000 0.000000
vt -4.583333 -2.500000 0.000000
vt -3.413604 -2.000000 0.000000
vt -3.465368 -1.993185 0.000000
vt -3.513604 -1.973205 0.000000
vt -4.583333 -2.000000 0.000000
vt -4.898236 -1.993185 0.000000
vt -4.850000 -1.973205 0.000000
vt -4.808579 -1.941421 0.000000
vt -4.776795 -1.900000 0.000000
vt -4.756815 -1.851764 0.000000
vt -4.750000 -1.800000 0.000000
vt -4.750000 1.163604 0.000000
vt -4.583333 2.500000 0.000000
vt -4.756815 1.215368 0.000000
vt -4.776795 1.263604 0.000000
vt -4.808579 1.305025 0.000000
vt -4.850000 1.336809 0.000000
vt -4.898236 1.356789 0.000000
vt -5.393211 1.851764 0.000000
vt -5.386396 1.800000 0.000000
vt -3.555025 -1.941421 0.000000
vt -3.586809 -1.900000 0.000000
vt -3.606789 -1.851764 0.000000
vt -3.613604 -1.800000 0.000000
vt -3.606789 -1.748236 0.000000
vt -4.101764 -1.356789 0.000000
vt -4.050000 -1.363604 0.000000
vt -3.586809 -1.700000 0.000000
vt -3.555025 -1.658579 0.000000
vt -0.591421 1.305025 0.000000
vt -3.908579 -1.305025 0.000000
vt -3.950000 -1.336809 0.000000
vt -3.998236 -1.356789 0.000000
vt -0.944975 1.658579 0.000000
vt -0.550000 1.336809 0.000000
vt -0.501764 1.356789 0.000000
vt -4.950000 -2.000000 0.000000
vt -7.913604 -2.000000 0.000000
vt -9.450000 -2.000000 0.000000
vt -9.398236 -1.993185 0.000000
vt -7.965368 -1.993185 0.000000
vt -9.350000 -1.973205 0.000000
vt -8.013604 -1.973205 0.000000
vt -9.308579 -1.941421 0.000000
vt -8.055025 -1.941421 0.000000
vt -9.276795 -1.900000 0.000000
vt -8.086809 -1.900000 0.000000
vt -9.256815 -1.851764 0.000000
vt -8.106789 -1.851764 0.000000
vt -9.250000 -1.800000 0.000000
vt -8.113604 -1.800000 0.000000
vt -8.106789 -1.748236 0.000000
vt -8.550000 -1.363604 0.000000
vt -8.086809 -1.700000 0.000000
vt -8.055025 -1.658579 0.000000
vt -5.091421 1.305025 0.000000
vt -8.408579 -1.305025 0.000000
vt -8.450000 -1.336809 0.000000
vt -8.498236 -1.356789 0.000000
vt -5.444975 1.658579 0.000000
vt -5.050000 1.336809 0.000000
vt -5.001764 1.356789 0.000000
vt -4.950000 1.363604 0.000000
vt -5.413191 1.700000 0.000000
vt -5.393211 1.748236 0.000000
vt 9.256815 1.851764 0.000000
vt 8.106789 1.851764 0.000000
vt 8.113604 1.800000 0.000000
vt 8.086809 1.900000 0.000000
vt 9.276795 1.900000 0.000000
vt 8.055025 1.941421 0.000000
vt 9.308579 1.941421 0.000000
vt 8.013604 1.973205 0.000000
vt 9.350000 1.973205 0.000000
vt 7.965368 1.993185 0.000000
vt 9.398236 1.993185 0.000000
vt 7.913604 2.000000 0.000000
vt 9.450000 2.000000 0.000000
vt 12.413604 2.000000 0.000000
vt 12.465368 1.993185 0.000000
vt 12.513604 1.973205 0.000000
vt 12.555025 1.941421 0.000000
vt 12.586809 1.900000 0.000000
vt 9.398236 -1.356789 0.000000
vt 9.350000 -1.336809 0.000000
vt 9.308579 -1.305025 0.000000
vt 9.276795 -1.263604 0.000000
vt 9.256815 -1.215368 0.000000
vt 4.750000 1.800000 0.000000
vt 4.750000 -1.163604 0.000000
vt 4.756815 -1.215368 0.000000
vt 4.776795 -1.263604 0.000000
vt 4.808579 -1.305025 0.000000
vt 4.850000 -1.336809 0.000000
vt 4.898236 -1.356789 0.000000
vt 4.756815 1.851764 0.000000
vt 4.776795 1.900000 0.000000
vt 4.808579 1.941421 0.000000
vt 4.850000 1.973205 0.000000
vt 4.898236 1.993185 0.000000
vt 4.950000 2.000000 0.000000
vt 0.256815 1.851764 0.000000
vt -0.893211 1.851764 0.000000
vt -0.886396 1.800000 0.000000
vt -0.913191 1.900000 0.000000
vt 0.276795 1.900000 0.000000
vt -0.944975 1.941421 0.000000
vt 0.308579 1.941421 0.000000
vt -0.986396 1.973205 0.000000
vt 0.350000 1.973205 0.000000
vt -1.034632 1.993185 0.000000
vt 0.398236 1.993185 0.000000
vt -1.086396 2.000000 0.000000
vt 0.450000 2.000000 0.000000
vt 3.413604 2.000000 0.000000
vt 3.465368 1.993185 0.000000
vt 3.513604 1.973205 0.000000
vt 3.555025 1.941421 0.000000
vt 3.586809 1.900000 0.000000
vt 0.398236 -1.356789 0.000000
vt 0.350000 -1.336809 0.000000
vt 0.308579 -1.305025 0.000000
vt 0.276795 -1.263604 0.000000
vt 0.256815 -1.215368 0.000000
vt -4.250000 1.800000 0.000000
vt -4.250000 -1.163604 0.000000
vt -4.243185 -1.215368 0.000000
vt -4.223205 -1.263604 0.000000
vt -4.191421 -1.305025 0.000000
vt -4.150000 -1.336809 0.000000
vt -4.243185 1.851764 0.000000
vt -4.223205 1.900000 0.000000
vt -4.191421 1.941421 0.000000
vt -4.150000 1.973205 0.000000
vt -4.101764 1.993185 0.000000
vt -4.050000 2.000000 0.000000
vt -8.750000 1.800000 0.000000
vt -9.250000 1.163604 0.000000
vt -8.750000 -1.163604 0.000000
vt -8.743185 -1.215368 0.000000
vt -8.723205 -1.263604 0.000000
vt -8.691421 -1.305025 0.000000
vt -8.650000 -1.336809 0.000000
vt -8.601764 -1.356789 0.000000
vt -8.743185 1.851764 0.000000
vt -9.893211 1.851764 0.000000
vt -9.886396 1.800000 0.000000
vt -9.893211 1.748236 0.000000
vt -9.913191 1.900000 0.000000
vt -8.723205 1.900000 0.000000
vt -9.944975 1.941421 0.000000
vt -8.691421 1.941421 0.000000
vt -9.986396 1.973205 0.000000
vt -8.650000 1.973205 0.000000
vt -10.034632 1.993185 0.000000
vt -8.601764 1.993185 0.000000
vt -10.086396 2.000000 0.000000
vt -8.550000 2.000000 0.000000
vt -13.750000 2.500000 0.000000
vt -5.586396 2.000000 0.000000
vt -5.534632 1.993185 0.000000
vt -5.486396 1.973205 0.000000
vt -5.444975 1.941421 0.000000
vt -5.413191 1.900000 0.000000
vt -13.750000 -2.500000 0.000000
vt -12.413604 -2.000000 0.000000
vt -12.465368 -1.993185 0.000000
vt -12.513604 -1.973205 0.000000
vt -12.555025 -1.941421 0.000000
vt -12.586809 -1.900000 0.000000
vt -12.606789 -1.851764 0.000000
vt -13.101764 -1.356789 0.000000
vt -13.150000 -1.336809 0.000000
vt -12.613604 -1.800000 0.000000
vt -12.606789 -1.748236 0.000000
vt -13.050000 -1.363604 0.000000
vt -12.586809 -1.700000 0.000000
vt -12.555025 -1.658579 0.000000
vt -9.591421 1.305025 0.000000
vt -12.908579 -1.305025 0.000000
vt -12.950000 -1.336809 0.000000
vt -12.998236 -1.356789 0.000000
vt -9.944975 1.658579 0.000000
vt -9.550000 1.336809 0.000000
vt -9.501764 1.356789 0.000000
vt -9.450000 1.363604 0.000000
vt -9.913191 1.700000 0.000000
vt -9.398236 1.356789 0.000000
vt -9.350000 1.336809 0.000000
vt -9.308579 1.305025 0.000000
vt -9.276795 1.263604 0.000000
vt -9.256815 1.215368 0.000000
vt -13.250000 -1.163604 0.000000
vt -13.250000 1.800000 0.000000
vt -13.243185 1.851764 0.000000
vt -13.223205 1.900000 0.000000
vt -13.191421 1.941421 0.000000
vt -13.150000 1.973205 0.000000
vt -13.101764 1.993185 0.000000
vt -13.050000 2.000000 0.000000
vt -13.191421 -1.305025 0.000000
vt -13.223205 -1.263604 0.000000
vt -13.243185 -1.215368 0.000000
vt -13.243185 -1.851764 0.000000
vt -13.250000 -1.800000 0.000000
vt -13.750000 -2.500000 0.000000
vt -13.250000 1.163604 0.000000
vt -13.750000 2.500000 0.000000
vt -13.243185 1.215368 0.000000
vt -13.223205 1.263604 0.000000
vt -13.191421 1.305025 0.000000
vt -13.150000 1.336809 0.000000
vt -13.101764 1.356789 0.000000
vt -13.050000 1.363604 0.000000
vt -12.606789 1.748236 0.000000
vt -12.613604 1.800000 0.000000
vt -12.606789 1.851764 0.000000
vt -12.998236 1.356789 0.000000
vt -12.555025 1.658579 0.000000
vt -12.586809 1.700000 0.000000
vt -12.950000 1.336809 0.000000
vt -12.908579 1.305025 0.000000
vt -9.591421 -1.305025 0.000000
vt -9.944975 -1.658579 0.000000
vt -9.550000 -1.336809 0.000000
vt -9.501764 -1.356789 0.000000
vt -9.450000 -1.363604 0.000000
vt -9.913191 -1.700000 0.000000
vt -9.893211 -1.748236 0.000000
vt -8.750000 -1.800000 0.000000
vt -9.886396 -1.800000 0.000000
vt -8.743185 -1.851764 0.000000
vt -9.893211 -1.851764 0.000000
vt -8.723205 -1.900000 0.000000
vt -9.913191 -1.900000 0.000000
vt -8.691421 -1.941421 0.000000
vt -9.944975 -1.941421 0.000000
vt -8.650000 -1.973205 0.000000
vt -9.986396 -1.973205 0.000000
vt -8.601764 -1.993185 0.000000
vt -10.034632 -1.993185 0.000000
vt -8.550000 -2.000000 0.000000
vt -10.086396 -2.000000 0.000000
vt -13.050000 -2.000000 0.000000
vt -13.101764 -1.993185 0.000000
vt -13.150000 -1.973205 0.000000
vt -13.191421 -1.941421 0.000000
vt -13.223205 -1.900000 0.000000
vt -8.750000 1.163604 0.000000
vt -9.250000 -1.163604 0.000000
vt -9.256815 -1.215368 0.000000
vt -9.276795 -1.263604 0.000000
vt -9.250000 1.800000 0.000000
vt -8.743185 1.215368 0.000000
vt -8.723205 1.263604 0.000000
vt -8.691421 1.305025 0.000000
vt -8.650000 1.336809 0.000000
vt -8.601764 1.356789 0.000000
vt -8.550000 1.363604 0.000000
vt -8.106789 1.748236 0.000000
vt -8.113604 1.800000 0.000000
vt -8.498236 1.356789 0.000000
vt -8.055025 1.658579 0.000000
vt -8.086809 1.700000 0.000000
vt -8.450000 1.336809 0.000000
vt -8.408579 1.305025 0.000000
vt -5.091421 -1.305025 0.000000
vt -5.444975 -1.658579 0.000000
vt -5.050000 -1.336809 0.000000
vt -5.001764 -1.356789 0.000000
vt -4.950000 -1.363604 0.000000
vt -5.413191 -1.700000 0.000000
vt -5.393211 -1.748236 0.000000
vt -4.583333 -2.000000 0.000000
vt -5.386396 -1.800000 0.000000
vt -5.393211 -1.851764 0.000000
vt -5.413191 -1.900000 0.000000
vt -5.444975 -1.941421 0.000000
vt -5.486396 -1.973205 0.000000
vt -4.583333 -2.500000 0.000000
vt -5.534632 -1.993185 0.000000
vt -5.586396 -2.000000 0.000000
vt -4.243185 -1.851764 0.000000
vt -4.250000 -1.800000 0.000000
vt -4.250000 1.163604 0.000000
vt -4.583333 2.500000 0.000000
vt -4.243185 1.215368 0.000000
vt -4.223205 1.263604 0.000000
vt -4.191421 1.305025 0.000000
vt -4.150000 1.336809 0.000000
vt -4.101764 1.356789 0.000000
vt -4.050000 1.363604 0.000000
vt -3.606789 1.748236 0.000000
vt -3.613604 1.800000 0.000000
vt -3.606789 1.851764 0.000000
vt -3.998236 1.356789 0.000000
vt -3.555025 1.658579 0.000000
vt -3.586809 1.700000 0.000000
vt -3.950000 1.336809 0.000000
vt -3.908579 1.305025 0.000000
vt -0.591421 -1.305025 0.000000
vt -0.944975 -1.658579 0.000000
vt -0.550000 -1.336809 0.000000
vt -0.501764 -1.356789 0.000000
vt -0.450000 -1.363604 0.000000
vt -0.913191 -1.700000 0.000000
vt -0.893211 -1.748236 0.000000
vt 0.250000 -1.800000 0.000000
vt -0.886396 -1.800000 0.000000
vt 0.256815 -1.851764 0.000000
vt -0.893211 -1.851764 0.000000
vt 0.276795 -1.900000 0.000000
vt -0.913191 -1.900000 0.000000
vt 0.308579 -1.941421 0.000000
vt -0.944975 -1.941421 0.000000
vt 0.350000 -1.973205 0.000000
vt -0.986396 -1.973205 0.000000
vt 0.398236 -1.993185 0.000000
vt -1.034632 -1.993185 0.000000
vt 0.450000 -2.000000 0.000000
vt -1.086396 -2.000000 0.000000
vt -4.050000 -2.000000 0.000000
vt -4.101764 -1.993185 0.000000
vt -4.150000 -1.973205 0.000000
vt -4.191421 -1.941421 0.000000
vt -4.223205 -1.900000 0.000000
vt 0.250000 1.163604 0.000000
vt -0.250000 -1.163604 0.000000
vt -0.256815 -1.215368 0.000000
vt -0.276795 -1.263604 0.000000
vt -0.250000 1.800000 0.000000
vt 0.256815 1.215368 0.000000
vt 0.276795 1.263604 0.000000
vt 0.308579 1.305025 0.000000
vt 0.350000 1.336809 0.000000
vt 0.398236 1.356789 0.000000
vt 0.450000 1.363604 0.000000
vt 0.893211 1.748236 0.000000
vt 0.886396 1.800000 0.000000
vt 0.501764 1.356789 0.000000
vt 0.944975 1.658579 0.000000
vt 0.913191 1.700000 0.000000
vt 0.550000 1.336809 0.000000
vt 0.591421 1.305025 0.000000
vt 3.908579 -1.305025 0.000000
vt 3.555025 -1.658579 0.000000
vt 3.950000 -1.336809 0.000000
vt 3.998236 -1.356789 0.000000
vt 4.050000 -1.363604 0.000000
vt 3.586809 -1.700000 0.000000
vt 3.606789 -1.748236 0.000000
vt 3.613604 -1.800000 0.000000
vt 4.583333 -2.000000 0.000000
vt 4.101764 -1.356789 0.000000
vt 3.606789 -1.851764 0.000000
vt 3.586809 -1.900000 0.000000
vt 3.555025 -1.941421 0.000000
vt 3.513604 -1.973205 0.000000
vt 4.583333 -2.500000 0.000000
vt 4.898236 -1.993185 0.000000
vt 4.950000 -2.000000 0.000000
vt 7.913604 -2.000000 0.000000
vt 9.450000 -2.000000 0.000000
vt 7.965368 -1.993185 0.000000
vt 9.398236 -1.993185 0.000000
vt 8.013604 -1.973205 0.000000
vt 9.350000 -1.973205 0.000000
vt 8.055025 -1.941421 0.000000
vt 9.308579 -1.941421 0.000000
vt 8.086809 -1.900000 0.000000
vt 9.276795 -1.900000 0.000000
vt 8.106789 -1.851764 0.000000
vt 9.256815 -1.851764 0.000000
vt 8.113604 -1.800000 0.000000
vt 9.250000 -1.800000 0.000000
vt 8.106789 -1.748236 0.000000
vt 8.550000 -1.363604 0.000000
vt 8.086809 -1.700000 0.000000
vt 8.055025 -1.658579 0.000000
vt 8.498236 -1.356789 0.000000
vt 8.450000 -1.336809 0.000000
vt 3.465368 -1.993185 0.000000
vt 3.413604 -2.000000 0.000000
vt 4.756815 -1.851764 0.000000
vt 4.750000 -1.800000 0.000000
vt 4.750000 1.163604 0.000000
vt 4.583333 2.500000 0.000000
vt 4.756815 1.215368 0.000000
vt 4.776795 1.263604 0.000000
vt 4.808579 1.305025 0.000000
vt 4.850000 1.336809 0.000000
vt 4.898236 1.356789 0.000000
vt 4.950000 1.363604 0.000000
vt 5.393211 1.748236 0.000000
vt 5.386396 1.800000 0.000000
vt 5.393211 1.851764 0.000000
vt 5.001764 1.356789 0.000000
vt 5.444975 1.658579 0.000000
vt 5.413191 1.700000 0.000000
vt 5.050000 1.336809 0.000000
vt 5.091421 1.305025 0.000000
vt 8.408579 -1.305025 0.000000
vt 4.850000 -1.973205 0.000000
vt 4.808579 -1.941421 0.000000
vt 4.776795 -1.900000 0.000000
vt -9.308579 -1.305025 0.000000
vt -9.350000 -1.336809 0.000000
vt -9.398236 -1.356789 0.000000
vt -12.586809 1.900000 0.000000
vt -12.555025 1.941421 0.000000
vt -12.513604 1.973205 0.000000
vt -12.465368 1.993185 0.000000
vt -12.413604 2.000000 0.000000
vt -9.450000 2.000000 0.000000
vt -7.913604 2.000000 0.000000
vt -4.950000 2.000000 0.000000
vt -7.965368 1.993185 0.000000
vt -9.398236 1.993185 0.000000
vt -8.013604 1.973205 0.000000
vt -9.350000 1.973205 0.000000
vt -8.055025 1.941421 0.000000
vt -9.308579 1.941421 0.000000
vt -8.086809 1.900000 0.000000
vt -9.276795 1.900000 0.000000
vt -8.106789 1.851764 0.000000
vt -9.256815 1.851764 0.000000
vt -4.756815 1.851764 0.000000
vt -4.750000 1.800000 0.000000
vt -4.750000 -1.163604 0.000000
vt -4.756815 -1.215368 0.000000
vt -4.776795 -1.263604 0.000000
vt -4.808579 -1.305025 0.000000
vt -4.850000 -1.336809 0.000000
vt -4.898236 -1.356789 0.000000
vt -4.898236 1.993185 0.000000
vt -4.850000 1.973205 0.000000
vt -4.808579 1.941421 0.000000
vt -4.776795 1.900000 0.000000
vt -0.308579 -1.305025 0.000000
vt -0.350000 -1.336809 0.000000
vt -0.398236 -1.356789 0.000000
vt -3.586809 1.900000 0.000000
vt -3.555025 1.941421 0.000000
vt -3.513604 1.973205 0.000000
vt -3.465368 1.993185 0.000000
vt -3.413604 2.000000 0.000000
vt -0.450000 2.000000 0.000000
vt 1.086396 2.000000 0.000000
vt 4.050000 2.000000 0.000000
vt 1.034632 1.993185 0.000000
vt -0.398236 1.993185 0.000000
vt 0.986396 1.973205 0.000000
vt -0.350000 1.973205 0.000000
vt 0.944975 1.941421 0.000000
vt -0.308579 1.941421 0.000000
vt 0.913191 1.900000 0.000000
vt -0.276795 1.900000 0.000000
vt 0.893211 1.851764 0.000000
vt -0.256815 1.851764 0.000000
vt 4.243185 1.851764 0.000000
vt 4.250000 1.800000 0.000000
vt 4.250000 -1.163604 0.000000
vt 4.243185 -1.215368 0.000000
vt 4.223205 -1.263604 0.000000
vt 4.191421 -1.305025 0.000000
vt 4.150000 -1.336809 0.000000
vt 4.101764 1.993185 0.000000
vt 4.150000 1.973205 0.000000
vt 4.191421 1.941421 0.000000
vt 4.223205 1.900000 0.000000
vt 8.750000 -1.163604 0.000000
vt 9.250000 1.163604 0.000000
vt 8.750000 1.800000 0.000000
vt 9.256815 1.215368 0.000000
vt 9.276795 1.263604 0.000000
vt 8.743185 -1.215368 0.000000
vt 8.723205 -1.263604 0.000000
vt 8.691421 -1.305025 0.000000
vt 8.650000 -1.336809 0.000000
vt 8.601764 -1.356789 0.000000
vt 5.413191 1.900000 0.000000
vt 5.444975 1.941421 0.000000
vt 5.486396 1.973205 0.000000
vt 5.534632 1.993185 0.000000
vt 5.586396 2.000000 0.000000
vt 8.550000 2.000000 0.000000
vt 13.750000 2.500000 0.000000
vt 10.086396 2.000000 0.000000
vt 13.050000 2.000000 0.000000
vt 10.034632 1.993185 0.000000
vt 8.601764 1.993185 0.000000
vt 9.986396 1.973205 0.000000
vt 8.650000 1.973205 0.000000
vt 9.944975 1.941421 0.000000
vt 8.691421 1.941421 0.000000
vt 9.913191 1.900000 0.000000
vt 8.723205 1.900000 0.000000
vt 9.893211 1.851764 0.000000
vt 8.743185 1.851764 0.000000
vt 9.886396 1.800000 0.000000
vt 9.893211 1.748236 0.000000
vt 9.450000 1.363604 0.000000
vt 9.913191 1.700000 0.000000
vt 9.944975 1.658579 0.000000
vt 9.501764 1.356789 0.000000
vt 9.550000 1.336809 0.000000
vt 9.308579 1.305025 0.000000
vt 9.350000 1.336809 0.000000
vt 9.398236 1.356789 0.000000
vt 9.591421 1.305025 0.000000
vt 12.908579 -1.305025 0.000000
vt 12.555025 -1.658579 0.000000
vt 12.950000 -1.336809 0.000000
vt 12.998236 -1.356789 0.000000
vt 13.050000 -1.363604 0.000000
vt 12.586809 -1.700000 0.000000
vt 12.606789 -1.748236 0.000000
vt 13.101764 -1.356789 0.000000
vt 12.613604 -1.800000 0.000000
vt 12.606789 -1.851764 0.000000
vt 13.750000 -2.500000 0.000000
vt 12.586809 -1.900000 0.000000
vt 12.555025 -1.941421 0.000000
vt 12.513604 -1.973205 0.000000
vt 12.465368 -1.993185 0.000000
vt 12.413604 -2.000000 0.000000
vt 13.101764 1.993185 0.000000
vt 13.150000 1.973205 0.000000
vt 13.191421 1.941421 0.000000
vt 13.223205 1.900000 0.000000
vt 13.243185 1.851764 0.000000
vt 13.250000 1.800000 0.000000
vt 13.250000 -1.163604 0.000000
vt 13.243185 -1.215368 0.000000
vt 13.223205 -1.263604 0.000000
vt 13.191421 -1.305025 0.000000
vt 13.150000 -1.336809 0.000000
vt 0.000000 0.000000 0.000000
vt 2.963604 0.000000 0.000000
vt 0.000000 0.600000 0.000000
vt 2.963604 0.600000 0.000000
vt 0.600000 0.471239 0.000000
vt -0.000000 0.471239 0.000000
vt 0.600000 0.418879 0.000000
vt -0.000000 0.418879 0.000000
vt 0.600000 0.366519 0.000000
vt 0.000000 0.366519 0.000000
vt 0.600000 0.314159 0.000000
vt 0.000000 0.314159 0.000000
vt 0.600000 0.261799 0.000000
vt 0.000000 0.261799 0.000000
vt 0.600000 0.209440 0.000000
vt -0.000000 0.209440 0.000000
vt 0.600000 0.157080 0.000000
vt 0.000000 0.157080 0.000000
vt 0.600000 0.104720 0.000000
vt -0.000000 0.104720 0.000000
vt 0.600000 0.052360 0.000000
vt 0.000000 0.052360 0.000000
vt 0.600000 0.000000 0.000000
vt 0.000000 0.000000 0.000000
vt 0.000000 0.000000 0.000000
vt 4.191169 0.000000 0.000000
vt 0.000000 0.600000 0.000000
vt 4.191169 0.600000 0.000000
vt 0.600000 0.471239 0.000000
vt -0.000000 0.471239 0.000000
vt 0.600000 0.418879 0.000000
vt 0.000000 0.418879 0.000000
vt 0.600000 0.366519 0.000000
vt -0.000000 0.366519 0.000000
vt 0.600000 0.314159 0.000000
vt 0.000000 0.314159 0.000000
vt 0.600000 0.261799 0.000000
vt -0.000000 0.261799 0.000000
vt 0.600000 0.209440 0.000000
vt 0.000000 0.209440 0.000000
vt 0.600000 0.157080 0.000000
vt 0.000000 0.157080 0.000000
vt 0.600000 0.104720 0.000000
vt -0.000000 0.104720 0.000000
vt 0.600000 0.052360 0.000000
vt 0.000000 0.052360 0.000000
vt 0.600000 0.000000 0.000000
vt -0.000000 0.000000 0.000000
vt 0.000000 0.000000 0.000000
vt 2.963604 0.000000 0.000000
vt 0.000000 0.600000 0.000000
vt 2.963604 0.600000 0.000000
vt 0.600000 0.314159 0.000000
vt 0.000000 0.314159 0.000000
vt 0.600000 0.261799 0.000000
vt 0.000000 0.261799 0.000000
vt 0.600000 0.209440 0.000000
vt 0.000000 0.209440 0.000000
vt 0.600000 0.157080 0.000000
vt -0.000000 0.157080 0.000000
vt 0.600000 0.104720 0.000000
vt 0.000000 0.104720 0.000000
vt 0.600000 0.052360 0.000000
vt 0.000000 0.052360 0.000000
vt 0.600000 0.000000 0.000000
vt 0.000000 0.000000 0.000000
vt 0.000000 0.000000 0.000000
vt 2.963604 0.000000 0.000000
vt 0.000000 0.600000 0.000000
vt 2.963604 0.600000 0.000000
vt 0.600000 0.471239 0.000000
vt -0.000000 0.471239 0.000000
vt 0.600000 0.418879 0.000000
vt -0.000000 0.418879 0.000000
vt 0.600000 0.366519 0.000000
vt 0.000000 0.366519 0.000000
vt 0.600000 0.314159 0.000000
vt 0.000000 0.314159 0.000000
vt 0.600000 0.261799 0.000000
vt 0.000000 0.261799 0.000000
vt 0.600000 0.209440 0.000000
vt 0.000000 0.209440 0.000000
vt 0.600000 0.157080 0.000000
vt 0.000000 0.157080 0.000000
vt 0.600000 0.104720 0.000000
vt 0.000000 0.104720 0.000000
vt 0.600000 0.052360 0.000000
vt 0.000000 0.052360 0.000000
vt 0.600000 0.000000 0.000000
vt 0.000000 0.000000 0.000000
vt 0.000000 0.000000 0.000000
vt 4.191169 0.000000 0.000000
vt 0.000000 0.600000 0.000000
vt 4.191169 0.600000 0.000000
vt 0.600000 0.471239 0.000000
vt -0.000000 0.471239 0.000000
vt 0.600000 0.418879 0.000000
vt 0.000000 0.418879 0.000000
vt 0.600000 0.366519 0.000000
vt -0.000000 0.366519 0.000000
vt 0.600000 0.314159 0.000000
vt -0.000000 0.314159 0.000000
vt 0.600000 0.261799 0.000000
vt 0.000000 0.261799 0.000000
vt 0.600000 0.209440 0.000000
vt -0.000000 0.209440 0.000000
vt 0.600000 0.157080 0.000000
vt -0.000000 0.157080 0.000000
vt 0.600000 0.104720 0.000000
vt 0.000000 0.104720 0.000000
vt 0.600000 0.052360 0.000000
vt 0.000000 0.052360 0.000000
vt 0.600000 0.000000 0.000000
vt -0.000000 0.000000 0.000000
vt 0.000000 0.000000 0.000000
vt 2.963604 0.000000 0.000000
vt 0.000000 0.600000 0.000000
vt 2.963604 0.600000 0.000000
vt 0.600000 0.314159 0.000000
vt 0.000000 0.314159 0.000000
vt 0.600000 0.261799 0.000000
vt -0.000000 0.261799 0.000000
vt 0.600000 0.209440 0.000000
vt 0.000000 0.209440 0.000000
vt 0.600000 0.157080 0.000000
vt -0.000000 0.157080 0.000000
vt 0.600000 0.104720 0.000000
vt 0.000000 0.104720 0.000000
vt 0.600000 0.052360 0.000000
vt 0.000000 0.052360 0.000000
vt 0.600000 0.000000 0.000000
vt 0.000000 0.000000 0.000000
vt 0.000000 0.000000 0.000000
vt 2.963604 0.000000 0.000000
vt 0.000000 0.600000 0.000000
vt 2.963604 0.600000 0.000000
vt 0.600000 0.471239 0.000000
vt -0.000000 0.471239 0.000000
vt 0.600000 0.418879 0.000000
vt -0.000000 0.418879 0.000000
vt 0.600000 0.366519 0.000000
vt -0.000000 0.366519 0.000000
vt 0.600000 0.314159 0.000000
vt 0.000000 0.314159 0.000000
vt 0.600000 0.261799 0.000000
vt 0.000000 0.261799 0.000000
vt 0.600000 0.209440 0.000000
vt -0.000000 0.209440 0.000000
vt 0.600000 0.157080 0.000000
vt -0.000000 0.157080 0.000000
vt 0.600000 0.104720 0.000000
vt 0.000000 0.104720 0.000000
vt 0.600000 0.052360 0.000000
vt -0.000000 0.052360 0.000000
vt 0.600000 0.000000 0.000000
vt 0.000000 0.000000 0.000000
vt 0.000000 0.000000 0.000000
vt 4.191169 0.000000 0.000000
vt 0.000000 0.600000 0.000000
vt 4.191169 0.600000 0.000000
vt 0.600000 0.471239 0.000000
vt -0.000000 0.471239 0.000000
vt 0.600000 0.418879 0.000000
vt 0.000000 0.418879 0.000000
vt 0.600000 0.366519 0.000000
vt 0.000000 0.366519 0.000000
vt 0.600000 0.314159 0.000000
vt -0.000000 0.314159 0.000000
vt 0.600000 0.261799 0.000000
vt -0.000000 0.261799 0.000000
vt 0.600000 0.209440 0.000000
vt 0.000000 0.209440 0.000000
vt 0.600000 0.157080 0.000000
vt -0.000000 0.157080 0.000000
vt 0.600000 0.104720 0.000000
vt -0.000000 0.104720 0.000000
vt 0.600000 0.052360 0.000000
vt 0.000000 0.052360 0.000000
vt 0.600000 0.000000 0.000000
vt -0.000000 0.000000 0.000000
vt 0.000000 0.000000 0.000000
vt 2.963604 0.000000 0.000000
vt 0.000000 0.600000 0.000000
vt 2.963604 0.600000 0.000000
vt 0.600000 0.314159 0.000000
vt 0.000000 0.314159 0.000000
vt 0.600000 0.261799 0.000000
vt 0.000000 0.261799 0.000000
vt 0.600000 0.209440 0.000000
vt 0.000000 0.209440 0.000000
vt 0.600000 0.157080 0.000000
vt 0.000000 0.157080 0.000000
vt 0.600000 0.104720 0.000000
vt 0.000000 0.104720 0.000000
vt 0.600000 0.052360 0.000000
vt 0.000000 0.052360 0.000000
vt 0.600000 0.000000 0.000000
vt 0.000000 0.000000 0.000000
vt 0.000000 0.000000 0.000000
vt 2.963604 0.000000 0.000000
vt 0.000000 0.600000 0.000000
vt 2.963604 0.600000 0.000000
vt 0.600000 0.471239 0.000000
vt -0.000000 0.471239 0.000000
vt 0.600000 0.418879 0.000000
vt -0.000000 0.418879 0.000000
vt 0.600000 0.366519 0.000000
vt -0.000000 0.366519 0.000000
vt 0.600000 0.314159 0.000000
vt 0.000000 0.314159 0.000000
vt 0.600000 0.261799 0.000000
vt 0.000000 0.261799 0.000000
vt 0.600000 0.209440 0.000000
vt 0.000000 0.209440 0.000000
vt 0.600000 0.157080 0.000000
vt 0.000000 0.157080 0.000000
vt 0.600000 0.104720 0.000000
vt 0.000000 0.104720 0.000000
vt 0.600000 0.052360 0.000000
vt 0.000000 0.052360 0.000000
vt 0.600000 0.000000 0.000000
vt 0.000000 0.000000 0.000000
vt 0.000000 0.000000 0.000000
vt 4.191169 0.000000 0.000000
vt 0.000000 0.600000 0.000000
vt 4.191169 0.600000 0.000000
vt 0.600000 0.471239 0.000000
vt -0.000000 0.471239 0.000000
vt 0.600000 0.418879 0.000000
vt 0.000000 0.418879 0.000000
vt 0.600000 0.366519 0.000000
vt 0.000000 0.366519 0.000000
vt 0.600000 0.314159 0.000000
vt 0.000000 0.314159 0.000000
vt 0.600000 0.261799 0.000000
vt -0.000000 0.261799 0.000000
vt 0.600000 0.209440 0.000000
vt 0.000000 0.209440 0.000000
vt 0.600000 0.157080 0.000000
vt -0.000000 0.157080 0.000000
vt 0.600000 0.104720 0.000000
vt 0.000000 0.104720 0.000000
vt 0.600000 0.052360 0.000000
vt -0.000000 0.052360 0.000000
vt 0.600000 0.000000 0.000000
vt -0.000000 0.000000 0.000000
vt 0.000000 0.000000 0.000000
vt 2.963604 0.000000 0.000000
vt 0.000000 0.600000 0.000000
vt 2.963604 0.600000 0.000000
vt 0.600000 0.314159 0.000000
vt 0.000000 0.314159 0.000000
vt 0.600000 0.261799 0.000000
vt -0.000000 0.261799 0.000000
vt 0.600000 0.209440 0.000000
vt 0.000000 0.209440 0.000000
vt 0.600000 0.157080 0.000000
vt -0.000000 0.157080 0.000000
vt 0.600000 0.104720 0.000000
vt 0.000000 0.104720 0.000000
vt 0.600000 0.052360 0.000000
vt 0.000000 0.052360 0.000000
vt 0.600000 0.000000 0.000000
vt 0.000000 0.000000 0.000000
vt 0.000000 0.000000 0.000000
vt 2.963604 0.000000 0.000000
vt 0.000000 0.600000 0.000000
vt 2.963604 0.600000 0.000000
vt 0.600000 0.471239 0.000000
vt -0.000000 0.471239 0.000000
vt 0.600000 0.418879 0.000000
vt -0.000000 0.418879 0.000000
vt 0.600000 0.366519 0.000000
vt 0.000000 0.366519 0.000000
vt 0.600000 0.314159 0.000000
vt 0.000000 0.314159 0.000000
vt 0.600000 0.261799 0.000000
vt 0.000000 0.261799 0.000000
vt 0.600000 0.209440 0.000000
vt -0.000000 0.209440 0.000000
vt 0.600000 0.157080 0.000000
vt 0.000000 0.157080 0.000000
vt 0.600000 0.104720 0.000000
vt -0.000000 0.104720 0.000000
vt 0.600000 0.052360 0.000000
vt 0.000000 0.052360 0.000000
vt 0.600000 0.000000 0.000000
vt 0.000000 0.000000 0.000000
vt 0.000000 0.000000 0.000000
vt 4.191169 0.000000 0.000000
vt 0.000000 0.600000 0.000000
vt 4.191169 0.600000 0.000000
vt 0.600000 0.471239 0.000000
vt -0.000000 0.471239 0.000000
vt 0.600000 0.418879 0.000000
vt -0.000000 0.418879 0.000000
vt 0.600000 0.366519 0.000000
vt 0.000000 0.366519 0.000000
vt 0.600000 0.314159 0.000000
vt -0.000000 0.314159 0.000000
vt 0.600000 0.261799 0.000000
vt 0.000000 0.261799 0.000000
vt 0.600000 0.209440 0.000000
vt 0.000000 0.209440 0.000000
vt 0.600000 0.157080 0.000000
vt -0.000000 0.157080 0.000000
vt 0.600000 0.104720 0.000000
vt 0.000000 0.104720 0.000000
vt 0.600000 0.052360 0.000000
vt -0.000000 0.052360 0.000000
vt 0.600000 0.000000 0.000000
vt -0.000000 0.000000 0.000000
vt 0.000000 0.000000 0.000000
vt 2.963604 0.000000 0.000000
vt 0.000000 0.600000 0.000000
vt 2.963604 0.600000 0.000000
vt 0.600000 0.314159 0.000000
vt 0.000000 0.314159 0.000000
vt 0.600000 0.261799 0.000000
vt 0.000000 0.261799 0.000000
vt 0.600000 0.209440 0.000000
vt 0.000000 0.209440 0.000000
vt 0.600000 0.157080 0.000000
vt -0.000000 0.157080 0.000000
vt 0.600000 0.104720 0.000000
vt 0.000000 0.104720 0.000000
vt 0.600000 0.052360 0.000000
vt 0.000000 0.052360 0.000000
vt 0.600000 0.000000 0.000000
vt 0.000000 0.000000 0.000000
vt 0.000000 0.000000 0.000000
vt 2.963604 0.000000 0.000000
vt 0.000000 0.600000 0.000000
vt 2.963604 0.600000 0.000000
vt 0.600000 0.471239 0.000000
vt 0.000000 0.471239 0.000000
vt 0.600000 0.418879 0.000000
vt 0.000000 0.418879 0.000000
vt 0.600000 0.366519 0.000000
vt 0.000000 0.366519 0.000000
vt 0.600000 0.314159 0.000000
vt 0.000000 0.314159 0.000000
vt 0.600000 0.261799 0.000000
vt 0.000000 0.261799 0.000000
vt 0.600000 0.209440 0.000000
vt -0.000000 0.209440 0.000000
vt 0.600000 0.157080 0.000000
vt -0.000000 0.157080 0.000000
vt 0.600000 0.104720 0.000000
vt 0.000000 0.104720 0.000000
vt 0.600000 0.052360 0.000000
vt -0.000000 0.052360 0.000000
vt 0.600000 0.000000 0.000000
vt 0.000000 0.000000 0.000000
vt -0.000000 0.000000 0.000000
vt 4.191169 0.000000 0.000000
vt -0.000000 0.600000 0.000000
vt 4.191169 0.600000 0.000000
vt 0.600000 0.471239 0.000000
vt -0.000000 0.471239 0.000000
vt 0.600000 0.418879 0.000000
vt -0.000000 0.418879 0.000000
vt 0.600000 0.366519 0.000000
vt 0.000000 0.366519 0.000000
vt 0.600000 0.314159 0.000000
vt -0.000000 0.314159 0.000000
vt 0.600000 0.261799 0.000000
vt 0.000000 0.261799 0.000000
vt 0.600000 0.209440 0.000000
vt 0.000000 0.209440 0.000000
vt 0.600000 0.157080 0.000000
vt 0.000000 0.157080 0.000000
vt 0.600000 0.104720 0.000000
vt 0.000000 0.104720 0.000000
vt 0.600000 0.052360 0.000000
vt -0.000000 0.052360 0.000000
vt 0.600000 0.000000 0.000000
vt -0.000000 0.000000 0.000000
vt 0.000000 0.000000 0.000000
vt 2.963604 0.000000 0.000000
vt 0.000000 0.600000 0.000000
vt 2.963604 0.600000 0.000000
vt 0.600000 0.314159 0.000000
vt -0.000000 0.314159 0.000000
vt 0.600000 0.261799 0.000000
vt 0.000000 0.261799 0.000000
vt 0.600000 0.209440 0.000000
vt 0.000000 0.209440 0.000000
vt 0.600000 0.157080 0.000000
vt -0.000000 0.157080 0.000000
vt 0.600000 0.104720 0.000000
vt 0.000000 0.104720 0.000000
vt 0.600000 0.052360 0.000000
vt -0.000000 0.052360 0.000000
vt 0.600000 0.000000 0.000000
vt 0.000000 0.000000 0.000000
vt 0.000000 0.000000 0.000000
vt 2.963604 0.000000 0.000000
vt 0.000000 0.600000 0.000000
vt 2.963604 0.600000 0.000000
vt 0.600000 0.471239 0.000000
vt 0.000000 0.471239 0.000000
vt 0.600000 0.418879 0.000000
vt -0.000000 0.418879 0.000000
vt 0.600000 0.366519 0.000000
vt -0.000000 0.366519 0.000000
vt 0.600000 0.314159 0.000000
vt 0.000000 0.314159 0.000000
vt 0.600000 0.261799 0.000000
vt 0.000000 0.261799 0.000000
vt 0.600000 0.209440 0.000000
vt -0.000000 0.209440 0.000000
vt 0.600000 0.157080 0.000000
vt 0.000000 0.157080 0.000000
vt 0.600000 0.104720 0.000000
vt 0.000000 0.104720 0.000000
vt 0.600000 0.052360 0.000000
vt 0.000000 0.052360 0.000000
vt 0.600000 0.000000 0.000000
vt 0.000000 0.000000 0.000000
vt -0.000000 0.000000 0.000000
vt 4.191169 0.000000 0.000000
vt -0.000000 0.600000 0.000000
vt 4.191169 0.600000 0.000000
vt 0.600000 0.471239 0.000000
vt -0.000000 0.471239 0.000000
vt 0.600000 0.418879 0.000000
vt -0.000000 0.418879 0.000000
vt 0.600000 0.366519 0.000000
vt 0.000000 0.366519 0.000000
vt 0.600000 0.314159 0.000000
vt -0.000000 0.314159 0.000000
vt 0.600000 0.261799 0.000000
vt 0.000000 0.261799 0.000000
vt 0.600000 0.209440 0.000000
vt -0.000000 0.209440 0.000000
vt 0.600000 0.157080 0.000000
vt 0.000000 0.157080 0.000000
vt 0.600000 0.104720 0.000000
vt -0.000000 0.104720 0.000000
vt 0.600000 0.052360 0.000000
vt -0.000000 0.052360 0.000000
vt 0.600000 0.000000 0.000000
vt -0.000000 0.000000 0.000000
vt 0.000000 0.000000 0.000000
vt 2.963604 0.000000 0.000000
vt 0.000000 0.600000 0.000000
vt 2.963604 0.600000 0.000000
vt 0.600000 0.314159 0.000000
vt -0.000000 0.314159 0.000000
vt 0.600000 0.261799 0.000000
vt -0.000000 0.261799 0.000000
vt 0.600000 0.209440 0.000000
vt 0.000000 0.209440 0.000000
vt 0.600000 0.157080 0.000000
vt 0.000000 0.157080 0.000000
vt 0.600000 0.104720 0.000000
vt 0.000000 0.104720 0.000000
vt 0.600000 0.052360 0.000000
vt 0.000000 0.052360 0.000000
vt 0.600000 0.000000 0.000000
vt 0.000000 0.000000 0.000000
vt 0.000000 0.000000 0.000000
vt 2.963604 0.000000 0.000000
vt 0.000000 0.600000 0.000000
vt 2.963604 0.600000 0.000000
vt 0.600000 0.471239 0.000000
vt 0.000000 0.471239 0.000000
vt 0.600000 0.418879 0.000000
vt -0.000000 0.418879 0.000000
vt 0.600000 0.366519 0.000000
vt 0.000000 0.366519 0.000000
vt 0.600000 0.314159 0.000000
vt 0.000000 0.314159 0.000000
vt 0.600000 0.261799 0.000000
vt 0.000000 0.261799 0.000000
vt 0.600000 0.209440 0.000000
vt -0.000000 0.209440 0.000000
vt 0.600000 0.157080 0.000000
vt -0.000000 0.157080 0.000000
vt 0.600000 0.104720 0.000000
vt 0.000000 0.104720 0.000000
vt 0.600000 0.052360 0.000000
vt -0.000000 0.052360 0.000000
vt 0.600000 0.000000 0.000000
vt 0.000000 0.000000 0.000000
vt -0.000000 0.000000 0.000000
vt 4.191169 0.000000 0.000000
vt -0.000000 0.600000 0.000000
vt 4.191169 0.600000 0.000000
vt 0.600000 0.471239 0.000000
vt -0.000000 0.471239 0.000000
vt 0.600000 0.418879 0.000000
vt -0.000000 0.418879 0.000000
vt 0.600000 0.366519 0.000000
vt -0.000000 0.366519 0.000000
vt 0.600000 0.314159 0.000000
vt -0.000000 0.314159 0.000000
vt 0.600000 0.261799 0.000000
vt -0.000000 0.261799 0.000000
vt 0.600000 0.209440 0.000000
vt -0.000000 0.209440 0.000000
vt 0.600000 0.157080 0.000000
vt -0.000000 0.157080 0.000000
vt 0.600000 0.104720 0.000000
vt -0.000000 0.104720 0.000000
vt 0.600000 0.052360 0.000000
vt -0.000000 0.052360 0.000000
vt 0.600000 0.000000 0.000000
vt -0.000000 0.000000 0.000000
vt 0.000000 0.000000 0.000000
vt 2.963604 0.000000 0.000000
vt 0.000000 0.600000 0.000000
vt 2.963604 0.600000 0.000000
vt 0.600000 0.314159 0.000000
vt -0.000000 0.314159 0.000000
vt 0.600000 0.261799 0.000000
vt 0.000000 0.261799 0.000000
vt 0.600000 0.209440 0.000000
vt 0.000000 0.209440 0.000000
vt 0.600000 0.157080 0.000000
vt -0.000000 0.157080 0.000000
vt 0.600000 0.104720 0.000000
vt 0.000000 0.104720 0.000000
vt 0.600000 0.052360 0.000000
vt -0.000000 0.052360 0.000000
vt 0.600000 0.000000 0.000000
vt 0.000000 0.000000 0.000000
vt 0.000000 0.000000 0.000000
vt 2.963604 0.000000 0.000000
vt 0.000000 0.600000 0.000000
vt 2.963604 0.600000 0.000000
vt 0.600000 0.471239 0.000000
vt 0.000000 0.471239 0.000000
vt 0.600000 0.418879 0.000000
vt 0.000000 0.418879 0.000000
vt 0.600000 0.366519 0.000000
vt -0.000000 0.366519 0.000000
vt 0.600000 0.314159 0.000000
vt 0.000000 0.314159 0.000000
vt 0.600000 0.261799 0.000000
vt 0.000000 0.261799 0.000000
vt 0.600000 0.209440 0.000000
vt -0.000000 0.209440 0.000000
vt 0.600000 0.157080 0.000000
vt -0.000000 0.157080 0.000000
vt 0.600000 0.104720 0.000000
vt 0.000000 0.104720 0.000000
vt 0.600000 0.052360 0.000000
vt 0.000000 0.052360 0.000000
vt 0.600000 0.000000 0.000000
vt 0.000000 0.000000 0.000000
vt -0.000000 0.000000 0.000000
vt 4.191169 0.000000 0.000000
vt -0.000000 0.600000 0.000000
vt 4.191169 0.600000 0.000000
vt 0.600000 0.471239 0.000000
vt -0.000000 0.471239 0.000000
vt 0.600000 0.418879 0.000000
vt -0.000000 0.418879 0.000000
vt 0.600000 0.366519 0.000000
vt 0.000000 0.366519 0.000000
vt 0.600000 0.314159 0.000000
vt -0.000000 0.314159 0.000000
vt 0.600000 0.261799 0.000000
vt 0.000000 0.261799 0.000000
vt 0.600000 0.209440 0.000000
vt -0.000000 0.209440 0.000000
vt 0.600000 0.157080 0.000000
vt 0.000000 0.157080 0.000000
vt 0.600000 0.104720 0.000000
vt -0.000000 0.104720 0.000000
vt 0.600000 0.052360 0.000000
vt 0.000000 0.052360 0.000000
vt 0.600000 0.000000 0.000000
vt -0.000000 0.000000 0.000000
vt 0.000000 0.000000 0.000000
vt 2.963604 0.000000 0.000000
vt 0.000000 0.600000 0.000000
vt 2.963604 0.600000 0.000000
vt 0.600000 0.314159 0.000000
vt -0.000000 0.314159 0.000000
vt 0.600000 0.261799 0.000000
vt 0.000000 0.261799 0.000000
vt 0.600000 0.209440 0.000000
vt 0.000000 0.209440 0.000000
vt 0.600000 0.157080 0.000000
vt -0.000000 0.157080 0.000000
vt 0.600000 0.104720 0.000000
vt 0.000000 0.104720 0.000000
vt 0.600000 0.052360 0.000000
vt 0.000000 0.052360 0.000000
vt 0.600000 0.000000 0.000000
vt 0.000000 0.000000 0.000000
vt 0.000000 0.000000 0.000000
vt 2.963604 0.000000 0.000000
vt 0.000000 0.600000 0.000000
vt 2.963604 0.600000 0.000000
vt 0.600000 0.471239 0.000000
vt 0.000000 0.471239 0.000000
vt 0.600000 0.418879 0.000000
vt 0.000000 0.418879 0.000000
vt 0.600000 0.366519 0.000000
vt -0.000000 0.366519 0.000000
vt 0.600000 0.314159 0.000000
vt 0.000000 0.314159 0.000000
vt 0.600000 0.261799 0.000000
vt 0.000000 0.261799 0.000000
vt 0.600000 0.209440 0.000000
vt -0.000000 0.209440 0.000000
vt 0.600000 0.157080 0.000000
vt -0.000000 0.157080 0.000000
vt 0.600000 0.104720 0.000000
vt 0.000000 0.104720 0.000000
vt 0.600000 0.052360 0.000000
vt 0.000000 0.052360 0.000000
vt 0.600000 0.000000 0.000000
vt 0.000000 0.000000 0.000000
vt -0.000000 0.000000 0.000000
vt 4.191169 0.000000 0.000000
vt -0.000000 0.600000 0.000000
vt 4.191169 0.600000 0.000000
vt 0.600000 0.471239 0.000000
vt -0.000000 0.471239 0.000000
vt 0.600000 0.418879 0.000000
vt 0.000000 0.418879 0.000000
vt 0.600000 0.366519 0.000000
vt 0.000000 0.366519 0.000000
vt 0.600000 0.314159 0.000000
vt -0.000000 0.314159 0.000000
vt 0.600000 0.261799 0.000000
vt -0.000000 0.261799 0.000000
vt 0.600000 0.209440 0.000000
vt 0.000000 0.209440 0.000000
vt 0.600000 0.157080 0.000000
vt 0.000000 0.157080 0.000000
vt 0.600000 0.104720 0.000000
vt 0.000000 0.104720 0.000000
vt 0.600000 0.052360 0.000000
vt -0.000000 0.052360 0.000000
vt 0.600000 0.000000 0.000000
vt -0.000000 0.000000 0.000000
vt 0.000000 0.000000 0.000000
vt 2.963604 0.000000 0.000000
vt 0.000000 0.600000 0.000000
vt 2.963604 0.600000 0.000000
vt 0.600000 0.314159 0.000000
vt -0.000000 0.314159 0.000000
vt 0.600000 0.261799 0.000000
vt 0.000000 0.261799 0.000000
vt 0.600000 0.209440 0.000000
vt 0.000000 0.209440 0.000000
vt 0.600000 0.157080 0.000000
vt -0.000000 0.157080 0.000000
vt 0.600000 0.104720 0.000000
vt 0.000000 0.104720 0.000000
vt 0.600000 0.052360 0.000000
vt 0.000000 0.052360 0.000000
vt 0.600000 0.000000 0.000000
vt 0.000000 0.000000 0.000000
vn 1.000000 -0.000000 0.000000
vn 1.000000 -0.000000 0.000000
vn 1.000000 -0.000000 0.000000
vn 1.000000 -0.000000 0.000000
vn -0.707107 0.000000 -0.707107
vn -0.707107 0.000000 -0.707107
vn -0.500000 0.000000 -0.866025
vn -0.500000 0.000000 -0.866025
vn -0.258819 0.000000 -0.965926
vn -0.258819 0.000000 -0.965926
vn -0.000000 0.000000 -1.000000
vn -0.000000 0.000000 -1.000000
vn 0.258819 0.000000 -0.965926
vn 0.258819 0.000000 -0.965926
vn 0.500000 0.000000 -0.866025
vn 0.500000 0.000000 -0.866025
vn 0.707107 0.000000 -0.707107
vn 0.707107 0.000000 -0.707107
vn 0.866025 0.000000 -0.500000
vn 0.866025 0.000000 -0.500000
vn 0.965926 0.000000 -0.258819
vn 0.965926 0.000000 -0.258819
vn -0.707107 0.000000 -0.707107
vn -0.707107 0.000000 -0.707107
vn 0.000000 -0.000000 1.000000
vn 0.000000 -0.000000 1.000000
vn -0.258819 0.000000 0.965926
vn -0.258819 0.000000 0.965926
vn -0.500000 0.000000 0.866025
vn -0.500000 0.000000 0.866025
vn -0.707107 0.000000 0.707107
vn -0.707107 0.000000 0.707107
vn -0.866025 0.000000 0.500000
vn -0.866025 0.000000 0.500000
vn -0.965926 0.000000 0.258819
vn -0.965926 0.000000 0.258819
vn -1.000000 0.000000 -0.000000
vn -1.000000 0.000000 -0.000000
vn -0.965926 0.000000 -0.258819
vn -0.965926 0.000000 -0.258819
vn -0.866025 0.000000 -0.500000
vn -0.866025 0.000000 -0.500000
vn 0.000000 -0.000000 1.000000
vn 0.000000 -0.000000 1.000000
vn 0.965926 -0.000000 0.258819
vn 0.965926 -0.000000 0.258819
vn 0.866025 -0.000000 0.500000
vn 0.866025 -0.000000 0.500000
vn 0.707107 -0.000000 0.707107
vn 0.707107 -0.000000 0.707107
vn 0.500000 -0.000000 0.866025
vn 0.500000 -0.000000 0.866025
vn 0.258819 -0.000000 0.965926
vn 0.258819 -0.000000 0.965926
vn -1.000000 0.000000 -0.000000
vn -1.000000 0.000000 -0.000000
vn -1.000000 0.000000 -0.000000
vn -1.000000 0.000000 -0.000000
vn 0.707107 -0.000000 0.707107
vn 0.707107 -0.000000 0.707107
vn 0.500000 -0.000000 0.866025
vn 0.500000 -0.000000 0.866025
vn 0.258819 -0.000000 0.965926
vn 0.258819 -0.000000 0.965926
vn -0.000000 0.000000 1.000000
vn -0.000000 0.000000 1.000000
vn -0.258819 0.000000 0.965926
vn -0.258819 0.000000 0.965926
vn -0.500000 0.000000 0.866025
vn -0.500000 0.000000 0.866025
vn -0.707107 0.000000 0.707107
vn -0.707107 0.000000 0.707107
vn -0.866025 0.000000 0.500000
vn -0.866025 0.000000 0.500000
vn -0.965926 0.000000 0.258819
vn -0.965926 0.000000 0.258819
vn 0.707107 -0.000000 0.707107
vn 0.707107 -0.000000 0.707107
vn 0.000000 0.000000 -1.000000
vn 0.000000 0.000000 -1.000000
vn 0.258819 0.000000 -0.965926
vn 0.258819 0.000000 -0.965926
vn 0.500000 0.000000 -0.866025
vn 0.500000 0.000000 -0.866025
vn 0.707107 0.000000 -0.707107
vn 0.707107 0.000000 -0.707107
vn 0.866025 0.000000 -0.500000
vn 0.866025 0.000000 -0.500000
vn 0.965926 0.000000 -0.258819
vn 0.965926 0.000000 -0.258819
vn 1.000000 0.000000 0.000000
vn 1.000000 0.000000 0.000000
vn 0.965926 -0.000000 0.258819
vn 0.965926 -0.000000 0.258819
vn 0.866025 -0.000000 0.500000
vn 0.866025 -0.000000 0.500000
vn -0.000000 0.000000 -1.000000
vn -0.000000 0.000000 -1.000000
vn -0.965926 0.000000 -0.258819
vn -0.965926 0.000000 -0.258819
vn -0.866025 0.000000 -0.500000
vn -0.866025 0.000000 -0.500000
vn -0.707107 0.000000 -0.707107
vn -0.707107 0.000000 -0.707107
vn -0.500000 0.000000 -0.866025
vn -0.500000 0.000000 -0.866025
vn -0.258819 0.000000 -0.965926
vn -0.258819 0.000000 -0.965926
vn -0.000000 0.000000 1.000000
vn -0.000000 0.000000 1.000000
vn -0.000000 0.000000 1.000000
vn -0.000000 0.000000 1.000000
vn -0.000000 0.000000 1.000000
vn -0.000000 0.000000 1.000000
vn -0.000000 0.000000 1.000000
vn -0.000000 0.000000 1.000000
vn -1.000000 0.000000 0.000000
vn -1.000000 0.000000 0.000000
vn -1.000000 0.000000 0.000000
vn -1.000000 0.000000 0.000000
vn 0.000000 0.000000 -1.000000
vn 0.000000 0.000000 -1.000000
vn 0.000000 0.000000 -1.000000
vn 0.000000 0.000000 -1.000000
vn 0.000000 0.000000 -1.000000
vn 0.000000 0.000000 -1.000000
vn 0.000000 0.000000 -1.000000
vn 0.000000 0.000000 -1.000000
vn 1.000000 -0.000000 0.000000
vn 1.000000 -0.000000 0.000000
vn 1.000000 -0.000000 0.000000
vn 1.000000 -0.000000 0.000000
vn 0.000000 1.000000 0.000000
vn 0.000000 1.000000 0.000000
vn 0.000000 1.000000 0.000000
vn 0.000000 1.000000 0.000000
vn 0.000000 1.000000 0.000000
vn 0.000000 1.000000 0.000000
vn 0.000000 1.000000 0.000000
vn 0.000000 1.000000 0.000000
vn 0.000000 1.000000 0.000000
vn 0.000000 1.000000 0.000000
vn 0.000000 1.000000 0.000000
vn 0.000000 1.000000 0.000000
vn 0.000000 1.000000 0.000000
vn 0.000000 1.000000 0.000000
vn 0.000000 1.000000 0.000000
vn 0.000000 1.000000 0.000000
vn 0.000000 1.000000 0.000000
vn 0.000000 1.000000 0.000000
vn 0.000000 1.000000 0.000000
vn 0.000000 1.000000 0.000000
vn 0.000000 1.000000 0.000000
vn 0.000000 1.000000 0.000000
vn 0.000000 1.000000 0.000000
vn 0.000000 1.000000 0.000000
vn 0.000000 1.000000 0.000000
vn 0.000000 1.000000 0.000000
vn 0.000000 1.000000 0.000000
vn 0.000000 1.000000 0.000000
vn 0.000000 1.000000 0.000000
vn 0.000000 1.000000 0.000000
vn 0.000000 1.000000 0.000000
vn 0.000000 1.000000 0.000000
vn 0.000000 1.000000 0.000000
vn 0.000000 1.000000 0.000000
vn 0.000000 1.000000 0.000000
vn 0.000000 1.000000 0.000000
vn 0.000000 1.000000 0.000000
vn 0.000000 1.000000 0.000000
vn 0.000000 1.000000 0.000000
vn 0.000000 1.000000 0.000000
vn 0.000000 1.000000 0.000000
vn 0.000000 1.000000 0.000000
vn 0.000000 1.000000 0.000000
vn 0.000000 1.000000 0.000000
vn 0.000000 1.000000 0.000000
vn 0.000000 1.000000 0.000000
vn 0.000000 1.000000 0.000000
vn 0.000000 1.000000 0.000000
vn 0.000000 1.000000 0.000000
vn 0.000000 1.000000 0.000000
vn 0.000000 1.000000 0.000000
vn 0.000000 1.000000 0.000000
vn 0.000000 1.000000 0.000000
vn 0.000000 1.000000 0.000000
vn 0.000000 1.000000 0.000000
vn 0.000000 1.000000 0.000000
vn 0.000000 1.000000 0.000000
vn 0.000000 1.000000 0.000000
vn 0.000000 1.000000 0.000000
vn 0.000000 1.000000 0.000000
vn 0.000000 1.000000 0.000000
vn 0.000000 1.000000 0.000000
vn 0.000000 1.000000 0.000000
vn 0.000000 1.000000 0.000000
vn 0.000000 1.000000 0.000000
vn 0.000000 1.000000 0.000000
vn 0.000000 1.000000 0.000000
vn 0.000000 1.000000 0.000000
vn 0.000000 1.000000 0.000000
vn 0.000000 1.000000 0.000000
vn 0.000000 1.000000 0.000000
vn 0.000000 1.000000 0.000000
vn 0.000000 1.000000 0.000000
vn 0.000000 1.000000 0.000000
vn 0.000000 1.000000 0.000000
vn 0.000000 1.000000 0.000000
vn 0.000000 1.000000 0.000000
vn 0.000000 1.000000 0.000000
vn 0.000000 1.000000 0.000000
vn 0.000000 1.000000 0.000000
vn 0.000000 1.000000 0.000000
vn 0.000000 1.000000 0.000000
vn 0.000000 1.000000 0.000000
vn 0.000000 1.000000 0.000000
vn 0.000000 1.000000 0.000000
vn 0.000000 1.000000 0.000000
vn 0.000000 1.000000 0.000000
vn 0.000000 1.000000 0.000000
vn 0.000000 1.000000 0.000000
vn 0.000000 1.000000 0.000000
vn 0.000000 1.000000 0.000000
vn 0.000000 1.000000 0.000000
vn 0.000000 1.000000 0.000000
vn 0.000000 1.000000 0.000000
vn 0.000000 1.000000 0.000000
vn 0.000000 1.000000 0.000000
vn 0.000000 1.000000 0.000000
vn 0.000000 1.000000 0.000000
vn 0.000000 1.000000 0.000000
vn 0.000000 1.000000 0.000000
vn 0.000000 1.000000 0.000000
vn 0.000000 1.000000 0.000000
vn 0.000000 1.000000 0.000000
vn 0.000000 1.000000 0.000000
vn 0.000000 1.000000 0.000000
vn 0.000000 1.000000 0.000000
vn 0.000000 1.000000 0.000000
vn 0.000000 1.000000 0.000000
vn 0.000000 1.000000 0.000000
vn 0.000000 1.000000 0.000000
vn 0.000000 1.000000 0.000000
vn 0.000000 1.000000 0.000000
vn 0.000000 1.000000 0.000000
vn 0.000000 1.000000 0.000000
vn 0.000000 1.000000 0.000000
vn 0.000000 1.000000 0.000000
vn 0.000000 1.000000 0.000000
vn 0.000000 1.000000 0.000000
vn 0.000000 1.000000 0.000000
vn 0.000000 1.000000 0.000000
vn 0.000000 1.000000 0.000000
vn 0.000000 1.000000 0.000000
vn 0.000000 1.000000 0.000000
vn 0.000000 1.000000 0.000000
vn 0.000000 1.000000 0.000000
vn 0.000000 1.000000 0.000000
vn 0.000000 1.000000 0.000000
vn 0.000000 1.000000 0.000000
vn 0.000000 1.000000 0.000000
vn 0.000000 1.000000 0.000000
vn 0.000000 1.000000 0.000000
vn 0.000000 1.000000 0.000000
vn 0.000000 1.000000 0.000000
vn 0.000000 1.000000 0.000000
vn 0.000000 1.000000 0.000000
vn 0.000000 1.000000 0.000000
vn 0.000000 1.000000 0.000000
vn 0.000000 1.000000 0.000000
vn 0.000000 1.000000 0.000000
vn 0.000000 1.000000 0.000000
vn 0.000000 1.000000 0.000000
vn 0.000000 1.000000 0.000000
vn 0.000000 1.000000 0.000000
vn 0.000000 1.000000 0.000000
vn 0.000000 1.000000 0.000000
vn 0.000000 1.000000 0.000000
vn 0.000000 1.000000 0.000000
vn 0.000000 1.000000 0.000000
vn 0.000000 1.000000 0.000000
vn 0.000000 1.000000 0.000000
vn 0.000000 1.000000 0.000000
vn 0.000000 1.000000 0.000000
vn 0.000000 1.000000 0.000000
vn 0.000000 1.000000 0.000000
vn 0.000000 1.000000 0.000000
vn 0.000000 1.000000 0.000000
vn 0.000000 1.000000 0.000000
vn 0.000000 1.000000 0.000000
vn 0.000000 1.000000 0.000000
vn 0.000000 1.000000 0.000000
vn 0.000000 1.000000 0.000000
vn 0.000000 1.000000 0.000000
vn 0.000000 1.000000 0.000000
vn 0.000000 1.000000 0.000000
vn 0.000000 1.000000 0.000000
vn 0.000000 1.000000 0.000000
vn 0.000000 1.000000 0.000000
vn 0.000000 1.000000 0.000000
vn 0.000000 1.000000 0.000000
vn 0.000000 1.000000 0.000000
vn 0.000000 1.000000 0.000000
vn 0.000000 1.000000 0.000000
vn 0.000000 1.000000 0.000000
vn 0.000000 1.000000 0.000000
vn 0.000000 1.000000 0.000000
vn 0.000000 1.000000 0.000000
vn 0.000000 1.000000 0.000000
vn 0.000000 1.000000 0.000000
vn 0.000000 1.000000 0.000000
vn 0.000000 1.000000 0.000000
vn 0.000000 1.000000 0.000000
vn 0.000000 1.000000 0.000000
vn 0.000000 1.000000 0.000000
vn 0.000000 1.000000 0.000000
vn 0.000000 1.000000 0.000000
vn 0.000000 1.000000 0.000000
vn 0.000000 1.000000 0.000000
vn 0.000000 1.000000 0.000000
vn 0.000000 1.000000 0.000000
vn 0.000000 1.000000 0.000000
vn 0.000000 1.000000 0.000000
vn 0.000000 1.000000 0.000000
vn 0.000000 1.000000 0.000000
vn 0.000000 1.000000 0.000000
vn 0.000000 1.000000 0.000000
vn 0.000000 1.000000 0.000000
vn 0.000000 1.000000 0.000000
vn 0.000000 1.000000 0.000000
vn 0.000000 1.000000 0.000000
vn 0.000000 1.000000 0.000000
vn 0.000000 1.000000 0.000000
vn 0.000000 1.000000 0.000000
vn 0.000000 1.000000 0.000000
vn 0.000000 1.000000 0.000000
vn 0.000000 1.000000 0.000000
vn 0.000000 1.000000 0.000000
vn 0.000000 1.000000 0.000000
vn 0.000000 1.000000 0.000000
vn 0.000000 1.000000 0.000000
vn 0.000000 1.000000 0.000000
vn 0.000000 1.000000 0.000000
vn 0.000000 1.000000 0.000000
vn 0.000000 1.000000 0.000000
vn 0.000000 1.000000 0.000000
vn 0.000000 1.000000 0.000000
vn 0.000000 1.000000 0.000000
vn 0.000000 1.000000 0.000000
vn 0.000000 1.000000 0.000000
vn 0.000000 1.000000 0.000000
vn 0.000000 1.000000 0.000000
vn 0.000000 1.000000 0.000000
vn 0.000000 1.000000 0.000000
vn 0.000000 1.000000 0.000000
vn 0.000000 1.000000 0.000000
vn 0.000000 1.000000 0.000000
vn 0.000000 1.000000 0.000000
vn 0.000000 1.000000 0.000000
vn 0.000000 1.000000 0.000000
vn 0.000000 1.000000 0.000000
vn 0.000000 1.000000 0.000000
vn 0.000000 1.000000 0.000000
vn 0.000000 1.000000 0.000000
vn 0.000000 1.000000 0.000000
vn 0.000000 1.000000 0.000000
vn 0.000000 1.000000 0.000000
vn 0.000000 1.000000 0.000000
vn 0.000000 1.000000 0.000000
vn 0.000000 1.000000 0.000000
vn 0.000000 1.000000 0.000000
vn 0.000000 1.000000 0.000000
vn 0.000000 1.000000 0.000000
vn 0.000000 1.000000 0.000000
vn 0.000000 1.000000 0.000000
vn 0.000000 1.000000 0.000000
vn 0.000000 1.000000 0.000000
vn 0.000000 1.000000 0.000000
vn 0.000000 1.000000 0.000000
vn 0.000000 1.000000 0.000000
vn 0.000000 1.000000 0.000000
vn 0.000000 1.000000 0.000000
vn 0.000000 1.000000 0.000000
vn 0.000000 1.000000 0.000000
vn 0.000000 1.000000 0.000000
vn 0.000000 1.000000 0.000000
vn 0.000000 1.000000 0.000000
vn 0.000000 1.000000 0.000000
vn 0.000000 1.000000 0.000000
vn 0.000000 1.000000 0.000000
vn 0.000000 1.000000 0.000000
vn 0.000000 1.000000 0.000000
vn 0.000000 1.000000 0.000000
vn 0.000000 1.000000 0.000000
vn 0.000000 1.000000 0.000000
vn 0.000000 1.000000 0.000000
vn 0.000000 1.000000 0.000000
vn 0.000000 1.000000 0.000000
vn 0.000000 1.000000 0.000000
vn 0.000000 1.000000 0.000000
vn 0.000000 1.000000 0.000000
vn 0.000000 1.000000 0.000000
vn 0.000000 1.000000 0.000000
vn 0.000000 1.000000 0.000000
vn 0.000000 1.000000 0.000000
vn 0.000000 1.000000 0.000000
vn 0.000000 1.000000 0.000000
vn 0.000000 1.000000 0.000000
vn 0.000000 1.000000 0.000000
vn 0.000000 1.000000 0.000000
vn 0.000000 1.000000 0.000000
vn 0.000000 1.000000 0.000000
vn 0.000000 1.000000 0.000000
vn 0.000000 1.000000 0.000000
vn 0.000000 1.000000 0.000000
vn 0.000000 1.000000 0.000000
vn 0.000000 1.000000 0.000000
vn 0.000000 1.000000 0.000000
vn 0.000000 1.000000 0.000000
vn 0.000000 1.000000 0.000000
vn 0.000000 1.000000 0.000000
vn 0.000000 1.000000 0.000000
vn 0.000000 1.000000 0.000000
vn 0.000000 1.000000 0.000000
vn 0.000000 1.000000 0.000000
vn 0.000000 1.000000 0.000000
vn 0.000000 1.000000 0.000000
vn 0.000000 1.000000 0.000000
vn 0.000000 1.000000 0.000000
vn 0.000000 1.000000 0.000000
vn 0.000000 1.000000 0.000000
vn 0.000000 1.000000 0.000000
vn 0.000000 1.000000 0.000000
vn 0.000000 1.000000 0.000000
vn 0.000000 1.000000 0.000000
vn 0.000000 1.000000 0.000000
vn 0.000000 1.000000 0.000000
vn 0.000000 1.000000 0.000000
vn 0.000000 1.000000 0.000000
vn 0.000000 1.000000 0.000000
vn 0.000000 1.000000 0.000000
vn 0.000000 1.000000 0.000000
vn 0.000000 1.000000 0.000000
vn 0.000000 1.000000 0.000000
vn 0.000000 1.000000 0.000000
vn 0.000000 1.000000 0.000000
vn 0.000000 1.000000 0.000000
vn 0.000000 1.000000 0.000000
vn 0.000000 1.000000 0.000000
vn 0.000000 1.000000 0.000000
vn 0.000000 1.000000 0.000000
vn 0.000000 1.000000 0.000000
vn 0.000000 1.000000 0.000000
vn 0.000000 1.000000 0.000000
vn 0.000000 1.000000 0.000000
vn 0.000000 1.000000 0.000000
vn 0.000000 1.000000 0.000000
vn 0.000000 1.000000 0.000000
vn 0.000000 1.000000 0.000000
vn 0.000000 1.000000 0.000000
vn 0.000000 1.000000 0.000000
vn 0.000000 1.000000 0.000000
vn 0.000000 1.000000 0.000000
vn 0.000000 1.000000 0.000000
vn 0.000000 1.000000 0.000000
vn 0.000000 1.000000 0.000000
vn -0.000000 -1.000000 -0.000000
vn -0.000000 -1.000000 -0.000000
vn -0.000000 -1.000000 -0.000000
vn -0.000000 -1.000000 -0.000000
vn -0.000000 -1.000000 -0.000000
vn -0.000000 -1.000000 -0.000000
vn -0.000000 -1.000000 -0.000000
vn -0.000000 -1.000000 -0.000000
vn -0.000000 -1.000000 -0.000000
vn -0.000000 -1.000000 -0.000000
vn -0.000000 -1.000000 -0.000000
vn -0.000000 -1.000000 -0.000000
vn -0.000000 -1.000000 -0.000000
vn -0.000000 -1.000000 -0.000000
vn -0.000000 -1.000000 -0.000000
vn -0.000000 -1.000000 -0.000000
vn -0.000000 -1.000000 -0.000000
vn -0.000000 -1.000000 -0.000000
vn -0.000000 -1.000000 -0.000000
vn -0.000000 -1.000000 -0.000000
vn -0.000000 -1.000000 -0.000000
vn -0.000000 -1.000000 -0.000000
vn -0.000000 -1.000000 -0.000000
vn -0.000000 -1.000000 -0.000000
vn -0.000000 -1.000000 -0.000000
vn -0.000000 -1.000000 -0.000000
vn -0.000000 -1.000000 -0.000000
vn -0.000000 -1.000000 -0.000000
vn -0.000000 -1.000000 -0.000000
vn -0.000000 -1.000000 -0.000000
vn -0.000000 -1.000000 -0.000000
vn -0.000000 -1.000000 -0.000000
vn -0.000000 -1.000000 -0.000000
vn -0.000000 -1.000000 -0.000000
vn -0.000000 -1.000000 -0.000000
vn -0.000000 -1.000000 -0.000000
vn -0.000000 -1.000000 -0.000000
vn -0.000000 -1.000000 -0.000000
vn -0.000000 -1.000000 -0.000000
vn -0.000000 -1.000000 -0.000000
vn -0.000000 -1.000000 -0.000000
vn -0.000000 -1.000000 -0.000000
vn -0.000000 -1.000000 -0.000000
vn -0.000000 -1.000000 -0.000000
vn -0.000000 -1.000000 -0.000000
vn -0.000000 -1.000000 -0.000000
vn -0.000000 -1.000000 -0.000000
vn -0.000000 -1.000000 -0.000000
vn -0.000000 -1.000000 -0.000000
vn -0.000000 -1.000000 -0.000000
vn -0.000000 -1.000000 -0.000000
vn -0.000000 -1.000000 -0.000000
vn -0.000000 -1.000000 -0.000000
vn -0.000000 -1.000000 -0.000000
vn -0.000000 -1.000000 -0.000000
vn -0.000000 -1.000000 -0.000000
vn -0.000000 -1.000000 -0.000000
vn -0.000000 -1.000000 -0.000000
vn -0.000000 -1.000000 -0.000000
vn -0.000000 -1.000000 -0.000000
vn -0.000000 -1.000000 -0.000000
vn -0.000000 -1.000000 -0.000000
vn -0.000000 -1.000000 -0.000000
vn -0.000000 -1.000000 -0.000000
vn -0.000000 -1.000000 -0.000000
vn -0.000000 -1.000000 -0.000000
vn -0.000000 -1.000000 -0.000000
vn -0.000000 -1.000000 -0.000000
vn -0.000000 -1.000000 -0.000000
vn -0.000000 -1.000000 -0.000000
vn -0.000000 -1.000000 -0.000000
vn -0.000000 -1.000000 -0.000000
vn -0.000000 -1.000000 -0.000000
vn -0.000000 -1.000000 -0.000000
vn -0.000000 -1.000000 -0.000000
vn -0.000000 -1.000000 -0.000000
vn -0.000000 -1.000000 -0.000000
vn -0.000000 -1.000000 -0.000000
vn -0.000000 -1.000000 -0.000000
vn -0.000000 -1.000000 -0.000000
vn -0.000000 -1.000000 -0.000000
vn -0.000000 -1.000000 -0.000000
vn -0.000000 -1.000000 -0.000000
vn -0.000000 -1.000000 -0.000000
vn -0.000000 -1.000000 -0.000000
vn -0.000000 -1.000000 -0.000000
vn -0.000000 -1.000000 -0.000000
vn -0.000000 -1.000000 -0.000000
vn -0.000000 -1.000000 -0.000000
vn -0.000000 -1.000000 -0.000000
vn -0.000000 -1.000000 -0.000000
vn -0.000000 -1.000000 -0.000000
vn -0.000000 -1.000000 -0.000000
vn -0.000000 -1.000000 -0.000000
vn -0.000000 -1.000000 -0.000000
vn -0.000000 -1.000000 -0.000000
vn -0.000000 -1.000000 -0.000000
vn -0.000000 -1.000000 -0.000000
vn -0.000000 -1.000000 -0.000000
vn -0.000000 -1.000000 -0.000000
vn -0.000000 -1.000000 -0.000000
vn -0.000000 -1.000000 -0.000000
vn -0.000000 -1.000000 -0.000000
vn -0.000000 -1.000000 -0.000000
vn -0.000000 -1.000000 -0.000000
vn -0.000000 -1.000000 -0.000000
vn -0.000000 -1.000000 -0.000000
vn -0.000000 -1.000000 -0.000000
vn -0.000000 -1.000000 -0.000000
vn -0.000000 -1.000000 -0.000000
vn -0.000000 -1.000000 -0.000000
vn -0.000000 -1.000000 -0.000000
vn -0.000000 -1.000000 -0.000000
vn -0.000000 -1.000000 -0.000000
vn -0.000000 -1.000000 -0.000000
vn -0.000000 -1.000000 -0.000000
vn -0.000000 -1.000000 -0.000000
vn -0.000000 -1.000000 -0.000000
vn -0.000000 -1.000000 -0.000000
vn -0.000000 -1.000000 -0.000000
vn -0.000000 -1.000000 -0.000000
vn -0.000000 -1.000000 -0.000000
vn -0.000000 -1.000000 -0.000000
vn -0.000000 -1.000000 -0.000000
vn -0.000000 -1.000000 -0.000000
vn -0.000000 -1.000000 -0.000000
vn -0.000000 -1.000000 -0.000000
vn -0.000000 -1.000000 -0.000000
vn -0.000000 -1.000000 -0.000000
vn -0.000000 -1.000000 -0.000000
vn -0.000000 -1.000000 -0.000000
vn -0.000000 -1.000000 -0.000000
vn -0.000000 -1.000000 -0.000000
vn -0.000000 -1.000000 -0.000000
vn -0.000000 -1.000000 -0.000000
vn -0.000000 -1.000000 -0.000000
vn -0.000000 -1.000000 -0.000000
vn -0.000000 -1.000000 -0.000000
vn -0.000000 -1.000000 -0.000000
vn -0.000000 -1.000000 -0.000000
vn -0.000000 -1.000000 -0.000000
vn -0.000000 -1.000000 -0.000000
vn -0.000000 -1.000000 -0.000000
vn -0.000000 -1.000000 -0.000000
vn -0.000000 -1.000000 -0.000000
vn -0.000000 -1.000000 -0.000000
vn -0.000000 -1.000000 -0.000000
vn -0.000000 -1.000000 -0.000000
vn -0.000000 -1.000000 -0.000000
vn -0.000000 -1.000000 -0.000000
vn -0.000000 -1.000000 -0.000000
vn -0.000000 -1.000000 -0.000000
vn -0.000000 -1.000000 -0.000000
vn -0.000000 -1.000000 -0.000000
vn -0.000000 -1.000000 -0.000000
vn -0.000000 -1.000000 -0.000000
vn -0.000000 -1.000000 -0.000000
vn -0.000000 -1.000000 -0.000000
vn -0.000000 -1.000000 -0.000000
vn -0.000000 -1.000000 -0.000000
vn -0.000000 -1.000000 -0.000000
vn -0.000000 -1.000000 -0.000000
vn -0.000000 -1.000000 -0.000000
vn -0.000000 -1.000000 -0.000000
vn -0.000000 -1.000000 -0.000000
vn -0.000000 -1.000000 -0.000000
vn -0.000000 -1.000000 -0.000000
vn -0.000000 -1.000000 -0.000000
vn -0.000000 -1.000000 -0.000000
vn -0.000000 -1.000000 -0.000000
vn -0.000000 -1.000000 -0.000000
vn -0.000000 -1.000000 -0.000000
vn -0.000000 -1.000000 -0.000000
vn -0.000000 -1.000000 -0.000000
vn -0.000000 -1.000000 -0.000000
vn -0.000000 -1.000000 -0.000000
vn -0.000000 -1.000000 -0.000000
vn -0.000000 -1.000000 -0.000000
vn -0.000000 -1.000000 -0.000000
vn -0.000000 -1.000000 -0.000000
vn -0.000000 -1.000000 -0.000000
vn -0.000000 -1.000000 -0.000000
vn -0.000000 -1.000000 -0.000000
vn -0.000000 -1.000000 -0.000000
vn -0.000000 -1.000000 -0.000000
vn -0.000000 -1.000000 -0.000000
vn -0.000000 -1.000000 -0.000000
vn -0.000000 -1.000000 -0.000000
vn -0.000000 -1.000000 -0.000000
vn -0.000000 -1.000000 -0.000000
vn -0.000000 -1.000000 -0.000000
vn -0.000000 -1.000000 -0.000000
vn -0.000000 -1.000000 -0.000000
vn -0.000000 -1.000000 -0.000000
vn -0.000000 -1.000000 -0.000000
vn -0.000000 -1.000000 -0.000000
vn -0.000000 -1.000000 -0.000000
vn -0.000000 -1.000000 -0.000000
vn -0.000000 -1.000000 -0.000000
vn -0.000000 -1.000000 -0.000000
vn -0.000000 -1.000000 -0.000000
vn -0.000000 -1.000000 -0.000000
vn -0.000000 -1.000000 -0.000000
vn -0.000000 -1.000000 -0.000000
vn -0.000000 -1.000000 -0.000000
vn -0.000000 -1.000000 -0.000000
vn -0.000000 -1.000000 -0.000000
vn -0.000000 -1.000000 -0.000000
vn -0.000000 -1.000000 -0.000000
vn -0.000000 -1.000000 -0.000000
vn -0.000000 -1.000000 -0.000000
vn -0.000000 -1.000000 -0.000000
vn -0.000000 -1.000000 -0.000000
vn -0.000000 -1.000000 -0.000000
vn -0.000000 -1.000000 -0.000000
vn -0.000000 -1.000000 -0.000000
vn -0.000000 -1.000000 -0.000000
vn -0.000000 -1.000000 -0.000000
vn -0.000000 -1.000000 -0.000000
vn -0.000000 -1.000000 -0.000000
vn -0.000000 -1.000000 -0.000000
vn -0.000000 -1.000000 -0.000000
vn -0.000000 -1.000000 -0.000000
vn -0.000000 -1.000000 -0.000000
vn -0.000000 -1.000000 -0.000000
vn -0.000000 -1.000000 -0.000000
vn -0.000000 -1.000000 -0.000000
vn -0.000000 -1.000000 -0.000000
vn -0.000000 -1.000000 -0.000000
vn -0.000000 -1.000000 -0.000000
vn -0.000000 -1.000000 -0.000000
vn -0.000000 -1.000000 -0.000000
vn -0.000000 -1.000000 -0.000000
vn -0.000000 -1.000000 -0.000000
vn -0.000000 -1.000000 -0.000000
vn -0.000000 -1.000000 -0.000000
vn -0.000000 -1.000000 -0.000000
vn -0.000000 -1.000000 -0.000000
vn -0.000000 -1.000000 -0.000000
vn -0.000000 -1.000000 -0.000000
vn -0.000000 -1.000000 -0.000000
vn -0.000000 -1.000000 -0.000000
vn -0.000000 -1.000000 -0.000000
vn -0.000000 -1.000000 -0.000000
vn -0.000000 -1.000000 -0.000000
vn -0.000000 -1.000000 -0.000000
vn -0.000000 -1.000000 -0.000000
vn -0.000000 -1.000000 -0.000000
vn -0.000000 -1.000000 -0.000000
vn -0.000000 -1.000000 -0.000000
vn -0.000000 -1.000000 -0.000000
vn -0.000000 -1.000000 -0.000000
vn -0.000000 -1.000000 -0.000000
vn -0.000000 -1.000000 -0.000000
vn -0.000000 -1.000000 -0.000000
vn -0.000000 -1.000000 -0.000000
vn -0.000000 -1.000000 -0.000000
vn -0.000000 -1.000000 -0.000000
vn -0.000000 -1.000000 -0.000000
vn -0.000000 -1.000000 -0.000000
vn -0.000000 -1.000000 -0.000000
vn -0.000000 -1.000000 -0.000000
vn -0.000000 -1.000000 -0.000000
vn -0.000000 -1.000000 -0.000000
vn -0.000000 -1.000000 -0.000000
vn -0.000000 -1.000000 -0.000000
vn -0.000000 -1.000000 -0.000000
vn -0.000000 -1.000000 -0.000000
vn -0.000000 -1.000000 -0.000000
vn -0.000000 -1.000000 -0.000000
vn -0.000000 -1.000000 -0.000000
vn -0.000000 -1.000000 -0.000000
vn -0.000000 -1.000000 -0.000000
vn -0.000000 -1.000000 -0.000000
vn -0.000000 -1.000000 -0.000000
vn -0.000000 -1.000000 -0.000000
vn -0.000000 -1.000000 -0.000000
vn -0.000000 -1.000000 -0.000000
vn -0.000000 -1.000000 -0.000000
vn -0.000000 -1.000000 -0.000000
vn -0.000000 -1.000000 -0.000000
vn -0.000000 -1.000000 -0.000000
vn -0.000000 -1.000000 -0.000000
vn -0.000000 -1.000000 -0.000000
vn -0.000000 -1.000000 -0.000000
vn -0.000000 -1.000000 -0.000000
vn -0.000000 -1.000000 -0.000000
vn -0.000000 -1.000000 -0.000000
vn -0.000000 -1.000000 -0.000000
vn -0.000000 -1.000000 -0.000000
vn -0.000000 -1.000000 -0.000000
vn -0.000000 -1.000000 -0.000000
vn -0.000000 -1.000000 -0.000000
vn -0.000000 -1.000000 -0.000000
vn -0.000000 -1.000000 -0.000000
vn -0.000000 -1.000000 -0.000000
vn -0.000000 -1.000000 -0.000000
vn -0.000000 -1.000000 -0.000000
vn -0.000000 -1.000000 -0.000000
vn -0.000000 -1.000000 -0.000000
vn -0.000000 -1.000000 -0.000000
vn -0.000000 -1.000000 -0.000000
vn -0.000000 -1.000000 -0.000000
vn -0.000000 -1.000000 -0.000000
vn -0.000000 -1.000000 -0.000000
vn -0.000000 -1.000000 -0.000000
vn -0.000000 -1.000000 -0.000000
vn -0.000000 -1.000000 -0.000000
vn -0.000000 -1.000000 -0.000000
vn -0.000000 -1.000000 -0.000000
vn -0.000000 -1.000000 -0.000000
vn -0.000000 -1.000000 -0.000000
vn -0.000000 -1.000000 -0.000000
vn -0.000000 -1.000000 -0.000000
vn -0.000000 -1.000000 -0.000000
vn -0.000000 -1.000000 -0.000000
vn -0.000000 -1.000000 -0.000000
vn -0.000000 -1.000000 -0.000000
vn -0.000000 -1.000000 -0.000000
vn -0.000000 -1.000000 -0.000000
vn -0.000000 -1.000000 -0.000000
vn -0.000000 -1.000000 -0.000000
vn -0.000000 -1.000000 -0.000000
vn -0.000000 -1.000000 -0.000000
vn -0.000000 -1.000000 -0.000000
vn -0.000000 -1.000000 -0.000000
vn -0.000000 -1.000000 -0.000000
vn -0.000000 -1.000000 -0.000000
vn -0.000000 -1.000000 -0.000000
vn -0.000000 -1.000000 -0.000000
vn -0.000000 -1.000000 -0.000000
vn -0.000000 -1.000000 -0.000000
vn -0.000000 -1.000000 -0.000000
vn -0.000000 -1.000000 -0.000000
vn 1.000000 0.000000 0.000000
vn 1.000000 0.000000 0.000000
vn 1.000000 0.000000 0.000000
vn 1.000000 0.000000 0.000000
vn -0.707107 0.000000 -0.707107
vn -0.707107 0.000000 -0.707107
vn -0.500000 0.000000 -0.866025
vn -0.500000 0.000000 -0.866025
vn -0.258819 0.000000 -0.965926
vn -0.258819 0.000000 -0.965926
vn -0.000000 0.000000 -1.000000
vn -0.000000 0.000000 -1.000000
vn 0.258819 0.000000 -0.965926
vn 0.258819 0.000000 -0.965926
vn 0.500000 0.000000 -0.866025
vn 0.500000 0.000000 -0.866025
vn 0.707107 0.000000 -0.707107
vn 0.707107 0.000000 -0.707107
vn 0.866025 0.000000 -0.500000
vn 0.866025 0.000000 -0.500000
vn 0.965926 0.000000 -0.258819
vn 0.965926 0.000000 -0.258819
vn -0.707107 0.000000 -0.707107
vn -0.707107 0.000000 -0.707107
vn 0.000000 -0.000000 1.000000
vn 0.000000 -0.000000 1.000000
vn -0.258819 0.000000 0.965926
vn -0.258819 0.000000 0.965926
vn -0.500000 0.000000 0.866025
vn -0.500000 0.000000 0.866025
vn -0.707107 0.000000 0.707107
vn -0.707107 0.000000 0.707107
vn -0.866025 0.000000 0.500000
vn -0.866025 0.000000 0.500000
vn -0.965926 0.000000 0.258819
vn -0.965926 0.000000 0.258819
vn -1.000000 0.000000 -0.000000
vn -1.000000 0.000000 -0.000000
vn -0.965926 0.000000 -0.258819
vn -0.965926 0.000000 -0.258819
vn -0.866025 0.000000 -0.500000
vn -0.866025 0.000000 -0.500000
vn 0.000000 0.000000 1.000000
vn 0.000000 0.000000 1.000000
vn 0.965926 -0.000000 0.258819
vn 0.965926 -0.000000 0.258819
vn 0.866025 -0.000000 0.500000
vn 0.866025 -0.000000 0.500000
vn 0.707107 -0.000000 0.707107
vn 0.707107 -0.000000 0.707107
vn 0.500000 -0.000000 0.866025
vn 0.500000 -0.000000 0.866025
vn 0.258819 -0.000000 0.965926
vn 0.258819 -0.000000 0.965926
vn 1.000000 0.000000 0.000000
vn 1.000000 0.000000 0.000000
vn 1.000000 0.000000 0.000000
vn 1.000000 0.000000 0.000000
vn -0.707107 0.000000 -0.707107
vn -0.707107 0.000000 -0.707107
vn -0.500000 0.000000 -0.866025
vn -0.500000 0.000000 -0.866025
vn -0.258819 0.000000 -0.965926
vn -0.258819 0.000000 -0.965926
vn -0.000000 0.000000 -1.000000
vn -0.000000 0.000000 -1.000000
vn 0.258819 0.000000 -0.965926
vn 0.258819 0.000000 -0.965926
vn 0.500000 0.000000 -0.866025
vn 0.500000 0.000000 -0.866025
vn 0.707107 0.000000 -0.707107
vn 0.707107 0.000000 -0.707107
vn 0.866025 0.000000 -0.500000
vn 0.866025 0.000000 -0.500000
vn 0.965926 0.000000 -0.258819
vn 0.965926 0.000000 -0.258819
vn -0.707107 0.000000 -0.707107
vn -0.707107 0.000000 -0.707107
vn 0.000000 -0.000000 1.000000
vn 0.000000 -0.000000 1.000000
vn -0.258819 0.000000 0.965926
vn -0.258819 0.000000 0.965926
vn -0.500000 0.000000 0.866025
vn -0.500000 0.000000 0.866025
vn -0.707107 0.000000 0.707107
vn -0.707107 0.000000 0.707107
vn -0.866025 0.000000 0.500000
vn -0.866025 0.000000 0.500000
vn -0.965926 0.000000 0.258819
vn -0.965926 0.000000 0.258819
vn -1.000000 0.000000 -0.000000
vn -1.000000 0.000000 -0.000000
vn -0.965926 0.000000 -0.258819
vn -0.965926 0.000000 -0.258819
vn -0.866025 0.000000 -0.500000
vn -0.866025 0.000000 -0.500000
vn 0.000000 0.000000 1.000000
vn 0.000000 0.000000 1.000000
vn 0.965926 -0.000000 0.258819
vn 0.965926 -0.000000 0.258819
vn 0.866025 -0.000000 0.500000
vn 0.866025 -0.000000 0.500000
vn 0.707107 -0.000000 0.707107
vn 0.707107 -0.000000 0.707107
vn 0.500000 -0.000000 0.866025
vn 0.500000 -0.000000 0.866025
vn 0.258819 -0.000000 0.965926
vn 0.258819 -0.000000 0.965926
vn 1.000000 0.000000 0.000000
vn 1.000000 0.000000 0.000000
vn 1.000000 0.000000 0.000000
vn 1.000000 0.000000 0.000000
vn -0.707107 0.000000 -0.707107
vn -0.707107 0.000000 -0.707107
vn -0.500000 0.000000 -0.866025
vn -0.500000 0.000000 -0.866025
vn -0.258819 0.000000 -0.965926
vn -0.258819 0.000000 -0.965926
vn -0.000000 0.000000 -1.000000
vn -0.000000 0.000000 -1.000000
vn 0.258819 0.000000 -0.965926
vn 0.258819 0.000000 -0.965926
vn 0.500000 0.000000 -0.866025
vn 0.500000 0.000000 -0.866025
vn 0.707107 0.000000 -0.707107
vn 0.707107 0.000000 -0.707107
vn 0.866025 0.000000 -0.500000
vn 0.866025 0.000000 -0.500000
vn 0.965926 0.000000 -0.258819
vn 0.965926 0.000000 -0.258819
vn -0.707107 0.000000 -0.707107
vn -0.707107 0.000000 -0.707107
vn 0.000000 -0.000000 1.000000
vn 0.000000 -0.000000 1.000000
vn -0.258819 0.000000 0.965926
vn -0.258819 0.000000 0.965926
vn -0.500000 0.000000 0.866025
vn -0.500000 0.000000 0.866025
vn -0.707107 0.000000 0.707107
vn -0.707107 0.000000 0.707107
vn -0.866025 0.000000 0.500000
vn -0.866025 0.000000 0.500000
vn -0.965926 0.000000 0.258819
vn -0.965926 0.000000 0.258819
vn -1.000000 0.000000 -0.000000
vn -1.000000 0.000000 -0.000000
vn -0.965926 0.000000 -0.258819
vn -0.965926 0.000000 -0.258819
vn -0.866025 0.000000 -0.500000
vn -0.866025 0.000000 -0.500000
vn 0.000000 0.000000 1.000000
vn 0.000000 0.000000 1.000000
vn 0.965926 -0.000000 0.258819
vn 0.965926 -0.000000 0.258819
vn 0.866025 -0.000000 0.500000
vn 0.866025 -0.000000 0.500000
vn 0.707107 -0.000000 0.707107
vn 0.707107 -0.000000 0.707107
vn 0.500000 -0.000000 0.866025
vn 0.500000 -0.000000 0.866025
vn 0.258819 -0.000000 0.965926
vn 0.258819 -0.000000 0.965926
vn 1.000000 0.000000 0.000000
vn 1.000000 0.000000 0.000000
vn 1.000000 0.000000 0.000000
vn 1.000000 0.000000 0.000000
vn -0.707107 0.000000 -0.707107
vn -0.707107 0.000000 -0.707107
vn -0.500000 0.000000 -0.866025
vn -0.500000 0.000000 -0.866025
vn -0.258819 0.000000 -0.965926
vn -0.258819 0.000000 -0.965926
vn -0.000000 0.000000 -1.000000
vn -0.000000 0.000000 -1.000000
vn 0.258819 0.000000 -0.965926
vn 0.258819 0.000000 -0.965926
vn 0.500000 0.000000 -0.866025
vn 0.500000 0.000000 -0.866025
vn 0.707107 0.000000 -0.707107
vn 0.707107 0.000000 -0.707107
vn 0.866025 0.000000 -0.500000
vn 0.866025 0.000000 -0.500000
vn 0.965926 0.000000 -0.258819
vn 0.965926 0.000000 -0.258819
vn -0.707107 0.000000 -0.707107
vn -0.707107 0.000000 -0.707107
vn 0.000000 -0.000000 1.000000
vn 0.000000 -0.000000 1.000000
vn -0.258819 0.000000 0.965926
vn -0.258819 0.000000 0.965926
vn -0.500000 0.000000 0.866025
vn -0.500000 0.000000 0.866025
vn -0.707107 0.000000 0.707107
vn -0.707107 0.000000 0.707107
vn -0.866025 0.000000 0.500000
vn -0.866025 0.000000 0.500000
vn -0.965926 0.000000 0.258819
vn -0.965926 0.000000 0.258819
vn -1.000000 0.000000 -0.000000
vn -1.000000 0.000000 -0.000000
vn -0.965926 0.000000 -0.258819
vn -0.965926 0.000000 -0.258819
vn -0.866025 0.000000 -0.500000
vn -0.866025 0.000000 -0.500000
vn 0.000000 0.000000 1.000000
vn 0.000000 0.000000 1.000000
vn 0.965926 -0.000000 0.258819
vn 0.965926 -0.000000 0.258819
vn 0.866025 -0.000000 0.500000
vn 0.866025 -0.000000 0.500000
vn 0.707107 -0.000000 0.707107
vn 0.707107 -0.000000 0.707107
vn 0.500000 -0.000000 0.866025
vn 0.500000 -0.000000 0.866025
vn 0.258819 -0.000000 0.965926
vn 0.258819 -0.000000 0.965926
vn 1.000000 0.000000 0.000000
vn 1.000000 0.000000 0.000000
vn 1.000000 0.000000 0.000000
vn 1.000000 0.000000 0.000000
vn -0.707107 0.000000 -0.707107
vn -0.707107 0.000000 -0.707107
vn -0.500000 0.000000 -0.866025
vn -0.500000 0.000000 -0.866025
vn -0.258819 0.000000 -0.965926
vn -0.258819 0.000000 -0.965926
vn -0.000000 0.000000 -1.000000
vn -0.000000 0.000000 -1.000000
vn 0.258819 0.000000 -0.965926
vn 0.258819 0.000000 -0.965926
vn 0.500000 0.000000 -0.866025
vn 0.500000 0.000000 -0.866025
vn 0.707107 0.000000 -0.707107
vn 0.707107 0.000000 -0.707107
vn 0.866025 0.000000 -0.500000
vn 0.866025 0.000000 -0.500000
vn 0.965926 0.000000 -0.258819
vn 0.965926 0.000000 -0.258819
vn -0.707107 0.000000 -0.707107
vn -0.707107 0.000000 -0.707107
vn 0.000000 -0.000000 1.000000
vn 0.000000 -0.000000 1.000000
vn -0.258819 0.000000 0.965926
vn -0.258819 0.000000 0.965926
vn -0.500000 0.000000 0.866025
vn -0.500000 0.000000 0.866025
vn -0.707107 0.000000 0.707107
vn -0.707107 0.000000 0.707107
vn -0.866025 0.000000 0.500000
vn -0.866025 0.000000 0.500000
vn -0.965926 0.000000 0.258819
vn -0.965926 0.000000 0.258819
vn -1.000000 0.000000 -0.000000
vn -1.000000 0.000000 -0.000000
vn -0.965926 0.000000 -0.258819
vn -0.965926 0.000000 -0.258819
vn -0.866025 0.000000 -0.500000
vn -0.866025 0.000000 -0.500000
vn 0.000000 0.000000 1.000000
vn 0.000000 0.000000 1.000000
vn 0.965926 -0.000000 0.258819
vn 0.965926 -0.000000 0.258819
vn 0.866025 -0.000000 0.500000
vn 0.866025 -0.000000 0.500000
vn 0.707107 -0.000000 0.707107
vn 0.707107 -0.000000 0.707107
vn 0.500000 -0.000000 0.866025
vn 0.500000 -0.000000 0.866025
vn 0.258819 -0.000000 0.965926
vn 0.258819 -0.000000 0.965926
vn -1.000000 0.000000 -0.000000
vn -1.000000 0.000000 -0.000000
vn -1.000000 0.000000 -0.000000
vn -1.000000 0.000000 -0.000000
vn 0.707107 -0.000000 0.707107
vn 0.707107 -0.000000 0.707107
vn 0.500000 -0.000000 0.866025
vn 0.500000 -0.000000 0.866025
vn 0.258819 -0.000000 0.965926
vn 0.258819 -0.000000 0.965926
vn -0.000000 0.000000 1.000000
vn -0.000000 0.000000 1.000000
vn -0.258819 0.000000 0.965926
vn -0.258819 0.000000 0.965926
vn -0.500000 0.000000 0.866025
vn -0.500000 0.000000 0.866025
vn -0.707107 0.000000 0.707107
vn -0.707107 0.000000 0.707107
vn -0.866025 0.000000 0.500000
vn -0.866025 0.000000 0.500000
vn -0.965926 0.000000 0.258819
vn -0.965926 0.000000 0.258819
vn 0.707107 0.000000 0.707107
vn 0.707107 0.000000 0.707107
vn 0.000000 0.000000 -1.000000
vn 0.000000 0.000000 -1.000000
vn 0.258819 0.000000 -0.965926
vn 0.258819 0.000000 -0.965926
vn 0.500000 0.000000 -0.866025
vn 0.500000 0.000000 -0.866025
vn 0.707107 0.000000 -0.707107
vn 0.707107 0.000000 -0.707107
vn 0.866025 0.000000 -0.500000
vn 0.866025 0.000000 -0.500000
vn 0.965926 0.000000 -0.258819
vn 0.965926 0.000000 -0.258819
vn 1.000000 0.000000 0.000000
vn 1.000000 0.000000 0.000000
vn 0.965926 -0.000000 0.258819
vn 0.965926 -0.000000 0.258819
vn 0.866025 -0.000000 0.500000
vn 0.866025 -0.000000 0.500000
vn 0.000000 0.000000 -1.000000
vn 0.000000 0.000000 -1.000000
vn -0.965926 0.000000 -0.258819
vn -0.965926 0.000000 -0.258819
vn -0.866025 0.000000 -0.500000
vn -0.866025 0.000000 -0.500000
vn -0.707107 0.000000 -0.707107
vn -0.707107 0.000000 -0.707107
vn -0.500000 0.000000 -0.866025
vn -0.500000 0.000000 -0.866025
vn -0.258819 0.000000 -0.965926
vn -0.258819 0.000000 -0.965926
vn -1.000000 0.000000 -0.000000
vn -1.000000 0.000000 -0.000000
vn -1.000000 0.000000 -0.000000
vn -1.000000 0.000000 -0.000000
vn 0.707107 -0.000000 0.707107
vn 0.707107 -0.000000 0.707107
vn 0.500000 -0.000000 0.866025
vn 0.500000 -0.000000 0.866025
vn 0.258819 -0.000000 0.965926
vn 0.258819 -0.000000 0.965926
vn 0.000000 -0.000000 1.000000
vn 0.000000 -0.000000 1.000000
vn -0.258819 0.000000 0.965926
vn -0.258819 0.000000 0.965926
vn -0.500000 0.000000 0.866025
vn -0.500000 0.000000 0.866025
vn -0.707107 0.000000 0.707107
vn -0.707107 0.000000 0.707107
vn -0.866025 0.000000 0.500000
vn -0.866025 0.000000 0.500000
vn -0.965926 0.000000 0.258819
vn -0.965926 0.000000 0.258819
vn 0.707107 0.000000 0.707107
vn 0.707107 0.000000 0.707107
vn 0.000000 0.000000 -1.000000
vn 0.000000 0.000000 -1.000000
vn 0.258819 0.000000 -0.965926
vn 0.258819 0.000000 -0.965926
vn 0.500000 0.000000 -0.866025
vn 0.500000 0.000000 -0.866025
vn 0.707107 0.000000 -0.707107
vn 0.707107 0.000000 -0.707107
vn 0.866025 0.000000 -0.500000
vn 0.866025 0.000000 -0.500000
vn 0.965926 0.000000 -0.258819
vn 0.965926 0.000000 -0.258819
vn 1.000000 0.000000 0.000000
vn 1.000000 0.000000 0.000000
vn 0.965926 -0.000000 0.258819
vn 0.965926 -0.000000 0.258819
vn 0.866025 -0.000000 0.500000
vn 0.866025 -0.000000 0.500000
vn 0.000000 0.000000 -1.000000
vn 0.000000 0.000000 -1.000000
vn -0.965926 0.000000 -0.258819
vn -0.965926 0.000000 -0.258819
vn -0.866025 0.000000 -0.500000
vn -0.866025 0.000000 -0.500000
vn -0.707107 0.000000 -0.707107
vn -0.707107 0.000000 -0.707107
vn -0.500000 0.000000 -0.866025
vn -0.500000 0.000000 -0.866025
vn -0.258819 0.000000 -0.965926
vn -0.258819 0.000000 -0.965926
vn -1.000000 0.000000 -0.000000
vn -1.000000 0.000000 -0.000000
vn -1.000000 0.000000 -0.000000
vn -1.000000 0.000000 -0.000000
vn 0.707107 -0.000000 0.707107
vn 0.707107 -0.000000 0.707107
vn 0.500000 -0.000000 0.866025
vn 0.500000 -0.000000 0.866025
vn 0.258819 -0.000000 0.965926
vn 0.258819 -0.000000 0.965926
vn -0.000000 0.000000 1.000000
vn -0.000000 0.000000 1.000000
vn -0.258819 0.000000 0.965926
vn -0.258819 0.000000 0.965926
vn -0.500000 0.000000 0.866025
vn -0.500000 0.000000 0.866025
vn -0.707107 0.000000 0.707107
vn -0.707107 0.000000 0.707107
vn -0.866025 0.000000 0.500000
vn -0.866025 0.000000 0.500000
vn -0.965926 0.000000 0.258819
vn -0.965926 0.000000 0.258819
vn 0.707107 0.000000 0.707107
vn 0.707107 0.000000 0.707107
vn 0.000000 0.000000 -1.000000
vn 0.000000 0.000000 -1.000000
vn 0.258819 0.000000 -0.965926
vn 0.258819 0.000000 -0.965926
vn 0.500000 0.000000 -0.866025
vn 0.500000 0.000000 -0.866025
vn 0.707107 0.000000 -0.707107
vn 0.707107 0.000000 -0.707107
vn 0.866025 0.000000 -0.500000
vn 0.866025 0.000000 -0.500000
vn 0.965926 0.000000 -0.258819
vn 0.965926 0.000000 -0.258819
vn 1.000000 0.000000 0.000000
vn 1.000000 0.000000 0.000000
vn 0.965926 -0.000000 0.258819
vn 0.965926 -0.000000 0.258819
vn 0.866025 -0.000000 0.500000
vn 0.866025 -0.000000 0.500000
vn 0.000000 0.000000 -1.000000
vn 0.000000 0.000000 -1.000000
vn -0.965926 0.000000 -0.258819
vn -0.965926 0.000000 -0.258819
vn -0.866025 0.000000 -0.500000
vn -0.866025 0.000000 -0.500000
vn -0.707107 0.000000 -0.707107
vn -0.707107 0.000000 -0.707107
vn -0.500000 0.000000 -0.866025
vn -0.500000 0.000000 -0.866025
vn -0.258819 0.000000 -0.965926
vn -0.258819 0.000000 -0.965926
vn -1.000000 0.000000 -0.000000
vn -1.000000 0.000000 -0.000000
vn -1.000000 0.000000 -0.000000
vn -1.000000 0.000000 -0.000000
vn 0.707107 -0.000000 0.707107
vn 0.707107 -0.000000 0.707107
vn 0.500000 -0.000000 0.866025
vn 0.500000 -0.000000 0.866025
vn 0.258819 -0.000000 0.965926
vn 0.258819 -0.000000 0.965926
vn -0.000000 0.000000 1.000000
vn -0.000000 0.000000 1.000000
vn -0.258819 0.000000 0.965926
vn -0.258819 0.000000 0.965926
vn -0.500000 0.000000 0.866025
vn -0.500000 0.000000 0.866025
vn -0.707107 0.000000 0.707107
vn -0.707107 0.000000 0.707107
vn -0.866025 0.000000 0.500000
vn -0.866025 0.000000 0.500000
vn -0.965926 0.000000 0.258819
vn -0.965926 0.000000 0.258819
vn 0.707107 0.000000 0.707107
vn 0.707107 0.000000 0.707107
vn 0.000000 0.000000 -1.000000
vn 0.000000 0.000000 -1.000000
vn 0.258819 0.000000 -0.965926
vn 0.258819 0.000000 -0.965926
vn 0.500000 0.000000 -0.866025
vn 0.500000 0.000000 -0.866025
vn 0.707107 0.000000 -0.707107
vn 0.707107 0.000000 -0.707107
vn 0.866025 0.000000 -0.500000
vn 0.866025 0.000000 -0.500000
vn 0.965926 0.000000 -0.258819
vn 0.965926 0.000000 -0.258819
vn 1.000000 0.000000 0.000000
vn 1.000000 0.000000 0.000000
vn 0.965926 -0.000000 0.258819
vn 0.965926 -0.000000 0.258819
vn 0.866025 -0.000000 0.500000
vn 0.866025 -0.000000 0.500000
vn 0.000000 0.000000 -1.000000
vn 0.000000 0.000000 -1.000000
vn -0.965926 0.000000 -0.258819
vn -0.965926 0.000000 -0.258819
vn -0.866025 0.000000 -0.500000
vn -0.866025 0.000000 -0.500000
vn -0.707107 0.000000 -0.707107
vn -0.707107 0.000000 -0.707107
vn -0.500000 0.000000 -0.866025
vn -0.500000 0.000000 -0.866025
vn -0.258819 0.000000 -0.965926
vn -0.258819 0.000000 -0.965926
vn -1.000000 0.000000 -0.000000
vn -1.000000 0.000000 -0.000000
vn -1.000000 0.000000 -0.000000
vn -1.000000 0.000000 -0.000000
vn 0.707107 -0.000000 0.707107
vn 0.707107 -0.000000 0.707107
vn 0.500000 -0.000000 0.866025
vn 0.500000 -0.000000 0.866025
vn 0.258819 -0.000000 0.965926
vn 0.258819 -0.000000 0.965926
vn -0.000000 0.000000 1.000000
vn -0.000000 0.000000 1.000000
vn -0.258819 0.000000 0.965926
vn -0.258819 0.000000 0.965926
vn -0.500000 0.000000 0.866025
vn -0.500000 0.000000 0.866025
vn -0.707107 0.000000 0.707107
vn -0.707107 0.000000 0.707107
vn -0.866025 0.000000 0.500000
vn -0.866025 0.000000 0.500000
vn -0.965926 0.000000 0.258819
vn -0.965926 0.000000 0.258819
vn 0.707107 0.000000 0.707107
vn 0.707107 0.000000 0.707107
vn 0.000000 0.000000 -1.000000
vn 0.000000 0.000000 -1.000000
vn 0.258819 0.000000 -0.965926
vn 0.258819 0.000000 -0.965926
vn 0.500000 0.000000 -0.866025
vn 0.500000 0.000000 -0.866025
vn 0.707107 0.000000 -0.707107
vn 0.707107 0.000000 -0.707107
vn 0.866025 0.000000 -0.500000
vn 0.866025 0.000000 -0.500000
vn 0.965926 0.000000 -0.258819
vn 0.965926 0.000000 -0.258819
vn 1.000000 0.000000 0.000000
vn 1.000000 0.000000 0.000000
vn 0.965926 -0.000000 0.258819
vn 0.965926 -0.000000 0.258819
vn 0.866025 -0.000000 0.500000
vn 0.866025 -0.000000 0.500000
vn 0.000000 0.000000 -1.000000
vn 0.000000 0.000000 -1.000000
vn -0.965926 0.000000 -0.258819
vn -0.965926 0.000000 -0.258819
vn -0.866025 0.000000 -0.500000
vn -0.866025 0.000000 -0.500000
vn -0.707107 0.000000 -0.707107
vn -0.707107 0.000000 -0.707107
vn -0.500000 0.000000 -0.866025
vn -0.500000 0.000000 -0.866025
vn -0.258819 0.000000 -0.965926
vn -0.258819 0.000000 -0.965926
usemtl Nickel_-_Polished
f 1/1/1 2/2/2 4/3/3
f 4/3/3 2/2/2 3/4/4
f 22/5/5 5/6/6 21/7/7
f 21/7/7 5/6/6 6/8/8
f 21/7/7 6/8/8 20/9/9
f 20/9/9 6/8/8 7/10/10
f 20/9/9 7/10/10 19/11/11
f 19/11/11 7/10/10 8/12/12
f 19/11/11 8/12/12 18/13/13
f 18/13/13 8/12/12 9/14/14
f 18/13/13 9/14/14 17/15/15
f 17/15/15 9/14/14 10/16/16
f 17/15/15 10/16/16 16/17/17
f 16/17/17 10/16/16 11/18/18
f 16/17/17 11/18/18 15/19/19
f 15/19/19 11/18/18 12/20/20
f 15/19/19 12/20/20 14/21/21
f 14/21/21 12/20/20 13/22/22
f 14/21/21 13/22/22 4/23/3
f 4/23/3 13/22/22 1/24/1
f 23/25/23 5/26/6 24/27/24
f 24/27/24 5/26/6 22/28/5
f 42/29/25 25/30/26 41/31/27
f 41/31/27 25/30/26 26/32/28
f 41/31/27 26/32/28 40/33/29
f 40/33/29 26/32/28 27/34/30
f 40/33/29 27/34/30 39/35/31
f 39/35/31 27/34/30 28/36/32
f 39/35/31 28/36/32 38/37/33
f 38/37/33 28/36/32 29/38/34
f 38/37/33 29/38/34 37/39/35
f 37/39/35 29/38/34 30/40/36
f 37/39/35 30/40/36 36/41/37
f 36/41/37 30/40/36 31/42/38
f 36/41/37 31/42/38 35/43/39
f 35/43/39 31/42/38 32/44/40
f 35/43/39 32/44/40 34/45/41
f 34/45/41 32/44/40 33/46/42
f 34/45/41 33/46/42 24/47/24
f 24/47/24 33/46/42 23/48/23
f 43/49/43 25/50/26 44/51/44
f 44/51/44 25/50/26 42/52/25
f 3/53/4 2/54/2 54/55/45
f 54/55/45 2/54/2 45/56/46
f 54/55/45 45/56/46 53/57/47
f 53/57/47 45/56/46 46/58/48
f 53/57/47 46/58/48 52/59/49
f 52/59/49 46/58/48 47/60/50
f 52/59/49 47/60/50 51/61/51
f 51/61/51 47/60/50 48/62/52
f 51/61/51 48/62/52 50/63/53
f 50/63/53 48/62/52 49/64/54
f 50/63/53 49/64/54 44/65/44
f 44/65/44 49/64/54 43/66/43
f 55/67/55 56/68/56 58/69/57
f 58/69/57 56/68/56 57/70/58
f 76/71/59 59/72/60 75/73/61
f 75/73/61 59/72/60 60/74/62
f 75/73/61 60/74/62 74/75/63
f 74/75/63 60/74/62 61/76/64
f 74/75/63 61/76/64 73/77/65
f 73/77/65 61/76/64 62/78/66
f 73/77/65 62/78/66 72/79/67
f 72/79/67 62/78/66 63/80/68
f 72/79/67 63/80/68 71/81/69
f 71/81/69 63/80/68 64/82/70
f 71/81/69 64/82/70 70/83/71
f 70/83/71 64/82/70 65/84/72
f 70/83/71 65/84/72 69/85/73
f 69/85/73 65/84/72 66/86/74
f 69/85/73 66/86/74 68/87/75
f 68/87/75 66/86/74 67/88/76
f 68/87/75 67/88/76 58/89/57
f 58/89/57 67/88/76 55/90/55
f 77/91/77 59/92/60 78/93/78
f 78/93/78 59/92/60 76/94/59
f 96/95/79 79/96/80 95/97/81
f 95/97/81 79/96/80 80/98/82
f 95/97/81 80/98/82 94/99/83
f 94/99/83 80/98/82 81/100/84
f 94/99/83 81/100/84 93/101/85
f 93/101/85 81/100/84 82/102/86
f 93/101/85 82/102/86 92/103/87
f 92/103/87 82/102/86 83/104/88
f 92/103/87 83/104/88 91/105/89
f 91/105/89 83/104/88 84/106/90
f 91/105/89 84/106/90 90/107/91
f 90/107/91 84/106/90 85/108/92
f 90/107/91 85/108/92 89/109/93
f 89/109/93 85/108/92 86/110/94
f 89/109/93 86/110/94 88/111/95
f 88/111/95 86/110/94 87/112/96
f 88/111/95 87/112/96 78/113/78
f 78/113/78 87/112/96 77/114/77
f 97/115/97 79/116/80 98/117/98
f 98/117/98 79/116/80 96/118/79
f 57/119/58 56/120/56 108/121/99
f 108/121/99 56/120/56 99/122/100
f 108/121/99 99/122/100 107/123/101
f 107/123/101 99/122/100 100/124/102
f 107/123/101 100/124/102 106/125/103
f 106/125/103 100/124/102 101/126/104
f 106/125/103 101/126/104 105/127/105
f 105/127/105 101/126/104 102/128/106
f 105/127/105 102/128/106 104/129/107
f 104/129/107 102/128/106 103/130/108
f 104/129/107 103/130/108 98/131/98
f 98/131/98 103/130/108 97/132/97
f 109/133/109 110/134/110 116/135/111
f 116/135/111 110/134/110 115/136/112
f 115/136/112 110/134/110 111/137/113
f 115/136/112 111/137/113 114/138/114
f 114/138/114 111/137/113 112/139/115
f 114/138/114 112/139/115 113/140/116
f 117/141/117 109/142/118 118/143/119
f 118/143/119 109/142/118 116/144/120
f 119/145/121 120/146/122 124/147/123
f 124/147/123 120/146/122 123/148/124
f 123/148/124 120/146/122 121/149/125
f 123/148/124 121/149/125 122/150/126
f 122/150/126 121/149/125 117/151/127
f 122/150/126 117/151/127 118/152/128
f 112/153/129 119/154/130 113/155/131
f 113/155/131 119/154/130 124/156/132
f 126/157/133 113/158/134 125/159/135
f 125/159/135 113/158/134 124/160/136
f 125/159/135 124/160/136 151/161/137
f 151/161/137 124/160/136 150/162/138
f 150/162/138 124/160/136 149/163/139
f 149/163/139 124/160/136 148/164/140
f 148/164/140 124/160/136 147/165/141
f 147/165/141 124/160/136 273/166/142
f 147/165/141 273/166/142 274/167/143
f 126/157/133 127/168/144 113/158/134
f 113/158/134 127/168/144 128/169/145
f 113/158/134 128/169/145 129/170/146
f 129/170/146 130/171/147 113/158/134
f 113/158/134 130/171/147 131/172/148
f 113/158/134 131/172/148 132/173/149
f 132/173/149 133/174/150 113/158/134
f 113/158/134 133/174/150 159/175/151
f 113/158/134 159/175/151 114/176/152
f 114/176/152 159/175/151 160/177/153
f 114/176/152 160/177/153 161/178/154
f 159/175/151 133/174/150 158/179/155
f 158/179/155 133/174/150 134/180/156
f 158/179/155 134/180/156 157/181/157
f 157/181/157 134/180/156 135/182/158
f 157/181/157 135/182/158 156/183/159
f 156/183/159 135/182/158 136/184/160
f 156/183/159 136/184/160 155/185/161
f 155/185/161 136/184/160 137/186/162
f 155/185/161 137/186/162 154/187/163
f 154/187/163 137/186/162 138/188/164
f 154/187/163 138/188/164 153/189/165
f 153/189/165 138/188/164 139/190/166
f 153/189/165 139/190/166 140/191/167
f 153/189/165 140/191/167 281/192/168
f 281/192/168 140/191/167 141/193/169
f 281/192/168 141/193/169 142/194/170
f 143/195/171 278/196/172 142/194/170
f 142/194/170 278/196/172 279/197/173
f 142/194/170 279/197/173 280/198/174
f 278/196/172 143/195/171 277/199/175
f 277/199/175 143/195/171 144/200/176
f 277/199/175 144/200/176 145/201/177
f 145/201/177 146/202/178 277/199/175
f 277/199/175 146/202/178 276/203/179
f 276/203/179 146/202/178 275/204/180
f 275/204/180 146/202/178 147/165/141
f 275/204/180 147/165/141 274/167/143
f 153/189/165 260/205/181 152/206/182
f 152/206/182 260/205/181 261/207/183
f 152/206/182 261/207/183 178/208/184
f 178/208/184 261/207/183 177/209/185
f 177/209/185 261/207/183 176/210/186
f 176/210/186 261/207/183 175/211/187
f 175/211/187 261/207/183 174/212/188
f 174/212/188 261/207/183 173/213/189
f 173/213/189 261/207/183 302/214/190
f 173/213/189 302/214/190 303/215/191
f 161/178/154 162/216/192 114/176/152
f 114/176/152 162/216/192 396/217/193
f 114/176/152 396/217/193 185/218/194
f 185/218/194 396/217/193 184/219/195
f 184/219/195 396/217/193 183/220/196
f 183/220/196 396/217/193 182/221/197
f 182/221/197 396/217/193 181/222/198
f 181/222/198 396/217/193 180/223/199
f 180/223/199 396/217/193 179/224/200
f 179/224/200 396/217/193 123/225/201
f 179/224/200 123/225/201 205/226/202
f 205/226/202 123/225/201 204/227/203
f 204/227/203 123/225/201 203/228/204
f 203/228/204 123/225/201 202/229/205
f 202/229/205 123/225/201 201/230/206
f 201/230/206 123/225/201 327/231/207
f 201/230/206 327/231/207 328/232/208
f 162/216/192 163/233/209 396/217/193
f 396/217/193 163/233/209 164/234/210
f 396/217/193 164/234/210 165/235/211
f 165/235/211 166/236/212 396/217/193
f 396/217/193 166/236/212 167/237/213
f 396/217/193 167/237/213 308/238/214
f 308/238/214 167/237/213 168/239/215
f 308/238/214 168/239/215 169/240/216
f 170/241/217 305/242/218 169/240/216
f 169/240/216 305/242/218 306/243/219
f 169/240/216 306/243/219 307/244/220
f 305/242/218 170/241/217 304/245/221
f 304/245/221 170/241/217 171/246/222
f 304/245/221 171/246/222 172/247/223
f 172/247/223 173/213/189 304/245/221
f 304/245/221 173/213/189 303/215/191
f 185/218/194 186/248/224 114/176/152
f 114/176/152 186/248/224 187/249/225
f 114/176/152 187/249/225 213/250/226
f 213/250/226 187/249/225 212/251/227
f 212/251/227 187/249/225 188/252/228
f 212/251/227 188/252/228 211/253/229
f 211/253/229 188/252/228 189/254/230
f 211/253/229 189/254/230 210/255/231
f 210/255/231 189/254/230 190/256/232
f 210/255/231 190/256/232 209/257/233
f 209/257/233 190/256/232 191/258/234
f 209/257/233 191/258/234 208/259/235
f 208/259/235 191/258/234 192/260/236
f 208/259/235 192/260/236 207/261/237
f 207/261/237 192/260/236 193/262/238
f 207/261/237 193/262/238 194/263/239
f 207/261/237 194/263/239 335/264/240
f 335/264/240 194/263/239 195/265/241
f 335/264/240 195/265/241 196/266/242
f 197/267/243 332/268/244 196/266/242
f 196/266/242 332/268/244 333/269/245
f 196/266/242 333/269/245 334/270/246
f 332/268/244 197/267/243 331/271/247
f 331/271/247 197/267/243 198/272/248
f 331/271/247 198/272/248 199/273/249
f 199/273/249 200/274/250 331/271/247
f 331/271/247 200/274/250 330/275/251
f 330/275/251 200/274/250 329/276/252
f 329/276/252 200/274/250 201/230/206
f 329/276/252 201/230/206 328/232/208
f 207/261/237 314/277/253 206/278/254
f 206/278/254 314/277/253 315/279/255
f 206/278/254 315/279/255 232/280/256
f 232/280/256 315/279/255 231/281/257
f 231/281/257 315/279/255 230/282/258
f 230/282/258 315/279/255 229/283/259
f 229/283/259 315/279/255 228/284/260
f 228/284/260 315/279/255 227/285/261
f 227/285/261 315/279/255 356/286/262
f 227/285/261 356/286/262 357/287/263
f 114/176/152 213/250/226 115/288/264
f 115/288/264 213/250/226 214/289/265
f 115/288/264 214/289/265 215/290/266
f 215/290/266 216/291/267 115/288/264
f 115/288/264 216/291/267 395/292/268
f 115/288/264 395/292/268 239/293/269
f 239/293/269 395/292/268 238/294/270
f 238/294/270 395/292/268 237/295/271
f 237/295/271 395/292/268 236/296/272
f 236/296/272 395/292/268 235/297/273
f 235/297/273 395/292/268 234/298/274
f 234/298/274 395/292/268 233/299/275
f 233/299/275 395/292/268 122/300/276
f 233/299/275 122/300/276 259/301/277
f 259/301/277 122/300/276 258/302/278
f 258/302/278 122/300/276 257/303/279
f 257/303/279 122/300/276 256/304/280
f 256/304/280 122/300/276 255/305/281
f 255/305/281 122/300/276 381/306/282
f 255/305/281 381/306/282 382/307/283
f 216/291/267 217/308/284 395/292/268
f 395/292/268 217/308/284 218/309/285
f 395/292/268 218/309/285 219/310/286
f 219/310/286 220/311/287 395/292/268
f 395/292/268 220/311/287 221/312/288
f 395/292/268 221/312/288 363/313/289
f 363/313/289 221/312/288 362/314/290
f 362/314/290 221/312/288 222/315/291
f 362/314/290 222/315/291 223/316/292
f 224/317/293 359/318/294 223/316/292
f 223/316/292 359/318/294 360/319/295
f 223/316/292 360/319/295 361/320/296
f 359/318/294 224/317/293 358/321/297
f 358/321/297 224/317/293 225/322/298
f 358/321/297 225/322/298 226/323/299
f 226/323/299 227/285/261 358/321/297
f 358/321/297 227/285/261 357/287/263
f 239/293/269 240/324/300 115/288/264
f 115/288/264 240/324/300 241/325/301
f 115/288/264 241/325/301 98/326/302
f 98/326/302 241/325/301 104/327/303
f 104/327/303 241/325/301 242/328/304
f 104/327/303 242/328/304 105/329/305
f 105/329/305 242/328/304 243/330/306
f 105/329/305 243/330/306 106/331/307
f 106/331/307 243/330/306 244/332/308
f 106/331/307 244/332/308 107/333/309
f 107/333/309 244/332/308 245/334/310
f 107/333/309 245/334/310 108/335/311
f 108/335/311 245/334/310 246/336/312
f 108/335/311 246/336/312 57/337/313
f 57/337/313 246/336/312 247/338/314
f 57/337/313 247/338/314 248/339/315
f 57/337/313 248/339/315 389/340/316
f 389/340/316 248/339/315 249/341/317
f 389/340/316 249/341/317 250/342/318
f 251/343/319 386/344/320 250/342/318
f 250/342/318 386/344/320 387/345/321
f 250/342/318 387/345/321 388/346/322
f 386/344/320 251/343/319 385/347/323
f 385/347/323 251/343/319 252/348/324
f 385/347/323 252/348/324 253/349/325
f 253/349/325 254/350/326 385/347/323
f 385/347/323 254/350/326 384/351/327
f 384/351/327 254/350/326 383/352/328
f 383/352/328 254/350/326 255/305/281
f 383/352/328 255/305/281 382/307/283
f 262/353/329 300/354/330 261/207/183
f 261/207/183 300/354/330 301/355/331
f 261/207/183 301/355/331 302/214/190
f 300/354/330 262/353/329 299/356/332
f 299/356/332 262/353/329 263/357/333
f 299/356/332 263/357/333 298/358/334
f 298/358/334 263/357/333 264/359/335
f 298/358/334 264/359/335 297/360/336
f 297/360/336 264/359/335 265/361/337
f 297/360/336 265/361/337 296/362/338
f 296/362/338 265/361/337 266/363/339
f 296/362/338 266/363/339 295/364/340
f 295/364/340 266/363/339 267/365/341
f 295/364/340 267/365/341 123/225/201
f 123/225/201 267/365/341 124/160/136
f 124/160/136 267/365/341 268/366/342
f 124/160/136 268/366/342 269/367/343
f 269/367/343 270/368/344 124/160/136
f 124/160/136 270/368/344 271/369/345
f 124/160/136 271/369/345 272/370/346
f 272/370/346 273/166/142 124/160/136
f 280/198/174 281/192/168 142/194/170
f 281/192/168 282/371/347 153/189/165
f 153/189/165 282/371/347 283/372/348
f 153/189/165 283/372/348 284/373/349
f 284/373/349 285/374/350 153/189/165
f 153/189/165 285/374/350 286/375/351
f 153/189/165 286/375/351 260/205/181
f 288/376/352 123/225/201 287/377/353
f 287/377/353 123/225/201 396/217/193
f 287/377/353 396/217/193 313/378/354
f 313/378/354 396/217/193 312/379/355
f 312/379/355 396/217/193 311/380/356
f 311/380/356 396/217/193 310/381/357
f 310/381/357 396/217/193 309/382/358
f 309/382/358 396/217/193 308/238/214
f 288/376/352 289/383/359 123/225/201
f 123/225/201 289/383/359 290/384/360
f 123/225/201 290/384/360 291/385/361
f 291/385/361 292/386/362 123/225/201
f 123/225/201 292/386/362 293/387/363
f 123/225/201 293/387/363 294/388/364
f 294/388/364 295/364/340 123/225/201
f 307/244/220 308/238/214 169/240/216
f 316/389/365 354/390/366 315/279/255
f 315/279/255 354/390/366 355/391/367
f 315/279/255 355/391/367 356/286/262
f 354/390/366 316/389/365 353/392/368
f 353/392/368 316/389/365 317/393/369
f 353/392/368 317/393/369 352/394/370
f 352/394/370 317/393/369 318/395/371
f 352/394/370 318/395/371 351/396/372
f 351/396/372 318/395/371 319/397/373
f 351/396/372 319/397/373 350/398/374
f 350/398/374 319/397/373 320/399/375
f 350/398/374 320/399/375 349/400/376
f 349/400/376 320/399/375 321/401/377
f 349/400/376 321/401/377 122/300/276
f 122/300/276 321/401/377 123/225/201
f 123/225/201 321/401/377 322/402/378
f 123/225/201 322/402/378 323/403/379
f 323/403/379 324/404/380 123/225/201
f 123/225/201 324/404/380 325/405/381
f 123/225/201 325/405/381 326/406/382
f 326/406/382 327/231/207 123/225/201
f 334/270/246 335/264/240 196/266/242
f 335/264/240 336/407/383 207/261/237
f 207/261/237 336/407/383 337/408/384
f 207/261/237 337/408/384 338/409/385
f 338/409/385 339/410/386 207/261/237
f 207/261/237 339/410/386 340/411/387
f 207/261/237 340/411/387 314/277/253
f 342/412/388 122/300/276 341/413/389
f 341/413/389 122/300/276 395/292/268
f 341/413/389 395/292/268 367/414/390
f 367/414/390 395/292/268 366/415/391
f 366/415/391 395/292/268 365/416/392
f 365/416/392 395/292/268 364/417/393
f 364/417/393 395/292/268 363/313/289
f 342/412/388 343/418/394 122/300/276
f 122/300/276 343/418/394 344/419/395
f 122/300/276 344/419/395 345/420/396
f 345/420/396 346/421/397 122/300/276
f 122/300/276 346/421/397 347/422/398
f 122/300/276 347/422/398 348/423/399
f 348/423/399 349/400/376 122/300/276
f 361/320/296 362/314/290 223/316/292
f 369/424/400 58/425/401 368/426/402
f 368/426/402 58/425/401 57/337/313
f 368/426/402 57/337/313 394/427/403
f 394/427/403 57/337/313 393/428/404
f 393/428/404 57/337/313 392/429/405
f 392/429/405 57/337/313 391/430/406
f 391/430/406 57/337/313 390/431/407
f 390/431/407 57/337/313 389/340/316
f 370/432/408 37/433/409 369/424/400
f 369/424/400 37/433/409 36/434/410
f 369/424/400 36/434/410 35/435/411
f 37/433/409 370/432/408 38/436/412
f 38/436/412 370/432/408 371/437/413
f 38/436/412 371/437/413 39/438/414
f 39/438/414 371/437/413 372/439/415
f 39/438/414 372/439/415 40/440/416
f 40/440/416 372/439/415 373/441/417
f 40/440/416 373/441/417 41/442/418
f 41/442/418 373/441/417 374/443/419
f 41/442/418 374/443/419 42/444/420
f 42/444/420 374/443/419 375/445/421
f 42/444/420 375/445/421 118/446/422
f 118/446/422 375/445/421 122/300/276
f 122/300/276 375/445/421 376/447/423
f 122/300/276 376/447/423 377/448/424
f 377/448/424 378/449/425 122/300/276
f 122/300/276 378/449/425 379/450/426
f 122/300/276 379/450/426 380/451/427
f 380/451/427 381/306/282 122/300/276
f 388/346/322 389/340/316 250/342/318
f 115/288/264 98/326/302 116/452/428
f 116/452/428 98/326/302 96/453/429
f 116/452/428 96/453/429 95/454/430
f 95/454/430 94/455/431 116/452/428
f 116/452/428 94/455/431 93/456/432
f 116/452/428 93/456/432 92/457/433
f 92/457/433 91/458/434 116/452/428
f 116/452/428 91/458/434 18/459/435
f 116/452/428 18/459/435 17/460/436
f 91/458/434 90/461/437 18/459/435
f 18/459/435 90/461/437 89/462/438
f 18/459/435 89/462/438 19/463/439
f 19/463/439 89/462/438 88/464/440
f 19/463/439 88/464/440 78/465/441
f 76/466/442 22/467/443 78/465/441
f 78/465/441 22/467/443 21/468/444
f 78/465/441 21/468/444 20/469/445
f 22/467/443 76/466/442 24/470/446
f 24/470/446 76/466/442 75/471/447
f 24/470/446 75/471/447 74/472/448
f 74/472/448 73/473/449 24/470/446
f 24/470/446 73/473/449 34/474/450
f 34/474/450 73/473/449 35/435/411
f 35/435/411 73/473/449 369/424/400
f 73/473/449 72/475/451 369/424/400
f 369/424/400 72/475/451 71/476/452
f 369/424/400 71/476/452 70/477/453
f 70/477/453 69/478/454 369/424/400
f 369/424/400 69/478/454 68/479/455
f 369/424/400 68/479/455 58/425/401
f 4/480/456 3/481/457 118/446/422
f 118/446/422 3/481/457 54/482/458
f 118/446/422 54/482/458 53/483/459
f 53/483/459 52/484/460 118/446/422
f 118/446/422 52/484/460 51/485/461
f 118/446/422 51/485/461 50/486/462
f 50/486/462 44/487/463 118/446/422
f 118/446/422 44/487/463 42/444/420
f 20/469/445 19/463/439 78/465/441
f 17/460/436 16/488/464 116/452/428
f 116/452/428 16/488/464 15/489/465
f 116/452/428 15/489/465 14/490/466
f 14/490/466 4/480/456 116/452/428
f 116/452/428 4/480/456 118/446/422
f 423/491/467 397/492/468 112/493/469
f 112/493/469 397/492/468 398/494/470
f 112/493/469 398/494/470 119/495/471
f 119/495/471 398/494/470 399/496/472
f 119/495/471 399/496/472 400/497/473
f 400/497/473 401/498/474 119/495/471
f 119/495/471 401/498/474 402/499/475
f 119/495/471 402/499/475 403/500/476
f 404/501/477 545/502/478 403/500/476
f 403/500/476 545/502/478 546/503/479
f 403/500/476 546/503/479 547/504/480
f 405/505/481 543/506/482 404/501/477
f 404/501/477 543/506/482 544/507/483
f 404/501/477 544/507/483 545/502/478
f 405/505/481 406/508/484 543/506/482
f 543/506/482 406/508/484 407/509/485
f 543/506/482 407/509/485 542/510/486
f 542/510/486 407/509/485 408/511/487
f 542/510/486 408/511/487 541/512/488
f 541/512/488 408/511/487 540/513/489
f 540/513/489 408/511/487 539/514/490
f 539/514/490 408/511/487 409/515/491
f 539/514/490 409/515/491 410/516/492
f 539/514/490 410/516/492 424/517/493
f 424/517/493 410/516/492 411/518/494
f 424/517/493 411/518/494 450/519/495
f 450/519/495 411/518/494 412/520/496
f 450/519/495 412/520/496 449/521/497
f 449/521/497 412/520/496 413/522/498
f 449/521/497 413/522/498 448/523/499
f 448/523/499 413/522/498 414/524/500
f 448/523/499 414/524/500 447/525/501
f 447/525/501 414/524/500 415/526/502
f 447/525/501 415/526/502 446/527/503
f 446/527/503 415/526/502 416/528/504
f 446/527/503 416/528/504 445/529/505
f 445/529/505 416/528/504 417/530/506
f 445/529/505 417/530/506 112/493/469
f 112/493/469 417/530/506 418/531/507
f 112/493/469 418/531/507 419/532/508
f 419/532/508 420/533/509 112/493/469
f 112/493/469 420/533/509 421/534/510
f 112/493/469 421/534/510 422/535/511
f 422/535/511 423/491/467 112/493/469
f 425/536/512 533/537/513 424/517/493
f 424/517/493 533/537/513 534/538/514
f 424/517/493 534/538/514 535/539/515
f 533/537/513 425/536/512 532/540/516
f 532/540/516 425/536/512 426/541/517
f 532/540/516 426/541/517 427/542/518
f 427/542/518 428/543/519 532/540/516
f 532/540/516 428/543/519 429/544/520
f 532/540/516 429/544/520 430/545/521
f 430/545/521 431/546/522 532/540/516
f 532/540/516 431/546/522 572/547/523
f 532/540/516 572/547/523 573/548/524
f 432/549/525 570/550/526 431/546/522
f 431/546/522 570/550/526 571/551/527
f 431/546/522 571/551/527 572/547/523
f 432/549/525 433/552/528 570/550/526
f 570/550/526 433/552/528 434/553/529
f 570/550/526 434/553/529 569/554/530
f 569/554/530 434/553/529 435/555/531
f 569/554/530 435/555/531 568/556/532
f 568/556/532 435/555/531 567/557/533
f 567/557/533 435/555/531 566/558/534
f 566/558/534 435/555/531 436/559/535
f 566/558/534 436/559/535 437/560/536
f 566/558/534 437/560/536 667/561/537
f 667/561/537 437/560/536 438/562/538
f 667/561/537 438/562/538 439/563/539
f 439/563/539 440/564/540 667/561/537
f 667/561/537 440/564/540 441/565/541
f 667/561/537 441/565/541 442/566/542
f 667/561/537 442/566/542 111/567/543
f 111/567/543 442/566/542 443/568/544
f 111/567/543 443/568/544 444/569/545
f 444/569/545 445/529/505 111/567/543
f 111/567/543 445/529/505 112/493/469
f 477/570/546 451/571/547 667/561/537
f 667/561/537 451/571/547 452/572/548
f 667/561/537 452/572/548 120/573/549
f 120/573/549 452/572/548 453/574/550
f 120/573/549 453/574/550 454/575/551
f 454/575/551 455/576/552 120/573/549
f 120/573/549 455/576/552 456/577/553
f 120/573/549 456/577/553 457/578/554
f 458/579/555 599/580/556 457/578/554
f 457/578/554 599/580/556 600/581/557
f 457/578/554 600/581/557 601/582/558
f 459/583/559 597/584/560 458/579/555
f 458/579/555 597/584/560 598/585/561
f 458/579/555 598/585/561 599/580/556
f 459/583/559 460/586/562 597/584/560
f 597/584/560 460/586/562 461/587/563
f 597/584/560 461/587/563 596/588/564
f 596/588/564 461/587/563 462/589/565
f 596/588/564 462/589/565 595/590/566
f 595/590/566 462/589/565 594/591/567
f 594/591/567 462/589/565 593/592/568
f 593/592/568 462/589/565 463/593/569
f 593/592/568 463/593/569 464/594/570
f 593/592/568 464/594/570 478/595/571
f 478/595/571 464/594/570 465/596/572
f 478/595/571 465/596/572 504/597/573
f 504/597/573 465/596/572 466/598/574
f 504/597/573 466/598/574 503/599/575
f 503/599/575 466/598/574 467/600/576
f 503/599/575 467/600/576 502/601/577
f 502/601/577 467/600/576 468/602/578
f 502/601/577 468/602/578 501/603/579
f 501/603/579 468/602/578 469/604/580
f 501/603/579 469/604/580 500/605/581
f 500/605/581 469/604/580 470/606/582
f 500/605/581 470/606/582 499/607/583
f 499/607/583 470/606/582 471/608/584
f 499/607/583 471/608/584 111/567/543
f 111/567/543 471/608/584 472/609/585
f 111/567/543 472/609/585 473/610/586
f 111/567/543 473/610/586 667/561/537
f 667/561/537 473/610/586 474/611/587
f 667/561/537 474/611/587 475/612/588
f 475/612/588 476/613/589 667/561/537
f 667/561/537 476/613/589 477/570/546
f 479/614/590 587/615/591 478/595/571
f 478/595/571 587/615/591 588/616/592
f 478/595/571 588/616/592 589/617/593
f 587/615/591 479/614/590 586/618/594
f 586/618/594 479/614/590 480/619/595
f 586/618/594 480/619/595 481/620/596
f 481/620/596 482/621/597 586/618/594
f 586/618/594 482/621/597 483/622/598
f 586/618/594 483/622/598 484/623/599
f 484/623/599 485/624/600 586/618/594
f 586/618/594 485/624/600 626/625/601
f 586/618/594 626/625/601 627/626/602
f 486/627/603 624/628/604 485/624/600
f 485/624/600 624/628/604 625/629/605
f 485/624/600 625/629/605 626/625/601
f 486/627/603 487/630/606 624/628/604
f 624/628/604 487/630/606 488/631/607
f 624/628/604 488/631/607 623/632/608
f 623/632/608 488/631/607 489/633/609
f 623/632/608 489/633/609 622/634/610
f 622/634/610 489/633/609 621/635/611
f 621/635/611 489/633/609 620/636/612
f 620/636/612 489/633/609 490/637/613
f 620/636/612 490/637/613 491/638/614
f 492/639/615 668/640/616 491/638/614
f 491/638/614 668/640/616 619/641/617
f 491/638/614 619/641/617 620/636/612
f 492/639/615 493/642/618 668/640/616
f 668/640/616 493/642/618 494/643/619
f 668/640/616 494/643/619 495/644/620
f 495/644/620 496/645/621 668/640/616
f 668/640/616 496/645/621 110/646/622
f 668/640/616 110/646/622 527/647/623
f 527/647/623 110/646/622 526/648/624
f 526/648/624 110/646/622 525/649/625
f 525/649/625 110/646/622 97/650/626
f 525/649/625 97/650/626 524/651/627
f 524/651/627 97/650/626 103/652/628
f 524/651/627 103/652/628 523/653/629
f 523/653/629 103/652/628 102/654/630
f 523/653/629 102/654/630 522/655/631
f 522/655/631 102/654/630 101/656/632
f 522/655/631 101/656/632 521/657/633
f 521/657/633 101/656/632 100/658/634
f 521/657/633 100/658/634 520/659/635
f 520/659/635 100/658/634 99/660/636
f 520/659/635 99/660/636 519/661/637
f 519/661/637 99/660/636 56/662/638
f 519/661/637 56/662/638 518/663/639
f 518/663/639 56/662/638 647/664/640
f 518/663/639 647/664/640 517/665/641
f 517/665/641 647/664/640 516/666/642
f 516/666/642 647/664/640 648/667/643
f 516/666/642 648/667/643 649/668/644
f 496/645/621 497/669/645 110/646/622
f 110/646/622 497/669/645 498/670/646
f 110/646/622 498/670/646 499/607/583
f 531/671/647 505/672/648 668/640/616
f 668/640/616 505/672/648 506/673/649
f 668/640/616 506/673/649 121/674/650
f 121/674/650 506/673/649 507/675/651
f 121/674/650 507/675/651 508/676/652
f 508/676/652 509/677/653 121/674/650
f 121/674/650 509/677/653 510/678/654
f 121/674/650 510/678/654 511/679/655
f 512/680/656 653/681/657 511/679/655
f 511/679/655 653/681/657 654/682/658
f 511/679/655 654/682/658 655/683/659
f 513/684/660 651/685/661 512/680/656
f 512/680/656 651/685/661 652/686/662
f 512/680/656 652/686/662 653/681/657
f 513/684/660 514/687/663 651/685/661
f 651/685/661 514/687/663 515/688/664
f 651/685/661 515/688/664 650/689/665
f 650/689/665 515/688/664 516/666/642
f 650/689/665 516/666/642 649/668/644
f 527/647/623 528/690/666 668/640/616
f 668/640/616 528/690/666 529/691/667
f 668/640/616 529/691/667 530/692/668
f 530/692/668 531/671/647 668/640/616
f 535/539/515 536/693/669 424/517/493
f 424/517/493 536/693/669 537/694/670
f 424/517/493 537/694/670 538/695/671
f 538/695/671 539/514/490 424/517/493
f 403/500/476 547/504/480 119/495/471
f 119/495/471 547/504/480 548/696/672
f 119/495/471 548/696/672 549/697/673
f 549/697/673 550/698/674 119/495/471
f 119/495/471 550/698/674 551/699/675
f 119/495/471 551/699/675 552/700/676
f 552/700/676 553/701/677 119/495/471
f 119/495/471 553/701/677 120/573/549
f 120/573/549 553/701/677 579/702/678
f 120/573/549 579/702/678 580/703/679
f 579/702/678 553/701/677 578/704/680
f 578/704/680 553/701/677 554/705/681
f 578/704/680 554/705/681 577/706/682
f 577/706/682 554/705/681 555/707/683
f 577/706/682 555/707/683 576/708/684
f 576/708/684 555/707/683 556/709/685
f 576/708/684 556/709/685 575/710/686
f 575/710/686 556/709/685 557/711/687
f 575/710/686 557/711/687 574/712/688
f 574/712/688 557/711/687 558/713/689
f 574/712/688 558/713/689 573/548/524
f 573/548/524 558/713/689 532/540/516
f 585/714/690 559/715/691 120/573/549
f 120/573/549 559/715/691 560/716/692
f 120/573/549 560/716/692 667/561/537
f 667/561/537 560/716/692 561/717/693
f 667/561/537 561/717/693 562/718/694
f 562/718/694 563/719/695 667/561/537
f 667/561/537 563/719/695 564/720/696
f 667/561/537 564/720/696 565/721/697
f 565/721/697 566/558/534 667/561/537
f 580/703/679 581/722/698 120/573/549
f 120/573/549 581/722/698 582/723/699
f 120/573/549 582/723/699 583/724/700
f 583/724/700 584/725/701 120/573/549
f 120/573/549 584/725/701 585/714/690
f 589/617/593 590/726/702 478/595/571
f 478/595/571 590/726/702 591/727/703
f 478/595/571 591/727/703 592/728/704
f 592/728/704 593/592/568 478/595/571
f 457/578/554 601/582/558 120/573/549
f 120/573/549 601/582/558 602/729/705
f 120/573/549 602/729/705 603/730/706
f 603/730/706 604/731/707 120/573/549
f 120/573/549 604/731/707 605/732/708
f 120/573/549 605/732/708 606/733/709
f 606/733/709 607/734/710 120/573/549
f 120/573/549 607/734/710 121/674/650
f 121/674/650 607/734/710 633/735/711
f 121/674/650 633/735/711 634/736/712
f 633/735/711 607/734/710 632/737/713
f 632/737/713 607/734/710 608/738/714
f 632/737/713 608/738/714 631/739/715
f 631/739/715 608/738/714 609/740/716
f 631/739/715 609/740/716 630/741/717
f 630/741/717 609/740/716 610/742/718
f 630/741/717 610/742/718 629/743/719
f 629/743/719 610/742/718 611/744/720
f 629/743/719 611/744/720 628/745/721
f 628/745/721 611/744/720 612/746/722
f 628/745/721 612/746/722 627/626/602
f 627/626/602 612/746/722 586/618/594
f 639/747/723 613/748/724 121/674/650
f 121/674/650 613/748/724 614/749/725
f 121/674/650 614/749/725 668/640/616
f 668/640/616 614/749/725 615/750/726
f 668/640/616 615/750/726 616/751/727
f 616/751/727 617/752/728 668/640/616
f 668/640/616 617/752/728 618/753/729
f 668/640/616 618/753/729 619/641/617
f 634/736/712 635/754/730 121/674/650
f 121/674/650 635/754/730 636/755/731
f 121/674/650 636/755/731 637/756/732
f 637/756/732 638/757/733 121/674/650
f 121/674/650 638/757/733 639/747/723
f 641/758/734 55/759/735 640/760/736
f 640/760/736 55/759/735 67/761/737
f 640/760/736 67/761/737 66/762/738
f 55/759/735 641/758/734 56/662/638
f 56/662/638 641/758/734 642/763/739
f 56/662/638 642/763/739 643/764/740
f 643/764/740 644/765/741 56/662/638
f 56/662/638 644/765/741 645/766/742
f 56/662/638 645/766/742 646/767/743
f 646/767/743 647/664/640 56/662/638
f 511/679/655 655/683/659 121/674/650
f 121/674/650 655/683/659 656/768/744
f 121/674/650 656/768/744 657/769/745
f 657/769/745 658/770/746 121/674/650
f 121/674/650 658/770/746 659/771/747
f 121/674/650 659/771/747 660/772/748
f 660/772/748 661/773/749 121/674/650
f 121/674/650 661/773/749 117/774/750
f 117/774/750 661/773/749 25/775/751
f 117/774/750 25/775/751 43/776/752
f 25/775/751 661/773/749 26/777/753
f 26/777/753 661/773/749 662/778/754
f 26/777/753 662/778/754 27/779/755
f 27/779/755 662/778/754 663/780/756
f 27/779/755 663/780/756 28/781/757
f 28/781/757 663/780/756 664/782/758
f 28/781/757 664/782/758 29/783/759
f 29/783/759 664/782/758 665/784/760
f 29/783/759 665/784/760 30/785/761
f 30/785/761 665/784/760 666/786/762
f 30/785/761 666/786/762 31/787/763
f 31/787/763 666/786/762 640/760/736
f 31/787/763 640/760/736 32/788/764
f 32/788/764 640/760/736 62/789/765
f 32/788/764 62/789/765 33/790/766
f 33/790/766 62/789/765 23/791/767
f 23/791/767 62/789/765 61/792/768
f 23/791/767 61/792/768 60/793/769
f 66/762/738 65/794/770 640/760/736
f 640/760/736 65/794/770 64/795/771
f 640/760/736 64/795/771 63/796/772
f 63/796/772 62/789/765 640/760/736
f 60/793/769 59/797/773 23/791/767
f 23/791/767 59/797/773 5/798/774
f 5/798/774 59/797/773 77/799/775
f 5/798/774 77/799/775 6/800/776
f 6/800/776 77/799/775 7/801/777
f 7/801/777 77/799/775 8/802/778
f 8/802/778 77/799/775 87/803/779
f 8/802/778 87/803/779 86/804/780
f 8/802/778 86/804/780 9/805/781
f 9/805/781 86/804/780 85/806/782
f 9/805/781 85/806/782 84/807/783
f 9/805/781 84/807/783 109/808/784
f 109/808/784 84/807/783 83/809/785
f 109/808/784 83/809/785 82/810/786
f 82/810/786 81/811/787 109/808/784
f 109/808/784 81/811/787 80/812/788
f 109/808/784 80/812/788 79/813/789
f 79/813/789 97/650/626 109/808/784
f 109/808/784 97/650/626 110/646/622
f 43/776/752 49/814/790 117/774/750
f 117/774/750 49/814/790 48/815/791
f 117/774/750 48/815/791 47/816/792
f 47/816/792 46/817/793 117/774/750
f 117/774/750 46/817/793 45/818/794
f 117/774/750 45/818/794 2/819/795
f 2/819/795 1/820/796 117/774/750
f 117/774/750 1/820/796 109/808/784
f 109/808/784 1/820/796 13/821/797
f 109/808/784 13/821/797 12/822/798
f 12/822/798 11/823/799 109/808/784
f 109/808/784 11/823/799 10/824/800
f 109/808/784 10/824/800 9/805/781
f 111/567/543 110/646/622 499/607/583
f 641/825/801 640/826/802 368/827/803
f 368/827/803 640/826/802 369/828/804
f 386/829/805 650/830/806 387/831/807
f 387/831/807 650/830/806 649/832/808
f 387/831/807 649/832/808 388/833/809
f 388/833/809 649/832/808 648/834/810
f 388/833/809 648/834/810 389/835/811
f 389/835/811 648/834/810 647/836/812
f 389/835/811 647/836/812 390/837/813
f 390/837/813 647/836/812 646/838/814
f 390/837/813 646/838/814 391/839/815
f 391/839/815 646/838/814 645/840/816
f 391/839/815 645/840/816 392/841/817
f 392/841/817 645/840/816 644/842/818
f 392/841/817 644/842/818 393/843/819
f 393/843/819 644/842/818 643/844/820
f 393/843/819 643/844/820 394/845/821
f 394/845/821 643/844/820 642/846/822
f 394/845/821 642/846/822 368/847/803
f 368/847/803 642/846/822 641/848/801
f 651/849/823 650/850/806 385/851/824
f 385/851/824 650/850/806 386/852/805
f 376/853/825 660/854/826 377/855/827
f 377/855/827 660/854/826 659/856/828
f 377/855/827 659/856/828 378/857/829
f 378/857/829 659/856/828 658/858/830
f 378/857/829 658/858/830 379/859/831
f 379/859/831 658/858/830 657/860/832
f 379/859/831 657/860/832 380/861/833
f 380/861/833 657/860/832 656/862/834
f 380/861/833 656/862/834 381/863/835
f 381/863/835 656/862/834 655/864/836
f 381/863/835 655/864/836 382/865/837
f 382/865/837 655/864/836 654/866/838
f 382/865/837 654/866/838 383/867/839
f 383/867/839 654/866/838 653/868/840
f 383/867/839 653/868/840 384/869/841
f 384/869/841 653/868/840 652/870/842
f 384/869/841 652/870/842 385/871/824
f 385/871/824 652/870/842 651/872/823
f 661/873/843 660/874/826 375/875/844
f 375/875/844 660/874/826 376/876/825
f 369/877/804 640/878/802 370/879/845
f 370/879/845 640/878/802 666/880/846
f 370/879/845 666/880/846 371/881/847
f 371/881/847 666/880/846 665/882/848
f 371/881/847 665/882/848 372/883/849
f 372/883/849 665/882/848 664/884/850
f 372/883/849 664/884/850 373/885/851
f 373/885/851 664/884/850 663/886/852
f 373/885/851 663/886/852 374/887/853
f 374/887/853 663/886/852 662/888/854
f 374/887/853 662/888/854 375/889/844
f 375/889/844 662/888/854 661/890/843
f 614/891/855 613/892/856 341/893/857
f 341/893/857 613/892/856 342/894/858
f 359/895/859 623/896/860 360/897/861
f 360/897/861 623/896/860 622/898/862
f 360/897/861 622/898/862 361/899/863
f 361/899/863 622/898/862 621/900/864
f 361/899/863 621/900/864 362/901/865
f 362/901/865 621/900/864 620/902/866
f 362/901/865 620/902/866 363/903/867
f 363/903/867 620/902/866 619/904/868
f 363/903/867 619/904/868 364/905/869
f 364/905/869 619/904/868 618/906/870
f 364/905/869 618/906/870 365/907/871
f 365/907/871 618/906/870 617/908/872
f 365/907/871 617/908/872 366/909/873
f 366/909/873 617/908/872 616/910/874
f 366/909/873 616/910/874 367/911/875
f 367/911/875 616/910/874 615/912/876
f 367/911/875 615/912/876 341/913/857
f 341/913/857 615/912/876 614/914/855
f 624/915/877 623/916/860 358/917/878
f 358/917/878 623/916/860 359/918/859
f 349/919/879 633/920/880 350/921/881
f 350/921/881 633/920/880 632/922/882
f 350/921/881 632/922/882 351/923/883
f 351/923/883 632/922/882 631/924/884
f 351/923/883 631/924/884 352/925/885
f 352/925/885 631/924/884 630/926/886
f 352/925/885 630/926/886 353/927/887
f 353/927/887 630/926/886 629/928/888
f 353/927/887 629/928/888 354/929/889
f 354/929/889 629/928/888 628/930/890
f 354/929/889 628/930/890 355/931/891
f 355/931/891 628/930/890 627/932/892
f 355/931/891 627/932/892 356/933/893
f 356/933/893 627/932/892 626/934/894
f 356/933/893 626/934/894 357/935/895
f 357/935/895 626/934/894 625/936/896
f 357/935/895 625/936/896 358/937/878
f 358/937/878 625/936/896 624/938/877
f 634/939/897 633/940/880 348/941/898
f 348/941/898 633/940/880 349/942/879
f 342/943/858 613/944/856 343/945/899
f 343/945/899 613/944/856 639/946/900
f 343/945/899 639/946/900 344/947/901
f 344/947/901 639/946/900 638/948/902
f 344/947/901 638/948/902 345/949/903
f 345/949/903 638/948/902 637/950/904
f 345/949/903 637/950/904 346/951/905
f 346/951/905 637/950/904 636/952/906
f 346/951/905 636/952/906 347/953/907
f 347/953/907 636/952/906 635/954/908
f 347/953/907 635/954/908 348/955/898
f 348/955/898 635/954/908 634/956/897
f 587/957/909 586/958/910 314/959/911
f 314/959/911 586/958/910 315/960/912
f 332/961/913 596/962/914 333/963/915
f 333/963/915 596/962/914 595/964/916
f 333/963/915 595/964/916 334/965/917
f 334/965/917 595/964/916 594/966/918
f 334/965/917 594/966/918 335/967/919
f 335/967/919 594/966/918 593/968/920
f 335/967/919 593/968/920 336/969/921
f 336/969/921 593/968/920 592/970/922
f 336/969/921 592/970/922 337/971/923
f 337/971/923 592/970/922 591/972/924
f 337/971/923 591/972/924 338/973/925
f 338/973/925 591/972/924 590/974/926
f 338/973/925 590/974/926 339/975/927
f 339/975/927 590/974/926 589/976/928
f 339/975/927 589/976/928 340/977/929
f 340/977/929 589/976/928 588/978/930
f 340/977/929 588/978/930 314/979/911
f 314/979/911 588/978/930 587/980/909
f 597/981/931 596/982/914 331/983/932
f 331/983/932 596/982/914 332/984/913
f 322/985/933 606/986/934 323/987/935
f 323/987/935 606/986/934 605/988/936
f 323/987/935 605/988/936 324/989/937
f 324/989/937 605/988/936 604/990/938
f 324/989/937 604/990/938 325/991/939
f 325/991/939 604/990/938 603/992/940
f 325/991/939 603/992/940 326/993/941
f 326/993/941 603/992/940 602/994/942
f 326/993/941 602/994/942 327/995/943
f 327/995/943 602/994/942 601/996/944
f 327/995/943 601/996/944 328/997/945
f 328/997/945 601/996/944 600/998/946
f 328/997/945 600/998/946 329/999/947
f 329/999/947 600/998/946 599/1000/948
f 329/999/947 599/1000/948 330/1001/949
f 330/1001/949 599/1000/948 598/1002/950
f 330/1001/949 598/1002/950 331/1003/932
f 331/1003/932 598/1002/950 597/1004/931
f 607/1005/951 606/1006/934 321/1007/952
f 321/1007/952 606/1006/934 322/1008/933
f 315/1009/912 586/1010/910 316/1011/953
f 316/1011/953 586/1010/910 612/1012/954
f 316/1011/953 612/1012/954 317/1013/955
f 317/1013/955 612/1012/954 611/1014/956
f 317/1013/955 611/1014/956 318/1015/957
f 318/1015/957 611/1014/956 610/1016/958
f 318/1015/957 610/1016/958 319/1017/959
f 319/1017/959 610/1016/958 609/1018/960
f 319/1017/959 609/1018/960 320/1019/961
f 320/1019/961 609/1018/960 608/1020/962
f 320/1019/961 608/1020/962 321/1021/952
f 321/1021/952 608/1020/962 607/1022/951
f 560/1023/963 559/1024/964 287/1025/965
f 287/1025/965 559/1024/964 288/1026/966
f 305/1027/967 569/1028/968 306/1029/969
f 306/1029/969 569/1028/968 568/1030/970
f 306/1029/969 568/1030/970 307/1031/971
f 307/1031/971 568/1030/970 567/1032/972
f 307/1031/971 567/1032/972 308/1033/973
f 308/1033/973 567/1032/972 566/1034/974
f 308/1033/973 566/1034/974 309/1035/975
f 309/1035/975 566/1034/974 565/1036/976
f 309/1035/975 565/1036/976 310/1037/977
f 310/1037/977 565/1036/976 564/1038/978
f 310/1037/977 564/1038/978 311/1039/979
f 311/1039/979 564/1038/978 563/1040/980
f 311/1039/979 563/1040/980 312/1041/981
f 312/1041/981 563/1040/980 562/1042/982
f 312/1041/981 562/1042/982 313/1043/983
f 313/1043/983 562/1042/982 561/1044/984
f 313/1043/983 561/1044/984 287/1045/965
f 287/1045/965 561/1044/984 560/1046/963
f 570/1047/985 569/1048/968 304/1049/986
f 304/1049/986 569/1048/968 305/1050/967
f 295/1051/987 579/1052/988 296/1053/989
f 296/1053/989 579/1052/988 578/1054/990
f 296/1053/989 578/1054/990 297/1055/991
f 297/1055/991 578/1054/990 577/1056/992
f 297/1055/991 577/1056/992 298/1057/993
f 298/1057/993 577/1056/992 576/1058/994
f 298/1057/993 576/1058/994 299/1059/995
f 299/1059/995 576/1058/994 575/1060/996
f 299/1059/995 575/1060/996 300/1061/997
f 300/1061/997 575/1060/996 574/1062/998
f 300/1061/997 574/1062/998 301/1063/999
f 301/1063/999 574/1062/998 573/1064/1000
f 301/1063/999 573/1064/1000 302/1065/1001
f 302/1065/1001 573/1064/1000 572/1066/1002
f 302/1065/1001 572/1066/1002 303/1067/1003
f 303/1067/1003 572/1066/1002 571/1068/1004
f 303/1067/1003 571/1068/1004 304/1069/986
f 304/1069/986 571/1068/1004 570/1070/985
f 580/1071/1005 579/1072/988 294/1073/1006
f 294/1073/1006 579/1072/988 295/1074/987
f 288/1075/966 559/1076/964 289/1077/1007
f 289/1077/1007 559/1076/964 585/1078/1008
f 289/1077/1007 585/1078/1008 290/1079/1009
f 290/1079/1009 585/1078/1008 584/1080/1010
f 290/1079/1009 584/1080/1010 291/1081/1011
f 291/1081/1011 584/1080/1010 583/1082/1012
f 291/1081/1011 583/1082/1012 292/1083/1013
f 292/1083/1013 583/1082/1012 582/1084/1014
f 292/1083/1013 582/1084/1014 293/1085/1015
f 293/1085/1015 582/1084/1014 581/1086/1016
f 293/1085/1015 581/1086/1016 294/1087/1006
f 294/1087/1006 581/1086/1016 580/1088/1005
f 533/1089/1017 532/1090/1018 260/1091/1019
f 260/1091/1019 532/1090/1018 261/1092/1020
f 278/1093/1021 542/1094/1022 279/1095/1023
f 279/1095/1023 542/1094/1022 541/1096/1024
f 279/1095/1023 541/1096/1024 280/1097/1025
f 280/1097/1025 541/1096/1024 540/1098/1026
f 280/1097/1025 540/1098/1026 281/1099/1027
f 281/1099/1027 540/1098/1026 539/1100/1028
f 281/1099/1027 539/1100/1028 282/1101/1029
f 282/1101/1029 539/1100/1028 538/1102/1030
f 282/1101/1029 538/1102/1030 283/1103/1031
f 283/1103/1031 538/1102/1030 537/1104/1032
f 283/1103/1031 537/1104/1032 284/1105/1033
f 284/1105/1033 537/1104/1032 536/1106/1034
f 284/1105/1033 536/1106/1034 285/1107/1035
f 285/1107/1035 536/1106/1034 535/1108/1036
f 285/1107/1035 535/1108/1036 286/1109/1037
f 286/1109/1037 535/1108/1036 534/1110/1038
f 286/1109/1037 534/1110/1038 260/1111/1019
f 260/1111/1019 534/1110/1038 533/1112/1017
f 543/1113/1039 542/1114/1022 277/1115/1040
f 277/1115/1040 542/1114/1022 278/1116/1021
f 268/1117/1041 552/1118/1042 269/1119/1043
f 269/1119/1043 552/1118/1042 551/1120/1044
f 269/1119/1043 551/1120/1044 270/1121/1045
f 270/1121/1045 551/1120/1044 550/1122/1046
f 270/1121/1045 550/1122/1046 271/1123/1047
f 271/1123/1047 550/1122/1046 549/1124/1048
f 271/1123/1047 549/1124/1048 272/1125/1049
f 272/1125/1049 549/1124/1048 548/1126/1050
f 272/1125/1049 548/1126/1050 273/1127/1051
f 273/1127/1051 548/1126/1050 547/1128/1052
f 273/1127/1051 547/1128/1052 274/1129/1053
f 274/1129/1053 547/1128/1052 546/1130/1054
f 274/1129/1053 546/1130/1054 275/1131/1055
f 275/1131/1055 546/1130/1054 545/1132/1056
f 275/1131/1055 545/1132/1056 276/1133/1057
f 276/1133/1057 545/1132/1056 544/1134/1058
f 276/1133/1057 544/1134/1058 277/1135/1040
f 277/1135/1040 544/1134/1058 543/1136/1039
f 553/1137/1059 552/1138/1042 267/1139/1060
f 267/1139/1060 552/1138/1042 268/1140/1041
f 261/1141/1020 532/1142/1018 262/1143/1061
f 262/1143/1061 532/1142/1018 558/1144/1062
f 262/1143/1061 558/1144/1062 263/1145/1063
f 263/1145/1063 558/1144/1062 557/1146/1064
f 263/1145/1063 557/1146/1064 264/1147/1065
f 264/1147/1065 557/1146/1064 556/1148/1066
f 264/1147/1065 556/1148/1066 265/1149/1067
f 265/1149/1067 556/1148/1066 555/1150/1068
f 265/1149/1067 555/1150/1068 266/1151/1069
f 266/1151/1069 555/1150/1068 554/1152/1070
f 266/1151/1069 554/1152/1070 267/1153/1060
f 267/1153/1060 554/1152/1070 553/1154/1059
f 506/1155/1071 505/1156/1072 233/1157/1073
f 233/1157/1073 505/1156/1072 234/1158/1074
f 251/1159/1075 515/1160/1076 252/1161/1077
f 252/1161/1077 515/1160/1076 514/1162/1078
f 252/1161/1077 514/1162/1078 253/1163/1079
f 253/1163/1079 514/1162/1078 513/1164/1080
f 253/1163/1079 513/1164/1080 254/1165/1081
f 254/1165/1081 513/1164/1080 512/1166/1082
f 254/1165/1081 512/1166/1082 255/1167/1083
f 255/1167/1083 512/1166/1082 511/1168/1084
f 255/1167/1083 511/1168/1084 256/1169/1085
f 256/1169/1085 511/1168/1084 510/1170/1086
f 256/1169/1085 510/1170/1086 257/1171/1087
f 257/1171/1087 510/1170/1086 509/1172/1088
f 257/1171/1087 509/1172/1088 258/1173/1089
f 258/1173/1089 509/1172/1088 508/1174/1090
f 258/1173/1089 508/1174/1090 259/1175/1091
f 259/1175/1091 508/1174/1090 507/1176/1092
f 259/1175/1091 507/1176/1092 233/1177/1073
f 233/1177/1073 507/1176/1092 506/1178/1071
f 516/1179/1093 515/1180/1076 250/1181/1094
f 250/1181/1094 515/1180/1076 251/1182/1075
f 241/1183/1095 525/1184/1096 242/1185/1097
f 242/1185/1097 525/1184/1096 524/1186/1098
f 242/1185/1097 524/1186/1098 243/1187/1099
f 243/1187/1099 524/1186/1098 523/1188/1100
f 243/1187/1099 523/1188/1100 244/1189/1101
f 244/1189/1101 523/1188/1100 522/1190/1102
f 244/1189/1101 522/1190/1102 245/1191/1103
f 245/1191/1103 522/1190/1102 521/1192/1104
f 245/1191/1103 521/1192/1104 246/1193/1105
f 246/1193/1105 521/1192/1104 520/1194/1106
f 246/1193/1105 520/1194/1106 247/1195/1107
f 247/1195/1107 520/1194/1106 519/1196/1108
f 247/1195/1107 519/1196/1108 248/1197/1109
f 248/1197/1109 519/1196/1108 518/1198/1110
f 248/1197/1109 518/1198/1110 249/1199/1111
f 249/1199/1111 518/1198/1110 517/1200/1112
f 249/1199/1111 517/1200/1112 250/1201/1094
f 250/1201/1094 517/1200/1112 516/1202/1093
f 526/1203/1113 525/1204/1096 240/1205/1114
f 240/1205/1114 525/1204/1096 241/1206/1095
f 234/1207/1074 505/1208/1072 235/1209/1115
f 235/1209/1115 505/1208/1072 531/1210/1116
f 235/1209/1115 531/1210/1116 236/1211/1117
f 236/1211/1117 531/1210/1116 530/1212/1118
f 236/1211/1117 530/1212/1118 237/1213/1119
f 237/1213/1119 530/1212/1118 529/1214/1120
f 237/1213/1119 529/1214/1120 238/1215/1121
f 238/1215/1121 529/1214/1120 528/1216/1122
f 238/1215/1121 528/1216/1122 239/1217/1123
f 239/1217/1123 528/1216/1122 527/1218/1124
f 239/1217/1123 527/1218/1124 240/1219/1114
f 240/1219/1114 527/1218/1124 526/1220/1113
f 479/1221/1125 478/1222/1126 206/1223/1127
f 206/1223/1127 478/1222/1126 207/1224/1128
f 224/1225/1129 488/1226/1130 225/1227/1131
f 225/1227/1131 488/1226/1130 487/1228/1132
f 225/1227/1131 487/1228/1132 226/1229/1133
f 226/1229/1133 487/1228/1132 486/1230/1134
f 226/1229/1133 486/1230/1134 227/1231/1135
f 227/1231/1135 486/1230/1134 485/1232/1136
f 227/1231/1135 485/1232/1136 228/1233/1137
f 228/1233/1137 485/1232/1136 484/1234/1138
f 228/1233/1137 484/1234/1138 229/1235/1139
f 229/1235/1139 484/1234/1138 483/1236/1140
f 229/1235/1139 483/1236/1140 230/1237/1141
f 230/1237/1141 483/1236/1140 482/1238/1142
f 230/1237/1141 482/1238/1142 231/1239/1143
f 231/1239/1143 482/1238/1142 481/1240/1144
f 231/1239/1143 481/1240/1144 232/1241/1145
f 232/1241/1145 481/1240/1144 480/1242/1146
f 232/1241/1145 480/1242/1146 206/1243/1127
f 206/1243/1127 480/1242/1146 479/1244/1125
f 489/1245/1147 488/1246/1130 223/1247/1148
f 223/1247/1148 488/1246/1130 224/1248/1129
f 214/1249/1149 498/1250/1150 215/1251/1151
f 215/1251/1151 498/1250/1150 497/1252/1152
f 215/1251/1151 497/1252/1152 216/1253/1153
f 216/1253/1153 497/1252/1152 496/1254/1154
f 216/1253/1153 496/1254/1154 217/1255/1155
f 217/1255/1155 496/1254/1154 495/1256/1156
f 217/1255/1155 495/1256/1156 218/1257/1157
f 218/1257/1157 495/1256/1156 494/1258/1158
f 218/1257/1157 494/1258/1158 219/1259/1159
f 219/1259/1159 494/1258/1158 493/1260/1160
f 219/1259/1159 493/1260/1160 220/1261/1161
f 220/1261/1161 493/1260/1160 492/1262/1162
f 220/1261/1161 492/1262/1162 221/1263/1163
f 221/1263/1163 492/1262/1162 491/1264/1164
f 221/1263/1163 491/1264/1164 222/1265/1165
f 222/1265/1165 491/1264/1164 490/1266/1166
f 222/1265/1165 490/1266/1166 223/1267/1148
f 223/1267/1148 490/1266/1166 489/1268/1147
f 499/1269/1167 498/1270/1150 213/1271/1168
f 213/1271/1168 498/1270/1150 214/1272/1149
f 207/1273/1128 478/1274/1126 208/1275/1169
f 208/1275/1169 478/1274/1126 504/1276/1170
f 208/1275/1169 504/1276/1170 209/1277/1171
f 209/1277/1171 504/1276/1170 503/1278/1172
f 209/1277/1171 503/1278/1172 210/1279/1173
f 210/1279/1173 503/1278/1172 502/1280/1174
f 210/1279/1173 502/1280/1174 211/1281/1175
f 211/1281/1175 502/1280/1174 501/1282/1176
f 211/1281/1175 501/1282/1176 212/1283/1177
f 212/1283/1177 501/1282/1176 500/1284/1178
f 212/1283/1177 500/1284/1178 213/1285/1168
f 213/1285/1168 500/1284/1178 499/1286/1167
f 452/1287/1179 451/1288/1180 179/1289/1181
f 179/1289/1181 451/1288/1180 180/1290/1182
f 197/1291/1183 461/1292/1184 198/1293/1185
f 198/1293/1185 461/1292/1184 460/1294/1186
f 198/1293/1185 460/1294/1186 199/1295/1187
f 199/1295/1187 460/1294/1186 459/1296/1188
f 199/1295/1187 459/1296/1188 200/1297/1189
f 200/1297/1189 459/1296/1188 458/1298/1190
f 200/1297/1189 458/1298/1190 201/1299/1191
f 201/1299/1191 458/1298/1190 457/1300/1192
f 201/1299/1191 457/1300/1192 202/1301/1193
f 202/1301/1193 457/1300/1192 456/1302/1194
f 202/1301/1193 456/1302/1194 203/1303/1195
f 203/1303/1195 456/1302/1194 455/1304/1196
f 203/1303/1195 455/1304/1196 204/1305/1197
f 204/1305/1197 455/1304/1196 454/1306/1198
f 204/1305/1197 454/1306/1198 205/1307/1199
f 205/1307/1199 454/1306/1198 453/1308/1200
f 205/1307/1199 453/1308/1200 179/1309/1181
f 179/1309/1181 453/1308/1200 452/1310/1179
f 462/1311/1201 461/1312/1184 196/1313/1202
f 196/1313/1202 461/1312/1184 197/1314/1183
f 187/1315/1203 471/1316/1204 188/1317/1205
f 188/1317/1205 471/1316/1204 470/1318/1206
f 188/1317/1205 470/1318/1206 189/1319/1207
f 189/1319/1207 470/1318/1206 469/1320/1208
f 189/1319/1207 469/1320/1208 190/1321/1209
f 190/1321/1209 469/1320/1208 468/1322/1210
f 190/1321/1209 468/1322/1210 191/1323/1211
f 191/1323/1211 468/1322/1210 467/1324/1212
f 191/1323/1211 467/1324/1212 192/1325/1213
f 192/1325/1213 467/1324/1212 466/1326/1214
f 192/1325/1213 466/1326/1214 193/1327/1215
f 193/1327/1215 466/1326/1214 465/1328/1216
f 193/1327/1215 465/1328/1216 194/1329/1217
f 194/1329/1217 465/1328/1216 464/1330/1218
f 194/1329/1217 464/1330/1218 195/1331/1219
f 195/1331/1219 464/1330/1218 463/1332/1220
f 195/1331/1219 463/1332/1220 196/1333/1202
f 196/1333/1202 463/1332/1220 462/1334/1201
f 472/1335/1221 471/1336/1204 186/1337/1222
f 186/1337/1222 471/1336/1204 187/1338/1203
f 180/1339/1182 451/1340/1180 181/1341/1223
f 181/1341/1223 451/1340/1180 477/1342/1224
f 181/1341/1223 477/1342/1224 182/1343/1225
f 182/1343/1225 477/1342/1224 476/1344/1226
f 182/1343/1225 476/1344/1226 183/1345/1227
f 183/1345/1227 476/1344/1226 475/1346/1228
f 183/1345/1227 475/1346/1228 184/1347/1229
f 184/1347/1229 475/1346/1228 474/1348/1230
f 184/1347/1229 474/1348/1230 185/1349/1231
f 185/1349/1231 474/1348/1230 473/1350/1232
f 185/1349/1231 473/1350/1232 186/1351/1222
f 186/1351/1222 473/1350/1232 472/1352/1221
f 425/1353/1233 424/1354/1234 152/1355/1235
f 152/1355/1235 424/1354/1234 153/1356/1236
f 170/1357/1237 434/1358/1238 171/1359/1239
f 171/1359/1239 434/1358/1238 433/1360/1240
f 171/1359/1239 433/1360/1240 172/1361/1241
f 172/1361/1241 433/1360/1240 432/1362/1242
f 172/1361/1241 432/1362/1242 173/1363/1243
f 173/1363/1243 432/1362/1242 431/1364/1244
f 173/1363/1243 431/1364/1244 174/1365/1245
f 174/1365/1245 431/1364/1244 430/1366/1246
f 174/1365/1245 430/1366/1246 175/1367/1247
f 175/1367/1247 430/1366/1246 429/1368/1248
f 175/1367/1247 429/1368/1248 176/1369/1249
f 176/1369/1249 429/1368/1248 428/1370/1250
f 176/1369/1249 428/1370/1250 177/1371/1251
f 177/1371/1251 428/1370/1250 427/1372/1252
f 177/1371/1251 427/1372/1252 178/1373/1253
f 178/1373/1253 427/1372/1252 426/1374/1254
f 178/1373/1253 426/1374/1254 152/1375/1235
f 152/1375/1235 426/1374/1254 425/1376/1233
f 435/1377/1255 434/1378/1238 169/1379/1256
f 169/1379/1256 434/1378/1238 170/1380/1237
f 160/1381/1257 444/1382/1258 161/1383/1259
f 161/1383/1259 444/1382/1258 443/1384/1260
f 161/1383/1259 443/1384/1260 162/1385/1261
f 162/1385/1261 443/1384/1260 442/1386/1262
f 162/1385/1261 442/1386/1262 163/1387/1263
f 163/1387/1263 442/1386/1262 441/1388/1264
f 163/1387/1263 441/1388/1264 164/1389/1265
f 164/1389/1265 441/1388/1264 440/1390/1266
f 164/1389/1265 440/1390/1266 165/1391/1267
f 165/1391/1267 440/1390/1266 439/1392/1268
f 165/1391/1267 439/1392/1268 166/1393/1269
f 166/1393/1269 439/1392/1268 438/1394/1270
f 166/1393/1269 438/1394/1270 167/1395/1271
f 167/1395/1271 438/1394/1270 437/1396/1272
f 167/1395/1271 437/1396/1272 168/1397/1273
f 168/1397/1273 437/1396/1272 436/1398/1274
f 168/1397/1273 436/1398/1274 169/1399/1256
f 169/1399/1256 436/1398/1274 435/1400/1255
f 445/1401/1275 444/1402/1258 159/1403/1276
f 159/1403/1276 444/1402/1258 160/1404/1257
f 153/1405/1236 424/1406/1234 154/1407/1277
f 154/1407/1277 424/1406/1234 450/1408/1278
f 154/1407/1277 450/1408/1278 155/1409/1279
f 155/1409/1279 450/1408/1278 449/1410/1280
f 155/1409/1279 449/1410/1280 156/1411/1281
f 156/1411/1281 449/1410/1280 448/1412/1282
f 156/1411/1281 448/1412/1282 157/1413/1283
f 157/1413/1283 448/1412/1282 447/1414/1284
f 157/1413/1283 447/1414/1284 158/1415/1285
f 158/1415/1285 447/1414/1284 446/1416/1286
f 158/1415/1285 446/1416/1286 159/1417/1276
f 159/1417/1276 446/1416/1286 445/1418/1275
f 398/1419/1287 397/1420/1288 125/1421/1289
f 125/1421/1289 397/1420/1288 126/1422/1290
f 143/1423/1291 407/1424/1292 144/1425/1293
f 144/1425/1293 407/1424/1292 406/1426/1294
f 144/1425/1293 406/1426/1294 145/1427/1295
f 145/1427/1295 406/1426/1294 405/1428/1296
f 145/1427/1295 405/1428/1296 146/1429/1297
f 146/1429/1297 405/1428/1296 404/1430/1298
f 146/1429/1297 404/1430/1298 147/1431/1299
f 147/1431/1299 404/1430/1298 403/1432/1300
f 147/1431/1299 403/1432/1300 148/1433/1301
f 148/1433/1301 403/1432/1300 402/1434/1302
f 148/1433/1301 402/1434/1302 149/1435/1303
f 149/1435/1303 402/1434/1302 401/1436/1304
f 149/1435/1303 401/1436/1304 150/1437/1305
f 150/1437/1305 401/1436/1304 400/1438/1306
f 150/1437/1305 400/1438/1306 151/1439/1307
f 151/1439/1307 400/1438/1306 399/1440/1308
f 151/1439/1307 399/1440/1308 125/1441/1289
f 125/1441/1289 399/1440/1308 398/1442/1287
f 408/1443/1309 407/1444/1292 142/1445/1310
f 142/1445/1310 407/1444/1292 143/1446/1291
f 133/1447/1311 417/1448/1312 134/1449/1313
f 134/1449/1313 417/1448/1312 416/1450/1314
f 134/1449/1313 416/1450/1314 135/1451/1315
f 135/1451/1315 416/1450/1314 415/1452/1316
f 135/1451/1315 415/1452/1316 136/1453/1317
f 136/1453/1317 415/1452/1316 414/1454/1318
f 136/1453/1317 414/1454/1318 137/1455/1319
f 137/1455/1319 414/1454/1318 413/1456/1320
f 137/1455/1319 413/1456/1320 138/1457/1321
f 138/1457/1321 413/1456/1320 412/1458/1322
f 138/1457/1321 412/1458/1322 139/1459/1323
f 139/1459/1323 412/1458/1322 411/1460/1324
f 139/1459/1323 411/1460/1324 140/1461/1325
f 140/1461/1325 411/1460/1324 410/1462/1326
f 140/1461/1325 410/1462/1326 141/1463/1327
f 141/1463/1327 410/1462/1326 409/1464/1328
f 141/1463/1327 409/1464/1328 142/1465/1310
f 142/1465/1310 409/1464/1328 408/1466/1309
f 418/1467/1329 417/1468/1312 132/1469/1330
f 132/1469/1330 417/1468/1312 133/1470/1311
f 126/1471/1290 397/1472/1288 127/1473/1331
f 127/1473/1331 397/1472/1288 423/1474/1332
f 127/1473/1331 423/1474/1332 128/1475/1333
f 128/1475/1333 423/1474/1332 422/1476/1334
f 128/1475/1333 422/1476/1334 129/1477/1335
f 129/1477/1335 422/1476/1334 421/1478/1336
f 129/1477/1335 421/1478/1336 130/1479/1337
f 130/1479/1337 421/1478/1336 420/1480/1338
f 130/1479/1337 420/1480/1338 131/1481/1339
f 131/1481/1339 420/1480/1338 419/1482/1340
f 131/1481/1339 419/1482/1340 132/1483/1330
f 132/1483/1330 419/1482/1340 418/1484/1329
# 668 vertices
# 1484 texture params
# 1340 normals
# 1380 facets

# 1 groups
