ISO-10303-21;
HEADER;
/* Generated by software containing ST-Developer
 * from STEP Tools, Inc. (www.steptools.com) 
 */

FILE_DESCRIPTION(
/* description */ (''),
/* implementation_level */ '2;1');

FILE_NAME(
/* name */ 'Model.step',
/* time_stamp */ '2026-08-06T02:20:39+05:30',
/* author */ (''),
/* organization */ (''),
/* preprocessor_version */ 'ST-DEVELOPER v20.1',
/* originating_system */ 'Autodesk Translation Framework v15.8.0.0',
/* authorisation */ '');

FILE_SCHEMA (('AUTOMOTIVE_DESIGN { 1 0 10303 214 3 1 1 }'));
ENDSEC;

DATA;
#10=MECHANICAL_DESIGN_GEOMETRIC_PRESENTATION_REPRESENTATION('',(#23,#24,
#25,#26),#2043);
#11=SHAPE_REPRESENTATION_RELATIONSHIP('SRR','None',#2050,#12);
#12=ADVANCED_BREP_SHAPE_REPRESENTATION('',(#15,#16,#17),#2042);
#13=TOROIDAL_SURFACE('',#326,8.89949510519906,1.5);
#14=CONICAL_SURFACE('',#312,10.8137086675722,0.785398163397448);
#15=MANIFOLD_SOLID_BREP('Body1',#288);
#16=MANIFOLD_SOLID_BREP('Body2',#289);
#17=MANIFOLD_SOLID_BREP('Body4',#290);
#18=FACE_BOUND('',#73,.T.);
#19=CYLINDRICAL_SURFACE('',#309,17.5);
#20=CYLINDRICAL_SURFACE('',#321,12.5);
#21=CYLINDRICAL_SURFACE('',#323,12.5);
#22=SPHERICAL_SURFACE('',#306,31.5);
#23=STYLED_ITEM('',(#2061),#270);
#24=STYLED_ITEM('',(#2060),#15);
#25=STYLED_ITEM('',(#2059),#16);
#26=STYLED_ITEM('',(#2059),#17);
#27=B_SPLINE_CURVE_WITH_KNOTS('',3,(#425,#426,#427,#428,#429,#430,#431,
#432,#433,#434,#435,#436,#437,#438,#439,#440,#441,#442,#443,#444,#445,#446,
#447,#448,#449,#450),.UNSPECIFIED.,.F.,.F.,(4,2,2,2,2,2,2,2,2,2,2,2,4),
(0.,0.507331961741428,0.654820391437719,0.724021747204945,0.743469743965297,
0.755520111251614,0.765794436119341,0.777508164176999,0.797101876330696,
0.844239476302773,0.982799782370122,1.27582749406332,1.59779466756179),
 .UNSPECIFIED.);
#28=B_SPLINE_CURVE_WITH_KNOTS('',3,(#470,#471,#472,#473,#474,#475,#476,
#477,#478,#479,#480,#481,#482,#483,#484,#485,#486,#487,#488,#489,#490,#491,
#492,#493,#494,#495,#496,#497,#498,#499,#500),.UNSPECIFIED.,.F.,.F.,(4,
3,3,3,3,3,3,3,3,3,4),(-0.698939568734798,-0.622902462757182,-0.54326857421857,
-0.463561357481912,-0.384143318817169,-0.34931634382522,-0.313778304287268,
-0.215251220099441,-0.116510599329976,-0.0180904350408644,0.),
 .UNSPECIFIED.);
#29=B_SPLINE_CURVE_WITH_KNOTS('',3,(#507,#508,#509,#510,#511,#512,#513),
 .UNSPECIFIED.,.F.,.F.,(4,3,4),(0.,0.103271207020434,0.154076208135895),
 .UNSPECIFIED.);
#30=B_SPLINE_CURVE_WITH_KNOTS('',3,(#515,#516,#517,#518,#519,#520,#521),
 .UNSPECIFIED.,.F.,.F.,(4,3,4),(0.,0.0171305751087381,0.0524562974656018),
 .UNSPECIFIED.);
#31=B_SPLINE_CURVE_WITH_KNOTS('',3,(#541,#542,#543,#544,#545,#546,#547,
#548),.UNSPECIFIED.,.F.,.F.,(4,2,2,4),(1.18921969736691,1.21472616497063,
1.31820289805336,1.42324710865431),.UNSPECIFIED.);
#32=B_SPLINE_CURVE_WITH_KNOTS('',3,(#554,#555,#556,#557,#558,#559,#560,
#561,#562,#563,#564,#565,#566,#567,#568,#569,#570,#571,#572,#573,#574,#575,
#576,#577,#578,#579,#580,#581,#582,#583,#584,#585,#586,#587,#588,#589,#590,
#591,#592,#593,#594,#595,#596,#597,#598,#599,#600,#601,#602,#603,#604,#605,
#606,#607,#608,#609,#610,#611,#612,#613,#614,#615,#616,#617,#618,#619,#620,
#621,#622,#623,#624,#625,#626,#627,#628,#629,#630,#631,#632,#633,#634,#635,
#636,#637,#638,#639,#640,#641,#642,#643,#644,#645,#646,#647,#648,#649,#650,
#651,#652,#653,#654,#655,#656,#657,#658,#659,#660,#661,#662,#663,#664,#665,
#666,#667,#668,#669,#670,#671,#672,#673,#674,#675,#676,#677,#678,#679,#680,
#681,#682,#683,#684,#685,#686,#687,#688,#689,#690,#691,#692,#693,#694,#695,
#696,#697,#698,#699,#700,#701,#702,#703,#704,#705,#706,#707,#708,#709,#710,
#711,#712,#713,#714,#715,#716,#717,#718,#719,#720,#721,#722),
 .UNSPECIFIED.,.F.,.F.,(4,3,3,3,3,3,3,3,3,3,3,3,3,3,3,3,3,3,3,3,3,3,3,3,
3,3,3,3,3,3,3,3,3,3,3,3,3,3,3,3,3,3,3,3,3,3,3,3,3,3,3,3,3,3,3,3,4),(0.,
0.0816806226054676,0.164474970938813,0.247963982642219,0.331432958318997,
0.414302756688167,0.438173318317245,0.447802369085071,0.455555571201396,
0.539786122150969,0.564261574143608,0.647752965376491,0.731959768452722,
0.816338420265449,0.896636026949316,0.905847680474756,0.990526360415819,
1.07569623922348,1.13752884700092,1.22246572167577,1.307558609912,1.35905462800426,
1.37231148674234,1.45911530371927,1.54499818689351,1.6322624707718,1.71952675465008,
1.7933308967227,1.82653181612164,1.83874648553247,1.92393243543377,2.01012367548437,
2.09686055750535,2.18330896728987,2.24663442926044,2.27829716024572,2.29595090684857,
2.30554848419365,2.30995989123101,2.39542817047112,2.48203491143087,2.56935062355984,
2.65664215210975,2.71973755386836,2.76705910518732,2.77989327043549,2.78975514681759,
2.87767499269706,2.9090237591442,2.99649781136149,3.04091514266429,3.05865259287802,
3.07433131610379,3.16231577382732,3.25070295418504,3.33891052790001,3.35183646178391),
 .UNSPECIFIED.);
#33=B_SPLINE_CURVE_WITH_KNOTS('',3,(#723,#724,#725,#726,#727,#728),
 .UNSPECIFIED.,.F.,.F.,(4,2,4),(1.02125296117852,1.05820009618528,1.18921969736691),
 .UNSPECIFIED.);
#34=B_SPLINE_CURVE_WITH_KNOTS('',3,(#957,#958,#959,#960,#961,#962,#963,
#964,#965),.UNSPECIFIED.,.F.,.F.,(4,1,1,1,1,1,4),(3.84595301911488,3.97670646266596,
4.46271015385614,4.94871384504631,5.59671876663322,6.24472368822012,6.27826153557987),
 .UNSPECIFIED.);
#35=B_SPLINE_CURVE_WITH_KNOTS('',3,(#967,#968,#969,#970,#971,#972,#973,
#974,#975,#976,#977,#978,#979,#980,#981,#982,#983,#984,#985,#986,#987,#988,
#989,#990,#991,#992,#993,#994,#995,#996,#997,#998,#999,#1000,#1001,#1002,
#1003,#1004,#1005,#1006,#1007,#1008,#1009,#1010,#1011,#1012,#1013,#1014,
#1015,#1016,#1017,#1018,#1019,#1020,#1021,#1022,#1023,#1024,#1025,#1026,
#1027,#1028,#1029,#1030,#1031,#1032,#1033,#1034,#1035,#1036,#1037,#1038,
#1039,#1040,#1041,#1042,#1043,#1044,#1045,#1046,#1047,#1048,#1049,#1050,
#1051,#1052,#1053,#1054,#1055,#1056,#1057,#1058,#1059,#1060,#1061,#1062,
#1063,#1064,#1065,#1066,#1067,#1068,#1069,#1070,#1071,#1072,#1073,#1074,
#1075,#1076,#1077,#1078,#1079,#1080,#1081,#1082,#1083,#1084,#1085,#1086,
#1087,#1088,#1089,#1090,#1091,#1092,#1093,#1094,#1095,#1096,#1097,#1098,
#1099),.UNSPECIFIED.,.F.,.F.,(4,3,3,3,3,3,3,3,3,3,3,3,3,3,3,3,3,3,3,3,3,
3,3,3,3,3,3,3,3,3,3,3,3,3,3,3,3,3,3,3,3,3,3,3,4),(-34.1421496408023,-33.3893424180003,
-32.7921621124177,-32.194981806835,-31.5978015012524,-31.0006211956697,
-30.4034408900871,-29.8062605845044,-29.2090802789217,-28.6118999733391,
-27.8156595658956,-27.019419158452,-26.6212989547302,-26.2231787510085,
-25.6923518127128,-25.1615248744171,-24.6306979361214,-23.8344575286779,
-23.0382171212343,-22.2419767137908,-21.4457363063472,-20.6494958989037,
-19.8532554914602,-19.3224285531645,-18.7916016148688,-18.2607746765731,
-17.7299477382774,-17.1991207999817,-16.668293861686,-16.1374669233903,
-15.6066399850946,-15.0758130467989,-14.2795726393554,-13.4833322319119,
-12.6870918244683,-12.2889716207466,-11.8908514170248,-11.2936711114421,
-10.6964908058595,-10.0993105002768,-9.50213019469418,-8.90494988911153,
-8.30776958352887,-7.71058927794622,-7.12037786362065),.UNSPECIFIED.);
#36=B_SPLINE_CURVE_WITH_KNOTS('',3,(#1101,#1102,#1103,#1104,#1105,#1106,
#1107),.UNSPECIFIED.,.F.,.F.,(4,3,4),(0.,0.103271206520168,0.154076208127475),
 .UNSPECIFIED.);
#37=B_SPLINE_CURVE_WITH_KNOTS('',3,(#1108,#1109,#1110,#1111,#1112,#1113,
#1114,#1115,#1116,#1117,#1118,#1119,#1120,#1121,#1122,#1123,#1124,#1125,
#1126,#1127,#1128,#1129,#1130,#1131,#1132,#1133,#1134,#1135,#1136,#1137,
#1138,#1139,#1140,#1141,#1142,#1143,#1144,#1145,#1146,#1147,#1148,#1149,
#1150,#1151,#1152,#1153,#1154,#1155,#1156,#1157,#1158,#1159,#1160,#1161,
#1162,#1163,#1164),.UNSPECIFIED.,.F.,.F.,(4,1,1,1,1,1,1,1,1,1,1,1,1,1,1,
1,1,1,1,1,1,1,1,1,1,1,1,1,1,1,1,1,1,1,1,1,1,1,1,1,1,1,1,1,1,1,1,1,1,1,1,
1,1,1,4),(-28.2768910221748,-27.7908873309846,-27.3048836397944,-26.8188799486043,
-26.3328762574141,-25.8468725662239,-25.3608688750337,-24.8748651838436,
-24.3888614926534,-24.0648590318599,-23.7408565710665,-23.0928516494796,
-22.4448467278927,-21.7968418063058,-21.3648385252478,-20.9328352441899,
-20.500831963132,-20.068828682074,-19.6368254010161,-19.2048221199582,-18.7728188389002,
-18.3408155578423,-17.9088122767844,-17.2608073551975,-16.6128024336106,
-15.9647975120236,-15.3167925904367,-14.6687876688498,-14.0207827472629,
-13.588779466205,-13.1567761851471,-12.7247729040891,-12.4007704432957,
-12.0767679825022,-11.4287630609153,-10.7807581393284,-10.2947544481383,
-9.80875075694808,-9.32274706575791,-8.83674337456773,-8.35073968337755,
-7.86473599218737,-7.3787323009972,-6.89272860980702,-6.24472368822012,
-5.59671876663322,-4.94871384504631,-4.46271015385614,-3.97670646266596,
-3.49070277147578,-3.00469908028561,-2.51869538909543,-2.03269169790526,
-1.54668800671508,-1.0606843155249),.UNSPECIFIED.);
#38=B_SPLINE_CURVE_WITH_KNOTS('',3,(#1472,#1473,#1474,#1475,#1476,#1477,
#1478,#1479,#1480,#1481,#1482,#1483,#1484,#1485,#1486,#1487,#1488,#1489,
#1490,#1491,#1492,#1493,#1494,#1495,#1496,#1497,#1498,#1499,#1500,#1501,
#1502,#1503,#1504,#1505,#1506,#1507,#1508,#1509,#1510,#1511,#1512,#1513,
#1514,#1515,#1516,#1517,#1518,#1519,#1520,#1521,#1522,#1523,#1524,#1525,
#1526,#1527,#1528,#1529,#1530,#1531,#1532,#1533,#1534,#1535,#1536,#1537,
#1538,#1539,#1540,#1541,#1542,#1543,#1544,#1545,#1546,#1547,#1548,#1549,
#1550,#1551,#1552,#1553,#1554,#1555,#1556,#1557,#1558,#1559,#1560,#1561,
#1562,#1563,#1564,#1565,#1566,#1567,#1568,#1569,#1570,#1571,#1572,#1573,
#1574,#1575,#1576,#1577,#1578,#1579,#1580,#1581,#1582,#1583,#1584,#1585,
#1586,#1587,#1588,#1589,#1590,#1591,#1592,#1593,#1594,#1595,#1596,#1597,
#1598,#1599,#1600,#1601,#1602,#1603,#1604,#1605,#1606,#1607,#1608,#1609,
#1610,#1611,#1612,#1613,#1614,#1615,#1616,#1617,#1618,#1619,#1620,#1621,
#1622,#1623,#1624,#1625,#1626,#1627,#1628,#1629,#1630,#1631,#1632,#1633,
#1634,#1635,#1636,#1637,#1638,#1639,#1640,#1641,#1642,#1643,#1644,#1645,
#1646),.UNSPECIFIED.,.F.,.F.,(4,3,3,3,3,3,3,3,3,3,3,3,3,3,3,3,3,3,3,3,3,
3,3,3,3,3,3,3,3,3,3,3,3,3,3,3,3,3,3,3,3,3,3,3,3,3,3,3,3,3,3,3,3,3,3,3,3,
3,4),(-0.00255713986664463,0.484931375345565,0.972419890557774,1.45990840576998,
1.94739692098219,2.4348854361944,2.92237395140661,3.40986246661882,3.89735098183103,
4.38483949704324,4.87232801225545,5.35981652746766,5.84730504267987,6.33479355789208,
6.82228207310428,7.30977058831649,7.7972591035287,8.28474761874091,8.77223613395312,
9.25972464916533,9.74721316437754,10.2347016795897,10.722190194802,11.2096787100142,
11.6971672252264,12.1846557404386,12.6721442556508,13.159632770863,13.6471212860752,
14.1346098012874,14.6220983164996,15.1095868317118,15.5970753469241,16.0845638621363,
16.5720523773485,17.0595408925607,17.5470294077729,18.0345179229851,18.5220064381973,
19.0094949534095,19.4969834686217,19.9844719838339,20.4719604990461,20.9594490142584,
21.4469375294706,21.9344260446828,22.421914559895,22.9094030751072,23.3968915903194,
23.8843801055316,24.3718686207438,24.859357135956,25.3468456511682,25.8343341663804,
26.3218226815927,26.8093111968049,27.2967997120171,27.7842882272293,28.2717767424415),
 .UNSPECIFIED.);
#39=B_SPLINE_CURVE_WITH_KNOTS('',3,(#1652,#1653,#1654,#1655,#1656,#1657,
#1658,#1659,#1660,#1661,#1662),.UNSPECIFIED.,.F.,.F.,(4,1,1,1,1,1,1,1,4),
(-25.9991190974707,-25.7486180737048,-25.2436930695172,-24.7387680653295,
-24.2338430611418,-23.5606097222249,-22.887376383308,-22.2141430443911,
-21.9960315057457),.UNSPECIFIED.);
#40=B_SPLINE_CURVE_WITH_KNOTS('',3,(#1882,#1883,#1884,#1885),
 .UNSPECIFIED.,.F.,.F.,(4,4),(0.168491699456732,0.206371996726726),
 .UNSPECIFIED.);
#41=B_SPLINE_CURVE_WITH_KNOTS('',3,(#1886,#1887,#1888,#1889,#1890,#1891,
#1892,#1893,#1894,#1895,#1896,#1897,#1898,#1899,#1900,#1901,#1902,#1903,
#1904,#1905,#1906,#1907,#1908,#1909,#1910,#1911,#1912,#1913,#1914,#1915,
#1916,#1917,#1918,#1919,#1920,#1921,#1922,#1923,#1924,#1925,#1926,#1927,
#1928,#1929,#1930,#1931,#1932,#1933,#1934,#1935,#1936,#1937,#1938,#1939,
#1940,#1941,#1942,#1943,#1944,#1945,#1946,#1947,#1948,#1949,#1950,#1951,
#1952,#1953,#1954,#1955,#1956,#1957,#1958,#1959,#1960,#1961,#1962,#1963,
#1964,#1965,#1966,#1967,#1968,#1969,#1970,#1971,#1972,#1973,#1974,#1975,
#1976,#1977,#1978,#1979,#1980,#1981,#1982,#1983,#1984,#1985,#1986,#1987,
#1988,#1989,#1990,#1991,#1992,#1993,#1994,#1995,#1996,#1997,#1998,#1999,
#2000,#2001,#2002,#2003,#2004,#2005,#2006,#2007,#2008,#2009,#2010,#2011,
#2012,#2013,#2014,#2015,#2016,#2017,#2018,#2019,#2020,#2021,#2022,#2023,
#2024),.UNSPECIFIED.,.F.,.F.,(4,3,3,3,3,3,3,3,3,3,3,3,3,3,3,3,3,3,3,3,3,
3,3,3,3,3,3,3,3,3,3,3,3,3,3,3,3,3,3,3,3,3,3,3,3,3,4),(5.15488503690226,
5.23838067200421,5.32243208388859,5.4064810516295,5.44932564982213,5.46245098191299,
5.47070368376179,5.55519578992111,5.64008524776419,5.72478276451476,5.74923783717055,
5.83401343403886,5.89886200653223,5.91984702770589,5.92938364586212,6.01374562697288,
6.09933721869003,6.18503009213562,6.2699152659141,6.35280201398582,6.37638146277583,
6.38670586805618,6.39540785183879,6.48002956577641,6.5657412002869,6.65209253504292,
6.73831052467608,6.82386579897151,6.85169715664341,6.86047167345779,6.94747574468467,
6.96551453380746,7.05167008813256,7.13861371782851,7.22580931660412,7.31623481634105,
7.3309062419066,7.34208703012869,7.42974237835376,7.51712960813836,7.58751131555185,
7.61311167901806,7.6271458313074,7.71428828484197,7.80211466508242,7.89023106176139,
7.90401950002424),.UNSPECIFIED.);
#42=B_SPLINE_CURVE_WITH_KNOTS('',3,(#2025,#2026,#2027,#2028),
 .UNSPECIFIED.,.F.,.F.,(4,4),(-0.598082278874932,-0.548379458295231),
 .UNSPECIFIED.);
#43=B_SPLINE_SURFACE_WITH_KNOTS('',3,3,((#405,#406,#407,#408),(#409,#410,
#411,#412),(#413,#414,#415,#416),(#417,#418,#419,#420),(#421,#422,#423,
#424)),.UNSPECIFIED.,.F.,.F.,.F.,(4,1,4),(4,4),(-2.21429743558818,-1.5707963267949,
-0.927295218001612),(27.8815890818661,28.2743338823081),.UNSPECIFIED.);
#44=B_SPLINE_SURFACE_WITH_KNOTS('',3,1,((#525,#526),(#527,#528),(#529,#530),
(#531,#532),(#533,#534),(#535,#536),(#537,#538),(#539,#540)),
 .UNSPECIFIED.,.F.,.F.,.F.,(4,2,2,4),(2,2),(1.18921969736691,1.21472616497063,
1.31820289805336,1.42324710865431),(0.,0.0999999999999999),
 .UNSPECIFIED.);
#45=B_SPLINE_SURFACE_WITH_KNOTS('',3,3,((#729,#730,#731,#732,#733,#734,
#735,#736,#737,#738,#739,#740,#741,#742,#743,#744,#745,#746,#747,#748,#749,
#750,#751,#752,#753,#754,#755,#756,#757,#758,#759,#760,#761,#762,#763,#764,
#765,#766,#767,#768,#769,#770,#771,#772,#773,#774,#775,#776,#777,#778,#779,
#780,#781,#782,#783,#784,#785),(#786,#787,#788,#789,#790,#791,#792,#793,
#794,#795,#796,#797,#798,#799,#800,#801,#802,#803,#804,#805,#806,#807,#808,
#809,#810,#811,#812,#813,#814,#815,#816,#817,#818,#819,#820,#821,#822,#823,
#824,#825,#826,#827,#828,#829,#830,#831,#832,#833,#834,#835,#836,#837,#838,
#839,#840,#841,#842),(#843,#844,#845,#846,#847,#848,#849,#850,#851,#852,
#853,#854,#855,#856,#857,#858,#859,#860,#861,#862,#863,#864,#865,#866,#867,
#868,#869,#870,#871,#872,#873,#874,#875,#876,#877,#878,#879,#880,#881,#882,
#883,#884,#885,#886,#887,#888,#889,#890,#891,#892,#893,#894,#895,#896,#897,
#898,#899),(#900,#901,#902,#903,#904,#905,#906,#907,#908,#909,#910,#911,
#912,#913,#914,#915,#916,#917,#918,#919,#920,#921,#922,#923,#924,#925,#926,
#927,#928,#929,#930,#931,#932,#933,#934,#935,#936,#937,#938,#939,#940,#941,
#942,#943,#944,#945,#946,#947,#948,#949,#950,#951,#952,#953,#954,#955,#956)),
 .UNSPECIFIED.,.F.,.F.,.F.,(4,4),(4,1,1,1,1,1,1,1,1,1,1,1,1,1,1,1,1,1,1,
1,1,1,1,1,1,1,1,1,1,1,1,1,1,1,1,1,1,1,1,1,1,1,1,1,1,1,1,1,1,1,1,1,1,1,4),
(0.,1.),(-28.2768910221748,-27.7908873309846,-27.3048836397944,-26.8188799486043,
-26.3328762574141,-25.8468725662239,-25.3608688750337,-24.8748651838436,
-24.3888614926534,-24.0648590318599,-23.7408565710665,-23.0928516494796,
-22.4448467278927,-21.7968418063058,-21.3648385252478,-20.9328352441899,
-20.500831963132,-20.068828682074,-19.6368254010161,-19.2048221199582,-18.7728188389002,
-18.3408155578423,-17.9088122767844,-17.2608073551975,-16.6128024336106,
-15.9647975120236,-15.3167925904367,-14.6687876688498,-14.0207827472629,
-13.588779466205,-13.1567761851471,-12.7247729040891,-12.4007704432957,
-12.0767679825022,-11.4287630609153,-10.7807581393284,-10.2947544481383,
-9.80875075694808,-9.32274706575791,-8.83674337456773,-8.35073968337755,
-7.86473599218737,-7.3787323009972,-6.89272860980702,-6.24472368822012,
-5.59671876663322,-4.94871384504631,-4.46271015385614,-3.97670646266596,
-3.49070277147578,-3.00469908028561,-2.51869538909543,-2.03269169790526,
-1.54668800671508,-1.0606843155249),.UNSPECIFIED.);
#46=B_SPLINE_SURFACE_WITH_KNOTS('',3,3,((#1165,#1166,#1167,#1168,#1169,
#1170,#1171,#1172,#1173,#1174,#1175,#1176,#1177,#1178,#1179,#1180,#1181,
#1182,#1183,#1184,#1185,#1186,#1187,#1188,#1189,#1190,#1191,#1192,#1193,
#1194,#1195,#1196,#1197,#1198,#1199,#1200,#1201,#1202,#1203,#1204,#1205,
#1206,#1207,#1208,#1209,#1210,#1211,#1212,#1213,#1214,#1215,#1216,#1217,
#1218,#1219,#1220,#1221,#1222,#1223,#1224,#1225),(#1226,#1227,#1228,#1229,
#1230,#1231,#1232,#1233,#1234,#1235,#1236,#1237,#1238,#1239,#1240,#1241,
#1242,#1243,#1244,#1245,#1246,#1247,#1248,#1249,#1250,#1251,#1252,#1253,
#1254,#1255,#1256,#1257,#1258,#1259,#1260,#1261,#1262,#1263,#1264,#1265,
#1266,#1267,#1268,#1269,#1270,#1271,#1272,#1273,#1274,#1275,#1276,#1277,
#1278,#1279,#1280,#1281,#1282,#1283,#1284,#1285,#1286),(#1287,#1288,#1289,
#1290,#1291,#1292,#1293,#1294,#1295,#1296,#1297,#1298,#1299,#1300,#1301,
#1302,#1303,#1304,#1305,#1306,#1307,#1308,#1309,#1310,#1311,#1312,#1313,
#1314,#1315,#1316,#1317,#1318,#1319,#1320,#1321,#1322,#1323,#1324,#1325,
#1326,#1327,#1328,#1329,#1330,#1331,#1332,#1333,#1334,#1335,#1336,#1337,
#1338,#1339,#1340,#1341,#1342,#1343,#1344,#1345,#1346,#1347),(#1348,#1349,
#1350,#1351,#1352,#1353,#1354,#1355,#1356,#1357,#1358,#1359,#1360,#1361,
#1362,#1363,#1364,#1365,#1366,#1367,#1368,#1369,#1370,#1371,#1372,#1373,
#1374,#1375,#1376,#1377,#1378,#1379,#1380,#1381,#1382,#1383,#1384,#1385,
#1386,#1387,#1388,#1389,#1390,#1391,#1392,#1393,#1394,#1395,#1396,#1397,
#1398,#1399,#1400,#1401,#1402,#1403,#1404,#1405,#1406,#1407,#1408),(#1409,
#1410,#1411,#1412,#1413,#1414,#1415,#1416,#1417,#1418,#1419,#1420,#1421,
#1422,#1423,#1424,#1425,#1426,#1427,#1428,#1429,#1430,#1431,#1432,#1433,
#1434,#1435,#1436,#1437,#1438,#1439,#1440,#1441,#1442,#1443,#1444,#1445,
#1446,#1447,#1448,#1449,#1450,#1451,#1452,#1453,#1454,#1455,#1456,#1457,
#1458,#1459,#1460,#1461,#1462,#1463,#1464,#1465,#1466,#1467,#1468,#1469)),
 .UNSPECIFIED.,.F.,.F.,.F.,(4,1,4),(4,1,1,1,1,1,1,1,1,1,1,1,1,1,1,1,1,1,
1,1,1,1,1,1,1,1,1,1,1,1,1,1,1,1,1,1,1,1,1,1,1,1,1,1,1,1,1,1,1,1,1,1,1,1,
1,1,1,1,4),(2.57246223262445,3.14159265358979,3.71072307455513),(0.,0.487488515212209,
0.974977030424419,1.46246554563663,1.94995406084884,2.43744257606105,2.92493109127326,
3.41241960648546,3.89990812169767,4.38739663690988,4.87488515212209,5.3623736673343,
5.84986218254651,6.33735069775872,6.82483921297093,7.31232772818314,7.79981624339535,
8.28730475860756,8.77479327381977,9.26228178903198,9.74977030424419,10.2372588194564,
10.7247473346686,11.2122358498808,11.699724365093,12.1872128803052,12.6747013955174,
13.1621899107297,13.6496784259419,14.1371669411541,14.6246554563663,15.1121439715785,
15.5996324867907,16.0871210020029,16.5746095172151,17.0620980324273,17.5495865476395,
18.0370750628517,18.524563578064,19.0120520932762,19.4995406084884,19.9870291237006,
20.4745176389128,20.962006154125,21.4494946693372,21.9369831845494,22.4244716997616,
22.9119602149738,23.399448730186,23.8869372453983,24.3744257606105,24.8619142758227,
25.3494027910349,25.8368913062471,26.3243798214593,26.8118683366715,27.2993568518837,
27.7868453670959,28.2743338823081),.UNSPECIFIED.);
#47=B_SPLINE_SURFACE_WITH_KNOTS('',3,3,((#1665,#1666,#1667,#1668,#1669,
#1670,#1671,#1672,#1673,#1674,#1675,#1676,#1677,#1678,#1679,#1680,#1681,
#1682,#1683,#1684,#1685,#1686,#1687,#1688,#1689,#1690,#1691,#1692,#1693,
#1694,#1695,#1696,#1697,#1698,#1699,#1700,#1701,#1702,#1703,#1704,#1705,
#1706,#1707,#1708,#1709,#1710,#1711,#1712,#1713,#1714,#1715,#1716,#1717,
#1718),(#1719,#1720,#1721,#1722,#1723,#1724,#1725,#1726,#1727,#1728,#1729,
#1730,#1731,#1732,#1733,#1734,#1735,#1736,#1737,#1738,#1739,#1740,#1741,
#1742,#1743,#1744,#1745,#1746,#1747,#1748,#1749,#1750,#1751,#1752,#1753,
#1754,#1755,#1756,#1757,#1758,#1759,#1760,#1761,#1762,#1763,#1764,#1765,
#1766,#1767,#1768,#1769,#1770,#1771,#1772),(#1773,#1774,#1775,#1776,#1777,
#1778,#1779,#1780,#1781,#1782,#1783,#1784,#1785,#1786,#1787,#1788,#1789,
#1790,#1791,#1792,#1793,#1794,#1795,#1796,#1797,#1798,#1799,#1800,#1801,
#1802,#1803,#1804,#1805,#1806,#1807,#1808,#1809,#1810,#1811,#1812,#1813,
#1814,#1815,#1816,#1817,#1818,#1819,#1820,#1821,#1822,#1823,#1824,#1825,
#1826),(#1827,#1828,#1829,#1830,#1831,#1832,#1833,#1834,#1835,#1836,#1837,
#1838,#1839,#1840,#1841,#1842,#1843,#1844,#1845,#1846,#1847,#1848,#1849,
#1850,#1851,#1852,#1853,#1854,#1855,#1856,#1857,#1858,#1859,#1860,#1861,
#1862,#1863,#1864,#1865,#1866,#1867,#1868,#1869,#1870,#1871,#1872,#1873,
#1874,#1875,#1876,#1877,#1878,#1879,#1880)),.UNSPECIFIED.,.F.,.F.,.F.,(4,
4),(4,1,1,1,1,1,1,1,1,1,1,1,1,1,1,1,1,1,1,1,1,1,1,1,1,1,1,1,1,1,1,1,1,1,
1,1,1,1,1,1,1,1,1,1,1,1,1,1,1,1,1,4),(0.,1.00000000000001),(-0.00255713986664485,
0.502367864321032,1.00729286850871,1.51221787269638,2.01714287688406,2.52206788107174,
3.02699288525941,3.53191788944709,4.03684289363477,4.71007623255167,5.38330957146857,
6.05654291038547,6.56146791457315,7.06639291876083,7.5713179229485,8.07624292713618,
8.58116793132385,9.08609293551153,9.59101793969921,10.0959429438869,10.7691762828038,
11.4424096217207,12.1156429606376,12.5644651865822,13.0132874125268,13.4621096384714,
14.1353429773883,14.4719596468467,14.8085763163052,15.4818096552221,16.155042994139,
16.8282763330559,17.5015096719728,18.1747430108897,18.8479763498066,19.5212096887235,
20.1944430276404,20.6993680318281,21.2042930360158,21.7092180402034,22.2141430443911,
22.887376383308,23.5606097222249,24.2338430611418,24.7387680653295,25.2436930695172,
25.7486180737048,26.2535430778925,26.7584680820802,27.2633930862679,27.7683180904556,
28.2732430946432),.UNSPECIFIED.);
#48=FACE_OUTER_BOUND('',#68,.T.);
#49=FACE_OUTER_BOUND('',#69,.T.);
#50=FACE_OUTER_BOUND('',#70,.T.);
#51=FACE_OUTER_BOUND('',#71,.T.);
#52=FACE_OUTER_BOUND('',#72,.T.);
#53=FACE_OUTER_BOUND('',#74,.T.);
#54=FACE_OUTER_BOUND('',#75,.T.);
#55=FACE_OUTER_BOUND('',#76,.T.);
#56=FACE_OUTER_BOUND('',#77,.T.);
#57=FACE_OUTER_BOUND('',#78,.T.);
#58=FACE_OUTER_BOUND('',#79,.T.);
#59=FACE_OUTER_BOUND('',#80,.T.);
#60=FACE_OUTER_BOUND('',#81,.T.);
#61=FACE_OUTER_BOUND('',#82,.T.);
#62=FACE_OUTER_BOUND('',#83,.T.);
#63=FACE_OUTER_BOUND('',#84,.T.);
#64=FACE_OUTER_BOUND('',#85,.T.);
#65=FACE_OUTER_BOUND('',#86,.T.);
#66=FACE_OUTER_BOUND('',#87,.T.);
#67=FACE_OUTER_BOUND('',#88,.T.);
#68=EDGE_LOOP('',(#183,#184));
#69=EDGE_LOOP('',(#185,#186));
#70=EDGE_LOOP('',(#187,#188,#189));
#71=EDGE_LOOP('',(#190,#191,#192,#193));
#72=EDGE_LOOP('',(#194));
#73=EDGE_LOOP('',(#195,#196));
#74=EDGE_LOOP('',(#197,#198,#199,#200,#201,#202));
#75=EDGE_LOOP('',(#203,#204,#205,#206,#207,#208,#209));
#76=EDGE_LOOP('',(#210,#211,#212));
#77=EDGE_LOOP('',(#213));
#78=EDGE_LOOP('',(#214,#215,#216,#217,#218));
#79=EDGE_LOOP('',(#219,#220,#221,#222,#223,#224));
#80=EDGE_LOOP('',(#225,#226,#227,#228,#229,#230));
#81=EDGE_LOOP('',(#231,#232,#233));
#82=EDGE_LOOP('',(#234,#235,#236));
#83=EDGE_LOOP('',(#237,#238,#239,#240,#241,#242,#243));
#84=EDGE_LOOP('',(#244,#245,#246,#247,#248,#249));
#85=EDGE_LOOP('',(#250,#251,#252));
#86=EDGE_LOOP('',(#253,#254,#255,#256));
#87=EDGE_LOOP('',(#257));
#88=EDGE_LOOP('',(#258));
#89=CIRCLE('',#305,1.25);
#90=CIRCLE('',#307,17.5);
#91=CIRCLE('',#308,31.5);
#92=CIRCLE('',#310,17.5);
#93=CIRCLE('',#313,10.3137086675722);
#94=CIRCLE('',#314,11.3137086675722);
#95=CIRCLE('',#316,1.25);
#96=CIRCLE('',#319,12.5);
#97=CIRCLE('',#320,1.25);
#98=CIRCLE('',#322,12.5);
#99=CIRCLE('',#327,8.89949510519906);
#100=CIRCLE('',#328,1.5);
#101=CIRCLE('',#329,10.3137086675722);
#102=LINE('',#403,#111);
#103=LINE('',#458,#112);
#104=LINE('',#465,#113);
#105=LINE('',#467,#114);
#106=LINE('',#503,#115);
#107=LINE('',#523,#116);
#108=LINE('',#524,#117);
#109=LINE('',#1650,#118);
#110=LINE('',#2030,#119);
#111=VECTOR('',#336,10.);
#112=VECTOR('',#347,17.5);
#113=VECTOR('',#356,10.8137086675722);
#114=VECTOR('',#357,10.);
#115=VECTOR('',#362,10.);
#116=VECTOR('',#365,10.);
#117=VECTOR('',#366,10.);
#118=VECTOR('',#377,10.);
#119=VECTOR('',#384,10.);
#120=VERTEX_POINT('',#401);
#121=VERTEX_POINT('',#402);
#122=VERTEX_POINT('',#452);
#123=VERTEX_POINT('',#454);
#124=VERTEX_POINT('',#457);
#125=VERTEX_POINT('',#462);
#126=VERTEX_POINT('',#464);
#127=VERTEX_POINT('',#466);
#128=VERTEX_POINT('',#468);
#129=VERTEX_POINT('',#502);
#130=VERTEX_POINT('',#504);
#131=VERTEX_POINT('',#506);
#132=VERTEX_POINT('',#514);
#133=VERTEX_POINT('',#522);
#134=VERTEX_POINT('',#551);
#135=VERTEX_POINT('',#553);
#136=VERTEX_POINT('',#966);
#137=VERTEX_POINT('',#1100);
#138=VERTEX_POINT('',#1470);
#139=VERTEX_POINT('',#1648);
#140=VERTEX_POINT('',#1649);
#141=VERTEX_POINT('',#1651);
#142=VERTEX_POINT('',#1881);
#143=VERTEX_POINT('',#2033);
#144=VERTEX_POINT('',#2035);
#145=EDGE_CURVE('',#120,#121,#102,.T.);
#146=EDGE_CURVE('',#121,#120,#89,.T.);
#147=EDGE_CURVE('',#121,#120,#27,.T.);
#148=EDGE_CURVE('',#122,#122,#90,.T.);
#149=EDGE_CURVE('',#123,#122,#91,.T.);
#150=EDGE_CURVE('',#122,#124,#103,.T.);
#151=EDGE_CURVE('',#124,#124,#92,.T.);
#152=EDGE_CURVE('',#125,#125,#93,.T.);
#153=EDGE_CURVE('',#125,#126,#104,.T.);
#154=EDGE_CURVE('',#126,#127,#105,.T.);
#155=EDGE_CURVE('',#128,#127,#94,.T.);
#156=EDGE_CURVE('',#128,#126,#28,.T.);
#157=EDGE_CURVE('',#129,#126,#106,.T.);
#158=EDGE_CURVE('',#130,#129,#95,.T.);
#159=EDGE_CURVE('',#131,#130,#29,.F.);
#160=EDGE_CURVE('',#132,#131,#30,.T.);
#161=EDGE_CURVE('',#133,#132,#107,.T.);
#162=EDGE_CURVE('',#127,#133,#108,.T.);
#163=EDGE_CURVE('',#128,#129,#31,.T.);
#164=EDGE_CURVE('',#133,#134,#96,.T.);
#165=EDGE_CURVE('',#135,#134,#32,.T.);
#166=EDGE_CURVE('',#135,#128,#33,.T.);
#167=EDGE_CURVE('',#134,#132,#34,.T.);
#168=EDGE_CURVE('',#131,#136,#35,.T.);
#169=EDGE_CURVE('',#137,#136,#36,.T.);
#170=EDGE_CURVE('',#137,#135,#37,.T.);
#171=EDGE_CURVE('',#137,#138,#97,.T.);
#172=EDGE_CURVE('',#130,#138,#38,.T.);
#173=EDGE_CURVE('',#139,#140,#109,.T.);
#174=EDGE_CURVE('',#141,#139,#39,.T.);
#175=EDGE_CURVE('',#140,#141,#98,.T.);
#176=EDGE_CURVE('',#138,#142,#40,.F.);
#177=EDGE_CURVE('',#142,#141,#41,.T.);
#178=EDGE_CURVE('',#136,#139,#42,.T.);
#179=EDGE_CURVE('',#140,#142,#110,.T.);
#180=EDGE_CURVE('',#143,#143,#99,.T.);
#181=EDGE_CURVE('',#143,#144,#100,.T.);
#182=EDGE_CURVE('',#144,#144,#101,.T.);
#183=ORIENTED_EDGE('',*,*,#145,.F.);
#184=ORIENTED_EDGE('',*,*,#146,.F.);
#185=ORIENTED_EDGE('',*,*,#147,.F.);
#186=ORIENTED_EDGE('',*,*,#146,.T.);
#187=ORIENTED_EDGE('',*,*,#148,.F.);
#188=ORIENTED_EDGE('',*,*,#149,.F.);
#189=ORIENTED_EDGE('',*,*,#149,.T.);
#190=ORIENTED_EDGE('',*,*,#148,.T.);
#191=ORIENTED_EDGE('',*,*,#150,.T.);
#192=ORIENTED_EDGE('',*,*,#151,.F.);
#193=ORIENTED_EDGE('',*,*,#150,.F.);
#194=ORIENTED_EDGE('',*,*,#151,.T.);
#195=ORIENTED_EDGE('',*,*,#147,.T.);
#196=ORIENTED_EDGE('',*,*,#145,.T.);
#197=ORIENTED_EDGE('',*,*,#152,.T.);
#198=ORIENTED_EDGE('',*,*,#153,.T.);
#199=ORIENTED_EDGE('',*,*,#154,.T.);
#200=ORIENTED_EDGE('',*,*,#155,.F.);
#201=ORIENTED_EDGE('',*,*,#156,.T.);
#202=ORIENTED_EDGE('',*,*,#153,.F.);
#203=ORIENTED_EDGE('',*,*,#154,.F.);
#204=ORIENTED_EDGE('',*,*,#157,.F.);
#205=ORIENTED_EDGE('',*,*,#158,.F.);
#206=ORIENTED_EDGE('',*,*,#159,.F.);
#207=ORIENTED_EDGE('',*,*,#160,.F.);
#208=ORIENTED_EDGE('',*,*,#161,.F.);
#209=ORIENTED_EDGE('',*,*,#162,.F.);
#210=ORIENTED_EDGE('',*,*,#156,.F.);
#211=ORIENTED_EDGE('',*,*,#163,.T.);
#212=ORIENTED_EDGE('',*,*,#157,.T.);
#213=ORIENTED_EDGE('',*,*,#152,.F.);
#214=ORIENTED_EDGE('',*,*,#155,.T.);
#215=ORIENTED_EDGE('',*,*,#162,.T.);
#216=ORIENTED_EDGE('',*,*,#164,.T.);
#217=ORIENTED_EDGE('',*,*,#165,.F.);
#218=ORIENTED_EDGE('',*,*,#166,.T.);
#219=ORIENTED_EDGE('',*,*,#165,.T.);
#220=ORIENTED_EDGE('',*,*,#167,.T.);
#221=ORIENTED_EDGE('',*,*,#160,.T.);
#222=ORIENTED_EDGE('',*,*,#168,.T.);
#223=ORIENTED_EDGE('',*,*,#169,.F.);
#224=ORIENTED_EDGE('',*,*,#170,.T.);
#225=ORIENTED_EDGE('',*,*,#170,.F.);
#226=ORIENTED_EDGE('',*,*,#171,.T.);
#227=ORIENTED_EDGE('',*,*,#172,.F.);
#228=ORIENTED_EDGE('',*,*,#158,.T.);
#229=ORIENTED_EDGE('',*,*,#163,.F.);
#230=ORIENTED_EDGE('',*,*,#166,.F.);
#231=ORIENTED_EDGE('',*,*,#173,.F.);
#232=ORIENTED_EDGE('',*,*,#174,.F.);
#233=ORIENTED_EDGE('',*,*,#175,.F.);
#234=ORIENTED_EDGE('',*,*,#167,.F.);
#235=ORIENTED_EDGE('',*,*,#164,.F.);
#236=ORIENTED_EDGE('',*,*,#161,.T.);
#237=ORIENTED_EDGE('',*,*,#168,.F.);
#238=ORIENTED_EDGE('',*,*,#159,.T.);
#239=ORIENTED_EDGE('',*,*,#172,.T.);
#240=ORIENTED_EDGE('',*,*,#176,.T.);
#241=ORIENTED_EDGE('',*,*,#177,.T.);
#242=ORIENTED_EDGE('',*,*,#174,.T.);
#243=ORIENTED_EDGE('',*,*,#178,.F.);
#244=ORIENTED_EDGE('',*,*,#173,.T.);
#245=ORIENTED_EDGE('',*,*,#179,.T.);
#246=ORIENTED_EDGE('',*,*,#176,.F.);
#247=ORIENTED_EDGE('',*,*,#171,.F.);
#248=ORIENTED_EDGE('',*,*,#169,.T.);
#249=ORIENTED_EDGE('',*,*,#178,.T.);
#250=ORIENTED_EDGE('',*,*,#179,.F.);
#251=ORIENTED_EDGE('',*,*,#175,.T.);
#252=ORIENTED_EDGE('',*,*,#177,.F.);
#253=ORIENTED_EDGE('',*,*,#180,.T.);
#254=ORIENTED_EDGE('',*,*,#181,.T.);
#255=ORIENTED_EDGE('',*,*,#182,.T.);
#256=ORIENTED_EDGE('',*,*,#181,.F.);
#257=ORIENTED_EDGE('',*,*,#180,.F.);
#258=ORIENTED_EDGE('',*,*,#182,.F.);
#259=PLANE('',#304);
#260=PLANE('',#311);
#261=PLANE('',#315);
#262=PLANE('',#317);
#263=PLANE('',#318);
#264=PLANE('',#324);
#265=PLANE('',#325);
#266=PLANE('',#330);
#267=PLANE('',#331);
#268=ADVANCED_FACE('',(#48),#259,.F.);
#269=ADVANCED_FACE('',(#49),#43,.F.);
#270=ADVANCED_FACE('',(#50),#22,.T.);
#271=ADVANCED_FACE('',(#51),#19,.T.);
#272=ADVANCED_FACE('',(#52,#18),#260,.T.);
#273=ADVANCED_FACE('',(#53),#14,.T.);
#274=ADVANCED_FACE('',(#54),#261,.T.);
#275=ADVANCED_FACE('',(#55),#44,.T.);
#276=ADVANCED_FACE('',(#56),#262,.T.);
#277=ADVANCED_FACE('',(#57),#263,.T.);
#278=ADVANCED_FACE('',(#58),#45,.T.);
#279=ADVANCED_FACE('',(#59),#46,.F.);
#280=ADVANCED_FACE('',(#60),#20,.T.);
#281=ADVANCED_FACE('',(#61),#21,.T.);
#282=ADVANCED_FACE('',(#62),#47,.T.);
#283=ADVANCED_FACE('',(#63),#264,.F.);
#284=ADVANCED_FACE('',(#64),#265,.T.);
#285=ADVANCED_FACE('',(#65),#13,.T.);
#286=ADVANCED_FACE('',(#66),#266,.T.);
#287=ADVANCED_FACE('',(#67),#267,.F.);
#288=CLOSED_SHELL('',(#268,#269,#270,#271,#272));
#289=CLOSED_SHELL('',(#273,#274,#275,#276,#277,#278,#279,#280,#281,#282,
#283,#284));
#290=CLOSED_SHELL('',(#285,#286,#287));
#291=DERIVED_UNIT_ELEMENT(#293,1.);
#292=DERIVED_UNIT_ELEMENT(#2045,-3.);
#293=(
MASS_UNIT()
NAMED_UNIT(*)
SI_UNIT(.KILO.,.GRAM.)
);
#294=DERIVED_UNIT((#291,#292));
#295=MEASURE_REPRESENTATION_ITEM('density measure',
POSITIVE_RATIO_MEASURE(7850.),#294);
#296=PROPERTY_DEFINITION_REPRESENTATION(#301,#298);
#297=PROPERTY_DEFINITION_REPRESENTATION(#302,#299);
#298=REPRESENTATION('material name',(#300),#2042);
#299=REPRESENTATION('density',(#295),#2042);
#300=DESCRIPTIVE_REPRESENTATION_ITEM('Steel','Steel');
#301=PROPERTY_DEFINITION('material property','material name',#2052);
#302=PROPERTY_DEFINITION('material property','density of part',#2052);
#303=AXIS2_PLACEMENT_3D('',#399,#332,#333);
#304=AXIS2_PLACEMENT_3D('',#400,#334,#335);
#305=AXIS2_PLACEMENT_3D('',#404,#337,#338);
#306=AXIS2_PLACEMENT_3D('',#451,#339,#340);
#307=AXIS2_PLACEMENT_3D('',#453,#341,#342);
#308=AXIS2_PLACEMENT_3D('',#455,#343,#344);
#309=AXIS2_PLACEMENT_3D('',#456,#345,#346);
#310=AXIS2_PLACEMENT_3D('',#459,#348,#349);
#311=AXIS2_PLACEMENT_3D('',#460,#350,#351);
#312=AXIS2_PLACEMENT_3D('',#461,#352,#353);
#313=AXIS2_PLACEMENT_3D('',#463,#354,#355);
#314=AXIS2_PLACEMENT_3D('',#469,#358,#359);
#315=AXIS2_PLACEMENT_3D('',#501,#360,#361);
#316=AXIS2_PLACEMENT_3D('',#505,#363,#364);
#317=AXIS2_PLACEMENT_3D('',#549,#367,#368);
#318=AXIS2_PLACEMENT_3D('',#550,#369,#370);
#319=AXIS2_PLACEMENT_3D('',#552,#371,#372);
#320=AXIS2_PLACEMENT_3D('',#1471,#373,#374);
#321=AXIS2_PLACEMENT_3D('',#1647,#375,#376);
#322=AXIS2_PLACEMENT_3D('',#1663,#378,#379);
#323=AXIS2_PLACEMENT_3D('',#1664,#380,#381);
#324=AXIS2_PLACEMENT_3D('',#2029,#382,#383);
#325=AXIS2_PLACEMENT_3D('',#2031,#385,#386);
#326=AXIS2_PLACEMENT_3D('',#2032,#387,#388);
#327=AXIS2_PLACEMENT_3D('',#2034,#389,#390);
#328=AXIS2_PLACEMENT_3D('',#2036,#391,#392);
#329=AXIS2_PLACEMENT_3D('',#2037,#393,#394);
#330=AXIS2_PLACEMENT_3D('',#2038,#395,#396);
#331=AXIS2_PLACEMENT_3D('',#2039,#397,#398);
#332=DIRECTION('axis',(0.,0.,1.));
#333=DIRECTION('refdir',(1.,0.,0.));
#334=DIRECTION('center_axis',(-1.10218211923262E-15,-1.,0.));
#335=DIRECTION('ref_axis',(0.,0.,1.));
#336=DIRECTION('',(1.,-1.10218211923262E-15,0.));
#337=DIRECTION('center_axis',(-1.10218211923262E-15,-1.,0.));
#338=DIRECTION('ref_axis',(-1.,1.10218211923262E-15,0.));
#339=DIRECTION('center_axis',(6.12323399573677E-17,0.,1.));
#340=DIRECTION('ref_axis',(1.,0.,0.));
#341=DIRECTION('center_axis',(0.,0.,-1.));
#342=DIRECTION('ref_axis',(1.,0.,0.));
#343=DIRECTION('center_axis',(1.22464679914735E-16,-1.,0.));
#344=DIRECTION('ref_axis',(-1.,-1.22464679914735E-16,0.));
#345=DIRECTION('center_axis',(0.,0.,1.));
#346=DIRECTION('ref_axis',(1.,0.,0.));
#347=DIRECTION('',(0.,0.,-1.));
#348=DIRECTION('center_axis',(0.,0.,-1.));
#349=DIRECTION('ref_axis',(1.,0.,0.));
#350=DIRECTION('center_axis',(0.,0.,-1.));
#351=DIRECTION('ref_axis',(-1.,0.,0.));
#352=DIRECTION('center_axis',(0.,0.,1.));
#353=DIRECTION('ref_axis',(-1.,0.,0.));
#354=DIRECTION('center_axis',(0.,0.,1.));
#355=DIRECTION('ref_axis',(-1.,0.,0.));
#356=DIRECTION('',(0.707106781186547,-8.65956056235493E-17,0.707106781186547));
#357=DIRECTION('',(0.707106781186548,0.,0.707106781186547));
#358=DIRECTION('center_axis',(0.,0.,1.));
#359=DIRECTION('ref_axis',(1.,0.,0.));
#360=DIRECTION('center_axis',(0.,1.,0.));
#361=DIRECTION('ref_axis',(0.,0.,1.));
#362=DIRECTION('',(0.,0.,-1.));
#363=DIRECTION('center_axis',(0.,-1.,0.));
#364=DIRECTION('ref_axis',(1.,0.,0.));
#365=DIRECTION('',(0.,0.,1.));
#366=DIRECTION('',(1.,0.,0.));
#367=DIRECTION('center_axis',(0.,0.,-1.));
#368=DIRECTION('ref_axis',(1.,0.,0.));
#369=DIRECTION('center_axis',(0.,0.,-1.));
#370=DIRECTION('ref_axis',(0.,1.,0.));
#371=DIRECTION('center_axis',(0.,0.,-1.));
#372=DIRECTION('ref_axis',(0.,1.,0.));
#373=DIRECTION('center_axis',(-1.10218211923262E-15,-1.,0.));
#374=DIRECTION('ref_axis',(-1.,1.10218211923262E-15,0.));
#375=DIRECTION('center_axis',(0.,0.,-1.));
#376=DIRECTION('ref_axis',(0.417550109692387,-0.908653897749785,0.));
#377=DIRECTION('',(0.,0.,1.));
#378=DIRECTION('center_axis',(0.,0.,1.));
#379=DIRECTION('ref_axis',(0.,1.,0.));
#380=DIRECTION('center_axis',(0.,0.,-1.));
#381=DIRECTION('ref_axis',(0.347262818801789,-0.937767846899133,0.));
#382=DIRECTION('center_axis',(-1.10218211923262E-15,-1.,0.));
#383=DIRECTION('ref_axis',(0.,0.,1.));
#384=DIRECTION('',(1.,-1.10218211923262E-15,0.));
#385=DIRECTION('center_axis',(0.,0.,1.));
#386=DIRECTION('ref_axis',(0.,-1.,0.));
#387=DIRECTION('center_axis',(0.,0.,-1.));
#388=DIRECTION('ref_axis',(-1.,0.,0.));
#389=DIRECTION('center_axis',(0.,0.,1.));
#390=DIRECTION('ref_axis',(-1.,0.,0.));
#391=DIRECTION('center_axis',(1.22464679914735E-16,-1.,0.));
#392=DIRECTION('ref_axis',(1.,1.22464679914735E-16,0.));
#393=DIRECTION('center_axis',(0.,0.,-1.));
#394=DIRECTION('ref_axis',(1.,0.,0.));
#395=DIRECTION('center_axis',(0.,0.,-1.));
#396=DIRECTION('ref_axis',(1.,0.,0.));
#397=DIRECTION('center_axis',(0.,0.,-1.));
#398=DIRECTION('ref_axis',(1.,0.,0.));
#399=CARTESIAN_POINT('',(0.,0.,0.));
#400=CARTESIAN_POINT('Origin',(-12.5,1.37772764904077E-14,-1.));
#401=CARTESIAN_POINT('',(-13.25,1.46039130798322E-14,0.));
#402=CARTESIAN_POINT('',(-11.75,1.29506399009833E-14,0.));
#403=CARTESIAN_POINT('',(-6.25,6.88863824520386E-15,0.));
#404=CARTESIAN_POINT('Origin',(-12.5,1.37772764904077E-14,-1.));
#405=CARTESIAN_POINT('Ctrl Pts',(-10.8553789199464,4.49702662927222,-0.250029105455982));
#406=CARTESIAN_POINT('Ctrl Pts',(-11.4441068619785,3.07589542005977,-0.166686070303989));
#407=CARTESIAN_POINT('Ctrl Pts',(-11.75,1.53825046839811,-0.0833430351519955));
#408=CARTESIAN_POINT('Ctrl Pts',(-11.75,1.29506399009833E-14,-2.22044604925031E-15));
#409=CARTESIAN_POINT('Ctrl Pts',(-11.05354766807,4.5791214270654,-0.0891538282576612));
#410=CARTESIAN_POINT('Ctrl Pts',(-11.6529962525172,3.132111644014,-0.00581079310566791));
#411=CARTESIAN_POINT('Ctrl Pts',(-11.9645003695978,1.56626176536434,0.0775322420463256));
#412=CARTESIAN_POINT('Ctrl Pts',(-11.9645003695978,1.31870583729227E-14,
0.160875277198319));
#413=CARTESIAN_POINT('Ctrl Pts',(-11.5482754467515,4.78407088220449,0.0893061807156586));
#414=CARTESIAN_POINT('Ctrl Pts',(-12.1745817680622,3.27222917027635,0.172649215867652));
#415=CARTESIAN_POINT('Ctrl Pts',(-12.5,1.63643666850863,0.255992251019644));
#416=CARTESIAN_POINT('Ctrl Pts',(-12.5,1.37772764904077E-14,0.339335286171637));
#417=CARTESIAN_POINT('Ctrl Pts',(-12.043003225433,4.98902033734358,-0.089153828257659));
#418=CARTESIAN_POINT('Ctrl Pts',(-12.6961672836072,3.4123466965387,-0.00581079310566564));
#419=CARTESIAN_POINT('Ctrl Pts',(-13.0354996304022,1.70661157165291,0.0775322420463277));
#420=CARTESIAN_POINT('Ctrl Pts',(-13.0354996304022,1.43674946078927E-14,
0.160875277198321));
#421=CARTESIAN_POINT('Ctrl Pts',(-12.2411719735566,5.07111513513676,-0.25002910545598));
#422=CARTESIAN_POINT('Ctrl Pts',(-12.9050566741459,3.46856292049293,-0.166686070303987));
#423=CARTESIAN_POINT('Ctrl Pts',(-13.25,1.73462286861914,-0.0833430351519933));
#424=CARTESIAN_POINT('Ctrl Pts',(-13.25,1.46039130798322E-14,0.));
#425=CARTESIAN_POINT('Ctrl Pts',(-11.75,5.38458166943201E-14,1.30473934590696E-16));
#426=CARTESIAN_POINT('Ctrl Pts',(-11.87184891971,1.68671105038217,1.3011294272372E-16));
#427=CARTESIAN_POINT('Ctrl Pts',(-11.6500232211788,3.04465588229845,-1.73860316597074E-12));
#428=CARTESIAN_POINT('Ctrl Pts',(-11.5023722321456,4.14821122807272,-1.73861102718254E-12));
#429=CARTESIAN_POINT('Ctrl Pts',(-11.4777883531656,4.35712054942962,1.17683640610267E-13));
#430=CARTESIAN_POINT('Ctrl Pts',(-11.4745778425496,4.58272269167246,1.17683640610267E-13));
#431=CARTESIAN_POINT('Ctrl Pts',(-11.4780805633533,4.66095535477832,-2.22044604925031E-15));
#432=CARTESIAN_POINT('Ctrl Pts',(-11.5016343166402,4.73116117860093,-2.22044604925031E-15));
#433=CARTESIAN_POINT('Ctrl Pts',(-11.5087371102425,4.74697352667428,0.));
#434=CARTESIAN_POINT('Ctrl Pts',(-11.5248752992009,4.76783540113481,0.));
#435=CARTESIAN_POINT('Ctrl Pts',(-11.5321974005048,4.77476215951527,2.22042394926826E-15));
#436=CARTESIAN_POINT('Ctrl Pts',(-11.548386624728,4.78411610697469,2.22046489202828E-15));
#437=CARTESIAN_POINT('Ctrl Pts',(-11.5564001389119,4.78678659035772,0.));
#438=CARTESIAN_POINT('Ctrl Pts',(-11.5746512150557,4.78923286600948,0.));
#439=CARTESIAN_POINT('Ctrl Pts',(-11.5845188312542,4.78847969010078,-3.58078972623299E-20));
#440=CARTESIAN_POINT('Ctrl Pts',(-11.6101687424998,4.7830831096426,5.98963565086828E-20));
#441=CARTESIAN_POINT('Ctrl Pts',(-11.6261040003327,4.77602314898346,2.22035553853616E-15));
#442=CARTESIAN_POINT('Ctrl Pts',(-11.6748426380695,4.74886570937183,2.22066379552541E-15));
#443=CARTESIAN_POINT('Ctrl Pts',(-11.7093725720066,4.71907432594394,0.));
#444=CARTESIAN_POINT('Ctrl Pts',(-11.8204372141657,4.6110270677036,0.));
#445=CARTESIAN_POINT('Ctrl Pts',(-11.9181947119704,4.48318597500988,2.21891598483136E-15));
#446=CARTESIAN_POINT('Ctrl Pts',(-12.241201291549,3.97147530520158,2.2236818336402E-15));
#447=CARTESIAN_POINT('Ctrl Pts',(-12.5068234516797,3.42964731452214,1.33226762955019E-14));
#448=CARTESIAN_POINT('Ctrl Pts',(-12.9891356351243,1.95483125245021,1.33226762955019E-14));
#449=CARTESIAN_POINT('Ctrl Pts',(-13.1836656048002,1.0354658791795,4.77137598246145E-16));
#450=CARTESIAN_POINT('Ctrl Pts',(-13.25,6.07847105982273E-14,4.77243030671301E-16));
#451=CARTESIAN_POINT('Origin',(0.,0.,60.));
#452=CARTESIAN_POINT('',(-17.5,2.14313189850787E-15,33.8083982925824));
#453=CARTESIAN_POINT('Origin',(0.,0.,33.8083982925824));
#454=CARTESIAN_POINT('',(-1.92881870865708E-15,-2.36212165769243E-31,91.5));
#455=CARTESIAN_POINT('Origin',(0.,0.,60.));
#456=CARTESIAN_POINT('Origin',(0.,0.,20.));
#457=CARTESIAN_POINT('',(-17.5,-2.14313189850787E-15,0.));
#458=CARTESIAN_POINT('',(-17.5,-2.14313189850787E-15,20.));
#459=CARTESIAN_POINT('Origin',(0.,0.,0.));
#460=CARTESIAN_POINT('Origin',(0.,0.,0.));
#461=CARTESIAN_POINT('Origin',(0.,0.,-19.5));
#462=CARTESIAN_POINT('',(10.3137086675722,1.26306503070806E-15,-20.));
#463=CARTESIAN_POINT('Origin',(0.,0.,-20.));
#464=CARTESIAN_POINT('',(11.25,-1.22031044094192E-16,-19.0637086675722));
#465=CARTESIAN_POINT('',(10.8137086675722,-1.32429737066542E-15,-19.5));
#466=CARTESIAN_POINT('',(11.3137086675722,0.,-19.));
#467=CARTESIAN_POINT('',(10.8137086675722,0.,-19.5));
#468=CARTESIAN_POINT('',(9.21562292089331,6.56309548290552,-18.9999717996387));
#469=CARTESIAN_POINT('Origin',(0.,0.,-19.));
#470=CARTESIAN_POINT('Ctrl Pts',(9.21555277468514,6.56304737691953,-19.));
#471=CARTESIAN_POINT('Ctrl Pts',(9.35869750131847,6.35388624377113,-19.0047355467251));
#472=CARTESIAN_POINT('Ctrl Pts',(9.49497316432327,6.14019174155889,-19.0091867732365));
#473=CARTESIAN_POINT('Ctrl Pts',(9.62424940798198,5.9221242640614,-19.0133615810347));
#474=CARTESIAN_POINT('Ctrl Pts',(9.75964080466715,5.69374154257746,-19.0177338697298));
#475=CARTESIAN_POINT('Ctrl Pts',(9.88693209357775,5.46127546013103,-19.0218029703407));
#476=CARTESIAN_POINT('Ctrl Pts',(10.0060615157738,5.22498830321168,-19.0255779595387));
#477=CARTESIAN_POINT('Ctrl Pts',(10.1253006343068,4.98848356918092,-19.029356424809));
#478=CARTESIAN_POINT('Ctrl Pts',(10.2363630315935,4.74815032572392,-19.0328402367717));
#479=CARTESIAN_POINT('Ctrl Pts',(10.3391407224808,4.50422697718493,-19.036038497195));
#480=CARTESIAN_POINT('Ctrl Pts',(10.4415455355323,4.26118858344068,-19.0392251543178));
#481=CARTESIAN_POINT('Ctrl Pts',(10.53572580347,4.01458568727113,-19.0421283281066));
#482=CARTESIAN_POINT('Ctrl Pts',(10.6215265219626,3.76463565852956,-19.0447570216249));
#483=CARTESIAN_POINT('Ctrl Pts',(10.6591524760591,3.65502575696844,-19.0459097753942));
#484=CARTESIAN_POINT('Ctrl Pts',(10.6951663518943,3.54477197763703,-19.047009744917));
#485=CARTESIAN_POINT('Ctrl Pts',(10.72955201648,3.43389182688623,-19.048057689435));
#486=CARTESIAN_POINT('Ctrl Pts',(10.7646397353492,3.32074782910099,-19.0491270299024));
#487=CARTESIAN_POINT('Ctrl Pts',(10.7979986564014,3.20705906259678,-19.0501407804705));
#488=CARTESIAN_POINT('Ctrl Pts',(10.8296171171231,3.09285637807581,-19.0510991842274));
#489=CARTESIAN_POINT('Ctrl Pts',(10.9172774040134,2.77623628145354,-19.0537563011889));
#490=CARTESIAN_POINT('Ctrl Pts',(10.9912965187981,2.45662614306343,-19.0559879991011));
#491=CARTESIAN_POINT('Ctrl Pts',(11.0516292098834,2.13474659092014,-19.0577994582071));
#492=CARTESIAN_POINT('Ctrl Pts',(11.112092659295,1.812169433039,-19.059614843267));
#493=CARTESIAN_POINT('Ctrl Pts',(11.1588103869516,1.48731247943349,-19.0610081659897));
#494=CARTESIAN_POINT('Ctrl Pts',(11.1916859810912,1.16088877772701,-19.0619846403729));
#495=CARTESIAN_POINT('Ctrl Pts',(11.2244548795558,0.835524463633631,-19.0629579456699));
#496=CARTESIAN_POINT('Ctrl Pts',(11.2434713983333,0.50860301951735,-19.0635171039469));
#497=CARTESIAN_POINT('Ctrl Pts',(11.2485885779926,0.180826410095858,-19.0636672786012));
#498=CARTESIAN_POINT('Ctrl Pts',(11.2495291576684,0.120578375524041,-19.0636948819368));
#499=CARTESIAN_POINT('Ctrl Pts',(11.25,0.0603014501362146,-19.0637086675722));
#500=CARTESIAN_POINT('Ctrl Pts',(11.25,0.,-19.0637086675722));
#501=CARTESIAN_POINT('Origin',(12.5,0.,-19.));
#502=CARTESIAN_POINT('',(11.25,0.,-19.));
#503=CARTESIAN_POINT('',(11.25,-1.22031044094192E-16,-19.));
#504=CARTESIAN_POINT('',(11.4470376131125,-1.91930757179963E-17,-18.3263753182965));
#505=CARTESIAN_POINT('Origin',(12.5,0.,-19.));
#506=CARTESIAN_POINT('',(12.2324635943228,5.25568843255239E-17,-17.));
#507=CARTESIAN_POINT('Ctrl Pts',(11.4470376131125,-2.63677968348475E-15,
-18.3263753182965));
#508=CARTESIAN_POINT('Ctrl Pts',(11.6223789484462,-2.61528204501945E-15,
-18.0301409956815));
#509=CARTESIAN_POINT('Ctrl Pts',(11.7980239451662,-6.41738402303641E-8,
-17.7334853186176));
#510=CARTESIAN_POINT('Ctrl Pts',(11.9734343343512,-1.75240604805005E-7,
-17.437305916234));
#511=CARTESIAN_POINT('Ctrl Pts',(12.0597287166416,-2.29880685625087E-7,
-17.2915983632517));
#512=CARTESIAN_POINT('Ctrl Pts',(12.1460901050364,-2.99725680209499E-7,
-17.1457970670817));
#513=CARTESIAN_POINT('Ctrl Pts',(12.2324597808784,-3.74990498023912E-7,
-17.000000000075));
#514=CARTESIAN_POINT('',(12.5,1.77048090551499E-15,-17.4515552885886));
#515=CARTESIAN_POINT('Ctrl Pts',(12.5030861701205,0.000509907475321203,
-17.4515552885886));
#516=CARTESIAN_POINT('Ctrl Pts',(12.4739670967064,0.000505953480715118,
-17.4024301099778));
#517=CARTESIAN_POINT('Ctrl Pts',(12.4448477960682,0.00050200067563029,-17.3533026203721));
#518=CARTESIAN_POINT('Ctrl Pts',(12.4157304183397,0.000498049423016211,
-17.3041764062383));
#519=CARTESIAN_POINT('Ctrl Pts',(12.3556861760478,0.000489901368904081,
-17.2028710506584));
#520=CARTESIAN_POINT('Ctrl Pts',(12.2955885117406,0.000481747072399542,
-17.1014671906835));
#521=CARTESIAN_POINT('Ctrl Pts',(12.2354585186616,0.000473603534181803,
-17.));
#522=CARTESIAN_POINT('',(12.5,0.,-19.));
#523=CARTESIAN_POINT('',(12.5,0.,-9.5));
#524=CARTESIAN_POINT('',(6.25,0.,-19.));
#525=CARTESIAN_POINT('Ctrl Pts',(9.21555277468514,6.56304737691953,-19.));
#526=CARTESIAN_POINT('Ctrl Pts',(9.21555277468514,6.56304737691953,-20.));
#527=CARTESIAN_POINT('Ctrl Pts',(9.35848324810143,6.35419930766605,-19.));
#528=CARTESIAN_POINT('Ctrl Pts',(9.35848324810143,6.35419930766605,-20.));
#529=CARTESIAN_POINT('Ctrl Pts',(9.49480738507273,6.1404713835253,-19.));
#530=CARTESIAN_POINT('Ctrl Pts',(9.49480738507273,6.1404713835253,-20.));
#531=CARTESIAN_POINT('Ctrl Pts',(10.1493804399369,5.03631573301846,-19.));
#532=CARTESIAN_POINT('Ctrl Pts',(10.1493804399369,5.03631573301846,-20.));
#533=CARTESIAN_POINT('Ctrl Pts',(10.5548699198883,4.08521548641455,-19.0000000000001));
#534=CARTESIAN_POINT('Ctrl Pts',(10.5548699198883,4.08521548641455,-20.0000000000001));
#535=CARTESIAN_POINT('Ctrl Pts',(11.1085262166719,2.08546489921292,-19.0000000000001));
#536=CARTESIAN_POINT('Ctrl Pts',(11.1085262166719,2.08546489921292,-20.0000000000001));
#537=CARTESIAN_POINT('Ctrl Pts',(11.25,1.04526323009505,-19.));
#538=CARTESIAN_POINT('Ctrl Pts',(11.25,1.04526323009505,-20.));
#539=CARTESIAN_POINT('Ctrl Pts',(11.25,0.,-19.));
#540=CARTESIAN_POINT('Ctrl Pts',(11.25,0.,-20.));
#541=CARTESIAN_POINT('Ctrl Pts',(9.21555277468514,6.56304737691953,-19.));
#542=CARTESIAN_POINT('Ctrl Pts',(9.35848324810143,6.35419930766605,-19.));
#543=CARTESIAN_POINT('Ctrl Pts',(9.49480738507273,6.1404713835253,-19.));
#544=CARTESIAN_POINT('Ctrl Pts',(10.1493804399369,5.03631573301846,-19.));
#545=CARTESIAN_POINT('Ctrl Pts',(10.5548699198883,4.08521548641455,-19.0000000000001));
#546=CARTESIAN_POINT('Ctrl Pts',(11.1085262166719,2.08546489921292,-19.0000000000001));
#547=CARTESIAN_POINT('Ctrl Pts',(11.25,1.04526323009505,-19.));
#548=CARTESIAN_POINT('Ctrl Pts',(11.25,0.,-19.));
#549=CARTESIAN_POINT('Origin',(0.,0.,-20.));
#550=CARTESIAN_POINT('Origin',(0.,0.,-19.));
#551=CARTESIAN_POINT('',(-9.4852133669459,-8.14129764739693,-19.));
#552=CARTESIAN_POINT('Origin',(0.,0.,-19.));
#553=CARTESIAN_POINT('',(5.61482909439305,9.97538793013934,-19.));
#554=CARTESIAN_POINT('Ctrl Pts',(5.61482909439284,9.97538793013946,-19.));
#555=CARTESIAN_POINT('Ctrl Pts',(5.38208592665409,10.1166709289437,-19.));
#556=CARTESIAN_POINT('Ctrl Pts',(5.14462442110857,10.249247036148,-19.));
#557=CARTESIAN_POINT('Ctrl Pts',(4.90300402713313,10.3730802579194,-19.));
#558=CARTESIAN_POINT('Ctrl Pts',(4.65808910820713,10.4986019614955,-19.));
#559=CARTESIAN_POINT('Ctrl Pts',(4.40890062264813,10.6151410102054,-19.));
#560=CARTESIAN_POINT('Ctrl Pts',(4.1559847074093,10.7226199661262,-19.));
#561=CARTESIAN_POINT('Ctrl Pts',(3.90094677025039,10.8310006948761,-19.));
#562=CARTESIAN_POINT('Ctrl Pts',(3.64211803807665,10.9301689260377,-19.));
#563=CARTESIAN_POINT('Ctrl Pts',(3.38002962038874,11.0200008424703,-19.));
#564=CARTESIAN_POINT('Ctrl Pts',(3.11800409972654,11.1098112006807,-19.));
#565=CARTESIAN_POINT('Ctrl Pts',(2.85271985698243,11.1902899385519,-19.));
#566=CARTESIAN_POINT('Ctrl Pts',(2.58468762116119,11.2612656116469,-19.));
#567=CARTESIAN_POINT('Ctrl Pts',(2.31857943954223,11.3317317898983,-19.));
#568=CARTESIAN_POINT('Ctrl Pts',(2.04976197458904,11.3928310096829,-19.));
#569=CARTESIAN_POINT('Ctrl Pts',(1.77872431378914,11.4443457396159,-19.));
#570=CARTESIAN_POINT('Ctrl Pts',(1.70065218964684,11.4591845054857,-19.));
#571=CARTESIAN_POINT('Ctrl Pts',(1.62239581399925,11.4732276989362,-19.));
#572=CARTESIAN_POINT('Ctrl Pts',(1.54396681806305,11.4864693172084,-19.));
#573=CARTESIAN_POINT('Ctrl Pts',(1.5123296578121,11.4918108008556,-19.));
#574=CARTESIAN_POINT('Ctrl Pts',(1.4806644086904,11.4970218477893,-19.));
#575=CARTESIAN_POINT('Ctrl Pts',(1.44897183422848,11.5021020469408,-19.));
#576=CARTESIAN_POINT('Ctrl Pts',(1.42345333387837,11.5061925654936,-19.));
#577=CARTESIAN_POINT('Ctrl Pts',(1.39791869294564,11.5101979775366,-19.));
#578=CARTESIAN_POINT('Ctrl Pts',(1.37237768822414,11.5141167217406,-19.));
#579=CARTESIAN_POINT('Ctrl Pts',(1.09490099314761,11.5566898390638,-19.));
#580=CARTESIAN_POINT('Ctrl Pts',(0.816368598277116,11.5890873468187,-19.));
#581=CARTESIAN_POINT('Ctrl Pts',(0.53732492752698,11.6112155652356,-19.));
#582=CARTESIAN_POINT('Ctrl Pts',(0.456241283999783,11.6176455142438,-19.));
#583=CARTESIAN_POINT('Ctrl Pts',(0.375114328918591,11.6232080714332,-19.));
#584=CARTESIAN_POINT('Ctrl Pts',(0.293957105057243,11.6279001777771,-19.));
#585=CARTESIAN_POINT('Ctrl Pts',(0.017111164446205,11.643906030767,-19.));
#586=CARTESIAN_POINT('Ctrl Pts',(-0.260086145254179,11.6497869072165,-19.));
#587=CARTESIAN_POINT('Ctrl Pts',(-0.537110137309457,11.6457327673438,-19.));
#588=CARTESIAN_POINT('Ctrl Pts',(-0.81650786205599,11.6416438888037,-19.));
#589=CARTESIAN_POINT('Ctrl Pts',(-1.09572989582302,11.6274489815747,-19.));
#590=CARTESIAN_POINT('Ctrl Pts',(-1.37424429911671,11.6032899891569,-19.));
#591=CARTESIAN_POINT('Ctrl Pts',(-1.653327092927,11.5790816932129,-19.));
#592=CARTESIAN_POINT('Ctrl Pts',(-1.93170000088076,11.5448685284489,-19.));
#593=CARTESIAN_POINT('Ctrl Pts',(-2.20882477382678,11.5007411840073,-19.));
#594=CARTESIAN_POINT('Ctrl Pts',(-2.47254617186196,11.4587480960418,-19.));
#595=CARTESIAN_POINT('Ctrl Pts',(-2.7351377038998,11.4077762201024,-19.));
#596=CARTESIAN_POINT('Ctrl Pts',(-2.99612497466085,11.3478609083082,-19.));
#597=CARTESIAN_POINT('Ctrl Pts',(-3.02606514862228,11.3409874893371,-19.));
#598=CARTESIAN_POINT('Ctrl Pts',(-3.05598587390802,11.3339959261943,-19.));
#599=CARTESIAN_POINT('Ctrl Pts',(-3.08588113806322,11.3268874958402,-19.));
#600=CARTESIAN_POINT('Ctrl Pts',(-3.36069515469567,11.2615428215992,-19.));
#601=CARTESIAN_POINT('Ctrl Pts',(-3.63269461157308,11.1864856118444,-19.));
#602=CARTESIAN_POINT('Ctrl Pts',(-3.90135048986873,11.1019120915396,-19.));
#603=CARTESIAN_POINT('Ctrl Pts',(-4.17156477062195,11.0168479823717,-19.));
#604=CARTESIAN_POINT('Ctrl Pts',(-4.4383972090326,10.9221567711888,-19.));
#605=CARTESIAN_POINT('Ctrl Pts',(-4.70130833732895,10.8179855246613,-19.));
#606=CARTESIAN_POINT('Ctrl Pts',(-4.8921795808232,10.7423580854963,-19.));
#607=CARTESIAN_POINT('Ctrl Pts',(-5.08098405389172,10.661732963985,-19.));
#608=CARTESIAN_POINT('Ctrl Pts',(-5.26751201989183,10.5761495402017,-19.));
#609=CARTESIAN_POINT('Ctrl Pts',(-5.52373770793871,10.4585871600692,-19.));
#610=CARTESIAN_POINT('Ctrl Pts',(-5.77566887029772,10.3316706181024,-19.));
#611=CARTESIAN_POINT('Ctrl Pts',(-6.02290382948985,10.19576830378,-19.));
#612=CARTESIAN_POINT('Ctrl Pts',(-6.27059291425029,10.0596163616706,-19.));
#613=CARTESIAN_POINT('Ctrl Pts',(-6.51356904960278,9.91444525328316,-19.));
#614=CARTESIAN_POINT('Ctrl Pts',(-6.75140251519589,9.76057991929919,-19.));
#615=CARTESIAN_POINT('Ctrl Pts',(-6.8953331855608,9.66746459336721,-19.));
#616=CARTESIAN_POINT('Ctrl Pts',(-7.03737989294708,9.57116427494085,-19.));
#617=CARTESIAN_POINT('Ctrl Pts',(-7.17744157440392,9.47174374682592,-19.));
#618=CARTESIAN_POINT('Ctrl Pts',(-7.21349830256423,9.44614945923414,-19.));
#619=CARTESIAN_POINT('Ctrl Pts',(-7.24942874925896,9.42034443817405,-19.));
#620=CARTESIAN_POINT('Ctrl Pts',(-7.28520208589351,9.39435106608042,-19.));
#621=CARTESIAN_POINT('Ctrl Pts',(-7.51944024345654,9.22415057149811,-19.));
#622=CARTESIAN_POINT('Ctrl Pts',(-7.74713285825637,9.04574885421869,-19.));
#623=CARTESIAN_POINT('Ctrl Pts',(-7.96788987931404,8.85960002693529,-19.));
#624=CARTESIAN_POINT('Ctrl Pts',(-8.18630480747816,8.67542612141627,-19.));
#625=CARTESIAN_POINT('Ctrl Pts',(-8.39793100055236,8.48366812513436,-19.));
#626=CARTESIAN_POINT('Ctrl Pts',(-8.60236841871887,8.28471706983696,-19.));
#627=CARTESIAN_POINT('Ctrl Pts',(-8.81009415212297,8.08256594582154,-19.));
#628=CARTESIAN_POINT('Ctrl Pts',(-9.01039861529393,7.87298821132489,-19.));
#629=CARTESIAN_POINT('Ctrl Pts',(-9.2028306009011,7.65634907095756,-19.));
#630=CARTESIAN_POINT('Ctrl Pts',(-9.39526258650826,7.43970993059022,-19.));
#631=CARTESIAN_POINT('Ctrl Pts',(-9.57982265718702,7.21600896750147,-19.));
#632=CARTESIAN_POINT('Ctrl Pts',(-9.75601947987412,6.98557228959641,-19.));
#633=CARTESIAN_POINT('Ctrl Pts',(-9.90503869777637,6.79067948169154,-19.));
#634=CARTESIAN_POINT('Ctrl Pts',(-10.0480750342832,6.59096772323716,-19.));
#635=CARTESIAN_POINT('Ctrl Pts',(-10.18498552693,6.38674731353248,-19.));
#636=CARTESIAN_POINT('Ctrl Pts',(-10.2465749459461,6.29487841333507,-19.));
#637=CARTESIAN_POINT('Ctrl Pts',(-10.3069243670896,6.20209691947278,-19.));
#638=CARTESIAN_POINT('Ctrl Pts',(-10.3660190951788,6.10843023138986,-19.));
#639=CARTESIAN_POINT('Ctrl Pts',(-10.3877601367102,6.07397011250001,-19.));
#640=CARTESIAN_POINT('Ctrl Pts',(-10.4093338924953,6.03938594318728,-19.));
#641=CARTESIAN_POINT('Ctrl Pts',(-10.4307238189695,6.00470494956132,-19.));
#642=CARTESIAN_POINT('Ctrl Pts',(-10.5798986466904,5.76283729959212,-19.));
#643=CARTESIAN_POINT('Ctrl Pts',(-10.7202710814545,5.51605300131964,-19.));
#644=CARTESIAN_POINT('Ctrl Pts',(-10.8517307963068,5.26490860218307,-19.));
#645=CARTESIAN_POINT('Ctrl Pts',(-10.9847418838505,5.01080041628592,-19.));
#646=CARTESIAN_POINT('Ctrl Pts',(-11.1086289736411,4.75222812213241,-19.));
#647=CARTESIAN_POINT('Ctrl Pts',(-11.223238864165,4.4897318046805,-19.));
#648=CARTESIAN_POINT('Ctrl Pts',(-11.3385743036711,4.22557372893634,-19.));
#649=CARTESIAN_POINT('Ctrl Pts',(-11.4445150228566,3.95744124115056,-19.));
#650=CARTESIAN_POINT('Ctrl Pts',(-11.5408609521879,3.68585603080337,-19.));
#651=CARTESIAN_POINT('Ctrl Pts',(-11.6368864512124,3.41517406704742,-19.));
#652=CARTESIAN_POINT('Ctrl Pts',(-11.7233811231965,3.14106172219357,-19.));
#653=CARTESIAN_POINT('Ctrl Pts',(-11.8000992949638,2.86401564228497,-19.));
#654=CARTESIAN_POINT('Ctrl Pts',(-11.8562971322728,2.66107297345995,-19.));
#655=CARTESIAN_POINT('Ctrl Pts',(-11.907248030465,2.45655564398003,-19.));
#656=CARTESIAN_POINT('Ctrl Pts',(-11.9528379388321,2.25065481673573,-19.));
#657=CARTESIAN_POINT('Ctrl Pts',(-11.9756328930157,2.14770440311358,-19.));
#658=CARTESIAN_POINT('Ctrl Pts',(-11.9970873615808,2.04440807600614,-19.));
#659=CARTESIAN_POINT('Ctrl Pts',(-12.0171856200454,1.94078957395779,-19.));
#660=CARTESIAN_POINT('Ctrl Pts',(-12.0283915252548,1.88301645326968,-19.));
#661=CARTESIAN_POINT('Ctrl Pts',(-12.0391758093631,1.82514317723489,-19.));
#662=CARTESIAN_POINT('Ctrl Pts',(-12.0495356101638,1.76717385533372,-19.));
#663=CARTESIAN_POINT('Ctrl Pts',(-12.0551677851179,1.73565844599288,-19.));
#664=CARTESIAN_POINT('Ctrl Pts',(-12.0606748041679,1.70411284230125,-19.));
#665=CARTESIAN_POINT('Ctrl Pts',(-12.0660552282812,1.672543389867,-19.));
#666=CARTESIAN_POINT('Ctrl Pts',(-12.068528273295,1.65803288376459,-19.));
#667=CARTESIAN_POINT('Ctrl Pts',(-12.0709742784351,1.64351908635678,-19.));
#668=CARTESIAN_POINT('Ctrl Pts',(-12.0733932254488,1.62900206819036,-19.));
#669=CARTESIAN_POINT('Ctrl Pts',(-12.120258825716,1.34774383201468,-19.));
#670=CARTESIAN_POINT('Ctrl Pts',(-12.1569717724188,1.06527853828902,-19.));
#671=CARTESIAN_POINT('Ctrl Pts',(-12.1837088102762,0.782148236111963,-19.));
#672=CARTESIAN_POINT('Ctrl Pts',(-12.2108019930608,0.495246558009677,-19.));
#673=CARTESIAN_POINT('Ctrl Pts',(-12.2276518026735,0.207661484956214,-19.));
#674=CARTESIAN_POINT('Ctrl Pts',(-12.2343913399161,-0.0800616452586836,
-19.));
#675=CARTESIAN_POINT('Ctrl Pts',(-12.2411860476633,-0.370140104883019,-19.));
#676=CARTESIAN_POINT('Ctrl Pts',(-12.2377043140378,-0.660359496523913,-19.));
#677=CARTESIAN_POINT('Ctrl Pts',(-12.2240305040466,-0.950171017240913,-19.));
#678=CARTESIAN_POINT('Ctrl Pts',(-12.2103604812508,-1.23990226970321,-19.));
#679=CARTESIAN_POINT('Ctrl Pts',(-12.1865039990737,-1.5292265046555,-19.));
#680=CARTESIAN_POINT('Ctrl Pts',(-12.1524936124273,-1.81759607222689,-19.));
#681=CARTESIAN_POINT('Ctrl Pts',(-12.1279104822534,-2.02603317973464,-19.));
#682=CARTESIAN_POINT('Ctrl Pts',(-12.0980212902492,-2.23397155969483,-19.));
#683=CARTESIAN_POINT('Ctrl Pts',(-12.0628215977185,-2.44120180658517,-19.));
#684=CARTESIAN_POINT('Ctrl Pts',(-12.0364218283204,-2.59662449175292,-19.));
#685=CARTESIAN_POINT('Ctrl Pts',(-12.0070346145557,-2.7516488149829,-19.));
#686=CARTESIAN_POINT('Ctrl Pts',(-11.9746529166189,-2.90618490653487,-19.));
#687=CARTESIAN_POINT('Ctrl Pts',(-11.9658706165726,-2.94809692506564,-19.));
#688=CARTESIAN_POINT('Ctrl Pts',(-11.9568680295251,-2.98997302216792,-19.));
#689=CARTESIAN_POINT('Ctrl Pts',(-11.9476449589425,-3.03181138335366,-19.));
#690=CARTESIAN_POINT('Ctrl Pts',(-11.9405578769088,-3.06396031848617,-19.));
#691=CARTESIAN_POINT('Ctrl Pts',(-11.9333409213774,-3.09608540853484,-19.));
#692=CARTESIAN_POINT('Ctrl Pts',(-11.9259968129401,-3.12817411269161,-19.));
#693=CARTESIAN_POINT('Ctrl Pts',(-11.8605231792309,-3.41424887317591,-19.));
#694=CARTESIAN_POINT('Ctrl Pts',(-11.7848918822592,-3.69768761964991,-19.));
#695=CARTESIAN_POINT('Ctrl Pts',(-11.6991780162819,-3.97793310826188,-19.));
#696=CARTESIAN_POINT('Ctrl Pts',(-11.6686158156896,-4.07785765069571,-19.));
#697=CARTESIAN_POINT('Ctrl Pts',(-11.6367712810434,-4.17737618638119,-19.));
#698=CARTESIAN_POINT('Ctrl Pts',(-11.6036462228085,-4.27646327013501,-19.));
#699=CARTESIAN_POINT('Ctrl Pts',(-11.5112156935682,-4.55295098307127,-19.));
#700=CARTESIAN_POINT('Ctrl Pts',(-11.4088186040103,-4.82608050221841,-19.));
#701=CARTESIAN_POINT('Ctrl Pts',(-11.2967920493576,-5.095404504763,-19.));
#702=CARTESIAN_POINT('Ctrl Pts',(-11.2399075165551,-5.23216109881107,-19.));
#703=CARTESIAN_POINT('Ctrl Pts',(-11.1805393382589,-5.3679362551861,-19.));
#704=CARTESIAN_POINT('Ctrl Pts',(-11.1187268675043,-5.50266960653087,-19.));
#705=CARTESIAN_POINT('Ctrl Pts',(-11.0940429076525,-5.55647351688548,-19.));
#706=CARTESIAN_POINT('Ctrl Pts',(-11.0689691232528,-5.61011127524358,-19.));
#707=CARTESIAN_POINT('Ctrl Pts',(-11.0435078845558,-5.66357896974846,-19.));
#708=CARTESIAN_POINT('Ctrl Pts',(-11.021001847346,-5.71084084637449,-19.));
#709=CARTESIAN_POINT('Ctrl Pts',(-10.9981910876012,-5.75797374195129,-19.));
#710=CARTESIAN_POINT('Ctrl Pts',(-10.9750899701012,-5.80494938667578,-19.));
#711=CARTESIAN_POINT('Ctrl Pts',(-10.8454531835604,-6.06856311132563,-19.));
#712=CARTESIAN_POINT('Ctrl Pts',(-10.7066091898116,-6.32737193827872,-19.));
#713=CARTESIAN_POINT('Ctrl Pts',(-10.558926330985,-6.58093408382966,-19.));
#714=CARTESIAN_POINT('Ctrl Pts',(-10.4105674978844,-6.83565683453552,-19.));
#715=CARTESIAN_POINT('Ctrl Pts',(-10.2532884096773,-7.08508532205781,-19.));
#716=CARTESIAN_POINT('Ctrl Pts',(-10.0874135751687,-7.3287523430205,-19.));
#717=CARTESIAN_POINT('Ctrl Pts',(-9.92187580562838,-7.57192422186632,-19.));
#718=CARTESIAN_POINT('Ctrl Pts',(-9.74777685273353,-7.80935856675337,-19.));
#719=CARTESIAN_POINT('Ctrl Pts',(-9.56539541990496,-8.04056359924978,-19.));
#720=CARTESIAN_POINT('Ctrl Pts',(-9.53866925294324,-8.07444437431034,-19.));
#721=CARTESIAN_POINT('Ctrl Pts',(-9.51176515661873,-8.1081913248672,-19.));
#722=CARTESIAN_POINT('Ctrl Pts',(-9.48468393537167,-8.14180284285955,-19.));
#723=CARTESIAN_POINT('Ctrl Pts',(5.61482909439304,9.97538793013933,-19.));
#724=CARTESIAN_POINT('Ctrl Pts',(5.92736210499366,9.78453131603676,-19.));
#725=CARTESIAN_POINT('Ctrl Pts',(6.23162525360856,9.57910216592605,-19.0000000000075));
#726=CARTESIAN_POINT('Ctrl Pts',(7.57287684123906,8.57989426556229,-19.0000000000075));
#727=CARTESIAN_POINT('Ctrl Pts',(8.48135884729985,7.63584158606945,-19.));
#728=CARTESIAN_POINT('Ctrl Pts',(9.21555277468514,6.56304737691953,-19.));
#729=CARTESIAN_POINT('Ctrl Pts',(-12.4996540350409,-0.0930000230450613,
-3.44681879261074));
#730=CARTESIAN_POINT('Ctrl Pts',(-12.5147201532011,1.93195931016496,-3.54995197902918));
#731=CARTESIAN_POINT('Ctrl Pts',(-11.5425723897505,5.98750086099986,-3.75621835186604));
#732=CARTESIAN_POINT('Ctrl Pts',(-7.40844568367281,10.6859482129063,-4.06561791112134));
#733=CARTESIAN_POINT('Ctrl Pts',(-1.5595881459035,12.9089089363868,-4.37501747037663));
#734=CARTESIAN_POINT('Ctrl Pts',(4.65079274272955,12.1426783631321,-4.68441702963193));
#735=CARTESIAN_POINT('Ctrl Pts',(9.78418615980136,8.5642549724173,-4.99381658888721));
#736=CARTESIAN_POINT('Ctrl Pts',(12.651161909701,3.00239230968446,-5.30321614814252));
#737=CARTESIAN_POINT('Ctrl Pts',(12.5895538884292,-3.25450192315602,-5.6126157073978));
#738=CARTESIAN_POINT('Ctrl Pts',(9.94068425188078,-8.14677587881782,-5.88763753784696));
#739=CARTESIAN_POINT('Ctrl Pts',(6.18487475628441,-11.1121037457191,-6.12828163948996));
#740=CARTESIAN_POINT('Ctrl Pts',(1.03831323695667,-12.9798765626135,-6.40330346993911));
#741=CARTESIAN_POINT('Ctrl Pts',(-5.99955576049646,-11.9936377549992,-6.74708075800057));
#742=CARTESIAN_POINT('Ctrl Pts',(-12.0292231098819,-5.93302771443908,-7.15961350367427));
#743=CARTESIAN_POINT('Ctrl Pts',(-13.0358348073201,1.58113901613819,-7.52630927760648));
#744=CARTESIAN_POINT('Ctrl Pts',(-10.4813547865489,7.50811780383282,-7.84716807979715));
#745=CARTESIAN_POINT('Ctrl Pts',(-6.37973799313742,11.207542203525,-8.1221899102463));
#746=CARTESIAN_POINT('Ctrl Pts',(-1.09842405452774,12.848585316409,-8.39721174069545));
#747=CARTESIAN_POINT('Ctrl Pts',(4.38044023750359,12.1283350853682,-8.67223357114462));
#748=CARTESIAN_POINT('Ctrl Pts',(9.05762314990596,9.17998271811122,-8.94725540159376));
#749=CARTESIAN_POINT('Ctrl Pts',(12.067232717903,4.54495806659175,-9.22227723204291));
#750=CARTESIAN_POINT('Ctrl Pts',(12.8637363878179,-0.927162512788883,-9.49729906249206));
#751=CARTESIAN_POINT('Ctrl Pts',(11.2911407447903,-6.22340822505327,-9.77232089294121));
#752=CARTESIAN_POINT('Ctrl Pts',(7.04544898049123,-11.0823554792799,-10.0931796951319));
#753=CARTESIAN_POINT('Ctrl Pts',(-0.172595093212155,-13.410011533237,-10.4598754690641));
#754=CARTESIAN_POINT('Ctrl Pts',(-8.234318358567,-10.5837416418008,-10.8724082147378));
#755=CARTESIAN_POINT('Ctrl Pts',(-12.951518729122,-3.46921575890982,-11.2849409604116));
#756=CARTESIAN_POINT('Ctrl Pts',(-12.4224673179353,5.05065576252316,-11.6974737060853));
#757=CARTESIAN_POINT('Ctrl Pts',(-6.8516901515858,11.5278231248352,-12.110006451759));
#758=CARTESIAN_POINT('Ctrl Pts',(0.56207754936382,13.1215157590727,-12.4767022256912));
#759=CARTESIAN_POINT('Ctrl Pts',(6.66911542777624,11.0334137532017,-12.7975610278819));
#760=CARTESIAN_POINT('Ctrl Pts',(10.6767295963293,7.23345667770096,-13.072582858331));
#761=CARTESIAN_POINT('Ctrl Pts',(12.554253459689,2.52238599473372,-13.3246862029094));
#762=CARTESIAN_POINT('Ctrl Pts',(12.5528695159775,-2.03385495312433,-13.553871061617));
#763=CARTESIAN_POINT('Ctrl Pts',(10.8323023873036,-7.22973569083737,-13.8288928920662));
#764=CARTESIAN_POINT('Ctrl Pts',(5.68877975027696,-12.1445845232427,-14.1726701801276));
#765=CARTESIAN_POINT('Ctrl Pts',(-2.08648669401019,-13.030336441439,-14.5508251969952));
#766=CARTESIAN_POINT('Ctrl Pts',(-8.33525531641351,-9.9752649509412,-14.8946024850566));
#767=CARTESIAN_POINT('Ctrl Pts',(-12.0324919258923,-4.93164037852357,-15.2040020443119));
#768=CARTESIAN_POINT('Ctrl Pts',(-12.9415115284123,1.26207469884499,-15.5134016035672));
#769=CARTESIAN_POINT('Ctrl Pts',(-10.8535575838697,7.15983543067221,-15.8228011628225));
#770=CARTESIAN_POINT('Ctrl Pts',(-6.25345896739325,11.4006676075259,-16.1322007220778));
#771=CARTESIAN_POINT('Ctrl Pts',(-0.201535579397594,13.0019375936505,-16.4416002813331));
#772=CARTESIAN_POINT('Ctrl Pts',(5.88945265505377,11.5892464652089,-16.7509998405884));
#773=CARTESIAN_POINT('Ctrl Pts',(11.1585088344914,7.04435181702871,-17.0947771286498));
#774=CARTESIAN_POINT('Ctrl Pts',(13.402683766188,-0.446693311619186,-17.4729321455174));
#775=CARTESIAN_POINT('Ctrl Pts',(10.4127362077785,-8.4511475582076,-17.8854648911912));
#776=CARTESIAN_POINT('Ctrl Pts',(3.80415075549528,-12.6341726704816,-18.2636199080587));
#777=CARTESIAN_POINT('Ctrl Pts',(-3.15250543497175,-12.6123799377381,-18.6073971961202));
#778=CARTESIAN_POINT('Ctrl Pts',(-8.67838825044016,-9.68386257197409,-18.9167967553755));
#779=CARTESIAN_POINT('Ctrl Pts',(-12.1968743927136,-4.50667056113194,-19.2261963146308));
#780=CARTESIAN_POINT('Ctrl Pts',(-12.889636880557,1.71115296995639,-19.5355958738861));
#781=CARTESIAN_POINT('Ctrl Pts',(-10.5976561399551,7.53431984308066,-19.8449954331413));
#782=CARTESIAN_POINT('Ctrl Pts',(-5.8516682613706,11.6116251059594,-20.1543949923967));
#783=CARTESIAN_POINT('Ctrl Pts',(0.250521312286513,13.00076325762,-20.4637945516519));
#784=CARTESIAN_POINT('Ctrl Pts',(4.27808162455943,11.9184187249265,-20.6700609244888));
#785=CARTESIAN_POINT('Ctrl Pts',(6.05009891459403,10.9382952567403,-20.7731941109072));
#786=CARTESIAN_POINT('Ctrl Pts',(-12.1487818943981,-0.0620000153633836,
-2.855754088975));
#787=CARTESIAN_POINT('Ctrl Pts',(-12.1588259731716,1.90611759935057,-2.95888727539344));
#788=CARTESIAN_POINT('Ctrl Pts',(-11.2047728457925,5.84554150981706,-3.1651536482303));
#789=CARTESIAN_POINT('Ctrl Pts',(-7.17609258847238,10.4026324919722,-3.47455320748559));
#790=CARTESIAN_POINT('Ctrl Pts',(-1.48646596828025,12.5498726287423,-3.78395276674089));
#791=CARTESIAN_POINT('Ctrl Pts',(4.54774100442948,11.7910591635285,-4.09335232599618));
#792=CARTESIAN_POINT('Ctrl Pts',(9.528823581632,8.30148613206113,-4.40275188525148));
#793=CARTESIAN_POINT('Ctrl Pts',(12.3026417998235,2.88933081606877,-4.71215144450677));
#794=CARTESIAN_POINT('Ctrl Pts',(12.2285542028954,-3.19168332304706,-5.02155100376207));
#795=CARTESIAN_POINT('Ctrl Pts',(9.64297373980057,-7.94052997144906,-5.29657283421122));
#796=CARTESIAN_POINT('Ctrl Pts',(5.98592080413257,-10.8140395612992,-5.53721693585422));
#797=CARTESIAN_POINT('Ctrl Pts',(0.979671165897676,-12.6176630919247,-5.81223876630338));
#798=CARTESIAN_POINT('Ctrl Pts',(-5.85828222929496,-11.6431415593514,-6.15601605436481));
#799=CARTESIAN_POINT('Ctrl Pts',(-11.7048274172319,-5.73906463915872,-6.56854880003854));
#800=CARTESIAN_POINT('Ctrl Pts',(-12.666100593261,1.5663344509885,-6.93524457397074));
#801=CARTESIAN_POINT('Ctrl Pts',(-10.1699086720278,7.32103808335384,-7.25610337616142));
#802=CARTESIAN_POINT('Ctrl Pts',(-6.17509408083051,10.9072399491155,-7.53112520661056));
#803=CARTESIAN_POINT('Ctrl Pts',(-1.03839179875943,12.490195998698,-7.80614703705972));
#804=CARTESIAN_POINT('Ctrl Pts',(4.284949435563,11.7777327474329,-8.08116886750886));
#805=CARTESIAN_POINT('Ctrl Pts',(8.82406624559428,8.90156975025202,-8.35619069795801));
#806=CARTESIAN_POINT('Ctrl Pts',(11.7386169974386,4.38989599864181,-8.63121252840717));
#807=CARTESIAN_POINT('Ctrl Pts',(12.5003212200935,-0.930335625594,-8.90623435885632));
#808=CARTESIAN_POINT('Ctrl Pts',(10.9598675059522,-6.07425181401865,-9.18125618930548));
#809=CARTESIAN_POINT('Ctrl Pts',(6.82239125773425,-10.7870812916205,-9.50211499149613));
#810=CARTESIAN_POINT('Ctrl Pts',(-0.198202718905369,-13.0329665847533,-9.86881076542835));
#811=CARTESIAN_POINT('Ctrl Pts',(-8.02707404958783,-10.2677704731865,-10.2813435111021));
#812=CARTESIAN_POINT('Ctrl Pts',(-12.5956225628142,-3.34236024885658,-10.6938762567758));
#813=CARTESIAN_POINT('Ctrl Pts',(-12.0620814352578,4.9370083201078,-11.1064090024495));
#814=CARTESIAN_POINT('Ctrl Pts',(-6.63306292101533,11.2195968446429,-11.5189417481232));
#815=CARTESIAN_POINT('Ctrl Pts',(0.576090407087369,12.7516893691307,-11.8856375220555));
#816=CARTESIAN_POINT('Ctrl Pts',(6.50685491802441,10.7083671647811,-12.2064963242461));
#817=CARTESIAN_POINT('Ctrl Pts',(10.3932753865105,7.00603951301472,-12.4815181546953));
#818=CARTESIAN_POINT('Ctrl Pts',(12.2073651217283,2.42302674044704,-12.7336214992737));
#819=CARTESIAN_POINT('Ctrl Pts',(12.1956724033339,-2.00523789472878,-12.9628063579813));
#820=CARTESIAN_POINT('Ctrl Pts',(10.5116312827686,-7.05127204738234,-13.2378281884304));
#821=CARTESIAN_POINT('Ctrl Pts',(5.50141497991691,-11.8163939133754,-13.5816054764919));
#822=CARTESIAN_POINT('Ctrl Pts',(-2.05747571616605,-12.6596089709468,-13.9597604933595));
#823=CARTESIAN_POINT('Ctrl Pts',(-8.12379403907812,-9.67615510106001,-14.3035377814209));
#824=CARTESIAN_POINT('Ctrl Pts',(-11.7057301769567,-4.76579629174863,-14.6129373406762));
#825=CARTESIAN_POINT('Ctrl Pts',(-12.5751512389971,1.25601761841798,-14.9223368999315));
#826=CARTESIAN_POINT('Ctrl Pts',(-10.5324482251375,6.98338337949418,-15.2317364591868));
#827=CARTESIAN_POINT('Ctrl Pts',(-6.05192330462892,11.0946541624544,-15.5411360184421));
#828=CARTESIAN_POINT('Ctrl Pts',(-0.1663463525985,12.6372040852189,-15.8505355776974));
#829=CARTESIAN_POINT('Ctrl Pts',(5.75035322867644,11.250358642274,-16.1599351369527));
#830=CARTESIAN_POINT('Ctrl Pts',(10.8610932018527,6.82115195945212,-16.5037124250141));
#831=CARTESIAN_POINT('Ctrl Pts',(13.0252221334652,-0.464585576483426,-16.8818674418817));
#832=CARTESIAN_POINT('Ctrl Pts',(10.1010757057445,-8.23742470167171,-17.2944001875554));
#833=CARTESIAN_POINT('Ctrl Pts',(3.66860849931351,-12.2879506127897,-17.672555204423));
#834=CARTESIAN_POINT('Ctrl Pts',(-3.09260349574961,-12.2509707702793,-18.0163324924844));
#835=CARTESIAN_POINT('Ctrl Pts',(-8.45662744364559,-9.39215818380595,-18.3257320517397));
#836=CARTESIAN_POINT('Ctrl Pts',(-11.8645304142857,-4.35238946313004,-18.635131610995));
#837=CARTESIAN_POINT('Ctrl Pts',(-12.5237137190504,1.69236461589323,-18.9445311702503));
#838=CARTESIAN_POINT('Ctrl Pts',(-10.2828839102375,7.34676830541982,-19.2539307295056));
#839=CARTESIAN_POINT('Ctrl Pts',(-5.66093876913028,11.2987738996438,-19.5633302887609));
#840=CARTESIAN_POINT('Ctrl Pts',(0.273010748720668,12.6350360701244,-19.8727298480162));
#841=CARTESIAN_POINT('Ctrl Pts',(4.18498907504823,11.5739448672504,-20.0789962208531));
#842=CARTESIAN_POINT('Ctrl Pts',(5.90500897452704,10.6173261478733,-20.1821294072715));
#843=CARTESIAN_POINT('Ctrl Pts',(-11.7979097537553,-0.0310000076817058,
-2.26468938533926));
#844=CARTESIAN_POINT('Ctrl Pts',(-11.802931793142,1.88027588853618,-2.3678225717577));
#845=CARTESIAN_POINT('Ctrl Pts',(-10.8669733018345,5.70358215863428,-2.57408894459457));
#846=CARTESIAN_POINT('Ctrl Pts',(-6.94373949327194,10.119316771038,-2.88348850384985));
#847=CARTESIAN_POINT('Ctrl Pts',(-1.41334379065701,12.1908363210979,-3.19288806310515));
#848=CARTESIAN_POINT('Ctrl Pts',(4.44468926612942,11.4394399639249,-3.50228762236044));
#849=CARTESIAN_POINT('Ctrl Pts',(9.27346100346265,8.03871729170497,-3.81168718161574));
#850=CARTESIAN_POINT('Ctrl Pts',(11.954121689946,2.77626932245309,-4.12108674087103));
#851=CARTESIAN_POINT('Ctrl Pts',(11.8675545173616,-3.12886472293811,-4.43048630012633));
#852=CARTESIAN_POINT('Ctrl Pts',(9.34526322772036,-7.7342840640803,-4.70550813057548));
#853=CARTESIAN_POINT('Ctrl Pts',(5.78696685198074,-10.5159753768793,-4.94615223221849));
#854=CARTESIAN_POINT('Ctrl Pts',(0.921029094838683,-12.2554496212359,-5.22117406266763));
#855=CARTESIAN_POINT('Ctrl Pts',(-5.71700869809345,-11.2926453637036,-5.56495135072908));
#856=CARTESIAN_POINT('Ctrl Pts',(-11.380431724582,-5.54510156387837,-5.97748409640278));
#857=CARTESIAN_POINT('Ctrl Pts',(-12.2963663792019,1.55152988583882,-6.34417987033501));
#858=CARTESIAN_POINT('Ctrl Pts',(-9.85846255750675,7.13395836287486,-6.66503867252567));
#859=CARTESIAN_POINT('Ctrl Pts',(-5.97045016852359,10.606937694706,-6.94006050297483));
#860=CARTESIAN_POINT('Ctrl Pts',(-0.978359542991136,12.131806680987,-7.21508233342397));
#861=CARTESIAN_POINT('Ctrl Pts',(4.18945863362242,11.4271304094977,-7.49010416387313));
#862=CARTESIAN_POINT('Ctrl Pts',(8.59050934128261,8.62315678239281,-7.76512599432227));
#863=CARTESIAN_POINT('Ctrl Pts',(11.4100012769742,4.23483393069188,-8.04014782477143));
#864=CARTESIAN_POINT('Ctrl Pts',(12.1369060523692,-0.933508738399124,-8.31516965522059));
#865=CARTESIAN_POINT('Ctrl Pts',(10.6285942671142,-5.92509540298402,-8.59019148566972));
#866=CARTESIAN_POINT('Ctrl Pts',(6.59933353497726,-10.4918071039611,-8.91105028786042));
#867=CARTESIAN_POINT('Ctrl Pts',(-0.223810344598577,-12.6559216362696,-9.27774606179259));
#868=CARTESIAN_POINT('Ctrl Pts',(-7.81982974060867,-9.95179930457215,-9.69027880746634));
#869=CARTESIAN_POINT('Ctrl Pts',(-12.2397263965064,-3.21550473880333,-10.1028115531401));
#870=CARTESIAN_POINT('Ctrl Pts',(-11.7016955525803,4.82336087769244,-10.5153442988138));
#871=CARTESIAN_POINT('Ctrl Pts',(-6.41443569044487,10.9113705644505,-10.9278770444875));
#872=CARTESIAN_POINT('Ctrl Pts',(0.590103264810915,12.3818629791887,-11.2945728184197));
#873=CARTESIAN_POINT('Ctrl Pts',(6.34459440827258,10.3833205763604,-11.6154316206104));
#874=CARTESIAN_POINT('Ctrl Pts',(10.1098211766917,6.77862234832849,-11.8904534510595));
#875=CARTESIAN_POINT('Ctrl Pts',(11.8604767837676,2.32366748616035,-12.1425567956379));
#876=CARTESIAN_POINT('Ctrl Pts',(11.8384752906903,-1.97662083633324,-12.3717416543456));
#877=CARTESIAN_POINT('Ctrl Pts',(10.1909601782336,-6.87280840392732,-12.6467634847947));
#878=CARTESIAN_POINT('Ctrl Pts',(5.31405020955687,-11.488203303508,-12.9905407728561));
#879=CARTESIAN_POINT('Ctrl Pts',(-2.02846473832192,-12.2888815004547,-13.3686957897237));
#880=CARTESIAN_POINT('Ctrl Pts',(-7.91233276174272,-9.37704525117881,-13.7124730777852));
#881=CARTESIAN_POINT('Ctrl Pts',(-11.3789684280211,-4.59995220497369,-14.0218726370405));
#882=CARTESIAN_POINT('Ctrl Pts',(-12.208790949582,1.24996053799097,-14.3312721962957));
#883=CARTESIAN_POINT('Ctrl Pts',(-10.2113388664052,6.80693132831615,-14.6406717555511));
#884=CARTESIAN_POINT('Ctrl Pts',(-5.85038764186458,10.7886407173829,-14.9500713148063));
#885=CARTESIAN_POINT('Ctrl Pts',(-0.131157125799404,12.2724705767873,-15.2594708740616));
#886=CARTESIAN_POINT('Ctrl Pts',(5.61125380229909,10.9114708193392,-15.5688704333169));
#887=CARTESIAN_POINT('Ctrl Pts',(10.5636775692139,6.59795210187553,-15.9126477213783));
#888=CARTESIAN_POINT('Ctrl Pts',(12.6477605007423,-0.482477841347675,-16.290802738246));
#889=CARTESIAN_POINT('Ctrl Pts',(9.78941520371053,-8.0237018451358,-16.7033354839197));
#890=CARTESIAN_POINT('Ctrl Pts',(3.53306624313174,-11.9417285550979,-17.0814905007873));
#891=CARTESIAN_POINT('Ctrl Pts',(-3.03270155652746,-11.8895616028205,-17.4252677888487));
#892=CARTESIAN_POINT('Ctrl Pts',(-8.23486663685101,-9.10045379563782,-17.734667348104));
#893=CARTESIAN_POINT('Ctrl Pts',(-11.5321864358577,-4.19810836512813,-18.0440669073593));
#894=CARTESIAN_POINT('Ctrl Pts',(-12.1577905575437,1.67357626183006,-18.3534664666146));
#895=CARTESIAN_POINT('Ctrl Pts',(-9.96811168051979,7.15921676775896,-18.6628660258699));
#896=CARTESIAN_POINT('Ctrl Pts',(-5.47020927688997,10.9859226933282,-18.9722655851252));
#897=CARTESIAN_POINT('Ctrl Pts',(0.295500185154818,12.2693088826288,-19.2816651443805));
#898=CARTESIAN_POINT('Ctrl Pts',(4.09189652553703,11.2294710095744,-19.4879315172173));
#899=CARTESIAN_POINT('Ctrl Pts',(5.75991903446004,10.2963570390063,-19.5910647036358));
#900=CARTESIAN_POINT('Ctrl Pts',(-11.4470376131125,-2.80513269344928E-14,
-1.67362468170352));
#901=CARTESIAN_POINT('Ctrl Pts',(-11.4470376131125,1.8544341777218,-1.77675786812196));
#902=CARTESIAN_POINT('Ctrl Pts',(-10.5291737578764,5.56162280745149,-1.98302424095883));
#903=CARTESIAN_POINT('Ctrl Pts',(-6.71138639807152,9.83600105010379,-2.29242380021411));
#904=CARTESIAN_POINT('Ctrl Pts',(-1.34022161303376,11.8318000134535,-2.60182335946942));
#905=CARTESIAN_POINT('Ctrl Pts',(4.34163752782934,11.0878207643213,-2.91122291872471));
#906=CARTESIAN_POINT('Ctrl Pts',(9.0180984252933,7.77594845134881,-3.22062247798));
#907=CARTESIAN_POINT('Ctrl Pts',(11.6056015800685,2.6632078288374,-3.53002203723529));
#908=CARTESIAN_POINT('Ctrl Pts',(11.5065548318278,-3.06604612282916,-3.83942159649059));
#909=CARTESIAN_POINT('Ctrl Pts',(9.04755271564015,-7.52803815671153,-4.11444342693974));
#910=CARTESIAN_POINT('Ctrl Pts',(5.5880128998289,-10.2179111924594,-4.35508752858274));
#911=CARTESIAN_POINT('Ctrl Pts',(0.862387023779694,-11.893236150547,-4.63010935903189));
#912=CARTESIAN_POINT('Ctrl Pts',(-5.57573516689195,-10.9421491680558,-4.97388664709333));
#913=CARTESIAN_POINT('Ctrl Pts',(-11.056036031932,-5.35113848859801,-5.38641939276706));
#914=CARTESIAN_POINT('Ctrl Pts',(-11.9266321651429,1.53672532068913,-5.75311516669926));
#915=CARTESIAN_POINT('Ctrl Pts',(-9.54701644298568,6.94687864239588,-6.07397396888994));
#916=CARTESIAN_POINT('Ctrl Pts',(-5.76580625621667,10.3066354402965,-6.34899579933909));
#917=CARTESIAN_POINT('Ctrl Pts',(-0.918327287222833,11.773417363276,-6.62401762978823));
#918=CARTESIAN_POINT('Ctrl Pts',(4.09396783168182,11.0765280715625,-6.8990394602374));
#919=CARTESIAN_POINT('Ctrl Pts',(8.35695243697094,8.34474381453361,-7.17406129068654));
#920=CARTESIAN_POINT('Ctrl Pts',(11.0813855565098,4.07977186274194,-7.44908312113569));
#921=CARTESIAN_POINT('Ctrl Pts',(11.7734908846448,-0.936681851204238,-7.72410495158484));
#922=CARTESIAN_POINT('Ctrl Pts',(10.2973210282762,-5.77593899194941,-7.99912678203399));
#923=CARTESIAN_POINT('Ctrl Pts',(6.37627581222028,-10.1965329163017,-8.31998558422467));
#924=CARTESIAN_POINT('Ctrl Pts',(-0.249417970291782,-12.2788766877858,-8.68668135815686));
#925=CARTESIAN_POINT('Ctrl Pts',(-7.61258543162952,-9.6358281359578,-9.0992141038306));
#926=CARTESIAN_POINT('Ctrl Pts',(-11.8838302301986,-3.08864922875009,-9.51174684950432));
#927=CARTESIAN_POINT('Ctrl Pts',(-11.3413096699029,4.70971343527709,-9.92427959517804));
#928=CARTESIAN_POINT('Ctrl Pts',(-6.19580845987442,10.6031442842581,-10.3368123408518));
#929=CARTESIAN_POINT('Ctrl Pts',(0.604116122534473,12.0120365892467,-10.703508114784));
#930=CARTESIAN_POINT('Ctrl Pts',(6.18233389852074,10.0582739879398,-11.0243669169747));
#931=CARTESIAN_POINT('Ctrl Pts',(9.82636696687285,6.55120518364227,-11.2993887474238));
#932=CARTESIAN_POINT('Ctrl Pts',(11.5135884458069,2.22430823187366,-11.5514920920022));
#933=CARTESIAN_POINT('Ctrl Pts',(11.4812781780467,-1.94800377793769,-11.7806769507098));
#934=CARTESIAN_POINT('Ctrl Pts',(9.87028907369867,-6.69434476047228,-12.055698781159));
#935=CARTESIAN_POINT('Ctrl Pts',(5.12668543919682,-11.1600126936407,-12.3994760692204));
#936=CARTESIAN_POINT('Ctrl Pts',(-1.99945376047779,-11.9181540299626,-12.777631086088));
#937=CARTESIAN_POINT('Ctrl Pts',(-7.70087148440732,-9.07793540129762,-13.1214083741494));
#938=CARTESIAN_POINT('Ctrl Pts',(-11.0522066790856,-4.43410811819875,-13.4308079334047));
#939=CARTESIAN_POINT('Ctrl Pts',(-11.8424306601668,1.24390345756396,-13.74020749266));
#940=CARTESIAN_POINT('Ctrl Pts',(-9.89022950767302,6.63047927713812,-14.0496070519153));
#941=CARTESIAN_POINT('Ctrl Pts',(-5.64885197910025,10.4826272723114,-14.3590066111706));
#942=CARTESIAN_POINT('Ctrl Pts',(-0.0959678990003062,11.9077370683557,-14.6684061704259));
#943=CARTESIAN_POINT('Ctrl Pts',(5.47215437592174,10.5725829964044,-14.9778057296812));
#944=CARTESIAN_POINT('Ctrl Pts',(10.2662619365751,6.37475224429895,-15.3215830177426));
#945=CARTESIAN_POINT('Ctrl Pts',(12.2702988680195,-0.500370106211917,-15.6997380346102));
#946=CARTESIAN_POINT('Ctrl Pts',(9.47775470167651,-7.80997898859991,-16.1122707802839));
#947=CARTESIAN_POINT('Ctrl Pts',(3.39752398694997,-11.595506497406,-16.4904257971515));
#948=CARTESIAN_POINT('Ctrl Pts',(-2.97279961730532,-11.5281524353618,-16.834203085213));
#949=CARTESIAN_POINT('Ctrl Pts',(-8.01310583005644,-8.80874940746969,-17.1436026444682));
#950=CARTESIAN_POINT('Ctrl Pts',(-11.1998424574298,-4.04382726712622,-17.4530022037235));
#951=CARTESIAN_POINT('Ctrl Pts',(-11.791867396037,1.65478790776689,-17.7624017629788));
#952=CARTESIAN_POINT('Ctrl Pts',(-9.65333945080211,6.97166523009812,-18.0718013222341));
#953=CARTESIAN_POINT('Ctrl Pts',(-5.27947978464964,10.6730714870126,-18.3812008814894));
#954=CARTESIAN_POINT('Ctrl Pts',(0.31798962158897,11.9035816951333,-18.6906004407447));
#955=CARTESIAN_POINT('Ctrl Pts',(3.99880397602583,10.8849971518984,-18.8968668135816));
#956=CARTESIAN_POINT('Ctrl Pts',(5.61482909439305,9.97538793013934,-19.));
#957=CARTESIAN_POINT('Ctrl Pts',(-9.48515639797156,-8.14125132689302,-19.0000369828452));
#958=CARTESIAN_POINT('Ctrl Pts',(-9.13069863580741,-8.55504190251621,-18.9722902403553));
#959=CARTESIAN_POINT('Ctrl Pts',(-7.33198473252145,-10.3974075774008,-18.841410311447));
#960=CARTESIAN_POINT('Ctrl Pts',(-3.15250543497175,-12.6123799377381,-18.6073971961202));
#961=CARTESIAN_POINT('Ctrl Pts',(3.80415075549528,-12.6341726704816,-18.2636199080587));
#962=CARTESIAN_POINT('Ctrl Pts',(10.4127362077785,-8.4511475582076,-17.8854648911912));
#963=CARTESIAN_POINT('Ctrl Pts',(12.4576167010546,-2.97675309863509,-17.6033261084914));
#964=CARTESIAN_POINT('Ctrl Pts',(12.5032458728443,-0.139611412932879,-17.4586982410162));
#965=CARTESIAN_POINT('Ctrl Pts',(12.5030867620927,-1.30795548836105E-7,
-17.4515812887656));
#966=CARTESIAN_POINT('',(-12.2324635943228,1.63755491199064E-14,-3.));
#967=CARTESIAN_POINT('Ctrl Pts',(12.23545851866,0.000473603534038671,-16.9999999999973));
#968=CARTESIAN_POINT('Ctrl Pts',(12.2323912663125,2.49626210119454,-16.8699900064985));
#969=CARTESIAN_POINT('Ctrl Pts',(11.4445204201812,4.99183501393094,-16.7399800129998));
#970=CARTESIAN_POINT('Ctrl Pts',(10.010256022129,7.0356515178445,-16.6099700195011));
#971=CARTESIAN_POINT('Ctrl Pts',(8.8724953503766,8.6569523335024,-16.5068368330826));
#972=CARTESIAN_POINT('Ctrl Pts',(7.3279726408983,9.99397222330262,-16.4037036466642));
#973=CARTESIAN_POINT('Ctrl Pts',(5.56268311063922,10.8946480100566,-16.3005704602458));
#974=CARTESIAN_POINT('Ctrl Pts',(3.79739358038014,11.7953237968107,-16.1974372738273));
#975=CARTESIAN_POINT('Ctrl Pts',(1.81133722934028,12.2596554805185,-16.0943040874089));
#976=CARTESIAN_POINT('Ctrl Pts',(-0.169217060815245,12.2324010698525,-15.9911709009905));
#977=CARTESIAN_POINT('Ctrl Pts',(-2.14977135097075,12.2051466591866,-15.888037714572));
#978=CARTESIAN_POINT('Ctrl Pts',(-4.12482358024192,11.6863061541469,-15.7849045281536));
#979=CARTESIAN_POINT('Ctrl Pts',(-5.86384565442001,10.7365362268921,-15.6817713417352));
#980=CARTESIAN_POINT('Ctrl Pts',(-7.60286772859812,9.7867662996374,-15.5786381553168));
#981=CARTESIAN_POINT('Ctrl Pts',(-9.10585964768316,8.40606695016765,-15.4755049688983));
#982=CARTESIAN_POINT('Ctrl Pts',(-10.199600577278,6.75439914421057,-15.3723717824799));
#983=CARTESIAN_POINT('Ctrl Pts',(-11.2933415068728,5.1027313382535,-15.2692385960615));
#984=CARTESIAN_POINT('Ctrl Pts',(-11.9778314469774,3.1800950758091,-15.166105409643));
#985=CARTESIAN_POINT('Ctrl Pts',(-12.1736025897378,1.20832439222851,-15.0629722232246));
#986=CARTESIAN_POINT('Ctrl Pts',(-12.3693737324983,-0.763446291352075,-14.9598390368062));
#987=CARTESIAN_POINT('Ctrl Pts',(-12.0764260779146,-2.78435139606883,-14.8567058503877));
#988=CARTESIAN_POINT('Ctrl Pts',(-11.3283905468719,-4.6184818610937,-14.7535726639693));
#989=CARTESIAN_POINT('Ctrl Pts',(-10.5803550158292,-6.45261232611856,-14.6504394775509));
#990=CARTESIAN_POINT('Ctrl Pts',(-9.37723160832746,-8.09996815145154,-14.5473062911324));
#991=CARTESIAN_POINT('Ctrl Pts',(-7.8592104434552,-9.37372020161971,-14.444173104714));
#992=CARTESIAN_POINT('Ctrl Pts',(-6.34118927858293,-10.6474722517879,-14.3410399182956));
#993=CARTESIAN_POINT('Ctrl Pts',(-4.50827035634011,-11.5476205267913,-14.2379067318771));
#994=CARTESIAN_POINT('Ctrl Pts',(-2.57136385963278,-11.96225038768,-14.1347735454587));
#995=CARTESIAN_POINT('Ctrl Pts',(0.0111781359769964,-12.5150902021982,-13.9972626302341));
#996=CARTESIAN_POINT('Ctrl Pts',(2.77858693063478,-12.2047861694014,-13.8597517150096));
#997=CARTESIAN_POINT('Ctrl Pts',(5.17067825253169,-11.0894847052745,-13.722240799785));
#998=CARTESIAN_POINT('Ctrl Pts',(7.56276957442857,-9.97418324114756,-13.5847298845604));
#999=CARTESIAN_POINT('Ctrl Pts',(9.57954342356457,-8.05388434569048,-13.4472189693358));
#1000=CARTESIAN_POINT('Ctrl Pts',(10.8160453591109,-5.71988871825965,-13.3097080541113));
#1001=CARTESIAN_POINT('Ctrl Pts',(11.4342963268841,-4.55289090454422,-13.240952596499));
#1002=CARTESIAN_POINT('Ctrl Pts',(11.8574793162599,-3.28246890783536,-13.1721971388867));
#1003=CARTESIAN_POINT('Ctrl Pts',(12.0704567950638,-1.97845069646988,-13.1034416812744));
#1004=CARTESIAN_POINT('Ctrl Pts',(12.2834342738678,-0.67443248510441,-13.0346862236621));
#1005=CARTESIAN_POINT('Ctrl Pts',(12.2862062421,0.663181940917658,-12.9659307660498));
#1006=CARTESIAN_POINT('Ctrl Pts',(12.0739896169105,1.9667712330886,-12.8971753084375));
#1007=CARTESIAN_POINT('Ctrl Pts',(11.7910341166578,3.7048902893165,-12.8055013649545));
#1008=CARTESIAN_POINT('Ctrl Pts',(11.1258766725443,5.38252021869794,-12.7138274214714));
#1009=CARTESIAN_POINT('Ctrl Pts',(10.1407551568462,6.84226137761588,-12.6221534779884));
#1010=CARTESIAN_POINT('Ctrl Pts',(9.15563364114806,8.30200253653385,-12.5304795345053));
#1011=CARTESIAN_POINT('Ctrl Pts',(7.85054805386533,9.5438549249883,-12.4388055910223));
#1012=CARTESIAN_POINT('Ctrl Pts',(6.34476151494821,10.4582063924174,-12.3471316475392));
#1013=CARTESIAN_POINT('Ctrl Pts',(4.83897497603109,11.3725578598466,-12.2554577040562));
#1014=CARTESIAN_POINT('Ctrl Pts',(3.13248748547958,11.9594084062503,-12.1637837605731));
#1015=CARTESIAN_POINT('Ctrl Pts',(1.38281115438295,12.1568437958575,-12.0721098170901));
#1016=CARTESIAN_POINT('Ctrl Pts',(-1.24170334226196,12.4529968802681,-11.9345989018655));
#1017=CARTESIAN_POINT('Ctrl Pts',(-3.96339273013339,11.8729658618862,-11.7970879866409));
#1018=CARTESIAN_POINT('Ctrl Pts',(-6.23469541430299,10.5281360604905,-11.6595770714164));
#1019=CARTESIAN_POINT('Ctrl Pts',(-8.50599809847259,9.18330625909487,-11.5220661561918));
#1020=CARTESIAN_POINT('Ctrl Pts',(-10.3269140789404,7.07367767468542,-11.3845552409672));
#1021=CARTESIAN_POINT('Ctrl Pts',(-11.3261175465553,4.6294312527241,-11.2470443257426));
#1022=CARTESIAN_POINT('Ctrl Pts',(-12.3253210141703,2.18518483076276,-11.1095334105181));
#1023=CARTESIAN_POINT('Ctrl Pts',(-12.5028119689324,-0.593679428750436,
-10.9720224952935));
#1024=CARTESIAN_POINT('Ctrl Pts',(-11.8242377664514,-3.14484615322469,-10.8345115800689));
#1025=CARTESIAN_POINT('Ctrl Pts',(-11.1456635639704,-5.69601287769892,-10.6970006648443));
#1026=CARTESIAN_POINT('Ctrl Pts',(-9.61102420424632,-8.01948206713422,-10.5594897496198));
#1027=CARTESIAN_POINT('Ctrl Pts',(-7.52965867590128,-9.64450461798938,-10.4219788343952));
#1028=CARTESIAN_POINT('Ctrl Pts',(-5.44829314755625,-11.2695271688445,-10.2844679191706));
#1029=CARTESIAN_POINT('Ctrl Pts',(-2.82020145059025,-12.1961030811196,-10.146957003946));
#1030=CARTESIAN_POINT('Ctrl Pts',(-0.180985405842696,-12.2346395122759,
-10.0094460887215));
#1031=CARTESIAN_POINT('Ctrl Pts',(2.45823063890488,-12.2731759434322,-9.87193517349688));
#1032=CARTESIAN_POINT('Ctrl Pts',(5.10857103143403,-11.4236728934698,-9.7344242582723));
#1033=CARTESIAN_POINT('Ctrl Pts',(7.23925064926203,-9.86306124890584,-9.59691334304772));
#1034=CARTESIAN_POINT('Ctrl Pts',(8.65970372781399,-8.82265348586324,-9.50523939956468));
#1035=CARTESIAN_POINT('Ctrl Pts',(9.84919646205432,-7.46619745855335,-9.41356545608163));
#1036=CARTESIAN_POINT('Ctrl Pts',(10.7019597329487,-5.92460931121736,-9.32189151259858));
#1037=CARTESIAN_POINT('Ctrl Pts',(11.554723003843,-4.38302116388135,-9.23021756911553));
#1038=CARTESIAN_POINT('Ctrl Pts',(12.0707568113913,-2.65630089651924,-9.13854362563248));
#1039=CARTESIAN_POINT('Ctrl Pts',(12.200443006943,-0.900212194349976,-9.04686968214943));
#1040=CARTESIAN_POINT('Ctrl Pts',(12.3301292024946,0.855876507819276,-8.95519573866638));
#1041=CARTESIAN_POINT('Ctrl Pts',(12.0734677860496,2.64133364479572,-8.86352179518333));
#1042=CARTESIAN_POINT('Ctrl Pts',(11.4556089734213,4.29089943321205,-8.77184785170028));
#1043=CARTESIAN_POINT('Ctrl Pts',(10.837750160793,5.94046522162839,-8.68017390821723));
#1044=CARTESIAN_POINT('Ctrl Pts',(9.85869395198155,7.45413966148462,-8.58849996473418));
#1045=CARTESIAN_POINT('Ctrl Pts',(8.60717123953784,8.69320011755377,-8.49682602125113));
#1046=CARTESIAN_POINT('Ctrl Pts',(7.35564852709413,9.93226057362293,-8.40515207776808));
#1047=CARTESIAN_POINT('Ctrl Pts',(5.83165931101821,10.896707045905,-8.31347813428503));
#1048=CARTESIAN_POINT('Ctrl Pts',(4.17627375242714,11.4979829571822,-8.22180419080198));
#1049=CARTESIAN_POINT('Ctrl Pts',(2.52088819383608,12.0992588684595,-8.13013024731893));
#1050=CARTESIAN_POINT('Ctrl Pts',(0.734106292729892,12.3373642187319,-8.03845630383587));
#1051=CARTESIAN_POINT('Ctrl Pts',(-1.02113641457275,12.1902873890846,-7.94678236035282));
#1052=CARTESIAN_POINT('Ctrl Pts',(-2.77637912187538,12.0432105594374,-7.85510841686977));
#1053=CARTESIAN_POINT('Ctrl Pts',(-4.50008263537448,11.5109515498704,-7.76343447338672));
#1054=CARTESIAN_POINT('Ctrl Pts',(-6.03197216465159,10.6426317892398,-7.67176052990367));
#1055=CARTESIAN_POINT('Ctrl Pts',(-7.56386169392868,9.77431202860916,-7.58008658642062));
#1056=CARTESIAN_POINT('Ctrl Pts',(-8.9039372389838,8.5699315169149,-7.48841264293757));
#1057=CARTESIAN_POINT('Ctrl Pts',(-9.93255511637211,7.13978497229188,-7.39673869945452));
#1058=CARTESIAN_POINT('Ctrl Pts',(-10.9611729937604,5.70963842766885,-7.30506475597147));
#1059=CARTESIAN_POINT('Ctrl Pts',(-11.6783332034819,4.05372585011707,-7.21339081248842));
#1060=CARTESIAN_POINT('Ctrl Pts',(-12.0114232469714,2.32467106960255,-7.12171686900537));
#1061=CARTESIAN_POINT('Ctrl Pts',(-12.5110583122057,-0.268911101169197,
-6.98420595378079));
#1062=CARTESIAN_POINT('Ctrl Pts',(-12.1465355034182,-3.02706322860711,-6.84669503855622));
#1063=CARTESIAN_POINT('Ctrl Pts',(-10.9825880214079,-5.39635957883168,-6.70918412333164));
#1064=CARTESIAN_POINT('Ctrl Pts',(-9.81864053939765,-7.76565592905627,-6.57167320810707));
#1065=CARTESIAN_POINT('Ctrl Pts',(-7.85526838416465,-9.74609650206752,-6.4341622928825));
#1066=CARTESIAN_POINT('Ctrl Pts',(-5.49647822054003,-10.9317786864152,-6.29665137765792));
#1067=CARTESIAN_POINT('Ctrl Pts',(-3.13768805691541,-12.117460870763,-6.15914046243335));
#1068=CARTESIAN_POINT('Ctrl Pts',(-0.383479884899163,-12.5083846664471,
-6.02162954720877));
#1069=CARTESIAN_POINT('Ctrl Pts',(2.21446778147122,-12.0323969555805,-5.88411863198419));
#1070=CARTESIAN_POINT('Ctrl Pts',(3.5134416146564,-11.7944031001473,-5.8153631743719));
#1071=CARTESIAN_POINT('Ctrl Pts',(4.77335032143011,-11.3396813680763,-5.74660771675962));
#1072=CARTESIAN_POINT('Ctrl Pts',(5.92909762268402,-10.6986981556282,-5.67785225914733));
#1073=CARTESIAN_POINT('Ctrl Pts',(7.08484492393795,-10.05771494318,-5.60909680153504));
#1074=CARTESIAN_POINT('Ctrl Pts',(8.13643081967208,-9.23047025035477,-5.54034134392276));
#1075=CARTESIAN_POINT('Ctrl Pts',(9.02744627804369,-8.25582612386009,-5.47158588631047));
#1076=CARTESIAN_POINT('Ctrl Pts',(10.3639694656011,-6.79385993411806,-5.36845269989204));
#1077=CARTESIAN_POINT('Ctrl Pts',(11.3392091690929,-5.00024501861992,-5.26531951347361));
#1078=CARTESIAN_POINT('Ctrl Pts',(11.8386820644807,-3.08296051565566,-5.16218632705517));
#1079=CARTESIAN_POINT('Ctrl Pts',(12.3381549598685,-1.16567601269143,-5.05905314063674));
#1080=CARTESIAN_POINT('Ctrl Pts',(12.3618610471524,0.875278077738907,-4.95591995421831));
#1081=CARTESIAN_POINT('Ctrl Pts',(11.907716805867,2.80371779302473,-4.85278676779988));
#1082=CARTESIAN_POINT('Ctrl Pts',(11.4535725645816,4.73215750831056,-4.74965358138145));
#1083=CARTESIAN_POINT('Ctrl Pts',(10.521577994727,6.5480828484519,-4.64652039496302));
#1084=CARTESIAN_POINT('Ctrl Pts',(9.21936025225253,8.04116446739934,-4.54338720854459));
#1085=CARTESIAN_POINT('Ctrl Pts',(7.91714250977809,9.53424608634677,-4.44025402212615));
#1086=CARTESIAN_POINT('Ctrl Pts',(6.24470159468383,10.7044839841003,-4.33712083570772));
#1087=CARTESIAN_POINT('Ctrl Pts',(4.39579363453001,11.4163659761638,-4.23398764928929));
#1088=CARTESIAN_POINT('Ctrl Pts',(2.54688567437619,12.1282479682272,-4.13085446287086));
#1089=CARTESIAN_POINT('Ctrl Pts',(0.521510669162818,12.3817740546006,-4.02772127645243));
#1090=CARTESIAN_POINT('Ctrl Pts',(-1.4457623869402,12.1476609713682,-3.924588090034));
#1091=CARTESIAN_POINT('Ctrl Pts',(-3.41303544304326,11.9135478881358,-3.82145490361557));
#1092=CARTESIAN_POINT('Ctrl Pts',(-5.32220655003596,11.1917956352975,-3.71832171719713));
#1093=CARTESIAN_POINT('Ctrl Pts',(-6.95242039008276,10.0657987268734,-3.6151885307787));
#1094=CARTESIAN_POINT('Ctrl Pts',(-8.58263423012953,8.93980181844919,-3.51205534436027));
#1095=CARTESIAN_POINT('Ctrl Pts',(-9.93389080323041,7.40956025443912,-3.40892215794184));
#1096=CARTESIAN_POINT('Ctrl Pts',(-10.8491087110594,5.65267636527953,-3.30578897152341));
#1097=CARTESIAN_POINT('Ctrl Pts',(-11.7536463368755,3.91629471415495,-3.20385931434803));
#1098=CARTESIAN_POINT('Ctrl Pts',(-12.2322627633857,1.95852955136183,-3.10192965717266));
#1099=CARTESIAN_POINT('Ctrl Pts',(-12.2324600562952,-3.37352023477636E-7,
-2.99999999999728));
#1100=CARTESIAN_POINT('',(-11.4470376131125,1.26167201753558E-14,-1.67362468170353));
#1101=CARTESIAN_POINT('Ctrl Pts',(-11.4470376131125,-2.8050478606545E-14,
-1.67362468170352));
#1102=CARTESIAN_POINT('Ctrl Pts',(-11.6223789475968,-1.30642360423331E-14,
-1.96985900288348));
#1103=CARTESIAN_POINT('Ctrl Pts',(-11.7980239879692,-5.83038671356627E-8,
-2.26651467850346));
#1104=CARTESIAN_POINT('Ctrl Pts',(-11.9734344586996,-1.59024997614665E-7,
-2.56269407948401));
#1105=CARTESIAN_POINT('Ctrl Pts',(-12.0597288823602,-2.08575463321879E-7,
-2.7084016338925));
#1106=CARTESIAN_POINT('Ctrl Pts',(-12.1460903213559,-2.72236182445104E-7,
-2.85420293149151));
#1107=CARTESIAN_POINT('Ctrl Pts',(-12.2324600563454,-3.4035739692774E-7,
-2.99999999992501));
#1108=CARTESIAN_POINT('Ctrl Pts',(-11.4470376131125,-2.80513269344928E-14,
-1.67362468170352));
#1109=CARTESIAN_POINT('Ctrl Pts',(-11.4470376131125,1.8544341777218,-1.77675786812196));
#1110=CARTESIAN_POINT('Ctrl Pts',(-10.5291737578764,5.56162280745149,-1.98302424095883));
#1111=CARTESIAN_POINT('Ctrl Pts',(-6.71138639807152,9.83600105010379,-2.29242380021411));
#1112=CARTESIAN_POINT('Ctrl Pts',(-1.34022161303376,11.8318000134535,-2.60182335946942));
#1113=CARTESIAN_POINT('Ctrl Pts',(4.34163752782934,11.0878207643213,-2.91122291872471));
#1114=CARTESIAN_POINT('Ctrl Pts',(9.0180984252933,7.77594845134881,-3.22062247798));
#1115=CARTESIAN_POINT('Ctrl Pts',(11.6056015800685,2.6632078288374,-3.53002203723529));
#1116=CARTESIAN_POINT('Ctrl Pts',(11.5065548318278,-3.06604612282916,-3.83942159649059));
#1117=CARTESIAN_POINT('Ctrl Pts',(9.04755271564015,-7.52803815671153,-4.11444342693974));
#1118=CARTESIAN_POINT('Ctrl Pts',(5.5880128998289,-10.2179111924594,-4.35508752858274));
#1119=CARTESIAN_POINT('Ctrl Pts',(0.862387023779694,-11.893236150547,-4.63010935903189));
#1120=CARTESIAN_POINT('Ctrl Pts',(-5.57573516689195,-10.9421491680558,-4.97388664709333));
#1121=CARTESIAN_POINT('Ctrl Pts',(-11.056036031932,-5.35113848859801,-5.38641939276706));
#1122=CARTESIAN_POINT('Ctrl Pts',(-11.9266321651429,1.53672532068913,-5.75311516669926));
#1123=CARTESIAN_POINT('Ctrl Pts',(-9.54701644298568,6.94687864239588,-6.07397396888994));
#1124=CARTESIAN_POINT('Ctrl Pts',(-5.76580625621667,10.3066354402965,-6.34899579933909));
#1125=CARTESIAN_POINT('Ctrl Pts',(-0.918327287222833,11.773417363276,-6.62401762978823));
#1126=CARTESIAN_POINT('Ctrl Pts',(4.09396783168182,11.0765280715625,-6.8990394602374));
#1127=CARTESIAN_POINT('Ctrl Pts',(8.35695243697094,8.34474381453361,-7.17406129068654));
#1128=CARTESIAN_POINT('Ctrl Pts',(11.0813855565098,4.07977186274194,-7.44908312113569));
#1129=CARTESIAN_POINT('Ctrl Pts',(11.7734908846448,-0.936681851204238,-7.72410495158484));
#1130=CARTESIAN_POINT('Ctrl Pts',(10.2973210282762,-5.77593899194941,-7.99912678203399));
#1131=CARTESIAN_POINT('Ctrl Pts',(6.37627581222028,-10.1965329163017,-8.31998558422467));
#1132=CARTESIAN_POINT('Ctrl Pts',(-0.249417970291782,-12.2788766877858,
-8.68668135815686));
#1133=CARTESIAN_POINT('Ctrl Pts',(-7.61258543162952,-9.6358281359578,-9.0992141038306));
#1134=CARTESIAN_POINT('Ctrl Pts',(-11.8838302301986,-3.08864922875009,-9.51174684950432));
#1135=CARTESIAN_POINT('Ctrl Pts',(-11.3413096699029,4.70971343527709,-9.92427959517804));
#1136=CARTESIAN_POINT('Ctrl Pts',(-6.19580845987442,10.6031442842581,-10.3368123408518));
#1137=CARTESIAN_POINT('Ctrl Pts',(0.604116122534473,12.0120365892467,-10.703508114784));
#1138=CARTESIAN_POINT('Ctrl Pts',(6.18233389852074,10.0582739879398,-11.0243669169747));
#1139=CARTESIAN_POINT('Ctrl Pts',(9.82636696687285,6.55120518364227,-11.2993887474238));
#1140=CARTESIAN_POINT('Ctrl Pts',(11.5135884458069,2.22430823187366,-11.5514920920022));
#1141=CARTESIAN_POINT('Ctrl Pts',(11.4812781780467,-1.94800377793769,-11.7806769507098));
#1142=CARTESIAN_POINT('Ctrl Pts',(9.87028907369867,-6.69434476047228,-12.055698781159));
#1143=CARTESIAN_POINT('Ctrl Pts',(5.12668543919682,-11.1600126936407,-12.3994760692204));
#1144=CARTESIAN_POINT('Ctrl Pts',(-1.99945376047779,-11.9181540299626,-12.777631086088));
#1145=CARTESIAN_POINT('Ctrl Pts',(-7.70087148440732,-9.07793540129762,-13.1214083741494));
#1146=CARTESIAN_POINT('Ctrl Pts',(-11.0522066790856,-4.43410811819875,-13.4308079334047));
#1147=CARTESIAN_POINT('Ctrl Pts',(-11.8424306601668,1.24390345756396,-13.74020749266));
#1148=CARTESIAN_POINT('Ctrl Pts',(-9.89022950767302,6.63047927713812,-14.0496070519153));
#1149=CARTESIAN_POINT('Ctrl Pts',(-5.64885197910025,10.4826272723114,-14.3590066111706));
#1150=CARTESIAN_POINT('Ctrl Pts',(-0.0959678990003062,11.9077370683557,
-14.6684061704259));
#1151=CARTESIAN_POINT('Ctrl Pts',(5.47215437592174,10.5725829964044,-14.9778057296812));
#1152=CARTESIAN_POINT('Ctrl Pts',(10.2662619365751,6.37475224429895,-15.3215830177426));
#1153=CARTESIAN_POINT('Ctrl Pts',(12.2702988680195,-0.500370106211917,-15.6997380346102));
#1154=CARTESIAN_POINT('Ctrl Pts',(9.47775470167651,-7.80997898859991,-16.1122707802839));
#1155=CARTESIAN_POINT('Ctrl Pts',(3.39752398694997,-11.595506497406,-16.4904257971515));
#1156=CARTESIAN_POINT('Ctrl Pts',(-2.97279961730532,-11.5281524353618,-16.834203085213));
#1157=CARTESIAN_POINT('Ctrl Pts',(-8.01310583005644,-8.80874940746969,-17.1436026444682));
#1158=CARTESIAN_POINT('Ctrl Pts',(-11.1998424574298,-4.04382726712622,-17.4530022037235));
#1159=CARTESIAN_POINT('Ctrl Pts',(-11.791867396037,1.65478790776689,-17.7624017629788));
#1160=CARTESIAN_POINT('Ctrl Pts',(-9.65333945080211,6.97166523009812,-18.0718013222341));
#1161=CARTESIAN_POINT('Ctrl Pts',(-5.27947978464964,10.6730714870126,-18.3812008814894));
#1162=CARTESIAN_POINT('Ctrl Pts',(0.31798962158897,11.9035816951333,-18.6906004407447));
#1163=CARTESIAN_POINT('Ctrl Pts',(3.99880397602583,10.8849971518984,-18.8968668135816));
#1164=CARTESIAN_POINT('Ctrl Pts',(5.61482909439305,9.97538793013934,-19.));
#1165=CARTESIAN_POINT('Ctrl Pts',(11.4470376131125,0.,-19.6736246817035));
#1166=CARTESIAN_POINT('Ctrl Pts',(11.4470376131125,1.86009978986484,-19.5701764058415));
#1167=CARTESIAN_POINT('Ctrl Pts',(10.5234516347596,5.57859176806602,-19.3632798541173));
#1168=CARTESIAN_POINT('Ctrl Pts',(6.68374851416758,9.85827907603021,-19.0529350265311));
#1169=CARTESIAN_POINT('Ctrl Pts',(1.28784887973063,11.8405058542087,-18.7425901989449));
#1170=CARTESIAN_POINT('Ctrl Pts',(-4.40854953960348,11.0645320339566,-18.4322453713587));
#1171=CARTESIAN_POINT('Ctrl Pts',(-9.0776340209083,7.71061403629647,-18.1219005437725));
#1172=CARTESIAN_POINT('Ctrl Pts',(-11.6319618584337,2.56039563292817,-17.8115557161863));
#1173=CARTESIAN_POINT('Ctrl Pts',(-11.4762663550899,-3.1863765281687,-17.5012108886001));
#1174=CARTESIAN_POINT('Ctrl Pts',(-8.64690532070219,-8.19077819182686,-17.1908660610139));
#1175=CARTESIAN_POINT('Ctrl Pts',(-3.8030096685182,-11.286936553445,-16.8805212334277));
#1176=CARTESIAN_POINT('Ctrl Pts',(1.92688867331255,-11.7535052585586,-16.5701764058415));
#1177=CARTESIAN_POINT('Ctrl Pts',(7.20787183067381,-9.48179301928591,-16.2598315782553));
#1178=CARTESIAN_POINT('Ctrl Pts',(10.8095927595028,-5.00105009277608,-15.9494867506691));
#1179=CARTESIAN_POINT('Ctrl Pts',(11.8929398231823,0.644816378932297,-15.6391419230828));
#1180=CARTESIAN_POINT('Ctrl Pts',(10.2055179695003,6.1404564940236,-15.3287970954966));
#1181=CARTESIAN_POINT('Ctrl Pts',(6.14045648067843,10.2055180002009,-15.0184522679104));
#1182=CARTESIAN_POINT('Ctrl Pts',(0.644816443092144,11.8929397328642,-14.7081074403242));
#1183=CARTESIAN_POINT('Ctrl Pts',(-5.00105024029339,10.8095929552491,-14.397762612738));
#1184=CARTESIAN_POINT('Ctrl Pts',(-9.48179271358813,7.20787143021373,-14.0874177851518));
#1185=CARTESIAN_POINT('Ctrl Pts',(-11.7535058774913,1.9268894816057,-13.7770729575656));
#1186=CARTESIAN_POINT('Ctrl Pts',(-11.2869353073454,-3.80301129462278,-13.4667281299794));
#1187=CARTESIAN_POINT('Ctrl Pts',(-8.19078069713363,-8.6469020520013,-13.1563833023932));
#1188=CARTESIAN_POINT('Ctrl Pts',(-3.18637149292427,-11.4762729243252,-12.846038474807));
#1189=CARTESIAN_POINT('Ctrl Pts',(2.56038551377498,-11.6319486565921,-12.5356936472208));
#1190=CARTESIAN_POINT('Ctrl Pts',(7.71063437221816,-9.07766055232435,-12.2253488196346));
#1191=CARTESIAN_POINT('Ctrl Pts',(11.0644911627708,-4.40849621030159,-11.9150039920484));
#1192=CARTESIAN_POINT('Ctrl Pts',(11.8405880436331,1.28774155300778,-11.6046591644621));
#1193=CARTESIAN_POINT('Ctrl Pts',(9.85811313702416,6.68396655469552,-11.2943143368759));
#1194=CARTESIAN_POINT('Ctrl Pts',(5.57893534048891,10.5229883585078,-10.9839695092897));
#1195=CARTESIAN_POINT('Ctrl Pts',(2.14950271575654E-14,11.9104073619067,
-10.6736246817035));
#1196=CARTESIAN_POINT('Ctrl Pts',(-5.57893534048889,10.5229883585078,-10.3632798541173));
#1197=CARTESIAN_POINT('Ctrl Pts',(-9.85811313702415,6.68396655469554,-10.0529350265311));
#1198=CARTESIAN_POINT('Ctrl Pts',(-11.8405880436331,1.28774155300779,-9.74259019894491));
#1199=CARTESIAN_POINT('Ctrl Pts',(-11.0644911627708,-4.40849621030156,-9.4322453713587));
#1200=CARTESIAN_POINT('Ctrl Pts',(-7.71063437221817,-9.07766055232436,-9.12190054377251));
#1201=CARTESIAN_POINT('Ctrl Pts',(-2.56038551377499,-11.6319486565921,-8.81155571618628));
#1202=CARTESIAN_POINT('Ctrl Pts',(3.18637149292424,-11.4762729243252,-8.50121088860009));
#1203=CARTESIAN_POINT('Ctrl Pts',(8.1907806971336,-8.64690205200133,-8.19086606101387));
#1204=CARTESIAN_POINT('Ctrl Pts',(11.2869353073454,-3.8030112946228,-7.88052123342767));
#1205=CARTESIAN_POINT('Ctrl Pts',(11.7535058774913,1.92688948160567,-7.57017640584146));
#1206=CARTESIAN_POINT('Ctrl Pts',(9.48179271358815,7.20787143021372,-7.25983157825525));
#1207=CARTESIAN_POINT('Ctrl Pts',(5.00105024029339,10.8095929552491,-6.94948675066905));
#1208=CARTESIAN_POINT('Ctrl Pts',(-0.644816443092126,11.8929397328642,-6.63914192308284));
#1209=CARTESIAN_POINT('Ctrl Pts',(-6.14045648067841,10.2055180002009,-6.32879709549664));
#1210=CARTESIAN_POINT('Ctrl Pts',(-10.2055179695003,6.14045649402363,-6.01845226791043));
#1211=CARTESIAN_POINT('Ctrl Pts',(-11.8929398231823,0.644816378932338,-5.70810744032423));
#1212=CARTESIAN_POINT('Ctrl Pts',(-10.8095927595028,-5.00105009277605,-5.39776261273802));
#1213=CARTESIAN_POINT('Ctrl Pts',(-7.20787183067383,-9.48179301928588,-5.08741778515181));
#1214=CARTESIAN_POINT('Ctrl Pts',(-1.92688867331257,-11.7535052585586,-4.7770729575656));
#1215=CARTESIAN_POINT('Ctrl Pts',(3.80300966851818,-11.286936553445,-4.46672812997939));
#1216=CARTESIAN_POINT('Ctrl Pts',(8.64690532070218,-8.19077819182688,-4.15638330239319));
#1217=CARTESIAN_POINT('Ctrl Pts',(11.4762663550899,-3.18637652816871,-3.84603847480698));
#1218=CARTESIAN_POINT('Ctrl Pts',(11.6319618584337,2.56039563292815,-3.53569364722078));
#1219=CARTESIAN_POINT('Ctrl Pts',(9.07763402090831,7.71061403629644,-3.22534881963457));
#1220=CARTESIAN_POINT('Ctrl Pts',(4.40854953960351,11.0645320339566,-2.91500399204836));
#1221=CARTESIAN_POINT('Ctrl Pts',(-1.28784887973061,11.8405058542087,-2.60465916446215));
#1222=CARTESIAN_POINT('Ctrl Pts',(-6.68374851416755,9.85827907603022,-2.29431433687595));
#1223=CARTESIAN_POINT('Ctrl Pts',(-10.5234516347596,5.57859176806604,-1.98396950928974));
#1224=CARTESIAN_POINT('Ctrl Pts',(-11.4470376131125,1.86009978986486,-1.7770729575656));
#1225=CARTESIAN_POINT('Ctrl Pts',(-11.4470376131125,1.26167201753558E-14,
-1.67362468170353));
#1226=CARTESIAN_POINT('Ctrl Pts',(11.3192441802223,0.,-19.4738670395335));
#1227=CARTESIAN_POINT('Ctrl Pts',(11.3192441802223,1.83922656684064,-19.3704187636715));
#1228=CARTESIAN_POINT('Ctrl Pts',(10.4059522776044,5.51636978708288,-19.1635222119473));
#1229=CARTESIAN_POINT('Ctrl Pts',(6.60912793110771,9.74818300980061,-18.8531773843611));
#1230=CARTESIAN_POINT('Ctrl Pts',(1.27346877471875,11.7083221806197,-18.5428325567749));
#1231=CARTESIAN_POINT('Ctrl Pts',(-4.35932781020453,10.9409904061832,-18.2324877291887));
#1232=CARTESIAN_POINT('Ctrl Pts',(-8.97628344510408,7.62452933587445,-17.9221429016025));
#1233=CARTESIAN_POINT('Ctrl Pts',(-11.5020919388865,2.53180728174129,-17.6117980740163));
#1234=CARTESIAN_POINT('Ctrl Pts',(-11.3481350179647,-3.15080005278215,-17.3014532464301));
#1235=CARTESIAN_POINT('Ctrl Pts',(-8.5503634026099,-8.09932937235187,-16.9911084188439));
#1236=CARTESIAN_POINT('Ctrl Pts',(-3.76054944836318,-11.1609187611721,-16.6807635912577));
#1237=CARTESIAN_POINT('Ctrl Pts',(1.90537515503542,-11.6222785990502,-16.3704187636715));
#1238=CARTESIAN_POINT('Ctrl Pts',(7.12739662189691,-9.37592964768589,-16.0600739360853));
#1239=CARTESIAN_POINT('Ctrl Pts',(10.6889046869074,-4.94521387106036,-15.7497291084991));
#1240=CARTESIAN_POINT('Ctrl Pts',(11.7601562797432,0.637617078809775,-15.4393842809129));
#1241=CARTESIAN_POINT('Ctrl Pts',(10.0915743325299,6.07189887452482,-15.1290394533267));
#1242=CARTESIAN_POINT('Ctrl Pts',(6.07189886768969,10.0915743655678,-14.8186946257405));
#1243=CARTESIAN_POINT('Ctrl Pts',(0.637617128984831,11.7601561900751,-14.5083497981542));
#1244=CARTESIAN_POINT('Ctrl Pts',(-4.94521399002484,10.688904878687,-14.1980049705681));
#1245=CARTESIAN_POINT('Ctrl Pts',(-9.3759293995914,7.12739623073262,-13.8876601429818));
#1246=CARTESIAN_POINT('Ctrl Pts',(-11.6222791021119,1.90537594398885,-13.5773153153956));
#1247=CARTESIAN_POINT('Ctrl Pts',(-11.1609177479828,-3.76055103527472,-13.2669704878094));
#1248=CARTESIAN_POINT('Ctrl Pts',(-8.09933140957366,-8.55036021283466,-12.9566256602232));
#1249=CARTESIAN_POINT('Ctrl Pts',(-3.15079595821771,-11.3481414285093,-12.646280832637));
#1250=CARTESIAN_POINT('Ctrl Pts',(2.53179905299745,-11.5020790559922,-12.3359360050508));
#1251=CARTESIAN_POINT('Ctrl Pts',(7.62454587271112,-8.97630933552215,-12.0255911774646));
#1252=CARTESIAN_POINT('Ctrl Pts',(10.940957171138,-4.35927576934521,-11.7152463498784));
#1253=CARTESIAN_POINT('Ctrl Pts',(11.7083890041304,1.27336404102724,-11.4049015222922));
#1254=CARTESIAN_POINT('Ctrl Pts',(9.74804824132618,6.60934070373832,-11.094556694706));
#1255=CARTESIAN_POINT('Ctrl Pts',(5.51664705795239,10.4055001941892,-10.7842118671198));
#1256=CARTESIAN_POINT('Ctrl Pts',(2.14950271575654E-14,11.7774287963554,
-10.4738670395335));
#1257=CARTESIAN_POINT('Ctrl Pts',(-5.51664705795236,10.4055001941892,-10.1635222119473));
#1258=CARTESIAN_POINT('Ctrl Pts',(-9.74804824132616,6.60934070373833,-9.85317738436114));
#1259=CARTESIAN_POINT('Ctrl Pts',(-11.7083890041304,1.27336404102725,-9.54283255677493));
#1260=CARTESIAN_POINT('Ctrl Pts',(-10.940957171138,-4.3592757693452,-9.23248772918872));
#1261=CARTESIAN_POINT('Ctrl Pts',(-7.62454587271114,-8.97630933552215,-8.92214290160252));
#1262=CARTESIAN_POINT('Ctrl Pts',(-2.53179905299746,-11.5020790559922,-8.6117980740163));
#1263=CARTESIAN_POINT('Ctrl Pts',(3.15079595821768,-11.3481414285093,-8.3014532464301));
#1264=CARTESIAN_POINT('Ctrl Pts',(8.09933140957364,-8.55036021283469,-7.99110841884389));
#1265=CARTESIAN_POINT('Ctrl Pts',(11.1609177479828,-3.76055103527474,-7.68076359125768));
#1266=CARTESIAN_POINT('Ctrl Pts',(11.6222791021119,1.90537594398882,-7.37041876367149));
#1267=CARTESIAN_POINT('Ctrl Pts',(9.37592939959141,7.12739623073262,-7.06007393608527));
#1268=CARTESIAN_POINT('Ctrl Pts',(4.94521399002485,10.6889048786869,-6.74972910849907));
#1269=CARTESIAN_POINT('Ctrl Pts',(-0.637617128984819,11.7601561900751,-6.43938428091286));
#1270=CARTESIAN_POINT('Ctrl Pts',(-6.07189886768966,10.0915743655678,-6.12903945332665));
#1271=CARTESIAN_POINT('Ctrl Pts',(-10.0915743325299,6.07189887452484,-5.81869462574045));
#1272=CARTESIAN_POINT('Ctrl Pts',(-11.7601562797432,0.637617078809814,-5.50834979815424));
#1273=CARTESIAN_POINT('Ctrl Pts',(-10.6889046869075,-4.94521387106034,-5.19800497056804));
#1274=CARTESIAN_POINT('Ctrl Pts',(-7.12739662189693,-9.37592964768586,-4.88766014298182));
#1275=CARTESIAN_POINT('Ctrl Pts',(-1.90537515503544,-11.6222785990502,-4.57731531539562));
#1276=CARTESIAN_POINT('Ctrl Pts',(3.76054944836316,-11.1609187611721,-4.26697048780941));
#1277=CARTESIAN_POINT('Ctrl Pts',(8.55036340260989,-8.09932937235189,-3.95662566022321));
#1278=CARTESIAN_POINT('Ctrl Pts',(11.3481350179647,-3.15080005278215,-3.646280832637));
#1279=CARTESIAN_POINT('Ctrl Pts',(11.5020919388865,2.53180728174127,-3.33593600505079));
#1280=CARTESIAN_POINT('Ctrl Pts',(8.97628344510409,7.62452933587443,-3.02559117746459));
#1281=CARTESIAN_POINT('Ctrl Pts',(4.35932781020457,10.9409904061832,-2.71524634987837));
#1282=CARTESIAN_POINT('Ctrl Pts',(-1.27346877471873,11.7083221806197,-2.40490152229217));
#1283=CARTESIAN_POINT('Ctrl Pts',(-6.60912793110768,9.74818300980062,-2.09455669470596));
#1284=CARTESIAN_POINT('Ctrl Pts',(-10.4059522776044,5.51636978708289,-1.78421186711976));
#1285=CARTESIAN_POINT('Ctrl Pts',(-11.3192441802223,1.83922656684065,-1.57731531539562));
#1286=CARTESIAN_POINT('Ctrl Pts',(-11.3192441802223,1.24758685386689E-14,
-1.47386703953355));
#1287=CARTESIAN_POINT('Ctrl Pts',(11.1807591311755,0.,-19.));
#1288=CARTESIAN_POINT('Ctrl Pts',(11.1807591311755,1.81691892706219,-18.8965517241379));
#1289=CARTESIAN_POINT('Ctrl Pts',(10.2786711918684,5.448777010479,-18.6896551724138));
#1290=CARTESIAN_POINT('Ctrl Pts',(6.52827589096974,9.62899036490665,-18.3793103448276));
#1291=CARTESIAN_POINT('Ctrl Pts',(1.25789345005056,11.5650726279794,-18.0689655172414));
#1292=CARTESIAN_POINT('Ctrl Pts',(-4.30600309363648,10.8071665061395,-17.7586206896552));
#1293=CARTESIAN_POINT('Ctrl Pts',(-8.86647941492946,7.53125494497905,-17.448275862069));
#1294=CARTESIAN_POINT('Ctrl Pts',(-11.3613916051291,2.50083988177872,-17.1379310344827));
#1295=CARTESIAN_POINT('Ctrl Pts',(-11.2093175142702,-3.11225913590109,-16.8275862068966));
#1296=CARTESIAN_POINT('Ctrl Pts',(-8.44577018921141,-8.00025260966141,-16.5172413793103));
#1297=CARTESIAN_POINT('Ctrl Pts',(-3.71454806231087,-11.0243919529641,-16.2068965517241));
#1298=CARTESIAN_POINT('Ctrl Pts',(1.88206741823273,-11.4801075601298,-15.8965517241379));
#1299=CARTESIAN_POINT('Ctrl Pts',(7.04020994360442,-9.26123762281698,-15.5862068965517));
#1300=CARTESIAN_POINT('Ctrl Pts',(10.5581514429589,-4.88472093246791,-15.2758620689655));
#1301=CARTESIAN_POINT('Ctrl Pts',(11.6162988362191,0.629817331230797,-14.9655172413793));
#1302=CARTESIAN_POINT('Ctrl Pts',(9.96812800345802,5.99762369479475,-14.6551724137931));
#1303=CARTESIAN_POINT('Ctrl Pts',(5.99762367652009,9.96812803123676,-14.3448275862069));
#1304=CARTESIAN_POINT('Ctrl Pts',(0.629817404828079,11.6162987482971,-14.0344827586207));
#1305=CARTESIAN_POINT('Ctrl Pts',(-4.88472109871742,10.5581516356194,-13.7241379310345));
#1306=CARTESIAN_POINT('Ctrl Pts',(-9.261237279591,7.04020954848508,-13.4137931034483));
#1307=CARTESIAN_POINT('Ctrl Pts',(-11.4801082544216,1.88206821622134,-13.1034482758621));
#1308=CARTESIAN_POINT('Ctrl Pts',(-11.0243905554513,-3.7145496679205,-12.7931034482759));
#1309=CARTESIAN_POINT('Ctrl Pts',(-8.00025541923469,-8.44576696159122,-12.4827586206897));
#1310=CARTESIAN_POINT('Ctrl Pts',(-3.11225348920797,-11.2093240010022,-12.1724137931034));
#1311=CARTESIAN_POINT('Ctrl Pts',(2.50082853385331,-11.3613785690609,-11.8620689655172));
#1312=CARTESIAN_POINT('Ctrl Pts',(7.53127775032359,-8.86650561320914,-11.551724137931));
#1313=CARTESIAN_POINT('Ctrl Pts',(10.8071206713,-4.30595043394605,-11.2413793103448));
#1314=CARTESIAN_POINT('Ctrl Pts',(11.56516480733,1.2577874709361,-10.9310344827586));
#1315=CARTESIAN_POINT('Ctrl Pts',(9.62880413530618,6.52849119375406,-10.6206896551724));
#1316=CARTESIAN_POINT('Ctrl Pts',(5.44916404695683,10.2782137325691,-10.3103448275862));
#1317=CARTESIAN_POINT('Ctrl Pts',(2.02667398914188E-14,11.6333600624636,
-9.99999999999999));
#1318=CARTESIAN_POINT('Ctrl Pts',(-5.4491640469568,10.2782137325691,-9.68965517241381));
#1319=CARTESIAN_POINT('Ctrl Pts',(-9.62880413530616,6.52849119375407,-9.37931034482758));
#1320=CARTESIAN_POINT('Ctrl Pts',(-11.56516480733,1.25778747093611,-9.06896551724139));
#1321=CARTESIAN_POINT('Ctrl Pts',(-10.8071206713,-4.30595043394604,-8.75862068965516));
#1322=CARTESIAN_POINT('Ctrl Pts',(-7.5312777503236,-8.86650561320913,-8.44827586206898));
#1323=CARTESIAN_POINT('Ctrl Pts',(-2.50082853385332,-11.3613785690609,-8.13793103448275));
#1324=CARTESIAN_POINT('Ctrl Pts',(3.11225348920794,-11.2093240010022,-7.82758620689656));
#1325=CARTESIAN_POINT('Ctrl Pts',(8.00025541923467,-8.44576696159123,-7.51724137931035));
#1326=CARTESIAN_POINT('Ctrl Pts',(11.0243905554513,-3.71454966792053,-7.20689655172414));
#1327=CARTESIAN_POINT('Ctrl Pts',(11.4801082544216,1.88206821622133,-6.89655172413794));
#1328=CARTESIAN_POINT('Ctrl Pts',(9.26123727959101,7.04020954848507,-6.58620689655172));
#1329=CARTESIAN_POINT('Ctrl Pts',(4.88472109871743,10.5581516356194,-6.27586206896552));
#1330=CARTESIAN_POINT('Ctrl Pts',(-0.629817404828067,11.6162987482971,-5.96551724137932));
#1331=CARTESIAN_POINT('Ctrl Pts',(-5.99762367652007,9.96812803123677,-5.6551724137931));
#1332=CARTESIAN_POINT('Ctrl Pts',(-9.968128003458,5.99762369479477,-5.3448275862069));
#1333=CARTESIAN_POINT('Ctrl Pts',(-11.6162988362191,0.629817331230838,-5.03448275862069));
#1334=CARTESIAN_POINT('Ctrl Pts',(-10.5581514429589,-4.88472093246789,-4.72413793103449));
#1335=CARTESIAN_POINT('Ctrl Pts',(-7.04020994360444,-9.26123762281695,-4.41379310344827));
#1336=CARTESIAN_POINT('Ctrl Pts',(-1.88206741823276,-11.4801075601298,-4.10344827586208));
#1337=CARTESIAN_POINT('Ctrl Pts',(3.71454806231086,-11.0243919529641,-3.79310344827586));
#1338=CARTESIAN_POINT('Ctrl Pts',(8.4457701892114,-8.00025260966143,-3.48275862068966));
#1339=CARTESIAN_POINT('Ctrl Pts',(11.2093175142702,-3.11225913590108,-3.17241379310345));
#1340=CARTESIAN_POINT('Ctrl Pts',(11.3613916051291,2.50083988177869,-2.86206896551724));
#1341=CARTESIAN_POINT('Ctrl Pts',(8.86647941492947,7.53125494497903,-2.55172413793104));
#1342=CARTESIAN_POINT('Ctrl Pts',(4.3060030936365,10.8071665061394,-2.24137931034483));
#1343=CARTESIAN_POINT('Ctrl Pts',(-1.25789345005053,11.5650726279794,-1.93103448275862));
#1344=CARTESIAN_POINT('Ctrl Pts',(-6.52827589096972,9.62899036490666,-1.62068965517242));
#1345=CARTESIAN_POINT('Ctrl Pts',(-10.2786711918684,5.44877701047901,-1.31034482758621));
#1346=CARTESIAN_POINT('Ctrl Pts',(-11.1807591311755,1.8169189270622,-1.10344827586207));
#1347=CARTESIAN_POINT('Ctrl Pts',(-11.1807591311755,1.23232327938284E-14,
-1.));
#1348=CARTESIAN_POINT('Ctrl Pts',(11.3192441802223,0.,-18.5261329604665));
#1349=CARTESIAN_POINT('Ctrl Pts',(11.3192441802223,1.83922656684063,-18.4226846846044));
#1350=CARTESIAN_POINT('Ctrl Pts',(10.4059522776044,5.51636978708287,-18.2157881328803));
#1351=CARTESIAN_POINT('Ctrl Pts',(6.60912793110771,9.74818300980061,-17.905443305294));
#1352=CARTESIAN_POINT('Ctrl Pts',(1.27346877471875,11.7083221806197,-17.5950984777079));
#1353=CARTESIAN_POINT('Ctrl Pts',(-4.35932781020453,10.9409904061832,-17.2847536501216));
#1354=CARTESIAN_POINT('Ctrl Pts',(-8.97628344510408,7.62452933587445,-16.9744088225354));
#1355=CARTESIAN_POINT('Ctrl Pts',(-11.5020919388865,2.53180728174129,-16.6640639949492));
#1356=CARTESIAN_POINT('Ctrl Pts',(-11.3481350179647,-3.15080005278215,-16.353719167363));
#1357=CARTESIAN_POINT('Ctrl Pts',(-8.55036340260989,-8.09932937235187,-16.0433743397768));
#1358=CARTESIAN_POINT('Ctrl Pts',(-3.76054944836318,-11.1609187611721,-15.7330295121906));
#1359=CARTESIAN_POINT('Ctrl Pts',(1.90537515503542,-11.6222785990502,-15.4226846846044));
#1360=CARTESIAN_POINT('Ctrl Pts',(7.12739662189691,-9.37592964768589,-15.1123398570182));
#1361=CARTESIAN_POINT('Ctrl Pts',(10.6889046869074,-4.94521387106036,-14.801995029432));
#1362=CARTESIAN_POINT('Ctrl Pts',(11.7601562797432,0.637617078809771,-14.4916502018458));
#1363=CARTESIAN_POINT('Ctrl Pts',(10.0915743325299,6.07189887452482,-14.1813053742596));
#1364=CARTESIAN_POINT('Ctrl Pts',(6.07189886768969,10.0915743655678,-13.8709605466734));
#1365=CARTESIAN_POINT('Ctrl Pts',(0.637617128984831,11.7601561900751,-13.5606157190871));
#1366=CARTESIAN_POINT('Ctrl Pts',(-4.94521399002485,10.688904878687,-13.250270891501));
#1367=CARTESIAN_POINT('Ctrl Pts',(-9.3759293995914,7.12739623073262,-12.9399260639147));
#1368=CARTESIAN_POINT('Ctrl Pts',(-11.6222791021119,1.90537594398885,-12.6295812363285));
#1369=CARTESIAN_POINT('Ctrl Pts',(-11.1609177479828,-3.76055103527472,-12.3192364087423));
#1370=CARTESIAN_POINT('Ctrl Pts',(-8.09933140957366,-8.55036021283466,-12.0088915811561));
#1371=CARTESIAN_POINT('Ctrl Pts',(-3.15079595821771,-11.3481414285093,-11.6985467535699));
#1372=CARTESIAN_POINT('Ctrl Pts',(2.53179905299745,-11.5020790559922,-11.3882019259837));
#1373=CARTESIAN_POINT('Ctrl Pts',(7.62454587271112,-8.97630933552215,-11.0778570983975));
#1374=CARTESIAN_POINT('Ctrl Pts',(10.940957171138,-4.35927576934521,-10.7675122708113));
#1375=CARTESIAN_POINT('Ctrl Pts',(11.7083890041304,1.27336404102724,-10.4571674432251));
#1376=CARTESIAN_POINT('Ctrl Pts',(9.74804824132618,6.60934070373831,-10.1468226156389));
#1377=CARTESIAN_POINT('Ctrl Pts',(5.51664705795239,10.4055001941892,-9.83647778805266));
#1378=CARTESIAN_POINT('Ctrl Pts',(2.08808835244921E-14,11.7774287963554,
-9.52613296046646));
#1379=CARTESIAN_POINT('Ctrl Pts',(-5.51664705795236,10.4055001941892,-9.21578813288025));
#1380=CARTESIAN_POINT('Ctrl Pts',(-9.74804824132617,6.60934070373834,-8.90544330529404));
#1381=CARTESIAN_POINT('Ctrl Pts',(-11.7083890041304,1.27336404102725,-8.59509847770784));
#1382=CARTESIAN_POINT('Ctrl Pts',(-10.940957171138,-4.35927576934519,-8.28475365012162));
#1383=CARTESIAN_POINT('Ctrl Pts',(-7.62454587271114,-8.97630933552215,-7.97440882253543));
#1384=CARTESIAN_POINT('Ctrl Pts',(-2.53179905299746,-11.5020790559922,-7.66406399494922));
#1385=CARTESIAN_POINT('Ctrl Pts',(3.15079595821768,-11.3481414285093,-7.353719167363));
#1386=CARTESIAN_POINT('Ctrl Pts',(8.09933140957364,-8.55036021283468,-7.0433743397768));
#1387=CARTESIAN_POINT('Ctrl Pts',(11.1609177479828,-3.76055103527475,-6.73302951219059));
#1388=CARTESIAN_POINT('Ctrl Pts',(11.6222791021119,1.90537594398882,-6.42268468460439));
#1389=CARTESIAN_POINT('Ctrl Pts',(9.37592939959141,7.12739623073262,-6.11233985701817));
#1390=CARTESIAN_POINT('Ctrl Pts',(4.94521399002485,10.6889048786869,-5.80199502943198));
#1391=CARTESIAN_POINT('Ctrl Pts',(-0.637617128984816,11.7601561900751,-5.49165020184576));
#1392=CARTESIAN_POINT('Ctrl Pts',(-6.07189886768967,10.0915743655678,-5.18130537425956));
#1393=CARTESIAN_POINT('Ctrl Pts',(-10.0915743325299,6.07189887452484,-4.87096054667335));
#1394=CARTESIAN_POINT('Ctrl Pts',(-11.7601562797432,0.637617078809814,-4.56061571908714));
#1395=CARTESIAN_POINT('Ctrl Pts',(-10.6889046869074,-4.94521387106034,-4.25027089150094));
#1396=CARTESIAN_POINT('Ctrl Pts',(-7.12739662189694,-9.37592964768586,-3.93992606391473));
#1397=CARTESIAN_POINT('Ctrl Pts',(-1.90537515503544,-11.6222785990502,-3.62958123632853));
#1398=CARTESIAN_POINT('Ctrl Pts',(3.76054944836316,-11.1609187611721,-3.31923640874232));
#1399=CARTESIAN_POINT('Ctrl Pts',(8.55036340260989,-8.09932937235189,-3.00889158115611));
#1400=CARTESIAN_POINT('Ctrl Pts',(11.3481350179647,-3.15080005278215,-2.6985467535699));
#1401=CARTESIAN_POINT('Ctrl Pts',(11.5020919388865,2.53180728174127,-2.3882019259837));
#1402=CARTESIAN_POINT('Ctrl Pts',(8.97628344510409,7.62452933587443,-2.07785709839749));
#1403=CARTESIAN_POINT('Ctrl Pts',(4.35932781020456,10.9409904061832,-1.76751227081128));
#1404=CARTESIAN_POINT('Ctrl Pts',(-1.27346877471872,11.7083221806197,-1.45716744322508));
#1405=CARTESIAN_POINT('Ctrl Pts',(-6.60912793110769,9.74818300980061,-1.14682261563887));
#1406=CARTESIAN_POINT('Ctrl Pts',(-10.4059522776044,5.51636978708289,-0.836477788052666));
#1407=CARTESIAN_POINT('Ctrl Pts',(-11.3192441802223,1.83922656684065,-0.629581236328523));
#1408=CARTESIAN_POINT('Ctrl Pts',(-11.3192441802223,1.24758685386689E-14,
-0.526132960466454));
#1409=CARTESIAN_POINT('Ctrl Pts',(11.4470376131125,0.,-18.3263753182965));
#1410=CARTESIAN_POINT('Ctrl Pts',(11.4470376131125,1.86009978986484,-18.2229270424344));
#1411=CARTESIAN_POINT('Ctrl Pts',(10.5234516347596,5.57859176806602,-18.0160304907103));
#1412=CARTESIAN_POINT('Ctrl Pts',(6.68374851416758,9.85827907603021,-17.7056856631241));
#1413=CARTESIAN_POINT('Ctrl Pts',(1.28784887973063,11.8405058542087,-17.3953408355378));
#1414=CARTESIAN_POINT('Ctrl Pts',(-4.40854953960348,11.0645320339566,-17.0849960079516));
#1415=CARTESIAN_POINT('Ctrl Pts',(-9.07763402090831,7.71061403629646,-16.7746511803654));
#1416=CARTESIAN_POINT('Ctrl Pts',(-11.6319618584337,2.56039563292817,-16.4643063527792));
#1417=CARTESIAN_POINT('Ctrl Pts',(-11.4762663550899,-3.1863765281687,-16.153961525193));
#1418=CARTESIAN_POINT('Ctrl Pts',(-8.64690532070219,-8.19077819182686,-15.8436166976068));
#1419=CARTESIAN_POINT('Ctrl Pts',(-3.8030096685182,-11.286936553445,-15.5332718700206));
#1420=CARTESIAN_POINT('Ctrl Pts',(1.92688867331255,-11.7535052585586,-15.2229270424344));
#1421=CARTESIAN_POINT('Ctrl Pts',(7.2078718306738,-9.48179301928591,-14.9125822148482));
#1422=CARTESIAN_POINT('Ctrl Pts',(10.8095927595028,-5.00105009277607,-14.602237387262));
#1423=CARTESIAN_POINT('Ctrl Pts',(11.8929398231823,0.644816378932295,-14.2918925596758));
#1424=CARTESIAN_POINT('Ctrl Pts',(10.2055179695003,6.1404564940236,-13.9815477320896));
#1425=CARTESIAN_POINT('Ctrl Pts',(6.14045648067842,10.2055180002009,-13.6712029045034));
#1426=CARTESIAN_POINT('Ctrl Pts',(0.644816443092149,11.8929397328642,-13.3608580769172));
#1427=CARTESIAN_POINT('Ctrl Pts',(-5.00105024029339,10.8095929552491,-13.050513249331));
#1428=CARTESIAN_POINT('Ctrl Pts',(-9.48179271358812,7.20787143021373,-12.7401684217447));
#1429=CARTESIAN_POINT('Ctrl Pts',(-11.7535058774913,1.92688948160569,-12.4298235941585));
#1430=CARTESIAN_POINT('Ctrl Pts',(-11.2869353073454,-3.80301129462278,-12.1194787665723));
#1431=CARTESIAN_POINT('Ctrl Pts',(-8.19078069713363,-8.6469020520013,-11.8091339389861));
#1432=CARTESIAN_POINT('Ctrl Pts',(-3.18637149292426,-11.4762729243252,-11.4987891113999));
#1433=CARTESIAN_POINT('Ctrl Pts',(2.56038551377497,-11.6319486565921,-11.1884442838137));
#1434=CARTESIAN_POINT('Ctrl Pts',(7.71063437221816,-9.07766055232435,-10.8780994562275));
#1435=CARTESIAN_POINT('Ctrl Pts',(11.0644911627708,-4.40849621030158,-10.5677546286413));
#1436=CARTESIAN_POINT('Ctrl Pts',(11.8405880436331,1.28774155300778,-10.2574098010551));
#1437=CARTESIAN_POINT('Ctrl Pts',(9.85811313702416,6.68396655469553,-9.94706497346888));
#1438=CARTESIAN_POINT('Ctrl Pts',(5.57893534048891,10.5229883585078,-9.63672014588268));
#1439=CARTESIAN_POINT('Ctrl Pts',(2.33374580567853E-14,11.9104073619067,
-9.32637531829647));
#1440=CARTESIAN_POINT('Ctrl Pts',(-5.57893534048889,10.5229883585078,-9.01603049071027));
#1441=CARTESIAN_POINT('Ctrl Pts',(-9.85811313702415,6.68396655469555,-8.70568566312405));
#1442=CARTESIAN_POINT('Ctrl Pts',(-11.8405880436331,1.28774155300778,-8.39534083553786));
#1443=CARTESIAN_POINT('Ctrl Pts',(-11.0644911627708,-4.40849621030156,-8.08499600795163));
#1444=CARTESIAN_POINT('Ctrl Pts',(-7.71063437221816,-9.07766055232437,-7.77465118036544));
#1445=CARTESIAN_POINT('Ctrl Pts',(-2.56038551377499,-11.6319486565921,-7.46430635277923));
#1446=CARTESIAN_POINT('Ctrl Pts',(3.18637149292424,-11.4762729243252,-7.15396152519303));
#1447=CARTESIAN_POINT('Ctrl Pts',(8.1907806971336,-8.64690205200132,-6.84361669760681));
#1448=CARTESIAN_POINT('Ctrl Pts',(11.2869353073454,-3.80301129462281,-6.53327187002061));
#1449=CARTESIAN_POINT('Ctrl Pts',(11.7535058774913,1.92688948160567,-6.2229270424344));
#1450=CARTESIAN_POINT('Ctrl Pts',(9.48179271358814,7.20787143021372,-5.91258221484819));
#1451=CARTESIAN_POINT('Ctrl Pts',(5.0010502402934,10.8095929552491,-5.60223738726199));
#1452=CARTESIAN_POINT('Ctrl Pts',(-0.644816443092131,11.8929397328642,-5.29189255967578));
#1453=CARTESIAN_POINT('Ctrl Pts',(-6.1404564806784,10.2055180002009,-4.98154773208958));
#1454=CARTESIAN_POINT('Ctrl Pts',(-10.2055179695003,6.14045649402363,-4.67120290450336));
#1455=CARTESIAN_POINT('Ctrl Pts',(-11.8929398231823,0.644816378932337,-4.36085807691716));
#1456=CARTESIAN_POINT('Ctrl Pts',(-10.8095927595028,-5.00105009277605,-4.05051324933096));
#1457=CARTESIAN_POINT('Ctrl Pts',(-7.20787183067382,-9.48179301928588,-3.74016842174474));
#1458=CARTESIAN_POINT('Ctrl Pts',(-1.92688867331258,-11.7535052585586,-3.42982359415854));
#1459=CARTESIAN_POINT('Ctrl Pts',(3.80300966851819,-11.286936553445,-3.11947876657233));
#1460=CARTESIAN_POINT('Ctrl Pts',(8.64690532070218,-8.19077819182688,-2.80913393898613));
#1461=CARTESIAN_POINT('Ctrl Pts',(11.4762663550899,-3.1863765281687,-2.49878911139992));
#1462=CARTESIAN_POINT('Ctrl Pts',(11.6319618584337,2.56039563292815,-2.18844428381371));
#1463=CARTESIAN_POINT('Ctrl Pts',(9.07763402090831,7.71061403629645,-1.87809945622751));
#1464=CARTESIAN_POINT('Ctrl Pts',(4.40854953960351,11.0645320339566,-1.5677546286413));
#1465=CARTESIAN_POINT('Ctrl Pts',(-1.28784887973061,11.8405058542087,-1.2574098010551));
#1466=CARTESIAN_POINT('Ctrl Pts',(-6.68374851416755,9.85827907603021,-0.947064973468883));
#1467=CARTESIAN_POINT('Ctrl Pts',(-10.5234516347596,5.57859176806604,-0.636720145882682));
#1468=CARTESIAN_POINT('Ctrl Pts',(-11.4470376131125,1.86009978986486,-0.429823594158539));
#1469=CARTESIAN_POINT('Ctrl Pts',(-11.4470376131125,1.26167201753558E-14,
-0.32637531829647));
#1470=CARTESIAN_POINT('',(-11.4470376131125,1.26167201753558E-14,-0.326375318296475));
#1471=CARTESIAN_POINT('Origin',(-12.5,1.37772764904077E-14,-1.));
#1472=CARTESIAN_POINT('Ctrl Pts',(11.4470376131125,1.75787717612191E-17,
-18.3263753182965));
#1473=CARTESIAN_POINT('Ctrl Pts',(11.4470376131125,1.86009978986484,-18.2229270424344));
#1474=CARTESIAN_POINT('Ctrl Pts',(10.985244623936,3.71934577896543,-18.1194787665723));
#1475=CARTESIAN_POINT('Ctrl Pts',(10.1143976092491,5.36224999150975,-18.0160304907103));
#1476=CARTESIAN_POINT('Ctrl Pts',(9.24355059456224,7.00515420405408,-17.9125822148482));
#1477=CARTESIAN_POINT('Ctrl Pts',(7.96364955436491,8.43171664004214,-17.8091339389861));
#1478=CARTESIAN_POINT('Ctrl Pts',(6.42438242852675,9.47536898773259,-17.7056856631241));
#1479=CARTESIAN_POINT('Ctrl Pts',(4.88511530268859,10.519021335423,-17.602237387262));
#1480=CARTESIAN_POINT('Ctrl Pts',(3.08648209120961,11.1797635948159,-17.4987891113999));
#1481=CARTESIAN_POINT('Ctrl Pts',(1.23776574891444,11.3808057544703,-17.3953408355379));
#1482=CARTESIAN_POINT('Ctrl Pts',(-0.610950593380737,11.5818479141247,-17.2918925596758));
#1483=CARTESIAN_POINT('Ctrl Pts',(-2.5097500664921,11.3231899740406,-17.1884442838137));
#1484=CARTESIAN_POINT('Ctrl Pts',(-4.23733054993193,10.6348746710553,-17.0849960079516));
#1485=CARTESIAN_POINT('Ctrl Pts',(-5.96491103337175,9.94655936806988,-16.9815477320896));
#1486=CARTESIAN_POINT('Ctrl Pts',(-7.52127252714003,8.82858670218317,-16.8780994562275));
#1487=CARTESIAN_POINT('Ctrl Pts',(-8.7251745802784,7.4112306353451,-16.7746511803654));
#1488=CARTESIAN_POINT('Ctrl Pts',(-9.92907663341678,5.99387456850703,-16.6712029045034));
#1489=CARTESIAN_POINT('Ctrl Pts',(-10.7805192459253,4.2771351007176,-16.5677546286413));
#1490=CARTESIAN_POINT('Ctrl Pts',(-11.1802913016222,2.46097000664007,-16.4643063527792));
#1491=CARTESIAN_POINT('Ctrl Pts',(-11.5800633573191,0.644804912562547,-16.3608580769172));
#1492=CARTESIAN_POINT('Ctrl Pts',(-11.5281648562045,-1.27078580780308,-16.2574098010551));
#1493=CARTESIAN_POINT('Ctrl Pts',(-11.0306554332493,-3.06264811192891,-16.153961525193));
#1494=CARTESIAN_POINT('Ctrl Pts',(-10.533146010294,-4.85451041605475,-16.050513249331));
#1495=CARTESIAN_POINT('Ctrl Pts',(-9.5900256654981,-6.52264430394081,-15.9470649734689));
#1496=CARTESIAN_POINT('Ctrl Pts',(-8.31114955106948,-7.87273764148685,-15.8436166976068));
#1497=CARTESIAN_POINT('Ctrl Pts',(-7.03227343664086,-9.22283097903289,-15.7401684217448));
#1498=CARTESIAN_POINT('Ctrl Pts',(-5.41764155257953,-10.2548837662389,-15.6367201458827));
#1499=CARTESIAN_POINT('Ctrl Pts',(-3.65534255357707,-10.8486716106942,-15.5332718700206));
#1500=CARTESIAN_POINT('Ctrl Pts',(-1.89304355457461,-11.4424594551495,-15.4298235941585));
#1501=CARTESIAN_POINT('Ctrl Pts',(0.0169225593689692,-11.597982356854,-15.3263753182965));
#1502=CARTESIAN_POINT('Ctrl Pts',(1.85206947590097,-11.2971251011609,-15.2229270424344));
#1503=CARTESIAN_POINT('Ctrl Pts',(3.68721639243297,-10.9962678454677,-15.1194787665723));
#1504=CARTESIAN_POINT('Ctrl Pts',(5.44754411155338,-10.2390304323768,-15.0160304907103));
#1505=CARTESIAN_POINT('Ctrl Pts',(6.92799479258508,-9.11362123807972,-14.9125822148482));
#1506=CARTESIAN_POINT('Ctrl Pts',(8.40844547361679,-7.98821204378263,-14.8091339389861));
#1507=CARTESIAN_POINT('Ctrl Pts',(9.60901911655978,-6.49463106827935,-14.7056856631241));
#1508=CARTESIAN_POINT('Ctrl Pts',(10.3898637819779,-4.80686283524298,-14.602237387262));
#1509=CARTESIAN_POINT('Ctrl Pts',(11.1707084473959,-3.11909460220662,-14.4987891113999));
#1510=CARTESIAN_POINT('Ctrl Pts',(11.5318241352891,-1.23713911163716,-14.3953408355378));
#1511=CARTESIAN_POINT('Ctrl Pts',(11.431145003622,0.619778652829455,-14.2918925596758));
#1512=CARTESIAN_POINT('Ctrl Pts',(11.330465871955,2.47669641729607,-14.1884442838137));
#1513=CARTESIAN_POINT('Ctrl Pts',(10.7679919207276,4.30857645565983,-14.0849960079516));
#1514=CARTESIAN_POINT('Ctrl Pts',(9.80924469697699,5.90202672587126,-13.9815477320896));
#1515=CARTESIAN_POINT('Ctrl Pts',(8.85049747322634,7.49547699608269,-13.8780994562275));
#1516=CARTESIAN_POINT('Ctrl Pts',(7.49547697695238,8.85049749814177,-13.7746511803654));
#1517=CARTESIAN_POINT('Ctrl Pts',(5.90202672255102,9.80924470461521,-13.6712029045034));
#1518=CARTESIAN_POINT('Ctrl Pts',(4.30857646814966,10.7679919110886,-13.5677546286413));
#1519=CARTESIAN_POINT('Ctrl Pts',(2.47669645562091,11.3304658219764,-13.4643063527792));
#1520=CARTESIAN_POINT('Ctrl Pts',(0.619778668792271,11.4311449811511,-13.3608580769172));
#1521=CARTESIAN_POINT('Ctrl Pts',(-1.23713911803637,11.5318241403258,-13.2574098010551));
#1522=CARTESIAN_POINT('Ctrl Pts',(-3.11909467916487,11.1707085477875,-13.153961525193));
#1523=CARTESIAN_POINT('Ctrl Pts',(-4.80686287194492,10.3898638306791,-13.050513249331));
#1524=CARTESIAN_POINT('Ctrl Pts',(-6.49463106472496,9.60901911357066,-12.9470649734689));
#1525=CARTESIAN_POINT('Ctrl Pts',(-7.98821188915654,8.40844527189219,-12.8436166976068));
#1526=CARTESIAN_POINT('Ctrl Pts',(-9.11362116202286,6.92799469295162,-12.7401684217448));
#1527=CARTESIAN_POINT('Ctrl Pts',(-10.2390304348892,5.44754411401105,-12.6367201458827));
#1528=CARTESIAN_POINT('Ctrl Pts',(-10.9962681561902,3.68721679780837,-12.5332718700206));
#1529=CARTESIAN_POINT('Ctrl Pts',(-11.2971252551498,1.85206967700228,-12.4298235941585));
#1530=CARTESIAN_POINT('Ctrl Pts',(-11.5979823541093,0.0169225561962005,
-12.3263753182965));
#1531=CARTESIAN_POINT('Ctrl Pts',(-11.4424588307274,-1.89304436921329,-12.2229270424344));
#1532=CARTESIAN_POINT('Ctrl Pts',(-10.8486713006678,-3.65534295814778,-12.1194787665723));
#1533=CARTESIAN_POINT('Ctrl Pts',(-10.2548837706082,-5.41764154708228,-12.0160304907103));
#1534=CARTESIAN_POINT('Ctrl Pts',(-9.2228322338709,-7.03227179954179,-11.9125822148482));
#1535=CARTESIAN_POINT('Ctrl Pts',(-7.87273826480071,-8.31114873782552,-11.8091339389861));
#1536=CARTESIAN_POINT('Ctrl Pts',(-6.52264429573051,-9.59002567610925,-11.7056856631241));
#1537=CARTESIAN_POINT('Ctrl Pts',(-4.85450789432739,-10.5331493002172,-11.602237387262));
#1538=CARTESIAN_POINT('Ctrl Pts',(-3.06264685917595,-11.030657067649,-11.4987891113999));
#1539=CARTESIAN_POINT('Ctrl Pts',(-1.27078582402452,-11.5281648350808,-11.3953408355379));
#1540=CARTESIAN_POINT('Ctrl Pts',(0.644799844875228,-11.5800567458365,-11.2918925596758));
#1541=CARTESIAN_POINT('Ctrl Pts',(2.46096748906563,-11.1802880171697,-11.1884442838137));
#1542=CARTESIAN_POINT('Ctrl Pts',(4.27713513325603,-10.7805192885029,-11.0849960079516));
#1543=CARTESIAN_POINT('Ctrl Pts',(5.99388475273709,-9.92908992041361,-10.9815477320896));
#1544=CARTESIAN_POINT('Ctrl Pts',(7.41123569423639,-8.72518117936519,-10.8780994562275));
#1545=CARTESIAN_POINT('Ctrl Pts',(8.82858663573569,-7.52127243831676,-10.7746511803654));
#1546=CARTESIAN_POINT('Ctrl Pts',(9.94653889925323,-5.96488432430917,-10.6712029045034));
#1547=CARTESIAN_POINT('Ctrl Pts',(10.6348645111557,-4.23731730675382,-10.5677546286413));
#1548=CARTESIAN_POINT('Ctrl Pts',(11.3231901230582,-2.50975028919846,-10.4643063527792));
#1549=CARTESIAN_POINT('Ctrl Pts',(11.5818890833456,-0.611004368095342,-10.3608580769172));
#1550=CARTESIAN_POINT('Ctrl Pts',(11.3808260790545,1.23773942607084,-10.2574098010551));
#1551=CARTESIAN_POINT('Ctrl Pts',(11.1797630747634,3.08648322023703,-10.153961525193));
#1552=CARTESIAN_POINT('Ctrl Pts',(10.5189381058938,4.88522488746628,-10.050513249331));
#1553=CARTESIAN_POINT('Ctrl Pts',(9.47532932203643,6.42443268838295,-9.94706497346889));
#1554=CARTESIAN_POINT('Ctrl Pts',(8.43172053817907,7.96364048929961,-9.84361669760682));
#1555=CARTESIAN_POINT('Ctrl Pts',(7.00532793933399,9.24331442390369,-9.74016842174475));
#1556=CARTESIAN_POINT('Ctrl Pts',(5.3623090831633,10.1143878917722,-9.63672014588268));
#1557=CARTESIAN_POINT('Ctrl Pts',(3.71929022699262,10.9854613596407,-9.53327187002061));
#1558=CARTESIAN_POINT('Ctrl Pts',(1.85964511349632,11.4479343607737,-9.42982359415855));
#1559=CARTESIAN_POINT('Ctrl Pts',(2.77208811461094E-14,11.4479343607737,
-9.32637531829648));
#1560=CARTESIAN_POINT('Ctrl Pts',(-1.85964511349627,11.4479343607737,-9.22292704243441));
#1561=CARTESIAN_POINT('Ctrl Pts',(-3.71929022699259,10.9854613596408,-9.11947876657234));
#1562=CARTESIAN_POINT('Ctrl Pts',(-5.36230908316328,10.1143878917722,-9.01603049071027));
#1563=CARTESIAN_POINT('Ctrl Pts',(-7.00532793933397,9.24331442390371,-8.9125822148482));
#1564=CARTESIAN_POINT('Ctrl Pts',(-8.43172053817906,7.96364048929963,-8.80913393898613));
#1565=CARTESIAN_POINT('Ctrl Pts',(-9.47532932203642,6.42443268838296,-8.70568566312406));
#1566=CARTESIAN_POINT('Ctrl Pts',(-10.5189381058938,4.88522488746629,-8.60223738726199));
#1567=CARTESIAN_POINT('Ctrl Pts',(-11.1797630747634,3.08648322023704,-8.49878911139993));
#1568=CARTESIAN_POINT('Ctrl Pts',(-11.3808260790545,1.23773942607085,-8.39534083553786));
#1569=CARTESIAN_POINT('Ctrl Pts',(-11.5818890833456,-0.611004368095342,
-8.29189255967579));
#1570=CARTESIAN_POINT('Ctrl Pts',(-11.3231901230582,-2.50975028919847,-8.18844428381371));
#1571=CARTESIAN_POINT('Ctrl Pts',(-10.6348645111557,-4.23731730675384,-8.08499600795164));
#1572=CARTESIAN_POINT('Ctrl Pts',(-9.94653889925322,-5.96488432430918,-7.98154773208957));
#1573=CARTESIAN_POINT('Ctrl Pts',(-8.82858663573569,-7.52127243831677,-7.87809945622751));
#1574=CARTESIAN_POINT('Ctrl Pts',(-7.4112356942364,-8.72518117936519,-7.77465118036544));
#1575=CARTESIAN_POINT('Ctrl Pts',(-5.9938847527371,-9.92908992041362,-7.67120290450337));
#1576=CARTESIAN_POINT('Ctrl Pts',(-4.27713513325605,-10.7805192885029,-7.5677546286413));
#1577=CARTESIAN_POINT('Ctrl Pts',(-2.46096748906564,-11.1802880171697,-7.46430635277923));
#1578=CARTESIAN_POINT('Ctrl Pts',(-0.644799844875243,-11.5800567458365,
-7.36085807691716));
#1579=CARTESIAN_POINT('Ctrl Pts',(1.27078582402451,-11.5281648350808,-7.2574098010551));
#1580=CARTESIAN_POINT('Ctrl Pts',(3.06264685917594,-11.030657067649,-7.15396152519303));
#1581=CARTESIAN_POINT('Ctrl Pts',(4.85450789432736,-10.5331493002172,-7.05051324933096));
#1582=CARTESIAN_POINT('Ctrl Pts',(6.52264429573048,-9.59002567610927,-6.94706497346889));
#1583=CARTESIAN_POINT('Ctrl Pts',(7.87273826480067,-8.31114873782555,-6.84361669760682));
#1584=CARTESIAN_POINT('Ctrl Pts',(9.22283223387087,-7.03227179954182,-6.74016842174475));
#1585=CARTESIAN_POINT('Ctrl Pts',(10.2548837706081,-5.41764154708231,-6.63672014588268));
#1586=CARTESIAN_POINT('Ctrl Pts',(10.8486713006678,-3.65534295814781,-6.53327187002062));
#1587=CARTESIAN_POINT('Ctrl Pts',(11.4424588307274,-1.89304436921331,-6.42982359415855));
#1588=CARTESIAN_POINT('Ctrl Pts',(11.5979823541093,0.01692255619618,-6.32637531829648));
#1589=CARTESIAN_POINT('Ctrl Pts',(11.2971252551498,1.85206967700227,-6.22292704243441));
#1590=CARTESIAN_POINT('Ctrl Pts',(10.9962681561902,3.68721679780834,-6.11947876657234));
#1591=CARTESIAN_POINT('Ctrl Pts',(10.2390304348892,5.44754411401101,-6.01603049071027));
#1592=CARTESIAN_POINT('Ctrl Pts',(9.1136211620229,6.92799469295158,-5.9125822148482));
#1593=CARTESIAN_POINT('Ctrl Pts',(7.98821188915658,8.40844527189217,-5.80913393898613));
#1594=CARTESIAN_POINT('Ctrl Pts',(6.49463106472499,9.60901911357065,-5.70568566312407));
#1595=CARTESIAN_POINT('Ctrl Pts',(4.80686287194493,10.3898638306791,-5.602237387262));
#1596=CARTESIAN_POINT('Ctrl Pts',(3.11909467916489,11.1707085477875,-5.49878911139993));
#1597=CARTESIAN_POINT('Ctrl Pts',(1.23713911803638,11.5318241403258,-5.39534083553785));
#1598=CARTESIAN_POINT('Ctrl Pts',(-0.619778668792257,11.4311449811511,-5.29189255967578));
#1599=CARTESIAN_POINT('Ctrl Pts',(-2.47669645562089,11.3304658219764,-5.18844428381372));
#1600=CARTESIAN_POINT('Ctrl Pts',(-4.30857646814965,10.7679919110886,-5.08499600795165));
#1601=CARTESIAN_POINT('Ctrl Pts',(-5.90202672255101,9.80924470461521,-4.98154773208958));
#1602=CARTESIAN_POINT('Ctrl Pts',(-7.49547697695237,8.85049749814179,-4.87809945622751));
#1603=CARTESIAN_POINT('Ctrl Pts',(-8.85049747322632,7.49547699608271,-4.77465118036544));
#1604=CARTESIAN_POINT('Ctrl Pts',(-9.80924469697696,5.9020267258713,-4.67120290450337));
#1605=CARTESIAN_POINT('Ctrl Pts',(-10.7679919207276,4.30857645565987,-4.5677546286413));
#1606=CARTESIAN_POINT('Ctrl Pts',(-11.330465871955,2.4766964172961,-4.46430635277923));
#1607=CARTESIAN_POINT('Ctrl Pts',(-11.431145003622,0.619778652829489,-4.36085807691717));
#1608=CARTESIAN_POINT('Ctrl Pts',(-11.5318241352891,-1.23713911163712,-4.2574098010551));
#1609=CARTESIAN_POINT('Ctrl Pts',(-11.170708447396,-3.11909460220659,-4.15396152519303));
#1610=CARTESIAN_POINT('Ctrl Pts',(-10.3898637819779,-4.80686283524296,-4.05051324933096));
#1611=CARTESIAN_POINT('Ctrl Pts',(-9.6090191165598,-6.49463106827932,-3.94706497346889));
#1612=CARTESIAN_POINT('Ctrl Pts',(-8.40844547361681,-7.9882120437826,-3.84361669760682));
#1613=CARTESIAN_POINT('Ctrl Pts',(-6.92799479258511,-9.11362123807969,-3.74016842174475));
#1614=CARTESIAN_POINT('Ctrl Pts',(-5.44754411155341,-10.2390304323768,-3.63672014588268));
#1615=CARTESIAN_POINT('Ctrl Pts',(-3.68721639243299,-10.9962678454677,-3.53327187002062));
#1616=CARTESIAN_POINT('Ctrl Pts',(-1.85206947590099,-11.2971251011609,-3.42982359415855));
#1617=CARTESIAN_POINT('Ctrl Pts',(-0.0169225593689926,-11.5979823568541,
-3.32637531829648));
#1618=CARTESIAN_POINT('Ctrl Pts',(1.8930435545746,-11.4424594551495,-3.22292704243441));
#1619=CARTESIAN_POINT('Ctrl Pts',(3.65534255357706,-10.8486716106942,-3.11947876657234));
#1620=CARTESIAN_POINT('Ctrl Pts',(5.41764155257952,-10.2548837662389,-3.01603049071027));
#1621=CARTESIAN_POINT('Ctrl Pts',(7.03227343664085,-9.2228309790329,-2.9125822148482));
#1622=CARTESIAN_POINT('Ctrl Pts',(8.31114955106947,-7.87273764148686,-2.80913393898613));
#1623=CARTESIAN_POINT('Ctrl Pts',(9.59002566549809,-6.52264430394082,-2.70568566312406));
#1624=CARTESIAN_POINT('Ctrl Pts',(10.533146010294,-4.85451041605476,-2.60223738726199));
#1625=CARTESIAN_POINT('Ctrl Pts',(11.0306554332493,-3.06264811192892,-2.49878911139992));
#1626=CARTESIAN_POINT('Ctrl Pts',(11.5281648562045,-1.27078580780308,-2.39534083553785));
#1627=CARTESIAN_POINT('Ctrl Pts',(11.5800633573191,0.644804912562542,-2.29189255967579));
#1628=CARTESIAN_POINT('Ctrl Pts',(11.1802913016222,2.46097000664007,-2.18844428381372));
#1629=CARTESIAN_POINT('Ctrl Pts',(10.7805192459253,4.27713510071758,-2.08499600795165));
#1630=CARTESIAN_POINT('Ctrl Pts',(9.92907663341678,5.99387456850701,-1.98154773208958));
#1631=CARTESIAN_POINT('Ctrl Pts',(8.72517458027842,7.41123063534507,-1.87809945622751));
#1632=CARTESIAN_POINT('Ctrl Pts',(7.52127252714005,8.82858670218315,-1.77465118036544));
#1633=CARTESIAN_POINT('Ctrl Pts',(5.96491103337178,9.94655936806986,-1.67120290450337));
#1634=CARTESIAN_POINT('Ctrl Pts',(4.23733054993196,10.6348746710552,-1.5677546286413));
#1635=CARTESIAN_POINT('Ctrl Pts',(2.50975006649214,11.3231899740406,-1.46430635277924));
#1636=CARTESIAN_POINT('Ctrl Pts',(0.610950593380766,11.5818479141247,-1.36085807691717));
#1637=CARTESIAN_POINT('Ctrl Pts',(-1.23776574891441,11.3808057544703,-1.2574098010551));
#1638=CARTESIAN_POINT('Ctrl Pts',(-3.08648209120959,11.1797635948159,-1.15396152519303));
#1639=CARTESIAN_POINT('Ctrl Pts',(-4.88511530268857,10.5190213354231,-1.05051324933096));
#1640=CARTESIAN_POINT('Ctrl Pts',(-6.42438242852673,9.4753689877326,-0.94706497346889));
#1641=CARTESIAN_POINT('Ctrl Pts',(-7.96364955436489,8.43171664004215,-0.843616697606821));
#1642=CARTESIAN_POINT('Ctrl Pts',(-9.24355059456223,7.00515420405409,-0.740168421744754));
#1643=CARTESIAN_POINT('Ctrl Pts',(-10.1143976092491,5.36224999150977,-0.636720145882685));
#1644=CARTESIAN_POINT('Ctrl Pts',(-10.985244623936,3.71934577896545,-0.533271870020615));
#1645=CARTESIAN_POINT('Ctrl Pts',(-11.4470376131125,1.86009978986486,-0.429823594158544));
#1646=CARTESIAN_POINT('Ctrl Pts',(-11.4470376131125,1.24260410988564E-14,
-0.326375318296475));
#1647=CARTESIAN_POINT('Origin',(0.,0.,-9.5));
#1648=CARTESIAN_POINT('',(-12.5,1.00468979315003E-14,-2.54844471141145));
#1649=CARTESIAN_POINT('',(-12.5,1.37772764904077E-14,0.));
#1650=CARTESIAN_POINT('',(-12.5,1.37772764904077E-14,-9.5));
#1651=CARTESIAN_POINT('',(8.14129764739689,9.48521336694594,-5.55111512312578E-16));
#1652=CARTESIAN_POINT('Ctrl Pts',(8.14049691534528,9.48453101428935,-5.10442382806175E-15));
#1653=CARTESIAN_POINT('Ctrl Pts',(8.93266233232128,8.80466642178605,-0.0531579682425605));
#1654=CARTESIAN_POINT('Ctrl Pts',(11.0676245529565,6.45841084777,-0.213464350228002));
#1655=CARTESIAN_POINT('Ctrl Pts',(12.9712939641165,1.37935894175309,-0.480919145956328));
#1656=CARTESIAN_POINT('Ctrl Pts',(12.0180926944067,-5.06253327862212,-0.802364387184988));
#1657=CARTESIAN_POINT('Ctrl Pts',(7.63439314626185,-10.8313297600882,-1.15952576632794));
#1658=CARTESIAN_POINT('Ctrl Pts',(-0.0805357309255439,-13.4855975009124,
-1.55240328338519));
#1659=CARTESIAN_POINT('Ctrl Pts',(-8.47780834530499,-10.4889581380002,-1.98099693835673));
#1660=CARTESIAN_POINT('Ctrl Pts',(-12.1032806161717,-4.62439620281166,-2.31301074769882));
#1661=CARTESIAN_POINT('Ctrl Pts',(-12.5017234618389,-0.910204225377765,
-2.50216000538373));
#1662=CARTESIAN_POINT('Ctrl Pts',(-12.5007833710469,-0.00106677117284924,
-2.54844471141145));
#1663=CARTESIAN_POINT('Origin',(0.,0.,0.));
#1664=CARTESIAN_POINT('Origin',(0.,0.,-9.5));
#1665=CARTESIAN_POINT('Ctrl Pts',(12.4996540350409,-0.0930000230450197,
-16.5531812073893));
#1666=CARTESIAN_POINT('Ctrl Pts',(12.5153067140494,2.01079593228415,-16.4460327936464));
#1667=CARTESIAN_POINT('Ctrl Pts',(11.4632646668027,6.22426925057601,-16.2317359661606));
#1668=CARTESIAN_POINT('Ctrl Pts',(7.02072829475136,10.9929790166415,-15.910290724932));
#1669=CARTESIAN_POINT('Ctrl Pts',(0.827462668298841,13.0175122672907,-15.5888454837033));
#1670=CARTESIAN_POINT('Ctrl Pts',(-5.57337113584686,11.7928726209001,-15.2674002424746));
#1671=CARTESIAN_POINT('Ctrl Pts',(-10.5820356802915,7.62623731829811,-14.945955001246));
#1672=CARTESIAN_POINT('Ctrl Pts',(-12.9515391838253,1.55341467979748,-14.6245097600173));
#1673=CARTESIAN_POINT('Ctrl Pts',(-12.0850865939601,-4.90125294390836,-14.3030645187887));
#1674=CARTESIAN_POINT('Ctrl Pts',(-7.77863246261855,-10.7271139562941,-13.9459031396457));
#1675=CARTESIAN_POINT('Ctrl Pts',(-0.101123061772311,-13.4877604994694,
-13.5530256225885));
#1676=CARTESIAN_POINT('Ctrl Pts',(8.33474561726712,-10.5999187793518,-13.1244319676169));
#1677=CARTESIAN_POINT('Ctrl Pts',(12.720359199689,-3.72176458683599,-12.7315544505597));
#1678=CARTESIAN_POINT('Ctrl Pts',(12.5549030946548,3.52402384469079,-12.3743930714167));
#1679=CARTESIAN_POINT('Ctrl Pts',(9.29042896149753,9.15667533786998,-12.052947830188));
#1680=CARTESIAN_POINT('Ctrl Pts',(3.69825675278811,12.5088746414916,-11.7315025889594));
#1681=CARTESIAN_POINT('Ctrl Pts',(-2.81291772188237,12.7360979910794,-11.4100573477307));
#1682=CARTESIAN_POINT('Ctrl Pts',(-8.62299619837364,9.78737015269546,-11.088612106502));
#1683=CARTESIAN_POINT('Ctrl Pts',(-12.2825989186059,4.39220197229558,-10.7671668652734));
#1684=CARTESIAN_POINT('Ctrl Pts',(-12.8717067532253,-2.09257513161932,-10.4457216240447));
#1685=CARTESIAN_POINT('Ctrl Pts',(-9.96866303463035,-8.73169576984188,-10.0885602449018));
#1686=CARTESIAN_POINT('Ctrl Pts',(-3.09592194281725,-13.1266821162483,-9.69568272784452));
#1687=CARTESIAN_POINT('Ctrl Pts',(5.7716868300848,-12.1882715546084,-9.26708907287301));
#1688=CARTESIAN_POINT('Ctrl Pts',(11.3963546012172,-6.62844577853515,-8.8861169351205));
#1689=CARTESIAN_POINT('Ctrl Pts',(12.9253227312836,-0.0835389105670547,
-8.5527663145871));
#1690=CARTESIAN_POINT('Ctrl Pts',(11.6844524743145,5.52538127818574,-8.26703721127272));
#1691=CARTESIAN_POINT('Ctrl Pts',(7.538643599694,10.8174191732995,-7.9336865907393));
#1692=CARTESIAN_POINT('Ctrl Pts',(1.49179822867356,12.9798019655811,-7.6241467288154));
#1693=CARTESIAN_POINT('Ctrl Pts',(-4.12603826190281,12.0452215527404,-7.33841762550104));
#1694=CARTESIAN_POINT('Ctrl Pts',(-9.13191769369778,9.3430782387479,-7.05268852218668));
#1695=CARTESIAN_POINT('Ctrl Pts',(-13.1281599145807,3.09002368255157,-6.69552714304373));
#1696=CARTESIAN_POINT('Ctrl Pts',(-12.1862756229855,-5.77172749342239,-6.26693348807219));
#1697=CARTESIAN_POINT('Ctrl Pts',(-5.93135112509756,-12.1092499787609,-5.83833983310063));
#1698=CARTESIAN_POINT('Ctrl Pts',(2.9159019822859,-13.1671112040401,-5.4097461781291));
#1699=CARTESIAN_POINT('Ctrl Pts',(10.4862250636009,-8.47523910981894,-4.98115252315755));
#1700=CARTESIAN_POINT('Ctrl Pts',(13.4854141573321,-0.0880639638324115,
-4.552558868186));
#1701=CARTESIAN_POINT('Ctrl Pts',(10.596312773372,8.34126557566207,-4.12396521321446));
#1702=CARTESIAN_POINT('Ctrl Pts',(3.71014144386735,12.7219084015841,-3.73108769615721));
#1703=CARTESIAN_POINT('Ctrl Pts',(-3.53143906251274,12.5532753442638,-3.37392631701426));
#1704=CARTESIAN_POINT('Ctrl Pts',(-9.16589094281645,9.28266500477469,-3.0524810757856));
#1705=CARTESIAN_POINT('Ctrl Pts',(-12.5073916686251,3.6907190376924,-2.73103583455694));
#1706=CARTESIAN_POINT('Ctrl Pts',(-12.7678905764041,-3.54932349963679,-2.37387445541399));
#1707=CARTESIAN_POINT('Ctrl Pts',(-8.47780834530499,-10.4889581380002,-1.98099693835673));
#1708=CARTESIAN_POINT('Ctrl Pts',(-0.0805357309255439,-13.4855975009124,
-1.55240328338519));
#1709=CARTESIAN_POINT('Ctrl Pts',(7.63439314626185,-10.8313297600882,-1.15952576632794));
#1710=CARTESIAN_POINT('Ctrl Pts',(12.0180926944067,-5.06253327862212,-0.802364387184988));
#1711=CARTESIAN_POINT('Ctrl Pts',(12.9712939641165,1.37935894175309,-0.480919145956328));
#1712=CARTESIAN_POINT('Ctrl Pts',(10.6833354647239,7.48370663421649,-0.159473904727671));
#1713=CARTESIAN_POINT('Ctrl Pts',(5.73107312009151,11.7170055630601,0.161971336500991));
#1714=CARTESIAN_POINT('Ctrl Pts',(-0.652789900558285,13.0274646101967,0.483416577729649));
#1715=CARTESIAN_POINT('Ctrl Pts',(-6.87263817847877,11.0861493050639,0.804861818958309));
#1716=CARTESIAN_POINT('Ctrl Pts',(-11.3787478006576,6.37747725032688,1.12630706018696));
#1717=CARTESIAN_POINT('Ctrl Pts',(-12.4872092100202,2.17848768029684,1.34060388767274));
#1718=CARTESIAN_POINT('Ctrl Pts',(-12.499776967475,0.0746710344143907,1.44775230141563));
#1719=CARTESIAN_POINT('Ctrl Pts',(12.1487818943981,-0.062000015363347,-17.144245911025));
#1720=CARTESIAN_POINT('Ctrl Pts',(12.1592170137371,1.98274123427136,-17.0370974972821));
#1721=CARTESIAN_POINT('Ctrl Pts',(11.1271549512053,6.0754795649382,-16.8228006697963));
#1722=CARTESIAN_POINT('Ctrl Pts',(6.79856789515255,10.7001590425396,-16.5013554285677));
#1723=CARTESIAN_POINT('Ctrl Pts',(0.77465737693114,12.6537628445817,-16.179910187339));
#1724=CARTESIAN_POINT('Ctrl Pts',(-5.44361208583649,11.4489833098716,-15.8584649461104));
#1725=CARTESIAN_POINT('Ctrl Pts',(-10.3021332219798,7.38800300742224,-15.5370197048817));
#1726=CARTESIAN_POINT('Ctrl Pts',(-12.5912914809118,1.48036908181836,-15.215574463653));
#1727=CARTESIAN_POINT('Ctrl Pts',(-11.7345161816724,-4.79103562208697,-14.8941292224244));
#1728=CARTESIAN_POINT('Ctrl Pts',(-7.53578827519003,-10.4434827233209,-14.5369678432814));
#1729=CARTESIAN_POINT('Ctrl Pts',(-0.0676508171806255,-13.1091534204666,
-14.1440903262242));
#1730=CARTESIAN_POINT('Ctrl Pts',(8.12471730290668,-10.2832651566403,-13.7154966712526));
#1731=CARTESIAN_POINT('Ctrl Pts',(12.3715292759128,-3.58834061007387,-13.3226191541954));
#1732=CARTESIAN_POINT('Ctrl Pts',(12.1942645521028,3.4535563671122,-12.9654577750524));
#1733=CARTESIAN_POINT('Ctrl Pts',(9.00868888407562,8.9205871442914,-12.6440125338238));
#1734=CARTESIAN_POINT('Ctrl Pts',(3.565973352098,12.165931390259,-12.3225672925951));
#1735=CARTESIAN_POINT('Ctrl Pts',(-2.76283490925047,12.3719851347504,-12.0011220513665));
#1736=CARTESIAN_POINT('Ctrl Pts',(-8.40302628815032,9.49288430147996,-11.6796768101378));
#1737=CARTESIAN_POINT('Ctrl Pts',(-11.9475871884323,4.24094131619616,-11.3582315689091));
#1738=CARTESIAN_POINT('Ctrl Pts',(-12.5054209580594,-2.06303288236847,-11.0367863276805));
#1739=CARTESIAN_POINT('Ctrl Pts',(-9.66883826264477,-8.5090844992851,-10.6796249485376));
#1740=CARTESIAN_POINT('Ctrl Pts',(-2.97915349019263,-12.7650182729317,-10.2867474314803));
#1741=CARTESIAN_POINT('Ctrl Pts',(5.63725558648868,-11.8328261042013,-9.85815377650876));
#1742=CARTESIAN_POINT('Ctrl Pts',(11.091313927332,-6.41638748936183,-9.47718163875624));
#1743=CARTESIAN_POINT('Ctrl Pts',(12.5624731572404,-0.0518379082451687,
-9.14383101822284));
#1744=CARTESIAN_POINT('Ctrl Pts',(11.3437173976731,5.39672390847323,-8.85810191490847));
#1745=CARTESIAN_POINT('Ctrl Pts',(7.30233499485939,10.5307064604744,-8.52475129437504));
#1746=CARTESIAN_POINT('Ctrl Pts',(1.42041909201061,12.6186204966434,-8.21521143245116));
#1747=CARTESIAN_POINT('Ctrl Pts',(-4.03750420305666,11.6975314321303,-7.92948232913679));
#1748=CARTESIAN_POINT('Ctrl Pts',(-8.89664445049809,9.05991560452507,-7.64375322582243));
#1749=CARTESIAN_POINT('Ctrl Pts',(-12.7664411681872,2.97341754077393,-7.28659184667948));
#1750=CARTESIAN_POINT('Ctrl Pts',(-11.830886140849,-5.63729057475104,-6.85799819170791));
#1751=CARTESIAN_POINT('Ctrl Pts',(-5.73725339248135,-11.7826027280973,-6.42940453673639));
#1752=CARTESIAN_POINT('Ctrl Pts',(2.86390547586109,-12.790658400738,-6.00081088176483));
#1753=CARTESIAN_POINT('Ctrl Pts',(10.2109418426476,-8.21337610214074,-5.5722172267933));
#1754=CARTESIAN_POINT('Ctrl Pts',(13.1068433226627,-0.0549638447040809,
-5.14362357182174));
#1755=CARTESIAN_POINT('Ctrl Pts',(10.2797456267265,8.13104594275081,-4.71502991685021));
#1756=CARTESIAN_POINT('Ctrl Pts',(3.57704041311939,12.3730085674474,-4.32215239979296));
#1757=CARTESIAN_POINT('Ctrl Pts',(-3.46075961363499,12.1926656804143,-3.96499102065));
#1758=CARTESIAN_POINT('Ctrl Pts',(-8.92952627376915,9.00112206757033,-3.64354577942134));
#1759=CARTESIAN_POINT('Ctrl Pts',(-12.1644729514615,3.55865072013379,-3.32210053819269));
#1760=CARTESIAN_POINT('Ctrl Pts',(-12.401212301687,-3.47862913371869,-2.96493915904973));
#1761=CARTESIAN_POINT('Ctrl Pts',(-8.21586696729928,-10.2136039869407,-2.57206164199248));
#1762=CARTESIAN_POINT('Ctrl Pts',(-0.0476466442389104,-13.1070044192744,
-2.14346798702094));
#1763=CARTESIAN_POINT('Ctrl Pts',(7.44456149962721,-10.5097669595235,-1.75059046996369));
#1764=CARTESIAN_POINT('Ctrl Pts',(11.692032653028,-4.89304544663173,-1.39342909082073));
#1765=CARTESIAN_POINT('Ctrl Pts',(12.603830798757,1.37007528521346,-1.07198384959207));
#1766=CARTESIAN_POINT('Ctrl Pts',(10.366271668931,7.29777127800439,-0.750538608363418));
#1767=CARTESIAN_POINT('Ctrl Pts',(5.54349150851758,11.4009206061316,-0.429093367134755));
#1768=CARTESIAN_POINT('Ctrl Pts',(-0.664041281165904,12.6600738606094,-0.107648125906097));
#1769=CARTESIAN_POINT('Ctrl Pts',(-6.70478100187821,10.759159290642,0.213797115322564));
#1770=CARTESIAN_POINT('Ctrl Pts',(-11.073631684001,6.1725080127073,0.535242356551218));
#1771=CARTESIAN_POINT('Ctrl Pts',(-12.1414229487783,2.08893991491221,0.749539184036995));
#1772=CARTESIAN_POINT('Ctrl Pts',(-12.1488597471396,0.0441855620122239,
0.856687597779881));
#1773=CARTESIAN_POINT('Ctrl Pts',(11.7979097537553,-0.0310000076816743,
-17.7353106146607));
#1774=CARTESIAN_POINT('Ctrl Pts',(11.8031273134248,1.95468653625856,-17.6281622009179));
#1775=CARTESIAN_POINT('Ctrl Pts',(10.7910452356079,5.92668987930039,-17.4138653734321));
#1776=CARTESIAN_POINT('Ctrl Pts',(6.57640749555372,10.4073390684376,-17.0924201322034));
#1777=CARTESIAN_POINT('Ctrl Pts',(0.721852085563446,12.2900134218726,-16.7709748909748));
#1778=CARTESIAN_POINT('Ctrl Pts',(-5.31385303582614,11.105093998843,-16.4495296497461));
#1779=CARTESIAN_POINT('Ctrl Pts',(-10.022230763668,7.14976869654638,-16.1280844085175));
#1780=CARTESIAN_POINT('Ctrl Pts',(-12.2310437779984,1.40732348383924,-15.8066391672888));
#1781=CARTESIAN_POINT('Ctrl Pts',(-11.3839457693847,-4.68081830026558,-15.4851939260602));
#1782=CARTESIAN_POINT('Ctrl Pts',(-7.29294408776153,-10.1598514903477,-15.1280325469172));
#1783=CARTESIAN_POINT('Ctrl Pts',(-0.0341785725889501,-12.7305463414637,
-14.7351550298599));
#1784=CARTESIAN_POINT('Ctrl Pts',(7.91468898854627,-9.96661153392888,-14.3065613748884));
#1785=CARTESIAN_POINT('Ctrl Pts',(12.0226993521365,-3.45491663331176,-13.9136838578312));
#1786=CARTESIAN_POINT('Ctrl Pts',(11.8336260095508,3.38308888953363,-13.5565224786882));
#1787=CARTESIAN_POINT('Ctrl Pts',(8.72694880665371,8.68449895071282,-13.2350772374595));
#1788=CARTESIAN_POINT('Ctrl Pts',(3.4336899514079,11.8229881390264,-12.9136319962309));
#1789=CARTESIAN_POINT('Ctrl Pts',(-2.71275209661858,12.0078722784213,-12.5921867550022));
#1790=CARTESIAN_POINT('Ctrl Pts',(-8.18305637792697,9.19839845026447,-12.2707415137736));
#1791=CARTESIAN_POINT('Ctrl Pts',(-11.6125754582587,4.08968066009674,-11.9492962725449));
#1792=CARTESIAN_POINT('Ctrl Pts',(-12.1391351628934,-2.03349063311764,-11.6278510313162));
#1793=CARTESIAN_POINT('Ctrl Pts',(-9.3690134906592,-8.28647322872831,-11.2706896521733));
#1794=CARTESIAN_POINT('Ctrl Pts',(-2.862385037568,-12.403354429615,-10.877812135116));
#1795=CARTESIAN_POINT('Ctrl Pts',(5.50282434289258,-11.4773806537943,-10.4492184801445));
#1796=CARTESIAN_POINT('Ctrl Pts',(10.7862732534467,-6.20432920018851,-10.068246342392));
#1797=CARTESIAN_POINT('Ctrl Pts',(12.1996235831972,-0.0201369059232838,
-9.73489572185859));
#1798=CARTESIAN_POINT('Ctrl Pts',(11.0029823210316,5.26806653876072,-9.44916661854422));
#1799=CARTESIAN_POINT('Ctrl Pts',(7.06602639002478,10.2439937476493,-9.1158159980108));
#1800=CARTESIAN_POINT('Ctrl Pts',(1.34903995534766,12.2574390277057,-8.80627613608689));
#1801=CARTESIAN_POINT('Ctrl Pts',(-3.94897014421051,11.3498413115203,-8.52054703277254));
#1802=CARTESIAN_POINT('Ctrl Pts',(-8.6613712072984,8.77675297030225,-8.23481792945817));
#1803=CARTESIAN_POINT('Ctrl Pts',(-12.4047224217938,2.85681139899626,-7.87765655031522));
#1804=CARTESIAN_POINT('Ctrl Pts',(-11.4754966587126,-5.50285365607965,-7.44906289534367));
#1805=CARTESIAN_POINT('Ctrl Pts',(-5.54315565986512,-11.4559554774337,-7.02046924037213));
#1806=CARTESIAN_POINT('Ctrl Pts',(2.81190896943628,-12.4142055974359,-6.59187558540058));
#1807=CARTESIAN_POINT('Ctrl Pts',(9.93565862169428,-7.95151309446258,-6.16328193042904));
#1808=CARTESIAN_POINT('Ctrl Pts',(12.7282724879933,-0.021863725575735,-5.7346882754575));
#1809=CARTESIAN_POINT('Ctrl Pts',(9.963178480081,7.92082630983955,-5.30609462048594));
#1810=CARTESIAN_POINT('Ctrl Pts',(3.44393938237143,12.0241087333107,-4.91321710342871));
#1811=CARTESIAN_POINT('Ctrl Pts',(-3.39008016475723,11.8320560165648,-4.55605572428575));
#1812=CARTESIAN_POINT('Ctrl Pts',(-8.69316160472185,8.71957913036599,-4.23461048305709));
#1813=CARTESIAN_POINT('Ctrl Pts',(-11.8215542342979,3.42658240257517,-3.91316524182843));
#1814=CARTESIAN_POINT('Ctrl Pts',(-12.0345340269699,-3.40793476780059,-3.55600386268548));
#1815=CARTESIAN_POINT('Ctrl Pts',(-7.95392558929357,-9.93824983588127,-3.16312634562822));
#1816=CARTESIAN_POINT('Ctrl Pts',(-0.0147575575522792,-12.7284113376365,
-2.73453269065668));
#1817=CARTESIAN_POINT('Ctrl Pts',(7.25472985299258,-10.1882041589588,-2.34165517359943));
#1818=CARTESIAN_POINT('Ctrl Pts',(11.3659726116493,-4.72355761464134,-1.98449379445648));
#1819=CARTESIAN_POINT('Ctrl Pts',(12.2363676333975,1.36079162867384,-1.66304855322782));
#1820=CARTESIAN_POINT('Ctrl Pts',(10.049207873138,7.11183592179229,-1.34160331199917));
#1821=CARTESIAN_POINT('Ctrl Pts',(5.35590989694365,11.0848356492032,-1.0201580707705));
#1822=CARTESIAN_POINT('Ctrl Pts',(-0.675292661773524,12.2926831110221,-0.698712829541844));
#1823=CARTESIAN_POINT('Ctrl Pts',(-6.53692382527765,10.43216927622,-0.377267588313181));
#1824=CARTESIAN_POINT('Ctrl Pts',(-10.7685155673443,5.96753877508774,-0.0558223470845276));
#1825=CARTESIAN_POINT('Ctrl Pts',(-11.7956366875363,1.99939214952758,0.158474480401249));
#1826=CARTESIAN_POINT('Ctrl Pts',(-11.7979425268042,0.0137000896100571,
0.265622894144135));
#1827=CARTESIAN_POINT('Ctrl Pts',(11.4470376131125,-1.57929424400809E-15,
-18.3263753182965));
#1828=CARTESIAN_POINT('Ctrl Pts',(11.4470376131125,1.92663183824577,-18.2192269045536));
#1829=CARTESIAN_POINT('Ctrl Pts',(10.4549355200105,5.77790019366259,-18.0049300770678));
#1830=CARTESIAN_POINT('Ctrl Pts',(6.35424709595491,10.1145190943356,-17.6834848358392));
#1831=CARTESIAN_POINT('Ctrl Pts',(0.669046794195747,11.9262639991636,-17.3620395946105));
#1832=CARTESIAN_POINT('Ctrl Pts',(-5.18409398581578,10.7612046878144,-17.0405943533819));
#1833=CARTESIAN_POINT('Ctrl Pts',(-9.74232830535625,6.91153438567051,-16.7191491121532));
#1834=CARTESIAN_POINT('Ctrl Pts',(-11.8707960750849,1.33427788586013,-16.3977038709245));
#1835=CARTESIAN_POINT('Ctrl Pts',(-11.033375357097,-4.57060097844419,-16.0762586296959));
#1836=CARTESIAN_POINT('Ctrl Pts',(-7.05009990033302,-9.87622025737448,-15.7190972505529));
#1837=CARTESIAN_POINT('Ctrl Pts',(-0.000706327997264865,-12.3519392624609,
-15.3262197334957));
#1838=CARTESIAN_POINT('Ctrl Pts',(7.70466067418584,-9.64995791121744,-14.8976260785242));
#1839=CARTESIAN_POINT('Ctrl Pts',(11.6738694283603,-3.32149265654965,-14.5047485614669));
#1840=CARTESIAN_POINT('Ctrl Pts',(11.4729874669988,3.31262141195505,-14.1475871823239));
#1841=CARTESIAN_POINT('Ctrl Pts',(8.4452087292318,8.44841075713424,-13.8261419410953));
#1842=CARTESIAN_POINT('Ctrl Pts',(3.30140655071779,11.4800448877937,-13.5046966998666));
#1843=CARTESIAN_POINT('Ctrl Pts',(-2.66266928398666,11.6437594220923,-13.183251458638));
#1844=CARTESIAN_POINT('Ctrl Pts',(-7.96308646770366,8.90391259904897,-12.8618062174093));
#1845=CARTESIAN_POINT('Ctrl Pts',(-11.2775637280851,3.93842000399733,-12.5403609761806));
#1846=CARTESIAN_POINT('Ctrl Pts',(-11.7728493677275,-2.0039483838668,-12.218915734952));
#1847=CARTESIAN_POINT('Ctrl Pts',(-9.06918871867362,-8.06386195817152,-11.861754355809));
#1848=CARTESIAN_POINT('Ctrl Pts',(-2.74561658494339,-12.0416905862984,-11.4688768387518));
#1849=CARTESIAN_POINT('Ctrl Pts',(5.36839309929648,-11.1219352033872,-11.0402831837803));
#1850=CARTESIAN_POINT('Ctrl Pts',(10.4812325795615,-5.99227091101521,-10.6593110460277));
#1851=CARTESIAN_POINT('Ctrl Pts',(11.836774009154,0.0115640963986044,-10.3259604254943));
#1852=CARTESIAN_POINT('Ctrl Pts',(10.6622472443901,5.13940916904821,-10.04023132218));
#1853=CARTESIAN_POINT('Ctrl Pts',(6.82971778519017,9.95728103482424,-9.70688070164655));
#1854=CARTESIAN_POINT('Ctrl Pts',(1.27766081868471,11.896257558768,-9.39734083972265));
#1855=CARTESIAN_POINT('Ctrl Pts',(-3.86043608536436,11.0021511909102,-9.11161173640828));
#1856=CARTESIAN_POINT('Ctrl Pts',(-8.42609796409871,8.49359033607942,-8.82588263309393));
#1857=CARTESIAN_POINT('Ctrl Pts',(-12.0430036754003,2.74020525721862,-8.46872125395095));
#1858=CARTESIAN_POINT('Ctrl Pts',(-11.1201071765761,-5.36841673740828,-8.04012759897943));
#1859=CARTESIAN_POINT('Ctrl Pts',(-5.3490579272489,-11.1293082267701,-7.61153394400786));
#1860=CARTESIAN_POINT('Ctrl Pts',(2.75991246301147,-12.0377527941338,-7.18294028903634));
#1861=CARTESIAN_POINT('Ctrl Pts',(9.66037540074098,-7.68965008678438,-6.75434663406477));
#1862=CARTESIAN_POINT('Ctrl Pts',(12.3497016533239,0.0112363935525956,-6.32575297909325));
#1863=CARTESIAN_POINT('Ctrl Pts',(9.6466113334355,7.7106066769283,-5.89715932412169));
#1864=CARTESIAN_POINT('Ctrl Pts',(3.31083835162346,11.6752088991739,-5.50428180706445));
#1865=CARTESIAN_POINT('Ctrl Pts',(-3.31940071587947,11.4714463527153,-5.14712042792149));
#1866=CARTESIAN_POINT('Ctrl Pts',(-8.45679693567456,8.43803619316164,-4.82567518669283));
#1867=CARTESIAN_POINT('Ctrl Pts',(-11.4786355171342,3.29451408501656,-4.50422994546417));
#1868=CARTESIAN_POINT('Ctrl Pts',(-11.6678557522527,-3.3372404018825,-4.14706856632122));
#1869=CARTESIAN_POINT('Ctrl Pts',(-7.69198421128786,-9.6628956848218,-3.75419104926398));
#1870=CARTESIAN_POINT('Ctrl Pts',(0.0181315291343473,-12.3498182559985,
-3.32559739429243));
#1871=CARTESIAN_POINT('Ctrl Pts',(7.06489820635796,-9.8666413583941,-2.93271987723518));
#1872=CARTESIAN_POINT('Ctrl Pts',(11.0399125702706,-4.55406978265096,-2.57555849809223));
#1873=CARTESIAN_POINT('Ctrl Pts',(11.868904468038,1.35150797213423,-2.25411325686356));
#1874=CARTESIAN_POINT('Ctrl Pts',(9.73214407734512,6.92590056558018,-1.93266801563491));
#1875=CARTESIAN_POINT('Ctrl Pts',(5.16832828536973,10.7687506922747,-1.61122277440625));
#1876=CARTESIAN_POINT('Ctrl Pts',(-0.686544042381146,11.9252923614348,-1.28977753317759));
#1877=CARTESIAN_POINT('Ctrl Pts',(-6.36906664867709,10.1051792617981,-0.968332291948928));
#1878=CARTESIAN_POINT('Ctrl Pts',(-10.4633994506876,5.76256953746817,-0.646887050720273));
#1879=CARTESIAN_POINT('Ctrl Pts',(-11.4498504262943,1.90984438414295,-0.432590223234497));
#1880=CARTESIAN_POINT('Ctrl Pts',(-11.4470253064688,-0.0167853827921097,
-0.325441809491611));
#1881=CARTESIAN_POINT('',(-11.640241268216,1.28296657893813E-14,0.));
#1882=CARTESIAN_POINT('Ctrl Pts',(-11.640241268216,2.34014196909271E-14,
-2.77555756156289E-16));
#1883=CARTESIAN_POINT('Ctrl Pts',(-11.5757993158533,3.30757110417498E-9,
-0.108848482574021));
#1884=CARTESIAN_POINT('Ctrl Pts',(-11.5113892534957,2.30485835432198E-9,
-0.21765487201055));
#1885=CARTESIAN_POINT('Ctrl Pts',(-11.4470373705084,-2.17595832845141E-8,
-0.326375318386346));
#1886=CARTESIAN_POINT('Ctrl Pts',(-11.6402412681501,1.03402009177245E-11,
-1.11938014413226E-10));
#1887=CARTESIAN_POINT('Ctrl Pts',(-11.6492436373063,0.278030451854493,-1.01861876789793E-10));
#1888=CARTESIAN_POINT('Ctrl Pts',(-11.6480768372964,0.556191190256821,-8.90678560088591E-11));
#1889=CARTESIAN_POINT('Ctrl Pts',(-11.6369325272042,0.833966587871043,-7.5754735817668E-11));
#1890=CARTESIAN_POINT('Ctrl Pts',(-11.6257140366019,1.11359095778824,-6.23529987413563E-11));
#1891=CARTESIAN_POINT('Ctrl Pts',(-11.6043847127793,1.39282545275203,-4.84295550470729E-11));
#1892=CARTESIAN_POINT('Ctrl Pts',(-11.5730870443663,1.67114689837811,-3.62301300071977E-11));
#1893=CARTESIAN_POINT('Ctrl Pts',(-11.541790286063,1.9494602506536,-2.40310597162124E-11));
#1894=CARTESIAN_POINT('Ctrl Pts',(-11.5005256586092,2.2268612344452,-1.35539696548337E-11));
#1895=CARTESIAN_POINT('Ctrl Pts',(-11.4493840671745,2.50282019878699,-7.05102642939437E-12));
#1896=CARTESIAN_POINT('Ctrl Pts',(-11.4233142534119,2.64349237195782,-3.73610184373715E-12));
#1897=CARTESIAN_POINT('Ctrl Pts',(-11.3946770662817,2.78378966945723,-1.45090938263293E-12));
#1898=CARTESIAN_POINT('Ctrl Pts',(-11.3634795195872,2.92364047226075,-4.98046048846845E-13));
#1899=CARTESIAN_POINT('Ctrl Pts',(-11.3539222316663,2.96648340479841,-2.06138825515737E-13));
#1900=CARTESIAN_POINT('Ctrl Pts',(-11.3441246334563,3.00928442543128,-3.17892518607174E-14));
#1901=CARTESIAN_POINT('Ctrl Pts',(-11.3340868638504,3.05204144986258,2.22044604925031E-15));
#1902=CARTESIAN_POINT('Ctrl Pts',(-11.3277755020341,3.07892541532193,2.36044304601225E-14));
#1903=CARTESIAN_POINT('Ctrl Pts',(-11.3213700831449,3.1057881022241,7.68175966912505E-15));
#1904=CARTESIAN_POINT('Ctrl Pts',(-11.3148726343698,3.1326213257969,7.54951656745106E-15));
#1905=CARTESIAN_POINT('Ctrl Pts',(-11.2483510100914,3.40734294015416,6.19559655553289E-15));
#1906=CARTESIAN_POINT('Ctrl Pts',(-11.1721301660236,3.67921999770051,-9.19407535249395E-16));
#1907=CARTESIAN_POINT('Ctrl Pts',(-11.0864224961751,3.94773318154032,-6.66133814775094E-16));
#1908=CARTESIAN_POINT('Ctrl Pts',(-11.0003117580581,4.2175091361946,-4.11668992032691E-16));
#1909=CARTESIAN_POINT('Ctrl Pts',(-10.9046246607106,4.48389013379488,1.19931809904446E-15));
#1910=CARTESIAN_POINT('Ctrl Pts',(-10.7995239789389,4.7463475844797,1.55431223447522E-15));
#1911=CARTESIAN_POINT('Ctrl Pts',(-10.6946609372722,5.00821160023044,1.9085037029563E-15));
#1912=CARTESIAN_POINT('Ctrl Pts',(-10.5804266881992,5.26617041658505,5.17498259022552E-15));
#1913=CARTESIAN_POINT('Ctrl Pts',(-10.4569325142816,5.51968771429857,5.55111512312578E-15));
#1914=CARTESIAN_POINT('Ctrl Pts',(-10.4212755185209,5.59288683716472,5.65971746205114E-15));
#1915=CARTESIAN_POINT('Ctrl Pts',(-10.3848462323631,5.66571557679549,3.2157315985128E-15));
#1916=CARTESIAN_POINT('Ctrl Pts',(-10.3476465761251,5.73816073312408,3.33066907387547E-15));
#1917=CARTESIAN_POINT('Ctrl Pts',(-10.2186907923798,5.9892980515209,3.71969766142954E-15));
#1918=CARTESIAN_POINT('Ctrl Pts',(-10.0804807772471,6.23582778852357,7.2331134123968E-16));
#1919=CARTESIAN_POINT('Ctrl Pts',(-9.93338952342859,6.477354801577,4.44089209850063E-16));
#1920=CARTESIAN_POINT('Ctrl Pts',(-9.82087297162883,6.66210940778087,2.30499954237962E-16));
#1921=CARTESIAN_POINT('Ctrl Pts',(-9.7031586407609,6.84393631717957,6.09680879931354E-16));
#1922=CARTESIAN_POINT('Ctrl Pts',(-9.58039667617339,7.02264678453561,4.44089209850063E-16));
#1923=CARTESIAN_POINT('Ctrl Pts',(-9.54067086067526,7.08047755547208,3.905036863878E-16));
#1924=CARTESIAN_POINT('Ctrl Pts',(-9.50041636495194,7.13798189119041,5.92996978267396E-15));
#1925=CARTESIAN_POINT('Ctrl Pts',(-9.4596379810196,7.19515312532983,5.99520433297585E-15));
#1926=CARTESIAN_POINT('Ctrl Pts',(-9.44110629247029,7.22113452534827,6.02485009752735E-15));
#1927=CARTESIAN_POINT('Ctrl Pts',(-9.42246562893714,7.24704813815856,4.46630275383049E-15));
#1928=CARTESIAN_POINT('Ctrl Pts',(-9.40372702478965,7.27287891688096,4.44089209850063E-15));
#1929=CARTESIAN_POINT('Ctrl Pts',(-9.23796325578529,7.50138084816895,4.21610662530346E-15));
#1930=CARTESIAN_POINT('Ctrl Pts',(-9.06435574176099,7.72366162878395,4.08848493858846E-15));
#1931=CARTESIAN_POINT('Ctrl Pts',(-8.88335861343502,7.93938325713994,4.66293670342566E-15));
#1932=CARTESIAN_POINT('Ctrl Pts',(-8.69972337744744,8.15824911704152,5.24576133923635E-15));
#1933=CARTESIAN_POINT('Ctrl Pts',(-8.50848124257261,8.37036375415969,-3.1548659816642E-15));
#1934=CARTESIAN_POINT('Ctrl Pts',(-8.31005756494384,8.5753520989708,-2.22044604925031E-15));
#1935=CARTESIAN_POINT('Ctrl Pts',(-8.11139908980017,8.78058300935937,-1.28492040465213E-15));
#1936=CARTESIAN_POINT('Ctrl Pts',(-7.90554165371666,8.9786712491641,4.05727895838416E-15));
#1937=CARTESIAN_POINT('Ctrl Pts',(-7.69286899000426,9.16921078792987,4.88498130835069E-15));
#1938=CARTESIAN_POINT('Ctrl Pts',(-7.4822008761777,9.35795439296342,5.70488213544086E-15));
#1939=CARTESIAN_POINT('Ctrl Pts',(-7.26484494436514,9.53929135450085,8.17175139210098E-15));
#1940=CARTESIAN_POINT('Ctrl Pts',(-7.04113847782887,9.71279116198077,8.54871728961371E-15));
#1941=CARTESIAN_POINT('Ctrl Pts',(-6.82269866427327,9.88220631651187,8.91680839419583E-15));
#1942=CARTESIAN_POINT('Ctrl Pts',(-6.59820334061968,10.0441492805962,7.19983001809805E-15));
#1943=CARTESIAN_POINT('Ctrl Pts',(-6.36793926943801,10.1981797677058,7.54951656745106E-15));
#1944=CARTESIAN_POINT('Ctrl Pts',(-6.30243422790942,10.2419980386284,7.75914435344273E-15));
#1945=CARTESIAN_POINT('Ctrl Pts',(-6.2364621851421,10.2851757042257,4.45485393687643E-15));
#1946=CARTESIAN_POINT('Ctrl Pts',(-6.17003337876313,10.3277084831964,4.44089209850063E-15));
#1947=CARTESIAN_POINT('Ctrl Pts',(-6.14094712125754,10.3463317195453,4.43477882252313E-15));
#1948=CARTESIAN_POINT('Ctrl Pts',(-6.11177329239646,10.3648313159796,7.07791761570228E-15));
#1949=CARTESIAN_POINT('Ctrl Pts',(-6.08251274454973,10.3832068962944,7.105427357601E-15));
#1950=CARTESIAN_POINT('Ctrl Pts',(-6.05785032517363,10.398694858802,7.1286141002139E-15));
#1951=CARTESIAN_POINT('Ctrl Pts',(-6.03312869835118,10.4140931828849,6.0138825423029E-15));
#1952=CARTESIAN_POINT('Ctrl Pts',(-6.00835736802628,10.4293962449005,5.99520433297585E-15));
#1953=CARTESIAN_POINT('Ctrl Pts',(-5.76747063679655,10.5782095923629,5.8135696475954E-15));
#1954=CARTESIAN_POINT('Ctrl Pts',(-5.52164610532792,10.7181692217632,4.08873409303303E-15));
#1955=CARTESIAN_POINT('Ctrl Pts',(-5.27145003429969,10.8492142360578,4.32986979603811E-15));
#1956=CARTESIAN_POINT('Ctrl Pts',(-5.01803145887659,10.9819470991374,4.5741113066584E-15));
#1957=CARTESIAN_POINT('Ctrl Pts',(-4.76012751776566,11.1055345174823,1.13020607754876E-14));
#1958=CARTESIAN_POINT('Ctrl Pts',(-4.49829011592868,11.2198735277397,1.0991207943789E-14));
#1959=CARTESIAN_POINT('Ctrl Pts',(-4.23449851672746,11.3350658958096,1.06780350929484E-14));
#1960=CARTESIAN_POINT('Ctrl Pts',(-3.96671397169398,11.4408715668362,7.13253784108442E-15));
#1961=CARTESIAN_POINT('Ctrl Pts',(-3.69547196069995,11.537141014829,7.32747196252603E-15));
#1962=CARTESIAN_POINT('Ctrl Pts',(-3.42464880599092,11.6332618019886,7.52210506355555E-15));
#1963=CARTESIAN_POINT('Ctrl Pts',(-3.15037826090397,11.7198760145057,6.42594972050018E-15));
#1964=CARTESIAN_POINT('Ctrl Pts',(-2.87317332552326,11.79678726372,5.99520433297585E-15));
#1965=CARTESIAN_POINT('Ctrl Pts',(-2.5980991283232,11.8731073339389,5.56776987367174E-15));
#1966=CARTESIAN_POINT('Ctrl Pts',(-2.3201348885297,11.9398732032452,6.03319850713621E-15));
#1967=CARTESIAN_POINT('Ctrl Pts',(-2.03977099755621,11.9968432782074,5.99520433297585E-15));
#1968=CARTESIAN_POINT('Ctrl Pts',(-1.94856788013037,12.0153757947113,5.98284472733828E-15));
#1969=CARTESIAN_POINT('Ctrl Pts',(-1.85711077822773,12.0328712970878,1.01106268163539E-14));
#1970=CARTESIAN_POINT('Ctrl Pts',(-1.76541648247018,12.0493202743015,1.04360964314765E-14));
#1971=CARTESIAN_POINT('Ctrl Pts',(-1.7365076110672,12.0545062170371,1.05387086951012E-14));
#1972=CARTESIAN_POINT('Ctrl Pts',(-1.70757284956695,12.0595885288714,7.11971514114368E-15));
#1973=CARTESIAN_POINT('Ctrl Pts',(-1.67862030484477,12.0645656009095,7.105427357601E-15));
#1974=CARTESIAN_POINT('Ctrl Pts',(-1.39154019359805,12.1139159570903,6.96375627036975E-15));
#1975=CARTESIAN_POINT('Ctrl Pts',(-1.10320077718247,12.152841296597,6.15183555789228E-15));
#1976=CARTESIAN_POINT('Ctrl Pts',(-0.814152182696346,12.1812279296247,6.60582699651968E-15));
#1977=CARTESIAN_POINT('Ctrl Pts',(-0.754222956757299,12.1871134069348,6.69995426791592E-15));
#1978=CARTESIAN_POINT('Ctrl Pts',(-0.694263167349875,12.1925456976397,1.15241867699045E-14));
#1979=CARTESIAN_POINT('Ctrl Pts',(-0.634277603902665,12.1975235329611,1.14908083048704E-14));
#1980=CARTESIAN_POINT('Ctrl Pts',(-0.347778912936203,12.2212983084483,1.13677692798943E-14));
#1981=CARTESIAN_POINT('Ctrl Pts',(-0.0606933385243375,12.2347104872675,
1.10591420713668E-14));
#1982=CARTESIAN_POINT('Ctrl Pts',(0.226445296456992,12.2379501732865,1.04916075827077E-14));
#1983=CARTESIAN_POINT('Ctrl Pts',(0.516210423578245,12.241219493109,9.91888178681237E-15));
#1984=CARTESIAN_POINT('Ctrl Pts',(0.80603018348284,12.2341293616635,7.12876290232128E-15));
#1985=CARTESIAN_POINT('Ctrl Pts',(1.09536434232758,12.216822275093,7.16093850883226E-15));
#1986=CARTESIAN_POINT('Ctrl Pts',(1.38553701299859,12.1994650313035,7.19320736263448E-15));
#1987=CARTESIAN_POINT('Ctrl Pts',(1.67522189118868,12.1718314707672,5.67247218149645E-15));
#1988=CARTESIAN_POINT('Ctrl Pts',(1.96387316686327,12.1340129752971,5.71764857681956E-15));
#1989=CARTESIAN_POINT('Ctrl Pts',(2.26321666835982,12.0947936064275,5.76449839700277E-15));
#1990=CARTESIAN_POINT('Ctrl Pts',(2.56144937119782,12.0446210496716,1.14380529859073E-14));
#1991=CARTESIAN_POINT('Ctrl Pts',(2.857950650258,11.9835390030999,1.13242748511766E-14));
#1992=CARTESIAN_POINT('Ctrl Pts',(2.90605761630715,11.9736285165417,1.13058144894474E-14));
#1993=CARTESIAN_POINT('Ctrl Pts',(2.95411896316843,11.9634307163322,7.0405559594615E-15));
#1994=CARTESIAN_POINT('Ctrl Pts',(3.00213198887012,11.9529456443148,6.99440505513849E-15));
#1995=CARTESIAN_POINT('Ctrl Pts',(3.03872171696938,11.9449551890453,6.95923441100524E-15));
#1996=CARTESIAN_POINT('Ctrl Pts',(3.07528499710375,11.9367974832782,9.31332890796189E-15));
#1997=CARTESIAN_POINT('Ctrl Pts',(3.11180180571483,11.9284769510393,9.2148511043888E-15));
#1998=CARTESIAN_POINT('Ctrl Pts',(3.39808695049105,11.863245490043,8.44280301679616E-15));
#1999=CARTESIAN_POINT('Ctrl Pts',(3.68177246732301,11.7879557800075,6.96314030527355E-15));
#2000=CARTESIAN_POINT('Ctrl Pts',(3.96230710121988,11.7027521936877,8.1601392309949E-15));
#2001=CARTESIAN_POINT('Ctrl Pts',(4.24198364134313,11.6178092264076,9.35347680014537E-15));
#2002=CARTESIAN_POINT('Ctrl Pts',(4.51852917001765,11.5230128170227,5.43195876885401E-15));
#2003=CARTESIAN_POINT('Ctrl Pts',(4.79138998390643,11.4184550902266,5.93969318174459E-15));
#2004=CARTESIAN_POINT('Ctrl Pts',(5.01115218503195,11.3342442581254,6.34862266697838E-15));
#2005=CARTESIAN_POINT('Ctrl Pts',(5.22852421349405,11.2437005718235,9.09601486271799E-15));
#2006=CARTESIAN_POINT('Ctrl Pts',(5.44320907625975,11.1468487887449,9.10382880192628E-15));
#2007=CARTESIAN_POINT('Ctrl Pts',(5.5212976978558,11.1116203048066,9.13442658883781E-15));
#2008=CARTESIAN_POINT('Ctrl Pts',(5.59903071211297,11.0755570366772,8.36958672054908E-15));
#2009=CARTESIAN_POINT('Ctrl Pts',(5.67639762184039,11.0386677097848,8.3544282603043E-15));
#2010=CARTESIAN_POINT('Ctrl Pts',(5.71881026159463,11.0184449331768,8.34611837283619E-15));
#2011=CARTESIAN_POINT('Ctrl Pts',(5.76111452308845,10.9979730192015,1.03044830739789E-14));
#2012=CARTESIAN_POINT('Ctrl Pts',(5.8032888203347,10.977263314491,1.01585406753202E-14));
#2013=CARTESIAN_POINT('Ctrl Pts',(6.0651622603805,10.8486702621108,9.25233854556912E-15));
#2014=CARTESIAN_POINT('Ctrl Pts',(6.32219762931301,10.710832617199,6.70825119264132E-15));
#2015=CARTESIAN_POINT('Ctrl Pts',(6.57401594736294,10.5641721544108,5.17641485231479E-15));
#2016=CARTESIAN_POINT('Ctrl Pts',(6.8278106301554,10.4163606452252,3.63255608503464E-15));
#2017=CARTESIAN_POINT('Ctrl Pts',(7.0763065623984,10.2595869779033,8.23050693139308E-16));
#2018=CARTESIAN_POINT('Ctrl Pts',(7.31909614947502,10.0942336727898,4.23272528138341E-16));
#2019=CARTESIAN_POINT('Ctrl Pts',(7.56268746572642,9.92833434521108,2.21742331343769E-17));
#2020=CARTESIAN_POINT('Ctrl Pts',(7.80053520831909,9.75379827487068,-1.73011292247707E-15));
#2021=CARTESIAN_POINT('Ctrl Pts',(8.03220029204796,9.57096739151103,-1.4137996329211E-15));
#2022=CARTESIAN_POINT('Ctrl Pts',(8.06845120362678,9.5423580470217,-1.36430298497427E-15));
#2023=CARTESIAN_POINT('Ctrl Pts',(8.10455066337176,9.51354551432549,-2.87546261352997E-15));
#2024=CARTESIAN_POINT('Ctrl Pts',(8.14049691534524,9.48453101428937,-2.83106871279415E-15));
#2025=CARTESIAN_POINT('Ctrl Pts',(-12.2324635943228,1.94556694364053E-14,
-3.));
#2026=CARTESIAN_POINT('Ctrl Pts',(-12.3214781660414,1.95537797057047E-14,
-2.849739590108));
#2027=CARTESIAN_POINT('Ctrl Pts',(-12.4106774049464,1.9652093511875E-14,
-2.69918701418609));
#2028=CARTESIAN_POINT('Ctrl Pts',(-12.5,1.97505432789865E-14,-2.54844471141145));
#2029=CARTESIAN_POINT('Origin',(-12.5,1.37772764904077E-14,-1.));
#2030=CARTESIAN_POINT('',(-6.25,6.88863824520386E-15,0.));
#2031=CARTESIAN_POINT('Origin',(0.,0.,0.));
#2032=CARTESIAN_POINT('Origin',(0.,0.,-19.5));
#2033=CARTESIAN_POINT('',(8.89949510519906,1.08987381946096E-15,-21.));
#2034=CARTESIAN_POINT('Origin',(0.,0.,-21.));
#2035=CARTESIAN_POINT('',(10.3137086675722,1.26306503070806E-15,-20.));
#2036=CARTESIAN_POINT('Origin',(8.89949510519906,1.08987381946096E-15,-19.5));
#2037=CARTESIAN_POINT('Origin',(0.,0.,-20.));
#2038=CARTESIAN_POINT('Origin',(0.,0.,-21.));
#2039=CARTESIAN_POINT('Origin',(0.,0.,-20.));
#2040=UNCERTAINTY_MEASURE_WITH_UNIT(LENGTH_MEASURE(0.01),#2044,
'DISTANCE_ACCURACY_VALUE',
'Maximum model space distance between geometric entities at asserted c
onnectivities');
#2041=UNCERTAINTY_MEASURE_WITH_UNIT(LENGTH_MEASURE(0.01),#2044,
'DISTANCE_ACCURACY_VALUE',
'Maximum model space distance between geometric entities at asserted c
onnectivities');
#2042=(
GEOMETRIC_REPRESENTATION_CONTEXT(3)
GLOBAL_UNCERTAINTY_ASSIGNED_CONTEXT((#2040))
GLOBAL_UNIT_ASSIGNED_CONTEXT((#2044,#2046,#2047))
REPRESENTATION_CONTEXT('','3D')
);
#2043=(
GEOMETRIC_REPRESENTATION_CONTEXT(3)
GLOBAL_UNCERTAINTY_ASSIGNED_CONTEXT((#2041))
GLOBAL_UNIT_ASSIGNED_CONTEXT((#2044,#2046,#2047))
REPRESENTATION_CONTEXT('','3D')
);
#2044=(
LENGTH_UNIT()
NAMED_UNIT(*)
SI_UNIT(.MILLI.,.METRE.)
);
#2045=(
LENGTH_UNIT()
NAMED_UNIT(*)
SI_UNIT($,.METRE.)
);
#2046=(
NAMED_UNIT(*)
PLANE_ANGLE_UNIT()
SI_UNIT($,.RADIAN.)
);
#2047=(
NAMED_UNIT(*)
SI_UNIT($,.STERADIAN.)
SOLID_ANGLE_UNIT()
);
#2048=SHAPE_DEFINITION_REPRESENTATION(#2049,#2050);
#2049=PRODUCT_DEFINITION_SHAPE('',$,#2052);
#2050=SHAPE_REPRESENTATION('',(#303),#2042);
#2051=PRODUCT_DEFINITION_CONTEXT('part definition',#2056,'design');
#2052=PRODUCT_DEFINITION('2026-08-06-02-04-02-183','Day9: Light bulb',#2053,
#2051);
#2053=PRODUCT_DEFINITION_FORMATION('',$,#2058);
#2054=PRODUCT_RELATED_PRODUCT_CATEGORY('Day9: Light bulb',
'Day9: Light bulb',(#2058));
#2055=APPLICATION_PROTOCOL_DEFINITION('international standard',
'automotive_design',2009,#2056);
#2056=APPLICATION_CONTEXT(
'Core Data for Automotive Mechanical Design Process');
#2057=PRODUCT_CONTEXT('part definition',#2056,'mechanical');
#2058=PRODUCT('2026-08-06-02-04-02-183','Day9: Light bulb',$,(#2057));
#2059=PRESENTATION_STYLE_ASSIGNMENT((#2062));
#2060=PRESENTATION_STYLE_ASSIGNMENT((#2063));
#2061=PRESENTATION_STYLE_ASSIGNMENT((#2064));
#2062=SURFACE_STYLE_USAGE(.BOTH.,#2065);
#2063=SURFACE_STYLE_USAGE(.BOTH.,#2066);
#2064=SURFACE_STYLE_USAGE(.BOTH.,#2067);
#2065=SURFACE_SIDE_STYLE('',(#2068));
#2066=SURFACE_SIDE_STYLE('',(#2069));
#2067=SURFACE_SIDE_STYLE('',(#2070));
#2068=SURFACE_STYLE_FILL_AREA(#2071);
#2069=SURFACE_STYLE_FILL_AREA(#2072);
#2070=SURFACE_STYLE_FILL_AREA(#2073);
#2071=FILL_AREA_STYLE('Steel - Satin',(#2074));
#2072=FILL_AREA_STYLE('Plastic - Glossy (Grey)',(#2075));
#2073=FILL_AREA_STYLE('LED - SMD 3528 - 8lm (White)',(#2076));
#2074=FILL_AREA_STYLE_COLOUR('Steel - Satin',#2077);
#2075=FILL_AREA_STYLE_COLOUR('Plastic - Glossy (Grey)',#2078);
#2076=FILL_AREA_STYLE_COLOUR('LED - SMD 3528 - 8lm (White)',#2079);
#2077=COLOUR_RGB('Steel - Satin',0.627450980392157,0.627450980392157,0.627450980392157);
#2078=COLOUR_RGB('Plastic - Glossy (Grey)',1.,0.901960784313726,0.901960784313726);
#2079=COLOUR_RGB('LED - SMD 3528 - 8lm (White)',0.929411764705882,0.929411764705882,
0.929411764705882);
ENDSEC;
END-ISO-10303-21;
