ISO-10303-21;
HEADER;
/* Generated by software containing ST-Developer
 * from STEP Tools, Inc. (www.steptools.com) 
 */

FILE_DESCRIPTION(
/* description */ (''),
/* implementation_level */ '2;1');

FILE_NAME(
/* name */ 'Day7 Bike handle bar grip.step',
/* time_stamp */ '2026-08-04T16:23:54+05:30',
/* author */ (''),
/* organization */ (''),
/* preprocessor_version */ 'ST-DEVELOPER v20.1',
/* originating_system */ 'Autodesk Translation Framework v15.8.0.0',
/* authorisation */ '');

FILE_SCHEMA (('AUTOMOTIVE_DESIGN { 1 0 10303 214 3 1 1 }'));
ENDSEC;

DATA;
#10=MECHANICAL_DESIGN_GEOMETRIC_PRESENTATION_REPRESENTATION('',(#66,#67,
#68,#69,#70,#71),#9738);
#11=SHAPE_REPRESENTATION_RELATIONSHIP('SRR','None',#9745,#12);
#12=ADVANCED_BREP_SHAPE_REPRESENTATION('',(#13),#9737);
#13=MANIFOLD_SOLID_BREP('Body1',#4986);
#14=B_SPLINE_SURFACE_WITH_KNOTS('',3,3,((#8316,#8317,#8318,#8319),(#8320,
#8321,#8322,#8323),(#8324,#8325,#8326,#8327),(#8328,#8329,#8330,#8331),
(#8332,#8333,#8334,#8335)),.UNSPECIFIED.,.F.,.F.,.F.,(4,1,4),(4,4),(0.,
0.10731560511429,0.265819344372055),(0.,0.2),.UNSPECIFIED.);
#15=B_SPLINE_SURFACE_WITH_KNOTS('',3,3,((#8338,#8339,#8340,#8341),(#8342,
#8343,#8344,#8345),(#8346,#8347,#8348,#8349),(#8350,#8351,#8352,#8353),
(#8354,#8355,#8356,#8357)),.UNSPECIFIED.,.F.,.F.,.F.,(4,1,4),(4,4),(0.,
0.126089732311045,0.222835887075405),(0.,0.2),.UNSPECIFIED.);
#16=B_SPLINE_SURFACE_WITH_KNOTS('',3,3,((#8359,#8360,#8361,#8362),(#8363,
#8364,#8365,#8366),(#8367,#8368,#8369,#8370),(#8371,#8372,#8373,#8374),
(#8375,#8376,#8377,#8378)),.UNSPECIFIED.,.F.,.F.,.F.,(4,1,4),(4,4),(0.,
0.0701980422536447,0.149341423213704),(0.,0.2),.UNSPECIFIED.);
#17=B_SPLINE_SURFACE_WITH_KNOTS('',3,3,((#8380,#8381,#8382,#8383),(#8384,
#8385,#8386,#8387),(#8388,#8389,#8390,#8391),(#8392,#8393,#8394,#8395),
(#8396,#8397,#8398,#8399)),.UNSPECIFIED.,.F.,.F.,.F.,(4,1,4),(4,4),(0.,
0.0638004959980495,0.128384660950725),(0.,0.2),.UNSPECIFIED.);
#18=B_SPLINE_SURFACE_WITH_KNOTS('',3,3,((#8401,#8402,#8403,#8404),(#8405,
#8406,#8407,#8408),(#8409,#8410,#8411,#8412),(#8413,#8414,#8415,#8416),
(#8417,#8418,#8419,#8420)),.UNSPECIFIED.,.F.,.F.,.F.,(4,1,4),(4,4),(0.,
0.113309814341572,0.194244890267954),(0.,0.2),.UNSPECIFIED.);
#19=B_SPLINE_SURFACE_WITH_KNOTS('',3,3,((#8428,#8429,#8430,#8431),(#8432,
#8433,#8434,#8435),(#8436,#8437,#8438,#8439),(#8440,#8441,#8442,#8443),
(#8444,#8445,#8446,#8447)),.UNSPECIFIED.,.F.,.F.,.F.,(4,1,4),(4,4),(0.,
0.112260877822012,0.254719826743376),(0.,0.2),.UNSPECIFIED.);
#20=B_SPLINE_SURFACE_WITH_KNOTS('',3,3,((#8449,#8450,#8451,#8452),(#8453,
#8454,#8455,#8456),(#8457,#8458,#8459,#8460),(#8461,#8462,#8463,#8464),
(#8465,#8466,#8467,#8468)),.UNSPECIFIED.,.F.,.F.,.F.,(4,1,4),(4,4),(0.,
0.0968219282296687,0.192464758564418),(0.,0.2),.UNSPECIFIED.);
#21=B_SPLINE_SURFACE_WITH_KNOTS('',3,3,((#8470,#8471,#8472,#8473),(#8474,
#8475,#8476,#8477),(#8478,#8479,#8480,#8481),(#8482,#8483,#8484,#8485),
(#8486,#8487,#8488,#8489)),.UNSPECIFIED.,.F.,.F.,.F.,(4,1,4),(4,4),(0.,
0.128301527203739,0.236715955299885),(0.,0.2),.UNSPECIFIED.);
#22=B_SPLINE_SURFACE_WITH_KNOTS('',3,3,((#8491,#8492,#8493,#8494),(#8495,
#8496,#8497,#8498),(#8499,#8500,#8501,#8502),(#8503,#8504,#8505,#8506),
(#8507,#8508,#8509,#8510)),.UNSPECIFIED.,.F.,.F.,.F.,(4,1,4),(4,4),(0.,
0.111041151429347,0.242490949715156),(0.,0.2),.UNSPECIFIED.);
#23=B_SPLINE_SURFACE_WITH_KNOTS('',3,3,((#8512,#8513,#8514,#8515),(#8516,
#8517,#8518,#8519),(#8520,#8521,#8522,#8523),(#8524,#8525,#8526,#8527),
(#8528,#8529,#8530,#8531)),.UNSPECIFIED.,.F.,.F.,.F.,(4,1,4),(4,4),(0.,
0.0935583368807849,0.192286522811811),(0.,0.2),.UNSPECIFIED.);
#24=B_SPLINE_SURFACE_WITH_KNOTS('',3,3,((#8533,#8534,#8535,#8536),(#8537,
#8538,#8539,#8540),(#8541,#8542,#8543,#8544),(#8545,#8546,#8547,#8548),
(#8549,#8550,#8551,#8552)),.UNSPECIFIED.,.F.,.F.,.F.,(4,1,4),(4,4),(0.,
0.135500525955824,0.242789646514944),(0.,0.2),.UNSPECIFIED.);
#25=B_SPLINE_SURFACE_WITH_KNOTS('',3,3,((#8613,#8614,#8615,#8616),(#8617,
#8618,#8619,#8620),(#8621,#8622,#8623,#8624),(#8625,#8626,#8627,#8628)),
 .UNSPECIFIED.,.F.,.F.,.F.,(4,4),(4,4),(0.,0.567530711491903),(0.,0.2),
 .UNSPECIFIED.);
#26=B_SPLINE_SURFACE_WITH_KNOTS('',3,3,((#8632,#8633,#8634,#8635),(#8636,
#8637,#8638,#8639),(#8640,#8641,#8642,#8643),(#8644,#8645,#8646,#8647)),
 .UNSPECIFIED.,.F.,.F.,.F.,(4,4),(4,4),(0.,0.55798085530599),(0.,0.2),
 .UNSPECIFIED.);
#27=B_SPLINE_SURFACE_WITH_KNOTS('',3,3,((#8657,#8658,#8659,#8660),(#8661,
#8662,#8663,#8664),(#8665,#8666,#8667,#8668),(#8669,#8670,#8671,#8672)),
 .UNSPECIFIED.,.F.,.F.,.F.,(4,4),(4,4),(0.,0.463847160339355),(0.,0.2),
 .UNSPECIFIED.);
#28=B_SPLINE_SURFACE_WITH_KNOTS('',3,3,((#8674,#8675,#8676,#8677),(#8678,
#8679,#8680,#8681),(#8682,#8683,#8684,#8685),(#8686,#8687,#8688,#8689),
(#8690,#8691,#8692,#8693)),.UNSPECIFIED.,.F.,.F.,.F.,(4,1,4),(4,4),(0.,
0.0708086204473841,0.168902588510605),(0.,0.2),.UNSPECIFIED.);
#29=B_SPLINE_SURFACE_WITH_KNOTS('',3,3,((#8695,#8696,#8697,#8698),(#8699,
#8700,#8701,#8702),(#8703,#8704,#8705,#8706),(#8707,#8708,#8709,#8710),
(#8711,#8712,#8713,#8714)),.UNSPECIFIED.,.F.,.F.,.F.,(4,1,4),(4,4),(0.,
0.0909762333624835,0.15553493766858),(0.,0.2),.UNSPECIFIED.);
#30=B_SPLINE_SURFACE_WITH_KNOTS('',3,3,((#8716,#8717,#8718,#8719),(#8720,
#8721,#8722,#8723),(#8724,#8725,#8726,#8727),(#8728,#8729,#8730,#8731)),
 .UNSPECIFIED.,.F.,.F.,.F.,(4,4),(4,4),(0.,0.47203270594279),(0.,0.2),
 .UNSPECIFIED.);
#31=B_SPLINE_SURFACE_WITH_KNOTS('',3,3,((#8947,#8948,#8949,#8950),(#8951,
#8952,#8953,#8954),(#8955,#8956,#8957,#8958),(#8959,#8960,#8961,#8962),
(#8963,#8964,#8965,#8966)),.UNSPECIFIED.,.F.,.F.,.F.,(4,1,4),(4,4),(0.,
0.0956789332345534,0.18885742374932),(0.,0.2),.UNSPECIFIED.);
#32=B_SPLINE_SURFACE_WITH_KNOTS('',3,3,((#8969,#8970,#8971,#8972),(#8973,
#8974,#8975,#8976),(#8977,#8978,#8979,#8980),(#8981,#8982,#8983,#8984),
(#8985,#8986,#8987,#8988)),.UNSPECIFIED.,.F.,.F.,.F.,(4,1,4),(4,4),(0.,
0.125135913970429,0.232080334517019),(0.,0.2),.UNSPECIFIED.);
#33=B_SPLINE_SURFACE_WITH_KNOTS('',3,3,((#8990,#8991,#8992,#8993),(#8994,
#8995,#8996,#8997),(#8998,#8999,#9000,#9001),(#9002,#9003,#9004,#9005),
(#9006,#9007,#9008,#9009)),.UNSPECIFIED.,.F.,.F.,.F.,(4,1,4),(4,4),(0.,
0.0956161273476859,0.197809892072899),(0.,0.2),.UNSPECIFIED.);
#34=B_SPLINE_SURFACE_WITH_KNOTS('',3,3,((#9011,#9012,#9013,#9014),(#9015,
#9016,#9017,#9018),(#9019,#9020,#9021,#9022),(#9023,#9024,#9025,#9026),
(#9027,#9028,#9029,#9030)),.UNSPECIFIED.,.F.,.F.,.F.,(4,1,4),(4,4),(0.,
0.0838953339399632,0.172976000766643),(0.,0.2),.UNSPECIFIED.);
#35=B_SPLINE_SURFACE_WITH_KNOTS('',3,3,((#9032,#9033,#9034,#9035),(#9036,
#9037,#9038,#9039),(#9040,#9041,#9042,#9043),(#9044,#9045,#9046,#9047),
(#9048,#9049,#9050,#9051)),.UNSPECIFIED.,.F.,.F.,.F.,(4,1,4),(4,4),(0.,
0.0783443870492807,0.158902912672177),(0.,0.2),.UNSPECIFIED.);
#36=B_SPLINE_SURFACE_WITH_KNOTS('',3,3,((#9053,#9054,#9055,#9056),(#9057,
#9058,#9059,#9060),(#9061,#9062,#9063,#9064),(#9065,#9066,#9067,#9068),
(#9069,#9070,#9071,#9072)),.UNSPECIFIED.,.F.,.F.,.F.,(4,1,4),(4,4),(0.,
0.0733879689034208,0.1498999410987),(0.,0.2),.UNSPECIFIED.);
#37=B_SPLINE_SURFACE_WITH_KNOTS('',3,3,((#9074,#9075,#9076,#9077),(#9078,
#9079,#9080,#9081),(#9082,#9083,#9084,#9085),(#9086,#9087,#9088,#9089),
(#9090,#9091,#9092,#9093)),.UNSPECIFIED.,.F.,.F.,.F.,(4,1,4),(4,4),(0.,
0.0885426987545613,0.165933157460856),(0.,0.2),.UNSPECIFIED.);
#38=B_SPLINE_SURFACE_WITH_KNOTS('',3,3,((#9095,#9096,#9097,#9098),(#9099,
#9100,#9101,#9102),(#9103,#9104,#9105,#9106),(#9107,#9108,#9109,#9110),
(#9111,#9112,#9113,#9114)),.UNSPECIFIED.,.F.,.F.,.F.,(4,1,4),(4,4),(0.,
0.140231442200433,0.230565707119465),(0.,0.2),.UNSPECIFIED.);
#39=B_SPLINE_SURFACE_WITH_KNOTS('',3,3,((#9116,#9117,#9118,#9119),(#9120,
#9121,#9122,#9123),(#9124,#9125,#9126,#9127),(#9128,#9129,#9130,#9131),
(#9132,#9133,#9134,#9135)),.UNSPECIFIED.,.F.,.F.,.F.,(4,1,4),(4,4),(0.,
0.0774490231642206,0.212882248603435),(0.,0.2),.UNSPECIFIED.);
#40=B_SPLINE_SURFACE_WITH_KNOTS('',3,3,((#9137,#9138,#9139,#9140),(#9141,
#9142,#9143,#9144),(#9145,#9146,#9147,#9148),(#9149,#9150,#9151,#9152),
(#9153,#9154,#9155,#9156)),.UNSPECIFIED.,.F.,.F.,.F.,(4,1,4),(4,4),(0.,
0.0500658233076409,0.0992148471462806),(0.,0.2),.UNSPECIFIED.);
#41=B_SPLINE_SURFACE_WITH_KNOTS('',3,3,((#9158,#9159,#9160,#9161),(#9162,
#9163,#9164,#9165),(#9166,#9167,#9168,#9169),(#9170,#9171,#9172,#9173),
(#9174,#9175,#9176,#9177)),.UNSPECIFIED.,.F.,.F.,.F.,(4,1,4),(4,4),(0.,
0.0636389715580908,0.122808170977635),(0.,0.2),.UNSPECIFIED.);
#42=B_SPLINE_SURFACE_WITH_KNOTS('',3,3,((#9179,#9180,#9181,#9182),(#9183,
#9184,#9185,#9186),(#9187,#9188,#9189,#9190),(#9191,#9192,#9193,#9194),
(#9195,#9196,#9197,#9198)),.UNSPECIFIED.,.F.,.F.,.F.,(4,1,4),(4,4),(0.,
0.10435015206108,0.182822333409582),(0.,0.2),.UNSPECIFIED.);
#43=B_SPLINE_SURFACE_WITH_KNOTS('',3,3,((#9200,#9201,#9202,#9203),(#9204,
#9205,#9206,#9207),(#9208,#9209,#9210,#9211),(#9212,#9213,#9214,#9215),
(#9216,#9217,#9218,#9219)),.UNSPECIFIED.,.F.,.F.,.F.,(4,1,4),(4,4),(0.,
0.0816033782502099,0.18353561798489),(0.,0.2),.UNSPECIFIED.);
#44=B_SPLINE_SURFACE_WITH_KNOTS('',3,3,((#9221,#9222,#9223,#9224),(#9225,
#9226,#9227,#9228),(#9229,#9230,#9231,#9232),(#9233,#9234,#9235,#9236),
(#9237,#9238,#9239,#9240)),.UNSPECIFIED.,.F.,.F.,.F.,(4,1,4),(4,4),(0.,
0.0861881466942353,0.162309989001544),(0.,0.2),.UNSPECIFIED.);
#45=B_SPLINE_SURFACE_WITH_KNOTS('',3,3,((#9242,#9243,#9244,#9245),(#9246,
#9247,#9248,#9249),(#9250,#9251,#9252,#9253),(#9254,#9255,#9256,#9257)),
 .UNSPECIFIED.,.F.,.F.,.F.,(4,4),(4,4),(0.,0.00636657079060872),(0.,0.2),
 .UNSPECIFIED.);
#46=B_SPLINE_SURFACE_WITH_KNOTS('',3,3,((#9259,#9260,#9261,#9262),(#9263,
#9264,#9265,#9266),(#9267,#9268,#9269,#9270),(#9271,#9272,#9273,#9274),
(#9275,#9276,#9277,#9278)),.UNSPECIFIED.,.F.,.F.,.F.,(4,1,4),(4,4),(0.,
0.0820789440905017,0.166633518481672),(0.,0.2),.UNSPECIFIED.);
#47=B_SPLINE_SURFACE_WITH_KNOTS('',3,3,((#9280,#9281,#9282,#9283),(#9284,
#9285,#9286,#9287),(#9288,#9289,#9290,#9291),(#9292,#9293,#9294,#9295),
(#9296,#9297,#9298,#9299)),.UNSPECIFIED.,.F.,.F.,.F.,(4,1,4),(4,4),(0.,
0.0871852992825082,0.169760934207064),(0.,0.2),.UNSPECIFIED.);
#48=B_SPLINE_SURFACE_WITH_KNOTS('',3,3,((#9301,#9302,#9303,#9304),(#9305,
#9306,#9307,#9308),(#9309,#9310,#9311,#9312),(#9313,#9314,#9315,#9316),
(#9317,#9318,#9319,#9320)),.UNSPECIFIED.,.F.,.F.,.F.,(4,1,4),(4,4),(0.,
0.105003776786748,0.200355047153999),(0.,0.2),.UNSPECIFIED.);
#49=B_SPLINE_SURFACE_WITH_KNOTS('',3,3,((#9322,#9323,#9324,#9325),(#9326,
#9327,#9328,#9329),(#9330,#9331,#9332,#9333),(#9334,#9335,#9336,#9337),
(#9338,#9339,#9340,#9341)),.UNSPECIFIED.,.F.,.F.,.F.,(4,1,4),(4,4),(0.,
0.0908187933381482,0.187546007038403),(0.,0.2),.UNSPECIFIED.);
#50=B_SPLINE_SURFACE_WITH_KNOTS('',3,3,((#9343,#9344,#9345,#9346),(#9347,
#9348,#9349,#9350),(#9351,#9352,#9353,#9354),(#9355,#9356,#9357,#9358),
(#9359,#9360,#9361,#9362)),.UNSPECIFIED.,.F.,.F.,.F.,(4,1,4),(4,4),(0.,
0.078400140985721,0.162332437629154),(0.,0.2),.UNSPECIFIED.);
#51=B_SPLINE_SURFACE_WITH_KNOTS('',3,3,((#9364,#9365,#9366,#9367),(#9368,
#9369,#9370,#9371),(#9372,#9373,#9374,#9375),(#9376,#9377,#9378,#9379),
(#9380,#9381,#9382,#9383)),.UNSPECIFIED.,.F.,.F.,.F.,(4,1,4),(4,4),(0.,
0.0740271435499538,0.149548186131217),(0.,0.2),.UNSPECIFIED.);
#52=B_SPLINE_SURFACE_WITH_KNOTS('',3,3,((#9385,#9386,#9387,#9388),(#9389,
#9390,#9391,#9392),(#9393,#9394,#9395,#9396),(#9397,#9398,#9399,#9400),
(#9401,#9402,#9403,#9404)),.UNSPECIFIED.,.F.,.F.,.F.,(4,1,4),(4,4),(0.,
0.0645414736921776,0.130696654163142),(0.,0.2),.UNSPECIFIED.);
#53=B_SPLINE_SURFACE_WITH_KNOTS('',3,3,((#9406,#9407,#9408,#9409),(#9410,
#9411,#9412,#9413),(#9414,#9415,#9416,#9417),(#9418,#9419,#9420,#9421),
(#9422,#9423,#9424,#9425)),.UNSPECIFIED.,.F.,.F.,.F.,(4,1,4),(4,4),(0.,
0.0753212458063606,0.142900381761045),(0.,0.2),.UNSPECIFIED.);
#54=B_SPLINE_SURFACE_WITH_KNOTS('',3,3,((#9427,#9428,#9429,#9430),(#9431,
#9432,#9433,#9434),(#9435,#9436,#9437,#9438),(#9439,#9440,#9441,#9442),
(#9443,#9444,#9445,#9446)),.UNSPECIFIED.,.F.,.F.,.F.,(4,1,4),(4,4),(0.,
0.121485099783171,0.203186050237868),(0.,0.2),.UNSPECIFIED.);
#55=B_SPLINE_SURFACE_WITH_KNOTS('',3,3,((#9448,#9449,#9450,#9451),(#9452,
#9453,#9454,#9455),(#9456,#9457,#9458,#9459),(#9460,#9461,#9462,#9463),
(#9464,#9465,#9466,#9467)),.UNSPECIFIED.,.F.,.F.,.F.,(4,1,4),(4,4),(0.,
0.0676663031025526,0.184654356217566),(0.,0.2),.UNSPECIFIED.);
#56=B_SPLINE_SURFACE_WITH_KNOTS('',3,3,((#9469,#9470,#9471,#9472),(#9473,
#9474,#9475,#9476),(#9477,#9478,#9479,#9480),(#9481,#9482,#9483,#9484),
(#9485,#9486,#9487,#9488)),.UNSPECIFIED.,.F.,.F.,.F.,(4,1,4),(4,4),(0.,
0.048490558758718,0.108625560888204),(0.,0.2),.UNSPECIFIED.);
#57=B_SPLINE_SURFACE_WITH_KNOTS('',3,3,((#9490,#9491,#9492,#9493),(#9494,
#9495,#9496,#9497),(#9498,#9499,#9500,#9501),(#9502,#9503,#9504,#9505),
(#9506,#9507,#9508,#9509)),.UNSPECIFIED.,.F.,.F.,.F.,(4,1,4),(4,4),(0.,
0.0446072578576976,0.0878673689145273),(0.,0.2),.UNSPECIFIED.);
#58=B_SPLINE_SURFACE_WITH_KNOTS('',3,3,((#9511,#9512,#9513,#9514),(#9515,
#9516,#9517,#9518),(#9519,#9520,#9521,#9522),(#9523,#9524,#9525,#9526),
(#9527,#9528,#9529,#9530)),.UNSPECIFIED.,.F.,.F.,.F.,(4,1,4),(4,4),(0.,
0.0461825631038037,0.0913347086629214),(0.,0.2),.UNSPECIFIED.);
#59=B_SPLINE_SURFACE_WITH_KNOTS('',3,3,((#9532,#9533,#9534,#9535),(#9536,
#9537,#9538,#9539),(#9540,#9541,#9542,#9543),(#9544,#9545,#9546,#9547),
(#9548,#9549,#9550,#9551)),.UNSPECIFIED.,.F.,.F.,.F.,(4,1,4),(4,4),(0.,
0.0571739214260492,0.107218884908915),(0.,0.2),.UNSPECIFIED.);
#60=B_SPLINE_SURFACE_WITH_KNOTS('',3,3,((#9553,#9554,#9555,#9556),(#9557,
#9558,#9559,#9560),(#9561,#9562,#9563,#9564),(#9565,#9566,#9567,#9568),
(#9569,#9570,#9571,#9572)),.UNSPECIFIED.,.F.,.F.,.F.,(4,1,4),(4,4),(0.,
0.0715041880489428,0.136161841850878),(0.,0.2),.UNSPECIFIED.);
#61=B_SPLINE_SURFACE_WITH_KNOTS('',3,3,((#9574,#9575,#9576,#9577),(#9578,
#9579,#9580,#9581),(#9582,#9583,#9584,#9585),(#9586,#9587,#9588,#9589),
(#9590,#9591,#9592,#9593)),.UNSPECIFIED.,.F.,.F.,.F.,(4,1,4),(4,4),(0.,
0.0758161458923046,0.157157822942655),(0.,0.2),.UNSPECIFIED.);
#62=B_SPLINE_SURFACE_WITH_KNOTS('',3,3,((#9595,#9596,#9597,#9598),(#9599,
#9600,#9601,#9602),(#9603,#9604,#9605,#9606),(#9607,#9608,#9609,#9610),
(#9611,#9612,#9613,#9614)),.UNSPECIFIED.,.F.,.F.,.F.,(4,1,4),(4,4),(0.,
0.0600099150382246,0.128468457427468),(0.,0.2),.UNSPECIFIED.);
#63=B_SPLINE_SURFACE_WITH_KNOTS('',3,3,((#9616,#9617,#9618,#9619),(#9620,
#9621,#9622,#9623),(#9624,#9625,#9626,#9627),(#9628,#9629,#9630,#9631),
(#9632,#9633,#9634,#9635)),.UNSPECIFIED.,.F.,.F.,.F.,(4,1,4),(4,4),(0.,
0.0698728946382331,0.130775192833849),(0.,0.2),.UNSPECIFIED.);
#64=B_SPLINE_SURFACE_WITH_KNOTS('',3,3,((#9637,#9638,#9639,#9640),(#9641,
#9642,#9643,#9644),(#9645,#9646,#9647,#9648),(#9649,#9650,#9651,#9652)),
 .UNSPECIFIED.,.F.,.F.,.F.,(4,4),(4,4),(0.,0.00727605819702148),(0.,0.2),
 .UNSPECIFIED.);
#65=B_SPLINE_SURFACE_WITH_KNOTS('',3,3,((#9654,#9655,#9656,#9657),(#9658,
#9659,#9660,#9661),(#9662,#9663,#9664,#9665),(#9666,#9667,#9668,#9669),
(#9670,#9671,#9672,#9673)),.UNSPECIFIED.,.F.,.F.,.F.,(4,1,4),(4,4),(0.,
0.0935651144537266,0.189827388830766),(0.,0.2),.UNSPECIFIED.);
#66=STYLED_ITEM('',(#9756),#4897);
#67=STYLED_ITEM('',(#9756),#4915);
#68=STYLED_ITEM('',(#9756),#4931);
#69=STYLED_ITEM('',(#9756),#4967);
#70=STYLED_ITEM('',(#9756),#4972);
#71=STYLED_ITEM('',(#9755),#13);
#72=B_SPLINE_CURVE_WITH_KNOTS('',3,(#7150,#7151,#7152,#7153,#7154),
 .UNSPECIFIED.,.F.,.F.,(4,1,4),(0.,0.10731560511429,0.265819344372055),
 .UNSPECIFIED.);
#73=B_SPLINE_CURVE_WITH_KNOTS('',3,(#7162,#7163,#7164,#7165,#7166),
 .UNSPECIFIED.,.F.,.F.,(4,1,4),(0.,0.135500525955824,0.242789646514944),
 .UNSPECIFIED.);
#74=B_SPLINE_CURVE_WITH_KNOTS('',3,(#7168,#7169,#7170,#7171,#7172),
 .UNSPECIFIED.,.F.,.F.,(4,1,4),(0.,0.0935583368807849,0.192286522811811),
 .UNSPECIFIED.);
#75=B_SPLINE_CURVE_WITH_KNOTS('',3,(#7174,#7175,#7176,#7177,#7178),
 .UNSPECIFIED.,.F.,.F.,(4,1,4),(0.,0.111041151429347,0.242490949715156),
 .UNSPECIFIED.);
#76=B_SPLINE_CURVE_WITH_KNOTS('',3,(#7180,#7181,#7182,#7183,#7184),
 .UNSPECIFIED.,.F.,.F.,(4,1,4),(0.,0.128301527203739,0.236715955299885),
 .UNSPECIFIED.);
#77=B_SPLINE_CURVE_WITH_KNOTS('',3,(#7186,#7187,#7188,#7189,#7190),
 .UNSPECIFIED.,.F.,.F.,(4,1,4),(0.,0.0968219282296687,0.192464758564418),
 .UNSPECIFIED.);
#78=B_SPLINE_CURVE_WITH_KNOTS('',3,(#7192,#7193,#7194,#7195,#7196),
 .UNSPECIFIED.,.F.,.F.,(4,1,4),(0.,0.112260877822012,0.254719826743376),
 .UNSPECIFIED.);
#79=B_SPLINE_CURVE_WITH_KNOTS('',3,(#7204,#7205,#7206,#7207,#7208),
 .UNSPECIFIED.,.F.,.F.,(4,1,4),(0.,0.113309814341572,0.194244890267954),
 .UNSPECIFIED.);
#80=B_SPLINE_CURVE_WITH_KNOTS('',3,(#7210,#7211,#7212,#7213,#7214),
 .UNSPECIFIED.,.F.,.F.,(4,1,4),(0.,0.0638004959980495,0.128384660950725),
 .UNSPECIFIED.);
#81=B_SPLINE_CURVE_WITH_KNOTS('',3,(#7216,#7217,#7218,#7219,#7220),
 .UNSPECIFIED.,.F.,.F.,(4,1,4),(0.,0.0701980422536447,0.149341423213704),
 .UNSPECIFIED.);
#82=B_SPLINE_CURVE_WITH_KNOTS('',3,(#7221,#7222,#7223,#7224,#7225),
 .UNSPECIFIED.,.F.,.F.,(4,1,4),(0.,0.126089732311045,0.222835887075405),
 .UNSPECIFIED.);
#83=B_SPLINE_CURVE_WITH_KNOTS('',3,(#7236,#7237,#7238,#7239),
 .UNSPECIFIED.,.F.,.F.,(4,4),(0.,0.47203270594279),.UNSPECIFIED.);
#84=B_SPLINE_CURVE_WITH_KNOTS('',3,(#7241,#7242,#7243,#7244,#7245),
 .UNSPECIFIED.,.F.,.F.,(4,1,4),(0.,0.0909762333624835,0.15553493766858),
 .UNSPECIFIED.);
#85=B_SPLINE_CURVE_WITH_KNOTS('',3,(#7247,#7248,#7249,#7250,#7251),
 .UNSPECIFIED.,.F.,.F.,(4,1,4),(0.,0.0708086204473841,0.168902588510605),
 .UNSPECIFIED.);
#86=B_SPLINE_CURVE_WITH_KNOTS('',3,(#7253,#7254,#7255,#7256),
 .UNSPECIFIED.,.F.,.F.,(4,4),(0.,0.463847160339355),.UNSPECIFIED.);
#87=B_SPLINE_CURVE_WITH_KNOTS('',3,(#7266,#7267,#7268,#7269),
 .UNSPECIFIED.,.F.,.F.,(4,4),(0.,0.55798085530599),.UNSPECIFIED.);
#88=B_SPLINE_CURVE_WITH_KNOTS('',3,(#7272,#7273,#7274,#7275),
 .UNSPECIFIED.,.F.,.F.,(4,4),(0.,0.567530711491903),.UNSPECIFIED.);
#89=B_SPLINE_CURVE_WITH_KNOTS('',3,(#7278,#7279,#7280,#7281,#7282),
 .UNSPECIFIED.,.F.,.F.,(4,1,4),(0.,0.0956789332345534,0.18885742374932),
 .UNSPECIFIED.);
#90=B_SPLINE_CURVE_WITH_KNOTS('',3,(#7284,#7285,#7286,#7287,#7288),
 .UNSPECIFIED.,.F.,.F.,(4,1,4),(0.,0.0935651144537266,0.189827388830766),
 .UNSPECIFIED.);
#91=B_SPLINE_CURVE_WITH_KNOTS('',3,(#7290,#7291,#7292,#7293),
 .UNSPECIFIED.,.F.,.F.,(4,4),(0.,0.00727605819702148),.UNSPECIFIED.);
#92=B_SPLINE_CURVE_WITH_KNOTS('',3,(#7295,#7296,#7297,#7298,#7299),
 .UNSPECIFIED.,.F.,.F.,(4,1,4),(0.,0.0698728946382331,0.130775192833849),
 .UNSPECIFIED.);
#93=B_SPLINE_CURVE_WITH_KNOTS('',3,(#7301,#7302,#7303,#7304,#7305),
 .UNSPECIFIED.,.F.,.F.,(4,1,4),(0.,0.0600099150382246,0.128468457427468),
 .UNSPECIFIED.);
#94=B_SPLINE_CURVE_WITH_KNOTS('',3,(#7307,#7308,#7309,#7310,#7311),
 .UNSPECIFIED.,.F.,.F.,(4,1,4),(0.,0.0758161458923046,0.157157822942655),
 .UNSPECIFIED.);
#95=B_SPLINE_CURVE_WITH_KNOTS('',3,(#7313,#7314,#7315,#7316,#7317),
 .UNSPECIFIED.,.F.,.F.,(4,1,4),(0.,0.0715041880489428,0.136161841850878),
 .UNSPECIFIED.);
#96=B_SPLINE_CURVE_WITH_KNOTS('',3,(#7319,#7320,#7321,#7322,#7323),
 .UNSPECIFIED.,.F.,.F.,(4,1,4),(0.,0.0571739214260492,0.107218884908915),
 .UNSPECIFIED.);
#97=B_SPLINE_CURVE_WITH_KNOTS('',3,(#7325,#7326,#7327,#7328,#7329),
 .UNSPECIFIED.,.F.,.F.,(4,1,4),(0.,0.0461825631038037,0.0913347086629214),
 .UNSPECIFIED.);
#98=B_SPLINE_CURVE_WITH_KNOTS('',3,(#7331,#7332,#7333,#7334,#7335),
 .UNSPECIFIED.,.F.,.F.,(4,1,4),(0.,0.0446072578576976,0.0878673689145273),
 .UNSPECIFIED.);
#99=B_SPLINE_CURVE_WITH_KNOTS('',3,(#7337,#7338,#7339,#7340,#7341),
 .UNSPECIFIED.,.F.,.F.,(4,1,4),(0.,0.048490558758718,0.108625560888204),
 .UNSPECIFIED.);
#100=B_SPLINE_CURVE_WITH_KNOTS('',3,(#7343,#7344,#7345,#7346,#7347),
 .UNSPECIFIED.,.F.,.F.,(4,1,4),(0.,0.0676663031025526,0.184654356217566),
 .UNSPECIFIED.);
#101=B_SPLINE_CURVE_WITH_KNOTS('',3,(#7349,#7350,#7351,#7352,#7353),
 .UNSPECIFIED.,.F.,.F.,(4,1,4),(0.,0.121485099783171,0.203186050237868),
 .UNSPECIFIED.);
#102=B_SPLINE_CURVE_WITH_KNOTS('',3,(#7355,#7356,#7357,#7358,#7359),
 .UNSPECIFIED.,.F.,.F.,(4,1,4),(0.,0.0753212458063606,0.142900381761045),
 .UNSPECIFIED.);
#103=B_SPLINE_CURVE_WITH_KNOTS('',3,(#7361,#7362,#7363,#7364,#7365),
 .UNSPECIFIED.,.F.,.F.,(4,1,4),(0.,0.0645414736921776,0.130696654163142),
 .UNSPECIFIED.);
#104=B_SPLINE_CURVE_WITH_KNOTS('',3,(#7367,#7368,#7369,#7370,#7371),
 .UNSPECIFIED.,.F.,.F.,(4,1,4),(0.,0.0740271435499538,0.149548186131217),
 .UNSPECIFIED.);
#105=B_SPLINE_CURVE_WITH_KNOTS('',3,(#7373,#7374,#7375,#7376,#7377),
 .UNSPECIFIED.,.F.,.F.,(4,1,4),(0.,0.078400140985721,0.162332437629154),
 .UNSPECIFIED.);
#106=B_SPLINE_CURVE_WITH_KNOTS('',3,(#7379,#7380,#7381,#7382,#7383),
 .UNSPECIFIED.,.F.,.F.,(4,1,4),(0.,0.0908187933381482,0.187546007038403),
 .UNSPECIFIED.);
#107=B_SPLINE_CURVE_WITH_KNOTS('',3,(#7385,#7386,#7387,#7388,#7389),
 .UNSPECIFIED.,.F.,.F.,(4,1,4),(0.,0.105003776786748,0.200355047153999),
 .UNSPECIFIED.);
#108=B_SPLINE_CURVE_WITH_KNOTS('',3,(#7391,#7392,#7393,#7394,#7395),
 .UNSPECIFIED.,.F.,.F.,(4,1,4),(0.,0.0871852992825082,0.169760934207064),
 .UNSPECIFIED.);
#109=B_SPLINE_CURVE_WITH_KNOTS('',3,(#7397,#7398,#7399,#7400,#7401),
 .UNSPECIFIED.,.F.,.F.,(4,1,4),(0.,0.0820789440905017,0.166633518481672),
 .UNSPECIFIED.);
#110=B_SPLINE_CURVE_WITH_KNOTS('',3,(#7403,#7404,#7405,#7406),
 .UNSPECIFIED.,.F.,.F.,(4,4),(0.,0.00636657079060872),.UNSPECIFIED.);
#111=B_SPLINE_CURVE_WITH_KNOTS('',3,(#7408,#7409,#7410,#7411,#7412),
 .UNSPECIFIED.,.F.,.F.,(4,1,4),(0.,0.0861881466942353,0.162309989001544),
 .UNSPECIFIED.);
#112=B_SPLINE_CURVE_WITH_KNOTS('',3,(#7414,#7415,#7416,#7417,#7418),
 .UNSPECIFIED.,.F.,.F.,(4,1,4),(0.,0.0816033782502099,0.18353561798489),
 .UNSPECIFIED.);
#113=B_SPLINE_CURVE_WITH_KNOTS('',3,(#7420,#7421,#7422,#7423,#7424),
 .UNSPECIFIED.,.F.,.F.,(4,1,4),(0.,0.10435015206108,0.182822333409582),
 .UNSPECIFIED.);
#114=B_SPLINE_CURVE_WITH_KNOTS('',3,(#7426,#7427,#7428,#7429,#7430),
 .UNSPECIFIED.,.F.,.F.,(4,1,4),(0.,0.0636389715580908,0.122808170977635),
 .UNSPECIFIED.);
#115=B_SPLINE_CURVE_WITH_KNOTS('',3,(#7432,#7433,#7434,#7435,#7436),
 .UNSPECIFIED.,.F.,.F.,(4,1,4),(0.,0.0500658233076409,0.0992148471462806),
 .UNSPECIFIED.);
#116=B_SPLINE_CURVE_WITH_KNOTS('',3,(#7438,#7439,#7440,#7441,#7442),
 .UNSPECIFIED.,.F.,.F.,(4,1,4),(0.,0.0774490231642206,0.212882248603435),
 .UNSPECIFIED.);
#117=B_SPLINE_CURVE_WITH_KNOTS('',3,(#7444,#7445,#7446,#7447,#7448),
 .UNSPECIFIED.,.F.,.F.,(4,1,4),(0.,0.140231442200433,0.230565707119465),
 .UNSPECIFIED.);
#118=B_SPLINE_CURVE_WITH_KNOTS('',3,(#7450,#7451,#7452,#7453,#7454),
 .UNSPECIFIED.,.F.,.F.,(4,1,4),(0.,0.0885426987545613,0.165933157460856),
 .UNSPECIFIED.);
#119=B_SPLINE_CURVE_WITH_KNOTS('',3,(#7456,#7457,#7458,#7459,#7460),
 .UNSPECIFIED.,.F.,.F.,(4,1,4),(0.,0.0733879689034208,0.1498999410987),
 .UNSPECIFIED.);
#120=B_SPLINE_CURVE_WITH_KNOTS('',3,(#7462,#7463,#7464,#7465,#7466),
 .UNSPECIFIED.,.F.,.F.,(4,1,4),(0.,0.0783443870492807,0.158902912672177),
 .UNSPECIFIED.);
#121=B_SPLINE_CURVE_WITH_KNOTS('',3,(#7468,#7469,#7470,#7471,#7472),
 .UNSPECIFIED.,.F.,.F.,(4,1,4),(0.,0.0838953339399632,0.172976000766643),
 .UNSPECIFIED.);
#122=B_SPLINE_CURVE_WITH_KNOTS('',3,(#7474,#7475,#7476,#7477,#7478),
 .UNSPECIFIED.,.F.,.F.,(4,1,4),(0.,0.0956161273476859,0.197809892072899),
 .UNSPECIFIED.);
#123=B_SPLINE_CURVE_WITH_KNOTS('',3,(#7479,#7480,#7481,#7482,#7483),
 .UNSPECIFIED.,.F.,.F.,(4,1,4),(0.,0.125135913970429,0.232080334517019),
 .UNSPECIFIED.);
#124=B_SPLINE_CURVE_WITH_KNOTS('',3,(#8240,#8241,#8242,#8243,#8244),
 .UNSPECIFIED.,.F.,.F.,(4,1,4),(0.,0.10731560511429,0.265819344372055),
 .UNSPECIFIED.);
#125=B_SPLINE_CURVE_WITH_KNOTS('',3,(#8246,#8247,#8248,#8249,#8250),
 .UNSPECIFIED.,.F.,.F.,(4,1,4),(0.,0.126089732311045,0.222835887075405),
 .UNSPECIFIED.);
#126=B_SPLINE_CURVE_WITH_KNOTS('',3,(#8252,#8253,#8254,#8255,#8256),
 .UNSPECIFIED.,.F.,.F.,(4,1,4),(0.,0.0701980422536447,0.149341423213704),
 .UNSPECIFIED.);
#127=B_SPLINE_CURVE_WITH_KNOTS('',3,(#8258,#8259,#8260,#8261,#8262),
 .UNSPECIFIED.,.F.,.F.,(4,1,4),(0.,0.0638004959980495,0.128384660950725),
 .UNSPECIFIED.);
#128=B_SPLINE_CURVE_WITH_KNOTS('',3,(#8264,#8265,#8266,#8267,#8268),
 .UNSPECIFIED.,.F.,.F.,(4,1,4),(0.,0.113309814341572,0.194244890267954),
 .UNSPECIFIED.);
#129=B_SPLINE_CURVE_WITH_KNOTS('',3,(#8276,#8277,#8278,#8279,#8280),
 .UNSPECIFIED.,.F.,.F.,(4,1,4),(0.,0.112260877822012,0.254719826743376),
 .UNSPECIFIED.);
#130=B_SPLINE_CURVE_WITH_KNOTS('',3,(#8282,#8283,#8284,#8285,#8286),
 .UNSPECIFIED.,.F.,.F.,(4,1,4),(0.,0.0968219282296687,0.192464758564418),
 .UNSPECIFIED.);
#131=B_SPLINE_CURVE_WITH_KNOTS('',3,(#8288,#8289,#8290,#8291,#8292),
 .UNSPECIFIED.,.F.,.F.,(4,1,4),(0.,0.128301527203739,0.236715955299885),
 .UNSPECIFIED.);
#132=B_SPLINE_CURVE_WITH_KNOTS('',3,(#8294,#8295,#8296,#8297,#8298),
 .UNSPECIFIED.,.F.,.F.,(4,1,4),(0.,0.111041151429347,0.242490949715156),
 .UNSPECIFIED.);
#133=B_SPLINE_CURVE_WITH_KNOTS('',3,(#8300,#8301,#8302,#8303,#8304),
 .UNSPECIFIED.,.F.,.F.,(4,1,4),(0.,0.0935583368807849,0.192286522811811),
 .UNSPECIFIED.);
#134=B_SPLINE_CURVE_WITH_KNOTS('',3,(#8306,#8307,#8308,#8309,#8310),
 .UNSPECIFIED.,.F.,.F.,(4,1,4),(0.,0.135500525955824,0.242789646514944),
 .UNSPECIFIED.);
#135=B_SPLINE_CURVE_WITH_KNOTS('',3,(#8564,#8565,#8566,#8567),
 .UNSPECIFIED.,.F.,.F.,(4,4),(0.,0.567530711491903),.UNSPECIFIED.);
#136=B_SPLINE_CURVE_WITH_KNOTS('',3,(#8571,#8572,#8573,#8574),
 .UNSPECIFIED.,.F.,.F.,(4,4),(0.,0.55798085530599),.UNSPECIFIED.);
#137=B_SPLINE_CURVE_WITH_KNOTS('',3,(#8584,#8585,#8586,#8587),
 .UNSPECIFIED.,.F.,.F.,(4,4),(0.,0.463847160339355),.UNSPECIFIED.);
#138=B_SPLINE_CURVE_WITH_KNOTS('',3,(#8589,#8590,#8591,#8592,#8593),
 .UNSPECIFIED.,.F.,.F.,(4,1,4),(0.,0.0708086204473841,0.168902588510605),
 .UNSPECIFIED.);
#139=B_SPLINE_CURVE_WITH_KNOTS('',3,(#8595,#8596,#8597,#8598,#8599),
 .UNSPECIFIED.,.F.,.F.,(4,1,4),(0.,0.0909762333624835,0.15553493766858),
 .UNSPECIFIED.);
#140=B_SPLINE_CURVE_WITH_KNOTS('',3,(#8601,#8602,#8603,#8604),
 .UNSPECIFIED.,.F.,.F.,(4,4),(0.,0.47203270594279),.UNSPECIFIED.);
#141=B_SPLINE_CURVE_WITH_KNOTS('',3,(#8741,#8742,#8743,#8744,#8745),
 .UNSPECIFIED.,.F.,.F.,(4,1,4),(0.,0.0956789332345534,0.18885742374932),
 .UNSPECIFIED.);
#142=B_SPLINE_CURVE_WITH_KNOTS('',3,(#8747,#8748,#8749,#8750,#8751),
 .UNSPECIFIED.,.F.,.F.,(4,1,4),(0.,0.125135913970429,0.232080334517019),
 .UNSPECIFIED.);
#143=B_SPLINE_CURVE_WITH_KNOTS('',3,(#8753,#8754,#8755,#8756,#8757),
 .UNSPECIFIED.,.F.,.F.,(4,1,4),(0.,0.0956161273476859,0.197809892072899),
 .UNSPECIFIED.);
#144=B_SPLINE_CURVE_WITH_KNOTS('',3,(#8759,#8760,#8761,#8762,#8763),
 .UNSPECIFIED.,.F.,.F.,(4,1,4),(0.,0.0838953339399632,0.172976000766643),
 .UNSPECIFIED.);
#145=B_SPLINE_CURVE_WITH_KNOTS('',3,(#8765,#8766,#8767,#8768,#8769),
 .UNSPECIFIED.,.F.,.F.,(4,1,4),(0.,0.0783443870492807,0.158902912672177),
 .UNSPECIFIED.);
#146=B_SPLINE_CURVE_WITH_KNOTS('',3,(#8771,#8772,#8773,#8774,#8775),
 .UNSPECIFIED.,.F.,.F.,(4,1,4),(0.,0.0733879689034208,0.1498999410987),
 .UNSPECIFIED.);
#147=B_SPLINE_CURVE_WITH_KNOTS('',3,(#8777,#8778,#8779,#8780,#8781),
 .UNSPECIFIED.,.F.,.F.,(4,1,4),(0.,0.0885426987545613,0.165933157460856),
 .UNSPECIFIED.);
#148=B_SPLINE_CURVE_WITH_KNOTS('',3,(#8783,#8784,#8785,#8786,#8787),
 .UNSPECIFIED.,.F.,.F.,(4,1,4),(0.,0.140231442200433,0.230565707119465),
 .UNSPECIFIED.);
#149=B_SPLINE_CURVE_WITH_KNOTS('',3,(#8789,#8790,#8791,#8792,#8793),
 .UNSPECIFIED.,.F.,.F.,(4,1,4),(0.,0.0774490231642206,0.212882248603435),
 .UNSPECIFIED.);
#150=B_SPLINE_CURVE_WITH_KNOTS('',3,(#8795,#8796,#8797,#8798,#8799),
 .UNSPECIFIED.,.F.,.F.,(4,1,4),(0.,0.0500658233076409,0.0992148471462806),
 .UNSPECIFIED.);
#151=B_SPLINE_CURVE_WITH_KNOTS('',3,(#8801,#8802,#8803,#8804,#8805),
 .UNSPECIFIED.,.F.,.F.,(4,1,4),(0.,0.0636389715580908,0.122808170977635),
 .UNSPECIFIED.);
#152=B_SPLINE_CURVE_WITH_KNOTS('',3,(#8807,#8808,#8809,#8810,#8811),
 .UNSPECIFIED.,.F.,.F.,(4,1,4),(0.,0.10435015206108,0.182822333409582),
 .UNSPECIFIED.);
#153=B_SPLINE_CURVE_WITH_KNOTS('',3,(#8813,#8814,#8815,#8816,#8817),
 .UNSPECIFIED.,.F.,.F.,(4,1,4),(0.,0.0816033782502099,0.18353561798489),
 .UNSPECIFIED.);
#154=B_SPLINE_CURVE_WITH_KNOTS('',3,(#8819,#8820,#8821,#8822,#8823),
 .UNSPECIFIED.,.F.,.F.,(4,1,4),(0.,0.0861881466942353,0.162309989001544),
 .UNSPECIFIED.);
#155=B_SPLINE_CURVE_WITH_KNOTS('',3,(#8825,#8826,#8827,#8828),
 .UNSPECIFIED.,.F.,.F.,(4,4),(0.,0.00636657079060872),.UNSPECIFIED.);
#156=B_SPLINE_CURVE_WITH_KNOTS('',3,(#8830,#8831,#8832,#8833,#8834),
 .UNSPECIFIED.,.F.,.F.,(4,1,4),(0.,0.0820789440905017,0.166633518481672),
 .UNSPECIFIED.);
#157=B_SPLINE_CURVE_WITH_KNOTS('',3,(#8836,#8837,#8838,#8839,#8840),
 .UNSPECIFIED.,.F.,.F.,(4,1,4),(0.,0.0871852992825082,0.169760934207064),
 .UNSPECIFIED.);
#158=B_SPLINE_CURVE_WITH_KNOTS('',3,(#8842,#8843,#8844,#8845,#8846),
 .UNSPECIFIED.,.F.,.F.,(4,1,4),(0.,0.105003776786748,0.200355047153999),
 .UNSPECIFIED.);
#159=B_SPLINE_CURVE_WITH_KNOTS('',3,(#8848,#8849,#8850,#8851,#8852),
 .UNSPECIFIED.,.F.,.F.,(4,1,4),(0.,0.0908187933381482,0.187546007038403),
 .UNSPECIFIED.);
#160=B_SPLINE_CURVE_WITH_KNOTS('',3,(#8854,#8855,#8856,#8857,#8858),
 .UNSPECIFIED.,.F.,.F.,(4,1,4),(0.,0.078400140985721,0.162332437629154),
 .UNSPECIFIED.);
#161=B_SPLINE_CURVE_WITH_KNOTS('',3,(#8860,#8861,#8862,#8863,#8864),
 .UNSPECIFIED.,.F.,.F.,(4,1,4),(0.,0.0740271435499538,0.149548186131217),
 .UNSPECIFIED.);
#162=B_SPLINE_CURVE_WITH_KNOTS('',3,(#8866,#8867,#8868,#8869,#8870),
 .UNSPECIFIED.,.F.,.F.,(4,1,4),(0.,0.0645414736921776,0.130696654163142),
 .UNSPECIFIED.);
#163=B_SPLINE_CURVE_WITH_KNOTS('',3,(#8872,#8873,#8874,#8875,#8876),
 .UNSPECIFIED.,.F.,.F.,(4,1,4),(0.,0.0753212458063606,0.142900381761045),
 .UNSPECIFIED.);
#164=B_SPLINE_CURVE_WITH_KNOTS('',3,(#8878,#8879,#8880,#8881,#8882),
 .UNSPECIFIED.,.F.,.F.,(4,1,4),(0.,0.121485099783171,0.203186050237868),
 .UNSPECIFIED.);
#165=B_SPLINE_CURVE_WITH_KNOTS('',3,(#8884,#8885,#8886,#8887,#8888),
 .UNSPECIFIED.,.F.,.F.,(4,1,4),(0.,0.0676663031025526,0.184654356217566),
 .UNSPECIFIED.);
#166=B_SPLINE_CURVE_WITH_KNOTS('',3,(#8890,#8891,#8892,#8893,#8894),
 .UNSPECIFIED.,.F.,.F.,(4,1,4),(0.,0.048490558758718,0.108625560888204),
 .UNSPECIFIED.);
#167=B_SPLINE_CURVE_WITH_KNOTS('',3,(#8896,#8897,#8898,#8899,#8900),
 .UNSPECIFIED.,.F.,.F.,(4,1,4),(0.,0.0446072578576976,0.0878673689145273),
 .UNSPECIFIED.);
#168=B_SPLINE_CURVE_WITH_KNOTS('',3,(#8902,#8903,#8904,#8905,#8906),
 .UNSPECIFIED.,.F.,.F.,(4,1,4),(0.,0.0461825631038037,0.0913347086629214),
 .UNSPECIFIED.);
#169=B_SPLINE_CURVE_WITH_KNOTS('',3,(#8908,#8909,#8910,#8911,#8912),
 .UNSPECIFIED.,.F.,.F.,(4,1,4),(0.,0.0571739214260492,0.107218884908915),
 .UNSPECIFIED.);
#170=B_SPLINE_CURVE_WITH_KNOTS('',3,(#8914,#8915,#8916,#8917,#8918),
 .UNSPECIFIED.,.F.,.F.,(4,1,4),(0.,0.0715041880489428,0.136161841850878),
 .UNSPECIFIED.);
#171=B_SPLINE_CURVE_WITH_KNOTS('',3,(#8920,#8921,#8922,#8923,#8924),
 .UNSPECIFIED.,.F.,.F.,(4,1,4),(0.,0.0758161458923046,0.157157822942655),
 .UNSPECIFIED.);
#172=B_SPLINE_CURVE_WITH_KNOTS('',3,(#8926,#8927,#8928,#8929,#8930),
 .UNSPECIFIED.,.F.,.F.,(4,1,4),(0.,0.0600099150382246,0.128468457427468),
 .UNSPECIFIED.);
#173=B_SPLINE_CURVE_WITH_KNOTS('',3,(#8932,#8933,#8934,#8935,#8936),
 .UNSPECIFIED.,.F.,.F.,(4,1,4),(0.,0.0698728946382331,0.130775192833849),
 .UNSPECIFIED.);
#174=B_SPLINE_CURVE_WITH_KNOTS('',3,(#8938,#8939,#8940,#8941),
 .UNSPECIFIED.,.F.,.F.,(4,4),(0.,0.00727605819702148),.UNSPECIFIED.);
#175=B_SPLINE_CURVE_WITH_KNOTS('',3,(#8942,#8943,#8944,#8945,#8946),
 .UNSPECIFIED.,.F.,.F.,(4,1,4),(0.,0.0935651144537266,0.189827388830766),
 .UNSPECIFIED.);
#176=FACE_BOUND('',#718,.T.);
#177=FACE_BOUND('',#720,.T.);
#178=FACE_BOUND('',#722,.T.);
#179=FACE_BOUND('',#723,.T.);
#180=FACE_BOUND('',#724,.T.);
#181=FACE_BOUND('',#725,.T.);
#182=FACE_BOUND('',#726,.T.);
#183=FACE_BOUND('',#744,.T.);
#184=FACE_BOUND('',#746,.T.);
#185=FACE_BOUND('',#765,.T.);
#186=FACE_BOUND('',#767,.T.);
#187=FACE_BOUND('',#771,.T.);
#188=FACE_BOUND('',#773,.T.);
#189=FACE_BOUND('',#777,.T.);
#190=FACE_BOUND('',#779,.T.);
#191=FACE_BOUND('',#783,.T.);
#192=FACE_BOUND('',#785,.T.);
#193=FACE_BOUND('',#789,.T.);
#194=FACE_BOUND('',#791,.T.);
#195=FACE_BOUND('',#795,.T.);
#196=FACE_BOUND('',#797,.T.);
#197=FACE_BOUND('',#801,.T.);
#198=FACE_BOUND('',#803,.T.);
#199=FACE_BOUND('',#807,.T.);
#200=FACE_BOUND('',#809,.T.);
#201=FACE_BOUND('',#813,.T.);
#202=FACE_BOUND('',#815,.T.);
#203=FACE_BOUND('',#819,.T.);
#204=FACE_BOUND('',#821,.T.);
#205=FACE_BOUND('',#825,.T.);
#206=FACE_BOUND('',#827,.T.);
#207=FACE_BOUND('',#831,.T.);
#208=FACE_BOUND('',#833,.T.);
#209=FACE_BOUND('',#877,.T.);
#210=FACE_BOUND('',#879,.T.);
#211=FACE_BOUND('',#883,.T.);
#212=FACE_BOUND('',#885,.T.);
#213=FACE_BOUND('',#889,.T.);
#214=FACE_BOUND('',#891,.T.);
#215=FACE_BOUND('',#895,.T.);
#216=FACE_BOUND('',#897,.T.);
#217=FACE_BOUND('',#901,.T.);
#218=FACE_BOUND('',#903,.T.);
#219=FACE_BOUND('',#907,.T.);
#220=FACE_BOUND('',#909,.T.);
#221=FACE_BOUND('',#913,.T.);
#222=FACE_BOUND('',#915,.T.);
#223=FACE_BOUND('',#919,.T.);
#224=FACE_BOUND('',#921,.T.);
#225=FACE_BOUND('',#925,.T.);
#226=FACE_BOUND('',#927,.T.);
#227=FACE_BOUND('',#931,.T.);
#228=FACE_BOUND('',#933,.T.);
#229=FACE_BOUND('',#937,.T.);
#230=FACE_BOUND('',#939,.T.);
#231=FACE_BOUND('',#943,.T.);
#232=FACE_BOUND('',#945,.T.);
#233=FACE_BOUND('',#949,.T.);
#234=FACE_BOUND('',#951,.T.);
#235=FACE_BOUND('',#955,.T.);
#236=FACE_BOUND('',#957,.T.);
#237=FACE_BOUND('',#961,.T.);
#238=FACE_BOUND('',#963,.T.);
#239=FACE_BOUND('',#967,.T.);
#240=FACE_BOUND('',#969,.T.);
#241=FACE_BOUND('',#988,.T.);
#242=FACE_BOUND('',#990,.T.);
#243=FACE_BOUND('',#998,.T.);
#244=FACE_BOUND('',#1088,.T.);
#245=PLANE('',#5006);
#246=PLANE('',#5008);
#247=PLANE('',#5098);
#248=PLANE('',#5099);
#249=PLANE('',#5100);
#250=PLANE('',#5104);
#251=PLANE('',#5105);
#252=PLANE('',#5106);
#253=PLANE('',#5107);
#254=PLANE('',#5111);
#255=PLANE('',#5112);
#256=PLANE('',#5113);
#257=PLANE('',#5114);
#258=PLANE('',#5118);
#259=PLANE('',#5122);
#260=PLANE('',#5124);
#261=PLANE('',#5127);
#262=PLANE('',#5128);
#263=PLANE('',#5129);
#264=PLANE('',#5133);
#265=PLANE('',#5134);
#266=PLANE('',#5135);
#267=PLANE('',#5136);
#268=PLANE('',#5140);
#269=PLANE('',#5141);
#270=PLANE('',#5142);
#271=PLANE('',#5143);
#272=PLANE('',#5147);
#273=PLANE('',#5151);
#274=PLANE('',#5153);
#275=PLANE('',#5160);
#276=PLANE('',#5161);
#277=PLANE('',#5168);
#278=PLANE('',#5170);
#279=PLANE('',#5176);
#280=PLANE('',#5177);
#281=PLANE('',#5184);
#282=PLANE('',#5186);
#283=PLANE('',#5193);
#284=PLANE('',#5195);
#285=PLANE('',#5201);
#286=PLANE('',#5203);
#287=PLANE('',#5210);
#288=PLANE('',#5212);
#289=PLANE('',#5218);
#290=PLANE('',#5219);
#291=PLANE('',#5225);
#292=PLANE('',#5227);
#293=PLANE('',#5234);
#294=PLANE('',#5235);
#295=PLANE('',#5241);
#296=PLANE('',#5242);
#297=PLANE('',#5245);
#298=PLANE('',#5246);
#299=PLANE('',#5247);
#300=PLANE('',#5251);
#301=PLANE('',#5252);
#302=PLANE('',#5253);
#303=PLANE('',#5254);
#304=PLANE('',#5258);
#305=PLANE('',#5259);
#306=PLANE('',#5260);
#307=PLANE('',#5261);
#308=PLANE('',#5265);
#309=PLANE('',#5266);
#310=PLANE('',#5267);
#311=PLANE('',#5268);
#312=PLANE('',#5272);
#313=PLANE('',#5273);
#314=PLANE('',#5274);
#315=PLANE('',#5275);
#316=PLANE('',#5279);
#317=PLANE('',#5280);
#318=PLANE('',#5281);
#319=PLANE('',#5282);
#320=PLANE('',#5286);
#321=PLANE('',#5287);
#322=PLANE('',#5288);
#323=PLANE('',#5289);
#324=PLANE('',#5293);
#325=PLANE('',#5294);
#326=PLANE('',#5295);
#327=PLANE('',#5296);
#328=PLANE('',#5300);
#329=PLANE('',#5304);
#330=PLANE('',#5306);
#331=PLANE('',#5313);
#332=PLANE('',#5314);
#333=PLANE('',#5321);
#334=PLANE('',#5323);
#335=PLANE('',#5329);
#336=PLANE('',#5331);
#337=PLANE('',#5337);
#338=PLANE('',#5339);
#339=PLANE('',#5346);
#340=PLANE('',#5348);
#341=PLANE('',#5355);
#342=PLANE('',#5357);
#343=PLANE('',#5364);
#344=PLANE('',#5366);
#345=PLANE('',#5373);
#346=PLANE('',#5374);
#347=PLANE('',#5380);
#348=PLANE('',#5381);
#349=PLANE('',#5387);
#350=PLANE('',#5388);
#351=PLANE('',#5394);
#352=PLANE('',#5395);
#353=PLANE('',#5401);
#354=PLANE('',#5402);
#355=PLANE('',#5408);
#356=PLANE('',#5410);
#357=PLANE('',#5417);
#358=PLANE('',#5418);
#359=PLANE('',#5424);
#360=PLANE('',#5425);
#361=PLANE('',#5429);
#362=PLANE('',#5430);
#363=PLANE('',#5431);
#364=PLANE('',#5435);
#365=PLANE('',#5436);
#366=PLANE('',#5437);
#367=PLANE('',#5438);
#368=PLANE('',#5442);
#369=PLANE('',#5443);
#370=PLANE('',#5444);
#371=PLANE('',#5445);
#372=PLANE('',#5449);
#373=PLANE('',#5453);
#374=PLANE('',#5454);
#375=PLANE('',#5457);
#376=PLANE('',#5458);
#377=PLANE('',#5459);
#378=PLANE('',#5463);
#379=PLANE('',#5464);
#380=PLANE('',#5471);
#381=PLANE('',#5472);
#382=PLANE('',#5473);
#383=PLANE('',#5474);
#384=PLANE('',#5475);
#385=PLANE('',#5476);
#386=PLANE('',#5482);
#387=PLANE('',#5483);
#388=PLANE('',#5484);
#389=PLANE('',#5485);
#390=PLANE('',#5486);
#391=PLANE('',#5487);
#392=PLANE('',#5488);
#393=PLANE('',#5489);
#394=PLANE('',#5490);
#395=PLANE('',#5495);
#396=PLANE('',#5496);
#397=PLANE('',#5497);
#398=PLANE('',#5498);
#399=PLANE('',#5504);
#400=PLANE('',#5505);
#401=PLANE('',#5506);
#402=PLANE('',#5507);
#403=PLANE('',#5508);
#404=PLANE('',#5509);
#405=PLANE('',#5510);
#406=PLANE('',#5511);
#407=PLANE('',#5515);
#408=PLANE('',#5517);
#409=PLANE('',#5518);
#410=FACE_OUTER_BOUND('',#715,.T.);
#411=FACE_OUTER_BOUND('',#716,.T.);
#412=FACE_OUTER_BOUND('',#717,.T.);
#413=FACE_OUTER_BOUND('',#719,.T.);
#414=FACE_OUTER_BOUND('',#721,.T.);
#415=FACE_OUTER_BOUND('',#727,.T.);
#416=FACE_OUTER_BOUND('',#728,.T.);
#417=FACE_OUTER_BOUND('',#729,.T.);
#418=FACE_OUTER_BOUND('',#730,.T.);
#419=FACE_OUTER_BOUND('',#731,.T.);
#420=FACE_OUTER_BOUND('',#732,.T.);
#421=FACE_OUTER_BOUND('',#733,.T.);
#422=FACE_OUTER_BOUND('',#734,.T.);
#423=FACE_OUTER_BOUND('',#735,.T.);
#424=FACE_OUTER_BOUND('',#736,.T.);
#425=FACE_OUTER_BOUND('',#737,.T.);
#426=FACE_OUTER_BOUND('',#738,.T.);
#427=FACE_OUTER_BOUND('',#739,.T.);
#428=FACE_OUTER_BOUND('',#740,.T.);
#429=FACE_OUTER_BOUND('',#741,.T.);
#430=FACE_OUTER_BOUND('',#742,.T.);
#431=FACE_OUTER_BOUND('',#743,.T.);
#432=FACE_OUTER_BOUND('',#745,.T.);
#433=FACE_OUTER_BOUND('',#747,.T.);
#434=FACE_OUTER_BOUND('',#748,.T.);
#435=FACE_OUTER_BOUND('',#749,.T.);
#436=FACE_OUTER_BOUND('',#750,.T.);
#437=FACE_OUTER_BOUND('',#751,.T.);
#438=FACE_OUTER_BOUND('',#752,.T.);
#439=FACE_OUTER_BOUND('',#753,.T.);
#440=FACE_OUTER_BOUND('',#754,.T.);
#441=FACE_OUTER_BOUND('',#755,.T.);
#442=FACE_OUTER_BOUND('',#756,.T.);
#443=FACE_OUTER_BOUND('',#757,.T.);
#444=FACE_OUTER_BOUND('',#758,.T.);
#445=FACE_OUTER_BOUND('',#759,.T.);
#446=FACE_OUTER_BOUND('',#760,.T.);
#447=FACE_OUTER_BOUND('',#761,.T.);
#448=FACE_OUTER_BOUND('',#762,.T.);
#449=FACE_OUTER_BOUND('',#763,.T.);
#450=FACE_OUTER_BOUND('',#764,.T.);
#451=FACE_OUTER_BOUND('',#766,.T.);
#452=FACE_OUTER_BOUND('',#768,.T.);
#453=FACE_OUTER_BOUND('',#769,.T.);
#454=FACE_OUTER_BOUND('',#770,.T.);
#455=FACE_OUTER_BOUND('',#772,.T.);
#456=FACE_OUTER_BOUND('',#774,.T.);
#457=FACE_OUTER_BOUND('',#775,.T.);
#458=FACE_OUTER_BOUND('',#776,.T.);
#459=FACE_OUTER_BOUND('',#778,.T.);
#460=FACE_OUTER_BOUND('',#780,.T.);
#461=FACE_OUTER_BOUND('',#781,.T.);
#462=FACE_OUTER_BOUND('',#782,.T.);
#463=FACE_OUTER_BOUND('',#784,.T.);
#464=FACE_OUTER_BOUND('',#786,.T.);
#465=FACE_OUTER_BOUND('',#787,.T.);
#466=FACE_OUTER_BOUND('',#788,.T.);
#467=FACE_OUTER_BOUND('',#790,.T.);
#468=FACE_OUTER_BOUND('',#792,.T.);
#469=FACE_OUTER_BOUND('',#793,.T.);
#470=FACE_OUTER_BOUND('',#794,.T.);
#471=FACE_OUTER_BOUND('',#796,.T.);
#472=FACE_OUTER_BOUND('',#798,.T.);
#473=FACE_OUTER_BOUND('',#799,.T.);
#474=FACE_OUTER_BOUND('',#800,.T.);
#475=FACE_OUTER_BOUND('',#802,.T.);
#476=FACE_OUTER_BOUND('',#804,.T.);
#477=FACE_OUTER_BOUND('',#805,.T.);
#478=FACE_OUTER_BOUND('',#806,.T.);
#479=FACE_OUTER_BOUND('',#808,.T.);
#480=FACE_OUTER_BOUND('',#810,.T.);
#481=FACE_OUTER_BOUND('',#811,.T.);
#482=FACE_OUTER_BOUND('',#812,.T.);
#483=FACE_OUTER_BOUND('',#814,.T.);
#484=FACE_OUTER_BOUND('',#816,.T.);
#485=FACE_OUTER_BOUND('',#817,.T.);
#486=FACE_OUTER_BOUND('',#818,.T.);
#487=FACE_OUTER_BOUND('',#820,.T.);
#488=FACE_OUTER_BOUND('',#822,.T.);
#489=FACE_OUTER_BOUND('',#823,.T.);
#490=FACE_OUTER_BOUND('',#824,.T.);
#491=FACE_OUTER_BOUND('',#826,.T.);
#492=FACE_OUTER_BOUND('',#828,.T.);
#493=FACE_OUTER_BOUND('',#829,.T.);
#494=FACE_OUTER_BOUND('',#830,.T.);
#495=FACE_OUTER_BOUND('',#832,.T.);
#496=FACE_OUTER_BOUND('',#834,.T.);
#497=FACE_OUTER_BOUND('',#835,.T.);
#498=FACE_OUTER_BOUND('',#836,.T.);
#499=FACE_OUTER_BOUND('',#837,.T.);
#500=FACE_OUTER_BOUND('',#838,.T.);
#501=FACE_OUTER_BOUND('',#839,.T.);
#502=FACE_OUTER_BOUND('',#840,.T.);
#503=FACE_OUTER_BOUND('',#841,.T.);
#504=FACE_OUTER_BOUND('',#842,.T.);
#505=FACE_OUTER_BOUND('',#843,.T.);
#506=FACE_OUTER_BOUND('',#844,.T.);
#507=FACE_OUTER_BOUND('',#845,.T.);
#508=FACE_OUTER_BOUND('',#846,.T.);
#509=FACE_OUTER_BOUND('',#847,.T.);
#510=FACE_OUTER_BOUND('',#848,.T.);
#511=FACE_OUTER_BOUND('',#849,.T.);
#512=FACE_OUTER_BOUND('',#850,.T.);
#513=FACE_OUTER_BOUND('',#851,.T.);
#514=FACE_OUTER_BOUND('',#852,.T.);
#515=FACE_OUTER_BOUND('',#853,.T.);
#516=FACE_OUTER_BOUND('',#854,.T.);
#517=FACE_OUTER_BOUND('',#855,.T.);
#518=FACE_OUTER_BOUND('',#856,.T.);
#519=FACE_OUTER_BOUND('',#857,.T.);
#520=FACE_OUTER_BOUND('',#858,.T.);
#521=FACE_OUTER_BOUND('',#859,.T.);
#522=FACE_OUTER_BOUND('',#860,.T.);
#523=FACE_OUTER_BOUND('',#861,.T.);
#524=FACE_OUTER_BOUND('',#862,.T.);
#525=FACE_OUTER_BOUND('',#863,.T.);
#526=FACE_OUTER_BOUND('',#864,.T.);
#527=FACE_OUTER_BOUND('',#865,.T.);
#528=FACE_OUTER_BOUND('',#866,.T.);
#529=FACE_OUTER_BOUND('',#867,.T.);
#530=FACE_OUTER_BOUND('',#868,.T.);
#531=FACE_OUTER_BOUND('',#869,.T.);
#532=FACE_OUTER_BOUND('',#870,.T.);
#533=FACE_OUTER_BOUND('',#871,.T.);
#534=FACE_OUTER_BOUND('',#872,.T.);
#535=FACE_OUTER_BOUND('',#873,.T.);
#536=FACE_OUTER_BOUND('',#874,.T.);
#537=FACE_OUTER_BOUND('',#875,.T.);
#538=FACE_OUTER_BOUND('',#876,.T.);
#539=FACE_OUTER_BOUND('',#878,.T.);
#540=FACE_OUTER_BOUND('',#880,.T.);
#541=FACE_OUTER_BOUND('',#881,.T.);
#542=FACE_OUTER_BOUND('',#882,.T.);
#543=FACE_OUTER_BOUND('',#884,.T.);
#544=FACE_OUTER_BOUND('',#886,.T.);
#545=FACE_OUTER_BOUND('',#887,.T.);
#546=FACE_OUTER_BOUND('',#888,.T.);
#547=FACE_OUTER_BOUND('',#890,.T.);
#548=FACE_OUTER_BOUND('',#892,.T.);
#549=FACE_OUTER_BOUND('',#893,.T.);
#550=FACE_OUTER_BOUND('',#894,.T.);
#551=FACE_OUTER_BOUND('',#896,.T.);
#552=FACE_OUTER_BOUND('',#898,.T.);
#553=FACE_OUTER_BOUND('',#899,.T.);
#554=FACE_OUTER_BOUND('',#900,.T.);
#555=FACE_OUTER_BOUND('',#902,.T.);
#556=FACE_OUTER_BOUND('',#904,.T.);
#557=FACE_OUTER_BOUND('',#905,.T.);
#558=FACE_OUTER_BOUND('',#906,.T.);
#559=FACE_OUTER_BOUND('',#908,.T.);
#560=FACE_OUTER_BOUND('',#910,.T.);
#561=FACE_OUTER_BOUND('',#911,.T.);
#562=FACE_OUTER_BOUND('',#912,.T.);
#563=FACE_OUTER_BOUND('',#914,.T.);
#564=FACE_OUTER_BOUND('',#916,.T.);
#565=FACE_OUTER_BOUND('',#917,.T.);
#566=FACE_OUTER_BOUND('',#918,.T.);
#567=FACE_OUTER_BOUND('',#920,.T.);
#568=FACE_OUTER_BOUND('',#922,.T.);
#569=FACE_OUTER_BOUND('',#923,.T.);
#570=FACE_OUTER_BOUND('',#924,.T.);
#571=FACE_OUTER_BOUND('',#926,.T.);
#572=FACE_OUTER_BOUND('',#928,.T.);
#573=FACE_OUTER_BOUND('',#929,.T.);
#574=FACE_OUTER_BOUND('',#930,.T.);
#575=FACE_OUTER_BOUND('',#932,.T.);
#576=FACE_OUTER_BOUND('',#934,.T.);
#577=FACE_OUTER_BOUND('',#935,.T.);
#578=FACE_OUTER_BOUND('',#936,.T.);
#579=FACE_OUTER_BOUND('',#938,.T.);
#580=FACE_OUTER_BOUND('',#940,.T.);
#581=FACE_OUTER_BOUND('',#941,.T.);
#582=FACE_OUTER_BOUND('',#942,.T.);
#583=FACE_OUTER_BOUND('',#944,.T.);
#584=FACE_OUTER_BOUND('',#946,.T.);
#585=FACE_OUTER_BOUND('',#947,.T.);
#586=FACE_OUTER_BOUND('',#948,.T.);
#587=FACE_OUTER_BOUND('',#950,.T.);
#588=FACE_OUTER_BOUND('',#952,.T.);
#589=FACE_OUTER_BOUND('',#953,.T.);
#590=FACE_OUTER_BOUND('',#954,.T.);
#591=FACE_OUTER_BOUND('',#956,.T.);
#592=FACE_OUTER_BOUND('',#958,.T.);
#593=FACE_OUTER_BOUND('',#959,.T.);
#594=FACE_OUTER_BOUND('',#960,.T.);
#595=FACE_OUTER_BOUND('',#962,.T.);
#596=FACE_OUTER_BOUND('',#964,.T.);
#597=FACE_OUTER_BOUND('',#965,.T.);
#598=FACE_OUTER_BOUND('',#966,.T.);
#599=FACE_OUTER_BOUND('',#968,.T.);
#600=FACE_OUTER_BOUND('',#970,.T.);
#601=FACE_OUTER_BOUND('',#971,.T.);
#602=FACE_OUTER_BOUND('',#972,.T.);
#603=FACE_OUTER_BOUND('',#973,.T.);
#604=FACE_OUTER_BOUND('',#974,.T.);
#605=FACE_OUTER_BOUND('',#975,.T.);
#606=FACE_OUTER_BOUND('',#976,.T.);
#607=FACE_OUTER_BOUND('',#977,.T.);
#608=FACE_OUTER_BOUND('',#978,.T.);
#609=FACE_OUTER_BOUND('',#979,.T.);
#610=FACE_OUTER_BOUND('',#980,.T.);
#611=FACE_OUTER_BOUND('',#981,.T.);
#612=FACE_OUTER_BOUND('',#982,.T.);
#613=FACE_OUTER_BOUND('',#983,.T.);
#614=FACE_OUTER_BOUND('',#984,.T.);
#615=FACE_OUTER_BOUND('',#985,.T.);
#616=FACE_OUTER_BOUND('',#986,.T.);
#617=FACE_OUTER_BOUND('',#987,.T.);
#618=FACE_OUTER_BOUND('',#989,.T.);
#619=FACE_OUTER_BOUND('',#991,.T.);
#620=FACE_OUTER_BOUND('',#992,.T.);
#621=FACE_OUTER_BOUND('',#993,.T.);
#622=FACE_OUTER_BOUND('',#994,.T.);
#623=FACE_OUTER_BOUND('',#995,.T.);
#624=FACE_OUTER_BOUND('',#996,.T.);
#625=FACE_OUTER_BOUND('',#997,.T.);
#626=FACE_OUTER_BOUND('',#999,.T.);
#627=FACE_OUTER_BOUND('',#1000,.T.);
#628=FACE_OUTER_BOUND('',#1001,.T.);
#629=FACE_OUTER_BOUND('',#1002,.T.);
#630=FACE_OUTER_BOUND('',#1003,.T.);
#631=FACE_OUTER_BOUND('',#1004,.T.);
#632=FACE_OUTER_BOUND('',#1005,.T.);
#633=FACE_OUTER_BOUND('',#1006,.T.);
#634=FACE_OUTER_BOUND('',#1007,.T.);
#635=FACE_OUTER_BOUND('',#1008,.T.);
#636=FACE_OUTER_BOUND('',#1009,.T.);
#637=FACE_OUTER_BOUND('',#1010,.T.);
#638=FACE_OUTER_BOUND('',#1011,.T.);
#639=FACE_OUTER_BOUND('',#1012,.T.);
#640=FACE_OUTER_BOUND('',#1013,.T.);
#641=FACE_OUTER_BOUND('',#1014,.T.);
#642=FACE_OUTER_BOUND('',#1015,.T.);
#643=FACE_OUTER_BOUND('',#1016,.T.);
#644=FACE_OUTER_BOUND('',#1017,.T.);
#645=FACE_OUTER_BOUND('',#1018,.T.);
#646=FACE_OUTER_BOUND('',#1019,.T.);
#647=FACE_OUTER_BOUND('',#1020,.T.);
#648=FACE_OUTER_BOUND('',#1021,.T.);
#649=FACE_OUTER_BOUND('',#1022,.T.);
#650=FACE_OUTER_BOUND('',#1023,.T.);
#651=FACE_OUTER_BOUND('',#1024,.T.);
#652=FACE_OUTER_BOUND('',#1025,.T.);
#653=FACE_OUTER_BOUND('',#1026,.T.);
#654=FACE_OUTER_BOUND('',#1027,.T.);
#655=FACE_OUTER_BOUND('',#1028,.T.);
#656=FACE_OUTER_BOUND('',#1029,.T.);
#657=FACE_OUTER_BOUND('',#1030,.T.);
#658=FACE_OUTER_BOUND('',#1031,.T.);
#659=FACE_OUTER_BOUND('',#1032,.T.);
#660=FACE_OUTER_BOUND('',#1033,.T.);
#661=FACE_OUTER_BOUND('',#1034,.T.);
#662=FACE_OUTER_BOUND('',#1035,.T.);
#663=FACE_OUTER_BOUND('',#1036,.T.);
#664=FACE_OUTER_BOUND('',#1037,.T.);
#665=FACE_OUTER_BOUND('',#1038,.T.);
#666=FACE_OUTER_BOUND('',#1039,.T.);
#667=FACE_OUTER_BOUND('',#1040,.T.);
#668=FACE_OUTER_BOUND('',#1041,.T.);
#669=FACE_OUTER_BOUND('',#1042,.T.);
#670=FACE_OUTER_BOUND('',#1043,.T.);
#671=FACE_OUTER_BOUND('',#1044,.T.);
#672=FACE_OUTER_BOUND('',#1045,.T.);
#673=FACE_OUTER_BOUND('',#1046,.T.);
#674=FACE_OUTER_BOUND('',#1047,.T.);
#675=FACE_OUTER_BOUND('',#1048,.T.);
#676=FACE_OUTER_BOUND('',#1049,.T.);
#677=FACE_OUTER_BOUND('',#1050,.T.);
#678=FACE_OUTER_BOUND('',#1051,.T.);
#679=FACE_OUTER_BOUND('',#1052,.T.);
#680=FACE_OUTER_BOUND('',#1053,.T.);
#681=FACE_OUTER_BOUND('',#1054,.T.);
#682=FACE_OUTER_BOUND('',#1055,.T.);
#683=FACE_OUTER_BOUND('',#1056,.T.);
#684=FACE_OUTER_BOUND('',#1057,.T.);
#685=FACE_OUTER_BOUND('',#1058,.T.);
#686=FACE_OUTER_BOUND('',#1059,.T.);
#687=FACE_OUTER_BOUND('',#1060,.T.);
#688=FACE_OUTER_BOUND('',#1061,.T.);
#689=FACE_OUTER_BOUND('',#1062,.T.);
#690=FACE_OUTER_BOUND('',#1063,.T.);
#691=FACE_OUTER_BOUND('',#1064,.T.);
#692=FACE_OUTER_BOUND('',#1065,.T.);
#693=FACE_OUTER_BOUND('',#1066,.T.);
#694=FACE_OUTER_BOUND('',#1067,.T.);
#695=FACE_OUTER_BOUND('',#1068,.T.);
#696=FACE_OUTER_BOUND('',#1069,.T.);
#697=FACE_OUTER_BOUND('',#1070,.T.);
#698=FACE_OUTER_BOUND('',#1071,.T.);
#699=FACE_OUTER_BOUND('',#1072,.T.);
#700=FACE_OUTER_BOUND('',#1073,.T.);
#701=FACE_OUTER_BOUND('',#1074,.T.);
#702=FACE_OUTER_BOUND('',#1075,.T.);
#703=FACE_OUTER_BOUND('',#1076,.T.);
#704=FACE_OUTER_BOUND('',#1077,.T.);
#705=FACE_OUTER_BOUND('',#1078,.T.);
#706=FACE_OUTER_BOUND('',#1079,.T.);
#707=FACE_OUTER_BOUND('',#1080,.T.);
#708=FACE_OUTER_BOUND('',#1081,.T.);
#709=FACE_OUTER_BOUND('',#1082,.T.);
#710=FACE_OUTER_BOUND('',#1083,.T.);
#711=FACE_OUTER_BOUND('',#1084,.T.);
#712=FACE_OUTER_BOUND('',#1085,.T.);
#713=FACE_OUTER_BOUND('',#1086,.T.);
#714=FACE_OUTER_BOUND('',#1087,.T.);
#715=EDGE_LOOP('',(#3189,#3190,#3191,#3192));
#716=EDGE_LOOP('',(#3193,#3194,#3195,#3196));
#717=EDGE_LOOP('',(#3197));
#718=EDGE_LOOP('',(#3198));
#719=EDGE_LOOP('',(#3199));
#720=EDGE_LOOP('',(#3200));
#721=EDGE_LOOP('',(#3201,#3202,#3203,#3204,#3205,#3206,#3207,#3208,#3209,
#3210,#3211,#3212,#3213,#3214,#3215,#3216,#3217,#3218,#3219,#3220,#3221,
#3222,#3223,#3224,#3225,#3226,#3227,#3228,#3229,#3230,#3231,#3232,#3233,
#3234,#3235,#3236,#3237,#3238,#3239,#3240,#3241,#3242,#3243,#3244,#3245,
#3246,#3247,#3248,#3249,#3250,#3251,#3252,#3253,#3254,#3255,#3256,#3257,
#3258,#3259,#3260,#3261,#3262,#3263,#3264,#3265,#3266,#3267,#3268,#3269,
#3270,#3271,#3272,#3273,#3274,#3275,#3276,#3277,#3278,#3279,#3280,#3281,
#3282,#3283,#3284,#3285,#3286,#3287,#3288,#3289,#3290,#3291,#3292,#3293,
#3294,#3295,#3296,#3297,#3298,#3299,#3300,#3301,#3302,#3303,#3304,#3305,
#3306,#3307,#3308,#3309,#3310,#3311,#3312,#3313,#3314,#3315,#3316,#3317,
#3318,#3319,#3320,#3321,#3322,#3323,#3324,#3325,#3326,#3327,#3328,#3329,
#3330,#3331,#3332,#3333,#3334,#3335,#3336,#3337,#3338,#3339,#3340,#3341,
#3342,#3343,#3344,#3345,#3346,#3347,#3348));
#722=EDGE_LOOP('',(#3349,#3350,#3351,#3352,#3353,#3354,#3355,#3356,#3357,
#3358,#3359,#3360,#3361,#3362,#3363,#3364,#3365));
#723=EDGE_LOOP('',(#3366,#3367,#3368,#3369,#3370,#3371,#3372,#3373,#3374,
#3375,#3376,#3377,#3378,#3379,#3380));
#724=EDGE_LOOP('',(#3381,#3382,#3383,#3384,#3385,#3386,#3387,#3388,#3389,
#3390,#3391,#3392,#3393,#3394,#3395,#3396,#3397,#3398,#3399,#3400,#3401,
#3402,#3403,#3404,#3405,#3406,#3407,#3408,#3409,#3410,#3411,#3412,#3413,
#3414,#3415));
#725=EDGE_LOOP('',(#3416,#3417,#3418,#3419));
#726=EDGE_LOOP('',(#3420,#3421,#3422,#3423,#3424,#3425,#3426,#3427));
#727=EDGE_LOOP('',(#3428,#3429,#3430,#3431));
#728=EDGE_LOOP('',(#3432,#3433,#3434,#3435));
#729=EDGE_LOOP('',(#3436,#3437,#3438,#3439,#3440));
#730=EDGE_LOOP('',(#3441,#3442,#3443,#3444));
#731=EDGE_LOOP('',(#3445,#3446,#3447,#3448,#3449));
#732=EDGE_LOOP('',(#3450,#3451,#3452,#3453));
#733=EDGE_LOOP('',(#3454,#3455,#3456,#3457));
#734=EDGE_LOOP('',(#3458,#3459,#3460,#3461,#3462));
#735=EDGE_LOOP('',(#3463,#3464,#3465,#3466));
#736=EDGE_LOOP('',(#3467,#3468,#3469,#3470,#3471));
#737=EDGE_LOOP('',(#3472,#3473,#3474,#3475));
#738=EDGE_LOOP('',(#3476,#3477,#3478,#3479));
#739=EDGE_LOOP('',(#3480,#3481,#3482,#3483,#3484));
#740=EDGE_LOOP('',(#3485,#3486,#3487,#3488));
#741=EDGE_LOOP('',(#3489,#3490,#3491,#3492,#3493));
#742=EDGE_LOOP('',(#3494,#3495,#3496,#3497));
#743=EDGE_LOOP('',(#3498));
#744=EDGE_LOOP('',(#3499));
#745=EDGE_LOOP('',(#3500));
#746=EDGE_LOOP('',(#3501));
#747=EDGE_LOOP('',(#3502,#3503,#3504,#3505));
#748=EDGE_LOOP('',(#3506,#3507,#3508,#3509));
#749=EDGE_LOOP('',(#3510,#3511,#3512,#3513));
#750=EDGE_LOOP('',(#3514,#3515,#3516,#3517,#3518));
#751=EDGE_LOOP('',(#3519,#3520,#3521,#3522));
#752=EDGE_LOOP('',(#3523,#3524,#3525,#3526,#3527));
#753=EDGE_LOOP('',(#3528,#3529,#3530,#3531));
#754=EDGE_LOOP('',(#3532,#3533,#3534,#3535));
#755=EDGE_LOOP('',(#3536,#3537,#3538,#3539,#3540));
#756=EDGE_LOOP('',(#3541,#3542,#3543,#3544));
#757=EDGE_LOOP('',(#3545,#3546,#3547,#3548,#3549));
#758=EDGE_LOOP('',(#3550,#3551,#3552,#3553));
#759=EDGE_LOOP('',(#3554,#3555,#3556,#3557));
#760=EDGE_LOOP('',(#3558,#3559,#3560,#3561,#3562));
#761=EDGE_LOOP('',(#3563,#3564,#3565,#3566));
#762=EDGE_LOOP('',(#3567,#3568,#3569,#3570,#3571));
#763=EDGE_LOOP('',(#3572,#3573,#3574,#3575));
#764=EDGE_LOOP('',(#3576));
#765=EDGE_LOOP('',(#3577));
#766=EDGE_LOOP('',(#3578));
#767=EDGE_LOOP('',(#3579));
#768=EDGE_LOOP('',(#3580,#3581,#3582,#3583));
#769=EDGE_LOOP('',(#3584,#3585,#3586,#3587));
#770=EDGE_LOOP('',(#3588));
#771=EDGE_LOOP('',(#3589));
#772=EDGE_LOOP('',(#3590));
#773=EDGE_LOOP('',(#3591));
#774=EDGE_LOOP('',(#3592,#3593,#3594,#3595));
#775=EDGE_LOOP('',(#3596,#3597,#3598,#3599));
#776=EDGE_LOOP('',(#3600));
#777=EDGE_LOOP('',(#3601));
#778=EDGE_LOOP('',(#3602));
#779=EDGE_LOOP('',(#3603));
#780=EDGE_LOOP('',(#3604,#3605,#3606,#3607));
#781=EDGE_LOOP('',(#3608,#3609,#3610,#3611));
#782=EDGE_LOOP('',(#3612));
#783=EDGE_LOOP('',(#3613));
#784=EDGE_LOOP('',(#3614));
#785=EDGE_LOOP('',(#3615));
#786=EDGE_LOOP('',(#3616,#3617,#3618,#3619));
#787=EDGE_LOOP('',(#3620,#3621,#3622,#3623));
#788=EDGE_LOOP('',(#3624));
#789=EDGE_LOOP('',(#3625));
#790=EDGE_LOOP('',(#3626));
#791=EDGE_LOOP('',(#3627));
#792=EDGE_LOOP('',(#3628,#3629,#3630,#3631));
#793=EDGE_LOOP('',(#3632,#3633,#3634,#3635));
#794=EDGE_LOOP('',(#3636));
#795=EDGE_LOOP('',(#3637));
#796=EDGE_LOOP('',(#3638));
#797=EDGE_LOOP('',(#3639));
#798=EDGE_LOOP('',(#3640,#3641,#3642,#3643));
#799=EDGE_LOOP('',(#3644,#3645,#3646,#3647));
#800=EDGE_LOOP('',(#3648));
#801=EDGE_LOOP('',(#3649));
#802=EDGE_LOOP('',(#3650));
#803=EDGE_LOOP('',(#3651));
#804=EDGE_LOOP('',(#3652,#3653,#3654,#3655));
#805=EDGE_LOOP('',(#3656,#3657,#3658,#3659));
#806=EDGE_LOOP('',(#3660));
#807=EDGE_LOOP('',(#3661));
#808=EDGE_LOOP('',(#3662));
#809=EDGE_LOOP('',(#3663));
#810=EDGE_LOOP('',(#3664,#3665,#3666,#3667));
#811=EDGE_LOOP('',(#3668,#3669,#3670,#3671));
#812=EDGE_LOOP('',(#3672));
#813=EDGE_LOOP('',(#3673));
#814=EDGE_LOOP('',(#3674));
#815=EDGE_LOOP('',(#3675));
#816=EDGE_LOOP('',(#3676,#3677,#3678,#3679));
#817=EDGE_LOOP('',(#3680,#3681,#3682,#3683));
#818=EDGE_LOOP('',(#3684));
#819=EDGE_LOOP('',(#3685));
#820=EDGE_LOOP('',(#3686));
#821=EDGE_LOOP('',(#3687));
#822=EDGE_LOOP('',(#3688,#3689,#3690,#3691));
#823=EDGE_LOOP('',(#3692,#3693,#3694,#3695));
#824=EDGE_LOOP('',(#3696));
#825=EDGE_LOOP('',(#3697));
#826=EDGE_LOOP('',(#3698));
#827=EDGE_LOOP('',(#3699));
#828=EDGE_LOOP('',(#3700,#3701,#3702,#3703));
#829=EDGE_LOOP('',(#3704,#3705,#3706,#3707));
#830=EDGE_LOOP('',(#3708));
#831=EDGE_LOOP('',(#3709));
#832=EDGE_LOOP('',(#3710));
#833=EDGE_LOOP('',(#3711));
#834=EDGE_LOOP('',(#3712,#3713,#3714,#3715));
#835=EDGE_LOOP('',(#3716,#3717,#3718,#3719));
#836=EDGE_LOOP('',(#3720,#3721,#3722,#3723));
#837=EDGE_LOOP('',(#3724,#3725,#3726,#3727,#3728));
#838=EDGE_LOOP('',(#3729,#3730,#3731,#3732));
#839=EDGE_LOOP('',(#3733,#3734,#3735,#3736,#3737));
#840=EDGE_LOOP('',(#3738,#3739,#3740,#3741));
#841=EDGE_LOOP('',(#3742,#3743,#3744,#3745));
#842=EDGE_LOOP('',(#3746,#3747,#3748,#3749,#3750));
#843=EDGE_LOOP('',(#3751,#3752,#3753,#3754));
#844=EDGE_LOOP('',(#3755,#3756,#3757,#3758,#3759));
#845=EDGE_LOOP('',(#3760,#3761,#3762,#3763));
#846=EDGE_LOOP('',(#3764,#3765,#3766,#3767));
#847=EDGE_LOOP('',(#3768,#3769,#3770,#3771,#3772));
#848=EDGE_LOOP('',(#3773,#3774,#3775,#3776));
#849=EDGE_LOOP('',(#3777,#3778,#3779,#3780,#3781));
#850=EDGE_LOOP('',(#3782,#3783,#3784,#3785));
#851=EDGE_LOOP('',(#3786,#3787,#3788,#3789));
#852=EDGE_LOOP('',(#3790,#3791,#3792,#3793,#3794));
#853=EDGE_LOOP('',(#3795,#3796,#3797,#3798));
#854=EDGE_LOOP('',(#3799,#3800,#3801,#3802,#3803));
#855=EDGE_LOOP('',(#3804,#3805,#3806,#3807));
#856=EDGE_LOOP('',(#3808,#3809,#3810,#3811));
#857=EDGE_LOOP('',(#3812,#3813,#3814,#3815,#3816));
#858=EDGE_LOOP('',(#3817,#3818,#3819,#3820));
#859=EDGE_LOOP('',(#3821,#3822,#3823,#3824,#3825));
#860=EDGE_LOOP('',(#3826,#3827,#3828,#3829));
#861=EDGE_LOOP('',(#3830,#3831,#3832,#3833));
#862=EDGE_LOOP('',(#3834,#3835,#3836,#3837,#3838));
#863=EDGE_LOOP('',(#3839,#3840,#3841,#3842));
#864=EDGE_LOOP('',(#3843,#3844,#3845,#3846,#3847));
#865=EDGE_LOOP('',(#3848,#3849,#3850,#3851));
#866=EDGE_LOOP('',(#3852,#3853,#3854,#3855));
#867=EDGE_LOOP('',(#3856,#3857,#3858,#3859,#3860));
#868=EDGE_LOOP('',(#3861,#3862,#3863,#3864));
#869=EDGE_LOOP('',(#3865,#3866,#3867,#3868,#3869));
#870=EDGE_LOOP('',(#3870,#3871,#3872,#3873));
#871=EDGE_LOOP('',(#3874,#3875,#3876,#3877));
#872=EDGE_LOOP('',(#3878,#3879,#3880,#3881,#3882));
#873=EDGE_LOOP('',(#3883,#3884,#3885,#3886));
#874=EDGE_LOOP('',(#3887,#3888,#3889,#3890,#3891));
#875=EDGE_LOOP('',(#3892,#3893,#3894,#3895));
#876=EDGE_LOOP('',(#3896));
#877=EDGE_LOOP('',(#3897));
#878=EDGE_LOOP('',(#3898));
#879=EDGE_LOOP('',(#3899));
#880=EDGE_LOOP('',(#3900,#3901,#3902,#3903));
#881=EDGE_LOOP('',(#3904,#3905,#3906,#3907));
#882=EDGE_LOOP('',(#3908));
#883=EDGE_LOOP('',(#3909));
#884=EDGE_LOOP('',(#3910));
#885=EDGE_LOOP('',(#3911));
#886=EDGE_LOOP('',(#3912,#3913,#3914,#3915));
#887=EDGE_LOOP('',(#3916,#3917,#3918,#3919));
#888=EDGE_LOOP('',(#3920));
#889=EDGE_LOOP('',(#3921));
#890=EDGE_LOOP('',(#3922));
#891=EDGE_LOOP('',(#3923));
#892=EDGE_LOOP('',(#3924,#3925,#3926,#3927));
#893=EDGE_LOOP('',(#3928,#3929,#3930,#3931));
#894=EDGE_LOOP('',(#3932));
#895=EDGE_LOOP('',(#3933));
#896=EDGE_LOOP('',(#3934));
#897=EDGE_LOOP('',(#3935));
#898=EDGE_LOOP('',(#3936,#3937,#3938,#3939));
#899=EDGE_LOOP('',(#3940,#3941,#3942,#3943));
#900=EDGE_LOOP('',(#3944));
#901=EDGE_LOOP('',(#3945));
#902=EDGE_LOOP('',(#3946));
#903=EDGE_LOOP('',(#3947));
#904=EDGE_LOOP('',(#3948,#3949,#3950,#3951));
#905=EDGE_LOOP('',(#3952,#3953,#3954,#3955));
#906=EDGE_LOOP('',(#3956));
#907=EDGE_LOOP('',(#3957));
#908=EDGE_LOOP('',(#3958));
#909=EDGE_LOOP('',(#3959));
#910=EDGE_LOOP('',(#3960,#3961,#3962,#3963));
#911=EDGE_LOOP('',(#3964,#3965,#3966,#3967));
#912=EDGE_LOOP('',(#3968));
#913=EDGE_LOOP('',(#3969));
#914=EDGE_LOOP('',(#3970));
#915=EDGE_LOOP('',(#3971));
#916=EDGE_LOOP('',(#3972,#3973,#3974,#3975));
#917=EDGE_LOOP('',(#3976,#3977,#3978,#3979));
#918=EDGE_LOOP('',(#3980));
#919=EDGE_LOOP('',(#3981));
#920=EDGE_LOOP('',(#3982));
#921=EDGE_LOOP('',(#3983));
#922=EDGE_LOOP('',(#3984,#3985,#3986,#3987));
#923=EDGE_LOOP('',(#3988,#3989,#3990,#3991));
#924=EDGE_LOOP('',(#3992));
#925=EDGE_LOOP('',(#3993));
#926=EDGE_LOOP('',(#3994));
#927=EDGE_LOOP('',(#3995));
#928=EDGE_LOOP('',(#3996,#3997,#3998,#3999));
#929=EDGE_LOOP('',(#4000,#4001,#4002,#4003));
#930=EDGE_LOOP('',(#4004));
#931=EDGE_LOOP('',(#4005));
#932=EDGE_LOOP('',(#4006));
#933=EDGE_LOOP('',(#4007));
#934=EDGE_LOOP('',(#4008,#4009,#4010,#4011));
#935=EDGE_LOOP('',(#4012,#4013,#4014,#4015));
#936=EDGE_LOOP('',(#4016));
#937=EDGE_LOOP('',(#4017));
#938=EDGE_LOOP('',(#4018));
#939=EDGE_LOOP('',(#4019));
#940=EDGE_LOOP('',(#4020,#4021,#4022,#4023));
#941=EDGE_LOOP('',(#4024,#4025,#4026,#4027));
#942=EDGE_LOOP('',(#4028));
#943=EDGE_LOOP('',(#4029));
#944=EDGE_LOOP('',(#4030));
#945=EDGE_LOOP('',(#4031));
#946=EDGE_LOOP('',(#4032,#4033,#4034,#4035));
#947=EDGE_LOOP('',(#4036,#4037,#4038,#4039));
#948=EDGE_LOOP('',(#4040));
#949=EDGE_LOOP('',(#4041));
#950=EDGE_LOOP('',(#4042));
#951=EDGE_LOOP('',(#4043));
#952=EDGE_LOOP('',(#4044,#4045,#4046,#4047));
#953=EDGE_LOOP('',(#4048,#4049,#4050,#4051));
#954=EDGE_LOOP('',(#4052));
#955=EDGE_LOOP('',(#4053));
#956=EDGE_LOOP('',(#4054));
#957=EDGE_LOOP('',(#4055));
#958=EDGE_LOOP('',(#4056,#4057,#4058,#4059));
#959=EDGE_LOOP('',(#4060,#4061,#4062,#4063));
#960=EDGE_LOOP('',(#4064));
#961=EDGE_LOOP('',(#4065));
#962=EDGE_LOOP('',(#4066));
#963=EDGE_LOOP('',(#4067));
#964=EDGE_LOOP('',(#4068,#4069,#4070,#4071));
#965=EDGE_LOOP('',(#4072,#4073,#4074,#4075));
#966=EDGE_LOOP('',(#4076));
#967=EDGE_LOOP('',(#4077));
#968=EDGE_LOOP('',(#4078));
#969=EDGE_LOOP('',(#4079));
#970=EDGE_LOOP('',(#4080,#4081,#4082,#4083));
#971=EDGE_LOOP('',(#4084,#4085,#4086,#4087));
#972=EDGE_LOOP('',(#4088,#4089,#4090,#4091));
#973=EDGE_LOOP('',(#4092,#4093,#4094,#4095,#4096));
#974=EDGE_LOOP('',(#4097,#4098,#4099,#4100));
#975=EDGE_LOOP('',(#4101,#4102,#4103,#4104,#4105));
#976=EDGE_LOOP('',(#4106,#4107,#4108,#4109));
#977=EDGE_LOOP('',(#4110,#4111,#4112,#4113));
#978=EDGE_LOOP('',(#4114,#4115,#4116,#4117,#4118));
#979=EDGE_LOOP('',(#4119,#4120,#4121,#4122));
#980=EDGE_LOOP('',(#4123,#4124,#4125,#4126,#4127));
#981=EDGE_LOOP('',(#4128,#4129,#4130,#4131));
#982=EDGE_LOOP('',(#4132,#4133,#4134,#4135));
#983=EDGE_LOOP('',(#4136,#4137,#4138,#4139,#4140));
#984=EDGE_LOOP('',(#4141,#4142,#4143,#4144));
#985=EDGE_LOOP('',(#4145,#4146,#4147,#4148,#4149));
#986=EDGE_LOOP('',(#4150,#4151,#4152,#4153));
#987=EDGE_LOOP('',(#4154));
#988=EDGE_LOOP('',(#4155));
#989=EDGE_LOOP('',(#4156));
#990=EDGE_LOOP('',(#4157));
#991=EDGE_LOOP('',(#4158,#4159,#4160,#4161));
#992=EDGE_LOOP('',(#4162,#4163,#4164,#4165));
#993=EDGE_LOOP('',(#4166,#4167,#4168,#4169));
#994=EDGE_LOOP('',(#4170,#4171,#4172,#4173,#4174));
#995=EDGE_LOOP('',(#4175,#4176,#4177,#4178));
#996=EDGE_LOOP('',(#4179,#4180,#4181,#4182,#4183));
#997=EDGE_LOOP('',(#4184));
#998=EDGE_LOOP('',(#4185));
#999=EDGE_LOOP('',(#4186,#4187,#4188,#4189,#4190,#4191,#4192,#4193,#4194,
#4195,#4196,#4197,#4198,#4199,#4200,#4201,#4202));
#1000=EDGE_LOOP('',(#4203,#4204,#4205,#4206));
#1001=EDGE_LOOP('',(#4207,#4208,#4209,#4210));
#1002=EDGE_LOOP('',(#4211,#4212,#4213,#4214));
#1003=EDGE_LOOP('',(#4215,#4216,#4217,#4218));
#1004=EDGE_LOOP('',(#4219,#4220,#4221,#4222));
#1005=EDGE_LOOP('',(#4223,#4224,#4225,#4226));
#1006=EDGE_LOOP('',(#4227,#4228,#4229,#4230));
#1007=EDGE_LOOP('',(#4231,#4232,#4233,#4234));
#1008=EDGE_LOOP('',(#4235,#4236,#4237,#4238));
#1009=EDGE_LOOP('',(#4239,#4240,#4241,#4242));
#1010=EDGE_LOOP('',(#4243,#4244,#4245,#4246));
#1011=EDGE_LOOP('',(#4247,#4248,#4249,#4250));
#1012=EDGE_LOOP('',(#4251,#4252,#4253,#4254));
#1013=EDGE_LOOP('',(#4255,#4256,#4257,#4258));
#1014=EDGE_LOOP('',(#4259,#4260,#4261,#4262));
#1015=EDGE_LOOP('',(#4263,#4264,#4265,#4266));
#1016=EDGE_LOOP('',(#4267,#4268,#4269,#4270));
#1017=EDGE_LOOP('',(#4271,#4272,#4273,#4274,#4275,#4276,#4277,#4278,#4279,
#4280,#4281,#4282,#4283,#4284,#4285));
#1018=EDGE_LOOP('',(#4286,#4287,#4288,#4289));
#1019=EDGE_LOOP('',(#4290,#4291,#4292,#4293));
#1020=EDGE_LOOP('',(#4294,#4295,#4296,#4297));
#1021=EDGE_LOOP('',(#4298,#4299,#4300,#4301));
#1022=EDGE_LOOP('',(#4302,#4303,#4304,#4305));
#1023=EDGE_LOOP('',(#4306,#4307,#4308,#4309));
#1024=EDGE_LOOP('',(#4310,#4311,#4312,#4313));
#1025=EDGE_LOOP('',(#4314,#4315,#4316,#4317));
#1026=EDGE_LOOP('',(#4318,#4319,#4320,#4321));
#1027=EDGE_LOOP('',(#4322,#4323,#4324,#4325));
#1028=EDGE_LOOP('',(#4326,#4327,#4328,#4329));
#1029=EDGE_LOOP('',(#4330,#4331,#4332,#4333));
#1030=EDGE_LOOP('',(#4334,#4335,#4336,#4337));
#1031=EDGE_LOOP('',(#4338,#4339,#4340,#4341));
#1032=EDGE_LOOP('',(#4342,#4343,#4344,#4345));
#1033=EDGE_LOOP('',(#4346,#4347,#4348,#4349,#4350,#4351,#4352,#4353,#4354,
#4355,#4356,#4357,#4358,#4359,#4360,#4361,#4362,#4363,#4364,#4365,#4366,
#4367,#4368,#4369,#4370,#4371,#4372,#4373,#4374,#4375,#4376,#4377,#4378,
#4379,#4380));
#1034=EDGE_LOOP('',(#4381,#4382,#4383,#4384));
#1035=EDGE_LOOP('',(#4385,#4386,#4387,#4388));
#1036=EDGE_LOOP('',(#4389,#4390,#4391,#4392));
#1037=EDGE_LOOP('',(#4393,#4394,#4395,#4396));
#1038=EDGE_LOOP('',(#4397,#4398,#4399,#4400));
#1039=EDGE_LOOP('',(#4401,#4402,#4403,#4404));
#1040=EDGE_LOOP('',(#4405,#4406,#4407,#4408));
#1041=EDGE_LOOP('',(#4409,#4410,#4411,#4412));
#1042=EDGE_LOOP('',(#4413,#4414,#4415,#4416));
#1043=EDGE_LOOP('',(#4417,#4418,#4419,#4420));
#1044=EDGE_LOOP('',(#4421,#4422,#4423,#4424));
#1045=EDGE_LOOP('',(#4425,#4426,#4427,#4428));
#1046=EDGE_LOOP('',(#4429,#4430,#4431,#4432));
#1047=EDGE_LOOP('',(#4433,#4434,#4435,#4436));
#1048=EDGE_LOOP('',(#4437,#4438,#4439,#4440));
#1049=EDGE_LOOP('',(#4441,#4442,#4443,#4444));
#1050=EDGE_LOOP('',(#4445,#4446,#4447,#4448));
#1051=EDGE_LOOP('',(#4449,#4450,#4451,#4452));
#1052=EDGE_LOOP('',(#4453,#4454,#4455,#4456));
#1053=EDGE_LOOP('',(#4457,#4458,#4459,#4460));
#1054=EDGE_LOOP('',(#4461,#4462,#4463,#4464));
#1055=EDGE_LOOP('',(#4465,#4466,#4467,#4468));
#1056=EDGE_LOOP('',(#4469,#4470,#4471,#4472));
#1057=EDGE_LOOP('',(#4473,#4474,#4475,#4476));
#1058=EDGE_LOOP('',(#4477,#4478,#4479,#4480));
#1059=EDGE_LOOP('',(#4481,#4482,#4483,#4484));
#1060=EDGE_LOOP('',(#4485,#4486,#4487,#4488));
#1061=EDGE_LOOP('',(#4489,#4490,#4491,#4492));
#1062=EDGE_LOOP('',(#4493,#4494,#4495,#4496));
#1063=EDGE_LOOP('',(#4497,#4498,#4499,#4500));
#1064=EDGE_LOOP('',(#4501,#4502,#4503,#4504));
#1065=EDGE_LOOP('',(#4505,#4506,#4507,#4508));
#1066=EDGE_LOOP('',(#4509,#4510,#4511,#4512));
#1067=EDGE_LOOP('',(#4513,#4514,#4515,#4516));
#1068=EDGE_LOOP('',(#4517,#4518,#4519,#4520));
#1069=EDGE_LOOP('',(#4521,#4522,#4523,#4524));
#1070=EDGE_LOOP('',(#4525,#4526,#4527,#4528));
#1071=EDGE_LOOP('',(#4529,#4530,#4531,#4532));
#1072=EDGE_LOOP('',(#4533,#4534,#4535,#4536));
#1073=EDGE_LOOP('',(#4537,#4538,#4539,#4540));
#1074=EDGE_LOOP('',(#4541,#4542,#4543,#4544,#4545,#4546,#4547,#4548));
#1075=EDGE_LOOP('',(#4549,#4550,#4551,#4552));
#1076=EDGE_LOOP('',(#4553,#4554,#4555,#4556));
#1077=EDGE_LOOP('',(#4557,#4558,#4559,#4560));
#1078=EDGE_LOOP('',(#4561,#4562,#4563,#4564));
#1079=EDGE_LOOP('',(#4565,#4566,#4567,#4568));
#1080=EDGE_LOOP('',(#4569,#4570,#4571,#4572));
#1081=EDGE_LOOP('',(#4573,#4574,#4575,#4576));
#1082=EDGE_LOOP('',(#4577,#4578,#4579,#4580));
#1083=EDGE_LOOP('',(#4581,#4582,#4583,#4584));
#1084=EDGE_LOOP('',(#4585));
#1085=EDGE_LOOP('',(#4586,#4587,#4588,#4589));
#1086=EDGE_LOOP('',(#4590));
#1087=EDGE_LOOP('',(#4591));
#1088=EDGE_LOOP('',(#4592));
#1089=LINE('',#6896,#1421);
#1090=LINE('',#6902,#1422);
#1091=LINE('',#6914,#1423);
#1092=LINE('',#6918,#1424);
#1093=LINE('',#6922,#1425);
#1094=LINE('',#6926,#1426);
#1095=LINE('',#6930,#1427);
#1096=LINE('',#6934,#1428);
#1097=LINE('',#6938,#1429);
#1098=LINE('',#6942,#1430);
#1099=LINE('',#6946,#1431);
#1100=LINE('',#6950,#1432);
#1101=LINE('',#6954,#1433);
#1102=LINE('',#6958,#1434);
#1103=LINE('',#6962,#1435);
#1104=LINE('',#6966,#1436);
#1105=LINE('',#6970,#1437);
#1106=LINE('',#6974,#1438);
#1107=LINE('',#6978,#1439);
#1108=LINE('',#6982,#1440);
#1109=LINE('',#6986,#1441);
#1110=LINE('',#6990,#1442);
#1111=LINE('',#6994,#1443);
#1112=LINE('',#6998,#1444);
#1113=LINE('',#7002,#1445);
#1114=LINE('',#7006,#1446);
#1115=LINE('',#7010,#1447);
#1116=LINE('',#7014,#1448);
#1117=LINE('',#7018,#1449);
#1118=LINE('',#7022,#1450);
#1119=LINE('',#7026,#1451);
#1120=LINE('',#7030,#1452);
#1121=LINE('',#7034,#1453);
#1122=LINE('',#7038,#1454);
#1123=LINE('',#7042,#1455);
#1124=LINE('',#7046,#1456);
#1125=LINE('',#7050,#1457);
#1126=LINE('',#7054,#1458);
#1127=LINE('',#7057,#1459);
#1128=LINE('',#7061,#1460);
#1129=LINE('',#7066,#1461);
#1130=LINE('',#7071,#1462);
#1131=LINE('',#7076,#1463);
#1132=LINE('',#7081,#1464);
#1133=LINE('',#7086,#1465);
#1134=LINE('',#7091,#1466);
#1135=LINE('',#7096,#1467);
#1136=LINE('',#7101,#1468);
#1137=LINE('',#7106,#1469);
#1138=LINE('',#7111,#1470);
#1139=LINE('',#7116,#1471);
#1140=LINE('',#7121,#1472);
#1141=LINE('',#7126,#1473);
#1142=LINE('',#7131,#1474);
#1143=LINE('',#7136,#1475);
#1144=LINE('',#7141,#1476);
#1145=LINE('',#7146,#1477);
#1146=LINE('',#7158,#1478);
#1147=LINE('',#7200,#1479);
#1148=LINE('',#7230,#1480);
#1149=LINE('',#7234,#1481);
#1150=LINE('',#7258,#1482);
#1151=LINE('',#7262,#1483);
#1152=LINE('',#7271,#1484);
#1153=LINE('',#7488,#1485);
#1154=LINE('',#7491,#1486);
#1155=LINE('',#7496,#1487);
#1156=LINE('',#7500,#1488);
#1157=LINE('',#7504,#1489);
#1158=LINE('',#7507,#1490);
#1159=LINE('',#7510,#1491);
#1160=LINE('',#7512,#1492);
#1161=LINE('',#7513,#1493);
#1162=LINE('',#7516,#1494);
#1163=LINE('',#7518,#1495);
#1164=LINE('',#7519,#1496);
#1165=LINE('',#7527,#1497);
#1166=LINE('',#7529,#1498);
#1167=LINE('',#7530,#1499);
#1168=LINE('',#7533,#1500);
#1169=LINE('',#7535,#1501);
#1170=LINE('',#7536,#1502);
#1171=LINE('',#7544,#1503);
#1172=LINE('',#7546,#1504);
#1173=LINE('',#7547,#1505);
#1174=LINE('',#7550,#1506);
#1175=LINE('',#7552,#1507);
#1176=LINE('',#7553,#1508);
#1177=LINE('',#7563,#1509);
#1178=LINE('',#7572,#1510);
#1179=LINE('',#7575,#1511);
#1180=LINE('',#7577,#1512);
#1181=LINE('',#7578,#1513);
#1182=LINE('',#7581,#1514);
#1183=LINE('',#7583,#1515);
#1184=LINE('',#7584,#1516);
#1185=LINE('',#7592,#1517);
#1186=LINE('',#7594,#1518);
#1187=LINE('',#7595,#1519);
#1188=LINE('',#7598,#1520);
#1189=LINE('',#7600,#1521);
#1190=LINE('',#7601,#1522);
#1191=LINE('',#7609,#1523);
#1192=LINE('',#7611,#1524);
#1193=LINE('',#7612,#1525);
#1194=LINE('',#7615,#1526);
#1195=LINE('',#7617,#1527);
#1196=LINE('',#7618,#1528);
#1197=LINE('',#7628,#1529);
#1198=LINE('',#7639,#1530);
#1199=LINE('',#7644,#1531);
#1200=LINE('',#7653,#1532);
#1201=LINE('',#7658,#1533);
#1202=LINE('',#7667,#1534);
#1203=LINE('',#7672,#1535);
#1204=LINE('',#7681,#1536);
#1205=LINE('',#7686,#1537);
#1206=LINE('',#7697,#1538);
#1207=LINE('',#7702,#1539);
#1208=LINE('',#7711,#1540);
#1209=LINE('',#7716,#1541);
#1210=LINE('',#7727,#1542);
#1211=LINE('',#7732,#1543);
#1212=LINE('',#7741,#1544);
#1213=LINE('',#7746,#1545);
#1214=LINE('',#7753,#1546);
#1215=LINE('',#7758,#1547);
#1216=LINE('',#7769,#1548);
#1217=LINE('',#7774,#1549);
#1218=LINE('',#7781,#1550);
#1219=LINE('',#7786,#1551);
#1220=LINE('',#7793,#1552);
#1221=LINE('',#7796,#1553);
#1222=LINE('',#7798,#1554);
#1223=LINE('',#7799,#1555);
#1224=LINE('',#7802,#1556);
#1225=LINE('',#7804,#1557);
#1226=LINE('',#7805,#1558);
#1227=LINE('',#7813,#1559);
#1228=LINE('',#7815,#1560);
#1229=LINE('',#7816,#1561);
#1230=LINE('',#7819,#1562);
#1231=LINE('',#7821,#1563);
#1232=LINE('',#7822,#1564);
#1233=LINE('',#7830,#1565);
#1234=LINE('',#7832,#1566);
#1235=LINE('',#7833,#1567);
#1236=LINE('',#7836,#1568);
#1237=LINE('',#7838,#1569);
#1238=LINE('',#7839,#1570);
#1239=LINE('',#7847,#1571);
#1240=LINE('',#7849,#1572);
#1241=LINE('',#7850,#1573);
#1242=LINE('',#7853,#1574);
#1243=LINE('',#7855,#1575);
#1244=LINE('',#7856,#1576);
#1245=LINE('',#7864,#1577);
#1246=LINE('',#7866,#1578);
#1247=LINE('',#7867,#1579);
#1248=LINE('',#7870,#1580);
#1249=LINE('',#7872,#1581);
#1250=LINE('',#7873,#1582);
#1251=LINE('',#7881,#1583);
#1252=LINE('',#7883,#1584);
#1253=LINE('',#7884,#1585);
#1254=LINE('',#7887,#1586);
#1255=LINE('',#7889,#1587);
#1256=LINE('',#7890,#1588);
#1257=LINE('',#7898,#1589);
#1258=LINE('',#7900,#1590);
#1259=LINE('',#7901,#1591);
#1260=LINE('',#7904,#1592);
#1261=LINE('',#7906,#1593);
#1262=LINE('',#7907,#1594);
#1263=LINE('',#7915,#1595);
#1264=LINE('',#7917,#1596);
#1265=LINE('',#7918,#1597);
#1266=LINE('',#7921,#1598);
#1267=LINE('',#7923,#1599);
#1268=LINE('',#7924,#1600);
#1269=LINE('',#7934,#1601);
#1270=LINE('',#7945,#1602);
#1271=LINE('',#7950,#1603);
#1272=LINE('',#7959,#1604);
#1273=LINE('',#7964,#1605);
#1274=LINE('',#7973,#1606);
#1275=LINE('',#7978,#1607);
#1276=LINE('',#7987,#1608);
#1277=LINE('',#7992,#1609);
#1278=LINE('',#8003,#1610);
#1279=LINE('',#8008,#1611);
#1280=LINE('',#8019,#1612);
#1281=LINE('',#8024,#1613);
#1282=LINE('',#8035,#1614);
#1283=LINE('',#8040,#1615);
#1284=LINE('',#8051,#1616);
#1285=LINE('',#8056,#1617);
#1286=LINE('',#8063,#1618);
#1287=LINE('',#8068,#1619);
#1288=LINE('',#8075,#1620);
#1289=LINE('',#8080,#1621);
#1290=LINE('',#8087,#1622);
#1291=LINE('',#8092,#1623);
#1292=LINE('',#8099,#1624);
#1293=LINE('',#8104,#1625);
#1294=LINE('',#8111,#1626);
#1295=LINE('',#8116,#1627);
#1296=LINE('',#8127,#1628);
#1297=LINE('',#8132,#1629);
#1298=LINE('',#8139,#1630);
#1299=LINE('',#8144,#1631);
#1300=LINE('',#8153,#1632);
#1301=LINE('',#8156,#1633);
#1302=LINE('',#8158,#1634);
#1303=LINE('',#8159,#1635);
#1304=LINE('',#8162,#1636);
#1305=LINE('',#8164,#1637);
#1306=LINE('',#8165,#1638);
#1307=LINE('',#8173,#1639);
#1308=LINE('',#8175,#1640);
#1309=LINE('',#8176,#1641);
#1310=LINE('',#8179,#1642);
#1311=LINE('',#8181,#1643);
#1312=LINE('',#8182,#1644);
#1313=LINE('',#8190,#1645);
#1314=LINE('',#8192,#1646);
#1315=LINE('',#8193,#1647);
#1316=LINE('',#8196,#1648);
#1317=LINE('',#8198,#1649);
#1318=LINE('',#8199,#1650);
#1319=LINE('',#8209,#1651);
#1320=LINE('',#8216,#1652);
#1321=LINE('',#8219,#1653);
#1322=LINE('',#8221,#1654);
#1323=LINE('',#8222,#1655);
#1324=LINE('',#8225,#1656);
#1325=LINE('',#8227,#1657);
#1326=LINE('',#8228,#1658);
#1327=LINE('',#8272,#1659);
#1328=LINE('',#8314,#1660);
#1329=LINE('',#8336,#1661);
#1330=LINE('',#8337,#1662);
#1331=LINE('',#8358,#1663);
#1332=LINE('',#8379,#1664);
#1333=LINE('',#8400,#1665);
#1334=LINE('',#8421,#1666);
#1335=LINE('',#8423,#1667);
#1336=LINE('',#8425,#1668);
#1337=LINE('',#8427,#1669);
#1338=LINE('',#8448,#1670);
#1339=LINE('',#8469,#1671);
#1340=LINE('',#8490,#1672);
#1341=LINE('',#8511,#1673);
#1342=LINE('',#8532,#1674);
#1343=LINE('',#8553,#1675);
#1344=LINE('',#8555,#1676);
#1345=LINE('',#8557,#1677);
#1346=LINE('',#8569,#1678);
#1347=LINE('',#8578,#1679);
#1348=LINE('',#8582,#1680);
#1349=LINE('',#8606,#1681);
#1350=LINE('',#8609,#1682);
#1351=LINE('',#8611,#1683);
#1352=LINE('',#8612,#1684);
#1353=LINE('',#8629,#1685);
#1354=LINE('',#8631,#1686);
#1355=LINE('',#8648,#1687);
#1356=LINE('',#8650,#1688);
#1357=LINE('',#8652,#1689);
#1358=LINE('',#8654,#1690);
#1359=LINE('',#8656,#1691);
#1360=LINE('',#8673,#1692);
#1361=LINE('',#8694,#1693);
#1362=LINE('',#8715,#1694);
#1363=LINE('',#8732,#1695);
#1364=LINE('',#8734,#1696);
#1365=LINE('',#8736,#1697);
#1366=LINE('',#8967,#1698);
#1367=LINE('',#8968,#1699);
#1368=LINE('',#8989,#1700);
#1369=LINE('',#9010,#1701);
#1370=LINE('',#9031,#1702);
#1371=LINE('',#9052,#1703);
#1372=LINE('',#9073,#1704);
#1373=LINE('',#9094,#1705);
#1374=LINE('',#9115,#1706);
#1375=LINE('',#9136,#1707);
#1376=LINE('',#9157,#1708);
#1377=LINE('',#9178,#1709);
#1378=LINE('',#9199,#1710);
#1379=LINE('',#9220,#1711);
#1380=LINE('',#9241,#1712);
#1381=LINE('',#9258,#1713);
#1382=LINE('',#9279,#1714);
#1383=LINE('',#9300,#1715);
#1384=LINE('',#9321,#1716);
#1385=LINE('',#9342,#1717);
#1386=LINE('',#9363,#1718);
#1387=LINE('',#9384,#1719);
#1388=LINE('',#9405,#1720);
#1389=LINE('',#9426,#1721);
#1390=LINE('',#9447,#1722);
#1391=LINE('',#9468,#1723);
#1392=LINE('',#9489,#1724);
#1393=LINE('',#9510,#1725);
#1394=LINE('',#9531,#1726);
#1395=LINE('',#9552,#1727);
#1396=LINE('',#9573,#1728);
#1397=LINE('',#9594,#1729);
#1398=LINE('',#9615,#1730);
#1399=LINE('',#9636,#1731);
#1400=LINE('',#9653,#1732);
#1401=LINE('',#9679,#1733);
#1402=LINE('',#9682,#1734);
#1403=LINE('',#9684,#1735);
#1404=LINE('',#9685,#1736);
#1405=LINE('',#9687,#1737);
#1406=LINE('',#9689,#1738);
#1407=LINE('',#9696,#1739);
#1408=LINE('',#9700,#1740);
#1409=LINE('',#9704,#1741);
#1410=LINE('',#9707,#1742);
#1411=LINE('',#9709,#1743);
#1412=LINE('',#9710,#1744);
#1413=LINE('',#9712,#1745);
#1414=LINE('',#9714,#1746);
#1415=LINE('',#9716,#1747);
#1416=LINE('',#9718,#1748);
#1417=LINE('',#9720,#1749);
#1418=LINE('',#9722,#1750);
#1419=LINE('',#9728,#1751);
#1420=LINE('',#9732,#1752);
#1421=VECTOR('',#5525,22.);
#1422=VECTOR('',#5532,17.);
#1423=VECTOR('',#5547,15.);
#1424=VECTOR('',#5550,10.);
#1425=VECTOR('',#5553,15.);
#1426=VECTOR('',#5556,10.);
#1427=VECTOR('',#5559,15.);
#1428=VECTOR('',#5562,10.);
#1429=VECTOR('',#5565,15.);
#1430=VECTOR('',#5568,10.);
#1431=VECTOR('',#5571,15.);
#1432=VECTOR('',#5574,10.);
#1433=VECTOR('',#5577,15.);
#1434=VECTOR('',#5580,10.);
#1435=VECTOR('',#5583,15.);
#1436=VECTOR('',#5586,10.);
#1437=VECTOR('',#5589,15.);
#1438=VECTOR('',#5592,10.);
#1439=VECTOR('',#5595,15.);
#1440=VECTOR('',#5598,10.);
#1441=VECTOR('',#5601,15.);
#1442=VECTOR('',#5604,10.);
#1443=VECTOR('',#5607,15.);
#1444=VECTOR('',#5610,10.);
#1445=VECTOR('',#5613,15.);
#1446=VECTOR('',#5616,10.);
#1447=VECTOR('',#5619,15.);
#1448=VECTOR('',#5622,10.);
#1449=VECTOR('',#5625,15.);
#1450=VECTOR('',#5628,10.);
#1451=VECTOR('',#5631,15.);
#1452=VECTOR('',#5634,10.);
#1453=VECTOR('',#5637,15.);
#1454=VECTOR('',#5640,10.);
#1455=VECTOR('',#5643,15.);
#1456=VECTOR('',#5646,10.);
#1457=VECTOR('',#5649,15.);
#1458=VECTOR('',#5652,10.);
#1459=VECTOR('',#5655,15.);
#1460=VECTOR('',#5658,10.);
#1461=VECTOR('',#5663,10.);
#1462=VECTOR('',#5668,10.);
#1463=VECTOR('',#5673,10.);
#1464=VECTOR('',#5678,10.);
#1465=VECTOR('',#5683,10.);
#1466=VECTOR('',#5688,10.);
#1467=VECTOR('',#5693,10.);
#1468=VECTOR('',#5698,10.);
#1469=VECTOR('',#5703,10.);
#1470=VECTOR('',#5708,10.);
#1471=VECTOR('',#5713,10.);
#1472=VECTOR('',#5718,10.);
#1473=VECTOR('',#5723,10.);
#1474=VECTOR('',#5728,10.);
#1475=VECTOR('',#5733,10.);
#1476=VECTOR('',#5738,10.);
#1477=VECTOR('',#5743,10.);
#1478=VECTOR('',#5748,10.);
#1479=VECTOR('',#5753,10.);
#1480=VECTOR('',#5758,10.);
#1481=VECTOR('',#5761,10.);
#1482=VECTOR('',#5762,10.);
#1483=VECTOR('',#5765,10.);
#1484=VECTOR('',#5768,10.);
#1485=VECTOR('',#5771,10.);
#1486=VECTOR('',#5774,10.);
#1487=VECTOR('',#5777,10.);
#1488=VECTOR('',#5780,10.);
#1489=VECTOR('',#5783,10.);
#1490=VECTOR('',#5786,10.);
#1491=VECTOR('',#5789,10.);
#1492=VECTOR('',#5790,10.);
#1493=VECTOR('',#5791,10.);
#1494=VECTOR('',#5794,10.);
#1495=VECTOR('',#5795,10.);
#1496=VECTOR('',#5796,10.);
#1497=VECTOR('',#5809,10.);
#1498=VECTOR('',#5810,10.);
#1499=VECTOR('',#5811,10.);
#1500=VECTOR('',#5814,10.);
#1501=VECTOR('',#5815,10.);
#1502=VECTOR('',#5816,10.);
#1503=VECTOR('',#5829,10.);
#1504=VECTOR('',#5830,10.);
#1505=VECTOR('',#5831,10.);
#1506=VECTOR('',#5834,10.);
#1507=VECTOR('',#5835,10.);
#1508=VECTOR('',#5836,10.);
#1509=VECTOR('',#5851,17.);
#1510=VECTOR('',#5864,15.);
#1511=VECTOR('',#5867,10.);
#1512=VECTOR('',#5868,10.);
#1513=VECTOR('',#5869,10.);
#1514=VECTOR('',#5872,10.);
#1515=VECTOR('',#5873,10.);
#1516=VECTOR('',#5874,10.);
#1517=VECTOR('',#5887,10.);
#1518=VECTOR('',#5888,10.);
#1519=VECTOR('',#5889,10.);
#1520=VECTOR('',#5892,10.);
#1521=VECTOR('',#5893,10.);
#1522=VECTOR('',#5894,10.);
#1523=VECTOR('',#5907,10.);
#1524=VECTOR('',#5908,10.);
#1525=VECTOR('',#5909,10.);
#1526=VECTOR('',#5912,10.);
#1527=VECTOR('',#5913,10.);
#1528=VECTOR('',#5914,10.);
#1529=VECTOR('',#5929,17.);
#1530=VECTOR('',#5944,15.);
#1531=VECTOR('',#5949,17.);
#1532=VECTOR('',#5962,15.);
#1533=VECTOR('',#5967,17.);
#1534=VECTOR('',#5980,15.);
#1535=VECTOR('',#5985,17.);
#1536=VECTOR('',#5998,15.);
#1537=VECTOR('',#6003,17.);
#1538=VECTOR('',#6018,15.);
#1539=VECTOR('',#6023,17.);
#1540=VECTOR('',#6036,15.);
#1541=VECTOR('',#6041,17.);
#1542=VECTOR('',#6056,15.);
#1543=VECTOR('',#6061,17.);
#1544=VECTOR('',#6074,15.);
#1545=VECTOR('',#6079,17.);
#1546=VECTOR('',#6090,15.);
#1547=VECTOR('',#6095,17.);
#1548=VECTOR('',#6110,15.);
#1549=VECTOR('',#6115,17.);
#1550=VECTOR('',#6126,15.);
#1551=VECTOR('',#6131,17.);
#1552=VECTOR('',#6142,15.);
#1553=VECTOR('',#6145,10.);
#1554=VECTOR('',#6146,10.);
#1555=VECTOR('',#6147,10.);
#1556=VECTOR('',#6150,10.);
#1557=VECTOR('',#6151,10.);
#1558=VECTOR('',#6152,10.);
#1559=VECTOR('',#6165,10.);
#1560=VECTOR('',#6166,10.);
#1561=VECTOR('',#6167,10.);
#1562=VECTOR('',#6170,10.);
#1563=VECTOR('',#6171,10.);
#1564=VECTOR('',#6172,10.);
#1565=VECTOR('',#6185,10.);
#1566=VECTOR('',#6186,10.);
#1567=VECTOR('',#6187,10.);
#1568=VECTOR('',#6190,10.);
#1569=VECTOR('',#6191,10.);
#1570=VECTOR('',#6192,10.);
#1571=VECTOR('',#6205,10.);
#1572=VECTOR('',#6206,10.);
#1573=VECTOR('',#6207,10.);
#1574=VECTOR('',#6210,10.);
#1575=VECTOR('',#6211,10.);
#1576=VECTOR('',#6212,10.);
#1577=VECTOR('',#6225,10.);
#1578=VECTOR('',#6226,10.);
#1579=VECTOR('',#6227,10.);
#1580=VECTOR('',#6230,10.);
#1581=VECTOR('',#6231,10.);
#1582=VECTOR('',#6232,10.);
#1583=VECTOR('',#6245,10.);
#1584=VECTOR('',#6246,10.);
#1585=VECTOR('',#6247,10.);
#1586=VECTOR('',#6250,10.);
#1587=VECTOR('',#6251,10.);
#1588=VECTOR('',#6252,10.);
#1589=VECTOR('',#6265,10.);
#1590=VECTOR('',#6266,10.);
#1591=VECTOR('',#6267,10.);
#1592=VECTOR('',#6270,10.);
#1593=VECTOR('',#6271,10.);
#1594=VECTOR('',#6272,10.);
#1595=VECTOR('',#6285,10.);
#1596=VECTOR('',#6286,10.);
#1597=VECTOR('',#6287,10.);
#1598=VECTOR('',#6290,10.);
#1599=VECTOR('',#6291,10.);
#1600=VECTOR('',#6292,10.);
#1601=VECTOR('',#6307,17.);
#1602=VECTOR('',#6322,15.);
#1603=VECTOR('',#6327,17.);
#1604=VECTOR('',#6340,15.);
#1605=VECTOR('',#6345,17.);
#1606=VECTOR('',#6358,15.);
#1607=VECTOR('',#6363,17.);
#1608=VECTOR('',#6376,15.);
#1609=VECTOR('',#6381,17.);
#1610=VECTOR('',#6396,15.);
#1611=VECTOR('',#6401,17.);
#1612=VECTOR('',#6416,15.);
#1613=VECTOR('',#6421,17.);
#1614=VECTOR('',#6436,15.);
#1615=VECTOR('',#6441,17.);
#1616=VECTOR('',#6456,15.);
#1617=VECTOR('',#6461,17.);
#1618=VECTOR('',#6472,15.);
#1619=VECTOR('',#6477,17.);
#1620=VECTOR('',#6488,15.);
#1621=VECTOR('',#6493,17.);
#1622=VECTOR('',#6504,15.);
#1623=VECTOR('',#6509,17.);
#1624=VECTOR('',#6520,15.);
#1625=VECTOR('',#6525,17.);
#1626=VECTOR('',#6536,15.);
#1627=VECTOR('',#6541,17.);
#1628=VECTOR('',#6556,15.);
#1629=VECTOR('',#6561,17.);
#1630=VECTOR('',#6572,15.);
#1631=VECTOR('',#6577,17.);
#1632=VECTOR('',#6590,15.);
#1633=VECTOR('',#6593,10.);
#1634=VECTOR('',#6594,10.);
#1635=VECTOR('',#6595,10.);
#1636=VECTOR('',#6598,10.);
#1637=VECTOR('',#6599,10.);
#1638=VECTOR('',#6600,10.);
#1639=VECTOR('',#6613,10.);
#1640=VECTOR('',#6614,10.);
#1641=VECTOR('',#6615,10.);
#1642=VECTOR('',#6618,10.);
#1643=VECTOR('',#6619,10.);
#1644=VECTOR('',#6620,10.);
#1645=VECTOR('',#6633,10.);
#1646=VECTOR('',#6634,10.);
#1647=VECTOR('',#6635,10.);
#1648=VECTOR('',#6638,10.);
#1649=VECTOR('',#6639,10.);
#1650=VECTOR('',#6640,10.);
#1651=VECTOR('',#6655,17.);
#1652=VECTOR('',#6666,15.);
#1653=VECTOR('',#6669,10.);
#1654=VECTOR('',#6670,10.);
#1655=VECTOR('',#6671,10.);
#1656=VECTOR('',#6674,10.);
#1657=VECTOR('',#6675,10.);
#1658=VECTOR('',#6676,10.);
#1659=VECTOR('',#6695,10.);
#1660=VECTOR('',#6700,10.);
#1661=VECTOR('',#6703,10.);
#1662=VECTOR('',#6704,10.);
#1663=VECTOR('',#6705,10.);
#1664=VECTOR('',#6706,10.);
#1665=VECTOR('',#6707,10.);
#1666=VECTOR('',#6708,10.);
#1667=VECTOR('',#6711,10.);
#1668=VECTOR('',#6714,10.);
#1669=VECTOR('',#6717,10.);
#1670=VECTOR('',#6718,10.);
#1671=VECTOR('',#6719,10.);
#1672=VECTOR('',#6720,10.);
#1673=VECTOR('',#6721,10.);
#1674=VECTOR('',#6722,10.);
#1675=VECTOR('',#6723,10.);
#1676=VECTOR('',#6726,10.);
#1677=VECTOR('',#6729,10.);
#1678=VECTOR('',#6736,10.);
#1679=VECTOR('',#6739,10.);
#1680=VECTOR('',#6742,10.);
#1681=VECTOR('',#6743,10.);
#1682=VECTOR('',#6746,10.);
#1683=VECTOR('',#6749,10.);
#1684=VECTOR('',#6750,10.);
#1685=VECTOR('',#6751,10.);
#1686=VECTOR('',#6754,10.);
#1687=VECTOR('',#6755,10.);
#1688=VECTOR('',#6758,10.);
#1689=VECTOR('',#6761,10.);
#1690=VECTOR('',#6764,10.);
#1691=VECTOR('',#6767,10.);
#1692=VECTOR('',#6768,10.);
#1693=VECTOR('',#6769,10.);
#1694=VECTOR('',#6770,10.);
#1695=VECTOR('',#6771,10.);
#1696=VECTOR('',#6774,10.);
#1697=VECTOR('',#6777,10.);
#1698=VECTOR('',#6782,10.);
#1699=VECTOR('',#6783,10.);
#1700=VECTOR('',#6784,10.);
#1701=VECTOR('',#6785,10.);
#1702=VECTOR('',#6786,10.);
#1703=VECTOR('',#6787,10.);
#1704=VECTOR('',#6788,10.);
#1705=VECTOR('',#6789,10.);
#1706=VECTOR('',#6790,10.);
#1707=VECTOR('',#6791,10.);
#1708=VECTOR('',#6792,10.);
#1709=VECTOR('',#6793,10.);
#1710=VECTOR('',#6794,10.);
#1711=VECTOR('',#6795,10.);
#1712=VECTOR('',#6796,10.);
#1713=VECTOR('',#6797,10.);
#1714=VECTOR('',#6798,10.);
#1715=VECTOR('',#6799,10.);
#1716=VECTOR('',#6800,10.);
#1717=VECTOR('',#6801,10.);
#1718=VECTOR('',#6802,10.);
#1719=VECTOR('',#6803,10.);
#1720=VECTOR('',#6804,10.);
#1721=VECTOR('',#6805,10.);
#1722=VECTOR('',#6806,10.);
#1723=VECTOR('',#6807,10.);
#1724=VECTOR('',#6808,10.);
#1725=VECTOR('',#6809,10.);
#1726=VECTOR('',#6810,10.);
#1727=VECTOR('',#6811,10.);
#1728=VECTOR('',#6812,10.);
#1729=VECTOR('',#6813,10.);
#1730=VECTOR('',#6814,10.);
#1731=VECTOR('',#6815,10.);
#1732=VECTOR('',#6816,10.);
#1733=VECTOR('',#6821,10.);
#1734=VECTOR('',#6824,10.);
#1735=VECTOR('',#6827,10.);
#1736=VECTOR('',#6828,10.);
#1737=VECTOR('',#6831,10.);
#1738=VECTOR('',#6834,10.);
#1739=VECTOR('',#6841,10.);
#1740=VECTOR('',#6844,10.);
#1741=VECTOR('',#6847,10.);
#1742=VECTOR('',#6850,10.);
#1743=VECTOR('',#6853,10.);
#1744=VECTOR('',#6854,10.);
#1745=VECTOR('',#6857,10.);
#1746=VECTOR('',#6860,10.);
#1747=VECTOR('',#6863,10.);
#1748=VECTOR('',#6866,10.);
#1749=VECTOR('',#6869,10.);
#1750=VECTOR('',#6872,10.);
#1751=VECTOR('',#6879,15.);
#1752=VECTOR('',#6886,15.);
#1753=CIRCLE('',#5001,22.);
#1754=CIRCLE('',#5002,22.);
#1755=CIRCLE('',#5004,17.);
#1756=CIRCLE('',#5005,17.);
#1757=CIRCLE('',#5007,15.);
#1758=CIRCLE('',#5009,15.);
#1759=CIRCLE('',#5011,15.);
#1760=CIRCLE('',#5012,15.);
#1761=CIRCLE('',#5013,15.);
#1762=CIRCLE('',#5014,15.);
#1763=CIRCLE('',#5015,15.);
#1764=CIRCLE('',#5016,15.);
#1765=CIRCLE('',#5017,15.);
#1766=CIRCLE('',#5018,15.);
#1767=CIRCLE('',#5019,15.);
#1768=CIRCLE('',#5020,15.);
#1769=CIRCLE('',#5021,15.);
#1770=CIRCLE('',#5022,15.);
#1771=CIRCLE('',#5023,15.);
#1772=CIRCLE('',#5024,15.);
#1773=CIRCLE('',#5025,15.);
#1774=CIRCLE('',#5026,15.);
#1775=CIRCLE('',#5027,15.);
#1776=CIRCLE('',#5028,15.);
#1777=CIRCLE('',#5029,15.);
#1778=CIRCLE('',#5030,15.);
#1779=CIRCLE('',#5031,15.);
#1780=CIRCLE('',#5032,15.);
#1781=CIRCLE('',#5033,15.);
#1782=CIRCLE('',#5034,15.);
#1783=CIRCLE('',#5035,15.);
#1784=CIRCLE('',#5036,15.);
#1785=CIRCLE('',#5037,15.);
#1786=CIRCLE('',#5038,15.);
#1787=CIRCLE('',#5039,15.);
#1788=CIRCLE('',#5040,15.);
#1789=CIRCLE('',#5041,15.);
#1790=CIRCLE('',#5042,15.);
#1791=CIRCLE('',#5043,15.);
#1792=CIRCLE('',#5044,15.);
#1793=CIRCLE('',#5045,15.);
#1794=CIRCLE('',#5046,15.);
#1795=CIRCLE('',#5047,15.);
#1796=CIRCLE('',#5048,15.);
#1797=CIRCLE('',#5049,15.);
#1798=CIRCLE('',#5050,15.);
#1799=CIRCLE('',#5051,15.);
#1800=CIRCLE('',#5052,15.);
#1801=CIRCLE('',#5053,15.);
#1802=CIRCLE('',#5054,15.);
#1803=CIRCLE('',#5055,15.);
#1804=CIRCLE('',#5056,15.);
#1805=CIRCLE('',#5057,15.);
#1806=CIRCLE('',#5058,15.);
#1807=CIRCLE('',#5059,15.);
#1808=CIRCLE('',#5060,15.);
#1809=CIRCLE('',#5061,15.);
#1810=CIRCLE('',#5062,15.);
#1811=CIRCLE('',#5063,15.);
#1812=CIRCLE('',#5064,15.);
#1813=CIRCLE('',#5065,15.);
#1814=CIRCLE('',#5066,15.);
#1815=CIRCLE('',#5067,15.);
#1816=CIRCLE('',#5068,15.);
#1817=CIRCLE('',#5069,15.);
#1818=CIRCLE('',#5070,15.);
#1819=CIRCLE('',#5071,15.);
#1820=CIRCLE('',#5072,15.);
#1821=CIRCLE('',#5073,15.);
#1822=CIRCLE('',#5074,15.);
#1823=CIRCLE('',#5075,15.);
#1824=CIRCLE('',#5076,15.);
#1825=CIRCLE('',#5077,15.);
#1826=CIRCLE('',#5078,15.);
#1827=CIRCLE('',#5079,15.);
#1828=CIRCLE('',#5080,15.);
#1829=CIRCLE('',#5081,15.);
#1830=CIRCLE('',#5082,15.);
#1831=CIRCLE('',#5083,15.);
#1832=CIRCLE('',#5084,15.);
#1833=CIRCLE('',#5085,15.);
#1834=CIRCLE('',#5086,15.);
#1835=CIRCLE('',#5087,15.);
#1836=CIRCLE('',#5088,15.);
#1837=CIRCLE('',#5089,15.);
#1838=CIRCLE('',#5090,15.);
#1839=CIRCLE('',#5091,15.);
#1840=CIRCLE('',#5092,15.);
#1841=CIRCLE('',#5093,15.);
#1842=CIRCLE('',#5094,15.);
#1843=CIRCLE('',#5095,15.);
#1844=CIRCLE('',#5096,15.);
#1845=CIRCLE('',#5097,15.);
#1846=CIRCLE('',#5101,17.);
#1847=CIRCLE('',#5103,17.);
#1848=CIRCLE('',#5108,17.);
#1849=CIRCLE('',#5110,17.);
#1850=CIRCLE('',#5115,17.);
#1851=CIRCLE('',#5117,17.);
#1852=CIRCLE('',#5120,17.);
#1853=CIRCLE('',#5121,17.);
#1854=CIRCLE('',#5123,15.);
#1855=CIRCLE('',#5125,15.);
#1856=CIRCLE('',#5130,17.);
#1857=CIRCLE('',#5132,17.);
#1858=CIRCLE('',#5137,17.);
#1859=CIRCLE('',#5139,17.);
#1860=CIRCLE('',#5144,17.);
#1861=CIRCLE('',#5146,17.);
#1862=CIRCLE('',#5149,17.);
#1863=CIRCLE('',#5150,17.);
#1864=CIRCLE('',#5152,15.);
#1865=CIRCLE('',#5154,15.);
#1866=CIRCLE('',#5156,15.);
#1867=CIRCLE('',#5158,17.);
#1868=CIRCLE('',#5159,17.);
#1869=CIRCLE('',#5162,15.);
#1870=CIRCLE('',#5164,15.);
#1871=CIRCLE('',#5166,17.);
#1872=CIRCLE('',#5167,17.);
#1873=CIRCLE('',#5169,15.);
#1874=CIRCLE('',#5171,15.);
#1875=CIRCLE('',#5174,17.);
#1876=CIRCLE('',#5175,17.);
#1877=CIRCLE('',#5178,15.);
#1878=CIRCLE('',#5180,15.);
#1879=CIRCLE('',#5182,17.);
#1880=CIRCLE('',#5183,17.);
#1881=CIRCLE('',#5185,15.);
#1882=CIRCLE('',#5187,15.);
#1883=CIRCLE('',#5189,15.);
#1884=CIRCLE('',#5191,17.);
#1885=CIRCLE('',#5192,17.);
#1886=CIRCLE('',#5194,15.);
#1887=CIRCLE('',#5196,15.);
#1888=CIRCLE('',#5199,17.);
#1889=CIRCLE('',#5200,17.);
#1890=CIRCLE('',#5202,15.);
#1891=CIRCLE('',#5204,15.);
#1892=CIRCLE('',#5206,15.);
#1893=CIRCLE('',#5208,17.);
#1894=CIRCLE('',#5209,17.);
#1895=CIRCLE('',#5211,15.);
#1896=CIRCLE('',#5213,15.);
#1897=CIRCLE('',#5216,17.);
#1898=CIRCLE('',#5217,17.);
#1899=CIRCLE('',#5220,15.);
#1900=CIRCLE('',#5223,17.);
#1901=CIRCLE('',#5224,17.);
#1902=CIRCLE('',#5226,15.);
#1903=CIRCLE('',#5228,15.);
#1904=CIRCLE('',#5230,15.);
#1905=CIRCLE('',#5232,17.);
#1906=CIRCLE('',#5233,17.);
#1907=CIRCLE('',#5236,15.);
#1908=CIRCLE('',#5239,17.);
#1909=CIRCLE('',#5240,17.);
#1910=CIRCLE('',#5243,15.);
#1911=CIRCLE('',#5248,17.);
#1912=CIRCLE('',#5250,17.);
#1913=CIRCLE('',#5255,17.);
#1914=CIRCLE('',#5257,17.);
#1915=CIRCLE('',#5262,17.);
#1916=CIRCLE('',#5264,17.);
#1917=CIRCLE('',#5269,17.);
#1918=CIRCLE('',#5271,17.);
#1919=CIRCLE('',#5276,17.);
#1920=CIRCLE('',#5278,17.);
#1921=CIRCLE('',#5283,17.);
#1922=CIRCLE('',#5285,17.);
#1923=CIRCLE('',#5290,17.);
#1924=CIRCLE('',#5292,17.);
#1925=CIRCLE('',#5297,17.);
#1926=CIRCLE('',#5299,17.);
#1927=CIRCLE('',#5302,17.);
#1928=CIRCLE('',#5303,17.);
#1929=CIRCLE('',#5305,15.);
#1930=CIRCLE('',#5307,15.);
#1931=CIRCLE('',#5309,15.);
#1932=CIRCLE('',#5311,17.);
#1933=CIRCLE('',#5312,17.);
#1934=CIRCLE('',#5315,15.);
#1935=CIRCLE('',#5317,15.);
#1936=CIRCLE('',#5319,17.);
#1937=CIRCLE('',#5320,17.);
#1938=CIRCLE('',#5322,15.);
#1939=CIRCLE('',#5324,15.);
#1940=CIRCLE('',#5327,17.);
#1941=CIRCLE('',#5328,17.);
#1942=CIRCLE('',#5330,15.);
#1943=CIRCLE('',#5332,15.);
#1944=CIRCLE('',#5335,17.);
#1945=CIRCLE('',#5336,17.);
#1946=CIRCLE('',#5338,15.);
#1947=CIRCLE('',#5340,15.);
#1948=CIRCLE('',#5342,15.);
#1949=CIRCLE('',#5344,17.);
#1950=CIRCLE('',#5345,17.);
#1951=CIRCLE('',#5347,15.);
#1952=CIRCLE('',#5349,15.);
#1953=CIRCLE('',#5351,15.);
#1954=CIRCLE('',#5353,17.);
#1955=CIRCLE('',#5354,17.);
#1956=CIRCLE('',#5356,15.);
#1957=CIRCLE('',#5358,15.);
#1958=CIRCLE('',#5360,15.);
#1959=CIRCLE('',#5362,17.);
#1960=CIRCLE('',#5363,17.);
#1961=CIRCLE('',#5365,15.);
#1962=CIRCLE('',#5367,15.);
#1963=CIRCLE('',#5369,15.);
#1964=CIRCLE('',#5371,17.);
#1965=CIRCLE('',#5372,17.);
#1966=CIRCLE('',#5375,15.);
#1967=CIRCLE('',#5378,17.);
#1968=CIRCLE('',#5379,17.);
#1969=CIRCLE('',#5382,15.);
#1970=CIRCLE('',#5385,17.);
#1971=CIRCLE('',#5386,17.);
#1972=CIRCLE('',#5389,15.);
#1973=CIRCLE('',#5392,17.);
#1974=CIRCLE('',#5393,17.);
#1975=CIRCLE('',#5396,15.);
#1976=CIRCLE('',#5399,17.);
#1977=CIRCLE('',#5400,17.);
#1978=CIRCLE('',#5403,15.);
#1979=CIRCLE('',#5406,17.);
#1980=CIRCLE('',#5407,17.);
#1981=CIRCLE('',#5409,15.);
#1982=CIRCLE('',#5411,15.);
#1983=CIRCLE('',#5413,15.);
#1984=CIRCLE('',#5415,17.);
#1985=CIRCLE('',#5416,17.);
#1986=CIRCLE('',#5419,15.);
#1987=CIRCLE('',#5422,17.);
#1988=CIRCLE('',#5423,17.);
#1989=CIRCLE('',#5426,15.);
#1990=CIRCLE('',#5428,15.);
#1991=CIRCLE('',#5432,17.);
#1992=CIRCLE('',#5434,17.);
#1993=CIRCLE('',#5439,17.);
#1994=CIRCLE('',#5441,17.);
#1995=CIRCLE('',#5446,17.);
#1996=CIRCLE('',#5448,17.);
#1997=CIRCLE('',#5451,17.);
#1998=CIRCLE('',#5452,17.);
#1999=CIRCLE('',#5455,15.);
#2000=CIRCLE('',#5460,17.);
#2001=CIRCLE('',#5462,17.);
#2002=CIRCLE('',#5465,15.);
#2003=CIRCLE('',#5467,17.);
#2004=CIRCLE('',#5468,17.);
#2005=CIRCLE('',#5469,17.);
#2006=CIRCLE('',#5470,17.);
#2007=CIRCLE('',#5478,17.);
#2008=CIRCLE('',#5479,17.);
#2009=CIRCLE('',#5480,17.);
#2010=CIRCLE('',#5481,17.);
#2011=CIRCLE('',#5493,17.);
#2012=CIRCLE('',#5494,17.);
#2013=CIRCLE('',#5500,17.);
#2014=CIRCLE('',#5501,17.);
#2015=CIRCLE('',#5502,17.);
#2016=CIRCLE('',#5503,17.);
#2017=CIRCLE('',#5513,13.);
#2018=CIRCLE('',#5514,13.);
#2019=VERTEX_POINT('',#6893);
#2020=VERTEX_POINT('',#6895);
#2021=VERTEX_POINT('',#6899);
#2022=VERTEX_POINT('',#6901);
#2023=VERTEX_POINT('',#6905);
#2024=VERTEX_POINT('',#6908);
#2025=VERTEX_POINT('',#6911);
#2026=VERTEX_POINT('',#6913);
#2027=VERTEX_POINT('',#6915);
#2028=VERTEX_POINT('',#6917);
#2029=VERTEX_POINT('',#6919);
#2030=VERTEX_POINT('',#6921);
#2031=VERTEX_POINT('',#6923);
#2032=VERTEX_POINT('',#6925);
#2033=VERTEX_POINT('',#6927);
#2034=VERTEX_POINT('',#6929);
#2035=VERTEX_POINT('',#6931);
#2036=VERTEX_POINT('',#6933);
#2037=VERTEX_POINT('',#6935);
#2038=VERTEX_POINT('',#6937);
#2039=VERTEX_POINT('',#6939);
#2040=VERTEX_POINT('',#6941);
#2041=VERTEX_POINT('',#6943);
#2042=VERTEX_POINT('',#6945);
#2043=VERTEX_POINT('',#6947);
#2044=VERTEX_POINT('',#6949);
#2045=VERTEX_POINT('',#6951);
#2046=VERTEX_POINT('',#6953);
#2047=VERTEX_POINT('',#6955);
#2048=VERTEX_POINT('',#6957);
#2049=VERTEX_POINT('',#6959);
#2050=VERTEX_POINT('',#6961);
#2051=VERTEX_POINT('',#6963);
#2052=VERTEX_POINT('',#6965);
#2053=VERTEX_POINT('',#6967);
#2054=VERTEX_POINT('',#6969);
#2055=VERTEX_POINT('',#6971);
#2056=VERTEX_POINT('',#6973);
#2057=VERTEX_POINT('',#6975);
#2058=VERTEX_POINT('',#6977);
#2059=VERTEX_POINT('',#6979);
#2060=VERTEX_POINT('',#6981);
#2061=VERTEX_POINT('',#6983);
#2062=VERTEX_POINT('',#6985);
#2063=VERTEX_POINT('',#6987);
#2064=VERTEX_POINT('',#6989);
#2065=VERTEX_POINT('',#6991);
#2066=VERTEX_POINT('',#6993);
#2067=VERTEX_POINT('',#6995);
#2068=VERTEX_POINT('',#6997);
#2069=VERTEX_POINT('',#6999);
#2070=VERTEX_POINT('',#7001);
#2071=VERTEX_POINT('',#7003);
#2072=VERTEX_POINT('',#7005);
#2073=VERTEX_POINT('',#7007);
#2074=VERTEX_POINT('',#7009);
#2075=VERTEX_POINT('',#7011);
#2076=VERTEX_POINT('',#7013);
#2077=VERTEX_POINT('',#7015);
#2078=VERTEX_POINT('',#7017);
#2079=VERTEX_POINT('',#7019);
#2080=VERTEX_POINT('',#7021);
#2081=VERTEX_POINT('',#7023);
#2082=VERTEX_POINT('',#7025);
#2083=VERTEX_POINT('',#7027);
#2084=VERTEX_POINT('',#7029);
#2085=VERTEX_POINT('',#7031);
#2086=VERTEX_POINT('',#7033);
#2087=VERTEX_POINT('',#7035);
#2088=VERTEX_POINT('',#7037);
#2089=VERTEX_POINT('',#7039);
#2090=VERTEX_POINT('',#7041);
#2091=VERTEX_POINT('',#7043);
#2092=VERTEX_POINT('',#7045);
#2093=VERTEX_POINT('',#7047);
#2094=VERTEX_POINT('',#7049);
#2095=VERTEX_POINT('',#7051);
#2096=VERTEX_POINT('',#7053);
#2097=VERTEX_POINT('',#7055);
#2098=VERTEX_POINT('',#7058);
#2099=VERTEX_POINT('',#7060);
#2100=VERTEX_POINT('',#7063);
#2101=VERTEX_POINT('',#7065);
#2102=VERTEX_POINT('',#7068);
#2103=VERTEX_POINT('',#7070);
#2104=VERTEX_POINT('',#7073);
#2105=VERTEX_POINT('',#7075);
#2106=VERTEX_POINT('',#7078);
#2107=VERTEX_POINT('',#7080);
#2108=VERTEX_POINT('',#7083);
#2109=VERTEX_POINT('',#7085);
#2110=VERTEX_POINT('',#7088);
#2111=VERTEX_POINT('',#7090);
#2112=VERTEX_POINT('',#7093);
#2113=VERTEX_POINT('',#7095);
#2114=VERTEX_POINT('',#7098);
#2115=VERTEX_POINT('',#7100);
#2116=VERTEX_POINT('',#7103);
#2117=VERTEX_POINT('',#7105);
#2118=VERTEX_POINT('',#7108);
#2119=VERTEX_POINT('',#7110);
#2120=VERTEX_POINT('',#7113);
#2121=VERTEX_POINT('',#7115);
#2122=VERTEX_POINT('',#7118);
#2123=VERTEX_POINT('',#7120);
#2124=VERTEX_POINT('',#7123);
#2125=VERTEX_POINT('',#7125);
#2126=VERTEX_POINT('',#7128);
#2127=VERTEX_POINT('',#7130);
#2128=VERTEX_POINT('',#7133);
#2129=VERTEX_POINT('',#7135);
#2130=VERTEX_POINT('',#7138);
#2131=VERTEX_POINT('',#7140);
#2132=VERTEX_POINT('',#7143);
#2133=VERTEX_POINT('',#7145);
#2134=VERTEX_POINT('',#7148);
#2135=VERTEX_POINT('',#7149);
#2136=VERTEX_POINT('',#7155);
#2137=VERTEX_POINT('',#7157);
#2138=VERTEX_POINT('',#7159);
#2139=VERTEX_POINT('',#7161);
#2140=VERTEX_POINT('',#7167);
#2141=VERTEX_POINT('',#7173);
#2142=VERTEX_POINT('',#7179);
#2143=VERTEX_POINT('',#7185);
#2144=VERTEX_POINT('',#7191);
#2145=VERTEX_POINT('',#7197);
#2146=VERTEX_POINT('',#7199);
#2147=VERTEX_POINT('',#7201);
#2148=VERTEX_POINT('',#7203);
#2149=VERTEX_POINT('',#7209);
#2150=VERTEX_POINT('',#7215);
#2151=VERTEX_POINT('',#7226);
#2152=VERTEX_POINT('',#7227);
#2153=VERTEX_POINT('',#7229);
#2154=VERTEX_POINT('',#7231);
#2155=VERTEX_POINT('',#7233);
#2156=VERTEX_POINT('',#7235);
#2157=VERTEX_POINT('',#7240);
#2158=VERTEX_POINT('',#7246);
#2159=VERTEX_POINT('',#7252);
#2160=VERTEX_POINT('',#7257);
#2161=VERTEX_POINT('',#7259);
#2162=VERTEX_POINT('',#7261);
#2163=VERTEX_POINT('',#7263);
#2164=VERTEX_POINT('',#7265);
#2165=VERTEX_POINT('',#7270);
#2166=VERTEX_POINT('',#7276);
#2167=VERTEX_POINT('',#7277);
#2168=VERTEX_POINT('',#7283);
#2169=VERTEX_POINT('',#7289);
#2170=VERTEX_POINT('',#7294);
#2171=VERTEX_POINT('',#7300);
#2172=VERTEX_POINT('',#7306);
#2173=VERTEX_POINT('',#7312);
#2174=VERTEX_POINT('',#7318);
#2175=VERTEX_POINT('',#7324);
#2176=VERTEX_POINT('',#7330);
#2177=VERTEX_POINT('',#7336);
#2178=VERTEX_POINT('',#7342);
#2179=VERTEX_POINT('',#7348);
#2180=VERTEX_POINT('',#7354);
#2181=VERTEX_POINT('',#7360);
#2182=VERTEX_POINT('',#7366);
#2183=VERTEX_POINT('',#7372);
#2184=VERTEX_POINT('',#7378);
#2185=VERTEX_POINT('',#7384);
#2186=VERTEX_POINT('',#7390);
#2187=VERTEX_POINT('',#7396);
#2188=VERTEX_POINT('',#7402);
#2189=VERTEX_POINT('',#7407);
#2190=VERTEX_POINT('',#7413);
#2191=VERTEX_POINT('',#7419);
#2192=VERTEX_POINT('',#7425);
#2193=VERTEX_POINT('',#7431);
#2194=VERTEX_POINT('',#7437);
#2195=VERTEX_POINT('',#7443);
#2196=VERTEX_POINT('',#7449);
#2197=VERTEX_POINT('',#7455);
#2198=VERTEX_POINT('',#7461);
#2199=VERTEX_POINT('',#7467);
#2200=VERTEX_POINT('',#7473);
#2201=VERTEX_POINT('',#7484);
#2202=VERTEX_POINT('',#7485);
#2203=VERTEX_POINT('',#7487);
#2204=VERTEX_POINT('',#7489);
#2205=VERTEX_POINT('',#7492);
#2206=VERTEX_POINT('',#7493);
#2207=VERTEX_POINT('',#7495);
#2208=VERTEX_POINT('',#7497);
#2209=VERTEX_POINT('',#7499);
#2210=VERTEX_POINT('',#7501);
#2211=VERTEX_POINT('',#7503);
#2212=VERTEX_POINT('',#7505);
#2213=VERTEX_POINT('',#7509);
#2214=VERTEX_POINT('',#7511);
#2215=VERTEX_POINT('',#7515);
#2216=VERTEX_POINT('',#7517);
#2217=VERTEX_POINT('',#7526);
#2218=VERTEX_POINT('',#7528);
#2219=VERTEX_POINT('',#7532);
#2220=VERTEX_POINT('',#7534);
#2221=VERTEX_POINT('',#7543);
#2222=VERTEX_POINT('',#7545);
#2223=VERTEX_POINT('',#7549);
#2224=VERTEX_POINT('',#7551);
#2225=VERTEX_POINT('',#7560);
#2226=VERTEX_POINT('',#7562);
#2227=VERTEX_POINT('',#7566);
#2228=VERTEX_POINT('',#7569);
#2229=VERTEX_POINT('',#7574);
#2230=VERTEX_POINT('',#7576);
#2231=VERTEX_POINT('',#7580);
#2232=VERTEX_POINT('',#7582);
#2233=VERTEX_POINT('',#7591);
#2234=VERTEX_POINT('',#7593);
#2235=VERTEX_POINT('',#7597);
#2236=VERTEX_POINT('',#7599);
#2237=VERTEX_POINT('',#7608);
#2238=VERTEX_POINT('',#7610);
#2239=VERTEX_POINT('',#7614);
#2240=VERTEX_POINT('',#7616);
#2241=VERTEX_POINT('',#7625);
#2242=VERTEX_POINT('',#7627);
#2243=VERTEX_POINT('',#7631);
#2244=VERTEX_POINT('',#7634);
#2245=VERTEX_POINT('',#7637);
#2246=VERTEX_POINT('',#7641);
#2247=VERTEX_POINT('',#7643);
#2248=VERTEX_POINT('',#7648);
#2249=VERTEX_POINT('',#7651);
#2250=VERTEX_POINT('',#7655);
#2251=VERTEX_POINT('',#7657);
#2252=VERTEX_POINT('',#7661);
#2253=VERTEX_POINT('',#7664);
#2254=VERTEX_POINT('',#7669);
#2255=VERTEX_POINT('',#7671);
#2256=VERTEX_POINT('',#7676);
#2257=VERTEX_POINT('',#7679);
#2258=VERTEX_POINT('',#7683);
#2259=VERTEX_POINT('',#7685);
#2260=VERTEX_POINT('',#7689);
#2261=VERTEX_POINT('',#7692);
#2262=VERTEX_POINT('',#7695);
#2263=VERTEX_POINT('',#7699);
#2264=VERTEX_POINT('',#7701);
#2265=VERTEX_POINT('',#7705);
#2266=VERTEX_POINT('',#7708);
#2267=VERTEX_POINT('',#7713);
#2268=VERTEX_POINT('',#7715);
#2269=VERTEX_POINT('',#7719);
#2270=VERTEX_POINT('',#7722);
#2271=VERTEX_POINT('',#7725);
#2272=VERTEX_POINT('',#7729);
#2273=VERTEX_POINT('',#7731);
#2274=VERTEX_POINT('',#7735);
#2275=VERTEX_POINT('',#7738);
#2276=VERTEX_POINT('',#7743);
#2277=VERTEX_POINT('',#7745);
#2278=VERTEX_POINT('',#7750);
#2279=VERTEX_POINT('',#7755);
#2280=VERTEX_POINT('',#7757);
#2281=VERTEX_POINT('',#7761);
#2282=VERTEX_POINT('',#7764);
#2283=VERTEX_POINT('',#7767);
#2284=VERTEX_POINT('',#7771);
#2285=VERTEX_POINT('',#7773);
#2286=VERTEX_POINT('',#7778);
#2287=VERTEX_POINT('',#7783);
#2288=VERTEX_POINT('',#7785);
#2289=VERTEX_POINT('',#7790);
#2290=VERTEX_POINT('',#7795);
#2291=VERTEX_POINT('',#7797);
#2292=VERTEX_POINT('',#7801);
#2293=VERTEX_POINT('',#7803);
#2294=VERTEX_POINT('',#7812);
#2295=VERTEX_POINT('',#7814);
#2296=VERTEX_POINT('',#7818);
#2297=VERTEX_POINT('',#7820);
#2298=VERTEX_POINT('',#7829);
#2299=VERTEX_POINT('',#7831);
#2300=VERTEX_POINT('',#7835);
#2301=VERTEX_POINT('',#7837);
#2302=VERTEX_POINT('',#7846);
#2303=VERTEX_POINT('',#7848);
#2304=VERTEX_POINT('',#7852);
#2305=VERTEX_POINT('',#7854);
#2306=VERTEX_POINT('',#7863);
#2307=VERTEX_POINT('',#7865);
#2308=VERTEX_POINT('',#7869);
#2309=VERTEX_POINT('',#7871);
#2310=VERTEX_POINT('',#7880);
#2311=VERTEX_POINT('',#7882);
#2312=VERTEX_POINT('',#7886);
#2313=VERTEX_POINT('',#7888);
#2314=VERTEX_POINT('',#7897);
#2315=VERTEX_POINT('',#7899);
#2316=VERTEX_POINT('',#7903);
#2317=VERTEX_POINT('',#7905);
#2318=VERTEX_POINT('',#7914);
#2319=VERTEX_POINT('',#7916);
#2320=VERTEX_POINT('',#7920);
#2321=VERTEX_POINT('',#7922);
#2322=VERTEX_POINT('',#7931);
#2323=VERTEX_POINT('',#7933);
#2324=VERTEX_POINT('',#7937);
#2325=VERTEX_POINT('',#7940);
#2326=VERTEX_POINT('',#7943);
#2327=VERTEX_POINT('',#7947);
#2328=VERTEX_POINT('',#7949);
#2329=VERTEX_POINT('',#7954);
#2330=VERTEX_POINT('',#7957);
#2331=VERTEX_POINT('',#7961);
#2332=VERTEX_POINT('',#7963);
#2333=VERTEX_POINT('',#7967);
#2334=VERTEX_POINT('',#7970);
#2335=VERTEX_POINT('',#7975);
#2336=VERTEX_POINT('',#7977);
#2337=VERTEX_POINT('',#7981);
#2338=VERTEX_POINT('',#7984);
#2339=VERTEX_POINT('',#7989);
#2340=VERTEX_POINT('',#7991);
#2341=VERTEX_POINT('',#7995);
#2342=VERTEX_POINT('',#7998);
#2343=VERTEX_POINT('',#8001);
#2344=VERTEX_POINT('',#8005);
#2345=VERTEX_POINT('',#8007);
#2346=VERTEX_POINT('',#8011);
#2347=VERTEX_POINT('',#8014);
#2348=VERTEX_POINT('',#8017);
#2349=VERTEX_POINT('',#8021);
#2350=VERTEX_POINT('',#8023);
#2351=VERTEX_POINT('',#8027);
#2352=VERTEX_POINT('',#8030);
#2353=VERTEX_POINT('',#8033);
#2354=VERTEX_POINT('',#8037);
#2355=VERTEX_POINT('',#8039);
#2356=VERTEX_POINT('',#8043);
#2357=VERTEX_POINT('',#8046);
#2358=VERTEX_POINT('',#8049);
#2359=VERTEX_POINT('',#8053);
#2360=VERTEX_POINT('',#8055);
#2361=VERTEX_POINT('',#8060);
#2362=VERTEX_POINT('',#8065);
#2363=VERTEX_POINT('',#8067);
#2364=VERTEX_POINT('',#8072);
#2365=VERTEX_POINT('',#8077);
#2366=VERTEX_POINT('',#8079);
#2367=VERTEX_POINT('',#8084);
#2368=VERTEX_POINT('',#8089);
#2369=VERTEX_POINT('',#8091);
#2370=VERTEX_POINT('',#8096);
#2371=VERTEX_POINT('',#8101);
#2372=VERTEX_POINT('',#8103);
#2373=VERTEX_POINT('',#8108);
#2374=VERTEX_POINT('',#8113);
#2375=VERTEX_POINT('',#8115);
#2376=VERTEX_POINT('',#8119);
#2377=VERTEX_POINT('',#8122);
#2378=VERTEX_POINT('',#8125);
#2379=VERTEX_POINT('',#8129);
#2380=VERTEX_POINT('',#8131);
#2381=VERTEX_POINT('',#8136);
#2382=VERTEX_POINT('',#8141);
#2383=VERTEX_POINT('',#8143);
#2384=VERTEX_POINT('',#8148);
#2385=VERTEX_POINT('',#8151);
#2386=VERTEX_POINT('',#8155);
#2387=VERTEX_POINT('',#8157);
#2388=VERTEX_POINT('',#8161);
#2389=VERTEX_POINT('',#8163);
#2390=VERTEX_POINT('',#8172);
#2391=VERTEX_POINT('',#8174);
#2392=VERTEX_POINT('',#8178);
#2393=VERTEX_POINT('',#8180);
#2394=VERTEX_POINT('',#8189);
#2395=VERTEX_POINT('',#8191);
#2396=VERTEX_POINT('',#8195);
#2397=VERTEX_POINT('',#8197);
#2398=VERTEX_POINT('',#8206);
#2399=VERTEX_POINT('',#8208);
#2400=VERTEX_POINT('',#8213);
#2401=VERTEX_POINT('',#8218);
#2402=VERTEX_POINT('',#8220);
#2403=VERTEX_POINT('',#8224);
#2404=VERTEX_POINT('',#8226);
#2405=VERTEX_POINT('',#8235);
#2406=VERTEX_POINT('',#8238);
#2407=VERTEX_POINT('',#8239);
#2408=VERTEX_POINT('',#8245);
#2409=VERTEX_POINT('',#8251);
#2410=VERTEX_POINT('',#8257);
#2411=VERTEX_POINT('',#8263);
#2412=VERTEX_POINT('',#8269);
#2413=VERTEX_POINT('',#8271);
#2414=VERTEX_POINT('',#8273);
#2415=VERTEX_POINT('',#8275);
#2416=VERTEX_POINT('',#8281);
#2417=VERTEX_POINT('',#8287);
#2418=VERTEX_POINT('',#8293);
#2419=VERTEX_POINT('',#8299);
#2420=VERTEX_POINT('',#8305);
#2421=VERTEX_POINT('',#8311);
#2422=VERTEX_POINT('',#8313);
#2423=VERTEX_POINT('',#8560);
#2424=VERTEX_POINT('',#8561);
#2425=VERTEX_POINT('',#8563);
#2426=VERTEX_POINT('',#8568);
#2427=VERTEX_POINT('',#8570);
#2428=VERTEX_POINT('',#8575);
#2429=VERTEX_POINT('',#8577);
#2430=VERTEX_POINT('',#8579);
#2431=VERTEX_POINT('',#8581);
#2432=VERTEX_POINT('',#8583);
#2433=VERTEX_POINT('',#8588);
#2434=VERTEX_POINT('',#8594);
#2435=VERTEX_POINT('',#8600);
#2436=VERTEX_POINT('',#8605);
#2437=VERTEX_POINT('',#8607);
#2438=VERTEX_POINT('',#8739);
#2439=VERTEX_POINT('',#8740);
#2440=VERTEX_POINT('',#8746);
#2441=VERTEX_POINT('',#8752);
#2442=VERTEX_POINT('',#8758);
#2443=VERTEX_POINT('',#8764);
#2444=VERTEX_POINT('',#8770);
#2445=VERTEX_POINT('',#8776);
#2446=VERTEX_POINT('',#8782);
#2447=VERTEX_POINT('',#8788);
#2448=VERTEX_POINT('',#8794);
#2449=VERTEX_POINT('',#8800);
#2450=VERTEX_POINT('',#8806);
#2451=VERTEX_POINT('',#8812);
#2452=VERTEX_POINT('',#8818);
#2453=VERTEX_POINT('',#8824);
#2454=VERTEX_POINT('',#8829);
#2455=VERTEX_POINT('',#8835);
#2456=VERTEX_POINT('',#8841);
#2457=VERTEX_POINT('',#8847);
#2458=VERTEX_POINT('',#8853);
#2459=VERTEX_POINT('',#8859);
#2460=VERTEX_POINT('',#8865);
#2461=VERTEX_POINT('',#8871);
#2462=VERTEX_POINT('',#8877);
#2463=VERTEX_POINT('',#8883);
#2464=VERTEX_POINT('',#8889);
#2465=VERTEX_POINT('',#8895);
#2466=VERTEX_POINT('',#8901);
#2467=VERTEX_POINT('',#8907);
#2468=VERTEX_POINT('',#8913);
#2469=VERTEX_POINT('',#8919);
#2470=VERTEX_POINT('',#8925);
#2471=VERTEX_POINT('',#8931);
#2472=VERTEX_POINT('',#8937);
#2473=VERTEX_POINT('',#9675);
#2474=VERTEX_POINT('',#9676);
#2475=VERTEX_POINT('',#9678);
#2476=VERTEX_POINT('',#9680);
#2477=VERTEX_POINT('',#9692);
#2478=VERTEX_POINT('',#9693);
#2479=VERTEX_POINT('',#9695);
#2480=VERTEX_POINT('',#9697);
#2481=VERTEX_POINT('',#9699);
#2482=VERTEX_POINT('',#9701);
#2483=VERTEX_POINT('',#9703);
#2484=VERTEX_POINT('',#9705);
#2485=VERTEX_POINT('',#9725);
#2486=VERTEX_POINT('',#9727);
#2487=EDGE_CURVE('',#2019,#2019,#1753,.T.);
#2488=EDGE_CURVE('',#2019,#2020,#1089,.T.);
#2489=EDGE_CURVE('',#2020,#2020,#1754,.T.);
#2490=EDGE_CURVE('',#2021,#2021,#1755,.T.);
#2491=EDGE_CURVE('',#2021,#2022,#1090,.T.);
#2492=EDGE_CURVE('',#2022,#2022,#1756,.T.);
#2493=EDGE_CURVE('',#2023,#2023,#1757,.T.);
#2494=EDGE_CURVE('',#2024,#2024,#1758,.T.);
#2495=EDGE_CURVE('',#2025,#2025,#1759,.T.);
#2496=EDGE_CURVE('',#2025,#2026,#1091,.T.);
#2497=EDGE_CURVE('',#2026,#2027,#1760,.T.);
#2498=EDGE_CURVE('',#2027,#2028,#1092,.T.);
#2499=EDGE_CURVE('',#2028,#2029,#1761,.T.);
#2500=EDGE_CURVE('',#2029,#2030,#1093,.T.);
#2501=EDGE_CURVE('',#2030,#2031,#1762,.T.);
#2502=EDGE_CURVE('',#2031,#2032,#1094,.T.);
#2503=EDGE_CURVE('',#2032,#2033,#1763,.T.);
#2504=EDGE_CURVE('',#2033,#2034,#1095,.T.);
#2505=EDGE_CURVE('',#2034,#2035,#1764,.T.);
#2506=EDGE_CURVE('',#2035,#2036,#1096,.T.);
#2507=EDGE_CURVE('',#2036,#2037,#1765,.T.);
#2508=EDGE_CURVE('',#2037,#2038,#1097,.T.);
#2509=EDGE_CURVE('',#2038,#2039,#1766,.T.);
#2510=EDGE_CURVE('',#2039,#2040,#1098,.T.);
#2511=EDGE_CURVE('',#2040,#2041,#1767,.T.);
#2512=EDGE_CURVE('',#2041,#2042,#1099,.T.);
#2513=EDGE_CURVE('',#2042,#2043,#1768,.T.);
#2514=EDGE_CURVE('',#2043,#2044,#1100,.T.);
#2515=EDGE_CURVE('',#2044,#2045,#1769,.T.);
#2516=EDGE_CURVE('',#2045,#2046,#1101,.T.);
#2517=EDGE_CURVE('',#2046,#2047,#1770,.T.);
#2518=EDGE_CURVE('',#2047,#2048,#1102,.T.);
#2519=EDGE_CURVE('',#2048,#2049,#1771,.T.);
#2520=EDGE_CURVE('',#2049,#2050,#1103,.T.);
#2521=EDGE_CURVE('',#2050,#2051,#1772,.T.);
#2522=EDGE_CURVE('',#2051,#2052,#1104,.T.);
#2523=EDGE_CURVE('',#2052,#2053,#1773,.T.);
#2524=EDGE_CURVE('',#2053,#2054,#1105,.T.);
#2525=EDGE_CURVE('',#2054,#2055,#1774,.T.);
#2526=EDGE_CURVE('',#2055,#2056,#1106,.T.);
#2527=EDGE_CURVE('',#2056,#2057,#1775,.T.);
#2528=EDGE_CURVE('',#2057,#2058,#1107,.T.);
#2529=EDGE_CURVE('',#2058,#2059,#1776,.T.);
#2530=EDGE_CURVE('',#2059,#2060,#1108,.T.);
#2531=EDGE_CURVE('',#2060,#2061,#1777,.T.);
#2532=EDGE_CURVE('',#2061,#2062,#1109,.T.);
#2533=EDGE_CURVE('',#2062,#2063,#1778,.T.);
#2534=EDGE_CURVE('',#2063,#2064,#1110,.T.);
#2535=EDGE_CURVE('',#2064,#2065,#1779,.T.);
#2536=EDGE_CURVE('',#2065,#2066,#1111,.T.);
#2537=EDGE_CURVE('',#2066,#2067,#1780,.T.);
#2538=EDGE_CURVE('',#2067,#2068,#1112,.T.);
#2539=EDGE_CURVE('',#2068,#2069,#1781,.T.);
#2540=EDGE_CURVE('',#2069,#2070,#1113,.T.);
#2541=EDGE_CURVE('',#2070,#2071,#1782,.T.);
#2542=EDGE_CURVE('',#2071,#2072,#1114,.T.);
#2543=EDGE_CURVE('',#2072,#2073,#1783,.T.);
#2544=EDGE_CURVE('',#2073,#2074,#1115,.T.);
#2545=EDGE_CURVE('',#2074,#2075,#1784,.T.);
#2546=EDGE_CURVE('',#2075,#2076,#1116,.T.);
#2547=EDGE_CURVE('',#2076,#2077,#1785,.T.);
#2548=EDGE_CURVE('',#2077,#2078,#1117,.T.);
#2549=EDGE_CURVE('',#2078,#2079,#1786,.T.);
#2550=EDGE_CURVE('',#2079,#2080,#1118,.T.);
#2551=EDGE_CURVE('',#2080,#2081,#1787,.T.);
#2552=EDGE_CURVE('',#2081,#2082,#1119,.T.);
#2553=EDGE_CURVE('',#2082,#2083,#1788,.T.);
#2554=EDGE_CURVE('',#2083,#2084,#1120,.T.);
#2555=EDGE_CURVE('',#2084,#2085,#1789,.T.);
#2556=EDGE_CURVE('',#2085,#2086,#1121,.T.);
#2557=EDGE_CURVE('',#2086,#2087,#1790,.T.);
#2558=EDGE_CURVE('',#2087,#2088,#1122,.T.);
#2559=EDGE_CURVE('',#2088,#2089,#1791,.T.);
#2560=EDGE_CURVE('',#2089,#2090,#1123,.T.);
#2561=EDGE_CURVE('',#2090,#2091,#1792,.T.);
#2562=EDGE_CURVE('',#2091,#2092,#1124,.T.);
#2563=EDGE_CURVE('',#2092,#2093,#1793,.T.);
#2564=EDGE_CURVE('',#2093,#2094,#1125,.T.);
#2565=EDGE_CURVE('',#2094,#2095,#1794,.T.);
#2566=EDGE_CURVE('',#2095,#2096,#1126,.T.);
#2567=EDGE_CURVE('',#2096,#2097,#1795,.T.);
#2568=EDGE_CURVE('',#2097,#2024,#1127,.T.);
#2569=EDGE_CURVE('',#2097,#2098,#1796,.T.);
#2570=EDGE_CURVE('',#2098,#2099,#1128,.T.);
#2571=EDGE_CURVE('',#2099,#2094,#1797,.T.);
#2572=EDGE_CURVE('',#2093,#2100,#1798,.T.);
#2573=EDGE_CURVE('',#2100,#2101,#1129,.T.);
#2574=EDGE_CURVE('',#2101,#2090,#1799,.T.);
#2575=EDGE_CURVE('',#2089,#2102,#1800,.T.);
#2576=EDGE_CURVE('',#2102,#2103,#1130,.T.);
#2577=EDGE_CURVE('',#2103,#2086,#1801,.T.);
#2578=EDGE_CURVE('',#2085,#2104,#1802,.T.);
#2579=EDGE_CURVE('',#2104,#2105,#1131,.T.);
#2580=EDGE_CURVE('',#2105,#2082,#1803,.T.);
#2581=EDGE_CURVE('',#2081,#2106,#1804,.T.);
#2582=EDGE_CURVE('',#2106,#2107,#1132,.T.);
#2583=EDGE_CURVE('',#2107,#2078,#1805,.T.);
#2584=EDGE_CURVE('',#2077,#2108,#1806,.T.);
#2585=EDGE_CURVE('',#2108,#2109,#1133,.T.);
#2586=EDGE_CURVE('',#2109,#2074,#1807,.T.);
#2587=EDGE_CURVE('',#2073,#2110,#1808,.T.);
#2588=EDGE_CURVE('',#2110,#2111,#1134,.T.);
#2589=EDGE_CURVE('',#2111,#2070,#1809,.T.);
#2590=EDGE_CURVE('',#2069,#2112,#1810,.T.);
#2591=EDGE_CURVE('',#2112,#2113,#1135,.T.);
#2592=EDGE_CURVE('',#2113,#2066,#1811,.T.);
#2593=EDGE_CURVE('',#2065,#2114,#1812,.T.);
#2594=EDGE_CURVE('',#2114,#2115,#1136,.T.);
#2595=EDGE_CURVE('',#2115,#2062,#1813,.T.);
#2596=EDGE_CURVE('',#2061,#2116,#1814,.T.);
#2597=EDGE_CURVE('',#2116,#2117,#1137,.T.);
#2598=EDGE_CURVE('',#2117,#2058,#1815,.T.);
#2599=EDGE_CURVE('',#2057,#2118,#1816,.T.);
#2600=EDGE_CURVE('',#2118,#2119,#1138,.T.);
#2601=EDGE_CURVE('',#2119,#2054,#1817,.T.);
#2602=EDGE_CURVE('',#2053,#2120,#1818,.T.);
#2603=EDGE_CURVE('',#2120,#2121,#1139,.T.);
#2604=EDGE_CURVE('',#2121,#2050,#1819,.T.);
#2605=EDGE_CURVE('',#2049,#2122,#1820,.T.);
#2606=EDGE_CURVE('',#2122,#2123,#1140,.T.);
#2607=EDGE_CURVE('',#2123,#2046,#1821,.T.);
#2608=EDGE_CURVE('',#2045,#2124,#1822,.T.);
#2609=EDGE_CURVE('',#2124,#2125,#1141,.T.);
#2610=EDGE_CURVE('',#2125,#2042,#1823,.T.);
#2611=EDGE_CURVE('',#2041,#2126,#1824,.T.);
#2612=EDGE_CURVE('',#2126,#2127,#1142,.T.);
#2613=EDGE_CURVE('',#2127,#2038,#1825,.T.);
#2614=EDGE_CURVE('',#2037,#2128,#1826,.T.);
#2615=EDGE_CURVE('',#2128,#2129,#1143,.T.);
#2616=EDGE_CURVE('',#2129,#2034,#1827,.T.);
#2617=EDGE_CURVE('',#2033,#2130,#1828,.T.);
#2618=EDGE_CURVE('',#2130,#2131,#1144,.T.);
#2619=EDGE_CURVE('',#2131,#2030,#1829,.T.);
#2620=EDGE_CURVE('',#2029,#2132,#1830,.T.);
#2621=EDGE_CURVE('',#2132,#2133,#1145,.T.);
#2622=EDGE_CURVE('',#2133,#2026,#1831,.T.);
#2623=EDGE_CURVE('',#2134,#2135,#72,.T.);
#2624=EDGE_CURVE('',#2135,#2136,#1832,.T.);
#2625=EDGE_CURVE('',#2136,#2137,#1146,.T.);
#2626=EDGE_CURVE('',#2137,#2138,#1833,.T.);
#2627=EDGE_CURVE('',#2138,#2139,#73,.T.);
#2628=EDGE_CURVE('',#2139,#2140,#74,.T.);
#2629=EDGE_CURVE('',#2140,#2141,#75,.T.);
#2630=EDGE_CURVE('',#2141,#2142,#76,.T.);
#2631=EDGE_CURVE('',#2142,#2143,#77,.T.);
#2632=EDGE_CURVE('',#2143,#2144,#78,.T.);
#2633=EDGE_CURVE('',#2144,#2145,#1834,.T.);
#2634=EDGE_CURVE('',#2145,#2146,#1147,.T.);
#2635=EDGE_CURVE('',#2146,#2147,#1835,.T.);
#2636=EDGE_CURVE('',#2147,#2148,#79,.T.);
#2637=EDGE_CURVE('',#2148,#2149,#80,.T.);
#2638=EDGE_CURVE('',#2149,#2150,#81,.T.);
#2639=EDGE_CURVE('',#2150,#2134,#82,.T.);
#2640=EDGE_CURVE('',#2151,#2152,#1836,.T.);
#2641=EDGE_CURVE('',#2152,#2153,#1148,.T.);
#2642=EDGE_CURVE('',#2153,#2154,#1837,.T.);
#2643=EDGE_CURVE('',#2154,#2155,#1149,.T.);
#2644=EDGE_CURVE('',#2155,#2156,#83,.T.);
#2645=EDGE_CURVE('',#2156,#2157,#84,.T.);
#2646=EDGE_CURVE('',#2157,#2158,#85,.T.);
#2647=EDGE_CURVE('',#2158,#2159,#86,.T.);
#2648=EDGE_CURVE('',#2159,#2160,#1150,.T.);
#2649=EDGE_CURVE('',#2160,#2161,#1838,.T.);
#2650=EDGE_CURVE('',#2161,#2162,#1151,.T.);
#2651=EDGE_CURVE('',#2162,#2163,#1839,.T.);
#2652=EDGE_CURVE('',#2163,#2164,#87,.T.);
#2653=EDGE_CURVE('',#2164,#2165,#1152,.T.);
#2654=EDGE_CURVE('',#2165,#2151,#88,.T.);
#2655=EDGE_CURVE('',#2166,#2167,#89,.T.);
#2656=EDGE_CURVE('',#2167,#2168,#90,.T.);
#2657=EDGE_CURVE('',#2168,#2169,#91,.T.);
#2658=EDGE_CURVE('',#2169,#2170,#92,.T.);
#2659=EDGE_CURVE('',#2170,#2171,#93,.T.);
#2660=EDGE_CURVE('',#2171,#2172,#94,.T.);
#2661=EDGE_CURVE('',#2172,#2173,#95,.T.);
#2662=EDGE_CURVE('',#2173,#2174,#96,.T.);
#2663=EDGE_CURVE('',#2174,#2175,#97,.T.);
#2664=EDGE_CURVE('',#2175,#2176,#98,.T.);
#2665=EDGE_CURVE('',#2176,#2177,#99,.T.);
#2666=EDGE_CURVE('',#2177,#2178,#100,.T.);
#2667=EDGE_CURVE('',#2178,#2179,#101,.T.);
#2668=EDGE_CURVE('',#2179,#2180,#102,.T.);
#2669=EDGE_CURVE('',#2180,#2181,#103,.T.);
#2670=EDGE_CURVE('',#2181,#2182,#104,.T.);
#2671=EDGE_CURVE('',#2182,#2183,#105,.T.);
#2672=EDGE_CURVE('',#2183,#2184,#106,.T.);
#2673=EDGE_CURVE('',#2184,#2185,#107,.T.);
#2674=EDGE_CURVE('',#2185,#2186,#108,.T.);
#2675=EDGE_CURVE('',#2186,#2187,#109,.T.);
#2676=EDGE_CURVE('',#2187,#2188,#110,.T.);
#2677=EDGE_CURVE('',#2188,#2189,#111,.T.);
#2678=EDGE_CURVE('',#2189,#2190,#112,.T.);
#2679=EDGE_CURVE('',#2190,#2191,#113,.T.);
#2680=EDGE_CURVE('',#2191,#2192,#114,.T.);
#2681=EDGE_CURVE('',#2192,#2193,#115,.T.);
#2682=EDGE_CURVE('',#2193,#2194,#116,.T.);
#2683=EDGE_CURVE('',#2194,#2195,#117,.T.);
#2684=EDGE_CURVE('',#2195,#2196,#118,.T.);
#2685=EDGE_CURVE('',#2196,#2197,#119,.T.);
#2686=EDGE_CURVE('',#2197,#2198,#120,.T.);
#2687=EDGE_CURVE('',#2198,#2199,#121,.T.);
#2688=EDGE_CURVE('',#2199,#2200,#122,.T.);
#2689=EDGE_CURVE('',#2200,#2166,#123,.T.);
#2690=EDGE_CURVE('',#2201,#2202,#1840,.T.);
#2691=EDGE_CURVE('',#2202,#2203,#1153,.T.);
#2692=EDGE_CURVE('',#2203,#2204,#1841,.T.);
#2693=EDGE_CURVE('',#2204,#2201,#1154,.T.);
#2694=EDGE_CURVE('',#2205,#2206,#1842,.T.);
#2695=EDGE_CURVE('',#2206,#2207,#1155,.T.);
#2696=EDGE_CURVE('',#2207,#2208,#1843,.T.);
#2697=EDGE_CURVE('',#2208,#2209,#1156,.T.);
#2698=EDGE_CURVE('',#2209,#2210,#1844,.T.);
#2699=EDGE_CURVE('',#2210,#2211,#1157,.T.);
#2700=EDGE_CURVE('',#2211,#2212,#1845,.T.);
#2701=EDGE_CURVE('',#2212,#2205,#1158,.T.);
#2702=EDGE_CURVE('',#2088,#2213,#1159,.T.);
#2703=EDGE_CURVE('',#2214,#2087,#1160,.T.);
#2704=EDGE_CURVE('',#2213,#2214,#1161,.T.);
#2705=EDGE_CURVE('',#2215,#2102,#1162,.T.);
#2706=EDGE_CURVE('',#2216,#2215,#1163,.T.);
#2707=EDGE_CURVE('',#2103,#2216,#1164,.T.);
#2708=EDGE_CURVE('',#2213,#2215,#1846,.T.);
#2709=EDGE_CURVE('',#2216,#2214,#1847,.T.);
#2710=EDGE_CURVE('',#2076,#2217,#1165,.T.);
#2711=EDGE_CURVE('',#2218,#2075,#1166,.T.);
#2712=EDGE_CURVE('',#2217,#2218,#1167,.T.);
#2713=EDGE_CURVE('',#2219,#2108,#1168,.T.);
#2714=EDGE_CURVE('',#2220,#2219,#1169,.T.);
#2715=EDGE_CURVE('',#2109,#2220,#1170,.T.);
#2716=EDGE_CURVE('',#2217,#2219,#1848,.T.);
#2717=EDGE_CURVE('',#2220,#2218,#1849,.T.);
#2718=EDGE_CURVE('',#2080,#2221,#1171,.T.);
#2719=EDGE_CURVE('',#2222,#2079,#1172,.T.);
#2720=EDGE_CURVE('',#2221,#2222,#1173,.T.);
#2721=EDGE_CURVE('',#2223,#2106,#1174,.T.);
#2722=EDGE_CURVE('',#2224,#2223,#1175,.T.);
#2723=EDGE_CURVE('',#2107,#2224,#1176,.T.);
#2724=EDGE_CURVE('',#2221,#2223,#1850,.T.);
#2725=EDGE_CURVE('',#2224,#2222,#1851,.T.);
#2726=EDGE_CURVE('',#2225,#2225,#1852,.T.);
#2727=EDGE_CURVE('',#2225,#2226,#1177,.T.);
#2728=EDGE_CURVE('',#2226,#2226,#1853,.T.);
#2729=EDGE_CURVE('',#2227,#2227,#1854,.T.);
#2730=EDGE_CURVE('',#2228,#2228,#1855,.T.);
#2731=EDGE_CURVE('',#2023,#2228,#1178,.T.);
#2732=EDGE_CURVE('',#2092,#2229,#1179,.T.);
#2733=EDGE_CURVE('',#2230,#2091,#1180,.T.);
#2734=EDGE_CURVE('',#2229,#2230,#1181,.T.);
#2735=EDGE_CURVE('',#2231,#2100,#1182,.T.);
#2736=EDGE_CURVE('',#2232,#2231,#1183,.T.);
#2737=EDGE_CURVE('',#2101,#2232,#1184,.T.);
#2738=EDGE_CURVE('',#2229,#2231,#1856,.T.);
#2739=EDGE_CURVE('',#2232,#2230,#1857,.T.);
#2740=EDGE_CURVE('',#2096,#2233,#1185,.T.);
#2741=EDGE_CURVE('',#2234,#2095,#1186,.T.);
#2742=EDGE_CURVE('',#2233,#2234,#1187,.T.);
#2743=EDGE_CURVE('',#2235,#2098,#1188,.T.);
#2744=EDGE_CURVE('',#2236,#2235,#1189,.T.);
#2745=EDGE_CURVE('',#2099,#2236,#1190,.T.);
#2746=EDGE_CURVE('',#2233,#2235,#1858,.T.);
#2747=EDGE_CURVE('',#2236,#2234,#1859,.T.);
#2748=EDGE_CURVE('',#2084,#2237,#1191,.T.);
#2749=EDGE_CURVE('',#2238,#2083,#1192,.T.);
#2750=EDGE_CURVE('',#2237,#2238,#1193,.T.);
#2751=EDGE_CURVE('',#2239,#2104,#1194,.T.);
#2752=EDGE_CURVE('',#2240,#2239,#1195,.T.);
#2753=EDGE_CURVE('',#2105,#2240,#1196,.T.);
#2754=EDGE_CURVE('',#2237,#2239,#1860,.T.);
#2755=EDGE_CURVE('',#2240,#2238,#1861,.T.);
#2756=EDGE_CURVE('',#2241,#2241,#1862,.T.);
#2757=EDGE_CURVE('',#2241,#2242,#1197,.T.);
#2758=EDGE_CURVE('',#2242,#2242,#1863,.T.);
#2759=EDGE_CURVE('',#2243,#2243,#1864,.T.);
#2760=EDGE_CURVE('',#2244,#2244,#1865,.T.);
#2761=EDGE_CURVE('',#2245,#2245,#1866,.T.);
#2762=EDGE_CURVE('',#2245,#2244,#1198,.T.);
#2763=EDGE_CURVE('',#2246,#2246,#1867,.T.);
#2764=EDGE_CURVE('',#2246,#2247,#1199,.T.);
#2765=EDGE_CURVE('',#2247,#2247,#1868,.T.);
#2766=EDGE_CURVE('',#2248,#2248,#1869,.T.);
#2767=EDGE_CURVE('',#2249,#2249,#1870,.T.);
#2768=EDGE_CURVE('',#2249,#2248,#1200,.T.);
#2769=EDGE_CURVE('',#2250,#2250,#1871,.T.);
#2770=EDGE_CURVE('',#2250,#2251,#1201,.T.);
#2771=EDGE_CURVE('',#2251,#2251,#1872,.T.);
#2772=EDGE_CURVE('',#2252,#2252,#1873,.T.);
#2773=EDGE_CURVE('',#2253,#2253,#1874,.T.);
#2774=EDGE_CURVE('',#2243,#2253,#1202,.T.);
#2775=EDGE_CURVE('',#2254,#2254,#1875,.T.);
#2776=EDGE_CURVE('',#2254,#2255,#1203,.T.);
#2777=EDGE_CURVE('',#2255,#2255,#1876,.T.);
#2778=EDGE_CURVE('',#2256,#2256,#1877,.T.);
#2779=EDGE_CURVE('',#2257,#2257,#1878,.T.);
#2780=EDGE_CURVE('',#2257,#2256,#1204,.T.);
#2781=EDGE_CURVE('',#2258,#2258,#1879,.T.);
#2782=EDGE_CURVE('',#2258,#2259,#1205,.T.);
#2783=EDGE_CURVE('',#2259,#2259,#1880,.T.);
#2784=EDGE_CURVE('',#2260,#2260,#1881,.T.);
#2785=EDGE_CURVE('',#2261,#2261,#1882,.T.);
#2786=EDGE_CURVE('',#2262,#2262,#1883,.T.);
#2787=EDGE_CURVE('',#2262,#2261,#1206,.T.);
#2788=EDGE_CURVE('',#2263,#2263,#1884,.T.);
#2789=EDGE_CURVE('',#2263,#2264,#1207,.T.);
#2790=EDGE_CURVE('',#2264,#2264,#1885,.T.);
#2791=EDGE_CURVE('',#2265,#2265,#1886,.T.);
#2792=EDGE_CURVE('',#2266,#2266,#1887,.T.);
#2793=EDGE_CURVE('',#2260,#2266,#1208,.T.);
#2794=EDGE_CURVE('',#2267,#2267,#1888,.T.);
#2795=EDGE_CURVE('',#2267,#2268,#1209,.T.);
#2796=EDGE_CURVE('',#2268,#2268,#1889,.T.);
#2797=EDGE_CURVE('',#2269,#2269,#1890,.T.);
#2798=EDGE_CURVE('',#2270,#2270,#1891,.T.);
#2799=EDGE_CURVE('',#2271,#2271,#1892,.T.);
#2800=EDGE_CURVE('',#2271,#2270,#1210,.T.);
#2801=EDGE_CURVE('',#2272,#2272,#1893,.T.);
#2802=EDGE_CURVE('',#2272,#2273,#1211,.T.);
#2803=EDGE_CURVE('',#2273,#2273,#1894,.T.);
#2804=EDGE_CURVE('',#2274,#2274,#1895,.T.);
#2805=EDGE_CURVE('',#2275,#2275,#1896,.T.);
#2806=EDGE_CURVE('',#2269,#2275,#1212,.T.);
#2807=EDGE_CURVE('',#2276,#2276,#1897,.T.);
#2808=EDGE_CURVE('',#2276,#2277,#1213,.T.);
#2809=EDGE_CURVE('',#2277,#2277,#1898,.T.);
#2810=EDGE_CURVE('',#2278,#2278,#1899,.T.);
#2811=EDGE_CURVE('',#2265,#2278,#1214,.T.);
#2812=EDGE_CURVE('',#2279,#2279,#1900,.T.);
#2813=EDGE_CURVE('',#2279,#2280,#1215,.T.);
#2814=EDGE_CURVE('',#2280,#2280,#1901,.T.);
#2815=EDGE_CURVE('',#2281,#2281,#1902,.T.);
#2816=EDGE_CURVE('',#2282,#2282,#1903,.T.);
#2817=EDGE_CURVE('',#2283,#2283,#1904,.T.);
#2818=EDGE_CURVE('',#2283,#2282,#1216,.T.);
#2819=EDGE_CURVE('',#2284,#2284,#1905,.T.);
#2820=EDGE_CURVE('',#2284,#2285,#1217,.T.);
#2821=EDGE_CURVE('',#2285,#2285,#1906,.T.);
#2822=EDGE_CURVE('',#2286,#2286,#1907,.T.);
#2823=EDGE_CURVE('',#2274,#2286,#1218,.T.);
#2824=EDGE_CURVE('',#2287,#2287,#1908,.T.);
#2825=EDGE_CURVE('',#2287,#2288,#1219,.T.);
#2826=EDGE_CURVE('',#2288,#2288,#1909,.T.);
#2827=EDGE_CURVE('',#2289,#2289,#1910,.T.);
#2828=EDGE_CURVE('',#2227,#2289,#1220,.T.);
#2829=EDGE_CURVE('',#2068,#2290,#1221,.T.);
#2830=EDGE_CURVE('',#2291,#2067,#1222,.T.);
#2831=EDGE_CURVE('',#2290,#2291,#1223,.T.);
#2832=EDGE_CURVE('',#2292,#2112,#1224,.T.);
#2833=EDGE_CURVE('',#2293,#2292,#1225,.T.);
#2834=EDGE_CURVE('',#2113,#2293,#1226,.T.);
#2835=EDGE_CURVE('',#2290,#2292,#1911,.T.);
#2836=EDGE_CURVE('',#2293,#2291,#1912,.T.);
#2837=EDGE_CURVE('',#2052,#2294,#1227,.T.);
#2838=EDGE_CURVE('',#2295,#2051,#1228,.T.);
#2839=EDGE_CURVE('',#2294,#2295,#1229,.T.);
#2840=EDGE_CURVE('',#2296,#2120,#1230,.T.);
#2841=EDGE_CURVE('',#2297,#2296,#1231,.T.);
#2842=EDGE_CURVE('',#2121,#2297,#1232,.T.);
#2843=EDGE_CURVE('',#2294,#2296,#1913,.T.);
#2844=EDGE_CURVE('',#2297,#2295,#1914,.T.);
#2845=EDGE_CURVE('',#2056,#2298,#1233,.T.);
#2846=EDGE_CURVE('',#2299,#2055,#1234,.T.);
#2847=EDGE_CURVE('',#2298,#2299,#1235,.T.);
#2848=EDGE_CURVE('',#2300,#2118,#1236,.T.);
#2849=EDGE_CURVE('',#2301,#2300,#1237,.T.);
#2850=EDGE_CURVE('',#2119,#2301,#1238,.T.);
#2851=EDGE_CURVE('',#2298,#2300,#1915,.T.);
#2852=EDGE_CURVE('',#2301,#2299,#1916,.T.);
#2853=EDGE_CURVE('',#2060,#2302,#1239,.T.);
#2854=EDGE_CURVE('',#2303,#2059,#1240,.T.);
#2855=EDGE_CURVE('',#2302,#2303,#1241,.T.);
#2856=EDGE_CURVE('',#2304,#2116,#1242,.T.);
#2857=EDGE_CURVE('',#2305,#2304,#1243,.T.);
#2858=EDGE_CURVE('',#2117,#2305,#1244,.T.);
#2859=EDGE_CURVE('',#2302,#2304,#1917,.T.);
#2860=EDGE_CURVE('',#2305,#2303,#1918,.T.);
#2861=EDGE_CURVE('',#2044,#2306,#1245,.T.);
#2862=EDGE_CURVE('',#2307,#2043,#1246,.T.);
#2863=EDGE_CURVE('',#2306,#2307,#1247,.T.);
#2864=EDGE_CURVE('',#2308,#2124,#1248,.T.);
#2865=EDGE_CURVE('',#2309,#2308,#1249,.T.);
#2866=EDGE_CURVE('',#2125,#2309,#1250,.T.);
#2867=EDGE_CURVE('',#2306,#2308,#1919,.T.);
#2868=EDGE_CURVE('',#2309,#2307,#1920,.T.);
#2869=EDGE_CURVE('',#2072,#2310,#1251,.T.);
#2870=EDGE_CURVE('',#2311,#2071,#1252,.T.);
#2871=EDGE_CURVE('',#2310,#2311,#1253,.T.);
#2872=EDGE_CURVE('',#2312,#2110,#1254,.T.);
#2873=EDGE_CURVE('',#2313,#2312,#1255,.T.);
#2874=EDGE_CURVE('',#2111,#2313,#1256,.T.);
#2875=EDGE_CURVE('',#2310,#2312,#1921,.T.);
#2876=EDGE_CURVE('',#2313,#2311,#1922,.T.);
#2877=EDGE_CURVE('',#2048,#2314,#1257,.T.);
#2878=EDGE_CURVE('',#2315,#2047,#1258,.T.);
#2879=EDGE_CURVE('',#2314,#2315,#1259,.T.);
#2880=EDGE_CURVE('',#2316,#2122,#1260,.T.);
#2881=EDGE_CURVE('',#2317,#2316,#1261,.T.);
#2882=EDGE_CURVE('',#2123,#2317,#1262,.T.);
#2883=EDGE_CURVE('',#2314,#2316,#1923,.T.);
#2884=EDGE_CURVE('',#2317,#2315,#1924,.T.);
#2885=EDGE_CURVE('',#2064,#2318,#1263,.T.);
#2886=EDGE_CURVE('',#2319,#2063,#1264,.T.);
#2887=EDGE_CURVE('',#2318,#2319,#1265,.T.);
#2888=EDGE_CURVE('',#2320,#2114,#1266,.T.);
#2889=EDGE_CURVE('',#2321,#2320,#1267,.T.);
#2890=EDGE_CURVE('',#2115,#2321,#1268,.T.);
#2891=EDGE_CURVE('',#2318,#2320,#1925,.T.);
#2892=EDGE_CURVE('',#2321,#2319,#1926,.T.);
#2893=EDGE_CURVE('',#2322,#2322,#1927,.T.);
#2894=EDGE_CURVE('',#2322,#2323,#1269,.T.);
#2895=EDGE_CURVE('',#2323,#2323,#1928,.T.);
#2896=EDGE_CURVE('',#2324,#2324,#1929,.T.);
#2897=EDGE_CURVE('',#2325,#2325,#1930,.T.);
#2898=EDGE_CURVE('',#2326,#2326,#1931,.T.);
#2899=EDGE_CURVE('',#2326,#2325,#1270,.T.);
#2900=EDGE_CURVE('',#2327,#2327,#1932,.T.);
#2901=EDGE_CURVE('',#2327,#2328,#1271,.T.);
#2902=EDGE_CURVE('',#2328,#2328,#1933,.T.);
#2903=EDGE_CURVE('',#2329,#2329,#1934,.T.);
#2904=EDGE_CURVE('',#2330,#2330,#1935,.T.);
#2905=EDGE_CURVE('',#2330,#2329,#1272,.T.);
#2906=EDGE_CURVE('',#2331,#2331,#1936,.T.);
#2907=EDGE_CURVE('',#2331,#2332,#1273,.T.);
#2908=EDGE_CURVE('',#2332,#2332,#1937,.T.);
#2909=EDGE_CURVE('',#2333,#2333,#1938,.T.);
#2910=EDGE_CURVE('',#2334,#2334,#1939,.T.);
#2911=EDGE_CURVE('',#2324,#2334,#1274,.T.);
#2912=EDGE_CURVE('',#2335,#2335,#1940,.T.);
#2913=EDGE_CURVE('',#2335,#2336,#1275,.T.);
#2914=EDGE_CURVE('',#2336,#2336,#1941,.T.);
#2915=EDGE_CURVE('',#2337,#2337,#1942,.T.);
#2916=EDGE_CURVE('',#2338,#2338,#1943,.T.);
#2917=EDGE_CURVE('',#2333,#2338,#1276,.T.);
#2918=EDGE_CURVE('',#2339,#2339,#1944,.T.);
#2919=EDGE_CURVE('',#2339,#2340,#1277,.T.);
#2920=EDGE_CURVE('',#2340,#2340,#1945,.T.);
#2921=EDGE_CURVE('',#2341,#2341,#1946,.T.);
#2922=EDGE_CURVE('',#2342,#2342,#1947,.T.);
#2923=EDGE_CURVE('',#2343,#2343,#1948,.T.);
#2924=EDGE_CURVE('',#2343,#2342,#1278,.T.);
#2925=EDGE_CURVE('',#2344,#2344,#1949,.T.);
#2926=EDGE_CURVE('',#2344,#2345,#1279,.T.);
#2927=EDGE_CURVE('',#2345,#2345,#1950,.T.);
#2928=EDGE_CURVE('',#2346,#2346,#1951,.T.);
#2929=EDGE_CURVE('',#2347,#2347,#1952,.T.);
#2930=EDGE_CURVE('',#2348,#2348,#1953,.T.);
#2931=EDGE_CURVE('',#2348,#2347,#1280,.T.);
#2932=EDGE_CURVE('',#2349,#2349,#1954,.T.);
#2933=EDGE_CURVE('',#2349,#2350,#1281,.T.);
#2934=EDGE_CURVE('',#2350,#2350,#1955,.T.);
#2935=EDGE_CURVE('',#2351,#2351,#1956,.T.);
#2936=EDGE_CURVE('',#2352,#2352,#1957,.T.);
#2937=EDGE_CURVE('',#2353,#2353,#1958,.T.);
#2938=EDGE_CURVE('',#2353,#2352,#1282,.T.);
#2939=EDGE_CURVE('',#2354,#2354,#1959,.T.);
#2940=EDGE_CURVE('',#2354,#2355,#1283,.T.);
#2941=EDGE_CURVE('',#2355,#2355,#1960,.T.);
#2942=EDGE_CURVE('',#2356,#2356,#1961,.T.);
#2943=EDGE_CURVE('',#2357,#2357,#1962,.T.);
#2944=EDGE_CURVE('',#2358,#2358,#1963,.T.);
#2945=EDGE_CURVE('',#2358,#2357,#1284,.T.);
#2946=EDGE_CURVE('',#2359,#2359,#1964,.T.);
#2947=EDGE_CURVE('',#2359,#2360,#1285,.T.);
#2948=EDGE_CURVE('',#2360,#2360,#1965,.T.);
#2949=EDGE_CURVE('',#2361,#2361,#1966,.T.);
#2950=EDGE_CURVE('',#2346,#2361,#1286,.T.);
#2951=EDGE_CURVE('',#2362,#2362,#1967,.T.);
#2952=EDGE_CURVE('',#2362,#2363,#1287,.T.);
#2953=EDGE_CURVE('',#2363,#2363,#1968,.T.);
#2954=EDGE_CURVE('',#2364,#2364,#1969,.T.);
#2955=EDGE_CURVE('',#2356,#2364,#1288,.T.);
#2956=EDGE_CURVE('',#2365,#2365,#1970,.T.);
#2957=EDGE_CURVE('',#2365,#2366,#1289,.T.);
#2958=EDGE_CURVE('',#2366,#2366,#1971,.T.);
#2959=EDGE_CURVE('',#2367,#2367,#1972,.T.);
#2960=EDGE_CURVE('',#2341,#2367,#1290,.T.);
#2961=EDGE_CURVE('',#2368,#2368,#1973,.T.);
#2962=EDGE_CURVE('',#2368,#2369,#1291,.T.);
#2963=EDGE_CURVE('',#2369,#2369,#1974,.T.);
#2964=EDGE_CURVE('',#2370,#2370,#1975,.T.);
#2965=EDGE_CURVE('',#2337,#2370,#1292,.T.);
#2966=EDGE_CURVE('',#2371,#2371,#1976,.T.);
#2967=EDGE_CURVE('',#2371,#2372,#1293,.T.);
#2968=EDGE_CURVE('',#2372,#2372,#1977,.T.);
#2969=EDGE_CURVE('',#2373,#2373,#1978,.T.);
#2970=EDGE_CURVE('',#2281,#2373,#1294,.T.);
#2971=EDGE_CURVE('',#2374,#2374,#1979,.T.);
#2972=EDGE_CURVE('',#2374,#2375,#1295,.T.);
#2973=EDGE_CURVE('',#2375,#2375,#1980,.T.);
#2974=EDGE_CURVE('',#2376,#2376,#1981,.T.);
#2975=EDGE_CURVE('',#2377,#2377,#1982,.T.);
#2976=EDGE_CURVE('',#2378,#2378,#1983,.T.);
#2977=EDGE_CURVE('',#2378,#2377,#1296,.T.);
#2978=EDGE_CURVE('',#2379,#2379,#1984,.T.);
#2979=EDGE_CURVE('',#2379,#2380,#1297,.T.);
#2980=EDGE_CURVE('',#2380,#2380,#1985,.T.);
#2981=EDGE_CURVE('',#2381,#2381,#1986,.T.);
#2982=EDGE_CURVE('',#2351,#2381,#1298,.T.);
#2983=EDGE_CURVE('',#2382,#2382,#1987,.T.);
#2984=EDGE_CURVE('',#2382,#2383,#1299,.T.);
#2985=EDGE_CURVE('',#2383,#2383,#1988,.T.);
#2986=EDGE_CURVE('',#2384,#2384,#1989,.T.);
#2987=EDGE_CURVE('',#2385,#2385,#1990,.T.);
#2988=EDGE_CURVE('',#2385,#2384,#1300,.T.);
#2989=EDGE_CURVE('',#2036,#2386,#1301,.T.);
#2990=EDGE_CURVE('',#2387,#2035,#1302,.T.);
#2991=EDGE_CURVE('',#2386,#2387,#1303,.T.);
#2992=EDGE_CURVE('',#2388,#2128,#1304,.T.);
#2993=EDGE_CURVE('',#2389,#2388,#1305,.T.);
#2994=EDGE_CURVE('',#2129,#2389,#1306,.T.);
#2995=EDGE_CURVE('',#2386,#2388,#1991,.T.);
#2996=EDGE_CURVE('',#2389,#2387,#1992,.T.);
#2997=EDGE_CURVE('',#2028,#2390,#1307,.T.);
#2998=EDGE_CURVE('',#2391,#2027,#1308,.T.);
#2999=EDGE_CURVE('',#2390,#2391,#1309,.T.);
#3000=EDGE_CURVE('',#2392,#2132,#1310,.T.);
#3001=EDGE_CURVE('',#2393,#2392,#1311,.T.);
#3002=EDGE_CURVE('',#2133,#2393,#1312,.T.);
#3003=EDGE_CURVE('',#2390,#2392,#1993,.T.);
#3004=EDGE_CURVE('',#2393,#2391,#1994,.T.);
#3005=EDGE_CURVE('',#2032,#2394,#1313,.T.);
#3006=EDGE_CURVE('',#2395,#2031,#1314,.T.);
#3007=EDGE_CURVE('',#2394,#2395,#1315,.T.);
#3008=EDGE_CURVE('',#2396,#2130,#1316,.T.);
#3009=EDGE_CURVE('',#2397,#2396,#1317,.T.);
#3010=EDGE_CURVE('',#2131,#2397,#1318,.T.);
#3011=EDGE_CURVE('',#2394,#2396,#1995,.T.);
#3012=EDGE_CURVE('',#2397,#2395,#1996,.T.);
#3013=EDGE_CURVE('',#2398,#2398,#1997,.T.);
#3014=EDGE_CURVE('',#2398,#2399,#1319,.T.);
#3015=EDGE_CURVE('',#2399,#2399,#1998,.T.);
#3016=EDGE_CURVE('',#2400,#2400,#1999,.T.);
#3017=EDGE_CURVE('',#2376,#2400,#1320,.T.);
#3018=EDGE_CURVE('',#2040,#2401,#1321,.T.);
#3019=EDGE_CURVE('',#2402,#2039,#1322,.T.);
#3020=EDGE_CURVE('',#2401,#2402,#1323,.T.);
#3021=EDGE_CURVE('',#2403,#2126,#1324,.T.);
#3022=EDGE_CURVE('',#2404,#2403,#1325,.T.);
#3023=EDGE_CURVE('',#2127,#2404,#1326,.T.);
#3024=EDGE_CURVE('',#2401,#2403,#2000,.T.);
#3025=EDGE_CURVE('',#2404,#2402,#2001,.T.);
#3026=EDGE_CURVE('',#2405,#2405,#2002,.T.);
#3027=EDGE_CURVE('',#2406,#2407,#124,.T.);
#3028=EDGE_CURVE('',#2408,#2406,#125,.T.);
#3029=EDGE_CURVE('',#2409,#2408,#126,.T.);
#3030=EDGE_CURVE('',#2410,#2409,#127,.T.);
#3031=EDGE_CURVE('',#2411,#2410,#128,.T.);
#3032=EDGE_CURVE('',#2412,#2411,#2003,.T.);
#3033=EDGE_CURVE('',#2413,#2412,#1327,.T.);
#3034=EDGE_CURVE('',#2414,#2413,#2004,.T.);
#3035=EDGE_CURVE('',#2415,#2414,#129,.T.);
#3036=EDGE_CURVE('',#2416,#2415,#130,.T.);
#3037=EDGE_CURVE('',#2417,#2416,#131,.T.);
#3038=EDGE_CURVE('',#2418,#2417,#132,.T.);
#3039=EDGE_CURVE('',#2419,#2418,#133,.T.);
#3040=EDGE_CURVE('',#2420,#2419,#134,.T.);
#3041=EDGE_CURVE('',#2421,#2420,#2005,.T.);
#3042=EDGE_CURVE('',#2422,#2421,#1328,.T.);
#3043=EDGE_CURVE('',#2407,#2422,#2006,.T.);
#3044=EDGE_CURVE('',#2134,#2406,#1329,.T.);
#3045=EDGE_CURVE('',#2135,#2407,#1330,.T.);
#3046=EDGE_CURVE('',#2150,#2408,#1331,.T.);
#3047=EDGE_CURVE('',#2149,#2409,#1332,.T.);
#3048=EDGE_CURVE('',#2148,#2410,#1333,.T.);
#3049=EDGE_CURVE('',#2147,#2411,#1334,.T.);
#3050=EDGE_CURVE('',#2146,#2412,#1335,.T.);
#3051=EDGE_CURVE('',#2145,#2413,#1336,.T.);
#3052=EDGE_CURVE('',#2144,#2414,#1337,.T.);
#3053=EDGE_CURVE('',#2143,#2415,#1338,.T.);
#3054=EDGE_CURVE('',#2142,#2416,#1339,.T.);
#3055=EDGE_CURVE('',#2141,#2417,#1340,.T.);
#3056=EDGE_CURVE('',#2140,#2418,#1341,.T.);
#3057=EDGE_CURVE('',#2139,#2419,#1342,.T.);
#3058=EDGE_CURVE('',#2138,#2420,#1343,.T.);
#3059=EDGE_CURVE('',#2137,#2421,#1344,.T.);
#3060=EDGE_CURVE('',#2136,#2422,#1345,.T.);
#3061=EDGE_CURVE('',#2423,#2424,#2007,.T.);
#3062=EDGE_CURVE('',#2425,#2423,#135,.T.);
#3063=EDGE_CURVE('',#2426,#2425,#1346,.T.);
#3064=EDGE_CURVE('',#2427,#2426,#136,.T.);
#3065=EDGE_CURVE('',#2428,#2427,#2008,.T.);
#3066=EDGE_CURVE('',#2429,#2428,#1347,.T.);
#3067=EDGE_CURVE('',#2430,#2429,#2009,.T.);
#3068=EDGE_CURVE('',#2431,#2430,#1348,.T.);
#3069=EDGE_CURVE('',#2432,#2431,#137,.T.);
#3070=EDGE_CURVE('',#2433,#2432,#138,.T.);
#3071=EDGE_CURVE('',#2434,#2433,#139,.T.);
#3072=EDGE_CURVE('',#2435,#2434,#140,.T.);
#3073=EDGE_CURVE('',#2436,#2435,#1349,.T.);
#3074=EDGE_CURVE('',#2437,#2436,#2010,.T.);
#3075=EDGE_CURVE('',#2424,#2437,#1350,.T.);
#3076=EDGE_CURVE('',#2151,#2423,#1351,.T.);
#3077=EDGE_CURVE('',#2152,#2424,#1352,.T.);
#3078=EDGE_CURVE('',#2165,#2425,#1353,.T.);
#3079=EDGE_CURVE('',#2164,#2426,#1354,.T.);
#3080=EDGE_CURVE('',#2163,#2427,#1355,.T.);
#3081=EDGE_CURVE('',#2162,#2428,#1356,.T.);
#3082=EDGE_CURVE('',#2161,#2429,#1357,.T.);
#3083=EDGE_CURVE('',#2160,#2430,#1358,.T.);
#3084=EDGE_CURVE('',#2159,#2431,#1359,.T.);
#3085=EDGE_CURVE('',#2158,#2432,#1360,.T.);
#3086=EDGE_CURVE('',#2157,#2433,#1361,.T.);
#3087=EDGE_CURVE('',#2156,#2434,#1362,.T.);
#3088=EDGE_CURVE('',#2155,#2435,#1363,.T.);
#3089=EDGE_CURVE('',#2154,#2436,#1364,.T.);
#3090=EDGE_CURVE('',#2153,#2437,#1365,.T.);
#3091=EDGE_CURVE('',#2438,#2439,#141,.T.);
#3092=EDGE_CURVE('',#2440,#2438,#142,.T.);
#3093=EDGE_CURVE('',#2441,#2440,#143,.T.);
#3094=EDGE_CURVE('',#2442,#2441,#144,.T.);
#3095=EDGE_CURVE('',#2443,#2442,#145,.T.);
#3096=EDGE_CURVE('',#2444,#2443,#146,.T.);
#3097=EDGE_CURVE('',#2445,#2444,#147,.T.);
#3098=EDGE_CURVE('',#2446,#2445,#148,.T.);
#3099=EDGE_CURVE('',#2447,#2446,#149,.T.);
#3100=EDGE_CURVE('',#2448,#2447,#150,.T.);
#3101=EDGE_CURVE('',#2449,#2448,#151,.T.);
#3102=EDGE_CURVE('',#2450,#2449,#152,.T.);
#3103=EDGE_CURVE('',#2451,#2450,#153,.T.);
#3104=EDGE_CURVE('',#2452,#2451,#154,.T.);
#3105=EDGE_CURVE('',#2453,#2452,#155,.T.);
#3106=EDGE_CURVE('',#2454,#2453,#156,.T.);
#3107=EDGE_CURVE('',#2455,#2454,#157,.T.);
#3108=EDGE_CURVE('',#2456,#2455,#158,.T.);
#3109=EDGE_CURVE('',#2457,#2456,#159,.T.);
#3110=EDGE_CURVE('',#2458,#2457,#160,.T.);
#3111=EDGE_CURVE('',#2459,#2458,#161,.T.);
#3112=EDGE_CURVE('',#2460,#2459,#162,.T.);
#3113=EDGE_CURVE('',#2461,#2460,#163,.T.);
#3114=EDGE_CURVE('',#2462,#2461,#164,.T.);
#3115=EDGE_CURVE('',#2463,#2462,#165,.T.);
#3116=EDGE_CURVE('',#2464,#2463,#166,.T.);
#3117=EDGE_CURVE('',#2465,#2464,#167,.T.);
#3118=EDGE_CURVE('',#2466,#2465,#168,.T.);
#3119=EDGE_CURVE('',#2467,#2466,#169,.T.);
#3120=EDGE_CURVE('',#2468,#2467,#170,.T.);
#3121=EDGE_CURVE('',#2469,#2468,#171,.T.);
#3122=EDGE_CURVE('',#2470,#2469,#172,.T.);
#3123=EDGE_CURVE('',#2471,#2470,#173,.T.);
#3124=EDGE_CURVE('',#2472,#2471,#174,.T.);
#3125=EDGE_CURVE('',#2439,#2472,#175,.T.);
#3126=EDGE_CURVE('',#2166,#2438,#1366,.T.);
#3127=EDGE_CURVE('',#2167,#2439,#1367,.T.);
#3128=EDGE_CURVE('',#2200,#2440,#1368,.T.);
#3129=EDGE_CURVE('',#2199,#2441,#1369,.T.);
#3130=EDGE_CURVE('',#2198,#2442,#1370,.T.);
#3131=EDGE_CURVE('',#2197,#2443,#1371,.T.);
#3132=EDGE_CURVE('',#2196,#2444,#1372,.T.);
#3133=EDGE_CURVE('',#2195,#2445,#1373,.T.);
#3134=EDGE_CURVE('',#2194,#2446,#1374,.T.);
#3135=EDGE_CURVE('',#2193,#2447,#1375,.T.);
#3136=EDGE_CURVE('',#2192,#2448,#1376,.T.);
#3137=EDGE_CURVE('',#2191,#2449,#1377,.T.);
#3138=EDGE_CURVE('',#2190,#2450,#1378,.T.);
#3139=EDGE_CURVE('',#2189,#2451,#1379,.T.);
#3140=EDGE_CURVE('',#2188,#2452,#1380,.T.);
#3141=EDGE_CURVE('',#2187,#2453,#1381,.T.);
#3142=EDGE_CURVE('',#2186,#2454,#1382,.T.);
#3143=EDGE_CURVE('',#2185,#2455,#1383,.T.);
#3144=EDGE_CURVE('',#2184,#2456,#1384,.T.);
#3145=EDGE_CURVE('',#2183,#2457,#1385,.T.);
#3146=EDGE_CURVE('',#2182,#2458,#1386,.T.);
#3147=EDGE_CURVE('',#2181,#2459,#1387,.T.);
#3148=EDGE_CURVE('',#2180,#2460,#1388,.T.);
#3149=EDGE_CURVE('',#2179,#2461,#1389,.T.);
#3150=EDGE_CURVE('',#2178,#2462,#1390,.T.);
#3151=EDGE_CURVE('',#2177,#2463,#1391,.T.);
#3152=EDGE_CURVE('',#2176,#2464,#1392,.T.);
#3153=EDGE_CURVE('',#2175,#2465,#1393,.T.);
#3154=EDGE_CURVE('',#2174,#2466,#1394,.T.);
#3155=EDGE_CURVE('',#2173,#2467,#1395,.T.);
#3156=EDGE_CURVE('',#2172,#2468,#1396,.T.);
#3157=EDGE_CURVE('',#2171,#2469,#1397,.T.);
#3158=EDGE_CURVE('',#2170,#2470,#1398,.T.);
#3159=EDGE_CURVE('',#2169,#2471,#1399,.T.);
#3160=EDGE_CURVE('',#2168,#2472,#1400,.T.);
#3161=EDGE_CURVE('',#2473,#2474,#2011,.T.);
#3162=EDGE_CURVE('',#2475,#2473,#1401,.T.);
#3163=EDGE_CURVE('',#2476,#2475,#2012,.T.);
#3164=EDGE_CURVE('',#2474,#2476,#1402,.T.);
#3165=EDGE_CURVE('',#2201,#2473,#1403,.T.);
#3166=EDGE_CURVE('',#2202,#2474,#1404,.T.);
#3167=EDGE_CURVE('',#2204,#2475,#1405,.T.);
#3168=EDGE_CURVE('',#2203,#2476,#1406,.T.);
#3169=EDGE_CURVE('',#2477,#2478,#2013,.T.);
#3170=EDGE_CURVE('',#2479,#2477,#1407,.T.);
#3171=EDGE_CURVE('',#2480,#2479,#2014,.T.);
#3172=EDGE_CURVE('',#2481,#2480,#1408,.T.);
#3173=EDGE_CURVE('',#2482,#2481,#2015,.T.);
#3174=EDGE_CURVE('',#2483,#2482,#1409,.T.);
#3175=EDGE_CURVE('',#2484,#2483,#2016,.T.);
#3176=EDGE_CURVE('',#2478,#2484,#1410,.T.);
#3177=EDGE_CURVE('',#2205,#2477,#1411,.T.);
#3178=EDGE_CURVE('',#2206,#2478,#1412,.T.);
#3179=EDGE_CURVE('',#2212,#2479,#1413,.T.);
#3180=EDGE_CURVE('',#2211,#2480,#1414,.T.);
#3181=EDGE_CURVE('',#2210,#2481,#1415,.T.);
#3182=EDGE_CURVE('',#2209,#2482,#1416,.T.);
#3183=EDGE_CURVE('',#2208,#2483,#1417,.T.);
#3184=EDGE_CURVE('',#2207,#2484,#1418,.T.);
#3185=EDGE_CURVE('',#2485,#2485,#2017,.T.);
#3186=EDGE_CURVE('',#2485,#2486,#1419,.T.);
#3187=EDGE_CURVE('',#2486,#2486,#2018,.F.);
#3188=EDGE_CURVE('',#2252,#2405,#1420,.T.);
#3189=ORIENTED_EDGE('',*,*,#2487,.F.);
#3190=ORIENTED_EDGE('',*,*,#2488,.T.);
#3191=ORIENTED_EDGE('',*,*,#2489,.T.);
#3192=ORIENTED_EDGE('',*,*,#2488,.F.);
#3193=ORIENTED_EDGE('',*,*,#2490,.F.);
#3194=ORIENTED_EDGE('',*,*,#2491,.T.);
#3195=ORIENTED_EDGE('',*,*,#2492,.F.);
#3196=ORIENTED_EDGE('',*,*,#2491,.F.);
#3197=ORIENTED_EDGE('',*,*,#2492,.T.);
#3198=ORIENTED_EDGE('',*,*,#2493,.F.);
#3199=ORIENTED_EDGE('',*,*,#2490,.T.);
#3200=ORIENTED_EDGE('',*,*,#2494,.F.);
#3201=ORIENTED_EDGE('',*,*,#2495,.T.);
#3202=ORIENTED_EDGE('',*,*,#2496,.T.);
#3203=ORIENTED_EDGE('',*,*,#2497,.T.);
#3204=ORIENTED_EDGE('',*,*,#2498,.T.);
#3205=ORIENTED_EDGE('',*,*,#2499,.T.);
#3206=ORIENTED_EDGE('',*,*,#2500,.T.);
#3207=ORIENTED_EDGE('',*,*,#2501,.T.);
#3208=ORIENTED_EDGE('',*,*,#2502,.T.);
#3209=ORIENTED_EDGE('',*,*,#2503,.T.);
#3210=ORIENTED_EDGE('',*,*,#2504,.T.);
#3211=ORIENTED_EDGE('',*,*,#2505,.T.);
#3212=ORIENTED_EDGE('',*,*,#2506,.T.);
#3213=ORIENTED_EDGE('',*,*,#2507,.T.);
#3214=ORIENTED_EDGE('',*,*,#2508,.T.);
#3215=ORIENTED_EDGE('',*,*,#2509,.T.);
#3216=ORIENTED_EDGE('',*,*,#2510,.T.);
#3217=ORIENTED_EDGE('',*,*,#2511,.T.);
#3218=ORIENTED_EDGE('',*,*,#2512,.T.);
#3219=ORIENTED_EDGE('',*,*,#2513,.T.);
#3220=ORIENTED_EDGE('',*,*,#2514,.T.);
#3221=ORIENTED_EDGE('',*,*,#2515,.T.);
#3222=ORIENTED_EDGE('',*,*,#2516,.T.);
#3223=ORIENTED_EDGE('',*,*,#2517,.T.);
#3224=ORIENTED_EDGE('',*,*,#2518,.T.);
#3225=ORIENTED_EDGE('',*,*,#2519,.T.);
#3226=ORIENTED_EDGE('',*,*,#2520,.T.);
#3227=ORIENTED_EDGE('',*,*,#2521,.T.);
#3228=ORIENTED_EDGE('',*,*,#2522,.T.);
#3229=ORIENTED_EDGE('',*,*,#2523,.T.);
#3230=ORIENTED_EDGE('',*,*,#2524,.T.);
#3231=ORIENTED_EDGE('',*,*,#2525,.T.);
#3232=ORIENTED_EDGE('',*,*,#2526,.T.);
#3233=ORIENTED_EDGE('',*,*,#2527,.T.);
#3234=ORIENTED_EDGE('',*,*,#2528,.T.);
#3235=ORIENTED_EDGE('',*,*,#2529,.T.);
#3236=ORIENTED_EDGE('',*,*,#2530,.T.);
#3237=ORIENTED_EDGE('',*,*,#2531,.T.);
#3238=ORIENTED_EDGE('',*,*,#2532,.T.);
#3239=ORIENTED_EDGE('',*,*,#2533,.T.);
#3240=ORIENTED_EDGE('',*,*,#2534,.T.);
#3241=ORIENTED_EDGE('',*,*,#2535,.T.);
#3242=ORIENTED_EDGE('',*,*,#2536,.T.);
#3243=ORIENTED_EDGE('',*,*,#2537,.T.);
#3244=ORIENTED_EDGE('',*,*,#2538,.T.);
#3245=ORIENTED_EDGE('',*,*,#2539,.T.);
#3246=ORIENTED_EDGE('',*,*,#2540,.T.);
#3247=ORIENTED_EDGE('',*,*,#2541,.T.);
#3248=ORIENTED_EDGE('',*,*,#2542,.T.);
#3249=ORIENTED_EDGE('',*,*,#2543,.T.);
#3250=ORIENTED_EDGE('',*,*,#2544,.T.);
#3251=ORIENTED_EDGE('',*,*,#2545,.T.);
#3252=ORIENTED_EDGE('',*,*,#2546,.T.);
#3253=ORIENTED_EDGE('',*,*,#2547,.T.);
#3254=ORIENTED_EDGE('',*,*,#2548,.T.);
#3255=ORIENTED_EDGE('',*,*,#2549,.T.);
#3256=ORIENTED_EDGE('',*,*,#2550,.T.);
#3257=ORIENTED_EDGE('',*,*,#2551,.T.);
#3258=ORIENTED_EDGE('',*,*,#2552,.T.);
#3259=ORIENTED_EDGE('',*,*,#2553,.T.);
#3260=ORIENTED_EDGE('',*,*,#2554,.T.);
#3261=ORIENTED_EDGE('',*,*,#2555,.T.);
#3262=ORIENTED_EDGE('',*,*,#2556,.T.);
#3263=ORIENTED_EDGE('',*,*,#2557,.T.);
#3264=ORIENTED_EDGE('',*,*,#2558,.T.);
#3265=ORIENTED_EDGE('',*,*,#2559,.T.);
#3266=ORIENTED_EDGE('',*,*,#2560,.T.);
#3267=ORIENTED_EDGE('',*,*,#2561,.T.);
#3268=ORIENTED_EDGE('',*,*,#2562,.T.);
#3269=ORIENTED_EDGE('',*,*,#2563,.T.);
#3270=ORIENTED_EDGE('',*,*,#2564,.T.);
#3271=ORIENTED_EDGE('',*,*,#2565,.T.);
#3272=ORIENTED_EDGE('',*,*,#2566,.T.);
#3273=ORIENTED_EDGE('',*,*,#2567,.T.);
#3274=ORIENTED_EDGE('',*,*,#2568,.T.);
#3275=ORIENTED_EDGE('',*,*,#2494,.T.);
#3276=ORIENTED_EDGE('',*,*,#2568,.F.);
#3277=ORIENTED_EDGE('',*,*,#2569,.T.);
#3278=ORIENTED_EDGE('',*,*,#2570,.T.);
#3279=ORIENTED_EDGE('',*,*,#2571,.T.);
#3280=ORIENTED_EDGE('',*,*,#2564,.F.);
#3281=ORIENTED_EDGE('',*,*,#2572,.T.);
#3282=ORIENTED_EDGE('',*,*,#2573,.T.);
#3283=ORIENTED_EDGE('',*,*,#2574,.T.);
#3284=ORIENTED_EDGE('',*,*,#2560,.F.);
#3285=ORIENTED_EDGE('',*,*,#2575,.T.);
#3286=ORIENTED_EDGE('',*,*,#2576,.T.);
#3287=ORIENTED_EDGE('',*,*,#2577,.T.);
#3288=ORIENTED_EDGE('',*,*,#2556,.F.);
#3289=ORIENTED_EDGE('',*,*,#2578,.T.);
#3290=ORIENTED_EDGE('',*,*,#2579,.T.);
#3291=ORIENTED_EDGE('',*,*,#2580,.T.);
#3292=ORIENTED_EDGE('',*,*,#2552,.F.);
#3293=ORIENTED_EDGE('',*,*,#2581,.T.);
#3294=ORIENTED_EDGE('',*,*,#2582,.T.);
#3295=ORIENTED_EDGE('',*,*,#2583,.T.);
#3296=ORIENTED_EDGE('',*,*,#2548,.F.);
#3297=ORIENTED_EDGE('',*,*,#2584,.T.);
#3298=ORIENTED_EDGE('',*,*,#2585,.T.);
#3299=ORIENTED_EDGE('',*,*,#2586,.T.);
#3300=ORIENTED_EDGE('',*,*,#2544,.F.);
#3301=ORIENTED_EDGE('',*,*,#2587,.T.);
#3302=ORIENTED_EDGE('',*,*,#2588,.T.);
#3303=ORIENTED_EDGE('',*,*,#2589,.T.);
#3304=ORIENTED_EDGE('',*,*,#2540,.F.);
#3305=ORIENTED_EDGE('',*,*,#2590,.T.);
#3306=ORIENTED_EDGE('',*,*,#2591,.T.);
#3307=ORIENTED_EDGE('',*,*,#2592,.T.);
#3308=ORIENTED_EDGE('',*,*,#2536,.F.);
#3309=ORIENTED_EDGE('',*,*,#2593,.T.);
#3310=ORIENTED_EDGE('',*,*,#2594,.T.);
#3311=ORIENTED_EDGE('',*,*,#2595,.T.);
#3312=ORIENTED_EDGE('',*,*,#2532,.F.);
#3313=ORIENTED_EDGE('',*,*,#2596,.T.);
#3314=ORIENTED_EDGE('',*,*,#2597,.T.);
#3315=ORIENTED_EDGE('',*,*,#2598,.T.);
#3316=ORIENTED_EDGE('',*,*,#2528,.F.);
#3317=ORIENTED_EDGE('',*,*,#2599,.T.);
#3318=ORIENTED_EDGE('',*,*,#2600,.T.);
#3319=ORIENTED_EDGE('',*,*,#2601,.T.);
#3320=ORIENTED_EDGE('',*,*,#2524,.F.);
#3321=ORIENTED_EDGE('',*,*,#2602,.T.);
#3322=ORIENTED_EDGE('',*,*,#2603,.T.);
#3323=ORIENTED_EDGE('',*,*,#2604,.T.);
#3324=ORIENTED_EDGE('',*,*,#2520,.F.);
#3325=ORIENTED_EDGE('',*,*,#2605,.T.);
#3326=ORIENTED_EDGE('',*,*,#2606,.T.);
#3327=ORIENTED_EDGE('',*,*,#2607,.T.);
#3328=ORIENTED_EDGE('',*,*,#2516,.F.);
#3329=ORIENTED_EDGE('',*,*,#2608,.T.);
#3330=ORIENTED_EDGE('',*,*,#2609,.T.);
#3331=ORIENTED_EDGE('',*,*,#2610,.T.);
#3332=ORIENTED_EDGE('',*,*,#2512,.F.);
#3333=ORIENTED_EDGE('',*,*,#2611,.T.);
#3334=ORIENTED_EDGE('',*,*,#2612,.T.);
#3335=ORIENTED_EDGE('',*,*,#2613,.T.);
#3336=ORIENTED_EDGE('',*,*,#2508,.F.);
#3337=ORIENTED_EDGE('',*,*,#2614,.T.);
#3338=ORIENTED_EDGE('',*,*,#2615,.T.);
#3339=ORIENTED_EDGE('',*,*,#2616,.T.);
#3340=ORIENTED_EDGE('',*,*,#2504,.F.);
#3341=ORIENTED_EDGE('',*,*,#2617,.T.);
#3342=ORIENTED_EDGE('',*,*,#2618,.T.);
#3343=ORIENTED_EDGE('',*,*,#2619,.T.);
#3344=ORIENTED_EDGE('',*,*,#2500,.F.);
#3345=ORIENTED_EDGE('',*,*,#2620,.T.);
#3346=ORIENTED_EDGE('',*,*,#2621,.T.);
#3347=ORIENTED_EDGE('',*,*,#2622,.T.);
#3348=ORIENTED_EDGE('',*,*,#2496,.F.);
#3349=ORIENTED_EDGE('',*,*,#2623,.T.);
#3350=ORIENTED_EDGE('',*,*,#2624,.T.);
#3351=ORIENTED_EDGE('',*,*,#2625,.T.);
#3352=ORIENTED_EDGE('',*,*,#2626,.T.);
#3353=ORIENTED_EDGE('',*,*,#2627,.T.);
#3354=ORIENTED_EDGE('',*,*,#2628,.T.);
#3355=ORIENTED_EDGE('',*,*,#2629,.T.);
#3356=ORIENTED_EDGE('',*,*,#2630,.T.);
#3357=ORIENTED_EDGE('',*,*,#2631,.T.);
#3358=ORIENTED_EDGE('',*,*,#2632,.T.);
#3359=ORIENTED_EDGE('',*,*,#2633,.T.);
#3360=ORIENTED_EDGE('',*,*,#2634,.T.);
#3361=ORIENTED_EDGE('',*,*,#2635,.T.);
#3362=ORIENTED_EDGE('',*,*,#2636,.T.);
#3363=ORIENTED_EDGE('',*,*,#2637,.T.);
#3364=ORIENTED_EDGE('',*,*,#2638,.T.);
#3365=ORIENTED_EDGE('',*,*,#2639,.T.);
#3366=ORIENTED_EDGE('',*,*,#2640,.T.);
#3367=ORIENTED_EDGE('',*,*,#2641,.T.);
#3368=ORIENTED_EDGE('',*,*,#2642,.T.);
#3369=ORIENTED_EDGE('',*,*,#2643,.T.);
#3370=ORIENTED_EDGE('',*,*,#2644,.T.);
#3371=ORIENTED_EDGE('',*,*,#2645,.T.);
#3372=ORIENTED_EDGE('',*,*,#2646,.T.);
#3373=ORIENTED_EDGE('',*,*,#2647,.T.);
#3374=ORIENTED_EDGE('',*,*,#2648,.T.);
#3375=ORIENTED_EDGE('',*,*,#2649,.T.);
#3376=ORIENTED_EDGE('',*,*,#2650,.T.);
#3377=ORIENTED_EDGE('',*,*,#2651,.T.);
#3378=ORIENTED_EDGE('',*,*,#2652,.T.);
#3379=ORIENTED_EDGE('',*,*,#2653,.T.);
#3380=ORIENTED_EDGE('',*,*,#2654,.T.);
#3381=ORIENTED_EDGE('',*,*,#2655,.T.);
#3382=ORIENTED_EDGE('',*,*,#2656,.T.);
#3383=ORIENTED_EDGE('',*,*,#2657,.T.);
#3384=ORIENTED_EDGE('',*,*,#2658,.T.);
#3385=ORIENTED_EDGE('',*,*,#2659,.T.);
#3386=ORIENTED_EDGE('',*,*,#2660,.T.);
#3387=ORIENTED_EDGE('',*,*,#2661,.T.);
#3388=ORIENTED_EDGE('',*,*,#2662,.T.);
#3389=ORIENTED_EDGE('',*,*,#2663,.T.);
#3390=ORIENTED_EDGE('',*,*,#2664,.T.);
#3391=ORIENTED_EDGE('',*,*,#2665,.T.);
#3392=ORIENTED_EDGE('',*,*,#2666,.T.);
#3393=ORIENTED_EDGE('',*,*,#2667,.T.);
#3394=ORIENTED_EDGE('',*,*,#2668,.T.);
#3395=ORIENTED_EDGE('',*,*,#2669,.T.);
#3396=ORIENTED_EDGE('',*,*,#2670,.T.);
#3397=ORIENTED_EDGE('',*,*,#2671,.T.);
#3398=ORIENTED_EDGE('',*,*,#2672,.T.);
#3399=ORIENTED_EDGE('',*,*,#2673,.T.);
#3400=ORIENTED_EDGE('',*,*,#2674,.T.);
#3401=ORIENTED_EDGE('',*,*,#2675,.T.);
#3402=ORIENTED_EDGE('',*,*,#2676,.T.);
#3403=ORIENTED_EDGE('',*,*,#2677,.T.);
#3404=ORIENTED_EDGE('',*,*,#2678,.T.);
#3405=ORIENTED_EDGE('',*,*,#2679,.T.);
#3406=ORIENTED_EDGE('',*,*,#2680,.T.);
#3407=ORIENTED_EDGE('',*,*,#2681,.T.);
#3408=ORIENTED_EDGE('',*,*,#2682,.T.);
#3409=ORIENTED_EDGE('',*,*,#2683,.T.);
#3410=ORIENTED_EDGE('',*,*,#2684,.T.);
#3411=ORIENTED_EDGE('',*,*,#2685,.T.);
#3412=ORIENTED_EDGE('',*,*,#2686,.T.);
#3413=ORIENTED_EDGE('',*,*,#2687,.T.);
#3414=ORIENTED_EDGE('',*,*,#2688,.T.);
#3415=ORIENTED_EDGE('',*,*,#2689,.T.);
#3416=ORIENTED_EDGE('',*,*,#2690,.T.);
#3417=ORIENTED_EDGE('',*,*,#2691,.T.);
#3418=ORIENTED_EDGE('',*,*,#2692,.T.);
#3419=ORIENTED_EDGE('',*,*,#2693,.T.);
#3420=ORIENTED_EDGE('',*,*,#2694,.T.);
#3421=ORIENTED_EDGE('',*,*,#2695,.T.);
#3422=ORIENTED_EDGE('',*,*,#2696,.T.);
#3423=ORIENTED_EDGE('',*,*,#2697,.T.);
#3424=ORIENTED_EDGE('',*,*,#2698,.T.);
#3425=ORIENTED_EDGE('',*,*,#2699,.T.);
#3426=ORIENTED_EDGE('',*,*,#2700,.T.);
#3427=ORIENTED_EDGE('',*,*,#2701,.T.);
#3428=ORIENTED_EDGE('',*,*,#2702,.F.);
#3429=ORIENTED_EDGE('',*,*,#2558,.F.);
#3430=ORIENTED_EDGE('',*,*,#2703,.F.);
#3431=ORIENTED_EDGE('',*,*,#2704,.F.);
#3432=ORIENTED_EDGE('',*,*,#2705,.F.);
#3433=ORIENTED_EDGE('',*,*,#2706,.F.);
#3434=ORIENTED_EDGE('',*,*,#2707,.F.);
#3435=ORIENTED_EDGE('',*,*,#2576,.F.);
#3436=ORIENTED_EDGE('',*,*,#2702,.T.);
#3437=ORIENTED_EDGE('',*,*,#2708,.T.);
#3438=ORIENTED_EDGE('',*,*,#2705,.T.);
#3439=ORIENTED_EDGE('',*,*,#2575,.F.);
#3440=ORIENTED_EDGE('',*,*,#2559,.F.);
#3441=ORIENTED_EDGE('',*,*,#2704,.T.);
#3442=ORIENTED_EDGE('',*,*,#2709,.F.);
#3443=ORIENTED_EDGE('',*,*,#2706,.T.);
#3444=ORIENTED_EDGE('',*,*,#2708,.F.);
#3445=ORIENTED_EDGE('',*,*,#2703,.T.);
#3446=ORIENTED_EDGE('',*,*,#2557,.F.);
#3447=ORIENTED_EDGE('',*,*,#2577,.F.);
#3448=ORIENTED_EDGE('',*,*,#2707,.T.);
#3449=ORIENTED_EDGE('',*,*,#2709,.T.);
#3450=ORIENTED_EDGE('',*,*,#2710,.F.);
#3451=ORIENTED_EDGE('',*,*,#2546,.F.);
#3452=ORIENTED_EDGE('',*,*,#2711,.F.);
#3453=ORIENTED_EDGE('',*,*,#2712,.F.);
#3454=ORIENTED_EDGE('',*,*,#2713,.F.);
#3455=ORIENTED_EDGE('',*,*,#2714,.F.);
#3456=ORIENTED_EDGE('',*,*,#2715,.F.);
#3457=ORIENTED_EDGE('',*,*,#2585,.F.);
#3458=ORIENTED_EDGE('',*,*,#2710,.T.);
#3459=ORIENTED_EDGE('',*,*,#2716,.T.);
#3460=ORIENTED_EDGE('',*,*,#2713,.T.);
#3461=ORIENTED_EDGE('',*,*,#2584,.F.);
#3462=ORIENTED_EDGE('',*,*,#2547,.F.);
#3463=ORIENTED_EDGE('',*,*,#2712,.T.);
#3464=ORIENTED_EDGE('',*,*,#2717,.F.);
#3465=ORIENTED_EDGE('',*,*,#2714,.T.);
#3466=ORIENTED_EDGE('',*,*,#2716,.F.);
#3467=ORIENTED_EDGE('',*,*,#2711,.T.);
#3468=ORIENTED_EDGE('',*,*,#2545,.F.);
#3469=ORIENTED_EDGE('',*,*,#2586,.F.);
#3470=ORIENTED_EDGE('',*,*,#2715,.T.);
#3471=ORIENTED_EDGE('',*,*,#2717,.T.);
#3472=ORIENTED_EDGE('',*,*,#2718,.F.);
#3473=ORIENTED_EDGE('',*,*,#2550,.F.);
#3474=ORIENTED_EDGE('',*,*,#2719,.F.);
#3475=ORIENTED_EDGE('',*,*,#2720,.F.);
#3476=ORIENTED_EDGE('',*,*,#2721,.F.);
#3477=ORIENTED_EDGE('',*,*,#2722,.F.);
#3478=ORIENTED_EDGE('',*,*,#2723,.F.);
#3479=ORIENTED_EDGE('',*,*,#2582,.F.);
#3480=ORIENTED_EDGE('',*,*,#2718,.T.);
#3481=ORIENTED_EDGE('',*,*,#2724,.T.);
#3482=ORIENTED_EDGE('',*,*,#2721,.T.);
#3483=ORIENTED_EDGE('',*,*,#2581,.F.);
#3484=ORIENTED_EDGE('',*,*,#2551,.F.);
#3485=ORIENTED_EDGE('',*,*,#2720,.T.);
#3486=ORIENTED_EDGE('',*,*,#2725,.F.);
#3487=ORIENTED_EDGE('',*,*,#2722,.T.);
#3488=ORIENTED_EDGE('',*,*,#2724,.F.);
#3489=ORIENTED_EDGE('',*,*,#2719,.T.);
#3490=ORIENTED_EDGE('',*,*,#2549,.F.);
#3491=ORIENTED_EDGE('',*,*,#2583,.F.);
#3492=ORIENTED_EDGE('',*,*,#2723,.T.);
#3493=ORIENTED_EDGE('',*,*,#2725,.T.);
#3494=ORIENTED_EDGE('',*,*,#2726,.F.);
#3495=ORIENTED_EDGE('',*,*,#2727,.T.);
#3496=ORIENTED_EDGE('',*,*,#2728,.F.);
#3497=ORIENTED_EDGE('',*,*,#2727,.F.);
#3498=ORIENTED_EDGE('',*,*,#2728,.T.);
#3499=ORIENTED_EDGE('',*,*,#2729,.F.);
#3500=ORIENTED_EDGE('',*,*,#2726,.T.);
#3501=ORIENTED_EDGE('',*,*,#2730,.F.);
#3502=ORIENTED_EDGE('',*,*,#2493,.T.);
#3503=ORIENTED_EDGE('',*,*,#2731,.T.);
#3504=ORIENTED_EDGE('',*,*,#2730,.T.);
#3505=ORIENTED_EDGE('',*,*,#2731,.F.);
#3506=ORIENTED_EDGE('',*,*,#2732,.F.);
#3507=ORIENTED_EDGE('',*,*,#2562,.F.);
#3508=ORIENTED_EDGE('',*,*,#2733,.F.);
#3509=ORIENTED_EDGE('',*,*,#2734,.F.);
#3510=ORIENTED_EDGE('',*,*,#2735,.F.);
#3511=ORIENTED_EDGE('',*,*,#2736,.F.);
#3512=ORIENTED_EDGE('',*,*,#2737,.F.);
#3513=ORIENTED_EDGE('',*,*,#2573,.F.);
#3514=ORIENTED_EDGE('',*,*,#2732,.T.);
#3515=ORIENTED_EDGE('',*,*,#2738,.T.);
#3516=ORIENTED_EDGE('',*,*,#2735,.T.);
#3517=ORIENTED_EDGE('',*,*,#2572,.F.);
#3518=ORIENTED_EDGE('',*,*,#2563,.F.);
#3519=ORIENTED_EDGE('',*,*,#2734,.T.);
#3520=ORIENTED_EDGE('',*,*,#2739,.F.);
#3521=ORIENTED_EDGE('',*,*,#2736,.T.);
#3522=ORIENTED_EDGE('',*,*,#2738,.F.);
#3523=ORIENTED_EDGE('',*,*,#2733,.T.);
#3524=ORIENTED_EDGE('',*,*,#2561,.F.);
#3525=ORIENTED_EDGE('',*,*,#2574,.F.);
#3526=ORIENTED_EDGE('',*,*,#2737,.T.);
#3527=ORIENTED_EDGE('',*,*,#2739,.T.);
#3528=ORIENTED_EDGE('',*,*,#2740,.F.);
#3529=ORIENTED_EDGE('',*,*,#2566,.F.);
#3530=ORIENTED_EDGE('',*,*,#2741,.F.);
#3531=ORIENTED_EDGE('',*,*,#2742,.F.);
#3532=ORIENTED_EDGE('',*,*,#2743,.F.);
#3533=ORIENTED_EDGE('',*,*,#2744,.F.);
#3534=ORIENTED_EDGE('',*,*,#2745,.F.);
#3535=ORIENTED_EDGE('',*,*,#2570,.F.);
#3536=ORIENTED_EDGE('',*,*,#2740,.T.);
#3537=ORIENTED_EDGE('',*,*,#2746,.T.);
#3538=ORIENTED_EDGE('',*,*,#2743,.T.);
#3539=ORIENTED_EDGE('',*,*,#2569,.F.);
#3540=ORIENTED_EDGE('',*,*,#2567,.F.);
#3541=ORIENTED_EDGE('',*,*,#2742,.T.);
#3542=ORIENTED_EDGE('',*,*,#2747,.F.);
#3543=ORIENTED_EDGE('',*,*,#2744,.T.);
#3544=ORIENTED_EDGE('',*,*,#2746,.F.);
#3545=ORIENTED_EDGE('',*,*,#2741,.T.);
#3546=ORIENTED_EDGE('',*,*,#2565,.F.);
#3547=ORIENTED_EDGE('',*,*,#2571,.F.);
#3548=ORIENTED_EDGE('',*,*,#2745,.T.);
#3549=ORIENTED_EDGE('',*,*,#2747,.T.);
#3550=ORIENTED_EDGE('',*,*,#2748,.F.);
#3551=ORIENTED_EDGE('',*,*,#2554,.F.);
#3552=ORIENTED_EDGE('',*,*,#2749,.F.);
#3553=ORIENTED_EDGE('',*,*,#2750,.F.);
#3554=ORIENTED_EDGE('',*,*,#2751,.F.);
#3555=ORIENTED_EDGE('',*,*,#2752,.F.);
#3556=ORIENTED_EDGE('',*,*,#2753,.F.);
#3557=ORIENTED_EDGE('',*,*,#2579,.F.);
#3558=ORIENTED_EDGE('',*,*,#2748,.T.);
#3559=ORIENTED_EDGE('',*,*,#2754,.T.);
#3560=ORIENTED_EDGE('',*,*,#2751,.T.);
#3561=ORIENTED_EDGE('',*,*,#2578,.F.);
#3562=ORIENTED_EDGE('',*,*,#2555,.F.);
#3563=ORIENTED_EDGE('',*,*,#2750,.T.);
#3564=ORIENTED_EDGE('',*,*,#2755,.F.);
#3565=ORIENTED_EDGE('',*,*,#2752,.T.);
#3566=ORIENTED_EDGE('',*,*,#2754,.F.);
#3567=ORIENTED_EDGE('',*,*,#2749,.T.);
#3568=ORIENTED_EDGE('',*,*,#2553,.F.);
#3569=ORIENTED_EDGE('',*,*,#2580,.F.);
#3570=ORIENTED_EDGE('',*,*,#2753,.T.);
#3571=ORIENTED_EDGE('',*,*,#2755,.T.);
#3572=ORIENTED_EDGE('',*,*,#2756,.F.);
#3573=ORIENTED_EDGE('',*,*,#2757,.T.);
#3574=ORIENTED_EDGE('',*,*,#2758,.F.);
#3575=ORIENTED_EDGE('',*,*,#2757,.F.);
#3576=ORIENTED_EDGE('',*,*,#2758,.T.);
#3577=ORIENTED_EDGE('',*,*,#2759,.F.);
#3578=ORIENTED_EDGE('',*,*,#2756,.T.);
#3579=ORIENTED_EDGE('',*,*,#2760,.F.);
#3580=ORIENTED_EDGE('',*,*,#2761,.T.);
#3581=ORIENTED_EDGE('',*,*,#2762,.T.);
#3582=ORIENTED_EDGE('',*,*,#2760,.T.);
#3583=ORIENTED_EDGE('',*,*,#2762,.F.);
#3584=ORIENTED_EDGE('',*,*,#2763,.F.);
#3585=ORIENTED_EDGE('',*,*,#2764,.T.);
#3586=ORIENTED_EDGE('',*,*,#2765,.F.);
#3587=ORIENTED_EDGE('',*,*,#2764,.F.);
#3588=ORIENTED_EDGE('',*,*,#2765,.T.);
#3589=ORIENTED_EDGE('',*,*,#2761,.F.);
#3590=ORIENTED_EDGE('',*,*,#2763,.T.);
#3591=ORIENTED_EDGE('',*,*,#2766,.F.);
#3592=ORIENTED_EDGE('',*,*,#2767,.T.);
#3593=ORIENTED_EDGE('',*,*,#2768,.T.);
#3594=ORIENTED_EDGE('',*,*,#2766,.T.);
#3595=ORIENTED_EDGE('',*,*,#2768,.F.);
#3596=ORIENTED_EDGE('',*,*,#2769,.F.);
#3597=ORIENTED_EDGE('',*,*,#2770,.T.);
#3598=ORIENTED_EDGE('',*,*,#2771,.F.);
#3599=ORIENTED_EDGE('',*,*,#2770,.F.);
#3600=ORIENTED_EDGE('',*,*,#2771,.T.);
#3601=ORIENTED_EDGE('',*,*,#2772,.F.);
#3602=ORIENTED_EDGE('',*,*,#2769,.T.);
#3603=ORIENTED_EDGE('',*,*,#2773,.F.);
#3604=ORIENTED_EDGE('',*,*,#2759,.T.);
#3605=ORIENTED_EDGE('',*,*,#2774,.T.);
#3606=ORIENTED_EDGE('',*,*,#2773,.T.);
#3607=ORIENTED_EDGE('',*,*,#2774,.F.);
#3608=ORIENTED_EDGE('',*,*,#2775,.F.);
#3609=ORIENTED_EDGE('',*,*,#2776,.T.);
#3610=ORIENTED_EDGE('',*,*,#2777,.F.);
#3611=ORIENTED_EDGE('',*,*,#2776,.F.);
#3612=ORIENTED_EDGE('',*,*,#2777,.T.);
#3613=ORIENTED_EDGE('',*,*,#2767,.F.);
#3614=ORIENTED_EDGE('',*,*,#2775,.T.);
#3615=ORIENTED_EDGE('',*,*,#2778,.F.);
#3616=ORIENTED_EDGE('',*,*,#2779,.T.);
#3617=ORIENTED_EDGE('',*,*,#2780,.T.);
#3618=ORIENTED_EDGE('',*,*,#2778,.T.);
#3619=ORIENTED_EDGE('',*,*,#2780,.F.);
#3620=ORIENTED_EDGE('',*,*,#2781,.F.);
#3621=ORIENTED_EDGE('',*,*,#2782,.T.);
#3622=ORIENTED_EDGE('',*,*,#2783,.F.);
#3623=ORIENTED_EDGE('',*,*,#2782,.F.);
#3624=ORIENTED_EDGE('',*,*,#2783,.T.);
#3625=ORIENTED_EDGE('',*,*,#2784,.F.);
#3626=ORIENTED_EDGE('',*,*,#2781,.T.);
#3627=ORIENTED_EDGE('',*,*,#2785,.F.);
#3628=ORIENTED_EDGE('',*,*,#2786,.T.);
#3629=ORIENTED_EDGE('',*,*,#2787,.T.);
#3630=ORIENTED_EDGE('',*,*,#2785,.T.);
#3631=ORIENTED_EDGE('',*,*,#2787,.F.);
#3632=ORIENTED_EDGE('',*,*,#2788,.F.);
#3633=ORIENTED_EDGE('',*,*,#2789,.T.);
#3634=ORIENTED_EDGE('',*,*,#2790,.F.);
#3635=ORIENTED_EDGE('',*,*,#2789,.F.);
#3636=ORIENTED_EDGE('',*,*,#2790,.T.);
#3637=ORIENTED_EDGE('',*,*,#2791,.F.);
#3638=ORIENTED_EDGE('',*,*,#2788,.T.);
#3639=ORIENTED_EDGE('',*,*,#2792,.F.);
#3640=ORIENTED_EDGE('',*,*,#2784,.T.);
#3641=ORIENTED_EDGE('',*,*,#2793,.T.);
#3642=ORIENTED_EDGE('',*,*,#2792,.T.);
#3643=ORIENTED_EDGE('',*,*,#2793,.F.);
#3644=ORIENTED_EDGE('',*,*,#2794,.F.);
#3645=ORIENTED_EDGE('',*,*,#2795,.T.);
#3646=ORIENTED_EDGE('',*,*,#2796,.F.);
#3647=ORIENTED_EDGE('',*,*,#2795,.F.);
#3648=ORIENTED_EDGE('',*,*,#2796,.T.);
#3649=ORIENTED_EDGE('',*,*,#2797,.F.);
#3650=ORIENTED_EDGE('',*,*,#2794,.T.);
#3651=ORIENTED_EDGE('',*,*,#2798,.F.);
#3652=ORIENTED_EDGE('',*,*,#2799,.T.);
#3653=ORIENTED_EDGE('',*,*,#2800,.T.);
#3654=ORIENTED_EDGE('',*,*,#2798,.T.);
#3655=ORIENTED_EDGE('',*,*,#2800,.F.);
#3656=ORIENTED_EDGE('',*,*,#2801,.F.);
#3657=ORIENTED_EDGE('',*,*,#2802,.T.);
#3658=ORIENTED_EDGE('',*,*,#2803,.F.);
#3659=ORIENTED_EDGE('',*,*,#2802,.F.);
#3660=ORIENTED_EDGE('',*,*,#2803,.T.);
#3661=ORIENTED_EDGE('',*,*,#2804,.F.);
#3662=ORIENTED_EDGE('',*,*,#2801,.T.);
#3663=ORIENTED_EDGE('',*,*,#2805,.F.);
#3664=ORIENTED_EDGE('',*,*,#2797,.T.);
#3665=ORIENTED_EDGE('',*,*,#2806,.T.);
#3666=ORIENTED_EDGE('',*,*,#2805,.T.);
#3667=ORIENTED_EDGE('',*,*,#2806,.F.);
#3668=ORIENTED_EDGE('',*,*,#2807,.F.);
#3669=ORIENTED_EDGE('',*,*,#2808,.T.);
#3670=ORIENTED_EDGE('',*,*,#2809,.F.);
#3671=ORIENTED_EDGE('',*,*,#2808,.F.);
#3672=ORIENTED_EDGE('',*,*,#2809,.T.);
#3673=ORIENTED_EDGE('',*,*,#2799,.F.);
#3674=ORIENTED_EDGE('',*,*,#2807,.T.);
#3675=ORIENTED_EDGE('',*,*,#2810,.F.);
#3676=ORIENTED_EDGE('',*,*,#2791,.T.);
#3677=ORIENTED_EDGE('',*,*,#2811,.T.);
#3678=ORIENTED_EDGE('',*,*,#2810,.T.);
#3679=ORIENTED_EDGE('',*,*,#2811,.F.);
#3680=ORIENTED_EDGE('',*,*,#2812,.F.);
#3681=ORIENTED_EDGE('',*,*,#2813,.T.);
#3682=ORIENTED_EDGE('',*,*,#2814,.F.);
#3683=ORIENTED_EDGE('',*,*,#2813,.F.);
#3684=ORIENTED_EDGE('',*,*,#2814,.T.);
#3685=ORIENTED_EDGE('',*,*,#2815,.F.);
#3686=ORIENTED_EDGE('',*,*,#2812,.T.);
#3687=ORIENTED_EDGE('',*,*,#2816,.F.);
#3688=ORIENTED_EDGE('',*,*,#2817,.T.);
#3689=ORIENTED_EDGE('',*,*,#2818,.T.);
#3690=ORIENTED_EDGE('',*,*,#2816,.T.);
#3691=ORIENTED_EDGE('',*,*,#2818,.F.);
#3692=ORIENTED_EDGE('',*,*,#2819,.F.);
#3693=ORIENTED_EDGE('',*,*,#2820,.T.);
#3694=ORIENTED_EDGE('',*,*,#2821,.F.);
#3695=ORIENTED_EDGE('',*,*,#2820,.F.);
#3696=ORIENTED_EDGE('',*,*,#2821,.T.);
#3697=ORIENTED_EDGE('',*,*,#2817,.F.);
#3698=ORIENTED_EDGE('',*,*,#2819,.T.);
#3699=ORIENTED_EDGE('',*,*,#2822,.F.);
#3700=ORIENTED_EDGE('',*,*,#2804,.T.);
#3701=ORIENTED_EDGE('',*,*,#2823,.T.);
#3702=ORIENTED_EDGE('',*,*,#2822,.T.);
#3703=ORIENTED_EDGE('',*,*,#2823,.F.);
#3704=ORIENTED_EDGE('',*,*,#2824,.F.);
#3705=ORIENTED_EDGE('',*,*,#2825,.T.);
#3706=ORIENTED_EDGE('',*,*,#2826,.F.);
#3707=ORIENTED_EDGE('',*,*,#2825,.F.);
#3708=ORIENTED_EDGE('',*,*,#2826,.T.);
#3709=ORIENTED_EDGE('',*,*,#2786,.F.);
#3710=ORIENTED_EDGE('',*,*,#2824,.T.);
#3711=ORIENTED_EDGE('',*,*,#2827,.F.);
#3712=ORIENTED_EDGE('',*,*,#2729,.T.);
#3713=ORIENTED_EDGE('',*,*,#2828,.T.);
#3714=ORIENTED_EDGE('',*,*,#2827,.T.);
#3715=ORIENTED_EDGE('',*,*,#2828,.F.);
#3716=ORIENTED_EDGE('',*,*,#2829,.F.);
#3717=ORIENTED_EDGE('',*,*,#2538,.F.);
#3718=ORIENTED_EDGE('',*,*,#2830,.F.);
#3719=ORIENTED_EDGE('',*,*,#2831,.F.);
#3720=ORIENTED_EDGE('',*,*,#2832,.F.);
#3721=ORIENTED_EDGE('',*,*,#2833,.F.);
#3722=ORIENTED_EDGE('',*,*,#2834,.F.);
#3723=ORIENTED_EDGE('',*,*,#2591,.F.);
#3724=ORIENTED_EDGE('',*,*,#2829,.T.);
#3725=ORIENTED_EDGE('',*,*,#2835,.T.);
#3726=ORIENTED_EDGE('',*,*,#2832,.T.);
#3727=ORIENTED_EDGE('',*,*,#2590,.F.);
#3728=ORIENTED_EDGE('',*,*,#2539,.F.);
#3729=ORIENTED_EDGE('',*,*,#2831,.T.);
#3730=ORIENTED_EDGE('',*,*,#2836,.F.);
#3731=ORIENTED_EDGE('',*,*,#2833,.T.);
#3732=ORIENTED_EDGE('',*,*,#2835,.F.);
#3733=ORIENTED_EDGE('',*,*,#2830,.T.);
#3734=ORIENTED_EDGE('',*,*,#2537,.F.);
#3735=ORIENTED_EDGE('',*,*,#2592,.F.);
#3736=ORIENTED_EDGE('',*,*,#2834,.T.);
#3737=ORIENTED_EDGE('',*,*,#2836,.T.);
#3738=ORIENTED_EDGE('',*,*,#2837,.F.);
#3739=ORIENTED_EDGE('',*,*,#2522,.F.);
#3740=ORIENTED_EDGE('',*,*,#2838,.F.);
#3741=ORIENTED_EDGE('',*,*,#2839,.F.);
#3742=ORIENTED_EDGE('',*,*,#2840,.F.);
#3743=ORIENTED_EDGE('',*,*,#2841,.F.);
#3744=ORIENTED_EDGE('',*,*,#2842,.F.);
#3745=ORIENTED_EDGE('',*,*,#2603,.F.);
#3746=ORIENTED_EDGE('',*,*,#2837,.T.);
#3747=ORIENTED_EDGE('',*,*,#2843,.T.);
#3748=ORIENTED_EDGE('',*,*,#2840,.T.);
#3749=ORIENTED_EDGE('',*,*,#2602,.F.);
#3750=ORIENTED_EDGE('',*,*,#2523,.F.);
#3751=ORIENTED_EDGE('',*,*,#2839,.T.);
#3752=ORIENTED_EDGE('',*,*,#2844,.F.);
#3753=ORIENTED_EDGE('',*,*,#2841,.T.);
#3754=ORIENTED_EDGE('',*,*,#2843,.F.);
#3755=ORIENTED_EDGE('',*,*,#2838,.T.);
#3756=ORIENTED_EDGE('',*,*,#2521,.F.);
#3757=ORIENTED_EDGE('',*,*,#2604,.F.);
#3758=ORIENTED_EDGE('',*,*,#2842,.T.);
#3759=ORIENTED_EDGE('',*,*,#2844,.T.);
#3760=ORIENTED_EDGE('',*,*,#2845,.F.);
#3761=ORIENTED_EDGE('',*,*,#2526,.F.);
#3762=ORIENTED_EDGE('',*,*,#2846,.F.);
#3763=ORIENTED_EDGE('',*,*,#2847,.F.);
#3764=ORIENTED_EDGE('',*,*,#2848,.F.);
#3765=ORIENTED_EDGE('',*,*,#2849,.F.);
#3766=ORIENTED_EDGE('',*,*,#2850,.F.);
#3767=ORIENTED_EDGE('',*,*,#2600,.F.);
#3768=ORIENTED_EDGE('',*,*,#2845,.T.);
#3769=ORIENTED_EDGE('',*,*,#2851,.T.);
#3770=ORIENTED_EDGE('',*,*,#2848,.T.);
#3771=ORIENTED_EDGE('',*,*,#2599,.F.);
#3772=ORIENTED_EDGE('',*,*,#2527,.F.);
#3773=ORIENTED_EDGE('',*,*,#2847,.T.);
#3774=ORIENTED_EDGE('',*,*,#2852,.F.);
#3775=ORIENTED_EDGE('',*,*,#2849,.T.);
#3776=ORIENTED_EDGE('',*,*,#2851,.F.);
#3777=ORIENTED_EDGE('',*,*,#2846,.T.);
#3778=ORIENTED_EDGE('',*,*,#2525,.F.);
#3779=ORIENTED_EDGE('',*,*,#2601,.F.);
#3780=ORIENTED_EDGE('',*,*,#2850,.T.);
#3781=ORIENTED_EDGE('',*,*,#2852,.T.);
#3782=ORIENTED_EDGE('',*,*,#2853,.F.);
#3783=ORIENTED_EDGE('',*,*,#2530,.F.);
#3784=ORIENTED_EDGE('',*,*,#2854,.F.);
#3785=ORIENTED_EDGE('',*,*,#2855,.F.);
#3786=ORIENTED_EDGE('',*,*,#2856,.F.);
#3787=ORIENTED_EDGE('',*,*,#2857,.F.);
#3788=ORIENTED_EDGE('',*,*,#2858,.F.);
#3789=ORIENTED_EDGE('',*,*,#2597,.F.);
#3790=ORIENTED_EDGE('',*,*,#2853,.T.);
#3791=ORIENTED_EDGE('',*,*,#2859,.T.);
#3792=ORIENTED_EDGE('',*,*,#2856,.T.);
#3793=ORIENTED_EDGE('',*,*,#2596,.F.);
#3794=ORIENTED_EDGE('',*,*,#2531,.F.);
#3795=ORIENTED_EDGE('',*,*,#2855,.T.);
#3796=ORIENTED_EDGE('',*,*,#2860,.F.);
#3797=ORIENTED_EDGE('',*,*,#2857,.T.);
#3798=ORIENTED_EDGE('',*,*,#2859,.F.);
#3799=ORIENTED_EDGE('',*,*,#2854,.T.);
#3800=ORIENTED_EDGE('',*,*,#2529,.F.);
#3801=ORIENTED_EDGE('',*,*,#2598,.F.);
#3802=ORIENTED_EDGE('',*,*,#2858,.T.);
#3803=ORIENTED_EDGE('',*,*,#2860,.T.);
#3804=ORIENTED_EDGE('',*,*,#2861,.F.);
#3805=ORIENTED_EDGE('',*,*,#2514,.F.);
#3806=ORIENTED_EDGE('',*,*,#2862,.F.);
#3807=ORIENTED_EDGE('',*,*,#2863,.F.);
#3808=ORIENTED_EDGE('',*,*,#2864,.F.);
#3809=ORIENTED_EDGE('',*,*,#2865,.F.);
#3810=ORIENTED_EDGE('',*,*,#2866,.F.);
#3811=ORIENTED_EDGE('',*,*,#2609,.F.);
#3812=ORIENTED_EDGE('',*,*,#2861,.T.);
#3813=ORIENTED_EDGE('',*,*,#2867,.T.);
#3814=ORIENTED_EDGE('',*,*,#2864,.T.);
#3815=ORIENTED_EDGE('',*,*,#2608,.F.);
#3816=ORIENTED_EDGE('',*,*,#2515,.F.);
#3817=ORIENTED_EDGE('',*,*,#2863,.T.);
#3818=ORIENTED_EDGE('',*,*,#2868,.F.);
#3819=ORIENTED_EDGE('',*,*,#2865,.T.);
#3820=ORIENTED_EDGE('',*,*,#2867,.F.);
#3821=ORIENTED_EDGE('',*,*,#2862,.T.);
#3822=ORIENTED_EDGE('',*,*,#2513,.F.);
#3823=ORIENTED_EDGE('',*,*,#2610,.F.);
#3824=ORIENTED_EDGE('',*,*,#2866,.T.);
#3825=ORIENTED_EDGE('',*,*,#2868,.T.);
#3826=ORIENTED_EDGE('',*,*,#2869,.F.);
#3827=ORIENTED_EDGE('',*,*,#2542,.F.);
#3828=ORIENTED_EDGE('',*,*,#2870,.F.);
#3829=ORIENTED_EDGE('',*,*,#2871,.F.);
#3830=ORIENTED_EDGE('',*,*,#2872,.F.);
#3831=ORIENTED_EDGE('',*,*,#2873,.F.);
#3832=ORIENTED_EDGE('',*,*,#2874,.F.);
#3833=ORIENTED_EDGE('',*,*,#2588,.F.);
#3834=ORIENTED_EDGE('',*,*,#2869,.T.);
#3835=ORIENTED_EDGE('',*,*,#2875,.T.);
#3836=ORIENTED_EDGE('',*,*,#2872,.T.);
#3837=ORIENTED_EDGE('',*,*,#2587,.F.);
#3838=ORIENTED_EDGE('',*,*,#2543,.F.);
#3839=ORIENTED_EDGE('',*,*,#2871,.T.);
#3840=ORIENTED_EDGE('',*,*,#2876,.F.);
#3841=ORIENTED_EDGE('',*,*,#2873,.T.);
#3842=ORIENTED_EDGE('',*,*,#2875,.F.);
#3843=ORIENTED_EDGE('',*,*,#2870,.T.);
#3844=ORIENTED_EDGE('',*,*,#2541,.F.);
#3845=ORIENTED_EDGE('',*,*,#2589,.F.);
#3846=ORIENTED_EDGE('',*,*,#2874,.T.);
#3847=ORIENTED_EDGE('',*,*,#2876,.T.);
#3848=ORIENTED_EDGE('',*,*,#2877,.F.);
#3849=ORIENTED_EDGE('',*,*,#2518,.F.);
#3850=ORIENTED_EDGE('',*,*,#2878,.F.);
#3851=ORIENTED_EDGE('',*,*,#2879,.F.);
#3852=ORIENTED_EDGE('',*,*,#2880,.F.);
#3853=ORIENTED_EDGE('',*,*,#2881,.F.);
#3854=ORIENTED_EDGE('',*,*,#2882,.F.);
#3855=ORIENTED_EDGE('',*,*,#2606,.F.);
#3856=ORIENTED_EDGE('',*,*,#2877,.T.);
#3857=ORIENTED_EDGE('',*,*,#2883,.T.);
#3858=ORIENTED_EDGE('',*,*,#2880,.T.);
#3859=ORIENTED_EDGE('',*,*,#2605,.F.);
#3860=ORIENTED_EDGE('',*,*,#2519,.F.);
#3861=ORIENTED_EDGE('',*,*,#2879,.T.);
#3862=ORIENTED_EDGE('',*,*,#2884,.F.);
#3863=ORIENTED_EDGE('',*,*,#2881,.T.);
#3864=ORIENTED_EDGE('',*,*,#2883,.F.);
#3865=ORIENTED_EDGE('',*,*,#2878,.T.);
#3866=ORIENTED_EDGE('',*,*,#2517,.F.);
#3867=ORIENTED_EDGE('',*,*,#2607,.F.);
#3868=ORIENTED_EDGE('',*,*,#2882,.T.);
#3869=ORIENTED_EDGE('',*,*,#2884,.T.);
#3870=ORIENTED_EDGE('',*,*,#2885,.F.);
#3871=ORIENTED_EDGE('',*,*,#2534,.F.);
#3872=ORIENTED_EDGE('',*,*,#2886,.F.);
#3873=ORIENTED_EDGE('',*,*,#2887,.F.);
#3874=ORIENTED_EDGE('',*,*,#2888,.F.);
#3875=ORIENTED_EDGE('',*,*,#2889,.F.);
#3876=ORIENTED_EDGE('',*,*,#2890,.F.);
#3877=ORIENTED_EDGE('',*,*,#2594,.F.);
#3878=ORIENTED_EDGE('',*,*,#2885,.T.);
#3879=ORIENTED_EDGE('',*,*,#2891,.T.);
#3880=ORIENTED_EDGE('',*,*,#2888,.T.);
#3881=ORIENTED_EDGE('',*,*,#2593,.F.);
#3882=ORIENTED_EDGE('',*,*,#2535,.F.);
#3883=ORIENTED_EDGE('',*,*,#2887,.T.);
#3884=ORIENTED_EDGE('',*,*,#2892,.F.);
#3885=ORIENTED_EDGE('',*,*,#2889,.T.);
#3886=ORIENTED_EDGE('',*,*,#2891,.F.);
#3887=ORIENTED_EDGE('',*,*,#2886,.T.);
#3888=ORIENTED_EDGE('',*,*,#2533,.F.);
#3889=ORIENTED_EDGE('',*,*,#2595,.F.);
#3890=ORIENTED_EDGE('',*,*,#2890,.T.);
#3891=ORIENTED_EDGE('',*,*,#2892,.T.);
#3892=ORIENTED_EDGE('',*,*,#2893,.F.);
#3893=ORIENTED_EDGE('',*,*,#2894,.T.);
#3894=ORIENTED_EDGE('',*,*,#2895,.F.);
#3895=ORIENTED_EDGE('',*,*,#2894,.F.);
#3896=ORIENTED_EDGE('',*,*,#2895,.T.);
#3897=ORIENTED_EDGE('',*,*,#2896,.F.);
#3898=ORIENTED_EDGE('',*,*,#2893,.T.);
#3899=ORIENTED_EDGE('',*,*,#2897,.F.);
#3900=ORIENTED_EDGE('',*,*,#2898,.T.);
#3901=ORIENTED_EDGE('',*,*,#2899,.T.);
#3902=ORIENTED_EDGE('',*,*,#2897,.T.);
#3903=ORIENTED_EDGE('',*,*,#2899,.F.);
#3904=ORIENTED_EDGE('',*,*,#2900,.F.);
#3905=ORIENTED_EDGE('',*,*,#2901,.T.);
#3906=ORIENTED_EDGE('',*,*,#2902,.F.);
#3907=ORIENTED_EDGE('',*,*,#2901,.F.);
#3908=ORIENTED_EDGE('',*,*,#2902,.T.);
#3909=ORIENTED_EDGE('',*,*,#2898,.F.);
#3910=ORIENTED_EDGE('',*,*,#2900,.T.);
#3911=ORIENTED_EDGE('',*,*,#2903,.F.);
#3912=ORIENTED_EDGE('',*,*,#2904,.F.);
#3913=ORIENTED_EDGE('',*,*,#2905,.T.);
#3914=ORIENTED_EDGE('',*,*,#2903,.T.);
#3915=ORIENTED_EDGE('',*,*,#2905,.F.);
#3916=ORIENTED_EDGE('',*,*,#2906,.F.);
#3917=ORIENTED_EDGE('',*,*,#2907,.T.);
#3918=ORIENTED_EDGE('',*,*,#2908,.F.);
#3919=ORIENTED_EDGE('',*,*,#2907,.F.);
#3920=ORIENTED_EDGE('',*,*,#2908,.T.);
#3921=ORIENTED_EDGE('',*,*,#2909,.F.);
#3922=ORIENTED_EDGE('',*,*,#2906,.T.);
#3923=ORIENTED_EDGE('',*,*,#2910,.F.);
#3924=ORIENTED_EDGE('',*,*,#2896,.T.);
#3925=ORIENTED_EDGE('',*,*,#2911,.T.);
#3926=ORIENTED_EDGE('',*,*,#2910,.T.);
#3927=ORIENTED_EDGE('',*,*,#2911,.F.);
#3928=ORIENTED_EDGE('',*,*,#2912,.F.);
#3929=ORIENTED_EDGE('',*,*,#2913,.T.);
#3930=ORIENTED_EDGE('',*,*,#2914,.F.);
#3931=ORIENTED_EDGE('',*,*,#2913,.F.);
#3932=ORIENTED_EDGE('',*,*,#2914,.T.);
#3933=ORIENTED_EDGE('',*,*,#2915,.F.);
#3934=ORIENTED_EDGE('',*,*,#2912,.T.);
#3935=ORIENTED_EDGE('',*,*,#2916,.F.);
#3936=ORIENTED_EDGE('',*,*,#2909,.T.);
#3937=ORIENTED_EDGE('',*,*,#2917,.T.);
#3938=ORIENTED_EDGE('',*,*,#2916,.T.);
#3939=ORIENTED_EDGE('',*,*,#2917,.F.);
#3940=ORIENTED_EDGE('',*,*,#2918,.F.);
#3941=ORIENTED_EDGE('',*,*,#2919,.T.);
#3942=ORIENTED_EDGE('',*,*,#2920,.F.);
#3943=ORIENTED_EDGE('',*,*,#2919,.F.);
#3944=ORIENTED_EDGE('',*,*,#2920,.T.);
#3945=ORIENTED_EDGE('',*,*,#2921,.F.);
#3946=ORIENTED_EDGE('',*,*,#2918,.T.);
#3947=ORIENTED_EDGE('',*,*,#2922,.F.);
#3948=ORIENTED_EDGE('',*,*,#2923,.T.);
#3949=ORIENTED_EDGE('',*,*,#2924,.T.);
#3950=ORIENTED_EDGE('',*,*,#2922,.T.);
#3951=ORIENTED_EDGE('',*,*,#2924,.F.);
#3952=ORIENTED_EDGE('',*,*,#2925,.F.);
#3953=ORIENTED_EDGE('',*,*,#2926,.T.);
#3954=ORIENTED_EDGE('',*,*,#2927,.F.);
#3955=ORIENTED_EDGE('',*,*,#2926,.F.);
#3956=ORIENTED_EDGE('',*,*,#2927,.T.);
#3957=ORIENTED_EDGE('',*,*,#2928,.F.);
#3958=ORIENTED_EDGE('',*,*,#2925,.T.);
#3959=ORIENTED_EDGE('',*,*,#2929,.F.);
#3960=ORIENTED_EDGE('',*,*,#2930,.T.);
#3961=ORIENTED_EDGE('',*,*,#2931,.T.);
#3962=ORIENTED_EDGE('',*,*,#2929,.T.);
#3963=ORIENTED_EDGE('',*,*,#2931,.F.);
#3964=ORIENTED_EDGE('',*,*,#2932,.F.);
#3965=ORIENTED_EDGE('',*,*,#2933,.T.);
#3966=ORIENTED_EDGE('',*,*,#2934,.F.);
#3967=ORIENTED_EDGE('',*,*,#2933,.F.);
#3968=ORIENTED_EDGE('',*,*,#2934,.T.);
#3969=ORIENTED_EDGE('',*,*,#2935,.F.);
#3970=ORIENTED_EDGE('',*,*,#2932,.T.);
#3971=ORIENTED_EDGE('',*,*,#2936,.F.);
#3972=ORIENTED_EDGE('',*,*,#2937,.T.);
#3973=ORIENTED_EDGE('',*,*,#2938,.T.);
#3974=ORIENTED_EDGE('',*,*,#2936,.T.);
#3975=ORIENTED_EDGE('',*,*,#2938,.F.);
#3976=ORIENTED_EDGE('',*,*,#2939,.F.);
#3977=ORIENTED_EDGE('',*,*,#2940,.T.);
#3978=ORIENTED_EDGE('',*,*,#2941,.F.);
#3979=ORIENTED_EDGE('',*,*,#2940,.F.);
#3980=ORIENTED_EDGE('',*,*,#2941,.T.);
#3981=ORIENTED_EDGE('',*,*,#2942,.F.);
#3982=ORIENTED_EDGE('',*,*,#2939,.T.);
#3983=ORIENTED_EDGE('',*,*,#2943,.F.);
#3984=ORIENTED_EDGE('',*,*,#2944,.T.);
#3985=ORIENTED_EDGE('',*,*,#2945,.T.);
#3986=ORIENTED_EDGE('',*,*,#2943,.T.);
#3987=ORIENTED_EDGE('',*,*,#2945,.F.);
#3988=ORIENTED_EDGE('',*,*,#2946,.F.);
#3989=ORIENTED_EDGE('',*,*,#2947,.T.);
#3990=ORIENTED_EDGE('',*,*,#2948,.F.);
#3991=ORIENTED_EDGE('',*,*,#2947,.F.);
#3992=ORIENTED_EDGE('',*,*,#2948,.T.);
#3993=ORIENTED_EDGE('',*,*,#2944,.F.);
#3994=ORIENTED_EDGE('',*,*,#2946,.T.);
#3995=ORIENTED_EDGE('',*,*,#2949,.F.);
#3996=ORIENTED_EDGE('',*,*,#2928,.T.);
#3997=ORIENTED_EDGE('',*,*,#2950,.T.);
#3998=ORIENTED_EDGE('',*,*,#2949,.T.);
#3999=ORIENTED_EDGE('',*,*,#2950,.F.);
#4000=ORIENTED_EDGE('',*,*,#2951,.F.);
#4001=ORIENTED_EDGE('',*,*,#2952,.T.);
#4002=ORIENTED_EDGE('',*,*,#2953,.F.);
#4003=ORIENTED_EDGE('',*,*,#2952,.F.);
#4004=ORIENTED_EDGE('',*,*,#2953,.T.);
#4005=ORIENTED_EDGE('',*,*,#2937,.F.);
#4006=ORIENTED_EDGE('',*,*,#2951,.T.);
#4007=ORIENTED_EDGE('',*,*,#2954,.F.);
#4008=ORIENTED_EDGE('',*,*,#2942,.T.);
#4009=ORIENTED_EDGE('',*,*,#2955,.T.);
#4010=ORIENTED_EDGE('',*,*,#2954,.T.);
#4011=ORIENTED_EDGE('',*,*,#2955,.F.);
#4012=ORIENTED_EDGE('',*,*,#2956,.F.);
#4013=ORIENTED_EDGE('',*,*,#2957,.T.);
#4014=ORIENTED_EDGE('',*,*,#2958,.F.);
#4015=ORIENTED_EDGE('',*,*,#2957,.F.);
#4016=ORIENTED_EDGE('',*,*,#2958,.T.);
#4017=ORIENTED_EDGE('',*,*,#2930,.F.);
#4018=ORIENTED_EDGE('',*,*,#2956,.T.);
#4019=ORIENTED_EDGE('',*,*,#2959,.F.);
#4020=ORIENTED_EDGE('',*,*,#2921,.T.);
#4021=ORIENTED_EDGE('',*,*,#2960,.T.);
#4022=ORIENTED_EDGE('',*,*,#2959,.T.);
#4023=ORIENTED_EDGE('',*,*,#2960,.F.);
#4024=ORIENTED_EDGE('',*,*,#2961,.F.);
#4025=ORIENTED_EDGE('',*,*,#2962,.T.);
#4026=ORIENTED_EDGE('',*,*,#2963,.F.);
#4027=ORIENTED_EDGE('',*,*,#2962,.F.);
#4028=ORIENTED_EDGE('',*,*,#2963,.T.);
#4029=ORIENTED_EDGE('',*,*,#2923,.F.);
#4030=ORIENTED_EDGE('',*,*,#2961,.T.);
#4031=ORIENTED_EDGE('',*,*,#2964,.F.);
#4032=ORIENTED_EDGE('',*,*,#2915,.T.);
#4033=ORIENTED_EDGE('',*,*,#2965,.T.);
#4034=ORIENTED_EDGE('',*,*,#2964,.T.);
#4035=ORIENTED_EDGE('',*,*,#2965,.F.);
#4036=ORIENTED_EDGE('',*,*,#2966,.F.);
#4037=ORIENTED_EDGE('',*,*,#2967,.T.);
#4038=ORIENTED_EDGE('',*,*,#2968,.F.);
#4039=ORIENTED_EDGE('',*,*,#2967,.F.);
#4040=ORIENTED_EDGE('',*,*,#2968,.T.);
#4041=ORIENTED_EDGE('',*,*,#2779,.F.);
#4042=ORIENTED_EDGE('',*,*,#2966,.T.);
#4043=ORIENTED_EDGE('',*,*,#2969,.F.);
#4044=ORIENTED_EDGE('',*,*,#2815,.T.);
#4045=ORIENTED_EDGE('',*,*,#2970,.T.);
#4046=ORIENTED_EDGE('',*,*,#2969,.T.);
#4047=ORIENTED_EDGE('',*,*,#2970,.F.);
#4048=ORIENTED_EDGE('',*,*,#2971,.F.);
#4049=ORIENTED_EDGE('',*,*,#2972,.T.);
#4050=ORIENTED_EDGE('',*,*,#2973,.F.);
#4051=ORIENTED_EDGE('',*,*,#2972,.F.);
#4052=ORIENTED_EDGE('',*,*,#2973,.T.);
#4053=ORIENTED_EDGE('',*,*,#2974,.F.);
#4054=ORIENTED_EDGE('',*,*,#2971,.T.);
#4055=ORIENTED_EDGE('',*,*,#2975,.F.);
#4056=ORIENTED_EDGE('',*,*,#2976,.T.);
#4057=ORIENTED_EDGE('',*,*,#2977,.T.);
#4058=ORIENTED_EDGE('',*,*,#2975,.T.);
#4059=ORIENTED_EDGE('',*,*,#2977,.F.);
#4060=ORIENTED_EDGE('',*,*,#2978,.F.);
#4061=ORIENTED_EDGE('',*,*,#2979,.T.);
#4062=ORIENTED_EDGE('',*,*,#2980,.F.);
#4063=ORIENTED_EDGE('',*,*,#2979,.F.);
#4064=ORIENTED_EDGE('',*,*,#2980,.T.);
#4065=ORIENTED_EDGE('',*,*,#2976,.F.);
#4066=ORIENTED_EDGE('',*,*,#2978,.T.);
#4067=ORIENTED_EDGE('',*,*,#2981,.F.);
#4068=ORIENTED_EDGE('',*,*,#2935,.T.);
#4069=ORIENTED_EDGE('',*,*,#2982,.T.);
#4070=ORIENTED_EDGE('',*,*,#2981,.T.);
#4071=ORIENTED_EDGE('',*,*,#2982,.F.);
#4072=ORIENTED_EDGE('',*,*,#2983,.F.);
#4073=ORIENTED_EDGE('',*,*,#2984,.T.);
#4074=ORIENTED_EDGE('',*,*,#2985,.F.);
#4075=ORIENTED_EDGE('',*,*,#2984,.F.);
#4076=ORIENTED_EDGE('',*,*,#2985,.T.);
#4077=ORIENTED_EDGE('',*,*,#2495,.F.);
#4078=ORIENTED_EDGE('',*,*,#2983,.T.);
#4079=ORIENTED_EDGE('',*,*,#2986,.F.);
#4080=ORIENTED_EDGE('',*,*,#2987,.T.);
#4081=ORIENTED_EDGE('',*,*,#2988,.T.);
#4082=ORIENTED_EDGE('',*,*,#2986,.T.);
#4083=ORIENTED_EDGE('',*,*,#2988,.F.);
#4084=ORIENTED_EDGE('',*,*,#2989,.F.);
#4085=ORIENTED_EDGE('',*,*,#2506,.F.);
#4086=ORIENTED_EDGE('',*,*,#2990,.F.);
#4087=ORIENTED_EDGE('',*,*,#2991,.F.);
#4088=ORIENTED_EDGE('',*,*,#2992,.F.);
#4089=ORIENTED_EDGE('',*,*,#2993,.F.);
#4090=ORIENTED_EDGE('',*,*,#2994,.F.);
#4091=ORIENTED_EDGE('',*,*,#2615,.F.);
#4092=ORIENTED_EDGE('',*,*,#2989,.T.);
#4093=ORIENTED_EDGE('',*,*,#2995,.T.);
#4094=ORIENTED_EDGE('',*,*,#2992,.T.);
#4095=ORIENTED_EDGE('',*,*,#2614,.F.);
#4096=ORIENTED_EDGE('',*,*,#2507,.F.);
#4097=ORIENTED_EDGE('',*,*,#2991,.T.);
#4098=ORIENTED_EDGE('',*,*,#2996,.F.);
#4099=ORIENTED_EDGE('',*,*,#2993,.T.);
#4100=ORIENTED_EDGE('',*,*,#2995,.F.);
#4101=ORIENTED_EDGE('',*,*,#2990,.T.);
#4102=ORIENTED_EDGE('',*,*,#2505,.F.);
#4103=ORIENTED_EDGE('',*,*,#2616,.F.);
#4104=ORIENTED_EDGE('',*,*,#2994,.T.);
#4105=ORIENTED_EDGE('',*,*,#2996,.T.);
#4106=ORIENTED_EDGE('',*,*,#2997,.F.);
#4107=ORIENTED_EDGE('',*,*,#2498,.F.);
#4108=ORIENTED_EDGE('',*,*,#2998,.F.);
#4109=ORIENTED_EDGE('',*,*,#2999,.F.);
#4110=ORIENTED_EDGE('',*,*,#3000,.F.);
#4111=ORIENTED_EDGE('',*,*,#3001,.F.);
#4112=ORIENTED_EDGE('',*,*,#3002,.F.);
#4113=ORIENTED_EDGE('',*,*,#2621,.F.);
#4114=ORIENTED_EDGE('',*,*,#2997,.T.);
#4115=ORIENTED_EDGE('',*,*,#3003,.T.);
#4116=ORIENTED_EDGE('',*,*,#3000,.T.);
#4117=ORIENTED_EDGE('',*,*,#2620,.F.);
#4118=ORIENTED_EDGE('',*,*,#2499,.F.);
#4119=ORIENTED_EDGE('',*,*,#2999,.T.);
#4120=ORIENTED_EDGE('',*,*,#3004,.F.);
#4121=ORIENTED_EDGE('',*,*,#3001,.T.);
#4122=ORIENTED_EDGE('',*,*,#3003,.F.);
#4123=ORIENTED_EDGE('',*,*,#2998,.T.);
#4124=ORIENTED_EDGE('',*,*,#2497,.F.);
#4125=ORIENTED_EDGE('',*,*,#2622,.F.);
#4126=ORIENTED_EDGE('',*,*,#3002,.T.);
#4127=ORIENTED_EDGE('',*,*,#3004,.T.);
#4128=ORIENTED_EDGE('',*,*,#3005,.F.);
#4129=ORIENTED_EDGE('',*,*,#2502,.F.);
#4130=ORIENTED_EDGE('',*,*,#3006,.F.);
#4131=ORIENTED_EDGE('',*,*,#3007,.F.);
#4132=ORIENTED_EDGE('',*,*,#3008,.F.);
#4133=ORIENTED_EDGE('',*,*,#3009,.F.);
#4134=ORIENTED_EDGE('',*,*,#3010,.F.);
#4135=ORIENTED_EDGE('',*,*,#2618,.F.);
#4136=ORIENTED_EDGE('',*,*,#3005,.T.);
#4137=ORIENTED_EDGE('',*,*,#3011,.T.);
#4138=ORIENTED_EDGE('',*,*,#3008,.T.);
#4139=ORIENTED_EDGE('',*,*,#2617,.F.);
#4140=ORIENTED_EDGE('',*,*,#2503,.F.);
#4141=ORIENTED_EDGE('',*,*,#3007,.T.);
#4142=ORIENTED_EDGE('',*,*,#3012,.F.);
#4143=ORIENTED_EDGE('',*,*,#3009,.T.);
#4144=ORIENTED_EDGE('',*,*,#3011,.F.);
#4145=ORIENTED_EDGE('',*,*,#3006,.T.);
#4146=ORIENTED_EDGE('',*,*,#2501,.F.);
#4147=ORIENTED_EDGE('',*,*,#2619,.F.);
#4148=ORIENTED_EDGE('',*,*,#3010,.T.);
#4149=ORIENTED_EDGE('',*,*,#3012,.T.);
#4150=ORIENTED_EDGE('',*,*,#3013,.F.);
#4151=ORIENTED_EDGE('',*,*,#3014,.T.);
#4152=ORIENTED_EDGE('',*,*,#3015,.F.);
#4153=ORIENTED_EDGE('',*,*,#3014,.F.);
#4154=ORIENTED_EDGE('',*,*,#3015,.T.);
#4155=ORIENTED_EDGE('',*,*,#2987,.F.);
#4156=ORIENTED_EDGE('',*,*,#3013,.T.);
#4157=ORIENTED_EDGE('',*,*,#3016,.F.);
#4158=ORIENTED_EDGE('',*,*,#2974,.T.);
#4159=ORIENTED_EDGE('',*,*,#3017,.T.);
#4160=ORIENTED_EDGE('',*,*,#3016,.T.);
#4161=ORIENTED_EDGE('',*,*,#3017,.F.);
#4162=ORIENTED_EDGE('',*,*,#3018,.F.);
#4163=ORIENTED_EDGE('',*,*,#2510,.F.);
#4164=ORIENTED_EDGE('',*,*,#3019,.F.);
#4165=ORIENTED_EDGE('',*,*,#3020,.F.);
#4166=ORIENTED_EDGE('',*,*,#3021,.F.);
#4167=ORIENTED_EDGE('',*,*,#3022,.F.);
#4168=ORIENTED_EDGE('',*,*,#3023,.F.);
#4169=ORIENTED_EDGE('',*,*,#2612,.F.);
#4170=ORIENTED_EDGE('',*,*,#3018,.T.);
#4171=ORIENTED_EDGE('',*,*,#3024,.T.);
#4172=ORIENTED_EDGE('',*,*,#3021,.T.);
#4173=ORIENTED_EDGE('',*,*,#2611,.F.);
#4174=ORIENTED_EDGE('',*,*,#2511,.F.);
#4175=ORIENTED_EDGE('',*,*,#3020,.T.);
#4176=ORIENTED_EDGE('',*,*,#3025,.F.);
#4177=ORIENTED_EDGE('',*,*,#3022,.T.);
#4178=ORIENTED_EDGE('',*,*,#3024,.F.);
#4179=ORIENTED_EDGE('',*,*,#3019,.T.);
#4180=ORIENTED_EDGE('',*,*,#2509,.F.);
#4181=ORIENTED_EDGE('',*,*,#2613,.F.);
#4182=ORIENTED_EDGE('',*,*,#3023,.T.);
#4183=ORIENTED_EDGE('',*,*,#3025,.T.);
#4184=ORIENTED_EDGE('',*,*,#2487,.T.);
#4185=ORIENTED_EDGE('',*,*,#3026,.F.);
#4186=ORIENTED_EDGE('',*,*,#3027,.F.);
#4187=ORIENTED_EDGE('',*,*,#3028,.F.);
#4188=ORIENTED_EDGE('',*,*,#3029,.F.);
#4189=ORIENTED_EDGE('',*,*,#3030,.F.);
#4190=ORIENTED_EDGE('',*,*,#3031,.F.);
#4191=ORIENTED_EDGE('',*,*,#3032,.F.);
#4192=ORIENTED_EDGE('',*,*,#3033,.F.);
#4193=ORIENTED_EDGE('',*,*,#3034,.F.);
#4194=ORIENTED_EDGE('',*,*,#3035,.F.);
#4195=ORIENTED_EDGE('',*,*,#3036,.F.);
#4196=ORIENTED_EDGE('',*,*,#3037,.F.);
#4197=ORIENTED_EDGE('',*,*,#3038,.F.);
#4198=ORIENTED_EDGE('',*,*,#3039,.F.);
#4199=ORIENTED_EDGE('',*,*,#3040,.F.);
#4200=ORIENTED_EDGE('',*,*,#3041,.F.);
#4201=ORIENTED_EDGE('',*,*,#3042,.F.);
#4202=ORIENTED_EDGE('',*,*,#3043,.F.);
#4203=ORIENTED_EDGE('',*,*,#2623,.F.);
#4204=ORIENTED_EDGE('',*,*,#3044,.T.);
#4205=ORIENTED_EDGE('',*,*,#3027,.T.);
#4206=ORIENTED_EDGE('',*,*,#3045,.F.);
#4207=ORIENTED_EDGE('',*,*,#2639,.F.);
#4208=ORIENTED_EDGE('',*,*,#3046,.T.);
#4209=ORIENTED_EDGE('',*,*,#3028,.T.);
#4210=ORIENTED_EDGE('',*,*,#3044,.F.);
#4211=ORIENTED_EDGE('',*,*,#2638,.F.);
#4212=ORIENTED_EDGE('',*,*,#3047,.T.);
#4213=ORIENTED_EDGE('',*,*,#3029,.T.);
#4214=ORIENTED_EDGE('',*,*,#3046,.F.);
#4215=ORIENTED_EDGE('',*,*,#2637,.F.);
#4216=ORIENTED_EDGE('',*,*,#3048,.T.);
#4217=ORIENTED_EDGE('',*,*,#3030,.T.);
#4218=ORIENTED_EDGE('',*,*,#3047,.F.);
#4219=ORIENTED_EDGE('',*,*,#2636,.F.);
#4220=ORIENTED_EDGE('',*,*,#3049,.T.);
#4221=ORIENTED_EDGE('',*,*,#3031,.T.);
#4222=ORIENTED_EDGE('',*,*,#3048,.F.);
#4223=ORIENTED_EDGE('',*,*,#2635,.F.);
#4224=ORIENTED_EDGE('',*,*,#3050,.T.);
#4225=ORIENTED_EDGE('',*,*,#3032,.T.);
#4226=ORIENTED_EDGE('',*,*,#3049,.F.);
#4227=ORIENTED_EDGE('',*,*,#2634,.F.);
#4228=ORIENTED_EDGE('',*,*,#3051,.T.);
#4229=ORIENTED_EDGE('',*,*,#3033,.T.);
#4230=ORIENTED_EDGE('',*,*,#3050,.F.);
#4231=ORIENTED_EDGE('',*,*,#2633,.F.);
#4232=ORIENTED_EDGE('',*,*,#3052,.T.);
#4233=ORIENTED_EDGE('',*,*,#3034,.T.);
#4234=ORIENTED_EDGE('',*,*,#3051,.F.);
#4235=ORIENTED_EDGE('',*,*,#2632,.F.);
#4236=ORIENTED_EDGE('',*,*,#3053,.T.);
#4237=ORIENTED_EDGE('',*,*,#3035,.T.);
#4238=ORIENTED_EDGE('',*,*,#3052,.F.);
#4239=ORIENTED_EDGE('',*,*,#2631,.F.);
#4240=ORIENTED_EDGE('',*,*,#3054,.T.);
#4241=ORIENTED_EDGE('',*,*,#3036,.T.);
#4242=ORIENTED_EDGE('',*,*,#3053,.F.);
#4243=ORIENTED_EDGE('',*,*,#2630,.F.);
#4244=ORIENTED_EDGE('',*,*,#3055,.T.);
#4245=ORIENTED_EDGE('',*,*,#3037,.T.);
#4246=ORIENTED_EDGE('',*,*,#3054,.F.);
#4247=ORIENTED_EDGE('',*,*,#2629,.F.);
#4248=ORIENTED_EDGE('',*,*,#3056,.T.);
#4249=ORIENTED_EDGE('',*,*,#3038,.T.);
#4250=ORIENTED_EDGE('',*,*,#3055,.F.);
#4251=ORIENTED_EDGE('',*,*,#2628,.F.);
#4252=ORIENTED_EDGE('',*,*,#3057,.T.);
#4253=ORIENTED_EDGE('',*,*,#3039,.T.);
#4254=ORIENTED_EDGE('',*,*,#3056,.F.);
#4255=ORIENTED_EDGE('',*,*,#2627,.F.);
#4256=ORIENTED_EDGE('',*,*,#3058,.T.);
#4257=ORIENTED_EDGE('',*,*,#3040,.T.);
#4258=ORIENTED_EDGE('',*,*,#3057,.F.);
#4259=ORIENTED_EDGE('',*,*,#2626,.F.);
#4260=ORIENTED_EDGE('',*,*,#3059,.T.);
#4261=ORIENTED_EDGE('',*,*,#3041,.T.);
#4262=ORIENTED_EDGE('',*,*,#3058,.F.);
#4263=ORIENTED_EDGE('',*,*,#2625,.F.);
#4264=ORIENTED_EDGE('',*,*,#3060,.T.);
#4265=ORIENTED_EDGE('',*,*,#3042,.T.);
#4266=ORIENTED_EDGE('',*,*,#3059,.F.);
#4267=ORIENTED_EDGE('',*,*,#2624,.F.);
#4268=ORIENTED_EDGE('',*,*,#3045,.T.);
#4269=ORIENTED_EDGE('',*,*,#3043,.T.);
#4270=ORIENTED_EDGE('',*,*,#3060,.F.);
#4271=ORIENTED_EDGE('',*,*,#3061,.F.);
#4272=ORIENTED_EDGE('',*,*,#3062,.F.);
#4273=ORIENTED_EDGE('',*,*,#3063,.F.);
#4274=ORIENTED_EDGE('',*,*,#3064,.F.);
#4275=ORIENTED_EDGE('',*,*,#3065,.F.);
#4276=ORIENTED_EDGE('',*,*,#3066,.F.);
#4277=ORIENTED_EDGE('',*,*,#3067,.F.);
#4278=ORIENTED_EDGE('',*,*,#3068,.F.);
#4279=ORIENTED_EDGE('',*,*,#3069,.F.);
#4280=ORIENTED_EDGE('',*,*,#3070,.F.);
#4281=ORIENTED_EDGE('',*,*,#3071,.F.);
#4282=ORIENTED_EDGE('',*,*,#3072,.F.);
#4283=ORIENTED_EDGE('',*,*,#3073,.F.);
#4284=ORIENTED_EDGE('',*,*,#3074,.F.);
#4285=ORIENTED_EDGE('',*,*,#3075,.F.);
#4286=ORIENTED_EDGE('',*,*,#2640,.F.);
#4287=ORIENTED_EDGE('',*,*,#3076,.T.);
#4288=ORIENTED_EDGE('',*,*,#3061,.T.);
#4289=ORIENTED_EDGE('',*,*,#3077,.F.);
#4290=ORIENTED_EDGE('',*,*,#2654,.F.);
#4291=ORIENTED_EDGE('',*,*,#3078,.T.);
#4292=ORIENTED_EDGE('',*,*,#3062,.T.);
#4293=ORIENTED_EDGE('',*,*,#3076,.F.);
#4294=ORIENTED_EDGE('',*,*,#2653,.F.);
#4295=ORIENTED_EDGE('',*,*,#3079,.T.);
#4296=ORIENTED_EDGE('',*,*,#3063,.T.);
#4297=ORIENTED_EDGE('',*,*,#3078,.F.);
#4298=ORIENTED_EDGE('',*,*,#2652,.F.);
#4299=ORIENTED_EDGE('',*,*,#3080,.T.);
#4300=ORIENTED_EDGE('',*,*,#3064,.T.);
#4301=ORIENTED_EDGE('',*,*,#3079,.F.);
#4302=ORIENTED_EDGE('',*,*,#2651,.F.);
#4303=ORIENTED_EDGE('',*,*,#3081,.T.);
#4304=ORIENTED_EDGE('',*,*,#3065,.T.);
#4305=ORIENTED_EDGE('',*,*,#3080,.F.);
#4306=ORIENTED_EDGE('',*,*,#2650,.F.);
#4307=ORIENTED_EDGE('',*,*,#3082,.T.);
#4308=ORIENTED_EDGE('',*,*,#3066,.T.);
#4309=ORIENTED_EDGE('',*,*,#3081,.F.);
#4310=ORIENTED_EDGE('',*,*,#2649,.F.);
#4311=ORIENTED_EDGE('',*,*,#3083,.T.);
#4312=ORIENTED_EDGE('',*,*,#3067,.T.);
#4313=ORIENTED_EDGE('',*,*,#3082,.F.);
#4314=ORIENTED_EDGE('',*,*,#2648,.F.);
#4315=ORIENTED_EDGE('',*,*,#3084,.T.);
#4316=ORIENTED_EDGE('',*,*,#3068,.T.);
#4317=ORIENTED_EDGE('',*,*,#3083,.F.);
#4318=ORIENTED_EDGE('',*,*,#2647,.F.);
#4319=ORIENTED_EDGE('',*,*,#3085,.T.);
#4320=ORIENTED_EDGE('',*,*,#3069,.T.);
#4321=ORIENTED_EDGE('',*,*,#3084,.F.);
#4322=ORIENTED_EDGE('',*,*,#2646,.F.);
#4323=ORIENTED_EDGE('',*,*,#3086,.T.);
#4324=ORIENTED_EDGE('',*,*,#3070,.T.);
#4325=ORIENTED_EDGE('',*,*,#3085,.F.);
#4326=ORIENTED_EDGE('',*,*,#2645,.F.);
#4327=ORIENTED_EDGE('',*,*,#3087,.T.);
#4328=ORIENTED_EDGE('',*,*,#3071,.T.);
#4329=ORIENTED_EDGE('',*,*,#3086,.F.);
#4330=ORIENTED_EDGE('',*,*,#2644,.F.);
#4331=ORIENTED_EDGE('',*,*,#3088,.T.);
#4332=ORIENTED_EDGE('',*,*,#3072,.T.);
#4333=ORIENTED_EDGE('',*,*,#3087,.F.);
#4334=ORIENTED_EDGE('',*,*,#2643,.F.);
#4335=ORIENTED_EDGE('',*,*,#3089,.T.);
#4336=ORIENTED_EDGE('',*,*,#3073,.T.);
#4337=ORIENTED_EDGE('',*,*,#3088,.F.);
#4338=ORIENTED_EDGE('',*,*,#2642,.F.);
#4339=ORIENTED_EDGE('',*,*,#3090,.T.);
#4340=ORIENTED_EDGE('',*,*,#3074,.T.);
#4341=ORIENTED_EDGE('',*,*,#3089,.F.);
#4342=ORIENTED_EDGE('',*,*,#2641,.F.);
#4343=ORIENTED_EDGE('',*,*,#3077,.T.);
#4344=ORIENTED_EDGE('',*,*,#3075,.T.);
#4345=ORIENTED_EDGE('',*,*,#3090,.F.);
#4346=ORIENTED_EDGE('',*,*,#3091,.F.);
#4347=ORIENTED_EDGE('',*,*,#3092,.F.);
#4348=ORIENTED_EDGE('',*,*,#3093,.F.);
#4349=ORIENTED_EDGE('',*,*,#3094,.F.);
#4350=ORIENTED_EDGE('',*,*,#3095,.F.);
#4351=ORIENTED_EDGE('',*,*,#3096,.F.);
#4352=ORIENTED_EDGE('',*,*,#3097,.F.);
#4353=ORIENTED_EDGE('',*,*,#3098,.F.);
#4354=ORIENTED_EDGE('',*,*,#3099,.F.);
#4355=ORIENTED_EDGE('',*,*,#3100,.F.);
#4356=ORIENTED_EDGE('',*,*,#3101,.F.);
#4357=ORIENTED_EDGE('',*,*,#3102,.F.);
#4358=ORIENTED_EDGE('',*,*,#3103,.F.);
#4359=ORIENTED_EDGE('',*,*,#3104,.F.);
#4360=ORIENTED_EDGE('',*,*,#3105,.F.);
#4361=ORIENTED_EDGE('',*,*,#3106,.F.);
#4362=ORIENTED_EDGE('',*,*,#3107,.F.);
#4363=ORIENTED_EDGE('',*,*,#3108,.F.);
#4364=ORIENTED_EDGE('',*,*,#3109,.F.);
#4365=ORIENTED_EDGE('',*,*,#3110,.F.);
#4366=ORIENTED_EDGE('',*,*,#3111,.F.);
#4367=ORIENTED_EDGE('',*,*,#3112,.F.);
#4368=ORIENTED_EDGE('',*,*,#3113,.F.);
#4369=ORIENTED_EDGE('',*,*,#3114,.F.);
#4370=ORIENTED_EDGE('',*,*,#3115,.F.);
#4371=ORIENTED_EDGE('',*,*,#3116,.F.);
#4372=ORIENTED_EDGE('',*,*,#3117,.F.);
#4373=ORIENTED_EDGE('',*,*,#3118,.F.);
#4374=ORIENTED_EDGE('',*,*,#3119,.F.);
#4375=ORIENTED_EDGE('',*,*,#3120,.F.);
#4376=ORIENTED_EDGE('',*,*,#3121,.F.);
#4377=ORIENTED_EDGE('',*,*,#3122,.F.);
#4378=ORIENTED_EDGE('',*,*,#3123,.F.);
#4379=ORIENTED_EDGE('',*,*,#3124,.F.);
#4380=ORIENTED_EDGE('',*,*,#3125,.F.);
#4381=ORIENTED_EDGE('',*,*,#2655,.F.);
#4382=ORIENTED_EDGE('',*,*,#3126,.T.);
#4383=ORIENTED_EDGE('',*,*,#3091,.T.);
#4384=ORIENTED_EDGE('',*,*,#3127,.F.);
#4385=ORIENTED_EDGE('',*,*,#2689,.F.);
#4386=ORIENTED_EDGE('',*,*,#3128,.T.);
#4387=ORIENTED_EDGE('',*,*,#3092,.T.);
#4388=ORIENTED_EDGE('',*,*,#3126,.F.);
#4389=ORIENTED_EDGE('',*,*,#2688,.F.);
#4390=ORIENTED_EDGE('',*,*,#3129,.T.);
#4391=ORIENTED_EDGE('',*,*,#3093,.T.);
#4392=ORIENTED_EDGE('',*,*,#3128,.F.);
#4393=ORIENTED_EDGE('',*,*,#2687,.F.);
#4394=ORIENTED_EDGE('',*,*,#3130,.T.);
#4395=ORIENTED_EDGE('',*,*,#3094,.T.);
#4396=ORIENTED_EDGE('',*,*,#3129,.F.);
#4397=ORIENTED_EDGE('',*,*,#2686,.F.);
#4398=ORIENTED_EDGE('',*,*,#3131,.T.);
#4399=ORIENTED_EDGE('',*,*,#3095,.T.);
#4400=ORIENTED_EDGE('',*,*,#3130,.F.);
#4401=ORIENTED_EDGE('',*,*,#2685,.F.);
#4402=ORIENTED_EDGE('',*,*,#3132,.T.);
#4403=ORIENTED_EDGE('',*,*,#3096,.T.);
#4404=ORIENTED_EDGE('',*,*,#3131,.F.);
#4405=ORIENTED_EDGE('',*,*,#2684,.F.);
#4406=ORIENTED_EDGE('',*,*,#3133,.T.);
#4407=ORIENTED_EDGE('',*,*,#3097,.T.);
#4408=ORIENTED_EDGE('',*,*,#3132,.F.);
#4409=ORIENTED_EDGE('',*,*,#2683,.F.);
#4410=ORIENTED_EDGE('',*,*,#3134,.T.);
#4411=ORIENTED_EDGE('',*,*,#3098,.T.);
#4412=ORIENTED_EDGE('',*,*,#3133,.F.);
#4413=ORIENTED_EDGE('',*,*,#2682,.F.);
#4414=ORIENTED_EDGE('',*,*,#3135,.T.);
#4415=ORIENTED_EDGE('',*,*,#3099,.T.);
#4416=ORIENTED_EDGE('',*,*,#3134,.F.);
#4417=ORIENTED_EDGE('',*,*,#2681,.F.);
#4418=ORIENTED_EDGE('',*,*,#3136,.T.);
#4419=ORIENTED_EDGE('',*,*,#3100,.T.);
#4420=ORIENTED_EDGE('',*,*,#3135,.F.);
#4421=ORIENTED_EDGE('',*,*,#2680,.F.);
#4422=ORIENTED_EDGE('',*,*,#3137,.T.);
#4423=ORIENTED_EDGE('',*,*,#3101,.T.);
#4424=ORIENTED_EDGE('',*,*,#3136,.F.);
#4425=ORIENTED_EDGE('',*,*,#2679,.F.);
#4426=ORIENTED_EDGE('',*,*,#3138,.T.);
#4427=ORIENTED_EDGE('',*,*,#3102,.T.);
#4428=ORIENTED_EDGE('',*,*,#3137,.F.);
#4429=ORIENTED_EDGE('',*,*,#2678,.F.);
#4430=ORIENTED_EDGE('',*,*,#3139,.T.);
#4431=ORIENTED_EDGE('',*,*,#3103,.T.);
#4432=ORIENTED_EDGE('',*,*,#3138,.F.);
#4433=ORIENTED_EDGE('',*,*,#2677,.F.);
#4434=ORIENTED_EDGE('',*,*,#3140,.T.);
#4435=ORIENTED_EDGE('',*,*,#3104,.T.);
#4436=ORIENTED_EDGE('',*,*,#3139,.F.);
#4437=ORIENTED_EDGE('',*,*,#2676,.F.);
#4438=ORIENTED_EDGE('',*,*,#3141,.T.);
#4439=ORIENTED_EDGE('',*,*,#3105,.T.);
#4440=ORIENTED_EDGE('',*,*,#3140,.F.);
#4441=ORIENTED_EDGE('',*,*,#2675,.F.);
#4442=ORIENTED_EDGE('',*,*,#3142,.T.);
#4443=ORIENTED_EDGE('',*,*,#3106,.T.);
#4444=ORIENTED_EDGE('',*,*,#3141,.F.);
#4445=ORIENTED_EDGE('',*,*,#2674,.F.);
#4446=ORIENTED_EDGE('',*,*,#3143,.T.);
#4447=ORIENTED_EDGE('',*,*,#3107,.T.);
#4448=ORIENTED_EDGE('',*,*,#3142,.F.);
#4449=ORIENTED_EDGE('',*,*,#2673,.F.);
#4450=ORIENTED_EDGE('',*,*,#3144,.T.);
#4451=ORIENTED_EDGE('',*,*,#3108,.T.);
#4452=ORIENTED_EDGE('',*,*,#3143,.F.);
#4453=ORIENTED_EDGE('',*,*,#2672,.F.);
#4454=ORIENTED_EDGE('',*,*,#3145,.T.);
#4455=ORIENTED_EDGE('',*,*,#3109,.T.);
#4456=ORIENTED_EDGE('',*,*,#3144,.F.);
#4457=ORIENTED_EDGE('',*,*,#2671,.F.);
#4458=ORIENTED_EDGE('',*,*,#3146,.T.);
#4459=ORIENTED_EDGE('',*,*,#3110,.T.);
#4460=ORIENTED_EDGE('',*,*,#3145,.F.);
#4461=ORIENTED_EDGE('',*,*,#2670,.F.);
#4462=ORIENTED_EDGE('',*,*,#3147,.T.);
#4463=ORIENTED_EDGE('',*,*,#3111,.T.);
#4464=ORIENTED_EDGE('',*,*,#3146,.F.);
#4465=ORIENTED_EDGE('',*,*,#2669,.F.);
#4466=ORIENTED_EDGE('',*,*,#3148,.T.);
#4467=ORIENTED_EDGE('',*,*,#3112,.T.);
#4468=ORIENTED_EDGE('',*,*,#3147,.F.);
#4469=ORIENTED_EDGE('',*,*,#2668,.F.);
#4470=ORIENTED_EDGE('',*,*,#3149,.T.);
#4471=ORIENTED_EDGE('',*,*,#3113,.T.);
#4472=ORIENTED_EDGE('',*,*,#3148,.F.);
#4473=ORIENTED_EDGE('',*,*,#2667,.F.);
#4474=ORIENTED_EDGE('',*,*,#3150,.T.);
#4475=ORIENTED_EDGE('',*,*,#3114,.T.);
#4476=ORIENTED_EDGE('',*,*,#3149,.F.);
#4477=ORIENTED_EDGE('',*,*,#2666,.F.);
#4478=ORIENTED_EDGE('',*,*,#3151,.T.);
#4479=ORIENTED_EDGE('',*,*,#3115,.T.);
#4480=ORIENTED_EDGE('',*,*,#3150,.F.);
#4481=ORIENTED_EDGE('',*,*,#2665,.F.);
#4482=ORIENTED_EDGE('',*,*,#3152,.T.);
#4483=ORIENTED_EDGE('',*,*,#3116,.T.);
#4484=ORIENTED_EDGE('',*,*,#3151,.F.);
#4485=ORIENTED_EDGE('',*,*,#2664,.F.);
#4486=ORIENTED_EDGE('',*,*,#3153,.T.);
#4487=ORIENTED_EDGE('',*,*,#3117,.T.);
#4488=ORIENTED_EDGE('',*,*,#3152,.F.);
#4489=ORIENTED_EDGE('',*,*,#2663,.F.);
#4490=ORIENTED_EDGE('',*,*,#3154,.T.);
#4491=ORIENTED_EDGE('',*,*,#3118,.T.);
#4492=ORIENTED_EDGE('',*,*,#3153,.F.);
#4493=ORIENTED_EDGE('',*,*,#2662,.F.);
#4494=ORIENTED_EDGE('',*,*,#3155,.T.);
#4495=ORIENTED_EDGE('',*,*,#3119,.T.);
#4496=ORIENTED_EDGE('',*,*,#3154,.F.);
#4497=ORIENTED_EDGE('',*,*,#2661,.F.);
#4498=ORIENTED_EDGE('',*,*,#3156,.T.);
#4499=ORIENTED_EDGE('',*,*,#3120,.T.);
#4500=ORIENTED_EDGE('',*,*,#3155,.F.);
#4501=ORIENTED_EDGE('',*,*,#2660,.F.);
#4502=ORIENTED_EDGE('',*,*,#3157,.T.);
#4503=ORIENTED_EDGE('',*,*,#3121,.T.);
#4504=ORIENTED_EDGE('',*,*,#3156,.F.);
#4505=ORIENTED_EDGE('',*,*,#2659,.F.);
#4506=ORIENTED_EDGE('',*,*,#3158,.T.);
#4507=ORIENTED_EDGE('',*,*,#3122,.T.);
#4508=ORIENTED_EDGE('',*,*,#3157,.F.);
#4509=ORIENTED_EDGE('',*,*,#2658,.F.);
#4510=ORIENTED_EDGE('',*,*,#3159,.T.);
#4511=ORIENTED_EDGE('',*,*,#3123,.T.);
#4512=ORIENTED_EDGE('',*,*,#3158,.F.);
#4513=ORIENTED_EDGE('',*,*,#2657,.F.);
#4514=ORIENTED_EDGE('',*,*,#3160,.T.);
#4515=ORIENTED_EDGE('',*,*,#3124,.T.);
#4516=ORIENTED_EDGE('',*,*,#3159,.F.);
#4517=ORIENTED_EDGE('',*,*,#2656,.F.);
#4518=ORIENTED_EDGE('',*,*,#3127,.T.);
#4519=ORIENTED_EDGE('',*,*,#3125,.T.);
#4520=ORIENTED_EDGE('',*,*,#3160,.F.);
#4521=ORIENTED_EDGE('',*,*,#3161,.F.);
#4522=ORIENTED_EDGE('',*,*,#3162,.F.);
#4523=ORIENTED_EDGE('',*,*,#3163,.F.);
#4524=ORIENTED_EDGE('',*,*,#3164,.F.);
#4525=ORIENTED_EDGE('',*,*,#2690,.F.);
#4526=ORIENTED_EDGE('',*,*,#3165,.T.);
#4527=ORIENTED_EDGE('',*,*,#3161,.T.);
#4528=ORIENTED_EDGE('',*,*,#3166,.F.);
#4529=ORIENTED_EDGE('',*,*,#2693,.F.);
#4530=ORIENTED_EDGE('',*,*,#3167,.T.);
#4531=ORIENTED_EDGE('',*,*,#3162,.T.);
#4532=ORIENTED_EDGE('',*,*,#3165,.F.);
#4533=ORIENTED_EDGE('',*,*,#2692,.F.);
#4534=ORIENTED_EDGE('',*,*,#3168,.T.);
#4535=ORIENTED_EDGE('',*,*,#3163,.T.);
#4536=ORIENTED_EDGE('',*,*,#3167,.F.);
#4537=ORIENTED_EDGE('',*,*,#2691,.F.);
#4538=ORIENTED_EDGE('',*,*,#3166,.T.);
#4539=ORIENTED_EDGE('',*,*,#3164,.T.);
#4540=ORIENTED_EDGE('',*,*,#3168,.F.);
#4541=ORIENTED_EDGE('',*,*,#3169,.F.);
#4542=ORIENTED_EDGE('',*,*,#3170,.F.);
#4543=ORIENTED_EDGE('',*,*,#3171,.F.);
#4544=ORIENTED_EDGE('',*,*,#3172,.F.);
#4545=ORIENTED_EDGE('',*,*,#3173,.F.);
#4546=ORIENTED_EDGE('',*,*,#3174,.F.);
#4547=ORIENTED_EDGE('',*,*,#3175,.F.);
#4548=ORIENTED_EDGE('',*,*,#3176,.F.);
#4549=ORIENTED_EDGE('',*,*,#2694,.F.);
#4550=ORIENTED_EDGE('',*,*,#3177,.T.);
#4551=ORIENTED_EDGE('',*,*,#3169,.T.);
#4552=ORIENTED_EDGE('',*,*,#3178,.F.);
#4553=ORIENTED_EDGE('',*,*,#2701,.F.);
#4554=ORIENTED_EDGE('',*,*,#3179,.T.);
#4555=ORIENTED_EDGE('',*,*,#3170,.T.);
#4556=ORIENTED_EDGE('',*,*,#3177,.F.);
#4557=ORIENTED_EDGE('',*,*,#2700,.F.);
#4558=ORIENTED_EDGE('',*,*,#3180,.T.);
#4559=ORIENTED_EDGE('',*,*,#3171,.T.);
#4560=ORIENTED_EDGE('',*,*,#3179,.F.);
#4561=ORIENTED_EDGE('',*,*,#2699,.F.);
#4562=ORIENTED_EDGE('',*,*,#3181,.T.);
#4563=ORIENTED_EDGE('',*,*,#3172,.T.);
#4564=ORIENTED_EDGE('',*,*,#3180,.F.);
#4565=ORIENTED_EDGE('',*,*,#2698,.F.);
#4566=ORIENTED_EDGE('',*,*,#3182,.T.);
#4567=ORIENTED_EDGE('',*,*,#3173,.T.);
#4568=ORIENTED_EDGE('',*,*,#3181,.F.);
#4569=ORIENTED_EDGE('',*,*,#2697,.F.);
#4570=ORIENTED_EDGE('',*,*,#3183,.T.);
#4571=ORIENTED_EDGE('',*,*,#3174,.T.);
#4572=ORIENTED_EDGE('',*,*,#3182,.F.);
#4573=ORIENTED_EDGE('',*,*,#2696,.F.);
#4574=ORIENTED_EDGE('',*,*,#3184,.T.);
#4575=ORIENTED_EDGE('',*,*,#3175,.T.);
#4576=ORIENTED_EDGE('',*,*,#3183,.F.);
#4577=ORIENTED_EDGE('',*,*,#2695,.F.);
#4578=ORIENTED_EDGE('',*,*,#3178,.T.);
#4579=ORIENTED_EDGE('',*,*,#3176,.T.);
#4580=ORIENTED_EDGE('',*,*,#3184,.F.);
#4581=ORIENTED_EDGE('',*,*,#3185,.F.);
#4582=ORIENTED_EDGE('',*,*,#3186,.T.);
#4583=ORIENTED_EDGE('',*,*,#3187,.T.);
#4584=ORIENTED_EDGE('',*,*,#3186,.F.);
#4585=ORIENTED_EDGE('',*,*,#3187,.F.);
#4586=ORIENTED_EDGE('',*,*,#2772,.T.);
#4587=ORIENTED_EDGE('',*,*,#3188,.T.);
#4588=ORIENTED_EDGE('',*,*,#3026,.T.);
#4589=ORIENTED_EDGE('',*,*,#3188,.F.);
#4590=ORIENTED_EDGE('',*,*,#2904,.T.);
#4591=ORIENTED_EDGE('',*,*,#2489,.F.);
#4592=ORIENTED_EDGE('',*,*,#3185,.T.);
#4593=CYLINDRICAL_SURFACE('',#5000,22.);
#4594=CYLINDRICAL_SURFACE('',#5003,17.);
#4595=CYLINDRICAL_SURFACE('',#5010,15.);
#4596=CYLINDRICAL_SURFACE('',#5102,17.);
#4597=CYLINDRICAL_SURFACE('',#5109,17.);
#4598=CYLINDRICAL_SURFACE('',#5116,17.);
#4599=CYLINDRICAL_SURFACE('',#5119,17.);
#4600=CYLINDRICAL_SURFACE('',#5126,15.);
#4601=CYLINDRICAL_SURFACE('',#5131,17.);
#4602=CYLINDRICAL_SURFACE('',#5138,17.);
#4603=CYLINDRICAL_SURFACE('',#5145,17.);
#4604=CYLINDRICAL_SURFACE('',#5148,17.);
#4605=CYLINDRICAL_SURFACE('',#5155,15.);
#4606=CYLINDRICAL_SURFACE('',#5157,17.);
#4607=CYLINDRICAL_SURFACE('',#5163,15.);
#4608=CYLINDRICAL_SURFACE('',#5165,17.);
#4609=CYLINDRICAL_SURFACE('',#5172,15.);
#4610=CYLINDRICAL_SURFACE('',#5173,17.);
#4611=CYLINDRICAL_SURFACE('',#5179,15.);
#4612=CYLINDRICAL_SURFACE('',#5181,17.);
#4613=CYLINDRICAL_SURFACE('',#5188,15.);
#4614=CYLINDRICAL_SURFACE('',#5190,17.);
#4615=CYLINDRICAL_SURFACE('',#5197,15.);
#4616=CYLINDRICAL_SURFACE('',#5198,17.);
#4617=CYLINDRICAL_SURFACE('',#5205,15.);
#4618=CYLINDRICAL_SURFACE('',#5207,17.);
#4619=CYLINDRICAL_SURFACE('',#5214,15.);
#4620=CYLINDRICAL_SURFACE('',#5215,17.);
#4621=CYLINDRICAL_SURFACE('',#5221,15.);
#4622=CYLINDRICAL_SURFACE('',#5222,17.);
#4623=CYLINDRICAL_SURFACE('',#5229,15.);
#4624=CYLINDRICAL_SURFACE('',#5231,17.);
#4625=CYLINDRICAL_SURFACE('',#5237,15.);
#4626=CYLINDRICAL_SURFACE('',#5238,17.);
#4627=CYLINDRICAL_SURFACE('',#5244,15.);
#4628=CYLINDRICAL_SURFACE('',#5249,17.);
#4629=CYLINDRICAL_SURFACE('',#5256,17.);
#4630=CYLINDRICAL_SURFACE('',#5263,17.);
#4631=CYLINDRICAL_SURFACE('',#5270,17.);
#4632=CYLINDRICAL_SURFACE('',#5277,17.);
#4633=CYLINDRICAL_SURFACE('',#5284,17.);
#4634=CYLINDRICAL_SURFACE('',#5291,17.);
#4635=CYLINDRICAL_SURFACE('',#5298,17.);
#4636=CYLINDRICAL_SURFACE('',#5301,17.);
#4637=CYLINDRICAL_SURFACE('',#5308,15.);
#4638=CYLINDRICAL_SURFACE('',#5310,17.);
#4639=CYLINDRICAL_SURFACE('',#5316,15.);
#4640=CYLINDRICAL_SURFACE('',#5318,17.);
#4641=CYLINDRICAL_SURFACE('',#5325,15.);
#4642=CYLINDRICAL_SURFACE('',#5326,17.);
#4643=CYLINDRICAL_SURFACE('',#5333,15.);
#4644=CYLINDRICAL_SURFACE('',#5334,17.);
#4645=CYLINDRICAL_SURFACE('',#5341,15.);
#4646=CYLINDRICAL_SURFACE('',#5343,17.);
#4647=CYLINDRICAL_SURFACE('',#5350,15.);
#4648=CYLINDRICAL_SURFACE('',#5352,17.);
#4649=CYLINDRICAL_SURFACE('',#5359,15.);
#4650=CYLINDRICAL_SURFACE('',#5361,17.);
#4651=CYLINDRICAL_SURFACE('',#5368,15.);
#4652=CYLINDRICAL_SURFACE('',#5370,17.);
#4653=CYLINDRICAL_SURFACE('',#5376,15.);
#4654=CYLINDRICAL_SURFACE('',#5377,17.);
#4655=CYLINDRICAL_SURFACE('',#5383,15.);
#4656=CYLINDRICAL_SURFACE('',#5384,17.);
#4657=CYLINDRICAL_SURFACE('',#5390,15.);
#4658=CYLINDRICAL_SURFACE('',#5391,17.);
#4659=CYLINDRICAL_SURFACE('',#5397,15.);
#4660=CYLINDRICAL_SURFACE('',#5398,17.);
#4661=CYLINDRICAL_SURFACE('',#5404,15.);
#4662=CYLINDRICAL_SURFACE('',#5405,17.);
#4663=CYLINDRICAL_SURFACE('',#5412,15.);
#4664=CYLINDRICAL_SURFACE('',#5414,17.);
#4665=CYLINDRICAL_SURFACE('',#5420,15.);
#4666=CYLINDRICAL_SURFACE('',#5421,17.);
#4667=CYLINDRICAL_SURFACE('',#5427,15.);
#4668=CYLINDRICAL_SURFACE('',#5433,17.);
#4669=CYLINDRICAL_SURFACE('',#5440,17.);
#4670=CYLINDRICAL_SURFACE('',#5447,17.);
#4671=CYLINDRICAL_SURFACE('',#5450,17.);
#4672=CYLINDRICAL_SURFACE('',#5456,15.);
#4673=CYLINDRICAL_SURFACE('',#5461,17.);
#4674=CYLINDRICAL_SURFACE('',#5466,17.);
#4675=CYLINDRICAL_SURFACE('',#5477,17.);
#4676=CYLINDRICAL_SURFACE('',#5491,17.);
#4677=CYLINDRICAL_SURFACE('',#5492,17.);
#4678=CYLINDRICAL_SURFACE('',#5499,17.);
#4679=CYLINDRICAL_SURFACE('',#5512,13.);
#4680=CYLINDRICAL_SURFACE('',#5516,15.);
#4681=ADVANCED_FACE('',(#410),#4593,.T.);
#4682=ADVANCED_FACE('',(#411),#4594,.T.);
#4683=ADVANCED_FACE('',(#412,#176),#245,.T.);
#4684=ADVANCED_FACE('',(#413,#177),#246,.F.);
#4685=ADVANCED_FACE('',(#414,#178,#179,#180,#181,#182),#4595,.T.);
#4686=ADVANCED_FACE('',(#415),#247,.F.);
#4687=ADVANCED_FACE('',(#416),#248,.F.);
#4688=ADVANCED_FACE('',(#417),#249,.T.);
#4689=ADVANCED_FACE('',(#418),#4596,.T.);
#4690=ADVANCED_FACE('',(#419),#250,.F.);
#4691=ADVANCED_FACE('',(#420),#251,.F.);
#4692=ADVANCED_FACE('',(#421),#252,.F.);
#4693=ADVANCED_FACE('',(#422),#253,.T.);
#4694=ADVANCED_FACE('',(#423),#4597,.T.);
#4695=ADVANCED_FACE('',(#424),#254,.F.);
#4696=ADVANCED_FACE('',(#425),#255,.F.);
#4697=ADVANCED_FACE('',(#426),#256,.F.);
#4698=ADVANCED_FACE('',(#427),#257,.T.);
#4699=ADVANCED_FACE('',(#428),#4598,.T.);
#4700=ADVANCED_FACE('',(#429),#258,.F.);
#4701=ADVANCED_FACE('',(#430),#4599,.T.);
#4702=ADVANCED_FACE('',(#431,#183),#259,.T.);
#4703=ADVANCED_FACE('',(#432,#184),#260,.F.);
#4704=ADVANCED_FACE('',(#433),#4600,.T.);
#4705=ADVANCED_FACE('',(#434),#261,.F.);
#4706=ADVANCED_FACE('',(#435),#262,.F.);
#4707=ADVANCED_FACE('',(#436),#263,.T.);
#4708=ADVANCED_FACE('',(#437),#4601,.T.);
#4709=ADVANCED_FACE('',(#438),#264,.F.);
#4710=ADVANCED_FACE('',(#439),#265,.F.);
#4711=ADVANCED_FACE('',(#440),#266,.F.);
#4712=ADVANCED_FACE('',(#441),#267,.T.);
#4713=ADVANCED_FACE('',(#442),#4602,.T.);
#4714=ADVANCED_FACE('',(#443),#268,.F.);
#4715=ADVANCED_FACE('',(#444),#269,.F.);
#4716=ADVANCED_FACE('',(#445),#270,.F.);
#4717=ADVANCED_FACE('',(#446),#271,.T.);
#4718=ADVANCED_FACE('',(#447),#4603,.T.);
#4719=ADVANCED_FACE('',(#448),#272,.F.);
#4720=ADVANCED_FACE('',(#449),#4604,.T.);
#4721=ADVANCED_FACE('',(#450,#185),#273,.T.);
#4722=ADVANCED_FACE('',(#451,#186),#274,.F.);
#4723=ADVANCED_FACE('',(#452),#4605,.T.);
#4724=ADVANCED_FACE('',(#453),#4606,.T.);
#4725=ADVANCED_FACE('',(#454,#187),#275,.T.);
#4726=ADVANCED_FACE('',(#455,#188),#276,.F.);
#4727=ADVANCED_FACE('',(#456),#4607,.T.);
#4728=ADVANCED_FACE('',(#457),#4608,.T.);
#4729=ADVANCED_FACE('',(#458,#189),#277,.T.);
#4730=ADVANCED_FACE('',(#459,#190),#278,.F.);
#4731=ADVANCED_FACE('',(#460),#4609,.T.);
#4732=ADVANCED_FACE('',(#461),#4610,.T.);
#4733=ADVANCED_FACE('',(#462,#191),#279,.T.);
#4734=ADVANCED_FACE('',(#463,#192),#280,.F.);
#4735=ADVANCED_FACE('',(#464),#4611,.T.);
#4736=ADVANCED_FACE('',(#465),#4612,.T.);
#4737=ADVANCED_FACE('',(#466,#193),#281,.T.);
#4738=ADVANCED_FACE('',(#467,#194),#282,.F.);
#4739=ADVANCED_FACE('',(#468),#4613,.T.);
#4740=ADVANCED_FACE('',(#469),#4614,.T.);
#4741=ADVANCED_FACE('',(#470,#195),#283,.T.);
#4742=ADVANCED_FACE('',(#471,#196),#284,.F.);
#4743=ADVANCED_FACE('',(#472),#4615,.T.);
#4744=ADVANCED_FACE('',(#473),#4616,.T.);
#4745=ADVANCED_FACE('',(#474,#197),#285,.T.);
#4746=ADVANCED_FACE('',(#475,#198),#286,.F.);
#4747=ADVANCED_FACE('',(#476),#4617,.T.);
#4748=ADVANCED_FACE('',(#477),#4618,.T.);
#4749=ADVANCED_FACE('',(#478,#199),#287,.T.);
#4750=ADVANCED_FACE('',(#479,#200),#288,.F.);
#4751=ADVANCED_FACE('',(#480),#4619,.T.);
#4752=ADVANCED_FACE('',(#481),#4620,.T.);
#4753=ADVANCED_FACE('',(#482,#201),#289,.T.);
#4754=ADVANCED_FACE('',(#483,#202),#290,.F.);
#4755=ADVANCED_FACE('',(#484),#4621,.T.);
#4756=ADVANCED_FACE('',(#485),#4622,.T.);
#4757=ADVANCED_FACE('',(#486,#203),#291,.T.);
#4758=ADVANCED_FACE('',(#487,#204),#292,.F.);
#4759=ADVANCED_FACE('',(#488),#4623,.T.);
#4760=ADVANCED_FACE('',(#489),#4624,.T.);
#4761=ADVANCED_FACE('',(#490,#205),#293,.T.);
#4762=ADVANCED_FACE('',(#491,#206),#294,.F.);
#4763=ADVANCED_FACE('',(#492),#4625,.T.);
#4764=ADVANCED_FACE('',(#493),#4626,.T.);
#4765=ADVANCED_FACE('',(#494,#207),#295,.T.);
#4766=ADVANCED_FACE('',(#495,#208),#296,.F.);
#4767=ADVANCED_FACE('',(#496),#4627,.T.);
#4768=ADVANCED_FACE('',(#497),#297,.F.);
#4769=ADVANCED_FACE('',(#498),#298,.F.);
#4770=ADVANCED_FACE('',(#499),#299,.T.);
#4771=ADVANCED_FACE('',(#500),#4628,.T.);
#4772=ADVANCED_FACE('',(#501),#300,.F.);
#4773=ADVANCED_FACE('',(#502),#301,.F.);
#4774=ADVANCED_FACE('',(#503),#302,.F.);
#4775=ADVANCED_FACE('',(#504),#303,.T.);
#4776=ADVANCED_FACE('',(#505),#4629,.T.);
#4777=ADVANCED_FACE('',(#506),#304,.F.);
#4778=ADVANCED_FACE('',(#507),#305,.F.);
#4779=ADVANCED_FACE('',(#508),#306,.F.);
#4780=ADVANCED_FACE('',(#509),#307,.T.);
#4781=ADVANCED_FACE('',(#510),#4630,.T.);
#4782=ADVANCED_FACE('',(#511),#308,.F.);
#4783=ADVANCED_FACE('',(#512),#309,.F.);
#4784=ADVANCED_FACE('',(#513),#310,.F.);
#4785=ADVANCED_FACE('',(#514),#311,.T.);
#4786=ADVANCED_FACE('',(#515),#4631,.T.);
#4787=ADVANCED_FACE('',(#516),#312,.F.);
#4788=ADVANCED_FACE('',(#517),#313,.F.);
#4789=ADVANCED_FACE('',(#518),#314,.F.);
#4790=ADVANCED_FACE('',(#519),#315,.T.);
#4791=ADVANCED_FACE('',(#520),#4632,.T.);
#4792=ADVANCED_FACE('',(#521),#316,.F.);
#4793=ADVANCED_FACE('',(#522),#317,.F.);
#4794=ADVANCED_FACE('',(#523),#318,.F.);
#4795=ADVANCED_FACE('',(#524),#319,.T.);
#4796=ADVANCED_FACE('',(#525),#4633,.T.);
#4797=ADVANCED_FACE('',(#526),#320,.F.);
#4798=ADVANCED_FACE('',(#527),#321,.F.);
#4799=ADVANCED_FACE('',(#528),#322,.F.);
#4800=ADVANCED_FACE('',(#529),#323,.T.);
#4801=ADVANCED_FACE('',(#530),#4634,.T.);
#4802=ADVANCED_FACE('',(#531),#324,.F.);
#4803=ADVANCED_FACE('',(#532),#325,.F.);
#4804=ADVANCED_FACE('',(#533),#326,.F.);
#4805=ADVANCED_FACE('',(#534),#327,.T.);
#4806=ADVANCED_FACE('',(#535),#4635,.T.);
#4807=ADVANCED_FACE('',(#536),#328,.F.);
#4808=ADVANCED_FACE('',(#537),#4636,.T.);
#4809=ADVANCED_FACE('',(#538,#209),#329,.T.);
#4810=ADVANCED_FACE('',(#539,#210),#330,.F.);
#4811=ADVANCED_FACE('',(#540),#4637,.T.);
#4812=ADVANCED_FACE('',(#541),#4638,.T.);
#4813=ADVANCED_FACE('',(#542,#211),#331,.T.);
#4814=ADVANCED_FACE('',(#543,#212),#332,.F.);
#4815=ADVANCED_FACE('',(#544),#4639,.T.);
#4816=ADVANCED_FACE('',(#545),#4640,.T.);
#4817=ADVANCED_FACE('',(#546,#213),#333,.T.);
#4818=ADVANCED_FACE('',(#547,#214),#334,.F.);
#4819=ADVANCED_FACE('',(#548),#4641,.T.);
#4820=ADVANCED_FACE('',(#549),#4642,.T.);
#4821=ADVANCED_FACE('',(#550,#215),#335,.T.);
#4822=ADVANCED_FACE('',(#551,#216),#336,.F.);
#4823=ADVANCED_FACE('',(#552),#4643,.T.);
#4824=ADVANCED_FACE('',(#553),#4644,.T.);
#4825=ADVANCED_FACE('',(#554,#217),#337,.T.);
#4826=ADVANCED_FACE('',(#555,#218),#338,.F.);
#4827=ADVANCED_FACE('',(#556),#4645,.T.);
#4828=ADVANCED_FACE('',(#557),#4646,.T.);
#4829=ADVANCED_FACE('',(#558,#219),#339,.T.);
#4830=ADVANCED_FACE('',(#559,#220),#340,.F.);
#4831=ADVANCED_FACE('',(#560),#4647,.T.);
#4832=ADVANCED_FACE('',(#561),#4648,.T.);
#4833=ADVANCED_FACE('',(#562,#221),#341,.T.);
#4834=ADVANCED_FACE('',(#563,#222),#342,.F.);
#4835=ADVANCED_FACE('',(#564),#4649,.T.);
#4836=ADVANCED_FACE('',(#565),#4650,.T.);
#4837=ADVANCED_FACE('',(#566,#223),#343,.T.);
#4838=ADVANCED_FACE('',(#567,#224),#344,.F.);
#4839=ADVANCED_FACE('',(#568),#4651,.T.);
#4840=ADVANCED_FACE('',(#569),#4652,.T.);
#4841=ADVANCED_FACE('',(#570,#225),#345,.T.);
#4842=ADVANCED_FACE('',(#571,#226),#346,.F.);
#4843=ADVANCED_FACE('',(#572),#4653,.T.);
#4844=ADVANCED_FACE('',(#573),#4654,.T.);
#4845=ADVANCED_FACE('',(#574,#227),#347,.T.);
#4846=ADVANCED_FACE('',(#575,#228),#348,.F.);
#4847=ADVANCED_FACE('',(#576),#4655,.T.);
#4848=ADVANCED_FACE('',(#577),#4656,.T.);
#4849=ADVANCED_FACE('',(#578,#229),#349,.T.);
#4850=ADVANCED_FACE('',(#579,#230),#350,.F.);
#4851=ADVANCED_FACE('',(#580),#4657,.T.);
#4852=ADVANCED_FACE('',(#581),#4658,.T.);
#4853=ADVANCED_FACE('',(#582,#231),#351,.T.);
#4854=ADVANCED_FACE('',(#583,#232),#352,.F.);
#4855=ADVANCED_FACE('',(#584),#4659,.T.);
#4856=ADVANCED_FACE('',(#585),#4660,.T.);
#4857=ADVANCED_FACE('',(#586,#233),#353,.T.);
#4858=ADVANCED_FACE('',(#587,#234),#354,.F.);
#4859=ADVANCED_FACE('',(#588),#4661,.T.);
#4860=ADVANCED_FACE('',(#589),#4662,.T.);
#4861=ADVANCED_FACE('',(#590,#235),#355,.T.);
#4862=ADVANCED_FACE('',(#591,#236),#356,.F.);
#4863=ADVANCED_FACE('',(#592),#4663,.T.);
#4864=ADVANCED_FACE('',(#593),#4664,.T.);
#4865=ADVANCED_FACE('',(#594,#237),#357,.T.);
#4866=ADVANCED_FACE('',(#595,#238),#358,.F.);
#4867=ADVANCED_FACE('',(#596),#4665,.T.);
#4868=ADVANCED_FACE('',(#597),#4666,.T.);
#4869=ADVANCED_FACE('',(#598,#239),#359,.T.);
#4870=ADVANCED_FACE('',(#599,#240),#360,.F.);
#4871=ADVANCED_FACE('',(#600),#4667,.T.);
#4872=ADVANCED_FACE('',(#601),#361,.F.);
#4873=ADVANCED_FACE('',(#602),#362,.F.);
#4874=ADVANCED_FACE('',(#603),#363,.T.);
#4875=ADVANCED_FACE('',(#604),#4668,.T.);
#4876=ADVANCED_FACE('',(#605),#364,.F.);
#4877=ADVANCED_FACE('',(#606),#365,.F.);
#4878=ADVANCED_FACE('',(#607),#366,.F.);
#4879=ADVANCED_FACE('',(#608),#367,.T.);
#4880=ADVANCED_FACE('',(#609),#4669,.T.);
#4881=ADVANCED_FACE('',(#610),#368,.F.);
#4882=ADVANCED_FACE('',(#611),#369,.F.);
#4883=ADVANCED_FACE('',(#612),#370,.F.);
#4884=ADVANCED_FACE('',(#613),#371,.T.);
#4885=ADVANCED_FACE('',(#614),#4670,.T.);
#4886=ADVANCED_FACE('',(#615),#372,.F.);
#4887=ADVANCED_FACE('',(#616),#4671,.T.);
#4888=ADVANCED_FACE('',(#617,#241),#373,.T.);
#4889=ADVANCED_FACE('',(#618,#242),#374,.F.);
#4890=ADVANCED_FACE('',(#619),#4672,.T.);
#4891=ADVANCED_FACE('',(#620),#375,.F.);
#4892=ADVANCED_FACE('',(#621),#376,.F.);
#4893=ADVANCED_FACE('',(#622),#377,.T.);
#4894=ADVANCED_FACE('',(#623),#4673,.T.);
#4895=ADVANCED_FACE('',(#624),#378,.F.);
#4896=ADVANCED_FACE('',(#625,#243),#379,.F.);
#4897=ADVANCED_FACE('',(#626),#4674,.T.);
#4898=ADVANCED_FACE('',(#627),#14,.F.);
#4899=ADVANCED_FACE('',(#628),#15,.F.);
#4900=ADVANCED_FACE('',(#629),#16,.F.);
#4901=ADVANCED_FACE('',(#630),#17,.F.);
#4902=ADVANCED_FACE('',(#631),#18,.F.);
#4903=ADVANCED_FACE('',(#632),#380,.F.);
#4904=ADVANCED_FACE('',(#633),#381,.F.);
#4905=ADVANCED_FACE('',(#634),#382,.F.);
#4906=ADVANCED_FACE('',(#635),#19,.F.);
#4907=ADVANCED_FACE('',(#636),#20,.F.);
#4908=ADVANCED_FACE('',(#637),#21,.F.);
#4909=ADVANCED_FACE('',(#638),#22,.F.);
#4910=ADVANCED_FACE('',(#639),#23,.F.);
#4911=ADVANCED_FACE('',(#640),#24,.F.);
#4912=ADVANCED_FACE('',(#641),#383,.F.);
#4913=ADVANCED_FACE('',(#642),#384,.F.);
#4914=ADVANCED_FACE('',(#643),#385,.F.);
#4915=ADVANCED_FACE('',(#644),#4675,.T.);
#4916=ADVANCED_FACE('',(#645),#386,.F.);
#4917=ADVANCED_FACE('',(#646),#25,.F.);
#4918=ADVANCED_FACE('',(#647),#387,.F.);
#4919=ADVANCED_FACE('',(#648),#26,.F.);
#4920=ADVANCED_FACE('',(#649),#388,.F.);
#4921=ADVANCED_FACE('',(#650),#389,.F.);
#4922=ADVANCED_FACE('',(#651),#390,.F.);
#4923=ADVANCED_FACE('',(#652),#391,.F.);
#4924=ADVANCED_FACE('',(#653),#27,.F.);
#4925=ADVANCED_FACE('',(#654),#28,.F.);
#4926=ADVANCED_FACE('',(#655),#29,.F.);
#4927=ADVANCED_FACE('',(#656),#30,.F.);
#4928=ADVANCED_FACE('',(#657),#392,.F.);
#4929=ADVANCED_FACE('',(#658),#393,.F.);
#4930=ADVANCED_FACE('',(#659),#394,.F.);
#4931=ADVANCED_FACE('',(#660),#4676,.T.);
#4932=ADVANCED_FACE('',(#661),#31,.F.);
#4933=ADVANCED_FACE('',(#662),#32,.F.);
#4934=ADVANCED_FACE('',(#663),#33,.F.);
#4935=ADVANCED_FACE('',(#664),#34,.F.);
#4936=ADVANCED_FACE('',(#665),#35,.F.);
#4937=ADVANCED_FACE('',(#666),#36,.F.);
#4938=ADVANCED_FACE('',(#667),#37,.F.);
#4939=ADVANCED_FACE('',(#668),#38,.F.);
#4940=ADVANCED_FACE('',(#669),#39,.F.);
#4941=ADVANCED_FACE('',(#670),#40,.F.);
#4942=ADVANCED_FACE('',(#671),#41,.F.);
#4943=ADVANCED_FACE('',(#672),#42,.F.);
#4944=ADVANCED_FACE('',(#673),#43,.F.);
#4945=ADVANCED_FACE('',(#674),#44,.F.);
#4946=ADVANCED_FACE('',(#675),#45,.F.);
#4947=ADVANCED_FACE('',(#676),#46,.F.);
#4948=ADVANCED_FACE('',(#677),#47,.F.);
#4949=ADVANCED_FACE('',(#678),#48,.F.);
#4950=ADVANCED_FACE('',(#679),#49,.F.);
#4951=ADVANCED_FACE('',(#680),#50,.F.);
#4952=ADVANCED_FACE('',(#681),#51,.F.);
#4953=ADVANCED_FACE('',(#682),#52,.F.);
#4954=ADVANCED_FACE('',(#683),#53,.F.);
#4955=ADVANCED_FACE('',(#684),#54,.F.);
#4956=ADVANCED_FACE('',(#685),#55,.F.);
#4957=ADVANCED_FACE('',(#686),#56,.F.);
#4958=ADVANCED_FACE('',(#687),#57,.F.);
#4959=ADVANCED_FACE('',(#688),#58,.F.);
#4960=ADVANCED_FACE('',(#689),#59,.F.);
#4961=ADVANCED_FACE('',(#690),#60,.F.);
#4962=ADVANCED_FACE('',(#691),#61,.F.);
#4963=ADVANCED_FACE('',(#692),#62,.F.);
#4964=ADVANCED_FACE('',(#693),#63,.F.);
#4965=ADVANCED_FACE('',(#694),#64,.F.);
#4966=ADVANCED_FACE('',(#695),#65,.F.);
#4967=ADVANCED_FACE('',(#696),#4677,.T.);
#4968=ADVANCED_FACE('',(#697),#395,.F.);
#4969=ADVANCED_FACE('',(#698),#396,.F.);
#4970=ADVANCED_FACE('',(#699),#397,.F.);
#4971=ADVANCED_FACE('',(#700),#398,.F.);
#4972=ADVANCED_FACE('',(#701),#4678,.T.);
#4973=ADVANCED_FACE('',(#702),#399,.F.);
#4974=ADVANCED_FACE('',(#703),#400,.F.);
#4975=ADVANCED_FACE('',(#704),#401,.F.);
#4976=ADVANCED_FACE('',(#705),#402,.F.);
#4977=ADVANCED_FACE('',(#706),#403,.F.);
#4978=ADVANCED_FACE('',(#707),#404,.F.);
#4979=ADVANCED_FACE('',(#708),#405,.F.);
#4980=ADVANCED_FACE('',(#709),#406,.F.);
#4981=ADVANCED_FACE('',(#710),#4679,.F.);
#4982=ADVANCED_FACE('',(#711),#407,.F.);
#4983=ADVANCED_FACE('',(#712),#4680,.T.);
#4984=ADVANCED_FACE('',(#713),#408,.T.);
#4985=ADVANCED_FACE('',(#714,#244),#409,.F.);
#4986=CLOSED_SHELL('',(#4681,#4682,#4683,#4684,#4685,#4686,#4687,#4688,
#4689,#4690,#4691,#4692,#4693,#4694,#4695,#4696,#4697,#4698,#4699,#4700,
#4701,#4702,#4703,#4704,#4705,#4706,#4707,#4708,#4709,#4710,#4711,#4712,
#4713,#4714,#4715,#4716,#4717,#4718,#4719,#4720,#4721,#4722,#4723,#4724,
#4725,#4726,#4727,#4728,#4729,#4730,#4731,#4732,#4733,#4734,#4735,#4736,
#4737,#4738,#4739,#4740,#4741,#4742,#4743,#4744,#4745,#4746,#4747,#4748,
#4749,#4750,#4751,#4752,#4753,#4754,#4755,#4756,#4757,#4758,#4759,#4760,
#4761,#4762,#4763,#4764,#4765,#4766,#4767,#4768,#4769,#4770,#4771,#4772,
#4773,#4774,#4775,#4776,#4777,#4778,#4779,#4780,#4781,#4782,#4783,#4784,
#4785,#4786,#4787,#4788,#4789,#4790,#4791,#4792,#4793,#4794,#4795,#4796,
#4797,#4798,#4799,#4800,#4801,#4802,#4803,#4804,#4805,#4806,#4807,#4808,
#4809,#4810,#4811,#4812,#4813,#4814,#4815,#4816,#4817,#4818,#4819,#4820,
#4821,#4822,#4823,#4824,#4825,#4826,#4827,#4828,#4829,#4830,#4831,#4832,
#4833,#4834,#4835,#4836,#4837,#4838,#4839,#4840,#4841,#4842,#4843,#4844,
#4845,#4846,#4847,#4848,#4849,#4850,#4851,#4852,#4853,#4854,#4855,#4856,
#4857,#4858,#4859,#4860,#4861,#4862,#4863,#4864,#4865,#4866,#4867,#4868,
#4869,#4870,#4871,#4872,#4873,#4874,#4875,#4876,#4877,#4878,#4879,#4880,
#4881,#4882,#4883,#4884,#4885,#4886,#4887,#4888,#4889,#4890,#4891,#4892,
#4893,#4894,#4895,#4896,#4897,#4898,#4899,#4900,#4901,#4902,#4903,#4904,
#4905,#4906,#4907,#4908,#4909,#4910,#4911,#4912,#4913,#4914,#4915,#4916,
#4917,#4918,#4919,#4920,#4921,#4922,#4923,#4924,#4925,#4926,#4927,#4928,
#4929,#4930,#4931,#4932,#4933,#4934,#4935,#4936,#4937,#4938,#4939,#4940,
#4941,#4942,#4943,#4944,#4945,#4946,#4947,#4948,#4949,#4950,#4951,#4952,
#4953,#4954,#4955,#4956,#4957,#4958,#4959,#4960,#4961,#4962,#4963,#4964,
#4965,#4966,#4967,#4968,#4969,#4970,#4971,#4972,#4973,#4974,#4975,#4976,
#4977,#4978,#4979,#4980,#4981,#4982,#4983,#4984,#4985));
#4987=DERIVED_UNIT_ELEMENT(#4989,1.);
#4988=DERIVED_UNIT_ELEMENT(#9740,-3.);
#4989=(
MASS_UNIT()
NAMED_UNIT(*)
SI_UNIT(.KILO.,.GRAM.)
);
#4990=DERIVED_UNIT((#4987,#4988));
#4991=MEASURE_REPRESENTATION_ITEM('density measure',
POSITIVE_RATIO_MEASURE(7850.),#4990);
#4992=PROPERTY_DEFINITION_REPRESENTATION(#4997,#4994);
#4993=PROPERTY_DEFINITION_REPRESENTATION(#4998,#4995);
#4994=REPRESENTATION('material name',(#4996),#9737);
#4995=REPRESENTATION('density',(#4991),#9737);
#4996=DESCRIPTIVE_REPRESENTATION_ITEM('Steel','Steel');
#4997=PROPERTY_DEFINITION('material property','material name',#9747);
#4998=PROPERTY_DEFINITION('material property','density of part',#9747);
#4999=AXIS2_PLACEMENT_3D('',#6891,#5519,#5520);
#5000=AXIS2_PLACEMENT_3D('',#6892,#5521,#5522);
#5001=AXIS2_PLACEMENT_3D('',#6894,#5523,#5524);
#5002=AXIS2_PLACEMENT_3D('',#6897,#5526,#5527);
#5003=AXIS2_PLACEMENT_3D('',#6898,#5528,#5529);
#5004=AXIS2_PLACEMENT_3D('',#6900,#5530,#5531);
#5005=AXIS2_PLACEMENT_3D('',#6903,#5533,#5534);
#5006=AXIS2_PLACEMENT_3D('',#6904,#5535,#5536);
#5007=AXIS2_PLACEMENT_3D('',#6906,#5537,#5538);
#5008=AXIS2_PLACEMENT_3D('',#6907,#5539,#5540);
#5009=AXIS2_PLACEMENT_3D('',#6909,#5541,#5542);
#5010=AXIS2_PLACEMENT_3D('',#6910,#5543,#5544);
#5011=AXIS2_PLACEMENT_3D('',#6912,#5545,#5546);
#5012=AXIS2_PLACEMENT_3D('',#6916,#5548,#5549);
#5013=AXIS2_PLACEMENT_3D('',#6920,#5551,#5552);
#5014=AXIS2_PLACEMENT_3D('',#6924,#5554,#5555);
#5015=AXIS2_PLACEMENT_3D('',#6928,#5557,#5558);
#5016=AXIS2_PLACEMENT_3D('',#6932,#5560,#5561);
#5017=AXIS2_PLACEMENT_3D('',#6936,#5563,#5564);
#5018=AXIS2_PLACEMENT_3D('',#6940,#5566,#5567);
#5019=AXIS2_PLACEMENT_3D('',#6944,#5569,#5570);
#5020=AXIS2_PLACEMENT_3D('',#6948,#5572,#5573);
#5021=AXIS2_PLACEMENT_3D('',#6952,#5575,#5576);
#5022=AXIS2_PLACEMENT_3D('',#6956,#5578,#5579);
#5023=AXIS2_PLACEMENT_3D('',#6960,#5581,#5582);
#5024=AXIS2_PLACEMENT_3D('',#6964,#5584,#5585);
#5025=AXIS2_PLACEMENT_3D('',#6968,#5587,#5588);
#5026=AXIS2_PLACEMENT_3D('',#6972,#5590,#5591);
#5027=AXIS2_PLACEMENT_3D('',#6976,#5593,#5594);
#5028=AXIS2_PLACEMENT_3D('',#6980,#5596,#5597);
#5029=AXIS2_PLACEMENT_3D('',#6984,#5599,#5600);
#5030=AXIS2_PLACEMENT_3D('',#6988,#5602,#5603);
#5031=AXIS2_PLACEMENT_3D('',#6992,#5605,#5606);
#5032=AXIS2_PLACEMENT_3D('',#6996,#5608,#5609);
#5033=AXIS2_PLACEMENT_3D('',#7000,#5611,#5612);
#5034=AXIS2_PLACEMENT_3D('',#7004,#5614,#5615);
#5035=AXIS2_PLACEMENT_3D('',#7008,#5617,#5618);
#5036=AXIS2_PLACEMENT_3D('',#7012,#5620,#5621);
#5037=AXIS2_PLACEMENT_3D('',#7016,#5623,#5624);
#5038=AXIS2_PLACEMENT_3D('',#7020,#5626,#5627);
#5039=AXIS2_PLACEMENT_3D('',#7024,#5629,#5630);
#5040=AXIS2_PLACEMENT_3D('',#7028,#5632,#5633);
#5041=AXIS2_PLACEMENT_3D('',#7032,#5635,#5636);
#5042=AXIS2_PLACEMENT_3D('',#7036,#5638,#5639);
#5043=AXIS2_PLACEMENT_3D('',#7040,#5641,#5642);
#5044=AXIS2_PLACEMENT_3D('',#7044,#5644,#5645);
#5045=AXIS2_PLACEMENT_3D('',#7048,#5647,#5648);
#5046=AXIS2_PLACEMENT_3D('',#7052,#5650,#5651);
#5047=AXIS2_PLACEMENT_3D('',#7056,#5653,#5654);
#5048=AXIS2_PLACEMENT_3D('',#7059,#5656,#5657);
#5049=AXIS2_PLACEMENT_3D('',#7062,#5659,#5660);
#5050=AXIS2_PLACEMENT_3D('',#7064,#5661,#5662);
#5051=AXIS2_PLACEMENT_3D('',#7067,#5664,#5665);
#5052=AXIS2_PLACEMENT_3D('',#7069,#5666,#5667);
#5053=AXIS2_PLACEMENT_3D('',#7072,#5669,#5670);
#5054=AXIS2_PLACEMENT_3D('',#7074,#5671,#5672);
#5055=AXIS2_PLACEMENT_3D('',#7077,#5674,#5675);
#5056=AXIS2_PLACEMENT_3D('',#7079,#5676,#5677);
#5057=AXIS2_PLACEMENT_3D('',#7082,#5679,#5680);
#5058=AXIS2_PLACEMENT_3D('',#7084,#5681,#5682);
#5059=AXIS2_PLACEMENT_3D('',#7087,#5684,#5685);
#5060=AXIS2_PLACEMENT_3D('',#7089,#5686,#5687);
#5061=AXIS2_PLACEMENT_3D('',#7092,#5689,#5690);
#5062=AXIS2_PLACEMENT_3D('',#7094,#5691,#5692);
#5063=AXIS2_PLACEMENT_3D('',#7097,#5694,#5695);
#5064=AXIS2_PLACEMENT_3D('',#7099,#5696,#5697);
#5065=AXIS2_PLACEMENT_3D('',#7102,#5699,#5700);
#5066=AXIS2_PLACEMENT_3D('',#7104,#5701,#5702);
#5067=AXIS2_PLACEMENT_3D('',#7107,#5704,#5705);
#5068=AXIS2_PLACEMENT_3D('',#7109,#5706,#5707);
#5069=AXIS2_PLACEMENT_3D('',#7112,#5709,#5710);
#5070=AXIS2_PLACEMENT_3D('',#7114,#5711,#5712);
#5071=AXIS2_PLACEMENT_3D('',#7117,#5714,#5715);
#5072=AXIS2_PLACEMENT_3D('',#7119,#5716,#5717);
#5073=AXIS2_PLACEMENT_3D('',#7122,#5719,#5720);
#5074=AXIS2_PLACEMENT_3D('',#7124,#5721,#5722);
#5075=AXIS2_PLACEMENT_3D('',#7127,#5724,#5725);
#5076=AXIS2_PLACEMENT_3D('',#7129,#5726,#5727);
#5077=AXIS2_PLACEMENT_3D('',#7132,#5729,#5730);
#5078=AXIS2_PLACEMENT_3D('',#7134,#5731,#5732);
#5079=AXIS2_PLACEMENT_3D('',#7137,#5734,#5735);
#5080=AXIS2_PLACEMENT_3D('',#7139,#5736,#5737);
#5081=AXIS2_PLACEMENT_3D('',#7142,#5739,#5740);
#5082=AXIS2_PLACEMENT_3D('',#7144,#5741,#5742);
#5083=AXIS2_PLACEMENT_3D('',#7147,#5744,#5745);
#5084=AXIS2_PLACEMENT_3D('',#7156,#5746,#5747);
#5085=AXIS2_PLACEMENT_3D('',#7160,#5749,#5750);
#5086=AXIS2_PLACEMENT_3D('',#7198,#5751,#5752);
#5087=AXIS2_PLACEMENT_3D('',#7202,#5754,#5755);
#5088=AXIS2_PLACEMENT_3D('',#7228,#5756,#5757);
#5089=AXIS2_PLACEMENT_3D('',#7232,#5759,#5760);
#5090=AXIS2_PLACEMENT_3D('',#7260,#5763,#5764);
#5091=AXIS2_PLACEMENT_3D('',#7264,#5766,#5767);
#5092=AXIS2_PLACEMENT_3D('',#7486,#5769,#5770);
#5093=AXIS2_PLACEMENT_3D('',#7490,#5772,#5773);
#5094=AXIS2_PLACEMENT_3D('',#7494,#5775,#5776);
#5095=AXIS2_PLACEMENT_3D('',#7498,#5778,#5779);
#5096=AXIS2_PLACEMENT_3D('',#7502,#5781,#5782);
#5097=AXIS2_PLACEMENT_3D('',#7506,#5784,#5785);
#5098=AXIS2_PLACEMENT_3D('',#7508,#5787,#5788);
#5099=AXIS2_PLACEMENT_3D('',#7514,#5792,#5793);
#5100=AXIS2_PLACEMENT_3D('',#7520,#5797,#5798);
#5101=AXIS2_PLACEMENT_3D('',#7521,#5799,#5800);
#5102=AXIS2_PLACEMENT_3D('',#7522,#5801,#5802);
#5103=AXIS2_PLACEMENT_3D('',#7523,#5803,#5804);
#5104=AXIS2_PLACEMENT_3D('',#7524,#5805,#5806);
#5105=AXIS2_PLACEMENT_3D('',#7525,#5807,#5808);
#5106=AXIS2_PLACEMENT_3D('',#7531,#5812,#5813);
#5107=AXIS2_PLACEMENT_3D('',#7537,#5817,#5818);
#5108=AXIS2_PLACEMENT_3D('',#7538,#5819,#5820);
#5109=AXIS2_PLACEMENT_3D('',#7539,#5821,#5822);
#5110=AXIS2_PLACEMENT_3D('',#7540,#5823,#5824);
#5111=AXIS2_PLACEMENT_3D('',#7541,#5825,#5826);
#5112=AXIS2_PLACEMENT_3D('',#7542,#5827,#5828);
#5113=AXIS2_PLACEMENT_3D('',#7548,#5832,#5833);
#5114=AXIS2_PLACEMENT_3D('',#7554,#5837,#5838);
#5115=AXIS2_PLACEMENT_3D('',#7555,#5839,#5840);
#5116=AXIS2_PLACEMENT_3D('',#7556,#5841,#5842);
#5117=AXIS2_PLACEMENT_3D('',#7557,#5843,#5844);
#5118=AXIS2_PLACEMENT_3D('',#7558,#5845,#5846);
#5119=AXIS2_PLACEMENT_3D('',#7559,#5847,#5848);
#5120=AXIS2_PLACEMENT_3D('',#7561,#5849,#5850);
#5121=AXIS2_PLACEMENT_3D('',#7564,#5852,#5853);
#5122=AXIS2_PLACEMENT_3D('',#7565,#5854,#5855);
#5123=AXIS2_PLACEMENT_3D('',#7567,#5856,#5857);
#5124=AXIS2_PLACEMENT_3D('',#7568,#5858,#5859);
#5125=AXIS2_PLACEMENT_3D('',#7570,#5860,#5861);
#5126=AXIS2_PLACEMENT_3D('',#7571,#5862,#5863);
#5127=AXIS2_PLACEMENT_3D('',#7573,#5865,#5866);
#5128=AXIS2_PLACEMENT_3D('',#7579,#5870,#5871);
#5129=AXIS2_PLACEMENT_3D('',#7585,#5875,#5876);
#5130=AXIS2_PLACEMENT_3D('',#7586,#5877,#5878);
#5131=AXIS2_PLACEMENT_3D('',#7587,#5879,#5880);
#5132=AXIS2_PLACEMENT_3D('',#7588,#5881,#5882);
#5133=AXIS2_PLACEMENT_3D('',#7589,#5883,#5884);
#5134=AXIS2_PLACEMENT_3D('',#7590,#5885,#5886);
#5135=AXIS2_PLACEMENT_3D('',#7596,#5890,#5891);
#5136=AXIS2_PLACEMENT_3D('',#7602,#5895,#5896);
#5137=AXIS2_PLACEMENT_3D('',#7603,#5897,#5898);
#5138=AXIS2_PLACEMENT_3D('',#7604,#5899,#5900);
#5139=AXIS2_PLACEMENT_3D('',#7605,#5901,#5902);
#5140=AXIS2_PLACEMENT_3D('',#7606,#5903,#5904);
#5141=AXIS2_PLACEMENT_3D('',#7607,#5905,#5906);
#5142=AXIS2_PLACEMENT_3D('',#7613,#5910,#5911);
#5143=AXIS2_PLACEMENT_3D('',#7619,#5915,#5916);
#5144=AXIS2_PLACEMENT_3D('',#7620,#5917,#5918);
#5145=AXIS2_PLACEMENT_3D('',#7621,#5919,#5920);
#5146=AXIS2_PLACEMENT_3D('',#7622,#5921,#5922);
#5147=AXIS2_PLACEMENT_3D('',#7623,#5923,#5924);
#5148=AXIS2_PLACEMENT_3D('',#7624,#5925,#5926);
#5149=AXIS2_PLACEMENT_3D('',#7626,#5927,#5928);
#5150=AXIS2_PLACEMENT_3D('',#7629,#5930,#5931);
#5151=AXIS2_PLACEMENT_3D('',#7630,#5932,#5933);
#5152=AXIS2_PLACEMENT_3D('',#7632,#5934,#5935);
#5153=AXIS2_PLACEMENT_3D('',#7633,#5936,#5937);
#5154=AXIS2_PLACEMENT_3D('',#7635,#5938,#5939);
#5155=AXIS2_PLACEMENT_3D('',#7636,#5940,#5941);
#5156=AXIS2_PLACEMENT_3D('',#7638,#5942,#5943);
#5157=AXIS2_PLACEMENT_3D('',#7640,#5945,#5946);
#5158=AXIS2_PLACEMENT_3D('',#7642,#5947,#5948);
#5159=AXIS2_PLACEMENT_3D('',#7645,#5950,#5951);
#5160=AXIS2_PLACEMENT_3D('',#7646,#5952,#5953);
#5161=AXIS2_PLACEMENT_3D('',#7647,#5954,#5955);
#5162=AXIS2_PLACEMENT_3D('',#7649,#5956,#5957);
#5163=AXIS2_PLACEMENT_3D('',#7650,#5958,#5959);
#5164=AXIS2_PLACEMENT_3D('',#7652,#5960,#5961);
#5165=AXIS2_PLACEMENT_3D('',#7654,#5963,#5964);
#5166=AXIS2_PLACEMENT_3D('',#7656,#5965,#5966);
#5167=AXIS2_PLACEMENT_3D('',#7659,#5968,#5969);
#5168=AXIS2_PLACEMENT_3D('',#7660,#5970,#5971);
#5169=AXIS2_PLACEMENT_3D('',#7662,#5972,#5973);
#5170=AXIS2_PLACEMENT_3D('',#7663,#5974,#5975);
#5171=AXIS2_PLACEMENT_3D('',#7665,#5976,#5977);
#5172=AXIS2_PLACEMENT_3D('',#7666,#5978,#5979);
#5173=AXIS2_PLACEMENT_3D('',#7668,#5981,#5982);
#5174=AXIS2_PLACEMENT_3D('',#7670,#5983,#5984);
#5175=AXIS2_PLACEMENT_3D('',#7673,#5986,#5987);
#5176=AXIS2_PLACEMENT_3D('',#7674,#5988,#5989);
#5177=AXIS2_PLACEMENT_3D('',#7675,#5990,#5991);
#5178=AXIS2_PLACEMENT_3D('',#7677,#5992,#5993);
#5179=AXIS2_PLACEMENT_3D('',#7678,#5994,#5995);
#5180=AXIS2_PLACEMENT_3D('',#7680,#5996,#5997);
#5181=AXIS2_PLACEMENT_3D('',#7682,#5999,#6000);
#5182=AXIS2_PLACEMENT_3D('',#7684,#6001,#6002);
#5183=AXIS2_PLACEMENT_3D('',#7687,#6004,#6005);
#5184=AXIS2_PLACEMENT_3D('',#7688,#6006,#6007);
#5185=AXIS2_PLACEMENT_3D('',#7690,#6008,#6009);
#5186=AXIS2_PLACEMENT_3D('',#7691,#6010,#6011);
#5187=AXIS2_PLACEMENT_3D('',#7693,#6012,#6013);
#5188=AXIS2_PLACEMENT_3D('',#7694,#6014,#6015);
#5189=AXIS2_PLACEMENT_3D('',#7696,#6016,#6017);
#5190=AXIS2_PLACEMENT_3D('',#7698,#6019,#6020);
#5191=AXIS2_PLACEMENT_3D('',#7700,#6021,#6022);
#5192=AXIS2_PLACEMENT_3D('',#7703,#6024,#6025);
#5193=AXIS2_PLACEMENT_3D('',#7704,#6026,#6027);
#5194=AXIS2_PLACEMENT_3D('',#7706,#6028,#6029);
#5195=AXIS2_PLACEMENT_3D('',#7707,#6030,#6031);
#5196=AXIS2_PLACEMENT_3D('',#7709,#6032,#6033);
#5197=AXIS2_PLACEMENT_3D('',#7710,#6034,#6035);
#5198=AXIS2_PLACEMENT_3D('',#7712,#6037,#6038);
#5199=AXIS2_PLACEMENT_3D('',#7714,#6039,#6040);
#5200=AXIS2_PLACEMENT_3D('',#7717,#6042,#6043);
#5201=AXIS2_PLACEMENT_3D('',#7718,#6044,#6045);
#5202=AXIS2_PLACEMENT_3D('',#7720,#6046,#6047);
#5203=AXIS2_PLACEMENT_3D('',#7721,#6048,#6049);
#5204=AXIS2_PLACEMENT_3D('',#7723,#6050,#6051);
#5205=AXIS2_PLACEMENT_3D('',#7724,#6052,#6053);
#5206=AXIS2_PLACEMENT_3D('',#7726,#6054,#6055);
#5207=AXIS2_PLACEMENT_3D('',#7728,#6057,#6058);
#5208=AXIS2_PLACEMENT_3D('',#7730,#6059,#6060);
#5209=AXIS2_PLACEMENT_3D('',#7733,#6062,#6063);
#5210=AXIS2_PLACEMENT_3D('',#7734,#6064,#6065);
#5211=AXIS2_PLACEMENT_3D('',#7736,#6066,#6067);
#5212=AXIS2_PLACEMENT_3D('',#7737,#6068,#6069);
#5213=AXIS2_PLACEMENT_3D('',#7739,#6070,#6071);
#5214=AXIS2_PLACEMENT_3D('',#7740,#6072,#6073);
#5215=AXIS2_PLACEMENT_3D('',#7742,#6075,#6076);
#5216=AXIS2_PLACEMENT_3D('',#7744,#6077,#6078);
#5217=AXIS2_PLACEMENT_3D('',#7747,#6080,#6081);
#5218=AXIS2_PLACEMENT_3D('',#7748,#6082,#6083);
#5219=AXIS2_PLACEMENT_3D('',#7749,#6084,#6085);
#5220=AXIS2_PLACEMENT_3D('',#7751,#6086,#6087);
#5221=AXIS2_PLACEMENT_3D('',#7752,#6088,#6089);
#5222=AXIS2_PLACEMENT_3D('',#7754,#6091,#6092);
#5223=AXIS2_PLACEMENT_3D('',#7756,#6093,#6094);
#5224=AXIS2_PLACEMENT_3D('',#7759,#6096,#6097);
#5225=AXIS2_PLACEMENT_3D('',#7760,#6098,#6099);
#5226=AXIS2_PLACEMENT_3D('',#7762,#6100,#6101);
#5227=AXIS2_PLACEMENT_3D('',#7763,#6102,#6103);
#5228=AXIS2_PLACEMENT_3D('',#7765,#6104,#6105);
#5229=AXIS2_PLACEMENT_3D('',#7766,#6106,#6107);
#5230=AXIS2_PLACEMENT_3D('',#7768,#6108,#6109);
#5231=AXIS2_PLACEMENT_3D('',#7770,#6111,#6112);
#5232=AXIS2_PLACEMENT_3D('',#7772,#6113,#6114);
#5233=AXIS2_PLACEMENT_3D('',#7775,#6116,#6117);
#5234=AXIS2_PLACEMENT_3D('',#7776,#6118,#6119);
#5235=AXIS2_PLACEMENT_3D('',#7777,#6120,#6121);
#5236=AXIS2_PLACEMENT_3D('',#7779,#6122,#6123);
#5237=AXIS2_PLACEMENT_3D('',#7780,#6124,#6125);
#5238=AXIS2_PLACEMENT_3D('',#7782,#6127,#6128);
#5239=AXIS2_PLACEMENT_3D('',#7784,#6129,#6130);
#5240=AXIS2_PLACEMENT_3D('',#7787,#6132,#6133);
#5241=AXIS2_PLACEMENT_3D('',#7788,#6134,#6135);
#5242=AXIS2_PLACEMENT_3D('',#7789,#6136,#6137);
#5243=AXIS2_PLACEMENT_3D('',#7791,#6138,#6139);
#5244=AXIS2_PLACEMENT_3D('',#7792,#6140,#6141);
#5245=AXIS2_PLACEMENT_3D('',#7794,#6143,#6144);
#5246=AXIS2_PLACEMENT_3D('',#7800,#6148,#6149);
#5247=AXIS2_PLACEMENT_3D('',#7806,#6153,#6154);
#5248=AXIS2_PLACEMENT_3D('',#7807,#6155,#6156);
#5249=AXIS2_PLACEMENT_3D('',#7808,#6157,#6158);
#5250=AXIS2_PLACEMENT_3D('',#7809,#6159,#6160);
#5251=AXIS2_PLACEMENT_3D('',#7810,#6161,#6162);
#5252=AXIS2_PLACEMENT_3D('',#7811,#6163,#6164);
#5253=AXIS2_PLACEMENT_3D('',#7817,#6168,#6169);
#5254=AXIS2_PLACEMENT_3D('',#7823,#6173,#6174);
#5255=AXIS2_PLACEMENT_3D('',#7824,#6175,#6176);
#5256=AXIS2_PLACEMENT_3D('',#7825,#6177,#6178);
#5257=AXIS2_PLACEMENT_3D('',#7826,#6179,#6180);
#5258=AXIS2_PLACEMENT_3D('',#7827,#6181,#6182);
#5259=AXIS2_PLACEMENT_3D('',#7828,#6183,#6184);
#5260=AXIS2_PLACEMENT_3D('',#7834,#6188,#6189);
#5261=AXIS2_PLACEMENT_3D('',#7840,#6193,#6194);
#5262=AXIS2_PLACEMENT_3D('',#7841,#6195,#6196);
#5263=AXIS2_PLACEMENT_3D('',#7842,#6197,#6198);
#5264=AXIS2_PLACEMENT_3D('',#7843,#6199,#6200);
#5265=AXIS2_PLACEMENT_3D('',#7844,#6201,#6202);
#5266=AXIS2_PLACEMENT_3D('',#7845,#6203,#6204);
#5267=AXIS2_PLACEMENT_3D('',#7851,#6208,#6209);
#5268=AXIS2_PLACEMENT_3D('',#7857,#6213,#6214);
#5269=AXIS2_PLACEMENT_3D('',#7858,#6215,#6216);
#5270=AXIS2_PLACEMENT_3D('',#7859,#6217,#6218);
#5271=AXIS2_PLACEMENT_3D('',#7860,#6219,#6220);
#5272=AXIS2_PLACEMENT_3D('',#7861,#6221,#6222);
#5273=AXIS2_PLACEMENT_3D('',#7862,#6223,#6224);
#5274=AXIS2_PLACEMENT_3D('',#7868,#6228,#6229);
#5275=AXIS2_PLACEMENT_3D('',#7874,#6233,#6234);
#5276=AXIS2_PLACEMENT_3D('',#7875,#6235,#6236);
#5277=AXIS2_PLACEMENT_3D('',#7876,#6237,#6238);
#5278=AXIS2_PLACEMENT_3D('',#7877,#6239,#6240);
#5279=AXIS2_PLACEMENT_3D('',#7878,#6241,#6242);
#5280=AXIS2_PLACEMENT_3D('',#7879,#6243,#6244);
#5281=AXIS2_PLACEMENT_3D('',#7885,#6248,#6249);
#5282=AXIS2_PLACEMENT_3D('',#7891,#6253,#6254);
#5283=AXIS2_PLACEMENT_3D('',#7892,#6255,#6256);
#5284=AXIS2_PLACEMENT_3D('',#7893,#6257,#6258);
#5285=AXIS2_PLACEMENT_3D('',#7894,#6259,#6260);
#5286=AXIS2_PLACEMENT_3D('',#7895,#6261,#6262);
#5287=AXIS2_PLACEMENT_3D('',#7896,#6263,#6264);
#5288=AXIS2_PLACEMENT_3D('',#7902,#6268,#6269);
#5289=AXIS2_PLACEMENT_3D('',#7908,#6273,#6274);
#5290=AXIS2_PLACEMENT_3D('',#7909,#6275,#6276);
#5291=AXIS2_PLACEMENT_3D('',#7910,#6277,#6278);
#5292=AXIS2_PLACEMENT_3D('',#7911,#6279,#6280);
#5293=AXIS2_PLACEMENT_3D('',#7912,#6281,#6282);
#5294=AXIS2_PLACEMENT_3D('',#7913,#6283,#6284);
#5295=AXIS2_PLACEMENT_3D('',#7919,#6288,#6289);
#5296=AXIS2_PLACEMENT_3D('',#7925,#6293,#6294);
#5297=AXIS2_PLACEMENT_3D('',#7926,#6295,#6296);
#5298=AXIS2_PLACEMENT_3D('',#7927,#6297,#6298);
#5299=AXIS2_PLACEMENT_3D('',#7928,#6299,#6300);
#5300=AXIS2_PLACEMENT_3D('',#7929,#6301,#6302);
#5301=AXIS2_PLACEMENT_3D('',#7930,#6303,#6304);
#5302=AXIS2_PLACEMENT_3D('',#7932,#6305,#6306);
#5303=AXIS2_PLACEMENT_3D('',#7935,#6308,#6309);
#5304=AXIS2_PLACEMENT_3D('',#7936,#6310,#6311);
#5305=AXIS2_PLACEMENT_3D('',#7938,#6312,#6313);
#5306=AXIS2_PLACEMENT_3D('',#7939,#6314,#6315);
#5307=AXIS2_PLACEMENT_3D('',#7941,#6316,#6317);
#5308=AXIS2_PLACEMENT_3D('',#7942,#6318,#6319);
#5309=AXIS2_PLACEMENT_3D('',#7944,#6320,#6321);
#5310=AXIS2_PLACEMENT_3D('',#7946,#6323,#6324);
#5311=AXIS2_PLACEMENT_3D('',#7948,#6325,#6326);
#5312=AXIS2_PLACEMENT_3D('',#7951,#6328,#6329);
#5313=AXIS2_PLACEMENT_3D('',#7952,#6330,#6331);
#5314=AXIS2_PLACEMENT_3D('',#7953,#6332,#6333);
#5315=AXIS2_PLACEMENT_3D('',#7955,#6334,#6335);
#5316=AXIS2_PLACEMENT_3D('',#7956,#6336,#6337);
#5317=AXIS2_PLACEMENT_3D('',#7958,#6338,#6339);
#5318=AXIS2_PLACEMENT_3D('',#7960,#6341,#6342);
#5319=AXIS2_PLACEMENT_3D('',#7962,#6343,#6344);
#5320=AXIS2_PLACEMENT_3D('',#7965,#6346,#6347);
#5321=AXIS2_PLACEMENT_3D('',#7966,#6348,#6349);
#5322=AXIS2_PLACEMENT_3D('',#7968,#6350,#6351);
#5323=AXIS2_PLACEMENT_3D('',#7969,#6352,#6353);
#5324=AXIS2_PLACEMENT_3D('',#7971,#6354,#6355);
#5325=AXIS2_PLACEMENT_3D('',#7972,#6356,#6357);
#5326=AXIS2_PLACEMENT_3D('',#7974,#6359,#6360);
#5327=AXIS2_PLACEMENT_3D('',#7976,#6361,#6362);
#5328=AXIS2_PLACEMENT_3D('',#7979,#6364,#6365);
#5329=AXIS2_PLACEMENT_3D('',#7980,#6366,#6367);
#5330=AXIS2_PLACEMENT_3D('',#7982,#6368,#6369);
#5331=AXIS2_PLACEMENT_3D('',#7983,#6370,#6371);
#5332=AXIS2_PLACEMENT_3D('',#7985,#6372,#6373);
#5333=AXIS2_PLACEMENT_3D('',#7986,#6374,#6375);
#5334=AXIS2_PLACEMENT_3D('',#7988,#6377,#6378);
#5335=AXIS2_PLACEMENT_3D('',#7990,#6379,#6380);
#5336=AXIS2_PLACEMENT_3D('',#7993,#6382,#6383);
#5337=AXIS2_PLACEMENT_3D('',#7994,#6384,#6385);
#5338=AXIS2_PLACEMENT_3D('',#7996,#6386,#6387);
#5339=AXIS2_PLACEMENT_3D('',#7997,#6388,#6389);
#5340=AXIS2_PLACEMENT_3D('',#7999,#6390,#6391);
#5341=AXIS2_PLACEMENT_3D('',#8000,#6392,#6393);
#5342=AXIS2_PLACEMENT_3D('',#8002,#6394,#6395);
#5343=AXIS2_PLACEMENT_3D('',#8004,#6397,#6398);
#5344=AXIS2_PLACEMENT_3D('',#8006,#6399,#6400);
#5345=AXIS2_PLACEMENT_3D('',#8009,#6402,#6403);
#5346=AXIS2_PLACEMENT_3D('',#8010,#6404,#6405);
#5347=AXIS2_PLACEMENT_3D('',#8012,#6406,#6407);
#5348=AXIS2_PLACEMENT_3D('',#8013,#6408,#6409);
#5349=AXIS2_PLACEMENT_3D('',#8015,#6410,#6411);
#5350=AXIS2_PLACEMENT_3D('',#8016,#6412,#6413);
#5351=AXIS2_PLACEMENT_3D('',#8018,#6414,#6415);
#5352=AXIS2_PLACEMENT_3D('',#8020,#6417,#6418);
#5353=AXIS2_PLACEMENT_3D('',#8022,#6419,#6420);
#5354=AXIS2_PLACEMENT_3D('',#8025,#6422,#6423);
#5355=AXIS2_PLACEMENT_3D('',#8026,#6424,#6425);
#5356=AXIS2_PLACEMENT_3D('',#8028,#6426,#6427);
#5357=AXIS2_PLACEMENT_3D('',#8029,#6428,#6429);
#5358=AXIS2_PLACEMENT_3D('',#8031,#6430,#6431);
#5359=AXIS2_PLACEMENT_3D('',#8032,#6432,#6433);
#5360=AXIS2_PLACEMENT_3D('',#8034,#6434,#6435);
#5361=AXIS2_PLACEMENT_3D('',#8036,#6437,#6438);
#5362=AXIS2_PLACEMENT_3D('',#8038,#6439,#6440);
#5363=AXIS2_PLACEMENT_3D('',#8041,#6442,#6443);
#5364=AXIS2_PLACEMENT_3D('',#8042,#6444,#6445);
#5365=AXIS2_PLACEMENT_3D('',#8044,#6446,#6447);
#5366=AXIS2_PLACEMENT_3D('',#8045,#6448,#6449);
#5367=AXIS2_PLACEMENT_3D('',#8047,#6450,#6451);
#5368=AXIS2_PLACEMENT_3D('',#8048,#6452,#6453);
#5369=AXIS2_PLACEMENT_3D('',#8050,#6454,#6455);
#5370=AXIS2_PLACEMENT_3D('',#8052,#6457,#6458);
#5371=AXIS2_PLACEMENT_3D('',#8054,#6459,#6460);
#5372=AXIS2_PLACEMENT_3D('',#8057,#6462,#6463);
#5373=AXIS2_PLACEMENT_3D('',#8058,#6464,#6465);
#5374=AXIS2_PLACEMENT_3D('',#8059,#6466,#6467);
#5375=AXIS2_PLACEMENT_3D('',#8061,#6468,#6469);
#5376=AXIS2_PLACEMENT_3D('',#8062,#6470,#6471);
#5377=AXIS2_PLACEMENT_3D('',#8064,#6473,#6474);
#5378=AXIS2_PLACEMENT_3D('',#8066,#6475,#6476);
#5379=AXIS2_PLACEMENT_3D('',#8069,#6478,#6479);
#5380=AXIS2_PLACEMENT_3D('',#8070,#6480,#6481);
#5381=AXIS2_PLACEMENT_3D('',#8071,#6482,#6483);
#5382=AXIS2_PLACEMENT_3D('',#8073,#6484,#6485);
#5383=AXIS2_PLACEMENT_3D('',#8074,#6486,#6487);
#5384=AXIS2_PLACEMENT_3D('',#8076,#6489,#6490);
#5385=AXIS2_PLACEMENT_3D('',#8078,#6491,#6492);
#5386=AXIS2_PLACEMENT_3D('',#8081,#6494,#6495);
#5387=AXIS2_PLACEMENT_3D('',#8082,#6496,#6497);
#5388=AXIS2_PLACEMENT_3D('',#8083,#6498,#6499);
#5389=AXIS2_PLACEMENT_3D('',#8085,#6500,#6501);
#5390=AXIS2_PLACEMENT_3D('',#8086,#6502,#6503);
#5391=AXIS2_PLACEMENT_3D('',#8088,#6505,#6506);
#5392=AXIS2_PLACEMENT_3D('',#8090,#6507,#6508);
#5393=AXIS2_PLACEMENT_3D('',#8093,#6510,#6511);
#5394=AXIS2_PLACEMENT_3D('',#8094,#6512,#6513);
#5395=AXIS2_PLACEMENT_3D('',#8095,#6514,#6515);
#5396=AXIS2_PLACEMENT_3D('',#8097,#6516,#6517);
#5397=AXIS2_PLACEMENT_3D('',#8098,#6518,#6519);
#5398=AXIS2_PLACEMENT_3D('',#8100,#6521,#6522);
#5399=AXIS2_PLACEMENT_3D('',#8102,#6523,#6524);
#5400=AXIS2_PLACEMENT_3D('',#8105,#6526,#6527);
#5401=AXIS2_PLACEMENT_3D('',#8106,#6528,#6529);
#5402=AXIS2_PLACEMENT_3D('',#8107,#6530,#6531);
#5403=AXIS2_PLACEMENT_3D('',#8109,#6532,#6533);
#5404=AXIS2_PLACEMENT_3D('',#8110,#6534,#6535);
#5405=AXIS2_PLACEMENT_3D('',#8112,#6537,#6538);
#5406=AXIS2_PLACEMENT_3D('',#8114,#6539,#6540);
#5407=AXIS2_PLACEMENT_3D('',#8117,#6542,#6543);
#5408=AXIS2_PLACEMENT_3D('',#8118,#6544,#6545);
#5409=AXIS2_PLACEMENT_3D('',#8120,#6546,#6547);
#5410=AXIS2_PLACEMENT_3D('',#8121,#6548,#6549);
#5411=AXIS2_PLACEMENT_3D('',#8123,#6550,#6551);
#5412=AXIS2_PLACEMENT_3D('',#8124,#6552,#6553);
#5413=AXIS2_PLACEMENT_3D('',#8126,#6554,#6555);
#5414=AXIS2_PLACEMENT_3D('',#8128,#6557,#6558);
#5415=AXIS2_PLACEMENT_3D('',#8130,#6559,#6560);
#5416=AXIS2_PLACEMENT_3D('',#8133,#6562,#6563);
#5417=AXIS2_PLACEMENT_3D('',#8134,#6564,#6565);
#5418=AXIS2_PLACEMENT_3D('',#8135,#6566,#6567);
#5419=AXIS2_PLACEMENT_3D('',#8137,#6568,#6569);
#5420=AXIS2_PLACEMENT_3D('',#8138,#6570,#6571);
#5421=AXIS2_PLACEMENT_3D('',#8140,#6573,#6574);
#5422=AXIS2_PLACEMENT_3D('',#8142,#6575,#6576);
#5423=AXIS2_PLACEMENT_3D('',#8145,#6578,#6579);
#5424=AXIS2_PLACEMENT_3D('',#8146,#6580,#6581);
#5425=AXIS2_PLACEMENT_3D('',#8147,#6582,#6583);
#5426=AXIS2_PLACEMENT_3D('',#8149,#6584,#6585);
#5427=AXIS2_PLACEMENT_3D('',#8150,#6586,#6587);
#5428=AXIS2_PLACEMENT_3D('',#8152,#6588,#6589);
#5429=AXIS2_PLACEMENT_3D('',#8154,#6591,#6592);
#5430=AXIS2_PLACEMENT_3D('',#8160,#6596,#6597);
#5431=AXIS2_PLACEMENT_3D('',#8166,#6601,#6602);
#5432=AXIS2_PLACEMENT_3D('',#8167,#6603,#6604);
#5433=AXIS2_PLACEMENT_3D('',#8168,#6605,#6606);
#5434=AXIS2_PLACEMENT_3D('',#8169,#6607,#6608);
#5435=AXIS2_PLACEMENT_3D('',#8170,#6609,#6610);
#5436=AXIS2_PLACEMENT_3D('',#8171,#6611,#6612);
#5437=AXIS2_PLACEMENT_3D('',#8177,#6616,#6617);
#5438=AXIS2_PLACEMENT_3D('',#8183,#6621,#6622);
#5439=AXIS2_PLACEMENT_3D('',#8184,#6623,#6624);
#5440=AXIS2_PLACEMENT_3D('',#8185,#6625,#6626);
#5441=AXIS2_PLACEMENT_3D('',#8186,#6627,#6628);
#5442=AXIS2_PLACEMENT_3D('',#8187,#6629,#6630);
#5443=AXIS2_PLACEMENT_3D('',#8188,#6631,#6632);
#5444=AXIS2_PLACEMENT_3D('',#8194,#6636,#6637);
#5445=AXIS2_PLACEMENT_3D('',#8200,#6641,#6642);
#5446=AXIS2_PLACEMENT_3D('',#8201,#6643,#6644);
#5447=AXIS2_PLACEMENT_3D('',#8202,#6645,#6646);
#5448=AXIS2_PLACEMENT_3D('',#8203,#6647,#6648);
#5449=AXIS2_PLACEMENT_3D('',#8204,#6649,#6650);
#5450=AXIS2_PLACEMENT_3D('',#8205,#6651,#6652);
#5451=AXIS2_PLACEMENT_3D('',#8207,#6653,#6654);
#5452=AXIS2_PLACEMENT_3D('',#8210,#6656,#6657);
#5453=AXIS2_PLACEMENT_3D('',#8211,#6658,#6659);
#5454=AXIS2_PLACEMENT_3D('',#8212,#6660,#6661);
#5455=AXIS2_PLACEMENT_3D('',#8214,#6662,#6663);
#5456=AXIS2_PLACEMENT_3D('',#8215,#6664,#6665);
#5457=AXIS2_PLACEMENT_3D('',#8217,#6667,#6668);
#5458=AXIS2_PLACEMENT_3D('',#8223,#6672,#6673);
#5459=AXIS2_PLACEMENT_3D('',#8229,#6677,#6678);
#5460=AXIS2_PLACEMENT_3D('',#8230,#6679,#6680);
#5461=AXIS2_PLACEMENT_3D('',#8231,#6681,#6682);
#5462=AXIS2_PLACEMENT_3D('',#8232,#6683,#6684);
#5463=AXIS2_PLACEMENT_3D('',#8233,#6685,#6686);
#5464=AXIS2_PLACEMENT_3D('',#8234,#6687,#6688);
#5465=AXIS2_PLACEMENT_3D('',#8236,#6689,#6690);
#5466=AXIS2_PLACEMENT_3D('',#8237,#6691,#6692);
#5467=AXIS2_PLACEMENT_3D('',#8270,#6693,#6694);
#5468=AXIS2_PLACEMENT_3D('',#8274,#6696,#6697);
#5469=AXIS2_PLACEMENT_3D('',#8312,#6698,#6699);
#5470=AXIS2_PLACEMENT_3D('',#8315,#6701,#6702);
#5471=AXIS2_PLACEMENT_3D('',#8422,#6709,#6710);
#5472=AXIS2_PLACEMENT_3D('',#8424,#6712,#6713);
#5473=AXIS2_PLACEMENT_3D('',#8426,#6715,#6716);
#5474=AXIS2_PLACEMENT_3D('',#8554,#6724,#6725);
#5475=AXIS2_PLACEMENT_3D('',#8556,#6727,#6728);
#5476=AXIS2_PLACEMENT_3D('',#8558,#6730,#6731);
#5477=AXIS2_PLACEMENT_3D('',#8559,#6732,#6733);
#5478=AXIS2_PLACEMENT_3D('',#8562,#6734,#6735);
#5479=AXIS2_PLACEMENT_3D('',#8576,#6737,#6738);
#5480=AXIS2_PLACEMENT_3D('',#8580,#6740,#6741);
#5481=AXIS2_PLACEMENT_3D('',#8608,#6744,#6745);
#5482=AXIS2_PLACEMENT_3D('',#8610,#6747,#6748);
#5483=AXIS2_PLACEMENT_3D('',#8630,#6752,#6753);
#5484=AXIS2_PLACEMENT_3D('',#8649,#6756,#6757);
#5485=AXIS2_PLACEMENT_3D('',#8651,#6759,#6760);
#5486=AXIS2_PLACEMENT_3D('',#8653,#6762,#6763);
#5487=AXIS2_PLACEMENT_3D('',#8655,#6765,#6766);
#5488=AXIS2_PLACEMENT_3D('',#8733,#6772,#6773);
#5489=AXIS2_PLACEMENT_3D('',#8735,#6775,#6776);
#5490=AXIS2_PLACEMENT_3D('',#8737,#6778,#6779);
#5491=AXIS2_PLACEMENT_3D('',#8738,#6780,#6781);
#5492=AXIS2_PLACEMENT_3D('',#9674,#6817,#6818);
#5493=AXIS2_PLACEMENT_3D('',#9677,#6819,#6820);
#5494=AXIS2_PLACEMENT_3D('',#9681,#6822,#6823);
#5495=AXIS2_PLACEMENT_3D('',#9683,#6825,#6826);
#5496=AXIS2_PLACEMENT_3D('',#9686,#6829,#6830);
#5497=AXIS2_PLACEMENT_3D('',#9688,#6832,#6833);
#5498=AXIS2_PLACEMENT_3D('',#9690,#6835,#6836);
#5499=AXIS2_PLACEMENT_3D('',#9691,#6837,#6838);
#5500=AXIS2_PLACEMENT_3D('',#9694,#6839,#6840);
#5501=AXIS2_PLACEMENT_3D('',#9698,#6842,#6843);
#5502=AXIS2_PLACEMENT_3D('',#9702,#6845,#6846);
#5503=AXIS2_PLACEMENT_3D('',#9706,#6848,#6849);
#5504=AXIS2_PLACEMENT_3D('',#9708,#6851,#6852);
#5505=AXIS2_PLACEMENT_3D('',#9711,#6855,#6856);
#5506=AXIS2_PLACEMENT_3D('',#9713,#6858,#6859);
#5507=AXIS2_PLACEMENT_3D('',#9715,#6861,#6862);
#5508=AXIS2_PLACEMENT_3D('',#9717,#6864,#6865);
#5509=AXIS2_PLACEMENT_3D('',#9719,#6867,#6868);
#5510=AXIS2_PLACEMENT_3D('',#9721,#6870,#6871);
#5511=AXIS2_PLACEMENT_3D('',#9723,#6873,#6874);
#5512=AXIS2_PLACEMENT_3D('',#9724,#6875,#6876);
#5513=AXIS2_PLACEMENT_3D('',#9726,#6877,#6878);
#5514=AXIS2_PLACEMENT_3D('',#9729,#6880,#6881);
#5515=AXIS2_PLACEMENT_3D('',#9730,#6882,#6883);
#5516=AXIS2_PLACEMENT_3D('',#9731,#6884,#6885);
#5517=AXIS2_PLACEMENT_3D('',#9733,#6887,#6888);
#5518=AXIS2_PLACEMENT_3D('',#9734,#6889,#6890);
#5519=DIRECTION('axis',(0.,0.,1.));
#5520=DIRECTION('refdir',(1.,0.,0.));
#5521=DIRECTION('center_axis',(0.,1.,0.));
#5522=DIRECTION('ref_axis',(1.,0.,0.));
#5523=DIRECTION('center_axis',(0.,1.,0.));
#5524=DIRECTION('ref_axis',(1.,0.,0.));
#5525=DIRECTION('',(0.,-1.,0.));
#5526=DIRECTION('center_axis',(0.,1.,0.));
#5527=DIRECTION('ref_axis',(1.,0.,0.));
#5528=DIRECTION('center_axis',(0.,1.,0.));
#5529=DIRECTION('ref_axis',(1.,0.,0.));
#5530=DIRECTION('center_axis',(0.,1.,0.));
#5531=DIRECTION('ref_axis',(1.,0.,0.));
#5532=DIRECTION('',(0.,-1.,0.));
#5533=DIRECTION('center_axis',(0.,-1.,0.));
#5534=DIRECTION('ref_axis',(1.,0.,0.));
#5535=DIRECTION('center_axis',(0.,-1.,0.));
#5536=DIRECTION('ref_axis',(1.,0.,0.));
#5537=DIRECTION('center_axis',(0.,-1.,0.));
#5538=DIRECTION('ref_axis',(1.,0.,0.));
#5539=DIRECTION('center_axis',(0.,-1.,0.));
#5540=DIRECTION('ref_axis',(1.,0.,0.));
#5541=DIRECTION('center_axis',(0.,1.,0.));
#5542=DIRECTION('ref_axis',(1.,0.,0.));
#5543=DIRECTION('center_axis',(0.,1.,0.));
#5544=DIRECTION('ref_axis',(1.,0.,0.));
#5545=DIRECTION('center_axis',(0.,-1.,0.));
#5546=DIRECTION('ref_axis',(1.,0.,0.));
#5547=DIRECTION('',(0.,-1.,0.));
#5548=DIRECTION('center_axis',(0.,1.,0.));
#5549=DIRECTION('ref_axis',(1.,0.,0.));
#5550=DIRECTION('',(0.,-1.,0.));
#5551=DIRECTION('center_axis',(0.,-1.,0.));
#5552=DIRECTION('ref_axis',(1.,0.,0.));
#5553=DIRECTION('',(0.,-1.,0.));
#5554=DIRECTION('center_axis',(0.,1.,0.));
#5555=DIRECTION('ref_axis',(1.,0.,0.));
#5556=DIRECTION('',(0.,-1.,0.));
#5557=DIRECTION('center_axis',(0.,-1.,0.));
#5558=DIRECTION('ref_axis',(1.,0.,0.));
#5559=DIRECTION('',(0.,-1.,0.));
#5560=DIRECTION('center_axis',(0.,1.,0.));
#5561=DIRECTION('ref_axis',(1.,0.,0.));
#5562=DIRECTION('',(0.,-1.,0.));
#5563=DIRECTION('center_axis',(0.,-1.,0.));
#5564=DIRECTION('ref_axis',(1.,0.,0.));
#5565=DIRECTION('',(0.,-1.,0.));
#5566=DIRECTION('center_axis',(0.,1.,0.));
#5567=DIRECTION('ref_axis',(1.,0.,0.));
#5568=DIRECTION('',(0.,-1.,0.));
#5569=DIRECTION('center_axis',(0.,-1.,0.));
#5570=DIRECTION('ref_axis',(1.,0.,0.));
#5571=DIRECTION('',(0.,-1.,0.));
#5572=DIRECTION('center_axis',(0.,1.,0.));
#5573=DIRECTION('ref_axis',(1.,0.,0.));
#5574=DIRECTION('',(0.,-1.,0.));
#5575=DIRECTION('center_axis',(0.,-1.,0.));
#5576=DIRECTION('ref_axis',(1.,0.,0.));
#5577=DIRECTION('',(0.,-1.,0.));
#5578=DIRECTION('center_axis',(0.,1.,0.));
#5579=DIRECTION('ref_axis',(1.,0.,0.));
#5580=DIRECTION('',(0.,-1.,0.));
#5581=DIRECTION('center_axis',(0.,-1.,0.));
#5582=DIRECTION('ref_axis',(1.,0.,0.));
#5583=DIRECTION('',(0.,-1.,0.));
#5584=DIRECTION('center_axis',(0.,1.,0.));
#5585=DIRECTION('ref_axis',(1.,0.,0.));
#5586=DIRECTION('',(0.,-1.,0.));
#5587=DIRECTION('center_axis',(0.,-1.,0.));
#5588=DIRECTION('ref_axis',(1.,0.,0.));
#5589=DIRECTION('',(0.,-1.,0.));
#5590=DIRECTION('center_axis',(0.,1.,0.));
#5591=DIRECTION('ref_axis',(1.,0.,0.));
#5592=DIRECTION('',(0.,-1.,0.));
#5593=DIRECTION('center_axis',(0.,-1.,0.));
#5594=DIRECTION('ref_axis',(1.,0.,0.));
#5595=DIRECTION('',(0.,-1.,0.));
#5596=DIRECTION('center_axis',(0.,1.,0.));
#5597=DIRECTION('ref_axis',(1.,0.,0.));
#5598=DIRECTION('',(0.,-1.,0.));
#5599=DIRECTION('center_axis',(0.,-1.,0.));
#5600=DIRECTION('ref_axis',(1.,0.,0.));
#5601=DIRECTION('',(0.,-1.,0.));
#5602=DIRECTION('center_axis',(0.,1.,0.));
#5603=DIRECTION('ref_axis',(1.,0.,0.));
#5604=DIRECTION('',(0.,-1.,0.));
#5605=DIRECTION('center_axis',(0.,-1.,0.));
#5606=DIRECTION('ref_axis',(1.,0.,0.));
#5607=DIRECTION('',(0.,-1.,0.));
#5608=DIRECTION('center_axis',(0.,1.,0.));
#5609=DIRECTION('ref_axis',(1.,0.,0.));
#5610=DIRECTION('',(0.,-1.,0.));
#5611=DIRECTION('center_axis',(0.,-1.,0.));
#5612=DIRECTION('ref_axis',(1.,0.,0.));
#5613=DIRECTION('',(0.,-1.,0.));
#5614=DIRECTION('center_axis',(0.,1.,0.));
#5615=DIRECTION('ref_axis',(1.,0.,0.));
#5616=DIRECTION('',(0.,-1.,0.));
#5617=DIRECTION('center_axis',(0.,-1.,0.));
#5618=DIRECTION('ref_axis',(1.,0.,0.));
#5619=DIRECTION('',(0.,-1.,0.));
#5620=DIRECTION('center_axis',(0.,1.,0.));
#5621=DIRECTION('ref_axis',(1.,0.,0.));
#5622=DIRECTION('',(0.,-1.,0.));
#5623=DIRECTION('center_axis',(0.,-1.,0.));
#5624=DIRECTION('ref_axis',(1.,0.,0.));
#5625=DIRECTION('',(0.,-1.,0.));
#5626=DIRECTION('center_axis',(0.,1.,0.));
#5627=DIRECTION('ref_axis',(1.,0.,0.));
#5628=DIRECTION('',(0.,-1.,0.));
#5629=DIRECTION('center_axis',(0.,-1.,0.));
#5630=DIRECTION('ref_axis',(1.,0.,0.));
#5631=DIRECTION('',(0.,-1.,0.));
#5632=DIRECTION('center_axis',(0.,1.,0.));
#5633=DIRECTION('ref_axis',(1.,0.,0.));
#5634=DIRECTION('',(0.,-1.,0.));
#5635=DIRECTION('center_axis',(0.,-1.,0.));
#5636=DIRECTION('ref_axis',(1.,0.,0.));
#5637=DIRECTION('',(0.,-1.,0.));
#5638=DIRECTION('center_axis',(0.,1.,0.));
#5639=DIRECTION('ref_axis',(1.,0.,0.));
#5640=DIRECTION('',(0.,-1.,0.));
#5641=DIRECTION('center_axis',(0.,-1.,0.));
#5642=DIRECTION('ref_axis',(1.,0.,0.));
#5643=DIRECTION('',(0.,-1.,0.));
#5644=DIRECTION('center_axis',(0.,1.,0.));
#5645=DIRECTION('ref_axis',(1.,0.,0.));
#5646=DIRECTION('',(0.,-1.,0.));
#5647=DIRECTION('center_axis',(0.,-1.,0.));
#5648=DIRECTION('ref_axis',(1.,0.,0.));
#5649=DIRECTION('',(0.,-1.,0.));
#5650=DIRECTION('center_axis',(0.,1.,0.));
#5651=DIRECTION('ref_axis',(1.,0.,0.));
#5652=DIRECTION('',(0.,-1.,0.));
#5653=DIRECTION('center_axis',(0.,-1.,0.));
#5654=DIRECTION('ref_axis',(1.,0.,0.));
#5655=DIRECTION('',(0.,-1.,0.));
#5656=DIRECTION('center_axis',(0.,-1.,0.));
#5657=DIRECTION('ref_axis',(1.,0.,0.));
#5658=DIRECTION('',(0.,1.,0.));
#5659=DIRECTION('center_axis',(0.,1.,0.));
#5660=DIRECTION('ref_axis',(1.,0.,0.));
#5661=DIRECTION('center_axis',(0.,-1.,0.));
#5662=DIRECTION('ref_axis',(1.,0.,0.));
#5663=DIRECTION('',(0.,1.,0.));
#5664=DIRECTION('center_axis',(0.,1.,0.));
#5665=DIRECTION('ref_axis',(1.,0.,0.));
#5666=DIRECTION('center_axis',(0.,-1.,0.));
#5667=DIRECTION('ref_axis',(1.,0.,0.));
#5668=DIRECTION('',(0.,1.,0.));
#5669=DIRECTION('center_axis',(0.,1.,0.));
#5670=DIRECTION('ref_axis',(1.,0.,0.));
#5671=DIRECTION('center_axis',(0.,-1.,0.));
#5672=DIRECTION('ref_axis',(1.,0.,0.));
#5673=DIRECTION('',(0.,1.,0.));
#5674=DIRECTION('center_axis',(0.,1.,0.));
#5675=DIRECTION('ref_axis',(1.,0.,0.));
#5676=DIRECTION('center_axis',(0.,-1.,0.));
#5677=DIRECTION('ref_axis',(1.,0.,0.));
#5678=DIRECTION('',(0.,1.,0.));
#5679=DIRECTION('center_axis',(0.,1.,0.));
#5680=DIRECTION('ref_axis',(1.,0.,0.));
#5681=DIRECTION('center_axis',(0.,-1.,0.));
#5682=DIRECTION('ref_axis',(1.,0.,0.));
#5683=DIRECTION('',(0.,1.,0.));
#5684=DIRECTION('center_axis',(0.,1.,0.));
#5685=DIRECTION('ref_axis',(1.,0.,0.));
#5686=DIRECTION('center_axis',(0.,-1.,0.));
#5687=DIRECTION('ref_axis',(1.,0.,0.));
#5688=DIRECTION('',(0.,1.,0.));
#5689=DIRECTION('center_axis',(0.,1.,0.));
#5690=DIRECTION('ref_axis',(1.,0.,0.));
#5691=DIRECTION('center_axis',(0.,-1.,0.));
#5692=DIRECTION('ref_axis',(1.,0.,0.));
#5693=DIRECTION('',(0.,1.,0.));
#5694=DIRECTION('center_axis',(0.,1.,0.));
#5695=DIRECTION('ref_axis',(1.,0.,0.));
#5696=DIRECTION('center_axis',(0.,-1.,0.));
#5697=DIRECTION('ref_axis',(1.,0.,0.));
#5698=DIRECTION('',(0.,1.,0.));
#5699=DIRECTION('center_axis',(0.,1.,0.));
#5700=DIRECTION('ref_axis',(1.,0.,0.));
#5701=DIRECTION('center_axis',(0.,-1.,0.));
#5702=DIRECTION('ref_axis',(1.,0.,0.));
#5703=DIRECTION('',(0.,1.,0.));
#5704=DIRECTION('center_axis',(0.,1.,0.));
#5705=DIRECTION('ref_axis',(1.,0.,0.));
#5706=DIRECTION('center_axis',(0.,-1.,0.));
#5707=DIRECTION('ref_axis',(1.,0.,0.));
#5708=DIRECTION('',(0.,1.,0.));
#5709=DIRECTION('center_axis',(0.,1.,0.));
#5710=DIRECTION('ref_axis',(1.,0.,0.));
#5711=DIRECTION('center_axis',(0.,-1.,0.));
#5712=DIRECTION('ref_axis',(1.,0.,0.));
#5713=DIRECTION('',(0.,1.,0.));
#5714=DIRECTION('center_axis',(0.,1.,0.));
#5715=DIRECTION('ref_axis',(1.,0.,0.));
#5716=DIRECTION('center_axis',(0.,-1.,0.));
#5717=DIRECTION('ref_axis',(1.,0.,0.));
#5718=DIRECTION('',(0.,1.,0.));
#5719=DIRECTION('center_axis',(0.,1.,0.));
#5720=DIRECTION('ref_axis',(1.,0.,0.));
#5721=DIRECTION('center_axis',(0.,-1.,0.));
#5722=DIRECTION('ref_axis',(1.,0.,0.));
#5723=DIRECTION('',(0.,1.,0.));
#5724=DIRECTION('center_axis',(0.,1.,0.));
#5725=DIRECTION('ref_axis',(1.,0.,0.));
#5726=DIRECTION('center_axis',(0.,-1.,0.));
#5727=DIRECTION('ref_axis',(1.,0.,0.));
#5728=DIRECTION('',(0.,1.,0.));
#5729=DIRECTION('center_axis',(0.,1.,0.));
#5730=DIRECTION('ref_axis',(1.,0.,0.));
#5731=DIRECTION('center_axis',(0.,-1.,0.));
#5732=DIRECTION('ref_axis',(1.,0.,0.));
#5733=DIRECTION('',(0.,1.,0.));
#5734=DIRECTION('center_axis',(0.,1.,0.));
#5735=DIRECTION('ref_axis',(1.,0.,0.));
#5736=DIRECTION('center_axis',(0.,-1.,0.));
#5737=DIRECTION('ref_axis',(1.,0.,0.));
#5738=DIRECTION('',(0.,1.,0.));
#5739=DIRECTION('center_axis',(0.,1.,0.));
#5740=DIRECTION('ref_axis',(1.,0.,0.));
#5741=DIRECTION('center_axis',(0.,-1.,0.));
#5742=DIRECTION('ref_axis',(1.,0.,0.));
#5743=DIRECTION('',(0.,1.,0.));
#5744=DIRECTION('center_axis',(0.,1.,0.));
#5745=DIRECTION('ref_axis',(1.,0.,0.));
#5746=DIRECTION('center_axis',(0.,-1.,0.));
#5747=DIRECTION('ref_axis',(1.,0.,0.));
#5748=DIRECTION('',(0.,1.,0.));
#5749=DIRECTION('center_axis',(0.,1.,0.));
#5750=DIRECTION('ref_axis',(1.,0.,0.));
#5751=DIRECTION('center_axis',(0.,-1.,0.));
#5752=DIRECTION('ref_axis',(1.,0.,0.));
#5753=DIRECTION('',(0.,1.,0.));
#5754=DIRECTION('center_axis',(0.,1.,0.));
#5755=DIRECTION('ref_axis',(1.,0.,0.));
#5756=DIRECTION('center_axis',(0.,1.,0.));
#5757=DIRECTION('ref_axis',(1.,0.,0.));
#5758=DIRECTION('',(0.,-1.,0.));
#5759=DIRECTION('center_axis',(0.,-1.,0.));
#5760=DIRECTION('ref_axis',(1.,0.,0.));
#5761=DIRECTION('',(0.,1.,0.));
#5762=DIRECTION('',(0.,1.,0.));
#5763=DIRECTION('center_axis',(0.,1.,0.));
#5764=DIRECTION('ref_axis',(1.,0.,0.));
#5765=DIRECTION('',(0.,-1.,0.));
#5766=DIRECTION('center_axis',(0.,-1.,0.));
#5767=DIRECTION('ref_axis',(1.,0.,0.));
#5768=DIRECTION('',(0.,-1.,0.));
#5769=DIRECTION('center_axis',(0.,1.,0.));
#5770=DIRECTION('ref_axis',(1.,0.,0.));
#5771=DIRECTION('',(0.,-1.,0.));
#5772=DIRECTION('center_axis',(0.,-1.,0.));
#5773=DIRECTION('ref_axis',(1.,0.,0.));
#5774=DIRECTION('',(0.,1.,0.));
#5775=DIRECTION('center_axis',(0.,1.,0.));
#5776=DIRECTION('ref_axis',(1.,0.,0.));
#5777=DIRECTION('',(0.,-1.,0.));
#5778=DIRECTION('center_axis',(0.,-1.,0.));
#5779=DIRECTION('ref_axis',(1.,0.,0.));
#5780=DIRECTION('',(0.,-1.,0.));
#5781=DIRECTION('center_axis',(0.,-1.,0.));
#5782=DIRECTION('ref_axis',(1.,0.,0.));
#5783=DIRECTION('',(0.,1.,0.));
#5784=DIRECTION('center_axis',(0.,1.,0.));
#5785=DIRECTION('ref_axis',(1.,0.,0.));
#5786=DIRECTION('',(0.,-1.,0.));
#5787=DIRECTION('center_axis',(-0.641026742200001,0.,0.767518544260954));
#5788=DIRECTION('ref_axis',(0.767518544260954,0.,0.641026742200001));
#5789=DIRECTION('',(0.767518544260954,0.,0.641026742200001));
#5790=DIRECTION('',(-0.767518544260954,0.,-0.641026742200001));
#5791=DIRECTION('',(0.,1.,0.));
#5792=DIRECTION('center_axis',(2.60361765105964E-13,0.,-1.));
#5793=DIRECTION('ref_axis',(-1.,0.,-2.60361765105964E-13));
#5794=DIRECTION('',(-1.,0.,-2.60361765105964E-13));
#5795=DIRECTION('',(0.,-1.,0.));
#5796=DIRECTION('',(1.,0.,2.60361765105964E-13));
#5797=DIRECTION('center_axis',(0.,-1.,0.));
#5798=DIRECTION('ref_axis',(1.,0.,0.));
#5799=DIRECTION('center_axis',(0.,-1.,0.));
#5800=DIRECTION('ref_axis',(1.,0.,0.));
#5801=DIRECTION('center_axis',(0.,1.,0.));
#5802=DIRECTION('ref_axis',(-0.999999737101903,0.,-0.000725118007375173));
#5803=DIRECTION('center_axis',(0.,1.,0.));
#5804=DIRECTION('ref_axis',(1.,0.,0.));
#5805=DIRECTION('center_axis',(0.,-1.,0.));
#5806=DIRECTION('ref_axis',(1.,0.,0.));
#5807=DIRECTION('center_axis',(-0.641026742200001,0.,0.767518544260954));
#5808=DIRECTION('ref_axis',(0.767518544260954,0.,0.641026742200001));
#5809=DIRECTION('',(0.767518544260954,0.,0.641026742200001));
#5810=DIRECTION('',(-0.767518544260954,0.,-0.641026742200001));
#5811=DIRECTION('',(0.,1.,0.));
#5812=DIRECTION('center_axis',(2.60361765105964E-13,0.,-1.));
#5813=DIRECTION('ref_axis',(-1.,0.,-2.60361765105964E-13));
#5814=DIRECTION('',(-1.,0.,-2.60361765105964E-13));
#5815=DIRECTION('',(0.,-1.,0.));
#5816=DIRECTION('',(1.,0.,2.60361765105964E-13));
#5817=DIRECTION('center_axis',(0.,-1.,0.));
#5818=DIRECTION('ref_axis',(1.,0.,0.));
#5819=DIRECTION('center_axis',(0.,-1.,0.));
#5820=DIRECTION('ref_axis',(1.,0.,0.));
#5821=DIRECTION('center_axis',(0.,1.,0.));
#5822=DIRECTION('ref_axis',(-0.999999737101903,0.,-0.000725118007375173));
#5823=DIRECTION('center_axis',(0.,1.,0.));
#5824=DIRECTION('ref_axis',(1.,0.,0.));
#5825=DIRECTION('center_axis',(0.,-1.,0.));
#5826=DIRECTION('ref_axis',(1.,0.,0.));
#5827=DIRECTION('center_axis',(-0.641026742200001,0.,0.767518544260954));
#5828=DIRECTION('ref_axis',(0.767518544260954,0.,0.641026742200001));
#5829=DIRECTION('',(0.767518544260954,0.,0.641026742200001));
#5830=DIRECTION('',(-0.767518544260954,0.,-0.641026742200001));
#5831=DIRECTION('',(0.,1.,0.));
#5832=DIRECTION('center_axis',(2.60361765105964E-13,0.,-1.));
#5833=DIRECTION('ref_axis',(-1.,0.,-2.60361765105964E-13));
#5834=DIRECTION('',(-1.,0.,-2.60361765105964E-13));
#5835=DIRECTION('',(0.,-1.,0.));
#5836=DIRECTION('',(1.,0.,2.60361765105964E-13));
#5837=DIRECTION('center_axis',(0.,-1.,0.));
#5838=DIRECTION('ref_axis',(1.,0.,0.));
#5839=DIRECTION('center_axis',(0.,-1.,0.));
#5840=DIRECTION('ref_axis',(1.,0.,0.));
#5841=DIRECTION('center_axis',(0.,1.,0.));
#5842=DIRECTION('ref_axis',(-0.999999737101903,0.,-0.000725118007375173));
#5843=DIRECTION('center_axis',(0.,1.,0.));
#5844=DIRECTION('ref_axis',(1.,0.,0.));
#5845=DIRECTION('center_axis',(0.,-1.,0.));
#5846=DIRECTION('ref_axis',(1.,0.,0.));
#5847=DIRECTION('center_axis',(0.,1.,0.));
#5848=DIRECTION('ref_axis',(1.,0.,0.));
#5849=DIRECTION('center_axis',(0.,1.,0.));
#5850=DIRECTION('ref_axis',(1.,0.,0.));
#5851=DIRECTION('',(0.,-1.,0.));
#5852=DIRECTION('center_axis',(0.,-1.,0.));
#5853=DIRECTION('ref_axis',(1.,0.,0.));
#5854=DIRECTION('center_axis',(0.,-1.,0.));
#5855=DIRECTION('ref_axis',(1.,0.,0.));
#5856=DIRECTION('center_axis',(0.,-1.,0.));
#5857=DIRECTION('ref_axis',(1.,0.,0.));
#5858=DIRECTION('center_axis',(0.,-1.,0.));
#5859=DIRECTION('ref_axis',(1.,0.,0.));
#5860=DIRECTION('center_axis',(0.,1.,0.));
#5861=DIRECTION('ref_axis',(1.,0.,0.));
#5862=DIRECTION('center_axis',(0.,1.,0.));
#5863=DIRECTION('ref_axis',(1.,0.,0.));
#5864=DIRECTION('',(0.,-1.,0.));
#5865=DIRECTION('center_axis',(-0.641026742200001,0.,0.767518544260954));
#5866=DIRECTION('ref_axis',(0.767518544260954,0.,0.641026742200001));
#5867=DIRECTION('',(0.767518544260954,0.,0.641026742200001));
#5868=DIRECTION('',(-0.767518544260954,0.,-0.641026742200001));
#5869=DIRECTION('',(0.,1.,0.));
#5870=DIRECTION('center_axis',(2.60361765105964E-13,0.,-1.));
#5871=DIRECTION('ref_axis',(-1.,0.,-2.60361765105964E-13));
#5872=DIRECTION('',(-1.,0.,-2.60361765105964E-13));
#5873=DIRECTION('',(0.,-1.,0.));
#5874=DIRECTION('',(1.,0.,2.60361765105964E-13));
#5875=DIRECTION('center_axis',(0.,-1.,0.));
#5876=DIRECTION('ref_axis',(1.,0.,0.));
#5877=DIRECTION('center_axis',(0.,-1.,0.));
#5878=DIRECTION('ref_axis',(1.,0.,0.));
#5879=DIRECTION('center_axis',(0.,1.,0.));
#5880=DIRECTION('ref_axis',(-0.999999737101903,0.,-0.000725118007375173));
#5881=DIRECTION('center_axis',(0.,1.,0.));
#5882=DIRECTION('ref_axis',(1.,0.,0.));
#5883=DIRECTION('center_axis',(0.,-1.,0.));
#5884=DIRECTION('ref_axis',(1.,0.,0.));
#5885=DIRECTION('center_axis',(-0.641026742200001,0.,0.767518544260954));
#5886=DIRECTION('ref_axis',(0.767518544260954,0.,0.641026742200001));
#5887=DIRECTION('',(0.767518544260954,0.,0.641026742200001));
#5888=DIRECTION('',(-0.767518544260954,0.,-0.641026742200001));
#5889=DIRECTION('',(0.,1.,0.));
#5890=DIRECTION('center_axis',(2.60361765105964E-13,0.,-1.));
#5891=DIRECTION('ref_axis',(-1.,0.,-2.60361765105964E-13));
#5892=DIRECTION('',(-1.,0.,-2.60361765105964E-13));
#5893=DIRECTION('',(0.,-1.,0.));
#5894=DIRECTION('',(1.,0.,2.60361765105964E-13));
#5895=DIRECTION('center_axis',(0.,-1.,0.));
#5896=DIRECTION('ref_axis',(1.,0.,0.));
#5897=DIRECTION('center_axis',(0.,-1.,0.));
#5898=DIRECTION('ref_axis',(1.,0.,0.));
#5899=DIRECTION('center_axis',(0.,1.,0.));
#5900=DIRECTION('ref_axis',(-0.999999737101903,0.,-0.000725118007375173));
#5901=DIRECTION('center_axis',(0.,1.,0.));
#5902=DIRECTION('ref_axis',(1.,0.,0.));
#5903=DIRECTION('center_axis',(0.,-1.,0.));
#5904=DIRECTION('ref_axis',(1.,0.,0.));
#5905=DIRECTION('center_axis',(-0.641026742200001,0.,0.767518544260954));
#5906=DIRECTION('ref_axis',(0.767518544260954,0.,0.641026742200001));
#5907=DIRECTION('',(0.767518544260954,0.,0.641026742200001));
#5908=DIRECTION('',(-0.767518544260954,0.,-0.641026742200001));
#5909=DIRECTION('',(0.,1.,0.));
#5910=DIRECTION('center_axis',(2.60361765105964E-13,0.,-1.));
#5911=DIRECTION('ref_axis',(-1.,0.,-2.60361765105964E-13));
#5912=DIRECTION('',(-1.,0.,-2.60361765105964E-13));
#5913=DIRECTION('',(0.,-1.,0.));
#5914=DIRECTION('',(1.,0.,2.60361765105964E-13));
#5915=DIRECTION('center_axis',(0.,-1.,0.));
#5916=DIRECTION('ref_axis',(1.,0.,0.));
#5917=DIRECTION('center_axis',(0.,-1.,0.));
#5918=DIRECTION('ref_axis',(1.,0.,0.));
#5919=DIRECTION('center_axis',(0.,1.,0.));
#5920=DIRECTION('ref_axis',(-0.999999737101903,0.,-0.000725118007375173));
#5921=DIRECTION('center_axis',(0.,1.,0.));
#5922=DIRECTION('ref_axis',(1.,0.,0.));
#5923=DIRECTION('center_axis',(0.,-1.,0.));
#5924=DIRECTION('ref_axis',(1.,0.,0.));
#5925=DIRECTION('center_axis',(0.,1.,0.));
#5926=DIRECTION('ref_axis',(1.,0.,0.));
#5927=DIRECTION('center_axis',(0.,1.,0.));
#5928=DIRECTION('ref_axis',(1.,0.,0.));
#5929=DIRECTION('',(0.,-1.,0.));
#5930=DIRECTION('center_axis',(0.,-1.,0.));
#5931=DIRECTION('ref_axis',(1.,0.,0.));
#5932=DIRECTION('center_axis',(0.,-1.,0.));
#5933=DIRECTION('ref_axis',(1.,0.,0.));
#5934=DIRECTION('center_axis',(0.,-1.,0.));
#5935=DIRECTION('ref_axis',(1.,0.,0.));
#5936=DIRECTION('center_axis',(0.,-1.,0.));
#5937=DIRECTION('ref_axis',(1.,0.,0.));
#5938=DIRECTION('center_axis',(0.,1.,0.));
#5939=DIRECTION('ref_axis',(1.,0.,0.));
#5940=DIRECTION('center_axis',(0.,1.,0.));
#5941=DIRECTION('ref_axis',(1.,0.,0.));
#5942=DIRECTION('center_axis',(0.,-1.,0.));
#5943=DIRECTION('ref_axis',(1.,0.,0.));
#5944=DIRECTION('',(0.,-1.,0.));
#5945=DIRECTION('center_axis',(0.,1.,0.));
#5946=DIRECTION('ref_axis',(1.,0.,0.));
#5947=DIRECTION('center_axis',(0.,1.,0.));
#5948=DIRECTION('ref_axis',(1.,0.,0.));
#5949=DIRECTION('',(0.,-1.,0.));
#5950=DIRECTION('center_axis',(0.,-1.,0.));
#5951=DIRECTION('ref_axis',(1.,0.,0.));
#5952=DIRECTION('center_axis',(0.,-1.,0.));
#5953=DIRECTION('ref_axis',(1.,0.,0.));
#5954=DIRECTION('center_axis',(0.,-1.,0.));
#5955=DIRECTION('ref_axis',(1.,0.,0.));
#5956=DIRECTION('center_axis',(0.,1.,0.));
#5957=DIRECTION('ref_axis',(1.,0.,0.));
#5958=DIRECTION('center_axis',(0.,1.,0.));
#5959=DIRECTION('ref_axis',(1.,0.,0.));
#5960=DIRECTION('center_axis',(0.,-1.,0.));
#5961=DIRECTION('ref_axis',(1.,0.,0.));
#5962=DIRECTION('',(0.,-1.,0.));
#5963=DIRECTION('center_axis',(0.,1.,0.));
#5964=DIRECTION('ref_axis',(1.,0.,0.));
#5965=DIRECTION('center_axis',(0.,1.,0.));
#5966=DIRECTION('ref_axis',(1.,0.,0.));
#5967=DIRECTION('',(0.,-1.,0.));
#5968=DIRECTION('center_axis',(0.,-1.,0.));
#5969=DIRECTION('ref_axis',(1.,0.,0.));
#5970=DIRECTION('center_axis',(0.,-1.,0.));
#5971=DIRECTION('ref_axis',(1.,0.,0.));
#5972=DIRECTION('center_axis',(0.,-1.,0.));
#5973=DIRECTION('ref_axis',(1.,0.,0.));
#5974=DIRECTION('center_axis',(0.,-1.,0.));
#5975=DIRECTION('ref_axis',(1.,0.,0.));
#5976=DIRECTION('center_axis',(0.,1.,0.));
#5977=DIRECTION('ref_axis',(1.,0.,0.));
#5978=DIRECTION('center_axis',(0.,1.,0.));
#5979=DIRECTION('ref_axis',(1.,0.,0.));
#5980=DIRECTION('',(0.,-1.,0.));
#5981=DIRECTION('center_axis',(0.,1.,0.));
#5982=DIRECTION('ref_axis',(1.,0.,0.));
#5983=DIRECTION('center_axis',(0.,1.,0.));
#5984=DIRECTION('ref_axis',(1.,0.,0.));
#5985=DIRECTION('',(0.,-1.,0.));
#5986=DIRECTION('center_axis',(0.,-1.,0.));
#5987=DIRECTION('ref_axis',(1.,0.,0.));
#5988=DIRECTION('center_axis',(0.,-1.,0.));
#5989=DIRECTION('ref_axis',(1.,0.,0.));
#5990=DIRECTION('center_axis',(0.,-1.,0.));
#5991=DIRECTION('ref_axis',(1.,0.,0.));
#5992=DIRECTION('center_axis',(0.,1.,0.));
#5993=DIRECTION('ref_axis',(1.,0.,0.));
#5994=DIRECTION('center_axis',(0.,1.,0.));
#5995=DIRECTION('ref_axis',(1.,0.,0.));
#5996=DIRECTION('center_axis',(0.,-1.,0.));
#5997=DIRECTION('ref_axis',(1.,0.,0.));
#5998=DIRECTION('',(0.,-1.,0.));
#5999=DIRECTION('center_axis',(0.,1.,0.));
#6000=DIRECTION('ref_axis',(1.,0.,0.));
#6001=DIRECTION('center_axis',(0.,1.,0.));
#6002=DIRECTION('ref_axis',(1.,0.,0.));
#6003=DIRECTION('',(0.,-1.,0.));
#6004=DIRECTION('center_axis',(0.,-1.,0.));
#6005=DIRECTION('ref_axis',(1.,0.,0.));
#6006=DIRECTION('center_axis',(0.,-1.,0.));
#6007=DIRECTION('ref_axis',(1.,0.,0.));
#6008=DIRECTION('center_axis',(0.,-1.,0.));
#6009=DIRECTION('ref_axis',(1.,0.,0.));
#6010=DIRECTION('center_axis',(0.,-1.,0.));
#6011=DIRECTION('ref_axis',(1.,0.,0.));
#6012=DIRECTION('center_axis',(0.,1.,0.));
#6013=DIRECTION('ref_axis',(1.,0.,0.));
#6014=DIRECTION('center_axis',(0.,1.,0.));
#6015=DIRECTION('ref_axis',(1.,0.,0.));
#6016=DIRECTION('center_axis',(0.,-1.,0.));
#6017=DIRECTION('ref_axis',(1.,0.,0.));
#6018=DIRECTION('',(0.,-1.,0.));
#6019=DIRECTION('center_axis',(0.,1.,0.));
#6020=DIRECTION('ref_axis',(1.,0.,0.));
#6021=DIRECTION('center_axis',(0.,1.,0.));
#6022=DIRECTION('ref_axis',(1.,0.,0.));
#6023=DIRECTION('',(0.,-1.,0.));
#6024=DIRECTION('center_axis',(0.,-1.,0.));
#6025=DIRECTION('ref_axis',(1.,0.,0.));
#6026=DIRECTION('center_axis',(0.,-1.,0.));
#6027=DIRECTION('ref_axis',(1.,0.,0.));
#6028=DIRECTION('center_axis',(0.,-1.,0.));
#6029=DIRECTION('ref_axis',(1.,0.,0.));
#6030=DIRECTION('center_axis',(0.,-1.,0.));
#6031=DIRECTION('ref_axis',(1.,0.,0.));
#6032=DIRECTION('center_axis',(0.,1.,0.));
#6033=DIRECTION('ref_axis',(1.,0.,0.));
#6034=DIRECTION('center_axis',(0.,1.,0.));
#6035=DIRECTION('ref_axis',(1.,0.,0.));
#6036=DIRECTION('',(0.,-1.,0.));
#6037=DIRECTION('center_axis',(0.,1.,0.));
#6038=DIRECTION('ref_axis',(1.,0.,0.));
#6039=DIRECTION('center_axis',(0.,1.,0.));
#6040=DIRECTION('ref_axis',(1.,0.,0.));
#6041=DIRECTION('',(0.,-1.,0.));
#6042=DIRECTION('center_axis',(0.,-1.,0.));
#6043=DIRECTION('ref_axis',(1.,0.,0.));
#6044=DIRECTION('center_axis',(0.,-1.,0.));
#6045=DIRECTION('ref_axis',(1.,0.,0.));
#6046=DIRECTION('center_axis',(0.,-1.,0.));
#6047=DIRECTION('ref_axis',(1.,0.,0.));
#6048=DIRECTION('center_axis',(0.,-1.,0.));
#6049=DIRECTION('ref_axis',(1.,0.,0.));
#6050=DIRECTION('center_axis',(0.,1.,0.));
#6051=DIRECTION('ref_axis',(1.,0.,0.));
#6052=DIRECTION('center_axis',(0.,1.,0.));
#6053=DIRECTION('ref_axis',(1.,0.,0.));
#6054=DIRECTION('center_axis',(0.,-1.,0.));
#6055=DIRECTION('ref_axis',(1.,0.,0.));
#6056=DIRECTION('',(0.,-1.,0.));
#6057=DIRECTION('center_axis',(0.,1.,0.));
#6058=DIRECTION('ref_axis',(1.,0.,0.));
#6059=DIRECTION('center_axis',(0.,1.,0.));
#6060=DIRECTION('ref_axis',(1.,0.,0.));
#6061=DIRECTION('',(0.,-1.,0.));
#6062=DIRECTION('center_axis',(0.,-1.,0.));
#6063=DIRECTION('ref_axis',(1.,0.,0.));
#6064=DIRECTION('center_axis',(0.,-1.,0.));
#6065=DIRECTION('ref_axis',(1.,0.,0.));
#6066=DIRECTION('center_axis',(0.,-1.,0.));
#6067=DIRECTION('ref_axis',(1.,0.,0.));
#6068=DIRECTION('center_axis',(0.,-1.,0.));
#6069=DIRECTION('ref_axis',(1.,0.,0.));
#6070=DIRECTION('center_axis',(0.,1.,0.));
#6071=DIRECTION('ref_axis',(1.,0.,0.));
#6072=DIRECTION('center_axis',(0.,1.,0.));
#6073=DIRECTION('ref_axis',(1.,0.,0.));
#6074=DIRECTION('',(0.,-1.,0.));
#6075=DIRECTION('center_axis',(0.,1.,0.));
#6076=DIRECTION('ref_axis',(1.,0.,0.));
#6077=DIRECTION('center_axis',(0.,1.,0.));
#6078=DIRECTION('ref_axis',(1.,0.,0.));
#6079=DIRECTION('',(0.,-1.,0.));
#6080=DIRECTION('center_axis',(0.,-1.,0.));
#6081=DIRECTION('ref_axis',(1.,0.,0.));
#6082=DIRECTION('center_axis',(0.,-1.,0.));
#6083=DIRECTION('ref_axis',(1.,0.,0.));
#6084=DIRECTION('center_axis',(0.,-1.,0.));
#6085=DIRECTION('ref_axis',(1.,0.,0.));
#6086=DIRECTION('center_axis',(0.,1.,0.));
#6087=DIRECTION('ref_axis',(1.,0.,0.));
#6088=DIRECTION('center_axis',(0.,1.,0.));
#6089=DIRECTION('ref_axis',(1.,0.,0.));
#6090=DIRECTION('',(0.,-1.,0.));
#6091=DIRECTION('center_axis',(0.,1.,0.));
#6092=DIRECTION('ref_axis',(1.,0.,0.));
#6093=DIRECTION('center_axis',(0.,1.,0.));
#6094=DIRECTION('ref_axis',(1.,0.,0.));
#6095=DIRECTION('',(0.,-1.,0.));
#6096=DIRECTION('center_axis',(0.,-1.,0.));
#6097=DIRECTION('ref_axis',(1.,0.,0.));
#6098=DIRECTION('center_axis',(0.,-1.,0.));
#6099=DIRECTION('ref_axis',(1.,0.,0.));
#6100=DIRECTION('center_axis',(0.,-1.,0.));
#6101=DIRECTION('ref_axis',(1.,0.,0.));
#6102=DIRECTION('center_axis',(0.,-1.,0.));
#6103=DIRECTION('ref_axis',(1.,0.,0.));
#6104=DIRECTION('center_axis',(0.,1.,0.));
#6105=DIRECTION('ref_axis',(1.,0.,0.));
#6106=DIRECTION('center_axis',(0.,1.,0.));
#6107=DIRECTION('ref_axis',(1.,0.,0.));
#6108=DIRECTION('center_axis',(0.,-1.,0.));
#6109=DIRECTION('ref_axis',(1.,0.,0.));
#6110=DIRECTION('',(0.,-1.,0.));
#6111=DIRECTION('center_axis',(0.,1.,0.));
#6112=DIRECTION('ref_axis',(1.,0.,0.));
#6113=DIRECTION('center_axis',(0.,1.,0.));
#6114=DIRECTION('ref_axis',(1.,0.,0.));
#6115=DIRECTION('',(0.,-1.,0.));
#6116=DIRECTION('center_axis',(0.,-1.,0.));
#6117=DIRECTION('ref_axis',(1.,0.,0.));
#6118=DIRECTION('center_axis',(0.,-1.,0.));
#6119=DIRECTION('ref_axis',(1.,0.,0.));
#6120=DIRECTION('center_axis',(0.,-1.,0.));
#6121=DIRECTION('ref_axis',(1.,0.,0.));
#6122=DIRECTION('center_axis',(0.,1.,0.));
#6123=DIRECTION('ref_axis',(1.,0.,0.));
#6124=DIRECTION('center_axis',(0.,1.,0.));
#6125=DIRECTION('ref_axis',(1.,0.,0.));
#6126=DIRECTION('',(0.,-1.,0.));
#6127=DIRECTION('center_axis',(0.,1.,0.));
#6128=DIRECTION('ref_axis',(1.,0.,0.));
#6129=DIRECTION('center_axis',(0.,1.,0.));
#6130=DIRECTION('ref_axis',(1.,0.,0.));
#6131=DIRECTION('',(0.,-1.,0.));
#6132=DIRECTION('center_axis',(0.,-1.,0.));
#6133=DIRECTION('ref_axis',(1.,0.,0.));
#6134=DIRECTION('center_axis',(0.,-1.,0.));
#6135=DIRECTION('ref_axis',(1.,0.,0.));
#6136=DIRECTION('center_axis',(0.,-1.,0.));
#6137=DIRECTION('ref_axis',(1.,0.,0.));
#6138=DIRECTION('center_axis',(0.,1.,0.));
#6139=DIRECTION('ref_axis',(1.,0.,0.));
#6140=DIRECTION('center_axis',(0.,1.,0.));
#6141=DIRECTION('ref_axis',(1.,0.,0.));
#6142=DIRECTION('',(0.,-1.,0.));
#6143=DIRECTION('center_axis',(-0.641026742200001,0.,0.767518544260954));
#6144=DIRECTION('ref_axis',(0.767518544260954,0.,0.641026742200001));
#6145=DIRECTION('',(0.767518544260954,0.,0.641026742200001));
#6146=DIRECTION('',(-0.767518544260954,0.,-0.641026742200001));
#6147=DIRECTION('',(0.,1.,0.));
#6148=DIRECTION('center_axis',(2.60361765105964E-13,0.,-1.));
#6149=DIRECTION('ref_axis',(-1.,0.,-2.60361765105964E-13));
#6150=DIRECTION('',(-1.,0.,-2.60361765105964E-13));
#6151=DIRECTION('',(0.,-1.,0.));
#6152=DIRECTION('',(1.,0.,2.60361765105964E-13));
#6153=DIRECTION('center_axis',(0.,-1.,0.));
#6154=DIRECTION('ref_axis',(1.,0.,0.));
#6155=DIRECTION('center_axis',(0.,-1.,0.));
#6156=DIRECTION('ref_axis',(1.,0.,0.));
#6157=DIRECTION('center_axis',(0.,1.,0.));
#6158=DIRECTION('ref_axis',(-0.999999737101903,0.,-0.000725118007375173));
#6159=DIRECTION('center_axis',(0.,1.,0.));
#6160=DIRECTION('ref_axis',(1.,0.,0.));
#6161=DIRECTION('center_axis',(0.,-1.,0.));
#6162=DIRECTION('ref_axis',(1.,0.,0.));
#6163=DIRECTION('center_axis',(-0.641026742200001,0.,0.767518544260954));
#6164=DIRECTION('ref_axis',(0.767518544260954,0.,0.641026742200001));
#6165=DIRECTION('',(0.767518544260954,0.,0.641026742200001));
#6166=DIRECTION('',(-0.767518544260954,0.,-0.641026742200001));
#6167=DIRECTION('',(0.,1.,0.));
#6168=DIRECTION('center_axis',(2.60361765105964E-13,0.,-1.));
#6169=DIRECTION('ref_axis',(-1.,0.,-2.60361765105964E-13));
#6170=DIRECTION('',(-1.,0.,-2.60361765105964E-13));
#6171=DIRECTION('',(0.,-1.,0.));
#6172=DIRECTION('',(1.,0.,2.60361765105964E-13));
#6173=DIRECTION('center_axis',(0.,-1.,0.));
#6174=DIRECTION('ref_axis',(1.,0.,0.));
#6175=DIRECTION('center_axis',(0.,-1.,0.));
#6176=DIRECTION('ref_axis',(1.,0.,0.));
#6177=DIRECTION('center_axis',(0.,1.,0.));
#6178=DIRECTION('ref_axis',(-0.999999737101903,0.,-0.000725118007375173));
#6179=DIRECTION('center_axis',(0.,1.,0.));
#6180=DIRECTION('ref_axis',(1.,0.,0.));
#6181=DIRECTION('center_axis',(0.,-1.,0.));
#6182=DIRECTION('ref_axis',(1.,0.,0.));
#6183=DIRECTION('center_axis',(-0.641026742200001,0.,0.767518544260954));
#6184=DIRECTION('ref_axis',(0.767518544260954,0.,0.641026742200001));
#6185=DIRECTION('',(0.767518544260954,0.,0.641026742200001));
#6186=DIRECTION('',(-0.767518544260954,0.,-0.641026742200001));
#6187=DIRECTION('',(0.,1.,0.));
#6188=DIRECTION('center_axis',(2.60361765105964E-13,0.,-1.));
#6189=DIRECTION('ref_axis',(-1.,0.,-2.60361765105964E-13));
#6190=DIRECTION('',(-1.,0.,-2.60361765105964E-13));
#6191=DIRECTION('',(0.,-1.,0.));
#6192=DIRECTION('',(1.,0.,2.60361765105964E-13));
#6193=DIRECTION('center_axis',(0.,-1.,0.));
#6194=DIRECTION('ref_axis',(1.,0.,0.));
#6195=DIRECTION('center_axis',(0.,-1.,0.));
#6196=DIRECTION('ref_axis',(1.,0.,0.));
#6197=DIRECTION('center_axis',(0.,1.,0.));
#6198=DIRECTION('ref_axis',(-0.999999737101903,0.,-0.000725118007375173));
#6199=DIRECTION('center_axis',(0.,1.,0.));
#6200=DIRECTION('ref_axis',(1.,0.,0.));
#6201=DIRECTION('center_axis',(0.,-1.,0.));
#6202=DIRECTION('ref_axis',(1.,0.,0.));
#6203=DIRECTION('center_axis',(-0.641026742200001,0.,0.767518544260954));
#6204=DIRECTION('ref_axis',(0.767518544260954,0.,0.641026742200001));
#6205=DIRECTION('',(0.767518544260954,0.,0.641026742200001));
#6206=DIRECTION('',(-0.767518544260954,0.,-0.641026742200001));
#6207=DIRECTION('',(0.,1.,0.));
#6208=DIRECTION('center_axis',(2.60361765105964E-13,0.,-1.));
#6209=DIRECTION('ref_axis',(-1.,0.,-2.60361765105964E-13));
#6210=DIRECTION('',(-1.,0.,-2.60361765105964E-13));
#6211=DIRECTION('',(0.,-1.,0.));
#6212=DIRECTION('',(1.,0.,2.60361765105964E-13));
#6213=DIRECTION('center_axis',(0.,-1.,0.));
#6214=DIRECTION('ref_axis',(1.,0.,0.));
#6215=DIRECTION('center_axis',(0.,-1.,0.));
#6216=DIRECTION('ref_axis',(1.,0.,0.));
#6217=DIRECTION('center_axis',(0.,1.,0.));
#6218=DIRECTION('ref_axis',(-0.999999737101903,0.,-0.000725118007375173));
#6219=DIRECTION('center_axis',(0.,1.,0.));
#6220=DIRECTION('ref_axis',(1.,0.,0.));
#6221=DIRECTION('center_axis',(0.,-1.,0.));
#6222=DIRECTION('ref_axis',(1.,0.,0.));
#6223=DIRECTION('center_axis',(-0.641026742200001,0.,0.767518544260954));
#6224=DIRECTION('ref_axis',(0.767518544260954,0.,0.641026742200001));
#6225=DIRECTION('',(0.767518544260954,0.,0.641026742200001));
#6226=DIRECTION('',(-0.767518544260954,0.,-0.641026742200001));
#6227=DIRECTION('',(0.,1.,0.));
#6228=DIRECTION('center_axis',(2.60361765105964E-13,0.,-1.));
#6229=DIRECTION('ref_axis',(-1.,0.,-2.60361765105964E-13));
#6230=DIRECTION('',(-1.,0.,-2.60361765105964E-13));
#6231=DIRECTION('',(0.,-1.,0.));
#6232=DIRECTION('',(1.,0.,2.60361765105964E-13));
#6233=DIRECTION('center_axis',(0.,-1.,0.));
#6234=DIRECTION('ref_axis',(1.,0.,0.));
#6235=DIRECTION('center_axis',(0.,-1.,0.));
#6236=DIRECTION('ref_axis',(1.,0.,0.));
#6237=DIRECTION('center_axis',(0.,1.,0.));
#6238=DIRECTION('ref_axis',(-0.999999737101903,0.,-0.000725118007375173));
#6239=DIRECTION('center_axis',(0.,1.,0.));
#6240=DIRECTION('ref_axis',(1.,0.,0.));
#6241=DIRECTION('center_axis',(0.,-1.,0.));
#6242=DIRECTION('ref_axis',(1.,0.,0.));
#6243=DIRECTION('center_axis',(-0.641026742200001,0.,0.767518544260954));
#6244=DIRECTION('ref_axis',(0.767518544260954,0.,0.641026742200001));
#6245=DIRECTION('',(0.767518544260954,0.,0.641026742200001));
#6246=DIRECTION('',(-0.767518544260954,0.,-0.641026742200001));
#6247=DIRECTION('',(0.,1.,0.));
#6248=DIRECTION('center_axis',(2.60361765105964E-13,0.,-1.));
#6249=DIRECTION('ref_axis',(-1.,0.,-2.60361765105964E-13));
#6250=DIRECTION('',(-1.,0.,-2.60361765105964E-13));
#6251=DIRECTION('',(0.,-1.,0.));
#6252=DIRECTION('',(1.,0.,2.60361765105964E-13));
#6253=DIRECTION('center_axis',(0.,-1.,0.));
#6254=DIRECTION('ref_axis',(1.,0.,0.));
#6255=DIRECTION('center_axis',(0.,-1.,0.));
#6256=DIRECTION('ref_axis',(1.,0.,0.));
#6257=DIRECTION('center_axis',(0.,1.,0.));
#6258=DIRECTION('ref_axis',(-0.999999737101903,0.,-0.000725118007375173));
#6259=DIRECTION('center_axis',(0.,1.,0.));
#6260=DIRECTION('ref_axis',(1.,0.,0.));
#6261=DIRECTION('center_axis',(0.,-1.,0.));
#6262=DIRECTION('ref_axis',(1.,0.,0.));
#6263=DIRECTION('center_axis',(-0.641026742200001,0.,0.767518544260954));
#6264=DIRECTION('ref_axis',(0.767518544260954,0.,0.641026742200001));
#6265=DIRECTION('',(0.767518544260954,0.,0.641026742200001));
#6266=DIRECTION('',(-0.767518544260954,0.,-0.641026742200001));
#6267=DIRECTION('',(0.,1.,0.));
#6268=DIRECTION('center_axis',(2.60361765105964E-13,0.,-1.));
#6269=DIRECTION('ref_axis',(-1.,0.,-2.60361765105964E-13));
#6270=DIRECTION('',(-1.,0.,-2.60361765105964E-13));
#6271=DIRECTION('',(0.,-1.,0.));
#6272=DIRECTION('',(1.,0.,2.60361765105964E-13));
#6273=DIRECTION('center_axis',(0.,-1.,0.));
#6274=DIRECTION('ref_axis',(1.,0.,0.));
#6275=DIRECTION('center_axis',(0.,-1.,0.));
#6276=DIRECTION('ref_axis',(1.,0.,0.));
#6277=DIRECTION('center_axis',(0.,1.,0.));
#6278=DIRECTION('ref_axis',(-0.999999737101903,0.,-0.000725118007375173));
#6279=DIRECTION('center_axis',(0.,1.,0.));
#6280=DIRECTION('ref_axis',(1.,0.,0.));
#6281=DIRECTION('center_axis',(0.,-1.,0.));
#6282=DIRECTION('ref_axis',(1.,0.,0.));
#6283=DIRECTION('center_axis',(-0.641026742200001,0.,0.767518544260954));
#6284=DIRECTION('ref_axis',(0.767518544260954,0.,0.641026742200001));
#6285=DIRECTION('',(0.767518544260954,0.,0.641026742200001));
#6286=DIRECTION('',(-0.767518544260954,0.,-0.641026742200001));
#6287=DIRECTION('',(0.,1.,0.));
#6288=DIRECTION('center_axis',(2.60361765105964E-13,0.,-1.));
#6289=DIRECTION('ref_axis',(-1.,0.,-2.60361765105964E-13));
#6290=DIRECTION('',(-1.,0.,-2.60361765105964E-13));
#6291=DIRECTION('',(0.,-1.,0.));
#6292=DIRECTION('',(1.,0.,2.60361765105964E-13));
#6293=DIRECTION('center_axis',(0.,-1.,0.));
#6294=DIRECTION('ref_axis',(1.,0.,0.));
#6295=DIRECTION('center_axis',(0.,-1.,0.));
#6296=DIRECTION('ref_axis',(1.,0.,0.));
#6297=DIRECTION('center_axis',(0.,1.,0.));
#6298=DIRECTION('ref_axis',(-0.999999737101903,0.,-0.000725118007375173));
#6299=DIRECTION('center_axis',(0.,1.,0.));
#6300=DIRECTION('ref_axis',(1.,0.,0.));
#6301=DIRECTION('center_axis',(0.,-1.,0.));
#6302=DIRECTION('ref_axis',(1.,0.,0.));
#6303=DIRECTION('center_axis',(0.,1.,0.));
#6304=DIRECTION('ref_axis',(1.,0.,0.));
#6305=DIRECTION('center_axis',(0.,1.,0.));
#6306=DIRECTION('ref_axis',(1.,0.,0.));
#6307=DIRECTION('',(0.,-1.,0.));
#6308=DIRECTION('center_axis',(0.,-1.,0.));
#6309=DIRECTION('ref_axis',(1.,0.,0.));
#6310=DIRECTION('center_axis',(0.,-1.,0.));
#6311=DIRECTION('ref_axis',(1.,0.,0.));
#6312=DIRECTION('center_axis',(0.,-1.,0.));
#6313=DIRECTION('ref_axis',(1.,0.,0.));
#6314=DIRECTION('center_axis',(0.,-1.,0.));
#6315=DIRECTION('ref_axis',(1.,0.,0.));
#6316=DIRECTION('center_axis',(0.,1.,0.));
#6317=DIRECTION('ref_axis',(1.,0.,0.));
#6318=DIRECTION('center_axis',(0.,1.,0.));
#6319=DIRECTION('ref_axis',(1.,0.,0.));
#6320=DIRECTION('center_axis',(0.,-1.,0.));
#6321=DIRECTION('ref_axis',(1.,0.,0.));
#6322=DIRECTION('',(0.,-1.,0.));
#6323=DIRECTION('center_axis',(0.,1.,0.));
#6324=DIRECTION('ref_axis',(1.,0.,0.));
#6325=DIRECTION('center_axis',(0.,1.,0.));
#6326=DIRECTION('ref_axis',(1.,0.,0.));
#6327=DIRECTION('',(0.,-1.,0.));
#6328=DIRECTION('center_axis',(0.,-1.,0.));
#6329=DIRECTION('ref_axis',(1.,0.,0.));
#6330=DIRECTION('center_axis',(0.,-1.,0.));
#6331=DIRECTION('ref_axis',(1.,0.,0.));
#6332=DIRECTION('center_axis',(0.,-1.,0.));
#6333=DIRECTION('ref_axis',(1.,0.,0.));
#6334=DIRECTION('center_axis',(0.,1.,0.));
#6335=DIRECTION('ref_axis',(1.,0.,0.));
#6336=DIRECTION('center_axis',(0.,1.,0.));
#6337=DIRECTION('ref_axis',(1.,0.,0.));
#6338=DIRECTION('center_axis',(0.,1.,0.));
#6339=DIRECTION('ref_axis',(1.,0.,0.));
#6340=DIRECTION('',(0.,-1.,0.));
#6341=DIRECTION('center_axis',(0.,1.,0.));
#6342=DIRECTION('ref_axis',(1.,0.,0.));
#6343=DIRECTION('center_axis',(0.,1.,0.));
#6344=DIRECTION('ref_axis',(1.,0.,0.));
#6345=DIRECTION('',(0.,-1.,0.));
#6346=DIRECTION('center_axis',(0.,-1.,0.));
#6347=DIRECTION('ref_axis',(1.,0.,0.));
#6348=DIRECTION('center_axis',(0.,-1.,0.));
#6349=DIRECTION('ref_axis',(1.,0.,0.));
#6350=DIRECTION('center_axis',(0.,-1.,0.));
#6351=DIRECTION('ref_axis',(1.,0.,0.));
#6352=DIRECTION('center_axis',(0.,-1.,0.));
#6353=DIRECTION('ref_axis',(1.,0.,0.));
#6354=DIRECTION('center_axis',(0.,1.,0.));
#6355=DIRECTION('ref_axis',(1.,0.,0.));
#6356=DIRECTION('center_axis',(0.,1.,0.));
#6357=DIRECTION('ref_axis',(1.,0.,0.));
#6358=DIRECTION('',(0.,-1.,0.));
#6359=DIRECTION('center_axis',(0.,1.,0.));
#6360=DIRECTION('ref_axis',(1.,0.,0.));
#6361=DIRECTION('center_axis',(0.,1.,0.));
#6362=DIRECTION('ref_axis',(1.,0.,0.));
#6363=DIRECTION('',(0.,-1.,0.));
#6364=DIRECTION('center_axis',(0.,-1.,0.));
#6365=DIRECTION('ref_axis',(1.,0.,0.));
#6366=DIRECTION('center_axis',(0.,-1.,0.));
#6367=DIRECTION('ref_axis',(1.,0.,0.));
#6368=DIRECTION('center_axis',(0.,-1.,0.));
#6369=DIRECTION('ref_axis',(1.,0.,0.));
#6370=DIRECTION('center_axis',(0.,-1.,0.));
#6371=DIRECTION('ref_axis',(1.,0.,0.));
#6372=DIRECTION('center_axis',(0.,1.,0.));
#6373=DIRECTION('ref_axis',(1.,0.,0.));
#6374=DIRECTION('center_axis',(0.,1.,0.));
#6375=DIRECTION('ref_axis',(1.,0.,0.));
#6376=DIRECTION('',(0.,-1.,0.));
#6377=DIRECTION('center_axis',(0.,1.,0.));
#6378=DIRECTION('ref_axis',(1.,0.,0.));
#6379=DIRECTION('center_axis',(0.,1.,0.));
#6380=DIRECTION('ref_axis',(1.,0.,0.));
#6381=DIRECTION('',(0.,-1.,0.));
#6382=DIRECTION('center_axis',(0.,-1.,0.));
#6383=DIRECTION('ref_axis',(1.,0.,0.));
#6384=DIRECTION('center_axis',(0.,-1.,0.));
#6385=DIRECTION('ref_axis',(1.,0.,0.));
#6386=DIRECTION('center_axis',(0.,-1.,0.));
#6387=DIRECTION('ref_axis',(1.,0.,0.));
#6388=DIRECTION('center_axis',(0.,-1.,0.));
#6389=DIRECTION('ref_axis',(1.,0.,0.));
#6390=DIRECTION('center_axis',(0.,1.,0.));
#6391=DIRECTION('ref_axis',(1.,0.,0.));
#6392=DIRECTION('center_axis',(0.,1.,0.));
#6393=DIRECTION('ref_axis',(1.,0.,0.));
#6394=DIRECTION('center_axis',(0.,-1.,0.));
#6395=DIRECTION('ref_axis',(1.,0.,0.));
#6396=DIRECTION('',(0.,-1.,0.));
#6397=DIRECTION('center_axis',(0.,1.,0.));
#6398=DIRECTION('ref_axis',(1.,0.,0.));
#6399=DIRECTION('center_axis',(0.,1.,0.));
#6400=DIRECTION('ref_axis',(1.,0.,0.));
#6401=DIRECTION('',(0.,-1.,0.));
#6402=DIRECTION('center_axis',(0.,-1.,0.));
#6403=DIRECTION('ref_axis',(1.,0.,0.));
#6404=DIRECTION('center_axis',(0.,-1.,0.));
#6405=DIRECTION('ref_axis',(1.,0.,0.));
#6406=DIRECTION('center_axis',(0.,-1.,0.));
#6407=DIRECTION('ref_axis',(1.,0.,0.));
#6408=DIRECTION('center_axis',(0.,-1.,0.));
#6409=DIRECTION('ref_axis',(1.,0.,0.));
#6410=DIRECTION('center_axis',(0.,1.,0.));
#6411=DIRECTION('ref_axis',(1.,0.,0.));
#6412=DIRECTION('center_axis',(0.,1.,0.));
#6413=DIRECTION('ref_axis',(1.,0.,0.));
#6414=DIRECTION('center_axis',(0.,-1.,0.));
#6415=DIRECTION('ref_axis',(1.,0.,0.));
#6416=DIRECTION('',(0.,-1.,0.));
#6417=DIRECTION('center_axis',(0.,1.,0.));
#6418=DIRECTION('ref_axis',(1.,0.,0.));
#6419=DIRECTION('center_axis',(0.,1.,0.));
#6420=DIRECTION('ref_axis',(1.,0.,0.));
#6421=DIRECTION('',(0.,-1.,0.));
#6422=DIRECTION('center_axis',(0.,-1.,0.));
#6423=DIRECTION('ref_axis',(1.,0.,0.));
#6424=DIRECTION('center_axis',(0.,-1.,0.));
#6425=DIRECTION('ref_axis',(1.,0.,0.));
#6426=DIRECTION('center_axis',(0.,-1.,0.));
#6427=DIRECTION('ref_axis',(1.,0.,0.));
#6428=DIRECTION('center_axis',(0.,-1.,0.));
#6429=DIRECTION('ref_axis',(1.,0.,0.));
#6430=DIRECTION('center_axis',(0.,1.,0.));
#6431=DIRECTION('ref_axis',(1.,0.,0.));
#6432=DIRECTION('center_axis',(0.,1.,0.));
#6433=DIRECTION('ref_axis',(1.,0.,0.));
#6434=DIRECTION('center_axis',(0.,-1.,0.));
#6435=DIRECTION('ref_axis',(1.,0.,0.));
#6436=DIRECTION('',(0.,-1.,0.));
#6437=DIRECTION('center_axis',(0.,1.,0.));
#6438=DIRECTION('ref_axis',(1.,0.,0.));
#6439=DIRECTION('center_axis',(0.,1.,0.));
#6440=DIRECTION('ref_axis',(1.,0.,0.));
#6441=DIRECTION('',(0.,-1.,0.));
#6442=DIRECTION('center_axis',(0.,-1.,0.));
#6443=DIRECTION('ref_axis',(1.,0.,0.));
#6444=DIRECTION('center_axis',(0.,-1.,0.));
#6445=DIRECTION('ref_axis',(1.,0.,0.));
#6446=DIRECTION('center_axis',(0.,-1.,0.));
#6447=DIRECTION('ref_axis',(1.,0.,0.));
#6448=DIRECTION('center_axis',(0.,-1.,0.));
#6449=DIRECTION('ref_axis',(1.,0.,0.));
#6450=DIRECTION('center_axis',(0.,1.,0.));
#6451=DIRECTION('ref_axis',(1.,0.,0.));
#6452=DIRECTION('center_axis',(0.,1.,0.));
#6453=DIRECTION('ref_axis',(1.,0.,0.));
#6454=DIRECTION('center_axis',(0.,-1.,0.));
#6455=DIRECTION('ref_axis',(1.,0.,0.));
#6456=DIRECTION('',(0.,-1.,0.));
#6457=DIRECTION('center_axis',(0.,1.,0.));
#6458=DIRECTION('ref_axis',(1.,0.,0.));
#6459=DIRECTION('center_axis',(0.,1.,0.));
#6460=DIRECTION('ref_axis',(1.,0.,0.));
#6461=DIRECTION('',(0.,-1.,0.));
#6462=DIRECTION('center_axis',(0.,-1.,0.));
#6463=DIRECTION('ref_axis',(1.,0.,0.));
#6464=DIRECTION('center_axis',(0.,-1.,0.));
#6465=DIRECTION('ref_axis',(1.,0.,0.));
#6466=DIRECTION('center_axis',(0.,-1.,0.));
#6467=DIRECTION('ref_axis',(1.,0.,0.));
#6468=DIRECTION('center_axis',(0.,1.,0.));
#6469=DIRECTION('ref_axis',(1.,0.,0.));
#6470=DIRECTION('center_axis',(0.,1.,0.));
#6471=DIRECTION('ref_axis',(1.,0.,0.));
#6472=DIRECTION('',(0.,-1.,0.));
#6473=DIRECTION('center_axis',(0.,1.,0.));
#6474=DIRECTION('ref_axis',(1.,0.,0.));
#6475=DIRECTION('center_axis',(0.,1.,0.));
#6476=DIRECTION('ref_axis',(1.,0.,0.));
#6477=DIRECTION('',(0.,-1.,0.));
#6478=DIRECTION('center_axis',(0.,-1.,0.));
#6479=DIRECTION('ref_axis',(1.,0.,0.));
#6480=DIRECTION('center_axis',(0.,-1.,0.));
#6481=DIRECTION('ref_axis',(1.,0.,0.));
#6482=DIRECTION('center_axis',(0.,-1.,0.));
#6483=DIRECTION('ref_axis',(1.,0.,0.));
#6484=DIRECTION('center_axis',(0.,1.,0.));
#6485=DIRECTION('ref_axis',(1.,0.,0.));
#6486=DIRECTION('center_axis',(0.,1.,0.));
#6487=DIRECTION('ref_axis',(1.,0.,0.));
#6488=DIRECTION('',(0.,-1.,0.));
#6489=DIRECTION('center_axis',(0.,1.,0.));
#6490=DIRECTION('ref_axis',(1.,0.,0.));
#6491=DIRECTION('center_axis',(0.,1.,0.));
#6492=DIRECTION('ref_axis',(1.,0.,0.));
#6493=DIRECTION('',(0.,-1.,0.));
#6494=DIRECTION('center_axis',(0.,-1.,0.));
#6495=DIRECTION('ref_axis',(1.,0.,0.));
#6496=DIRECTION('center_axis',(0.,-1.,0.));
#6497=DIRECTION('ref_axis',(1.,0.,0.));
#6498=DIRECTION('center_axis',(0.,-1.,0.));
#6499=DIRECTION('ref_axis',(1.,0.,0.));
#6500=DIRECTION('center_axis',(0.,1.,0.));
#6501=DIRECTION('ref_axis',(1.,0.,0.));
#6502=DIRECTION('center_axis',(0.,1.,0.));
#6503=DIRECTION('ref_axis',(1.,0.,0.));
#6504=DIRECTION('',(0.,-1.,0.));
#6505=DIRECTION('center_axis',(0.,1.,0.));
#6506=DIRECTION('ref_axis',(1.,0.,0.));
#6507=DIRECTION('center_axis',(0.,1.,0.));
#6508=DIRECTION('ref_axis',(1.,0.,0.));
#6509=DIRECTION('',(0.,-1.,0.));
#6510=DIRECTION('center_axis',(0.,-1.,0.));
#6511=DIRECTION('ref_axis',(1.,0.,0.));
#6512=DIRECTION('center_axis',(0.,-1.,0.));
#6513=DIRECTION('ref_axis',(1.,0.,0.));
#6514=DIRECTION('center_axis',(0.,-1.,0.));
#6515=DIRECTION('ref_axis',(1.,0.,0.));
#6516=DIRECTION('center_axis',(0.,1.,0.));
#6517=DIRECTION('ref_axis',(1.,0.,0.));
#6518=DIRECTION('center_axis',(0.,1.,0.));
#6519=DIRECTION('ref_axis',(1.,0.,0.));
#6520=DIRECTION('',(0.,-1.,0.));
#6521=DIRECTION('center_axis',(0.,1.,0.));
#6522=DIRECTION('ref_axis',(1.,0.,0.));
#6523=DIRECTION('center_axis',(0.,1.,0.));
#6524=DIRECTION('ref_axis',(1.,0.,0.));
#6525=DIRECTION('',(0.,-1.,0.));
#6526=DIRECTION('center_axis',(0.,-1.,0.));
#6527=DIRECTION('ref_axis',(1.,0.,0.));
#6528=DIRECTION('center_axis',(0.,-1.,0.));
#6529=DIRECTION('ref_axis',(1.,0.,0.));
#6530=DIRECTION('center_axis',(0.,-1.,0.));
#6531=DIRECTION('ref_axis',(1.,0.,0.));
#6532=DIRECTION('center_axis',(0.,1.,0.));
#6533=DIRECTION('ref_axis',(1.,0.,0.));
#6534=DIRECTION('center_axis',(0.,1.,0.));
#6535=DIRECTION('ref_axis',(1.,0.,0.));
#6536=DIRECTION('',(0.,-1.,0.));
#6537=DIRECTION('center_axis',(0.,1.,0.));
#6538=DIRECTION('ref_axis',(1.,0.,0.));
#6539=DIRECTION('center_axis',(0.,1.,0.));
#6540=DIRECTION('ref_axis',(1.,0.,0.));
#6541=DIRECTION('',(0.,-1.,0.));
#6542=DIRECTION('center_axis',(0.,-1.,0.));
#6543=DIRECTION('ref_axis',(1.,0.,0.));
#6544=DIRECTION('center_axis',(0.,-1.,0.));
#6545=DIRECTION('ref_axis',(1.,0.,0.));
#6546=DIRECTION('center_axis',(0.,-1.,0.));
#6547=DIRECTION('ref_axis',(1.,0.,0.));
#6548=DIRECTION('center_axis',(0.,-1.,0.));
#6549=DIRECTION('ref_axis',(1.,0.,0.));
#6550=DIRECTION('center_axis',(0.,1.,0.));
#6551=DIRECTION('ref_axis',(1.,0.,0.));
#6552=DIRECTION('center_axis',(0.,1.,0.));
#6553=DIRECTION('ref_axis',(1.,0.,0.));
#6554=DIRECTION('center_axis',(0.,-1.,0.));
#6555=DIRECTION('ref_axis',(1.,0.,0.));
#6556=DIRECTION('',(0.,-1.,0.));
#6557=DIRECTION('center_axis',(0.,1.,0.));
#6558=DIRECTION('ref_axis',(1.,0.,0.));
#6559=DIRECTION('center_axis',(0.,1.,0.));
#6560=DIRECTION('ref_axis',(1.,0.,0.));
#6561=DIRECTION('',(0.,-1.,0.));
#6562=DIRECTION('center_axis',(0.,-1.,0.));
#6563=DIRECTION('ref_axis',(1.,0.,0.));
#6564=DIRECTION('center_axis',(0.,-1.,0.));
#6565=DIRECTION('ref_axis',(1.,0.,0.));
#6566=DIRECTION('center_axis',(0.,-1.,0.));
#6567=DIRECTION('ref_axis',(1.,0.,0.));
#6568=DIRECTION('center_axis',(0.,1.,0.));
#6569=DIRECTION('ref_axis',(1.,0.,0.));
#6570=DIRECTION('center_axis',(0.,1.,0.));
#6571=DIRECTION('ref_axis',(1.,0.,0.));
#6572=DIRECTION('',(0.,-1.,0.));
#6573=DIRECTION('center_axis',(0.,1.,0.));
#6574=DIRECTION('ref_axis',(1.,0.,0.));
#6575=DIRECTION('center_axis',(0.,1.,0.));
#6576=DIRECTION('ref_axis',(1.,0.,0.));
#6577=DIRECTION('',(0.,-1.,0.));
#6578=DIRECTION('center_axis',(0.,-1.,0.));
#6579=DIRECTION('ref_axis',(1.,0.,0.));
#6580=DIRECTION('center_axis',(0.,-1.,0.));
#6581=DIRECTION('ref_axis',(1.,0.,0.));
#6582=DIRECTION('center_axis',(0.,-1.,0.));
#6583=DIRECTION('ref_axis',(1.,0.,0.));
#6584=DIRECTION('center_axis',(0.,1.,0.));
#6585=DIRECTION('ref_axis',(1.,0.,0.));
#6586=DIRECTION('center_axis',(0.,1.,0.));
#6587=DIRECTION('ref_axis',(1.,0.,0.));
#6588=DIRECTION('center_axis',(0.,-1.,0.));
#6589=DIRECTION('ref_axis',(1.,0.,0.));
#6590=DIRECTION('',(0.,-1.,0.));
#6591=DIRECTION('center_axis',(-0.641026742200001,0.,0.767518544260954));
#6592=DIRECTION('ref_axis',(0.767518544260954,0.,0.641026742200001));
#6593=DIRECTION('',(0.767518544260954,0.,0.641026742200001));
#6594=DIRECTION('',(-0.767518544260954,0.,-0.641026742200001));
#6595=DIRECTION('',(0.,1.,0.));
#6596=DIRECTION('center_axis',(2.60361765105964E-13,0.,-1.));
#6597=DIRECTION('ref_axis',(-1.,0.,-2.60361765105964E-13));
#6598=DIRECTION('',(-1.,0.,-2.60361765105964E-13));
#6599=DIRECTION('',(0.,-1.,0.));
#6600=DIRECTION('',(1.,0.,2.60361765105964E-13));
#6601=DIRECTION('center_axis',(0.,-1.,0.));
#6602=DIRECTION('ref_axis',(1.,0.,0.));
#6603=DIRECTION('center_axis',(0.,-1.,0.));
#6604=DIRECTION('ref_axis',(1.,0.,0.));
#6605=DIRECTION('center_axis',(0.,1.,0.));
#6606=DIRECTION('ref_axis',(-0.999999737101903,0.,-0.000725118007375173));
#6607=DIRECTION('center_axis',(0.,1.,0.));
#6608=DIRECTION('ref_axis',(1.,0.,0.));
#6609=DIRECTION('center_axis',(0.,-1.,0.));
#6610=DIRECTION('ref_axis',(1.,0.,0.));
#6611=DIRECTION('center_axis',(-0.641026742200001,0.,0.767518544260954));
#6612=DIRECTION('ref_axis',(0.767518544260954,0.,0.641026742200001));
#6613=DIRECTION('',(0.767518544260954,0.,0.641026742200001));
#6614=DIRECTION('',(-0.767518544260954,0.,-0.641026742200001));
#6615=DIRECTION('',(0.,1.,0.));
#6616=DIRECTION('center_axis',(2.60361765105964E-13,0.,-1.));
#6617=DIRECTION('ref_axis',(-1.,0.,-2.60361765105964E-13));
#6618=DIRECTION('',(-1.,0.,-2.60361765105964E-13));
#6619=DIRECTION('',(0.,-1.,0.));
#6620=DIRECTION('',(1.,0.,2.60361765105964E-13));
#6621=DIRECTION('center_axis',(0.,-1.,0.));
#6622=DIRECTION('ref_axis',(1.,0.,0.));
#6623=DIRECTION('center_axis',(0.,-1.,0.));
#6624=DIRECTION('ref_axis',(1.,0.,0.));
#6625=DIRECTION('center_axis',(0.,1.,0.));
#6626=DIRECTION('ref_axis',(-0.999999737101903,0.,-0.000725118007375173));
#6627=DIRECTION('center_axis',(0.,1.,0.));
#6628=DIRECTION('ref_axis',(1.,0.,0.));
#6629=DIRECTION('center_axis',(0.,-1.,0.));
#6630=DIRECTION('ref_axis',(1.,0.,0.));
#6631=DIRECTION('center_axis',(-0.641026742200001,0.,0.767518544260954));
#6632=DIRECTION('ref_axis',(0.767518544260954,0.,0.641026742200001));
#6633=DIRECTION('',(0.767518544260954,0.,0.641026742200001));
#6634=DIRECTION('',(-0.767518544260954,0.,-0.641026742200001));
#6635=DIRECTION('',(0.,1.,0.));
#6636=DIRECTION('center_axis',(2.60361765105964E-13,0.,-1.));
#6637=DIRECTION('ref_axis',(-1.,0.,-2.60361765105964E-13));
#6638=DIRECTION('',(-1.,0.,-2.60361765105964E-13));
#6639=DIRECTION('',(0.,-1.,0.));
#6640=DIRECTION('',(1.,0.,2.60361765105964E-13));
#6641=DIRECTION('center_axis',(0.,-1.,0.));
#6642=DIRECTION('ref_axis',(1.,0.,0.));
#6643=DIRECTION('center_axis',(0.,-1.,0.));
#6644=DIRECTION('ref_axis',(1.,0.,0.));
#6645=DIRECTION('center_axis',(0.,1.,0.));
#6646=DIRECTION('ref_axis',(-0.999999737101903,0.,-0.000725118007375173));
#6647=DIRECTION('center_axis',(0.,1.,0.));
#6648=DIRECTION('ref_axis',(1.,0.,0.));
#6649=DIRECTION('center_axis',(0.,-1.,0.));
#6650=DIRECTION('ref_axis',(1.,0.,0.));
#6651=DIRECTION('center_axis',(0.,1.,0.));
#6652=DIRECTION('ref_axis',(1.,0.,0.));
#6653=DIRECTION('center_axis',(0.,1.,0.));
#6654=DIRECTION('ref_axis',(1.,0.,0.));
#6655=DIRECTION('',(0.,-1.,0.));
#6656=DIRECTION('center_axis',(0.,-1.,0.));
#6657=DIRECTION('ref_axis',(1.,0.,0.));
#6658=DIRECTION('center_axis',(0.,-1.,0.));
#6659=DIRECTION('ref_axis',(1.,0.,0.));
#6660=DIRECTION('center_axis',(0.,-1.,0.));
#6661=DIRECTION('ref_axis',(1.,0.,0.));
#6662=DIRECTION('center_axis',(0.,1.,0.));
#6663=DIRECTION('ref_axis',(1.,0.,0.));
#6664=DIRECTION('center_axis',(0.,1.,0.));
#6665=DIRECTION('ref_axis',(1.,0.,0.));
#6666=DIRECTION('',(0.,-1.,0.));
#6667=DIRECTION('center_axis',(-0.641026742200001,0.,0.767518544260954));
#6668=DIRECTION('ref_axis',(0.767518544260954,0.,0.641026742200001));
#6669=DIRECTION('',(0.767518544260954,0.,0.641026742200001));
#6670=DIRECTION('',(-0.767518544260954,0.,-0.641026742200001));
#6671=DIRECTION('',(0.,1.,0.));
#6672=DIRECTION('center_axis',(2.60361765105964E-13,0.,-1.));
#6673=DIRECTION('ref_axis',(-1.,0.,-2.60361765105964E-13));
#6674=DIRECTION('',(-1.,0.,-2.60361765105964E-13));
#6675=DIRECTION('',(0.,-1.,0.));
#6676=DIRECTION('',(1.,0.,2.60361765105964E-13));
#6677=DIRECTION('center_axis',(0.,-1.,0.));
#6678=DIRECTION('ref_axis',(1.,0.,0.));
#6679=DIRECTION('center_axis',(0.,-1.,0.));
#6680=DIRECTION('ref_axis',(1.,0.,0.));
#6681=DIRECTION('center_axis',(0.,1.,0.));
#6682=DIRECTION('ref_axis',(-0.999999737101903,0.,-0.000725118007375173));
#6683=DIRECTION('center_axis',(0.,1.,0.));
#6684=DIRECTION('ref_axis',(1.,0.,0.));
#6685=DIRECTION('center_axis',(0.,-1.,0.));
#6686=DIRECTION('ref_axis',(1.,0.,0.));
#6687=DIRECTION('center_axis',(0.,-1.,0.));
#6688=DIRECTION('ref_axis',(1.,0.,0.));
#6689=DIRECTION('center_axis',(0.,1.,0.));
#6690=DIRECTION('ref_axis',(1.,0.,0.));
#6691=DIRECTION('center_axis',(0.,1.,0.));
#6692=DIRECTION('ref_axis',(1.,0.,0.));
#6693=DIRECTION('center_axis',(0.,1.,0.));
#6694=DIRECTION('ref_axis',(0.944956920311637,0.,0.327194771894582));
#6695=DIRECTION('',(0.,1.,0.));
#6696=DIRECTION('center_axis',(0.,-1.,0.));
#6697=DIRECTION('ref_axis',(0.998656522262455,0.,-0.0518184382499012));
#6698=DIRECTION('center_axis',(0.,1.,0.));
#6699=DIRECTION('ref_axis',(0.944956920311637,0.,0.327194771894582));
#6700=DIRECTION('',(0.,1.,0.));
#6701=DIRECTION('center_axis',(0.,-1.,0.));
#6702=DIRECTION('ref_axis',(0.998679983113141,0.,-0.0513643001425733));
#6703=DIRECTION('',(0.97567665086187,0.,-0.219214673238278));
#6704=DIRECTION('',(0.998679983113141,0.,-0.0513643001425733));
#6705=DIRECTION('',(0.965060952984565,0.,-0.262025489264925));
#6706=DIRECTION('',(0.970659582190354,0.,-0.24045784558223));
#6707=DIRECTION('',(0.983951010193111,0.,-0.178438811753374));
#6708=DIRECTION('',(0.998679983113141,0.,-0.0513643001425733));
#6709=DIRECTION('center_axis',(0.,-1.,0.));
#6710=DIRECTION('ref_axis',(0.,0.,-1.));
#6711=DIRECTION('',(0.944956920311636,0.,0.327194771894582));
#6712=DIRECTION('center_axis',(0.327194771894582,0.,-0.944956920311636));
#6713=DIRECTION('ref_axis',(-0.944956920311636,0.,-0.327194771894582));
#6714=DIRECTION('',(0.944956920311636,0.,0.327194771894582));
#6715=DIRECTION('center_axis',(0.,1.,0.));
#6716=DIRECTION('ref_axis',(0.,0.,1.));
#6717=DIRECTION('',(0.998656522262455,0.,-0.0518184382499012));
#6718=DIRECTION('',(0.97612321418788,0.,-0.217217565412014));
#6719=DIRECTION('',(0.951594161216618,0.,-0.307357369097345));
#6720=DIRECTION('',(0.941176191609073,0.,-0.337916226819963));
#6721=DIRECTION('',(0.953050952950306,0.,-0.302809975199816));
#6722=DIRECTION('',(0.977725580567564,0.,-0.209887324781228));
#6723=DIRECTION('',(0.998656522262455,0.,-0.0518184382499013));
#6724=DIRECTION('center_axis',(0.,-1.,0.));
#6725=DIRECTION('ref_axis',(0.,0.,-1.));
#6726=DIRECTION('',(0.944956920311636,0.,0.327194771894582));
#6727=DIRECTION('center_axis',(0.327194771894582,0.,-0.944956920311636));
#6728=DIRECTION('ref_axis',(-0.944956920311636,0.,-0.327194771894582));
#6729=DIRECTION('',(0.944956920311636,0.,0.327194771894582));
#6730=DIRECTION('center_axis',(0.,1.,0.));
#6731=DIRECTION('ref_axis',(0.,0.,1.));
#6732=DIRECTION('center_axis',(0.,1.,0.));
#6733=DIRECTION('ref_axis',(1.,0.,0.));
#6734=DIRECTION('center_axis',(0.,1.,0.));
#6735=DIRECTION('ref_axis',(0.972700894487975,0.,0.232062426649154));
#6736=DIRECTION('',(0.,-1.,0.));
#6737=DIRECTION('center_axis',(0.,-1.,0.));
#6738=DIRECTION('ref_axis',(0.944956972317833,0.,-0.32719462169772));
#6739=DIRECTION('',(0.,-1.,0.));
#6740=DIRECTION('center_axis',(0.,1.,0.));
#6741=DIRECTION('ref_axis',(0.944956920311637,0.,0.327194771894582));
#6742=DIRECTION('',(0.,1.,0.));
#6743=DIRECTION('',(0.,1.,0.));
#6744=DIRECTION('center_axis',(0.,-1.,0.));
#6745=DIRECTION('ref_axis',(0.944956972317833,0.,-0.32719462169772));
#6746=DIRECTION('',(0.,-1.,0.));
#6747=DIRECTION('center_axis',(0.,-1.,0.));
#6748=DIRECTION('ref_axis',(0.,0.,-1.));
#6749=DIRECTION('',(0.972700894487975,0.,0.232062426649154));
#6750=DIRECTION('',(0.944956972317833,0.,-0.32719462169772));
#6751=DIRECTION('',(0.944956972317833,0.,-0.32719462169772));
#6752=DIRECTION('center_axis',(0.32719462169772,0.,0.944956972317833));
#6753=DIRECTION('ref_axis',(0.944956972317833,0.,-0.32719462169772));
#6754=DIRECTION('',(0.944956972317833,0.,-0.32719462169772));
#6755=DIRECTION('',(0.974872668899551,0.,0.222762832251402));
#6756=DIRECTION('center_axis',(0.,1.,0.));
#6757=DIRECTION('ref_axis',(0.,0.,1.));
#6758=DIRECTION('',(0.944956972317833,0.,-0.32719462169772));
#6759=DIRECTION('center_axis',(0.32719462169772,0.,0.944956972317833));
#6760=DIRECTION('ref_axis',(0.944956972317833,0.,-0.32719462169772));
#6761=DIRECTION('',(0.944956972317833,0.,-0.32719462169772));
#6762=DIRECTION('center_axis',(0.,-1.,0.));
#6763=DIRECTION('ref_axis',(0.,0.,-1.));
#6764=DIRECTION('',(0.944956920311636,0.,0.327194771894582));
#6765=DIRECTION('center_axis',(0.327194771894582,0.,-0.944956920311636));
#6766=DIRECTION('ref_axis',(-0.944956920311636,0.,-0.327194771894582));
#6767=DIRECTION('',(0.944956920311636,0.,0.327194771894582));
#6768=DIRECTION('',(0.991495163642034,0.,-0.130143537966568));
#6769=DIRECTION('',(0.971957283845625,0.,-0.235157475703911));
#6770=DIRECTION('',(0.990396663205839,0.,-0.138255016222707));
#6771=DIRECTION('',(0.944956920311636,0.,0.327194771894582));
#6772=DIRECTION('center_axis',(0.327194771894582,0.,-0.944956920311636));
#6773=DIRECTION('ref_axis',(-0.944956920311636,0.,-0.327194771894582));
#6774=DIRECTION('',(0.944956920311636,0.,0.327194771894582));
#6775=DIRECTION('center_axis',(0.,1.,0.));
#6776=DIRECTION('ref_axis',(0.,0.,1.));
#6777=DIRECTION('',(0.944956972317833,0.,-0.32719462169772));
#6778=DIRECTION('center_axis',(0.32719462169772,0.,0.944956972317833));
#6779=DIRECTION('ref_axis',(0.944956972317833,0.,-0.32719462169772));
#6780=DIRECTION('center_axis',(0.,1.,0.));
#6781=DIRECTION('ref_axis',(1.,0.,0.));
#6782=DIRECTION('',(0.949760549010523,0.,-0.312977474498135));
#6783=DIRECTION('',(0.971581756776573,0.,-0.236704224505918));
#6784=DIRECTION('',(0.941176191609073,0.,-0.337916226819963));
#6785=DIRECTION('',(0.949689337302529,0.,-0.313193490695262));
#6786=DIRECTION('',(0.970055120757077,0.,-0.2428848753895));
#6787=DIRECTION('',(0.989496386887263,0.,-0.144557602142025));
#6788=DIRECTION('',(0.998737731709322,0.,-0.0502289086096765));
#6789=DIRECTION('',(0.999842731884068,0.,0.0177344720418575));
#6790=DIRECTION('',(0.998185232752025,0.,0.0602182789174971));
#6791=DIRECTION('',(0.994197751709614,0.,0.107567794880941));
#6792=DIRECTION('',(0.98610548596159,0.,0.166120349615744));
#6793=DIRECTION('',(0.97190377182511,0.,0.235378542590706));
#6794=DIRECTION('',(0.964582697021945,0.,0.263780629701785));
#6795=DIRECTION('',(0.972595283468855,0.,0.232504654951546));
#6796=DIRECTION('',(0.990333668160332,0.,0.13870553596775));
#6797=DIRECTION('',(0.989430524871976,0.,0.145007711696882));
#6798=DIRECTION('',(0.968771623590881,0.,0.24795471627918));
#6799=DIRECTION('',(0.948974719104392,0.,0.315352156328031));
#6800=DIRECTION('',(0.941176137898724,0.,0.337916376415886));
#6801=DIRECTION('',(0.948615594912528,0.,0.316430803002412));
#6802=DIRECTION('',(0.967576628240291,0.,0.25257764842351));
#6803=DIRECTION('',(0.987070297551596,0.,0.160287952421269));
#6804=DIRECTION('',(0.996960316849063,0.,0.0779110173737758));
#6805=DIRECTION('',(0.999873336350187,0.,0.0159157549599361));
#6806=DIRECTION('',(0.999669940288061,0.,-0.0256906692101427));
#6807=DIRECTION('',(0.998306379420054,0.,-0.0581753625620258));
#6808=DIRECTION('',(0.995246328441515,0.,-0.0973896592235693));
#6809=DIRECTION('',(0.988418394281999,0.,-0.151753345416155));
#6810=DIRECTION('',(0.978153051886908,0.,-0.207886043505395));
#6811=DIRECTION('',(0.968771663002209,0.,-0.247954562297075));
#6812=DIRECTION('',(0.964941698763988,0.,-0.262464317549014));
#6813=DIRECTION('',(0.969944570093458,0.,-0.24332597671892));
#6814=DIRECTION('',(0.981250258573533,0.,-0.192737982892253));
#6815=DIRECTION('',(0.993749193350651,0.,-0.111635750165127));
#6816=DIRECTION('',(0.992910627369271,0.,-0.11886330828797));
#6817=DIRECTION('center_axis',(0.,1.,0.));
#6818=DIRECTION('ref_axis',(1.,0.,0.));
#6819=DIRECTION('center_axis',(0.,1.,0.));
#6820=DIRECTION('ref_axis',(0.944956920311637,0.,0.327194771894582));
#6821=DIRECTION('',(0.,1.,0.));
#6822=DIRECTION('center_axis',(0.,-1.,0.));
#6823=DIRECTION('ref_axis',(0.944956972317833,0.,-0.32719462169772));
#6824=DIRECTION('',(0.,-1.,0.));
#6825=DIRECTION('center_axis',(0.,-1.,0.));
#6826=DIRECTION('ref_axis',(0.,0.,-1.));
#6827=DIRECTION('',(0.944956920311636,0.,0.327194771894582));
#6828=DIRECTION('',(0.944956972317833,0.,-0.32719462169772));
#6829=DIRECTION('center_axis',(0.327194771894582,0.,-0.944956920311636));
#6830=DIRECTION('ref_axis',(-0.944956920311636,0.,-0.327194771894582));
#6831=DIRECTION('',(0.944956920311636,0.,0.327194771894582));
#6832=DIRECTION('center_axis',(0.,1.,0.));
#6833=DIRECTION('ref_axis',(0.,0.,1.));
#6834=DIRECTION('',(0.944956972317833,0.,-0.32719462169772));
#6835=DIRECTION('center_axis',(0.32719462169772,0.,0.944956972317833));
#6836=DIRECTION('ref_axis',(0.944956972317833,0.,-0.32719462169772));
#6837=DIRECTION('center_axis',(0.,1.,0.));
#6838=DIRECTION('ref_axis',(1.,0.,0.));
#6839=DIRECTION('center_axis',(0.,1.,0.));
#6840=DIRECTION('ref_axis',(0.967748670251296,0.,0.251917667555985));
#6841=DIRECTION('',(0.,-1.,0.));
#6842=DIRECTION('center_axis',(0.,1.,0.));
#6843=DIRECTION('ref_axis',(0.944956920311637,0.,0.327194771894582));
#6844=DIRECTION('',(0.,1.,0.));
#6845=DIRECTION('center_axis',(0.,-1.,0.));
#6846=DIRECTION('ref_axis',(0.967748670251296,0.,0.251917667555985));
#6847=DIRECTION('',(0.,-1.,0.));
#6848=DIRECTION('center_axis',(0.,-1.,0.));
#6849=DIRECTION('ref_axis',(0.944956972317833,0.,-0.32719462169772));
#6850=DIRECTION('',(0.,-1.,0.));
#6851=DIRECTION('center_axis',(0.,-1.,0.));
#6852=DIRECTION('ref_axis',(0.,0.,-1.));
#6853=DIRECTION('',(0.967748670251296,0.,0.251917667555985));
#6854=DIRECTION('',(0.944956972317833,0.,-0.32719462169772));
#6855=DIRECTION('center_axis',(-0.251917667555985,0.,0.967748670251296));
#6856=DIRECTION('ref_axis',(0.967748670251296,0.,0.251917667555985));
#6857=DIRECTION('',(0.967748670251296,0.,0.251917667555985));
#6858=DIRECTION('center_axis',(0.,-1.,0.));
#6859=DIRECTION('ref_axis',(0.,0.,-1.));
#6860=DIRECTION('',(0.944956920311636,0.,0.327194771894582));
#6861=DIRECTION('center_axis',(0.327194771894582,0.,-0.944956920311636));
#6862=DIRECTION('ref_axis',(-0.944956920311636,0.,-0.327194771894582));
#6863=DIRECTION('',(0.944956920311636,0.,0.327194771894582));
#6864=DIRECTION('center_axis',(0.,1.,0.));
#6865=DIRECTION('ref_axis',(0.,0.,1.));
#6866=DIRECTION('',(0.967748670251296,0.,0.251917667555985));
#6867=DIRECTION('center_axis',(-0.251917667555985,0.,0.967748670251296));
#6868=DIRECTION('ref_axis',(0.967748670251296,0.,0.251917667555985));
#6869=DIRECTION('',(0.967748670251296,0.,0.251917667555985));
#6870=DIRECTION('center_axis',(0.,1.,0.));
#6871=DIRECTION('ref_axis',(0.,0.,1.));
#6872=DIRECTION('',(0.944956972317833,0.,-0.32719462169772));
#6873=DIRECTION('center_axis',(0.32719462169772,0.,0.944956972317833));
#6874=DIRECTION('ref_axis',(0.944956972317833,0.,-0.32719462169772));
#6875=DIRECTION('center_axis',(0.,1.,0.));
#6876=DIRECTION('ref_axis',(1.,0.,0.));
#6877=DIRECTION('center_axis',(0.,1.,0.));
#6878=DIRECTION('ref_axis',(1.,0.,0.));
#6879=DIRECTION('',(0.,1.,0.));
#6880=DIRECTION('center_axis',(0.,-1.,0.));
#6881=DIRECTION('ref_axis',(1.,0.,0.));
#6882=DIRECTION('center_axis',(0.,1.,0.));
#6883=DIRECTION('ref_axis',(1.,0.,0.));
#6884=DIRECTION('center_axis',(0.,1.,0.));
#6885=DIRECTION('ref_axis',(1.,0.,0.));
#6886=DIRECTION('',(0.,-1.,0.));
#6887=DIRECTION('center_axis',(0.,1.,0.));
#6888=DIRECTION('ref_axis',(1.,0.,0.));
#6889=DIRECTION('center_axis',(0.,1.,0.));
#6890=DIRECTION('ref_axis',(1.,0.,0.));
#6891=CARTESIAN_POINT('',(0.,0.,0.));
#6892=CARTESIAN_POINT('Origin',(0.,0.,0.));
#6893=CARTESIAN_POINT('',(-22.,1.5,2.69422295812418E-15));
#6894=CARTESIAN_POINT('Origin',(0.,1.5,0.));
#6895=CARTESIAN_POINT('',(-22.,0.,2.69422295812418E-15));
#6896=CARTESIAN_POINT('',(-22.,0.,2.69422295812418E-15));
#6897=CARTESIAN_POINT('Origin',(0.,0.,0.));
#6898=CARTESIAN_POINT('Origin',(0.,37.5,0.));
#6899=CARTESIAN_POINT('',(-17.,39.,-2.0818995585505E-15));
#6900=CARTESIAN_POINT('Origin',(0.,39.,0.));
#6901=CARTESIAN_POINT('',(-17.,37.5,-2.0818995585505E-15));
#6902=CARTESIAN_POINT('',(-17.,37.5,2.0818995585505E-15));
#6903=CARTESIAN_POINT('Origin',(0.,37.5,0.));
#6904=CARTESIAN_POINT('Origin',(0.,37.5,0.));
#6905=CARTESIAN_POINT('',(-15.,37.5,-1.83697019872103E-15));
#6906=CARTESIAN_POINT('Origin',(0.,37.5,0.));
#6907=CARTESIAN_POINT('Origin',(0.,39.,0.));
#6908=CARTESIAN_POINT('',(-15.,39.,-1.83697019872103E-15));
#6909=CARTESIAN_POINT('Origin',(0.,39.,0.));
#6910=CARTESIAN_POINT('Origin',(0.,0.,0.));
#6911=CARTESIAN_POINT('',(-15.,85.,-1.83697019872103E-15));
#6912=CARTESIAN_POINT('Origin',(0.,85.,0.));
#6913=CARTESIAN_POINT('',(-15.,84.,1.83697019872103E-15));
#6914=CARTESIAN_POINT('',(-15.,0.,1.83697019872103E-15));
#6915=CARTESIAN_POINT('',(13.9019631376579,84.,5.63342000202371));
#6916=CARTESIAN_POINT('Origin',(0.,84.,0.));
#6917=CARTESIAN_POINT('',(13.9019631376579,82.5,5.63342000202371));
#6918=CARTESIAN_POINT('',(13.9019631376579,0.,5.63342000202371));
#6919=CARTESIAN_POINT('',(-15.,82.5,1.83697019872103E-15));
#6920=CARTESIAN_POINT('Origin',(0.,82.5,0.));
#6921=CARTESIAN_POINT('',(-15.,81.5,1.83697019872103E-15));
#6922=CARTESIAN_POINT('',(-15.,0.,1.83697019872103E-15));
#6923=CARTESIAN_POINT('',(13.9019631376579,81.5,5.63342000202371));
#6924=CARTESIAN_POINT('Origin',(0.,81.5,0.));
#6925=CARTESIAN_POINT('',(13.9019631376579,80.,5.63342000202371));
#6926=CARTESIAN_POINT('',(13.9019631376579,0.,5.63342000202371));
#6927=CARTESIAN_POINT('',(-15.,80.,1.83697019872103E-15));
#6928=CARTESIAN_POINT('Origin',(0.,80.,0.));
#6929=CARTESIAN_POINT('',(-15.,79.,1.83697019872103E-15));
#6930=CARTESIAN_POINT('',(-15.,0.,1.83697019872103E-15));
#6931=CARTESIAN_POINT('',(13.9019631376579,79.,5.63342000202371));
#6932=CARTESIAN_POINT('Origin',(0.,79.,0.));
#6933=CARTESIAN_POINT('',(13.9019631376579,77.5,5.63342000202371));
#6934=CARTESIAN_POINT('',(13.9019631376579,0.,5.63342000202371));
#6935=CARTESIAN_POINT('',(-15.,77.5,1.83697019872103E-15));
#6936=CARTESIAN_POINT('Origin',(0.,77.5,0.));
#6937=CARTESIAN_POINT('',(-15.,76.5,1.83697019872103E-15));
#6938=CARTESIAN_POINT('',(-15.,0.,1.83697019872103E-15));
#6939=CARTESIAN_POINT('',(13.9019631376579,76.5,5.63342000202371));
#6940=CARTESIAN_POINT('Origin',(0.,76.5,0.));
#6941=CARTESIAN_POINT('',(13.9019631376579,75.,5.63342000202371));
#6942=CARTESIAN_POINT('',(13.9019631376579,0.,5.63342000202371));
#6943=CARTESIAN_POINT('',(-15.,75.,1.83697019872103E-15));
#6944=CARTESIAN_POINT('Origin',(0.,75.,0.));
#6945=CARTESIAN_POINT('',(-15.,74.,1.83697019872103E-15));
#6946=CARTESIAN_POINT('',(-15.,0.,1.83697019872103E-15));
#6947=CARTESIAN_POINT('',(13.9019631376579,74.,5.63342000202371));
#6948=CARTESIAN_POINT('Origin',(0.,74.,0.));
#6949=CARTESIAN_POINT('',(13.9019631376579,72.5,5.63342000202371));
#6950=CARTESIAN_POINT('',(13.9019631376579,0.,5.63342000202371));
#6951=CARTESIAN_POINT('',(-15.,72.5,1.83697019872103E-15));
#6952=CARTESIAN_POINT('Origin',(0.,72.5,0.));
#6953=CARTESIAN_POINT('',(-15.,71.5,1.83697019872103E-15));
#6954=CARTESIAN_POINT('',(-15.,0.,1.83697019872103E-15));
#6955=CARTESIAN_POINT('',(13.9019631376579,71.5,5.63342000202371));
#6956=CARTESIAN_POINT('Origin',(0.,71.5,0.));
#6957=CARTESIAN_POINT('',(13.9019631376579,70.,5.63342000202371));
#6958=CARTESIAN_POINT('',(13.9019631376579,0.,5.63342000202371));
#6959=CARTESIAN_POINT('',(-15.,70.,1.83697019872103E-15));
#6960=CARTESIAN_POINT('Origin',(0.,70.,0.));
#6961=CARTESIAN_POINT('',(-15.,69.,1.83697019872103E-15));
#6962=CARTESIAN_POINT('',(-15.,0.,1.83697019872103E-15));
#6963=CARTESIAN_POINT('',(13.9019631376579,69.,5.63342000202371));
#6964=CARTESIAN_POINT('Origin',(0.,69.,0.));
#6965=CARTESIAN_POINT('',(13.9019631376579,67.5,5.63342000202371));
#6966=CARTESIAN_POINT('',(13.9019631376579,0.,5.63342000202371));
#6967=CARTESIAN_POINT('',(-15.,67.5,1.83697019872103E-15));
#6968=CARTESIAN_POINT('Origin',(0.,67.5,0.));
#6969=CARTESIAN_POINT('',(-15.,66.5,1.83697019872103E-15));
#6970=CARTESIAN_POINT('',(-15.,0.,1.83697019872103E-15));
#6971=CARTESIAN_POINT('',(13.9019631376579,66.5,5.63342000202371));
#6972=CARTESIAN_POINT('Origin',(0.,66.5,0.));
#6973=CARTESIAN_POINT('',(13.9019631376579,65.,5.63342000202371));
#6974=CARTESIAN_POINT('',(13.9019631376579,0.,5.63342000202371));
#6975=CARTESIAN_POINT('',(-15.,65.,1.83697019872103E-15));
#6976=CARTESIAN_POINT('Origin',(0.,65.,0.));
#6977=CARTESIAN_POINT('',(-15.,64.,1.83697019872103E-15));
#6978=CARTESIAN_POINT('',(-15.,0.,1.83697019872103E-15));
#6979=CARTESIAN_POINT('',(13.9019631376579,64.,5.63342000202371));
#6980=CARTESIAN_POINT('Origin',(0.,64.,0.));
#6981=CARTESIAN_POINT('',(13.9019631376579,62.5,5.63342000202371));
#6982=CARTESIAN_POINT('',(13.9019631376579,0.,5.63342000202371));
#6983=CARTESIAN_POINT('',(-15.,62.5,1.83697019872103E-15));
#6984=CARTESIAN_POINT('Origin',(0.,62.5,0.));
#6985=CARTESIAN_POINT('',(-15.,61.5,1.83697019872103E-15));
#6986=CARTESIAN_POINT('',(-15.,0.,1.83697019872103E-15));
#6987=CARTESIAN_POINT('',(13.9019631376579,61.5,5.63342000202371));
#6988=CARTESIAN_POINT('Origin',(0.,61.5,0.));
#6989=CARTESIAN_POINT('',(13.9019631376579,60.,5.63342000202371));
#6990=CARTESIAN_POINT('',(13.9019631376579,0.,5.63342000202371));
#6991=CARTESIAN_POINT('',(-15.,60.,1.83697019872103E-15));
#6992=CARTESIAN_POINT('Origin',(0.,60.,0.));
#6993=CARTESIAN_POINT('',(-15.,59.,1.83697019872103E-15));
#6994=CARTESIAN_POINT('',(-15.,0.,1.83697019872103E-15));
#6995=CARTESIAN_POINT('',(13.9019631376579,59.,5.63342000202371));
#6996=CARTESIAN_POINT('Origin',(0.,59.,0.));
#6997=CARTESIAN_POINT('',(13.9019631376579,57.5,5.63342000202371));
#6998=CARTESIAN_POINT('',(13.9019631376579,0.,5.63342000202371));
#6999=CARTESIAN_POINT('',(-15.,57.5,1.83697019872103E-15));
#7000=CARTESIAN_POINT('Origin',(0.,57.5,0.));
#7001=CARTESIAN_POINT('',(-15.,56.5,1.83697019872103E-15));
#7002=CARTESIAN_POINT('',(-15.,0.,1.83697019872103E-15));
#7003=CARTESIAN_POINT('',(13.9019631376579,56.5,5.63342000202371));
#7004=CARTESIAN_POINT('Origin',(0.,56.5,0.));
#7005=CARTESIAN_POINT('',(13.9019631376579,55.,5.63342000202371));
#7006=CARTESIAN_POINT('',(13.9019631376579,0.,5.63342000202371));
#7007=CARTESIAN_POINT('',(-15.,55.,1.83697019872103E-15));
#7008=CARTESIAN_POINT('Origin',(0.,55.,0.));
#7009=CARTESIAN_POINT('',(-15.,54.,1.83697019872103E-15));
#7010=CARTESIAN_POINT('',(-15.,0.,1.83697019872103E-15));
#7011=CARTESIAN_POINT('',(13.9019631376579,54.,5.63342000202371));
#7012=CARTESIAN_POINT('Origin',(0.,54.,0.));
#7013=CARTESIAN_POINT('',(13.9019631376579,52.5,5.63342000202371));
#7014=CARTESIAN_POINT('',(13.9019631376579,0.,5.63342000202371));
#7015=CARTESIAN_POINT('',(-15.,52.5,1.83697019872103E-15));
#7016=CARTESIAN_POINT('Origin',(0.,52.5,0.));
#7017=CARTESIAN_POINT('',(-15.,51.5,1.83697019872103E-15));
#7018=CARTESIAN_POINT('',(-15.,0.,1.83697019872103E-15));
#7019=CARTESIAN_POINT('',(13.9019631376579,51.5,5.63342000202371));
#7020=CARTESIAN_POINT('Origin',(0.,51.5,0.));
#7021=CARTESIAN_POINT('',(13.9019631376579,50.,5.63342000202371));
#7022=CARTESIAN_POINT('',(13.9019631376579,0.,5.63342000202371));
#7023=CARTESIAN_POINT('',(-15.,50.,1.83697019872103E-15));
#7024=CARTESIAN_POINT('Origin',(0.,50.,0.));
#7025=CARTESIAN_POINT('',(-15.,49.,1.83697019872103E-15));
#7026=CARTESIAN_POINT('',(-15.,0.,1.83697019872103E-15));
#7027=CARTESIAN_POINT('',(13.9019631376579,49.,5.63342000202371));
#7028=CARTESIAN_POINT('Origin',(0.,49.,0.));
#7029=CARTESIAN_POINT('',(13.9019631376579,47.5,5.63342000202371));
#7030=CARTESIAN_POINT('',(13.9019631376579,0.,5.63342000202371));
#7031=CARTESIAN_POINT('',(-15.,47.5,1.83697019872103E-15));
#7032=CARTESIAN_POINT('Origin',(0.,47.5,0.));
#7033=CARTESIAN_POINT('',(-15.,46.5,1.83697019872103E-15));
#7034=CARTESIAN_POINT('',(-15.,0.,1.83697019872103E-15));
#7035=CARTESIAN_POINT('',(13.9019631376579,46.5,5.63342000202371));
#7036=CARTESIAN_POINT('Origin',(0.,46.5,0.));
#7037=CARTESIAN_POINT('',(13.9019631376579,45.,5.63342000202371));
#7038=CARTESIAN_POINT('',(13.9019631376579,0.,5.63342000202371));
#7039=CARTESIAN_POINT('',(-15.,45.,1.83697019872103E-15));
#7040=CARTESIAN_POINT('Origin',(0.,45.,0.));
#7041=CARTESIAN_POINT('',(-15.,44.,1.83697019872103E-15));
#7042=CARTESIAN_POINT('',(-15.,0.,1.83697019872103E-15));
#7043=CARTESIAN_POINT('',(13.9019631376579,44.,5.63342000202371));
#7044=CARTESIAN_POINT('Origin',(0.,44.,0.));
#7045=CARTESIAN_POINT('',(13.9019631376579,42.5,5.63342000202371));
#7046=CARTESIAN_POINT('',(13.9019631376579,0.,5.63342000202371));
#7047=CARTESIAN_POINT('',(-15.,42.5,1.83697019872103E-15));
#7048=CARTESIAN_POINT('Origin',(0.,42.5,0.));
#7049=CARTESIAN_POINT('',(-15.,41.5,1.83697019872103E-15));
#7050=CARTESIAN_POINT('',(-15.,0.,1.83697019872103E-15));
#7051=CARTESIAN_POINT('',(13.9019631376579,41.5,5.63342000202371));
#7052=CARTESIAN_POINT('Origin',(0.,41.5,0.));
#7053=CARTESIAN_POINT('',(13.9019631376579,40.,5.63342000202371));
#7054=CARTESIAN_POINT('',(13.9019631376579,0.,5.63342000202371));
#7055=CARTESIAN_POINT('',(-15.,40.,1.83697019872103E-15));
#7056=CARTESIAN_POINT('Origin',(0.,40.,0.));
#7057=CARTESIAN_POINT('',(-15.,0.,1.83697019872103E-15));
#7058=CARTESIAN_POINT('',(13.2930588239477,40.,-6.94943070352303));
#7059=CARTESIAN_POINT('Origin',(0.,40.,0.));
#7060=CARTESIAN_POINT('',(13.2930588239477,41.5,-6.94943070352303));
#7061=CARTESIAN_POINT('',(13.2930588239476,0.,-6.94943070352303));
#7062=CARTESIAN_POINT('Origin',(0.,41.5,0.));
#7063=CARTESIAN_POINT('',(13.2930588239477,42.5,-6.94943070352303));
#7064=CARTESIAN_POINT('Origin',(0.,42.5,0.));
#7065=CARTESIAN_POINT('',(13.2930588239477,44.,-6.94943070352303));
#7066=CARTESIAN_POINT('',(13.2930588239476,0.,-6.94943070352303));
#7067=CARTESIAN_POINT('Origin',(0.,44.,0.));
#7068=CARTESIAN_POINT('',(13.2930588239477,45.,-6.94943070352303));
#7069=CARTESIAN_POINT('Origin',(0.,45.,0.));
#7070=CARTESIAN_POINT('',(13.2930588239477,46.5,-6.94943070352303));
#7071=CARTESIAN_POINT('',(13.2930588239476,0.,-6.94943070352303));
#7072=CARTESIAN_POINT('Origin',(0.,46.5,0.));
#7073=CARTESIAN_POINT('',(13.2930588239477,47.5,-6.94943070352303));
#7074=CARTESIAN_POINT('Origin',(0.,47.5,0.));
#7075=CARTESIAN_POINT('',(13.2930588239477,49.,-6.94943070352303));
#7076=CARTESIAN_POINT('',(13.2930588239476,0.,-6.94943070352303));
#7077=CARTESIAN_POINT('Origin',(0.,49.,0.));
#7078=CARTESIAN_POINT('',(13.2930588239477,50.,-6.94943070352303));
#7079=CARTESIAN_POINT('Origin',(0.,50.,0.));
#7080=CARTESIAN_POINT('',(13.2930588239477,51.5,-6.94943070352303));
#7081=CARTESIAN_POINT('',(13.2930588239476,0.,-6.94943070352303));
#7082=CARTESIAN_POINT('Origin',(0.,51.5,0.));
#7083=CARTESIAN_POINT('',(13.2930588239477,52.5,-6.94943070352303));
#7084=CARTESIAN_POINT('Origin',(0.,52.5,0.));
#7085=CARTESIAN_POINT('',(13.2930588239477,54.,-6.94943070352303));
#7086=CARTESIAN_POINT('',(13.2930588239476,0.,-6.94943070352303));
#7087=CARTESIAN_POINT('Origin',(0.,54.,0.));
#7088=CARTESIAN_POINT('',(13.2930588239477,55.,-6.94943070352303));
#7089=CARTESIAN_POINT('Origin',(0.,55.,0.));
#7090=CARTESIAN_POINT('',(13.2930588239477,56.5,-6.94943070352303));
#7091=CARTESIAN_POINT('',(13.2930588239476,0.,-6.94943070352303));
#7092=CARTESIAN_POINT('Origin',(0.,56.5,0.));
#7093=CARTESIAN_POINT('',(13.2930588239477,57.5,-6.94943070352303));
#7094=CARTESIAN_POINT('Origin',(0.,57.5,0.));
#7095=CARTESIAN_POINT('',(13.2930588239477,59.,-6.94943070352303));
#7096=CARTESIAN_POINT('',(13.2930588239476,0.,-6.94943070352303));
#7097=CARTESIAN_POINT('Origin',(0.,59.,0.));
#7098=CARTESIAN_POINT('',(13.2930588239477,60.,-6.94943070352303));
#7099=CARTESIAN_POINT('Origin',(0.,60.,0.));
#7100=CARTESIAN_POINT('',(13.2930588239477,61.5,-6.94943070352303));
#7101=CARTESIAN_POINT('',(13.2930588239476,0.,-6.94943070352303));
#7102=CARTESIAN_POINT('Origin',(0.,61.5,0.));
#7103=CARTESIAN_POINT('',(13.2930588239477,62.5,-6.94943070352303));
#7104=CARTESIAN_POINT('Origin',(0.,62.5,0.));
#7105=CARTESIAN_POINT('',(13.2930588239477,64.,-6.94943070352303));
#7106=CARTESIAN_POINT('',(13.2930588239476,0.,-6.94943070352303));
#7107=CARTESIAN_POINT('Origin',(0.,64.,0.));
#7108=CARTESIAN_POINT('',(13.2930588239477,65.,-6.94943070352303));
#7109=CARTESIAN_POINT('Origin',(0.,65.,0.));
#7110=CARTESIAN_POINT('',(13.2930588239477,66.5,-6.94943070352303));
#7111=CARTESIAN_POINT('',(13.2930588239476,0.,-6.94943070352303));
#7112=CARTESIAN_POINT('Origin',(0.,66.5,0.));
#7113=CARTESIAN_POINT('',(13.2930588239477,67.5,-6.94943070352303));
#7114=CARTESIAN_POINT('Origin',(0.,67.5,0.));
#7115=CARTESIAN_POINT('',(13.2930588239477,69.,-6.94943070352303));
#7116=CARTESIAN_POINT('',(13.2930588239476,0.,-6.94943070352303));
#7117=CARTESIAN_POINT('Origin',(0.,69.,0.));
#7118=CARTESIAN_POINT('',(13.2930588239477,70.,-6.94943070352303));
#7119=CARTESIAN_POINT('Origin',(0.,70.,0.));
#7120=CARTESIAN_POINT('',(13.2930588239477,71.5,-6.94943070352303));
#7121=CARTESIAN_POINT('',(13.2930588239476,0.,-6.94943070352303));
#7122=CARTESIAN_POINT('Origin',(0.,71.5,0.));
#7123=CARTESIAN_POINT('',(13.2930588239477,72.5,-6.94943070352303));
#7124=CARTESIAN_POINT('Origin',(0.,72.5,0.));
#7125=CARTESIAN_POINT('',(13.2930588239477,74.,-6.94943070352303));
#7126=CARTESIAN_POINT('',(13.2930588239476,0.,-6.94943070352303));
#7127=CARTESIAN_POINT('Origin',(0.,74.,0.));
#7128=CARTESIAN_POINT('',(13.2930588239477,75.,-6.94943070352303));
#7129=CARTESIAN_POINT('Origin',(0.,75.,0.));
#7130=CARTESIAN_POINT('',(13.2930588239477,76.5,-6.94943070352303));
#7131=CARTESIAN_POINT('',(13.2930588239476,0.,-6.94943070352303));
#7132=CARTESIAN_POINT('Origin',(0.,76.5,0.));
#7133=CARTESIAN_POINT('',(13.2930588239477,77.5,-6.94943070352303));
#7134=CARTESIAN_POINT('Origin',(0.,77.5,0.));
#7135=CARTESIAN_POINT('',(13.2930588239477,79.,-6.94943070352303));
#7136=CARTESIAN_POINT('',(13.2930588239476,0.,-6.94943070352303));
#7137=CARTESIAN_POINT('Origin',(0.,79.,0.));
#7138=CARTESIAN_POINT('',(13.2930588239477,80.,-6.94943070352303));
#7139=CARTESIAN_POINT('Origin',(0.,80.,0.));
#7140=CARTESIAN_POINT('',(13.2930588239477,81.5,-6.94943070352303));
#7141=CARTESIAN_POINT('',(13.2930588239476,0.,-6.94943070352303));
#7142=CARTESIAN_POINT('Origin',(0.,81.5,0.));
#7143=CARTESIAN_POINT('',(13.2930588239477,82.5,-6.94943070352303));
#7144=CARTESIAN_POINT('Origin',(0.,82.5,0.));
#7145=CARTESIAN_POINT('',(13.2930588239477,84.,-6.94943070352303));
#7146=CARTESIAN_POINT('',(13.2930588239476,0.,-6.94943070352303));
#7147=CARTESIAN_POINT('Origin',(0.,84.,0.));
#7148=CARTESIAN_POINT('',(14.635149762928,56.9338395446539,-3.28822009857417));
#7149=CARTESIAN_POINT('',(14.9801997466971,57.554571852088,-0.7704645021386));
#7150=CARTESIAN_POINT('Ctrl Pts',(14.635149762928,56.9338395446539,-3.28822009857417));
#7151=CARTESIAN_POINT('Ctrl Pts',(14.7043128241235,57.1132785567706,-2.98039041311696));
#7152=CARTESIAN_POINT('Ctrl Pts',(14.8536819356137,57.5577466330101,-2.21285306170706));
#7153=CARTESIAN_POINT('Ctrl Pts',(14.9524298899493,57.5557577754254,-1.31039593293754));
#7154=CARTESIAN_POINT('Ctrl Pts',(14.9801997466971,57.554571852088,-0.7704645021386));
#7155=CARTESIAN_POINT('',(14.1743538046745,57.554571852088,4.90792157841873));
#7156=CARTESIAN_POINT('Origin',(0.,57.554571852088,0.));
#7157=CARTESIAN_POINT('',(14.1743538046745,58.877904638648,4.90792157841873));
#7158=CARTESIAN_POINT('',(14.1743538046745,0.,4.90792157841873));
#7159=CARTESIAN_POINT('',(14.9798478339368,58.877904638648,-0.777276573748519));
#7160=CARTESIAN_POINT('Origin',(0.,58.877904638648,0.));
#7161=CARTESIAN_POINT('',(14.6658837085135,58.5368373245001,-3.14830987171843));
#7162=CARTESIAN_POINT('Ctrl Pts',(14.9798478339368,58.877904638648,-0.777276573748518));
#7163=CARTESIAN_POINT('Ctrl Pts',(14.9563140697367,58.8716006212025,-1.23082453670553));
#7164=CARTESIAN_POINT('Ctrl Pts',(14.8764930042081,58.8603050918573,-2.04146974963483));
#7165=CARTESIAN_POINT('Ctrl Pts',(14.7383357487857,58.6359709354273,-2.81080395890397));
#7166=CARTESIAN_POINT('Ctrl Pts',(14.6658837085135,58.5368373245001,-3.14830987171843));
#7167=CARTESIAN_POINT('',(14.2957642942546,57.3055960983038,-4.54214962799723));
#7168=CARTESIAN_POINT('Ctrl Pts',(14.6658837085135,58.5368373245001,-3.14830987171843));
#7169=CARTESIAN_POINT('Ctrl Pts',(14.6062452928472,58.3964588904188,-3.42612562186992));
#7170=CARTESIAN_POINT('Ctrl Pts',(14.4649507000546,58.1079449870385,-3.99294184828075));
#7171=CARTESIAN_POINT('Ctrl Pts',(14.3547890715267,57.5777969455075,-4.35637760978757));
#7172=CARTESIAN_POINT('Ctrl Pts',(14.2957642942546,57.3055960983038,-4.54214962799723));
#7173=CARTESIAN_POINT('',(14.1176428741361,54.9693085998297,-5.06874340229945));
#7174=CARTESIAN_POINT('Ctrl Pts',(14.2957642942546,57.3055960983038,-4.54214962799723));
#7175=CARTESIAN_POINT('Ctrl Pts',(14.2467560139496,56.9682698041742,-4.69639615906436));
#7176=CARTESIAN_POINT('Ctrl Pts',(14.1324845507489,56.2316188205122,-5.03087221970061));
#7177=CARTESIAN_POINT('Ctrl Pts',(14.1224719915424,55.4130431346989,-5.05529317419994));
#7178=CARTESIAN_POINT('Ctrl Pts',(14.1176428741361,54.9693085998297,-5.06874340229945));
#7179=CARTESIAN_POINT('',(14.2739124182493,52.6705338805914,-4.61036053646017));
#7180=CARTESIAN_POINT('Ctrl Pts',(14.1176428741361,54.9693085998297,-5.06874340229945));
#7181=CARTESIAN_POINT('Ctrl Pts',(14.1218553003162,54.5373641618363,-5.05701080435079));
#7182=CARTESIAN_POINT('Ctrl Pts',(14.1304644898595,53.740427893777,-5.03566139604002));
#7183=CARTESIAN_POINT('Ctrl Pts',(14.230577026385,53.0066154113499,-4.74452912982475));
#7184=CARTESIAN_POINT('Ctrl Pts',(14.2739124182493,52.6705338805914,-4.61036053646017));
#7185=CARTESIAN_POINT('',(14.6418482128182,51.3949563354254,-3.25826348118021));
#7186=CARTESIAN_POINT('Ctrl Pts',(14.2739124182493,52.6705338805914,-4.61036053646017));
#7187=CARTESIAN_POINT('Ctrl Pts',(14.3287873637364,52.3943854456875,-4.44046489388611));
#7188=CARTESIAN_POINT('Ctrl Pts',(14.4341728640523,51.8454515128118,-4.10145945467347));
#7189=CARTESIAN_POINT('Ctrl Pts',(14.5792329584968,51.544506834883,-3.53964129328037));
#7190=CARTESIAN_POINT('Ctrl Pts',(14.6418482128182,51.3949563354254,-3.25826348118021));
#7191=CARTESIAN_POINT('',(14.9798478339368,51.0129620879889,-0.777276573748518));
#7192=CARTESIAN_POINT('Ctrl Pts',(14.6418482128182,51.3949563354254,-3.25826348118021));
#7193=CARTESIAN_POINT('Ctrl Pts',(14.7198873494305,51.2839424466308,-2.90757447167056));
#7194=CARTESIAN_POINT('Ctrl Pts',(14.869083833562,51.0320520368241,-2.1056087931451));
#7195=CARTESIAN_POINT('Ctrl Pts',(14.9550841528012,51.0198092163166,-1.25452777074676));
#7196=CARTESIAN_POINT('Ctrl Pts',(14.9798478339368,51.0129620879889,-0.777276573748518));
#7197=CARTESIAN_POINT('',(14.1743538046745,51.0129620879889,4.90792157841873));
#7198=CARTESIAN_POINT('Origin',(0.,51.0129620879889,0.));
#7199=CARTESIAN_POINT('',(14.1743538046745,52.3362901061773,4.90792157841873));
#7200=CARTESIAN_POINT('',(14.1743538046745,0.,4.90792157841873));
#7201=CARTESIAN_POINT('',(14.9801997466971,52.3362901061773,-0.7704645021386));
#7202=CARTESIAN_POINT('Origin',(0.,52.3362901061773,0.));
#7203=CARTESIAN_POINT('',(14.7592651528967,52.5784470885992,-2.67658217630061));
#7204=CARTESIAN_POINT('Ctrl Pts',(14.9801997466971,52.3362901061773,-0.7704645021386));
#7205=CARTESIAN_POINT('Ctrl Pts',(14.9606909684233,52.3376352192364,-1.14977515765176));
#7206=CARTESIAN_POINT('Ctrl Pts',(14.9021046566686,52.3399411213338,-1.7986930054113));
#7207=CARTESIAN_POINT('Ctrl Pts',(14.8059358735215,52.5082984551922,-2.41922951712264));
#7208=CARTESIAN_POINT('Ctrl Pts',(14.7592651528967,52.5784470885992,-2.67658217630061));
#7209=CARTESIAN_POINT('',(14.5598937328553,53.4106423705816,-3.60686768373346));
#7210=CARTESIAN_POINT('Ctrl Pts',(14.7592651528967,52.5784470885992,-2.67658217630061));
#7211=CARTESIAN_POINT('Ctrl Pts',(14.7245915361529,52.6742551999906,-2.86778015552316));
#7212=CARTESIAN_POINT('Ctrl Pts',(14.6461136758588,52.8670482450116,-3.25089702674695));
#7213=CARTESIAN_POINT('Ctrl Pts',(14.5893674436371,53.2287084623,-3.48789073904798));
#7214=CARTESIAN_POINT('Ctrl Pts',(14.5598937328553,53.4106423705816,-3.60686768373346));
#7215=CARTESIAN_POINT('',(14.4759142947685,54.8533465713263,-3.93038233897387));
#7216=CARTESIAN_POINT('Ctrl Pts',(14.5598937328553,53.4106423705816,-3.60686768373346));
#7217=CARTESIAN_POINT('Ctrl Pts',(14.5364747062973,53.6258882635848,-3.70140359907889));
#7218=CARTESIAN_POINT('Ctrl Pts',(14.484058595158,54.0838088404272,-3.9018666013458));
#7219=CARTESIAN_POINT('Ctrl Pts',(14.4786055928886,54.5867913488907,-3.92047007152282));
#7220=CARTESIAN_POINT('Ctrl Pts',(14.4759142947685,54.8533465713263,-3.93038233897387));
#7221=CARTESIAN_POINT('Ctrl Pts',(14.4759142947685,54.8533465713263,-3.93038233897387));
#7222=CARTESIAN_POINT('Ctrl Pts',(14.478467401748,55.2858204355637,-3.92097904060904));
#7223=CARTESIAN_POINT('Ctrl Pts',(14.4848615978498,56.0501229319521,-3.90486166960997));
#7224=CARTESIAN_POINT('Ctrl Pts',(14.5930296319316,56.6663145495444,-3.47568760582341));
#7225=CARTESIAN_POINT('Ctrl Pts',(14.635149762928,56.9338395446539,-3.28822009857417));
#7226=CARTESIAN_POINT('',(14.5905134173196,62.3158290237188,3.48093639973731));
#7227=CARTESIAN_POINT('',(14.1743545847675,62.3158290237188,-4.90791932546581));
#7228=CARTESIAN_POINT('Origin',(0.,62.3158290237188,0.));
#7229=CARTESIAN_POINT('',(14.1743545847675,61.0402467101812,-4.90791932546581));
#7230=CARTESIAN_POINT('',(14.1743545847675,0.,-4.90791932546581));
#7231=CARTESIAN_POINT('',(14.1743538046745,61.0402467101812,4.90792157841873));
#7232=CARTESIAN_POINT('Origin',(0.,61.0402467101812,0.));
#7233=CARTESIAN_POINT('',(14.1743538046745,63.0320622771978,4.90792157841873));
#7234=CARTESIAN_POINT('',(14.1743538046745,0.,4.90792157841873));
#7235=CARTESIAN_POINT('',(14.8559499480876,65.3990485519171,-2.07382524334061));
#7236=CARTESIAN_POINT('Ctrl Pts',(14.1743538046745,63.0320622771978,4.90792157841873));
#7237=CARTESIAN_POINT('Ctrl Pts',(14.9465869724132,63.8210577021043,2.6776687179484));
#7238=CARTESIAN_POINT('Ctrl Pts',(15.1822543951764,64.6100531270107,0.263672841108198));
#7239=CARTESIAN_POINT('Ctrl Pts',(14.8559499480876,65.3990485519171,-2.07382524334061));
#7240=CARTESIAN_POINT('',(14.5793592576844,65.8765389770269,-3.52736213555867));
#7241=CARTESIAN_POINT('Ctrl Pts',(14.8559499480876,65.3990485519171,-2.07382524334061));
#7242=CARTESIAN_POINT('Ctrl Pts',(14.8161444661197,65.4942995218076,-2.35897378691888));
#7243=CARTESIAN_POINT('Ctrl Pts',(14.7340876443582,65.6571426415679,-2.8445169923175));
#7244=CARTESIAN_POINT('Ctrl Pts',(14.6276490676465,65.8121848093206,-3.32776978839752));
#7245=CARTESIAN_POINT('Ctrl Pts',(14.5793592576844,65.8765389770269,-3.52736213555867));
#7246=CARTESIAN_POINT('',(14.8724274546305,66.4085986465216,-1.95215306949851));
#7247=CARTESIAN_POINT('Ctrl Pts',(14.5793592576844,65.8765389770269,-3.52736213555867));
#7248=CARTESIAN_POINT('Ctrl Pts',(14.632204742611,65.948725411787,-3.3089401872915));
#7249=CARTESIAN_POINT('Ctrl Pts',(14.7465128237091,66.1209145549915,-2.78508929225215));
#7250=CARTESIAN_POINT('Ctrl Pts',(14.8321563870086,66.3029041220342,-2.25895715217283));
#7251=CARTESIAN_POINT('Ctrl Pts',(14.8724274546305,66.4085986465216,-1.95215306949851));
#7252=CARTESIAN_POINT('',(14.1743538046745,68.8028695434332,4.90792157841873));
#7253=CARTESIAN_POINT('Ctrl Pts',(14.8724274546305,66.4085986465216,-1.95215306949851));
#7254=CARTESIAN_POINT('Ctrl Pts',(15.1742610072421,67.2066889454921,0.347358011229297));
#7255=CARTESIAN_POINT('Ctrl Pts',(14.9331956337805,68.0047792444627,2.71634365777085));
#7256=CARTESIAN_POINT('Ctrl Pts',(14.1743538046745,68.8028695434332,4.90792157841873));
#7257=CARTESIAN_POINT('',(14.1743538046745,70.5832221359015,4.90792157841873));
#7258=CARTESIAN_POINT('',(14.1743538046745,0.,4.90792157841873));
#7259=CARTESIAN_POINT('',(14.1743545847675,70.5832221359015,-4.90791932546581));
#7260=CARTESIAN_POINT('Origin',(0.,70.5832221359015,0.));
#7261=CARTESIAN_POINT('',(14.1743545847675,69.3076445907354,-4.90791932546581));
#7262=CARTESIAN_POINT('',(14.1743545847675,0.,-4.90791932546581));
#7263=CARTESIAN_POINT('',(14.6230900334933,69.3076445907354,3.34144248377103));
#7264=CARTESIAN_POINT('Origin',(0.,69.3076445907354,0.));
#7265=CARTESIAN_POINT('',(14.1743545847675,66.4017751067877,-4.90791932546581));
#7266=CARTESIAN_POINT('Ctrl Pts',(14.6230900334933,69.3076445907354,3.34144248377103));
#7267=CARTESIAN_POINT('Ctrl Pts',(15.2445770118434,68.3390214294195,0.621641055736007));
#7268=CARTESIAN_POINT('Ctrl Pts',(15.0871962590996,67.3703982681036,-2.27157982725949));
#7269=CARTESIAN_POINT('Ctrl Pts',(14.1743545847675,66.4017751067877,-4.90791932546581));
#7270=CARTESIAN_POINT('',(14.1743545847675,65.2080514281988,-4.90791932546581));
#7271=CARTESIAN_POINT('',(14.1743545847675,0.,-4.90791932546581));
#7272=CARTESIAN_POINT('Ctrl Pts',(14.1743545847675,65.2080514281988,-4.90791932546581));
#7273=CARTESIAN_POINT('Ctrl Pts',(15.1028195670097,64.2439772933722,-2.22645881132194));
#7274=CARTESIAN_POINT('Ctrl Pts',(15.2490261878533,63.2799031585455,0.72074824614946));
#7275=CARTESIAN_POINT('Ctrl Pts',(14.5905134173196,62.3158290237188,3.48093639973731));
#7276=CARTESIAN_POINT('',(14.2464082351578,43.2128264755011,-4.69466211747202));
#7277=CARTESIAN_POINT('',(14.5737263516486,41.7735364288092,-3.55056336758877));
#7278=CARTESIAN_POINT('Ctrl Pts',(14.2464082351578,43.2128264755011,-4.69466211747202));
#7279=CARTESIAN_POINT('Ctrl Pts',(14.2923253031814,42.924679073647,-4.5553223141684));
#7280=CARTESIAN_POINT('Ctrl Pts',(14.3808053902201,42.3559146222207,-4.27951458529148));
#7281=CARTESIAN_POINT('Ctrl Pts',(14.5147609807798,41.9659414319535,-3.79259402309257));
#7282=CARTESIAN_POINT('Ctrl Pts',(14.5737263516486,41.7735364288092,-3.55056336758877));
#7283=CARTESIAN_POINT('',(14.8936594105391,41.2244202941656,-1.78294962431955));
#7284=CARTESIAN_POINT('Ctrl Pts',(14.5737263516486,41.7735364288092,-3.55056336758877));
#7285=CARTESIAN_POINT('Ctrl Pts',(14.6390266433295,41.6201452942884,-3.2825302463306));
#7286=CARTESIAN_POINT('Ctrl Pts',(14.7576194836509,41.3089412872623,-2.73529056355412));
#7287=CARTESIAN_POINT('Ctrl Pts',(14.8551910581648,41.2528595706388,-2.10429046902507));
#7288=CARTESIAN_POINT('Ctrl Pts',(14.8936594105391,41.2244202941656,-1.78294962431955));
#7289=CARTESIAN_POINT('',(14.9062379002598,42.4727179855108,-1.67453625247691));
#7290=CARTESIAN_POINT('Ctrl Pts',(14.8936594105391,41.2244202941656,-1.78294962431955));
#7291=CARTESIAN_POINT('Ctrl Pts',(14.897983692282,41.640519524614,-1.74682724677365));
#7292=CARTESIAN_POINT('Ctrl Pts',(14.9021765591844,42.0566187550624,-1.71068913729722));
#7293=CARTESIAN_POINT('Ctrl Pts',(14.9062379002598,42.4727179855108,-1.67453625247691));
#7294=CARTESIAN_POINT('',(14.718753878603,42.8854062408209,-2.8910697433838));
#7295=CARTESIAN_POINT('Ctrl Pts',(14.9062379002598,42.4727179855108,-1.67453625247691));
#7296=CARTESIAN_POINT('Ctrl Pts',(14.880286396145,42.5079312230823,-1.90554904400801));
#7297=CARTESIAN_POINT('Ctrl Pts',(14.8211081664159,42.5738368644265,-2.33669826823793));
#7298=CARTESIAN_POINT('Ctrl Pts',(14.7532737447963,42.7864103129846,-2.71532530982796));
#7299=CARTESIAN_POINT('Ctrl Pts',(14.718753878603,42.8854062408209,-2.8910697433838));
#7300=CARTESIAN_POINT('',(14.5491685514019,43.8915421813726,-3.6498896507838));
#7301=CARTESIAN_POINT('Ctrl Pts',(14.718753878603,42.8854062408209,-2.8910697433838));
#7302=CARTESIAN_POINT('Ctrl Pts',(14.6887993413547,43.0150074004026,-3.04357158541467));
#7303=CARTESIAN_POINT('Ctrl Pts',(14.6186489141354,43.2924559027322,-3.36883213307067));
#7304=CARTESIAN_POINT('Ctrl Pts',(14.5736567208208,43.6832793558622,-3.55227505459615));
#7305=CARTESIAN_POINT('Ctrl Pts',(14.5491685514019,43.8915421813726,-3.6498896507838));
#7306=CARTESIAN_POINT('',(14.4741254814598,45.4263331741095,-3.93696476323521));
#7307=CARTESIAN_POINT('Ctrl Pts',(14.5491685514019,43.8915421813726,-3.6498896507838));
#7308=CARTESIAN_POINT('Ctrl Pts',(14.5281170534613,44.1306988839069,-3.7338050074387));
#7309=CARTESIAN_POINT('Ctrl Pts',(14.4824974681805,44.6264421885827,-3.90724554767315));
#7310=CARTESIAN_POINT('Ctrl Pts',(14.4768891725422,45.1535255823866,-3.92680414104932));
#7311=CARTESIAN_POINT('Ctrl Pts',(14.4741254814598,45.4263331741095,-3.93696476323521));
#7312=CARTESIAN_POINT('',(14.5315749450331,46.7633035033941,-3.71931843445612));
#7313=CARTESIAN_POINT('Ctrl Pts',(14.4741254814598,45.4263331741095,-3.93696476323521));
#7314=CARTESIAN_POINT('Ctrl Pts',(14.476052843765,45.6659180381478,-3.92987887714515));
#7315=CARTESIAN_POINT('Ctrl Pts',(14.4798868649045,46.1221474878792,-3.91642985129984));
#7316=CARTESIAN_POINT('Ctrl Pts',(14.5153067534481,46.556871137107,-3.78287912424499));
#7317=CARTESIAN_POINT('Ctrl Pts',(14.5315749450331,46.7633035033941,-3.71931843445612));
#7318=CARTESIAN_POINT('',(14.6722957783036,47.6261975616217,-3.11829065258093));
#7319=CARTESIAN_POINT('Ctrl Pts',(14.5315749450331,46.7633035033941,-3.71931843445612));
#7320=CARTESIAN_POINT('Ctrl Pts',(14.5506915002651,46.9405089523386,-3.64462903640129));
#7321=CARTESIAN_POINT('Ctrl Pts',(14.5860637153083,47.2728242835546,-3.50443088948126));
#7322=CARTESIAN_POINT('Ctrl Pts',(14.6461220762065,47.5137460797488,-3.24144411759369));
#7323=CARTESIAN_POINT('Ctrl Pts',(14.6722957783036,47.6261975616217,-3.11829065258093));
#7324=CARTESIAN_POINT('',(14.82627591423,47.9092814773321,-2.27630018124233));
#7325=CARTESIAN_POINT('Ctrl Pts',(14.6722957783036,47.6261975616217,-3.11829065258093));
#7326=CARTESIAN_POINT('Ctrl Pts',(14.6999102168601,47.7087600663232,-2.98835818143156));
#7327=CARTESIAN_POINT('Ctrl Pts',(14.7514228692142,47.8720429550717,-2.73072484579556));
#7328=CARTESIAN_POINT('Ctrl Pts',(14.803156090247,47.8969623482329,-2.42688703805739));
#7329=CARTESIAN_POINT('Ctrl Pts',(14.82627591423,47.9092814773321,-2.27630018124233));
#7330=CARTESIAN_POINT('',(14.9286949266227,47.6364304870367,-1.46084488835354));
#7331=CARTESIAN_POINT('Ctrl Pts',(14.82627591423,47.9092814773321,-2.27630018124233));
#7332=CARTESIAN_POINT('Ctrl Pts',(14.8491888738319,47.8986267786473,-2.12706069873979));
#7333=CARTESIAN_POINT('Ctrl Pts',(14.8895498235364,47.8776391549967,-1.83236617595593));
#7334=CARTESIAN_POINT('Ctrl Pts',(14.9166925499957,47.7160073519783,-1.583499812561));
#7335=CARTESIAN_POINT('Ctrl Pts',(14.9286949266227,47.6364304870367,-1.46084488835354));
#7336=CARTESIAN_POINT('',(14.9745956913008,46.7360188812017,-0.872630438430387));
#7337=CARTESIAN_POINT('Ctrl Pts',(14.9286949266227,47.6364304870367,-1.46084488835354));
#7338=CARTESIAN_POINT('Ctrl Pts',(14.9399678585171,47.521352706092,-1.34564432016128));
#7339=CARTESIAN_POINT('Ctrl Pts',(14.961626197315,47.2635625543411,-1.08724111264281));
#7340=CARTESIAN_POINT('Ctrl Pts',(14.9701389455912,46.924000239763,-0.949109509249776));
#7341=CARTESIAN_POINT('Ctrl Pts',(14.9745956913008,46.7360188812017,-0.872630438430387));
#7342=CARTESIAN_POINT('',(14.9950491043209,44.9556615203619,-0.38536003815214));
#7343=CARTESIAN_POINT('Ctrl Pts',(14.9745956913008,46.7360188812017,-0.872630438430387));
#7344=CARTESIAN_POINT('Ctrl Pts',(14.9786027471822,46.5211681952134,-0.803868177691792));
#7345=CARTESIAN_POINT('Ctrl Pts',(14.988087965586,45.9348628514153,-0.616140447710355));
#7346=CARTESIAN_POINT('Ctrl Pts',(14.9927486786184,45.3354319166435,-0.474873721342826));
#7347=CARTESIAN_POINT('Ctrl Pts',(14.9950491043209,44.9556615203619,-0.38536003815214));
#7348=CARTESIAN_POINT('',(14.9981000452528,43.0252435058355,0.238736324399041));
#7349=CARTESIAN_POINT('Ctrl Pts',(14.9950491043209,44.9556615203619,-0.38536003815214));
#7350=CARTESIAN_POINT('Ctrl Pts',(14.9974725507162,44.5608442751339,-0.291059399524936));
#7351=CARTESIAN_POINT('Ctrl Pts',(15.0006666810758,43.9005052148965,-0.133304959841745));
#7352=CARTESIAN_POINT('Ctrl Pts',(14.9997982018024,43.2762543043382,0.132053263550892));
#7353=CARTESIAN_POINT('Ctrl Pts',(14.9981000452528,43.0252435058355,0.238736324399041));
#7354=CARTESIAN_POINT('',(14.9544047527359,41.9577100127935,1.16866526060664));
#7355=CARTESIAN_POINT('Ctrl Pts',(14.9981000452528,43.0252435058355,0.238736324399041));
#7356=CARTESIAN_POINT('Ctrl Pts',(14.996078098731,42.8053345673162,0.365760799191919));
#7357=CARTESIAN_POINT('Ctrl Pts',(14.9902474468329,42.3881206599964,0.60674894732785));
#7358=CARTESIAN_POINT('Ctrl Pts',(14.9684892598481,42.0959029351231,0.988437930165726));
#7359=CARTESIAN_POINT('Ctrl Pts',(14.9544047527359,41.9577100127935,1.16866526060664));
#7360=CARTESIAN_POINT('',(14.8060544632739,41.6064145416021,2.40431928631903));
#7361=CARTESIAN_POINT('Ctrl Pts',(14.9544047527359,41.9577100127935,1.16866526060664));
#7362=CARTESIAN_POINT('Ctrl Pts',(14.9394272476693,41.8552532421086,1.36031951824825));
#7363=CARTESIAN_POINT('Ctrl Pts',(14.9021461065739,41.6477780117048,1.74789600542204));
#7364=CARTESIAN_POINT('Ctrl Pts',(14.8417880128319,41.6203153916228,2.18426827897892));
#7365=CARTESIAN_POINT('Ctrl Pts',(14.8060544632739,41.6064145416021,2.40431928631903));
#7366=CARTESIAN_POINT('',(14.5136494236044,42.0361544936895,3.78866472635264));
#7367=CARTESIAN_POINT('Ctrl Pts',(14.8060544632739,41.6064145416021,2.40431928631903));
#7368=CARTESIAN_POINT('Ctrl Pts',(14.7660884093998,41.625025825508,2.65043450641879));
#7369=CARTESIAN_POINT('Ctrl Pts',(14.6722053606659,41.6626239768917,3.14545929419487));
#7370=CARTESIAN_POINT('Ctrl Pts',(14.569785833025,41.9108178840345,3.5736168862616));
#7371=CARTESIAN_POINT('Ctrl Pts',(14.5136494236044,42.0361544936895,3.78866472635264));
#7372=CARTESIAN_POINT('',(14.2292339236879,43.2912709563971,4.74646204503618));
#7373=CARTESIAN_POINT('Ctrl Pts',(14.5136494236044,42.0361544936895,3.78866472635264));
#7374=CARTESIAN_POINT('Ctrl Pts',(14.4611177732061,42.2003003084309,3.98990342457279));
#7375=CARTESIAN_POINT('Ctrl Pts',(14.3420302826474,42.5401745726676,4.40381464522047));
#7376=CARTESIAN_POINT('Ctrl Pts',(14.2681336821057,43.0352812196887,4.62984597250689));
#7377=CARTESIAN_POINT('Ctrl Pts',(14.2292339236879,43.2912709563971,4.74646204503618));
#7378=CARTESIAN_POINT('',(14.1176420684809,45.1261975616217,5.06874564623829));
#7379=CARTESIAN_POINT('Ctrl Pts',(14.2292339236879,43.2912709563971,4.74646204503618));
#7380=CARTESIAN_POINT('Ctrl Pts',(14.1977649681494,43.579062121986,4.840801602678));
#7381=CARTESIAN_POINT('Ctrl Pts',(14.1302310989129,44.173367353131,5.03475464567935));
#7382=CARTESIAN_POINT('Ctrl Pts',(14.1218094746033,44.801986188643,5.05713844554285));
#7383=CARTESIAN_POINT('Ctrl Pts',(14.1176420684809,45.1261975616217,5.06874564623829));
#7384=CARTESIAN_POINT('',(14.2346207865659,47.0873143523932,4.73028234492047));
#7385=CARTESIAN_POINT('Ctrl Pts',(14.1176420684809,45.1261975616217,5.06874564623829));
#7386=CARTESIAN_POINT('Ctrl Pts',(14.1216387416459,45.4783155201454,5.05761397675882));
#7387=CARTESIAN_POINT('Ctrl Pts',(14.1296662070422,46.1501828790412,5.03651687884997));
#7388=CARTESIAN_POINT('Ctrl Pts',(14.2017027867566,46.7851338740244,4.82934096556304));
#7389=CARTESIAN_POINT('Ctrl Pts',(14.2346207865659,47.0873143523932,4.73028234492047));
#7390=CARTESIAN_POINT('',(14.5315743538632,48.3935906738043,3.71932074418771));
#7391=CARTESIAN_POINT('Ctrl Pts',(14.2346207865659,47.0873143523932,4.73028234492047));
#7392=CARTESIAN_POINT('Ctrl Pts',(14.2756601564463,47.3518469048186,4.6067844593884));
#7393=CARTESIAN_POINT('Ctrl Pts',(14.3539828431605,47.8669256348049,4.36574706983838));
#7394=CARTESIAN_POINT('Ctrl Pts',(14.4771806262995,48.2212426858071,3.93183979022902));
#7395=CARTESIAN_POINT('Ctrl Pts',(14.5315743538632,48.3935906738043,3.71932074418771));
#7396=CARTESIAN_POINT('',(14.8414578730796,48.8847234100103,2.17511567545323));
#7397=CARTESIAN_POINT('Ctrl Pts',(14.5315743538632,48.3935906738043,3.71932074418771));
#7398=CARTESIAN_POINT('Ctrl Pts',(14.5915088183818,48.528384999578,3.48515375848955));
#7399=CARTESIAN_POINT('Ctrl Pts',(14.7025441394737,48.802039260411,3.00699092313229));
#7400=CARTESIAN_POINT('Ctrl Pts',(14.8002954995444,48.8568903905455,2.45597873008228));
#7401=CARTESIAN_POINT('Ctrl Pts',(14.8414578730796,48.8847234100103,2.17511567545323));
#7402=CARTESIAN_POINT('',(14.855005022405,47.6159646362066,2.08058303951624));
#7403=CARTESIAN_POINT('Ctrl Pts',(14.8414578730796,48.8847234100103,2.17511567545323));
#7404=CARTESIAN_POINT('Ctrl Pts',(14.8460738823882,48.4618038187424,2.14361927805829));
#7405=CARTESIAN_POINT('Ctrl Pts',(14.850589629336,48.0388842274745,2.11210818653957));
#7406=CARTESIAN_POINT('Ctrl Pts',(14.855005022405,47.6159646362066,2.08058303951624));
#7407=CARTESIAN_POINT('',(14.5889292520328,46.9236066192389,3.48756982427318));
#7408=CARTESIAN_POINT('Ctrl Pts',(14.855005022405,47.6159646362066,2.08058303951624));
#7409=CARTESIAN_POINT('Ctrl Pts',(14.8146556001566,47.5682764865458,2.3686709738917));
#7410=CARTESIAN_POINT('Ctrl Pts',(14.7210232734123,47.4784699024174,2.9086171692322));
#7411=CARTESIAN_POINT('Ctrl Pts',(14.63300264913,47.1007524940676,3.30320543745232));
#7412=CARTESIAN_POINT('Ctrl Pts',(14.5889292520328,46.9236066192389,3.48756982427318));
#7413=CARTESIAN_POINT('',(14.4687404553292,45.1807668060064,3.95670944552678));
#7414=CARTESIAN_POINT('Ctrl Pts',(14.5889292520328,46.9236066192389,3.48756982427318));
#7415=CARTESIAN_POINT('Ctrl Pts',(14.5561897936122,46.6859215405022,3.62452296549018));
#7416=CARTESIAN_POINT('Ctrl Pts',(14.476749137199,46.1513397775027,3.93111534565893));
#7417=CARTESIAN_POINT('Ctrl Pts',(14.4712643842945,45.527330084972,3.94748004073235));
#7418=CARTESIAN_POINT('Ctrl Pts',(14.4687404553292,45.1807668060064,3.95670944552678));
#7419=CARTESIAN_POINT('',(14.5785565773766,43.4311082214117,3.53067813886059));
#7420=CARTESIAN_POINT('Ctrl Pts',(14.4687404553292,45.1807668060064,3.95670944552678));
#7421=CARTESIAN_POINT('Ctrl Pts',(14.4701610648456,44.8262206800397,3.95151461617046));
#7422=CARTESIAN_POINT('Ctrl Pts',(14.4735081855149,44.2050529215813,3.94264483232684));
#7423=CARTESIAN_POINT('Ctrl Pts',(14.5485029939877,43.6635399237061,3.65477267496846));
#7424=CARTESIAN_POINT('Ctrl Pts',(14.5785565773766,43.4311082214117,3.53067813886059));
#7425=CARTESIAN_POINT('',(14.7915822894238,42.8819920867682,2.49180524423616));
#7426=CARTESIAN_POINT('Ctrl Pts',(14.5785565773766,43.4311082214117,3.53067813886059));
#7427=CARTESIAN_POINT('Ctrl Pts',(14.6139010892972,43.2710134781788,3.38473677958982));
#7428=CARTESIAN_POINT('Ctrl Pts',(14.6789639990507,42.9620684698261,3.10230876995944));
#7429=CARTESIAN_POINT('Ctrl Pts',(14.7580521075782,42.9080285959649,2.69084344960808));
#7430=CARTESIAN_POINT('Ctrl Pts',(14.7915822894238,42.8819920867682,2.49180524423616));
#7431=CARTESIAN_POINT('',(14.9129662756442,43.270805105567,1.61351692321411));
#7432=CARTESIAN_POINT('Ctrl Pts',(14.7915822894238,42.8819920867682,2.49180524423616));
#7433=CARTESIAN_POINT('Ctrl Pts',(14.8200090507847,42.8975854443404,2.32306140646479));
#7434=CARTESIAN_POINT('Ctrl Pts',(14.8699418327852,42.9284866157546,1.98760903050041));
#7435=CARTESIAN_POINT('Ctrl Pts',(14.8995486972691,43.1574040497405,1.73752919165061));
#7436=CARTESIAN_POINT('Ctrl Pts',(14.9129662756442,43.270805105567,1.61351692321411));
#7437=CARTESIAN_POINT('',(14.9727784912804,45.2660300582647,0.903274183762457));
#7438=CARTESIAN_POINT('Ctrl Pts',(14.9129662756442,43.270805105567,1.61351692321411));
#7439=CARTESIAN_POINT('Ctrl Pts',(14.9265444242345,43.4973000134702,1.48802058097015));
#7440=CARTESIAN_POINT('Ctrl Pts',(14.9583953074522,44.1198610648784,1.14250637813436));
#7441=CARTESIAN_POINT('Ctrl Pts',(14.9671676524422,44.8203726722431,0.996280104428008));
#7442=CARTESIAN_POINT('Ctrl Pts',(14.9727784912804,45.2660300582647,0.903274183762457));
#7443=CARTESIAN_POINT('',(14.997640978261,47.4795367568731,0.266017080627863));
#7444=CARTESIAN_POINT('Ctrl Pts',(14.9727784912804,45.2660300582647,0.903274183762457));
#7445=CARTESIAN_POINT('Ctrl Pts',(14.9789251800713,45.7229115057975,0.801385951621708));
#7446=CARTESIAN_POINT('Ctrl Pts',(14.9879147951933,46.4741067610642,0.633782943096314));
#7447=CARTESIAN_POINT('Ctrl Pts',(14.9958043624608,47.1965053218064,0.369562703794675));
#7448=CARTESIAN_POINT('Ctrl Pts',(14.997640978261,47.4795367568731,0.266017080627863));
#7449=CARTESIAN_POINT('',(14.9810659756398,48.7687613815069,-0.753433629145148));
#7450=CARTESIAN_POINT('Ctrl Pts',(14.997640978261,47.4795367568731,0.266017080627863));
#7451=CARTESIAN_POINT('Ctrl Pts',(15.0000400998515,47.7460204218292,0.130758231112861));
#7452=CARTESIAN_POINT('Ctrl Pts',(15.0025751291576,48.2454232699451,-0.122798662022258));
#7453=CARTESIAN_POINT('Ctrl Pts',(14.9911462600587,48.6023107214755,-0.553000040715617));
#7454=CARTESIAN_POINT('Ctrl Pts',(14.9810659756398,48.7687613815069,-0.753433629145148));
#7455=CARTESIAN_POINT('',(14.8424458033089,49.1848590224981,-2.16836403213037));
#7456=CARTESIAN_POINT('Ctrl Pts',(14.9810659756398,48.7687613815069,-0.753433629145148));
#7457=CARTESIAN_POINT('Ctrl Pts',(14.97020248442,48.8901072647378,-0.969440285065947));
#7458=CARTESIAN_POINT('Ctrl Pts',(14.9391948402259,49.1379645228233,-1.41023588595489));
#7459=CARTESIAN_POINT('Ctrl Pts',(14.8797771167553,49.169011841124,-1.91283129483022));
#7460=CARTESIAN_POINT('Ctrl Pts',(14.8424458033089,49.1848590224981,-2.16836403213037));
#7461=CARTESIAN_POINT('',(14.5508268113562,48.7278344482183,-3.64327313084251));
#7462=CARTESIAN_POINT('Ctrl Pts',(14.8424458033089,49.1848590224981,-2.16836403213037));
#7463=CARTESIAN_POINT('Ctrl Pts',(14.8043135439111,49.1647774445019,-2.42937924225345));
#7464=CARTESIAN_POINT('Ctrl Pts',(14.7121698099101,49.1240467507681,-2.95657943986243));
#7465=CARTESIAN_POINT('Ctrl Pts',(14.6084553527622,48.8611263851344,-3.41311115964898));
#7466=CARTESIAN_POINT('Ctrl Pts',(14.5508268113562,48.7278344482183,-3.64327313084251));
#7467=CARTESIAN_POINT('',(14.2453400595379,47.4147345870733,-4.69790236042894));
#7468=CARTESIAN_POINT('Ctrl Pts',(14.5508268113562,48.7278344482183,-3.64327313084251));
#7469=CARTESIAN_POINT('Ctrl Pts',(14.4964004624576,48.5548080604268,-3.86064590207187));
#7470=CARTESIAN_POINT('Ctrl Pts',(14.3723619074945,48.1980610140572,-4.30578238413799));
#7471=CARTESIAN_POINT('Ctrl Pts',(14.2892167629938,47.6810099736129,-4.56485605306296));
#7472=CARTESIAN_POINT('Ctrl Pts',(14.2453400595379,47.4147345870733,-4.69790236042894));
#7473=CARTESIAN_POINT('',(14.1176428741361,45.4877259582281,-5.06874340229945));
#7474=CARTESIAN_POINT('Ctrl Pts',(14.2453400595379,47.4147345870733,-4.69790236042894));
#7475=CARTESIAN_POINT('Ctrl Pts',(14.2095224249355,47.1148531725342,-4.80651134075555));
#7476=CARTESIAN_POINT('Ctrl Pts',(14.132042399697,46.4944608612147,-5.03006541882924));
#7477=CARTESIAN_POINT('Ctrl Pts',(14.1223930779609,45.8306618774583,-5.05551296708994));
#7478=CARTESIAN_POINT('Ctrl Pts',(14.1176428741361,45.4877259582281,-5.06874340229945));
#7479=CARTESIAN_POINT('Ctrl Pts',(14.1176428741361,45.4877259582281,-5.06874340229945));
#7480=CARTESIAN_POINT('Ctrl Pts',(14.1212438628978,45.0678478615594,-5.05871380141086));
#7481=CARTESIAN_POINT('Ctrl Pts',(14.1284699568354,44.2891309765388,-5.04030743280199));
#7482=CARTESIAN_POINT('Ctrl Pts',(14.2103514336894,43.5523437510864,-4.80407998408721));
#7483=CARTESIAN_POINT('Ctrl Pts',(14.2464082351578,43.2128264755011,-4.69466211747202));
#7484=CARTESIAN_POINT('',(14.1743538046745,74.2667128890753,4.90792157841873));
#7485=CARTESIAN_POINT('',(14.1743545847675,74.2667128890753,-4.90791932546581));
#7486=CARTESIAN_POINT('Origin',(0.,74.2667128890753,0.));
#7487=CARTESIAN_POINT('',(14.1743545847675,72.9433848708868,-4.90791932546581));
#7488=CARTESIAN_POINT('',(14.1743545847675,0.,-4.90791932546581));
#7489=CARTESIAN_POINT('',(14.1743538046745,72.9433848708868,4.90792157841873));
#7490=CARTESIAN_POINT('Origin',(0.,72.9433848708868,0.));
#7491=CARTESIAN_POINT('',(14.1743538046745,0.,4.90792157841873));
#7492=CARTESIAN_POINT('',(14.5162300537694,80.467260107398,3.77876501333978));
#7493=CARTESIAN_POINT('',(14.1743545847675,80.467260107398,-4.90791932546581));
#7494=CARTESIAN_POINT('Origin',(0.,80.467260107398,0.));
#7495=CARTESIAN_POINT('',(14.1743545847675,79.1439320892096,-4.90791932546581));
#7496=CARTESIAN_POINT('',(14.1743545847675,0.,-4.90791932546581));
#7497=CARTESIAN_POINT('',(14.5162300537694,79.1439320892096,3.77876501333977));
#7498=CARTESIAN_POINT('Origin',(0.,79.1439320892096,0.));
#7499=CARTESIAN_POINT('',(14.5162300537694,75.8492543548346,3.77876501333978));
#7500=CARTESIAN_POINT('',(14.5162300537694,0.,3.77876501333978));
#7501=CARTESIAN_POINT('',(14.1743538046745,75.8492543548346,4.90792157841873));
#7502=CARTESIAN_POINT('Origin',(0.,75.8492543548346,0.));
#7503=CARTESIAN_POINT('',(14.1743538046745,83.7755753844976,4.90792157841873));
#7504=CARTESIAN_POINT('',(14.1743538046745,0.,4.90792157841873));
#7505=CARTESIAN_POINT('',(14.5162300537694,83.7755753844976,3.77876501333978));
#7506=CARTESIAN_POINT('Origin',(0.,83.7755753844976,0.));
#7507=CARTESIAN_POINT('',(14.5162300537694,0.,3.77876501333978));
#7508=CARTESIAN_POINT('Origin',(13.901963137658,39.,5.63342000202375));
#7509=CARTESIAN_POINT('',(15.5045891561771,45.,6.97192334281987));
#7510=CARTESIAN_POINT('',(8.42142506311798,45.,1.05610849118818));
#7511=CARTESIAN_POINT('',(15.5045891561771,46.5,6.97192334281987));
#7512=CARTESIAN_POINT('',(8.42142506311798,46.5,1.05610849118818));
#7513=CARTESIAN_POINT('',(15.5045891561771,45.,6.97192334281987));
#7514=CARTESIAN_POINT('Origin',(15.5146837833356,39.,-6.94943070352245));
#7515=CARTESIAN_POINT('',(15.514683783337,45.,-6.94943070352245));
#7516=CARTESIAN_POINT('',(7.75734189166871,45.,-6.94943070352447));
#7517=CARTESIAN_POINT('',(15.514683783337,46.5,-6.94943070352245));
#7518=CARTESIAN_POINT('',(15.514683783337,45.,-6.94943070352245));
#7519=CARTESIAN_POINT('',(7.75734189166871,46.5,-6.94943070352447));
#7520=CARTESIAN_POINT('Origin',(0.,45.,0.));
#7521=CARTESIAN_POINT('Origin',(0.,45.,0.));
#7522=CARTESIAN_POINT('Origin',(0.,45.,0.));
#7523=CARTESIAN_POINT('Origin',(0.,46.5,0.));
#7524=CARTESIAN_POINT('Origin',(0.,46.5,0.));
#7525=CARTESIAN_POINT('Origin',(13.901963137658,39.,5.63342000202375));
#7526=CARTESIAN_POINT('',(15.5045891561771,52.5,6.97192334281987));
#7527=CARTESIAN_POINT('',(8.42142506311798,52.5,1.05610849118818));
#7528=CARTESIAN_POINT('',(15.5045891561771,54.,6.97192334281987));
#7529=CARTESIAN_POINT('',(8.42142506311798,54.,1.05610849118818));
#7530=CARTESIAN_POINT('',(15.5045891561771,52.5,6.97192334281987));
#7531=CARTESIAN_POINT('Origin',(15.5146837833356,39.,-6.94943070352245));
#7532=CARTESIAN_POINT('',(15.514683783337,52.5,-6.94943070352245));
#7533=CARTESIAN_POINT('',(7.75734189166871,52.5,-6.94943070352447));
#7534=CARTESIAN_POINT('',(15.514683783337,54.,-6.94943070352245));
#7535=CARTESIAN_POINT('',(15.514683783337,52.5,-6.94943070352245));
#7536=CARTESIAN_POINT('',(7.75734189166871,54.,-6.94943070352447));
#7537=CARTESIAN_POINT('Origin',(0.,52.5,0.));
#7538=CARTESIAN_POINT('Origin',(0.,52.5,0.));
#7539=CARTESIAN_POINT('Origin',(0.,52.5,0.));
#7540=CARTESIAN_POINT('Origin',(0.,54.,0.));
#7541=CARTESIAN_POINT('Origin',(0.,54.,0.));
#7542=CARTESIAN_POINT('Origin',(13.901963137658,39.,5.63342000202375));
#7543=CARTESIAN_POINT('',(15.5045891561771,50.,6.97192334281987));
#7544=CARTESIAN_POINT('',(8.42142506311798,50.,1.05610849118818));
#7545=CARTESIAN_POINT('',(15.5045891561771,51.5,6.97192334281987));
#7546=CARTESIAN_POINT('',(8.42142506311798,51.5,1.05610849118818));
#7547=CARTESIAN_POINT('',(15.5045891561771,50.,6.97192334281987));
#7548=CARTESIAN_POINT('Origin',(15.5146837833356,39.,-6.94943070352245));
#7549=CARTESIAN_POINT('',(15.514683783337,50.,-6.94943070352245));
#7550=CARTESIAN_POINT('',(7.75734189166871,50.,-6.94943070352447));
#7551=CARTESIAN_POINT('',(15.514683783337,51.5,-6.94943070352245));
#7552=CARTESIAN_POINT('',(15.514683783337,50.,-6.94943070352245));
#7553=CARTESIAN_POINT('',(7.75734189166871,51.5,-6.94943070352447));
#7554=CARTESIAN_POINT('Origin',(0.,50.,0.));
#7555=CARTESIAN_POINT('Origin',(0.,50.,0.));
#7556=CARTESIAN_POINT('Origin',(0.,50.,0.));
#7557=CARTESIAN_POINT('Origin',(0.,51.5,0.));
#7558=CARTESIAN_POINT('Origin',(0.,51.5,0.));
#7559=CARTESIAN_POINT('Origin',(0.,35.,0.));
#7560=CARTESIAN_POINT('',(-17.,36.5,-2.0818995585505E-15));
#7561=CARTESIAN_POINT('Origin',(0.,36.5,0.));
#7562=CARTESIAN_POINT('',(-17.,35.,-2.0818995585505E-15));
#7563=CARTESIAN_POINT('',(-17.,35.,2.0818995585505E-15));
#7564=CARTESIAN_POINT('Origin',(0.,35.,0.));
#7565=CARTESIAN_POINT('Origin',(0.,35.,0.));
#7566=CARTESIAN_POINT('',(-15.,35.,-1.83697019872103E-15));
#7567=CARTESIAN_POINT('Origin',(0.,35.,0.));
#7568=CARTESIAN_POINT('Origin',(0.,36.5,0.));
#7569=CARTESIAN_POINT('',(-15.,36.5,-1.83697019872103E-15));
#7570=CARTESIAN_POINT('Origin',(0.,36.5,0.));
#7571=CARTESIAN_POINT('Origin',(0.,0.,0.));
#7572=CARTESIAN_POINT('',(-15.,0.,1.83697019872103E-15));
#7573=CARTESIAN_POINT('Origin',(13.901963137658,39.,5.63342000202375));
#7574=CARTESIAN_POINT('',(15.5045891561771,42.5,6.97192334281987));
#7575=CARTESIAN_POINT('',(8.42142506311798,42.5,1.05610849118818));
#7576=CARTESIAN_POINT('',(15.5045891561771,44.,6.97192334281987));
#7577=CARTESIAN_POINT('',(8.42142506311798,44.,1.05610849118818));
#7578=CARTESIAN_POINT('',(15.5045891561771,42.5,6.97192334281987));
#7579=CARTESIAN_POINT('Origin',(15.5146837833356,39.,-6.94943070352245));
#7580=CARTESIAN_POINT('',(15.514683783337,42.5,-6.94943070352245));
#7581=CARTESIAN_POINT('',(7.75734189166871,42.5,-6.94943070352447));
#7582=CARTESIAN_POINT('',(15.514683783337,44.,-6.94943070352245));
#7583=CARTESIAN_POINT('',(15.514683783337,42.5,-6.94943070352245));
#7584=CARTESIAN_POINT('',(7.75734189166871,44.,-6.94943070352447));
#7585=CARTESIAN_POINT('Origin',(0.,42.5,0.));
#7586=CARTESIAN_POINT('Origin',(0.,42.5,0.));
#7587=CARTESIAN_POINT('Origin',(0.,42.5,0.));
#7588=CARTESIAN_POINT('Origin',(0.,44.,0.));
#7589=CARTESIAN_POINT('Origin',(0.,44.,0.));
#7590=CARTESIAN_POINT('Origin',(13.901963137658,39.,5.63342000202375));
#7591=CARTESIAN_POINT('',(15.5045891561771,40.,6.97192334281987));
#7592=CARTESIAN_POINT('',(8.42142506311798,40.,1.05610849118818));
#7593=CARTESIAN_POINT('',(15.5045891561771,41.5,6.97192334281987));
#7594=CARTESIAN_POINT('',(8.42142506311798,41.5,1.05610849118818));
#7595=CARTESIAN_POINT('',(15.5045891561771,40.,6.97192334281987));
#7596=CARTESIAN_POINT('Origin',(15.5146837833356,39.,-6.94943070352245));
#7597=CARTESIAN_POINT('',(15.514683783337,40.,-6.94943070352245));
#7598=CARTESIAN_POINT('',(7.75734189166871,40.,-6.94943070352447));
#7599=CARTESIAN_POINT('',(15.514683783337,41.5,-6.94943070352245));
#7600=CARTESIAN_POINT('',(15.514683783337,40.,-6.94943070352245));
#7601=CARTESIAN_POINT('',(7.75734189166871,41.5,-6.94943070352447));
#7602=CARTESIAN_POINT('Origin',(0.,40.,0.));
#7603=CARTESIAN_POINT('Origin',(0.,40.,0.));
#7604=CARTESIAN_POINT('Origin',(0.,40.,0.));
#7605=CARTESIAN_POINT('Origin',(0.,41.5,0.));
#7606=CARTESIAN_POINT('Origin',(0.,41.5,0.));
#7607=CARTESIAN_POINT('Origin',(13.901963137658,39.,5.63342000202375));
#7608=CARTESIAN_POINT('',(15.5045891561771,47.5,6.97192334281987));
#7609=CARTESIAN_POINT('',(8.42142506311798,47.5,1.05610849118818));
#7610=CARTESIAN_POINT('',(15.5045891561771,49.,6.97192334281987));
#7611=CARTESIAN_POINT('',(8.42142506311798,49.,1.05610849118818));
#7612=CARTESIAN_POINT('',(15.5045891561771,47.5,6.97192334281987));
#7613=CARTESIAN_POINT('Origin',(15.5146837833356,39.,-6.94943070352245));
#7614=CARTESIAN_POINT('',(15.514683783337,47.5,-6.94943070352245));
#7615=CARTESIAN_POINT('',(7.75734189166871,47.5,-6.94943070352447));
#7616=CARTESIAN_POINT('',(15.514683783337,49.,-6.94943070352245));
#7617=CARTESIAN_POINT('',(15.514683783337,47.5,-6.94943070352245));
#7618=CARTESIAN_POINT('',(7.75734189166871,49.,-6.94943070352447));
#7619=CARTESIAN_POINT('Origin',(0.,47.5,0.));
#7620=CARTESIAN_POINT('Origin',(0.,47.5,0.));
#7621=CARTESIAN_POINT('Origin',(0.,47.5,0.));
#7622=CARTESIAN_POINT('Origin',(0.,49.,0.));
#7623=CARTESIAN_POINT('Origin',(0.,49.,0.));
#7624=CARTESIAN_POINT('Origin',(0.,5.,0.));
#7625=CARTESIAN_POINT('',(-17.,6.5,-2.0818995585505E-15));
#7626=CARTESIAN_POINT('Origin',(0.,6.5,0.));
#7627=CARTESIAN_POINT('',(-17.,5.,-2.0818995585505E-15));
#7628=CARTESIAN_POINT('',(-17.,5.,2.0818995585505E-15));
#7629=CARTESIAN_POINT('Origin',(0.,5.,0.));
#7630=CARTESIAN_POINT('Origin',(0.,5.,0.));
#7631=CARTESIAN_POINT('',(-15.,5.,-1.83697019872103E-15));
#7632=CARTESIAN_POINT('Origin',(0.,5.,0.));
#7633=CARTESIAN_POINT('Origin',(0.,6.5,0.));
#7634=CARTESIAN_POINT('',(-15.,6.5,-1.83697019872103E-15));
#7635=CARTESIAN_POINT('Origin',(0.,6.5,0.));
#7636=CARTESIAN_POINT('Origin',(0.,0.,0.));
#7637=CARTESIAN_POINT('',(-15.,7.5,-1.83697019872103E-15));
#7638=CARTESIAN_POINT('Origin',(0.,7.5,0.));
#7639=CARTESIAN_POINT('',(-15.,0.,1.83697019872103E-15));
#7640=CARTESIAN_POINT('Origin',(0.,7.5,0.));
#7641=CARTESIAN_POINT('',(-17.,9.,-2.0818995585505E-15));
#7642=CARTESIAN_POINT('Origin',(0.,9.,0.));
#7643=CARTESIAN_POINT('',(-17.,7.5,-2.0818995585505E-15));
#7644=CARTESIAN_POINT('',(-17.,7.5,2.0818995585505E-15));
#7645=CARTESIAN_POINT('Origin',(0.,7.5,0.));
#7646=CARTESIAN_POINT('Origin',(0.,7.5,0.));
#7647=CARTESIAN_POINT('Origin',(0.,9.,0.));
#7648=CARTESIAN_POINT('',(-15.,9.,-1.83697019872103E-15));
#7649=CARTESIAN_POINT('Origin',(0.,9.,0.));
#7650=CARTESIAN_POINT('Origin',(0.,0.,0.));
#7651=CARTESIAN_POINT('',(-15.,10.,-1.83697019872103E-15));
#7652=CARTESIAN_POINT('Origin',(0.,10.,0.));
#7653=CARTESIAN_POINT('',(-15.,0.,1.83697019872103E-15));
#7654=CARTESIAN_POINT('Origin',(0.,2.5,0.));
#7655=CARTESIAN_POINT('',(-17.,4.,-2.0818995585505E-15));
#7656=CARTESIAN_POINT('Origin',(0.,4.,0.));
#7657=CARTESIAN_POINT('',(-17.,2.5,-2.0818995585505E-15));
#7658=CARTESIAN_POINT('',(-17.,2.5,2.0818995585505E-15));
#7659=CARTESIAN_POINT('Origin',(0.,2.5,0.));
#7660=CARTESIAN_POINT('Origin',(0.,2.5,0.));
#7661=CARTESIAN_POINT('',(-15.,2.5,-1.83697019872103E-15));
#7662=CARTESIAN_POINT('Origin',(0.,2.5,0.));
#7663=CARTESIAN_POINT('Origin',(0.,4.,0.));
#7664=CARTESIAN_POINT('',(-15.,4.,-1.83697019872103E-15));
#7665=CARTESIAN_POINT('Origin',(0.,4.,0.));
#7666=CARTESIAN_POINT('Origin',(0.,0.,0.));
#7667=CARTESIAN_POINT('',(-15.,0.,1.83697019872103E-15));
#7668=CARTESIAN_POINT('Origin',(0.,10.,0.));
#7669=CARTESIAN_POINT('',(-17.,11.5,-2.0818995585505E-15));
#7670=CARTESIAN_POINT('Origin',(0.,11.5,0.));
#7671=CARTESIAN_POINT('',(-17.,10.,-2.0818995585505E-15));
#7672=CARTESIAN_POINT('',(-17.,10.,2.0818995585505E-15));
#7673=CARTESIAN_POINT('Origin',(0.,10.,0.));
#7674=CARTESIAN_POINT('Origin',(0.,10.,0.));
#7675=CARTESIAN_POINT('Origin',(0.,11.5,0.));
#7676=CARTESIAN_POINT('',(-15.,11.5,-1.83697019872103E-15));
#7677=CARTESIAN_POINT('Origin',(0.,11.5,0.));
#7678=CARTESIAN_POINT('Origin',(0.,0.,0.));
#7679=CARTESIAN_POINT('',(-15.,12.5,-1.83697019872103E-15));
#7680=CARTESIAN_POINT('Origin',(0.,12.5,0.));
#7681=CARTESIAN_POINT('',(-15.,0.,1.83697019872103E-15));
#7682=CARTESIAN_POINT('Origin',(0.,30.,0.));
#7683=CARTESIAN_POINT('',(-17.,31.5,-2.0818995585505E-15));
#7684=CARTESIAN_POINT('Origin',(0.,31.5,0.));
#7685=CARTESIAN_POINT('',(-17.,30.,-2.0818995585505E-15));
#7686=CARTESIAN_POINT('',(-17.,30.,2.0818995585505E-15));
#7687=CARTESIAN_POINT('Origin',(0.,30.,0.));
#7688=CARTESIAN_POINT('Origin',(0.,30.,0.));
#7689=CARTESIAN_POINT('',(-15.,30.,-1.83697019872103E-15));
#7690=CARTESIAN_POINT('Origin',(0.,30.,0.));
#7691=CARTESIAN_POINT('Origin',(0.,31.5,0.));
#7692=CARTESIAN_POINT('',(-15.,31.5,-1.83697019872103E-15));
#7693=CARTESIAN_POINT('Origin',(0.,31.5,0.));
#7694=CARTESIAN_POINT('Origin',(0.,0.,0.));
#7695=CARTESIAN_POINT('',(-15.,32.5,-1.83697019872103E-15));
#7696=CARTESIAN_POINT('Origin',(0.,32.5,0.));
#7697=CARTESIAN_POINT('',(-15.,0.,1.83697019872103E-15));
#7698=CARTESIAN_POINT('Origin',(0.,27.5,0.));
#7699=CARTESIAN_POINT('',(-17.,29.,-2.0818995585505E-15));
#7700=CARTESIAN_POINT('Origin',(0.,29.,0.));
#7701=CARTESIAN_POINT('',(-17.,27.5,-2.0818995585505E-15));
#7702=CARTESIAN_POINT('',(-17.,27.5,2.0818995585505E-15));
#7703=CARTESIAN_POINT('Origin',(0.,27.5,0.));
#7704=CARTESIAN_POINT('Origin',(0.,27.5,0.));
#7705=CARTESIAN_POINT('',(-15.,27.5,-1.83697019872103E-15));
#7706=CARTESIAN_POINT('Origin',(0.,27.5,0.));
#7707=CARTESIAN_POINT('Origin',(0.,29.,0.));
#7708=CARTESIAN_POINT('',(-15.,29.,-1.83697019872103E-15));
#7709=CARTESIAN_POINT('Origin',(0.,29.,0.));
#7710=CARTESIAN_POINT('Origin',(0.,0.,0.));
#7711=CARTESIAN_POINT('',(-15.,0.,1.83697019872103E-15));
#7712=CARTESIAN_POINT('Origin',(0.,22.5,0.));
#7713=CARTESIAN_POINT('',(-17.,24.,-2.0818995585505E-15));
#7714=CARTESIAN_POINT('Origin',(0.,24.,0.));
#7715=CARTESIAN_POINT('',(-17.,22.5,-2.0818995585505E-15));
#7716=CARTESIAN_POINT('',(-17.,22.5,2.0818995585505E-15));
#7717=CARTESIAN_POINT('Origin',(0.,22.5,0.));
#7718=CARTESIAN_POINT('Origin',(0.,22.5,0.));
#7719=CARTESIAN_POINT('',(-15.,22.5,-1.83697019872103E-15));
#7720=CARTESIAN_POINT('Origin',(0.,22.5,0.));
#7721=CARTESIAN_POINT('Origin',(0.,24.,0.));
#7722=CARTESIAN_POINT('',(-15.,24.,-1.83697019872103E-15));
#7723=CARTESIAN_POINT('Origin',(0.,24.,0.));
#7724=CARTESIAN_POINT('Origin',(0.,0.,0.));
#7725=CARTESIAN_POINT('',(-15.,25.,-1.83697019872103E-15));
#7726=CARTESIAN_POINT('Origin',(0.,25.,0.));
#7727=CARTESIAN_POINT('',(-15.,0.,1.83697019872103E-15));
#7728=CARTESIAN_POINT('Origin',(0.,20.,0.));
#7729=CARTESIAN_POINT('',(-17.,21.5,-2.0818995585505E-15));
#7730=CARTESIAN_POINT('Origin',(0.,21.5,0.));
#7731=CARTESIAN_POINT('',(-17.,20.,-2.0818995585505E-15));
#7732=CARTESIAN_POINT('',(-17.,20.,2.0818995585505E-15));
#7733=CARTESIAN_POINT('Origin',(0.,20.,0.));
#7734=CARTESIAN_POINT('Origin',(0.,20.,0.));
#7735=CARTESIAN_POINT('',(-15.,20.,-1.83697019872103E-15));
#7736=CARTESIAN_POINT('Origin',(0.,20.,0.));
#7737=CARTESIAN_POINT('Origin',(0.,21.5,0.));
#7738=CARTESIAN_POINT('',(-15.,21.5,-1.83697019872103E-15));
#7739=CARTESIAN_POINT('Origin',(0.,21.5,0.));
#7740=CARTESIAN_POINT('Origin',(0.,0.,0.));
#7741=CARTESIAN_POINT('',(-15.,0.,1.83697019872103E-15));
#7742=CARTESIAN_POINT('Origin',(0.,25.,0.));
#7743=CARTESIAN_POINT('',(-17.,26.5,-2.0818995585505E-15));
#7744=CARTESIAN_POINT('Origin',(0.,26.5,0.));
#7745=CARTESIAN_POINT('',(-17.,25.,-2.0818995585505E-15));
#7746=CARTESIAN_POINT('',(-17.,25.,2.0818995585505E-15));
#7747=CARTESIAN_POINT('Origin',(0.,25.,0.));
#7748=CARTESIAN_POINT('Origin',(0.,25.,0.));
#7749=CARTESIAN_POINT('Origin',(0.,26.5,0.));
#7750=CARTESIAN_POINT('',(-15.,26.5,-1.83697019872103E-15));
#7751=CARTESIAN_POINT('Origin',(0.,26.5,0.));
#7752=CARTESIAN_POINT('Origin',(0.,0.,0.));
#7753=CARTESIAN_POINT('',(-15.,0.,1.83697019872103E-15));
#7754=CARTESIAN_POINT('Origin',(0.,15.,0.));
#7755=CARTESIAN_POINT('',(-17.,16.5,-2.0818995585505E-15));
#7756=CARTESIAN_POINT('Origin',(0.,16.5,0.));
#7757=CARTESIAN_POINT('',(-17.,15.,-2.0818995585505E-15));
#7758=CARTESIAN_POINT('',(-17.,15.,2.0818995585505E-15));
#7759=CARTESIAN_POINT('Origin',(0.,15.,0.));
#7760=CARTESIAN_POINT('Origin',(0.,15.,0.));
#7761=CARTESIAN_POINT('',(-15.,15.,-1.83697019872103E-15));
#7762=CARTESIAN_POINT('Origin',(0.,15.,0.));
#7763=CARTESIAN_POINT('Origin',(0.,16.5,0.));
#7764=CARTESIAN_POINT('',(-15.,16.5,-1.83697019872103E-15));
#7765=CARTESIAN_POINT('Origin',(0.,16.5,0.));
#7766=CARTESIAN_POINT('Origin',(0.,0.,0.));
#7767=CARTESIAN_POINT('',(-15.,17.5,-1.83697019872103E-15));
#7768=CARTESIAN_POINT('Origin',(0.,17.5,0.));
#7769=CARTESIAN_POINT('',(-15.,0.,1.83697019872103E-15));
#7770=CARTESIAN_POINT('Origin',(0.,17.5,0.));
#7771=CARTESIAN_POINT('',(-17.,19.,-2.0818995585505E-15));
#7772=CARTESIAN_POINT('Origin',(0.,19.,0.));
#7773=CARTESIAN_POINT('',(-17.,17.5,-2.0818995585505E-15));
#7774=CARTESIAN_POINT('',(-17.,17.5,2.0818995585505E-15));
#7775=CARTESIAN_POINT('Origin',(0.,17.5,0.));
#7776=CARTESIAN_POINT('Origin',(0.,17.5,0.));
#7777=CARTESIAN_POINT('Origin',(0.,19.,0.));
#7778=CARTESIAN_POINT('',(-15.,19.,-1.83697019872103E-15));
#7779=CARTESIAN_POINT('Origin',(0.,19.,0.));
#7780=CARTESIAN_POINT('Origin',(0.,0.,0.));
#7781=CARTESIAN_POINT('',(-15.,0.,1.83697019872103E-15));
#7782=CARTESIAN_POINT('Origin',(0.,32.5,0.));
#7783=CARTESIAN_POINT('',(-17.,34.,-2.0818995585505E-15));
#7784=CARTESIAN_POINT('Origin',(0.,34.,0.));
#7785=CARTESIAN_POINT('',(-17.,32.5,-2.0818995585505E-15));
#7786=CARTESIAN_POINT('',(-17.,32.5,2.0818995585505E-15));
#7787=CARTESIAN_POINT('Origin',(0.,32.5,0.));
#7788=CARTESIAN_POINT('Origin',(0.,32.5,0.));
#7789=CARTESIAN_POINT('Origin',(0.,34.,0.));
#7790=CARTESIAN_POINT('',(-15.,34.,-1.83697019872103E-15));
#7791=CARTESIAN_POINT('Origin',(0.,34.,0.));
#7792=CARTESIAN_POINT('Origin',(0.,0.,0.));
#7793=CARTESIAN_POINT('',(-15.,0.,1.83697019872103E-15));
#7794=CARTESIAN_POINT('Origin',(13.901963137658,39.,5.63342000202375));
#7795=CARTESIAN_POINT('',(15.5045891561771,57.5,6.97192334281987));
#7796=CARTESIAN_POINT('',(8.42142506311798,57.5,1.05610849118818));
#7797=CARTESIAN_POINT('',(15.5045891561771,59.,6.97192334281987));
#7798=CARTESIAN_POINT('',(8.42142506311798,59.,1.05610849118818));
#7799=CARTESIAN_POINT('',(15.5045891561771,57.5,6.97192334281987));
#7800=CARTESIAN_POINT('Origin',(15.5146837833356,39.,-6.94943070352245));
#7801=CARTESIAN_POINT('',(15.514683783337,57.5,-6.94943070352245));
#7802=CARTESIAN_POINT('',(7.75734189166871,57.5,-6.94943070352447));
#7803=CARTESIAN_POINT('',(15.514683783337,59.,-6.94943070352245));
#7804=CARTESIAN_POINT('',(15.514683783337,57.5,-6.94943070352245));
#7805=CARTESIAN_POINT('',(7.75734189166871,59.,-6.94943070352447));
#7806=CARTESIAN_POINT('Origin',(0.,57.5,0.));
#7807=CARTESIAN_POINT('Origin',(0.,57.5,0.));
#7808=CARTESIAN_POINT('Origin',(0.,57.5,0.));
#7809=CARTESIAN_POINT('Origin',(0.,59.,0.));
#7810=CARTESIAN_POINT('Origin',(0.,59.,0.));
#7811=CARTESIAN_POINT('Origin',(13.901963137658,39.,5.63342000202375));
#7812=CARTESIAN_POINT('',(15.5045891561771,67.5,6.97192334281987));
#7813=CARTESIAN_POINT('',(8.42142506311798,67.5,1.05610849118818));
#7814=CARTESIAN_POINT('',(15.5045891561771,69.,6.97192334281987));
#7815=CARTESIAN_POINT('',(8.42142506311798,69.,1.05610849118818));
#7816=CARTESIAN_POINT('',(15.5045891561771,67.5,6.97192334281987));
#7817=CARTESIAN_POINT('Origin',(15.5146837833356,39.,-6.94943070352245));
#7818=CARTESIAN_POINT('',(15.514683783337,67.5,-6.94943070352245));
#7819=CARTESIAN_POINT('',(7.75734189166871,67.5,-6.94943070352447));
#7820=CARTESIAN_POINT('',(15.514683783337,69.,-6.94943070352245));
#7821=CARTESIAN_POINT('',(15.514683783337,67.5,-6.94943070352245));
#7822=CARTESIAN_POINT('',(7.75734189166871,69.,-6.94943070352447));
#7823=CARTESIAN_POINT('Origin',(0.,67.5,0.));
#7824=CARTESIAN_POINT('Origin',(0.,67.5,0.));
#7825=CARTESIAN_POINT('Origin',(0.,67.5,0.));
#7826=CARTESIAN_POINT('Origin',(0.,69.,0.));
#7827=CARTESIAN_POINT('Origin',(0.,69.,0.));
#7828=CARTESIAN_POINT('Origin',(13.901963137658,39.,5.63342000202375));
#7829=CARTESIAN_POINT('',(15.5045891561771,65.,6.97192334281987));
#7830=CARTESIAN_POINT('',(8.42142506311798,65.,1.05610849118818));
#7831=CARTESIAN_POINT('',(15.5045891561771,66.5,6.97192334281987));
#7832=CARTESIAN_POINT('',(8.42142506311798,66.5,1.05610849118818));
#7833=CARTESIAN_POINT('',(15.5045891561771,65.,6.97192334281987));
#7834=CARTESIAN_POINT('Origin',(15.5146837833356,39.,-6.94943070352245));
#7835=CARTESIAN_POINT('',(15.514683783337,65.,-6.94943070352245));
#7836=CARTESIAN_POINT('',(7.75734189166871,65.,-6.94943070352447));
#7837=CARTESIAN_POINT('',(15.514683783337,66.5,-6.94943070352245));
#7838=CARTESIAN_POINT('',(15.514683783337,65.,-6.94943070352245));
#7839=CARTESIAN_POINT('',(7.75734189166871,66.5,-6.94943070352447));
#7840=CARTESIAN_POINT('Origin',(0.,65.,0.));
#7841=CARTESIAN_POINT('Origin',(0.,65.,0.));
#7842=CARTESIAN_POINT('Origin',(0.,65.,0.));
#7843=CARTESIAN_POINT('Origin',(0.,66.5,0.));
#7844=CARTESIAN_POINT('Origin',(0.,66.5,0.));
#7845=CARTESIAN_POINT('Origin',(13.901963137658,39.,5.63342000202375));
#7846=CARTESIAN_POINT('',(15.5045891561771,62.5,6.97192334281987));
#7847=CARTESIAN_POINT('',(8.42142506311798,62.5,1.05610849118818));
#7848=CARTESIAN_POINT('',(15.5045891561771,64.,6.97192334281987));
#7849=CARTESIAN_POINT('',(8.42142506311798,64.,1.05610849118818));
#7850=CARTESIAN_POINT('',(15.5045891561771,62.5,6.97192334281987));
#7851=CARTESIAN_POINT('Origin',(15.5146837833356,39.,-6.94943070352245));
#7852=CARTESIAN_POINT('',(15.514683783337,62.5,-6.94943070352245));
#7853=CARTESIAN_POINT('',(7.75734189166871,62.5,-6.94943070352447));
#7854=CARTESIAN_POINT('',(15.514683783337,64.,-6.94943070352245));
#7855=CARTESIAN_POINT('',(15.514683783337,62.5,-6.94943070352245));
#7856=CARTESIAN_POINT('',(7.75734189166871,64.,-6.94943070352447));
#7857=CARTESIAN_POINT('Origin',(0.,62.5,0.));
#7858=CARTESIAN_POINT('Origin',(0.,62.5,0.));
#7859=CARTESIAN_POINT('Origin',(0.,62.5,0.));
#7860=CARTESIAN_POINT('Origin',(0.,64.,0.));
#7861=CARTESIAN_POINT('Origin',(0.,64.,0.));
#7862=CARTESIAN_POINT('Origin',(13.901963137658,39.,5.63342000202375));
#7863=CARTESIAN_POINT('',(15.5045891561771,72.5,6.97192334281987));
#7864=CARTESIAN_POINT('',(8.42142506311798,72.5,1.05610849118818));
#7865=CARTESIAN_POINT('',(15.5045891561771,74.,6.97192334281987));
#7866=CARTESIAN_POINT('',(8.42142506311798,74.,1.05610849118818));
#7867=CARTESIAN_POINT('',(15.5045891561771,72.5,6.97192334281987));
#7868=CARTESIAN_POINT('Origin',(15.5146837833356,39.,-6.94943070352245));
#7869=CARTESIAN_POINT('',(15.514683783337,72.5,-6.94943070352245));
#7870=CARTESIAN_POINT('',(7.75734189166871,72.5,-6.94943070352447));
#7871=CARTESIAN_POINT('',(15.514683783337,74.,-6.94943070352245));
#7872=CARTESIAN_POINT('',(15.514683783337,72.5,-6.94943070352245));
#7873=CARTESIAN_POINT('',(7.75734189166871,74.,-6.94943070352447));
#7874=CARTESIAN_POINT('Origin',(0.,72.5,0.));
#7875=CARTESIAN_POINT('Origin',(0.,72.5,0.));
#7876=CARTESIAN_POINT('Origin',(0.,72.5,0.));
#7877=CARTESIAN_POINT('Origin',(0.,74.,0.));
#7878=CARTESIAN_POINT('Origin',(0.,74.,0.));
#7879=CARTESIAN_POINT('Origin',(13.901963137658,39.,5.63342000202375));
#7880=CARTESIAN_POINT('',(15.5045891561771,55.,6.97192334281987));
#7881=CARTESIAN_POINT('',(8.42142506311798,55.,1.05610849118818));
#7882=CARTESIAN_POINT('',(15.5045891561771,56.5,6.97192334281987));
#7883=CARTESIAN_POINT('',(8.42142506311798,56.5,1.05610849118818));
#7884=CARTESIAN_POINT('',(15.5045891561771,55.,6.97192334281987));
#7885=CARTESIAN_POINT('Origin',(15.5146837833356,39.,-6.94943070352245));
#7886=CARTESIAN_POINT('',(15.514683783337,55.,-6.94943070352245));
#7887=CARTESIAN_POINT('',(7.75734189166871,55.,-6.94943070352447));
#7888=CARTESIAN_POINT('',(15.514683783337,56.5,-6.94943070352245));
#7889=CARTESIAN_POINT('',(15.514683783337,55.,-6.94943070352245));
#7890=CARTESIAN_POINT('',(7.75734189166871,56.5,-6.94943070352447));
#7891=CARTESIAN_POINT('Origin',(0.,55.,0.));
#7892=CARTESIAN_POINT('Origin',(0.,55.,0.));
#7893=CARTESIAN_POINT('Origin',(0.,55.,0.));
#7894=CARTESIAN_POINT('Origin',(0.,56.5,0.));
#7895=CARTESIAN_POINT('Origin',(0.,56.5,0.));
#7896=CARTESIAN_POINT('Origin',(13.901963137658,39.,5.63342000202375));
#7897=CARTESIAN_POINT('',(15.5045891561771,70.,6.97192334281987));
#7898=CARTESIAN_POINT('',(8.42142506311798,70.,1.05610849118818));
#7899=CARTESIAN_POINT('',(15.5045891561771,71.5,6.97192334281987));
#7900=CARTESIAN_POINT('',(8.42142506311798,71.5,1.05610849118818));
#7901=CARTESIAN_POINT('',(15.5045891561771,70.,6.97192334281987));
#7902=CARTESIAN_POINT('Origin',(15.5146837833356,39.,-6.94943070352245));
#7903=CARTESIAN_POINT('',(15.514683783337,70.,-6.94943070352245));
#7904=CARTESIAN_POINT('',(7.75734189166871,70.,-6.94943070352447));
#7905=CARTESIAN_POINT('',(15.514683783337,71.5,-6.94943070352245));
#7906=CARTESIAN_POINT('',(15.514683783337,70.,-6.94943070352245));
#7907=CARTESIAN_POINT('',(7.75734189166871,71.5,-6.94943070352447));
#7908=CARTESIAN_POINT('Origin',(0.,70.,0.));
#7909=CARTESIAN_POINT('Origin',(0.,70.,0.));
#7910=CARTESIAN_POINT('Origin',(0.,70.,0.));
#7911=CARTESIAN_POINT('Origin',(0.,71.5,0.));
#7912=CARTESIAN_POINT('Origin',(0.,71.5,0.));
#7913=CARTESIAN_POINT('Origin',(13.901963137658,39.,5.63342000202375));
#7914=CARTESIAN_POINT('',(15.5045891561771,60.,6.97192334281987));
#7915=CARTESIAN_POINT('',(8.42142506311798,60.,1.05610849118818));
#7916=CARTESIAN_POINT('',(15.5045891561771,61.5,6.97192334281987));
#7917=CARTESIAN_POINT('',(8.42142506311798,61.5,1.05610849118818));
#7918=CARTESIAN_POINT('',(15.5045891561771,60.,6.97192334281987));
#7919=CARTESIAN_POINT('Origin',(15.5146837833356,39.,-6.94943070352245));
#7920=CARTESIAN_POINT('',(15.514683783337,60.,-6.94943070352245));
#7921=CARTESIAN_POINT('',(7.75734189166871,60.,-6.94943070352447));
#7922=CARTESIAN_POINT('',(15.514683783337,61.5,-6.94943070352245));
#7923=CARTESIAN_POINT('',(15.514683783337,60.,-6.94943070352245));
#7924=CARTESIAN_POINT('',(7.75734189166871,61.5,-6.94943070352447));
#7925=CARTESIAN_POINT('Origin',(0.,60.,0.));
#7926=CARTESIAN_POINT('Origin',(0.,60.,0.));
#7927=CARTESIAN_POINT('Origin',(0.,60.,0.));
#7928=CARTESIAN_POINT('Origin',(0.,61.5,0.));
#7929=CARTESIAN_POINT('Origin',(0.,61.5,0.));
#7930=CARTESIAN_POINT('Origin',(0.,120.,0.));
#7931=CARTESIAN_POINT('',(-17.,121.5,-2.0818995585505E-15));
#7932=CARTESIAN_POINT('Origin',(0.,121.5,0.));
#7933=CARTESIAN_POINT('',(-17.,120.,-2.0818995585505E-15));
#7934=CARTESIAN_POINT('',(-17.,120.,2.0818995585505E-15));
#7935=CARTESIAN_POINT('Origin',(0.,120.,0.));
#7936=CARTESIAN_POINT('Origin',(0.,120.,0.));
#7937=CARTESIAN_POINT('',(-15.,120.,-1.83697019872103E-15));
#7938=CARTESIAN_POINT('Origin',(0.,120.,0.));
#7939=CARTESIAN_POINT('Origin',(0.,121.5,0.));
#7940=CARTESIAN_POINT('',(-15.,121.5,-1.83697019872103E-15));
#7941=CARTESIAN_POINT('Origin',(0.,121.5,0.));
#7942=CARTESIAN_POINT('Origin',(0.,0.,0.));
#7943=CARTESIAN_POINT('',(-15.,122.5,-1.83697019872103E-15));
#7944=CARTESIAN_POINT('Origin',(0.,122.5,0.));
#7945=CARTESIAN_POINT('',(-15.,0.,1.83697019872103E-15));
#7946=CARTESIAN_POINT('Origin',(0.,122.5,0.));
#7947=CARTESIAN_POINT('',(-17.,124.,-2.0818995585505E-15));
#7948=CARTESIAN_POINT('Origin',(0.,124.,0.));
#7949=CARTESIAN_POINT('',(-17.,122.5,-2.0818995585505E-15));
#7950=CARTESIAN_POINT('',(-17.,122.5,2.0818995585505E-15));
#7951=CARTESIAN_POINT('Origin',(0.,122.5,0.));
#7952=CARTESIAN_POINT('Origin',(0.,122.5,0.));
#7953=CARTESIAN_POINT('Origin',(0.,124.,0.));
#7954=CARTESIAN_POINT('',(-15.,124.,-1.83697019872103E-15));
#7955=CARTESIAN_POINT('Origin',(0.,124.,0.));
#7956=CARTESIAN_POINT('Origin',(0.,0.,0.));
#7957=CARTESIAN_POINT('',(-15.,125.,1.83697019872103E-15));
#7958=CARTESIAN_POINT('Origin',(0.,125.,0.));
#7959=CARTESIAN_POINT('',(-15.,0.,1.83697019872103E-15));
#7960=CARTESIAN_POINT('Origin',(0.,117.5,0.));
#7961=CARTESIAN_POINT('',(-17.,119.,-2.0818995585505E-15));
#7962=CARTESIAN_POINT('Origin',(0.,119.,0.));
#7963=CARTESIAN_POINT('',(-17.,117.5,-2.0818995585505E-15));
#7964=CARTESIAN_POINT('',(-17.,117.5,2.0818995585505E-15));
#7965=CARTESIAN_POINT('Origin',(0.,117.5,0.));
#7966=CARTESIAN_POINT('Origin',(0.,117.5,0.));
#7967=CARTESIAN_POINT('',(-15.,117.5,-1.83697019872103E-15));
#7968=CARTESIAN_POINT('Origin',(0.,117.5,0.));
#7969=CARTESIAN_POINT('Origin',(0.,119.,0.));
#7970=CARTESIAN_POINT('',(-15.,119.,-1.83697019872103E-15));
#7971=CARTESIAN_POINT('Origin',(0.,119.,0.));
#7972=CARTESIAN_POINT('Origin',(0.,0.,0.));
#7973=CARTESIAN_POINT('',(-15.,0.,1.83697019872103E-15));
#7974=CARTESIAN_POINT('Origin',(0.,115.,0.));
#7975=CARTESIAN_POINT('',(-17.,116.5,-2.0818995585505E-15));
#7976=CARTESIAN_POINT('Origin',(0.,116.5,0.));
#7977=CARTESIAN_POINT('',(-17.,115.,-2.0818995585505E-15));
#7978=CARTESIAN_POINT('',(-17.,115.,2.0818995585505E-15));
#7979=CARTESIAN_POINT('Origin',(0.,115.,0.));
#7980=CARTESIAN_POINT('Origin',(0.,115.,0.));
#7981=CARTESIAN_POINT('',(-15.,115.,-1.83697019872103E-15));
#7982=CARTESIAN_POINT('Origin',(0.,115.,0.));
#7983=CARTESIAN_POINT('Origin',(0.,116.5,0.));
#7984=CARTESIAN_POINT('',(-15.,116.5,-1.83697019872103E-15));
#7985=CARTESIAN_POINT('Origin',(0.,116.5,0.));
#7986=CARTESIAN_POINT('Origin',(0.,0.,0.));
#7987=CARTESIAN_POINT('',(-15.,0.,1.83697019872103E-15));
#7988=CARTESIAN_POINT('Origin',(0.,110.,0.));
#7989=CARTESIAN_POINT('',(-17.,111.5,-2.0818995585505E-15));
#7990=CARTESIAN_POINT('Origin',(0.,111.5,0.));
#7991=CARTESIAN_POINT('',(-17.,110.,-2.0818995585505E-15));
#7992=CARTESIAN_POINT('',(-17.,110.,2.0818995585505E-15));
#7993=CARTESIAN_POINT('Origin',(0.,110.,0.));
#7994=CARTESIAN_POINT('Origin',(0.,110.,0.));
#7995=CARTESIAN_POINT('',(-15.,110.,-1.83697019872103E-15));
#7996=CARTESIAN_POINT('Origin',(0.,110.,0.));
#7997=CARTESIAN_POINT('Origin',(0.,111.5,0.));
#7998=CARTESIAN_POINT('',(-15.,111.5,-1.83697019872103E-15));
#7999=CARTESIAN_POINT('Origin',(0.,111.5,0.));
#8000=CARTESIAN_POINT('Origin',(0.,0.,0.));
#8001=CARTESIAN_POINT('',(-15.,112.5,-1.83697019872103E-15));
#8002=CARTESIAN_POINT('Origin',(0.,112.5,0.));
#8003=CARTESIAN_POINT('',(-15.,0.,1.83697019872103E-15));
#8004=CARTESIAN_POINT('Origin',(0.,105.,0.));
#8005=CARTESIAN_POINT('',(-17.,106.5,-2.0818995585505E-15));
#8006=CARTESIAN_POINT('Origin',(0.,106.5,0.));
#8007=CARTESIAN_POINT('',(-17.,105.,-2.0818995585505E-15));
#8008=CARTESIAN_POINT('',(-17.,105.,2.0818995585505E-15));
#8009=CARTESIAN_POINT('Origin',(0.,105.,0.));
#8010=CARTESIAN_POINT('Origin',(0.,105.,0.));
#8011=CARTESIAN_POINT('',(-15.,105.,-1.83697019872103E-15));
#8012=CARTESIAN_POINT('Origin',(0.,105.,0.));
#8013=CARTESIAN_POINT('Origin',(0.,106.5,0.));
#8014=CARTESIAN_POINT('',(-15.,106.5,-1.83697019872103E-15));
#8015=CARTESIAN_POINT('Origin',(0.,106.5,0.));
#8016=CARTESIAN_POINT('Origin',(0.,0.,0.));
#8017=CARTESIAN_POINT('',(-15.,107.5,-1.83697019872103E-15));
#8018=CARTESIAN_POINT('Origin',(0.,107.5,0.));
#8019=CARTESIAN_POINT('',(-15.,0.,1.83697019872103E-15));
#8020=CARTESIAN_POINT('Origin',(0.,95.,0.));
#8021=CARTESIAN_POINT('',(-17.,96.5,-2.0818995585505E-15));
#8022=CARTESIAN_POINT('Origin',(0.,96.5,0.));
#8023=CARTESIAN_POINT('',(-17.,95.,-2.0818995585505E-15));
#8024=CARTESIAN_POINT('',(-17.,95.,2.0818995585505E-15));
#8025=CARTESIAN_POINT('Origin',(0.,95.,0.));
#8026=CARTESIAN_POINT('Origin',(0.,95.,0.));
#8027=CARTESIAN_POINT('',(-15.,95.,-1.83697019872103E-15));
#8028=CARTESIAN_POINT('Origin',(0.,95.,0.));
#8029=CARTESIAN_POINT('Origin',(0.,96.5,0.));
#8030=CARTESIAN_POINT('',(-15.,96.5,-1.83697019872103E-15));
#8031=CARTESIAN_POINT('Origin',(0.,96.5,0.));
#8032=CARTESIAN_POINT('Origin',(0.,0.,0.));
#8033=CARTESIAN_POINT('',(-15.,97.5,-1.83697019872103E-15));
#8034=CARTESIAN_POINT('Origin',(0.,97.5,0.));
#8035=CARTESIAN_POINT('',(-15.,0.,1.83697019872103E-15));
#8036=CARTESIAN_POINT('Origin',(0.,100.,0.));
#8037=CARTESIAN_POINT('',(-17.,101.5,-2.0818995585505E-15));
#8038=CARTESIAN_POINT('Origin',(0.,101.5,0.));
#8039=CARTESIAN_POINT('',(-17.,100.,-2.0818995585505E-15));
#8040=CARTESIAN_POINT('',(-17.,100.,2.0818995585505E-15));
#8041=CARTESIAN_POINT('Origin',(0.,100.,0.));
#8042=CARTESIAN_POINT('Origin',(0.,100.,0.));
#8043=CARTESIAN_POINT('',(-15.,100.,-1.83697019872103E-15));
#8044=CARTESIAN_POINT('Origin',(0.,100.,0.));
#8045=CARTESIAN_POINT('Origin',(0.,101.5,0.));
#8046=CARTESIAN_POINT('',(-15.,101.5,-1.83697019872103E-15));
#8047=CARTESIAN_POINT('Origin',(0.,101.5,0.));
#8048=CARTESIAN_POINT('Origin',(0.,0.,0.));
#8049=CARTESIAN_POINT('',(-15.,102.5,-1.83697019872103E-15));
#8050=CARTESIAN_POINT('Origin',(0.,102.5,0.));
#8051=CARTESIAN_POINT('',(-15.,0.,1.83697019872103E-15));
#8052=CARTESIAN_POINT('Origin',(0.,102.5,0.));
#8053=CARTESIAN_POINT('',(-17.,104.,-2.0818995585505E-15));
#8054=CARTESIAN_POINT('Origin',(0.,104.,0.));
#8055=CARTESIAN_POINT('',(-17.,102.5,-2.0818995585505E-15));
#8056=CARTESIAN_POINT('',(-17.,102.5,2.0818995585505E-15));
#8057=CARTESIAN_POINT('Origin',(0.,102.5,0.));
#8058=CARTESIAN_POINT('Origin',(0.,102.5,0.));
#8059=CARTESIAN_POINT('Origin',(0.,104.,0.));
#8060=CARTESIAN_POINT('',(-15.,104.,-1.83697019872103E-15));
#8061=CARTESIAN_POINT('Origin',(0.,104.,0.));
#8062=CARTESIAN_POINT('Origin',(0.,0.,0.));
#8063=CARTESIAN_POINT('',(-15.,0.,1.83697019872103E-15));
#8064=CARTESIAN_POINT('Origin',(0.,97.5,0.));
#8065=CARTESIAN_POINT('',(-17.,99.,-2.0818995585505E-15));
#8066=CARTESIAN_POINT('Origin',(0.,99.,0.));
#8067=CARTESIAN_POINT('',(-17.,97.5,-2.0818995585505E-15));
#8068=CARTESIAN_POINT('',(-17.,97.5,2.0818995585505E-15));
#8069=CARTESIAN_POINT('Origin',(0.,97.5,0.));
#8070=CARTESIAN_POINT('Origin',(0.,97.5,0.));
#8071=CARTESIAN_POINT('Origin',(0.,99.,0.));
#8072=CARTESIAN_POINT('',(-15.,99.,-1.83697019872103E-15));
#8073=CARTESIAN_POINT('Origin',(0.,99.,0.));
#8074=CARTESIAN_POINT('Origin',(0.,0.,0.));
#8075=CARTESIAN_POINT('',(-15.,0.,1.83697019872103E-15));
#8076=CARTESIAN_POINT('Origin',(0.,107.5,0.));
#8077=CARTESIAN_POINT('',(-17.,109.,-2.0818995585505E-15));
#8078=CARTESIAN_POINT('Origin',(0.,109.,0.));
#8079=CARTESIAN_POINT('',(-17.,107.5,-2.0818995585505E-15));
#8080=CARTESIAN_POINT('',(-17.,107.5,2.0818995585505E-15));
#8081=CARTESIAN_POINT('Origin',(0.,107.5,0.));
#8082=CARTESIAN_POINT('Origin',(0.,107.5,0.));
#8083=CARTESIAN_POINT('Origin',(0.,109.,0.));
#8084=CARTESIAN_POINT('',(-15.,109.,-1.83697019872103E-15));
#8085=CARTESIAN_POINT('Origin',(0.,109.,0.));
#8086=CARTESIAN_POINT('Origin',(0.,0.,0.));
#8087=CARTESIAN_POINT('',(-15.,0.,1.83697019872103E-15));
#8088=CARTESIAN_POINT('Origin',(0.,112.5,0.));
#8089=CARTESIAN_POINT('',(-17.,114.,-2.0818995585505E-15));
#8090=CARTESIAN_POINT('Origin',(0.,114.,0.));
#8091=CARTESIAN_POINT('',(-17.,112.5,-2.0818995585505E-15));
#8092=CARTESIAN_POINT('',(-17.,112.5,2.0818995585505E-15));
#8093=CARTESIAN_POINT('Origin',(0.,112.5,0.));
#8094=CARTESIAN_POINT('Origin',(0.,112.5,0.));
#8095=CARTESIAN_POINT('Origin',(0.,114.,0.));
#8096=CARTESIAN_POINT('',(-15.,114.,-1.83697019872103E-15));
#8097=CARTESIAN_POINT('Origin',(0.,114.,0.));
#8098=CARTESIAN_POINT('Origin',(0.,0.,0.));
#8099=CARTESIAN_POINT('',(-15.,0.,1.83697019872103E-15));
#8100=CARTESIAN_POINT('Origin',(0.,12.5,0.));
#8101=CARTESIAN_POINT('',(-17.,14.,-2.0818995585505E-15));
#8102=CARTESIAN_POINT('Origin',(0.,14.,0.));
#8103=CARTESIAN_POINT('',(-17.,12.5,-2.0818995585505E-15));
#8104=CARTESIAN_POINT('',(-17.,12.5,2.0818995585505E-15));
#8105=CARTESIAN_POINT('Origin',(0.,12.5,0.));
#8106=CARTESIAN_POINT('Origin',(0.,12.5,0.));
#8107=CARTESIAN_POINT('Origin',(0.,14.,0.));
#8108=CARTESIAN_POINT('',(-15.,14.,-1.83697019872103E-15));
#8109=CARTESIAN_POINT('Origin',(0.,14.,0.));
#8110=CARTESIAN_POINT('Origin',(0.,0.,0.));
#8111=CARTESIAN_POINT('',(-15.,0.,1.83697019872103E-15));
#8112=CARTESIAN_POINT('Origin',(0.,90.,0.));
#8113=CARTESIAN_POINT('',(-17.,91.5,-2.0818995585505E-15));
#8114=CARTESIAN_POINT('Origin',(0.,91.5,0.));
#8115=CARTESIAN_POINT('',(-17.,90.,-2.0818995585505E-15));
#8116=CARTESIAN_POINT('',(-17.,90.,2.0818995585505E-15));
#8117=CARTESIAN_POINT('Origin',(0.,90.,0.));
#8118=CARTESIAN_POINT('Origin',(0.,90.,0.));
#8119=CARTESIAN_POINT('',(-15.,90.,-1.83697019872103E-15));
#8120=CARTESIAN_POINT('Origin',(0.,90.,0.));
#8121=CARTESIAN_POINT('Origin',(0.,91.5,0.));
#8122=CARTESIAN_POINT('',(-15.,91.5,-1.83697019872103E-15));
#8123=CARTESIAN_POINT('Origin',(0.,91.5,0.));
#8124=CARTESIAN_POINT('Origin',(0.,0.,0.));
#8125=CARTESIAN_POINT('',(-15.,92.5,-1.83697019872103E-15));
#8126=CARTESIAN_POINT('Origin',(0.,92.5,0.));
#8127=CARTESIAN_POINT('',(-15.,0.,1.83697019872103E-15));
#8128=CARTESIAN_POINT('Origin',(0.,92.5,0.));
#8129=CARTESIAN_POINT('',(-17.,94.,-2.0818995585505E-15));
#8130=CARTESIAN_POINT('Origin',(0.,94.,0.));
#8131=CARTESIAN_POINT('',(-17.,92.5,-2.0818995585505E-15));
#8132=CARTESIAN_POINT('',(-17.,92.5,2.0818995585505E-15));
#8133=CARTESIAN_POINT('Origin',(0.,92.5,0.));
#8134=CARTESIAN_POINT('Origin',(0.,92.5,0.));
#8135=CARTESIAN_POINT('Origin',(0.,94.,0.));
#8136=CARTESIAN_POINT('',(-15.,94.,-1.83697019872103E-15));
#8137=CARTESIAN_POINT('Origin',(0.,94.,0.));
#8138=CARTESIAN_POINT('Origin',(0.,0.,0.));
#8139=CARTESIAN_POINT('',(-15.,0.,1.83697019872103E-15));
#8140=CARTESIAN_POINT('Origin',(0.,85.,0.));
#8141=CARTESIAN_POINT('',(-17.,86.5,-2.0818995585505E-15));
#8142=CARTESIAN_POINT('Origin',(0.,86.5,0.));
#8143=CARTESIAN_POINT('',(-17.,85.,-2.0818995585505E-15));
#8144=CARTESIAN_POINT('',(-17.,85.,2.0818995585505E-15));
#8145=CARTESIAN_POINT('Origin',(0.,85.,0.));
#8146=CARTESIAN_POINT('Origin',(0.,85.,0.));
#8147=CARTESIAN_POINT('Origin',(0.,86.5,0.));
#8148=CARTESIAN_POINT('',(-15.,86.5,-1.83697019872103E-15));
#8149=CARTESIAN_POINT('Origin',(0.,86.5,0.));
#8150=CARTESIAN_POINT('Origin',(0.,0.,0.));
#8151=CARTESIAN_POINT('',(-15.,87.5,-1.83697019872103E-15));
#8152=CARTESIAN_POINT('Origin',(0.,87.5,0.));
#8153=CARTESIAN_POINT('',(-15.,0.,1.83697019872103E-15));
#8154=CARTESIAN_POINT('Origin',(13.901963137658,39.,5.63342000202375));
#8155=CARTESIAN_POINT('',(15.5045891561771,77.5,6.97192334281987));
#8156=CARTESIAN_POINT('',(8.42142506311798,77.5,1.05610849118818));
#8157=CARTESIAN_POINT('',(15.5045891561771,79.,6.97192334281987));
#8158=CARTESIAN_POINT('',(8.42142506311798,79.,1.05610849118818));
#8159=CARTESIAN_POINT('',(15.5045891561771,77.5,6.97192334281987));
#8160=CARTESIAN_POINT('Origin',(15.5146837833356,39.,-6.94943070352245));
#8161=CARTESIAN_POINT('',(15.514683783337,77.5,-6.94943070352245));
#8162=CARTESIAN_POINT('',(7.75734189166871,77.5,-6.94943070352447));
#8163=CARTESIAN_POINT('',(15.514683783337,79.,-6.94943070352245));
#8164=CARTESIAN_POINT('',(15.514683783337,77.5,-6.94943070352245));
#8165=CARTESIAN_POINT('',(7.75734189166871,79.,-6.94943070352447));
#8166=CARTESIAN_POINT('Origin',(0.,77.5,0.));
#8167=CARTESIAN_POINT('Origin',(0.,77.5,0.));
#8168=CARTESIAN_POINT('Origin',(0.,77.5,0.));
#8169=CARTESIAN_POINT('Origin',(0.,79.,0.));
#8170=CARTESIAN_POINT('Origin',(0.,79.,0.));
#8171=CARTESIAN_POINT('Origin',(13.901963137658,39.,5.63342000202375));
#8172=CARTESIAN_POINT('',(15.5045891561771,82.5,6.97192334281987));
#8173=CARTESIAN_POINT('',(8.42142506311798,82.5,1.05610849118818));
#8174=CARTESIAN_POINT('',(15.5045891561771,84.,6.97192334281987));
#8175=CARTESIAN_POINT('',(8.42142506311798,84.,1.05610849118818));
#8176=CARTESIAN_POINT('',(15.5045891561771,82.5,6.97192334281987));
#8177=CARTESIAN_POINT('Origin',(15.5146837833356,39.,-6.94943070352245));
#8178=CARTESIAN_POINT('',(15.514683783337,82.5,-6.94943070352245));
#8179=CARTESIAN_POINT('',(7.75734189166871,82.5,-6.94943070352447));
#8180=CARTESIAN_POINT('',(15.514683783337,84.,-6.94943070352245));
#8181=CARTESIAN_POINT('',(15.514683783337,82.5,-6.94943070352245));
#8182=CARTESIAN_POINT('',(7.75734189166871,84.,-6.94943070352447));
#8183=CARTESIAN_POINT('Origin',(0.,82.5,0.));
#8184=CARTESIAN_POINT('Origin',(0.,82.5,0.));
#8185=CARTESIAN_POINT('Origin',(0.,82.5,0.));
#8186=CARTESIAN_POINT('Origin',(0.,84.,0.));
#8187=CARTESIAN_POINT('Origin',(0.,84.,0.));
#8188=CARTESIAN_POINT('Origin',(13.901963137658,39.,5.63342000202375));
#8189=CARTESIAN_POINT('',(15.5045891561771,80.,6.97192334281987));
#8190=CARTESIAN_POINT('',(8.42142506311798,80.,1.05610849118818));
#8191=CARTESIAN_POINT('',(15.5045891561771,81.5,6.97192334281987));
#8192=CARTESIAN_POINT('',(8.42142506311798,81.5,1.05610849118818));
#8193=CARTESIAN_POINT('',(15.5045891561771,80.,6.97192334281987));
#8194=CARTESIAN_POINT('Origin',(15.5146837833356,39.,-6.94943070352245));
#8195=CARTESIAN_POINT('',(15.514683783337,80.,-6.94943070352245));
#8196=CARTESIAN_POINT('',(7.75734189166871,80.,-6.94943070352447));
#8197=CARTESIAN_POINT('',(15.514683783337,81.5,-6.94943070352245));
#8198=CARTESIAN_POINT('',(15.514683783337,80.,-6.94943070352245));
#8199=CARTESIAN_POINT('',(7.75734189166871,81.5,-6.94943070352447));
#8200=CARTESIAN_POINT('Origin',(0.,80.,0.));
#8201=CARTESIAN_POINT('Origin',(0.,80.,0.));
#8202=CARTESIAN_POINT('Origin',(0.,80.,0.));
#8203=CARTESIAN_POINT('Origin',(0.,81.5,0.));
#8204=CARTESIAN_POINT('Origin',(0.,81.5,0.));
#8205=CARTESIAN_POINT('Origin',(0.,87.5,0.));
#8206=CARTESIAN_POINT('',(-17.,89.,-2.0818995585505E-15));
#8207=CARTESIAN_POINT('Origin',(0.,89.,0.));
#8208=CARTESIAN_POINT('',(-17.,87.5,-2.0818995585505E-15));
#8209=CARTESIAN_POINT('',(-17.,87.5,2.0818995585505E-15));
#8210=CARTESIAN_POINT('Origin',(0.,87.5,0.));
#8211=CARTESIAN_POINT('Origin',(0.,87.5,0.));
#8212=CARTESIAN_POINT('Origin',(0.,89.,0.));
#8213=CARTESIAN_POINT('',(-15.,89.,-1.83697019872103E-15));
#8214=CARTESIAN_POINT('Origin',(0.,89.,0.));
#8215=CARTESIAN_POINT('Origin',(0.,0.,0.));
#8216=CARTESIAN_POINT('',(-15.,0.,1.83697019872103E-15));
#8217=CARTESIAN_POINT('Origin',(13.901963137658,39.,5.63342000202375));
#8218=CARTESIAN_POINT('',(15.5045891561771,75.,6.97192334281987));
#8219=CARTESIAN_POINT('',(8.42142506311798,75.,1.05610849118818));
#8220=CARTESIAN_POINT('',(15.5045891561771,76.5,6.97192334281987));
#8221=CARTESIAN_POINT('',(8.42142506311798,76.5,1.05610849118818));
#8222=CARTESIAN_POINT('',(15.5045891561771,75.,6.97192334281987));
#8223=CARTESIAN_POINT('Origin',(15.5146837833356,39.,-6.94943070352245));
#8224=CARTESIAN_POINT('',(15.514683783337,75.,-6.94943070352245));
#8225=CARTESIAN_POINT('',(7.75734189166871,75.,-6.94943070352447));
#8226=CARTESIAN_POINT('',(15.514683783337,76.5,-6.94943070352245));
#8227=CARTESIAN_POINT('',(15.514683783337,75.,-6.94943070352245));
#8228=CARTESIAN_POINT('',(7.75734189166871,76.5,-6.94943070352447));
#8229=CARTESIAN_POINT('Origin',(0.,75.,0.));
#8230=CARTESIAN_POINT('Origin',(0.,75.,0.));
#8231=CARTESIAN_POINT('Origin',(0.,75.,0.));
#8232=CARTESIAN_POINT('Origin',(0.,76.5,0.));
#8233=CARTESIAN_POINT('Origin',(0.,76.5,0.));
#8234=CARTESIAN_POINT('Origin',(0.,1.5,0.));
#8235=CARTESIAN_POINT('',(-15.,1.5,-1.83697019872103E-15));
#8236=CARTESIAN_POINT('Origin',(0.,1.5,0.));
#8237=CARTESIAN_POINT('Origin',(0.,0.,0.));
#8238=CARTESIAN_POINT('',(16.5865030646518,56.9338395446539,-3.72664944505073));
#8239=CARTESIAN_POINT('',(16.9775597129234,57.554571852088,-0.873193102423746));
#8240=CARTESIAN_POINT('Ctrl Pts',(16.5865030646518,56.9338395446539,-3.72664944505073));
#8241=CARTESIAN_POINT('Ctrl Pts',(16.66488786734,57.1132785567706,-3.37777580153256));
#8242=CARTESIAN_POINT('Ctrl Pts',(16.8341728603622,57.5577466330101,-2.50790013660133));
#8243=CARTESIAN_POINT('Ctrl Pts',(16.9460872086092,57.5557577754254,-1.48511539066255));
#8244=CARTESIAN_POINT('Ctrl Pts',(16.9775597129234,57.554571852088,-0.873193102423746));
#8245=CARTESIAN_POINT('',(16.4060362007376,54.8533465713263,-4.45443331750372));
#8246=CARTESIAN_POINT('Ctrl Pts',(16.4060362007376,54.8533465713263,-4.45443331750372));
#8247=CARTESIAN_POINT('Ctrl Pts',(16.4089297219811,55.2858204355637,-4.44377624602358));
#8248=CARTESIAN_POINT('Ctrl Pts',(16.4161764775631,56.0501229319521,-4.42550989222463));
#8249=CARTESIAN_POINT('Ctrl Pts',(16.5387669161892,56.6663145495444,-3.93911261993319));
#8250=CARTESIAN_POINT('Ctrl Pts',(16.5865030646518,56.9338395446539,-3.72664944505073));
#8251=CARTESIAN_POINT('',(16.501212897236,53.4106423705816,-4.08778337489792));
#8252=CARTESIAN_POINT('Ctrl Pts',(16.501212897236,53.4106423705816,-4.08778337489792));
#8253=CARTESIAN_POINT('Ctrl Pts',(16.4746713338036,53.6258882635848,-4.19492407895608));
#8254=CARTESIAN_POINT('Ctrl Pts',(16.4152664078457,54.0838088404272,-4.42211548152524));
#8255=CARTESIAN_POINT('Ctrl Pts',(16.4090863386071,54.5867913488907,-4.44319941439253));
#8256=CARTESIAN_POINT('Ctrl Pts',(16.4060362007376,54.8533465713263,-4.45443331750372));
#8257=CARTESIAN_POINT('',(16.7271671732829,52.5784470885992,-3.03345979980736));
#8258=CARTESIAN_POINT('Ctrl Pts',(16.7271671732829,52.5784470885992,-3.03345979980736));
#8259=CARTESIAN_POINT('Ctrl Pts',(16.6878704076399,52.6742551999906,-3.25015084292625));
#8260=CARTESIAN_POINT('Ctrl Pts',(16.59892883264,52.8670482450116,-3.68434996364654));
#8261=CARTESIAN_POINT('Ctrl Pts',(16.534616436122,53.2287084623,-3.95294283758771));
#8262=CARTESIAN_POINT('Ctrl Pts',(16.501212897236,53.4106423705816,-4.08778337489792));
#8263=CARTESIAN_POINT('',(16.9775597129234,52.3362901061773,-0.873193102423746));
#8264=CARTESIAN_POINT('Ctrl Pts',(16.9775597129234,52.3362901061773,-0.873193102423746));
#8265=CARTESIAN_POINT('Ctrl Pts',(16.9554497642131,52.3376352192364,-1.30307851200533));
#8266=CARTESIAN_POINT('Ctrl Pts',(16.8890519442245,52.3399411213338,-2.03851873946614));
#8267=CARTESIAN_POINT('Ctrl Pts',(16.7800606566578,52.5082984551922,-2.741793452739));
#8268=CARTESIAN_POINT('Ctrl Pts',(16.7271671732829,52.5784470885992,-3.03345979980736));
#8269=CARTESIAN_POINT('',(16.0642676452978,52.3362901061773,5.56231112220789));
#8270=CARTESIAN_POINT('Origin',(0.,52.3362901061773,0.));
#8271=CARTESIAN_POINT('',(16.0642676452978,51.0129620879889,5.56231112220789));
#8272=CARTESIAN_POINT('',(16.0642676452978,51.0129620879889,5.56231112220789));
#8273=CARTESIAN_POINT('',(16.9771608784617,51.0129620879889,-0.880913450248321));
#8274=CARTESIAN_POINT('Origin',(0.,51.0129620879889,0.));
#8275=CARTESIAN_POINT('',(16.594094641194,51.3949563354254,-3.69269861200424));
#8276=CARTESIAN_POINT('Ctrl Pts',(16.594094641194,51.3949563354254,-3.69269861200424));
#8277=CARTESIAN_POINT('Ctrl Pts',(16.6825389960212,51.2839424466308,-3.2952510678933));
#8278=CARTESIAN_POINT('Ctrl Pts',(16.8516283447036,51.0320520368241,-2.38635663223111));
#8279=CARTESIAN_POINT('Ctrl Pts',(16.9490953731747,51.0198092163166,-1.42179814017966));
#8280=CARTESIAN_POINT('Ctrl Pts',(16.9771608784617,51.0129620879889,-0.880913450248321));
#8281=CARTESIAN_POINT('',(16.1771007406825,52.6705338805914,-5.22507527465486));
#8282=CARTESIAN_POINT('Ctrl Pts',(16.1771007406825,52.6705338805914,-5.22507527465486));
#8283=CARTESIAN_POINT('Ctrl Pts',(16.239292345568,52.3943854456875,-5.03252687973759));
#8284=CARTESIAN_POINT('Ctrl Pts',(16.3587292459259,51.8454515128118,-4.6483207152966));
#8285=CARTESIAN_POINT('Ctrl Pts',(16.5231306862964,51.544506834883,-4.01159346571775));
#8286=CARTESIAN_POINT('Ctrl Pts',(16.594094641194,51.3949563354254,-3.69269861200424));
#8287=CARTESIAN_POINT('',(15.9999952573542,54.9693085998297,-5.74457585593938));
#8288=CARTESIAN_POINT('Ctrl Pts',(15.9999952573542,54.9693085998297,-5.74457585593938));
#8289=CARTESIAN_POINT('Ctrl Pts',(16.0047693403583,54.5373641618363,-5.73127891159756));
#8290=CARTESIAN_POINT('Ctrl Pts',(16.0145264218408,53.740427893777,-5.70708291551203));
#8291=CARTESIAN_POINT('Ctrl Pts',(16.1279872965697,53.0066154113499,-5.37713301380138));
#8292=CARTESIAN_POINT('Ctrl Pts',(16.1771007406825,52.6705338805914,-5.22507527465486));
#8293=CARTESIAN_POINT('',(16.2018662001552,57.3055960983038,-5.14776957839687));
#8294=CARTESIAN_POINT('Ctrl Pts',(16.2018662001552,57.3055960983038,-5.14776957839686));
#8295=CARTESIAN_POINT('Ctrl Pts',(16.1463234824763,56.9682698041742,-5.32258231360627));
#8296=CARTESIAN_POINT('Ctrl Pts',(16.016815824182,56.2316188205122,-5.70165518232736));
#8297=CARTESIAN_POINT('Ctrl Pts',(16.0054682570813,55.4130431346989,-5.72933226409326));
#8298=CARTESIAN_POINT('Ctrl Pts',(15.9999952573542,54.9693085998297,-5.74457585593938));
#8299=CARTESIAN_POINT('',(16.6213348696486,58.5368373245001,-3.56808452128088));
#8300=CARTESIAN_POINT('Ctrl Pts',(16.6213348696486,58.5368373245001,-3.56808452128088));
#8301=CARTESIAN_POINT('Ctrl Pts',(16.5537446652269,58.3964588904188,-3.88294237145257));
#8302=CARTESIAN_POINT('Ctrl Pts',(16.3936107933953,58.1079449870385,-4.52533409471819));
#8303=CARTESIAN_POINT('Ctrl Pts',(16.2687609477303,57.5777969455075,-4.93722795775924));
#8304=CARTESIAN_POINT('Ctrl Pts',(16.2018662001552,57.3055960983038,-5.14776957839686));
#8305=CARTESIAN_POINT('',(16.9771608784617,58.877904638648,-0.880913450248321));
#8306=CARTESIAN_POINT('Ctrl Pts',(16.9771608784617,58.877904638648,-0.880913450248321));
#8307=CARTESIAN_POINT('Ctrl Pts',(16.9504892790349,58.8716006212025,-1.39493447493294));
#8308=CARTESIAN_POINT('Ctrl Pts',(16.8600254047692,58.8603050918573,-2.3136657162528));
#8309=CARTESIAN_POINT('Ctrl Pts',(16.7034471819571,58.6359709354273,-3.18557782009116));
#8310=CARTESIAN_POINT('Ctrl Pts',(16.6213348696486,58.5368373245001,-3.56808452128088));
#8311=CARTESIAN_POINT('',(16.0642676452978,58.877904638648,5.56231112220789));
#8312=CARTESIAN_POINT('Origin',(0.,58.877904638648,0.));
#8313=CARTESIAN_POINT('',(16.0642676452978,57.554571852088,5.56231112220789));
#8314=CARTESIAN_POINT('',(16.0642676452978,57.554571852088,5.56231112220789));
#8315=CARTESIAN_POINT('Origin',(0.,57.554571852088,0.));
#8316=CARTESIAN_POINT('Ctrl Pts',(14.635149762928,56.9338395446539,-3.28822009857417));
#8317=CARTESIAN_POINT('Ctrl Pts',(15.2856008635026,56.9338395446539,-3.43436321406636));
#8318=CARTESIAN_POINT('Ctrl Pts',(15.9360519640772,56.9338395446539,-3.58050632955855));
#8319=CARTESIAN_POINT('Ctrl Pts',(16.5865030646518,56.9338395446539,-3.72664944505073));
#8320=CARTESIAN_POINT('Ctrl Pts',(14.7043128241235,57.1132785567706,-2.98039041311696));
#8321=CARTESIAN_POINT('Ctrl Pts',(15.3578204926332,57.1132785567706,-3.11284922501963));
#8322=CARTESIAN_POINT('Ctrl Pts',(16.0113801988303,57.1132785567706,-3.24531698962989));
#8323=CARTESIAN_POINT('Ctrl Pts',(16.66488786734,57.1132785567706,-3.37777580153256));
#8324=CARTESIAN_POINT('Ctrl Pts',(14.8536819356137,57.5577466330101,-2.21285306170706));
#8325=CARTESIAN_POINT('Ctrl Pts',(15.5138433216231,57.5577466330101,-2.31120164424449));
#8326=CARTESIAN_POINT('Ctrl Pts',(16.1740114743527,57.5577466330101,-2.40955155406391));
#8327=CARTESIAN_POINT('Ctrl Pts',(16.8341728603622,57.5577466330101,-2.50790013660133));
#8328=CARTESIAN_POINT('Ctrl Pts',(14.9524298899493,57.5557577754254,-1.31039593293754));
#8329=CARTESIAN_POINT('Ctrl Pts',(15.617013260087,57.5557577754254,-1.36864131214866));
#8330=CARTESIAN_POINT('Ctrl Pts',(16.2815038384715,57.5557577754254,-1.42687001145143));
#8331=CARTESIAN_POINT('Ctrl Pts',(16.9460872086092,57.5557577754254,-1.48511539066255));
#8332=CARTESIAN_POINT('Ctrl Pts',(14.9801997466971,57.554571852088,-0.7704645021386));
#8333=CARTESIAN_POINT('Ctrl Pts',(15.6459864021059,57.554571852088,-0.804707368900315));
#8334=CARTESIAN_POINT('Ctrl Pts',(16.3117730575146,57.554571852088,-0.838950235662031));
#8335=CARTESIAN_POINT('Ctrl Pts',(16.9775597129234,57.554571852088,-0.873193102423746));
#8336=CARTESIAN_POINT('',(14.635149762928,56.9338395446539,-3.28822009857417));
#8337=CARTESIAN_POINT('',(14.9801997466971,57.554571852088,-0.7704645021386));
#8338=CARTESIAN_POINT('Ctrl Pts',(14.4759142947685,54.8533465713263,-3.93038233897387));
#8339=CARTESIAN_POINT('Ctrl Pts',(15.1192882634249,54.8533465713263,-4.10506599848382));
#8340=CARTESIAN_POINT('Ctrl Pts',(15.7626622320812,54.8533465713263,-4.27974965799377));
#8341=CARTESIAN_POINT('Ctrl Pts',(16.4060362007376,54.8533465713263,-4.45443331750372));
#8342=CARTESIAN_POINT('Ctrl Pts',(14.478467401748,55.2858204355637,-3.92097904060904));
#8343=CARTESIAN_POINT('Ctrl Pts',(15.1219324844294,55.2858204355637,-4.0952388284911));
#8344=CARTESIAN_POINT('Ctrl Pts',(15.7654646392997,55.2858204355637,-4.26951645814152));
#8345=CARTESIAN_POINT('Ctrl Pts',(16.4089297219811,55.2858204355637,-4.44377624602358));
#8346=CARTESIAN_POINT('Ctrl Pts',(14.4848615978498,56.0501229319521,-3.90486166960997));
#8347=CARTESIAN_POINT('Ctrl Pts',(15.1286324794918,56.0501229319521,-4.07841083443233));
#8348=CARTESIAN_POINT('Ctrl Pts',(15.7724055959212,56.0501229319521,-4.25196072740227));
#8349=CARTESIAN_POINT('Ctrl Pts',(16.4161764775631,56.0501229319521,-4.42550989222463));
#8350=CARTESIAN_POINT('Ctrl Pts',(14.5930296319316,56.6663145495444,-3.47568760582341));
#8351=CARTESIAN_POINT('Ctrl Pts',(15.2416306523564,56.6663145495444,-3.63016854210672));
#8352=CARTESIAN_POINT('Ctrl Pts',(15.8901658957644,56.6663145495444,-3.78463168364988));
#8353=CARTESIAN_POINT('Ctrl Pts',(16.5387669161892,56.6663145495444,-3.93911261993319));
#8354=CARTESIAN_POINT('Ctrl Pts',(14.635149762928,56.9338395446539,-3.28822009857417));
#8355=CARTESIAN_POINT('Ctrl Pts',(15.2856008635026,56.9338395446539,-3.43436321406636));
#8356=CARTESIAN_POINT('Ctrl Pts',(15.9360519640772,56.9338395446539,-3.58050632955855));
#8357=CARTESIAN_POINT('Ctrl Pts',(16.5865030646518,56.9338395446539,-3.72664944505073));
#8358=CARTESIAN_POINT('',(14.4759142947685,54.8533465713263,-3.93038233897387));
#8359=CARTESIAN_POINT('Ctrl Pts',(14.5598937328553,53.4106423705816,-3.60686768373346));
#8360=CARTESIAN_POINT('Ctrl Pts',(15.2070001209822,53.4106423705816,-3.76717291412161));
#8361=CARTESIAN_POINT('Ctrl Pts',(15.8541065091091,53.4106423705816,-3.92747814450976));
#8362=CARTESIAN_POINT('Ctrl Pts',(16.501212897236,53.4106423705816,-4.08778337489792));
#8363=CARTESIAN_POINT('Ctrl Pts',(14.5364747062973,53.6258882635848,-3.70140359907889));
#8364=CARTESIAN_POINT('Ctrl Pts',(15.1825452424073,53.6258882635848,-3.86591178133676));
#8365=CARTESIAN_POINT('Ctrl Pts',(15.8286007976936,53.6258882635848,-4.03041589669821));
#8366=CARTESIAN_POINT('Ctrl Pts',(16.4746713338036,53.6258882635848,-4.19492407895608));
#8367=CARTESIAN_POINT('Ctrl Pts',(14.484058595158,54.0838088404272,-3.9018666013458));
#8368=CARTESIAN_POINT('Ctrl Pts',(15.1277942712526,54.0838088404272,-4.07528281900632));
#8369=CARTESIAN_POINT('Ctrl Pts',(15.7715307317511,54.0838088404272,-4.24869926386472));
#8370=CARTESIAN_POINT('Ctrl Pts',(16.4152664078457,54.0838088404272,-4.42211548152524));
#8371=CARTESIAN_POINT('Ctrl Pts',(14.4786055928886,54.5867913488907,-3.92047007152282));
#8372=CARTESIAN_POINT('Ctrl Pts',(15.1220948768921,54.5867913488907,-4.09471202921481));
#8373=CARTESIAN_POINT('Ctrl Pts',(15.7655970546036,54.5867913488907,-4.26895745670054));
#8374=CARTESIAN_POINT('Ctrl Pts',(16.4090863386071,54.5867913488907,-4.44319941439253));
#8375=CARTESIAN_POINT('Ctrl Pts',(14.4759142947685,54.8533465713263,-3.93038233897387));
#8376=CARTESIAN_POINT('Ctrl Pts',(15.1192882634249,54.8533465713263,-4.10506599848382));
#8377=CARTESIAN_POINT('Ctrl Pts',(15.7626622320812,54.8533465713263,-4.27974965799377));
#8378=CARTESIAN_POINT('Ctrl Pts',(16.4060362007376,54.8533465713263,-4.45443331750372));
#8379=CARTESIAN_POINT('',(14.5598937328553,53.4106423705816,-3.60686768373346));
#8380=CARTESIAN_POINT('Ctrl Pts',(14.7592651528967,52.5784470885992,-2.67658217630061));
#8381=CARTESIAN_POINT('Ctrl Pts',(15.4152324930254,52.5784470885992,-2.79554138413619));
#8382=CARTESIAN_POINT('Ctrl Pts',(16.0711998331542,52.5784470885992,-2.91450059197178));
#8383=CARTESIAN_POINT('Ctrl Pts',(16.7271671732829,52.5784470885992,-3.03345979980736));
#8384=CARTESIAN_POINT('Ctrl Pts',(14.7245915361529,52.6742551999906,-2.86778015552316));
#8385=CARTESIAN_POINT('Ctrl Pts',(15.3790283334782,52.6742551999906,-2.99523943216298));
#8386=CARTESIAN_POINT('Ctrl Pts',(16.0334336103146,52.6742551999906,-3.12269156628644));
#8387=CARTESIAN_POINT('Ctrl Pts',(16.6878704076399,52.6742551999906,-3.25015084292625));
#8388=CARTESIAN_POINT('Ctrl Pts',(14.6461136758588,52.8670482450116,-3.25089702674695));
#8389=CARTESIAN_POINT('Ctrl Pts',(15.2970518311818,52.8670482450116,-3.39538126001516));
#8390=CARTESIAN_POINT('Ctrl Pts',(15.947990677317,52.8670482450116,-3.53986573037833));
#8391=CARTESIAN_POINT('Ctrl Pts',(16.59892883264,52.8670482450116,-3.68434996364654));
#8392=CARTESIAN_POINT('Ctrl Pts',(14.5893674436371,53.2287084623,-3.48789073904798));
#8393=CARTESIAN_POINT('Ctrl Pts',(15.2377740102169,53.2287084623,-3.64290595429616));
#8394=CARTESIAN_POINT('Ctrl Pts',(15.8862098695422,53.2287084623,-3.79792762233952));
#8395=CARTESIAN_POINT('Ctrl Pts',(16.534616436122,53.2287084623,-3.95294283758771));
#8396=CARTESIAN_POINT('Ctrl Pts',(14.5598937328553,53.4106423705816,-3.60686768373346));
#8397=CARTESIAN_POINT('Ctrl Pts',(15.2070001209822,53.4106423705816,-3.76717291412161));
#8398=CARTESIAN_POINT('Ctrl Pts',(15.8541065091091,53.4106423705816,-3.92747814450976));
#8399=CARTESIAN_POINT('Ctrl Pts',(16.501212897236,53.4106423705816,-4.08778337489792));
#8400=CARTESIAN_POINT('',(14.7592651528967,52.5784470885992,-2.67658217630061));
#8401=CARTESIAN_POINT('Ctrl Pts',(14.9801997466971,52.3362901061773,-0.7704645021386));
#8402=CARTESIAN_POINT('Ctrl Pts',(15.6459864021059,52.3362901061773,-0.804707368900315));
#8403=CARTESIAN_POINT('Ctrl Pts',(16.3117730575146,52.3362901061773,-0.838950235662031));
#8404=CARTESIAN_POINT('Ctrl Pts',(16.9775597129234,52.3362901061773,-0.873193102423746));
#8405=CARTESIAN_POINT('Ctrl Pts',(14.9606909684233,52.3376352192364,-1.14977515765176));
#8406=CARTESIAN_POINT('Ctrl Pts',(15.6256148453803,52.3376352192364,-1.20087687622765));
#8407=CARTESIAN_POINT('Ctrl Pts',(16.290525887256,52.3376352192364,-1.25197679342945));
#8408=CARTESIAN_POINT('Ctrl Pts',(16.9554497642131,52.3376352192364,-1.30307851200533));
#8409=CARTESIAN_POINT('Ctrl Pts',(14.9021046566686,52.3399411213338,-1.7986930054113));
#8410=CARTESIAN_POINT('Ctrl Pts',(15.5644201082611,52.3399411213338,-1.87863486629507));
#8411=CARTESIAN_POINT('Ctrl Pts',(16.226736492632,52.3399411213338,-1.95857687858237));
#8412=CARTESIAN_POINT('Ctrl Pts',(16.8890519442245,52.3399411213338,-2.03851873946614));
#8413=CARTESIAN_POINT('Ctrl Pts',(14.8059358735215,52.5082984551922,-2.41922951712264));
#8414=CARTESIAN_POINT('Ctrl Pts',(15.4639748766538,52.5082984551922,-2.52675048393646));
#8415=CARTESIAN_POINT('Ctrl Pts',(16.1220216535255,52.5082984551922,-2.63427248592518));
#8416=CARTESIAN_POINT('Ctrl Pts',(16.7800606566578,52.5082984551922,-2.741793452739));
#8417=CARTESIAN_POINT('Ctrl Pts',(14.7592651528967,52.5784470885992,-2.67658217630061));
#8418=CARTESIAN_POINT('Ctrl Pts',(15.4152324930254,52.5784470885992,-2.79554138413619));
#8419=CARTESIAN_POINT('Ctrl Pts',(16.0711998331542,52.5784470885992,-2.91450059197178));
#8420=CARTESIAN_POINT('Ctrl Pts',(16.7271671732829,52.5784470885992,-3.03345979980736));
#8421=CARTESIAN_POINT('',(14.9801997466971,52.3362901061773,-0.7704645021386));
#8422=CARTESIAN_POINT('Origin',(14.8511957537067,52.3362901061773,2.10760164288314));
#8423=CARTESIAN_POINT('',(14.1743538046745,52.3362901061773,4.90792157841873));
#8424=CARTESIAN_POINT('Origin',(14.1743538046745,51.6746260970831,4.90792157841873));
#8425=CARTESIAN_POINT('',(14.1743538046745,51.0129620879889,4.90792157841873));
#8426=CARTESIAN_POINT('Origin',(14.8516745791023,51.0129620879889,2.10422484455584));
#8427=CARTESIAN_POINT('',(14.9798478339368,51.0129620879889,-0.777276573748518));
#8428=CARTESIAN_POINT('Ctrl Pts',(14.6418482128182,51.3949563354254,-3.25826348118021));
#8429=CARTESIAN_POINT('Ctrl Pts',(15.2925970222768,51.3949563354254,-3.40307519145489));
#8430=CARTESIAN_POINT('Ctrl Pts',(15.9433458317354,51.3949563354254,-3.54788690172956));
#8431=CARTESIAN_POINT('Ctrl Pts',(16.594094641194,51.3949563354254,-3.69269861200424));
#8432=CARTESIAN_POINT('Ctrl Pts',(14.7198873494305,51.2839424466308,-2.90757447167056));
#8433=CARTESIAN_POINT('Ctrl Pts',(15.3740985430498,51.2839424466308,-3.03679910050426));
#8434=CARTESIAN_POINT('Ctrl Pts',(16.028327802402,51.2839424466308,-3.1660264390596));
#8435=CARTESIAN_POINT('Ctrl Pts',(16.6825389960212,51.2839424466308,-3.2952510678933));
#8436=CARTESIAN_POINT('Ctrl Pts',(14.869083833562,51.0320520368241,-2.1056087931451));
#8437=CARTESIAN_POINT('Ctrl Pts',(15.529931382449,51.0320520368241,-2.19919127412484));
#8438=CARTESIAN_POINT('Ctrl Pts',(16.1907807958166,51.0320520368241,-2.29277415125137));
#8439=CARTESIAN_POINT('Ctrl Pts',(16.8516283447036,51.0320520368241,-2.38635663223111));
#8440=CARTESIAN_POINT('Ctrl Pts',(14.9550841528012,51.0198092163166,-1.25452777074676));
#8441=CARTESIAN_POINT('Ctrl Pts',(15.6197633814433,51.0198092163166,-1.31028599062844));
#8442=CARTESIAN_POINT('Ctrl Pts',(16.2844161445325,51.0198092163166,-1.36603992029799));
#8443=CARTESIAN_POINT('Ctrl Pts',(16.9490953731747,51.0198092163166,-1.42179814017966));
#8444=CARTESIAN_POINT('Ctrl Pts',(14.9798478339368,51.0129620879889,-0.777276573748518));
#8445=CARTESIAN_POINT('Ctrl Pts',(15.6456188487785,51.0129620879889,-0.811822199248452));
#8446=CARTESIAN_POINT('Ctrl Pts',(16.3113898636201,51.0129620879889,-0.846367824748386));
#8447=CARTESIAN_POINT('Ctrl Pts',(16.9771608784617,51.0129620879889,-0.880913450248321));
#8448=CARTESIAN_POINT('',(14.6418482128182,51.3949563354254,-3.25826348118021));
#8449=CARTESIAN_POINT('Ctrl Pts',(14.2739124182493,52.6705338805914,-4.61036053646017));
#8450=CARTESIAN_POINT('Ctrl Pts',(14.908308525727,52.6705338805914,-4.81526544919174));
#8451=CARTESIAN_POINT('Ctrl Pts',(15.5427046332048,52.6705338805914,-5.0201703619233));
#8452=CARTESIAN_POINT('Ctrl Pts',(16.1771007406825,52.6705338805914,-5.22507527465486));
#8453=CARTESIAN_POINT('Ctrl Pts',(14.3287873637364,52.3943854456875,-4.44046489388611));
#8454=CARTESIAN_POINT('Ctrl Pts',(14.96560072721,52.3943854456875,-4.63781279594309));
#8455=CARTESIAN_POINT('Ctrl Pts',(15.6024789820943,52.3943854456875,-4.83517897768061));
#8456=CARTESIAN_POINT('Ctrl Pts',(16.239292345568,52.3943854456875,-5.03252687973759));
#8457=CARTESIAN_POINT('Ctrl Pts',(14.4341728640523,51.8454515128118,-4.10145945467347));
#8458=CARTESIAN_POINT('Ctrl Pts',(15.0756911264331,51.8454515128118,-4.28374629631404));
#8459=CARTESIAN_POINT('Ctrl Pts',(15.717210983545,51.8454515128118,-4.46603387365603));
#8460=CARTESIAN_POINT('Ctrl Pts',(16.3587292459259,51.8454515128118,-4.6483207152966));
#8461=CARTESIAN_POINT('Ctrl Pts',(14.5792329584968,51.544506834883,-3.53964129328037));
#8462=CARTESIAN_POINT('Ctrl Pts',(15.227222213636,51.544506834883,-3.69696548356854));
#8463=CARTESIAN_POINT('Ctrl Pts',(15.8751414311572,51.544506834883,-3.85426927542958));
#8464=CARTESIAN_POINT('Ctrl Pts',(16.5231306862964,51.544506834883,-4.01159346571775));
#8465=CARTESIAN_POINT('Ctrl Pts',(14.6418482128182,51.3949563354254,-3.25826348118021));
#8466=CARTESIAN_POINT('Ctrl Pts',(15.2925970222768,51.3949563354254,-3.40307519145489));
#8467=CARTESIAN_POINT('Ctrl Pts',(15.9433458317354,51.3949563354254,-3.54788690172956));
#8468=CARTESIAN_POINT('Ctrl Pts',(16.594094641194,51.3949563354254,-3.69269861200424));
#8469=CARTESIAN_POINT('',(14.2739124182493,52.6705338805914,-4.61036053646017));
#8470=CARTESIAN_POINT('Ctrl Pts',(14.1176428741361,54.9693085998297,-5.06874340229945));
#8471=CARTESIAN_POINT('Ctrl Pts',(14.7450936685421,54.9693085998297,-5.29402088684609));
#8472=CARTESIAN_POINT('Ctrl Pts',(15.3725444629482,54.9693085998297,-5.51929837139273));
#8473=CARTESIAN_POINT('Ctrl Pts',(15.9999952573542,54.9693085998297,-5.74457585593938));
#8474=CARTESIAN_POINT('Ctrl Pts',(14.1218553003162,54.5373641618363,-5.05701080435079));
#8475=CARTESIAN_POINT('Ctrl Pts',(14.7494836339576,54.5373641618363,-5.2817634022688));
#8476=CARTESIAN_POINT('Ctrl Pts',(15.377141006717,54.5373641618363,-5.50652631367956));
#8477=CARTESIAN_POINT('Ctrl Pts',(16.0047693403583,54.5373641618363,-5.73127891159756));
#8478=CARTESIAN_POINT('Ctrl Pts',(14.1304644898595,53.740427893777,-5.03566139604002));
#8479=CARTESIAN_POINT('Ctrl Pts',(14.7584846645427,53.740427893777,-5.2594683850943));
#8480=CARTESIAN_POINT('Ctrl Pts',(15.3865062471576,53.740427893777,-5.48327592645776));
#8481=CARTESIAN_POINT('Ctrl Pts',(16.0145264218408,53.740427893777,-5.70708291551203));
#8482=CARTESIAN_POINT('Ctrl Pts',(14.230577026385,53.0066154113499,-4.74452912982475));
#8483=CARTESIAN_POINT('Ctrl Pts',(14.8630577252706,53.0066154113499,-4.95540089723669));
#8484=CARTESIAN_POINT('Ctrl Pts',(15.4955065976842,53.0066154113499,-5.16626124638944));
#8485=CARTESIAN_POINT('Ctrl Pts',(16.1279872965697,53.0066154113499,-5.37713301380138));
#8486=CARTESIAN_POINT('Ctrl Pts',(14.2739124182493,52.6705338805914,-4.61036053646017));
#8487=CARTESIAN_POINT('Ctrl Pts',(14.908308525727,52.6705338805914,-4.81526544919174));
#8488=CARTESIAN_POINT('Ctrl Pts',(15.5427046332048,52.6705338805914,-5.0201703619233));
#8489=CARTESIAN_POINT('Ctrl Pts',(16.1771007406825,52.6705338805914,-5.22507527465486));
#8490=CARTESIAN_POINT('',(14.1176428741361,54.9693085998297,-5.06874340229945));
#8491=CARTESIAN_POINT('Ctrl Pts',(14.2957642942546,57.3055960983038,-4.54214962799723));
#8492=CARTESIAN_POINT('Ctrl Pts',(14.9311315962215,57.3055960983038,-4.74402294479711));
#8493=CARTESIAN_POINT('Ctrl Pts',(15.5664988981883,57.3055960983038,-4.94589626159699));
#8494=CARTESIAN_POINT('Ctrl Pts',(16.2018662001552,57.3055960983038,-5.14776957839686));
#8495=CARTESIAN_POINT('Ctrl Pts',(14.2467560139496,56.9682698041742,-4.69639615906436));
#8496=CARTESIAN_POINT('Ctrl Pts',(14.8799591537378,56.9682698041742,-4.90512989348732));
#8497=CARTESIAN_POINT('Ctrl Pts',(15.5131203426881,56.9682698041742,-5.11384857918331));
#8498=CARTESIAN_POINT('Ctrl Pts',(16.1463234824763,56.9682698041742,-5.32258231360627));
#8499=CARTESIAN_POINT('Ctrl Pts',(14.1324845507489,56.2316188205122,-5.03087221970061));
#8500=CARTESIAN_POINT('Ctrl Pts',(14.7605943573528,56.2316188205122,-5.25446629513119));
#8501=CARTESIAN_POINT('Ctrl Pts',(15.3887060175781,56.2316188205122,-5.47806110689677));
#8502=CARTESIAN_POINT('Ctrl Pts',(16.016815824182,56.2316188205122,-5.70165518232736));
#8503=CARTESIAN_POINT('Ctrl Pts',(14.1224719915424,55.4130431346989,-5.05529317419994));
#8504=CARTESIAN_POINT('Ctrl Pts',(14.7501246485856,55.4130431346989,-5.27996834463213));
#8505=CARTESIAN_POINT('Ctrl Pts',(15.3778156000381,55.4130431346989,-5.50465709366106));
#8506=CARTESIAN_POINT('Ctrl Pts',(16.0054682570813,55.4130431346989,-5.72933226409326));
#8507=CARTESIAN_POINT('Ctrl Pts',(14.1176428741361,54.9693085998297,-5.06874340229945));
#8508=CARTESIAN_POINT('Ctrl Pts',(14.7450936685421,54.9693085998297,-5.29402088684609));
#8509=CARTESIAN_POINT('Ctrl Pts',(15.3725444629482,54.9693085998297,-5.51929837139273));
#8510=CARTESIAN_POINT('Ctrl Pts',(15.9999952573542,54.9693085998297,-5.74457585593938));
#8511=CARTESIAN_POINT('',(14.2957642942546,57.3055960983038,-4.54214962799723));
#8512=CARTESIAN_POINT('Ctrl Pts',(14.6658837085135,58.5368373245001,-3.14830987171843));
#8513=CARTESIAN_POINT('Ctrl Pts',(15.3177007622252,58.5368373245001,-3.28823475490591));
#8514=CARTESIAN_POINT('Ctrl Pts',(15.9695178159369,58.5368373245001,-3.4281596380934));
#8515=CARTESIAN_POINT('Ctrl Pts',(16.6213348696486,58.5368373245001,-3.56808452128088));
#8516=CARTESIAN_POINT('Ctrl Pts',(14.6062452928472,58.3964588904188,-3.42612562186992));
#8517=CARTESIAN_POINT('Ctrl Pts',(15.2554329429328,58.3964588904188,-3.57840383242313));
#8518=CARTESIAN_POINT('Ctrl Pts',(15.9045570151413,58.3964588904188,-3.73066416089936));
#8519=CARTESIAN_POINT('Ctrl Pts',(16.5537446652269,58.3964588904188,-3.88294237145257));
#8520=CARTESIAN_POINT('Ctrl Pts',(14.4649507000546,58.1079449870385,-3.99294184828075));
#8521=CARTESIAN_POINT('Ctrl Pts',(15.1078372693298,58.1079449870385,-4.17040580615788));
#8522=CARTESIAN_POINT('Ctrl Pts',(15.7507242241201,58.1079449870385,-4.34787013684106));
#8523=CARTESIAN_POINT('Ctrl Pts',(16.3936107933953,58.1079449870385,-4.52533409471819));
#8524=CARTESIAN_POINT('Ctrl Pts',(14.3547890715267,57.5777969455075,-4.35637760978757));
#8525=CARTESIAN_POINT('Ctrl Pts',(14.9927586250033,57.5777969455075,-4.54998867164848));
#8526=CARTESIAN_POINT('Ctrl Pts',(15.6307913942537,57.5777969455075,-4.74361689589833));
#8527=CARTESIAN_POINT('Ctrl Pts',(16.2687609477303,57.5777969455075,-4.93722795775924));
#8528=CARTESIAN_POINT('Ctrl Pts',(14.2957642942546,57.3055960983038,-4.54214962799723));
#8529=CARTESIAN_POINT('Ctrl Pts',(14.9311315962215,57.3055960983038,-4.74402294479711));
#8530=CARTESIAN_POINT('Ctrl Pts',(15.5664988981883,57.3055960983038,-4.94589626159699));
#8531=CARTESIAN_POINT('Ctrl Pts',(16.2018662001552,57.3055960983038,-5.14776957839686));
#8532=CARTESIAN_POINT('',(14.6658837085135,58.5368373245001,-3.14830987171843));
#8533=CARTESIAN_POINT('Ctrl Pts',(14.9798478339368,58.877904638648,-0.777276573748518));
#8534=CARTESIAN_POINT('Ctrl Pts',(15.6456188487785,58.877904638648,-0.811822199248452));
#8535=CARTESIAN_POINT('Ctrl Pts',(16.3113898636201,58.877904638648,-0.846367824748386));
#8536=CARTESIAN_POINT('Ctrl Pts',(16.9771608784617,58.877904638648,-0.880913450248321));
#8537=CARTESIAN_POINT('Ctrl Pts',(14.9563140697367,58.8716006212025,-1.23082453670553));
#8538=CARTESIAN_POINT('Ctrl Pts',(15.6210461159538,58.8716006212025,-1.28552894062035));
#8539=CARTESIAN_POINT('Ctrl Pts',(16.2857572328177,58.8716006212025,-1.34023007101812));
#8540=CARTESIAN_POINT('Ctrl Pts',(16.9504892790349,58.8716006212025,-1.39493447493294));
#8541=CARTESIAN_POINT('Ctrl Pts',(14.8764930042081,58.8603050918573,-2.04146974963483));
#8542=CARTESIAN_POINT('Ctrl Pts',(15.5376699826406,58.8603050918573,-2.13220163808765));
#8543=CARTESIAN_POINT('Ctrl Pts',(16.1988484263366,58.8603050918573,-2.22293382779998));
#8544=CARTESIAN_POINT('Ctrl Pts',(16.8600254047692,58.8603050918573,-2.3136657162528));
#8545=CARTESIAN_POINT('Ctrl Pts',(14.7383357487857,58.6359709354273,-2.81080395890397));
#8546=CARTESIAN_POINT('Ctrl Pts',(15.3933681034866,58.6359709354273,-2.93572788603836));
#8547=CARTESIAN_POINT('Ctrl Pts',(16.0484148272562,58.6359709354273,-3.06065389295677));
#8548=CARTESIAN_POINT('Ctrl Pts',(16.7034471819571,58.6359709354273,-3.18557782009116));
#8549=CARTESIAN_POINT('Ctrl Pts',(14.6658837085135,58.5368373245001,-3.14830987171843));
#8550=CARTESIAN_POINT('Ctrl Pts',(15.3177007622252,58.5368373245001,-3.28823475490591));
#8551=CARTESIAN_POINT('Ctrl Pts',(15.9695178159369,58.5368373245001,-3.4281596380934));
#8552=CARTESIAN_POINT('Ctrl Pts',(16.6213348696486,58.5368373245001,-3.56808452128088));
#8553=CARTESIAN_POINT('',(14.9798478339368,58.877904638648,-0.777276573748519));
#8554=CARTESIAN_POINT('Origin',(14.8516745791023,58.877904638648,2.10422484455584));
#8555=CARTESIAN_POINT('',(14.1743538046745,58.877904638648,4.90792157841873));
#8556=CARTESIAN_POINT('Origin',(14.1743538046745,58.216238245368,4.90792157841873));
#8557=CARTESIAN_POINT('',(14.1743538046745,57.554571852088,4.90792157841873));
#8558=CARTESIAN_POINT('Origin',(14.8511957537067,57.554571852088,2.10760164288314));
#8559=CARTESIAN_POINT('Origin',(0.,0.,0.));
#8560=CARTESIAN_POINT('',(16.5359152062956,62.3158290237188,3.94506125303562));
#8561=CARTESIAN_POINT('',(16.0642685294032,62.3158290237188,-5.56230856886125));
#8562=CARTESIAN_POINT('Origin',(0.,62.3158290237188,0.));
#8563=CARTESIAN_POINT('',(16.0642685294032,65.2080514281988,-5.56230856886125));
#8564=CARTESIAN_POINT('Ctrl Pts',(16.0642685294032,65.2080514281988,-5.56230856886125));
#8565=CARTESIAN_POINT('Ctrl Pts',(17.1165288426109,64.2439772933722,-2.52331998616486));
#8566=CARTESIAN_POINT('Ctrl Pts',(17.282229679567,63.2799031585455,0.816848012302721));
#8567=CARTESIAN_POINT('Ctrl Pts',(16.5359152062956,62.3158290237188,3.94506125303562));
#8568=CARTESIAN_POINT('',(16.0642685294032,66.4017751067877,-5.56230856886125));
#8569=CARTESIAN_POINT('',(16.0642685294032,66.4017751067877,-5.56230856886125));
#8570=CARTESIAN_POINT('',(16.5728353712924,69.3076445907354,3.78696814827383));
#8571=CARTESIAN_POINT('Ctrl Pts',(16.5728353712924,69.3076445907354,3.78696814827383));
#8572=CARTESIAN_POINT('Ctrl Pts',(17.2771872800892,68.3390214294195,0.704526529834141));
#8573=CARTESIAN_POINT('Ctrl Pts',(17.0988224269795,67.3703982681036,-2.57445713756076));
#8574=CARTESIAN_POINT('Ctrl Pts',(16.0642685294032,66.4017751067877,-5.56230856886125));
#8575=CARTESIAN_POINT('',(16.0642685294032,69.3076445907354,-5.56230856886125));
#8576=CARTESIAN_POINT('Origin',(0.,69.3076445907354,0.));
#8577=CARTESIAN_POINT('',(16.0642685294032,70.5832221359015,-5.56230856886125));
#8578=CARTESIAN_POINT('',(16.0642685294032,70.5832221359015,-5.56230856886125));
#8579=CARTESIAN_POINT('',(16.0642676452978,70.5832221359015,5.56231112220789));
#8580=CARTESIAN_POINT('Origin',(0.,70.5832221359015,0.));
#8581=CARTESIAN_POINT('',(16.0642676452978,68.8028695434332,5.56231112220789));
#8582=CARTESIAN_POINT('',(16.0642676452978,68.8028695434332,5.56231112220789));
#8583=CARTESIAN_POINT('',(16.8554177819146,66.4085986465216,-2.21244014543165));
#8584=CARTESIAN_POINT('Ctrl Pts',(16.8554177819146,66.4085986465216,-2.21244014543165));
#8585=CARTESIAN_POINT('Ctrl Pts',(17.1974958082077,67.2066889454921,0.393672412726537));
#8586=CARTESIAN_POINT('Ctrl Pts',(16.9242883849512,68.0047792444627,3.0785228121403));
#8587=CARTESIAN_POINT('Ctrl Pts',(16.0642676452978,68.8028695434332,5.56231112220789));
#8588=CARTESIAN_POINT('',(16.5232738253756,65.8765389770269,-3.99767708696649));
#8589=CARTESIAN_POINT('Ctrl Pts',(16.5232738253756,65.8765389770269,-3.99767708696649));
#8590=CARTESIAN_POINT('Ctrl Pts',(16.5831653749592,65.948725411787,-3.7501322122637));
#8591=CARTESIAN_POINT('Ctrl Pts',(16.7127145335369,66.1209145549915,-3.15643453121911));
#8592=CARTESIAN_POINT('Ctrl Pts',(16.8097772386098,66.3029041220342,-2.56015143912921));
#8593=CARTESIAN_POINT('Ctrl Pts',(16.8554177819146,66.4085986465216,-2.21244014543165));
#8594=CARTESIAN_POINT('',(16.8367432744993,65.3990485519171,-2.35033527578603));
#8595=CARTESIAN_POINT('Ctrl Pts',(16.8367432744993,65.3990485519171,-2.35033527578603));
#8596=CARTESIAN_POINT('Ctrl Pts',(16.7916303949356,65.4942995218076,-2.67350362517474));
#8597=CARTESIAN_POINT('Ctrl Pts',(16.698632663606,65.6571426415679,-3.2237859246265));
#8598=CARTESIAN_POINT('Ctrl Pts',(16.5780022766661,65.8121848093206,-3.77147242685052));
#8599=CARTESIAN_POINT('Ctrl Pts',(16.5232738253756,65.8765389770269,-3.99767708696649));
#8600=CARTESIAN_POINT('',(16.0642676452978,63.0320622771978,5.56231112220789));
#8601=CARTESIAN_POINT('Ctrl Pts',(16.0642676452978,63.0320622771978,5.56231112220789));
#8602=CARTESIAN_POINT('Ctrl Pts',(16.9394652354016,63.8210577021043,3.03469121367485));
#8603=CARTESIAN_POINT('Ctrl Pts',(17.2065549811999,64.6100531270107,0.298829219922624));
#8604=CARTESIAN_POINT('Ctrl Pts',(16.8367432744993,65.3990485519171,-2.35033527578603));
#8605=CARTESIAN_POINT('',(16.0642676452978,61.0402467101812,5.5623111222079));
#8606=CARTESIAN_POINT('',(16.0642676452978,61.0402467101812,5.56231112220789));
#8607=CARTESIAN_POINT('',(16.0642685294032,61.0402467101812,-5.56230856886125));
#8608=CARTESIAN_POINT('Origin',(0.,61.0402467101812,0.));
#8609=CARTESIAN_POINT('',(16.0642685294032,62.3158290237188,-5.56230856886125));
#8610=CARTESIAN_POINT('Origin',(14.9815764487233,62.3158290237188,-0.743214041214206));
#8611=CARTESIAN_POINT('',(14.5905134173196,62.3158290237188,3.48093639973731));
#8612=CARTESIAN_POINT('',(14.1743545847675,62.3158290237188,-4.90791932546581));
#8613=CARTESIAN_POINT('Ctrl Pts',(14.1743545847675,65.2080514281988,-4.90791932546581));
#8614=CARTESIAN_POINT('Ctrl Pts',(14.804325899646,65.2080514281988,-5.12604907326429));
#8615=CARTESIAN_POINT('Ctrl Pts',(15.4342972145246,65.2080514281988,-5.34417882106277));
#8616=CARTESIAN_POINT('Ctrl Pts',(16.0642685294032,65.2080514281988,-5.56230856886125));
#8617=CARTESIAN_POINT('Ctrl Pts',(15.1028195670097,64.2439772933722,-2.22645881132194));
#8618=CARTESIAN_POINT('Ctrl Pts',(15.7742626703247,64.2439772933722,-2.32543244374869));
#8619=CARTESIAN_POINT('Ctrl Pts',(16.4450857392959,64.2439772933722,-2.42434635373811));
#8620=CARTESIAN_POINT('Ctrl Pts',(17.1165288426109,64.2439772933722,-2.52331998616486));
#8621=CARTESIAN_POINT('Ctrl Pts',(15.2490261878533,63.2799031585455,0.72074824614946));
#8622=CARTESIAN_POINT('Ctrl Pts',(15.9269683187436,63.2799031585455,0.752780855613708));
#8623=CARTESIAN_POINT('Ctrl Pts',(16.6042875486768,63.2799031585455,0.784815402838473));
#8624=CARTESIAN_POINT('Ctrl Pts',(17.282229679567,63.2799031585455,0.816848012302721));
#8625=CARTESIAN_POINT('Ctrl Pts',(14.5905134173196,62.3158290237188,3.48093639973731));
#8626=CARTESIAN_POINT('Ctrl Pts',(15.2389806803116,62.3158290237188,3.63564468417008));
#8627=CARTESIAN_POINT('Ctrl Pts',(15.8874479433036,62.3158290237188,3.79035296860285));
#8628=CARTESIAN_POINT('Ctrl Pts',(16.5359152062956,62.3158290237188,3.94506125303562));
#8629=CARTESIAN_POINT('',(14.1743545847675,65.2080514281988,-4.90791932546581));
#8630=CARTESIAN_POINT('Origin',(14.1743545847675,65.8049132674932,-4.90791932546581));
#8631=CARTESIAN_POINT('',(14.1743545847675,66.4017751067877,-4.90791932546581));
#8632=CARTESIAN_POINT('Ctrl Pts',(14.6230900334933,69.3076445907354,3.34144248377103));
#8633=CARTESIAN_POINT('Ctrl Pts',(15.273005146093,69.3076445907354,3.4899510386053));
#8634=CARTESIAN_POINT('Ctrl Pts',(15.9229202586927,69.3076445907354,3.63845959343956));
#8635=CARTESIAN_POINT('Ctrl Pts',(16.5728353712924,69.3076445907354,3.78696814827383));
#8636=CARTESIAN_POINT('Ctrl Pts',(15.2445770118434,68.3390214294195,0.621641055736007));
#8637=CARTESIAN_POINT('Ctrl Pts',(15.9223139663634,68.3390214294195,0.649267736013457));
#8638=CARTESIAN_POINT('Ctrl Pts',(16.5994503255692,68.3390214294195,0.67689984955669));
#8639=CARTESIAN_POINT('Ctrl Pts',(17.2771872800892,68.3390214294195,0.704526529834141));
#8640=CARTESIAN_POINT('Ctrl Pts',(15.0871962590996,67.3703982681036,-2.27157982725949));
#8641=CARTESIAN_POINT('Ctrl Pts',(15.757937528684,67.3703982681036,-2.37255884617639));
#8642=CARTESIAN_POINT('Ctrl Pts',(16.428081157395,67.3703982681036,-2.47347811864386));
#8643=CARTESIAN_POINT('Ctrl Pts',(17.0988224269795,67.3703982681036,-2.57445713756076));
#8644=CARTESIAN_POINT('Ctrl Pts',(14.1743545847675,66.4017751067877,-4.90791932546581));
#8645=CARTESIAN_POINT('Ctrl Pts',(14.804325899646,66.4017751067877,-5.12604907326429));
#8646=CARTESIAN_POINT('Ctrl Pts',(15.4342972145246,66.4017751067877,-5.34417882106277));
#8647=CARTESIAN_POINT('Ctrl Pts',(16.0642685294032,66.4017751067877,-5.56230856886125));
#8648=CARTESIAN_POINT('',(14.6230900334933,69.3076445907354,3.34144248377103));
#8649=CARTESIAN_POINT('Origin',(14.9778568794195,69.3076445907354,-0.814741247039385));
#8650=CARTESIAN_POINT('',(14.1743545847675,69.3076445907354,-4.90791932546581));
#8651=CARTESIAN_POINT('Origin',(14.1743545847675,69.9454333633184,-4.90791932546581));
#8652=CARTESIAN_POINT('',(14.1743545847675,70.5832221359015,-4.90791932546581));
#8653=CARTESIAN_POINT('Origin',(15.,70.5832221359015,1.1920928949527E-6));
#8654=CARTESIAN_POINT('',(14.1743538046745,70.5832221359015,4.90792157841873));
#8655=CARTESIAN_POINT('Origin',(14.1743538046745,69.6930458396673,4.90792157841873));
#8656=CARTESIAN_POINT('',(14.1743538046745,68.8028695434332,4.90792157841873));
#8657=CARTESIAN_POINT('Ctrl Pts',(14.8724274546305,66.4085986465216,-1.95215306949851));
#8658=CARTESIAN_POINT('Ctrl Pts',(15.5334242303919,66.4085986465216,-2.03891542814289));
#8659=CARTESIAN_POINT('Ctrl Pts',(16.1944210061532,66.4085986465216,-2.12567778678727));
#8660=CARTESIAN_POINT('Ctrl Pts',(16.8554177819146,66.4085986465216,-2.21244014543165));
#8661=CARTESIAN_POINT('Ctrl Pts',(15.1742610072421,67.2066889454921,0.347358011229297));
#8662=CARTESIAN_POINT('Ctrl Pts',(15.8487641017242,67.2066889454921,0.362802081679681));
#8663=CARTESIAN_POINT('Ctrl Pts',(16.5229927137255,67.2066889454921,0.378228342276153));
#8664=CARTESIAN_POINT('Ctrl Pts',(17.1974958082077,67.2066889454921,0.393672412726537));
#8665=CARTESIAN_POINT('Ctrl Pts',(14.9331956337805,68.0047792444627,2.71634365777085));
#8666=CARTESIAN_POINT('Ctrl Pts',(15.5969840320878,68.0047792444627,2.83708265747995));
#8667=CARTESIAN_POINT('Ctrl Pts',(16.2604999866439,68.0047792444627,2.95778381243121));
#8668=CARTESIAN_POINT('Ctrl Pts',(16.9242883849512,68.0047792444627,3.0785228121403));
#8669=CARTESIAN_POINT('Ctrl Pts',(14.1743538046745,68.8028695434332,4.90792157841873));
#8670=CARTESIAN_POINT('Ctrl Pts',(14.8043250848823,68.8028695434332,5.12605142634845));
#8671=CARTESIAN_POINT('Ctrl Pts',(15.4342963650901,68.8028695434332,5.34418127427817));
#8672=CARTESIAN_POINT('Ctrl Pts',(16.0642676452978,68.8028695434332,5.56231112220789));
#8673=CARTESIAN_POINT('',(14.8724274546305,66.4085986465216,-1.95215306949851));
#8674=CARTESIAN_POINT('Ctrl Pts',(14.5793592576844,65.8765389770269,-3.52736213555867));
#8675=CARTESIAN_POINT('Ctrl Pts',(15.2273307802481,65.8765389770269,-3.68413378602794));
#8676=CARTESIAN_POINT('Ctrl Pts',(15.8753023028119,65.8765389770269,-3.84090543649722));
#8677=CARTESIAN_POINT('Ctrl Pts',(16.5232738253756,65.8765389770269,-3.99767708696649));
#8678=CARTESIAN_POINT('Ctrl Pts',(14.632204742611,65.948725411787,-3.3089401872915));
#8679=CARTESIAN_POINT('Ctrl Pts',(15.2825252582699,65.948725411787,-3.45600425709474));
#8680=CARTESIAN_POINT('Ctrl Pts',(15.9328448593003,65.948725411787,-3.60306814246047));
#8681=CARTESIAN_POINT('Ctrl Pts',(16.5831653749592,65.948725411787,-3.7501322122637));
#8682=CARTESIAN_POINT('Ctrl Pts',(14.7465128237091,66.1209145549915,-2.78508929225215));
#8683=CARTESIAN_POINT('Ctrl Pts',(15.4019134085642,66.1209145549915,-2.90887104291579));
#8684=CARTESIAN_POINT('Ctrl Pts',(16.0573139486818,66.1209145549915,-3.03265278055546));
#8685=CARTESIAN_POINT('Ctrl Pts',(16.7127145335369,66.1209145549915,-3.15643453121911));
#8686=CARTESIAN_POINT('Ctrl Pts',(14.8321563870086,66.3029041220342,-2.25895715217283));
#8687=CARTESIAN_POINT('Ctrl Pts',(15.4913629147033,66.3029041220342,-2.35935515814288));
#8688=CARTESIAN_POINT('Ctrl Pts',(16.1505707109151,66.3029041220342,-2.45975343315915));
#8689=CARTESIAN_POINT('Ctrl Pts',(16.8097772386098,66.3029041220342,-2.56015143912921));
#8690=CARTESIAN_POINT('Ctrl Pts',(14.8724274546305,66.4085986465216,-1.95215306949851));
#8691=CARTESIAN_POINT('Ctrl Pts',(15.5334242303919,66.4085986465216,-2.03891542814289));
#8692=CARTESIAN_POINT('Ctrl Pts',(16.1944210061532,66.4085986465216,-2.12567778678727));
#8693=CARTESIAN_POINT('Ctrl Pts',(16.8554177819146,66.4085986465216,-2.21244014543165));
#8694=CARTESIAN_POINT('',(14.5793592576844,65.8765389770269,-3.52736213555867));
#8695=CARTESIAN_POINT('Ctrl Pts',(14.8559499480876,65.3990485519171,-2.07382524334061));
#8696=CARTESIAN_POINT('Ctrl Pts',(15.5162143902248,65.3990485519171,-2.16599525415575));
#8697=CARTESIAN_POINT('Ctrl Pts',(16.176478832362,65.3990485519171,-2.25816526497089));
#8698=CARTESIAN_POINT('Ctrl Pts',(16.8367432744993,65.3990485519171,-2.35033527578603));
#8699=CARTESIAN_POINT('Ctrl Pts',(14.8161444661197,65.4942995218076,-2.35897378691888));
#8700=CARTESIAN_POINT('Ctrl Pts',(15.474639471738,65.4942995218076,-2.46381700089047));
#8701=CARTESIAN_POINT('Ctrl Pts',(16.1331353893173,65.4942995218076,-2.56866041120315));
#8702=CARTESIAN_POINT('Ctrl Pts',(16.7916303949356,65.4942995218076,-2.67350362517474));
#8703=CARTESIAN_POINT('Ctrl Pts',(14.7340876443582,65.6571426415679,-2.8445169923175));
#8704=CARTESIAN_POINT('Ctrl Pts',(15.3889359949386,65.6571426415679,-2.9709399728222));
#8705=CARTESIAN_POINT('Ctrl Pts',(16.0437843130257,65.6571426415679,-3.09736294412181));
#8706=CARTESIAN_POINT('Ctrl Pts',(16.698632663606,65.6571426415679,-3.2237859246265));
#8707=CARTESIAN_POINT('Ctrl Pts',(14.6276490676465,65.8121848093206,-3.32776978839752));
#8708=CARTESIAN_POINT('Ctrl Pts',(15.2777670185874,65.8121848093206,-3.47567071204097));
#8709=CARTESIAN_POINT('Ctrl Pts',(15.9278843257251,65.8121848093206,-3.62357150320706));
#8710=CARTESIAN_POINT('Ctrl Pts',(16.5780022766661,65.8121848093206,-3.77147242685052));
#8711=CARTESIAN_POINT('Ctrl Pts',(14.5793592576844,65.8765389770269,-3.52736213555867));
#8712=CARTESIAN_POINT('Ctrl Pts',(15.2273307802481,65.8765389770269,-3.68413378602794));
#8713=CARTESIAN_POINT('Ctrl Pts',(15.8753023028119,65.8765389770269,-3.84090543649722));
#8714=CARTESIAN_POINT('Ctrl Pts',(16.5232738253756,65.8765389770269,-3.99767708696649));
#8715=CARTESIAN_POINT('',(14.8559499480876,65.3990485519171,-2.07382524334061));
#8716=CARTESIAN_POINT('Ctrl Pts',(14.1743538046745,63.0320622771978,4.90792157841873));
#8717=CARTESIAN_POINT('Ctrl Pts',(14.8043250848823,63.0320622771978,5.12605142634845));
#8718=CARTESIAN_POINT('Ctrl Pts',(15.4342963650901,63.0320622771978,5.34418127427817));
#8719=CARTESIAN_POINT('Ctrl Pts',(16.0642676452978,63.0320622771978,5.56231112220789));
#8720=CARTESIAN_POINT('Ctrl Pts',(14.9465869724132,63.8210577021043,2.6776687179484));
#8721=CARTESIAN_POINT('Ctrl Pts',(15.6109771586927,63.8210577021043,2.79668940857997));
#8722=CARTESIAN_POINT('Ctrl Pts',(16.2750750491221,63.8210577021043,2.91567052304328));
#8723=CARTESIAN_POINT('Ctrl Pts',(16.9394652354016,63.8210577021043,3.03469121367485));
#8724=CARTESIAN_POINT('Ctrl Pts',(15.1822543951764,64.6100531270107,0.263672841108198));
#8725=CARTESIAN_POINT('Ctrl Pts',(15.8571194009165,64.6100531270107,0.27539753515335));
#8726=CARTESIAN_POINT('Ctrl Pts',(16.5316899754599,64.6100531270107,0.287104525877471));
#8727=CARTESIAN_POINT('Ctrl Pts',(17.2065549811999,64.6100531270107,0.298829219922624));
#8728=CARTESIAN_POINT('Ctrl Pts',(14.8559499480876,65.3990485519171,-2.07382524334061));
#8729=CARTESIAN_POINT('Ctrl Pts',(15.5162143902248,65.3990485519171,-2.16599525415575));
#8730=CARTESIAN_POINT('Ctrl Pts',(16.176478832362,65.3990485519171,-2.25816526497089));
#8731=CARTESIAN_POINT('Ctrl Pts',(16.8367432744993,65.3990485519171,-2.35033527578603));
#8732=CARTESIAN_POINT('',(14.1743538046745,63.0320622771978,4.90792157841873));
#8733=CARTESIAN_POINT('Origin',(14.1743538046745,62.0361544936895,4.90792157841873));
#8734=CARTESIAN_POINT('',(14.1743538046745,61.0402467101812,4.90792157841873));
#8735=CARTESIAN_POINT('Origin',(15.,61.0402467101812,1.19209289550781E-6));
#8736=CARTESIAN_POINT('',(14.1743545847675,61.0402467101812,-4.90791932546581));
#8737=CARTESIAN_POINT('Origin',(14.1743545847675,61.67803786695,-4.90791932546581));
#8738=CARTESIAN_POINT('Origin',(0.,0.,0.));
#8739=CARTESIAN_POINT('',(16.1459293331789,43.2128264755011,-5.32061706646829));
#8740=CARTESIAN_POINT('',(16.5168898652017,41.7735364288092,-4.0239718166006));
#8741=CARTESIAN_POINT('Ctrl Pts',(16.1459293331789,43.2128264755011,-5.32061706646829));
#8742=CARTESIAN_POINT('Ctrl Pts',(16.1979686769389,42.924679073647,-5.16269862272419));
#8743=CARTESIAN_POINT('Ctrl Pts',(16.2982461089161,42.3559146222207,-4.85011652999701));
#8744=CARTESIAN_POINT('Ctrl Pts',(16.4500624448838,41.9659414319535,-4.29827322617158));
#8745=CARTESIAN_POINT('Ctrl Pts',(16.5168898652017,41.7735364288092,-4.0239718166006));
#8746=CARTESIAN_POINT('',(15.9999952573542,45.4877259582281,-5.74457585593938));
#8747=CARTESIAN_POINT('Ctrl Pts',(15.9999952573542,45.4877259582281,-5.74457585593938));
#8748=CARTESIAN_POINT('Ctrl Pts',(16.0040763779509,45.0678478615594,-5.7332089749323));
#8749=CARTESIAN_POINT('Ctrl Pts',(16.0122659510801,44.2891309765388,-5.71234842384226));
#8750=CARTESIAN_POINT('Ctrl Pts',(16.1050649581814,43.5523437510864,-5.44462398196551));
#8751=CARTESIAN_POINT('Ctrl Pts',(16.1459293331789,43.2128264755011,-5.32061706646829));
#8752=CARTESIAN_POINT('',(16.144718734143,47.4147345870733,-5.32428934181946));
#8753=CARTESIAN_POINT('Ctrl Pts',(16.144718734143,47.4147345870733,-5.32428934181946));
#8754=CARTESIAN_POINT('Ctrl Pts',(16.1041254149269,47.1148531725342,-5.44737951952295));
#8755=CARTESIAN_POINT('Ctrl Pts',(16.0163147196565,46.4944608612147,-5.70074080800648));
#8756=CARTESIAN_POINT('Ctrl Pts',(16.005378821689,45.8306618774583,-5.72958136270193));
#8757=CARTESIAN_POINT('Ctrl Pts',(15.9999952573542,45.4877259582281,-5.74457585593938));
#8758=CARTESIAN_POINT('',(16.4909370528703,48.7278344482183,-4.12904288162151));
#8759=CARTESIAN_POINT('Ctrl Pts',(16.4909370528703,48.7278344482183,-4.12904288162151));
#8760=CARTESIAN_POINT('Ctrl Pts',(16.429253857452,48.5548080604268,-4.37539868901479));
#8761=CARTESIAN_POINT('Ctrl Pts',(16.2886768284938,48.1980610140572,-4.87988670202306));
#8762=CARTESIAN_POINT('Ctrl Pts',(16.1944456647264,47.6810099736129,-5.17350352680468));
#8763=CARTESIAN_POINT('Ctrl Pts',(16.144718734143,47.4147345870733,-5.32428934181946));
#8764=CARTESIAN_POINT('',(16.8214385770835,49.1848590224981,-2.45747923641442));
#8765=CARTESIAN_POINT('Ctrl Pts',(16.8214385770835,49.1848590224981,-2.45747923641442));
#8766=CARTESIAN_POINT('Ctrl Pts',(16.7782220164326,49.1647774445019,-2.75329647455391));
#8767=CARTESIAN_POINT('Ctrl Pts',(16.6737924512314,49.1240467507681,-3.35079003184409));
#8768=CARTESIAN_POINT('Ctrl Pts',(16.5562493997972,48.8611263851344,-3.86819264760218));
#8769=CARTESIAN_POINT('Ctrl Pts',(16.4909370528703,48.7278344482183,-4.12904288162151));
#8770=CARTESIAN_POINT('',(16.9785414390585,48.7687613815069,-0.853891446364501));
#8771=CARTESIAN_POINT('Ctrl Pts',(16.9785414390585,48.7687613815069,-0.853891446364501));
#8772=CARTESIAN_POINT('Ctrl Pts',(16.9662294823427,48.8901072647378,-1.09869898974141));
#8773=CARTESIAN_POINT('Ctrl Pts',(16.9310874855893,49.1379645228233,-1.59826733741554));
#8774=CARTESIAN_POINT('Ctrl Pts',(16.8637473989893,49.169011841124,-2.16787546747425));
#8775=CARTESIAN_POINT('Ctrl Pts',(16.8214385770835,49.1848590224981,-2.45747923641442));
#8776=CARTESIAN_POINT('',(16.9973264420292,47.4795367568731,0.301486024711578));
#8777=CARTESIAN_POINT('Ctrl Pts',(16.9973264420292,47.4795367568731,0.301486024711578));
#8778=CARTESIAN_POINT('Ctrl Pts',(17.0000454464984,47.7460204218292,0.148192661927909));
#8779=CARTESIAN_POINT('Ctrl Pts',(17.002918479712,48.2454232699451,-0.139171816958559));
#8780=CARTESIAN_POINT('Ctrl Pts',(16.9899657613999,48.6023107214755,-0.6267333794777));
#8781=CARTESIAN_POINT('Ctrl Pts',(16.9785414390585,48.7687613815069,-0.853891446364501));
#8782=CARTESIAN_POINT('',(16.9691489567844,45.2660300582647,1.02371074159745));
#8783=CARTESIAN_POINT('Ctrl Pts',(16.9691489567844,45.2660300582647,1.02371074159745));
#8784=CARTESIAN_POINT('Ctrl Pts',(16.9761152040809,45.7229115057975,0.908237411837936));
#8785=CARTESIAN_POINT('Ctrl Pts',(16.9863034345524,46.4741067610642,0.718287335509155));
#8786=CARTESIAN_POINT('Ctrl Pts',(16.9952449441222,47.1965053218064,0.418837730967299));
#8787=CARTESIAN_POINT('Ctrl Pts',(16.9973264420292,47.4795367568731,0.301486024711578));
#8788=CARTESIAN_POINT('',(16.9013617790634,43.270805105567,1.82865251297599));
#8789=CARTESIAN_POINT('Ctrl Pts',(16.9013617790634,43.270805105567,1.82865251297599));
#8790=CARTESIAN_POINT('Ctrl Pts',(16.9167503474657,43.4973000134702,1.68642332509951));
#8791=CARTESIAN_POINT('Ctrl Pts',(16.9528480151125,44.1198610648784,1.29484056188561));
#8792=CARTESIAN_POINT('Ctrl Pts',(16.9627900061012,44.8203726722431,1.12911745168508));
#8793=CARTESIAN_POINT('Ctrl Pts',(16.9691489567844,45.2660300582647,1.02371074159745));
#8794=CARTESIAN_POINT('',(16.763793261347,42.8819920867682,2.82404594346764));
#8795=CARTESIAN_POINT('Ctrl Pts',(16.763793261347,42.8819920867682,2.82404594346764));
#8796=CARTESIAN_POINT('Ctrl Pts',(16.796010257556,42.8975854443404,2.63280292732676));
#8797=CARTESIAN_POINT('Ctrl Pts',(16.8526007438233,42.9284866157546,2.25262356790047));
#8798=CARTESIAN_POINT('Ctrl Pts',(16.8861551902383,43.1574040497405,1.96919975053735));
#8799=CARTESIAN_POINT('Ctrl Pts',(16.9013617790634,43.270805105567,1.82865251297599));
#8800=CARTESIAN_POINT('',(16.5223641210269,43.4311082214117,4.00143522404201));
#8801=CARTESIAN_POINT('Ctrl Pts',(16.5223641210269,43.4311082214117,4.00143522404201));
#8802=CARTESIAN_POINT('Ctrl Pts',(16.5624212345368,43.2710134781788,3.83603501686847));
#8803=CARTESIAN_POINT('Ctrl Pts',(16.6361591989241,42.9620684698261,3.51594993928737));
#8804=CARTESIAN_POINT('Ctrl Pts',(16.7257923885886,42.9080285959649,3.04962257622249));
#8805=CARTESIAN_POINT('Ctrl Pts',(16.763793261347,42.8819920867682,2.82404594346764));
#8806=CARTESIAN_POINT('',(16.3979058493731,45.1807668060064,4.48427070493035));
#8807=CARTESIAN_POINT('Ctrl Pts',(16.3979058493731,45.1807668060064,4.48427070493035));
#8808=CARTESIAN_POINT('Ctrl Pts',(16.3995158734917,44.8262206800397,4.47838323165986));
#8809=CARTESIAN_POINT('Ctrl Pts',(16.4033092769169,44.2050529215813,4.46833080997042));
#8810=CARTESIAN_POINT('Ctrl Pts',(16.4883033931861,43.6635399237061,4.14207569829759));
#8811=CARTESIAN_POINT('Ctrl Pts',(16.5223641210269,43.4311082214117,4.00143522404201));
#8812=CARTESIAN_POINT('',(16.5341198189705,46.9236066192389,3.95257913417628));
#8813=CARTESIAN_POINT('Ctrl Pts',(16.5341198189705,46.9236066192389,3.95257913417628));
#8814=CARTESIAN_POINT('Ctrl Pts',(16.4970150994272,46.6859215405022,4.1077926942222));
#8815=CARTESIAN_POINT('Ctrl Pts',(16.4069823554922,46.1513397775027,4.45526405841345));
#8816=CARTESIAN_POINT('Ctrl Pts',(16.4007663022004,45.527330084972,4.47381071283));
#8817=CARTESIAN_POINT('Ctrl Pts',(16.3979058493731,45.1807668060064,4.48427070493035));
#8818=CARTESIAN_POINT('',(16.8356723587256,47.6159646362066,2.35799411145174));
#8819=CARTESIAN_POINT('Ctrl Pts',(16.8356723587257,47.6159646362066,2.35799411145174));
#8820=CARTESIAN_POINT('Ctrl Pts',(16.7899430135108,47.5682764865458,2.68449377041059));
#8821=CARTESIAN_POINT('Ctrl Pts',(16.683826376534,47.4784699024174,3.29643279179649));
#8822=CARTESIAN_POINT('Ctrl Pts',(16.584069669014,47.1007524940676,3.74363282911263));
#8823=CARTESIAN_POINT('Ctrl Pts',(16.5341198189705,46.9236066192389,3.95257913417628));
#8824=CARTESIAN_POINT('',(16.8203189228236,48.8847234100103,2.46513109884699));
#8825=CARTESIAN_POINT('Ctrl Pts',(16.8203189228236,48.8847234100103,2.46513109884699));
#8826=CARTESIAN_POINT('Ctrl Pts',(16.8255504000399,48.4618038187424,2.4294351817994));
#8827=CARTESIAN_POINT('Ctrl Pts',(16.8306682465808,48.0388842274745,2.39372261141152));
#8828=CARTESIAN_POINT('Ctrl Pts',(16.8356723587256,47.6159646362066,2.35799411145174));
#8829=CARTESIAN_POINT('',(16.469117601045,48.3935906738043,4.21523017674607));
#8830=CARTESIAN_POINT('Ctrl Pts',(16.469117601045,48.3935906738043,4.21523017674607));
#8831=CARTESIAN_POINT('Ctrl Pts',(16.5370433274994,48.528384999578,3.94984092628816));
#8832=CARTESIAN_POINT('Ctrl Pts',(16.6628833580702,48.802039260411,3.4079230462166));
#8833=CARTESIAN_POINT('Ctrl Pts',(16.773668232817,48.8568903905455,2.78344256075992));
#8834=CARTESIAN_POINT('Ctrl Pts',(16.8203189228236,48.8847234100103,2.46513109884699));
#8835=CARTESIAN_POINT('',(16.1325702247747,47.0873143523932,5.36098665757654));
#8836=CARTESIAN_POINT('Ctrl Pts',(16.1325702247747,47.0873143523932,5.36098665757654));
#8837=CARTESIAN_POINT('Ctrl Pts',(16.1790815106391,47.3518469048186,5.22102238730685));
#8838=CARTESIAN_POINT('Ctrl Pts',(16.2678472222486,47.8669256348049,4.94784667915017));
#8839=CARTESIAN_POINT('Ctrl Pts',(16.4074713764727,48.2212426858071,4.45608509559289));
#8840=CARTESIAN_POINT('Ctrl Pts',(16.469117601045,48.3935906738043,4.21523017674607));
#8841=CARTESIAN_POINT('',(15.9999943442783,45.1261975616217,5.74457839907006));
#8842=CARTESIAN_POINT('Ctrl Pts',(15.9999943442783,45.1261975616217,5.74457839907006));
#8843=CARTESIAN_POINT('Ctrl Pts',(16.0045239071987,45.4783155201454,5.73196250699333));
#8844=CARTESIAN_POINT('Ctrl Pts',(16.0136217013145,46.1501828790412,5.70805246269663));
#8845=CARTESIAN_POINT('Ctrl Pts',(16.0952631583241,46.7851338740244,5.47325309430478));
#8846=CARTESIAN_POINT('Ctrl Pts',(16.1325702247747,47.0873143523932,5.36098665757654));
#8847=CARTESIAN_POINT('',(16.126465113513,43.2912709563971,5.379323651041));
#8848=CARTESIAN_POINT('Ctrl Pts',(16.126465113513,43.2912709563971,5.379323651041));
#8849=CARTESIAN_POINT('Ctrl Pts',(16.0908002972359,43.579062121986,5.4862418163684));
#8850=CARTESIAN_POINT('Ctrl Pts',(16.0142619121013,44.173367353131,5.70605526510327));
#8851=CARTESIAN_POINT('Ctrl Pts',(16.0047174045504,44.801986188643,5.73142357161523));
#8852=CARTESIAN_POINT('Ctrl Pts',(15.9999943442783,45.1261975616217,5.74457839907006));
#8853=CARTESIAN_POINT('',(16.4488026800849,42.0361544936895,4.29382002319966));
#8854=CARTESIAN_POINT('Ctrl Pts',(16.4488026800849,42.0361544936895,4.29382002319966));
#8855=CARTESIAN_POINT('Ctrl Pts',(16.3892668096336,42.2003003084309,4.52189054784916));
#8856=CARTESIAN_POINT('Ctrl Pts',(16.2543009870004,42.5401745726676,4.99098993124987));
#8857=CARTESIAN_POINT('Ctrl Pts',(16.1705515063864,43.0352812196887,5.24715876884114));
#8858=CARTESIAN_POINT('Ctrl Pts',(16.126465113513,43.2912709563971,5.379323651041));
#8859=CARTESIAN_POINT('',(16.7801950583771,41.6064145416021,2.72489519116157));
#8860=CARTESIAN_POINT('Ctrl Pts',(16.7801950583771,41.6064145416021,2.72489519116157));
#8861=CARTESIAN_POINT('Ctrl Pts',(16.7349001973198,41.625025825508,3.00382577394129));
#8862=CARTESIAN_POINT('Ctrl Pts',(16.6284994087547,41.6626239768917,3.56485386675419));
#8863=CARTESIAN_POINT('Ctrl Pts',(16.512423944095,41.9108178840345,4.05009913776315));
#8864=CARTESIAN_POINT('Ctrl Pts',(16.4488026800849,42.0361544936895,4.29382002319966));
#8865=CARTESIAN_POINT('',(16.9483253864341,41.9577100127935,1.32448729535419));
#8866=CARTESIAN_POINT('Ctrl Pts',(16.9483253864341,41.9577100127935,1.32448729535419));
#8867=CARTESIAN_POINT('Ctrl Pts',(16.9313508806918,41.8552532421086,1.54169545401468));
#8868=CARTESIAN_POINT('Ctrl Pts',(16.8890989207837,41.6477780117048,1.98094880614498));
#8869=CARTESIAN_POINT('Ctrl Pts',(16.8206930812095,41.6203153916228,2.47550404950944));
#8870=CARTESIAN_POINT('Ctrl Pts',(16.7801950583771,41.6064145416021,2.72489519116157));
#8871=CARTESIAN_POINT('',(16.9978467179532,43.0252435058355,0.270567834318913));
#8872=CARTESIAN_POINT('Ctrl Pts',(16.9978467179532,43.0252435058355,0.270567834318913));
#8873=CARTESIAN_POINT('Ctrl Pts',(16.9955551785618,42.8053345673162,0.414528905750842));
#8874=CARTESIAN_POINT('Ctrl Pts',(16.9889471064106,42.3881206599964,0.687648806971564));
#8875=CARTESIAN_POINT('Ctrl Pts',(16.9642878278279,42.0959029351231,1.12022965418782));
#8876=CARTESIAN_POINT('Ctrl Pts',(16.9483253864341,41.9577100127935,1.32448729535419));
#8877=CARTESIAN_POINT('',(16.994388984897,44.9556615203619,-0.436741376572426));
#8878=CARTESIAN_POINT('Ctrl Pts',(16.994388984897,44.9556615203619,-0.436741376572426));
#8879=CARTESIAN_POINT('Ctrl Pts',(16.9971355574784,44.5608442751339,-0.329867319461594));
#8880=CARTESIAN_POINT('Ctrl Pts',(17.0007555718859,43.9005052148965,-0.151078954487311));
#8881=CARTESIAN_POINT('Ctrl Pts',(16.999771295376,43.2762543043382,0.149660365357677));
#8882=CARTESIAN_POINT('Ctrl Pts',(16.9978467179532,43.0252435058355,0.270567834318913));
#8883=CARTESIAN_POINT('',(16.9712084501409,46.7360188812017,-0.988981163554439));
#8884=CARTESIAN_POINT('Ctrl Pts',(16.9712084501409,46.7360188812017,-0.988981163554439));
#8885=CARTESIAN_POINT('Ctrl Pts',(16.9757497801398,46.5211681952134,-0.911050601384031));
#8886=CARTESIAN_POINT('Ctrl Pts',(16.9864996943308,45.9348628514153,-0.698292507405069));
#8887=CARTESIAN_POINT('Ctrl Pts',(16.9917818357676,45.3354319166435,-0.53819021752187));
#8888=CARTESIAN_POINT('Ctrl Pts',(16.994388984897,44.9556615203619,-0.436741376572426));
#8889=CARTESIAN_POINT('',(16.9191875835058,47.6364304870367,-1.65562420680068));
#8890=CARTESIAN_POINT('Ctrl Pts',(16.9191875835058,47.6364304870367,-1.65562420680068));
#8891=CARTESIAN_POINT('Ctrl Pts',(16.931963572986,47.521352706092,-1.52506356284945));
#8892=CARTESIAN_POINT('Ctrl Pts',(16.9565096902903,47.2635625543411,-1.23220659432852));
#8893=CARTESIAN_POINT('Ctrl Pts',(16.9661574716701,46.924000239763,-1.07565744381641));
#8894=CARTESIAN_POINT('Ctrl Pts',(16.9712084501409,46.7360188812017,-0.988981163554439));
#8895=CARTESIAN_POINT('',(16.803112702794,47.9092814773321,-2.57980687207464));
#8896=CARTESIAN_POINT('Ctrl Pts',(16.803112702794,47.9092814773321,-2.57980687207464));
#8897=CARTESIAN_POINT('Ctrl Pts',(16.8290807236761,47.8986267786473,-2.4106687919051));
#8898=CARTESIAN_POINT('Ctrl Pts',(16.8748231333413,47.8776391549967,-2.07668166608338));
#8899=CARTESIAN_POINT('Ctrl Pts',(16.9055848899951,47.7160073519783,-1.79463312090247));
#8900=CARTESIAN_POINT('Ctrl Pts',(16.9191875835058,47.6364304870367,-1.65562420680068));
#8901=CARTESIAN_POINT('',(16.6286018820774,47.6261975616217,-3.53406273959172));
#8902=CARTESIAN_POINT('Ctrl Pts',(16.6286018820774,47.6261975616217,-3.53406273959172));
#8903=CARTESIAN_POINT('Ctrl Pts',(16.6598982457747,47.7087600663232,-3.38680593895576));
#8904=CARTESIAN_POINT('Ctrl Pts',(16.7182792517761,47.8720429550717,-3.09482149190163));
#8905=CARTESIAN_POINT('Ctrl Pts',(16.7769102356132,47.8969623482329,-2.75047197646505));
#8906=CARTESIAN_POINT('Ctrl Pts',(16.803112702794,47.9092814773321,-2.57980687207464));
#8907=CARTESIAN_POINT('',(16.4691182710376,46.7633035033941,-4.21522755905027));
#8908=CARTESIAN_POINT('Ctrl Pts',(16.4691182710376,46.7633035033941,-4.21522755905027));
#8909=CARTESIAN_POINT('Ctrl Pts',(16.4907837003004,46.9405089523386,-4.13057957458813));
#8910=CARTESIAN_POINT('Ctrl Pts',(16.5308722106828,47.2728242835546,-3.97168834141209));
#8911=CARTESIAN_POINT('Ctrl Pts',(16.598938353034,47.5137460797488,-3.67363666660618));
#8912=CARTESIAN_POINT('Ctrl Pts',(16.6286018820774,47.6261975616217,-3.53406273959172));
#8913=CARTESIAN_POINT('',(16.4040088789878,45.4263331741095,-4.46189339833324));
#8914=CARTESIAN_POINT('Ctrl Pts',(16.4040088789878,45.4263331741095,-4.46189339833324));
#8915=CARTESIAN_POINT('Ctrl Pts',(16.4061932229336,45.6659180381478,-4.45386272743117));
#8916=CARTESIAN_POINT('Ctrl Pts',(16.4105384468918,46.1221474878792,-4.43862049813982));
#8917=CARTESIAN_POINT('Ctrl Pts',(16.4506809872412,46.556871137107,-4.28726300747765));
#8918=CARTESIAN_POINT('Ctrl Pts',(16.4691182710376,46.7633035033941,-4.21522755905027));
#8919=CARTESIAN_POINT('',(16.4890576915888,43.8915421813726,-4.13654160422164));
#8920=CARTESIAN_POINT('Ctrl Pts',(16.4890576915888,43.8915421813726,-4.13654160422164));
#8921=CARTESIAN_POINT('Ctrl Pts',(16.4651993272562,44.1306988839069,-4.23164567509719));
#8922=CARTESIAN_POINT('Ctrl Pts',(16.4134971306046,44.6264421885827,-4.42821162069624));
#8923=CARTESIAN_POINT('Ctrl Pts',(16.4071410622145,45.1535255823866,-4.45037802652256));
#8924=CARTESIAN_POINT('Ctrl Pts',(16.4040088789878,45.4263331741095,-4.46189339833324));
#8925=CARTESIAN_POINT('',(16.6812543957501,42.8854062408209,-3.27654570916831));
#8926=CARTESIAN_POINT('Ctrl Pts',(16.6812543957501,42.8854062408209,-3.27654570916831));
#8927=CARTESIAN_POINT('Ctrl Pts',(16.6473059202019,43.0150074004026,-3.44938113013662));
#8928=CARTESIAN_POINT('Ctrl Pts',(16.5678021026868,43.2924559027322,-3.81800975081343));
#8929=CARTESIAN_POINT('Ctrl Pts',(16.5168109502635,43.6832793558622,-4.0259117285423));
#8930=CARTESIAN_POINT('Ctrl Pts',(16.4890576915888,43.8915421813726,-4.13654160422164));
#8931=CARTESIAN_POINT('',(16.8937362869611,42.4727179855108,-1.89780775280717));
#8932=CARTESIAN_POINT('Ctrl Pts',(16.8937362869611,42.4727179855108,-1.89780775280717));
#8933=CARTESIAN_POINT('Ctrl Pts',(16.8643245822976,42.5079312230823,-2.15962224987575));
#8934=CARTESIAN_POINT('Ctrl Pts',(16.797255921938,42.5738368644265,-2.64825803733632));
#8935=CARTESIAN_POINT('Ctrl Pts',(16.7203769107691,42.7864103129846,-3.07736868447168));
#8936=CARTESIAN_POINT('Ctrl Pts',(16.6812543957501,42.8854062408209,-3.27654570916831));
#8937=CARTESIAN_POINT('',(16.8794806652776,41.2244202941656,-2.02067624089549));
#8938=CARTESIAN_POINT('Ctrl Pts',(16.8794806652776,41.2244202941656,-2.02067624089549));
#8939=CARTESIAN_POINT('Ctrl Pts',(16.8843815179196,41.640519524614,-1.97973754634347));
#8940=CARTESIAN_POINT('Ctrl Pts',(16.8891334337423,42.0566187550624,-1.93878102227019));
#8941=CARTESIAN_POINT('Ctrl Pts',(16.8937362869611,42.4727179855108,-1.89780775280717));
#8942=CARTESIAN_POINT('Ctrl Pts',(16.5168898652017,41.7735364288092,-4.0239718166006));
#8943=CARTESIAN_POINT('Ctrl Pts',(16.5908968624401,41.6201452942884,-3.72020094584135));
#8944=CARTESIAN_POINT('Ctrl Pts',(16.725302081471,41.3089412872623,-3.09999597202801));
#8945=CARTESIAN_POINT('Ctrl Pts',(16.8358831992535,41.2528595706388,-2.38486253156175));
#8946=CARTESIAN_POINT('Ctrl Pts',(16.8794806652776,41.2244202941656,-2.02067624089549));
#8947=CARTESIAN_POINT('Ctrl Pts',(14.2464082351578,43.2128264755011,-4.69466211747202));
#8948=CARTESIAN_POINT('Ctrl Pts',(14.8795819344982,43.2128264755011,-4.90331376713744));
#8949=CARTESIAN_POINT('Ctrl Pts',(15.5127556338385,43.2128264755011,-5.11196541680287));
#8950=CARTESIAN_POINT('Ctrl Pts',(16.1459293331789,43.2128264755011,-5.32061706646829));
#8951=CARTESIAN_POINT('Ctrl Pts',(14.2923253031814,42.924679073647,-4.5553223141684));
#8952=CARTESIAN_POINT('Ctrl Pts',(14.9275221577651,42.924679073647,-4.75777588543596));
#8953=CARTESIAN_POINT('Ctrl Pts',(15.5627718223553,42.924679073647,-4.96024505145663));
#8954=CARTESIAN_POINT('Ctrl Pts',(16.1979686769389,42.924679073647,-5.16269862272419));
#8955=CARTESIAN_POINT('Ctrl Pts',(14.3808053902201,42.3559146222207,-4.27951458529148));
#8956=CARTESIAN_POINT('Ctrl Pts',(15.0199518912335,42.3559146222207,-4.46971504750169));
#8957=CARTESIAN_POINT('Ctrl Pts',(15.6590996079027,42.3559146222207,-4.65991606778679));
#8958=CARTESIAN_POINT('Ctrl Pts',(16.2982461089161,42.3559146222207,-4.85011652999701));
#8959=CARTESIAN_POINT('Ctrl Pts',(14.5147609807798,41.9659414319535,-3.79259402309257));
#8960=CARTESIAN_POINT('Ctrl Pts',(15.1598803015053,41.9659414319535,-3.9611594730211));
#8961=CARTESIAN_POINT('Ctrl Pts',(15.8049431241583,41.9659414319535,-4.12970777624304));
#8962=CARTESIAN_POINT('Ctrl Pts',(16.4500624448838,41.9659414319535,-4.29827322617158));
#8963=CARTESIAN_POINT('Ctrl Pts',(14.5737263516486,41.7735364288092,-3.55056336758877));
#8964=CARTESIAN_POINT('Ctrl Pts',(15.221447522833,41.7735364288092,-3.70836618392605));
#8965=CARTESIAN_POINT('Ctrl Pts',(15.8691686940174,41.7735364288092,-3.86616900026333));
#8966=CARTESIAN_POINT('Ctrl Pts',(16.5168898652017,41.7735364288092,-4.0239718166006));
#8967=CARTESIAN_POINT('',(14.2464082351578,43.2128264755011,-4.69466211747202));
#8968=CARTESIAN_POINT('',(14.5737263516486,41.7735364288092,-3.55056336758877));
#8969=CARTESIAN_POINT('Ctrl Pts',(14.1176428741361,45.4877259582281,-5.06874340229945));
#8970=CARTESIAN_POINT('Ctrl Pts',(14.7450936685421,45.4877259582281,-5.29402088684609));
#8971=CARTESIAN_POINT('Ctrl Pts',(15.3725444629482,45.4877259582281,-5.51929837139273));
#8972=CARTESIAN_POINT('Ctrl Pts',(15.9999952573542,45.4877259582281,-5.74457585593938));
#8973=CARTESIAN_POINT('Ctrl Pts',(14.1212438628978,45.0678478615594,-5.05871380141086));
#8974=CARTESIAN_POINT('Ctrl Pts',(14.7488483844565,45.0678478615594,-5.28354327772221));
#8975=CARTESIAN_POINT('Ctrl Pts',(15.3764718563921,45.0678478615594,-5.50837949862095));
#8976=CARTESIAN_POINT('Ctrl Pts',(16.0040763779509,45.0678478615594,-5.7332089749323));
#8977=CARTESIAN_POINT('Ctrl Pts',(14.1284699568354,44.2891309765388,-5.04030743280199));
#8978=CARTESIAN_POINT('Ctrl Pts',(14.7564016309385,44.2891309765388,-5.26432097173958));
#8979=CARTESIAN_POINT('Ctrl Pts',(15.3843342769771,44.2891309765388,-5.48833488490467));
#8980=CARTESIAN_POINT('Ctrl Pts',(16.0122659510801,44.2891309765388,-5.71234842384226));
#8981=CARTESIAN_POINT('Ctrl Pts',(14.2103514336894,43.5523437510864,-4.80407998408721));
#8982=CARTESIAN_POINT('Ctrl Pts',(14.8419296263316,43.5523437510864,-5.01759716844948));
#8983=CARTESIAN_POINT('Ctrl Pts',(15.4734867655391,43.5523437510864,-5.23110679760323));
#8984=CARTESIAN_POINT('Ctrl Pts',(16.1050649581814,43.5523437510864,-5.44462398196551));
#8985=CARTESIAN_POINT('Ctrl Pts',(14.2464082351578,43.2128264755011,-4.69466211747202));
#8986=CARTESIAN_POINT('Ctrl Pts',(14.8795819344982,43.2128264755011,-4.90331376713744));
#8987=CARTESIAN_POINT('Ctrl Pts',(15.5127556338385,43.2128264755011,-5.11196541680287));
#8988=CARTESIAN_POINT('Ctrl Pts',(16.1459293331789,43.2128264755011,-5.32061706646829));
#8989=CARTESIAN_POINT('',(14.1176428741361,45.4877259582281,-5.06874340229945));
#8990=CARTESIAN_POINT('Ctrl Pts',(14.2453400595379,47.4147345870733,-4.69790236042894));
#8991=CARTESIAN_POINT('Ctrl Pts',(14.8784662844063,47.4147345870733,-4.90669802089244));
#8992=CARTESIAN_POINT('Ctrl Pts',(15.5115925092746,47.4147345870733,-5.11549368135595));
#8993=CARTESIAN_POINT('Ctrl Pts',(16.144718734143,47.4147345870733,-5.32428934181946));
#8994=CARTESIAN_POINT('Ctrl Pts',(14.2095224249355,47.1148531725342,-4.80651134075555));
#8995=CARTESIAN_POINT('Ctrl Pts',(14.8410632020291,47.1148531725342,-5.02013638248843));
#8996=CARTESIAN_POINT('Ctrl Pts',(15.4725846378333,47.1148531725342,-5.23375447779006));
#8997=CARTESIAN_POINT('Ctrl Pts',(16.1041254149269,47.1148531725342,-5.44737951952295));
#8998=CARTESIAN_POINT('Ctrl Pts',(14.132042399697,46.4944608612147,-5.03006541882924));
#8999=CARTESIAN_POINT('Ctrl Pts',(14.7601327661646,46.4944608612147,-5.25362372854149));
#9000=CARTESIAN_POINT('Ctrl Pts',(15.3882243531889,46.4944608612147,-5.47718249829423));
#9001=CARTESIAN_POINT('Ctrl Pts',(16.0163147196565,46.4944608612147,-5.70074080800648));
#9002=CARTESIAN_POINT('Ctrl Pts',(14.1223930779609,45.8306618774583,-5.05551296708994));
#9003=CARTESIAN_POINT('Ctrl Pts',(14.7500497908834,45.8306618774583,-5.28020057902295));
#9004=CARTESIAN_POINT('Ctrl Pts',(15.3777221087665,45.8306618774583,-5.50489375076892));
#9005=CARTESIAN_POINT('Ctrl Pts',(16.005378821689,45.8306618774583,-5.72958136270193));
#9006=CARTESIAN_POINT('Ctrl Pts',(14.1176428741361,45.4877259582281,-5.06874340229945));
#9007=CARTESIAN_POINT('Ctrl Pts',(14.7450936685421,45.4877259582281,-5.29402088684609));
#9008=CARTESIAN_POINT('Ctrl Pts',(15.3725444629482,45.4877259582281,-5.51929837139273));
#9009=CARTESIAN_POINT('Ctrl Pts',(15.9999952573542,45.4877259582281,-5.74457585593938));
#9010=CARTESIAN_POINT('',(14.2453400595379,47.4147345870733,-4.69790236042894));
#9011=CARTESIAN_POINT('Ctrl Pts',(14.5508268113562,48.7278344482183,-3.64327313084251));
#9012=CARTESIAN_POINT('Ctrl Pts',(15.1975302251942,48.7278344482183,-3.80519638110217));
#9013=CARTESIAN_POINT('Ctrl Pts',(15.8442336390323,48.7278344482183,-3.96711963136184));
#9014=CARTESIAN_POINT('Ctrl Pts',(16.4909370528703,48.7278344482183,-4.12904288162151));
#9015=CARTESIAN_POINT('Ctrl Pts',(14.4964004624576,48.5548080604268,-3.86064590207187));
#9016=CARTESIAN_POINT('Ctrl Pts',(15.1406999142086,48.5548080604268,-4.03223471832345));
#9017=CARTESIAN_POINT('Ctrl Pts',(15.7849544057011,48.5548080604268,-4.20380987276321));
#9018=CARTESIAN_POINT('Ctrl Pts',(16.429253857452,48.5548080604268,-4.37539868901479));
#9019=CARTESIAN_POINT('Ctrl Pts',(14.3723619074945,48.1980610140572,-4.30578238413799));
#9020=CARTESIAN_POINT('Ctrl Pts',(15.0111334084759,48.1980610140572,-4.49715039989032));
#9021=CARTESIAN_POINT('Ctrl Pts',(15.6499053275124,48.1980610140572,-4.68851868627074));
#9022=CARTESIAN_POINT('Ctrl Pts',(16.2886768284938,48.1980610140572,-4.87988670202306));
#9023=CARTESIAN_POINT('Ctrl Pts',(14.2892167629938,47.6810099736129,-4.56485605306296));
#9024=CARTESIAN_POINT('Ctrl Pts',(14.9242782961291,47.6810099736129,-4.76773416857153));
#9025=CARTESIAN_POINT('Ctrl Pts',(15.5593841315911,47.6810099736129,-4.97062541129611));
#9026=CARTESIAN_POINT('Ctrl Pts',(16.1944456647264,47.6810099736129,-5.17350352680468));
#9027=CARTESIAN_POINT('Ctrl Pts',(14.2453400595379,47.4147345870733,-4.69790236042894));
#9028=CARTESIAN_POINT('Ctrl Pts',(14.8784662844063,47.4147345870733,-4.90669802089244));
#9029=CARTESIAN_POINT('Ctrl Pts',(15.5115925092746,47.4147345870733,-5.11549368135595));
#9030=CARTESIAN_POINT('Ctrl Pts',(16.144718734143,47.4147345870733,-5.32428934181946));
#9031=CARTESIAN_POINT('',(14.5508268113562,48.7278344482183,-3.64327313084251));
#9032=CARTESIAN_POINT('Ctrl Pts',(14.8424458033089,49.1848590224981,-2.16836403213037));
#9033=CARTESIAN_POINT('Ctrl Pts',(15.5021100612338,49.1848590224981,-2.26473576689172));
#9034=CARTESIAN_POINT('Ctrl Pts',(16.1617743191586,49.1848590224981,-2.36110750165307));
#9035=CARTESIAN_POINT('Ctrl Pts',(16.8214385770835,49.1848590224981,-2.45747923641442));
#9036=CARTESIAN_POINT('Ctrl Pts',(14.8043135439111,49.1647774445019,-2.42937924225345));
#9037=CARTESIAN_POINT('Ctrl Pts',(15.4622903198212,49.1647774445019,-2.53735314976088));
#9038=CARTESIAN_POINT('Ctrl Pts',(16.1202452405225,49.1647774445019,-2.64532256704648));
#9039=CARTESIAN_POINT('Ctrl Pts',(16.7782220164326,49.1647774445019,-2.75329647455391));
#9040=CARTESIAN_POINT('Ctrl Pts',(14.7121698099101,49.1240467507681,-2.95657943986243));
#9041=CARTESIAN_POINT('Ctrl Pts',(15.3660440294479,49.1240467507681,-3.08798294082096));
#9042=CARTESIAN_POINT('Ctrl Pts',(16.0199182316935,49.1240467507681,-3.21938653088556));
#9043=CARTESIAN_POINT('Ctrl Pts',(16.6737924512314,49.1240467507681,-3.35079003184409));
#9044=CARTESIAN_POINT('Ctrl Pts',(14.6084553527622,48.8611263851344,-3.41311115964898));
#9045=CARTESIAN_POINT('Ctrl Pts',(15.2577126747378,48.8611263851344,-3.56480354927749));
#9046=CARTESIAN_POINT('Ctrl Pts',(15.9069920778217,48.8611263851344,-3.71650025797368));
#9047=CARTESIAN_POINT('Ctrl Pts',(16.5562493997972,48.8611263851344,-3.86819264760218));
#9048=CARTESIAN_POINT('Ctrl Pts',(14.5508268113562,48.7278344482183,-3.64327313084251));
#9049=CARTESIAN_POINT('Ctrl Pts',(15.1975302251942,48.7278344482183,-3.80519638110217));
#9050=CARTESIAN_POINT('Ctrl Pts',(15.8442336390323,48.7278344482183,-3.96711963136184));
#9051=CARTESIAN_POINT('Ctrl Pts',(16.4909370528703,48.7278344482183,-4.12904288162151));
#9052=CARTESIAN_POINT('',(14.8424458033089,49.1848590224981,-2.16836403213037));
#9053=CARTESIAN_POINT('Ctrl Pts',(14.9810659756398,48.7687613815069,-0.753433629145148));
#9054=CARTESIAN_POINT('Ctrl Pts',(15.6468911301127,48.7687613815069,-0.786919568218265));
#9055=CARTESIAN_POINT('Ctrl Pts',(16.3127162845856,48.7687613815069,-0.820405507291383));
#9056=CARTESIAN_POINT('Ctrl Pts',(16.9785414390585,48.7687613815069,-0.853891446364501));
#9057=CARTESIAN_POINT('Ctrl Pts',(14.97020248442,48.8901072647378,-0.969440285065947));
#9058=CARTESIAN_POINT('Ctrl Pts',(15.6355383966519,48.8901072647378,-1.01252589928194));
#9059=CARTESIAN_POINT('Ctrl Pts',(16.3008935701108,48.8901072647378,-1.05561337552541));
#9060=CARTESIAN_POINT('Ctrl Pts',(16.9662294823427,48.8901072647378,-1.09869898974141));
#9061=CARTESIAN_POINT('Ctrl Pts',(14.9391948402259,49.1379645228233,-1.41023588595489));
#9062=CARTESIAN_POINT('Ctrl Pts',(15.6031588924016,49.1379645228233,-1.4729130471406));
#9063=CARTESIAN_POINT('Ctrl Pts',(16.2671234334136,49.1379645228233,-1.53559017622984));
#9064=CARTESIAN_POINT('Ctrl Pts',(16.9310874855893,49.1379645228233,-1.59826733741554));
#9065=CARTESIAN_POINT('Ctrl Pts',(14.8797771167553,49.169011841124,-1.91283129483022));
#9066=CARTESIAN_POINT('Ctrl Pts',(15.5411075816351,49.169011841124,-1.99784663635889));
#9067=CARTESIAN_POINT('Ctrl Pts',(16.2024169341095,49.169011841124,-2.08286012594558));
#9068=CARTESIAN_POINT('Ctrl Pts',(16.8637473989893,49.169011841124,-2.16787546747425));
#9069=CARTESIAN_POINT('Ctrl Pts',(14.8424458033089,49.1848590224981,-2.16836403213037));
#9070=CARTESIAN_POINT('Ctrl Pts',(15.5021100612338,49.1848590224981,-2.26473576689172));
#9071=CARTESIAN_POINT('Ctrl Pts',(16.1617743191586,49.1848590224981,-2.36110750165307));
#9072=CARTESIAN_POINT('Ctrl Pts',(16.8214385770835,49.1848590224981,-2.45747923641442));
#9073=CARTESIAN_POINT('',(14.9810659756398,48.7687613815069,-0.753433629145148));
#9074=CARTESIAN_POINT('Ctrl Pts',(14.997640978261,47.4795367568731,0.266017080627863));
#9075=CARTESIAN_POINT('Ctrl Pts',(15.6642027995171,47.4795367568731,0.277840061989101));
#9076=CARTESIAN_POINT('Ctrl Pts',(16.3307646207731,47.4795367568731,0.28966304335034));
#9077=CARTESIAN_POINT('Ctrl Pts',(16.9973264420292,47.4795367568731,0.301486024711578));
#9078=CARTESIAN_POINT('Ctrl Pts',(15.0000400998515,47.7460204218292,0.130758231112861));
#9079=CARTESIAN_POINT('Ctrl Pts',(15.6666943920468,47.7460204218292,0.136569890628834));
#9080=CARTESIAN_POINT('Ctrl Pts',(16.3333911543031,47.7460204218292,0.142381002411936));
#9081=CARTESIAN_POINT('Ctrl Pts',(17.0000454464984,47.7460204218292,0.148192661927909));
#9082=CARTESIAN_POINT('Ctrl Pts',(15.0025751291576,48.2454232699451,-0.122798662022258));
#9083=CARTESIAN_POINT('Ctrl Pts',(15.6693564272028,48.2454232699451,-0.128256417742644));
#9084=CARTESIAN_POINT('Ctrl Pts',(16.3361371816668,48.2454232699451,-0.133714061238173));
#9085=CARTESIAN_POINT('Ctrl Pts',(17.002918479712,48.2454232699451,-0.139171816958559));
#9086=CARTESIAN_POINT('Ctrl Pts',(14.9911462600587,48.6023107214755,-0.553000040715617));
#9087=CARTESIAN_POINT('Ctrl Pts',(15.6574323744983,48.6023107214755,-0.57757790638303));
#9088=CARTESIAN_POINT('Ctrl Pts',(16.3236796469603,48.6023107214755,-0.602155513810287));
#9089=CARTESIAN_POINT('Ctrl Pts',(16.9899657613999,48.6023107214755,-0.6267333794777));
#9090=CARTESIAN_POINT('Ctrl Pts',(14.9810659756398,48.7687613815069,-0.753433629145148));
#9091=CARTESIAN_POINT('Ctrl Pts',(15.6468911301127,48.7687613815069,-0.786919568218265));
#9092=CARTESIAN_POINT('Ctrl Pts',(16.3127162845856,48.7687613815069,-0.820405507291383));
#9093=CARTESIAN_POINT('Ctrl Pts',(16.9785414390585,48.7687613815069,-0.853891446364501));
#9094=CARTESIAN_POINT('',(14.997640978261,47.4795367568731,0.266017080627863));
#9095=CARTESIAN_POINT('Ctrl Pts',(14.9727784912804,45.2660300582647,0.903274183762457));
#9096=CARTESIAN_POINT('Ctrl Pts',(15.6382353131151,45.2660300582647,0.943419703040788));
#9097=CARTESIAN_POINT('Ctrl Pts',(16.3036921349497,45.2660300582647,0.98356522231912));
#9098=CARTESIAN_POINT('Ctrl Pts',(16.9691489567844,45.2660300582647,1.02371074159745));
#9099=CARTESIAN_POINT('Ctrl Pts',(14.9789251800713,45.7229115057975,0.801385951621708));
#9100=CARTESIAN_POINT('Ctrl Pts',(15.644649059001,45.7229115057975,0.837002889733175));
#9101=CARTESIAN_POINT('Ctrl Pts',(16.3103913251512,45.7229115057975,0.872620473726469));
#9102=CARTESIAN_POINT('Ctrl Pts',(16.9761152040809,45.7229115057975,0.908237411837936));
#9103=CARTESIAN_POINT('Ctrl Pts',(14.9879147951933,46.4741067610642,0.633782943096314));
#9104=CARTESIAN_POINT('Ctrl Pts',(15.6540445753047,46.4741067610642,0.661951079953258));
#9105=CARTESIAN_POINT('Ctrl Pts',(16.320173654441,46.4741067610642,0.69011919865221));
#9106=CARTESIAN_POINT('Ctrl Pts',(16.9863034345524,46.4741067610642,0.718287335509155));
#9107=CARTESIAN_POINT('Ctrl Pts',(14.9958043624608,47.1965053218064,0.369562703794675));
#9108=CARTESIAN_POINT('Ctrl Pts',(15.6622882541858,47.1965053218064,0.385987850391659));
#9109=CARTESIAN_POINT('Ctrl Pts',(16.3287610523973,47.1965053218064,0.402412584370315));
#9110=CARTESIAN_POINT('Ctrl Pts',(16.9952449441222,47.1965053218064,0.418837730967299));
#9111=CARTESIAN_POINT('Ctrl Pts',(14.997640978261,47.4795367568731,0.266017080627863));
#9112=CARTESIAN_POINT('Ctrl Pts',(15.6642027995171,47.4795367568731,0.277840061989101));
#9113=CARTESIAN_POINT('Ctrl Pts',(16.3307646207731,47.4795367568731,0.28966304335034));
#9114=CARTESIAN_POINT('Ctrl Pts',(16.9973264420292,47.4795367568731,0.301486024711578));
#9115=CARTESIAN_POINT('',(14.9727784912804,45.2660300582647,0.903274183762457));
#9116=CARTESIAN_POINT('Ctrl Pts',(14.9129662756442,43.270805105567,1.61351692321411));
#9117=CARTESIAN_POINT('Ctrl Pts',(15.575764776784,43.270805105567,1.68522878646807));
#9118=CARTESIAN_POINT('Ctrl Pts',(16.2385632779237,43.270805105567,1.75694064972203));
#9119=CARTESIAN_POINT('Ctrl Pts',(16.9013617790634,43.270805105567,1.82865251297599));
#9120=CARTESIAN_POINT('Ctrl Pts',(14.9265444242345,43.4973000134702,1.48802058097015));
#9121=CARTESIAN_POINT('Ctrl Pts',(15.5899551693657,43.4973000134702,1.55415556566566));
#9122=CARTESIAN_POINT('Ctrl Pts',(16.2533396023345,43.4973000134702,1.620288340404));
#9123=CARTESIAN_POINT('Ctrl Pts',(16.9167503474657,43.4973000134702,1.68642332509951));
#9124=CARTESIAN_POINT('Ctrl Pts',(14.9583953074522,44.1198610648784,1.14250637813436));
#9125=CARTESIAN_POINT('Ctrl Pts',(15.6232127903614,44.1198610648784,1.19328443183044));
#9126=CARTESIAN_POINT('Ctrl Pts',(16.2880305322032,44.1198610648784,1.24406250818953));
#9127=CARTESIAN_POINT('Ctrl Pts',(16.9528480151125,44.1198610648784,1.29484056188561));
#9128=CARTESIAN_POINT('Ctrl Pts',(14.9671676524422,44.8203726722431,0.996280104428008));
#9129=CARTESIAN_POINT('Ctrl Pts',(15.6323596332328,44.8203726722431,1.04055789997253));
#9130=CARTESIAN_POINT('Ctrl Pts',(16.2975980253105,44.8203726722431,1.08483965614055));
#9131=CARTESIAN_POINT('Ctrl Pts',(16.9627900061012,44.8203726722431,1.12911745168508));
#9132=CARTESIAN_POINT('Ctrl Pts',(14.9727784912804,45.2660300582647,0.903274183762457));
#9133=CARTESIAN_POINT('Ctrl Pts',(15.6382353131151,45.2660300582647,0.943419703040788));
#9134=CARTESIAN_POINT('Ctrl Pts',(16.3036921349497,45.2660300582647,0.98356522231912));
#9135=CARTESIAN_POINT('Ctrl Pts',(16.9691489567844,45.2660300582647,1.02371074159745));
#9136=CARTESIAN_POINT('',(14.9129662756442,43.270805105567,1.61351692321411));
#9137=CARTESIAN_POINT('Ctrl Pts',(14.7915822894238,42.8819920867682,2.49180524423616));
#9138=CARTESIAN_POINT('Ctrl Pts',(15.4489859467316,42.8819920867682,2.60255214397999));
#9139=CARTESIAN_POINT('Ctrl Pts',(16.1063896040393,42.8819920867682,2.71329904372381));
#9140=CARTESIAN_POINT('Ctrl Pts',(16.763793261347,42.8819920867682,2.82404594346764));
#9141=CARTESIAN_POINT('Ctrl Pts',(14.8200090507847,42.8975854443404,2.32306140646479));
#9142=CARTESIAN_POINT('Ctrl Pts',(15.4786820392639,42.8975854443404,2.42630934585037));
#9143=CARTESIAN_POINT('Ctrl Pts',(16.1373372690768,42.8975854443404,2.52955498794119));
#9144=CARTESIAN_POINT('Ctrl Pts',(16.796010257556,42.8975854443404,2.63280292732676));
#9145=CARTESIAN_POINT('Ctrl Pts',(14.8699418327852,42.9284866157546,1.98760903050041));
#9146=CARTESIAN_POINT('Ctrl Pts',(15.5308279983968,42.9284866157546,2.07594720518382));
#9147=CARTESIAN_POINT('Ctrl Pts',(16.1917145782117,42.9284866157546,2.16428539321706));
#9148=CARTESIAN_POINT('Ctrl Pts',(16.8526007438233,42.9284866157546,2.25262356790047));
#9149=CARTESIAN_POINT('Ctrl Pts',(14.8995486972691,43.1574040497405,1.73752919165061));
#9150=CARTESIAN_POINT('Ctrl Pts',(15.5617454314362,43.1574040497405,1.81475197798229));
#9151=CARTESIAN_POINT('Ctrl Pts',(16.2239584560713,43.1574040497405,1.89197696420567));
#9152=CARTESIAN_POINT('Ctrl Pts',(16.8861551902383,43.1574040497405,1.96919975053735));
#9153=CARTESIAN_POINT('Ctrl Pts',(14.9129662756442,43.270805105567,1.61351692321411));
#9154=CARTESIAN_POINT('Ctrl Pts',(15.575764776784,43.270805105567,1.68522878646807));
#9155=CARTESIAN_POINT('Ctrl Pts',(16.2385632779237,43.270805105567,1.75694064972203));
#9156=CARTESIAN_POINT('Ctrl Pts',(16.9013617790634,43.270805105567,1.82865251297599));
#9157=CARTESIAN_POINT('',(14.7915822894238,42.8819920867682,2.49180524423616));
#9158=CARTESIAN_POINT('Ctrl Pts',(14.5785565773766,43.4311082214117,3.53067813886059));
#9159=CARTESIAN_POINT('Ctrl Pts',(15.2264924252601,43.4311082214117,3.6875971672544));
#9160=CARTESIAN_POINT('Ctrl Pts',(15.8744282731435,43.4311082214117,3.8445161956482));
#9161=CARTESIAN_POINT('Ctrl Pts',(16.5223641210269,43.4311082214117,4.00143522404201));
#9162=CARTESIAN_POINT('Ctrl Pts',(14.6139010892972,43.2710134781788,3.38473677958982));
#9163=CARTESIAN_POINT('Ctrl Pts',(15.2633976648741,43.2710134781788,3.53516742327238));
#9164=CARTESIAN_POINT('Ctrl Pts',(15.9129246589598,43.2710134781788,3.68560437318591));
#9165=CARTESIAN_POINT('Ctrl Pts',(16.5624212345368,43.2710134781788,3.83603501686847));
#9166=CARTESIAN_POINT('Ctrl Pts',(14.6789639990507,42.9620684698261,3.10230876995944));
#9167=CARTESIAN_POINT('Ctrl Pts',(15.3313624348966,42.9620684698261,3.24018913774071));
#9168=CARTESIAN_POINT('Ctrl Pts',(15.9837607630781,42.9620684698261,3.3780695715061));
#9169=CARTESIAN_POINT('Ctrl Pts',(16.6361591989241,42.9620684698261,3.51594993928737));
#9170=CARTESIAN_POINT('Ctrl Pts',(14.7580521075782,42.9080285959649,2.69084344960808));
#9171=CARTESIAN_POINT('Ctrl Pts',(15.4139753472563,42.9080285959649,2.81043859435166));
#9172=CARTESIAN_POINT('Ctrl Pts',(16.0698691489105,42.9080285959649,2.9300274314789));
#9173=CARTESIAN_POINT('Ctrl Pts',(16.7257923885886,42.9080285959649,3.04962257622249));
#9174=CARTESIAN_POINT('Ctrl Pts',(14.7915822894238,42.8819920867682,2.49180524423616));
#9175=CARTESIAN_POINT('Ctrl Pts',(15.4489859467316,42.8819920867682,2.60255214397999));
#9176=CARTESIAN_POINT('Ctrl Pts',(16.1063896040393,42.8819920867682,2.71329904372381));
#9177=CARTESIAN_POINT('Ctrl Pts',(16.763793261347,42.8819920867682,2.82404594346764));
#9178=CARTESIAN_POINT('',(14.5785565773766,43.4311082214117,3.53067813886059));
#9179=CARTESIAN_POINT('Ctrl Pts',(14.4687404553292,45.1807668060064,3.95670944552678));
#9180=CARTESIAN_POINT('Ctrl Pts',(15.1117955866771,45.1807668060064,4.1325631986613));
#9181=CARTESIAN_POINT('Ctrl Pts',(15.7548507180251,45.1807668060064,4.30841695179583));
#9182=CARTESIAN_POINT('Ctrl Pts',(16.3979058493731,45.1807668060064,4.48427070493035));
#9183=CARTESIAN_POINT('Ctrl Pts',(14.4701610648456,44.8262206800397,3.95151461617046));
#9184=CARTESIAN_POINT('Ctrl Pts',(15.1132690662227,44.8262206800397,4.12713471818026));
#9185=CARTESIAN_POINT('Ctrl Pts',(15.7564078721147,44.8262206800397,4.30276312965006));
#9186=CARTESIAN_POINT('Ctrl Pts',(16.3995158734917,44.8262206800397,4.47838323165986));
#9187=CARTESIAN_POINT('Ctrl Pts',(14.4735081855149,44.2050529215813,3.94264483232684));
#9188=CARTESIAN_POINT('Ctrl Pts',(15.116774887841,44.2050529215813,4.11787338994361));
#9189=CARTESIAN_POINT('Ctrl Pts',(15.7600425745907,44.2050529215813,4.29310225235365));
#9190=CARTESIAN_POINT('Ctrl Pts',(16.4033092769169,44.2050529215813,4.46833080997042));
#9191=CARTESIAN_POINT('Ctrl Pts',(14.5485029939877,43.6635399237061,3.65477267496846));
#9192=CARTESIAN_POINT('Ctrl Pts',(15.1951129758249,43.6635399237061,3.81720970205963));
#9193=CARTESIAN_POINT('Ctrl Pts',(15.841693411349,43.6635399237061,3.97963867120642));
#9194=CARTESIAN_POINT('Ctrl Pts',(16.4883033931861,43.6635399237061,4.14207569829759));
#9195=CARTESIAN_POINT('Ctrl Pts',(14.5785565773766,43.4311082214117,3.53067813886059));
#9196=CARTESIAN_POINT('Ctrl Pts',(15.2264924252601,43.4311082214117,3.6875971672544));
#9197=CARTESIAN_POINT('Ctrl Pts',(15.8744282731435,43.4311082214117,3.8445161956482));
#9198=CARTESIAN_POINT('Ctrl Pts',(16.5223641210269,43.4311082214117,4.00143522404201));
#9199=CARTESIAN_POINT('',(14.4687404553292,45.1807668060064,3.95670944552678));
#9200=CARTESIAN_POINT('Ctrl Pts',(14.5889292520328,46.9236066192389,3.48756982427318));
#9201=CARTESIAN_POINT('Ctrl Pts',(15.2373261076787,46.9236066192389,3.64257292757422));
#9202=CARTESIAN_POINT('Ctrl Pts',(15.8857229633246,46.9236066192389,3.79757603087525));
#9203=CARTESIAN_POINT('Ctrl Pts',(16.5341198189705,46.9236066192389,3.95257913417628));
#9204=CARTESIAN_POINT('Ctrl Pts',(14.5561897936122,46.6859215405022,3.62452296549018));
#9205=CARTESIAN_POINT('Ctrl Pts',(15.2031429038105,46.6859215405022,3.78561597089508));
#9206=CARTESIAN_POINT('Ctrl Pts',(15.850061989229,46.6859215405022,3.94669968881731));
#9207=CARTESIAN_POINT('Ctrl Pts',(16.4970150994272,46.6859215405022,4.1077926942222));
#9208=CARTESIAN_POINT('Ctrl Pts',(14.476749137199,46.1513397775027,3.93111534565893));
#9209=CARTESIAN_POINT('Ctrl Pts',(15.1201597896744,46.1513397775027,4.10583145256576));
#9210=CARTESIAN_POINT('Ctrl Pts',(15.7635717030168,46.1513397775027,4.28054795150661));
#9211=CARTESIAN_POINT('Ctrl Pts',(16.4069823554922,46.1513397775027,4.45526405841345));
#9212=CARTESIAN_POINT('Ctrl Pts',(14.4712643842945,45.527330084972,3.94748004073235));
#9213=CARTESIAN_POINT('Ctrl Pts',(15.1144206714258,45.527330084972,4.12292062773408));
#9214=CARTESIAN_POINT('Ctrl Pts',(15.7576100150691,45.527330084972,4.29837012582828));
#9215=CARTESIAN_POINT('Ctrl Pts',(16.4007663022004,45.527330084972,4.47381071283));
#9216=CARTESIAN_POINT('Ctrl Pts',(14.4687404553292,45.1807668060064,3.95670944552678));
#9217=CARTESIAN_POINT('Ctrl Pts',(15.1117955866771,45.1807668060064,4.1325631986613));
#9218=CARTESIAN_POINT('Ctrl Pts',(15.7548507180251,45.1807668060064,4.30841695179583));
#9219=CARTESIAN_POINT('Ctrl Pts',(16.3979058493731,45.1807668060064,4.48427070493035));
#9220=CARTESIAN_POINT('',(14.5889292520328,46.9236066192389,3.48756982427318));
#9221=CARTESIAN_POINT('Ctrl Pts',(14.855005022405,47.6159646362066,2.08058303951624));
#9222=CARTESIAN_POINT('Ctrl Pts',(15.5152274678452,47.6159646362066,2.17305339682808));
#9223=CARTESIAN_POINT('Ctrl Pts',(16.1754499132854,47.6159646362066,2.26552375413991));
#9224=CARTESIAN_POINT('Ctrl Pts',(16.8356723587257,47.6159646362066,2.35799411145174));
#9225=CARTESIAN_POINT('Ctrl Pts',(14.8146556001566,47.5682764865458,2.3686709738917));
#9226=CARTESIAN_POINT('Ctrl Pts',(15.4731014037641,47.5682764865458,2.47394871424609));
#9227=CARTESIAN_POINT('Ctrl Pts',(16.1314972099033,47.5682764865458,2.57921603005619));
#9228=CARTESIAN_POINT('Ctrl Pts',(16.7899430135108,47.5682764865458,2.68449377041059));
#9229=CARTESIAN_POINT('Ctrl Pts',(14.7210232734123,47.4784699024174,2.9086171692322));
#9230=CARTESIAN_POINT('Ctrl Pts',(15.3752900961241,47.4784699024174,3.03788880945635));
#9231=CARTESIAN_POINT('Ctrl Pts',(16.0295595538222,47.4784699024174,3.16716115157234));
#9232=CARTESIAN_POINT('Ctrl Pts',(16.683826376534,47.4784699024174,3.29643279179649));
#9233=CARTESIAN_POINT('Ctrl Pts',(14.63300264913,47.1007524940676,3.30320543745232));
#9234=CARTESIAN_POINT('Ctrl Pts',(15.2833451828118,47.1007524940676,3.45001194339941));
#9235=CARTESIAN_POINT('Ctrl Pts',(15.9337271353321,47.1007524940676,3.59682632316555));
#9236=CARTESIAN_POINT('Ctrl Pts',(16.584069669014,47.1007524940676,3.74363282911263));
#9237=CARTESIAN_POINT('Ctrl Pts',(14.5889292520328,46.9236066192389,3.48756982427318));
#9238=CARTESIAN_POINT('Ctrl Pts',(15.2373261076787,46.9236066192389,3.64257292757422));
#9239=CARTESIAN_POINT('Ctrl Pts',(15.8857229633246,46.9236066192389,3.79757603087525));
#9240=CARTESIAN_POINT('Ctrl Pts',(16.5341198189705,46.9236066192389,3.95257913417628));
#9241=CARTESIAN_POINT('',(14.855005022405,47.6159646362066,2.08058303951624));
#9242=CARTESIAN_POINT('Ctrl Pts',(14.8414578730796,48.8847234100103,2.17511567545323));
#9243=CARTESIAN_POINT('Ctrl Pts',(15.5010782229943,48.8847234100103,2.27178748325115));
#9244=CARTESIAN_POINT('Ctrl Pts',(16.1606985729089,48.8847234100103,2.36845929104907));
#9245=CARTESIAN_POINT('Ctrl Pts',(16.8203189228236,48.8847234100103,2.46513109884699));
#9246=CARTESIAN_POINT('Ctrl Pts',(14.8460738823882,48.4618038187424,2.14361927805829));
#9247=CARTESIAN_POINT('Ctrl Pts',(15.5058993882753,48.4618038187424,2.23889124597246));
#9248=CARTESIAN_POINT('Ctrl Pts',(16.1657248941528,48.4618038187424,2.33416321388523));
#9249=CARTESIAN_POINT('Ctrl Pts',(16.8255504000399,48.4618038187424,2.4294351817994));
#9250=CARTESIAN_POINT('Ctrl Pts',(14.850589629336,48.0388842274745,2.11210818653957));
#9251=CARTESIAN_POINT('Ctrl Pts',(15.5106158350875,48.0388842274745,2.20597966149735));
#9252=CARTESIAN_POINT('Ctrl Pts',(16.1706420408293,48.0388842274745,2.29985113645374));
#9253=CARTESIAN_POINT('Ctrl Pts',(16.8306682465808,48.0388842274745,2.39372261141152));
#9254=CARTESIAN_POINT('Ctrl Pts',(14.855005022405,47.6159646362066,2.08058303951624));
#9255=CARTESIAN_POINT('Ctrl Pts',(15.5152274678452,47.6159646362066,2.17305339682808));
#9256=CARTESIAN_POINT('Ctrl Pts',(16.1754499132854,47.6159646362066,2.26552375413991));
#9257=CARTESIAN_POINT('Ctrl Pts',(16.8356723587256,47.6159646362066,2.35799411145174));
#9258=CARTESIAN_POINT('',(14.8414578730796,48.8847234100103,2.17511567545323));
#9259=CARTESIAN_POINT('Ctrl Pts',(14.5315743538632,48.3935906738043,3.71932074418771));
#9260=CARTESIAN_POINT('Ctrl Pts',(15.1774221029238,48.3935906738043,3.88462388837383));
#9261=CARTESIAN_POINT('Ctrl Pts',(15.8232698519844,48.3935906738043,4.04992703255995));
#9262=CARTESIAN_POINT('Ctrl Pts',(16.469117601045,48.3935906738043,4.21523017674607));
#9263=CARTESIAN_POINT('Ctrl Pts',(14.5915088183818,48.528384999578,3.48515375848955));
#9264=CARTESIAN_POINT('Ctrl Pts',(15.2400127547157,48.528384999578,3.64004795761352));
#9265=CARTESIAN_POINT('Ctrl Pts',(15.8885393911655,48.528384999578,3.79494672716419));
#9266=CARTESIAN_POINT('Ctrl Pts',(16.5370433274994,48.528384999578,3.94984092628816));
#9267=CARTESIAN_POINT('Ctrl Pts',(14.7025441394737,48.802039260411,3.00699092313229));
#9268=CARTESIAN_POINT('Ctrl Pts',(15.3559903958874,48.802039260411,3.14063489869861));
#9269=CARTESIAN_POINT('Ctrl Pts',(16.0094371016564,48.802039260411,3.27427907065028));
#9270=CARTESIAN_POINT('Ctrl Pts',(16.6628833580702,48.802039260411,3.4079230462166));
#9271=CARTESIAN_POINT('Ctrl Pts',(14.8002954995444,48.8568903905455,2.45597873008228));
#9272=CARTESIAN_POINT('Ctrl Pts',(15.458094543144,48.8568903905455,2.56513506130944));
#9273=CARTESIAN_POINT('Ctrl Pts',(16.1158691892174,48.8568903905455,2.67428622953275));
#9274=CARTESIAN_POINT('Ctrl Pts',(16.773668232817,48.8568903905455,2.78344256075992));
#9275=CARTESIAN_POINT('Ctrl Pts',(14.8414578730796,48.8847234100103,2.17511567545323));
#9276=CARTESIAN_POINT('Ctrl Pts',(15.5010782229943,48.8847234100103,2.27178748325115));
#9277=CARTESIAN_POINT('Ctrl Pts',(16.1606985729089,48.8847234100103,2.36845929104907));
#9278=CARTESIAN_POINT('Ctrl Pts',(16.8203189228236,48.8847234100103,2.46513109884699));
#9279=CARTESIAN_POINT('',(14.5315743538632,48.3935906738043,3.71932074418771));
#9280=CARTESIAN_POINT('Ctrl Pts',(14.2346207865659,47.0873143523932,4.73028234492047));
#9281=CARTESIAN_POINT('Ctrl Pts',(14.8672705993021,47.0873143523932,4.94051711580583));
#9282=CARTESIAN_POINT('Ctrl Pts',(15.4999204120384,47.0873143523932,5.15075188669118));
#9283=CARTESIAN_POINT('Ctrl Pts',(16.1325702247747,47.0873143523932,5.36098665757654));
#9284=CARTESIAN_POINT('Ctrl Pts',(14.2756601564463,47.3518469048186,4.6067844593884));
#9285=CARTESIAN_POINT('Ctrl Pts',(14.9101193493959,47.3518469048186,4.81152603811614));
#9286=CARTESIAN_POINT('Ctrl Pts',(15.5446223176895,47.3518469048186,5.01628080857911));
#9287=CARTESIAN_POINT('Ctrl Pts',(16.1790815106391,47.3518469048186,5.22102238730685));
#9288=CARTESIAN_POINT('Ctrl Pts',(14.3539828431605,47.8669256348049,4.36574706983838));
#9289=CARTESIAN_POINT('Ctrl Pts',(14.9919374317295,47.8669256348049,4.5597801639827));
#9290=CARTESIAN_POINT('Ctrl Pts',(15.6298926336796,47.8669256348049,4.75381358500585));
#9291=CARTESIAN_POINT('Ctrl Pts',(16.2678472222486,47.8669256348049,4.94784667915017));
#9292=CARTESIAN_POINT('Ctrl Pts',(14.4771806262995,48.2212426858071,3.93183979022902));
#9293=CARTESIAN_POINT('Ctrl Pts',(15.1206259316114,48.2212426858071,4.10659287187447));
#9294=CARTESIAN_POINT('Ctrl Pts',(15.7640260711608,48.2212426858071,4.28133201394744));
#9295=CARTESIAN_POINT('Ctrl Pts',(16.4074713764727,48.2212426858071,4.45608509559289));
#9296=CARTESIAN_POINT('Ctrl Pts',(14.5315743538632,48.3935906738043,3.71932074418771));
#9297=CARTESIAN_POINT('Ctrl Pts',(15.1774221029238,48.3935906738043,3.88462388837383));
#9298=CARTESIAN_POINT('Ctrl Pts',(15.8232698519844,48.3935906738043,4.04992703255995));
#9299=CARTESIAN_POINT('Ctrl Pts',(16.469117601045,48.3935906738043,4.21523017674607));
#9300=CARTESIAN_POINT('',(14.2346207865659,47.0873143523932,4.73028234492047));
#9301=CARTESIAN_POINT('Ctrl Pts',(14.1176420684809,45.1261975616217,5.06874564623829));
#9302=CARTESIAN_POINT('Ctrl Pts',(14.74509282708,45.1261975616217,5.29402323051554));
#9303=CARTESIAN_POINT('Ctrl Pts',(15.3725435856792,45.1261975616217,5.5193008147928));
#9304=CARTESIAN_POINT('Ctrl Pts',(15.9999943442783,45.1261975616217,5.74457839907006));
#9305=CARTESIAN_POINT('Ctrl Pts',(14.1216387416459,45.4783155201454,5.05761397675882));
#9306=CARTESIAN_POINT('Ctrl Pts',(14.7492625332831,45.4783155201454,5.28239518178576));
#9307=CARTESIAN_POINT('Ctrl Pts',(15.3769001155615,45.4783155201454,5.50718130196638));
#9308=CARTESIAN_POINT('Ctrl Pts',(16.0045239071987,45.4783155201454,5.73196250699333));
#9309=CARTESIAN_POINT('Ctrl Pts',(14.1296662070422,46.1501828790412,5.03651687884997));
#9310=CARTESIAN_POINT('Ctrl Pts',(14.7576510580761,46.1501828790412,5.26036195502698));
#9311=CARTESIAN_POINT('Ctrl Pts',(15.3856368502807,46.1501828790412,5.48420738651962));
#9312=CARTESIAN_POINT('Ctrl Pts',(16.0136217013145,46.1501828790412,5.70805246269663));
#9313=CARTESIAN_POINT('Ctrl Pts',(14.2017027867566,46.7851338740244,4.82934096556304));
#9314=CARTESIAN_POINT('Ctrl Pts',(14.8328950711577,46.7851338740244,5.04398031444837));
#9315=CARTESIAN_POINT('Ctrl Pts',(15.464070873923,46.7851338740244,5.25861374541946));
#9316=CARTESIAN_POINT('Ctrl Pts',(16.0952631583241,46.7851338740244,5.47325309430478));
#9317=CARTESIAN_POINT('Ctrl Pts',(14.2346207865659,47.0873143523932,4.73028234492047));
#9318=CARTESIAN_POINT('Ctrl Pts',(14.8672705993021,47.0873143523932,4.94051711580583));
#9319=CARTESIAN_POINT('Ctrl Pts',(15.4999204120384,47.0873143523932,5.15075188669118));
#9320=CARTESIAN_POINT('Ctrl Pts',(16.1325702247747,47.0873143523932,5.36098665757654));
#9321=CARTESIAN_POINT('',(14.1176420684809,45.1261975616217,5.06874564623829));
#9322=CARTESIAN_POINT('Ctrl Pts',(14.2292339236879,43.2912709563971,4.74646204503618));
#9323=CARTESIAN_POINT('Ctrl Pts',(14.8616443202963,43.2912709563971,4.95741591370445));
#9324=CARTESIAN_POINT('Ctrl Pts',(15.4940547169046,43.2912709563971,5.16836978237273));
#9325=CARTESIAN_POINT('Ctrl Pts',(16.126465113513,43.2912709563971,5.379323651041));
#9326=CARTESIAN_POINT('Ctrl Pts',(14.1977649681494,43.579062121986,4.840801602678));
#9327=CARTESIAN_POINT('Ctrl Pts',(14.8287816069057,43.579062121986,5.05595008687895));
#9328=CARTESIAN_POINT('Ctrl Pts',(15.4597836584796,43.579062121986,5.27109333216744));
#9329=CARTESIAN_POINT('Ctrl Pts',(16.0908002972359,43.579062121986,5.4862418163684));
#9330=CARTESIAN_POINT('Ctrl Pts',(14.1302310989129,44.173367353131,5.03475464567935));
#9331=CARTESIAN_POINT('Ctrl Pts',(14.7582410597513,44.173367353131,5.25852140268587));
#9332=CARTESIAN_POINT('Ctrl Pts',(15.3862519512629,44.173367353131,5.48228850809675));
#9333=CARTESIAN_POINT('Ctrl Pts',(16.0142619121013,44.173367353131,5.70605526510327));
#9334=CARTESIAN_POINT('Ctrl Pts',(14.1218094746033,44.801986188643,5.05713844554285));
#9335=CARTESIAN_POINT('Ctrl Pts',(14.7494415453005,44.801986188643,5.28189876114882));
#9336=CARTESIAN_POINT('Ctrl Pts',(15.3770853338531,44.801986188643,5.50666325600926));
#9337=CARTESIAN_POINT('Ctrl Pts',(16.0047174045504,44.801986188643,5.73142357161523));
#9338=CARTESIAN_POINT('Ctrl Pts',(14.1176420684809,45.1261975616217,5.06874564623829));
#9339=CARTESIAN_POINT('Ctrl Pts',(14.74509282708,45.1261975616217,5.29402323051554));
#9340=CARTESIAN_POINT('Ctrl Pts',(15.3725435856792,45.1261975616217,5.5193008147928));
#9341=CARTESIAN_POINT('Ctrl Pts',(15.9999943442783,45.1261975616217,5.74457839907006));
#9342=CARTESIAN_POINT('',(14.2292339236879,43.2912709563971,4.74646204503618));
#9343=CARTESIAN_POINT('Ctrl Pts',(14.5136494236044,42.0361544936895,3.78866472635264));
#9344=CARTESIAN_POINT('Ctrl Pts',(15.1587005090979,42.0361544936895,3.95704982530165));
#9345=CARTESIAN_POINT('Ctrl Pts',(15.8037515945914,42.0361544936895,4.12543492425066));
#9346=CARTESIAN_POINT('Ctrl Pts',(16.4488026800849,42.0361544936895,4.29382002319966));
#9347=CARTESIAN_POINT('Ctrl Pts',(14.4611177732061,42.2003003084309,3.98990342457279));
#9348=CARTESIAN_POINT('Ctrl Pts',(15.1038479547631,42.2003003084309,4.16723676829201));
#9349=CARTESIAN_POINT('Ctrl Pts',(15.7465366280765,42.2003003084309,4.34455720412994));
#9350=CARTESIAN_POINT('Ctrl Pts',(16.3892668096336,42.2003003084309,4.52189054784916));
#9351=CARTESIAN_POINT('Ctrl Pts',(14.3420302826474,42.5401745726676,4.40381464522047));
#9352=CARTESIAN_POINT('Ctrl Pts',(14.9794537120682,42.5401745726676,4.59953965704752));
#9353=CARTESIAN_POINT('Ctrl Pts',(15.6168775575795,42.5401745726676,4.79526491942283));
#9354=CARTESIAN_POINT('Ctrl Pts',(16.2543009870004,42.5401745726676,4.99098993124987));
#9355=CARTESIAN_POINT('Ctrl Pts',(14.2681336821057,43.0352812196887,4.62984597250689));
#9356=CARTESIAN_POINT('Ctrl Pts',(14.9022593211379,43.0352812196887,4.83561275842967));
#9357=CARTESIAN_POINT('Ctrl Pts',(15.5364258673542,43.0352812196887,5.04139198291836));
#9358=CARTESIAN_POINT('Ctrl Pts',(16.1705515063864,43.0352812196887,5.24715876884114));
#9359=CARTESIAN_POINT('Ctrl Pts',(14.2292339236879,43.2912709563971,4.74646204503618));
#9360=CARTESIAN_POINT('Ctrl Pts',(14.8616443202963,43.2912709563971,4.95741591370445));
#9361=CARTESIAN_POINT('Ctrl Pts',(15.4940547169046,43.2912709563971,5.16836978237273));
#9362=CARTESIAN_POINT('Ctrl Pts',(16.126465113513,43.2912709563971,5.379323651041));
#9363=CARTESIAN_POINT('',(14.5136494236044,42.0361544936895,3.78866472635264));
#9364=CARTESIAN_POINT('Ctrl Pts',(14.8060544632739,41.6064145416021,2.40431928631903));
#9365=CARTESIAN_POINT('Ctrl Pts',(15.4641013283083,41.6064145416021,2.51117792126655));
#9366=CARTESIAN_POINT('Ctrl Pts',(16.1221481933427,41.6064145416021,2.61803655621406));
#9367=CARTESIAN_POINT('Ctrl Pts',(16.7801950583771,41.6064145416021,2.72489519116157));
#9368=CARTESIAN_POINT('Ctrl Pts',(14.7660884093998,41.625025825508,2.65043450641879));
#9369=CARTESIAN_POINT('Ctrl Pts',(15.4223655269249,41.625025825508,2.76823302355781));
#9370=CARTESIAN_POINT('Ctrl Pts',(16.0786230797947,41.625025825508,2.88602725680227));
#9371=CARTESIAN_POINT('Ctrl Pts',(16.7349001973198,41.625025825508,3.00382577394129));
#9372=CARTESIAN_POINT('Ctrl Pts',(14.6722053606659,41.6626239768917,3.14545929419487));
#9373=CARTESIAN_POINT('Ctrl Pts',(15.3243033651275,41.6626239768917,3.28525745653259));
#9374=CARTESIAN_POINT('Ctrl Pts',(15.9764014042932,41.6626239768917,3.42505570441647));
#9375=CARTESIAN_POINT('Ctrl Pts',(16.6284994087547,41.6626239768917,3.56485386675419));
#9376=CARTESIAN_POINT('Ctrl Pts',(14.569785833025,41.9108178840345,3.5736168862616));
#9377=CARTESIAN_POINT('Ctrl Pts',(15.2173253523344,41.9108178840345,3.73244293713582));
#9378=CARTESIAN_POINT('Ctrl Pts',(15.8648844247856,41.9108178840345,3.89127308688893));
#9379=CARTESIAN_POINT('Ctrl Pts',(16.512423944095,41.9108178840345,4.05009913776315));
#9380=CARTESIAN_POINT('Ctrl Pts',(14.5136494236044,42.0361544936895,3.78866472635264));
#9381=CARTESIAN_POINT('Ctrl Pts',(15.1587005090979,42.0361544936895,3.95704982530165));
#9382=CARTESIAN_POINT('Ctrl Pts',(15.8037515945914,42.0361544936895,4.12543492425066));
#9383=CARTESIAN_POINT('Ctrl Pts',(16.4488026800849,42.0361544936895,4.29382002319966));
#9384=CARTESIAN_POINT('',(14.8060544632739,41.6064145416021,2.40431928631903));
#9385=CARTESIAN_POINT('Ctrl Pts',(14.9544047527359,41.9577100127935,1.16866526060664));
#9386=CARTESIAN_POINT('Ctrl Pts',(15.6190449639686,41.9577100127935,1.22060593885582));
#9387=CARTESIAN_POINT('Ctrl Pts',(16.2836851752014,41.9577100127935,1.272546617105));
#9388=CARTESIAN_POINT('Ctrl Pts',(16.9483253864341,41.9577100127935,1.32448729535419));
#9389=CARTESIAN_POINT('Ctrl Pts',(14.9394272476693,41.8552532421086,1.36031951824825));
#9390=CARTESIAN_POINT('Ctrl Pts',(15.6033972619125,41.8552532421086,1.4207776202601));
#9391=CARTESIAN_POINT('Ctrl Pts',(16.2673808664487,41.8552532421086,1.48123735200283));
#9392=CARTESIAN_POINT('Ctrl Pts',(16.9313508806918,41.8552532421086,1.54169545401468));
#9393=CARTESIAN_POINT('Ctrl Pts',(14.9021461065739,41.6477780117048,1.74789600542204));
#9394=CARTESIAN_POINT('Ctrl Pts',(15.5644636295779,41.6477780117048,1.82558027871106));
#9395=CARTESIAN_POINT('Ctrl Pts',(16.2267813977797,41.6477780117048,1.90326453285596));
#9396=CARTESIAN_POINT('Ctrl Pts',(16.8890989207837,41.6477780117048,1.98094880614498));
#9397=CARTESIAN_POINT('Ctrl Pts',(14.8417880128319,41.6203153916228,2.18426827897892));
#9398=CARTESIAN_POINT('Ctrl Pts',(15.5014278670072,41.6203153916228,2.28134741021958));
#9399=CARTESIAN_POINT('Ctrl Pts',(16.1610532270343,41.6203153916228,2.37842491826877));
#9400=CARTESIAN_POINT('Ctrl Pts',(16.8206930812095,41.6203153916228,2.47550404950944));
#9401=CARTESIAN_POINT('Ctrl Pts',(14.8060544632739,41.6064145416021,2.40431928631903));
#9402=CARTESIAN_POINT('Ctrl Pts',(15.4641013283083,41.6064145416021,2.51117792126655));
#9403=CARTESIAN_POINT('Ctrl Pts',(16.1221481933427,41.6064145416021,2.61803655621406));
#9404=CARTESIAN_POINT('Ctrl Pts',(16.7801950583771,41.6064145416021,2.72489519116157));
#9405=CARTESIAN_POINT('',(14.9544047527359,41.9577100127935,1.16866526060664));
#9406=CARTESIAN_POINT('Ctrl Pts',(14.9981000452528,43.0252435058355,0.238736324399041));
#9407=CARTESIAN_POINT('Ctrl Pts',(15.6646822694863,43.0252435058355,0.249346827705665));
#9408=CARTESIAN_POINT('Ctrl Pts',(16.3312644937197,43.0252435058355,0.259957331012289));
#9409=CARTESIAN_POINT('Ctrl Pts',(16.9978467179532,43.0252435058355,0.270567834318913));
#9410=CARTESIAN_POINT('Ctrl Pts',(14.996078098731,42.8053345673162,0.365760799191919));
#9411=CARTESIAN_POINT('Ctrl Pts',(15.6625603115748,42.8053345673162,0.382016384231378));
#9412=CARTESIAN_POINT('Ctrl Pts',(16.3290729657179,42.8053345673162,0.398273320711382));
#9413=CARTESIAN_POINT('Ctrl Pts',(16.9955551785618,42.8053345673162,0.414528905750842));
#9414=CARTESIAN_POINT('Ctrl Pts',(14.9902474468329,42.3881206599964,0.60674894732785));
#9415=CARTESIAN_POINT('Ctrl Pts',(15.6564807572367,42.3881206599964,0.633715595065456));
#9416=CARTESIAN_POINT('Ctrl Pts',(16.3227137960067,42.3881206599964,0.660682159233958));
#9417=CARTESIAN_POINT('Ctrl Pts',(16.9889471064106,42.3881206599964,0.687648806971564));
#9418=CARTESIAN_POINT('Ctrl Pts',(14.9684892598481,42.0959029351231,0.988437930165726));
#9419=CARTESIAN_POINT('Ctrl Pts',(15.6337649602282,42.0959029351231,1.03236887203297));
#9420=CARTESIAN_POINT('Ctrl Pts',(16.2990121274478,42.0959029351231,1.07629871232058));
#9421=CARTESIAN_POINT('Ctrl Pts',(16.9642878278279,42.0959029351231,1.12022965418782));
#9422=CARTESIAN_POINT('Ctrl Pts',(14.9544047527359,41.9577100127935,1.16866526060664));
#9423=CARTESIAN_POINT('Ctrl Pts',(15.6190449639686,41.9577100127935,1.22060593885582));
#9424=CARTESIAN_POINT('Ctrl Pts',(16.2836851752014,41.9577100127935,1.272546617105));
#9425=CARTESIAN_POINT('Ctrl Pts',(16.9483253864341,41.9577100127935,1.32448729535419));
#9426=CARTESIAN_POINT('',(14.9981000452528,43.0252435058355,0.238736324399041));
#9427=CARTESIAN_POINT('Ctrl Pts',(14.9950491043209,44.9556615203619,-0.38536003815214));
#9428=CARTESIAN_POINT('Ctrl Pts',(15.6614957311796,44.9556615203619,-0.402487150958902));
#9429=CARTESIAN_POINT('Ctrl Pts',(16.3279423580383,44.9556615203619,-0.419614263765664));
#9430=CARTESIAN_POINT('Ctrl Pts',(16.994388984897,44.9556615203619,-0.436741376572426));
#9431=CARTESIAN_POINT('Ctrl Pts',(14.9974725507162,44.5608442751339,-0.291059399524936));
#9432=CARTESIAN_POINT('Ctrl Pts',(15.6640204049844,44.5608442751339,-0.303995356758891));
#9433=CARTESIAN_POINT('Ctrl Pts',(16.3305877032102,44.5608442751339,-0.31693136222764));
#9434=CARTESIAN_POINT('Ctrl Pts',(16.9971355574784,44.5608442751339,-0.329867319461594));
#9435=CARTESIAN_POINT('Ctrl Pts',(15.0006666810758,43.9005052148965,-0.133304959841745));
#9436=CARTESIAN_POINT('Ctrl Pts',(15.667363235063,43.9005052148965,-0.139229621859616));
#9437=CARTESIAN_POINT('Ctrl Pts',(16.3340590178986,43.9005052148965,-0.14515429246944));
#9438=CARTESIAN_POINT('Ctrl Pts',(17.0007555718859,43.9005052148965,-0.151078954487311));
#9439=CARTESIAN_POINT('Ctrl Pts',(14.9997982018024,43.2762543043382,0.132053263550892));
#9440=CARTESIAN_POINT('Ctrl Pts',(15.666460071987,43.2762543043382,0.137922277055126));
#9441=CARTESIAN_POINT('Ctrl Pts',(16.3331094251914,43.2762543043382,0.143791351853443));
#9442=CARTESIAN_POINT('Ctrl Pts',(16.999771295376,43.2762543043382,0.149660365357677));
#9443=CARTESIAN_POINT('Ctrl Pts',(14.9981000452528,43.0252435058355,0.238736324399041));
#9444=CARTESIAN_POINT('Ctrl Pts',(15.6646822694863,43.0252435058355,0.249346827705665));
#9445=CARTESIAN_POINT('Ctrl Pts',(16.3312644937197,43.0252435058355,0.259957331012289));
#9446=CARTESIAN_POINT('Ctrl Pts',(16.9978467179532,43.0252435058355,0.270567834318913));
#9447=CARTESIAN_POINT('',(14.9950491043209,44.9556615203619,-0.38536003815214));
#9448=CARTESIAN_POINT('Ctrl Pts',(14.9745956913008,46.7360188812017,-0.872630438430387));
#9449=CARTESIAN_POINT('Ctrl Pts',(15.6401332775808,46.7360188812017,-0.911414013471738));
#9450=CARTESIAN_POINT('Ctrl Pts',(16.3056708638609,46.7360188812017,-0.950197588513089));
#9451=CARTESIAN_POINT('Ctrl Pts',(16.9712084501409,46.7360188812017,-0.988981163554439));
#9452=CARTESIAN_POINT('Ctrl Pts',(14.9786027471822,46.5211681952134,-0.803868177691792));
#9453=CARTESIAN_POINT('Ctrl Pts',(15.6443196774177,46.5211681952134,-0.839595711120018));
#9454=CARTESIAN_POINT('Ctrl Pts',(16.3100328499043,46.5211681952134,-0.875323067955805));
#9455=CARTESIAN_POINT('Ctrl Pts',(16.9757497801398,46.5211681952134,-0.911050601384031));
#9456=CARTESIAN_POINT('Ctrl Pts',(14.988087965586,45.9348628514153,-0.616140447710355));
#9457=CARTESIAN_POINT('Ctrl Pts',(15.6542252676883,45.9348628514153,-0.643524470092168));
#9458=CARTESIAN_POINT('Ctrl Pts',(16.3203623922284,45.9348628514153,-0.670908485023256));
#9459=CARTESIAN_POINT('Ctrl Pts',(16.9864996943308,45.9348628514153,-0.698292507405069));
#9460=CARTESIAN_POINT('Ctrl Pts',(14.9927486786184,45.3354319166435,-0.474873721342826));
#9461=CARTESIAN_POINT('Ctrl Pts',(15.6590906331219,45.3354319166435,-0.495979104175103));
#9462=CARTESIAN_POINT('Ctrl Pts',(16.3254398812641,45.3354319166435,-0.517084834689593));
#9463=CARTESIAN_POINT('Ctrl Pts',(16.9917818357676,45.3354319166435,-0.53819021752187));
#9464=CARTESIAN_POINT('Ctrl Pts',(14.9950491043209,44.9556615203619,-0.38536003815214));
#9465=CARTESIAN_POINT('Ctrl Pts',(15.6614957311796,44.9556615203619,-0.402487150958902));
#9466=CARTESIAN_POINT('Ctrl Pts',(16.3279423580383,44.9556615203619,-0.419614263765664));
#9467=CARTESIAN_POINT('Ctrl Pts',(16.994388984897,44.9556615203619,-0.436741376572426));
#9468=CARTESIAN_POINT('',(14.9745956913008,46.7360188812017,-0.872630438430387));
#9469=CARTESIAN_POINT('Ctrl Pts',(14.9286949266227,47.6364304870367,-1.46084488835354));
#9470=CARTESIAN_POINT('Ctrl Pts',(15.5921924789171,47.6364304870367,-1.52577132783592));
#9471=CARTESIAN_POINT('Ctrl Pts',(16.2556900312114,47.6364304870367,-1.5906977673183));
#9472=CARTESIAN_POINT('Ctrl Pts',(16.9191875835058,47.6364304870367,-1.65562420680068));
#9473=CARTESIAN_POINT('Ctrl Pts',(14.9399678585171,47.521352706092,-1.34564432016128));
#9474=CARTESIAN_POINT('Ctrl Pts',(15.6039713701062,47.521352706092,-1.40545109480799));
#9475=CARTESIAN_POINT('Ctrl Pts',(16.2679600613969,47.521352706092,-1.46525678820274));
#9476=CARTESIAN_POINT('Ctrl Pts',(16.931963572986,47.521352706092,-1.52506356284945));
#9477=CARTESIAN_POINT('Ctrl Pts',(14.961626197315,47.2635625543411,-1.08724111264281));
#9478=CARTESIAN_POINT('Ctrl Pts',(15.6265875162459,47.2635625543411,-1.13556295886851));
#9479=CARTESIAN_POINT('Ctrl Pts',(16.2915483713594,47.2635625543411,-1.18388474810282));
#9480=CARTESIAN_POINT('Ctrl Pts',(16.9565096902903,47.2635625543411,-1.23220659432852));
#9481=CARTESIAN_POINT('Ctrl Pts',(14.9701389455912,46.924000239763,-0.949109509249776));
#9482=CARTESIAN_POINT('Ctrl Pts',(15.6354725173608,46.924000239763,-0.991291700758046));
#9483=CARTESIAN_POINT('Ctrl Pts',(16.3008238999005,46.924000239763,-1.03347525230814));
#9484=CARTESIAN_POINT('Ctrl Pts',(16.9661574716701,46.924000239763,-1.07565744381641));
#9485=CARTESIAN_POINT('Ctrl Pts',(14.9745956913008,46.7360188812017,-0.872630438430387));
#9486=CARTESIAN_POINT('Ctrl Pts',(15.6401332775808,46.7360188812017,-0.911414013471738));
#9487=CARTESIAN_POINT('Ctrl Pts',(16.3056708638609,46.7360188812017,-0.950197588513089));
#9488=CARTESIAN_POINT('Ctrl Pts',(16.9712084501409,46.7360188812017,-0.988981163554439));
#9489=CARTESIAN_POINT('',(14.9286949266227,47.6364304870367,-1.46084488835354));
#9490=CARTESIAN_POINT('Ctrl Pts',(14.82627591423,47.9092814773321,-2.27630018124233));
#9491=CARTESIAN_POINT('Ctrl Pts',(15.485221510418,47.9092814773321,-2.37746907818643));
#9492=CARTESIAN_POINT('Ctrl Pts',(16.144167106606,47.9092814773321,-2.47863797513053));
#9493=CARTESIAN_POINT('Ctrl Pts',(16.803112702794,47.9092814773321,-2.57980687207464));
#9494=CARTESIAN_POINT('Ctrl Pts',(14.8491888738319,47.8986267786473,-2.12706069873979));
#9495=CARTESIAN_POINT('Ctrl Pts',(15.5091557783515,47.8986267786473,-2.22159708207511));
#9496=CARTESIAN_POINT('Ctrl Pts',(16.1691138191565,47.8986267786473,-2.31613240856978));
#9497=CARTESIAN_POINT('Ctrl Pts',(16.8290807236761,47.8986267786473,-2.4106687919051));
#9498=CARTESIAN_POINT('Ctrl Pts',(14.8895498235364,47.8776391549967,-1.83236617595593));
#9499=CARTESIAN_POINT('Ctrl Pts',(15.5513075328979,47.8776391549967,-1.91380467164258));
#9500=CARTESIAN_POINT('Ctrl Pts',(16.2130654239798,47.8776391549967,-1.99524317039673));
#9501=CARTESIAN_POINT('Ctrl Pts',(16.8748231333413,47.8776391549967,-2.07668166608338));
#9502=CARTESIAN_POINT('Ctrl Pts',(14.9166925499957,47.7160073519783,-1.583499812561));
#9503=CARTESIAN_POINT('Ctrl Pts',(15.5796539348534,47.7160073519783,-1.65387724237206));
#9504=CARTESIAN_POINT('Ctrl Pts',(16.2426235051374,47.7160073519783,-1.72425569109141));
#9505=CARTESIAN_POINT('Ctrl Pts',(16.9055848899951,47.7160073519783,-1.79463312090247));
#9506=CARTESIAN_POINT('Ctrl Pts',(14.9286949266227,47.6364304870367,-1.46084488835354));
#9507=CARTESIAN_POINT('Ctrl Pts',(15.5921924789171,47.6364304870367,-1.52577132783592));
#9508=CARTESIAN_POINT('Ctrl Pts',(16.2556900312114,47.6364304870367,-1.5906977673183));
#9509=CARTESIAN_POINT('Ctrl Pts',(16.9191875835058,47.6364304870367,-1.65562420680068));
#9510=CARTESIAN_POINT('',(14.82627591423,47.9092814773321,-2.27630018124233));
#9511=CARTESIAN_POINT('Ctrl Pts',(14.6722957783036,47.6261975616217,-3.11829065258093));
#9512=CARTESIAN_POINT('Ctrl Pts',(15.3243978128949,47.6261975616217,-3.25688134825119));
#9513=CARTESIAN_POINT('Ctrl Pts',(15.9764998474862,47.6261975616217,-3.39547204392145));
#9514=CARTESIAN_POINT('Ctrl Pts',(16.6286018820774,47.6261975616217,-3.53406273959172));
#9515=CARTESIAN_POINT('Ctrl Pts',(14.6999102168601,47.7087600663232,-2.98835818143156));
#9516=CARTESIAN_POINT('Ctrl Pts',(15.3532367251092,47.7087600663232,-3.12117358374784));
#9517=CARTESIAN_POINT('Ctrl Pts',(16.0065717375256,47.7087600663232,-3.25399053663948));
#9518=CARTESIAN_POINT('Ctrl Pts',(16.6598982457747,47.7087600663232,-3.38680593895576));
#9519=CARTESIAN_POINT('Ctrl Pts',(14.7514228692142,47.8720429550717,-2.73072484579556));
#9520=CARTESIAN_POINT('Ctrl Pts',(15.4070416588108,47.8720429550717,-2.85209038687549));
#9521=CARTESIAN_POINT('Ctrl Pts',(16.0626604621795,47.8720429550717,-2.9734559508217));
#9522=CARTESIAN_POINT('Ctrl Pts',(16.7182792517761,47.8720429550717,-3.09482149190163));
#9523=CARTESIAN_POINT('Ctrl Pts',(14.803156090247,47.8969623482329,-2.42688703805739));
#9524=CARTESIAN_POINT('Ctrl Pts',(15.4610769719518,47.8969623482329,-2.5347492166464));
#9525=CARTESIAN_POINT('Ctrl Pts',(16.1189893539083,47.8969623482329,-2.64260979787604));
#9526=CARTESIAN_POINT('Ctrl Pts',(16.7769102356132,47.8969623482329,-2.75047197646505));
#9527=CARTESIAN_POINT('Ctrl Pts',(14.82627591423,47.9092814773321,-2.27630018124233));
#9528=CARTESIAN_POINT('Ctrl Pts',(15.485221510418,47.9092814773321,-2.37746907818643));
#9529=CARTESIAN_POINT('Ctrl Pts',(16.144167106606,47.9092814773321,-2.47863797513053));
#9530=CARTESIAN_POINT('Ctrl Pts',(16.803112702794,47.9092814773321,-2.57980687207464));
#9531=CARTESIAN_POINT('',(14.6722957783036,47.6261975616217,-3.11829065258093));
#9532=CARTESIAN_POINT('Ctrl Pts',(14.5315749450331,46.7633035033941,-3.71931843445612));
#9533=CARTESIAN_POINT('Ctrl Pts',(15.1774227203679,46.7633035033941,-3.8846214759875));
#9534=CARTESIAN_POINT('Ctrl Pts',(15.8232704957028,46.7633035033941,-4.04992451751889));
#9535=CARTESIAN_POINT('Ctrl Pts',(16.4691182710376,46.7633035033941,-4.21522755905027));
#9536=CARTESIAN_POINT('Ctrl Pts',(14.5506915002651,46.9405089523386,-3.64462903640129));
#9537=CARTESIAN_POINT('Ctrl Pts',(15.1973830403683,46.9405089523386,-3.8066111576262));
#9538=CARTESIAN_POINT('Ctrl Pts',(15.8440921601972,46.9405089523386,-3.96859745336322));
#9539=CARTESIAN_POINT('Ctrl Pts',(16.4907837003004,46.9405089523386,-4.13057957458813));
#9540=CARTESIAN_POINT('Ctrl Pts',(14.5860637153083,47.2728242835546,-3.50443088948126));
#9541=CARTESIAN_POINT('Ctrl Pts',(15.2343332618573,47.2728242835546,-3.66018337536659));
#9542=CARTESIAN_POINT('Ctrl Pts',(15.8826026641338,47.2728242835546,-3.81593585552676));
#9543=CARTESIAN_POINT('Ctrl Pts',(16.5308722106828,47.2728242835546,-3.97168834141209));
#9544=CARTESIAN_POINT('Ctrl Pts',(14.6461220762065,47.5137460797488,-3.24144411759369));
#9545=CARTESIAN_POINT('Ctrl Pts',(15.2970662890995,47.5137460797488,-3.38550961765809));
#9546=CARTESIAN_POINT('Ctrl Pts',(15.947994140141,47.5137460797488,-3.52957116654179));
#9547=CARTESIAN_POINT('Ctrl Pts',(16.598938353034,47.5137460797488,-3.67363666660618));
#9548=CARTESIAN_POINT('Ctrl Pts',(14.6722957783036,47.6261975616217,-3.11829065258093));
#9549=CARTESIAN_POINT('Ctrl Pts',(15.3243978128949,47.6261975616217,-3.25688134825119));
#9550=CARTESIAN_POINT('Ctrl Pts',(15.9764998474862,47.6261975616217,-3.39547204392145));
#9551=CARTESIAN_POINT('Ctrl Pts',(16.6286018820774,47.6261975616217,-3.53406273959172));
#9552=CARTESIAN_POINT('',(14.5315749450331,46.7633035033941,-3.71931843445612));
#9553=CARTESIAN_POINT('Ctrl Pts',(14.4741254814598,45.4263331741095,-3.93696476323521));
#9554=CARTESIAN_POINT('Ctrl Pts',(15.1174199473025,45.4263331741095,-4.11194097493455));
#9555=CARTESIAN_POINT('Ctrl Pts',(15.7607144131451,45.4263331741095,-4.2869171866339));
#9556=CARTESIAN_POINT('Ctrl Pts',(16.4040088789878,45.4263331741095,-4.46189339833324));
#9557=CARTESIAN_POINT('Ctrl Pts',(14.476052843765,45.6659180381478,-3.92987887714515));
#9558=CARTESIAN_POINT('Ctrl Pts',(15.1194310935273,45.6659180381478,-4.10453965309399));
#9559=CARTESIAN_POINT('Ctrl Pts',(15.7628149731713,45.6659180381478,-4.27920195148233));
#9560=CARTESIAN_POINT('Ctrl Pts',(16.4061932229336,45.6659180381478,-4.45386272743117));
#9561=CARTESIAN_POINT('Ctrl Pts',(14.4798868649045,46.1221474878792,-3.91642985129984));
#9562=CARTESIAN_POINT('Ctrl Pts',(15.1234372670593,46.1221474878792,-4.09049336478745));
#9563=CARTESIAN_POINT('Ctrl Pts',(15.766988044737,46.1221474878792,-4.26455698465221));
#9564=CARTESIAN_POINT('Ctrl Pts',(16.4105384468918,46.1221474878792,-4.43862049813982));
#9565=CARTESIAN_POINT('Ctrl Pts',(14.5153067534481,46.556871137107,-3.78287912424499));
#9566=CARTESIAN_POINT('Ctrl Pts',(15.1604337302262,46.556871137107,-3.95100769249472));
#9567=CARTESIAN_POINT('Ctrl Pts',(15.8055540104631,46.556871137107,-4.11913443922793));
#9568=CARTESIAN_POINT('Ctrl Pts',(16.4506809872412,46.556871137107,-4.28726300747765));
#9569=CARTESIAN_POINT('Ctrl Pts',(14.5315749450331,46.7633035033941,-3.71931843445612));
#9570=CARTESIAN_POINT('Ctrl Pts',(15.1774227203679,46.7633035033941,-3.8846214759875));
#9571=CARTESIAN_POINT('Ctrl Pts',(15.8232704957028,46.7633035033941,-4.04992451751889));
#9572=CARTESIAN_POINT('Ctrl Pts',(16.4691182710376,46.7633035033941,-4.21522755905027));
#9573=CARTESIAN_POINT('',(14.4741254814598,45.4263331741095,-3.93696476323521));
#9574=CARTESIAN_POINT('Ctrl Pts',(14.5491685514019,43.8915421813726,-3.6498896507838));
#9575=CARTESIAN_POINT('Ctrl Pts',(15.1957982647975,43.8915421813726,-3.81210696859641));
#9576=CARTESIAN_POINT('Ctrl Pts',(15.8424279781932,43.8915421813726,-3.97432428640903));
#9577=CARTESIAN_POINT('Ctrl Pts',(16.4890576915888,43.8915421813726,-4.13654160422164));
#9578=CARTESIAN_POINT('Ctrl Pts',(14.5281170534613,44.1306988839069,-3.7338050074387));
#9579=CARTESIAN_POINT('Ctrl Pts',(15.1738149381229,44.1306988839069,-3.89975292874925));
#9580=CARTESIAN_POINT('Ctrl Pts',(15.8195014425946,44.1306988839069,-4.06569775378664));
#9581=CARTESIAN_POINT('Ctrl Pts',(16.4651993272562,44.1306988839069,-4.23164567509719));
#9582=CARTESIAN_POINT('Ctrl Pts',(14.4824974681805,44.6264421885827,-3.90724554767315));
#9583=CARTESIAN_POINT('Ctrl Pts',(15.1261637862703,44.6264421885827,-4.08090083805309));
#9584=CARTESIAN_POINT('Ctrl Pts',(15.7698308125148,44.6264421885827,-4.2545563303163));
#9585=CARTESIAN_POINT('Ctrl Pts',(16.4134971306046,44.6264421885827,-4.42821162069624));
#9586=CARTESIAN_POINT('Ctrl Pts',(14.4768891725422,45.1535255823866,-3.92680414104932));
#9587=CARTESIAN_POINT('Ctrl Pts',(15.1203033952135,45.1535255823866,-4.10132793956614));
#9588=CARTESIAN_POINT('Ctrl Pts',(15.7637268395432,45.1535255823866,-4.27585422800574));
#9589=CARTESIAN_POINT('Ctrl Pts',(16.4071410622145,45.1535255823866,-4.45037802652256));
#9590=CARTESIAN_POINT('Ctrl Pts',(14.4741254814598,45.4263331741095,-3.93696476323521));
#9591=CARTESIAN_POINT('Ctrl Pts',(15.1174199473025,45.4263331741095,-4.11194097493455));
#9592=CARTESIAN_POINT('Ctrl Pts',(15.7607144131451,45.4263331741095,-4.2869171866339));
#9593=CARTESIAN_POINT('Ctrl Pts',(16.4040088789878,45.4263331741095,-4.46189339833324));
#9594=CARTESIAN_POINT('',(14.5491685514019,43.8915421813726,-3.6498896507838));
#9595=CARTESIAN_POINT('Ctrl Pts',(14.718753878603,42.8854062408209,-2.8910697433838));
#9596=CARTESIAN_POINT('Ctrl Pts',(15.372920717652,42.8854062408209,-3.01956173197864));
#9597=CARTESIAN_POINT('Ctrl Pts',(16.027087556701,42.8854062408209,-3.14805372057347));
#9598=CARTESIAN_POINT('Ctrl Pts',(16.6812543957501,42.8854062408209,-3.27654570916831));
#9599=CARTESIAN_POINT('Ctrl Pts',(14.6887993413547,43.0150074004026,-3.04357158541467));
#9600=CARTESIAN_POINT('Ctrl Pts',(15.3416427381876,43.0150074004026,-3.17884325852778));
#9601=CARTESIAN_POINT('Ctrl Pts',(15.994462523369,43.0150074004026,-3.31410945702351));
#9602=CARTESIAN_POINT('Ctrl Pts',(16.6473059202019,43.0150074004026,-3.44938113013662));
#9603=CARTESIAN_POINT('Ctrl Pts',(14.6186489141354,43.2924559027322,-3.36883213307067));
#9604=CARTESIAN_POINT('Ctrl Pts',(15.2683667349306,43.2924559027322,-3.51855800918059));
#9605=CARTESIAN_POINT('Ctrl Pts',(15.9180842818916,43.2924559027322,-3.66828387470351));
#9606=CARTESIAN_POINT('Ctrl Pts',(16.5678021026868,43.2924559027322,-3.81800975081343));
#9607=CARTESIAN_POINT('Ctrl Pts',(14.5736567208208,43.6832793558622,-3.55227505459615));
#9608=CARTESIAN_POINT('Ctrl Pts',(15.2213662714538,43.6832793558622,-3.71015201204965));
#9609=CARTESIAN_POINT('Ctrl Pts',(15.8691013996305,43.6832793558622,-3.86803477108881));
#9610=CARTESIAN_POINT('Ctrl Pts',(16.5168109502635,43.6832793558622,-4.0259117285423));
#9611=CARTESIAN_POINT('Ctrl Pts',(14.5491685514019,43.8915421813726,-3.6498896507838));
#9612=CARTESIAN_POINT('Ctrl Pts',(15.1957982647975,43.8915421813726,-3.81210696859641));
#9613=CARTESIAN_POINT('Ctrl Pts',(15.8424279781932,43.8915421813726,-3.97432428640903));
#9614=CARTESIAN_POINT('Ctrl Pts',(16.4890576915888,43.8915421813726,-4.13654160422164));
#9615=CARTESIAN_POINT('',(14.718753878603,42.8854062408209,-2.8910697433838));
#9616=CARTESIAN_POINT('Ctrl Pts',(14.9062379002598,42.4727179855108,-1.67453625247691));
#9617=CARTESIAN_POINT('Ctrl Pts',(15.5687373624935,42.4727179855108,-1.74896008592033));
#9618=CARTESIAN_POINT('Ctrl Pts',(16.2312368247273,42.4727179855108,-1.82338391936375));
#9619=CARTESIAN_POINT('Ctrl Pts',(16.8937362869611,42.4727179855108,-1.89780775280717));
#9620=CARTESIAN_POINT('Ctrl Pts',(14.880286396145,42.5079312230823,-1.90554904400801));
#9621=CARTESIAN_POINT('Ctrl Pts',(15.5416375195245,42.5079312230823,-1.99024095480969));
#9622=CARTESIAN_POINT('Ctrl Pts',(16.2029734589181,42.5079312230823,-2.07493033907407));
#9623=CARTESIAN_POINT('Ctrl Pts',(16.8643245822976,42.5079312230823,-2.15962224987575));
#9624=CARTESIAN_POINT('Ctrl Pts',(14.8211081664159,42.5738368644265,-2.33669826823793));
#9625=CARTESIAN_POINT('Ctrl Pts',(15.4798238440504,42.5738368644265,-2.44055147140935));
#9626=CARTESIAN_POINT('Ctrl Pts',(16.1385402443035,42.5738368644265,-2.5444048341649));
#9627=CARTESIAN_POINT('Ctrl Pts',(16.797255921938,42.5738368644265,-2.64825803733632));
#9628=CARTESIAN_POINT('Ctrl Pts',(14.7532737447963,42.7864103129846,-2.71532530982796));
#9629=CARTESIAN_POINT('Ctrl Pts',(15.4089707493591,42.7864103129846,-2.83600579070654));
#9630=CARTESIAN_POINT('Ctrl Pts',(16.0646799062064,42.7864103129846,-2.9566882035931));
#9631=CARTESIAN_POINT('Ctrl Pts',(16.7203769107691,42.7864103129846,-3.07736868447168));
#9632=CARTESIAN_POINT('Ctrl Pts',(14.718753878603,42.8854062408209,-2.8910697433838));
#9633=CARTESIAN_POINT('Ctrl Pts',(15.372920717652,42.8854062408209,-3.01956173197864));
#9634=CARTESIAN_POINT('Ctrl Pts',(16.027087556701,42.8854062408209,-3.14805372057347));
#9635=CARTESIAN_POINT('Ctrl Pts',(16.6812543957501,42.8854062408209,-3.27654570916831));
#9636=CARTESIAN_POINT('',(14.9062379002598,42.4727179855108,-1.67453625247691));
#9637=CARTESIAN_POINT('Ctrl Pts',(14.8936594105391,41.2244202941656,-1.78294962431955));
#9638=CARTESIAN_POINT('Ctrl Pts',(15.5555998287852,41.2244202941656,-1.86219182984486));
#9639=CARTESIAN_POINT('Ctrl Pts',(16.2175402470314,41.2244202941656,-1.94143403537018));
#9640=CARTESIAN_POINT('Ctrl Pts',(16.8794806652776,41.2244202941656,-2.02067624089549));
#9641=CARTESIAN_POINT('Ctrl Pts',(14.897983692282,41.640519524614,-1.74682724677365));
#9642=CARTESIAN_POINT('Ctrl Pts',(15.5601163008334,41.640519524614,-1.82446401329757));
#9643=CARTESIAN_POINT('Ctrl Pts',(16.2222489093682,41.640519524614,-1.90210077981955));
#9644=CARTESIAN_POINT('Ctrl Pts',(16.8843815179196,41.640519524614,-1.97973754634347));
#9645=CARTESIAN_POINT('Ctrl Pts',(14.9021765591844,42.0566187550624,-1.71068913729722));
#9646=CARTESIAN_POINT('Ctrl Pts',(15.5644955173759,42.0566187550624,-1.78671976562218));
#9647=CARTESIAN_POINT('Ctrl Pts',(16.2268144755508,42.0566187550624,-1.86275039394523));
#9648=CARTESIAN_POINT('Ctrl Pts',(16.8891334337423,42.0566187550624,-1.93878102227019));
#9649=CARTESIAN_POINT('Ctrl Pts',(14.9062379002598,42.4727179855108,-1.67453625247691));
#9650=CARTESIAN_POINT('Ctrl Pts',(15.5687373624935,42.4727179855108,-1.74896008592033));
#9651=CARTESIAN_POINT('Ctrl Pts',(16.2312368247273,42.4727179855108,-1.82338391936375));
#9652=CARTESIAN_POINT('Ctrl Pts',(16.8937362869611,42.4727179855108,-1.89780775280717));
#9653=CARTESIAN_POINT('',(14.8936594105391,41.2244202941656,-1.78294962431955));
#9654=CARTESIAN_POINT('Ctrl Pts',(14.5737263516486,41.7735364288092,-3.55056336758877));
#9655=CARTESIAN_POINT('Ctrl Pts',(15.221447522833,41.7735364288092,-3.70836618392605));
#9656=CARTESIAN_POINT('Ctrl Pts',(15.8691686940174,41.7735364288092,-3.86616900026333));
#9657=CARTESIAN_POINT('Ctrl Pts',(16.5168898652017,41.7735364288092,-4.0239718166006));
#9658=CARTESIAN_POINT('Ctrl Pts',(14.6390266433295,41.6201452942884,-3.2825302463306));
#9659=CARTESIAN_POINT('Ctrl Pts',(15.2896401445814,41.6201452942884,-3.42841868030867));
#9660=CARTESIAN_POINT('Ctrl Pts',(15.9402833611881,41.6201452942884,-3.57431251186329));
#9661=CARTESIAN_POINT('Ctrl Pts',(16.5908968624401,41.6201452942884,-3.72020094584135));
#9662=CARTESIAN_POINT('Ctrl Pts',(14.7576194836509,41.3089412872623,-2.73529056355412));
#9663=CARTESIAN_POINT('Ctrl Pts',(15.4135134850489,41.3089412872623,-2.85685894475763));
#9664=CARTESIAN_POINT('Ctrl Pts',(16.0694080800729,41.3089412872623,-2.9784275908245));
#9665=CARTESIAN_POINT('Ctrl Pts',(16.725302081471,41.3089412872623,-3.09999597202801));
#9666=CARTESIAN_POINT('Ctrl Pts',(14.8551910581648,41.2528595706388,-2.10429046902507));
#9667=CARTESIAN_POINT('Ctrl Pts',(15.5154324162994,41.2528595706388,-2.19781654703512));
#9668=CARTESIAN_POINT('Ctrl Pts',(16.1756418411189,41.2528595706388,-2.2913364535517));
#9669=CARTESIAN_POINT('Ctrl Pts',(16.8358831992535,41.2528595706388,-2.38486253156175));
#9670=CARTESIAN_POINT('Ctrl Pts',(14.8936594105391,41.2244202941656,-1.78294962431955));
#9671=CARTESIAN_POINT('Ctrl Pts',(15.5555998287852,41.2244202941656,-1.86219182984486));
#9672=CARTESIAN_POINT('Ctrl Pts',(16.2175402470314,41.2244202941656,-1.94143403537018));
#9673=CARTESIAN_POINT('Ctrl Pts',(16.8794806652776,41.2244202941656,-2.02067624089549));
#9674=CARTESIAN_POINT('Origin',(0.,0.,0.));
#9675=CARTESIAN_POINT('',(16.0642676452978,74.2667128890753,5.56231112220789));
#9676=CARTESIAN_POINT('',(16.0642685294032,74.2667128890753,-5.56230856886125));
#9677=CARTESIAN_POINT('Origin',(0.,74.2667128890753,0.));
#9678=CARTESIAN_POINT('',(16.0642676452978,72.9433848708868,5.5623111222079));
#9679=CARTESIAN_POINT('',(16.0642676452978,72.9433848708868,5.56231112220789));
#9680=CARTESIAN_POINT('',(16.0642685294032,72.9433848708868,-5.56230856886125));
#9681=CARTESIAN_POINT('Origin',(0.,72.9433848708868,0.));
#9682=CARTESIAN_POINT('',(16.0642685294032,74.2667128890753,-5.56230856886125));
#9683=CARTESIAN_POINT('Origin',(15.,74.2667128890753,1.1920928949527E-6));
#9684=CARTESIAN_POINT('',(14.1743538046745,74.2667128890753,4.90792157841873));
#9685=CARTESIAN_POINT('',(14.1743545847675,74.2667128890753,-4.90791932546581));
#9686=CARTESIAN_POINT('Origin',(14.1743538046745,73.605048879981,4.90792157841873));
#9687=CARTESIAN_POINT('',(14.1743538046745,72.9433848708868,4.90792157841873));
#9688=CARTESIAN_POINT('Origin',(15.,72.9433848708868,1.19209289550781E-6));
#9689=CARTESIAN_POINT('',(14.1743545847675,72.9433848708868,-4.90791932546581));
#9690=CARTESIAN_POINT('Origin',(14.1743545847675,73.605048879981,-4.90791932546581));
#9691=CARTESIAN_POINT('Origin',(0.,0.,0.));
#9692=CARTESIAN_POINT('',(16.451727394272,80.467260107398,4.28260034845175));
#9693=CARTESIAN_POINT('',(16.0642685294032,80.467260107398,-5.56230856886125));
#9694=CARTESIAN_POINT('Origin',(0.,80.467260107398,0.));
#9695=CARTESIAN_POINT('',(16.451727394272,83.7755753844976,4.28260034845175));
#9696=CARTESIAN_POINT('',(16.451727394272,83.7755753844976,4.28260034845175));
#9697=CARTESIAN_POINT('',(16.0642676452978,83.7755753844976,5.56231112220789));
#9698=CARTESIAN_POINT('Origin',(0.,83.7755753844976,0.));
#9699=CARTESIAN_POINT('',(16.0642676452978,75.8492543548346,5.56231112220789));
#9700=CARTESIAN_POINT('',(16.0642676452978,75.8492543548346,5.56231112220789));
#9701=CARTESIAN_POINT('',(16.451727394272,75.8492543548346,4.28260034845175));
#9702=CARTESIAN_POINT('Origin',(0.,75.8492543548346,0.));
#9703=CARTESIAN_POINT('',(16.451727394272,79.1439320892096,4.28260034845174));
#9704=CARTESIAN_POINT('',(16.451727394272,79.1439320892096,4.28260034845175));
#9705=CARTESIAN_POINT('',(16.0642685294032,79.1439320892096,-5.56230856886125));
#9706=CARTESIAN_POINT('Origin',(0.,79.1439320892096,0.));
#9707=CARTESIAN_POINT('',(16.0642685294032,80.467260107398,-5.56230856886125));
#9708=CARTESIAN_POINT('Origin',(14.9883966095702,80.467260107398,-0.589887340281622));
#9709=CARTESIAN_POINT('',(14.5162300537694,80.467260107398,3.77876501333978));
#9710=CARTESIAN_POINT('',(14.1743545847675,80.467260107398,-4.90791932546581));
#9711=CARTESIAN_POINT('Origin',(14.5162300537694,82.1214177459478,3.77876501333978));
#9712=CARTESIAN_POINT('',(14.5162300537694,83.7755753844976,3.77876501333978));
#9713=CARTESIAN_POINT('Origin',(14.356397499781,83.7755753844976,4.34670574438655));
#9714=CARTESIAN_POINT('',(14.1743538046745,83.7755753844976,4.90792157841873));
#9715=CARTESIAN_POINT('Origin',(14.1743538046745,79.8124148696661,4.90792157841873));
#9716=CARTESIAN_POINT('',(14.1743538046745,75.8492543548346,4.90792157841873));
#9717=CARTESIAN_POINT('Origin',(14.356397499781,75.8492543548346,4.34670574438655));
#9718=CARTESIAN_POINT('',(14.5162300537694,75.8492543548346,3.77876501333978));
#9719=CARTESIAN_POINT('Origin',(14.5162300537694,77.4965932220221,3.77876501333978));
#9720=CARTESIAN_POINT('',(14.5162300537694,79.1439320892096,3.77876501333977));
#9721=CARTESIAN_POINT('Origin',(14.9883966095702,79.1439320892096,-0.589887340281625));
#9722=CARTESIAN_POINT('',(14.1743545847675,79.1439320892096,-4.90791932546581));
#9723=CARTESIAN_POINT('Origin',(14.1743545847675,79.8055960983038,-4.90791932546581));
#9724=CARTESIAN_POINT('Origin',(0.,0.,0.));
#9725=CARTESIAN_POINT('',(-13.,0.,-1.59204083889156E-15));
#9726=CARTESIAN_POINT('Origin',(0.,0.,0.));
#9727=CARTESIAN_POINT('',(-13.,123.,-1.59204083889156E-15));
#9728=CARTESIAN_POINT('',(-13.,0.,1.59204083889156E-15));
#9729=CARTESIAN_POINT('Origin',(0.,123.,0.));
#9730=CARTESIAN_POINT('Origin',(0.,123.,0.));
#9731=CARTESIAN_POINT('Origin',(0.,0.,0.));
#9732=CARTESIAN_POINT('',(-15.,0.,1.83697019872103E-15));
#9733=CARTESIAN_POINT('Origin',(0.,125.,0.));
#9734=CARTESIAN_POINT('Origin',(0.,0.,0.));
#9735=UNCERTAINTY_MEASURE_WITH_UNIT(LENGTH_MEASURE(0.01),#9739,
'DISTANCE_ACCURACY_VALUE',
'Maximum model space distance between geometric entities at asserted c
onnectivities');
#9736=UNCERTAINTY_MEASURE_WITH_UNIT(LENGTH_MEASURE(0.01),#9739,
'DISTANCE_ACCURACY_VALUE',
'Maximum model space distance between geometric entities at asserted c
onnectivities');
#9737=(
GEOMETRIC_REPRESENTATION_CONTEXT(3)
GLOBAL_UNCERTAINTY_ASSIGNED_CONTEXT((#9735))
GLOBAL_UNIT_ASSIGNED_CONTEXT((#9739,#9741,#9742))
REPRESENTATION_CONTEXT('','3D')
);
#9738=(
GEOMETRIC_REPRESENTATION_CONTEXT(3)
GLOBAL_UNCERTAINTY_ASSIGNED_CONTEXT((#9736))
GLOBAL_UNIT_ASSIGNED_CONTEXT((#9739,#9741,#9742))
REPRESENTATION_CONTEXT('','3D')
);
#9739=(
LENGTH_UNIT()
NAMED_UNIT(*)
SI_UNIT(.MILLI.,.METRE.)
);
#9740=(
LENGTH_UNIT()
NAMED_UNIT(*)
SI_UNIT($,.METRE.)
);
#9741=(
NAMED_UNIT(*)
PLANE_ANGLE_UNIT()
SI_UNIT($,.RADIAN.)
);
#9742=(
NAMED_UNIT(*)
SI_UNIT($,.STERADIAN.)
SOLID_ANGLE_UNIT()
);
#9743=SHAPE_DEFINITION_REPRESENTATION(#9744,#9745);
#9744=PRODUCT_DEFINITION_SHAPE('',$,#9747);
#9745=SHAPE_REPRESENTATION('',(#4999),#9737);
#9746=PRODUCT_DEFINITION_CONTEXT('part definition',#9751,'design');
#9747=PRODUCT_DEFINITION('2026-08-04-15-45-21-898',
'Day7: Bike handle bar grip',#9748,#9746);
#9748=PRODUCT_DEFINITION_FORMATION('',$,#9753);
#9749=PRODUCT_RELATED_PRODUCT_CATEGORY('Day7: Bike handle bar grip',
'Day7: Bike handle bar grip',(#9753));
#9750=APPLICATION_PROTOCOL_DEFINITION('international standard',
'automotive_design',2009,#9751);
#9751=APPLICATION_CONTEXT(
'Core Data for Automotive Mechanical Design Process');
#9752=PRODUCT_CONTEXT('part definition',#9751,'mechanical');
#9753=PRODUCT('2026-08-04-15-45-21-898','Day7: Bike handle bar grip',$,
(#9752));
#9754=PRESENTATION_STYLE_ASSIGNMENT((#9757));
#9755=PRESENTATION_STYLE_ASSIGNMENT((#9758));
#9756=PRESENTATION_STYLE_ASSIGNMENT((#9759));
#9757=SURFACE_STYLE_USAGE(.BOTH.,#9760);
#9758=SURFACE_STYLE_USAGE(.BOTH.,#9761);
#9759=SURFACE_STYLE_USAGE(.BOTH.,#9762);
#9760=SURFACE_SIDE_STYLE('',(#9763));
#9761=SURFACE_SIDE_STYLE('',(#9764));
#9762=SURFACE_SIDE_STYLE('',(#9765));
#9763=SURFACE_STYLE_FILL_AREA(#9766);
#9764=SURFACE_STYLE_FILL_AREA(#9767);
#9765=SURFACE_STYLE_FILL_AREA(#9768);
#9766=FILL_AREA_STYLE('Steel - Satin',(#9769));
#9767=FILL_AREA_STYLE('Rubber - Soft',(#9770));
#9768=FILL_AREA_STYLE('Silicone (White)',(#9771));
#9769=FILL_AREA_STYLE_COLOUR('Steel - Satin',#9772);
#9770=FILL_AREA_STYLE_COLOUR('Rubber - Soft',#9773);
#9771=FILL_AREA_STYLE_COLOUR('Silicone (White)',#9774);
#9772=COLOUR_RGB('Steel - Satin',0.627450980392157,0.627450980392157,0.627450980392157);
#9773=COLOUR_RGB('Rubber - Soft',0.152941176470588,0.152941176470588,0.152941176470588);
#9774=COLOUR_RGB('Silicone (White)',0.964705882352941,0.964705882352941,
0.952941176470588);
ENDSEC;
END-ISO-10303-21;
