# WaveFront *.obj file (generated by Autodesk ATF)

mtllib Model.mtl

g Body1

v 11.867336 0.526491 0.019940
v 11.750628 -0.060568 0.080340
v 9.325659 -0.067887 0.090049
v 6.900689 -0.075206 0.099757
v 4.475720 -0.082525 0.109465
v 2.050750 -0.089844 0.119174
v 1.858796 0.393545 0.300593
v 1.857814 0.398155 0.302446
v 6.862131 0.504478 0.082066
v 2.051001 -0.119943 0.159099
v 1.903378 0.189239 0.579563
v 1.865307 0.361430 0.349126
v 1.967629 0.076811 0.313171
v 1.963623 0.111793 0.266516
v 11.750879 -0.090667 0.120265
v 6.900940 -0.105305 0.139682
v 11.884511 0.603999 0.029086
v 11.896428 0.393557 0.308526
v 11.877843 0.315826 0.299364
v 11.824056 0.170449 0.189193
v 6.890172 0.293916 0.361186
v 1.903378 0.189240 0.579564
v 3.984314 0.076072 0.295682
v 6.067488 0.090411 0.260222
v 11.067310 0.110057 0.214957
v 2.943605 0.062550 0.324587
v 1.818756 0.592227 0.888427
v 1.650410 0.968094 1.197396
v 1.523039 1.135937 0.917922
v 1.736826 0.770458 0.671529
v 1.736718 0.778749 0.822781
v 1.840208 0.484695 0.587939
v 11.707363 2.145008 0.520727
v 11.262335 3.849845 0.732947
v 10.570789 5.470251 0.945124
v 9.648282 6.970797 1.157361
v 9.391178 0.477484 0.350855
v 2.971017 1.069962 0.863493
v 9.222301 1.833012 0.559135
v 6.782214 1.289337 0.569143
v 4.342128 0.745661 0.579150
v 3.122084 0.473824 0.584154
v 8.692192 3.585650 0.838474
v 6.403722 2.579375 0.848482
v 4.115252 1.573100 0.858489
v 8.224570 4.557911 1.002893
v 6.066449 3.296118 1.012900
v 3.908328 2.034324 1.022907
v 2.829268 1.403428 1.027911
v 11.664521 2.351377 0.241287
v 11.189506 4.047594 0.453486
v 10.469549 5.655101 0.665692
v 9.520911 7.138640 0.877888
v 11.638930 2.479409 0.409404
v 11.875865 0.768786 0.201356
v 10.936529 4.690968 0.689110
v -1.500000 -0.000000 0.000000
v -1.448889 -0.388229 0.000000
v -1.299038 -0.750000 0.000000
v -1.060660 -1.060660 0.000000
v -0.750000 -1.299038 0.000000
v -0.388229 -1.448889 0.000000
v 0.000000 -1.500000 0.000000
v 0.388229 -1.448889 0.000000
v 0.750000 -1.299038 0.000000
v 1.060660 -1.060660 0.000000
v 1.299038 -0.750000 0.000000
v 1.448889 -0.388229 0.000000
v 1.500000 0.000000 0.000000
v 1.448889 0.388229 0.000000
v 1.299038 0.750000 0.000000
v 1.060660 1.060660 0.000000
v 0.750000 1.299038 0.000000
v 0.388229 1.448889 0.000000
v 0.000000 1.500000 0.000000
v -0.388229 1.448889 0.000000
v -0.750000 1.299038 0.000000
v -1.060660 1.060660 0.000000
v -1.299038 0.750000 0.000000
v -1.448889 0.388229 0.000000
v 1.900000 0.000000 0.000000
v 1.835259 -0.491756 0.000000
v 1.645448 -0.950000 0.000000
v 1.343503 -1.343503 0.000000
v 0.950000 -1.645448 0.000000
v 0.491756 -1.835259 0.000000
v 0.000000 -1.900000 0.000000
v -0.491756 -1.835259 0.000000
v -0.950000 -1.645448 0.000000
v -1.343503 -1.343503 0.000000
v -1.645448 -0.950000 0.000000
v -1.835259 -0.491756 0.000000
v -1.900000 -0.000000 0.000000
v -1.835259 0.491756 0.000000
v -1.645448 0.950000 0.000000
v -1.343503 1.343503 0.000000
v -0.950000 1.645448 0.000000
v -0.491756 1.835259 0.000000
v -0.000000 1.900000 0.000000
v 0.491756 1.835259 0.000000
v 0.950000 1.645448 0.000000
v 1.343503 1.343503 0.000000
v 1.645448 0.950000 0.000000
v 1.835259 0.491756 0.000000
v 0.000000 0.000000 -2.500000
v 1.730142 0.785244 0.610259
v 6.826419 1.000946 0.185424
v 6.557752 2.143311 0.429328
v 2.994305 0.975362 0.444340
v 4.353264 0.636202 0.195431
v 5.589842 0.818574 0.190428
v 3.075170 0.679265 0.304708
v 4.295213 0.951103 0.299704
v 5.515256 1.222941 0.294700
v 6.735300 1.494779 0.289696
v 6.318007 2.771518 0.568962
v 5.173748 2.268435 0.573966
v 4.029489 1.765352 0.578970
v 2.885230 1.262270 0.583974
v 5.369937 1.753995 0.434332
v 4.182121 1.364678 0.439336
v 1.087870 1.557735 1.376766
v 0.542020 1.821048 1.835620
v 3.365805 11.413995 1.795585
v 5.142451 10.730592 1.566166
v 6.788195 9.772850 1.336738
v 8.260206 8.564974 1.107318
v 7.104866 6.154292 0.989043
v 2.227092 2.227051 1.118308
v 2.383330 2.059431 1.014061
v 3.327637 2.878404 1.009057
v 4.271944 3.697376 1.004054
v 5.216252 4.516348 0.999050
v 1.558427 2.736637 1.501743
v 2.175006 3.823951 1.496739
v 2.791585 4.911265 1.491736
v 3.408164 5.998579 1.486732
v 4.641321 8.173206 1.476724
v 6.136696 7.119267 1.197535
v 4.505650 5.224724 1.207542
v 3.690128 4.277452 1.212546
v 2.874605 3.330180 1.217550
v 2.059082 2.382909 1.222554
v 6.638322 6.654311 1.093290
v 4.873830 4.883407 1.103297
v 3.991584 3.997955 1.108301
v 3.109338 3.112503 1.113304
v -0.058830 1.899089 2.294353
v -0.653697 1.784007 2.753097
v -4.122502 11.163015 2.713063
v -2.290052 11.676731 2.483699
v -0.398605 11.892407 2.254325
v 1.503033 11.803841 2.024960
v 2.017432 9.180653 1.906717
v 0.454365 3.116608 2.035957
v 0.679754 3.075623 1.931736
v 0.947289 4.296629 1.926732
v 1.214825 5.517635 1.921728
v 1.482361 6.738641 1.916725
v -0.386095 3.125510 2.419298
v -0.541590 4.365769 2.414295
v -0.697086 5.606027 2.409291
v -0.852582 6.846286 2.404287
v -1.163574 9.326804 2.394279
v 0.664809 9.375555 2.115158
v 0.489513 6.881788 2.125166
v 0.401865 5.634904 2.130169
v 0.314216 4.388021 2.135173
v 0.226568 3.141137 2.140177
v 1.344708 9.302631 2.010939
v 0.988570 6.828222 2.020946
v 0.810502 5.591017 2.025949
v 0.632433 4.353813 2.030953
v -1.181977 1.487592 3.211723
v -1.590113 1.039971 3.670359
v -9.975544 6.488176 3.630325
v -8.813391 7.994657 3.401015
v -7.425946 9.297503 3.171695
v -5.848620 10.362597 2.942384
v -3.868791 8.566615 2.824172
v -1.498129 2.770434 2.953386
v -1.292969 2.872238 2.849190
v -1.808133 4.011113 2.844187
v -2.323298 5.149989 2.839183
v -2.838462 6.288864 2.834179
v -2.177192 2.275461 3.336639
v -3.042974 3.177038 3.331635
v -3.908756 4.078616 3.326631
v -4.774538 4.980193 3.321627
v -6.506102 6.783348 3.311619
v -5.069510 7.914738 3.032563
v -3.719862 5.810444 3.042570
v -3.045038 4.758297 3.047574
v -2.370214 3.706150 3.052578
v -1.695389 2.654004 3.057582
v -4.480925 8.262475 2.928369
v -3.287806 6.065659 2.938376
v -2.691247 4.967251 2.943379
v -2.094688 3.868843 2.948383
v -1.836586 0.486776 4.128880
v -1.896463 -0.115875 4.587411
v -11.875883 -0.755859 4.547377
v -11.843855 1.146087 4.318119
v -11.509642 3.019337 4.088852
v -10.881254 4.815403 3.859593
v -8.220700 4.557908 3.741412
v -2.856582 1.326515 3.870602
v -2.752915 1.530680 3.766430
v -3.846472 2.136125 3.761427
v -4.940029 2.741571 3.756423
v -6.033586 3.347017 3.751419
v -3.105357 0.524069 4.253768
v -4.338272 0.729838 4.248764
v -5.571187 0.935607 4.243760
v -6.804102 1.141376 4.238756
v -9.269933 1.552914 4.228748
v -8.793942 3.318074 3.949754
v -6.454438 2.436982 3.959762
v -5.284685 1.996436 3.964766
v -4.114933 1.555889 3.969769
v -2.945181 1.115343 3.974773
v -8.529776 3.948432 3.845584
v -6.260498 2.899665 3.855591
v -5.125859 2.375282 3.860595
v -3.991220 1.850898 3.865598
v -1.763712 -0.706626 5.045829
v -1.451848 -1.225617 5.504257
v -9.073588 -7.699215 5.464223
v -10.183635 -6.154999 5.235017
v -11.034297 -4.453377 5.005801
v -11.603052 -2.637992 4.776594
v -9.315490 -1.255421 4.658442
v -3.083318 -0.642535 4.787608
v -3.122130 -0.416926 4.683460
v -4.360802 -0.584625 4.678457
v -5.599474 -0.752324 4.673453
v -6.838146 -0.920023 4.668450
v -2.803576 -1.434522 5.170690
v -3.915301 -2.005914 5.165686
v -5.027026 -2.577306 5.160682
v -6.138751 -3.148698 5.155678
v -8.362200 -4.291482 5.145670
v -9.034670 -2.591866 4.866737
v -6.632100 -1.901026 4.876744
v -5.430815 -1.555606 4.881748
v -4.229530 -1.210186 4.886752
v -3.028245 -0.864765 4.891756
v -9.199315 -1.928681 4.762590
v -6.752916 -1.414223 4.772598
v -5.529717 -1.156994 4.777601
v -4.306517 -0.899764 4.782605
v -0.992657 -1.620072 5.962575
v -0.432701 -1.850073 6.420903
v -2.680655 -11.594050 6.380868
v -4.492798 -11.018404 6.151712
v -6.190932 -10.161725 5.922547
v -7.730961 -9.045556 5.693390
v -6.721759 -6.570571 5.575267
v -2.089283 -2.356820 5.704410
v -2.255119 -2.199082 5.600285
v -3.148447 -3.073379 5.595282
v -4.041775 -3.947677 5.590278
v -4.935103 -4.821975 5.585274
v -1.392073 -2.824895 6.087409
v -1.942560 -3.947118 6.082405
v -2.493048 -5.069341 6.077401
v -3.043536 -6.191564 6.072397
v -4.144511 -8.436009 6.062390
v -5.698581 -7.474572 5.783515
v -4.184120 -5.485600 5.793523
v -3.426889 -4.491113 5.798526
v -2.669659 -3.496627 5.803530
v -1.912429 -2.502141 5.808534
v -6.226592 -7.041077 5.679392
v -4.571669 -5.167374 5.689399
v -3.744207 -4.230523 5.694403
v -2.916745 -3.293671 5.699406
v 0.171049 -1.892285 6.879122
v 0.757443 -1.742492 7.337352
v 4.771616 -10.901358 7.297317
v 2.974602 -11.521380 7.068211
v 1.101283 -11.848016 6.839094
v -0.800135 -11.872221 6.609986
v -1.468279 -9.284320 6.491892
v -0.268610 -3.138081 6.621012
v -0.495774 -3.110584 6.516910
v -0.690275 -4.345331 6.511906
v -0.884776 -5.580078 6.506903
v -1.079277 -6.814826 6.501899
v 0.569982 -3.097261 7.003930
v 0.798444 -4.326173 6.998927
v 1.026905 -5.555086 6.993923
v 1.255367 -6.783998 6.988919
v 1.712290 -9.241823 6.978911
v -0.108033 -9.398478 6.700094
v -0.080828 -6.898706 6.710102
v -0.067226 -5.648819 6.715106
v -0.053623 -4.398933 6.720109
v -0.040021 -3.149046 6.725113
v -0.790278 -9.366039 6.595994
v -0.581611 -6.874856 6.606001
v -0.477277 -5.629264 6.611005
v -0.372943 -4.383673 6.616008
v 1.266887 -1.415979 7.795476
v 1.647837 -0.945850 8.253610
v 10.335580 -5.897771 8.213575
v 9.264207 -7.467593 7.984516
v 7.956575 -8.847668 7.755448
v 6.445940 -10.001986 7.526388
v 4.365089 -8.324689 7.408321
v 1.657989 -2.677832 7.537419
v 1.459376 -2.791370 7.433339
v 2.040519 -3.898034 7.428335
v 2.621662 -5.004697 7.423332
v 3.202804 -6.111361 7.418328
v 2.306245 -2.144560 7.920259
v 3.223155 -2.994088 7.915255
v 4.140064 -3.843617 7.910251
v 5.056973 -4.693145 7.905247
v 6.890792 -6.392201 7.895239
v 5.524229 -7.604339 7.616479
v 4.053688 -5.582678 7.626486
v 3.318418 -4.571847 7.631490
v 2.583147 -3.561017 7.636494
v 1.847877 -2.550186 7.641498
v 4.957662 -7.985538 7.512401
v 3.637793 -5.862456 7.522408
v 2.977858 -4.800914 7.527411
v 2.317923 -3.739373 7.532415
v 1.861631 -0.379910 8.711640
v 1.886685 0.224547 9.169681
v 11.812911 1.436329 9.129646
v 11.890197 -0.462286 8.900634
v 11.664792 -2.349673 8.671612
v 11.141882 -4.177120 8.442599
v 8.471280 -4.073311 8.324559
v 2.928638 -1.158789 8.453635
v 2.837081 -1.368392 8.349577
v 3.963921 -1.909376 8.344573
v 5.090761 -2.450360 8.339570
v 6.217601 -2.991343 8.334566
v 3.130410 -0.344159 8.836398
v 4.373138 -0.478502 8.831395
v 5.615866 -0.612845 8.826391
v 6.858593 -0.747188 8.821387
v 9.344049 -1.015875 8.811379
v 8.971186 -2.803731 8.532673
v 6.584624 -2.059470 8.542681
v 5.391343 -1.687339 8.547685
v 4.198062 -1.315209 8.552689
v 3.004781 -0.943078 8.557693
v 8.744205 -3.447624 8.428617
v 6.417978 -2.532090 8.438624
v 5.254865 -2.074323 8.443628
v 4.091751 -1.616556 8.448631
v 1.720510 0.806130 9.627620
v 1.379972 1.306015 10.085570
v 8.622147 8.201615 10.045535
v 9.816900 6.724507 9.816569
v 10.762163 5.075846 9.587592
v 11.433043 3.297790 9.358624
v 9.228191 1.787440 9.240610
v 3.041473 0.818019 9.369666
v 3.093092 0.595240 9.265629
v 4.320111 0.833680 9.260625
v 5.547131 1.072120 9.255621
v 6.774151 1.310560 9.250618
v 2.717282 1.591946 9.752354
v 3.794642 2.225757 9.747351
v 4.872002 2.859569 9.742347
v 5.949361 3.493380 9.737343
v 8.104081 4.761003 9.727335
v 8.871694 3.104215 9.448683
v 6.512555 2.277130 9.458691
v 5.332986 1.863587 9.463695
v 4.153417 1.450045 9.468698
v 2.973848 1.036502 9.473702
v 9.073798 2.452230 9.344648
v 6.660868 1.798546 9.354655
v 5.454403 1.471704 9.359658
v 4.247938 1.144861 9.364662
v 0.899686 1.673489 10.543421
v 0.328257 1.871429 11.001282
v 2.026177 11.726147 10.961247
v 3.865921 11.253674 10.732325
v 5.607843 10.494783 10.503392
v 7.206840 9.468440 10.274469
v 6.338621 6.940918 10.156481
v 1.952559 2.471281 10.285515
v 2.126880 2.323340 10.181499
v 2.969228 3.246856 10.176495
v 3.811576 4.170371 10.171492
v 4.653925 5.093887 10.166488
v 1.230752 2.898822 10.668132
v 1.717156 4.050269 10.663128
v 2.203561 5.201717 10.658124
v 2.689965 6.353164 10.653120
v 3.662774 8.656060 10.643112
v 5.267035 7.784694 10.364512
v 3.867405 5.713308 10.374520
v 3.167590 4.677614 10.379524
v 2.467775 3.641921 10.384528
v 1.767960 2.606228 10.389532
v 5.818145 7.382171 10.260498
v 4.271910 5.417815 10.270505
v 3.498793 4.435637 10.275508
v 2.725676 3.453459 10.280512
v -0.276313 1.879801 11.459046
v -0.852901 1.697810 11.916821
v -5.368769 10.619993 11.876786
v -3.610702 11.338138 11.647907
v -1.760315 11.768164 11.419018
v 0.134903 11.898391 11.190138
v 0.945880 9.351993 11.072174
v 0.092629 3.148196 11.201189
v 0.320746 3.133472 11.097192
v 0.445773 4.377177 11.092189
v 0.570800 5.620881 11.087185
v 0.695826 6.864585 11.082181
v -0.741568 3.060718 11.583734
v -1.038107 4.275002 11.578730
v -1.334646 5.489286 11.573726
v -1.631184 6.703571 11.568723
v -2.224262 9.132139 11.558715
v -0.417245 9.389837 11.280166
v -0.304741 6.892449 11.290174
v -0.248489 5.643754 11.295177
v -0.192237 4.395060 11.300181
v -0.135984 3.146366 11.305185
v 0.265056 9.395585 11.176171
v 0.196085 6.896629 11.186178
v 0.161600 5.647151 11.191182
v 0.127114 4.397674 11.196185
v -1.343040 1.343966 12.374501
v -1.697222 0.854071 12.832192
v -10.643425 5.322164 12.792158
v -9.660819 6.946878 12.563320
v -8.432353 8.395464 12.334473
v -6.989159 9.630244 12.105635
v -4.819460 8.070147 11.987696
v -1.803574 2.582022 12.116691
v -1.611739 2.706257 12.012714
v -2.253283 3.779035 12.007710
v -2.894827 4.851813 12.002707
v -3.536372 5.924591 11.997703
v -2.420830 2.014325 12.499167
v -3.383124 2.812079 12.494163
v -4.345418 3.609833 12.489159
v -5.307712 4.407587 12.484155
v -7.232300 6.003095 12.474148
v -5.935882 7.287554 12.195649
v -4.355904 5.350217 12.205656
v -3.565915 4.381549 12.210660
v -2.775926 3.412880 12.215664
v -1.985936 2.444212 12.220668
v -5.391789 7.699084 12.091673
v -3.956503 5.652259 12.101680
v -3.238860 4.628847 12.106684
v -2.521217 3.605435 12.111687
v -1.879578 0.277825 13.289791
v -1.871730 -0.326535 13.747400
v -11.717633 -2.074848 13.707366
v -11.897745 -0.185015 13.478569
v -11.775572 1.710064 13.249763
v -11.353632 3.561598 13.020965
v -8.681660 3.603228 12.903050
v -2.987640 0.996858 13.032026
v -2.907769 1.210953 12.928068
v -4.062547 1.689408 12.923064
v -5.217325 2.167863 12.918061
v -6.372103 2.646318 12.913057
v -3.144508 0.173189 13.414435
v -4.392708 0.239662 13.409431
v -5.640908 0.306136 13.404427
v -6.889107 0.372610 13.399423
v -9.385506 0.505557 13.389415
v -9.110961 2.309444 13.110965
v -6.687303 1.696673 13.120972
v -5.475475 1.390288 13.125976
v -4.263646 1.083903 13.130980
v -3.051817 0.777518 13.135984
v -8.919701 2.964154 13.007008
v -6.546877 2.177236 13.017015
v -5.360465 1.783777 13.022019
v -4.174053 1.390317 13.027022
v -1.674523 -0.897759 14.204920
v -1.307922 -1.378166 14.662450
v -8.169758 -8.652340 14.622415
v -9.440954 -7.242855 14.393658
v -10.472708 -5.648966 14.164892
v -11.237948 -3.911324 13.936134
v -9.117818 -2.284701 13.818241
v -2.992763 -0.981371 13.947199
v -3.056307 -0.761918 13.843259
v -4.268609 -1.066474 13.838255
v -5.480911 -1.371031 13.833252
v -6.693214 -1.675588 13.828248
v -2.627597 -1.735990 14.329541
v -3.669256 -2.426909 14.324537
v -4.710914 -3.117828 14.319533
v -5.752572 -3.808747 14.314529
v -7.835889 -5.190585 14.304521
v -8.691001 -3.579058 14.026119
v -6.380000 -2.625707 14.036127
v -5.224499 -2.149031 14.041131
v -4.068999 -1.672355 14.046135
v -2.913498 -1.195679 14.051139
v -8.927841 -2.939549 13.922181
v -6.553810 -2.156278 13.932188
v -5.366794 -1.764642 13.937192
v -4.179779 -1.373007 13.942195
v -1.063068 -1.574765 14.899473
v -0.789155 -1.728362 15.136468
v -0.493683 -1.834741 15.373469
v -0.184750 -1.890996 15.610498
v -1.127050 -11.846420 15.570464
v -3.062318 -11.498267 15.333458
v -4.914701 -10.836567 15.096441
v -6.632841 -9.878899 14.859434
v -5.939768 -7.285122 14.736781
v -1.993355 -2.438838 14.761799
v -2.782638 -3.408095 14.756795
v -3.571920 -4.377352 14.751792
v -4.361203 -5.346608 14.746788
v -5.375218 -7.710551 14.844543
v -3.946833 -5.658918 14.854550
v -3.232641 -4.633101 14.859554
v -2.518449 -3.607284 14.864557
v -1.804257 -2.581467 14.869561
v -1.604967 -2.709530 14.977322
v -2.240031 -3.786138 14.972318
v -2.875095 -4.862745 14.967315
v -3.510160 -5.939352 14.962311
v -4.780288 -8.092567 14.952303
v -1.031099 -2.975581 15.265435
v -1.438219 -4.157387 15.260431
v -1.845338 -5.339194 15.255428
v -2.252458 -6.521000 15.250424
v -3.066698 -8.884613 15.240416
v 0.422798 -1.852361 16.071429
v 0.986940 -1.623561 16.532371
v 6.207087 -10.152832 16.492336
v 4.500436 -11.015268 16.261874
v 2.677254 -11.593970 16.031401
v 0.784942 -11.873216 15.800938
v -0.226357 -9.396973 15.682062
v 0.150530 -3.145947 15.811810
v -0.079652 -3.148835 15.707080
v -0.108993 -4.398462 15.702076
v -0.138334 -5.648090 15.697073
v -0.167675 -6.897718 15.692069
v 0.980919 -2.992590 16.196952
v 1.372410 -4.179668 16.191948
v 1.763901 -5.366746 16.186944
v 2.155392 -6.553823 16.181940
v 2.938375 -8.927979 16.171932
v 1.145196 -9.329052 15.891520
v 0.839085 -6.847945 15.901527
v 0.686030 -5.607391 15.906531
v 0.532974 -4.366838 15.911535
v 0.379918 -3.126284 15.916539
v 0.460601 -9.388013 15.786792
v 0.336572 -6.891187 15.796799
v 0.274558 -5.642773 15.801802
v 0.212544 -4.394360 15.806806
v 1.449508 -1.228384 16.993006
v 1.763458 -0.707260 17.453651
v 11.055934 -4.401618 17.413617
v 10.208149 -6.114229 17.183302
v 9.097274 -7.669909 16.952978
v 7.751743 -9.027732 16.722662
v 5.457429 -7.653158 16.603872
v 2.007983 -2.426449 16.733551
v 1.825691 -2.566780 16.628890
v 2.552038 -3.584056 16.623886
v 3.278386 -4.601331 16.618882
v 4.004734 -5.618607 16.613879
v 2.579977 -1.805969 17.118451
v 3.605293 -2.520914 17.113447
v 4.630609 -3.235860 17.108443
v 5.655925 -3.950805 17.103439
v 7.706557 -5.380696 17.093431
v 6.513239 -6.776463 16.813192
v 4.779779 -4.975154 16.823200
v 3.913049 -4.074500 16.828204
v 3.046319 -3.173846 16.833208
v 2.179589 -2.273191 16.838211
v 6.001259 -7.234077 16.708533
v 4.403948 -5.311026 16.718540
v 3.605293 -4.349500 16.723544
v 2.806638 -3.387975 16.728547
v 1.896577 -0.113998 17.914001
v 1.835479 0.490936 18.374360
v 11.487971 3.103938 18.334326
v 11.835827 1.226105 18.104154
v 11.879409 -0.683805 17.873973
v 11.616940 -2.576083 17.643800
v 8.956789 -2.851366 17.525092
v 3.061951 -0.737638 17.654705
v 3.000268 -0.959114 17.550110
v 4.191572 -1.337565 17.545106
v 5.382877 -1.716015 17.540102
v 6.574181 -2.094465 17.535099
v 3.147624 0.101392 18.039371
v 4.396869 0.143903 18.034367
v 5.646114 0.186415 18.029363
v 6.895358 0.228926 18.024359
v 9.393848 0.313948 18.014351
v 9.275773 -1.517498 17.734280
v 6.808405 -1.115391 17.744288
v 5.574720 -0.914338 17.749291
v 4.341036 -0.713284 17.754295
v 3.107352 -0.512231 17.759299
v 9.140548 -2.190292 17.629687
v 6.709110 -1.609231 17.639694
v 5.493390 -1.318700 17.644697
v 4.277671 -1.028169 17.649701
v 1.586620 1.045292 18.834434
v 1.175479 1.492732 19.294517
v 7.338418 9.367793 19.254483
v 8.741192 8.073521 19.024449
v 9.919846 6.571503 18.794406
v 10.843232 4.900396 18.564371
v 8.878617 3.086184 18.445742
v 2.893155 1.244717 18.575291
v 2.976473 1.030591 18.470760
v 4.156902 1.441709 18.465757
v 5.337331 1.852828 18.460753
v 6.517760 2.263946 18.455749
v 2.459171 1.967309 18.959731
v 3.433819 2.749921 18.954727
v 4.408466 3.532534 18.949723
v 5.383114 4.315147 18.944720
v 7.332408 5.880372 18.934712
v 8.334836 4.344343 18.654803
v 6.118687 3.187501 18.664810
v 5.010613 2.609080 18.669814
v 3.902538 2.030660 18.674818
v 2.794464 1.452239 18.679822
v 8.629637 3.725105 18.550273
v 6.335044 2.732950 18.560281
v 5.187747 2.236872 18.565284
v 4.040451 1.740794 18.570288
v 0.644438 1.787372 19.754325
v 0.047558 1.899405 20.214143
v 0.267683 11.896902 20.174108
v 2.165096 11.700538 19.944207
v 4.007500 11.203927 19.714297
v 5.746886 10.419352 19.484395
v 5.260141 7.790077 19.365843
v 1.570950 2.729796 19.495330
v 1.765823 2.608329 19.390861
v 2.464687 3.644679 19.385857
v 3.163550 4.681028 19.380854
v 3.862414 5.717378 19.375850
v 0.791052 3.048291 19.879553
v 1.102830 4.258751 19.874549
v 1.414608 5.469212 19.869545
v 1.726387 6.679672 19.864541
v 2.349944 9.100593 19.854533
v 4.071733 8.471354 19.574780
v 2.990134 6.217526 19.584788
v 2.449334 5.090611 19.589792
v 1.908534 3.963697 19.594796
v 1.367734 2.836783 19.599800
v 4.678371 8.152295 19.470313
v 3.435402 5.983295 19.480320
v 2.813918 4.898795 19.485323
v 2.192434 3.814296 19.490327
v -0.553856 1.817483 20.673694
v -1.098747 1.550082 21.133255
v -6.906192 9.690842 21.093221
v -5.269576 10.668732 20.863448
v -3.497469 11.373469 20.633666
v -1.635592 11.786199 20.403892
v -0.451674 9.388844 20.285414
v -0.376238 3.126999 20.414842
v -0.147559 3.146385 20.310432
v -0.208382 4.394877 20.305428
v -0.269205 5.643369 20.300425
v -0.330028 6.891861 20.295421
v -1.191161 2.915302 20.798857
v -1.666042 4.071550 20.793853
v -2.140923 5.227797 20.788849
v -2.615803 6.384045 20.783845
v -3.565564 8.696540 20.773837
v -1.810651 9.223038 20.494233
v -1.327563 6.770238 20.504240
v -1.086019 5.543838 20.509244
v -0.844475 4.317439 20.514248
v -0.602931 3.091039 20.519252
v -1.134122 9.330641 20.389824
v -0.830968 6.849184 20.399831
v -0.679392 5.608456 20.404835
v -0.527815 4.367727 20.409839
v -1.531315 1.124755 21.592560
v -1.807774 0.584766 22.051875
v -11.331574 3.633641 22.011841
v -10.605597 5.395523 21.782191
v -9.607944 7.019653 21.552532
v -8.363925 8.463716 21.322881
v -5.981072 7.251290 21.204475
v -2.172829 2.280022 21.333846
v -2.001323 2.432329 21.229493
v -2.797273 3.396121 21.224490
v -3.593223 4.359913 21.219486
v -4.389172 5.323705 21.214482
v -2.698788 1.623084 21.717669
v -3.771125 2.265357 21.712665
v -4.843462 2.907629 21.707661
v -5.915799 3.549902 21.702657
v -8.060473 4.834447 21.692649
v -6.970029 6.305683 21.413179
v -5.115152 4.629665 21.423187
v -4.187714 3.791657 21.428190
v -3.260275 2.953648 21.433194
v -2.332837 2.115639 21.438198
v -6.492688 6.796481 21.308828
v -4.764744 4.989897 21.318835
v -3.900772 4.086605 21.323839
v -3.036800 3.183313 21.328842
v -1.899945 -0.014522 22.510943
v -1.798624 -0.612332 22.970021
v -11.255252 -3.863575 22.929987
v -11.726758 -2.018321 22.700456
v -11.898466 -0.121126 22.470915
v -11.765392 1.779157 22.241383
v -9.130723 2.232566 22.123044
v -3.105098 0.527314 22.252360
v -3.058799 0.751844 22.148062
v -4.273184 1.047989 22.143058
v -5.487568 1.344133 22.138055
v -6.701953 1.640277 22.133051
v -3.133640 -0.313326 22.636000
v -4.377179 -0.439938 22.630996
v -5.620719 -0.566550 22.625992
v -6.864259 -0.693162 22.620988
v -9.351338 -0.946386 22.610980
v -9.357440 0.883928 22.331639
v -6.868454 0.650353 22.341647
v -5.623961 0.533566 22.346650
v -4.379468 0.416779 22.351654
v -3.134976 0.299992 22.356658
v -9.268556 1.562399 22.227342
v -6.803173 1.148365 22.237350
v -5.570481 0.941348 22.242353
v -4.337789 0.734331 22.247357
v -1.514315 -1.147541 23.428862
v -1.075939 -1.566000 23.887713
v -6.713843 -9.825082 23.847679
v -8.194093 -8.628283 23.618261
v -9.465381 -7.210739 23.388834
v -10.494436 -5.608621 23.159415
v -8.653547 -3.670227 23.041141
v -2.804189 -1.433952 23.170405
v -2.901288 -1.226396 23.066159
v -4.051740 -1.715162 23.061155
v -5.202192 -2.203928 23.056152
v -6.352644 -2.692694 23.051148
v -2.324708 -2.124526 23.553843
v -3.245870 -2.969441 23.548839
v -4.167032 -3.814356 23.543835
v -5.088195 -4.659271 23.538831
v -6.930519 -6.349101 23.528823
v -8.029165 -4.886258 23.249632
v -5.894408 -3.585329 23.259640
v -4.827029 -2.934864 23.264644
v -3.759651 -2.284400 23.269647
v -2.692272 -1.633936 23.274651
v -8.363438 -4.289533 23.145387
v -6.139739 -3.147300 23.155395
v -5.027889 -2.576184 23.160398
v -3.916039 -2.005068 23.165402
v -0.528373 -1.825054 24.346337
v 0.072898 -1.898601 24.804970
v 0.486719 -11.889955 24.764936
v -1.414438 -11.814812 24.535627
v -3.280020 -11.438081 24.306309
v -5.061730 -10.768876 24.076999
v -4.743946 -8.114765 23.958788
v -1.391179 -2.825654 24.088001
v -1.592978 -2.717341 23.983806
v -2.223172 -3.796826 23.978802
v -2.853365 -4.876311 23.973799
v -3.483559 -5.955795 23.968795
v -0.594416 -3.092662 24.471254
v -0.828116 -4.320589 24.466250
v -1.061816 -5.548516 24.461246
v -1.295515 -6.776443 24.456242
v -1.762914 -9.232298 24.446234
v -3.517188 -8.716215 24.167177
v -2.583125 -6.397351 24.177185
v -2.116093 -5.237920 24.182189
v -1.649061 -4.078488 24.187193
v -1.182029 -2.919056 24.192196
v -4.141519 -8.437713 24.062984
v -3.041383 -6.192890 24.072991
v -2.491315 -5.070478 24.077994
v -1.941247 -3.948066 24.082998
v 0.666501 -1.779263 25.263386
v 1.192419 -1.479235 25.721812
v 7.491727 -9.245644 25.681777
v 5.922774 -10.320426 25.452572
v 4.202335 -11.132325 25.223358
v 2.374547 -11.659818 24.994152
v 1.044137 -9.341532 24.876001
v 0.572544 -3.097079 25.005166
v 0.346114 -3.130771 24.901019
v 0.485718 -4.372923 24.896015
v 0.625323 -5.615075 24.891012
v 0.764928 -6.857228 24.886008
v 1.370660 -2.835346 25.388247
v 1.916727 -3.959726 25.383243
v 2.462794 -5.084107 25.378239
v 3.008861 -6.208487 25.373235
v 4.100996 -8.457248 25.363227
v 2.386594 -9.091051 25.084294
v 1.750342 -6.673452 25.094302
v 1.432216 -5.464652 25.099306
v 1.114089 -4.255852 25.104309
v 0.795963 -3.047053 25.109313
v 1.719854 -9.240633 24.980149
v 1.260930 -6.783212 24.990156
v 1.031468 -5.554501 24.995159
v 0.802006 -4.325790 25.000163
v 1.597101 -1.029208 26.180029
v 1.839731 -0.474751 26.638256
v 11.529948 -2.944185 26.598222
v 10.913319 -4.742356 26.369116
v 10.018447 -6.420205 26.140001
v 8.867856 -7.934165 25.910894
v 6.416539 -6.868950 25.792800
v 2.308828 -2.142200 25.921920
v 2.147406 -2.304381 25.817818
v 3.001233 -3.217295 25.812815
v 3.855059 -4.130209 25.807811
v 4.708886 -5.043122 25.802807
v 2.792512 -1.455946 26.304837
v 3.901928 -2.031808 26.299833
v 5.011344 -2.607670 26.294829
v 6.120759 -3.183533 26.289825
v 8.339591 -4.335257 26.279817
v 7.343308 -5.866761 26.001001
v 5.389221 -4.307547 26.011009
v 4.412178 -3.527941 26.016013
v 3.435134 -2.748334 26.021017
v 2.458091 -1.968727 26.026021
v 6.898044 -6.384686 25.896902
v 5.062358 -4.687691 25.906909
v 4.144514 -3.839194 25.911912
v 3.226671 -2.990697 25.916916
v 1.895709 0.127627 27.096284
v 1.759493 0.717065 27.554323
v 11.008478 4.518996 27.514288
v 11.586723 2.708938 27.285277
v 11.870149 0.829398 27.056256
v 11.850832 -1.071282 26.827244
v 9.248400 -1.679746 26.709204
v 3.131125 -0.340241 26.838280
v 3.098462 -0.566623 26.734223
v 4.328449 -0.789247 26.729219
v 5.558437 -1.011872 26.724215
v 6.788425 -1.234497 26.719212
v 3.109531 0.498724 27.221042
v 4.343365 0.698911 27.216038
v 5.577199 0.899098 27.211034
v 6.811033 1.099285 27.206030
v 9.278700 1.499660 27.196022
v 9.393548 -0.323040 26.917318
v 6.895052 -0.238648 26.927326
v 5.645804 -0.196452 26.932330
v 4.396556 -0.154256 26.937334
v 3.147308 -0.112060 26.942337
v 9.345538 -1.004075 26.813262
v 6.859773 -0.738542 26.823270
v 5.616890 -0.605775 26.828273
v 4.374008 -0.473008 26.833277
v 1.445050 1.233625 28.012171
v 0.984217 1.625213 28.470030
v 6.138427 10.194490 28.429995
v 7.681832 9.087352 28.201074
v 9.030260 7.748727 27.972143
v 10.148548 6.212639 27.743220
v 8.423291 4.171646 27.625233
v 2.715484 1.595575 27.754267
v 2.824333 1.394514 27.650251
v 3.944125 1.949940 27.645247
v 5.063916 2.505366 27.640244
v 6.183708 3.060793 27.635240
v 2.197714 2.255653 28.136881
v 3.068375 3.152520 28.131877
v 3.939037 4.049386 28.126874
v 4.809698 4.946253 28.121870
v 6.551020 6.739986 28.111862
v 7.730383 5.346428 27.833264
v 5.675169 3.923158 27.843271
v 4.647562 3.211522 27.848275
v 3.619955 2.499887 27.853279
v 2.592348 1.788251 27.858283
v 8.098131 4.771534 27.729249
v 5.945072 3.501150 27.739256
v 4.868543 2.865959 27.744260
v 3.792014 2.230767 27.749264
v 0.423899 1.852109 28.927708
v -0.179330 1.891518 29.385397
v -1.153207 11.843903 29.345363
v 0.745255 11.875822 29.116526
v 2.625314 11.605866 28.887680
v 4.438505 11.040362 28.658843
v 4.271203 8.373249 28.540904
v 1.227437 2.900537 28.669899
v 1.434666 2.804151 28.565922
v 2.001974 3.917970 28.560919
v 2.569281 5.031790 28.555915
v 3.136588 6.145609 28.550911
v 0.418414 3.121354 29.052374
v 0.582236 4.360541 29.047370
v 0.746058 5.599728 29.042366
v 0.909880 6.838914 29.037362
v 1.237525 9.317287 29.027354
v 3.014730 8.902502 28.748856
v 2.214338 6.534174 28.758864
v 1.814141 5.350010 28.763868
v 1.413945 4.165846 28.768872
v 1.013749 2.981682 28.773875
v 3.652593 8.660591 28.644881
v 2.682531 6.356570 28.654888
v 2.197500 5.204559 28.659892
v 1.712468 4.052548 28.664895
v -0.764211 1.739535 29.842915
v -1.271784 1.411582 30.300443
v -7.987722 8.820670 30.260408
v -6.483235 9.977887 30.031652
v -4.813628 10.881977 29.802887
v -3.021533 11.509139 29.574130
v -1.565498 9.268424 29.456237
v -0.744597 3.060278 29.585195
v -0.520851 3.106484 29.481255
v -0.729781 4.338872 29.476252
v -0.938710 5.571260 29.471248
v -1.147639 6.803648 29.466245
v -1.525434 2.755174 29.967537
v -2.132873 3.847620 29.962533
v -2.740312 4.940066 29.957529
v -3.347752 6.032512 29.952525
v -4.562631 8.217404 29.942517
v -2.889231 8.944021 29.664115
v -2.119314 6.565611 29.674122
v -1.734356 5.376406 29.679126
v -1.349398 4.187201 29.684130
v -0.964440 2.997996 29.689134
v -2.233180 9.130180 29.560177
v -1.637747 6.702219 29.570184
v -1.340030 5.488239 29.575188
v -1.042313 4.274258 29.580191
v -1.652945 0.936895 30.761377
v -1.864410 0.366024 31.222321
v -11.682788 2.262828 31.182287
v -11.168791 4.104651 30.951823
v -10.366696 5.841185 30.721349
v -9.296852 7.426841 30.490884
v -6.786359 6.503820 30.372007
v -2.424568 2.010252 30.501755
v -2.271480 2.182174 30.397025
v -3.174456 3.046503 30.392021
v -4.077431 3.910832 30.387018
v -4.980407 4.775162 30.382014
v -2.871284 1.293647 30.886901
v -4.011854 1.805037 30.881897
v -5.152423 2.316428 30.876894
v -6.292993 2.827819 30.871890
v -8.574132 3.850600 30.861882
v -7.661097 5.445208 30.581466
v -5.622551 3.998166 30.591474
v -4.603279 3.274645 30.596477
v -3.584006 2.551124 30.601481
v -2.564734 1.827604 30.606485
v -7.242987 5.990500 30.476737
v -5.315620 4.398400 30.486744
v -4.351936 3.602351 30.491748
v -3.388252 2.806301 30.496752
v -1.884569 -0.241658 31.682673
v -1.711738 -0.824592 32.143036
v -10.707674 -5.191690 32.103001
v -11.399596 -3.411649 31.872828
v -11.798559 -1.543355 31.642645
v -11.893549 0.364688 31.412471
v -9.331387 1.131187 31.293762
v -3.145794 0.153739 31.423376
v -3.126491 0.382834 31.318780
v -4.367470 0.532504 31.313777
v -5.608449 0.682175 31.308773
v -6.849429 0.831846 31.303769
v -3.073509 -0.686556 31.808044
v -4.292915 -0.961270 31.803040
v -5.512322 -1.235985 31.798036
v -6.731728 -1.510699 31.793032
v -9.170541 -2.060128 31.783025
v -9.396050 -0.238775 31.502952
v -6.896977 -0.173738 31.512959
v -5.647440 -0.141220 31.517963
v -4.397903 -0.108701 31.522967
v -3.148366 -0.076183 31.527971
v -9.388653 0.447438 31.398358
v -6.891509 0.329958 31.408365
v -5.642938 0.271218 31.413369
v -4.394366 0.212479 31.418372
v -1.364116 -1.322568 32.602845
v -0.877128 -1.685422 33.062666
v -5.466756 -10.569886 33.022631
v -7.085020 -9.559954 32.792729
v -8.521975 -8.304455 32.562817
v -9.739882 -6.835517 32.332914
v -8.147581 -4.687356 32.214362
v -2.610448 -1.762167 32.343850
v -2.732150 -1.567439 32.239380
v -3.815236 -2.191423 32.234376
v -4.898323 -2.815406 32.229373
v -5.981409 -3.439390 32.224369
v -2.049746 -2.390896 32.728073
v -2.861583 -3.341338 32.723069
v -3.673421 -4.291780 32.718065
v -4.485258 -5.242222 32.713062
v -6.108933 -7.143106 32.703054
v -7.379266 -5.821449 32.423300
v -5.417515 -4.271891 32.433308
v -4.436640 -3.497111 32.438312
v -3.455765 -2.722332 32.443316
v -2.474889 -1.947552 32.448319
v -7.784073 -5.268326 32.318832
v -5.714623 -3.865863 32.328839
v -4.679898 -3.164631 32.333843
v -3.645173 -2.463399 32.338846
v -0.301184 -1.875977 33.521972
v 0.305463 -1.875285 33.981290
v 1.942931 -11.740227 33.941255
v 0.044096 -11.899090 33.711605
v -1.856413 -11.753376 33.481944
v -3.709299 -11.306227 33.252293
v -3.719059 -8.632671 33.133885
v -1.035919 -2.974315 33.263257
v -1.249747 -2.891305 33.158903
v -1.743610 -4.039579 33.153900
v -2.237472 -5.187852 33.148896
v -2.731334 -6.336125 33.143892
v -0.211300 -3.142167 33.647068
v -0.292902 -4.389468 33.642064
v -0.374505 -5.636770 33.637060
v -0.456107 -6.884072 33.632056
v -0.619312 -9.378675 33.622048
v -2.426123 -9.080575 33.342591
v -1.782313 -6.664978 33.352598
v -1.460408 -5.457179 33.357602
v -1.138503 -4.249381 33.362606
v -0.816599 -3.041582 33.367610
v -3.080777 -8.880086 33.238239
v -2.262834 -6.517778 33.248246
v -1.853862 -5.336624 33.253250
v -1.444891 -4.155469 33.258253
v 0.880424 -1.683702 34.440132
v 1.365810 -1.320819 34.898985
v 8.575177 -8.250713 34.858951
v 7.149392 -9.511917 34.629532
v 5.540539 -10.530462 34.400104
v 3.789887 -11.279473 34.170685
v 2.183798 -9.142508 34.052411
v 0.948877 -3.003219 34.181675
v 0.728095 -3.064539 34.077429
v 1.019235 -4.280133 34.072425
v 1.310376 -5.495726 34.067422
v 1.601517 -6.711320 34.062418
v 1.709417 -2.644952 34.565105
v 2.389802 -3.693521 34.560101
v 3.070187 -4.742090 34.555097
v 3.750573 -5.790658 34.550093
v 5.111343 -7.887796 34.540085
v 3.486517 -8.728527 34.260901
v 2.557772 -6.407528 34.270909
v 2.093400 -5.247029 34.275913
v 1.629027 -4.086529 34.280917
v 1.164655 -2.926030 34.285921
v 2.842617 -8.959168 34.156657
v 2.085121 -6.576788 34.166664
v 1.706373 -5.385599 34.171668
v 1.327625 -4.194409 34.176671
v 1.711993 -0.824063 35.357402
v 1.884317 -0.243620 35.815830
v 11.805518 -1.495884 35.775795
v 11.415734 -3.357298 35.546589
v 10.734717 -5.133627 35.317374
v 9.779457 -6.778792 35.088167
v 7.215154 -6.024616 34.970016
v 2.555596 -1.840823 35.099182
v 2.415363 -2.021767 34.995034
v 3.375321 -2.822337 34.990031
v 4.335279 -3.622907 34.985027
v 5.295237 -4.423476 34.980023
v 2.950998 -1.099775 35.482263
v 4.123062 -1.534156 35.477259
v 5.295126 -1.968538 35.472255
v 6.467189 -2.402919 35.467251
v 8.811317 -3.271683 35.457243
v 8.011481 -4.915203 35.178310
v 5.879831 -3.609188 35.188318
v 4.814007 -2.956180 35.193321
v 3.748182 -2.303173 35.198325
v 2.682358 -1.650165 35.203329
v 7.633394 -5.484387 35.074164
v 5.602275 -4.026961 35.084171
v 4.586715 -3.298249 35.089175
v 3.571156 -2.569536 35.094178
v 1.865379 0.361058 36.273859
v 1.657322 0.929131 36.731899
v 10.365199 5.845559 36.691864
v 11.162829 4.120891 36.462852
v 11.676493 2.290816 36.233831
v 11.892351 0.402328 36.004818
v 9.385129 -0.523267 35.886778
v 3.149168 0.049542 36.015854
v 3.144747 -0.179141 35.911796
v 4.392823 -0.247967 35.906793
v 5.640900 -0.316792 35.901789
v 6.888976 -0.385617 35.896786
v 3.023998 0.879400 36.398617
v 4.223609 1.230619 36.393613
v 5.423220 1.581838 36.388609
v 6.622831 1.933056 36.383605
v 9.022053 2.635494 36.373597
v 9.361402 0.840979 36.094893
v 6.871645 0.615777 36.104900
v 5.626767 0.503176 36.109904
v 4.381889 0.390575 36.114908
v 3.137010 0.277974 36.119912
v 9.397972 0.159232 35.990836
v 6.898450 0.115356 36.000844
v 5.648689 0.093418 36.005847
v 4.398929 0.071480 36.010851
v 1.281583 1.402692 37.189578
v 0.776109 1.734259 37.647268
v 4.833295 10.874152 37.607234
v 6.500952 9.966352 37.378397
v 8.003832 8.804946 37.149550
v 9.302881 7.419322 36.920712
v 7.842934 5.181009 36.802773
v 2.497445 1.918980 36.931768
v 2.630264 1.732986 36.827791
v 3.672798 2.422591 36.822788
v 4.715332 3.112195 36.817784
v 5.757866 3.801800 36.812780
v 1.902302 2.509815 37.314243
v 2.655529 3.507347 37.309239
v 3.408756 4.504879 37.304235
v 4.161983 5.502411 37.299232
v 5.668437 7.497475 37.289224
v 7.010446 6.260734 37.010726
v 5.146866 4.594398 37.020733
v 4.215075 3.761231 37.025737
v 3.283285 2.928063 37.030741
v 2.351495 2.094895 37.035745
v 7.446261 5.735893 36.906750
v 5.466735 4.209128 36.916758
v 4.476972 3.445745 36.921761
v 3.487208 2.682363 36.926765
v 0.187769 1.890699 38.108206
v -0.419848 1.853032 38.569154
v -2.658985 11.599040 38.529120
v -0.766703 11.874435 38.298654
v 1.145893 11.843765 38.068178
v 3.028881 11.507184 37.837711
v 3.200864 8.837919 37.718833
v 0.857011 3.030705 37.848582
v 1.076183 2.960293 37.743851
v 1.501119 4.135818 37.738847
v 1.926055 5.311343 37.733844
v 2.350992 6.486869 37.728840
v 0.020917 3.149184 38.233732
v 0.026950 4.399137 38.228728
v 0.032984 5.649090 38.223724
v 0.039017 6.899043 38.218720
v 0.051083 9.398950 38.208712
v 1.878795 9.209388 37.928294
v 1.380581 6.759616 37.938302
v 1.131474 5.534731 37.943305
v 0.882368 4.309845 37.948309
v 0.633261 3.084959 37.953313
v 2.546653 9.047735 37.823565
v 1.870796 6.640923 37.833572
v 1.532868 5.437517 37.838575
v 1.194939 4.234111 37.843579
v -0.983085 1.625898 39.028967
v -1.445882 1.232650 39.488790
v -9.075272 7.697231 39.448755
v -7.728244 9.047899 39.218852
v -6.182546 10.166817 38.988939
v -4.477948 11.024408 38.759034
v -2.741439 8.991045 38.640481
v -1.132078 2.939059 38.769970
v -0.915021 3.014009 38.665499
v -1.280305 4.209416 38.660495
v -1.645588 5.404823 38.655492
v -2.010872 6.600231 38.650488
v -1.870510 2.533581 39.154195
v -2.614756 3.537831 39.149192
v -3.359001 4.542081 39.144188
v -4.103247 5.546332 39.139184
v -5.591738 7.554832 39.129176
v -4.018920 8.496536 38.849421
v -2.948606 6.237326 38.859428
v -2.413450 5.107722 38.864432
v -1.878293 3.978117 38.869436
v -1.343136 2.848512 38.874440
v -3.389119 8.767037 38.744952
v -2.486303 6.435846 38.754959
v -2.034895 5.270250 38.759963
v -1.583486 4.104655 38.764966
v -1.760474 0.714655 39.947634
v -1.895953 0.123950 40.406489
v -11.876494 0.746190 40.366454
v -11.604831 2.630261 40.137035
v -11.036595 4.447671 39.907606
v -10.185878 6.151230 39.678186
v -7.578796 5.560240 39.559911
v -2.666131 1.676734 39.689176
v -2.537408 1.866302 39.584929
v -3.545685 2.605089 39.579926
v -4.553963 3.343877 39.574922
v -5.562241 4.082665 39.569918
v -3.014447 0.911583 40.072607
v -4.211560 1.271225 40.067603
v -5.408672 1.630867 40.062599
v -6.605785 1.990509 40.057595
v -9.000010 2.709793 40.047588
v -8.304582 4.401920 39.768403
v -6.095058 3.232472 39.778410
v -4.990296 2.647749 39.783414
v -3.885535 2.063025 39.788418
v -2.780773 1.478301 39.793422
v -7.962675 4.994293 39.664158
v -5.844057 3.667270 39.674165
v -4.784748 3.003758 39.679169
v -3.725440 2.340246 39.684172
v -1.838806 -0.478322 40.864520
v -1.595234 -1.032099 41.322560
v -9.974705 -6.489467 41.282526
v -10.879826 -4.818701 41.053513
v -11.508217 -3.024776 40.824491
v -11.843091 -1.153717 40.595478
v -9.399434 -0.071391 40.477438
v -3.139728 -0.248629 40.606514
v -3.149781 -0.020123 40.502456
v -4.399712 -0.030376 40.497452
v -5.649642 -0.040630 40.492449
v -6.899573 -0.050884 40.487445
v -2.962320 -1.068910 40.989277
v -4.137314 -1.495301 40.984273
v -5.312308 -1.921693 40.979270
v -6.487302 -2.348085 40.974266
v -8.837290 -3.200869 40.964258
v -9.289465 -1.431408 40.685553
v -6.818938 -1.049179 40.695560
v -5.583674 -0.858064 40.700564
v -4.348411 -0.666949 40.705568
v -3.113147 -0.475835 40.710572
v -9.369083 -0.753337 40.581496
v -6.877341 -0.551454 40.591503
v -5.631470 -0.450512 40.596507
v -4.385599 -0.349570 40.601511
v -1.186919 -1.483652 41.783501
v -0.656748 -1.782886 42.244452
v -4.084950 -11.176811 42.204418
v -5.822124 -10.377520 41.973950
v -7.409687 -9.310444 41.743473
v -8.805854 -8.002896 41.513005
v -7.496786 -5.670321 41.394126
v -2.368965 -2.075487 41.523876
v -2.514466 -1.897094 41.419144
v -3.510930 -2.651739 41.414140
v -4.507394 -3.406385 41.409137
v -5.503858 -4.161030 41.404133
v -1.732167 -2.630094 41.909028
v -2.417784 -3.675248 41.904024
v -3.103401 -4.720403 41.899020
v -3.789018 -5.765558 41.894016
v -5.160253 -7.855868 41.884009
v -6.590106 -6.701731 41.603588
v -4.838394 -4.918166 41.613596
v -3.962538 -4.026384 41.618600
v -3.086682 -3.134602 41.623603
v -2.210826 -2.242820 41.628607
v -7.062281 -6.202510 41.498858
v -5.184955 -4.551701 41.508865
v -4.246291 -3.726296 41.513869
v -3.307628 -2.900892 41.518872
v -0.061932 -1.898990 42.703297
v 0.539186 -1.821889 43.162151
v 3.405919 -11.402089 43.122117
v 1.544095 -11.798565 42.892698
v -0.357696 -11.893706 42.663268
v -2.250314 -11.684427 42.433848
v -2.597119 -9.033792 42.315574
v -0.651568 -3.081420 42.444838
v -0.873948 -3.026175 42.340592
v -1.218582 -4.227698 42.335588
v -1.563217 -5.429222 42.330585
v -1.907851 -6.630745 42.325581
v 0.186826 -3.143720 42.828271
v 0.263243 -4.391350 42.823268
v 0.339660 -5.638980 42.818264
v 0.416077 -6.886610 42.813260
v 0.568911 -9.381870 42.803252
v -1.259305 -9.314351 42.524065
v -0.925878 -6.836766 42.534073
v -0.759164 -5.597973 42.539077
v -0.592450 -4.359181 42.544081
v -0.425736 -3.120388 42.549084
v -1.933355 -9.198331 42.419821
v -1.420640 -6.751567 42.429828
v -1.164283 -5.528185 42.434831
v -0.907925 -4.304803 42.439835
v 1.087722 -1.557839 43.623087
v 1.524589 -1.133856 44.084034
v 9.566676 -7.077190 44.044000
v 8.308984 -8.517680 43.813535
v 6.836751 -9.738925 43.583059
v 5.187968 -10.708615 43.352593
v 3.320463 -8.793684 43.233716
v 1.321369 -2.858956 43.363465
v 1.109130 -2.948107 43.258734
v 1.551397 -4.117222 43.253731
v 1.993663 -5.286338 43.248727
v 2.435930 -6.455453 43.243724
v 2.033336 -2.404858 43.748620
v 2.842116 -3.357903 43.743617
v 3.650895 -4.310948 43.738613
v 4.459675 -5.263993 43.733609
v 6.077235 -7.170083 43.723601
v 4.566042 -8.215471 43.443176
v 3.350253 -6.031105 43.453184
v 2.742358 -4.938922 43.458187
v 2.134463 -3.846740 43.463191
v 1.526569 -2.754557 43.468195
v 3.953744 -8.527302 43.338447
v 2.900794 -6.259963 43.348454
v 2.374319 -5.126294 43.353458
v 1.847844 -3.992625 43.358461
v 1.900000 -0.000000 45.000000
v 1.864693 -0.365016 44.788385
v 1.751078 -0.737380 44.513336
v 1.615677 -1.000087 44.239604
v 1.400263 -1.303966 44.363508
v 1.738343 -0.797577 44.821352
v 1.901755 -0.210693 45.279474
v 1.633757 -0.976514 44.447400
v 1.857890 -0.413394 44.905382
v 1.765415 -0.710372 44.671063
v 1.803707 -0.597194 44.542012
v 11.899874 0.030182 44.959965
v 11.752254 -1.864167 44.730980
v 11.305472 -3.711423 44.501984
v 10.570461 -5.464003 44.272997
v 7.930880 -5.045357 44.154973
v 2.771254 -1.496618 44.284036
v 2.655595 -1.693914 44.179991
v 3.710652 -2.364202 44.174987
v 4.765709 -3.034491 44.169984
v 5.820766 -3.704779 44.164980
v 3.067825 -0.711595 44.666776
v 4.285975 -0.991829 44.661772
v 5.504125 -1.272063 44.656769
v 6.722276 -1.552297 44.651765
v 9.158577 -2.112765 44.641757
v 8.577157 -3.843895 44.363062
v 6.295226 -2.822913 44.373070
v 5.154261 -2.312423 44.378074
v 4.013296 -1.801932 44.383078
v 2.872331 -1.291441 44.388082
v 8.275753 -4.456367 44.259019
v 6.073954 -3.272468 44.269026
v 4.973054 -2.680518 44.274029
v 3.872154 -2.088568 44.279033
v 9.442351 -7.247301 44.323473
v 11.901629 -0.180511 45.239439
v 11.720450 -2.072498 45.010414
v 11.240909 -3.912000 44.781449
v 10.474768 -5.651770 44.552431
v 10.816564 -4.961280 44.492778
v 9.987220 -6.471682 44.285184
v 11.572658 -2.772473 44.771916
v 2.787285 -1.484247 44.667528
v 8.492110 -4.036701 44.642509
v 3.107139 -0.565744 45.110351
v 7.818761 -5.223911 44.434394
v 5.708660 -3.883314 44.444402
v 3.598559 -2.542717 44.454409
v 2.543508 -1.872418 44.459413
v 6.210180 -3.015720 44.652517
v 3.928250 -1.994738 44.662524
v 9.112540 -2.317936 44.921277
v 6.676212 -1.757586 44.931285
v 4.239884 -1.197235 44.941292
v 3.021720 -0.917060 44.946296
v 2.918203 -1.206311 44.806928
v 4.103399 -1.603534 44.801924
v 6.473789 -2.397978 44.791915
v 8.844180 -3.192423 44.781907
v 9.318128 -1.261216 45.085334
v 6.833732 -0.983027 45.095341
v 4.349337 -0.704838 45.105348
v 1.331129 -1.355795 43.915677
v 1.062558 -1.575115 43.689374
v 0.337653 -1.883362 43.441625
v 0.915427 -1.679250 43.902424
v 0.722624 -1.760827 43.526899
v 1.242508 -1.441799 43.987839
v 0.989083 -1.625716 43.751944
v 3.204386 -11.463563 43.401590
v 8.158986 -8.665716 44.092968
v 6.664996 -9.860989 43.862524
v 4.998839 -10.801590 43.632026
v 5.690038 -10.451565 43.572891
v 4.110606 -11.168257 43.363935
v 7.617585 -9.142475 43.853751
v 8.618182 -8.206585 44.018732
v 1.342981 -2.858013 43.747641
v 4.382455 -8.318927 43.722622
v 2.153847 -2.309822 44.193295
v 3.123667 -8.869321 43.513138
v 2.239154 -6.531082 43.523145
v 1.354641 -4.192844 43.533153
v 0.912385 -3.023724 43.538156
v 3.166665 -6.134561 43.732630
v 1.950876 -3.950195 43.742637
v 5.917702 -7.306956 44.003131
v 4.300036 -5.400956 44.013139
v 2.682370 -3.494956 44.023147
v 1.873537 -2.541956 44.028151
v 1.615944 -2.712875 43.887912
v 2.327732 -3.740412 43.882908
v 3.751307 -5.795486 43.872899
v 5.174881 -7.850559 43.862891
v 6.719400 -6.577811 44.168277
v 4.893179 -4.870615 44.178284
v 3.066958 -3.163420 44.188291
v 0.168052 -1.892618 42.943982
v -0.227326 -1.886358 42.661666
v -0.509338 -1.830637 42.393138
v -0.855061 -1.711705 42.523926
v -0.272622 -1.893046 42.982636
v -0.474440 -1.843267 42.608228
v 0.130231 -1.898863 43.067075
v -0.181383 -1.894306 42.832299
v -4.283262 -11.105630 42.483891
v 1.335295 -11.827129 43.172132
v -0.568346 -11.888592 42.942733
v -2.457482 -11.645764 42.713282
v -1.697230 -11.778435 42.653781
v -3.383830 -11.409507 42.445786
v 0.620101 -11.883951 42.933390
v -0.634729 -3.093385 42.828531
v -1.468298 -9.287348 42.803512
v 0.338574 -3.140022 43.272181
v -2.800076 -8.976736 42.594997
v -2.110789 -6.573695 42.605004
v -1.421501 -4.170653 42.615012
v -1.076857 -2.969133 42.620015
v -1.134871 -6.809763 42.813519
v -0.801443 -4.332178 42.823527
v 0.359194 -9.395853 43.082786
v 0.206216 -6.900602 43.092793
v 0.053237 -4.405350 43.102801
v -0.023252 -3.157725 43.107805
v -0.330542 -3.140351 42.968184
v -0.375872 -4.389518 42.963179
v -0.466532 -6.887853 42.953171
v -0.557192 -9.386187 42.943163
v 1.432948 -9.293263 43.247164
v 0.995198 -6.831967 43.257171
v 0.557449 -4.370670 43.267178
v -0.924300 -1.660047 42.076102
v -1.210587 -1.464410 41.849800
v -1.711158 -0.856155 41.602034
v -1.352074 -1.352695 42.062838
v -1.484816 -1.190806 41.687312
v -1.031860 -1.599336 42.148256
v -1.279903 -1.408221 41.912361
v -10.090629 -6.313523 41.561999
v -6.006517 -10.275476 42.253384
v -7.575316 -9.180188 42.022938
v -8.948490 -7.847753 41.792438
v -8.417380 -8.411863 41.733303
v -9.551255 -7.099335 41.524344
v -6.616966 -9.890814 42.014150
v -5.436386 -10.586160 42.179141
v -2.361949 -2.095955 41.908053
v -6.741229 -6.554866 41.883034
v -1.606934 -2.718841 42.353710
v -7.624954 -5.502927 41.673548
v -5.632014 -3.993653 41.683556
v -3.639073 -2.484378 41.693563
v -2.642603 -1.729741 41.698566
v -4.989517 -4.771302 41.893042
v -3.237805 -2.987737 41.903049
v -5.336607 -7.741538 42.163544
v -3.965496 -5.651148 42.173551
v -2.594385 -3.560757 42.183559
v -1.908830 -2.515562 42.188563
v -2.145583 -2.316774 42.048324
v -2.930064 -3.289945 42.043320
v -4.499028 -5.236287 42.033312
v -6.067992 -7.182629 42.023303
v -4.410602 -8.304488 42.328693
v -3.289135 -6.070229 42.338700
v -2.167668 -3.835970 42.348707
v -1.763758 -0.706734 41.111113
v -1.870716 -0.332299 40.836089
v -1.899776 -0.037913 40.562153
v -1.883959 0.334308 40.685962
v -1.892769 -0.274573 41.143860
v -1.902152 -0.067496 40.769886
v -1.784450 -0.662113 41.227920
v -1.868129 -0.362507 40.993579
v -11.864501 0.956549 40.645928
v -10.966290 -4.626509 41.332948
v -11.562960 -2.821299 41.103956
v -11.864732 -0.944085 40.874912
v -11.776652 -1.709598 40.815268
v -11.900719 0.009317 40.607648
v -11.222599 -3.958060 41.094391
v -3.146466 -0.267756 40.990019
v -9.322784 -1.223329 40.964999
v -2.916076 -1.212800 41.432889
v -9.402277 0.139413 40.756862
v -6.902415 0.159900 40.766869
v -4.402554 0.180387 40.776876
v -3.152623 0.190631 40.781880
v -6.852257 -0.841099 40.975007
v -4.381730 -0.458870 40.985015
v -8.910053 -3.003688 41.243792
v -6.560115 -2.150768 41.253800
v -4.210176 -1.297847 41.263808
v -3.035207 -0.871386 41.268812
v -3.105417 -0.572264 41.129431
v -4.316289 -0.882525 41.124427
v -6.738033 -1.503047 41.114418
v -9.159778 -2.123569 41.104410
v -8.508602 -4.002729 41.407872
v -6.271591 -2.886757 41.417879
v -4.034581 -1.770785 41.427886
v -1.834008 0.496649 40.188318
v -1.691438 0.865484 39.906002
v -1.541650 1.110843 39.637472
v -1.310527 1.394124 39.768263
v -1.682054 0.910297 40.226973
v -1.565570 1.082460 39.852565
v -1.826792 0.534298 40.311413
v -1.714781 0.825119 40.076638
v -8.939917 7.858705 39.728229
v -11.559443 2.836061 40.416470
v -10.958967 4.643563 40.187071
v -10.077974 6.332256 39.957619
v -10.465309 5.664752 39.898118
v -9.536016 7.119800 39.690123
v -11.365487 3.526828 40.177723
v -2.683180 1.665071 40.072868
v -8.206989 4.588689 40.047849
v -3.063443 0.767911 40.516519
v -7.455090 5.730955 39.839335
v -5.438547 4.253363 39.849342
v -3.422003 2.775771 39.859349
v -2.413731 2.036976 39.864353
v -5.997465 3.419242 40.057857
v -3.787941 2.249794 40.067865
v -8.940626 2.911404 40.327123
v -6.546359 2.192261 40.337130
v -4.152092 1.473117 40.347138
v -2.954959 1.113546 40.352142
v -2.832417 1.395879 40.212521
v -3.988880 1.870291 40.207517
v -6.301806 2.819114 40.197508
v -8.614732 3.767938 40.187500
v -9.215594 1.868396 40.491501
v -6.754734 1.428202 40.501508
v -4.293873 0.988008 40.511515
v -1.173492 1.494379 39.270904
v -0.837873 1.705283 38.988144
v -0.570000 1.812673 38.718508
v -0.214752 1.901301 38.848628
v -0.803195 1.735741 39.308305
v -0.606207 1.804224 38.933381
v -1.144605 1.520693 39.393197
v -0.880302 1.687109 39.157904
v -2.453888 11.647308 38.808593
v -7.568796 9.185704 39.498286
v -6.003146 10.277340 39.268403
v -4.283154 11.104839 39.038468
v -4.994253 10.801359 38.979136
v -3.375419 11.411996 38.770696
v -6.998737 9.624465 39.259314
v -1.153176 2.939738 39.153886
v -3.828959 8.587763 39.128867
v -1.996321 2.447255 39.598463
v -2.540146 9.053719 38.919904
v -1.809598 6.662899 38.929911
v -1.079050 4.272078 38.939918
v -0.713777 3.076668 38.944922
v -2.758646 6.328553 39.138875
v -1.688332 4.069343 39.148882
v -5.423560 7.680881 39.408711
v -3.934951 5.672469 39.418719
v -2.446341 3.664056 39.428727
v -1.702036 2.659850 39.433731
v -1.434397 2.813099 39.293824
v -2.077205 3.885139 39.288820
v -3.362822 6.029220 39.278812
v -4.648438 8.173302 39.268803
v -6.269521 7.007932 39.573445
v -4.560241 5.183661 39.583452
v -2.850961 3.359390 39.593459
v -0.128540 1.895670 38.400798
v 0.218103 1.887445 38.174499
v 0.969139 1.649797 37.926742
v 0.397600 1.870776 38.387543
v 0.597082 1.807260 38.012018
v -0.005276 1.903308 38.472960
v 0.306831 1.878055 38.237066
v 5.026325 10.789690 37.886707
v -0.556478 11.889238 38.578088
v 1.355740 11.824688 38.347642
v 3.232991 11.454713 38.117144
v 2.480370 11.638706 38.058009
v 4.146065 11.155142 37.849051
v 0.164998 11.898958 38.338853
v -1.203840 11.839419 38.503843
v 0.839983 3.044053 38.232759
v 2.085517 9.168482 38.207740
v -0.132444 3.155439 38.678413
v 3.399510 8.767295 37.998256
v 2.549618 6.416252 38.008263
v 1.699726 4.065208 38.018270
v 1.274780 2.889687 38.023274
v 1.587304 6.718710 38.217748
v 1.089090 4.268939 38.227755
v 0.261252 9.399071 38.488248
v 0.249334 6.899164 38.498255
v 0.237416 4.399257 38.508263
v 0.231457 3.149303 38.513267
v 0.538272 3.111468 38.373029
v 0.666423 4.354870 38.368025
v 0.922725 6.841676 38.358016
v 1.179027 9.328482 38.348008
v -0.821965 9.367086 38.653396
v -0.546157 6.882427 38.663403
v -0.270349 4.397768 38.673410
v 1.096568 1.551728 37.434266
v 1.389276 1.296115 37.159285
v 1.572833 1.066197 36.886605
v 1.761885 0.746207 37.011372
v 1.437816 1.261214 37.468919
v 1.558331 1.092862 37.095132
v 1.136066 1.527094 37.552815
v 1.369235 1.321561 37.318661
v 10.469762 5.662635 36.971338
v 6.678131 9.852244 37.657832
v 8.160570 8.664117 37.429015
v 9.435230 7.255318 37.200146
v 8.944672 7.848896 37.140441
v 9.984346 6.476113 36.932982
v 7.256581 9.431598 37.419356
v 2.492786 1.938550 37.315192
v 7.151737 6.104388 37.290172
v 1.785387 2.605145 37.757726
v 7.960171 5.005790 37.082197
v 5.875092 3.626598 37.092204
v 3.790013 2.247405 37.102212
v 2.747473 1.557809 37.107215
v 5.288156 4.438053 37.300180
v 3.424576 2.771717 37.310188
v 5.836851 7.371730 37.568758
v 4.330513 5.376578 37.578766
v 2.824175 3.381427 37.588774
v 2.071006 2.383851 37.593778
v 2.292641 2.171385 37.454500
v 3.139139 3.091121 37.449496
v 4.832135 4.930593 37.439488
v 6.525131 6.770066 37.429479
v 4.956783 7.990523 37.732709
v 3.688225 5.836372 37.742716
v 2.419666 3.682221 37.752723
v 1.804931 0.593752 36.520446
v 1.887989 0.213303 36.245422
v 1.898370 -0.082326 35.971491
v 1.859042 -0.452799 36.095303
v 1.906346 0.154305 36.553199
v 1.902613 -0.052951 36.179226
v 1.822756 0.547919 36.637259
v 1.887317 0.243621 36.402918
v 11.780243 -1.705062 36.055269
v 11.236963 3.923615 36.742287
v 11.718257 2.084285 36.513296
v 11.900689 0.191747 36.284252
v 11.861204 0.961296 36.224608
v 11.876301 -0.762019 36.016988
v 11.450477 3.240300 36.503731
v 3.157102 0.068204 36.399359
v 9.381493 0.631209 36.374339
v 2.986948 1.025926 36.842228
v 9.374633 -0.733828 36.166202
v 6.878481 -0.596158 36.176209
v 4.382329 -0.458488 36.186217
v 3.134254 -0.389653 36.191220
v 6.891737 0.406007 36.384347
v 4.401980 0.180805 36.394355
v 9.082198 2.434105 36.653132
v 6.683017 1.731528 36.663140
v 4.283836 1.028951 36.673147
v 3.084246 0.677662 36.678151
v 3.135395 0.374698 36.538770
v 4.363467 0.607750 36.533766
v 6.819610 1.073852 36.523758
v 9.275754 1.539955 36.513750
v 8.744742 3.456535 36.817211
v 6.441624 2.484291 36.827218
v 4.138507 1.512048 36.837225
v 1.803407 -0.598348 35.606056
v 1.643032 -0.954175 35.330984
v 1.474036 -1.199089 35.055695
v 1.220605 -1.473495 35.178459
v 1.621415 -1.014381 35.636742
v 1.494511 -1.178631 35.262562
v 1.789445 -0.648488 35.720982
v 1.659458 -0.931400 35.486435
v 8.429971 -8.403389 35.138424
v 11.357451 -3.559824 35.826024
v 10.644912 -5.324244 35.596839
v 9.660397 -6.952684 35.367601
v 10.088560 -6.311351 35.308026
v 9.070702 -7.703866 35.100227
v 11.120590 -4.236197 35.587378
v 2.573218 -1.830431 35.482776
v 7.902341 -5.095468 35.457757
v 3.008845 -0.959807 35.926017
v 7.080985 -6.187236 35.249440
v 5.161082 -4.586081 35.259447
v 3.241178 -2.984926 35.269454
v 2.281227 -2.184348 35.274458
v 5.770692 -3.789453 35.467764
v 3.639043 -2.483438 35.477772
v 8.739343 -3.469152 35.736778
v 6.395165 -2.600526 35.746785
v 4.050987 -1.731899 35.756793
v 2.878898 -1.297586 35.761797
v 2.738942 -1.571394 35.622302
v 3.863251 -2.117656 35.617298
v 6.111870 -3.210180 35.607289
v 8.360488 -4.302705 35.597281
v 9.079236 -2.446546 35.900999
v 6.651080 -1.851850 35.911006
v 4.222923 -1.257154 35.921013
v 1.077502 -1.565003 34.680810
v 0.730210 -1.754085 34.398493
v 0.457281 -1.844329 34.129967
v 0.097793 -1.910890 34.260763
v 0.694076 -1.782191 34.719471
v 0.493885 -1.838153 34.345065
v 1.047655 -1.589044 34.803911
v 0.774128 -1.738396 34.569136
v 1.735261 -11.775832 34.220729
v 6.981667 -9.639517 34.908967
v 5.354634 -10.629653 34.679569
v 3.590506 -11.347744 34.450118
v 4.317646 -11.089186 34.390617
v 2.667799 -11.597845 34.182623
v 6.386965 -10.040891 34.670221
v 0.969423 -3.005351 34.565367
v 3.291285 -8.807847 34.540348
v 1.839708 -2.567069 35.009016
v 1.979035 -9.192695 34.331834
v 1.396773 -6.761502 34.341841
v 0.814511 -4.330310 34.351849
v 0.523380 -3.114714 34.356852
v 2.362540 -6.486849 34.550356
v 1.433795 -4.165850 34.560363
v 4.935653 -8.003149 34.819620
v 3.574760 -5.906092 34.829628
v 2.213866 -3.809035 34.839636
v 1.533419 -2.760506 34.844640
v 1.257350 -2.896573 34.705019
v 1.832502 -4.006381 34.700015
v 2.982806 -6.225997 34.690007
v 4.133109 -8.445613 34.679998
v 5.819967 -7.385531 34.983998
v 4.227863 -5.458146 34.994005
v 2.635760 -3.530761 35.004012
v -0.069704 -1.898789 33.764413
v -0.461627 -1.843072 33.482324
v -0.736023 -1.751838 33.212435
v -1.064836 -1.589713 33.342139
v -0.509438 -1.843476 33.801311
v -0.703661 -1.768497 33.426657
v -0.110256 -1.900126 33.885967
v -0.419128 -1.856237 33.650945
v -5.654464 -10.474177 33.302105
v -0.166640 -11.901098 33.991039
v -2.064732 -11.721708 33.761409
v -3.909918 -11.241685 33.531726
v -3.171885 -11.469575 33.472306
v -4.799976 -10.889782 33.264099
v -0.884218 -11.867219 33.752184
v -1.020505 -2.988388 33.647056
v -2.630029 -9.027381 33.622037
v -0.059919 -3.157653 34.091149
v -3.913167 -8.550399 33.413308
v -2.925424 -6.253860 33.423316
v -1.937681 -3.957322 33.433323
v -1.443809 -2.809053 33.438326
v -1.986219 -6.611784 33.632045
v -1.342410 -4.196187 33.642052
v -0.829107 -9.366087 33.901583
v -0.666050 -6.871475 33.911591
v -0.502992 -4.376862 33.921599
v -0.421463 -3.129555 33.926603
v -0.724397 -3.073482 33.786845
v -0.927084 -4.306929 33.781841
v -1.332458 -6.773823 33.771833
v -1.737831 -9.240717 33.761824
v 0.250126 -9.399760 34.066131
v 0.126108 -6.902917 34.076138
v 0.002090 -4.406074 34.086145
v -1.193263 -1.478640 32.844777
v -1.474038 -1.198847 32.562018
v -1.638745 -0.961871 32.292386
v -1.804759 -0.635538 32.422509
v -1.511492 -1.171883 32.882184
v -1.622394 -0.995265 32.507261
v -1.225379 -1.456391 32.967074
v -1.446812 -1.236125 32.731783
v -10.800694 -5.002635 32.382475
v -7.255064 -9.435459 33.072164
v -8.669904 -8.154400 32.842282
v -9.861937 -6.663713 32.612348
v -9.406763 -7.288672 32.553016
v -10.364776 -5.847950 32.344577
v -7.810453 -8.978277 32.833191
v -2.606381 -1.782879 32.727766
v -7.510758 -5.656776 32.702747
v -1.937414 -2.494149 33.172340
v -8.253787 -4.505238 32.493785
v -6.087605 -3.257289 32.503792
v -3.921423 -2.009339 32.513799
v -2.838332 -1.385365 32.518803
v -5.549007 -4.107217 32.712754
v -3.587256 -2.557658 32.722762
v -6.269476 -7.007468 32.982589
v -4.645914 -5.106488 32.992597
v -3.022351 -3.205508 33.002605
v -2.210570 -2.255018 33.007609
v -2.419919 -2.028549 32.867703
v -3.320561 -2.895334 32.862699
v -5.121847 -4.628904 32.852690
v -6.923132 -6.362474 32.842682
v -5.424007 -7.681025 33.147322
v -4.029370 -5.606275 33.157329
v -2.634732 -3.531525 33.167336
v -1.840946 -0.470292 31.925674
v -1.898423 -0.077536 31.642781
v -1.888335 0.211867 31.372278
v -1.825544 0.573109 31.501795
v -1.912285 -0.032713 31.962011
v -1.895230 0.175524 31.586799
v -1.853585 -0.432250 32.047155
v -1.898990 -0.122851 31.811574
v -11.643921 2.469913 31.461760
v -11.461194 -3.210106 32.152262
v -11.827099 -1.334584 31.922110
v -11.888302 0.575369 31.691904
v -11.898421 -0.198499 31.632667
v -11.801822 1.531037 31.423979
v -11.632319 -2.510316 31.913163
v -11.267592 -3.829165 32.077939
v -3.154961 0.134445 31.807417
v -9.402645 -0.028148 31.782398
v -3.045301 -0.836950 32.252510
v -9.307249 1.340626 31.573185
v -6.825293 1.041264 31.583192
v -4.343337 0.741903 31.593199
v -3.102359 0.592222 31.598203
v -6.903571 0.036889 31.792406
v -4.404498 0.101926 31.802413
v -9.217838 -1.855350 32.062560
v -6.779058 -1.305777 32.072568
v -4.340278 -0.756203 32.082576
v -3.120888 -0.481417 32.087580
v -3.152873 -0.174319 31.947514
v -4.393291 -0.328711 31.942510
v -6.874126 -0.637496 31.932502
v -9.354962 -0.946281 31.922493
v -8.943940 -2.902395 32.227493
v -6.584485 -2.076217 32.237500
v -4.225029 -1.250039 32.247507
v -1.785499 0.649677 31.053957
v -1.637688 0.963326 30.827660
v -1.116427 1.553915 30.579916
v -1.549805 1.120711 31.040713
v -1.410992 1.277419 30.665191
v -1.742602 0.765472 31.126129
v -1.593197 1.040654 30.890237
v -7.832365 8.963003 30.539882
v -11.097246 4.302882 31.231257
v -10.264324 6.025358 31.000813
v -9.166264 7.592252 30.770317
v -9.639107 6.978490 30.711181
v -8.522796 8.305960 30.502225
v -10.814145 4.966559 30.992022
v -11.313684 3.690748 31.157011
v -2.443664 2.000085 30.885931
v -7.540027 5.617689 30.860912
v -2.939071 1.155940 31.331581
v -6.641384 6.656888 30.651429
v -4.835446 4.928215 30.661437
v -3.029509 3.199541 30.671444
v -2.126540 2.335205 30.676447
v -5.501482 4.170647 30.870920
v -3.462937 2.723605 30.880927
v -8.489185 4.042837 31.141417
v -6.207985 3.020191 31.151425
v -3.926785 1.997545 31.161433
v -2.786185 1.486222 31.166437
v -2.627416 1.751472 31.026200
v -3.712573 2.371881 31.021196
v -5.882888 3.612698 31.011187
v -8.053203 4.853515 31.001179
v -8.898326 3.039360 31.306564
v -6.514624 2.285992 31.316571
v -4.130922 1.532624 31.326578
v -0.974237 1.631312 30.086723
v -0.622281 1.795207 29.811761
v -0.338452 1.869767 29.539662
v 0.030256 1.913151 29.664871
v -0.571617 1.825167 30.122256
v -0.369012 1.867238 29.748555
v -0.936765 1.656845 30.206076
v -0.654566 1.786862 29.972009
v -0.943621 11.865536 29.624836
v -6.307189 10.093737 30.311087
v -4.621424 10.968332 30.082351
v -2.818007 11.563826 29.853564
v -3.559076 11.355410 29.793831
v -1.883644 11.750707 29.586446
v -5.688724 10.452343 30.072650
v -0.764298 3.063954 29.968581
v -2.689089 9.009979 29.943562
v -1.659807 2.686900 30.410960
v -1.357831 9.304760 29.735661
v -0.939992 6.839981 29.745669
v -0.522153 4.375201 29.755676
v -0.313233 3.142811 29.760679
v -1.919173 6.631569 29.953569
v -1.149256 4.253159 29.963577
v -4.379493 8.320534 30.222052
v -3.164487 6.135713 30.232060
v -1.949481 3.950891 30.242068
v -1.341978 2.858481 30.247071
v -1.058101 2.975154 30.107842
v -1.556696 4.121399 30.102837
v -2.553884 6.413889 30.092829
v -3.551073 8.706379 30.082821
v -5.301149 7.766337 30.385943
v -3.844613 5.734562 30.395950
v -2.388076 3.702787 30.405957
v 0.189474 1.890614 29.172391
v 0.570134 1.812443 28.897410
v 0.843155 1.702842 28.624734
v 1.165348 1.517573 28.749503
v 0.629566 1.805996 29.207049
v 0.817395 1.718898 28.833263
v 0.235975 1.888644 29.290944
v 0.540151 1.824709 29.056791
v 6.319557 10.086851 28.709469
v 0.955659 11.863847 29.395961
v 2.831099 11.560567 29.167145
v 4.634490 10.962879 28.938277
v 3.915118 11.237623 28.878572
v 5.496291 10.555472 28.671113
v 1.666277 11.782892 29.157487
v 1.213740 2.915269 29.053322
v 3.214721 8.836088 29.028303
v 0.269704 3.146689 29.495856
v 4.459564 8.278559 28.820328
v 3.324932 6.050929 28.830335
v 2.190300 3.823299 28.840343
v 1.622984 2.709484 28.845346
v 2.414329 6.467761 29.038311
v 1.613936 4.099433 29.048318
v 1.446037 9.290867 29.306888
v 1.118537 6.812475 29.316896
v 0.791037 4.334083 29.326904
v 0.627287 3.094887 29.331908
v 0.924844 3.019235 29.192630
v 1.208163 4.236693 29.187626
v 1.774801 6.671609 29.177618
v 2.341439 9.106524 29.167610
v 0.375314 9.395600 29.470838
v 0.333070 6.896036 29.480845
v 0.290826 4.396471 29.490852
v 1.278846 1.405302 28.257779
v 1.538172 1.115361 27.982778
v 1.692406 0.863913 27.709491
v 1.840635 0.522616 27.833796
v 1.582609 1.073928 28.291512
v 1.681459 0.891872 27.917634
v 1.315940 1.375122 28.375486
v 1.522017 1.142273 28.141242
v 11.089619 4.324547 27.793762
v 7.843566 8.952239 28.480509
v 9.168400 7.589615 28.251608
v 10.259612 6.033535 28.022655
v 9.846041 6.683395 27.962979
v 10.708386 5.192077 27.755442
v 8.365875 8.463163 28.241995
v 2.713235 1.615644 28.137730
v 7.851270 5.173821 28.112710
v 2.093366 2.364784 28.580426
v 8.517967 3.983277 27.904657
v 6.278375 2.872442 27.914664
v 4.038783 1.761607 27.924671
v 2.918987 1.206190 27.929675
v 5.796056 3.750550 28.122718
v 3.740842 2.327279 28.132726
v 6.702616 6.594403 28.391396
v 4.961397 4.800569 28.401404
v 3.220179 3.006734 28.411412
v 2.349570 2.109817 28.416416
v 2.543332 1.871516 28.277088
v 3.496970 2.679630 28.272084
v 5.404246 4.295857 28.262076
v 7.311523 5.912084 28.252067
v 5.905394 7.317409 28.555408
v 4.380583 5.336359 28.565415
v 2.855772 3.355309 28.575423
v 1.864501 0.365998 27.342864
v 1.899876 -0.021798 27.067840
v 1.873621 -0.316435 26.793914
v 1.788785 -0.679199 26.917730
v 1.910796 -0.082606 27.375624
v 1.881464 -0.287808 27.001652
v 1.876520 0.318323 27.459683
v 1.902957 0.008378 27.225343
v 11.479001 -3.148633 26.877695
v 11.635894 2.504010 27.564712
v 11.886053 0.619288 27.335721
v 11.833067 -1.281278 27.106678
v 11.889043 -0.512754 27.047034
v 11.690931 -2.224706 26.839414
v 11.763274 1.799543 27.326156
v 3.141306 -0.322705 27.221784
v 9.387546 -0.533685 27.196765
v 3.090884 0.648704 27.664653
v 9.211948 -1.887394 26.988628
v 6.751976 -1.442125 26.998636
v 4.292004 -0.996856 27.008643
v 3.062018 -0.774221 27.013646
v 6.889050 -0.449293 27.206773
v 4.390554 -0.364901 27.216780
v 9.313482 1.292378 27.475557
v 6.845837 0.891860 27.485564
v 4.378193 0.491342 27.495572
v 3.144371 0.291083 27.500576
v 3.157665 -0.015879 27.361196
v 4.405129 0.063529 27.356191
v 6.900059 0.222344 27.346183
v 9.394988 0.381159 27.336175
v 9.105043 2.348686 27.639635
v 6.699380 1.668693 27.649642
v 4.293716 0.988701 27.659649
v 1.715008 -0.817958 26.427621
v 1.511907 -1.150713 26.152574
v 1.314472 -1.372135 25.877981
v 1.029487 -1.612830 26.001285
v 1.483711 -1.206882 26.459369
v 1.337591 -1.354100 26.085295
v 1.695590 -0.864654 26.543516
v 1.531722 -1.129221 26.309075
v 7.328795 -9.379239 25.961251
v 10.830454 -4.936126 26.648551
v 9.905786 -6.598269 26.419465
v 8.728241 -8.092030 26.190328
v 9.232114 -7.508681 26.130717
v 8.050673 -8.764351 25.923011
v 10.512005 -5.577695 26.409952
v 2.327529 -2.134138 26.305467
v 7.212747 -6.032172 26.280448
v 2.867140 -1.324345 26.748517
v 6.263328 -7.013770 26.072224
v 4.555689 -5.187928 26.082231
v 2.848051 -3.362087 26.092238
v 1.994231 -2.449166 26.097242
v 5.258660 -4.472959 26.290456
v 3.304573 -2.913745 26.300463
v 8.243770 -4.522324 26.559351
v 6.024872 -3.370728 26.569359
v 3.805973 -2.219132 26.579367
v 2.696524 -1.643335 26.584371
v 2.523890 -1.897648 26.444934
v 3.572122 -2.578591 26.439930
v 5.668586 -3.940476 26.429922
v 7.765051 -5.302362 26.419914
v 8.707220 -3.549993 26.723499
v 6.371188 -2.659734 26.733506
v 4.035156 -1.769475 26.743513
v 0.888622 -1.679479 25.512028
v 0.526689 -1.825541 25.236954
v 0.235251 -1.885538 24.961673
v -0.137573 -1.908438 25.084444
v 0.469449 -1.854070 25.542726
v 0.264192 -1.884923 25.168546
v 0.843874 -1.706026 25.626965
v 0.554318 -1.820450 25.392418
v 0.276249 -11.899792 25.044409
v 5.740603 -10.426386 25.732007
v 4.005636 -11.207881 25.502823
v 2.168286 -11.703061 25.273586
v 2.921095 -11.536004 25.214010
v 1.222833 -11.837730 25.006212
v 5.101738 -10.751054 25.493363
v 0.592458 -3.101761 25.388760
v 2.183090 -9.145759 25.363741
v 1.509244 -2.774267 25.831999
v 0.834760 -9.366184 25.155424
v 0.555570 -6.881878 25.165432
v 0.276381 -4.397571 25.175439
v 0.136786 -3.155418 25.180443
v 1.546837 -6.728160 25.373748
v 0.910585 -4.310561 25.383756
v 3.912430 -8.550089 25.642761
v 2.820165 -6.301392 25.652769
v 1.727901 -4.052694 25.662776
v 1.181769 -2.928345 25.667780
v 0.891311 -3.029298 25.528286
v 1.325507 -4.201453 25.523281
v 2.193897 -6.545764 25.513273
v 3.062288 -8.890074 25.503265
v 4.865191 -8.046616 25.806981
v 3.522812 -5.937676 25.816989
v 2.180434 -3.828737 25.826996
v -0.305047 -1.875415 24.586223
v -0.686453 -1.771669 24.303776
v -0.945263 -1.648372 24.035881
v -1.250587 -1.448134 24.167187
v -0.731089 -1.767331 24.625676
v -0.914260 -1.669389 24.251385
v -0.342251 -1.872301 24.710012
v -0.642963 -1.791061 24.475353
v -6.888491 -9.707216 24.127152
v -1.623831 -11.790979 24.815062
v -3.482902 -11.381172 24.585773
v -5.252971 -10.680327 24.356433
v -4.549192 -10.996227 24.296893
v -6.092038 -10.223221 24.088999
v -2.330494 -11.669690 24.576373
v -1.377910 -2.841353 24.471643
v -3.713069 -8.638512 24.446624
v -0.446626 -3.126483 24.915081
v -4.926576 -8.009437 24.238211
v -3.666170 -5.850478 24.248218
v -2.405765 -3.691518 24.258225
v -1.775563 -2.612039 24.263229
v -2.779006 -6.319648 24.456632
v -1.844942 -4.000785 24.466639
v -1.969611 -9.194114 24.725766
v -1.502351 -6.738234 24.735774
v -1.035091 -4.282353 24.745782
v -0.801461 -3.054413 24.750786
v -1.094833 -2.961826 24.611230
v -1.446842 -4.161227 24.606226
v -2.150861 -6.560029 24.596218
v -2.854879 -8.958832 24.586209
v -0.904268 -9.359509 24.890064
v -0.721212 -6.866298 24.900071
v -0.538155 -4.373088 24.910078
v -1.364607 -1.322155 23.669507
v -1.608668 -1.011044 23.387167
v -1.742920 -0.756893 23.118677
v -1.868186 -0.413445 23.249495
v -1.642353 -0.980114 23.708201
v -1.730752 -0.791977 23.333791
v -1.393230 -1.296746 23.792635
v -1.585891 -1.051782 23.557857
v -11.324814 -3.664689 23.209460
v -8.347750 -8.484050 23.897696
v -9.594040 -7.043866 23.668299
v -10.594839 -5.423329 23.438849
v -10.219228 -6.097503 23.379348
v -10.994573 -4.554838 23.171352
v -8.842089 -7.964316 23.658970
v -2.802882 -1.454568 23.554098
v -8.139776 -4.706890 23.529079
v -2.226307 -2.240073 23.997744
v -8.737011 -3.476618 23.320563
v -6.436099 -2.499106 23.330570
v -4.135186 -1.521594 23.340577
v -2.984730 -1.032839 23.345581
v -6.005018 -3.405962 23.539086
v -3.870261 -2.105033 23.549094
v -7.073465 -6.194933 23.808348
v -5.231228 -4.505008 23.818356
v -3.388991 -2.815083 23.828364
v -2.467872 -1.970121 23.833368
v -2.647848 -1.720456 23.693748
v -3.646861 -2.471752 23.688744
v -5.644887 -3.974345 23.678736
v -7.642913 -5.476938 23.668727
v -6.317721 -6.964518 23.972726
v -4.681155 -5.074740 23.982733
v -3.044590 -3.184962 23.992740
v -1.884206 -0.244990 22.752335
v -1.894035 0.150509 22.470021
v -1.849685 0.435112 22.201027
v -1.744601 0.785773 22.331349
v -1.902480 0.196238 22.790282
v -1.860828 0.400061 22.415746
v -1.892070 -0.206650 22.874818
v -1.900066 0.105064 22.639914
v -11.268400 3.834647 22.291314
v -11.763712 -1.810841 22.979890
v -11.901831 0.089559 22.750380
v -11.735082 1.987712 22.520817
v -11.837135 1.222457 22.461355
v -11.536095 2.923309 22.253257
v -11.849304 -1.098570 22.741148
v -3.116395 0.509901 22.636105
v -9.338859 1.093837 22.611085
v -3.123812 -0.464927 23.079971
v -9.081851 2.437669 22.402464
v -6.653088 1.845355 22.412471
v -4.224324 1.253041 22.422479
v -3.009943 0.956884 22.427482
v -6.849874 0.860263 22.621093
v -4.360888 0.626689 22.631101
v -9.373767 -0.737276 22.890495
v -6.886699 -0.483942 22.900502
v -4.399631 -0.230608 22.910510
v -3.156097 -0.103941 22.915514
v -3.151105 0.203936 22.775825
v -4.401085 0.198973 22.770821
v -6.901044 0.189048 22.760813
v -9.401003 0.179123 22.750804
v -9.227930 -1.806496 23.054953
v -6.786282 -1.269869 23.064960
v -4.344635 -0.733241 23.074967
v -1.657328 0.929258 21.835004
v -1.428769 1.252451 21.552920
v -1.222305 1.454867 21.283054
v -0.927872 1.673355 21.412729
v -1.407286 1.295175 21.871899
v -1.251874 1.433713 21.497242
v -1.639998 0.965940 21.956550
v -1.459879 1.220670 21.721525
v -6.735317 9.814116 21.372694
v -10.511132 5.583911 22.061626
v -9.484626 7.190510 21.831997
v -8.214880 8.612710 21.602315
v -8.754680 8.060251 21.542895
v -7.495335 9.243760 21.334690
v -10.153383 6.206576 21.822803
v -2.192385 2.272740 21.717645
v -6.829577 6.462783 21.692625
v -2.781693 1.495509 22.161738
v -5.819220 7.386399 21.483897
v -4.227338 5.458800 21.493904
v -2.635456 3.531202 21.503912
v -1.839515 2.567402 21.508915
v -4.974700 4.786766 21.702633
v -3.119823 3.110748 21.712641
v -7.953424 5.015384 21.972175
v -5.808682 3.730952 21.982183
v -3.663941 2.446519 21.992191
v -2.591570 1.804303 21.997195
v -2.403326 2.048186 21.857435
v -3.408030 2.791854 21.852431
v -5.417439 4.279190 21.842423
v -7.426848 5.766526 21.832414
v -8.476301 4.070675 22.136720
v -6.198458 3.040609 22.146727
v -3.920614 2.010542 22.156734
v -0.770146 1.736987 20.915131
v -0.393239 1.858867 20.632431
v -0.107666 1.897125 20.363215
v 0.258229 1.895885 20.493616
v -0.352506 1.879804 20.953032
v -0.144918 1.897819 20.578247
v -0.736110 1.755213 21.037801
v -0.439212 1.851585 20.802647
v 0.478354 11.893382 20.453582
v -5.081169 10.763160 21.142883
v -3.296427 11.436568 20.913130
v -1.427017 11.816368 20.683326
v -2.190468 11.696745 20.623948
v -0.472287 11.891344 20.415629
v -4.421348 11.048275 20.903979
v -0.396390 3.132852 20.798698
v -1.604110 9.264851 20.773679
v -1.334119 2.862601 21.243025
v -0.241154 9.400215 20.564837
v -0.119529 6.903230 20.574844
v 0.002096 4.406246 20.584851
v 0.062909 3.157753 20.589855
v -1.121022 6.812052 20.783687
v -0.637934 4.359252 20.793694
v -3.371570 8.777442 21.053370
v -2.421676 6.465002 21.063378
v -1.471783 4.152561 21.073386
v -0.996836 2.996340 21.078390
v -0.699926 3.079145 20.938560
v -1.059892 4.276182 20.933555
v -1.779824 6.670256 20.923547
v -2.499756 9.064331 20.913539
v -4.356310 8.333103 21.218008
v -3.147433 6.144902 21.228015
v -1.938557 3.956701 21.238022
v 0.422396 1.852521 19.996254
v 0.797536 1.724517 19.713495
v 1.049599 1.583990 19.443868
v 1.342095 1.363761 19.573991
v 0.843028 1.716747 20.033663
v 1.020243 1.606804 19.658741
v 0.461019 1.846643 20.118552
v 0.756702 1.746044 19.883262
v 7.505034 9.238821 19.533956
v 2.372544 11.663399 20.223642
v 4.206310 11.134111 19.993761
v 5.932006 10.318632 19.763828
v 5.248566 10.680098 19.704496
v 6.742086 9.806701 19.496058
v 3.072291 11.496681 19.984672
v 1.558199 2.746614 19.879246
v 4.262199 8.381185 19.854227
v 0.644783 3.091700 20.323818
v 5.435556 7.673129 19.645266
v 4.037812 5.600441 19.655273
v 2.640068 3.527753 19.665280
v 1.941196 2.491409 19.670284
v 3.180599 6.127357 19.864234
v 2.098999 3.873529 19.874242
v 2.553756 9.049269 20.134068
v 1.930341 6.628312 20.144076
v 1.306926 4.207355 20.154084
v 0.995219 2.996876 20.159088
v 1.282772 2.885397 20.019182
v 1.711078 4.059717 20.014178
v 2.567690 6.408357 20.004170
v 3.424302 8.756997 19.994162
v 1.498349 9.282939 20.298800
v 1.156923 6.806443 20.308807
v 0.815496 4.329948 20.318814
v 1.447410 1.230959 19.076883
v 1.671386 0.903598 18.794061
v 1.789280 0.639660 18.524006
v 1.891614 0.287852 18.653834
v 1.703344 0.869788 19.113771
v 1.779468 0.675427 18.738708
v 1.475138 1.202743 19.198785
v 1.651775 0.944934 18.963353
v 11.544107 2.900854 18.613799
v 8.885080 7.919541 19.303883
v 10.037231 6.396516 19.073870
v 10.931127 4.708854 18.843804
v 10.600236 5.408038 18.784518
v 11.273311 3.813074 18.575958
v 9.345944 7.366540 19.064850
v 2.892965 1.265946 18.959268
v 8.433337 4.158050 18.934249
v 2.367895 2.089838 19.404095
v 8.949009 2.887457 18.725165
v 6.588144 2.065239 18.735172
v 4.227280 1.243021 18.745180
v 3.046848 0.831912 18.750183
v 6.217188 3.001209 18.944257
v 4.001039 1.844367 18.954264
v 7.464881 5.717207 19.214247
v 5.515679 4.151867 19.224255
v 3.566477 2.586527 19.234263
v 2.591876 1.803856 19.239267
v 2.755466 1.542210 19.099283
v 3.801822 2.226033 19.094279
v 5.894532 3.593679 19.084271
v 7.987243 4.961325 19.074262
v 6.759209 6.536901 19.379077
v 5.002683 4.758076 19.389084
v 3.246158 2.979251 19.399091
v 1.896353 0.118755 18.156997
v 1.879583 -0.277828 17.874105
v 1.815708 -0.560270 17.603605
v 1.686658 -0.903464 17.733125
v 1.884844 -0.324446 18.193338
v 1.829259 -0.525849 17.818128
v 1.901677 0.079027 18.278481
v 1.888590 -0.233410 18.042901
v 10.979134 -4.597823 17.693090
v 11.858762 1.016611 18.383588
v 11.868518 -0.894235 18.153437
v 11.572500 -2.782091 17.923233
v 11.726743 -2.023687 17.863995
v 11.309335 -3.704863 17.655308
v 11.896395 0.297187 18.144490
v 11.783994 1.660909 18.309264
v 3.074555 -0.720394 18.038745
v 9.242977 -1.725661 18.013726
v 3.147955 0.254406 18.483836
v 8.894021 -3.052630 17.804515
v 6.511418 -2.295710 17.814522
v 4.128816 -1.538790 17.824529
v 2.937515 -1.160330 17.829533
v 6.775608 -1.323554 18.023734
v 4.308239 -0.921447 18.033741
v 9.402131 0.103944 18.293887
v 6.903646 0.018773 18.303895
v 4.405162 -0.066398 18.313902
v 3.155920 -0.108984 18.318906
v 3.130078 -0.416658 18.178842
v 4.377529 -0.496275 18.173837
v 6.872432 -0.655511 18.163829
v 9.367334 -0.814746 18.153821
v 9.328282 1.183692 18.458818
v 6.856151 0.811978 18.468825
v 4.384020 0.440263 18.478832
v 1.589284 -1.041362 17.236575
v 1.337978 -1.349012 16.953607
v 1.117131 -1.537115 16.682645
v 0.807813 -1.734503 16.811844
v 1.313936 -1.389772 17.272343
v 1.148533 -1.517753 16.896980
v 1.569423 -1.076813 17.357619
v 1.371501 -1.319179 17.121887
v 6.027960 -10.263774 16.771810
v 10.100914 -6.295653 17.462736
v 8.962388 -7.831790 17.232442
v 7.592645 -9.165942 17.002095
v 8.171165 -8.651233 16.942908
v 6.828144 -9.746974 16.734089
v 9.699414 -6.894480 17.223570
v 10.427479 -5.734874 17.388450
v 2.028521 -2.420113 17.117657
v 6.362171 -6.923385 17.092638
v 2.672105 -1.683507 17.563022
v 5.286501 -7.776571 16.883294
v 3.833822 -5.742008 16.893302
v 2.381143 -3.707445 16.903309
v 1.654804 -2.690163 16.908312
v 4.628711 -5.122076 17.102646
v 2.895251 -3.320767 17.112654
v 7.587282 -5.553736 17.372967
v 5.536565 -4.123968 17.382975
v 3.485848 -2.694199 17.392983
v 2.460489 -1.979315 17.397987
v 2.255214 -2.210201 17.257838
v 3.205826 -3.021872 17.252834
v 5.107051 -4.645215 17.242826
v 7.008275 -6.268557 17.232817
v 8.175869 -4.644687 17.538004
v 5.974363 -3.460215 17.548011
v 3.772857 -2.275743 17.558018
v 0.724270 -1.756565 16.364005
v 0.392992 -1.858918 16.137713
v -0.394615 -1.872256 15.889972
v 0.217512 -1.900151 16.350766
v 0.008192 -1.903321 15.975246
v 0.609840 -1.802971 16.436181
v 0.305892 -1.878209 16.200291
v -1.336915 -11.827680 15.849937
v 4.305811 -11.096109 16.541308
v 2.472223 -11.642568 16.310866
v 0.574738 -11.888329 16.080371
v 1.346804 -11.823613 16.021235
v -0.386174 -11.894448 15.812280
v 3.624804 -11.334603 16.302071
v 4.903766 -10.843161 16.467060
v 0.170913 -3.153192 16.195985
v 0.936190 -9.355960 16.170966
v 1.128317 -2.949786 16.641632
v -0.437146 -9.393138 15.961485
v -0.378444 -6.893883 15.971492
v -0.319742 -4.394628 15.981499
v -0.290391 -3.145000 15.986503
v 0.630079 -6.874853 16.180973
v 0.323968 -4.393746 16.190981
v 2.739150 -8.994879 16.451469
v 1.956023 -6.620770 16.461477
v 1.172897 -4.246662 16.471485
v 0.781334 -3.059608 16.476489
v 0.478403 -3.121233 16.336253
v 0.752028 -4.340907 16.331248
v 1.299277 -6.780253 16.321240
v 1.846526 -9.219600 16.311232
v 3.756039 -8.620330 16.616615
v 2.704950 -6.352112 16.626622
v 1.653861 -4.083894 16.636629
v -0.505201 -1.831604 15.426670
v -0.830879 -1.708699 15.197554
v -1.461956 -1.234401 14.941923
v -1.238498 -1.457805 15.178817
v -0.981233 -1.641553 15.415789
v -0.697494 -1.781188 15.652841
v -1.156866 -1.511343 15.033276
v -0.602883 -1.805249 15.507299
v -0.898766 -1.677224 15.264404
v -8.323791 -8.508575 14.901889
v -3.266283 -11.445216 15.612887
v -5.107102 -10.750647 15.375904
v -6.808486 -9.762428 15.138862
v -6.141453 -10.192728 15.082017
v -7.596882 -9.160440 14.867038
v -3.977177 -11.215704 15.370587
v -2.622802 -11.607778 15.540381
v -1.787038 -2.603422 15.256765
v -4.962360 -7.986459 15.231746
v -6.103960 -7.152852 15.016198
v -4.525377 -5.214354 15.026205
v -2.946794 -3.275855 15.036212
v -2.157502 -2.306605 15.041215
v -3.692231 -5.833244 15.241754
v -2.422102 -3.680029 15.251761
v -3.265734 -8.817251 15.519956
v -2.451646 -6.453585 15.529963
v -1.637558 -4.089920 15.539971
v -1.230514 -2.908088 15.544975
v -1.516374 -2.769648 15.400888
v -2.040091 -3.904634 15.395884
v -3.087524 -6.174607 15.385875
v -4.134957 -8.444580 15.375867
v -2.198901 -9.142305 15.689918
v -1.670413 -6.698892 15.699925
v -1.141926 -4.255479 15.709932
v -0.877682 -3.033773 15.714935
v -1.550218 -1.098699 14.448736
v -1.741110 -0.760617 14.173772
v -1.837616 -0.483470 13.901665
v -1.909669 -0.119279 14.026874
v -1.774938 -0.712443 14.484261
v -1.832707 -0.513743 14.110560
v -1.578606 -1.063328 14.568083
v -1.730270 -0.792147 14.334015
v -11.755571 -1.867592 13.986839
v -9.570202 -7.076397 14.673094
v -10.573813 -5.464095 14.444357
v -11.308366 -3.712692 14.215568
v -11.042697 -4.435221 14.155835
v -11.567665 -2.795772 13.948449
v -9.976046 -6.487800 14.434651
v -2.994889 -1.001301 14.330585
v -8.772391 -3.384680 14.305566
v -2.549033 -1.864624 14.772967
v -9.170264 -2.080508 14.097665
v -6.745655 -1.471413 14.107672
v -4.321045 -0.862319 14.117680
v -3.108741 -0.557772 14.122683
v -6.461390 -2.431329 14.315574
v -4.150389 -1.477977 14.325582
v -7.953005 -5.016071 14.584057
v -5.869770 -3.634109 14.594065
v -3.786535 -2.252148 14.604073
v -2.744918 -1.561168 14.609077
v -2.883410 -1.287271 14.469846
v -3.987205 -1.873881 14.464842
v -6.194794 -3.047100 14.454834
v -8.402384 -4.220319 14.444826
v -7.328504 -5.891622 14.747949
v -5.416715 -4.280823 14.757956
v -3.504927 -2.670024 14.767963
v -1.899625 0.041753 13.534040
v -1.851359 0.427168 13.259069
v -1.763502 0.707558 12.986678
v -1.604081 1.043066 13.111666
v -1.849683 0.486467 13.569132
v -1.777554 0.680477 13.195388
v -1.901309 0.087669 13.652990
v -1.861351 0.395856 13.418880
v -10.550284 5.511159 13.071631
v -11.902248 0.025682 13.758004
v -11.746498 1.918760 13.529228
v -11.291711 3.763042 13.300400
v -11.509332 3.024500 13.240681
v -10.953014 4.653890 13.033258
v -11.877078 0.740308 13.519548
v -3.001243 0.982089 13.415431
v -9.060388 2.514015 13.390412
v -3.158142 0.023017 13.857888
v -8.601993 3.798418 13.182474
v -6.292444 2.841490 13.192481
v -3.982896 1.884561 13.202488
v -2.828121 1.406097 13.207492
v -6.636730 1.901245 13.400419
v -4.213072 1.288474 13.410427
v -9.375463 0.715495 13.668950
v -6.879056 0.582693 13.678958
v -4.382649 0.449891 13.688966
v -3.134446 0.383491 13.693969
v -3.082292 0.685999 13.554716
v -4.318172 0.873282 13.549711
v -6.789931 1.247848 13.539703
v -9.261690 1.622413 13.529695
v -9.396202 -0.359947 13.832871
v -6.900978 -0.206761 13.842878
v -4.405754 -0.053576 13.852885
v -1.500330 1.165904 12.619195
v -1.231687 1.446703 12.344214
v -0.993666 1.619632 12.071530
v -0.665417 1.793957 12.196294
v -1.194612 1.493613 12.653842
v -1.020960 1.606358 12.280054
v -1.473922 1.204249 12.737739
v -1.258011 1.427843 12.503584
v -5.181285 10.716140 12.156260
v -9.538782 7.118693 12.842755
v -8.284552 8.545644 12.613938
v -6.819313 9.755008 12.385069
v -7.434559 9.291913 12.325364
v -6.015972 10.268169 12.117905
v -9.092304 7.677437 12.604281
v -1.823335 2.578256 12.500115
v -5.773280 7.421599 12.475095
v -2.521372 1.901860 12.942650
v -4.639098 8.179305 12.267120
v -3.356026 6.033739 12.277127
v -2.072955 3.888172 12.287134
v -1.431419 2.815389 12.292138
v -4.193302 5.484262 12.485103
v -2.613324 3.546925 12.495111
v -7.099035 6.165625 12.753682
v -5.174354 4.570229 12.763690
v -3.249674 2.974833 12.773698
v -2.287333 2.177135 12.778701
v -2.065021 2.388892 12.639423
v -2.945363 3.276288 12.634419
v -4.706047 5.051079 12.624411
v -6.466731 6.825871 12.614403
v -7.757161 5.314567 12.917633
v -5.662845 3.949484 12.927640
v -3.568530 2.584401 12.937647
v -0.509427 1.830521 11.704197
v -0.126147 1.895808 11.429206
v 0.168431 1.892674 11.156221
v 0.536085 1.836757 11.280755
v -0.067918 1.911377 11.738387
v 0.138769 1.898285 11.364554
v -0.464751 1.845716 11.822322
v -0.158027 1.896405 11.588123
v 2.234005 11.691475 11.240721
v -3.410269 11.403254 11.927342
v -1.552106 11.800542 11.698483
v 0.345645 11.897215 11.469572
v -0.424517 11.892522 11.409882
v 1.296715 11.829866 11.202383
v -2.718482 11.585459 11.688848
v 0.074479 3.156962 11.584632
v -0.206781 9.400432 11.559613
v -0.889414 3.030401 12.027248
v 1.155754 9.332014 11.351598
v 0.905680 6.844608 11.361605
v 0.655607 4.357202 11.371613
v 0.530570 3.113498 11.376616
v -0.094277 6.903044 11.569620
v 0.018227 4.405656 11.579628
v -2.020354 9.183103 11.838249
v -1.427136 6.754570 11.848257
v -0.833917 4.326036 11.858265
v -0.537308 3.111769 11.863268
v -0.232511 3.149135 11.723966
v -0.409782 4.386490 11.718961
v -0.764324 6.861201 11.708953
v -1.118866 9.335912 11.698945
v -3.056410 8.892498 12.002230
v -2.189612 6.547659 12.012237
v -1.322814 4.202820 12.022244
v 0.682544 1.773261 10.789041
v 1.029329 1.597024 10.514039
v 1.264220 1.418567 10.240745
v 1.526072 1.154195 10.365043
v 1.085772 1.574507 10.822761
v 1.243887 1.440655 10.448883
v 0.728070 1.758571 10.906737
v 1.004529 1.616244 10.672492
v 8.768247 8.049795 10.325009
v 4.065629 11.186366 11.011760
v 5.794259 10.396556 10.782857
v 7.375267 9.341768 10.553903
v 6.754279 9.797551 10.494228
v 8.098507 8.720171 10.286690
v 4.729688 10.919846 10.773246
v 1.943188 2.489171 10.668978
v 5.442263 7.667636 10.643959
v 1.093944 2.962714 11.111677
v 6.495131 6.799671 10.435905
v 4.810420 4.952653 10.445912
v 3.125709 3.105635 10.455919
v 2.283353 2.182126 10.460923
v 4.042633 5.596250 10.653967
v 2.643003 3.524864 10.663974
v 3.856827 8.575319 10.922646
v 2.884152 6.272367 10.932654
v 1.911477 3.969415 10.942662
v 1.425139 2.817940 10.947666
v 1.692097 2.666067 10.808337
v 2.288005 3.764870 10.803333
v 3.479821 5.962475 10.793325
v 4.671636 8.160081 10.783317
v 2.851760 8.960224 11.086659
v 2.148634 6.561220 11.096666
v 1.445507 4.162216 11.106674
v 1.605402 1.016368 9.873721
v 1.778740 0.667897 9.598709
v 1.860916 0.384158 9.325097
v 1.913327 0.015538 9.449154
v 1.810780 0.615665 9.906960
v 1.857813 0.413848 9.533035
v 1.633529 0.976853 9.990978
v 1.770491 0.697627 9.756685
v 11.839554 1.227320 9.409120
v 9.937007 6.551337 10.096004
v 10.853149 4.885791 9.867057
v 11.492615 3.095639 9.638058
v 11.266217 3.832054 9.578399
v 11.702123 2.165067 9.370820
v 10.310983 5.941095 9.857469
v 3.044616 0.838010 9.753149
v 8.942462 2.905723 9.728130
v 2.645577 1.724907 10.195933
v 9.269500 1.580704 9.520034
v 6.815456 1.103843 9.530042
v 4.361412 0.626983 9.540049
v 3.134390 0.388553 9.545052
v 6.583324 2.078638 9.738138
v 4.224185 1.251553 9.748145
v 8.211632 4.580426 10.006869
v 6.056986 3.312677 10.016877
v 3.902341 2.044929 10.026885
v 2.825018 1.411055 10.031889
v 2.948654 1.129841 9.892534
v 4.082488 1.656049 9.887530
v 6.350156 2.708464 9.877522
v 8.617824 3.760878 9.867514
v 7.634605 5.489167 10.170915
v 5.638994 3.983463 10.180922
v 3.643383 2.477759 10.190929
v 1.894786 -0.141783 8.958233
v 1.826007 -0.525072 8.683209
v 1.722519 -0.802195 8.409274
v 1.544473 -1.129454 8.533083
v 1.820399 -0.586611 8.990980
v 1.737674 -0.776678 8.617006
v 1.893724 -0.190956 9.075040
v 1.836981 -0.496808 8.840699
v 10.232216 -6.081375 8.493049
v 11.883235 -0.672916 9.180069
v 11.624381 -2.556473 8.951077
v 11.069039 -4.374876 8.722033
v 11.326912 -3.648744 8.662389
v 10.681687 -5.246786 8.454769
v 11.819143 -1.385937 8.941513
v 2.943107 -1.144581 8.837139
v 8.909512 -3.005234 8.812120
v 3.152223 -0.194604 9.280010
v 8.381042 -4.263845 8.603982
v 6.127371 -3.181860 8.613990
v 3.873700 -2.099874 8.623997
v 2.746864 -1.558882 8.629001
v 6.522950 -2.260973 8.822128
v 4.136388 -1.516712 8.832136
v 9.322589 -1.224955 9.090913
v 6.837118 -0.956414 9.100921
v 4.351646 -0.687872 9.110929
v 3.108910 -0.553601 9.115933
v 3.040285 -0.853091 8.976551
v 4.264111 -1.107502 8.971547
v 6.711761 -1.616325 8.961539
v 9.159412 -2.125147 8.951531
v 9.401876 -0.151197 9.254992
v 6.902015 -0.168560 9.264999
v 4.402154 -0.185922 9.275006
v 1.436116 -1.244140 8.042570
v 1.152090 -1.510858 7.767535
v 0.903321 -1.671706 7.493270
v 0.564916 -1.828095 7.616825
v 1.110430 -1.557212 8.074816
v 0.930552 -1.660364 7.700792
v 1.405458 -1.283488 8.158919
v 1.177329 -1.495062 7.924528
v 4.579089 -10.986961 7.576791
v 9.132906 -7.632438 8.263951
v 7.800717 -8.989470 8.034912
v 6.269455 -10.117167 7.805822
v 6.909891 -9.688428 7.746194
v 5.438035 -10.585602 7.538531
v 8.655790 -8.166410 8.025373
v 1.678119 -2.675044 7.920945
v 5.354471 -7.729196 7.895925
v 2.413061 -2.037528 8.363905
v 4.178958 -8.423690 7.687744
v 3.016690 -6.210353 7.697752
v 1.854423 -3.997016 7.707759
v 1.273289 -2.890348 7.712763
v 3.883930 -5.707535 7.905933
v 2.413389 -3.685874 7.915941
v 6.748781 -6.547146 8.174773
v 4.914864 -4.848197 8.184781
v 3.080946 -3.149247 8.194789
v 2.163987 -2.299772 8.199793
v 1.930124 -2.499143 8.060384
v 2.760185 -3.433741 8.055380
v 4.420306 -5.302936 8.045372
v 6.080428 -7.172131 8.035363
v 7.453421 -5.732769 8.338887
v 5.437277 -4.254673 8.348894
v 3.421133 -2.776576 8.358901
v 0.410151 -1.855286 7.126729
v 0.022862 -1.899863 6.851681
v -0.273174 -1.880417 6.577080
v -0.638257 -1.803799 6.700376
v -0.038782 -1.912187 7.158462
v -0.244738 -1.887549 6.784387
v 0.361371 -1.868706 7.242610
v 0.051981 -1.902264 7.008168
v -2.886211 -11.547777 6.660342
v 2.770858 -11.575250 7.347646
v 0.891592 -11.868732 7.118559
v -1.010481 -11.859260 6.889420
v -0.240601 -11.897661 6.829810
v -1.957358 -11.738651 6.622102
v 2.069139 -11.718856 7.109045
v -0.250748 -3.147866 7.004560
v -0.318760 -9.397298 6.979541
v 0.719647 -3.075140 7.447612
v -1.676704 -9.252616 6.771316
v -1.287683 -6.783124 6.781323
v -0.898661 -4.313633 6.791330
v -0.704151 -3.078887 6.796334
v -0.291555 -6.897525 6.989548
v -0.264350 -4.397753 6.999556
v 1.505863 -9.281354 7.258445
v 1.048796 -6.823556 7.268453
v 0.591730 -4.365757 7.278461
v 0.363197 -3.136858 7.283465
v 0.056496 -3.157198 7.144028
v 0.164474 -4.402515 7.139024
v 0.380429 -6.893149 7.129015
v 0.596385 -9.383783 7.119007
v 2.557551 -9.048594 7.422594
v 1.822389 -6.659213 7.432601
v 1.087228 -4.269831 7.442608
v -0.778046 -1.733479 6.210703
v -1.115600 -1.537998 5.935643
v -1.341832 -1.345393 5.660699
v -1.589099 -1.065752 5.783731
v -1.172861 -1.510747 6.241915
v -1.323412 -1.367961 5.867788
v -0.825852 -1.714824 6.326109
v -1.094136 -1.556977 6.091614
v -9.210839 -7.539351 5.743696
v -4.688403 -10.939969 6.431147
v -6.371510 -10.053138 6.202012
v -7.891952 -8.909557 5.972824
v -7.297208 -9.400158 5.913231
v -8.579635 -8.247245 5.705478
v -5.337231 -10.636112 6.192524
v -2.080760 -2.375367 6.087981
v -5.866913 -7.347798 6.062962
v -1.258734 -2.896544 6.531126
v -6.870014 -6.420681 5.854691
v -5.083344 -4.672100 5.864698
v -3.296674 -2.923518 5.874705
v -2.403339 -2.049228 5.879709
v -4.352452 -5.358826 6.072969
v -2.837991 -3.369853 6.082977
v -4.333706 -8.344468 6.341924
v -3.232862 -6.099958 6.351932
v -2.132017 -3.855448 6.361940
v -1.581595 -2.733193 6.366944
v -1.839822 -2.566348 6.227478
v -2.496776 -3.629779 6.222473
v -3.810683 -5.756640 6.212465
v -5.124591 -7.883502 6.202457
v -3.350862 -8.785775 6.506109
v -2.514011 -6.430083 6.516116
v -1.677160 -4.074390 6.526123
v -1.658911 -0.926453 5.294487
v -1.813139 -0.567917 5.019416
v -1.879726 -0.277898 4.744123
v -1.911064 0.094319 4.866885
v -1.842962 -0.511319 5.325169
v -1.878457 -0.306812 4.950988
v -1.686476 -0.882297 5.409410
v -1.807429 -0.595406 5.174862
v -11.890484 -0.545666 4.826850
v -10.293693 -5.975275 5.514452
v -11.114289 -4.258439 5.285266
v -11.650955 -2.432763 5.056028
v -11.466892 -3.181599 4.996452
v -11.807001 -1.490601 4.788653
v -10.632757 -5.343910 5.275805
v -3.087548 -0.662552 5.171202
v -9.093973 -2.389652 5.146183
v -2.739373 -1.571691 5.614444
v -9.344878 -1.046657 4.937866
v -6.867531 -0.711278 4.947873
v -4.390184 -0.375899 4.957880
v -3.151511 -0.208210 4.962884
v -6.691403 -1.698812 5.156191
v -4.288833 -1.007972 5.166199
v -8.459286 -4.105071 5.425205
v -6.235903 -2.962158 5.435213
v -4.012521 -1.819244 5.445220
v -2.900829 -1.247787 5.450224
v -3.008335 -0.959689 5.310729
v -4.170356 -1.420319 5.305725
v -6.494398 -2.341580 5.295716
v -8.818441 -3.262840 5.285708
v -7.934360 -5.046191 5.589426
v -5.856365 -3.656391 5.599433
v -3.778370 -2.266591 5.609441
v -1.881793 0.262839 4.368424
v -1.786665 0.646420 4.085922
v -1.669384 0.907637 3.818300
v -1.476258 1.217261 3.949833
v -1.783484 0.690751 4.408220
v -1.689763 0.876033 4.033984
v -1.879583 0.299690 4.492509
v -1.805210 0.602097 4.257906
v -9.861690 6.665466 3.909798
v -11.824778 1.355967 4.597554
v -11.457356 3.223458 4.368317
v -10.797080 5.008608 4.139027
v -11.096831 4.297965 4.079470
v -10.359310 5.857633 3.871624
v -11.719575 2.065052 4.358884
v -2.871953 1.312941 4.254220
v -8.720713 3.515671 4.229201
v -3.135806 0.375626 4.697560
v -8.119560 4.742887 4.020836
v -5.932455 3.531978 4.030843
v -3.745351 2.321069 4.040850
v -2.651799 1.715614 4.045854
v -6.381209 2.634579 4.239208
v -4.041705 1.753487 4.249216
v -9.236454 1.760408 4.508283
v -6.770600 1.349014 4.518291
v -4.304745 0.937620 4.528299
v -3.071818 0.731923 4.533302
v -2.985936 1.027259 4.393777
v -4.193025 1.351928 4.388773
v -6.607203 2.001267 4.378764
v -9.021380 2.650605 4.368756
v -9.377605 0.691827 4.672542
v -6.880886 0.565346 4.682549
v -4.384166 0.438866 4.692556
v -1.352374 1.334660 3.451627
v -1.046935 1.585546 3.169187
v -0.796532 1.725163 2.901275
v -0.456471 1.858143 3.032571
v -1.017531 1.619438 3.491063
v -0.831613 1.712060 3.116771
v -1.328274 1.363207 3.575400
v -1.087910 1.561330 3.340741
v -3.925275 11.237152 2.992536
v -8.672710 8.151571 3.680450
v -7.262068 9.429955 3.451160
v -5.665688 10.467237 3.221818
v -6.330770 10.076383 3.162278
v -4.807152 10.886618 2.954384
v -8.164588 8.657503 3.441755
v -1.518612 2.768707 3.337029
v -4.892733 8.029441 3.312009
v -2.290351 2.174549 3.780469
v -3.677167 8.654517 3.103596
v -2.646856 6.376758 3.113603
v -1.616546 4.098999 3.123610
v -1.101391 2.960120 3.128614
v -3.543084 5.925148 3.322017
v -2.193436 3.820854 3.332025
v -6.355293 6.929744 3.591154
v -4.623624 5.126690 3.601161
v -2.891955 3.323636 3.611169
v -2.026120 2.422109 3.616173
v -1.780753 2.607679 3.476616
v -2.554770 3.589194 3.471612
v -4.102804 5.552224 3.461604
v -5.650837 7.515253 3.451596
v -7.107042 6.156951 3.755452
v -5.180366 4.563991 3.765459
v -3.253689 2.971030 3.775466
v -0.287370 1.878206 2.534632
v 0.107528 1.896961 2.252250
v 0.392111 1.859275 1.984042
v 0.744458 1.762624 2.115093
v 0.151812 1.906542 2.573693
v 0.356309 1.869699 2.199343
v -0.250528 1.886764 2.658080
v 0.060669 1.902004 2.423363
v 3.568243 11.355571 2.075059
v -2.083486 11.718493 2.763133
v -0.188056 11.900685 2.533790
v 1.712241 11.778425 2.304394
v 0.945249 11.862489 2.244874
v 2.651491 11.601584 2.036929
v -1.373555 11.820583 2.524416
v 0.436855 3.127471 2.419624
v 0.875096 9.361889 2.394604
v -0.537212 3.112198 2.863167
v 2.223607 9.136618 2.186141
v 1.688515 6.694610 2.196148
v 1.153424 4.252602 2.206155
v 0.885879 3.031598 2.211159
v 0.699800 6.868122 2.404612
v 0.524503 4.374355 2.414620
v -0.955165 9.354077 2.673812
v -0.644031 6.873577 2.683820
v -0.332897 4.393078 2.693828
v -0.177329 3.152828 2.698832
v 0.130370 3.155007 2.559243
v 0.096249 4.404531 2.554239
v 0.028007 6.903578 2.544231
v -0.040235 9.402625 2.534222
v -2.019972 9.183562 2.838150
v -1.426868 6.755016 2.848157
v -0.833764 4.326470 2.858164
v 0.891684 1.677839 1.617425
v 1.219624 1.456894 1.335093
v 1.425558 1.256360 1.066589
v 1.261204 1.437814 1.656105
v 1.403191 1.285995 1.281695
v 0.926754 1.662459 1.740542
v 1.185430 1.488641 1.505765
v 5.333027 10.640622 1.845601
v 6.961948 9.653648 1.616202
v 8.412740 8.419553 1.386752
v 7.847953 8.945488 1.327250
v 9.060238 7.716168 1.119255
v 5.963358 10.298116 1.606866
v 2.219506 2.246265 1.502000
v 6.297120 6.982624 1.476981
v 1.429241 2.816317 1.945649
v 7.243838 5.995751 1.268466
v 5.355210 4.357823 1.278473
v 3.466582 2.719894 1.288480
v 2.522268 1.900930 1.293484
v 4.666074 5.088080 1.486989
v 3.035029 3.193537 1.496997
v 4.824734 8.070503 1.756253
v 3.591696 5.895808 1.766261
v 2.358658 3.721113 1.776269
v 1.742139 2.633765 1.781273
v 1.990194 2.451570 1.641652
v 2.709646 3.473754 1.636648
v 4.148552 5.518123 1.626640
v 5.587458 7.562492 1.616631
v 3.868880 8.570289 1.920632
v 2.893024 6.268700 1.930639
v 1.917169 3.967111 1.940646
v -1.900000 -0.000000 75.000000
v -1.835259 0.491756 75.000000
v -1.645448 0.950000 75.000000
v -1.343503 1.343503 75.000000
v -0.950000 1.645448 75.000000
v -0.491756 1.835259 75.000000
v 0.000000 1.900000 75.000000
v 0.491756 1.835259 75.000000
v 0.950000 1.645448 75.000000
v 1.343503 1.343503 75.000000
v 1.645448 0.950000 75.000000
v 1.835259 0.491756 75.000000
v 1.900000 0.000000 75.000000
v 1.835259 -0.491756 75.000000
v 1.645448 -0.950000 75.000000
v 1.343503 -1.343503 75.000000
v 0.950000 -1.645448 75.000000
v 0.491756 -1.835259 75.000000
v 0.000000 -1.900000 75.000000
v -0.491756 -1.835259 75.000000
v -0.950000 -1.645448 75.000000
v -1.343503 -1.343503 75.000000
v -1.645448 -0.950000 75.000000
v -1.835259 -0.491756 75.000000
v -1.900000 -0.000000 64.285714
v -1.900000 -0.000000 53.571429
v -1.900000 0.000000 42.857143
v -1.645448 -0.950000 10.714286
v -0.950000 -1.645448 32.142857
v 0.000000 -1.900000 21.428571
v 0.000000 -1.900000 53.571429
v 0.491756 -1.835259 10.714286
v 0.950000 -1.645448 32.142857
v 1.645448 -0.950000 21.428571
v 1.343503 1.343503 32.142857
v 0.491756 1.835259 21.428571
v 0.950000 1.645448 10.714286
v -0.491756 1.835259 32.142857
v -1.835259 0.491756 21.428571
v -1.343126 1.343880 10.714286
v -0.950000 1.645448 10.714286
v -1.645448 0.950000 10.714286
v -1.835259 -0.491756 10.714286
v -1.342726 -1.344279 10.714286
v -0.492684 -1.835010 10.714286
v 0.000000 -1.900000 10.714286
v 0.950000 -1.645448 10.714286
v 1.647185 -0.946986 10.714286
v 1.835291 0.491638 10.714286
v -1.900000 0.000000 21.428571
v -1.835259 -0.491756 21.428571
v -0.491756 -1.835259 21.428571
v -0.950000 -1.645448 21.428571
v 0.491756 -1.835259 21.428571
v 1.343503 -1.343503 21.428571
v 1.835259 -0.491756 21.428571
v 1.900000 0.000000 21.428571
v 1.835404 0.491215 21.428571
v -1.343503 -1.343503 32.142857
v 0.491756 -1.835259 32.142857
v 1.343503 -1.343503 32.142857
v 1.645448 -0.950000 32.142857
v 1.835259 0.491756 32.142857
v 1.900000 -0.000000 32.142857
v 1.645448 0.950000 32.142857
v 0.950000 1.645448 32.142857
v -1.645448 0.950000 32.142857
v -1.343503 1.343503 32.142857
v -1.835259 -0.491756 32.142857
v 1.645071 -0.950652 42.857143
v 1.900000 -0.000000 42.857143
v 1.835259 -0.491756 42.857143
v 1.900000 -0.000000 64.285714
v 1.900000 -0.000000 53.571429
v 1.835259 0.491756 42.857143
v 1.835259 0.491756 53.571429
v 1.835259 0.491756 64.285714
v 1.645448 0.950000 42.857143
v 1.645448 0.950000 53.571429
v 1.645448 0.950000 64.285714
v 1.343503 1.343503 42.857143
v 1.343503 1.343503 53.571429
v 1.343503 1.343503 64.285714
v 0.950000 1.645448 42.857143
v 0.950000 1.645448 53.571429
v 0.950000 1.645448 64.285714
v 0.491756 1.835259 42.857143
v 0.491756 1.835259 53.571429
v 0.491756 1.835259 64.285714
v 0.000000 1.900000 42.857143
v 0.000000 1.900000 53.571429
v 0.000000 1.900000 64.285714
v -0.491756 1.835259 42.857143
v -0.491756 1.835259 53.571429
v -0.491756 1.835259 64.285714
v -0.950000 1.645448 42.857143
v -0.950000 1.645448 53.571429
v -0.950000 1.645448 64.285714
v -1.343503 1.343503 42.857143
v -1.343503 1.343503 53.571429
v -1.343503 1.343503 64.285714
v -1.645448 0.950000 42.857143
v -1.645448 0.950000 53.571429
v -1.645448 0.950000 64.285714
v -1.835259 0.491756 42.857143
v -1.835259 0.491756 53.571429
v -1.835259 0.491756 64.285714
v -1.835259 -0.491756 42.857143
v -1.835259 -0.491756 53.571429
v -1.835259 -0.491756 64.285714
v -1.645448 -0.950000 42.857143
v -1.645448 -0.950000 53.571429
v -1.645448 -0.950000 64.285714
v -1.343503 -1.343503 42.857143
v -1.343503 -1.343503 53.571429
v -1.343503 -1.343503 64.285714
v -0.950000 -1.645448 42.857143
v -0.950000 -1.645448 53.571429
v -0.950000 -1.645448 64.285714
v -0.491756 -1.835259 42.857143
v -0.491756 -1.835259 53.571429
v -0.491756 -1.835259 64.285714
v 0.000000 -1.900000 64.285714
v 0.491756 -1.835259 53.571429
v 0.491756 -1.835259 64.285714
v 0.950000 -1.645448 53.571429
v 0.950000 -1.645448 64.285714
v 1.343503 -1.343503 53.571429
v 1.343503 -1.343503 64.285714
v 1.645448 -0.950000 53.571429
v 1.645448 -0.950000 64.285714
v 1.835259 -0.491756 53.571429
v 1.835259 -0.491756 64.285714
v 0.491756 1.835259 10.714286
v 0.000000 1.900000 10.714286
v -0.491756 1.835259 10.714286
v -1.835259 0.491756 10.714286
v -1.900000 0.000000 10.714286
v -0.950000 -1.645448 10.714286
v 1.343503 -1.343503 10.714286
v 1.835259 -0.491756 10.714286
v 1.900000 0.000000 10.714286
v 1.645448 0.950000 10.714286
v 1.343503 1.343503 10.714286
v -1.645448 0.950000 21.428571
v -1.645448 -0.950000 21.428571
v -1.343503 -1.343503 21.428571
v 0.950000 -1.645448 21.428571
v 1.645448 0.950000 21.428571
v 1.343503 1.343503 21.428571
v 0.950000 1.645448 21.428571
v 0.000000 1.900000 21.428571
v -0.491756 1.835259 21.428571
v -0.950000 1.645448 21.428571
v -0.491756 -1.835259 32.142857
v 0.000000 -1.900000 32.142857
v 1.835259 -0.491756 32.142857
v 0.491756 1.835259 32.142857
v 0.000000 1.900000 32.142857
v -0.950000 1.645448 32.142857
v -1.835259 0.491756 32.142857
v -1.900000 0.000000 32.142857
v 0.491756 -1.835259 42.857143
v 0.950000 -1.645448 42.857143
v 1.343503 -1.343503 42.857143
v -1.500000 -0.000000 75.000000
v -1.448889 -0.388229 75.000000
v -1.299038 -0.750000 75.000000
v -1.060660 -1.060660 75.000000
v -0.750000 -1.299038 75.000000
v -0.388229 -1.448889 75.000000
v 0.000000 -1.500000 75.000000
v 0.388229 -1.448889 75.000000
v 0.750000 -1.299038 75.000000
v 1.060660 -1.060660 75.000000
v 1.299038 -0.750000 75.000000
v 1.448889 -0.388229 75.000000
v 1.500000 0.000000 75.000000
v 1.448889 0.388229 75.000000
v 1.299038 0.750000 75.000000
v 1.060660 1.060660 75.000000
v 0.750000 1.299038 75.000000
v 0.388229 1.448889 75.000000
v 0.000000 1.500000 75.000000
v -0.388229 1.448889 75.000000
v -0.750000 1.299038 75.000000
v -1.060660 1.060660 75.000000
v -1.299038 0.750000 75.000000
v -1.448889 0.388229 75.000000
v -1.500000 0.000000 66.666667
v -1.500000 0.000000 58.333333
v -1.500000 0.000000 50.000000
v -1.500000 0.000000 41.666667
v -1.500000 0.000000 33.333333
v -1.500000 0.000000 25.000000
v -1.500000 0.000000 16.666667
v -1.500000 0.000000 8.333333
v -1.448889 -0.388229 66.666667
v -1.448889 -0.388229 58.333333
v -1.448889 -0.388229 50.000000
v -1.448889 -0.388229 41.666667
v -1.448889 -0.388229 33.333333
v -1.448889 -0.388229 25.000000
v -1.448889 -0.388229 16.666667
v -1.448889 -0.388229 8.333333
v -1.299038 -0.750000 66.666667
v -1.299038 -0.750000 58.333333
v -1.299038 -0.750000 50.000000
v -1.299038 -0.750000 41.666667
v -1.299038 -0.750000 33.333333
v -1.299038 -0.750000 25.000000
v -1.299038 -0.750000 16.666667
v -1.299038 -0.750000 8.333333
v -1.060660 -1.060660 66.666667
v -1.060660 -1.060660 58.333333
v -1.060660 -1.060660 50.000000
v -1.060660 -1.060660 41.666667
v -1.060660 -1.060660 33.333333
v -1.060660 -1.060660 25.000000
v -1.060660 -1.060660 16.666667
v -1.060660 -1.060660 8.333333
v -0.750000 -1.299038 66.666667
v -0.750000 -1.299038 58.333333
v -0.750000 -1.299038 50.000000
v -0.750000 -1.299038 41.666667
v -0.750000 -1.299038 33.333333
v -0.750000 -1.299038 25.000000
v -0.750000 -1.299038 16.666667
v -0.750000 -1.299038 8.333333
v -0.388229 -1.448889 66.666667
v -0.388229 -1.448889 58.333333
v -0.388229 -1.448889 50.000000
v -0.388229 -1.448889 41.666667
v -0.388229 -1.448889 33.333333
v -0.388229 -1.448889 25.000000
v -0.388229 -1.448889 16.666667
v -0.388229 -1.448889 8.333333
v 0.000000 -1.500000 66.666667
v 0.000000 -1.500000 58.333333
v 0.000000 -1.500000 50.000000
v 0.000000 -1.500000 41.666667
v 0.000000 -1.500000 33.333333
v 0.000000 -1.500000 25.000000
v 0.000000 -1.500000 16.666667
v 0.000000 -1.500000 8.333333
v 0.388229 -1.448889 66.666667
v 0.388229 -1.448889 58.333333
v 0.388229 -1.448889 50.000000
v 0.388229 -1.448889 41.666667
v 0.388229 -1.448889 33.333333
v 0.388229 -1.448889 25.000000
v 0.388229 -1.448889 16.666667
v 0.388229 -1.448889 8.333333
v 0.750000 -1.299038 66.666667
v 0.750000 -1.299038 58.333333
v 0.750000 -1.299038 50.000000
v 0.750000 -1.299038 41.666667
v 0.750000 -1.299038 33.333333
v 0.750000 -1.299038 25.000000
v 0.750000 -1.299038 16.666667
v 0.750000 -1.299038 8.333333
v 1.060660 -1.060660 66.666667
v 1.060660 -1.060660 58.333333
v 1.060660 -1.060660 50.000000
v 1.060660 -1.060660 41.666667
v 1.060660 -1.060660 33.333333
v 1.060660 -1.060660 25.000000
v 1.060660 -1.060660 16.666667
v 1.060660 -1.060660 8.333333
v 1.299038 -0.750000 66.666667
v 1.299038 -0.750000 58.333333
v 1.299038 -0.750000 50.000000
v 1.299038 -0.750000 41.666667
v 1.299038 -0.750000 33.333333
v 1.299038 -0.750000 25.000000
v 1.299038 -0.750000 16.666667
v 1.299038 -0.750000 8.333333
v 1.448889 -0.388229 66.666667
v 1.448889 -0.388229 58.333333
v 1.448889 -0.388229 50.000000
v 1.448889 -0.388229 41.666667
v 1.448889 -0.388229 33.333333
v 1.448889 -0.388229 25.000000
v 1.448889 -0.388229 16.666667
v 1.448889 -0.388229 8.333333
v 1.500000 0.000000 66.666667
v 1.500000 0.000000 58.333333
v 1.500000 0.000000 50.000000
v 1.500000 0.000000 41.666667
v 1.500000 0.000000 33.333333
v 1.500000 0.000000 25.000000
v 1.500000 0.000000 16.666667
v 1.500000 0.000000 8.333333
v 1.448889 0.388229 66.666667
v 1.448889 0.388229 58.333333
v 1.448889 0.388229 50.000000
v 1.448889 0.388229 41.666667
v 1.448889 0.388229 33.333333
v 1.448889 0.388229 25.000000
v 1.448889 0.388229 16.666667
v 1.448889 0.388229 8.333333
v 1.299038 0.750000 66.666667
v 1.299038 0.750000 58.333333
v 1.299038 0.750000 50.000000
v 1.299038 0.750000 41.666667
v 1.299038 0.750000 33.333333
v 1.299038 0.750000 25.000000
v 1.299038 0.750000 16.666667
v 1.299038 0.750000 8.333333
v 1.060660 1.060660 66.666667
v 1.060660 1.060660 58.333333
v 1.060660 1.060660 50.000000
v 1.060660 1.060660 41.666667
v 1.060660 1.060660 33.333333
v 1.060660 1.060660 25.000000
v 1.060660 1.060660 16.666667
v 1.060660 1.060660 8.333333
v 0.750000 1.299038 66.666667
v 0.750000 1.299038 58.333333
v 0.750000 1.299038 50.000000
v 0.750000 1.299038 41.666667
v 0.750000 1.299038 33.333333
v 0.750000 1.299038 25.000000
v 0.750000 1.299038 16.666667
v 0.750000 1.299038 8.333333
v 0.388229 1.448889 66.666667
v 0.388229 1.448889 58.333333
v 0.388229 1.448889 50.000000
v 0.388229 1.448889 41.666667
v 0.388229 1.448889 33.333333
v 0.388229 1.448889 25.000000
v 0.388229 1.448889 16.666667
v 0.388229 1.448889 8.333333
v 0.000000 1.500000 66.666667
v 0.000000 1.500000 58.333333
v 0.000000 1.500000 50.000000
v 0.000000 1.500000 41.666667
v 0.000000 1.500000 33.333333
v 0.000000 1.500000 25.000000
v 0.000000 1.500000 16.666667
v 0.000000 1.500000 8.333333
v -0.388229 1.448889 66.666667
v -0.388229 1.448889 58.333333
v -0.388229 1.448889 50.000000
v -0.388229 1.448889 41.666667
v -0.388229 1.448889 33.333333
v -0.388229 1.448889 25.000000
v -0.388229 1.448889 16.666667
v -0.388229 1.448889 8.333333
v -0.750000 1.299038 66.666667
v -0.750000 1.299038 58.333333
v -0.750000 1.299038 50.000000
v -0.750000 1.299038 41.666667
v -0.750000 1.299038 33.333333
v -0.750000 1.299038 25.000000
v -0.750000 1.299038 16.666667
v -0.750000 1.299038 8.333333
v -1.060660 1.060660 66.666667
v -1.060660 1.060660 58.333333
v -1.060660 1.060660 50.000000
v -1.060660 1.060660 41.666667
v -1.060660 1.060660 33.333333
v -1.060660 1.060660 25.000000
v -1.060660 1.060660 16.666667
v -1.060660 1.060660 8.333333
v -1.299038 0.750000 66.666667
v -1.299038 0.750000 58.333333
v -1.299038 0.750000 50.000000
v -1.299038 0.750000 41.666667
v -1.299038 0.750000 33.333333
v -1.299038 0.750000 25.000000
v -1.299038 0.750000 16.666667
v -1.299038 0.750000 8.333333
v -1.448889 0.388229 66.666667
v -1.448889 0.388229 58.333333
v -1.448889 0.388229 50.000000
v -1.448889 0.388229 41.666667
v -1.448889 0.388229 33.333333
v -1.448889 0.388229 25.000000
v -1.448889 0.388229 16.666667
v -1.448889 0.388229 8.333333
vt 0.000000 9.850259 0.000000
vt 0.000000 7.425195 0.000000
vt 0.580072 9.968982 0.000000
vt 0.580072 4.963393 0.000000
vt 0.000000 5.000131 0.000000
vt 0.000000 2.575068 0.000000
vt -0.000000 0.150004 0.000000
vt 0.580072 -0.042196 0.000000
vt 0.574507 -0.041220 0.000000
vt 0.524663 0.347794 0.000000
vt 0.000000 0.200406 0.000000
vt 0.527841 0.289557 0.000000
vt 0.263920 0.204581 0.000000
vt 0.263920 0.146129 0.000000
vt 0.000000 0.150304 0.000000
vt 0.527841 0.001125 0.000000
vt -4.850000 -0.025000 0.000000
vt -2.425000 -0.025000 0.000000
vt -4.850000 0.025000 0.000000
vt 0.000000 0.025000 0.000000
vt -0.000000 -0.025000 0.000000
vt 2.425000 -0.025000 0.000000
vt 4.850000 -0.025000 0.000000
vt 4.850000 0.025000 0.000000
vt 0.000000 0.200021 0.000000
vt 0.000000 0.150016 0.000000
vt 0.260031 0.098229 0.000000
vt 0.449906 -0.251068 0.000000
vt 0.520061 0.059569 0.000000
vt 0.520061 -0.290342 0.000000
vt 0.449758 0.098956 0.000000
vt 0.000000 0.150004 0.000000
vt 0.456561 0.022528 0.000000
vt 0.228281 0.833355 0.000000
vt 0.456561 5.010580 0.000000
vt 0.228281 5.833485 0.000000
vt 0.228281 7.916873 0.000000
vt 0.000000 5.000130 0.000000
vt 0.000000 9.850257 0.000000
vt 0.228281 8.957752 0.000000
vt 0.456560 9.998632 0.000000
vt 0.456561 9.998632 0.000000
vt -0.291286 1.038853 0.000000
vt -0.290157 0.501182 0.000000
vt -0.175000 0.745499 0.000000
vt -0.000000 0.499203 0.000000
vt -0.000000 0.499204 0.000000
vt -0.000000 1.012878 0.000000
vt -0.175000 1.136025 0.000000
vt -0.350000 1.526551 0.000000
vt 0.000000 1.526551 0.000000
vt -5.007831 0.500853 0.000000
vt -8.750000 1.524786 0.000000
vt -9.999995 1.477546 0.000000
vt -8.750000 2.900023 0.000000
vt -9.999993 2.998200 0.000000
vt -8.750000 3.709592 0.000000
vt -10.000000 4.519160 0.000000
vt -7.500000 3.709592 0.000000
vt -5.000000 3.709592 0.000000
vt -5.000000 2.900023 0.000000
vt -2.500000 2.900023 0.000000
vt -2.500000 1.524786 0.000000
vt 0.000000 2.429707 0.000000
vt -0.000000 1.384972 0.000000
vt -2.500000 0.499423 0.000000
vt -0.020851 0.294728 0.000000
vt -5.000000 1.524786 0.000000
vt -7.500000 1.524786 0.000000
vt -7.500000 2.900023 0.000000
vt -0.000000 0.340258 0.000000
vt 0.000000 3.474433 0.000000
vt -2.500000 3.709592 0.000000
vt 0.000000 4.519160 0.000000
vt -0.350000 2.354409 0.000000
vt -0.350000 0.578428 0.000000
vt -0.175000 0.850892 0.000000
vt -0.000000 0.578467 0.000000
vt -0.000001 2.354440 0.000000
vt -0.175000 2.592090 0.000000
vt 0.000000 4.130447 0.000000
vt -0.175000 4.933039 0.000000
vt 0.000000 5.906440 0.000000
vt -0.350000 7.682433 0.000000
vt 0.000000 7.682433 0.000000
vt -0.350000 5.906430 0.000000
vt -0.350000 4.130426 0.000000
vt -1.448889 -0.388229 0.000000
vt 1.448889 -0.388229 0.000000
vt -1.500000 -0.000000 0.000000
vt 1.500000 0.000000 0.000000
vt -1.448889 0.388229 0.000000
vt 1.448889 0.388229 0.000000
vt -1.299038 0.750000 0.000000
vt 1.299038 0.750000 0.000000
vt -1.060660 1.060660 0.000000
vt 1.060660 1.060660 0.000000
vt -0.750000 1.299038 0.000000
vt 0.750000 1.299038 0.000000
vt -0.388229 1.448889 0.000000
vt 0.388229 1.448889 0.000000
vt 0.000000 1.500000 0.000000
vt 1.299038 -0.750000 0.000000
vt -1.299038 -0.750000 0.000000
vt 1.060660 -1.060660 0.000000
vt -1.060660 -1.060660 0.000000
vt 0.750000 -1.299038 0.000000
vt -0.750000 -1.299038 0.000000
vt 0.388229 -1.448889 0.000000
vt -0.388229 -1.448889 0.000000
vt 0.000000 -1.500000 0.000000
vt -0.000000 0.248709 0.000000
vt -3.140064 0.248709 0.000000
vt 0.000000 -0.000000 0.000000
vt 0.000000 0.746128 0.000000
vt -3.140064 0.746128 0.000000
vt -0.000000 0.497419 0.000000
vt -0.000000 1.243547 0.000000
vt -3.140064 1.243547 0.000000
vt -0.000000 0.994838 0.000000
vt -0.000000 1.740966 0.000000
vt -3.140064 1.740966 0.000000
vt -0.000000 1.492257 0.000000
vt -0.000000 2.238385 0.000000
vt -3.140064 2.238385 0.000000
vt -0.000000 1.989675 0.000000
vt -0.000000 2.735804 0.000000
vt -3.140064 2.735804 0.000000
vt -0.000000 2.487094 0.000000
vt -0.000000 -2.735804 0.000000
vt -3.140064 -2.735804 0.000000
vt -0.000000 -2.984513 0.000000
vt 0.000000 -2.238385 0.000000
vt -3.140064 -2.238385 0.000000
vt -0.000000 -2.487094 0.000000
vt -0.000000 -1.740966 0.000000
vt -3.140064 -1.740966 0.000000
vt -0.000000 -1.989675 0.000000
vt -0.000000 -1.243547 0.000000
vt -3.140064 -1.243547 0.000000
vt -0.000000 -1.492257 0.000000
vt -0.000000 -0.746128 0.000000
vt -3.140064 -0.746128 0.000000
vt -0.000000 -0.994838 0.000000
vt -0.000000 -0.248709 0.000000
vt -3.140064 -0.248709 0.000000
vt 0.000000 -0.497419 0.000000
vt -0.000000 2.984513 0.000000
vt -3.140064 2.984513 0.000000
vt -3.140064 0.994838 0.000000
vt -3.140064 -0.994838 0.000000
vt -3.140064 2.487094 0.000000
vt -3.140064 1.989675 0.000000
vt -3.140064 1.492257 0.000000
vt -3.140064 0.497419 0.000000
vt -3.140064 0.000000 0.000000
vt -3.140064 -0.497419 0.000000
vt -3.140064 -1.492257 0.000000
vt -3.140064 -1.989675 0.000000
vt -3.140064 -2.487094 0.000000
vt -9.979204 0.294659 0.000000
vt -4.980892 0.501889 0.000000
vt -10.000000 0.340071 0.000000
vt -5.000000 1.010800 0.000000
vt -10.000000 1.384133 0.000000
vt -5.000000 1.523843 0.000000
vt -5.000000 2.210867 0.000000
vt -3.750000 1.523843 0.000000
vt -3.750000 2.210867 0.000000
vt -2.500000 1.523843 0.000000
vt -2.500000 2.210867 0.000000
vt -1.250000 1.523843 0.000000
vt -1.250000 2.210867 0.000000
vt -0.000645 1.488107 0.000000
vt -0.000656 3.002554 0.000000
vt -2.500000 1.010800 0.000000
vt -3.750000 1.010800 0.000000
vt -1.250000 2.897890 0.000000
vt 0.000000 4.516365 0.000000
vt -2.500000 2.897890 0.000000
vt -3.750000 2.897890 0.000000
vt -10.000000 4.516365 0.000000
vt -5.000000 2.897890 0.000000
vt -10.000000 3.472290 0.000000
vt -10.000000 2.428216 0.000000
vt -0.000828 6.774259 0.000000
vt -1.250000 5.527144 0.000000
vt 0.000000 4.516547 0.000000
vt -1.250000 5.014209 0.000000
vt -2.500000 5.014209 0.000000
vt -2.500000 5.527144 0.000000
vt -3.750000 5.527144 0.000000
vt -3.750000 6.040079 0.000000
vt -5.000000 6.040079 0.000000
vt -5.000000 7.413804 0.000000
vt -7.500000 7.413804 0.000000
vt -10.000000 9.031989 0.000000
vt -10.000000 7.903129 0.000000
vt 0.000000 9.031989 0.000000
vt -1.250000 7.413804 0.000000
vt -1.250000 6.040079 0.000000
vt -2.500000 6.040079 0.000000
vt -3.750000 7.413804 0.000000
vt -2.500000 7.413804 0.000000
vt -10.000000 6.774268 0.000000
vt -7.500000 6.040079 0.000000
vt -5.000000 5.527144 0.000000
vt -3.750000 5.014209 0.000000
vt -10.000000 5.645408 0.000000
vt -7.500000 5.527144 0.000000
vt -5.000000 5.014209 0.000000
vt -7.500000 5.014209 0.000000
vt -10.000000 4.516547 0.000000
vt -0.000827 11.289259 0.000000
vt -1.250000 10.042435 0.000000
vt 0.000000 9.032068 0.000000
vt -1.250000 9.529622 0.000000
vt -2.500000 9.529622 0.000000
vt -2.500000 10.042435 0.000000
vt -3.750000 10.042435 0.000000
vt -3.750000 10.555248 0.000000
vt -5.000000 10.555248 0.000000
vt -5.000000 11.928650 0.000000
vt -7.500000 11.928650 0.000000
vt -10.000000 13.546467 0.000000
vt -10.000000 12.417867 0.000000
vt 0.000000 13.546467 0.000000
vt -1.250000 11.928650 0.000000
vt -1.250000 10.555248 0.000000
vt -2.500000 10.555248 0.000000
vt -3.750000 11.928650 0.000000
vt -2.500000 11.928650 0.000000
vt -10.000000 11.289268 0.000000
vt -7.500000 10.555248 0.000000
vt -5.000000 10.042435 0.000000
vt -3.750000 9.529622 0.000000
vt -10.000000 10.160668 0.000000
vt -7.500000 10.042435 0.000000
vt -5.000000 9.529622 0.000000
vt -7.500000 9.529622 0.000000
vt -10.000000 9.032068 0.000000
vt -0.000826 15.803166 0.000000
vt -1.250000 14.556634 0.000000
vt 0.000000 13.546500 0.000000
vt -1.250000 14.043942 0.000000
vt -2.500000 14.043942 0.000000
vt -2.500000 14.556634 0.000000
vt -3.750000 14.556634 0.000000
vt -3.750000 15.069326 0.000000
vt -5.000000 15.069326 0.000000
vt -5.000000 16.442414 0.000000
vt -7.500000 16.442414 0.000000
vt -10.000000 18.059850 0.000000
vt -10.000000 16.931513 0.000000
vt 0.000000 18.059850 0.000000
vt -1.250000 16.442414 0.000000
vt -1.250000 15.069326 0.000000
vt -2.500000 15.069326 0.000000
vt -3.750000 16.442414 0.000000
vt -2.500000 16.442414 0.000000
vt -10.000000 15.803175 0.000000
vt -7.500000 15.069326 0.000000
vt -5.000000 14.556634 0.000000
vt -3.750000 14.043942 0.000000
vt -10.000000 14.674837 0.000000
vt -7.500000 14.556634 0.000000
vt -5.000000 14.043942 0.000000
vt -7.500000 14.043942 0.000000
vt -10.000000 13.546500 0.000000
vt -0.000826 20.316011 0.000000
vt -1.250000 19.069767 0.000000
vt 0.000000 18.059861 0.000000
vt -1.250000 18.557195 0.000000
vt -2.500000 18.557195 0.000000
vt -2.500000 19.069767 0.000000
vt -3.750000 19.069767 0.000000
vt -3.750000 19.582339 0.000000
vt -5.000000 19.582339 0.000000
vt -5.000000 20.955122 0.000000
vt -7.500000 20.955122 0.000000
vt -10.000000 22.572179 0.000000
vt -10.000000 21.444100 0.000000
vt 0.000000 22.572179 0.000000
vt -1.250000 20.955122 0.000000
vt -1.250000 19.582339 0.000000
vt -2.500000 19.582339 0.000000
vt -3.750000 20.955122 0.000000
vt -2.500000 20.955122 0.000000
vt -10.000000 20.316020 0.000000
vt -7.500000 19.582339 0.000000
vt -5.000000 19.069767 0.000000
vt -3.750000 18.557195 0.000000
vt -10.000000 19.187940 0.000000
vt -7.500000 19.069767 0.000000
vt -5.000000 18.557195 0.000000
vt -7.500000 18.557195 0.000000
vt -10.000000 18.059861 0.000000
vt -0.000825 24.827825 0.000000
vt -1.250000 23.581862 0.000000
vt 0.000000 22.572181 0.000000
vt -1.250000 23.069407 0.000000
vt -2.500000 23.069407 0.000000
vt -2.500000 23.581862 0.000000
vt -3.750000 23.581862 0.000000
vt -3.750000 24.094317 0.000000
vt -5.000000 24.094317 0.000000
vt -5.000000 25.466802 0.000000
vt -7.500000 25.466802 0.000000
vt -10.000000 27.083487 0.000000
vt -10.000000 25.955661 0.000000
vt 0.000000 27.083487 0.000000
vt -1.250000 25.466802 0.000000
vt -1.250000 24.094317 0.000000
vt -2.500000 24.094317 0.000000
vt -3.750000 25.466802 0.000000
vt -2.500000 25.466802 0.000000
vt -10.000000 24.827834 0.000000
vt -7.500000 24.094317 0.000000
vt -5.000000 23.581862 0.000000
vt -3.750000 23.069407 0.000000
vt -10.000000 23.700008 0.000000
vt -7.500000 23.581862 0.000000
vt -5.000000 23.069407 0.000000
vt -7.500000 23.069407 0.000000
vt -10.000000 22.572181 0.000000
vt -0.000824 29.338636 0.000000
vt -1.250000 28.092948 0.000000
vt 0.000000 27.083486 0.000000
vt -1.250000 27.580608 0.000000
vt -2.500000 27.580608 0.000000
vt -2.500000 28.092948 0.000000
vt -3.750000 28.092948 0.000000
vt -3.750000 28.605289 0.000000
vt -5.000000 28.605289 0.000000
vt -5.000000 29.977482 0.000000
vt -7.500000 29.977482 0.000000
vt -10.000000 31.593804 0.000000
vt -10.000000 30.466224 0.000000
vt 0.000000 31.593804 0.000000
vt -1.250000 29.977482 0.000000
vt -1.250000 28.605289 0.000000
vt -2.500000 28.605289 0.000000
vt -3.750000 29.977482 0.000000
vt -2.500000 29.977482 0.000000
vt -10.000000 29.338645 0.000000
vt -7.500000 28.605289 0.000000
vt -5.000000 28.092948 0.000000
vt -3.750000 27.580608 0.000000
vt -10.000000 28.211065 0.000000
vt -7.500000 28.092948 0.000000
vt -5.000000 27.580608 0.000000
vt -7.500000 27.580608 0.000000
vt -10.000000 27.083486 0.000000
vt -0.000823 33.848468 0.000000
vt -1.250000 32.603049 0.000000
vt 0.000000 31.593800 0.000000
vt -1.250000 32.090820 0.000000
vt -2.500000 32.090820 0.000000
vt -2.500000 32.603049 0.000000
vt -3.750000 32.603049 0.000000
vt -3.750000 33.115277 0.000000
vt -5.000000 33.115277 0.000000
vt -5.000000 34.487187 0.000000
vt -7.500000 34.487187 0.000000
vt -10.000000 36.103153 0.000000
vt -10.000000 34.975815 0.000000
vt 0.000000 36.103153 0.000000
vt -1.250000 34.487187 0.000000
vt -1.250000 33.115277 0.000000
vt -2.500000 33.115277 0.000000
vt -3.750000 34.487187 0.000000
vt -2.500000 34.487187 0.000000
vt -10.000000 33.848476 0.000000
vt -7.500000 33.115277 0.000000
vt -5.000000 32.603049 0.000000
vt -3.750000 32.090820 0.000000
vt -10.000000 32.721138 0.000000
vt -7.500000 32.603049 0.000000
vt -5.000000 32.090820 0.000000
vt -7.500000 32.090820 0.000000
vt -10.000000 31.593800 0.000000
vt -0.000823 38.357345 0.000000
vt -1.250000 37.112188 0.000000
vt 0.000000 36.103149 0.000000
vt -1.250000 36.600068 0.000000
vt -2.500000 36.600068 0.000000
vt -2.500000 37.112188 0.000000
vt -3.750000 37.112188 0.000000
vt -3.750000 37.624308 0.000000
vt -5.000000 37.624308 0.000000
vt -5.000000 38.995939 0.000000
vt -7.500000 38.995939 0.000000
vt -10.000000 40.611558 0.000000
vt -10.000000 39.484456 0.000000
vt 0.000000 40.611558 0.000000
vt -1.250000 38.995939 0.000000
vt -1.250000 37.624308 0.000000
vt -2.500000 37.624308 0.000000
vt -3.750000 38.995939 0.000000
vt -2.500000 38.995939 0.000000
vt -10.000000 38.357354 0.000000
vt -7.500000 37.624308 0.000000
vt -5.000000 37.112188 0.000000
vt -3.750000 36.600068 0.000000
vt -10.000000 37.230251 0.000000
vt -7.500000 37.112188 0.000000
vt -5.000000 36.600068 0.000000
vt -7.500000 36.600068 0.000000
vt -10.000000 36.103149 0.000000
vt -0.000822 42.865291 0.000000
vt -1.250000 41.620390 0.000000
vt 0.000000 40.611554 0.000000
vt -1.250000 41.108376 0.000000
vt -2.500000 41.108376 0.000000
vt -2.500000 41.620390 0.000000
vt -3.750000 41.620390 0.000000
vt -3.750000 42.132403 0.000000
vt -5.000000 42.132403 0.000000
vt -5.000000 43.503764 0.000000
vt -7.500000 43.503764 0.000000
vt -10.000000 45.119045 0.000000
vt -10.000000 43.992172 0.000000
vt 0.000000 45.119045 0.000000
vt -1.250000 43.503764 0.000000
vt -1.250000 42.132403 0.000000
vt -2.500000 42.132403 0.000000
vt -3.750000 43.503764 0.000000
vt -2.500000 43.503764 0.000000
vt -10.000000 42.865299 0.000000
vt -7.500000 42.132403 0.000000
vt -5.000000 41.620390 0.000000
vt -3.750000 41.108376 0.000000
vt -10.000000 41.738427 0.000000
vt -7.500000 41.620390 0.000000
vt -5.000000 41.108376 0.000000
vt -7.500000 41.108376 0.000000
vt -10.000000 40.611554 0.000000
vt -0.000821 47.372329 0.000000
vt -1.250000 46.127677 0.000000
vt 0.000000 45.119040 0.000000
vt -1.250000 45.615767 0.000000
vt -2.500000 45.615767 0.000000
vt -2.500000 46.127677 0.000000
vt -3.750000 46.127677 0.000000
vt -3.750000 46.639587 0.000000
vt -5.000000 46.639587 0.000000
vt -5.000000 48.010684 0.000000
vt -7.500000 48.010684 0.000000
vt -10.000000 49.625635 0.000000
vt -10.000000 48.498986 0.000000
vt 0.000000 49.625635 0.000000
vt -1.250000 48.010684 0.000000
vt -1.250000 46.639587 0.000000
vt -2.500000 46.639587 0.000000
vt -3.750000 48.010684 0.000000
vt -2.500000 48.010684 0.000000
vt -10.000000 47.372338 0.000000
vt -7.500000 46.639587 0.000000
vt -5.000000 46.127677 0.000000
vt -3.750000 45.615767 0.000000
vt -10.000000 46.245689 0.000000
vt -7.500000 46.127677 0.000000
vt -5.000000 45.615767 0.000000
vt -7.500000 45.615767 0.000000
vt -10.000000 45.119040 0.000000
vt -0.000821 51.878483 0.000000
vt -1.250000 50.634074 0.000000
vt 0.000000 49.625631 0.000000
vt -1.250000 50.122265 0.000000
vt -2.500000 50.122265 0.000000
vt -2.500000 50.634074 0.000000
vt -3.750000 50.634074 0.000000
vt -3.750000 51.145883 0.000000
vt -5.000000 51.145883 0.000000
vt -5.000000 52.516723 0.000000
vt -7.500000 52.516723 0.000000
vt -10.000000 54.131353 0.000000
vt -10.000000 53.004922 0.000000
vt 0.000000 54.131353 0.000000
vt -1.250000 52.516723 0.000000
vt -1.250000 51.145883 0.000000
vt -2.500000 51.145883 0.000000
vt -3.750000 52.516723 0.000000
vt -2.500000 52.516723 0.000000
vt -10.000000 51.878492 0.000000
vt -7.500000 51.145883 0.000000
vt -5.000000 50.634074 0.000000
vt -3.750000 50.122265 0.000000
vt -10.000000 50.752061 0.000000
vt -7.500000 50.634074 0.000000
vt -5.000000 50.122265 0.000000
vt -7.500000 50.122265 0.000000
vt -10.000000 49.625631 0.000000
vt -0.000820 56.383778 0.000000
vt -1.250000 55.139606 0.000000
vt 0.000000 54.131350 0.000000
vt -1.250000 54.627895 0.000000
vt -2.500000 54.627895 0.000000
vt -2.500000 55.139606 0.000000
vt -3.750000 55.139606 0.000000
vt -3.750000 55.651316 0.000000
vt -5.000000 55.651316 0.000000
vt -5.000000 57.021906 0.000000
vt -7.500000 57.021906 0.000000
vt -10.000000 58.636223 0.000000
vt -10.000000 57.510005 0.000000
vt 0.000000 58.636223 0.000000
vt -1.250000 57.021906 0.000000
vt -1.250000 55.651316 0.000000
vt -2.500000 55.651316 0.000000
vt -3.750000 57.021906 0.000000
vt -2.500000 57.021906 0.000000
vt -10.000000 56.383787 0.000000
vt -7.500000 55.651316 0.000000
vt -5.000000 55.139606 0.000000
vt -3.750000 54.627895 0.000000
vt -10.000000 55.257569 0.000000
vt -7.500000 55.139606 0.000000
vt -5.000000 54.627895 0.000000
vt -7.500000 54.627895 0.000000
vt -10.000000 54.131350 0.000000
vt -0.000820 60.888245 0.000000
vt -1.250000 59.644302 0.000000
vt 0.000000 58.636230 0.000000
vt -1.250000 59.132687 0.000000
vt -2.500000 59.132687 0.000000
vt -2.500000 59.644302 0.000000
vt -3.750000 59.644302 0.000000
vt -3.750000 60.155917 0.000000
vt -5.000000 60.155917 0.000000
vt -5.000000 61.526263 0.000000
vt -7.500000 61.526263 0.000000
vt -10.000000 63.140277 0.000000
vt -10.000000 62.014265 0.000000
vt 0.000000 63.140277 0.000000
vt -1.250000 61.526263 0.000000
vt -1.250000 60.155917 0.000000
vt -2.500000 60.155917 0.000000
vt -3.750000 61.526263 0.000000
vt -2.500000 61.526263 0.000000
vt -10.000000 60.888254 0.000000
vt -7.500000 60.155917 0.000000
vt -5.000000 59.644302 0.000000
vt -3.750000 59.132687 0.000000
vt -10.000000 59.762242 0.000000
vt -7.500000 59.644302 0.000000
vt -5.000000 59.132687 0.000000
vt -7.500000 59.132687 0.000000
vt -10.000000 58.636230 0.000000
vt -0.000819 65.391933 0.000000
vt -1.250000 64.148213 0.000000
vt 0.000000 63.140319 0.000000
vt -1.250000 63.636691 0.000000
vt -2.500000 63.636691 0.000000
vt -2.500000 64.148213 0.000000
vt -3.750000 64.148213 0.000000
vt -3.750000 64.659736 0.000000
vt -5.000000 64.659736 0.000000
vt -5.000000 66.029844 0.000000
vt -7.500000 66.029844 0.000000
vt -10.000000 67.643566 0.000000
vt -10.000000 66.517754 0.000000
vt 0.000000 67.643566 0.000000
vt -1.250000 66.029844 0.000000
vt -1.250000 64.659736 0.000000
vt -2.500000 64.659736 0.000000
vt -3.750000 66.029844 0.000000
vt -2.500000 66.029844 0.000000
vt -10.000000 65.391942 0.000000
vt -7.500000 64.659736 0.000000
vt -5.000000 64.148213 0.000000
vt -3.750000 63.636691 0.000000
vt -10.000000 64.266130 0.000000
vt -7.500000 64.148213 0.000000
vt -5.000000 63.636691 0.000000
vt -7.500000 63.636691 0.000000
vt -10.000000 63.140319 0.000000
vt -0.000818 69.894948 0.000000
vt -1.250000 68.651441 0.000000
vt 0.000000 67.643718 0.000000
vt -1.250000 68.140008 0.000000
vt -2.500000 68.140008 0.000000
vt -2.500000 68.651441 0.000000
vt -3.750000 68.651441 0.000000
vt -3.750000 69.162875 0.000000
vt -5.000000 69.162875 0.000000
vt -5.000000 70.532746 0.000000
vt -7.500000 70.532746 0.000000
vt -10.000000 72.146195 0.000000
vt -10.000000 71.020576 0.000000
vt 0.000000 72.146195 0.000000
vt -1.250000 70.532746 0.000000
vt -1.250000 69.162875 0.000000
vt -2.500000 69.162875 0.000000
vt -3.750000 70.532746 0.000000
vt -2.500000 70.532746 0.000000
vt -10.000000 69.894956 0.000000
vt -7.500000 69.162875 0.000000
vt -5.000000 68.651441 0.000000
vt -3.750000 68.140008 0.000000
vt -10.000000 68.769337 0.000000
vt -7.500000 68.651441 0.000000
vt -5.000000 68.140008 0.000000
vt -7.500000 68.140008 0.000000
vt -10.000000 67.643718 0.000000
vt -0.000525 73.313281 0.000000
vt -1.250000 72.660368 0.000000
vt 0.000000 72.146900 0.000000
vt -2.500000 72.660368 0.000000
vt -3.750000 72.660368 0.000000
vt -3.750000 73.190613 0.000000
vt -5.000000 73.190613 0.000000
vt -5.000000 73.720857 0.000000
vt -7.500000 73.720857 0.000000
vt -7.500000 75.138524 0.000000
vt -10.000000 74.479347 0.000000
vt -10.000000 75.645570 0.000000
vt -10.000000 76.811793 0.000000
vt -5.000000 75.138524 0.000000
vt -3.750000 75.138524 0.000000
vt -3.750000 73.720857 0.000000
vt -2.500000 73.720857 0.000000
vt -2.500000 73.190613 0.000000
vt -1.250000 73.190613 0.000000
vt -1.250000 73.720857 0.000000
vt -0.000943 74.479336 0.000000
vt -1.250000 75.138524 0.000000
vt -0.000525 75.645403 0.000000
vt -2.500000 75.138524 0.000000
vt 0.000000 76.811793 0.000000
vt -10.000000 73.313123 0.000000
vt -7.500000 73.190613 0.000000
vt -5.000000 72.660368 0.000000
vt -7.500000 72.660368 0.000000
vt -10.000000 72.146900 0.000000
vt -0.000843 79.079282 0.000000
vt -1.250000 77.826430 0.000000
vt 0.000000 76.811261 0.000000
vt -1.250000 77.311110 0.000000
vt -2.500000 77.311110 0.000000
vt -2.500000 77.826430 0.000000
vt -3.750000 77.826430 0.000000
vt -3.750000 78.341749 0.000000
vt -5.000000 78.341749 0.000000
vt -5.000000 79.721519 0.000000
vt -7.500000 79.721519 0.000000
vt -10.000000 81.347322 0.000000
vt -10.000000 80.213307 0.000000
vt 0.000000 81.347322 0.000000
vt -1.250000 79.721519 0.000000
vt -1.250000 78.341749 0.000000
vt -2.500000 78.341749 0.000000
vt -3.750000 79.721519 0.000000
vt -2.500000 79.721519 0.000000
vt -10.000000 79.079291 0.000000
vt -7.500000 78.341749 0.000000
vt -5.000000 77.826430 0.000000
vt -3.750000 77.311110 0.000000
vt -10.000000 77.945276 0.000000
vt -7.500000 77.826430 0.000000
vt -5.000000 77.311110 0.000000
vt -7.500000 77.311110 0.000000
vt -10.000000 76.811261 0.000000
vt -0.000841 83.613734 0.000000
vt -1.250000 82.361694 0.000000
vt 0.000000 81.347172 0.000000
vt -1.250000 81.846712 0.000000
vt -2.500000 81.846712 0.000000
vt -2.500000 82.361694 0.000000
vt -3.750000 82.361694 0.000000
vt -3.750000 82.876676 0.000000
vt -5.000000 82.876676 0.000000
vt -5.000000 84.255589 0.000000
vt -7.500000 84.255589 0.000000
vt -10.000000 85.880314 0.000000
vt -10.000000 84.747028 0.000000
vt 0.000000 85.880314 0.000000
vt -1.250000 84.255589 0.000000
vt -1.250000 82.876676 0.000000
vt -2.500000 82.876676 0.000000
vt -3.750000 84.255589 0.000000
vt -2.500000 84.255589 0.000000
vt -10.000000 83.613743 0.000000
vt -7.500000 82.876676 0.000000
vt -5.000000 82.361694 0.000000
vt -3.750000 81.846712 0.000000
vt -10.000000 82.480458 0.000000
vt -7.500000 82.361694 0.000000
vt -5.000000 81.846712 0.000000
vt -7.500000 81.846712 0.000000
vt -10.000000 81.347172 0.000000
vt -0.000839 88.145387 0.000000
vt -1.250000 86.894131 0.000000
vt 0.000000 85.880234 0.000000
vt -1.250000 86.379475 0.000000
vt -2.500000 86.379475 0.000000
vt -2.500000 86.894131 0.000000
vt -3.750000 86.894131 0.000000
vt -3.750000 87.408787 0.000000
vt -5.000000 87.408787 0.000000
vt -5.000000 88.786873 0.000000
vt -7.500000 88.786873 0.000000
vt -10.000000 90.410559 0.000000
vt -10.000000 89.277978 0.000000
vt 0.000000 90.410559 0.000000
vt -1.250000 88.786873 0.000000
vt -1.250000 87.408787 0.000000
vt -2.500000 87.408787 0.000000
vt -3.750000 88.786873 0.000000
vt -2.500000 88.786873 0.000000
vt -10.000000 88.145396 0.000000
vt -7.500000 87.408787 0.000000
vt -5.000000 86.894131 0.000000
vt -3.750000 86.379475 0.000000
vt -10.000000 87.012815 0.000000
vt -7.500000 86.894131 0.000000
vt -5.000000 86.379475 0.000000
vt -7.500000 86.379475 0.000000
vt -10.000000 85.880234 0.000000
vt -0.000837 92.674279 0.000000
vt -1.250000 91.423780 0.000000
vt 0.000000 90.410485 0.000000
vt -1.250000 90.909438 0.000000
vt -2.500000 90.909438 0.000000
vt -2.500000 91.423780 0.000000
vt -3.750000 91.423780 0.000000
vt -3.750000 91.938121 0.000000
vt -5.000000 91.938121 0.000000
vt -5.000000 93.315407 0.000000
vt -7.500000 93.315407 0.000000
vt -10.000000 94.938091 0.000000
vt -10.000000 93.806189 0.000000
vt 0.000000 94.938091 0.000000
vt -1.250000 93.315407 0.000000
vt -1.250000 91.938121 0.000000
vt -2.500000 91.938121 0.000000
vt -3.750000 93.315407 0.000000
vt -2.500000 93.315407 0.000000
vt -10.000000 92.674288 0.000000
vt -7.500000 91.938121 0.000000
vt -5.000000 91.423780 0.000000
vt -3.750000 90.909438 0.000000
vt -10.000000 91.542386 0.000000
vt -7.500000 91.423780 0.000000
vt -5.000000 90.909438 0.000000
vt -7.500000 90.909438 0.000000
vt -10.000000 90.410485 0.000000
vt -0.000835 97.200423 0.000000
vt -1.250000 95.950655 0.000000
vt 0.000000 94.937942 0.000000
vt -1.250000 95.436617 0.000000
vt -2.500000 95.436617 0.000000
vt -2.500000 95.950655 0.000000
vt -3.750000 95.950655 0.000000
vt -3.750000 96.464692 0.000000
vt -5.000000 96.464692 0.000000
vt -5.000000 97.841209 0.000000
vt -7.500000 97.841209 0.000000
vt -10.000000 99.462923 0.000000
vt -10.000000 98.331677 0.000000
vt 0.000000 99.462923 0.000000
vt -1.250000 97.841209 0.000000
vt -1.250000 96.464692 0.000000
vt -2.500000 96.464692 0.000000
vt -3.750000 97.841209 0.000000
vt -2.500000 97.841209 0.000000
vt -10.000000 97.200432 0.000000
vt -7.500000 96.464692 0.000000
vt -5.000000 95.950655 0.000000
vt -3.750000 95.436617 0.000000
vt -10.000000 96.069187 0.000000
vt -7.500000 95.950655 0.000000
vt -5.000000 95.436617 0.000000
vt -7.500000 95.436617 0.000000
vt -10.000000 94.937942 0.000000
vt -0.000833 101.723682 0.000000
vt -1.250000 100.474621 0.000000
vt 0.000000 99.462472 0.000000
vt -1.250000 99.960879 0.000000
vt -2.500000 99.960879 0.000000
vt -2.500000 100.474621 0.000000
vt -3.750000 100.474621 0.000000
vt -3.750000 100.988364 0.000000
vt -5.000000 100.988364 0.000000
vt -5.000000 102.364145 0.000000
vt -7.500000 102.364145 0.000000
vt -10.000000 103.984910 0.000000
vt -10.000000 102.854301 0.000000
vt 0.000000 103.984910 0.000000
vt -1.250000 102.364145 0.000000
vt -1.250000 100.988364 0.000000
vt -2.500000 100.988364 0.000000
vt -3.750000 102.364145 0.000000
vt -2.500000 102.364145 0.000000
vt -10.000000 101.723691 0.000000
vt -7.500000 100.988364 0.000000
vt -5.000000 100.474621 0.000000
vt -3.750000 99.960879 0.000000
vt -10.000000 100.593081 0.000000
vt -7.500000 100.474621 0.000000
vt -5.000000 99.960879 0.000000
vt -7.500000 99.960879 0.000000
vt -10.000000 99.462472 0.000000
vt -0.000831 106.243395 0.000000
vt -1.250000 104.995029 0.000000
vt 0.000000 103.983429 0.000000
vt -1.250000 104.481576 0.000000
vt -2.500000 104.481576 0.000000
vt -2.500000 104.995029 0.000000
vt -3.750000 104.995029 0.000000
vt -3.750000 105.508482 0.000000
vt -5.000000 105.508482 0.000000
vt -5.000000 106.883581 0.000000
vt -7.500000 106.883581 0.000000
vt -10.000000 108.503378 0.000000
vt -10.000000 107.373391 0.000000
vt 0.000000 108.503378 0.000000
vt -1.250000 106.883581 0.000000
vt -1.250000 105.508482 0.000000
vt -2.500000 105.508482 0.000000
vt -3.750000 106.883581 0.000000
vt -2.500000 106.883581 0.000000
vt -10.000000 106.243404 0.000000
vt -7.500000 105.508482 0.000000
vt -5.000000 104.995029 0.000000
vt -3.750000 104.481576 0.000000
vt -10.000000 105.113417 0.000000
vt -7.500000 104.995029 0.000000
vt -5.000000 104.481576 0.000000
vt -7.500000 104.481576 0.000000
vt -10.000000 103.983429 0.000000
vt -0.000830 110.755357 0.000000
vt -1.250000 109.507714 0.000000
vt 0.000000 108.496696 0.000000
vt -1.250000 108.994560 0.000000
vt -2.500000 108.994560 0.000000
vt -2.500000 109.507714 0.000000
vt -3.750000 109.507714 0.000000
vt -3.750000 110.020868 0.000000
vt -5.000000 110.020868 0.000000
vt -5.000000 111.395249 0.000000
vt -7.500000 111.395249 0.000000
vt -10.000000 113.014037 0.000000
vt -10.000000 111.884702 0.000000
vt 0.000000 113.014037 0.000000
vt -1.250000 111.395249 0.000000
vt -1.250000 110.020868 0.000000
vt -2.500000 110.020868 0.000000
vt -3.750000 111.395249 0.000000
vt -2.500000 111.395249 0.000000
vt -10.000000 110.755366 0.000000
vt -7.500000 110.020868 0.000000
vt -5.000000 109.507714 0.000000
vt -3.750000 108.994560 0.000000
vt -10.000000 109.626031 0.000000
vt -7.500000 109.507714 0.000000
vt -5.000000 108.994560 0.000000
vt -7.500000 108.994560 0.000000
vt -10.000000 108.496696 0.000000
vt -0.000828 115.278401 0.000000
vt -1.250000 114.031303 0.000000
vt 0.000000 113.020723 0.000000
vt -1.250000 113.518375 0.000000
vt -2.500000 113.518375 0.000000
vt -2.500000 114.031303 0.000000
vt -3.750000 114.031303 0.000000
vt -3.750000 114.544232 0.000000
vt -5.000000 114.544232 0.000000
vt -5.000000 115.917956 0.000000
vt -7.500000 115.917956 0.000000
vt -10.000000 117.536097 0.000000
vt -10.000000 116.407253 0.000000
vt 0.000000 117.536097 0.000000
vt -1.250000 115.917956 0.000000
vt -1.250000 114.544232 0.000000
vt -2.500000 114.544232 0.000000
vt -3.750000 115.917956 0.000000
vt -2.500000 115.917956 0.000000
vt -10.000000 115.278410 0.000000
vt -7.500000 114.544232 0.000000
vt -5.000000 114.031303 0.000000
vt -3.750000 113.518375 0.000000
vt -10.000000 114.149566 0.000000
vt -7.500000 114.031303 0.000000
vt -5.000000 113.518375 0.000000
vt -7.500000 113.518375 0.000000
vt -10.000000 113.020723 0.000000
vt -0.000826 119.794510 0.000000
vt -1.250000 118.547991 0.000000
vt 0.000000 117.537868 0.000000
vt -1.250000 118.035305 0.000000
vt -2.500000 118.035305 0.000000
vt -2.500000 118.547991 0.000000
vt -3.750000 118.547991 0.000000
vt -3.750000 119.060678 0.000000
vt -5.000000 119.060678 0.000000
vt -5.000000 120.433761 0.000000
vt -7.500000 120.433761 0.000000
vt -10.000000 122.051169 0.000000
vt -10.000000 120.922844 0.000000
vt 0.000000 122.051169 0.000000
vt -1.250000 120.433761 0.000000
vt -1.250000 119.060678 0.000000
vt -2.500000 119.060678 0.000000
vt -3.750000 120.433761 0.000000
vt -2.500000 120.433761 0.000000
vt -10.000000 119.794519 0.000000
vt -7.500000 119.060678 0.000000
vt -5.000000 118.547991 0.000000
vt -3.750000 118.035305 0.000000
vt -10.000000 118.666193 0.000000
vt -7.500000 118.547991 0.000000
vt -5.000000 118.035305 0.000000
vt -7.500000 118.035305 0.000000
vt -10.000000 117.537868 0.000000
vt -0.000825 124.307322 0.000000
vt -1.250000 123.061368 0.000000
vt 0.000000 122.051694 0.000000
vt -1.250000 122.548916 0.000000
vt -2.500000 122.548916 0.000000
vt -2.500000 123.061368 0.000000
vt -3.750000 123.061368 0.000000
vt -3.750000 123.573819 0.000000
vt -5.000000 123.573819 0.000000
vt -5.000000 124.946298 0.000000
vt -7.500000 124.946298 0.000000
vt -10.000000 126.562968 0.000000
vt -10.000000 125.435149 0.000000
vt 0.000000 126.562968 0.000000
vt -1.250000 124.946298 0.000000
vt -1.250000 123.573819 0.000000
vt -2.500000 123.573819 0.000000
vt -3.750000 124.946298 0.000000
vt -2.500000 124.946298 0.000000
vt -10.000000 124.307331 0.000000
vt -7.500000 123.573819 0.000000
vt -5.000000 123.061368 0.000000
vt -3.750000 122.548916 0.000000
vt -10.000000 123.179512 0.000000
vt -7.500000 123.061368 0.000000
vt -5.000000 122.548916 0.000000
vt -7.500000 122.548916 0.000000
vt -10.000000 122.051694 0.000000
vt -0.000823 128.817757 0.000000
vt -1.250000 127.572345 0.000000
vt 0.000000 126.563102 0.000000
vt -1.250000 127.060119 0.000000
vt -2.500000 127.060119 0.000000
vt -2.500000 127.572345 0.000000
vt -3.750000 127.572345 0.000000
vt -3.750000 128.084571 0.000000
vt -5.000000 128.084571 0.000000
vt -5.000000 129.456473 0.000000
vt -7.500000 129.456473 0.000000
vt -10.000000 131.072429 0.000000
vt -10.000000 129.945097 0.000000
vt 0.000000 131.072429 0.000000
vt -1.250000 129.456473 0.000000
vt -1.250000 128.084571 0.000000
vt -2.500000 128.084571 0.000000
vt -3.750000 129.456473 0.000000
vt -2.500000 129.456473 0.000000
vt -10.000000 128.817766 0.000000
vt -7.500000 128.084571 0.000000
vt -5.000000 127.572345 0.000000
vt -3.750000 127.060119 0.000000
vt -10.000000 127.690434 0.000000
vt -7.500000 127.572345 0.000000
vt -5.000000 127.060119 0.000000
vt -7.500000 127.060119 0.000000
vt -10.000000 126.563102 0.000000
vt -0.000822 133.326174 0.000000
vt -1.250000 132.081280 0.000000
vt 0.000000 131.072449 0.000000
vt -1.250000 131.569269 0.000000
vt -2.500000 131.569269 0.000000
vt -2.500000 132.081280 0.000000
vt -3.750000 132.081280 0.000000
vt -3.750000 132.593290 0.000000
vt -5.000000 132.593290 0.000000
vt -5.000000 133.964645 0.000000
vt -7.500000 133.964645 0.000000
vt -10.000000 135.579917 0.000000
vt -10.000000 134.453050 0.000000
vt 0.000000 135.579917 0.000000
vt -1.250000 133.964645 0.000000
vt -1.250000 132.593290 0.000000
vt -2.500000 132.593290 0.000000
vt -3.750000 133.964645 0.000000
vt -2.500000 133.964645 0.000000
vt -10.000000 133.326183 0.000000
vt -7.500000 132.593290 0.000000
vt -5.000000 132.081280 0.000000
vt -3.750000 131.569269 0.000000
vt -10.000000 132.199316 0.000000
vt -7.500000 132.081280 0.000000
vt -5.000000 131.569269 0.000000
vt -7.500000 131.569269 0.000000
vt -10.000000 131.072449 0.000000
vt -0.000821 137.832751 0.000000
vt -1.250000 136.588348 0.000000
vt 0.000000 135.579909 0.000000
vt -1.250000 136.076542 0.000000
vt -2.500000 136.076542 0.000000
vt -2.500000 136.588348 0.000000
vt -3.750000 136.588348 0.000000
vt -3.750000 137.100154 0.000000
vt -5.000000 137.100154 0.000000
vt -5.000000 138.470988 0.000000
vt -7.500000 138.470988 0.000000
vt -10.000000 140.085610 0.000000
vt -10.000000 138.959184 0.000000
vt 0.000000 140.085610 0.000000
vt -1.250000 138.470988 0.000000
vt -1.250000 137.100154 0.000000
vt -2.500000 137.100154 0.000000
vt -3.750000 138.470988 0.000000
vt -2.500000 138.470988 0.000000
vt -10.000000 137.832759 0.000000
vt -7.500000 137.100154 0.000000
vt -5.000000 136.588348 0.000000
vt -3.750000 136.076542 0.000000
vt -10.000000 136.706334 0.000000
vt -7.500000 136.588348 0.000000
vt -5.000000 136.076542 0.000000
vt -7.500000 136.076542 0.000000
vt -10.000000 135.579909 0.000000
vt -0.000820 142.337616 0.000000
vt -1.250000 141.093679 0.000000
vt 0.000000 140.085611 0.000000
vt -1.250000 140.582066 0.000000
vt -2.500000 140.582066 0.000000
vt -2.500000 141.093679 0.000000
vt -3.750000 141.093679 0.000000
vt -3.750000 141.605291 0.000000
vt -5.000000 141.605291 0.000000
vt -5.000000 142.975631 0.000000
vt -7.500000 142.975631 0.000000
vt -10.000000 144.589638 0.000000
vt -10.000000 143.463631 0.000000
vt 0.000000 144.589638 0.000000
vt -1.250000 142.975631 0.000000
vt -1.250000 141.605291 0.000000
vt -2.500000 141.605291 0.000000
vt -3.750000 142.975631 0.000000
vt -2.500000 142.975631 0.000000
vt -10.000000 142.337625 0.000000
vt -7.500000 141.605291 0.000000
vt -5.000000 141.093679 0.000000
vt -3.750000 140.582066 0.000000
vt -10.000000 141.211618 0.000000
vt -7.500000 141.093679 0.000000
vt -5.000000 140.582066 0.000000
vt -7.500000 140.582066 0.000000
vt -10.000000 140.085611 0.000000
vt -0.000818 146.840911 0.000000
vt -1.250000 145.597414 0.000000
vt 0.000000 144.589697 0.000000
vt -1.250000 145.085984 0.000000
vt -2.500000 145.085984 0.000000
vt -2.500000 145.597414 0.000000
vt -3.750000 145.597414 0.000000
vt -3.750000 146.108844 0.000000
vt -5.000000 146.108844 0.000000
vt -5.000000 147.478716 0.000000
vt -7.500000 147.478716 0.000000
vt -10.000000 149.092143 0.000000
vt -10.000000 147.966531 0.000000
vt 0.000000 149.092143 0.000000
vt -1.250000 147.478716 0.000000
vt -1.250000 146.108844 0.000000
vt -2.500000 146.108844 0.000000
vt -3.750000 147.478716 0.000000
vt -2.500000 147.478716 0.000000
vt -10.000000 146.840920 0.000000
vt -7.500000 146.108844 0.000000
vt -5.000000 145.597414 0.000000
vt -3.750000 145.085984 0.000000
vt -10.000000 145.715308 0.000000
vt -7.500000 145.597414 0.000000
vt -5.000000 145.085984 0.000000
vt -7.500000 145.085984 0.000000
vt -10.000000 144.589697 0.000000
vt -0.000843 151.360506 0.000000
vt -1.250000 150.107649 0.000000
vt 0.000000 149.092476 0.000000
vt -1.250000 149.592326 0.000000
vt -2.500000 149.592326 0.000000
vt -2.500000 150.107649 0.000000
vt -3.750000 150.107649 0.000000
vt -3.750000 150.622971 0.000000
vt -5.000000 150.622971 0.000000
vt -5.000000 152.002752 0.000000
vt -7.500000 152.002752 0.000000
vt -10.000000 153.628554 0.000000
vt -10.000000 152.494535 0.000000
vt 0.000000 153.628554 0.000000
vt -1.250000 152.002752 0.000000
vt -1.250000 150.622971 0.000000
vt -2.500000 150.622971 0.000000
vt -3.750000 152.002752 0.000000
vt -2.500000 152.002752 0.000000
vt -10.000000 151.360515 0.000000
vt -7.500000 150.622971 0.000000
vt -5.000000 150.107649 0.000000
vt -3.750000 149.592326 0.000000
vt -10.000000 150.226496 0.000000
vt -7.500000 150.107649 0.000000
vt -5.000000 149.592326 0.000000
vt -7.500000 149.592326 0.000000
vt -10.000000 149.092476 0.000000
vt -0.000839 155.893725 0.000000
vt -1.250000 154.642462 0.000000
vt 0.000000 153.628559 0.000000
vt -1.250000 154.127803 0.000000
vt -2.500000 154.127803 0.000000
vt -2.500000 154.642462 0.000000
vt -3.750000 154.642462 0.000000
vt -3.750000 155.157121 0.000000
vt -5.000000 155.157121 0.000000
vt -5.000000 156.535214 0.000000
vt -7.500000 156.535214 0.000000
vt -10.000000 158.158909 0.000000
vt -10.000000 157.026322 0.000000
vt 0.000000 158.158909 0.000000
vt -1.250000 156.535214 0.000000
vt -1.250000 155.157121 0.000000
vt -2.500000 155.157121 0.000000
vt -3.750000 156.535214 0.000000
vt -2.500000 156.535214 0.000000
vt -10.000000 155.893734 0.000000
vt -7.500000 155.157121 0.000000
vt -5.000000 154.642462 0.000000
vt -3.750000 154.127803 0.000000
vt -10.000000 154.761147 0.000000
vt -7.500000 154.642462 0.000000
vt -5.000000 154.127803 0.000000
vt -7.500000 154.127803 0.000000
vt -10.000000 153.628559 0.000000
vt -0.000835 160.421338 0.000000
vt -1.250000 159.171561 0.000000
vt 0.000000 158.158842 0.000000
vt -1.250000 158.657520 0.000000
vt -2.500000 158.657520 0.000000
vt -2.500000 159.171561 0.000000
vt -3.750000 159.171561 0.000000
vt -3.750000 159.685602 0.000000
vt -5.000000 159.685602 0.000000
vt -5.000000 161.062123 0.000000
vt -7.500000 161.062123 0.000000
vt -10.000000 162.683853 0.000000
vt -10.000000 161.552600 0.000000
vt 0.000000 162.683853 0.000000
vt -1.250000 161.062123 0.000000
vt -1.250000 159.685602 0.000000
vt -2.500000 159.685602 0.000000
vt -3.750000 161.062123 0.000000
vt -2.500000 161.062123 0.000000
vt -10.000000 160.421347 0.000000
vt -7.500000 159.685602 0.000000
vt -5.000000 159.171561 0.000000
vt -3.750000 158.657520 0.000000
vt -10.000000 159.290094 0.000000
vt -7.500000 159.171561 0.000000
vt -5.000000 158.657520 0.000000
vt -7.500000 158.657520 0.000000
vt -10.000000 158.158842 0.000000
vt -0.000831 164.943786 0.000000
vt -1.250000 163.695387 0.000000
vt 0.000000 162.683765 0.000000
vt -1.250000 163.181919 0.000000
vt -2.500000 163.181919 0.000000
vt -2.500000 163.695387 0.000000
vt -3.750000 163.695387 0.000000
vt -3.750000 164.208855 0.000000
vt -5.000000 164.208855 0.000000
vt -5.000000 165.583917 0.000000
vt -7.500000 165.583917 0.000000
vt -10.000000 167.203824 0.000000
vt -10.000000 166.073809 0.000000
vt 0.000000 167.203824 0.000000
vt -1.250000 165.583917 0.000000
vt -1.250000 164.208855 0.000000
vt -2.500000 164.208855 0.000000
vt -3.750000 165.583917 0.000000
vt -2.500000 165.583917 0.000000
vt -10.000000 164.943795 0.000000
vt -7.500000 164.208855 0.000000
vt -5.000000 163.695387 0.000000
vt -3.750000 163.181919 0.000000
vt -10.000000 163.813780 0.000000
vt -7.500000 163.695387 0.000000
vt -5.000000 163.181919 0.000000
vt -7.500000 163.181919 0.000000
vt -10.000000 162.683765 0.000000
vt -0.000828 169.461471 0.000000
vt -1.250000 168.214344 0.000000
vt 0.000000 167.203736 0.000000
vt -1.250000 167.701405 0.000000
vt -2.500000 167.701405 0.000000
vt -2.500000 168.214344 0.000000
vt -3.750000 168.214344 0.000000
vt -3.750000 168.727283 0.000000
vt -5.000000 168.727283 0.000000
vt -5.000000 170.101000 0.000000
vt -7.500000 170.101000 0.000000
vt -10.000000 171.719225 0.000000
vt -10.000000 170.590353 0.000000
vt 0.000000 171.719225 0.000000
vt -1.250000 170.101000 0.000000
vt -1.250000 168.727283 0.000000
vt -2.500000 168.727283 0.000000
vt -3.750000 170.101000 0.000000
vt -2.500000 170.101000 0.000000
vt -10.000000 169.461480 0.000000
vt -7.500000 168.727283 0.000000
vt -5.000000 168.214344 0.000000
vt -3.750000 167.701405 0.000000
vt -10.000000 168.332608 0.000000
vt -7.500000 168.214344 0.000000
vt -5.000000 167.701405 0.000000
vt -7.500000 167.701405 0.000000
vt -10.000000 167.203736 0.000000
vt -0.000825 173.974787 0.000000
vt -1.250000 172.728826 0.000000
vt 0.000000 171.719146 0.000000
vt -1.250000 172.216372 0.000000
vt -2.500000 172.216372 0.000000
vt -2.500000 172.728826 0.000000
vt -3.750000 172.728826 0.000000
vt -3.750000 173.241280 0.000000
vt -5.000000 173.241280 0.000000
vt -5.000000 174.613762 0.000000
vt -7.500000 174.613762 0.000000
vt -10.000000 176.230444 0.000000
vt -10.000000 175.102620 0.000000
vt 0.000000 176.230444 0.000000
vt -1.250000 174.613762 0.000000
vt -1.250000 173.241280 0.000000
vt -2.500000 173.241280 0.000000
vt -3.750000 174.613762 0.000000
vt -2.500000 174.613762 0.000000
vt -10.000000 173.974795 0.000000
vt -7.500000 173.241280 0.000000
vt -5.000000 172.728826 0.000000
vt -3.750000 172.216372 0.000000
vt -10.000000 172.846971 0.000000
vt -7.500000 172.728826 0.000000
vt -5.000000 172.216372 0.000000
vt -7.500000 172.216372 0.000000
vt -10.000000 171.719146 0.000000
vt -0.000822 178.484126 0.000000
vt -1.250000 177.239228 0.000000
vt 0.000000 176.230394 0.000000
vt -1.250000 176.727215 0.000000
vt -2.500000 176.727215 0.000000
vt -2.500000 177.239228 0.000000
vt -3.750000 177.239228 0.000000
vt -3.750000 177.751240 0.000000
vt -5.000000 177.751240 0.000000
vt -5.000000 179.122598 0.000000
vt -7.500000 179.122598 0.000000
vt -10.000000 180.737876 0.000000
vt -10.000000 179.611006 0.000000
vt 0.000000 180.737876 0.000000
vt -1.250000 179.122598 0.000000
vt -1.250000 177.751240 0.000000
vt -2.500000 177.751240 0.000000
vt -3.750000 179.122598 0.000000
vt -2.500000 179.122598 0.000000
vt -10.000000 178.484135 0.000000
vt -7.500000 177.751240 0.000000
vt -5.000000 177.239228 0.000000
vt -3.750000 176.727215 0.000000
vt -10.000000 177.357265 0.000000
vt -7.500000 177.239228 0.000000
vt -5.000000 176.727215 0.000000
vt -7.500000 176.727215 0.000000
vt -10.000000 176.230394 0.000000
vt -0.000820 182.989914 0.000000
vt -1.250000 181.745974 0.000000
vt 0.000000 180.737903 0.000000
vt -1.250000 181.234359 0.000000
vt -2.500000 181.234359 0.000000
vt -2.500000 181.745974 0.000000
vt -3.750000 181.745974 0.000000
vt -3.750000 182.257588 0.000000
vt -5.000000 182.257588 0.000000
vt -5.000000 183.627929 0.000000
vt -7.500000 183.627929 0.000000
vt -10.000000 185.241943 0.000000
vt -10.000000 184.115933 0.000000
vt 0.000000 185.241943 0.000000
vt -1.250000 183.627929 0.000000
vt -1.250000 182.257588 0.000000
vt -2.500000 182.257588 0.000000
vt -3.750000 183.627929 0.000000
vt -2.500000 183.627929 0.000000
vt -10.000000 182.989923 0.000000
vt -7.500000 182.257588 0.000000
vt -5.000000 181.745974 0.000000
vt -3.750000 181.234359 0.000000
vt -10.000000 181.863913 0.000000
vt -7.500000 181.745974 0.000000
vt -5.000000 181.234359 0.000000
vt -7.500000 181.234359 0.000000
vt -10.000000 180.737903 0.000000
vt -0.000843 187.510355 0.000000
vt -1.250000 186.257487 0.000000
vt 0.000000 185.242306 0.000000
vt -1.250000 185.742160 0.000000
vt -2.500000 185.742160 0.000000
vt -2.500000 186.257487 0.000000
vt -3.750000 186.257487 0.000000
vt -3.750000 186.772813 0.000000
vt -5.000000 186.772813 0.000000
vt -5.000000 188.152606 0.000000
vt -7.500000 188.152606 0.000000
vt -10.000000 189.778421 0.000000
vt -10.000000 188.644392 0.000000
vt 0.000000 189.778421 0.000000
vt -1.250000 188.152606 0.000000
vt -1.250000 186.772813 0.000000
vt -2.500000 186.772813 0.000000
vt -3.750000 188.152606 0.000000
vt -2.500000 188.152606 0.000000
vt -10.000000 187.510364 0.000000
vt -7.500000 186.772813 0.000000
vt -5.000000 186.257487 0.000000
vt -3.750000 185.742160 0.000000
vt -10.000000 186.376335 0.000000
vt -7.500000 186.257487 0.000000
vt -5.000000 185.742160 0.000000
vt -7.500000 185.742160 0.000000
vt -10.000000 185.242306 0.000000
vt -0.000835 192.040844 0.000000
vt -1.250000 190.791060 0.000000
vt 0.000000 189.778335 0.000000
vt -1.250000 190.277016 0.000000
vt -2.500000 190.277016 0.000000
vt -2.500000 190.791060 0.000000
vt -3.750000 190.791060 0.000000
vt -3.750000 191.305104 0.000000
vt -5.000000 191.305104 0.000000
vt -5.000000 192.681633 0.000000
vt -7.500000 192.681633 0.000000
vt -10.000000 194.303372 0.000000
vt -10.000000 193.172113 0.000000
vt 0.000000 194.303372 0.000000
vt -1.250000 192.681633 0.000000
vt -1.250000 191.305104 0.000000
vt -2.500000 191.305104 0.000000
vt -3.750000 192.681633 0.000000
vt -2.500000 192.681633 0.000000
vt -10.000000 192.040853 0.000000
vt -7.500000 191.305104 0.000000
vt -5.000000 190.791060 0.000000
vt -3.750000 190.277016 0.000000
vt -10.000000 190.909594 0.000000
vt -7.500000 190.791060 0.000000
vt -5.000000 190.277016 0.000000
vt -7.500000 190.277016 0.000000
vt -10.000000 189.778335 0.000000
vt -0.000828 196.560965 0.000000
vt -1.250000 195.313833 0.000000
vt 0.000000 194.303220 0.000000
vt -1.250000 194.800892 0.000000
vt -2.500000 194.800892 0.000000
vt -2.500000 195.313833 0.000000
vt -3.750000 195.313833 0.000000
vt -3.750000 195.826774 0.000000
vt -5.000000 195.826774 0.000000
vt -5.000000 197.200496 0.000000
vt -7.500000 197.200496 0.000000
vt -10.000000 198.818728 0.000000
vt -10.000000 197.689851 0.000000
vt 0.000000 198.818728 0.000000
vt -1.250000 197.200496 0.000000
vt -1.250000 195.826774 0.000000
vt -2.500000 195.826774 0.000000
vt -3.750000 197.200496 0.000000
vt -2.500000 197.200496 0.000000
vt -10.000000 196.560974 0.000000
vt -7.500000 195.826774 0.000000
vt -5.000000 195.313833 0.000000
vt -3.750000 194.800892 0.000000
vt -10.000000 195.432097 0.000000
vt -7.500000 195.313833 0.000000
vt -5.000000 194.800892 0.000000
vt -7.500000 194.800892 0.000000
vt -10.000000 194.303220 0.000000
vt -0.000822 201.072359 0.000000
vt -1.250000 199.827457 0.000000
vt 0.000000 198.818620 0.000000
vt -1.250000 199.315443 0.000000
vt -2.500000 199.315443 0.000000
vt -2.500000 199.827457 0.000000
vt -3.750000 199.827457 0.000000
vt -3.750000 200.339470 0.000000
vt -5.000000 200.339470 0.000000
vt -5.000000 201.710831 0.000000
vt -7.500000 201.710831 0.000000
vt -10.000000 203.326115 0.000000
vt -10.000000 202.199241 0.000000
vt 0.000000 203.326115 0.000000
vt -1.250000 201.710831 0.000000
vt -1.250000 200.339470 0.000000
vt -2.500000 200.339470 0.000000
vt -3.750000 201.710831 0.000000
vt -2.500000 201.710831 0.000000
vt -10.000000 201.072368 0.000000
vt -7.500000 200.339470 0.000000
vt -5.000000 199.827457 0.000000
vt -3.750000 199.315443 0.000000
vt -10.000000 199.945494 0.000000
vt -7.500000 199.827457 0.000000
vt -5.000000 199.315443 0.000000
vt -7.500000 199.315443 0.000000
vt -10.000000 198.818620 0.000000
vt -0.000843 205.594350 0.000000
vt -1.250000 204.341476 0.000000
vt 0.000000 203.326290 0.000000
vt -1.250000 203.826147 0.000000
vt -2.500000 203.826147 0.000000
vt -2.500000 204.341476 0.000000
vt -3.750000 204.341476 0.000000
vt -3.750000 204.856805 0.000000
vt -5.000000 204.856805 0.000000
vt -5.000000 206.236608 0.000000
vt -7.500000 206.236608 0.000000
vt -10.000000 207.862429 0.000000
vt -10.000000 206.728394 0.000000
vt 0.000000 207.862429 0.000000
vt -1.250000 206.236608 0.000000
vt -1.250000 204.856805 0.000000
vt -2.500000 204.856805 0.000000
vt -3.750000 206.236608 0.000000
vt -2.500000 206.236608 0.000000
vt -10.000000 205.594359 0.000000
vt -7.500000 204.856805 0.000000
vt -5.000000 204.341476 0.000000
vt -3.750000 203.826147 0.000000
vt -10.000000 204.460325 0.000000
vt -7.500000 204.341476 0.000000
vt -5.000000 203.826147 0.000000
vt -7.500000 203.826147 0.000000
vt -10.000000 203.326290 0.000000
vt -0.000828 210.119473 0.000000
vt -1.250000 208.872346 0.000000
vt 0.000000 207.861736 0.000000
vt -1.250000 208.359406 0.000000
vt -2.500000 208.359406 0.000000
vt -2.500000 208.872346 0.000000
vt -3.750000 208.872346 0.000000
vt -3.750000 209.385285 0.000000
vt -5.000000 209.385285 0.000000
vt -5.000000 210.759011 0.000000
vt -7.500000 210.759011 0.000000
vt -10.000000 212.377228 0.000000
vt -10.000000 211.248355 0.000000
vt 0.000000 212.377228 0.000000
vt -1.250000 210.759011 0.000000
vt -1.250000 209.385285 0.000000
vt -2.500000 209.385285 0.000000
vt -3.750000 210.759011 0.000000
vt -2.500000 210.759011 0.000000
vt -10.000000 210.119482 0.000000
vt -7.500000 209.385285 0.000000
vt -5.000000 208.872346 0.000000
vt -3.750000 208.359406 0.000000
vt -10.000000 208.990609 0.000000
vt -7.500000 208.872346 0.000000
vt -5.000000 208.359406 0.000000
vt -7.500000 208.359406 0.000000
vt -10.000000 207.861736 0.000000
vt -0.000843 214.643532 0.000000
vt -1.250000 213.390686 0.000000
vt 0.000000 212.375520 0.000000
vt -1.250000 212.875369 0.000000
vt -2.500000 212.875369 0.000000
vt -2.500000 213.390686 0.000000
vt -3.750000 213.390686 0.000000
vt -3.750000 213.906002 0.000000
vt -5.000000 213.906002 0.000000
vt -5.000000 215.285811 0.000000
vt -7.500000 215.285811 0.000000
vt -10.000000 216.911562 0.000000
vt -10.000000 215.777552 0.000000
vt 0.000000 216.911562 0.000000
vt -1.250000 215.285811 0.000000
vt -1.250000 213.906002 0.000000
vt -2.500000 213.906002 0.000000
vt -3.750000 215.285811 0.000000
vt -2.500000 215.285811 0.000000
vt -10.000000 214.643541 0.000000
vt -7.500000 213.906002 0.000000
vt -5.000000 213.390686 0.000000
vt -3.750000 212.875369 0.000000
vt -10.000000 213.509531 0.000000
vt -7.500000 213.390686 0.000000
vt -5.000000 212.875369 0.000000
vt -7.500000 212.875369 0.000000
vt -10.000000 212.375520 0.000000
vt 0.000000 74.843549 0.000000
vt -0.350000 74.843549 0.000000
vt -0.175000 74.453860 0.000000
vt -0.297833 74.422342 0.000000
vt -0.175000 74.064170 0.000000
vt -0.282748 73.944864 0.000000
vt -0.175000 73.692147 0.000000
vt -0.323245 73.543345 0.000000
vt 0.000000 73.320124 0.000000
vt -0.350000 73.320124 0.000000
vt 0.000000 74.081836 0.000000
vt -0.000822 219.156760 0.000000
vt -1.250000 217.912065 0.000000
vt 0.000000 216.903390 0.000000
vt -1.250000 217.400138 0.000000
vt -2.500000 217.400138 0.000000
vt -2.500000 217.912065 0.000000
vt -3.750000 217.912065 0.000000
vt -3.750000 218.423992 0.000000
vt -5.000000 218.423992 0.000000
vt -5.000000 219.795233 0.000000
vt -7.500000 219.795233 0.000000
vt -10.000000 221.410149 0.000000
vt -10.000000 220.283459 0.000000
vt 0.000000 221.410149 0.000000
vt -1.250000 219.795233 0.000000
vt -1.250000 218.423992 0.000000
vt -2.500000 218.423992 0.000000
vt -3.750000 219.795233 0.000000
vt -2.500000 219.795233 0.000000
vt -10.000000 219.156769 0.000000
vt -7.500000 218.423992 0.000000
vt -5.000000 217.912065 0.000000
vt -3.750000 217.400138 0.000000
vt -10.000000 218.030080 0.000000
vt -7.500000 217.912065 0.000000
vt -5.000000 217.400138 0.000000
vt -7.500000 217.400138 0.000000
vt -10.000000 216.903390 0.000000
vt -0.350000 370.875245 0.000000
vt -0.350000 368.958715 0.000000
vt -0.175000 369.807888 0.000000
vt 0.000000 368.958715 0.000000
vt 0.000000 370.875245 0.000000
vt -0.175000 371.545301 0.000000
vt 0.000000 372.791776 0.000000
vt -0.175000 373.881514 0.000000
vt 0.000000 374.708306 0.000000
vt -0.350000 376.624837 0.000000
vt 0.000000 376.624837 0.000000
vt -0.350000 374.708306 0.000000
vt -0.350000 372.791776 0.000000
vt 0.000000 217.039306 0.000000
vt -7.500000 217.536298 0.000000
vt -10.000000 217.039306 0.000000
vt -8.750000 217.536298 0.000000
vt -8.750000 218.560860 0.000000
vt -7.500000 218.560860 0.000000
vt -5.000000 217.536298 0.000000
vt -5.000000 218.560860 0.000000
vt -2.500000 217.536298 0.000000
vt -2.500000 218.560860 0.000000
vt 0.000000 218.166701 0.000000
vt 0.000000 219.294097 0.000000
vt 0.000000 220.421493 0.000000
vt -2.500000 219.933301 0.000000
vt -2.500000 219.247081 0.000000
vt -5.000000 219.247081 0.000000
vt -7.500000 219.247081 0.000000
vt -8.750000 219.247081 0.000000
vt -9.999989 219.293705 0.000000
vt -2.500000 220.741095 0.000000
vt 0.000000 221.548888 0.000000
vt -5.000000 220.741095 0.000000
vt -10.000000 221.548888 0.000000
vt -7.500000 220.741095 0.000000
vt -8.750000 220.741095 0.000000
vt -7.500000 219.933301 0.000000
vt -8.750000 219.933301 0.000000
vt -5.000000 219.933301 0.000000
vt 0.000000 73.320038 0.000000
vt -0.350000 73.320038 0.000000
vt -0.175000 72.927728 0.000000
vt -0.306981 72.982918 0.000000
vt -0.278685 72.568981 0.000000
vt -0.350000 71.786773 0.000000
vt -0.175000 72.161096 0.000000
vt -0.175000 72.535418 0.000000
vt 0.000000 72.553406 0.000000
vt 0.000000 71.786773 0.000000
vt -0.350000 363.188428 0.000000
vt -0.350000 361.259430 0.000000
vt -0.175000 362.113955 0.000000
vt 0.000000 361.259430 0.000000
vt 0.000000 363.188428 0.000000
vt -0.175000 363.862843 0.000000
vt 0.000000 365.117427 0.000000
vt -0.175000 366.213574 0.000000
vt 0.000000 367.046425 0.000000
vt -0.175000 367.594499 0.000000
vt 0.000000 368.975423 0.000000
vt -0.350000 368.975423 0.000000
vt -0.350000 367.046425 0.000000
vt -0.350000 365.117427 0.000000
vt 0.000000 212.508609 0.000000
vt -7.500000 213.008709 0.000000
vt -10.000000 212.508609 0.000000
vt -8.750000 213.008709 0.000000
vt -8.750000 214.040050 0.000000
vt -7.500000 214.040050 0.000000
vt -5.000000 213.008709 0.000000
vt -5.000000 214.040050 0.000000
vt -2.500000 213.008709 0.000000
vt -2.500000 214.040050 0.000000
vt 0.000000 213.643330 0.000000
vt 0.000000 214.778051 0.000000
vt 0.000000 215.912773 0.000000
vt -2.500000 215.421117 0.000000
vt -2.500000 214.730584 0.000000
vt -5.000000 214.730584 0.000000
vt -7.500000 214.730584 0.000000
vt -8.750000 214.730584 0.000000
vt -9.999988 214.777652 0.000000
vt -2.500000 216.234305 0.000000
vt 0.000000 217.047494 0.000000
vt -5.000000 216.234305 0.000000
vt -10.000000 217.047494 0.000000
vt -7.500000 216.234305 0.000000
vt -8.750000 216.234305 0.000000
vt -7.500000 215.421117 0.000000
vt -8.750000 215.421117 0.000000
vt -5.000000 215.421117 0.000000
vt 0.000000 71.786851 0.000000
vt -0.350000 71.786851 0.000000
vt -0.175000 71.396402 0.000000
vt -0.296355 71.352781 0.000000
vt -0.175000 71.005952 0.000000
vt -0.283373 70.866008 0.000000
vt -0.175000 70.633248 0.000000
vt -0.324592 70.474103 0.000000
vt 0.000000 70.260544 0.000000
vt -0.350000 70.260544 0.000000
vt 0.000000 71.023698 0.000000
vt -0.350000 355.502020 0.000000
vt -0.350000 353.581758 0.000000
vt -0.175000 354.432521 0.000000
vt 0.000000 353.581758 0.000000
vt 0.000000 355.502020 0.000000
vt -0.175000 356.173380 0.000000
vt 0.000000 357.422281 0.000000
vt -0.175000 358.513664 0.000000
vt 0.000000 359.342543 0.000000
vt -0.350000 361.262805 0.000000
vt 0.000000 361.262805 0.000000
vt -0.350000 359.342543 0.000000
vt -0.350000 357.422281 0.000000
vt 0.000000 207.991999 0.000000
vt -7.500000 208.489924 0.000000
vt -10.000000 207.991999 0.000000
vt -8.750000 208.489924 0.000000
vt -8.750000 209.516502 0.000000
vt -7.500000 209.516502 0.000000
vt -5.000000 208.489924 0.000000
vt -5.000000 209.516502 0.000000
vt -2.500000 208.489924 0.000000
vt -2.500000 209.516502 0.000000
vt 0.000000 209.121579 0.000000
vt 0.000000 210.251160 0.000000
vt 0.000000 211.380740 0.000000
vt -2.500000 210.891497 0.000000
vt -2.500000 210.204000 0.000000
vt -5.000000 210.204000 0.000000
vt -7.500000 210.204000 0.000000
vt -8.750000 210.204000 0.000000
vt -9.999989 210.250768 0.000000
vt -2.500000 211.700909 0.000000
vt 0.000000 212.510321 0.000000
vt -5.000000 211.700909 0.000000
vt -10.000000 212.510321 0.000000
vt -7.500000 211.700909 0.000000
vt -8.750000 211.700909 0.000000
vt -7.500000 210.891497 0.000000
vt -8.750000 210.891497 0.000000
vt -5.000000 210.891497 0.000000
vt 0.000000 70.260474 0.000000
vt -0.350000 70.260474 0.000000
vt -0.175000 69.868163 0.000000
vt -0.306987 69.923372 0.000000
vt -0.278687 69.509434 0.000000
vt -0.350000 68.727194 0.000000
vt -0.175000 69.101523 0.000000
vt -0.175000 69.475852 0.000000
vt 0.000000 69.493834 0.000000
vt 0.000000 68.727194 0.000000
vt -0.350000 347.796122 0.000000
vt -0.350000 345.867079 0.000000
vt -0.175000 346.721614 0.000000
vt 0.000000 345.867079 0.000000
vt 0.000000 347.796122 0.000000
vt -0.175000 348.470553 0.000000
vt 0.000000 349.725166 0.000000
vt -0.175000 350.821206 0.000000
vt 0.000000 351.654209 0.000000
vt -0.175000 352.202229 0.000000
vt 0.000000 353.583253 0.000000
vt -0.350000 353.583253 0.000000
vt -0.350000 351.654209 0.000000
vt -0.350000 349.725166 0.000000
vt 0.000000 203.453712 0.000000
vt -7.500000 203.953824 0.000000
vt -10.000000 203.453712 0.000000
vt -8.750000 203.953824 0.000000
vt -8.750000 204.985186 0.000000
vt -7.500000 204.985186 0.000000
vt -5.000000 203.953824 0.000000
vt -5.000000 204.985186 0.000000
vt -2.500000 203.953824 0.000000
vt -2.500000 204.985186 0.000000
vt 0.000000 204.588457 0.000000
vt 0.000000 205.723203 0.000000
vt 0.000000 206.857948 0.000000
vt -2.500000 206.366269 0.000000
vt -2.500000 205.675728 0.000000
vt -5.000000 205.675728 0.000000
vt -7.500000 205.675728 0.000000
vt -8.750000 205.675728 0.000000
vt -9.999989 205.722804 0.000000
vt -2.500000 207.179481 0.000000
vt 0.000000 207.992693 0.000000
vt -5.000000 207.179481 0.000000
vt -10.000000 207.992693 0.000000
vt -7.500000 207.179481 0.000000
vt -8.750000 207.179481 0.000000
vt -7.500000 206.366269 0.000000
vt -8.750000 206.366269 0.000000
vt -5.000000 206.366269 0.000000
vt 0.000000 68.727291 0.000000
vt -0.350000 68.727291 0.000000
vt -0.175000 68.337565 0.000000
vt -0.297882 68.306427 0.000000
vt -0.175000 67.947838 0.000000
vt -0.282716 67.828882 0.000000
vt -0.175000 67.575764 0.000000
vt -0.323213 67.427025 0.000000
vt 0.000000 67.203690 0.000000
vt -0.350000 67.203690 0.000000
vt 0.000000 67.965490 0.000000
vt -0.350000 340.116019 0.000000
vt -0.350000 338.199157 0.000000
vt -0.175000 339.048456 0.000000
vt 0.000000 338.199157 0.000000
vt 0.000000 340.116019 0.000000
vt -0.175000 340.786190 0.000000
vt 0.000000 342.032880 0.000000
vt -0.175000 343.122414 0.000000
vt 0.000000 343.949742 0.000000
vt -0.350000 345.866603 0.000000
vt 0.000000 345.866603 0.000000
vt -0.350000 343.949742 0.000000
vt -0.350000 342.032880 0.000000
vt 0.000000 198.943217 0.000000
vt -7.500000 199.440295 0.000000
vt -10.000000 198.943217 0.000000
vt -8.750000 199.440295 0.000000
vt -8.750000 200.465020 0.000000
vt -7.500000 200.465020 0.000000
vt -5.000000 199.440295 0.000000
vt -5.000000 200.465020 0.000000
vt -2.500000 199.440295 0.000000
vt -2.500000 200.465020 0.000000
vt 0.000000 200.070797 0.000000
vt 0.000000 201.198377 0.000000
vt 0.000000 202.325957 0.000000
vt -2.500000 201.837652 0.000000
vt -2.500000 201.151336 0.000000
vt -5.000000 201.151336 0.000000
vt -7.500000 201.151336 0.000000
vt -8.750000 201.151336 0.000000
vt -9.999989 201.197988 0.000000
vt -2.500000 202.645594 0.000000
vt 0.000000 203.453537 0.000000
vt -5.000000 202.645594 0.000000
vt -10.000000 203.453537 0.000000
vt -7.500000 202.645594 0.000000
vt -8.750000 202.645594 0.000000
vt -7.500000 201.837652 0.000000
vt -8.750000 201.837652 0.000000
vt -5.000000 201.837652 0.000000
vt 0.000000 67.203663 0.000000
vt -0.350000 67.203663 0.000000
vt -0.175000 66.813215 0.000000
vt -0.296356 66.769593 0.000000
vt -0.175000 66.422766 0.000000
vt -0.283374 66.282818 0.000000
vt -0.175000 66.050060 0.000000
vt -0.324592 65.890909 0.000000
vt 0.000000 65.677355 0.000000
vt -0.350000 65.677355 0.000000
vt 0.000000 66.440509 0.000000
vt -0.350000 332.438601 0.000000
vt -0.350000 330.518332 0.000000
vt -0.175000 331.369096 0.000000
vt 0.000000 330.518332 0.000000
vt 0.000000 332.438601 0.000000
vt -0.175000 333.109964 0.000000
vt 0.000000 334.358870 0.000000
vt -0.175000 335.450223 0.000000
vt 0.000000 336.279139 0.000000
vt -0.350000 338.199409 0.000000
vt 0.000000 338.199409 0.000000
vt -0.350000 336.279139 0.000000
vt -0.350000 334.358870 0.000000
vt 0.000000 194.424987 0.000000
vt -7.500000 194.922915 0.000000
vt -10.000000 194.424987 0.000000
vt -8.750000 194.922915 0.000000
vt -8.750000 195.949496 0.000000
vt -7.500000 195.949496 0.000000
vt -5.000000 194.922915 0.000000
vt -5.000000 195.949496 0.000000
vt -2.500000 194.922915 0.000000
vt -2.500000 195.949496 0.000000
vt 0.000000 195.554572 0.000000
vt 0.000000 196.684156 0.000000
vt 0.000000 197.813740 0.000000
vt -2.500000 197.324493 0.000000
vt -2.500000 196.636994 0.000000
vt -5.000000 196.636994 0.000000
vt -7.500000 196.636994 0.000000
vt -8.750000 196.636994 0.000000
vt -9.999989 196.683765 0.000000
vt -2.500000 198.133909 0.000000
vt 0.000000 198.943325 0.000000
vt -5.000000 198.133909 0.000000
vt -10.000000 198.943325 0.000000
vt -7.500000 198.133909 0.000000
vt -8.750000 198.133909 0.000000
vt -7.500000 197.324493 0.000000
vt -8.750000 197.324493 0.000000
vt -5.000000 197.324493 0.000000
vt 0.000000 65.677325 0.000000
vt -0.350000 65.677325 0.000000
vt -0.175000 65.286016 0.000000
vt -0.296164 65.243473 0.000000
vt -0.175000 64.894708 0.000000
vt -0.282959 64.755665 0.000000
vt -0.175000 64.521253 0.000000
vt -0.324378 64.362183 0.000000
vt 0.000000 64.147797 0.000000
vt -0.350000 64.147797 0.000000
vt 0.000000 64.912561 0.000000
vt -0.350000 324.745710 0.000000
vt -0.350000 322.821388 0.000000
vt -0.175000 323.673894 0.000000
vt 0.000000 322.821388 0.000000
vt 0.000000 324.745710 0.000000
vt -0.175000 325.418490 0.000000
vt 0.000000 326.670033 0.000000
vt -0.175000 327.763544 0.000000
vt 0.000000 328.594355 0.000000
vt -0.350000 330.518677 0.000000
vt 0.000000 330.518677 0.000000
vt -0.350000 328.594355 0.000000
vt -0.350000 326.670033 0.000000
vt 0.000000 189.897266 0.000000
vt -7.500000 190.396203 0.000000
vt -10.000000 189.897266 0.000000
vt -8.750000 190.396203 0.000000
vt -8.750000 191.424992 0.000000
vt -7.500000 191.424992 0.000000
vt -5.000000 190.396203 0.000000
vt -5.000000 191.424992 0.000000
vt -2.500000 190.396203 0.000000
vt -2.500000 191.424992 0.000000
vt 0.000000 191.029235 0.000000
vt 0.000000 192.161203 0.000000
vt 0.000000 193.293171 0.000000
vt -2.500000 192.802800 0.000000
vt -2.500000 192.113896 0.000000
vt -5.000000 192.113896 0.000000
vt -7.500000 192.113896 0.000000
vt -8.750000 192.113896 0.000000
vt -9.999989 192.160808 0.000000
vt -2.500000 193.613970 0.000000
vt 0.000000 194.425139 0.000000
vt -5.000000 193.613970 0.000000
vt -10.000000 194.425139 0.000000
vt -7.500000 193.613970 0.000000
vt -8.750000 193.613970 0.000000
vt -7.500000 192.802800 0.000000
vt -8.750000 192.802800 0.000000
vt -5.000000 192.802800 0.000000
vt 0.000000 64.147763 0.000000
vt -0.350000 64.147763 0.000000
vt -0.175000 63.755455 0.000000
vt -0.306986 63.810650 0.000000
vt -0.278689 63.396719 0.000000
vt -0.350000 62.614492 0.000000
vt -0.175000 62.988819 0.000000
vt -0.175000 63.363147 0.000000
vt 0.000000 63.381127 0.000000
vt 0.000000 62.614492 0.000000
vt -0.350000 317.034506 0.000000
vt -0.350000 315.105472 0.000000
vt -0.175000 315.960002 0.000000
vt 0.000000 315.105472 0.000000
vt 0.000000 317.034506 0.000000
vt -0.175000 317.708933 0.000000
vt 0.000000 318.963539 0.000000
vt -0.175000 320.059562 0.000000
vt 0.000000 320.892573 0.000000
vt -0.175000 321.440585 0.000000
vt 0.000000 322.821607 0.000000
vt -0.350000 322.821607 0.000000
vt -0.350000 320.892573 0.000000
vt -0.350000 318.963539 0.000000
vt 0.000000 185.358395 0.000000
vt -7.500000 185.858505 0.000000
vt -10.000000 185.358395 0.000000
vt -8.750000 185.858505 0.000000
vt -8.750000 186.889861 0.000000
vt -7.500000 186.889861 0.000000
vt -5.000000 185.858505 0.000000
vt -5.000000 186.889861 0.000000
vt -2.500000 185.858505 0.000000
vt -2.500000 186.889861 0.000000
vt 0.000000 186.493135 0.000000
vt 0.000000 187.627874 0.000000
vt 0.000000 188.762614 0.000000
vt -2.500000 188.270937 0.000000
vt -2.500000 187.580399 0.000000
vt -5.000000 187.580399 0.000000
vt -7.500000 187.580399 0.000000
vt -8.750000 187.580399 0.000000
vt -9.999989 187.627476 0.000000
vt -2.500000 189.084145 0.000000
vt 0.000000 189.897353 0.000000
vt -5.000000 189.084145 0.000000
vt -10.000000 189.897353 0.000000
vt -7.500000 189.084145 0.000000
vt -8.750000 189.084145 0.000000
vt -7.500000 188.270937 0.000000
vt -8.750000 188.270937 0.000000
vt -5.000000 188.270937 0.000000
vt 0.000000 62.614590 0.000000
vt -0.350000 62.614590 0.000000
vt -0.175000 62.225176 0.000000
vt -0.297684 62.190878 0.000000
vt -0.175000 61.835761 0.000000
vt -0.282971 61.714006 0.000000
vt -0.175000 61.463959 0.000000
vt -0.323439 61.314198 0.000000
vt 0.000000 61.092157 0.000000
vt -0.350000 61.092157 0.000000
vt 0.000000 61.853373 0.000000
vt -0.350000 309.358436 0.000000
vt -0.350000 307.443044 0.000000
vt -0.175000 308.291711 0.000000
vt 0.000000 307.443044 0.000000
vt 0.000000 309.358436 0.000000
vt -0.175000 310.028094 0.000000
vt 0.000000 311.273828 0.000000
vt -0.175000 312.362577 0.000000
vt 0.000000 313.189220 0.000000
vt -0.350000 315.104613 0.000000
vt 0.000000 315.104613 0.000000
vt -0.350000 313.189220 0.000000
vt -0.350000 311.273828 0.000000
vt 0.000000 180.851169 0.000000
vt -7.500000 181.347881 0.000000
vt -10.000000 180.851169 0.000000
vt -8.750000 181.347881 0.000000
vt -8.750000 182.371806 0.000000
vt -7.500000 182.371806 0.000000
vt -5.000000 181.347881 0.000000
vt -5.000000 182.371806 0.000000
vt -2.500000 181.347881 0.000000
vt -2.500000 182.371806 0.000000
vt 0.000000 181.977885 0.000000
vt 0.000000 183.104600 0.000000
vt 0.000000 184.231316 0.000000
vt -2.500000 183.743417 0.000000
vt -2.500000 183.057612 0.000000
vt -5.000000 183.057612 0.000000
vt -7.500000 183.057612 0.000000
vt -8.750000 183.057612 0.000000
vt -9.999989 183.104213 0.000000
vt -2.500000 184.550724 0.000000
vt 0.000000 185.358032 0.000000
vt -5.000000 184.550724 0.000000
vt -10.000000 185.358032 0.000000
vt -7.500000 184.550724 0.000000
vt -8.750000 184.550724 0.000000
vt -7.500000 183.743417 0.000000
vt -8.750000 183.743417 0.000000
vt -5.000000 183.743417 0.000000
vt 0.000000 61.092146 0.000000
vt -0.350000 61.092146 0.000000
vt -0.175000 60.702420 0.000000
vt -0.297881 60.671273 0.000000
vt -0.175000 60.312695 0.000000
vt -0.282717 60.193731 0.000000
vt -0.175000 59.940622 0.000000
vt -0.323213 59.791880 0.000000
vt 0.000000 59.568549 0.000000
vt -0.350000 59.568549 0.000000
vt 0.000000 60.330347 0.000000
vt -0.350000 301.692435 0.000000
vt -0.350000 299.775579 0.000000
vt -0.175000 300.624875 0.000000
vt 0.000000 299.775579 0.000000
vt 0.000000 301.692435 0.000000
vt -0.175000 302.362605 0.000000
vt 0.000000 303.609291 0.000000
vt -0.175000 304.698827 0.000000
vt 0.000000 305.526147 0.000000
vt -0.350000 307.443003 0.000000
vt 0.000000 307.443003 0.000000
vt -0.350000 305.526147 0.000000
vt -0.350000 303.609291 0.000000
vt 0.000000 176.340835 0.000000
vt -7.500000 176.837912 0.000000
vt -10.000000 176.340835 0.000000
vt -8.750000 176.837912 0.000000
vt -8.750000 177.862634 0.000000
vt -7.500000 177.862634 0.000000
vt -5.000000 176.837912 0.000000
vt -5.000000 177.862634 0.000000
vt -2.500000 176.837912 0.000000
vt -2.500000 177.862634 0.000000
vt 0.000000 177.468412 0.000000
vt 0.000000 178.595989 0.000000
vt 0.000000 179.723565 0.000000
vt -2.500000 179.235262 0.000000
vt -2.500000 178.548948 0.000000
vt -5.000000 178.548948 0.000000
vt -7.500000 178.548948 0.000000
vt -8.750000 178.548948 0.000000
vt -9.999989 178.595600 0.000000
vt -2.500000 180.043202 0.000000
vt 0.000000 180.851142 0.000000
vt -5.000000 180.043202 0.000000
vt -10.000000 180.851142 0.000000
vt -7.500000 180.043202 0.000000
vt -8.750000 180.043202 0.000000
vt -7.500000 179.235262 0.000000
vt -8.750000 179.235262 0.000000
vt -5.000000 179.235262 0.000000
vt 0.000000 59.568537 0.000000
vt -0.350000 59.568537 0.000000
vt -0.175000 59.178468 0.000000
vt -0.298105 59.150754 0.000000
vt -0.175000 58.788398 0.000000
vt -0.282440 58.672468 0.000000
vt -0.175000 58.416025 0.000000
vt -0.322966 58.268397 0.000000
vt 0.000000 58.043651 0.000000
vt -0.350000 58.043651 0.000000
vt 0.000000 58.806094 0.000000
vt -0.350000 294.020259 0.000000
vt -0.350000 292.101780 0.000000
vt -0.175000 292.951774 0.000000
vt 0.000000 292.101780 0.000000
vt 0.000000 294.020259 0.000000
vt -0.175000 294.690996 0.000000
vt 0.000000 295.938737 0.000000
vt -0.175000 297.029139 0.000000
vt 0.000000 297.857216 0.000000
vt -0.350000 299.775695 0.000000
vt 0.000000 299.775695 0.000000
vt -0.350000 297.857216 0.000000
vt -0.350000 295.938737 0.000000
vt 0.000000 171.826760 0.000000
vt -7.500000 172.324241 0.000000
vt -10.000000 171.826760 0.000000
vt -8.750000 172.324241 0.000000
vt -8.750000 173.349848 0.000000
vt -7.500000 173.349848 0.000000
vt -5.000000 172.324241 0.000000
vt -5.000000 173.349848 0.000000
vt -2.500000 172.324241 0.000000
vt -2.500000 173.349848 0.000000
vt 0.000000 172.955292 0.000000
vt 0.000000 174.083823 0.000000
vt 0.000000 175.212354 0.000000
vt -2.500000 174.723602 0.000000
vt -2.500000 174.036725 0.000000
vt -5.000000 174.036725 0.000000
vt -7.500000 174.036725 0.000000
vt -8.750000 174.036725 0.000000
vt -9.999989 174.083433 0.000000
vt -2.500000 175.532244 0.000000
vt 0.000000 176.340885 0.000000
vt -5.000000 175.532244 0.000000
vt -10.000000 176.340885 0.000000
vt -7.500000 175.532244 0.000000
vt -8.750000 175.532244 0.000000
vt -7.500000 174.723602 0.000000
vt -8.750000 174.723602 0.000000
vt -5.000000 174.723602 0.000000
vt 0.000000 58.043639 0.000000
vt -0.350000 58.043639 0.000000
vt -0.175000 57.653192 0.000000
vt -0.296356 57.609560 0.000000
vt -0.175000 57.262744 0.000000
vt -0.283375 57.122786 0.000000
vt -0.175000 56.890041 0.000000
vt -0.324593 56.730885 0.000000
vt 0.000000 56.517337 0.000000
vt -0.350000 56.517337 0.000000
vt 0.000000 57.280488 0.000000
vt -0.350000 286.341170 0.000000
vt -0.350000 284.420908 0.000000
vt -0.175000 285.271669 0.000000
vt 0.000000 284.420908 0.000000
vt 0.000000 286.341170 0.000000
vt -0.175000 287.012530 0.000000
vt 0.000000 288.261431 0.000000
vt -0.175000 289.352781 0.000000
vt 0.000000 290.181692 0.000000
vt -0.350000 292.101954 0.000000
vt 0.000000 292.101954 0.000000
vt -0.350000 290.181692 0.000000
vt -0.350000 288.261431 0.000000
vt 0.000000 167.308520 0.000000
vt -7.500000 167.806445 0.000000
vt -10.000000 167.308520 0.000000
vt -8.750000 167.806445 0.000000
vt -8.750000 168.833022 0.000000
vt -7.500000 168.833022 0.000000
vt -5.000000 167.806445 0.000000
vt -5.000000 168.833022 0.000000
vt -2.500000 167.806445 0.000000
vt -2.500000 168.833022 0.000000
vt 0.000000 168.438100 0.000000
vt 0.000000 169.567679 0.000000
vt 0.000000 170.697259 0.000000
vt -2.500000 170.208013 0.000000
vt -2.500000 169.520518 0.000000
vt -5.000000 169.520518 0.000000
vt -7.500000 169.520518 0.000000
vt -8.750000 169.520518 0.000000
vt -9.999989 169.567288 0.000000
vt -2.500000 171.017426 0.000000
vt 0.000000 171.826839 0.000000
vt -5.000000 171.017426 0.000000
vt -10.000000 171.826839 0.000000
vt -7.500000 171.017426 0.000000
vt -8.750000 171.017426 0.000000
vt -7.500000 170.208013 0.000000
vt -8.750000 170.208013 0.000000
vt -5.000000 170.208013 0.000000
vt 0.000000 56.517324 0.000000
vt -0.350000 56.517324 0.000000
vt -0.175000 56.126465 0.000000
vt -0.296478 56.085569 0.000000
vt -0.175000 55.735606 0.000000
vt -0.283052 55.598582 0.000000
vt -0.175000 55.362542 0.000000
vt -0.324330 55.204494 0.000000
vt 0.000000 54.989479 0.000000
vt -0.350000 54.989479 0.000000
vt 0.000000 55.753402 0.000000
vt -0.350000 278.654488 0.000000
vt -0.350000 276.732283 0.000000
vt -0.175000 277.583879 0.000000
vt 0.000000 276.732283 0.000000
vt 0.000000 278.654488 0.000000
vt -0.175000 279.326528 0.000000
vt 0.000000 280.576693 0.000000
vt -0.175000 281.669077 0.000000
vt 0.000000 282.498898 0.000000
vt -0.350000 284.421103 0.000000
vt 0.000000 284.421103 0.000000
vt -0.350000 282.498898 0.000000
vt -0.350000 280.576693 0.000000
vt 0.000000 162.785717 0.000000
vt -7.500000 163.284126 0.000000
vt -10.000000 162.785717 0.000000
vt -8.750000 163.284126 0.000000
vt -8.750000 164.311762 0.000000
vt -7.500000 164.311762 0.000000
vt -5.000000 163.284126 0.000000
vt -5.000000 164.311762 0.000000
vt -2.500000 163.284126 0.000000
vt -2.500000 164.311762 0.000000
vt 0.000000 163.916440 0.000000
vt 0.000000 165.047162 0.000000
vt 0.000000 166.177885 0.000000
vt -2.500000 165.688101 0.000000
vt -2.500000 164.999932 0.000000
vt -5.000000 164.999932 0.000000
vt -7.500000 164.999932 0.000000
vt -8.750000 164.999932 0.000000
vt -9.999989 165.046770 0.000000
vt -2.500000 166.498355 0.000000
vt 0.000000 167.308608 0.000000
vt -5.000000 166.498355 0.000000
vt -10.000000 167.308608 0.000000
vt -7.500000 166.498355 0.000000
vt -8.750000 166.498355 0.000000
vt -7.500000 165.688101 0.000000
vt -8.750000 165.688101 0.000000
vt -5.000000 165.688101 0.000000
vt 0.000000 54.989465 0.000000
vt -0.350000 54.989465 0.000000
vt -0.175000 54.598159 0.000000
vt -0.296164 54.555609 0.000000
vt -0.175000 54.206854 0.000000
vt -0.282960 54.067804 0.000000
vt -0.175000 53.833400 0.000000
vt -0.324379 53.674329 0.000000
vt 0.000000 53.459947 0.000000
vt -0.350000 53.459947 0.000000
vt 0.000000 54.224706 0.000000
vt -0.350000 270.959543 0.000000
vt -0.350000 269.035232 0.000000
vt -0.175000 269.887733 0.000000
vt 0.000000 269.035232 0.000000
vt 0.000000 270.959543 0.000000
vt -0.175000 271.632319 0.000000
vt 0.000000 272.883855 0.000000
vt -0.175000 273.977358 0.000000
vt 0.000000 274.808166 0.000000
vt -0.350000 276.732478 0.000000
vt 0.000000 276.732478 0.000000
vt -0.350000 274.808166 0.000000
vt -0.350000 272.883855 0.000000
vt 0.000000 158.257958 0.000000
vt -7.500000 158.756892 0.000000
vt -10.000000 158.257958 0.000000
vt -8.750000 158.756892 0.000000
vt -8.750000 159.785675 0.000000
vt -7.500000 159.785675 0.000000
vt -5.000000 158.756892 0.000000
vt -5.000000 159.785675 0.000000
vt -2.500000 158.756892 0.000000
vt -2.500000 159.785675 0.000000
vt 0.000000 159.389919 0.000000
vt 0.000000 160.521881 0.000000
vt 0.000000 161.653843 0.000000
vt -2.500000 161.163475 0.000000
vt -2.500000 160.474575 0.000000
vt -5.000000 160.474575 0.000000
vt -7.500000 160.474575 0.000000
vt -8.750000 160.474575 0.000000
vt -9.999989 160.521487 0.000000
vt -2.500000 161.974640 0.000000
vt 0.000000 162.785805 0.000000
vt -5.000000 161.974640 0.000000
vt -10.000000 162.785805 0.000000
vt -7.500000 161.974640 0.000000
vt -8.750000 161.974640 0.000000
vt -7.500000 161.163475 0.000000
vt -8.750000 161.163475 0.000000
vt -5.000000 161.163475 0.000000
vt 0.000000 53.459933 0.000000
vt -0.350000 53.459933 0.000000
vt -0.175000 53.068146 0.000000
vt -0.296125 53.026903 0.000000
vt -0.175000 52.676358 0.000000
vt -0.282690 52.538569 0.000000
vt -0.175000 52.302485 0.000000
vt -0.324211 52.143778 0.000000
vt 0.000000 51.928611 0.000000
vt -0.350000 51.928611 0.000000
vt 0.000000 52.694272 0.000000
vt -0.350000 263.255640 0.000000
vt -0.350000 261.329058 0.000000
vt -0.175000 262.182535 0.000000
vt 0.000000 261.329058 0.000000
vt 0.000000 263.255640 0.000000
vt -0.175000 263.929210 0.000000
vt 0.000000 265.182222 0.000000
vt -0.175000 266.276934 0.000000
vt 0.000000 267.108804 0.000000
vt -0.175000 267.656160 0.000000
vt 0.000000 269.035386 0.000000
vt -0.350000 269.035386 0.000000
vt -0.350000 267.108804 0.000000
vt -0.350000 265.182222 0.000000
vt 0.000000 153.724836 0.000000
vt -7.500000 154.224336 0.000000
vt -10.000000 153.724836 0.000000
vt -8.750000 154.224336 0.000000
vt -8.750000 155.254356 0.000000
vt -7.500000 155.254356 0.000000
vt -5.000000 154.224336 0.000000
vt -5.000000 155.254356 0.000000
vt -2.500000 154.224336 0.000000
vt -2.500000 155.254356 0.000000
vt 0.000000 154.858133 0.000000
vt 0.000000 155.991431 0.000000
vt 0.000000 157.124728 0.000000
vt -2.500000 156.633731 0.000000
vt -2.500000 155.944043 0.000000
vt -5.000000 155.944043 0.000000
vt -7.500000 155.944043 0.000000
vt -8.750000 155.944043 0.000000
vt -9.999989 155.991034 0.000000
vt -2.500000 157.445878 0.000000
vt 0.000000 158.258025 0.000000
vt -5.000000 157.445878 0.000000
vt -10.000000 158.258025 0.000000
vt -7.500000 157.445878 0.000000
vt -8.750000 157.445878 0.000000
vt -7.500000 156.633731 0.000000
vt -8.750000 156.633731 0.000000
vt -5.000000 156.633731 0.000000
vt 0.000000 51.928597 0.000000
vt -0.350000 51.928597 0.000000
vt -0.175000 51.536292 0.000000
vt -0.306985 51.591469 0.000000
vt -0.278690 51.177547 0.000000
vt -0.350000 50.395339 0.000000
vt -0.175000 50.769663 0.000000
vt -0.175000 51.143987 0.000000
vt 0.000000 51.161968 0.000000
vt 0.000000 50.395339 0.000000
vt -0.350000 255.542012 0.000000
vt -0.350000 253.612994 0.000000
vt -0.175000 254.467517 0.000000
vt 0.000000 253.612994 0.000000
vt 0.000000 255.542012 0.000000
vt -0.175000 256.216434 0.000000
vt 0.000000 257.471030 0.000000
vt -0.175000 258.567043 0.000000
vt 0.000000 259.400048 0.000000
vt -0.175000 259.948055 0.000000
vt 0.000000 261.329066 0.000000
vt -0.350000 261.329066 0.000000
vt -0.350000 259.400048 0.000000
vt -0.350000 257.471030 0.000000
vt 0.000000 149.185911 0.000000
vt -7.500000 149.686017 0.000000
vt -10.000000 149.185911 0.000000
vt -8.750000 149.686017 0.000000
vt -8.750000 150.717364 0.000000
vt -7.500000 150.717364 0.000000
vt -5.000000 149.686017 0.000000
vt -5.000000 150.717364 0.000000
vt -2.500000 149.686017 0.000000
vt -2.500000 150.717364 0.000000
vt 0.000000 150.320641 0.000000
vt 0.000000 151.455371 0.000000
vt 0.000000 152.590101 0.000000
vt -2.500000 152.098428 0.000000
vt -2.500000 151.407896 0.000000
vt -5.000000 151.407896 0.000000
vt -7.500000 151.407896 0.000000
vt -8.750000 151.407896 0.000000
vt -9.999989 151.454973 0.000000
vt -2.500000 152.911630 0.000000
vt 0.000000 153.724831 0.000000
vt -5.000000 152.911630 0.000000
vt -10.000000 153.724831 0.000000
vt -7.500000 152.911630 0.000000
vt -8.750000 152.911630 0.000000
vt -7.500000 152.098428 0.000000
vt -8.750000 152.098428 0.000000
vt -5.000000 152.098428 0.000000
vt 0.000000 50.395422 0.000000
vt -0.350000 50.395422 0.000000
vt -0.175000 50.006151 0.000000
vt -0.297598 49.970403 0.000000
vt -0.175000 49.616879 0.000000
vt -0.283089 49.493833 0.000000
vt -0.175000 49.245203 0.000000
vt -0.323543 49.094972 0.000000
vt 0.000000 48.873526 0.000000
vt -0.350000 48.873526 0.000000
vt 0.000000 49.634474 0.000000
vt -0.350000 247.868072 0.000000
vt -0.350000 245.953358 0.000000
vt -0.175000 246.801733 0.000000
vt 0.000000 245.953358 0.000000
vt 0.000000 247.868072 0.000000
vt -0.175000 248.537493 0.000000
vt 0.000000 249.782786 0.000000
vt -0.175000 250.871173 0.000000
vt 0.000000 251.697500 0.000000
vt -0.350000 253.612214 0.000000
vt 0.000000 253.612214 0.000000
vt -0.350000 251.697500 0.000000
vt -0.350000 249.782786 0.000000
vt 0.000000 144.680309 0.000000
vt -7.500000 145.176852 0.000000
vt -10.000000 144.680309 0.000000
vt -8.750000 145.176852 0.000000
vt -8.750000 146.200408 0.000000
vt -7.500000 146.200408 0.000000
vt -5.000000 145.176852 0.000000
vt -5.000000 146.200408 0.000000
vt -2.500000 145.176852 0.000000
vt -2.500000 146.200408 0.000000
vt 0.000000 145.806626 0.000000
vt 0.000000 146.932943 0.000000
vt 0.000000 148.059260 0.000000
vt -2.500000 147.571549 0.000000
vt -2.500000 146.885978 0.000000
vt -5.000000 146.885978 0.000000
vt -7.500000 146.885978 0.000000
vt -8.750000 146.885978 0.000000
vt -9.999989 146.932556 0.000000
vt -2.500000 148.378563 0.000000
vt 0.000000 149.185577 0.000000
vt -5.000000 148.378563 0.000000
vt -10.000000 149.185577 0.000000
vt -7.500000 148.378563 0.000000
vt -8.750000 148.378563 0.000000
vt -7.500000 147.571549 0.000000
vt -8.750000 147.571549 0.000000
vt -5.000000 147.571549 0.000000
vt 0.000000 48.873522 0.000000
vt -0.350000 48.873522 0.000000
vt -0.175000 48.484108 0.000000
vt -0.297683 48.449802 0.000000
vt -0.175000 48.094694 0.000000
vt -0.282971 47.972932 0.000000
vt -0.175000 47.722893 0.000000
vt -0.323439 47.573131 0.000000
vt 0.000000 47.351092 0.000000
vt -0.350000 47.351092 0.000000
vt 0.000000 48.112307 0.000000
vt -0.350000 240.207085 0.000000
vt -0.350000 238.291699 0.000000
vt -0.175000 239.140363 0.000000
vt 0.000000 238.291699 0.000000
vt 0.000000 240.207085 0.000000
vt -0.175000 240.876740 0.000000
vt 0.000000 242.122471 0.000000
vt -0.175000 243.211225 0.000000
vt 0.000000 244.037857 0.000000
vt -0.350000 245.953243 0.000000
vt 0.000000 245.953243 0.000000
vt -0.350000 244.037857 0.000000
vt -0.350000 242.122471 0.000000
vt 0.000000 140.173401 0.000000
vt -7.500000 140.670111 0.000000
vt -10.000000 140.173401 0.000000
vt -8.750000 140.670111 0.000000
vt -8.750000 141.694033 0.000000
vt -7.500000 141.694033 0.000000
vt -5.000000 140.670111 0.000000
vt -5.000000 141.694033 0.000000
vt -2.500000 140.670111 0.000000
vt -2.500000 141.694033 0.000000
vt 0.000000 141.300113 0.000000
vt 0.000000 142.426825 0.000000
vt 0.000000 143.553538 0.000000
vt -2.500000 143.065641 0.000000
vt -2.500000 142.379837 0.000000
vt -5.000000 142.379837 0.000000
vt -7.500000 142.379837 0.000000
vt -8.750000 142.379837 0.000000
vt -9.999989 142.426438 0.000000
vt -2.500000 143.872946 0.000000
vt 0.000000 144.680250 0.000000
vt -5.000000 143.872946 0.000000
vt -10.000000 144.680250 0.000000
vt -7.500000 143.872946 0.000000
vt -8.750000 143.872946 0.000000
vt -7.500000 143.065641 0.000000
vt -8.750000 143.065641 0.000000
vt -5.000000 143.065641 0.000000
vt 0.000000 47.351088 0.000000
vt -0.350000 47.351088 0.000000
vt -0.175000 46.961523 0.000000
vt -0.297777 46.928750 0.000000
vt -0.175000 46.571958 0.000000
vt -0.282848 46.451556 0.000000
vt -0.175000 46.200025 0.000000
vt -0.323330 46.050759 0.000000
vt 0.000000 45.828092 0.000000
vt -0.350000 45.828092 0.000000
vt 0.000000 46.589590 0.000000
vt -0.350000 232.543406 0.000000
vt -0.350000 230.627308 0.000000
vt -0.175000 231.476278 0.000000
vt 0.000000 230.627308 0.000000
vt 0.000000 232.543406 0.000000
vt -0.175000 233.213310 0.000000
vt 0.000000 234.459504 0.000000
vt -0.175000 235.548639 0.000000
vt 0.000000 236.375602 0.000000
vt -0.350000 238.291700 0.000000
vt 0.000000 238.291700 0.000000
vt -0.350000 236.375602 0.000000
vt -0.350000 234.459504 0.000000
vt 0.000000 135.664875 0.000000
vt -7.500000 136.161763 0.000000
vt -10.000000 135.664875 0.000000
vt -8.750000 136.161763 0.000000
vt -8.750000 137.186073 0.000000
vt -7.500000 137.186073 0.000000
vt -5.000000 136.161763 0.000000
vt -5.000000 137.186073 0.000000
vt -2.500000 136.161763 0.000000
vt -2.500000 137.186073 0.000000
vt 0.000000 136.792006 0.000000
vt 0.000000 137.919137 0.000000
vt 0.000000 139.046268 0.000000
vt -2.500000 138.558175 0.000000
vt -2.500000 137.872124 0.000000
vt -5.000000 137.872124 0.000000
vt -7.500000 137.872124 0.000000
vt -8.750000 137.872124 0.000000
vt -9.999989 137.918749 0.000000
vt -2.500000 139.365787 0.000000
vt 0.000000 140.173399 0.000000
vt -5.000000 139.365787 0.000000
vt -10.000000 140.173399 0.000000
vt -7.500000 139.365787 0.000000
vt -8.750000 139.365787 0.000000
vt -7.500000 138.558175 0.000000
vt -8.750000 138.558175 0.000000
vt -5.000000 138.558175 0.000000
vt 0.000000 45.828088 0.000000
vt -0.350000 45.828088 0.000000
vt -0.175000 45.438364 0.000000
vt -0.297880 45.407204 0.000000
vt -0.175000 45.048639 0.000000
vt -0.282718 44.929664 0.000000
vt -0.175000 44.676567 0.000000
vt -0.323214 44.527822 0.000000
vt 0.000000 44.304495 0.000000
vt -0.350000 44.304495 0.000000
vt 0.000000 45.066292 0.000000
vt -0.350000 224.876780 0.000000
vt -0.350000 222.959930 0.000000
vt -0.175000 223.809224 0.000000
vt 0.000000 222.959930 0.000000
vt 0.000000 224.876780 0.000000
vt -0.175000 225.546947 0.000000
vt 0.000000 226.793629 0.000000
vt -0.175000 227.883166 0.000000
vt 0.000000 228.710479 0.000000
vt -0.350000 230.627328 0.000000
vt 0.000000 230.627328 0.000000
vt -0.350000 228.710479 0.000000
vt -0.350000 226.793629 0.000000
vt 0.000000 131.154590 0.000000
vt -7.500000 131.651665 0.000000
vt -10.000000 131.154590 0.000000
vt -8.750000 131.651665 0.000000
vt -8.750000 132.676385 0.000000
vt -7.500000 132.676385 0.000000
vt -5.000000 131.651665 0.000000
vt -5.000000 132.676385 0.000000
vt -2.500000 131.651665 0.000000
vt -2.500000 132.676385 0.000000
vt 0.000000 132.282163 0.000000
vt 0.000000 133.409737 0.000000
vt 0.000000 134.537310 0.000000
vt -2.500000 134.049008 0.000000
vt -2.500000 133.362697 0.000000
vt -5.000000 133.362697 0.000000
vt -7.500000 133.362697 0.000000
vt -8.750000 133.362697 0.000000
vt -9.999989 133.409348 0.000000
vt -2.500000 134.856946 0.000000
vt 0.000000 135.664883 0.000000
vt -5.000000 134.856946 0.000000
vt -10.000000 135.664883 0.000000
vt -7.500000 134.856946 0.000000
vt -8.750000 134.856946 0.000000
vt -7.500000 134.049008 0.000000
vt -8.750000 134.049008 0.000000
vt -5.000000 134.049008 0.000000
vt 0.000000 44.304491 0.000000
vt -0.350000 44.304491 0.000000
vt -0.175000 43.914599 0.000000
vt -0.297989 43.885121 0.000000
vt -0.175000 43.524707 0.000000
vt -0.282582 43.407218 0.000000
vt -0.175000 43.152488 0.000000
vt -0.323094 43.004287 0.000000
vt 0.000000 42.780270 0.000000
vt -0.350000 42.780270 0.000000
vt 0.000000 43.542381 0.000000
vt -0.350000 217.206974 0.000000
vt -0.350000 215.289334 0.000000
vt -0.175000 216.138967 0.000000
vt 0.000000 215.289334 0.000000
vt 0.000000 217.206974 0.000000
vt -0.175000 217.877417 0.000000
vt 0.000000 219.124614 0.000000
vt -0.175000 220.214573 0.000000
vt 0.000000 221.042254 0.000000
vt -0.350000 222.959894 0.000000
vt 0.000000 222.959894 0.000000
vt -0.350000 221.042254 0.000000
vt -0.350000 219.124614 0.000000
vt 0.000000 126.642418 0.000000
vt -7.500000 127.139689 0.000000
vt -10.000000 126.642418 0.000000
vt -8.750000 127.139689 0.000000
vt -8.750000 128.164839 0.000000
vt -7.500000 128.164839 0.000000
vt -5.000000 127.139689 0.000000
vt -5.000000 128.164839 0.000000
vt -2.500000 127.139689 0.000000
vt -2.500000 128.164839 0.000000
vt 0.000000 127.770456 0.000000
vt 0.000000 128.898494 0.000000
vt 0.000000 130.026532 0.000000
vt -2.500000 129.538012 0.000000
vt -2.500000 128.851425 0.000000
vt -5.000000 128.851425 0.000000
vt -7.500000 128.851425 0.000000
vt -8.750000 128.851425 0.000000
vt -9.999989 128.898104 0.000000
vt -2.500000 130.346291 0.000000
vt 0.000000 131.154570 0.000000
vt -5.000000 130.346291 0.000000
vt -10.000000 131.154570 0.000000
vt -7.500000 130.346291 0.000000
vt -8.750000 130.346291 0.000000
vt -7.500000 129.538012 0.000000
vt -8.750000 129.538012 0.000000
vt -5.000000 129.538012 0.000000
vt 0.000000 42.780266 0.000000
vt -0.350000 42.780266 0.000000
vt -0.175000 42.390197 0.000000
vt -0.298103 42.362462 0.000000
vt -0.175000 42.000128 0.000000
vt -0.282442 41.884179 0.000000
vt -0.175000 41.627756 0.000000
vt -0.322968 41.480122 0.000000
vt 0.000000 41.255385 0.000000
vt -0.350000 41.255385 0.000000
vt 0.000000 42.017825 0.000000
vt -0.350000 209.533662 0.000000
vt -0.350000 207.615194 0.000000
vt -0.175000 208.465182 0.000000
vt 0.000000 207.615194 0.000000
vt 0.000000 209.533662 0.000000
vt -0.175000 210.204395 0.000000
vt 0.000000 211.452130 0.000000
vt -0.175000 212.542540 0.000000
vt 0.000000 213.370598 0.000000
vt -0.350000 215.289066 0.000000
vt 0.000000 215.289066 0.000000
vt -0.350000 213.370598 0.000000
vt -0.350000 211.452130 0.000000
vt 0.000000 122.128182 0.000000
vt -7.500000 122.625659 0.000000
vt -10.000000 122.128182 0.000000
vt -8.750000 122.625659 0.000000
vt -8.750000 123.651261 0.000000
vt -7.500000 123.651261 0.000000
vt -5.000000 122.625659 0.000000
vt -5.000000 123.651261 0.000000
vt -2.500000 122.625659 0.000000
vt -2.500000 123.651261 0.000000
vt 0.000000 123.256707 0.000000
vt 0.000000 124.385233 0.000000
vt 0.000000 125.513758 0.000000
vt -2.500000 125.025008 0.000000
vt -2.500000 124.338135 0.000000
vt -5.000000 124.338135 0.000000
vt -7.500000 124.338135 0.000000
vt -8.750000 124.338135 0.000000
vt -9.999989 124.384842 0.000000
vt -2.500000 125.833646 0.000000
vt 0.000000 126.642283 0.000000
vt -5.000000 125.833646 0.000000
vt -10.000000 126.642283 0.000000
vt -7.500000 125.833646 0.000000
vt -8.750000 125.833646 0.000000
vt -7.500000 125.025008 0.000000
vt -8.750000 125.025008 0.000000
vt -5.000000 125.025008 0.000000
vt 0.000000 41.255381 0.000000
vt -0.350000 41.255381 0.000000
vt -0.175000 40.865126 0.000000
vt -0.296307 40.820286 0.000000
vt -0.175000 40.474871 0.000000
vt -0.283530 40.333565 0.000000
vt -0.175000 40.102340 0.000000
vt -0.324717 39.942671 0.000000
vt 0.000000 39.729808 0.000000
vt -0.350000 39.729808 0.000000
vt 0.000000 40.492594 0.000000
vt -0.350000 201.856151 0.000000
vt -0.350000 199.936822 0.000000
vt -0.175000 200.787177 0.000000
vt 0.000000 199.936822 0.000000
vt 0.000000 201.856151 0.000000
vt -0.175000 202.527185 0.000000
vt 0.000000 203.775479 0.000000
vt -0.175000 204.866379 0.000000
vt 0.000000 205.694807 0.000000
vt -0.350000 207.614136 0.000000
vt 0.000000 207.614136 0.000000
vt -0.350000 205.694807 0.000000
vt -0.350000 203.775479 0.000000
vt 0.000000 117.611528 0.000000
vt -7.500000 118.109218 0.000000
vt -10.000000 117.611528 0.000000
vt -8.750000 118.109218 0.000000
vt -8.750000 119.135292 0.000000
vt -7.500000 119.135292 0.000000
vt -5.000000 118.109218 0.000000
vt -5.000000 119.135292 0.000000
vt -2.500000 118.109218 0.000000
vt -2.500000 119.135292 0.000000
vt 0.000000 118.740560 0.000000
vt 0.000000 119.869593 0.000000
vt 0.000000 120.998625 0.000000
vt -2.500000 120.509635 0.000000
vt -2.500000 119.822463 0.000000
vt -5.000000 119.822463 0.000000
vt -7.500000 119.822463 0.000000
vt -8.750000 119.822463 0.000000
vt -9.999989 119.869201 0.000000
vt -2.500000 121.318646 0.000000
vt 0.000000 122.127657 0.000000
vt -5.000000 121.318646 0.000000
vt -10.000000 122.127657 0.000000
vt -7.500000 121.318646 0.000000
vt -8.750000 121.318646 0.000000
vt -7.500000 120.509635 0.000000
vt -8.750000 120.509635 0.000000
vt -5.000000 120.509635 0.000000
vt 0.000000 39.729805 0.000000
vt -0.350000 39.729805 0.000000
vt -0.175000 39.339352 0.000000
vt -0.296347 39.295663 0.000000
vt -0.175000 38.948899 0.000000
vt -0.283391 38.808883 0.000000
vt -0.175000 38.576204 0.000000
vt -0.324599 38.417027 0.000000
vt 0.000000 38.203509 0.000000
vt -0.350000 38.203509 0.000000
vt 0.000000 38.966657 0.000000
vt -0.350000 194.172622 0.000000
vt -0.350000 192.252418 0.000000
vt -0.175000 193.103134 0.000000
vt 0.000000 192.252418 0.000000
vt 0.000000 194.172622 0.000000
vt -0.175000 194.843963 0.000000
vt 0.000000 196.092827 0.000000
vt -0.175000 197.184312 0.000000
vt 0.000000 198.013031 0.000000
vt -0.350000 199.933235 0.000000
vt 0.000000 199.933235 0.000000
vt -0.350000 198.013031 0.000000
vt -0.350000 196.092827 0.000000
vt 0.000000 113.091553 0.000000
vt -7.500000 113.589453 0.000000
vt -10.000000 113.091553 0.000000
vt -8.750000 113.589453 0.000000
vt -8.750000 114.616017 0.000000
vt -7.500000 114.616017 0.000000
vt -5.000000 113.589453 0.000000
vt -5.000000 114.616017 0.000000
vt -2.500000 113.589453 0.000000
vt -2.500000 114.616017 0.000000
vt 0.000000 114.221104 0.000000
vt 0.000000 115.350655 0.000000
vt 0.000000 116.480206 0.000000
vt -2.500000 115.990965 0.000000
vt -2.500000 115.303491 0.000000
vt -5.000000 115.303491 0.000000
vt -7.500000 115.303491 0.000000
vt -8.750000 115.303491 0.000000
vt -9.999989 115.350261 0.000000
vt -2.500000 116.800361 0.000000
vt 0.000000 117.609757 0.000000
vt -5.000000 116.800361 0.000000
vt -10.000000 117.609757 0.000000
vt -7.500000 116.800361 0.000000
vt -8.750000 116.800361 0.000000
vt -7.500000 115.990965 0.000000
vt -8.750000 115.990965 0.000000
vt -5.000000 115.990965 0.000000
vt 0.000000 38.203493 0.000000
vt -0.350000 38.203493 0.000000
vt -0.175000 37.812831 0.000000
vt -0.296353 37.770223 0.000000
vt -0.175000 37.422169 0.000000
vt -0.283253 37.283297 0.000000
vt -0.175000 37.049305 0.000000
vt -0.324498 36.890651 0.000000
vt 0.000000 36.676441 0.000000
vt -0.350000 36.676441 0.000000
vt 0.000000 37.439967 0.000000
vt -0.350000 186.475804 0.000000
vt -0.350000 184.554785 0.000000
vt -0.175000 185.405871 0.000000
vt 0.000000 184.554785 0.000000
vt 0.000000 186.475804 0.000000
vt -0.175000 187.147429 0.000000
vt 0.000000 188.396823 0.000000
vt -0.175000 189.489041 0.000000
vt 0.000000 190.317842 0.000000
vt -0.350000 192.238861 0.000000
vt 0.000000 192.238861 0.000000
vt -0.350000 190.317842 0.000000
vt -0.350000 188.396823 0.000000
vt 0.000000 108.564685 0.000000
vt -7.500000 109.062789 0.000000
vt -10.000000 108.564685 0.000000
vt -8.750000 109.062789 0.000000
vt -8.750000 110.089813 0.000000
vt -7.500000 110.089813 0.000000
vt -5.000000 109.062789 0.000000
vt -5.000000 110.089813 0.000000
vt -2.500000 109.062789 0.000000
vt -2.500000 110.089813 0.000000
vt 0.000000 109.694728 0.000000
vt 0.000000 110.824771 0.000000
vt 0.000000 111.954814 0.000000
vt -2.500000 111.465367 0.000000
vt -2.500000 110.777590 0.000000
vt -5.000000 110.777590 0.000000
vt -7.500000 110.777590 0.000000
vt -8.750000 110.777590 0.000000
vt -9.999989 110.824374 0.000000
vt -2.500000 112.275112 0.000000
vt 0.000000 113.084857 0.000000
vt -5.000000 112.275112 0.000000
vt -10.000000 113.084857 0.000000
vt -7.500000 112.275112 0.000000
vt -8.750000 112.275112 0.000000
vt -7.500000 111.465367 0.000000
vt -8.750000 111.465367 0.000000
vt -5.000000 111.465367 0.000000
vt 0.000000 36.676441 0.000000
vt -0.350000 36.676441 0.000000
vt -0.175000 36.285577 0.000000
vt -0.296469 36.244682 0.000000
vt -0.175000 35.894714 0.000000
vt -0.283050 35.757715 0.000000
vt -0.175000 35.521658 0.000000
vt -0.324328 35.363663 0.000000
vt 0.000000 35.148602 0.000000
vt -0.350000 35.148602 0.000000
vt 0.000000 35.912522 0.000000
vt -0.350000 178.801890 0.000000
vt -0.350000 176.879739 0.000000
vt -0.175000 177.731331 0.000000
vt 0.000000 176.879739 0.000000
vt 0.000000 178.801890 0.000000
vt -0.175000 179.473911 0.000000
vt 0.000000 180.724041 0.000000
vt -0.175000 181.816659 0.000000
vt 0.000000 182.646192 0.000000
vt -0.350000 184.568343 0.000000
vt 0.000000 184.568343 0.000000
vt -0.350000 182.646192 0.000000
vt -0.350000 180.724041 0.000000
vt 0.000000 104.048591 0.000000
vt -7.500000 104.546986 0.000000
vt -10.000000 104.048591 0.000000
vt -8.750000 104.546986 0.000000
vt -8.750000 105.574599 0.000000
vt -7.500000 105.574599 0.000000
vt -5.000000 104.546986 0.000000
vt -5.000000 105.574599 0.000000
vt -2.500000 104.546986 0.000000
vt -2.500000 105.574599 0.000000
vt 0.000000 105.179286 0.000000
vt 0.000000 106.309982 0.000000
vt 0.000000 107.440677 0.000000
vt -2.500000 106.950930 0.000000
vt -2.500000 106.262764 0.000000
vt -5.000000 106.262764 0.000000
vt -7.500000 106.262764 0.000000
vt -8.750000 106.262764 0.000000
vt -9.999989 106.309587 0.000000
vt -2.500000 107.761151 0.000000
vt 0.000000 108.571372 0.000000
vt -5.000000 107.761151 0.000000
vt -10.000000 108.571372 0.000000
vt -7.500000 107.761151 0.000000
vt -8.750000 107.761151 0.000000
vt -7.500000 106.950930 0.000000
vt -8.750000 106.950930 0.000000
vt -5.000000 106.950930 0.000000
vt 0.000000 35.148603 0.000000
vt -0.350000 35.148603 0.000000
vt -0.175000 34.757525 0.000000
vt -0.296183 34.714380 0.000000
vt -0.175000 34.366447 0.000000
vt -0.283088 34.226818 0.000000
vt -0.175000 33.993196 0.000000
vt -0.324458 33.833969 0.000000
vt 0.000000 33.619944 0.000000
vt -0.350000 33.619944 0.000000
vt 0.000000 34.384274 0.000000
vt -0.350000 171.113103 0.000000
vt -0.350000 169.189888 0.000000
vt -0.175000 170.041923 0.000000
vt 0.000000 169.189888 0.000000
vt 0.000000 171.113103 0.000000
vt -0.175000 171.785496 0.000000
vt 0.000000 173.036318 0.000000
vt -0.175000 174.129307 0.000000
vt 0.000000 174.959533 0.000000
vt -0.350000 176.882748 0.000000
vt 0.000000 176.882748 0.000000
vt -0.350000 174.959533 0.000000
vt -0.350000 173.036318 0.000000
vt 0.000000 99.524802 0.000000
vt -7.500000 100.023463 0.000000
vt -10.000000 99.524802 0.000000
vt -8.750000 100.023463 0.000000
vt -8.750000 101.051651 0.000000
vt -7.500000 101.051651 0.000000
vt -5.000000 100.023463 0.000000
vt -5.000000 101.051651 0.000000
vt -2.500000 100.023463 0.000000
vt -2.500000 101.051651 0.000000
vt 0.000000 100.656121 0.000000
vt 0.000000 101.787439 0.000000
vt 0.000000 102.918757 0.000000
vt -2.500000 102.428698 0.000000
vt -2.500000 101.740175 0.000000
vt -5.000000 101.740175 0.000000
vt -7.500000 101.740175 0.000000
vt -8.750000 101.740175 0.000000
vt -9.999989 101.787045 0.000000
vt -2.500000 103.239387 0.000000
vt 0.000000 104.050075 0.000000
vt -5.000000 103.239387 0.000000
vt -10.000000 104.050075 0.000000
vt -7.500000 103.239387 0.000000
vt -8.750000 103.239387 0.000000
vt -7.500000 102.428698 0.000000
vt -8.750000 102.428698 0.000000
vt -5.000000 102.428698 0.000000
vt 0.000000 33.619941 0.000000
vt -0.350000 33.619941 0.000000
vt -0.175000 33.228637 0.000000
vt -0.296164 33.186084 0.000000
vt -0.175000 32.837333 0.000000
vt -0.282961 32.698282 0.000000
vt -0.175000 32.463882 0.000000
vt -0.324379 32.304814 0.000000
vt 0.000000 32.090431 0.000000
vt -0.350000 32.090431 0.000000
vt 0.000000 32.855186 0.000000
vt -0.350000 163.417915 0.000000
vt -0.350000 161.493617 0.000000
vt -0.175000 162.346114 0.000000
vt 0.000000 161.493617 0.000000
vt 0.000000 163.417915 0.000000
vt -0.175000 164.090686 0.000000
vt 0.000000 165.342213 0.000000
vt -0.175000 166.435727 0.000000
vt 0.000000 167.266510 0.000000
vt -0.350000 169.190808 0.000000
vt 0.000000 169.190808 0.000000
vt -0.350000 167.266510 0.000000
vt -0.350000 165.342213 0.000000
vt 0.000000 94.997438 0.000000
vt -7.500000 95.496369 0.000000
vt -10.000000 94.997438 0.000000
vt -8.750000 95.496369 0.000000
vt -8.750000 96.525145 0.000000
vt -7.500000 96.525145 0.000000
vt -5.000000 95.496369 0.000000
vt -5.000000 96.525145 0.000000
vt -2.500000 95.496369 0.000000
vt -2.500000 96.525145 0.000000
vt 0.000000 96.129392 0.000000
vt 0.000000 97.261346 0.000000
vt 0.000000 98.393300 0.000000
vt -2.500000 97.902938 0.000000
vt -2.500000 97.214041 0.000000
vt -5.000000 97.214041 0.000000
vt -7.500000 97.214041 0.000000
vt -8.750000 97.214041 0.000000
vt -9.999989 97.260952 0.000000
vt -2.500000 98.714096 0.000000
vt 0.000000 99.525254 0.000000
vt -5.000000 98.714096 0.000000
vt -10.000000 99.525254 0.000000
vt -7.500000 98.714096 0.000000
vt -8.750000 98.714096 0.000000
vt -7.500000 97.902938 0.000000
vt -8.750000 97.902938 0.000000
vt -5.000000 97.902938 0.000000
vt 0.000000 32.090427 0.000000
vt -0.350000 32.090427 0.000000
vt -0.175000 31.698887 0.000000
vt -0.296144 31.656968 0.000000
vt -0.175000 31.307347 0.000000
vt -0.282829 31.168910 0.000000
vt -0.175000 30.933689 0.000000
vt -0.324297 30.774797 0.000000
vt 0.000000 30.560032 0.000000
vt -0.350000 30.560032 0.000000
vt 0.000000 31.325230 0.000000
vt -0.350000 155.717679 0.000000
vt -0.350000 153.792265 0.000000
vt -0.175000 154.645240 0.000000
vt 0.000000 153.792265 0.000000
vt 0.000000 155.717679 0.000000
vt -0.175000 156.390841 0.000000
vt 0.000000 157.643094 0.000000
vt -0.175000 158.737188 0.000000
vt 0.000000 159.568509 0.000000
vt -0.350000 161.493923 0.000000
vt 0.000000 161.493923 0.000000
vt -0.350000 159.568509 0.000000
vt -0.350000 157.643094 0.000000
vt 0.000000 90.467144 0.000000
vt -7.500000 90.966353 0.000000
vt -10.000000 90.467144 0.000000
vt -8.750000 90.966353 0.000000
vt -8.750000 91.995737 0.000000
vt -7.500000 91.995737 0.000000
vt -5.000000 90.966353 0.000000
vt -5.000000 91.995737 0.000000
vt -2.500000 90.966353 0.000000
vt -2.500000 91.995737 0.000000
vt 0.000000 91.599755 0.000000
vt 0.000000 92.732365 0.000000
vt 0.000000 93.864976 0.000000
vt -2.500000 93.374303 0.000000
vt -2.500000 92.685020 0.000000
vt -5.000000 92.685020 0.000000
vt -7.500000 92.685020 0.000000
vt -8.750000 92.685020 0.000000
vt -9.999989 92.731970 0.000000
vt -2.500000 94.185945 0.000000
vt 0.000000 94.997587 0.000000
vt -5.000000 94.185945 0.000000
vt -10.000000 94.997587 0.000000
vt -7.500000 94.185945 0.000000
vt -8.750000 94.185945 0.000000
vt -7.500000 93.374303 0.000000
vt -8.750000 93.374303 0.000000
vt -5.000000 93.374303 0.000000
vt 0.000000 30.560028 0.000000
vt -0.350000 30.560028 0.000000
vt -0.175000 30.168243 0.000000
vt -0.296126 30.126994 0.000000
vt -0.175000 29.776458 0.000000
vt -0.282691 29.638663 0.000000
vt -0.175000 29.402587 0.000000
vt -0.324211 29.243879 0.000000
vt 0.000000 29.028715 0.000000
vt -0.350000 29.028715 0.000000
vt 0.000000 29.794372 0.000000
vt -0.350000 148.012705 0.000000
vt -0.350000 146.086134 0.000000
vt -0.175000 146.939607 0.000000
vt 0.000000 146.086134 0.000000
vt 0.000000 148.012705 0.000000
vt -0.175000 148.686272 0.000000
vt 0.000000 149.939277 0.000000
vt -0.175000 151.033980 0.000000
vt 0.000000 151.865848 0.000000
vt -0.175000 152.413200 0.000000
vt 0.000000 153.792419 0.000000
vt -0.350000 153.792419 0.000000
vt -0.350000 151.865848 0.000000
vt -0.350000 149.939277 0.000000
vt 0.000000 85.934054 0.000000
vt -7.500000 86.433551 0.000000
vt -10.000000 85.934054 0.000000
vt -8.750000 86.433551 0.000000
vt -8.750000 87.463565 0.000000
vt -7.500000 87.463565 0.000000
vt -5.000000 86.433551 0.000000
vt -5.000000 87.463565 0.000000
vt -2.500000 86.433551 0.000000
vt -2.500000 87.463565 0.000000
vt 0.000000 87.067345 0.000000
vt 0.000000 88.200636 0.000000
vt 0.000000 89.333927 0.000000
vt -2.500000 88.842933 0.000000
vt -2.500000 88.153249 0.000000
vt -5.000000 88.153249 0.000000
vt -7.500000 88.153249 0.000000
vt -8.750000 88.153249 0.000000
vt -9.999989 88.200240 0.000000
vt -2.500000 89.655075 0.000000
vt 0.000000 90.467218 0.000000
vt -5.000000 89.655075 0.000000
vt -10.000000 90.467218 0.000000
vt -7.500000 89.655075 0.000000
vt -8.750000 89.655075 0.000000
vt -7.500000 88.842933 0.000000
vt -8.750000 88.842933 0.000000
vt -5.000000 88.842933 0.000000
vt 0.000000 29.028711 0.000000
vt -0.350000 29.028711 0.000000
vt -0.175000 28.636673 0.000000
vt -0.296108 28.596132 0.000000
vt -0.175000 28.244634 0.000000
vt -0.282549 28.107508 0.000000
vt -0.175000 27.870541 0.000000
vt -0.324123 27.712026 0.000000
vt 0.000000 27.496448 0.000000
vt -0.350000 27.496448 0.000000
vt 0.000000 28.262580 0.000000
vt -0.350000 140.302991 0.000000
vt -0.350000 138.375222 0.000000
vt -0.175000 139.229209 0.000000
vt 0.000000 138.375222 0.000000
vt 0.000000 140.302991 0.000000
vt -0.175000 140.976977 0.000000
vt 0.000000 142.230761 0.000000
vt -0.175000 143.326097 0.000000
vt 0.000000 144.158531 0.000000
vt -0.175000 144.706199 0.000000
vt 0.000000 146.086300 0.000000
vt -0.350000 146.086300 0.000000
vt -0.350000 144.158531 0.000000
vt -0.350000 142.230761 0.000000
vt 0.000000 81.398152 0.000000
vt -7.500000 81.897947 0.000000
vt -10.000000 81.398152 0.000000
vt -8.750000 81.897947 0.000000
vt -8.750000 82.928614 0.000000
vt -7.500000 82.928614 0.000000
vt -5.000000 81.897947 0.000000
vt -5.000000 82.928614 0.000000
vt -2.500000 81.897947 0.000000
vt -2.500000 82.928614 0.000000
vt 0.000000 82.532147 0.000000
vt 0.000000 83.666143 0.000000
vt 0.000000 84.800138 0.000000
vt -2.500000 84.308812 0.000000
vt -2.500000 83.618713 0.000000
vt -5.000000 83.618713 0.000000
vt -7.500000 83.618713 0.000000
vt -8.750000 83.618713 0.000000
vt -9.999989 83.665746 0.000000
vt -2.500000 85.121473 0.000000
vt 0.000000 85.934134 0.000000
vt -5.000000 85.121473 0.000000
vt -10.000000 85.934134 0.000000
vt -7.500000 85.121473 0.000000
vt -8.750000 85.121473 0.000000
vt -7.500000 84.308812 0.000000
vt -8.750000 84.308812 0.000000
vt -5.000000 84.308812 0.000000
vt 0.000000 27.496444 0.000000
vt -0.350000 27.496444 0.000000
vt -0.175000 27.104143 0.000000
vt -0.306986 27.159316 0.000000
vt -0.278690 26.745399 0.000000
vt -0.350000 25.963197 0.000000
vt -0.175000 26.337520 0.000000
vt -0.175000 26.711843 0.000000
vt 0.000000 26.729820 0.000000
vt 0.000000 25.963197 0.000000
vt -0.350000 132.588493 0.000000
vt -0.350000 130.659481 0.000000
vt -0.175000 131.514005 0.000000
vt 0.000000 130.659481 0.000000
vt 0.000000 132.588493 0.000000
vt -0.175000 133.262913 0.000000
vt 0.000000 134.517505 0.000000
vt -0.175000 135.613487 0.000000
vt 0.000000 136.446518 0.000000
vt -0.175000 136.994508 0.000000
vt 0.000000 138.375530 0.000000
vt -0.350000 138.375530 0.000000
vt -0.350000 136.446518 0.000000
vt -0.350000 134.517505 0.000000
vt 0.000000 76.859397 0.000000
vt -7.500000 77.359504 0.000000
vt -10.000000 76.859397 0.000000
vt -8.750000 77.359504 0.000000
vt -8.750000 78.390845 0.000000
vt -7.500000 78.390845 0.000000
vt -5.000000 77.359504 0.000000
vt -5.000000 78.390845 0.000000
vt -2.500000 77.359504 0.000000
vt -2.500000 78.390845 0.000000
vt 0.000000 77.994123 0.000000
vt 0.000000 79.128849 0.000000
vt 0.000000 80.263575 0.000000
vt -2.500000 79.771906 0.000000
vt -2.500000 79.081375 0.000000
vt -5.000000 79.081375 0.000000
vt -7.500000 79.081375 0.000000
vt -8.750000 79.081375 0.000000
vt -9.999989 79.128451 0.000000
vt -2.500000 80.585103 0.000000
vt 0.000000 81.398301 0.000000
vt -5.000000 80.585103 0.000000
vt -10.000000 81.398301 0.000000
vt -7.500000 80.585103 0.000000
vt -8.750000 80.585103 0.000000
vt -7.500000 79.771906 0.000000
vt -8.750000 79.771906 0.000000
vt -5.000000 79.771906 0.000000
vt 0.000000 25.963025 0.000000
vt -0.350000 25.963025 0.000000
vt -0.175000 25.559079 0.000000
vt -0.300307 25.591319 0.000000
vt -0.273446 25.174616 0.000000
vt -0.350000 24.386252 0.000000
vt -0.175000 24.770692 0.000000
vt -0.175000 25.155133 0.000000
vt 0.000000 25.174638 0.000000
vt 0.000000 25.568832 0.000000
vt 0.000000 24.386252 0.000000
vt 0.000000 24.780445 0.000000
vt -0.350000 124.709362 0.000000
vt -0.350000 122.725557 0.000000
vt -0.175000 123.603590 0.000000
vt 0.000000 122.725557 0.000000
vt 0.000000 124.709362 0.000000
vt -0.175000 125.402938 0.000000
vt 0.000000 126.693167 0.000000
vt -0.175000 127.818269 0.000000
vt 0.000000 128.676972 0.000000
vt -0.175000 129.239523 0.000000
vt 0.000000 130.660777 0.000000
vt -0.350000 130.660777 0.000000
vt -0.350000 128.676972 0.000000
vt -0.350000 126.693167 0.000000
vt 0.000000 72.192115 0.000000
vt -7.500000 72.705839 0.000000
vt -10.000000 72.192115 0.000000
vt -8.750000 72.705839 0.000000
vt -9.999994 73.358847 0.000000
vt -8.750000 73.767058 0.000000
vt -9.999987 74.525580 0.000000
vt -8.750000 74.476562 0.000000
vt -8.750000 75.186066 0.000000
vt -7.500000 74.476562 0.000000
vt -7.500000 75.186066 0.000000
vt -5.000000 74.476562 0.000000
vt -5.000000 75.186066 0.000000
vt -2.500000 74.476562 0.000000
vt -2.500000 75.186066 0.000000
vt 0.000000 74.526023 0.000000
vt 0.000000 75.692977 0.000000
vt 0.000000 73.359069 0.000000
vt -2.500000 72.705839 0.000000
vt -5.000000 72.705839 0.000000
vt -7.500000 73.767058 0.000000
vt -2.500000 73.767058 0.000000
vt -2.500000 76.022999 0.000000
vt 0.000000 76.859931 0.000000
vt -5.000000 76.022999 0.000000
vt -10.000000 76.859931 0.000000
vt -7.500000 76.022999 0.000000
vt -8.750000 76.022999 0.000000
vt -9.999992 75.692752 0.000000
vt -5.000000 73.767058 0.000000
vt 0.000000 24.386454 0.000000
vt -0.350000 24.386454 0.000000
vt -0.175000 23.997182 0.000000
vt -0.297600 23.961446 0.000000
vt -0.175000 23.607910 0.000000
vt -0.283088 23.484871 0.000000
vt -0.175000 23.236231 0.000000
vt -0.323542 23.085996 0.000000
vt 0.000000 22.864552 0.000000
vt -0.350000 22.864552 0.000000
vt 0.000000 23.625503 0.000000
vt -0.350000 116.979688 0.000000
vt -0.350000 115.064960 0.000000
vt -0.175000 115.913338 0.000000
vt 0.000000 115.064960 0.000000
vt 0.000000 116.979688 0.000000
vt -0.175000 117.649114 0.000000
vt 0.000000 118.894417 0.000000
vt -0.175000 119.982773 0.000000
vt 0.000000 120.809145 0.000000
vt -0.350000 122.723873 0.000000
vt 0.000000 122.723873 0.000000
vt -0.350000 120.809145 0.000000
vt -0.350000 118.894417 0.000000
vt 0.000000 67.686109 0.000000
vt -7.500000 68.182656 0.000000
vt -10.000000 67.686109 0.000000
vt -8.750000 68.182656 0.000000
vt -8.750000 69.206219 0.000000
vt -7.500000 69.206219 0.000000
vt -5.000000 68.182656 0.000000
vt -5.000000 69.206219 0.000000
vt -2.500000 68.182656 0.000000
vt -2.500000 69.206219 0.000000
vt 0.000000 68.812434 0.000000
vt 0.000000 69.938759 0.000000
vt 0.000000 71.065083 0.000000
vt -2.500000 70.577365 0.000000
vt -2.500000 69.891792 0.000000
vt -5.000000 69.891792 0.000000
vt -7.500000 69.891792 0.000000
vt -8.750000 69.891792 0.000000
vt -9.999989 69.938372 0.000000
vt -2.500000 71.384387 0.000000
vt 0.000000 72.191408 0.000000
vt -5.000000 71.384387 0.000000
vt -10.000000 72.191408 0.000000
vt -7.500000 71.384387 0.000000
vt -8.750000 71.384387 0.000000
vt -7.500000 70.577365 0.000000
vt -8.750000 70.577365 0.000000
vt -5.000000 70.577365 0.000000
vt 0.000000 22.864551 0.000000
vt -0.350000 22.864551 0.000000
vt -0.175000 22.475208 0.000000
vt -0.297640 22.440185 0.000000
vt -0.175000 22.085864 0.000000
vt -0.283030 21.963465 0.000000
vt -0.175000 21.714125 0.000000
vt -0.323491 21.564129 0.000000
vt 0.000000 21.342385 0.000000
vt -0.350000 21.342385 0.000000
vt 0.000000 22.103468 0.000000
vt -0.350000 109.319488 0.000000
vt -0.350000 107.404433 0.000000
vt -0.175000 108.252954 0.000000
vt 0.000000 107.404433 0.000000
vt 0.000000 109.319488 0.000000
vt -0.175000 109.989028 0.000000
vt 0.000000 111.234543 0.000000
vt -0.175000 112.323111 0.000000
vt 0.000000 113.149598 0.000000
vt -0.350000 115.064653 0.000000
vt 0.000000 115.064653 0.000000
vt -0.350000 113.149598 0.000000
vt -0.350000 111.234543 0.000000
vt 0.000000 63.179888 0.000000
vt -7.500000 63.676516 0.000000
vt -10.000000 63.179888 0.000000
vt -8.750000 63.676516 0.000000
vt -8.750000 64.700257 0.000000
vt -7.500000 64.700257 0.000000
vt -5.000000 63.676516 0.000000
vt -5.000000 64.700257 0.000000
vt -2.500000 63.676516 0.000000
vt -2.500000 64.700257 0.000000
vt 0.000000 64.306405 0.000000
vt 0.000000 65.432922 0.000000
vt 0.000000 66.559440 0.000000
vt -2.500000 66.071634 0.000000
vt -2.500000 65.385946 0.000000
vt -5.000000 65.385946 0.000000
vt -7.500000 65.385946 0.000000
vt -8.750000 65.385946 0.000000
vt -9.999989 65.432535 0.000000
vt -2.500000 66.878796 0.000000
vt 0.000000 67.685957 0.000000
vt -5.000000 66.878796 0.000000
vt -10.000000 67.685957 0.000000
vt -7.500000 66.878796 0.000000
vt -8.750000 66.878796 0.000000
vt -7.500000 66.071634 0.000000
vt -8.750000 66.071634 0.000000
vt -5.000000 66.071634 0.000000
vt 0.000000 21.342384 0.000000
vt -0.350000 21.342384 0.000000
vt -0.175000 20.952968 0.000000
vt -0.297684 20.918681 0.000000
vt -0.175000 20.563552 0.000000
vt -0.282970 20.441807 0.000000
vt -0.175000 20.191750 0.000000
vt -0.323438 20.041993 0.000000
vt 0.000000 19.819947 0.000000
vt -0.350000 19.819947 0.000000
vt 0.000000 20.581166 0.000000
vt -0.350000 101.658165 0.000000
vt -0.350000 99.742771 0.000000
vt -0.175000 100.591439 0.000000
vt 0.000000 99.742771 0.000000
vt 0.000000 101.658165 0.000000
vt -0.175000 102.327824 0.000000
vt 0.000000 103.573560 0.000000
vt -0.175000 104.662319 0.000000
vt 0.000000 105.488955 0.000000
vt -0.350000 107.404350 0.000000
vt 0.000000 107.404350 0.000000
vt -0.350000 105.488955 0.000000
vt -0.350000 103.573560 0.000000
vt 0.000000 58.672976 0.000000
vt -7.500000 59.169689 0.000000
vt -10.000000 58.672976 0.000000
vt -8.750000 59.169689 0.000000
vt -8.750000 60.193616 0.000000
vt -7.500000 60.193616 0.000000
vt -5.000000 59.169689 0.000000
vt -5.000000 60.193616 0.000000
vt -2.500000 59.169689 0.000000
vt -2.500000 60.193616 0.000000
vt 0.000000 59.799694 0.000000
vt 0.000000 60.926411 0.000000
vt 0.000000 62.053129 0.000000
vt -2.500000 61.565230 0.000000
vt -2.500000 60.879423 0.000000
vt -5.000000 60.879423 0.000000
vt -7.500000 60.879423 0.000000
vt -8.750000 60.879423 0.000000
vt -9.999989 60.926024 0.000000
vt -2.500000 62.372538 0.000000
vt 0.000000 63.179846 0.000000
vt -5.000000 62.372538 0.000000
vt -10.000000 63.179846 0.000000
vt -7.500000 62.372538 0.000000
vt -8.750000 62.372538 0.000000
vt -7.500000 61.565230 0.000000
vt -8.750000 61.565230 0.000000
vt -5.000000 61.565230 0.000000
vt 0.000000 19.819946 0.000000
vt -0.350000 19.819946 0.000000
vt -0.175000 19.430456 0.000000
vt -0.297730 19.396925 0.000000
vt -0.175000 19.040965 0.000000
vt -0.282909 18.919892 0.000000
vt -0.175000 18.669097 0.000000
vt -0.323384 18.519586 0.000000
vt 0.000000 18.297230 0.000000
vt -0.350000 18.297230 0.000000
vt 0.000000 19.058588 0.000000
vt -0.350000 93.995520 0.000000
vt -0.350000 92.079774 0.000000
vt -0.175000 92.928593 0.000000
vt 0.000000 92.079774 0.000000
vt 0.000000 93.995520 0.000000
vt -0.175000 94.665301 0.000000
vt 0.000000 95.911266 0.000000
vt -0.175000 97.000213 0.000000
vt 0.000000 97.827012 0.000000
vt -0.350000 99.742758 0.000000
vt 0.000000 99.742758 0.000000
vt -0.350000 97.827012 0.000000
vt -0.350000 95.911266 0.000000
vt 0.000000 54.165274 0.000000
vt -7.500000 54.662074 0.000000
vt -10.000000 54.165274 0.000000
vt -8.750000 54.662074 0.000000
vt -8.750000 55.686192 0.000000
vt -7.500000 55.686192 0.000000
vt -5.000000 54.662074 0.000000
vt -5.000000 55.686192 0.000000
vt -2.500000 54.662074 0.000000
vt -2.500000 55.686192 0.000000
vt 0.000000 55.292198 0.000000
vt 0.000000 56.419122 0.000000
vt 0.000000 57.546046 0.000000
vt -2.500000 57.058050 0.000000
vt -2.500000 56.372121 0.000000
vt -5.000000 56.372121 0.000000
vt -7.500000 56.372121 0.000000
vt -8.750000 56.372121 0.000000
vt -9.999989 56.418734 0.000000
vt -2.500000 57.865510 0.000000
vt 0.000000 58.672970 0.000000
vt -5.000000 57.865510 0.000000
vt -10.000000 58.672970 0.000000
vt -7.500000 57.865510 0.000000
vt -8.750000 57.865510 0.000000
vt -7.500000 57.058050 0.000000
vt -8.750000 57.058050 0.000000
vt -5.000000 57.058050 0.000000
vt 0.000000 18.297229 0.000000
vt -0.350000 18.297229 0.000000
vt -0.175000 17.907662 0.000000
vt -0.297779 17.874909 0.000000
vt -0.175000 17.518095 0.000000
vt -0.282846 17.397711 0.000000
vt -0.175000 17.146160 0.000000
vt -0.323328 16.996900 0.000000
vt 0.000000 16.774226 0.000000
vt -0.350000 16.774226 0.000000
vt 0.000000 17.535727 0.000000
vt -0.350000 86.331458 0.000000
vt -0.350000 84.415351 0.000000
vt -0.175000 85.264325 0.000000
vt 0.000000 84.415351 0.000000
vt 0.000000 86.331458 0.000000
vt -0.175000 87.001366 0.000000
vt 0.000000 88.247565 0.000000
vt -0.175000 89.336705 0.000000
vt 0.000000 90.163672 0.000000
vt -0.350000 92.079779 0.000000
vt 0.000000 92.079779 0.000000
vt -0.350000 90.163672 0.000000
vt -0.350000 88.247565 0.000000
vt 0.000000 49.656730 0.000000
vt -7.500000 50.153620 0.000000
vt -10.000000 49.656730 0.000000
vt -8.750000 50.153620 0.000000
vt -8.750000 51.177935 0.000000
vt -7.500000 51.177935 0.000000
vt -5.000000 50.153620 0.000000
vt -5.000000 51.177935 0.000000
vt -2.500000 50.153620 0.000000
vt -2.500000 51.177935 0.000000
vt 0.000000 50.783867 0.000000
vt 0.000000 51.911003 0.000000
vt 0.000000 53.038140 0.000000
vt -2.500000 52.550044 0.000000
vt -2.500000 51.863990 0.000000
vt -5.000000 51.863990 0.000000
vt -7.500000 51.863990 0.000000
vt -8.750000 51.863990 0.000000
vt -9.999989 51.910615 0.000000
vt -2.500000 53.357660 0.000000
vt 0.000000 54.165276 0.000000
vt -5.000000 53.357660 0.000000
vt -10.000000 54.165276 0.000000
vt -7.500000 53.357660 0.000000
vt -8.750000 53.357660 0.000000
vt -7.500000 52.550044 0.000000
vt -8.750000 52.550044 0.000000
vt -5.000000 52.550044 0.000000
vt 0.000000 16.774225 0.000000
vt -0.350000 16.774225 0.000000
vt -0.175000 16.384579 0.000000
vt -0.297829 16.352624 0.000000
vt -0.175000 15.994933 0.000000
vt -0.282782 15.875255 0.000000
vt -0.175000 15.622930 0.000000
vt -0.323271 15.473928 0.000000
vt 0.000000 15.250927 0.000000
vt -0.350000 15.250927 0.000000
vt 0.000000 16.012576 0.000000
vt -0.350000 78.665925 0.000000
vt -0.350000 76.749447 0.000000
vt -0.175000 77.598581 0.000000
vt 0.000000 76.749447 0.000000
vt 0.000000 78.665925 0.000000
vt -0.175000 79.335963 0.000000
vt 0.000000 80.582404 0.000000
vt -0.175000 81.671741 0.000000
vt 0.000000 82.498882 0.000000
vt -0.350000 84.415360 0.000000
vt 0.000000 84.415360 0.000000
vt -0.350000 82.498882 0.000000
vt -0.350000 80.582404 0.000000
vt 0.000000 45.147315 0.000000
vt -7.500000 45.644298 0.000000
vt -10.000000 45.147315 0.000000
vt -8.750000 45.644298 0.000000
vt -8.750000 46.668815 0.000000
vt -7.500000 46.668815 0.000000
vt -5.000000 45.644298 0.000000
vt -5.000000 46.668815 0.000000
vt -2.500000 45.644298 0.000000
vt -2.500000 46.668815 0.000000
vt 0.000000 46.274670 0.000000
vt 0.000000 47.402025 0.000000
vt 0.000000 48.529380 0.000000
vt -2.500000 48.041181 0.000000
vt -2.500000 47.354998 0.000000
vt -5.000000 47.354998 0.000000
vt -7.500000 47.354998 0.000000
vt -8.750000 47.354998 0.000000
vt -9.999989 47.401637 0.000000
vt -2.500000 48.848958 0.000000
vt 0.000000 49.656735 0.000000
vt -5.000000 48.848958 0.000000
vt -10.000000 49.656735 0.000000
vt -7.500000 48.848958 0.000000
vt -8.750000 48.848958 0.000000
vt -7.500000 48.041181 0.000000
vt -8.750000 48.041181 0.000000
vt -5.000000 48.041181 0.000000
vt 0.000000 15.250926 0.000000
vt -0.350000 15.250926 0.000000
vt -0.175000 14.861200 0.000000
vt -0.297881 14.830061 0.000000
vt -0.175000 14.471473 0.000000
vt -0.282716 14.352517 0.000000
vt -0.175000 14.099399 0.000000
vt -0.323213 13.950661 0.000000
vt 0.000000 13.727325 0.000000
vt -0.350000 13.727325 0.000000
vt 0.000000 14.489126 0.000000
vt -0.350000 70.998879 0.000000
vt -0.350000 69.082019 0.000000
vt -0.175000 69.931317 0.000000
vt 0.000000 69.082019 0.000000
vt 0.000000 70.998879 0.000000
vt -0.175000 71.669050 0.000000
vt 0.000000 72.915738 0.000000
vt -0.175000 74.005279 0.000000
vt 0.000000 74.832598 0.000000
vt -0.350000 76.749457 0.000000
vt 0.000000 76.749457 0.000000
vt -0.350000 74.832598 0.000000
vt -0.350000 72.915738 0.000000
vt 0.000000 40.637005 0.000000
vt -7.500000 41.134082 0.000000
vt -10.000000 40.637005 0.000000
vt -8.750000 41.134082 0.000000
vt -8.750000 42.158807 0.000000
vt -7.500000 42.158807 0.000000
vt -5.000000 41.134082 0.000000
vt -5.000000 42.158807 0.000000
vt -2.500000 41.134082 0.000000
vt -2.500000 42.158807 0.000000
vt 0.000000 41.764584 0.000000
vt 0.000000 42.892162 0.000000
vt 0.000000 44.019741 0.000000
vt -2.500000 43.531437 0.000000
vt -2.500000 42.845122 0.000000
vt -5.000000 42.845122 0.000000
vt -7.500000 42.845122 0.000000
vt -8.750000 42.845122 0.000000
vt -9.999989 42.891774 0.000000
vt -2.500000 44.339379 0.000000
vt 0.000000 45.147320 0.000000
vt -5.000000 44.339379 0.000000
vt -10.000000 45.147320 0.000000
vt -7.500000 44.339379 0.000000
vt -8.750000 44.339379 0.000000
vt -7.500000 43.531437 0.000000
vt -8.750000 43.531437 0.000000
vt -5.000000 43.531437 0.000000
vt 0.000000 13.727325 0.000000
vt -0.350000 13.727325 0.000000
vt -0.175000 13.337516 0.000000
vt -0.297935 13.307210 0.000000
vt -0.175000 12.947706 0.000000
vt -0.282649 12.829487 0.000000
vt -0.175000 12.575560 0.000000
vt -0.323153 12.427091 0.000000
vt 0.000000 12.203414 0.000000
vt -0.350000 12.203414 0.000000
vt 0.000000 12.965369 0.000000
vt -0.350000 63.330278 0.000000
vt -0.350000 61.413028 0.000000
vt -0.175000 62.262494 0.000000
vt 0.000000 61.413028 0.000000
vt 0.000000 63.330278 0.000000
vt -0.175000 64.000585 0.000000
vt 0.000000 65.247528 0.000000
vt -0.175000 66.337277 0.000000
vt 0.000000 67.164779 0.000000
vt -0.350000 69.082029 0.000000
vt 0.000000 69.082029 0.000000
vt -0.350000 67.164779 0.000000
vt -0.350000 65.247528 0.000000
vt 0.000000 36.125774 0.000000
vt -7.500000 36.622949 0.000000
vt -10.000000 36.125774 0.000000
vt -8.750000 36.622949 0.000000
vt -8.750000 37.647886 0.000000
vt -7.500000 37.647886 0.000000
vt -5.000000 36.622949 0.000000
vt -5.000000 37.647886 0.000000
vt -2.500000 36.622949 0.000000
vt -2.500000 37.647886 0.000000
vt 0.000000 37.253583 0.000000
vt 0.000000 38.381391 0.000000
vt 0.000000 39.509200 0.000000
vt -2.500000 39.020788 0.000000
vt -2.500000 38.334337 0.000000
vt -5.000000 38.334337 0.000000
vt -7.500000 38.334337 0.000000
vt -8.750000 38.334337 0.000000
vt -9.999989 38.381002 0.000000
vt -2.500000 39.828899 0.000000
vt 0.000000 40.637009 0.000000
vt -5.000000 39.828899 0.000000
vt -10.000000 40.637009 0.000000
vt -7.500000 39.828899 0.000000
vt -8.750000 39.828899 0.000000
vt -7.500000 39.020788 0.000000
vt -8.750000 39.020788 0.000000
vt -5.000000 39.020788 0.000000
vt 0.000000 12.203413 0.000000
vt -0.350000 12.203413 0.000000
vt -0.175000 11.813519 0.000000
vt -0.297990 11.784064 0.000000
vt -0.175000 11.423625 0.000000
vt -0.282580 11.306157 0.000000
vt -0.175000 11.051404 0.000000
vt -0.323092 10.903211 0.000000
vt 0.000000 10.679184 0.000000
vt -0.350000 10.679184 0.000000
vt 0.000000 11.441298 0.000000
vt -0.350000 55.660083 0.000000
vt -0.350000 53.742432 0.000000
vt -0.175000 54.592070 0.000000
vt 0.000000 53.742432 0.000000
vt 0.000000 55.660083 0.000000
vt -0.175000 56.330530 0.000000
vt 0.000000 57.577734 0.000000
vt -0.175000 58.667696 0.000000
vt 0.000000 59.495385 0.000000
vt -0.350000 61.413036 0.000000
vt 0.000000 61.413036 0.000000
vt -0.350000 59.495385 0.000000
vt -0.350000 57.577734 0.000000
vt 0.000000 31.613600 0.000000
vt -7.500000 32.110874 0.000000
vt -10.000000 31.613600 0.000000
vt -8.750000 32.110874 0.000000
vt -8.750000 33.136030 0.000000
vt -7.500000 33.136030 0.000000
vt -5.000000 32.110874 0.000000
vt -5.000000 33.136030 0.000000
vt -2.500000 32.110874 0.000000
vt -2.500000 33.136030 0.000000
vt 0.000000 32.741644 0.000000
vt 0.000000 33.869689 0.000000
vt 0.000000 34.997733 0.000000
vt -2.500000 34.509210 0.000000
vt -2.500000 33.822620 0.000000
vt -5.000000 33.822620 0.000000
vt -7.500000 33.822620 0.000000
vt -8.750000 33.822620 0.000000
vt -9.999989 33.869299 0.000000
vt -2.500000 35.317494 0.000000
vt 0.000000 36.125778 0.000000
vt -5.000000 35.317494 0.000000
vt -10.000000 36.125778 0.000000
vt -7.500000 35.317494 0.000000
vt -8.750000 35.317494 0.000000
vt -7.500000 34.509210 0.000000
vt -8.750000 34.509210 0.000000
vt -5.000000 34.509210 0.000000
vt 0.000000 10.679183 0.000000
vt -0.350000 10.679183 0.000000
vt -0.175000 10.289202 0.000000
vt -0.298047 10.260614 0.000000
vt -0.175000 9.899221 0.000000
vt -0.282511 9.782518 0.000000
vt -0.175000 9.526924 0.000000
vt -0.323029 9.379012 0.000000
vt 0.000000 9.154628 0.000000
vt -0.350000 9.154628 0.000000
vt 0.000000 9.916905 0.000000
vt -0.350000 47.988253 0.000000
vt -0.350000 46.070191 0.000000
vt -0.175000 46.920006 0.000000
vt 0.000000 46.070191 0.000000
vt 0.000000 47.988253 0.000000
vt -0.175000 48.658844 0.000000
vt 0.000000 49.906315 0.000000
vt -0.175000 50.996495 0.000000
vt 0.000000 51.824377 0.000000
vt -0.350000 53.742439 0.000000
vt 0.000000 53.742439 0.000000
vt -0.350000 51.824377 0.000000
vt -0.350000 49.906315 0.000000
vt 0.000000 27.100459 0.000000
vt -7.500000 27.597836 0.000000
vt -10.000000 27.100459 0.000000
vt -8.750000 27.597836 0.000000
vt -8.750000 28.623215 0.000000
vt -7.500000 28.623215 0.000000
vt -5.000000 27.597836 0.000000
vt -5.000000 28.623215 0.000000
vt -2.500000 27.597836 0.000000
vt -2.500000 28.623215 0.000000
vt 0.000000 28.228745 0.000000
vt 0.000000 29.357031 0.000000
vt 0.000000 30.485317 0.000000
vt -2.500000 29.996680 0.000000
vt -2.500000 29.309948 0.000000
vt -5.000000 29.309948 0.000000
vt -7.500000 29.309948 0.000000
vt -8.750000 29.309948 0.000000
vt -9.999989 29.356641 0.000000
vt -2.500000 30.805141 0.000000
vt 0.000000 31.613603 0.000000
vt -5.000000 30.805141 0.000000
vt -10.000000 31.613603 0.000000
vt -7.500000 30.805141 0.000000
vt -8.750000 30.805141 0.000000
vt -7.500000 29.996680 0.000000
vt -8.750000 29.996680 0.000000
vt -5.000000 29.996680 0.000000
vt 0.000000 9.154627 0.000000
vt -0.350000 9.154627 0.000000
vt -0.175000 8.764557 0.000000
vt -0.298105 8.736850 0.000000
vt -0.175000 8.374486 0.000000
vt -0.282440 8.258563 0.000000
vt -0.175000 8.002112 0.000000
vt -0.322965 7.854486 0.000000
vt 0.000000 7.629738 0.000000
vt -0.350000 7.629738 0.000000
vt 0.000000 8.392182 0.000000
vt -0.350000 40.314748 0.000000
vt -0.350000 38.396266 0.000000
vt -0.175000 39.246261 0.000000
vt 0.000000 38.396266 0.000000
vt 0.000000 40.314748 0.000000
vt -0.175000 40.985486 0.000000
vt 0.000000 42.233231 0.000000
vt -0.175000 43.323635 0.000000
vt 0.000000 44.151713 0.000000
vt -0.350000 46.070195 0.000000
vt 0.000000 46.070195 0.000000
vt -0.350000 44.151713 0.000000
vt -0.350000 42.233231 0.000000
vt 0.000000 22.586327 0.000000
vt -7.500000 23.083808 0.000000
vt -10.000000 22.586327 0.000000
vt -8.750000 23.083808 0.000000
vt -8.750000 24.109417 0.000000
vt -7.500000 24.109417 0.000000
vt -5.000000 23.083808 0.000000
vt -5.000000 24.109417 0.000000
vt -2.500000 23.083808 0.000000
vt -2.500000 24.109417 0.000000
vt 0.000000 23.714860 0.000000
vt 0.000000 24.843393 0.000000
vt 0.000000 25.971927 0.000000
vt -2.500000 25.483174 0.000000
vt -2.500000 24.796295 0.000000
vt -5.000000 24.796295 0.000000
vt -7.500000 24.796295 0.000000
vt -8.750000 24.796295 0.000000
vt -9.999989 24.843003 0.000000
vt -2.500000 26.291817 0.000000
vt 0.000000 27.100460 0.000000
vt -5.000000 26.291817 0.000000
vt -10.000000 27.100460 0.000000
vt -7.500000 26.291817 0.000000
vt -8.750000 26.291817 0.000000
vt -7.500000 25.483174 0.000000
vt -8.750000 25.483174 0.000000
vt -5.000000 25.483174 0.000000
vt 0.000000 7.629737 0.000000
vt -0.350000 7.629737 0.000000
vt -0.175000 7.239575 0.000000
vt -0.296291 7.194222 0.000000
vt -0.175000 6.849414 0.000000
vt -0.283595 6.707519 0.000000
vt -0.175000 6.476960 0.000000
vt -0.324771 6.317063 0.000000
vt 0.000000 6.104506 0.000000
vt -0.350000 6.104506 0.000000
vt 0.000000 6.867121 0.000000
vt -0.350000 32.639525 0.000000
vt -0.350000 30.720612 0.000000
vt -0.175000 31.570793 0.000000
vt 0.000000 30.720612 0.000000
vt 0.000000 32.639525 0.000000
vt -0.175000 33.310414 0.000000
vt 0.000000 34.558437 0.000000
vt -0.175000 35.649072 0.000000
vt 0.000000 36.477350 0.000000
vt -0.350000 38.396263 0.000000
vt 0.000000 38.396263 0.000000
vt -0.350000 36.477350 0.000000
vt -0.350000 34.558437 0.000000
vt 0.000000 18.071179 0.000000
vt -7.500000 18.568768 0.000000
vt -10.000000 18.071179 0.000000
vt -8.750000 18.568768 0.000000
vt -8.750000 19.594611 0.000000
vt -7.500000 19.594611 0.000000
vt -5.000000 18.568768 0.000000
vt -5.000000 19.594611 0.000000
vt -2.500000 18.568768 0.000000
vt -2.500000 19.594611 0.000000
vt 0.000000 19.199965 0.000000
vt 0.000000 20.328752 0.000000
vt 0.000000 21.457538 0.000000
vt -2.500000 20.968666 0.000000
vt -2.500000 20.281638 0.000000
vt -5.000000 20.281638 0.000000
vt -7.500000 20.281638 0.000000
vt -8.750000 20.281638 0.000000
vt -9.999989 20.328361 0.000000
vt -2.500000 21.777495 0.000000
vt 0.000000 22.586325 0.000000
vt -5.000000 21.777495 0.000000
vt -10.000000 22.586325 0.000000
vt -7.500000 21.777495 0.000000
vt -8.750000 21.777495 0.000000
vt -7.500000 20.968666 0.000000
vt -8.750000 20.968666 0.000000
vt -5.000000 20.968666 0.000000
vt 0.000000 6.104505 0.000000
vt -0.350000 6.104505 0.000000
vt -0.175000 5.714250 0.000000
vt -0.296310 5.669438 0.000000
vt -0.175000 5.323994 0.000000
vt -0.283524 5.182719 0.000000
vt -0.175000 4.951459 0.000000
vt -0.324714 4.791801 0.000000
vt 0.000000 4.578924 0.000000
vt -0.350000 4.578924 0.000000
vt 0.000000 5.341715 0.000000
vt -0.350000 24.962537 0.000000
vt -0.350000 23.043185 0.000000
vt -0.175000 23.893554 0.000000
vt 0.000000 23.043185 0.000000
vt 0.000000 24.962537 0.000000
vt -0.175000 25.633579 0.000000
vt 0.000000 26.881888 0.000000
vt -0.175000 27.972761 0.000000
vt 0.000000 28.801240 0.000000
vt -0.350000 30.720591 0.000000
vt 0.000000 30.720591 0.000000
vt -0.350000 28.801240 0.000000
vt -0.350000 26.881888 0.000000
vt 0.000000 13.554989 0.000000
vt -7.500000 14.052687 0.000000
vt -10.000000 13.554989 0.000000
vt -8.750000 14.052687 0.000000
vt -8.750000 15.078769 0.000000
vt -7.500000 15.078769 0.000000
vt -5.000000 14.052687 0.000000
vt -5.000000 15.078769 0.000000
vt -2.500000 14.052687 0.000000
vt -2.500000 15.078769 0.000000
vt 0.000000 14.684034 0.000000
vt 0.000000 15.813079 0.000000
vt 0.000000 16.942123 0.000000
vt -2.500000 16.453129 0.000000
vt -2.500000 15.765949 0.000000
vt -5.000000 15.765949 0.000000
vt -7.500000 15.765949 0.000000
vt -8.750000 15.765949 0.000000
vt -9.999989 15.812688 0.000000
vt -2.500000 17.262149 0.000000
vt 0.000000 18.071168 0.000000
vt -5.000000 17.262149 0.000000
vt -10.000000 18.071168 0.000000
vt -7.500000 17.262149 0.000000
vt -8.750000 17.262149 0.000000
vt -7.500000 16.453129 0.000000
vt -8.750000 16.453129 0.000000
vt -5.000000 16.453129 0.000000
vt 0.000000 4.578924 0.000000
vt -0.350000 4.578924 0.000000
vt -0.175000 4.188572 0.000000
vt -0.296330 4.144328 0.000000
vt -0.175000 3.798220 0.000000
vt -0.283452 3.657584 0.000000
vt -0.175000 3.425602 0.000000
vt -0.324655 3.266189 0.000000
vt 0.000000 3.052984 0.000000
vt -0.350000 3.052984 0.000000
vt 0.000000 3.815954 0.000000
vt -0.350000 17.283731 0.000000
vt -0.350000 15.363934 0.000000
vt -0.175000 16.214492 0.000000
vt 0.000000 15.363934 0.000000
vt 0.000000 17.283731 0.000000
vt -0.175000 17.954928 0.000000
vt 0.000000 19.203527 0.000000
vt -0.175000 20.294655 0.000000
vt 0.000000 21.123323 0.000000
vt -0.350000 23.043120 0.000000
vt 0.000000 23.043120 0.000000
vt -0.350000 21.123323 0.000000
vt -0.350000 19.203527 0.000000
vt 0.000000 9.037729 0.000000
vt -7.500000 9.535536 0.000000
vt -10.000000 9.037729 0.000000
vt -8.750000 9.535536 0.000000
vt -8.750000 10.561863 0.000000
vt -7.500000 10.561863 0.000000
vt -5.000000 9.535536 0.000000
vt -5.000000 10.561863 0.000000
vt -2.500000 9.535536 0.000000
vt -2.500000 10.561863 0.000000
vt 0.000000 10.167036 0.000000
vt 0.000000 11.296343 0.000000
vt 0.000000 12.425650 0.000000
vt -2.500000 11.936531 0.000000
vt -2.500000 11.249197 0.000000
vt -5.000000 11.249197 0.000000
vt -7.500000 11.249197 0.000000
vt -8.750000 11.249197 0.000000
vt -9.999989 11.295951 0.000000
vt -2.500000 12.745744 0.000000
vt 0.000000 13.554957 0.000000
vt -5.000000 12.745744 0.000000
vt -10.000000 13.554957 0.000000
vt -7.500000 12.745744 0.000000
vt -8.750000 12.745744 0.000000
vt -7.500000 11.936531 0.000000
vt -8.750000 11.936531 0.000000
vt -5.000000 11.936531 0.000000
vt 0.000000 3.052984 0.000000
vt -0.350000 3.052984 0.000000
vt -0.175000 2.662532 0.000000
vt -0.296350 2.618866 0.000000
vt -0.175000 2.272080 0.000000
vt -0.283383 2.132085 0.000000
vt -0.175000 1.899380 0.000000
vt -0.324597 1.740213 0.000000
vt 0.000000 1.526679 0.000000
vt -0.350000 1.526679 0.000000
vt 0.000000 2.289832 0.000000
vt -0.350000 9.603064 0.000000
vt -0.350000 7.682827 0.000000
vt -0.175000 8.533568 0.000000
vt 0.000000 7.682827 0.000000
vt 0.000000 9.603064 0.000000
vt -0.175000 10.274415 0.000000
vt 0.000000 11.523300 0.000000
vt -0.175000 12.614726 0.000000
vt 0.000000 13.443537 0.000000
vt -0.350000 15.363773 0.000000
vt 0.000000 15.363773 0.000000
vt -0.350000 13.443537 0.000000
vt -0.350000 11.523300 0.000000
vt 0.000000 4.519378 0.000000
vt -7.500000 5.017291 0.000000
vt -10.000000 4.519378 0.000000
vt -8.750000 5.017291 0.000000
vt -8.750000 6.043864 0.000000
vt -7.500000 6.043864 0.000000
vt -5.000000 5.017291 0.000000
vt -5.000000 6.043864 0.000000
vt -2.500000 5.017291 0.000000
vt -2.500000 6.043864 0.000000
vt 0.000000 5.648946 0.000000
vt 0.000000 6.778514 0.000000
vt 0.000000 7.908081 0.000000
vt -2.500000 7.418838 0.000000
vt -2.500000 6.731351 0.000000
vt -5.000000 6.731351 0.000000
vt -7.500000 6.731351 0.000000
vt -8.750000 6.731351 0.000000
vt -9.999989 6.778121 0.000000
vt -2.500000 8.228243 0.000000
vt 0.000000 9.037649 0.000000
vt -5.000000 8.228243 0.000000
vt -10.000000 9.037649 0.000000
vt -7.500000 8.228243 0.000000
vt -8.750000 8.228243 0.000000
vt -7.500000 7.418838 0.000000
vt -8.750000 7.418838 0.000000
vt -5.000000 7.418838 0.000000
vt 5.000000 0.175000 0.000000
vt -5.000000 0.175000 0.000000
vt 5.000000 -0.175000 0.000000
vt -5.000000 -0.175000 0.000000
vt -0.671529 0.793287 0.000000
vt -9.627620 0.832514 0.000000
vt -0.349126 0.363646 0.000000
vt -9.169681 0.225073 0.000000
vt -0.000000 0.000000 0.000000
vt -8.711640 -0.382488 0.000000
vt -0.000000 -0.497419 0.000000
vt -8.253610 -0.990050 0.000000
vt -0.000000 -0.994838 0.000000
vt -0.000000 -1.492257 0.000000
vt -7.795476 -1.597735 0.000000
vt -0.000000 -1.989675 0.000000
vt -7.337352 -2.205420 0.000000
vt -0.000000 -2.487094 0.000000
vt -6.879122 -2.813232 0.000000
vt -0.000000 -2.984513 0.000000
vt -6.420903 -3.421044 0.000000
vt -0.000000 -3.481932 0.000000
vt -5.962575 -4.028986 0.000000
vt -0.000000 -3.979351 0.000000
vt -0.000000 -4.476770 0.000000
vt -5.504257 -4.636929 0.000000
vt -0.000000 -4.974188 0.000000
vt -5.045829 -5.245004 0.000000
vt -0.000000 -5.471607 0.000000
vt -4.587411 -5.853079 0.000000
vt -0.000000 -5.969026 0.000000
vt 0.000000 5.969026 0.000000
vt -4.587411 6.084973 0.000000
vt -4.128880 5.476761 0.000000
vt -0.000000 5.471607 0.000000
vt -0.000000 4.974188 0.000000
vt -3.670359 4.868549 0.000000
vt -0.000000 4.476770 0.000000
vt -3.211723 4.260198 0.000000
vt -0.000000 3.979351 0.000000
vt -2.753097 3.651846 0.000000
vt -0.000000 3.481932 0.000000
vt -2.294353 3.043352 0.000000
vt -0.000000 2.984513 0.000000
vt -1.835620 2.434858 0.000000
vt -0.000000 2.487094 0.000000
vt -0.000000 1.989675 0.000000
vt -1.376766 1.826218 0.000000
vt -0.000000 1.492257 0.000000
vt -0.917922 1.217578 0.000000
vt -0.000000 0.994838 0.000000
vt -0.610259 0.809515 0.000000
vt -0.000000 0.497419 0.000000
vt -0.302446 0.401128 0.000000
vt -0.300593 0.396415 0.000000
vt -10.085570 1.439954 0.000000
vt -1.066589 1.372547 0.000000
vt -1.335093 1.660250 0.000000
vt -10.543421 2.047278 0.000000
vt -1.617425 2.056385 0.000000
vt -10.714286 2.487094 0.000000
vt -1.984042 2.589600 0.000000
vt -11.001282 2.654601 0.000000
vt -2.252250 2.876928 0.000000
vt -10.714286 2.984513 0.000000
vt -2.534632 3.272980 0.000000
vt -11.459046 3.261809 0.000000
vt -10.714286 3.481932 0.000000
vt -11.916821 3.869018 0.000000
vt -2.901275 3.806362 0.000000
vt -10.714286 3.979351 0.000000
vt -3.169187 4.093318 0.000000
vt -10.714286 4.476237 0.000000
vt -3.451627 4.489295 0.000000
vt -10.714286 4.974188 0.000000
vt -3.818300 5.022845 0.000000
vt -4.085922 5.309440 0.000000
vt -4.368424 5.705350 0.000000
vt -10.714286 5.471607 0.000000
vt -12.832192 5.083212 0.000000
vt -12.374501 4.476115 0.000000
vt -10.714286 -5.969026 0.000000
vt -4.368424 -6.232702 0.000000
vt -10.714286 5.969026 0.000000
vt -13.289791 5.690201 0.000000
vt -4.744123 -5.690151 0.000000
vt -13.747400 -5.640862 0.000000
vt -13.747400 6.297190 0.000000
vt -10.714286 -5.471607 0.000000
vt -5.019416 -5.392293 0.000000
vt -10.714286 -4.974188 0.000000
vt -5.294487 -5.001312 0.000000
vt -10.714286 -4.475671 0.000000
vt -5.660699 -4.474252 0.000000
vt -5.935643 -4.176845 0.000000
vt -6.210703 -3.786094 0.000000
vt -10.714286 -3.979351 0.000000
vt -14.899473 -4.112721 0.000000
vt -14.662450 -4.427094 0.000000
vt -14.204920 -5.033978 0.000000
vt -10.714286 -3.482893 0.000000
vt -15.136468 -3.798324 0.000000
vt -6.577080 -3.258615 0.000000
vt -15.610498 -3.169555 0.000000
vt -15.373469 -3.483928 0.000000
vt -10.714286 -2.984513 0.000000
vt -6.851681 -2.961651 0.000000
vt -7.126729 -2.571126 0.000000
vt -10.714286 -2.487094 0.000000
vt -10.714286 -1.989675 0.000000
vt -7.493270 -2.043232 0.000000
vt -7.767535 -1.746703 0.000000
vt -8.042570 -1.356399 0.000000
vt -10.714286 -1.492257 0.000000
vt -16.532371 -1.946737 0.000000
vt -10.714286 -0.991359 0.000000
vt -16.993006 -1.335721 0.000000
vt -8.409274 -0.828099 0.000000
vt -17.453651 -0.724704 0.000000
vt -10.714286 -0.497419 0.000000
vt -8.683209 -0.531996 0.000000
vt -8.958233 -0.141908 0.000000
vt -10.714286 0.000000 0.000000
vt -17.914001 -0.114067 0.000000
vt -18.374360 0.496570 0.000000
vt -9.325097 0.386793 0.000000
vt -10.714286 0.497297 0.000000
vt -9.598709 0.682478 0.000000
vt -10.714286 0.994838 0.000000
vt -18.834434 1.106842 0.000000
vt -9.873721 1.072355 0.000000
vt -10.714286 1.492257 0.000000
vt -10.240745 1.601448 0.000000
vt -19.294517 1.717113 0.000000
vt -10.514039 1.896725 0.000000
vt -10.714286 1.989675 0.000000
vt -10.789041 2.286397 0.000000
vt -19.754325 2.327032 0.000000
vt -20.214143 2.936950 0.000000
vt -11.156221 2.815874 0.000000
vt -11.429206 3.110753 0.000000
vt -20.673694 3.546529 0.000000
vt -11.704197 3.500226 0.000000
vt -21.133255 4.156107 0.000000
vt -12.071530 4.030077 0.000000
vt -12.344214 4.324567 0.000000
vt -21.592560 4.765359 0.000000
vt -12.619195 4.713848 0.000000
vt -21.428571 4.974188 0.000000
vt -12.986678 5.244062 0.000000
vt -13.259069 5.538176 0.000000
vt -21.428571 5.471607 0.000000
vt -22.051875 5.374611 0.000000
vt -13.534040 5.927272 0.000000
vt -21.428571 5.969026 0.000000
vt -22.510943 5.983548 0.000000
vt -22.510943 -5.954504 0.000000
vt -21.428571 -5.969026 0.000000
vt -21.428571 -5.471607 0.000000
vt -22.970021 -5.345566 0.000000
vt -14.173772 -5.186471 0.000000
vt -21.428571 -4.974188 0.000000
vt -14.448736 -4.797550 0.000000
vt -23.428862 -4.736930 0.000000
vt -21.428571 -4.476770 0.000000
vt -23.887713 -4.128293 0.000000
vt -21.428571 -3.979351 0.000000
vt -15.197554 -3.844450 0.000000
vt -21.428571 -3.481932 0.000000
vt -15.426670 -3.495865 0.000000
vt -13.534040 -6.010780 0.000000
vt -13.901665 -5.480220 0.000000
vt -21.428571 -2.984513 0.000000
vt -16.137713 -2.588664 0.000000
vt -21.428571 -2.487094 0.000000
vt -16.364005 -2.241455 0.000000
vt -25.263386 -2.303525 0.000000
vt -21.428571 -1.989675 0.000000
vt -25.721812 -1.695453 0.000000
vt -16.682645 -1.790424 0.000000
vt -21.428571 -1.492257 0.000000
vt -16.953607 -1.500059 0.000000
vt -17.236575 -1.102095 0.000000
vt -21.428571 -0.994838 0.000000
vt -21.428571 -0.497419 0.000000
vt -17.603605 -0.568668 0.000000
vt -17.874105 -0.278827 0.000000
vt -21.428571 0.000000 0.000000
vt -18.156997 0.118828 0.000000
vt -27.096284 0.127723 0.000000
vt -21.428571 0.496858 0.000000
vt -27.554323 0.735281 0.000000
vt -18.524006 0.652340 0.000000
vt -21.428571 0.994838 0.000000
vt -18.794061 0.941677 0.000000
vt -19.076883 1.339042 0.000000
vt -21.428571 1.492257 0.000000
vt -28.012171 1.342601 0.000000
vt -28.470030 1.949922 0.000000
vt -19.443868 1.872628 0.000000
vt -21.428571 1.989675 0.000000
vt -19.713495 2.161480 0.000000
vt -21.428571 2.487094 0.000000
vt -28.927708 2.557016 0.000000
vt -19.996254 2.558573 0.000000
vt -21.428571 2.984513 0.000000
vt -20.363215 3.092227 0.000000
vt -29.385397 3.164110 0.000000
vt -20.632431 3.380614 0.000000
vt -21.428571 3.481932 0.000000
vt -20.915131 3.777450 0.000000
vt -29.842915 3.770992 0.000000
vt -21.428571 3.979351 0.000000
vt -30.300443 4.377873 0.000000
vt -21.283054 4.312132 0.000000
vt -21.552920 4.601535 0.000000
vt -30.761377 4.989286 0.000000
vt -21.835004 4.998091 0.000000
vt -31.222321 5.600699 0.000000
vt -22.201027 5.530059 0.000000
vt -22.470021 5.818359 0.000000
vt -31.682673 6.211340 0.000000
vt -22.752335 6.214692 0.000000
vt -31.682673 -5.726712 0.000000
vt -22.752335 -5.723360 0.000000
vt -32.143036 -5.116071 0.000000
vt -23.118677 -5.190608 0.000000
vt -23.387167 -4.902916 0.000000
vt -32.602845 -4.506149 0.000000
vt -23.669507 -4.506788 0.000000
vt -32.142857 -4.476770 0.000000
vt -32.142857 -3.979351 0.000000
vt -24.035881 -3.973787 0.000000
vt -24.303776 -3.686849 0.000000
vt -24.586223 -3.290876 0.000000
vt -32.142857 -3.481932 0.000000
vt -33.062666 -3.896228 0.000000
vt -24.804970 -2.911597 0.000000
vt -32.142857 -2.984513 0.000000
vt -33.521972 -3.286973 0.000000
vt -24.961673 -2.748677 0.000000
vt -33.981290 -2.677719 0.000000
vt -32.142857 -2.487094 0.000000
vt -25.236954 -2.450834 0.000000
vt -25.512028 -2.059859 0.000000
vt -32.142857 -1.989675 0.000000
vt -32.142857 -1.492257 0.000000
vt -25.877981 -1.533030 0.000000
vt -26.152574 -1.236078 0.000000
vt -32.142857 -0.994838 0.000000
vt -26.427621 -0.845559 0.000000
vt -35.357402 -0.852367 0.000000
vt -32.142857 -0.497419 0.000000
vt -35.815830 -0.244293 0.000000
vt -26.793914 -0.317890 0.000000
vt -32.142857 -0.000000 0.000000
vt -27.067840 -0.021798 0.000000
vt -27.342864 0.368284 0.000000
vt -26.638256 -0.479835 0.000000
vt -32.142857 0.497419 0.000000
vt -32.142857 0.994838 0.000000
vt -27.709491 0.896769 0.000000
vt -27.982778 1.192036 0.000000
vt -32.142857 1.492257 0.000000
vt -28.257779 1.581703 0.000000
vt -32.142857 1.989675 0.000000
vt -28.624734 2.110975 0.000000
vt -37.647268 2.185019 0.000000
vt -28.897410 2.405456 0.000000
vt -32.142857 2.487094 0.000000
vt -29.172391 2.794733 0.000000
vt -38.108206 2.796437 0.000000
vt -32.142857 2.984513 0.000000
vt -38.569154 3.407855 0.000000
vt -29.539662 3.324753 0.000000
vt -32.142857 3.481932 0.000000
vt -29.811761 3.618492 0.000000
vt -39.028967 4.017781 0.000000
vt -32.142857 3.979351 0.000000
vt -30.086723 4.007408 0.000000
vt -32.142857 4.476770 0.000000
vt -30.827660 4.958768 0.000000
vt -32.142857 4.974188 0.000000
vt -31.053957 5.305981 0.000000
vt -39.947634 5.236347 0.000000
vt -32.142857 5.471607 0.000000
vt -40.406489 5.844988 0.000000
vt -31.372278 5.756738 0.000000
vt -32.142857 5.969026 0.000000
vt -32.142857 -5.969026 0.000000
vt -31.372278 -6.181314 0.000000
vt -31.642781 -5.891469 0.000000
vt -40.864520 -5.485502 0.000000
vt -31.925674 -5.493811 0.000000
vt -32.142857 -5.471607 0.000000
vt -41.322560 -4.877941 0.000000
vt -32.292386 -4.960557 0.000000
vt -32.562018 -4.671700 0.000000
vt -41.783501 -4.266519 0.000000
vt -32.844777 -4.274603 0.000000
vt -42.244452 -3.655097 0.000000
vt -33.212435 -3.740238 0.000000
vt -33.482324 -3.450806 0.000000
vt -42.703297 -3.046456 0.000000
vt -33.764413 -3.054230 0.000000
vt -42.857143 -2.487094 0.000000
vt -34.129967 -2.522741 0.000000
vt -43.162151 -2.437815 0.000000
vt -34.398493 -2.235018 0.000000
vt -42.857143 -1.989675 0.000000
vt -34.680810 -1.838880 0.000000
vt -43.623087 -1.826399 0.000000
vt -42.857143 -1.492257 0.000000
vt -44.084034 -1.214983 0.000000
vt -35.055695 -1.297515 0.000000
vt -42.857143 -0.995591 0.000000
vt -35.330984 -0.999661 0.000000
vt -35.606056 -0.608682 0.000000
vt -34.898985 -1.460441 0.000000
vt -42.857143 -0.497419 0.000000
vt -44.542012 -0.607491 0.000000
vt -42.857143 -0.000000 0.000000
vt -35.971491 -0.082345 0.000000
vt -36.245423 0.213754 0.000000
vt -42.857143 0.497419 0.000000
vt -36.520446 0.603839 0.000000
vt -42.857143 0.994838 0.000000
vt -36.731899 0.970827 0.000000
vt -36.886605 1.131882 0.000000
vt -42.857143 1.492257 0.000000
vt -37.159285 1.426369 0.000000
vt -37.434266 1.815648 0.000000
vt -42.857143 1.989675 0.000000
vt -42.857143 2.487094 0.000000
vt -38.174499 2.765928 0.000000
vt -42.857143 2.984513 0.000000
vt -38.400798 3.113150 0.000000
vt -42.857143 3.481932 0.000000
vt -38.718508 3.563372 0.000000
vt -38.988144 3.852234 0.000000
vt -42.857143 3.979351 0.000000
vt -53.571429 3.979351 0.000000
vt -53.571429 4.476770 0.000000
vt -64.285714 4.476770 0.000000
vt -64.285714 4.974188 0.000000
vt -75.000000 4.974188 0.000000
vt -75.000000 5.471607 0.000000
vt -64.285714 5.471607 0.000000
vt -75.000000 5.969026 0.000000
vt -64.285714 5.969026 0.000000
vt -75.000000 -5.969026 0.000000
vt -64.285714 -5.969026 0.000000
vt -75.000000 -5.471607 0.000000
vt -64.285714 -5.471607 0.000000
vt -75.000000 -4.974188 0.000000
vt -64.285714 -4.974188 0.000000
vt -75.000000 -4.476770 0.000000
vt -64.285714 -4.476770 0.000000
vt -75.000000 -3.979351 0.000000
vt -64.285714 -3.979351 0.000000
vt -75.000000 -3.481932 0.000000
vt -64.285714 -3.481932 0.000000
vt -75.000000 -2.984513 0.000000
vt -64.285714 -2.984513 0.000000
vt -75.000000 -2.487094 0.000000
vt -64.285714 -2.487094 0.000000
vt -75.000000 -1.989675 0.000000
vt -64.285714 -1.989675 0.000000
vt -75.000000 -1.492257 0.000000
vt -64.285714 -1.492257 0.000000
vt -75.000000 -0.994838 0.000000
vt -64.285714 -0.994838 0.000000
vt -75.000000 -0.497419 0.000000
vt -64.285714 -0.497419 0.000000
vt -75.000000 0.000000 0.000000
vt -64.285714 -0.000000 0.000000
vt -75.000000 0.497419 0.000000
vt -64.285714 0.497419 0.000000
vt -75.000000 0.994838 0.000000
vt -64.285714 0.994838 0.000000
vt -75.000000 1.492257 0.000000
vt -64.285714 1.492257 0.000000
vt -75.000000 1.989675 0.000000
vt -64.285714 1.989675 0.000000
vt -75.000000 2.487094 0.000000
vt -64.285714 2.487094 0.000000
vt -75.000000 2.984513 0.000000
vt -64.285714 2.984513 0.000000
vt -75.000000 3.481932 0.000000
vt -64.285714 3.481932 0.000000
vt -75.000000 3.979351 0.000000
vt -64.285714 3.979351 0.000000
vt -75.000000 4.476770 0.000000
vt -39.270904 4.249333 0.000000
vt -42.857143 4.476770 0.000000
vt -53.571429 4.974188 0.000000
vt -39.488790 4.627706 0.000000
vt -39.637472 4.782688 0.000000
vt -42.857143 4.974188 0.000000
vt -39.906002 5.070417 0.000000
vt -42.857143 5.471607 0.000000
vt -40.188318 5.466557 0.000000
vt -42.857143 5.969026 0.000000
vt -42.857143 -5.969026 0.000000
vt -40.406489 -6.093064 0.000000
vt -40.562153 -5.931113 0.000000
vt -40.836089 -5.635009 0.000000
vt -41.111113 -5.244921 0.000000
vt -42.857143 -5.471607 0.000000
vt -53.571429 -5.471607 0.000000
vt -53.571429 -5.969026 0.000000
vt -53.571429 5.969026 0.000000
vt -53.571429 5.471607 0.000000
vt -42.857143 -4.974188 0.000000
vt -53.571429 -4.974188 0.000000
vt -41.849800 -4.297022 0.000000
vt -42.857143 -4.476770 0.000000
vt -53.571429 -4.476770 0.000000
vt -42.076102 -3.949794 0.000000
vt -42.857143 -3.979351 0.000000
vt -53.571429 -3.979351 0.000000
vt -42.393138 -3.500110 0.000000
vt -42.857143 -3.481932 0.000000
vt -53.571429 -3.481932 0.000000
vt -42.661666 -3.212385 0.000000
vt -53.571429 -2.984513 0.000000
vt -42.943982 -2.816247 0.000000
vt -53.571429 -2.487094 0.000000
vt -53.571429 -1.989675 0.000000
vt -43.689374 -1.856923 0.000000
vt -53.571429 -1.492257 0.000000
vt -43.915677 -1.509698 0.000000
vt -53.571429 -0.994838 0.000000
vt -44.239604 -1.053104 0.000000
vt -44.513336 -0.757270 0.000000
vt -53.571429 -0.497419 0.000000
vt -44.788385 -0.367283 0.000000
vt -53.571429 -0.000000 0.000000
vt -45.000000 -0.000000 0.000000
vt -53.571429 0.497419 0.000000
vt -53.571429 0.994838 0.000000
vt -53.571429 1.492257 0.000000
vt -53.571429 1.989675 0.000000
vt -53.571429 2.487094 0.000000
vt -53.571429 2.984513 0.000000
vt -53.571429 3.481932 0.000000
vt -40.864520 6.452550 0.000000
vt -37.189578 1.577923 0.000000
vt -36.273859 0.363267 0.000000
vt -34.440132 -2.069080 0.000000
vt -26.180029 -1.087644 0.000000
vt -24.346337 -3.519945 0.000000
vt -16.071429 -2.558146 0.000000
vt 75.000000 -4.319690 0.000000
vt 66.666667 -4.319690 0.000000
vt 75.000000 -4.712389 0.000000
vt 66.666667 -4.712389 0.000000
vt 75.000000 4.712389 0.000000
vt 66.666667 4.712389 0.000000
vt 75.000000 4.319690 0.000000
vt 66.666667 4.319690 0.000000
vt 75.000000 3.926991 0.000000
vt 66.666667 3.926991 0.000000
vt 75.000000 3.534292 0.000000
vt 66.666667 3.534292 0.000000
vt 75.000000 3.141593 0.000000
vt 66.666667 3.141593 0.000000
vt 75.000000 2.748894 0.000000
vt 66.666667 2.748894 0.000000
vt 75.000000 2.356194 0.000000
vt 66.666667 2.356194 0.000000
vt 75.000000 1.963495 0.000000
vt 66.666667 1.963495 0.000000
vt 75.000000 1.570796 0.000000
vt 66.666667 1.570796 0.000000
vt 75.000000 1.178097 0.000000
vt 66.666667 1.178097 0.000000
vt 75.000000 0.785398 0.000000
vt 66.666667 0.785398 0.000000
vt 75.000000 0.392699 0.000000
vt 66.666667 0.392699 0.000000
vt 75.000000 0.000000 0.000000
vt 66.666667 0.000000 0.000000
vt 75.000000 -0.392699 0.000000
vt 66.666667 -0.392699 0.000000
vt 75.000000 -0.785398 0.000000
vt 66.666667 -0.785398 0.000000
vt 75.000000 -1.178097 0.000000
vt 66.666667 -1.178097 0.000000
vt 75.000000 -1.570796 0.000000
vt 66.666667 -1.570796 0.000000
vt 75.000000 -1.963495 0.000000
vt 66.666667 -1.963495 0.000000
vt 75.000000 -2.356194 0.000000
vt 66.666667 -2.356194 0.000000
vt 75.000000 -2.748894 0.000000
vt 66.666667 -2.748894 0.000000
vt 75.000000 -3.141593 0.000000
vt 66.666667 -3.141593 0.000000
vt 75.000000 -3.534292 0.000000
vt 66.666667 -3.534292 0.000000
vt 75.000000 -3.926991 0.000000
vt 66.666667 -3.926991 0.000000
vt 0.000000 4.319690 0.000000
vt 8.333333 4.319690 0.000000
vt 0.000000 4.712389 0.000000
vt 8.333333 4.712389 0.000000
vt 0.000000 -4.712389 0.000000
vt 8.333333 -4.712389 0.000000
vt 0.000000 -4.319690 0.000000
vt 8.333333 -4.319690 0.000000
vt 0.000000 -3.926991 0.000000
vt 8.333333 -3.926991 0.000000
vt 0.000000 -3.534292 0.000000
vt 8.333333 -3.534292 0.000000
vt 0.000000 -3.141593 0.000000
vt 8.333333 -3.141593 0.000000
vt 0.000000 -2.748894 0.000000
vt 8.333333 -2.748894 0.000000
vt 0.000000 -2.356194 0.000000
vt 8.333333 -2.356194 0.000000
vt 0.000000 -1.963495 0.000000
vt 8.333333 -1.963495 0.000000
vt 0.000000 -1.570796 0.000000
vt 8.333333 -1.570796 0.000000
vt 0.000000 -1.178097 0.000000
vt 8.333333 -1.178097 0.000000
vt 0.000000 -0.785398 0.000000
vt 8.333333 -0.785398 0.000000
vt 0.000000 -0.392699 0.000000
vt 8.333333 -0.392699 0.000000
vt 0.000000 0.000000 0.000000
vt 8.333333 0.000000 0.000000
vt 0.000000 0.392699 0.000000
vt 8.333333 0.392699 0.000000
vt 0.000000 0.785398 0.000000
vt 8.333333 0.785398 0.000000
vt -0.000000 1.178097 0.000000
vt 8.333333 1.178097 0.000000
vt 0.000000 1.570796 0.000000
vt 8.333333 1.570796 0.000000
vt -0.000000 1.963495 0.000000
vt 8.333333 1.963495 0.000000
vt 0.000000 2.356194 0.000000
vt 8.333333 2.356194 0.000000
vt -0.000000 2.748894 0.000000
vt 8.333333 2.748894 0.000000
vt -0.000000 3.141593 0.000000
vt 8.333333 3.141593 0.000000
vt 0.000000 3.534292 0.000000
vt 8.333333 3.534292 0.000000
vt 0.000000 3.926991 0.000000
vt 8.333333 3.926991 0.000000
vt 58.333333 4.712389 0.000000
vt 58.333333 4.319690 0.000000
vt 58.333333 3.926991 0.000000
vt 58.333333 3.534292 0.000000
vt 58.333333 3.141593 0.000000
vt 58.333333 2.748894 0.000000
vt 58.333333 2.356194 0.000000
vt 58.333333 1.963495 0.000000
vt 58.333333 1.570796 0.000000
vt 58.333333 1.178097 0.000000
vt 58.333333 0.785398 0.000000
vt 58.333333 0.392699 0.000000
vt 58.333333 0.000000 0.000000
vt 58.333333 -0.392699 0.000000
vt 58.333333 -0.785398 0.000000
vt 58.333333 -1.178097 0.000000
vt 58.333333 -1.570796 0.000000
vt 58.333333 -1.963495 0.000000
vt 58.333333 -2.356194 0.000000
vt 58.333333 -2.748894 0.000000
vt 58.333333 -3.141593 0.000000
vt 58.333333 -3.534292 0.000000
vt 58.333333 -3.926991 0.000000
vt 58.333333 -4.319690 0.000000
vt 58.333333 -4.712389 0.000000
vt 50.000000 4.712389 0.000000
vt 50.000000 4.319690 0.000000
vt 50.000000 3.926991 0.000000
vt 50.000000 3.534292 0.000000
vt 50.000000 3.141593 0.000000
vt 50.000000 2.748894 0.000000
vt 50.000000 2.356194 0.000000
vt 50.000000 1.963495 0.000000
vt 50.000000 1.570796 0.000000
vt 50.000000 1.178097 0.000000
vt 50.000000 0.785398 0.000000
vt 50.000000 0.392699 0.000000
vt 50.000000 0.000000 0.000000
vt 50.000000 -0.392699 0.000000
vt 50.000000 -0.785398 0.000000
vt 50.000000 -1.178097 0.000000
vt 50.000000 -1.570796 0.000000
vt 50.000000 -1.963495 0.000000
vt 50.000000 -2.356194 0.000000
vt 50.000000 -2.748894 0.000000
vt 50.000000 -3.141593 0.000000
vt 50.000000 -3.534292 0.000000
vt 50.000000 -3.926991 0.000000
vt 50.000000 -4.319690 0.000000
vt 50.000000 -4.712389 0.000000
vt 41.666667 4.712389 0.000000
vt 41.666667 4.319690 0.000000
vt 41.666667 3.926991 0.000000
vt 41.666667 3.534292 0.000000
vt 41.666667 3.141593 0.000000
vt 41.666667 2.748894 0.000000
vt 41.666667 2.356194 0.000000
vt 41.666667 1.963495 0.000000
vt 41.666667 1.570796 0.000000
vt 41.666667 1.178097 0.000000
vt 41.666667 0.785398 0.000000
vt 41.666667 0.392699 0.000000
vt 41.666667 0.000000 0.000000
vt 41.666667 -0.392699 0.000000
vt 41.666667 -0.785398 0.000000
vt 41.666667 -1.178097 0.000000
vt 41.666667 -1.570796 0.000000
vt 41.666667 -1.963495 0.000000
vt 41.666667 -2.356194 0.000000
vt 41.666667 -2.748894 0.000000
vt 41.666667 -3.141593 0.000000
vt 41.666667 -3.534292 0.000000
vt 41.666667 -3.926991 0.000000
vt 41.666667 -4.319690 0.000000
vt 41.666667 -4.712389 0.000000
vt 33.333333 4.712389 0.000000
vt 33.333333 4.319690 0.000000
vt 33.333333 3.926991 0.000000
vt 33.333333 3.534292 0.000000
vt 33.333333 3.141593 0.000000
vt 33.333333 2.748894 0.000000
vt 33.333333 2.356194 0.000000
vt 33.333333 1.963495 0.000000
vt 33.333333 1.570796 0.000000
vt 33.333333 1.178097 0.000000
vt 33.333333 0.785398 0.000000
vt 33.333333 0.392699 0.000000
vt 33.333333 0.000000 0.000000
vt 33.333333 -0.392699 0.000000
vt 33.333333 -0.785398 0.000000
vt 33.333333 -1.178097 0.000000
vt 33.333333 -1.570796 0.000000
vt 33.333333 -1.963495 0.000000
vt 33.333333 -2.356194 0.000000
vt 33.333333 -2.748894 0.000000
vt 33.333333 -3.141593 0.000000
vt 33.333333 -3.534292 0.000000
vt 33.333333 -3.926991 0.000000
vt 33.333333 -4.319690 0.000000
vt 33.333333 -4.712389 0.000000
vt 25.000000 4.712389 0.000000
vt 25.000000 4.319690 0.000000
vt 25.000000 3.926991 0.000000
vt 25.000000 3.534292 0.000000
vt 25.000000 3.141593 0.000000
vt 25.000000 2.748894 0.000000
vt 25.000000 2.356194 0.000000
vt 25.000000 1.963495 0.000000
vt 25.000000 1.570796 0.000000
vt 25.000000 1.178097 0.000000
vt 25.000000 0.785398 0.000000
vt 25.000000 0.392699 0.000000
vt 25.000000 0.000000 0.000000
vt 25.000000 -0.392699 0.000000
vt 25.000000 -0.785398 0.000000
vt 25.000000 -1.178097 0.000000
vt 25.000000 -1.570796 0.000000
vt 25.000000 -1.963495 0.000000
vt 25.000000 -2.356194 0.000000
vt 25.000000 -2.748894 0.000000
vt 25.000000 -3.141593 0.000000
vt 25.000000 -3.534292 0.000000
vt 25.000000 -3.926991 0.000000
vt 25.000000 -4.319690 0.000000
vt 25.000000 -4.712389 0.000000
vt 16.666667 4.712389 0.000000
vt 16.666667 4.319690 0.000000
vt 16.666667 3.926991 0.000000
vt 16.666667 3.534292 0.000000
vt 16.666667 3.141593 0.000000
vt 16.666667 2.748894 0.000000
vt 16.666667 2.356194 0.000000
vt 16.666667 1.963495 0.000000
vt 16.666667 1.570796 0.000000
vt 16.666667 1.178097 0.000000
vt 16.666667 0.785398 0.000000
vt 16.666667 0.392699 0.000000
vt 16.666667 0.000000 0.000000
vt 16.666667 -0.392699 0.000000
vt 16.666667 -0.785398 0.000000
vt 16.666667 -1.178097 0.000000
vt 16.666667 -1.570796 0.000000
vt 16.666667 -1.963495 0.000000
vt 16.666667 -2.356194 0.000000
vt 16.666667 -2.748894 0.000000
vt 16.666667 -3.141593 0.000000
vt 16.666667 -3.534292 0.000000
vt 16.666667 -3.926991 0.000000
vt 16.666667 -4.319690 0.000000
vt 16.666667 -4.712389 0.000000
vt -1.448889 -0.388229 0.000000
vt -1.500000 -0.000000 0.000000
vt -1.900000 -0.000000 0.000000
vt -1.448889 0.388229 0.000000
vt -1.835259 0.491756 0.000000
vt -1.299038 0.750000 0.000000
vt -1.645448 0.950000 0.000000
vt -1.060660 1.060660 0.000000
vt -1.343503 1.343503 0.000000
vt -0.750000 1.299038 0.000000
vt -0.950000 1.645448 0.000000
vt -0.388229 1.448889 0.000000
vt -0.491756 1.835259 0.000000
vt 0.000000 1.500000 0.000000
vt 0.000000 1.900000 0.000000
vt 0.491756 1.835259 0.000000
vt 0.388229 1.448889 0.000000
vt 0.950000 1.645448 0.000000
vt 0.750000 1.299038 0.000000
vt 1.343503 1.343503 0.000000
vt 1.060660 1.060660 0.000000
vt 1.645448 0.950000 0.000000
vt 1.299038 0.750000 0.000000
vt 1.835259 0.491756 0.000000
vt 1.448889 0.388229 0.000000
vt 1.900000 0.000000 0.000000
vt 1.500000 0.000000 0.000000
vt 1.835259 -0.491756 0.000000
vt 1.448889 -0.388229 0.000000
vt 1.299038 -0.750000 0.000000
vt 1.645448 -0.950000 0.000000
vt 1.060660 -1.060660 0.000000
vt 1.343503 -1.343503 0.000000
vt 0.750000 -1.299038 0.000000
vt 0.950000 -1.645448 0.000000
vt 0.388229 -1.448889 0.000000
vt 0.491756 -1.835259 0.000000
vt 0.000000 -1.500000 0.000000
vt 0.000000 -1.900000 0.000000
vt -0.491756 -1.835259 0.000000
vt -0.388229 -1.448889 0.000000
vt -0.950000 -1.645448 0.000000
vt -0.750000 -1.299038 0.000000
vt -1.343503 -1.343503 0.000000
vt -1.060660 -1.060660 0.000000
vt -1.645448 -0.950000 0.000000
vt -1.299038 -0.750000 0.000000
vt -1.835259 -0.491756 0.000000
vn -0.003679 -0.100637 -0.994916
vn -0.003766 -0.075015 -0.997175
vn -0.008553 -0.101636 -0.994785
vn -0.017992 -0.030802 -0.999364
vn -0.003906 -0.031650 -0.999491
vn -0.004167 0.056463 -0.998396
vn -0.004743 0.310392 -0.950597
vn -0.125613 0.346982 -0.929422
vn -0.124395 0.346826 -0.929644
vn -0.925447 -0.360907 -0.115298
vn -0.944505 -0.265130 -0.193949
vn -0.930038 -0.351481 -0.107195
vn -0.942125 -0.302077 -0.145432
vn -0.946480 -0.291884 -0.137767
vn -0.948243 -0.256395 -0.187341
vn -0.951039 -0.301108 -0.069706
vn 0.000000 -0.798506 -0.601987
vn 0.000000 -0.798506 -0.601987
vn 0.000000 -0.798506 -0.601987
vn 0.000000 -0.798506 -0.601987
vn 0.000000 -0.798506 -0.601987
vn 0.000000 -0.798506 -0.601987
vn 0.000000 -0.798506 -0.601987
vn 0.000000 -0.798506 -0.601987
vn 0.957638 -0.227027 -0.177167
vn 0.958402 -0.224986 -0.175633
vn 0.959024 -0.214474 -0.185130
vn 0.963903 -0.193963 -0.182396
vn 0.959258 -0.204460 -0.194990
vn 0.964347 -0.190065 -0.184150
vn 0.958778 -0.208355 -0.193219
vn 0.004884 -0.405733 0.913978
vn 0.009662 -0.404448 0.914510
vn 0.007634 -0.412967 0.910714
vn 0.018735 -0.484970 0.874330
vn 0.013636 -0.508891 0.860723
vn 0.023922 -0.604345 0.796363
vn 0.004965 -0.484782 0.874621
vn 0.004850 -0.784830 0.619692
vn 0.036444 -0.684576 0.728030
vn 0.124723 -0.798647 0.588734
vn 0.124723 -0.798647 0.588734
vn -0.910460 -0.413366 0.013795
vn -0.979524 -0.200950 0.012317
vn -0.960413 -0.276894 0.030598
vn -0.988221 -0.142292 0.056322
vn -0.988221 -0.142293 0.056322
vn -0.935504 -0.348542 0.057893
vn -0.902882 -0.428723 0.031631
vn -0.799786 -0.600272 0.004002
vn -0.838720 -0.541572 0.057000
vn 0.018965 -0.202729 0.979051
vn 0.093609 -0.403376 0.910234
vn 0.130122 -0.587857 0.798431
vn 0.169989 -0.377535 0.910259
vn 0.252900 -0.546380 0.798443
vn 0.212166 -0.355662 0.910214
vn 0.363917 -0.479550 0.798496
vn 0.159609 -0.265449 0.950822
vn 0.106037 -0.173596 0.979092
vn 0.085428 -0.184543 0.979105
vn 0.064279 -0.136351 0.988573
vn 0.036642 -0.146259 0.988568
vn 0.044457 -0.111046 0.992820
vn 0.027581 -0.116419 0.992817
vn 0.015063 -0.150016 0.988569
vn 0.009334 -0.119470 0.992794
vn 0.048053 -0.197645 0.979095
vn 0.071065 -0.301447 0.950831
vn 0.128117 -0.281907 0.950849
vn 0.010095 -0.119202 0.992819
vn 0.060371 -0.103284 0.992818
vn 0.079499 -0.128131 0.988566
vn 0.075006 -0.093315 0.992807
vn 0.983118 0.182260 -0.016111
vn 0.999246 0.035402 -0.015941
vn 0.997754 0.066272 -0.009765
vn 0.998660 0.051623 -0.003705
vn 0.980149 0.198224 -0.003871
vn 0.977737 0.209594 -0.010059
vn 0.940179 0.340657 -0.003968
vn 0.918507 0.395274 -0.010153
vn 0.879774 0.475373 -0.004279
vn 0.809321 0.587142 -0.016233
vn 0.799787 0.600271 -0.004003
vn 0.887262 0.460970 -0.016519
vn 0.945469 0.325308 -0.016205
vn -0.000000 -0.000000 1.000000
vn -0.000000 -0.000000 1.000000
vn -0.000000 -0.000000 1.000000
vn -0.000000 -0.000000 1.000000
vn -0.000000 -0.000000 1.000000
vn -0.000000 -0.000000 1.000000
vn -0.000000 -0.000000 1.000000
vn -0.000000 -0.000000 1.000000
vn -0.000000 -0.000000 1.000000
vn -0.000000 -0.000000 1.000000
vn -0.000000 -0.000000 1.000000
vn -0.000000 -0.000000 1.000000
vn -0.000000 -0.000000 1.000000
vn -0.000000 -0.000000 1.000000
vn -0.000000 -0.000000 1.000000
vn -0.000000 -0.000000 1.000000
vn -0.000000 -0.000000 1.000000
vn -0.000000 -0.000000 1.000000
vn -0.000000 -0.000000 1.000000
vn -0.000000 -0.000000 1.000000
vn -0.000000 -0.000000 1.000000
vn -0.000000 -0.000000 1.000000
vn -0.000000 -0.000000 1.000000
vn -0.000000 -0.000000 1.000000
vn 0.769034 -0.206062 -0.605083
vn 0.769034 -0.206062 -0.605083
vn 0.796162 0.000000 -0.605083
vn 0.562972 -0.562972 -0.605083
vn 0.562972 -0.562972 -0.605083
vn 0.689497 -0.398081 -0.605083
vn 0.206062 -0.769034 -0.605083
vn 0.206062 -0.769034 -0.605083
vn 0.398081 -0.689497 -0.605083
vn -0.206062 -0.769034 -0.605083
vn -0.206062 -0.769034 -0.605083
vn 0.000000 -0.796162 -0.605083
vn -0.562972 -0.562972 -0.605083
vn -0.562972 -0.562972 -0.605083
vn -0.398081 -0.689497 -0.605083
vn -0.769034 -0.206062 -0.605083
vn -0.769034 -0.206062 -0.605083
vn -0.689497 -0.398081 -0.605083
vn -0.769034 0.206062 -0.605083
vn -0.769034 0.206062 -0.605083
vn -0.796162 0.000000 -0.605083
vn -0.562972 0.562972 -0.605083
vn -0.562972 0.562972 -0.605083
vn -0.689497 0.398081 -0.605083
vn -0.206062 0.769034 -0.605083
vn -0.206062 0.769034 -0.605083
vn -0.398081 0.689497 -0.605083
vn 0.206062 0.769034 -0.605083
vn 0.206062 0.769034 -0.605083
vn -0.000000 0.796162 -0.605083
vn 0.562972 0.562972 -0.605083
vn 0.562972 0.562972 -0.605083
vn 0.398081 0.689497 -0.605083
vn 0.769034 0.206062 -0.605083
vn 0.769034 0.206062 -0.605083
vn 0.689497 0.398081 -0.605083
vn -0.796162 -0.000000 -0.605083
vn 0.398081 -0.689497 -0.605083
vn 0.398081 0.689497 -0.605083
vn -0.689497 -0.398081 -0.605083
vn -0.398081 -0.689497 -0.605083
vn 0.000000 -0.796162 -0.605083
vn 0.689497 -0.398081 -0.605083
vn 0.796162 0.000000 -0.605083
vn 0.689497 0.398081 -0.605083
vn 0.000000 0.796162 -0.605083
vn -0.398081 0.689497 -0.605083
vn -0.689497 0.398081 -0.605083
vn -0.009335 0.119445 -0.992797
vn -0.019023 0.202988 -0.978996
vn -0.010094 0.119174 -0.992822
vn -0.033536 0.200526 -0.979114
vn -0.027567 0.116345 -0.992826
vn -0.048029 0.197538 -0.979118
vn -0.067027 0.191915 -0.979120
vn -0.057232 0.239020 -0.969327
vn -0.080223 0.232302 -0.969330
vn -0.071038 0.301324 -0.950872
vn -0.100027 0.292962 -0.950877
vn -0.093585 0.403268 -0.910284
vn -0.132388 0.392219 -0.910296
vn -0.131050 0.587507 -0.798537
vn -0.253332 0.546048 -0.798533
vn -0.048936 0.305722 -0.950863
vn -0.039697 0.242572 -0.969321
vn -0.169950 0.377498 -0.910282
vn -0.363917 0.479550 -0.798496
vn -0.128079 0.281856 -0.950870
vn -0.102462 0.223408 -0.969325
vn -0.074935 0.093220 -0.992822
vn -0.085396 0.184495 -0.979116
vn -0.060348 0.103241 -0.992824
vn -0.044439 0.110998 -0.992827
vn -0.496300 0.340484 -0.798597
vn -0.295849 0.289634 -0.910267
vn -0.274026 0.310401 -0.910253
vn -0.205739 0.231416 -0.950851
vn -0.221996 0.215819 -0.950863
vn -0.176838 0.170720 -0.969321
vn -0.188764 0.157390 -0.969328
vn -0.156589 0.129638 -0.979119
vn -0.178740 0.096852 -0.979118
vn -0.132988 0.070863 -0.988581
vn -0.115801 0.029944 -0.992821
vn -0.109517 0.048013 -0.992825
vn -0.578395 0.166924 -0.798496
vn -0.361897 0.201030 -0.910284
vn -0.316097 0.267325 -0.910286
vn -0.237078 0.199082 -0.950873
vn -0.215682 0.117845 -0.969327
vn -0.271156 0.149388 -0.950872
vn -0.100437 0.064853 -0.992828
vn -0.116737 0.095279 -0.988582
vn -0.146763 0.140698 -0.979114
vn -0.163978 0.183151 -0.969312
vn -0.088817 0.080055 -0.992826
vn -0.109511 0.103528 -0.988579
vn -0.136164 0.151021 -0.979108
vn -0.101711 0.111237 -0.988575
vn -0.074945 0.093234 -0.992820
vn -0.601402 -0.023646 -0.798597
vn -0.410304 0.055373 -0.910266
vn -0.405225 0.085059 -0.910251
vn -0.303268 0.062553 -0.950850
vn -0.306976 0.040337 -0.950862
vn -0.243816 0.031172 -0.969321
vn -0.245408 0.013361 -0.969328
vn -0.203025 0.010342 -0.979119
vn -0.201187 -0.029174 -0.979118
vn -0.148973 -0.022666 -0.988581
vn -0.110744 -0.045196 -0.992821
vn -0.116501 -0.026957 -0.992825
vn -0.563504 -0.211819 -0.798496
vn -0.410296 -0.055113 -0.910285
vn -0.413201 0.025392 -0.910286
vn -0.309061 0.017909 -0.950873
vn -0.243352 -0.034421 -0.969327
vn -0.306680 -0.042286 -0.950873
vn -0.119284 -0.008033 -0.992828
vn -0.150539 0.006615 -0.988582
vn -0.201760 0.025079 -0.979114
vn -0.240940 0.048820 -0.969311
vn -0.119056 0.011095 -0.992826
vn -0.149678 0.017545 -0.988579
vn -0.199436 0.039686 -0.979107
vn -0.148035 0.028385 -0.988575
vn -0.115818 0.029949 -0.992819
vn -0.468093 -0.378329 -0.798596
vn -0.362074 -0.200794 -0.910266
vn -0.375740 -0.173963 -0.910251
vn -0.280542 -0.131079 -0.950849
vn -0.270240 -0.151102 -0.950862
vn -0.214121 -0.120707 -0.969320
vn -0.204756 -0.135936 -0.969328
vn -0.168969 -0.113029 -0.979119
vn -0.143888 -0.143609 -0.979118
vn -0.105909 -0.107191 -0.988581
vn -0.061799 -0.102411 -0.992821
vn -0.077309 -0.091227 -0.992825
vn -0.325300 -0.506542 -0.798496
vn -0.296061 -0.289358 -0.910286
vn -0.346484 -0.226557 -0.910286
vn -0.258512 -0.170326 -0.950873
vn -0.174562 -0.173011 -0.969327
vn -0.220641 -0.217159 -0.950873
vn -0.090845 -0.077719 -0.992828
vn -0.124657 -0.084654 -0.988582
vn -0.176759 -0.100460 -0.979114
vn -0.222361 -0.104842 -0.969311
vn -0.102090 -0.062249 -0.992826
vn -0.130497 -0.075378 -0.988579
vn -0.183624 -0.087363 -0.979107
vn -0.135657 -0.065707 -0.988575
vn -0.110760 -0.045202 -0.992819
vn -0.149346 -0.583043 -0.798596
vn -0.170378 -0.377342 -0.910266
vn -0.197360 -0.363995 -0.910251
vn -0.146645 -0.272728 -0.950849
vn -0.126426 -0.282627 -0.950862
vn -0.099584 -0.224724 -0.969320
vn -0.082979 -0.231340 -0.969328
vn -0.067967 -0.191590 -0.979119
vn -0.029593 -0.201125 -0.979118
vn -0.020894 -0.149232 -0.988581
vn 0.011617 -0.119047 -0.992821
vn -0.007498 -0.119343 -0.992825
vn 0.041717 -0.600553 -0.798496
vn -0.064552 -0.408917 -0.910286
vn -0.142491 -0.388685 -0.910286
vn -0.105540 -0.291034 -0.950873
vn -0.036627 -0.243029 -0.969327
vn -0.047205 -0.305961 -0.950873
vn -0.026419 -0.116598 -0.992828
vn -0.049386 -0.142361 -0.988582
vn -0.081721 -0.186166 -0.979114
vn -0.115666 -0.216928 -0.969311
vn -0.044674 -0.110913 -0.992826
vn -0.059609 -0.138413 -0.988579
vn -0.095048 -0.179767 -0.979107
vn -0.069523 -0.133742 -0.988575
vn -0.061808 -0.102425 -0.992819
vn 0.228485 -0.556811 -0.798596
vn 0.088765 -0.404397 -0.910266
vn 0.059160 -0.409809 -0.910251
vn 0.045313 -0.306321 -0.950849
vn 0.067436 -0.302182 -0.950862
vn 0.054374 -0.239711 -0.969320
vn 0.071638 -0.235099 -0.969328
vn 0.059934 -0.194252 -0.979119
vn 0.096398 -0.178982 -0.979118
vn 0.072379 -0.132166 -0.988581
vn 0.080419 -0.088542 -0.992821
vn 0.065269 -0.100195 -0.992825
vn 0.392145 -0.456757 -0.798496
vn 0.192475 -0.366515 -0.910286
vn 0.117899 -0.396837 -0.910286
vn 0.089203 -0.296450 -0.950873
vn 0.115786 -0.216790 -0.969327
vn 0.144892 -0.273581 -0.950873
vn 0.048458 -0.109293 -0.992828
vn 0.045430 -0.143673 -0.988582
vn 0.045668 -0.198118 -0.979114
vn 0.036823 -0.243065 -0.969311
vn 0.030425 -0.115636 -0.992826
vn 0.034875 -0.146612 -0.988579
vn 0.031160 -0.200946 -0.979107
vn 0.024137 -0.148788 -0.988575
vn 0.011619 -0.119064 -0.992819
vn 0.515795 -0.310161 -0.798596
vn 0.312715 -0.271340 -0.910266
vn 0.292207 -0.293358 -0.910251
vn 0.219292 -0.218624 -0.950849
vn 0.234562 -0.202095 -0.950862
vn 0.186776 -0.159790 -0.969320
vn 0.197866 -0.145783 -0.969328
vn 0.164083 -0.120011 -0.979119
vn 0.184207 -0.085994 -0.979118
vn 0.136983 -0.062787 -0.988581
vn 0.117380 -0.023001 -0.992821
vn 0.112186 -0.041390 -0.992825
vn 0.587303 -0.132211 -0.798496
vn 0.373263 -0.179039 -0.910286
vn 0.331563 -0.247882 -0.910286
vn 0.248593 -0.184502 -0.950873
vn 0.222337 -0.104742 -0.969327
vn 0.279598 -0.132912 -0.950873
vn 0.104138 -0.058723 -0.992828
vn 0.122242 -0.088105 -0.988582
vn 0.154951 -0.131629 -0.979114
vn 0.174704 -0.172959 -0.969311
vn 0.093465 -0.074578 -0.992826
vn 0.115534 -0.096764 -0.988579
vn 0.145007 -0.142560 -0.979107
vn 0.108222 -0.104920 -0.988575
vn 0.080430 -0.088556 -0.992819
vn 0.598951 0.059174 -0.798596
vn 0.412867 -0.030926 -0.910266
vn 0.409565 -0.060827 -0.910251
vn 0.306451 -0.044420 -0.950849
vn 0.308829 -0.022049 -0.950862
vn 0.245236 -0.016648 -0.969320
vn 0.245768 0.001206 -0.969328
vn 0.203281 0.001708 -0.979119
vn 0.199113 0.041003 -0.979118
vn 0.147374 0.031423 -0.988581
vn 0.107896 0.051629 -0.992821
vn 0.114708 0.033779 -0.992825
vn 0.550077 0.244580 -0.798496
vn 0.406325 0.079245 -0.910286
vn 0.413979 -0.000861 -0.910286
vn 0.309579 0.000438 -0.950873
vn 0.240894 0.048730 -0.969327
vn 0.303647 0.060321 -0.950873
vn 0.118600 0.015074 -0.992828
vn 0.150666 0.002318 -0.988582
vn 0.202893 -0.013062 -0.979114
vn 0.243417 -0.034416 -0.969311
vn 0.119505 -0.004013 -0.992826
vn 0.150456 -0.008631 -0.988579
vn 0.201444 -0.027764 -0.979107
vn 0.149461 -0.019537 -0.988575
vn 0.117396 -0.023004 -0.992819
vn 0.445185 0.405037 -0.798596
vn 0.349678 0.221677 -0.910266
vn 0.364877 0.195724 -0.910251
vn 0.272362 0.147325 -0.950849
vn 0.260916 0.166687 -0.950862
vn 0.206675 0.133054 -0.969320
vn 0.196445 0.147691 -0.969328
vn 0.162061 0.122729 -0.979119
vn 0.135264 0.151759 -0.979118
vn 0.099475 0.113188 -0.988581
vn 0.055745 0.105827 -0.992821
vn 0.071862 0.095576 -0.992825
vn 0.295327 0.524582 -0.798496
vn 0.278674 0.306139 -0.910286
vn 0.332625 0.246455 -0.910286
vn 0.248096 0.185170 -0.950873
vn 0.164170 0.182901 -0.969327
vn 0.207595 0.229662 -0.950873
vn 0.086148 0.082895 -0.992828
vn 0.119487 0.091807 -0.988582
vn 0.170565 0.110651 -0.979114
vn 0.215822 0.117717 -0.969311
vn 0.098266 0.068126 -0.992826
vn 0.125853 0.082900 -0.988579
vn 0.178178 0.097994 -0.979107
vn 0.131565 0.073559 -0.988575
vn 0.107912 0.051636 -0.992819
vn 0.115429 0.590695 -0.798596
vn 0.148230 0.386579 -0.910266
vn 0.175911 0.374832 -0.910251
vn 0.130576 0.280777 -0.950849
vn 0.109839 0.289477 -0.950862
vn 0.086397 0.230116 -0.969320
vn 0.069456 0.235753 -0.969328
vn 0.056769 0.195201 -0.979119
vn 0.017948 0.202497 -0.979118
vn 0.012255 0.150188 -0.988581
vn -0.018432 0.118183 -0.992821
vn 0.000614 0.119577 -0.992825
vn -0.076122 0.597168 -0.798496
vn 0.040869 0.411958 -0.910286
vn 0.119764 0.396278 -0.910286
vn 0.088525 0.296653 -0.950873
vn 0.022554 0.244736 -0.969327
vn 0.029486 0.308174 -0.950873
vn 0.019642 0.117929 -0.992828
vn 0.041067 0.144980 -0.988582
vn 0.070798 0.190588 -0.979114
vn 0.102887 0.223273 -0.969311
vn 0.038176 0.113314 -0.992826
vn 0.051490 0.141634 -0.988579
vn 0.084459 0.184979 -0.979107
vn 0.061647 0.137550 -0.988575
vn 0.055754 0.105842 -0.992819
vn -0.259890 0.542864 -0.798596
vn -0.111773 0.398651 -0.910266
vn -0.082558 0.405743 -0.910251
vn -0.062800 0.303219 -0.950849
vn -0.084627 0.297825 -0.950862
vn -0.068010 0.236205 -0.969320
vn -0.084964 0.230618 -0.969328
vn -0.070943 0.190508 -0.979119
vn -0.106440 0.173198 -0.979118
vn -0.079792 0.127827 -0.988581
vn -0.085313 0.083837 -0.992821
vn -0.070864 0.096318 -0.992825
vn -0.417428 0.433772 -0.798496
vn -0.213047 0.354952 -0.910286
vn -0.140396 0.389446 -0.910286
vn -0.106007 0.290864 -0.950873
vn -0.127951 0.209840 -0.969327
vn -0.160246 0.264881 -0.950873
vn -0.054616 0.106349 -0.992828
vn -0.053570 0.140840 -0.988582
vn -0.056936 0.195178 -0.979114
vn -0.050698 0.240554 -0.969311
vn -0.036994 0.113705 -0.992826
vn -0.043212 0.144375 -0.988579
vn -0.042630 0.198829 -0.979107
vn -0.032628 0.147159 -0.988575
vn -0.018434 0.118200 -0.992819
vn -0.532471 0.280571 -0.798596
vn -0.327569 0.253207 -0.910266
vn -0.308361 0.276327 -0.910251
vn -0.231329 0.205846 -0.950849
vn -0.245623 0.188497 -0.950862
vn -0.195519 0.148964 -0.969320
vn -0.205789 0.134368 -0.969328
vn -0.170604 0.110546 -0.979119
vn -0.188758 0.075482 -0.979118
vn -0.140302 0.054972 -0.988581
vn -0.118485 0.016381 -0.992821
vn -0.114337 0.035015 -0.992825
vn -0.593794 0.099064 -0.798496
vn -0.382754 0.157731 -0.910286
vn -0.345043 0.228746 -0.910286
vn -0.258624 0.170157 -0.950873
vn -0.227884 0.092052 -0.969327
vn -0.286640 0.116953 -0.950873
vn -0.107285 0.052755 -0.992828
vn -0.127027 0.081055 -0.988582
vn -0.162152 0.122649 -0.979114
vn -0.184224 0.162781 -0.969311
vn -0.097534 0.069170 -0.992826
vn -0.120825 0.090071 -0.988579
vn -0.152852 0.134113 -0.979107
vn -0.113994 0.098619 -0.988575
vn -0.085325 0.083849 -0.992819
vn -0.594720 -0.092485 -0.798596
vn -0.413950 0.007780 -0.910266
vn -0.412329 0.037788 -0.910251
vn -0.308458 0.027183 -0.950849
vn -0.309579 0.004737 -0.950862
vn -0.245784 0.002902 -0.969320
vn -0.245317 -0.014936 -0.969328
vn -0.202868 -0.013063 -0.979119
vn -0.196521 -0.052027 -0.979118
vn -0.145396 -0.039581 -0.988581
vn -0.104867 -0.057532 -0.992821
vn -0.112652 -0.040106 -0.992825
vn -0.535669 -0.274706 -0.798496
vn -0.401282 -0.101748 -0.910286
vn -0.413380 -0.022270 -0.910286
vn -0.309071 -0.017734 -0.950874
vn -0.237807 -0.062069 -0.969327
vn -0.299817 -0.077136 -0.950873
vn -0.117574 -0.021664 -0.992828
vn -0.150301 -0.010732 -0.988582
vn -0.203306 0.001690 -0.979114
vn -0.244963 0.020726 -0.969311
vn -0.119542 -0.002677 -0.992826
vn -0.150703 0.000201 -0.988579
vn -0.202682 0.016436 -0.979107
vn -0.150321 0.011134 -0.988575
vn -0.118502 0.016384 -0.992819
vn -0.422173 -0.428969 -0.798596
vn -0.336881 -0.240680 -0.910266
vn -0.353477 -0.215632 -0.910251
vn -0.263784 -0.162183 -0.950849
vn -0.251296 -0.180864 -0.950862
vn -0.198999 -0.144282 -0.969320
vn -0.187987 -0.158318 -0.969328
vn -0.155034 -0.131494 -0.979119
vn -0.126702 -0.158977 -0.979118
vn -0.093092 -0.118493 -0.988581
vn -0.049859 -0.108725 -0.992821
vn -0.066498 -0.099383 -0.992825
vn -0.266118 -0.539987 -0.798496
vn -0.261395 -0.321018 -0.910286
vn -0.318502 -0.264454 -0.910286
vn -0.237488 -0.198593 -0.950874
vn -0.153850 -0.191663 -0.969327
vn -0.194635 -0.240744 -0.950873
vn -0.081446 -0.087519 -0.992828
vn -0.114233 -0.098268 -0.988582
vn -0.164183 -0.119917 -0.979114
vn -0.208970 -0.129490 -0.969311
vn -0.094349 -0.073456 -0.992826
vn -0.121075 -0.089734 -0.988579
vn -0.172477 -0.107712 -0.979107
vn -0.127289 -0.080733 -0.988575
vn -0.104882 -0.057540 -0.992819
vn -0.083045 -0.596111 -0.798596
vn -0.126862 -0.394108 -0.910266
vn -0.155117 -0.383903 -0.910251
vn -0.115002 -0.287506 -0.950849
vn -0.093840 -0.295052 -0.950862
vn -0.073680 -0.234498 -0.969320
vn -0.056473 -0.239195 -0.969328
vn -0.046020 -0.198011 -0.979119
vn -0.006895 -0.203174 -0.979118
vn -0.004059 -0.150633 -0.988581
vn 0.024814 -0.117010 -0.992821
vn 0.005890 -0.119433 -0.992825
vn 0.108395 -0.592161 -0.798496
vn -0.018376 -0.413572 -0.910286
vn -0.097936 -0.402228 -0.910286
vn -0.072187 -0.301046 -0.950874
vn -0.009194 -0.245601 -0.969327
vn -0.012661 -0.309322 -0.950873
vn -0.013181 -0.118825 -0.992828
vn -0.033086 -0.147007 -0.988582
vn -0.060267 -0.194175 -0.979114
vn -0.090504 -0.228572 -0.969311
vn -0.031922 -0.115232 -0.992826
vn -0.043666 -0.144238 -0.988579
vn -0.074201 -0.189327 -0.979107
vn -0.054020 -0.140720 -0.988575
vn -0.049866 -0.108740 -0.992819
vn 0.288794 -0.528056 -0.798595
vn 0.133177 -0.392019 -0.910266
vn 0.104415 -0.400675 -0.910251
vn 0.079133 -0.299371 -0.950849
vn 0.100616 -0.292810 -0.950862
vn 0.080689 -0.232179 -0.969321
vn 0.097301 -0.225689 -0.969328
vn 0.081133 -0.186395 -0.979119
vn 0.115614 -0.167214 -0.979118
vn 0.086562 -0.123344 -0.988581
vn 0.089690 -0.079142 -0.992820
vn 0.075943 -0.092367 -0.992825
vn 0.440096 -0.410755 -0.798496
vn 0.231855 -0.342962 -0.910286
vn 0.161235 -0.381290 -0.910286
vn 0.121569 -0.284710 -0.950874
vn 0.139068 -0.202644 -0.969327
vn 0.174280 -0.255865 -0.950873
vn 0.060273 -0.103248 -0.992828
vn 0.061102 -0.137739 -0.988582
vn 0.067412 -0.191811 -0.979114
vn 0.063654 -0.237454 -0.969311
vn 0.043089 -0.111538 -0.992826
vn 0.050960 -0.141825 -0.988579
vn 0.053338 -0.196228 -0.979107
vn 0.040551 -0.145175 -0.988575
vn 0.024817 -0.117027 -0.992819
vn 0.501757 -0.332671 -0.798479
vn 0.323367 -0.258624 -0.910246
vn 0.242504 -0.192567 -0.950847
vn 0.193059 -0.152207 -0.969310
vn 0.203919 -0.137244 -0.969320
vn 0.169066 -0.112931 -0.979114
vn 0.177053 -0.099889 -0.979119
vn 0.131751 -0.073122 -0.988582
vn 0.143710 -0.045321 -0.988582
vn 0.110481 -0.045679 -0.992828
vn 0.116523 -0.026861 -0.992825
vn 0.119391 -0.007308 -0.992820
vn 0.193446 -0.062494 -0.979119
vn 0.233607 -0.076371 -0.969327
vn 0.213632 -0.121511 -0.969328
vn 0.268560 -0.153998 -0.950873
vn 0.256257 -0.173773 -0.950861
vn 0.341860 -0.233569 -0.910262
vn 0.358408 -0.207185 -0.910284
vn 0.549543 -0.245406 -0.798611
vn 0.392582 -0.131386 -0.910284
vn 0.582642 -0.151582 -0.798468
vn 0.293919 -0.097226 -0.950873
vn 0.599614 -0.053544 -0.798496
vn 0.101463 -0.063267 -0.992826
vn 0.125899 -0.082831 -0.988579
vn 0.160129 -0.125342 -0.979106
vn 0.119342 -0.092079 -0.988574
vn 0.089703 -0.079154 -0.992818
vn 0.585638 0.138812 -0.798598
vn 0.413319 0.024180 -0.910265
vn 0.414017 -0.006076 -0.910249
vn 0.309638 -0.003463 -0.950848
vn 0.309024 0.019162 -0.950861
vn 0.245276 0.016069 -0.969320
vn 0.243416 0.033942 -0.969328
vn 0.201241 0.028778 -0.979119
vn 0.191798 0.067381 -0.979119
vn 0.141816 0.050937 -0.988582
vn 0.099891 0.065796 -0.992821
vn 0.109108 0.048933 -0.992825
vn 0.511791 0.316978 -0.798496
vn 0.391995 0.133115 -0.910286
vn 0.410403 0.054306 -0.910286
vn 0.306761 0.041683 -0.950873
vn 0.232163 0.080652 -0.969328
vn 0.292790 0.100569 -0.950873
vn 0.115514 0.030813 -0.992828
vn 0.149014 0.022372 -0.988582
vn 0.202832 0.014000 -0.979114
vn 0.245834 -0.001891 -0.969310
vn 0.118978 0.011906 -0.992825
vn 0.150270 0.011427 -0.988579
vn 0.203349 -0.000854 -0.979106
vn 0.150734 0.000419 -0.988574
vn 0.119409 -0.007310 -0.992818
vn 0.385278 0.462387 -0.798598
vn 0.316148 0.267334 -0.910265
vn 0.334847 0.243562 -0.910250
vn 0.249779 0.183022 -0.950849
vn 0.235722 0.200742 -0.950862
vn 0.186580 0.160020 -0.969320
vn 0.174377 0.173194 -0.969328
vn 0.143733 0.143759 -0.979119
vn 0.113039 0.168965 -0.979118
vn 0.082913 0.125825 -0.988582
vn 0.040472 0.112558 -0.992821
vn 0.057950 0.104598 -0.992825
vn 0.219429 0.560585 -0.798496
vn 0.233787 0.341649 -0.910286
vn 0.295754 0.289671 -0.910286
vn 0.220410 0.217391 -0.950873
vn 0.137375 0.203796 -0.969327
vn 0.173935 0.256099 -0.950873
vn 0.073935 0.093950 -0.992828
vn 0.105793 0.107301 -0.988582
vn 0.153866 0.132898 -0.979114
vn 0.197794 0.145995 -0.969310
vn 0.088040 0.080910 -0.992826
vn 0.113360 0.099303 -0.988579
vn 0.163185 0.121332 -0.979106
vn 0.120331 0.090780 -0.988574
vn 0.099906 0.065805 -0.992818
vn 0.031106 0.601060 -0.798598
vn 0.092686 0.403517 -0.910265
vn 0.121886 0.395713 -0.910250
vn 0.090119 0.296252 -0.950849
vn 0.068258 0.301998 -0.950862
vn 0.053351 0.239941 -0.969320
vn 0.035697 0.243165 -0.969328
vn 0.028824 0.201234 -0.979119
vn -0.010830 0.203002 -0.979118
vn -0.009078 0.150413 -0.988582
vn -0.035074 0.114355 -0.992821
vn -0.016325 0.118459 -0.992825
vn -0.160388 0.580242 -0.798496
vn -0.017721 0.413601 -0.910286
vn 0.062989 0.409160 -0.910286
vn 0.046035 0.306138 -0.950873
vn -0.012236 0.245468 -0.969327
vn -0.014332 0.309249 -0.950873
vn 0.002841 0.119520 -0.992828
vn 0.020323 0.149307 -0.988582
vn 0.043436 0.198619 -0.979114
vn 0.070725 0.235446 -0.969311
vn 0.021935 0.117543 -0.992826
vn 0.031167 0.147445 -0.988579
vn 0.057821 0.194955 -0.979106
vn 0.041850 0.144807 -0.988574
vn 0.040478 0.112574 -0.992819
vn -0.335293 0.499820 -0.798598
vn -0.167655 0.378561 -0.910266
vn -0.139621 0.389809 -0.910250
vn -0.105433 0.291153 -0.950849
vn -0.126364 0.282656 -0.950862
vn -0.101102 0.224046 -0.969320
vn -0.117157 0.216051 -0.969328
vn -0.097529 0.178365 -0.979119
vn -0.130314 0.156030 -0.979118
vn -0.097399 0.114978 -0.988582
vn -0.096594 0.070546 -0.992821
vn -0.084049 0.085057 -0.992825
vn -0.476046 0.368489 -0.798496
vn -0.262027 0.320502 -0.910286
vn -0.194793 0.365288 -0.910286
vn -0.146622 0.272657 -0.950873
vn -0.156887 0.189185 -0.969327
vn -0.196784 0.238991 -0.950873
vn -0.069350 0.097384 -0.992828
vn -0.073213 0.131702 -0.988582
vn -0.084273 0.185025 -0.979114
vn -0.084511 0.230856 -0.969311
vn -0.052889 0.107239 -0.992826
vn -0.063422 0.136708 -0.988579
vn -0.070571 0.190710 -0.979106
vn -0.053296 0.140996 -0.988574
vn -0.035079 0.114371 -0.992819
vn -0.567869 0.199417 -0.798597
vn -0.361019 0.202686 -0.910266
vn -0.345319 0.228472 -0.910250
vn -0.258843 0.169960 -0.950849
vn -0.270505 0.150629 -0.950862
vn -0.215168 0.118832 -0.969320
vn -0.223229 0.102822 -0.969328
vn -0.184939 0.084403 -0.979119
vn -0.197806 0.046901 -0.979118
vn -0.146861 0.033740 -0.988582
vn -0.119604 -0.001342 -0.992821
vn -0.118249 0.017781 -0.992825
vn -0.601916 0.010055 -0.798496
vn -0.401790 0.099726 -0.910286
vn -0.374791 0.175818 -0.910286
vn -0.280731 0.130499 -0.950873
vn -0.238943 0.057538 -0.969327
vn -0.300723 0.073526 -0.950873
vn -0.113863 0.036445 -0.992828
vn -0.137516 0.061604 -0.988582
vn -0.178317 0.097669 -0.979114
vn -0.205969 0.134215 -0.969311
vn -0.106590 0.054186 -0.992825
vn -0.132678 0.071471 -0.988579
vn -0.170756 0.110422 -0.979106
vn -0.127142 0.080965 -0.988574
vn -0.096607 0.070557 -0.992819
vn -0.574246 -0.180234 -0.798597
vn -0.410512 -0.053822 -0.910265
vn -0.413375 -0.023786 -0.910250
vn -0.309079 -0.018868 -0.950849
vn -0.306847 -0.041321 -0.950861
vn -0.243487 -0.033655 -0.969320
vn -0.240360 -0.051295 -0.969327
vn -0.198663 -0.043122 -0.979119
vn -0.186524 -0.080844 -0.979118
vn -0.137837 -0.060889 -0.988581
vn -0.095009 -0.072660 -0.992821
vn -0.105366 -0.056540 -0.992825
vn -0.488215 -0.352209 -0.798496
vn -0.381542 -0.160642 -0.910286
vn -0.405458 -0.083571 -0.910285
vn -0.302987 -0.063554 -0.950873
vn -0.225843 -0.096951 -0.969327
vn -0.284902 -0.121127 -0.950873
vn -0.113023 -0.038974 -0.992828
vn -0.147029 -0.032991 -0.988582
vn -0.201301 -0.028541 -0.979114
vn -0.245328 -0.015836 -0.969311
vn -0.117816 -0.020420 -0.992825
vn -0.149060 -0.022197 -0.988579
vn -0.202879 -0.013808 -0.979106
vn -0.150310 -0.011285 -0.988575
vn -0.119621 -0.001342 -0.992819
vn -0.352240 -0.488027 -0.798597
vn -0.296671 -0.288799 -0.910264
vn -0.316927 -0.266461 -0.910250
vn -0.236317 -0.200100 -0.950849
vn -0.221102 -0.216744 -0.950861
vn -0.174929 -0.172684 -0.969319
vn -0.161876 -0.184939 -0.969327
vn -0.133360 -0.153438 -0.979118
vn -0.101075 -0.176383 -0.979118
vn -0.074006 -0.131262 -0.988581
vn -0.032659 -0.115052 -0.992822
vn -0.050596 -0.108344 -0.992825
vn -0.180497 -0.574304 -0.798496
vn -0.209582 -0.357009 -0.910286
vn -0.274832 -0.309597 -0.910284
vn -0.204715 -0.232239 -0.950872
vn -0.122941 -0.212815 -0.969327
vn -0.155795 -0.267523 -0.950873
vn -0.067234 -0.098860 -0.992827
vn -0.098054 -0.114421 -0.988581
vn -0.144192 -0.143339 -0.979113
vn -0.187060 -0.159516 -0.969311
vn -0.082169 -0.086869 -0.992825
vn -0.106136 -0.106992 -0.988579
vn -0.154267 -0.132485 -0.979106
vn -0.113663 -0.099001 -0.988575
vn -0.095023 -0.072670 -0.992819
vn 0.009613 -0.601790 -0.798597
vn -0.064975 -0.408899 -0.910263
vn -0.094554 -0.403112 -0.910253
vn -0.069659 -0.301711 -0.950851
vn -0.047522 -0.305953 -0.950860
vn -0.036879 -0.243024 -0.969319
vn -0.019098 -0.245042 -0.969324
vn -0.015089 -0.202740 -0.979116
vn 0.024489 -0.201824 -0.979116
vn 0.019196 -0.149470 -0.988580
vn 0.042622 -0.111745 -0.992822
vn 0.024245 -0.117100 -0.992824
vn 0.198747 -0.568246 -0.798496
vn 0.045558 -0.411479 -0.910280
vn -0.035051 -0.412506 -0.910280
vn -0.025134 -0.308572 -0.950869
vn 0.028754 -0.244100 -0.969324
vn 0.035144 -0.307595 -0.950868
vn 0.005248 -0.119450 -0.992826
vn -0.010135 -0.150353 -0.988580
vn -0.029802 -0.201123 -0.979113
vn -0.054466 -0.239723 -0.969312
vn -0.013882 -0.118769 -0.992825
vn -0.021049 -0.149230 -0.988578
vn -0.044359 -0.198445 -0.979108
vn -0.031854 -0.147324 -0.988575
vn -0.032664 -0.115069 -0.992820
vn 0.367493 -0.476647 -0.798597
vn 0.192403 -0.366596 -0.910268
vn 0.165248 -0.379641 -0.910256
vn 0.124570 -0.283477 -0.950854
vn 0.144839 -0.273642 -0.950864
vn 0.115744 -0.216838 -0.969322
vn 0.131194 -0.207826 -0.969328
vn 0.109116 -0.171522 -0.979119
vn 0.140281 -0.147141 -0.979117
vn 0.104741 -0.108338 -0.988581
vn 0.100973 -0.064114 -0.992821
vn 0.089437 -0.079376 -0.992824
vn 0.498996 -0.336760 -0.798496
vn 0.282508 -0.302611 -0.910283
vn 0.218534 -0.351600 -0.910286
vn 0.164340 -0.262358 -0.950874
vn 0.168973 -0.178481 -0.969326
vn 0.212054 -0.225559 -0.950871
vn 0.075617 -0.092606 -0.992827
vn 0.081766 -0.126570 -0.988582
vn 0.096362 -0.179021 -0.979115
vn 0.099682 -0.224707 -0.969314
vn 0.059883 -0.103493 -0.992826
vn 0.072352 -0.132194 -0.988580
vn 0.083101 -0.185579 -0.979109
vn 0.062558 -0.137127 -0.988576
vn 0.042627 -0.111761 -0.992820
vn 0.579500 -0.162552 -0.798596
vn 0.373366 -0.178920 -0.910266
vn 0.359404 -0.205597 -0.910252
vn 0.269315 -0.152816 -0.950850
vn 0.279676 -0.132824 -0.950862
vn 0.222399 -0.104671 -0.969321
vn 0.229393 -0.088219 -0.969328
vn 0.189995 -0.072306 -0.979119
vn 0.200403 -0.034151 -0.979118
vn 0.148720 -0.024276 -0.988581
vn 0.119278 0.008918 -0.992821
vn 0.119143 -0.010203 -0.992825
vn 0.601344 0.028106 -0.798496
vn 0.407348 -0.073817 -0.910285
vn 0.385344 -0.151292 -0.910286
vn 0.288559 -0.112131 -0.950873
vn 0.242137 -0.042133 -0.969327
vn 0.304812 -0.054137 -0.950873
vn 0.115969 -0.029061 -0.992828
vn 0.141201 -0.052611 -0.988582
vn 0.184257 -0.085936 -0.979114
vn 0.214234 -0.120575 -0.969312
vn 0.109867 -0.047186 -0.992826
vn 0.137020 -0.062743 -0.988579
vn 0.177553 -0.099116 -0.979107
vn 0.132122 -0.072549 -0.988575
vn 0.100987 -0.064124 -0.992819
vn 0.561843 0.215816 -0.798596
vn 0.406303 0.079584 -0.910266
vn 0.411043 0.049864 -0.910251
vn 0.307267 0.038364 -0.950850
vn 0.303632 0.060575 -0.950862
vn 0.240881 0.048932 -0.969320
vn 0.236661 0.066296 -0.969328
vn 0.195560 0.055520 -0.979119
vn 0.181120 0.092320 -0.979118
vn 0.133772 0.069367 -0.988581
vn 0.090341 0.078393 -0.992821
vn 0.101647 0.062983 -0.992825
vn 0.465522 0.381699 -0.798496
vn 0.370781 0.184125 -0.910286
vn 0.399405 0.108882 -0.910286
vn 0.298394 0.082466 -0.950873
vn 0.219357 0.110847 -0.969327
vn 0.276793 0.138659 -0.950873
vn 0.110362 0.045971 -0.992828
vn 0.144665 0.042164 -0.988582
vn 0.199101 0.041169 -0.979114
vn 0.243835 0.031309 -0.969311
vn 0.116296 0.027799 -0.992826
vn 0.147364 0.031546 -0.988579
vn 0.201600 0.026602 -0.979107
vn 0.149295 0.020761 -0.988575
vn 0.119295 0.008919 -0.992819
vn 0.321799 0.508615 -0.798596
vn 0.278362 0.306480 -0.910266
vn 0.299905 0.285483 -0.910251
vn 0.223538 0.214281 -0.950849
vn 0.207363 0.229918 -0.950862
vn 0.163985 0.183103 -0.969320
vn 0.150237 0.194506 -0.969328
vn 0.123705 0.161317 -0.979119
vn 0.090160 0.182204 -0.979118
vn 0.065885 0.135520 -0.988581
vn 0.025670 0.116825 -0.992821
vn 0.043932 0.111216 -0.992825
vn 0.145561 0.584137 -0.798496
vn 0.187480 0.369095 -0.910286
vn 0.255343 0.325852 -0.910286
vn 0.190097 0.244342 -0.950873
vn 0.109770 0.219898 -0.969327
vn 0.139235 0.276503 -0.950873
vn 0.061074 0.102777 -0.992828
vn 0.090857 0.120211 -0.988582
vn 0.135110 0.151926 -0.979114
vn 0.176874 0.170739 -0.969311
vn 0.076679 0.091749 -0.992826
vn 0.099359 0.113310 -0.988579
vn 0.145810 0.141739 -0.979107
vn 0.107346 0.105816 -0.988575
vn 0.090354 0.078404 -0.992819
vn -0.045429 0.600151 -0.798596
vn 0.040352 0.412053 -0.910266
vn 0.070157 0.408070 -0.910251
vn 0.051401 0.305358 -0.950849
vn 0.029099 0.308245 -0.950862
vn 0.022247 0.244792 -0.969320
vn 0.004417 0.245732 -0.969328
vn 0.002944 0.203267 -0.979119
vn -0.036421 0.200002 -0.979118
vn -0.028031 0.148057 -0.988581
vn -0.049127 0.109057 -0.992821
vn -0.031133 0.115454 -0.992825
vn -0.231832 0.555570 -0.798496
vn -0.069895 0.408037 -0.910286
vn 0.010333 0.413851 -0.910286
vn 0.006646 0.309508 -0.950873
vn -0.043187 0.241949 -0.969327
vn -0.053334 0.304952 -0.950873
vn -0.012351 0.118914 -0.992828
vn 0.001130 0.150680 -0.988582
vn 0.017694 0.202542 -0.979114
vn 0.039961 0.242568 -0.969311
vn 0.006743 0.119382 -0.992826
vn 0.012067 0.150219 -0.988579
vn 0.032354 0.200757 -0.979107
vn 0.022943 0.148976 -0.988575
vn 0.025674 0.116842 -0.992819
vn -0.394577 0.454482 -0.798596
vn -0.213525 0.354715 -0.910266
vn -0.187244 0.369301 -0.910251
vn -0.140994 0.275692 -0.950849
vn -0.160604 0.264703 -0.950862
vn -0.128235 0.209699 -0.969320
vn -0.143097 0.199817 -0.969328
vn -0.118938 0.164863 -0.979119
vn -0.148567 0.138763 -0.979118
vn -0.110839 0.102085 -0.988581
vn -0.104492 0.058211 -0.992821
vn -0.093872 0.074074 -0.992825
vn -0.517515 0.307542 -0.798496
vn -0.299563 0.285731 -0.910286
vn -0.238676 0.338250 -0.910286
vn -0.179368 0.252323 -0.950873
vn -0.179026 0.168387 -0.969327
vn -0.224763 0.212890 -0.950873
vn -0.080870 0.088052 -0.992828
vn -0.089012 0.121583 -0.988582
vn -0.106674 0.173080 -0.979114
vn -0.112701 0.218483 -0.969311
vn -0.065833 0.099817 -0.992826
vn -0.079965 0.127738 -0.988579
vn -0.093852 0.180394 -0.979107
vn -0.070500 0.133229 -0.988575
vn -0.049134 0.109073 -0.992819
vn -0.587796 0.129388 -0.798596
vn -0.382981 0.157293 -0.910266
vn -0.370595 0.184668 -0.910251
vn -0.277631 0.137136 -0.950849
vn -0.286810 0.116626 -0.950862
vn -0.228018 0.091792 -0.969320
vn -0.234048 0.075002 -0.969328
vn -0.193806 0.061361 -0.979119
vn -0.202014 0.022753 -0.979118
vn -0.149855 0.015819 -0.988581
vn -0.118591 -0.015598 -0.992821
vn -0.119528 0.003461 -0.992825
vn -0.598819 -0.061809 -0.798496
vn -0.410871 0.050642 -0.910286
vn -0.393340 0.129085 -0.910286
vn -0.294480 0.095504 -0.950874
vn -0.244132 0.028360 -0.969327
vn -0.307386 0.036797 -0.950873
vn -0.117431 0.022429 -0.992828
vn -0.143970 0.044478 -0.988582
vn -0.188868 0.075266 -0.979114
vn -0.220794 0.108104 -0.969311
vn -0.112383 0.040835 -0.992826
vn -0.140382 0.054811 -0.988579
vn -0.182943 0.088781 -0.979107
vn -0.136064 0.064861 -0.988575
vn -0.104506 0.058220 -0.992819
vn -0.549002 -0.246662 -0.798595
vn -0.401224 -0.102148 -0.910266
vn -0.407607 -0.072798 -0.910251
vn -0.304638 -0.055506 -0.950849
vn -0.299775 -0.077436 -0.950862
vn -0.237773 -0.062307 -0.969320
vn -0.232601 -0.079374 -0.969328
vn -0.192164 -0.066325 -0.979119
vn -0.175734 -0.102199 -0.979118
vn -0.129729 -0.076662 -0.988581
vn -0.085904 -0.083232 -0.992821
vn -0.098017 -0.068496 -0.992825
vn -0.443878 -0.406666 -0.798496
vn -0.360025 -0.204357 -0.910286
vn -0.392720 -0.130958 -0.910286
vn -0.293337 -0.098957 -0.950874
vn -0.212888 -0.122814 -0.969327
vn -0.268697 -0.153761 -0.950873
vn -0.107641 -0.052024 -0.992828
vn -0.142092 -0.050156 -0.988582
vn -0.196491 -0.052223 -0.979114
vn -0.241701 -0.044912 -0.969311
vn -0.114563 -0.034245 -0.992826
vn -0.145373 -0.039726 -0.988579
vn -0.199795 -0.037847 -0.979107
vn -0.147899 -0.029087 -0.988575
vn -0.118608 -0.015600 -0.992819
vn -0.292409 -0.526058 -0.798598
vn -0.260858 -0.321512 -0.910265
vn -0.283670 -0.301623 -0.910250
vn -0.211354 -0.226309 -0.950849
vn -0.194234 -0.241113 -0.950862
vn -0.153531 -0.191954 -0.969320
vn -0.139079 -0.202634 -0.969328
vn -0.114452 -0.168008 -0.979119
vn -0.079579 -0.187068 -0.979118
vn -0.058017 -0.139071 -0.988581
vn -0.018773 -0.118130 -0.992821
vn -0.037441 -0.113566 -0.992825
vn -0.111048 -0.591669 -0.798496
vn -0.166038 -0.379225 -0.910285
vn -0.236646 -0.339674 -0.910286
vn -0.176078 -0.254629 -0.950873
vn -0.096998 -0.225823 -0.969327
vn -0.123174 -0.284023 -0.950873
vn -0.055142 -0.106077 -0.992828
vn -0.083964 -0.125123 -0.988582
vn -0.126437 -0.159217 -0.979114
vn -0.167168 -0.180254 -0.969311
vn -0.071438 -0.095886 -0.992826
vn -0.092893 -0.118669 -0.988579
vn -0.137754 -0.149581 -0.979106
vn -0.101334 -0.111588 -0.988575
vn -0.085917 -0.083244 -0.992819
vn 0.081520 -0.596319 -0.798598
vn -0.015816 -0.413723 -0.910266
vn -0.045960 -0.411500 -0.910250
vn -0.033296 -0.307860 -0.950849
vn -0.010747 -0.309429 -0.950862
vn -0.007674 -0.245681 -0.969320
vn 0.010272 -0.245556 -0.969328
vn 0.009206 -0.203080 -0.979119
vn 0.048494 -0.197422 -0.979118
vn 0.036967 -0.146082 -0.988582
vn 0.055783 -0.105808 -0.992821
vn 0.038128 -0.113337 -0.992825
vn 0.265774 -0.540156 -0.798496
vn 0.094535 -0.403043 -0.910286
vn 0.014412 -0.413729 -0.910286
vn 0.011859 -0.309353 -0.950873
vn 0.057794 -0.238881 -0.969327
vn 0.071747 -0.301152 -0.950873
vn 0.019496 -0.117953 -0.992828
vn 0.007875 -0.150478 -0.988582
vn -0.005638 -0.203235 -0.979114
vn -0.025581 -0.244505 -0.969311
vn 0.000367 -0.119571 -0.992826
vn -0.003127 -0.150671 -0.988579
vn -0.020453 -0.202317 -0.979106
vn -0.014114 -0.150071 -0.988574
vn -0.018777 -0.118147 -0.992819
vn 0.422536 -0.428608 -0.798597
vn 0.235278 -0.340677 -0.910266
vn 0.209846 -0.356944 -0.910250
vn 0.157865 -0.266392 -0.950849
vn 0.176834 -0.254149 -0.950862
vn 0.141091 -0.201275 -0.969320
vn 0.155366 -0.190434 -0.969328
vn 0.129059 -0.157066 -0.979119
vn 0.157094 -0.129030 -0.979118
vn 0.117109 -0.094826 -0.988582
vn 0.108036 -0.051336 -0.992821
vn 0.098417 -0.067920 -0.992825
vn 0.536309 -0.273454 -0.798496
vn 0.317134 -0.266094 -0.910286
vn 0.259453 -0.322589 -0.910286
vn 0.194864 -0.240557 -0.950873
vn 0.189376 -0.156656 -0.969327
vn 0.237852 -0.198159 -0.950873
vn 0.086278 -0.082760 -0.992828
vn 0.096474 -0.115752 -0.988582
vn 0.117283 -0.166075 -0.979114
vn 0.126069 -0.211053 -0.969311
vn 0.071950 -0.095502 -0.992826
vn 0.087792 -0.122491 -0.988579
vn 0.104888 -0.174210 -0.979106
vn 0.078649 -0.128588 -0.988574
vn 0.055791 -0.105824 -0.992819
vn 0.595030 -0.090454 -0.798597
vn 0.392413 -0.132016 -0.910266
vn 0.381795 -0.160240 -0.910250
vn 0.285943 -0.118838 -0.950849
vn 0.293797 -0.097699 -0.950862
vn 0.233512 -0.076747 -0.969320
vn 0.238451 -0.059537 -0.969328
vn 0.197404 -0.048556 -0.979119
vn 0.203075 -0.009358 -0.979118
vn 0.150572 -0.005885 -0.988582
vn 0.117282 0.023497 -0.992821
vn 0.119495 0.004475 -0.992825
vn 0.593343 0.101729 -0.798496
vn 0.413319 -0.023389 -0.910286
vn 0.400939 -0.103088 -0.910286
vn 0.300095 -0.076043 -0.950873
vn 0.245472 -0.012171 -0.969327
vn 0.309146 -0.016411 -0.950873
vn 0.118651 -0.014658 -0.992828
vn 0.146570 -0.034969 -0.988582
vn 0.193369 -0.062806 -0.979114
vn 0.227342 -0.093554 -0.969311
vn 0.114806 -0.033422 -0.992826
vn 0.143654 -0.045552 -0.988579
vn 0.188318 -0.076727 -0.979106
vn 0.139985 -0.055899 -0.988575
vn 0.108051 -0.051344 -0.992819
vn 0.531008 0.283326 -0.798597
vn 0.393441 0.128921 -0.910266
vn 0.401806 0.099981 -0.910251
vn 0.300228 0.075820 -0.950849
vn 0.293884 0.097437 -0.950862
vn 0.233040 0.078169 -0.969320
vn 0.226711 0.094898 -0.969328
vn 0.187247 0.079149 -0.979119
vn 0.168370 0.113923 -0.979118
vn 0.124210 0.085314 -0.988581
vn 0.079979 0.088940 -0.992821
vn 0.093111 0.075028 -0.992825
vn 0.414873 0.436217 -0.798496
vn 0.345281 0.228387 -0.910286
vn 0.382982 0.157175 -0.910286
vn 0.285987 0.118537 -0.950873
vn 0.204036 0.137018 -0.969327
vn 0.257609 0.171692 -0.950873
vn 0.103865 0.059204 -0.992828
vn 0.138381 0.059636 -0.988582
vn 0.192531 0.065330 -0.979114
vn 0.238144 0.061026 -0.969311
vn 0.111996 0.041884 -0.992826
vn 0.142369 0.049420 -0.988579
vn 0.196806 0.051166 -0.979106
vn 0.145615 0.038945 -0.988575
vn 0.117299 0.023499 -0.992819
vn 0.256514 0.544467 -0.798596
vn 0.238403 0.338497 -0.910266
vn 0.262383 0.320311 -0.910251
vn 0.195386 0.240229 -0.950849
vn 0.177397 0.253756 -0.950862
vn 0.140129 0.201945 -0.969320
vn 0.125072 0.211567 -0.969328
vn 0.102840 0.175357 -0.979119
vn 0.066958 0.191947 -0.979118
vn 0.048637 0.142622 -0.988581
vn 0.011027 0.119103 -0.992821
vn 0.029851 0.115792 -0.992825
vn 0.072214 0.597653 -0.798496
vn 0.140442 0.389430 -0.910286
vn 0.213157 0.354885 -0.910286
vn 0.158473 0.265943 -0.950873
vn 0.081760 0.231775 -0.969327
vn 0.104006 0.291587 -0.950873
vn 0.047912 0.109533 -0.992828
vn 0.075319 0.130509 -0.988582
vn 0.115323 0.167442 -0.979114
vn 0.154453 0.191261 -0.969311
vn 0.064766 0.100513 -0.992826
vn 0.084613 0.124708 -0.988579
vn 0.127204 0.158649 -0.979107
vn 0.093467 0.118255 -0.988575
vn 0.079991 0.088953 -0.992819
vn -0.119291 0.589927 -0.798596
vn -0.010909 0.413880 -0.910266
vn 0.019159 0.413614 -0.910251
vn 0.013248 0.309370 -0.950849
vn -0.009239 0.309477 -0.950862
vn -0.008193 0.245664 -0.969320
vn -0.026002 0.244392 -0.969328
vn -0.022213 0.202071 -0.979119
vn -0.060872 0.193963 -0.979118
vn -0.046124 0.143455 -0.988581
vn -0.062236 0.102146 -0.992821
vn -0.045171 0.110718 -0.992825
vn -0.298751 0.522640 -0.798496
vn -0.119814 0.396263 -0.910286
vn -0.040921 0.411952 -0.910286
vn -0.031677 0.307955 -0.950874
vn -0.072773 0.234752 -0.969327
vn -0.090633 0.296017 -0.950873
vn -0.026960 0.116474 -0.992828
vn -0.017511 0.149663 -0.988582
vn -0.007486 0.203175 -0.979114
vn 0.009660 0.245648 -0.969311
vn -0.008070 0.119299 -0.992826
vn -0.006601 0.150558 -0.988579
vn 0.007281 0.203217 -0.979107
vn 0.004345 0.150670 -0.988575
vn 0.011029 0.119120 -0.992819
vn -0.447700 0.402255 -0.798596
vn -0.255731 0.325602 -0.910266
vn -0.231464 0.343319 -0.910251
vn -0.173996 0.256146 -0.950849
vn -0.192091 0.242822 -0.950862
vn -0.153171 0.192241 -0.969320
vn -0.166692 0.180602 -0.969328
vn -0.138399 0.148901 -0.979119
vn -0.164567 0.119352 -0.979118
vn -0.122599 0.087614 -0.988581
vn -0.110878 0.044870 -0.992821
vn -0.102301 0.061916 -0.992825
vn -0.551516 0.241319 -0.798496
vn -0.332558 0.246545 -0.910286
vn -0.278646 0.306163 -0.910286
vn -0.209174 0.228223 -0.950874
vn -0.198452 0.144987 -0.969327
vn -0.249335 0.183501 -0.950873
vn -0.091128 0.077387 -0.992828
vn -0.103355 0.109652 -0.988582
vn -0.127250 0.158568 -0.979114
vn -0.138847 0.202874 -0.969311
vn -0.077665 0.090915 -0.992826
vn -0.095140 0.116875 -0.988579
vn -0.115434 0.167407 -0.979107
vn -0.086430 0.123491 -0.988575
vn -0.062244 0.102161 -0.992819
vn -0.599393 0.054489 -0.798598
vn -0.399577 0.108420 -0.910265
vn -0.390622 0.137330 -0.910250
vn -0.292484 0.101682 -0.950849
vn -0.299093 0.080035 -0.950862
vn -0.237667 0.062709 -0.969320
vn -0.241584 0.045172 -0.969328
vn -0.199954 0.036665 -0.979119
vn -0.203270 -0.002939 -0.979118
vn -0.150653 -0.003230 -0.988581
vn -0.115621 -0.030642 -0.992821
vn -0.119002 -0.011724 -0.992825
vn -0.585991 -0.137911 -0.798496
vn -0.413978 -0.001646 -0.910285
vn -0.406387 0.078929 -0.910286
vn -0.304105 0.057962 -0.950873
vn -0.245759 -0.002694 -0.969327
vn -0.309573 -0.002312 -0.950873
vn -0.119318 0.007493 -0.992828
vn -0.148399 0.026142 -0.988582
vn -0.196765 0.051183 -0.979114
vn -0.232487 0.079915 -0.969311
vn -0.116594 0.026520 -0.992826
vn -0.146111 0.036919 -0.988579
vn -0.192534 0.065431 -0.979106
vn -0.143052 0.047503 -0.988575
vn -0.110893 0.044877 -0.992819
vn -0.512426 -0.315692 -0.798597
vn -0.384752 -0.152913 -0.910266
vn -0.394904 -0.124482 -0.910250
vn -0.295003 -0.094125 -0.950849
vn -0.287324 -0.115356 -0.950862
vn -0.227783 -0.092376 -0.969320
vn -0.220418 -0.108718 -0.969328
vn -0.182002 -0.090562 -0.979119
vn -0.160964 -0.124168 -0.979118
vn -0.118667 -0.092869 -0.988582
vn -0.074250 -0.093777 -0.992821
vn -0.088255 -0.080685 -0.992825
vn -0.386727 -0.461353 -0.798496
vn -0.330418 -0.249407 -0.910286
vn -0.372545 -0.180527 -0.910286
vn -0.278120 -0.135973 -0.950873
vn -0.195124 -0.149436 -0.969327
vn -0.246439 -0.187373 -0.950873
vn -0.099996 -0.065528 -0.992828
vn -0.134434 -0.068068 -0.988582
vn -0.188141 -0.077066 -0.979114
vn -0.233944 -0.075544 -0.969311
vn -0.109202 -0.048708 -0.992826
vn -0.139055 -0.058096 -0.988579
vn -0.193290 -0.063162 -0.979106
vn -0.142947 -0.047819 -0.988574
vn -0.115638 -0.030646 -0.992819
vn -0.221730 -0.559535 -0.798597
vn -0.216680 -0.352797 -0.910266
vn -0.241777 -0.336136 -0.910251
vn -0.179935 -0.252010 -0.950849
vn -0.161115 -0.264393 -0.950862
vn -0.127174 -0.210345 -0.969320
vn -0.111526 -0.219010 -0.969328
vn -0.091615 -0.181474 -0.979119
vn -0.054726 -0.195786 -0.979118
vn -0.039551 -0.145404 -0.988582
vn -0.003472 -0.119562 -0.992821
vn -0.022485 -0.117445 -0.992825
vn -0.034268 -0.601024 -0.798496
vn -0.115616 -0.397508 -0.910286
vn -0.190429 -0.367582 -0.910286
vn -0.141444 -0.275378 -0.950873
vn -0.066989 -0.236468 -0.969327
vn -0.085421 -0.297563 -0.950873
vn -0.040922 -0.112332 -0.992828
vn -0.066967 -0.134986 -0.988582
vn -0.104583 -0.174352 -0.979114
vn -0.142153 -0.200572 -0.969311
vn -0.058326 -0.104382 -0.992826
vn -0.076616 -0.129774 -0.988579
vn -0.117004 -0.166315 -0.979106
vn -0.085867 -0.123884 -0.988575
vn -0.074261 -0.093790 -0.992819
vn 0.156365 -0.581201 -0.798596
vn 0.037066 -0.412361 -0.910266
vn 0.007040 -0.413997 -0.910251
vn 0.006346 -0.309589 -0.950849
vn 0.028795 -0.308273 -0.950862
vn 0.023715 -0.244654 -0.969320
vn 0.041408 -0.242258 -0.969328
vn 0.034950 -0.200261 -0.979119
vn 0.073019 -0.189725 -0.979118
vn 0.055105 -0.140250 -0.988581
vn 0.068572 -0.098005 -0.992821
vn 0.052083 -0.107640 -0.992825
vn 0.331210 -0.502697 -0.798496
vn 0.144638 -0.387891 -0.910286
vn 0.066895 -0.408539 -0.910286
vn 0.051092 -0.305334 -0.950874
vn 0.087476 -0.229679 -0.969327
vn 0.109175 -0.289692 -0.950873
vn 0.034273 -0.114536 -0.992828
vn 0.026942 -0.148256 -0.988582
vn 0.020322 -0.202295 -0.979114
vn 0.005896 -0.245767 -0.969311
vn 0.015600 -0.118550 -0.992826
vn 0.016110 -0.149839 -0.988579
vn 0.005587 -0.203271 -0.979107
vn 0.005193 -0.150643 -0.988575
vn -0.003473 -0.119579 -0.992819
vn 0.473093 -0.372054 -0.798598
vn 0.276127 -0.308498 -0.910265
vn 0.252875 -0.327871 -0.910250
vn 0.189968 -0.244537 -0.950849
vn 0.207298 -0.229978 -0.950862
vn 0.165208 -0.182001 -0.969320
vn 0.178043 -0.169424 -0.969328
vn 0.147755 -0.139623 -0.979119
vn 0.172099 -0.108208 -0.979118
vn 0.128124 -0.079316 -0.988581
vn 0.113664 -0.037249 -0.992821
vn 0.106200 -0.054959 -0.992825
vn 0.566607 -0.203374 -0.798496
vn 0.348134 -0.224016 -0.910285
vn 0.297896 -0.287468 -0.910286
vn 0.223520 -0.214193 -0.950873
vn 0.207605 -0.131547 -0.969327
vn 0.260923 -0.166612 -0.950873
vn 0.096002 -0.071250 -0.992828
vn 0.110241 -0.102726 -0.988582
vn 0.137176 -0.150064 -0.979114
vn 0.151495 -0.193613 -0.969311
vn 0.083358 -0.085726 -0.992826
vn 0.102454 -0.110520 -0.988579
vn 0.125869 -0.159711 -0.979106
vn 0.094125 -0.117732 -0.988575
vn 0.068581 -0.098020 -0.992819
vn 0.601689 -0.014608 -0.798597
vn 0.405955 -0.081344 -0.910266
vn 0.398998 -0.110654 -0.910251
vn 0.298679 -0.081711 -0.950849
vn 0.303792 -0.059770 -0.950862
vn 0.241342 -0.046608 -0.969320
vn 0.244063 -0.028930 -0.969328
vn 0.201958 -0.023224 -0.979119
vn 0.202633 0.016338 -0.979118
vn 0.150112 0.013159 -0.988581
vn 0.113387 0.038078 -0.992821
vn 0.117976 0.019506 -0.992825
vn 0.575808 0.175639 -0.798496
vn 0.412968 0.028945 -0.910286
vn 0.410752 -0.051601 -0.910286
vn 0.307299 -0.037515 -0.950873
vn 0.245046 0.018897 -0.969327
vn 0.308746 0.022724 -0.950873
vn 0.119553 0.000439 -0.992828
vn 0.149815 -0.016169 -0.988582
vn 0.199759 -0.037855 -0.979114
vn 0.237350 -0.064043 -0.969311
vn 0.118111 -0.018641 -0.992825
vn 0.148261 -0.027024 -0.988579
vn 0.196511 -0.052288 -0.979106
vn 0.145932 -0.037741 -0.988575
vn 0.113680 -0.037255 -0.992819
vn 0.490591 0.348656 -0.798598
vn 0.373961 0.177685 -0.910265
vn 0.385971 0.149905 -0.910250
vn 0.288256 0.113114 -0.950849
vn 0.279190 0.133852 -0.950861
vn 0.221274 0.107038 -0.969320
vn 0.212837 0.122903 -0.969327
vn 0.175691 0.102273 -0.979118
vn 0.152436 0.134502 -0.979118
vn 0.112292 0.100485 -0.988581
vn 0.067850 0.098497 -0.992822
vn 0.082732 0.086337 -0.992825
vn 0.355216 0.486031 -0.798496
vn 0.313273 0.270631 -0.910285
vn 0.359942 0.204509 -0.910285
vn 0.268634 0.153875 -0.950872
vn 0.184858 0.161965 -0.969327
vn 0.233562 0.203199 -0.950873
vn 0.095479 0.071953 -0.992828
vn 0.129696 0.076716 -0.988582
vn 0.182716 0.089174 -0.979113
vn 0.228535 0.090601 -0.969311
vn 0.105791 0.055732 -0.992825
vn 0.134970 0.067043 -0.988579
vn 0.188772 0.075601 -0.979106
vn 0.139534 0.057015 -0.988575
vn 0.113404 0.038083 -0.992819
vn -0.996102 0.067320 0.057007
vn -0.999987 -0.003018 0.004003
vn -0.980139 0.195773 0.031622
vn -0.982757 0.184453 0.012900
vn -0.935666 0.351557 0.030593
vn -0.925875 0.377577 0.013789
vn -0.870223 0.491765 0.029649
vn -0.854082 0.520089 0.007156
vn -0.759060 0.648514 0.057067
vn -0.804207 0.594336 0.004005
vn -0.924410 0.377097 0.057131
vn 0.184412 0.572919 -0.798596
vn 0.192858 0.366368 -0.910264
vn 0.218950 0.351430 -0.910251
vn 0.162824 0.263388 -0.950850
vn 0.143266 0.274482 -0.950860
vn 0.112976 0.218305 -0.969319
vn 0.096824 0.225906 -0.969325
vn 0.079434 0.187136 -0.979117
vn 0.041749 0.198963 -0.979117
vn 0.029916 0.147692 -0.988581
vn -0.004335 0.119517 -0.992823
vn 0.014741 0.118666 -0.992825
vn -0.005014 0.601979 -0.798496
vn 0.089258 0.404249 -0.910283
vn 0.165742 0.379363 -0.910282
vn 0.122954 0.284127 -0.950870
vn 0.051313 0.240363 -0.969326
vn 0.065692 0.302537 -0.950871
vn 0.033440 0.114789 -0.992827
vn 0.057910 0.139120 -0.988581
vn 0.092817 0.180896 -0.979113
vn 0.128537 0.209557 -0.969311
vn 0.051296 0.108015 -0.992825
vn 0.067862 0.134564 -0.988578
vn 0.105715 0.173708 -0.979107
vn 0.077461 0.129306 -0.988575
vn 0.067860 0.098511 -0.992819
vn 0.881024 -0.472801 -0.015991
vn 0.794358 -0.607232 -0.016237
vn 0.840081 -0.542373 -0.009767
vn 0.804208 -0.594334 -0.004004
vn 0.888690 -0.458492 -0.003750
vn 0.909434 -0.415726 -0.010058
vn 0.950247 -0.311473 -0.004022
vn 0.972710 -0.231802 -0.010152
vn 0.987673 -0.156472 -0.004243
vn 0.999781 -0.013207 -0.016234
vn 0.999987 0.003018 -0.004003
vn 0.984878 -0.172463 -0.016483
vn 0.944949 -0.326815 -0.016258
vn -0.067859 -0.098510 0.992820
vn -0.162859 -0.263438 0.950830
vn -0.355216 -0.486031 0.798496
vn -0.218980 -0.351469 0.910229
vn -0.165788 -0.379463 0.910232
vn -0.123005 -0.284241 0.950829
vn -0.105746 -0.173754 0.979095
vn -0.079479 -0.187236 0.979094
vn -0.077487 -0.129344 0.988568
vn -0.057947 -0.139203 0.988567
vn -0.051328 -0.108078 0.992817
vn -0.033458 -0.114845 0.992820
vn -0.014748 -0.118711 0.992819
vn -0.029919 -0.147741 0.988573
vn -0.044138 -0.144149 0.988571
vn -0.060899 -0.194039 0.979102
vn -0.094790 -0.294803 0.950845
vn -0.128115 -0.393726 0.910256
vn -0.184496 -0.573066 0.798471
vn -0.012841 -0.150235 0.988567
vn 0.004336 -0.119635 0.992808
vn -0.018736 -0.202545 0.979094
vn 0.005014 -0.601979 0.798496
vn -0.030681 -0.308205 0.950825
vn -0.042461 -0.411946 0.910218
vn -0.065692 -0.302601 0.950851
vn -0.089250 -0.404302 0.910261
vn -0.041752 -0.199021 0.979105
vn -0.759119 0.648452 0.057003
vn -0.668815 0.742755 0.031646
vn -0.705247 0.708867 0.011594
vn -0.568372 0.822636 0.014932
vn -0.286673 0.958020 0.004004
vn -0.401936 0.915188 0.029628
vn -0.539146 0.841656 0.030595
vn -0.514953 0.855312 0.057138
vn -0.218050 0.974268 0.057063
vn 0.421991 -0.906459 -0.015985
vn 0.271054 -0.962427 -0.016236
vn 0.346974 -0.937824 -0.009758
vn 0.286673 -0.958020 -0.004004
vn 0.436703 -0.899598 -0.003745
vn 0.479251 -0.877620 -0.010058
vn 0.574930 -0.818193 -0.004023
vn 0.641015 -0.767461 -0.010152
vn 0.698411 -0.715684 -0.004249
vn 0.724687 -0.688998 -0.010476
vn 0.804208 -0.594334 -0.004004
vn 0.794361 -0.607229 -0.016234
vn 0.686613 -0.726836 -0.016489
vn 0.561504 -0.827315 -0.016259
vn -0.113401 -0.038083 0.992819
vn -0.288313 -0.113133 0.950829
vn -0.575808 -0.175639 0.798496
vn -0.386017 -0.149919 0.910228
vn -0.360038 -0.204563 0.910234
vn -0.268744 -0.153936 0.950831
vn -0.188825 -0.075619 0.979095
vn -0.175787 -0.102327 0.979096
vn -0.139578 -0.057031 0.988567
vn -0.129775 -0.076760 0.988568
vn -0.105854 -0.055763 0.992817
vn -0.095527 -0.071987 0.992820
vn -0.082765 -0.086369 0.992819
vn -0.112323 -0.100522 0.988574
vn -0.121625 -0.089065 0.988572
vn -0.164910 -0.119003 0.979103
vn -0.252364 -0.179446 0.950848
vn -0.338267 -0.238754 0.910259
vn -0.490750 -0.348726 0.798470
vn -0.100045 -0.112814 0.988567
vn -0.067921 -0.098593 0.992807
vn -0.136021 -0.151244 0.979093
vn -0.355216 -0.486031 0.798496
vn -0.208720 -0.228845 0.950824
vn -0.280139 -0.305005 0.910216
vn -0.233597 -0.203252 0.950853
vn -0.313295 -0.270680 0.910263
vn -0.152471 -0.134547 0.979107
vn -0.218134 0.974253 0.056999
vn -0.090101 0.995430 0.031633
vn -0.096368 0.995259 0.013120
vn 0.072215 0.996920 0.030597
vn 0.108349 0.994019 0.013628
vn 0.225491 0.973794 0.029641
vn 0.261176 0.965266 0.006962
vn 0.407546 0.911400 0.057062
vn 0.342820 0.939392 0.004004
vn 0.099867 0.993359 0.057137
vn -0.204236 -0.978791 -0.015989
vn -0.357976 -0.933589 -0.016236
vn -0.282712 -0.959155 -0.009762
vn -0.342820 -0.939393 -0.004004
vn -0.188342 -0.982096 -0.003748
vn -0.141351 -0.989908 -0.010059
vn -0.029605 -0.999554 -0.004023
vn 0.053304 -0.998527 -0.010152
vn 0.129953 -0.991511 -0.004245
vn 0.271058 -0.962426 -0.016233
vn 0.286673 -0.958020 -0.004004
vn 0.113826 -0.993364 -0.016486
vn -0.045820 -0.998817 -0.016259
vn -0.113678 0.037254 0.992819
vn -0.298737 0.081730 0.950829
vn -0.566607 0.203374 0.798496
vn -0.399044 0.110671 0.910228
vn -0.410861 0.051616 0.910235
vn -0.307423 0.037532 0.950832
vn -0.196564 0.052305 0.979095
vn -0.202067 0.023239 0.979096
vn -0.145976 0.037755 0.988567
vn -0.149905 0.016181 0.988568
vn -0.118180 0.018654 0.992817
vn -0.119612 -0.000437 0.992821
vn -0.118022 -0.019512 0.992819
vn -0.150159 -0.013171 0.988574
vn -0.150740 0.001510 0.988572
vn -0.203333 0.003456 0.979104
vn -0.309568 0.007425 0.950848
vn -0.413880 0.011372 0.910260
vn -0.601855 0.014646 0.798471
vn -0.147713 -0.030291 0.988566
vn -0.113501 -0.038112 0.992807
vn -0.199548 -0.039471 0.979093
vn -0.575808 -0.175639 0.798496
vn -0.304259 -0.057979 0.950823
vn -0.407082 -0.076102 0.910216
vn -0.308807 -0.022746 0.950853
vn -0.413016 -0.028972 0.910263
vn -0.202689 -0.016353 0.979107
vn 0.407469 0.911439 0.056997
vn 0.523451 0.851468 0.031647
vn 0.480641 0.876841 0.011594
vn 0.628458 0.777700 0.014933
vn 0.837947 0.545737 0.004003
vn 0.764284 0.644198 0.029628
vn 0.654969 0.755036 0.030596
vn 0.674908 0.735686 0.057139
vn 0.872926 0.484504 0.057062
vn -0.750244 -0.660968 -0.015985
vn -0.846589 -0.532000 -0.016236
vn -0.801532 -0.597872 -0.009757
vn -0.837947 -0.545737 -0.004003
vn -0.739505 -0.673141 -0.003745
vn -0.706398 -0.707743 -0.010059
vn -0.622350 -0.782728 -0.004023
vn -0.555017 -0.831777 -0.010152
vn -0.489121 -0.872206 -0.004249
vn -0.456102 -0.889866 -0.010477
vn -0.342820 -0.939393 -0.004004
vn -0.357973 -0.933591 -0.016233
vn -0.503152 -0.864041 -0.016489
vn -0.634895 -0.772428 -0.016259
vn -0.068580 0.098017 0.992819
vn -0.190002 0.244587 0.950829
vn -0.331210 0.502697 0.798496
vn -0.252901 0.327911 0.910228
vn -0.297975 0.287546 0.910235
vn -0.223610 0.214281 0.950832
vn -0.125901 0.159756 0.979095
vn -0.147834 0.139700 0.979096
vn -0.094152 0.117770 0.988567
vn -0.110306 0.102789 0.988568
vn -0.083405 0.085778 0.992817
vn -0.096049 0.071287 0.992821
vn -0.106240 0.054981 0.992819
vn -0.128168 0.079334 0.988574
vn -0.119806 0.091494 0.988572
vn -0.160756 0.124552 0.979104
vn -0.243452 0.191359 0.950849
vn -0.324620 0.256998 0.910260
vn -0.473205 0.372186 0.798470
vn -0.136492 0.064084 0.988566
vn -0.113776 0.037290 0.992806
vn -0.183524 0.087733 0.979092
vn -0.566607 0.203374 0.798496
vn -0.278507 0.135536 0.950823
vn -0.371747 0.182518 0.910215
vn -0.260985 0.166631 0.950853
vn -0.348188 0.224023 0.910263
vn -0.172153 0.108229 0.979107
vn 0.872888 0.484581 0.056997
vn 0.929272 0.368040 0.031628
vn 0.925257 0.379122 0.012899
vn 0.976559 0.213066 0.030597
vn 0.982446 0.186038 0.013796
vn 0.997772 0.059774 0.029647
vn 0.999603 0.027247 0.007157
vn 0.989575 -0.132231 0.057061
vn 0.998054 -0.062224 0.004004
vn 0.980982 0.185500 0.057137
vn -0.996540 -0.081560 -0.015990
vn -0.996789 0.078404 -0.016236
vn -0.999952 -0.000896 -0.009764
vn -0.998054 0.062224 -0.004003
vn -0.995205 -0.097738 -0.003750
vn -0.989392 -0.144920 -0.010060
vn -0.967027 -0.254641 -0.004023
vn -0.942617 -0.333721 -0.010151
vn -0.914248 -0.405133 -0.004244
vn -0.846587 -0.532003 -0.016233
vn -0.837947 -0.545737 -0.004003
vn -0.920587 -0.390189 -0.016484
vn -0.970913 -0.238881 -0.016259
vn 0.003473 0.119577 0.992819
vn -0.006344 0.309650 0.950830
vn 0.034268 0.601024 0.798496
vn -0.007037 0.414046 0.910229
vn -0.066911 0.408648 0.910236
vn -0.051111 0.305458 0.950833
vn -0.005586 0.203327 0.979095
vn -0.034966 0.200370 0.979096
vn -0.005192 0.150690 0.988567
vn -0.026956 0.148346 0.988568
vn -0.015607 0.118620 0.992817
vn -0.034288 0.114593 0.992821
vn -0.052102 0.107682 0.992819
vn -0.055130 0.140292 0.988574
vn -0.041238 0.144997 0.988572
vn -0.054264 0.195988 0.979104
vn -0.080542 0.298998 0.950849
vn -0.106294 0.400159 0.910261
vn -0.156376 0.581370 0.798471
vn -0.070830 0.133117 0.988566
vn -0.068636 0.098104 0.992806
vn -0.094296 0.180240 0.979092
vn -0.331210 0.502697 0.798496
vn -0.141662 0.275441 0.950823
vn -0.188124 0.368940 0.910216
vn -0.109213 0.289744 0.950853
vn -0.144678 0.387930 0.910263
vn -0.073049 0.189774 0.979107
vn 0.989590 -0.132147 0.056998
vn 0.965196 -0.259607 0.031633
vn 0.967203 -0.253667 0.013120
vn 0.910476 -0.412429 0.030597
vn 0.895261 -0.445333 0.013628
vn 0.835784 -0.548258 0.029641
vn 0.815442 -0.578796 0.006962
vn 0.714296 -0.697514 0.057061
vn 0.762939 -0.646458 0.004004
vn 0.897574 -0.437145 0.057138
vn -0.847821 0.530041 -0.015989
vn -0.752254 0.658673 -0.016236
vn -0.802264 0.596890 -0.009762
vn -0.762939 0.646458 -0.004003
vn -0.856417 0.516271 -0.003748
vn -0.879994 0.474878 -0.010060
vn -0.927679 0.373357 -0.004023
vn -0.955379 0.295208 -0.010151
vn -0.975297 0.220857 -0.004245
vn -0.996790 0.078400 -0.016233
vn -0.998054 0.062224 -0.004003
vn -0.971460 0.236631 -0.016486
vn -0.921382 0.388318 -0.016259
vn 0.074260 0.093789 0.992819
vn 0.179973 0.252058 0.950829
vn 0.386727 0.461353 0.798496
vn 0.241809 0.336173 0.910228
vn 0.190481 0.367679 0.910236
vn 0.141503 0.275489 0.950833
vn 0.117038 0.166359 0.979095
vn 0.091666 0.181571 0.979096
vn 0.085896 0.123921 0.988567
vn 0.067010 0.135066 0.988568
vn 0.058362 0.104442 0.992817
vn 0.040944 0.112387 0.992821
vn 0.022495 0.117490 0.992819
vn 0.039556 0.145452 0.988574
vn 0.053532 0.140922 0.988572
vn 0.073542 0.189598 0.979104
vn 0.113994 0.287910 0.950849
vn 0.153763 0.384425 0.910261
vn 0.221823 0.559677 0.798471
vn 0.022647 0.149077 0.988566
vn 0.003479 0.119680 0.992806
vn 0.031953 0.200890 0.979092
vn 0.034268 0.601024 0.798496
vn 0.050788 0.305543 0.950823
vn 0.069333 0.408290 0.910216
vn 0.085421 0.297628 0.950853
vn 0.115607 0.397563 0.910263
vn 0.054731 0.195844 0.979107
vn 0.714358 -0.697455 0.056997
vn 0.618324 -0.785286 0.031640
vn 0.623806 -0.781468 0.013157
vn 0.482767 -0.875214 0.030597
vn 0.451152 -0.892342 0.013692
vn 0.341362 -0.939465 0.029635
vn 0.306779 -0.951755 0.006988
vn 0.154383 -0.986362 0.057061
vn 0.223914 -0.974601 0.004004
vn 0.457681 -0.887279 0.057138
vn -0.361924 0.932071 -0.015987
vn -0.208041 0.977985 -0.016236
vn -0.285233 0.958409 -0.009760
vn -0.223914 0.974601 -0.004003
vn -0.377052 0.926184 -0.003747
vn -0.420821 0.907088 -0.010059
vn -0.519967 0.854177 -0.004023
vn -0.589063 0.808023 -0.010152
vn -0.649616 0.760251 -0.004247
vn -0.752256 0.658671 -0.016233
vn -0.762939 0.646458 -0.004003
vn -0.637107 0.770599 -0.016487
vn -0.505971 0.862397 -0.016259
vn 0.115636 0.030645 0.992819
vn 0.295062 0.094140 0.950829
vn 0.585991 0.137911 0.798496
vn 0.394951 0.124493 0.910228
vn 0.372645 0.180575 0.910236
vn 0.278234 0.136027 0.950833
vn 0.193344 0.063177 0.979095
vn 0.182101 0.090609 0.979096
vn 0.142992 0.047831 0.988567
vn 0.134516 0.068107 0.988568
vn 0.109267 0.048734 0.992817
vn 0.100046 0.065558 0.992821
vn 0.088290 0.080715 0.992819
vn 0.118700 0.092905 0.988574
vn 0.127207 0.080889 0.988572
vn 0.172363 0.107921 0.979104
vn 0.263596 0.162494 0.950849
vn 0.353206 0.216035 0.910261
vn 0.512587 0.315751 0.798471
vn 0.107291 0.105951 0.988566
vn 0.074327 0.093867 0.992806
vn 0.145732 0.141916 0.979092
vn 0.386727 0.461353 0.798496
vn 0.223404 0.214538 0.950823
vn 0.299705 0.285806 0.910215
vn 0.246477 0.187424 0.950853
vn 0.330443 0.249456 0.910263
vn 0.161002 0.124211 0.979107
vn 0.154468 -0.986352 0.056997
vn 0.024533 -0.999198 0.031647
vn 0.074251 -0.997172 0.011594
vn -0.103711 -0.994495 0.014933
vn -0.405718 -0.913989 0.004003
vn -0.290323 -0.956470 0.029628
vn -0.138285 -0.989920 0.030596
vn -0.165545 -0.984546 0.057139
vn -0.468397 -0.881673 0.057062
vn 0.269416 0.962891 -0.015985
vn 0.420447 0.907172 -0.016236
vn 0.346789 0.937893 -0.009757
vn 0.405719 0.913989 -0.004003
vn 0.253781 0.967255 -0.003745
vn 0.207172 0.978253 -0.010059
vn 0.095848 0.995388 -0.004024
vn 0.012665 0.999868 -0.010152
vn -0.064620 0.997901 -0.004249
vn -0.101930 0.994736 -0.010477
vn -0.223914 0.974601 -0.004003
vn -0.208045 0.977985 -0.016233
vn -0.048405 0.998692 -0.016489
vn 0.111978 0.993578 -0.016259
vn 0.110891 -0.044876 0.992819
vn 0.292540 -0.101705 0.950829
vn 0.551516 -0.241319 0.798496
vn 0.390666 -0.137350 0.910228
vn 0.406495 -0.078951 0.910235
vn 0.304229 -0.057987 0.950833
vn 0.192585 -0.065451 0.979095
vn 0.200062 -0.036687 0.979096
vn 0.143095 -0.047520 0.988567
vn 0.148488 -0.026160 0.988568
vn 0.116662 -0.026538 0.992817
vn 0.119377 -0.007499 0.992821
vn 0.119048 0.011727 0.992819
vn 0.150700 0.003239 0.988574
vn 0.150306 -0.011513 0.988572
vn 0.202654 -0.016946 0.979104
vn 0.308391 -0.027958 0.950849
vn 0.412212 -0.038821 0.910260
vn 0.599559 -0.054539 0.798470
vn 0.149379 0.020563 0.988566
vn 0.115737 0.030669 0.992806
vn 0.201704 0.026333 0.979092
vn 0.585991 0.137911 0.798496
vn 0.307402 0.037952 0.950823
vn 0.411190 0.049310 0.910215
vn 0.309634 0.002330 0.950853
vn 0.414027 0.001670 0.910263
vn 0.203326 0.002950 0.979107
vn -0.468323 -0.881717 0.056997
vn -0.578961 -0.814742 0.031626
vn -0.570676 -0.821073 0.012923
vn -0.702926 -0.710604 0.030597
vn -0.723354 -0.690340 0.013749
vn -0.804146 -0.593692 0.029649
vn -0.823621 -0.567096 0.007127
vn -0.901823 -0.428321 0.057061
vn -0.870788 -0.491643 0.004003
vn -0.721662 -0.689884 0.057137
vn 0.791249 0.611285 -0.015991
vn 0.878543 0.477387 -0.016236
vn 0.838015 0.545559 -0.009765
vn 0.870788 0.491643 -0.004003
vn 0.781316 0.624125 -0.003750
vn 0.750766 0.660492 -0.010060
vn 0.672300 0.740268 -0.004023
vn 0.608807 0.793253 -0.010151
vn 0.546169 0.837664 -0.004243
vn 0.420443 0.907174 -0.016233
vn 0.405719 0.913989 -0.004003
vn 0.559625 0.828582 -0.016484
vn 0.684142 0.729168 -0.016259
vn 0.062243 -0.102159 0.992819
vn 0.174028 -0.256198 0.950830
vn 0.298751 -0.522640 0.798496
vn 0.231488 -0.343361 0.910229
vn 0.278719 -0.306245 0.910236
vn 0.209257 -0.228317 0.950833
vn 0.115464 -0.167455 0.979095
vn 0.138472 -0.148983 0.979096
vn 0.086455 -0.123531 0.988567
vn 0.103415 -0.109719 0.988568
vn 0.077709 -0.090970 0.992817
vn 0.091171 -0.077427 0.992821
vn 0.102339 -0.061941 0.992819
vn 0.122642 -0.087636 0.988574
vn 0.113561 -0.099139 0.988572
vn 0.152259 -0.134808 0.979104
vn 0.230404 -0.206884 0.950849
vn 0.307102 -0.277695 0.910261
vn 0.447801 -0.402391 0.798471
vn 0.131895 -0.073079 0.988566
vn 0.110985 -0.044918 0.992806
vn 0.177237 -0.099825 0.979092
vn 0.551516 -0.241319 0.798496
vn 0.268806 -0.153880 0.950823
vn 0.358689 -0.207000 0.910216
vn 0.249395 -0.183524 0.950853
vn 0.332613 -0.246556 0.910263
vn 0.164620 -0.119376 0.979107
vn -0.901790 -0.428399 0.056998
vn -0.950690 -0.308526 0.031628
vn -0.947385 -0.319836 0.012900
vn -0.988080 -0.150871 0.030597
vn -0.992246 -0.123521 0.013796
vn -0.999554 0.003455 0.029647
vn -0.999325 0.036034 0.007157
vn -0.979230 0.194557 0.057061
vn -0.992120 0.125226 0.004003
vn -0.990750 -0.123081 0.057137
vn 0.999703 0.018365 -0.015990
vn 0.989835 -0.141294 -0.016236
vn 0.998006 -0.062352 -0.009764
vn 0.992120 -0.125226 -0.004003
vn 0.999394 0.034595 -0.003750
vn 0.996577 0.082050 -0.010060
vn 0.981197 0.192966 -0.004023
vn 0.961838 0.273431 -0.010151
vn 0.938042 0.346495 -0.004244
vn 0.878542 0.477390 -0.016233
vn 0.943424 0.331179 -0.016484
vn 0.984078 0.176992 -0.016259
vn -0.011029 -0.119118 0.992819
vn -0.013254 -0.309431 0.950830
vn -0.072214 -0.597653 0.798496
vn -0.019166 -0.413662 0.910229
vn 0.040930 -0.412062 0.910236
vn 0.031688 -0.308080 0.950833
vn -0.007286 -0.203273 0.979095
vn 0.022223 -0.202180 0.979096
vn -0.004349 -0.150717 0.988567
vn 0.017519 -0.149754 0.988568
vn 0.008073 -0.119370 0.992817
vn 0.026972 -0.116532 0.992821
vn 0.045187 -0.110762 0.992819
vn 0.046146 -0.143498 0.988574
vn 0.031984 -0.147315 0.988572
vn 0.041759 -0.199028 0.979104
vn 0.061469 -0.303494 0.950849
vn 0.080771 -0.406081 0.910261
vn 0.119290 -0.590096 0.798471
vn 0.062268 -0.137330 0.988566
vn 0.062294 -0.102249 0.992806
vn 0.082706 -0.185843 0.979093
vn 0.123956 -0.283850 0.950823
vn 0.164411 -0.380100 0.910216
vn 0.090668 -0.296072 0.950853
vn 0.119851 -0.396304 0.910263
vn 0.060899 -0.194014 0.979107
vn -0.979250 0.194474 0.056998
vn -0.946896 0.319982 0.031631
vn -0.951452 0.307527 0.012872
vn -0.882716 0.468909 0.030597
vn -0.870323 0.492287 0.013847
vn -0.799706 0.599660 0.029644
vn -0.780330 0.625327 0.007191
vn -0.669190 0.740897 0.057061
vn -0.720937 0.692989 0.004003
vn -0.868275 0.492782 0.057137
vn 0.812859 -0.582241 -0.015989
vn 0.709507 -0.704511 -0.016236
vn 0.763248 -0.646032 -0.009763
vn 0.720937 -0.692989 -0.004003
vn 0.822303 -0.569038 -0.003749
vn 0.848406 -0.529251 -0.010060
vn 0.902335 -0.431016 -0.004023
vn 0.934872 -0.354840 -0.010151
vn 0.959417 -0.281958 -0.004245
vn 0.989835 -0.141290 -0.016233
vn 0.992120 -0.125226 -0.004003
vn 0.954592 -0.297459 -0.016485
vn 0.895109 -0.445550 -0.016259
vn -0.079990 -0.088951 0.992819
vn -0.195427 -0.240274 0.950829
vn -0.414873 -0.436217 0.798496
vn -0.262417 -0.320346 0.910229
vn -0.213215 -0.354979 0.910236
vn -0.158539 -0.266050 0.950833
vn -0.127241 -0.158691 0.979095
vn -0.102898 -0.175450 0.979096
vn -0.093498 -0.118290 0.988567
vn -0.075367 -0.130587 0.988568
vn -0.064806 -0.100571 0.992817
vn -0.047938 -0.109586 0.992821
vn -0.029864 -0.115836 0.992819
vn -0.048645 -0.142670 0.988574
vn -0.062296 -0.137273 0.988572
vn -0.085330 -0.184594 0.979104
vn -0.131890 -0.280164 0.950849
vn -0.177655 -0.373985 0.910261
vn -0.256616 -0.544603 0.798471
vn -0.032014 -0.147350 0.988566
vn -0.011042 -0.119220 0.992806
vn -0.044574 -0.198472 0.979092
vn -0.072214 -0.597653 0.798496
vn -0.069979 -0.301726 0.950823
vn -0.094974 -0.403097 0.910216
vn -0.104011 -0.291652 0.950853
vn -0.140436 -0.389485 0.910263
vn -0.066967 -0.192005 0.979107
vn -0.669256 0.740843 0.056998
vn -0.568212 0.822274 0.031633
vn -0.573580 0.819044 0.013120
vn -0.427635 0.903433 0.030597
vn -0.394745 0.918689 0.013628
vn -0.282818 0.958715 0.029641
vn -0.247550 0.968850 0.006962
vn -0.093626 0.993971 0.057061
vn -0.163747 0.986494 0.004003
vn -0.401809 0.913939 0.057138
vn 0.303781 -0.952608 -0.015989
vn 0.147697 -0.988899 -0.016236
vn 0.225799 -0.974125 -0.009762
vn 0.163747 -0.986494 -0.004003
vn 0.319243 -0.947665 -0.003748
vn 0.363997 -0.931346 -0.010060
vn 0.466026 -0.884762 -0.004023
vn 0.537699 -0.843076 -0.010151
vn 0.600978 -0.799254 -0.004245
vn 0.709510 -0.704509 -0.016233
vn 0.720937 -0.692989 -0.004003
vn 0.587850 -0.808802 -0.016486
vn 0.451548 -0.892099 -0.016259
vn -0.117297 -0.023499 0.992819
vn -0.300288 -0.075832 0.950829
vn -0.593343 -0.101729 0.798496
vn -0.401854 -0.099989 0.910228
vn -0.383085 -0.157216 0.910236
vn -0.286103 -0.118584 0.950833
vn -0.196860 -0.051177 0.979095
vn -0.187349 -0.079189 0.979096
vn -0.145661 -0.038954 0.988567
vn -0.138465 -0.059669 0.988568
vn -0.112063 -0.041907 0.992817
vn -0.103917 -0.059232 0.992821
vn -0.093148 -0.075056 0.992819
vn -0.124245 -0.085347 0.988574
vn -0.131974 -0.072852 0.988572
vn -0.178718 -0.097035 0.979104
vn -0.273157 -0.145850 0.950849
vn -0.365912 -0.193736 0.910261
vn -0.531171 -0.283375 0.798471
vn -0.113694 -0.099049 0.988566
vn -0.080061 -0.089026 0.992806
vn -0.154304 -0.132545 0.979092
vn -0.414873 -0.436217 0.798496
vn -0.236357 -0.200178 0.950823
vn -0.316956 -0.266545 0.910216
vn -0.257651 -0.171741 0.950853
vn -0.345310 -0.228434 0.910263
vn -0.168412 -0.113964 0.979107
vn -0.093711 0.993967 0.056997
vn 0.036146 0.998846 0.031636
vn 0.028744 0.999501 0.013108
vn 0.197519 0.979821 0.030597
vn 0.231879 0.972648 0.013685
vn 0.346787 0.937476 0.029638
vn 0.380728 0.924661 0.006996
vn 0.519624 0.852487 0.057061
vn 0.458963 0.888446 0.004003
vn 0.224480 0.972802 0.057138
vn -0.326326 -0.945122 -0.015988
vn -0.473263 -0.880772 -0.016236
vn -0.401775 -0.915686 -0.009761
vn -0.458963 -0.888446 -0.004003
vn -0.310978 -0.950410 -0.003748
vn -0.265297 -0.964114 -0.010059
vn -0.155562 -0.987818 -0.004023
vn -0.073103 -0.997273 -0.010152
vn 0.003896 -0.999983 -0.004246
vn 0.147701 -0.988899 -0.016233
vn 0.163747 -0.986494 -0.004003
vn -0.012336 -0.999788 -0.016487
vn -0.171554 -0.985040 -0.016259
vn -0.108049 0.051343 0.992819
vn -0.285998 0.118865 0.950829
vn -0.536309 0.273454 0.798496
vn -0.381838 0.160263 0.910228
vn -0.401046 0.103117 0.910236
vn -0.300216 0.076075 0.950833
vn -0.188368 0.076751 0.979095
vn -0.197510 0.048584 0.979096
vn -0.140027 0.055918 0.988567
vn -0.146658 0.034992 0.988568
vn -0.114873 0.033444 0.992817
vn -0.118710 0.014668 0.992821
vn -0.119540 -0.004475 0.992819
vn -0.150620 0.005879 0.988574
vn -0.149342 0.020530 0.988572
vn -0.201269 0.029101 0.979104
vn -0.306152 0.046451 0.950849
vn -0.409132 0.063538 0.910261
vn -0.595191 0.090513 0.798471
vn -0.150354 -0.011430 0.988566
vn -0.117399 -0.023516 0.992806
vn -0.202933 -0.014004 0.979092
vn -0.593343 -0.101729 0.798496
vn -0.309142 -0.019166 0.950823
vn -0.413429 -0.024183 0.910215
vn -0.309209 0.016397 0.950853
vn -0.413370 0.023368 0.910263
vn -0.203132 0.009350 0.979107
vn 0.519553 0.852535 0.056997
vn 0.626677 0.778637 0.031640
vn 0.621729 0.783122 0.013157
vn 0.744706 0.666691 0.030597
vn 0.768487 0.639719 0.013691
vn 0.839022 0.543291 0.029635
vn 0.858753 0.512343 0.006988
vn 0.926644 0.371585 0.057061
vn 0.899594 0.436710 0.004003
vn 0.762087 0.644948 0.057138
vn -0.827206 -0.561672 -0.015987
vn -0.906450 -0.422000 -0.016236
vn -0.870067 -0.492838 -0.009760
vn -0.899594 -0.436710 -0.004003
vn -0.818078 -0.575095 -0.003747
vn -0.789655 -0.613468 -0.010059
vn -0.715864 -0.698228 -0.004023
vn -0.655395 -0.755218 -0.010152
vn -0.595264 -0.803519 -0.004247
vn -0.473259 -0.880774 -0.016233
vn -0.458963 -0.888446 -0.004003
vn -0.608153 -0.793649 -0.016487
vn -0.727013 -0.686431 -0.016259
vn -0.055790 0.105822 0.992819
vn -0.157893 0.266446 0.950829
vn -0.265774 0.540156 0.798496
vn -0.209868 0.356988 0.910228
vn -0.259521 0.322676 0.910236
vn -0.194941 0.240656 0.950833
vn -0.104915 0.174259 0.979095
vn -0.129127 0.157153 0.979096
vn -0.078671 0.128629 0.988567
vn -0.096530 0.115823 0.988568
vn -0.071990 0.095560 0.992817
vn -0.086319 0.082802 0.992821
vn -0.098454 0.067947 0.992819
vn -0.117151 0.094850 0.988574
vn -0.107348 0.105834 0.988572
vn -0.143816 0.143781 0.979104
vn -0.217453 0.220457 0.950849
vn -0.289721 0.295783 0.910261
vn -0.422630 0.428752 0.798471
vn -0.127307 0.080807 0.988566
vn -0.108141 0.051391 0.992806
vn -0.170975 0.110206 0.979092
vn -0.536309 0.273454 0.798496
vn -0.259162 0.169621 0.950823
vn -0.345721 0.228002 0.910215
vn -0.237910 0.198185 0.950853
vn -0.317188 0.266107 0.910263
vn -0.157144 0.129057 0.979107
vn 0.926615 0.371667 0.056997
vn 0.968209 0.248135 0.031644
vn 0.966796 0.255210 0.013168
vn 0.995686 0.087600 0.030596
vn 0.998541 0.052226 0.013735
vn 0.997253 -0.067881 0.029632
vn 0.994515 -0.104361 0.007009
vn 0.964452 -0.258022 0.057061
vn 0.981838 -0.189680 0.004003
vn 0.996574 0.059802 0.057139
vn -0.998810 0.046076 -0.015986
vn -0.978509 0.205565 -0.016236
vn -0.991858 0.126972 -0.009758
vn -0.981838 0.189680 -0.004003
vn -0.999547 0.029860 -0.003746
vn -0.999788 -0.017958 -0.010059
vn -0.991486 -0.130154 -0.004023
vn -0.977193 -0.212111 -0.010152
vn -0.957954 -0.286891 -0.004248
vn -0.946515 -0.322489 -0.010475
vn -0.899594 -0.436710 -0.004003
vn -0.906449 -0.422004 -0.016233
vn -0.962363 -0.271268 -0.016488
vn -0.993344 -0.114029 -0.016259
vn 0.018776 0.118145 0.992819
vn 0.033306 0.307919 0.950829
vn 0.111048 0.591669 0.798496
vn 0.045969 0.411548 0.910228
vn -0.014415 0.413840 0.910236
vn -0.011862 0.309478 0.950833
vn 0.020461 0.202372 0.979095
vn -0.009209 0.203190 0.979096
vn 0.014121 0.150117 0.988567
vn -0.007877 0.150569 0.988568
vn -0.000365 0.119642 0.992817
vn -0.019503 0.118012 0.992821
vn -0.038141 0.113381 0.992819
vn -0.036986 0.146127 0.988574
vn -0.022540 0.149052 0.988572
vn -0.029003 0.201283 0.979104
vn -0.042022 0.306792 0.950849
vn -0.054754 0.410400 0.910261
vn -0.081508 0.596491 0.798471
vn -0.053550 0.140959 0.988566
vn -0.055835 0.105915 0.992806
vn -0.070912 0.190656 0.979092
vn -0.265774 0.540156 0.798496
vn -0.105947 0.291053 0.950823
vn -0.140298 0.389647 0.910215
vn -0.071779 0.301209 0.950853
vn -0.094570 0.403085 0.910263
vn -0.048518 0.197474 0.979107
vn 0.964478 -0.257940 0.056997
vn 0.923638 -0.381956 0.031647
vn 0.941905 -0.335680 0.011595
vn 0.867434 -0.497328 0.014932
vn 0.671594 -0.740909 0.004003
vn 0.757141 -0.652579 0.029628
vn 0.849260 -0.527088 0.030596
vn 0.833313 -0.549840 0.057139
vn 0.616676 -0.785146 0.057061
vn -0.771474 0.636060 -0.015985
vn -0.659399 0.751618 -0.016236
vn -0.717301 0.696695 -0.009757
vn -0.671594 0.740909 -0.004003
vn -0.781792 0.623528 -0.003745
vn -0.810712 0.585358 -0.010059
vn -0.871435 0.490494 -0.004024
vn -0.909197 0.416242 -0.010152
vn -0.938676 0.344774 -0.004249
vn -0.950882 0.309376 -0.010477
vn -0.978510 0.205561 -0.016233
vn -0.932837 0.359921 -0.016489
vn -0.863252 0.504512 -0.016259
vn 0.085915 0.083242 0.992819
vn 0.211398 0.226350 0.950829
vn 0.443878 0.406666 0.798496
vn 0.283706 0.301655 0.910228
vn 0.236710 0.339764 0.910235
vn 0.176151 0.254732 0.950833
vn 0.137793 0.149620 0.979095
vn 0.114516 0.168098 0.979096
vn 0.101367 0.111621 0.988567
vn 0.084017 0.125197 0.988568
vn 0.071482 0.095941 0.992817
vn 0.055171 0.106129 0.992821
vn 0.037457 0.113609 0.992819
vn 0.058028 0.139117 0.988574
vn 0.071359 0.132787 0.988572
vn 0.097513 0.178457 0.979104
vn 0.150376 0.270692 0.950849
vn 0.202327 0.361233 0.910260
vn 0.292522 0.526190 0.798470
vn 0.041652 0.144921 0.988566
vn 0.018796 0.118247 0.992806
vn 0.057552 0.195105 0.979092
vn 0.089705 0.296462 0.950822
vn 0.121324 0.395967 0.910215
vn 0.123182 0.284086 0.950853
vn 0.166035 0.379280 0.910263
vn 0.079591 0.187124 0.979107
vn 0.616746 -0.785096 0.056997
vn 0.510777 -0.859131 0.031625
vn 0.519387 -0.854441 0.012933
vn 0.365439 -0.930332 0.030598
vn 0.338158 -0.940989 0.013728
vn 0.217619 -0.975583 0.029650
vn 0.185244 -0.982667 0.007113
vn 0.026924 -0.998008 0.057061
vn 0.097388 -0.995238 0.004003
vn 0.338903 -0.939085 0.057137
vn -0.238924 0.970907 -0.015991
vn -0.081213 0.996565 -0.016236
vn -0.159928 0.987080 -0.009765
vn -0.097388 0.995238 -0.004003
vn -0.254684 0.967017 -0.003751
vn -0.300283 0.953797 -0.010060
vn -0.404951 0.914330 -0.004023
vn -0.479068 0.877719 -0.010151
vn -0.545005 0.838422 -0.004243
vn -0.659402 0.751615 -0.016233
vn -0.671594 0.740909 -0.004003
vn -0.531255 0.847052 -0.016484
vn -0.390008 0.920668 -0.016259
vn 0.118606 0.015600 0.992819
vn 0.304699 0.055514 0.950830
vn 0.598819 0.061809 0.798496
vn 0.407656 0.072803 0.910229
vn 0.392825 0.130992 0.910236
vn 0.293457 0.098996 0.950833
vn 0.199850 0.037855 0.979095
vn 0.192268 0.066359 0.979096
vn 0.147946 0.029094 0.988567
vn 0.142178 0.050184 0.988568
vn 0.114631 0.034263 0.992817
vn 0.107695 0.052048 0.992821
vn 0.098056 0.068521 0.992819
vn 0.129766 0.076693 0.988574
vn 0.136609 0.063738 0.988572
vn 0.184885 0.084696 0.979104
vn 0.282416 0.126997 0.950849
vn 0.378204 0.168485 0.910261
vn 0.549166 0.246699 0.798471
vn 0.120203 0.091040 0.988566
vn 0.085992 0.083311 0.992806
vn 0.163009 0.121680 0.979092
vn 0.443878 0.406666 0.798496
vn 0.249496 0.183542 0.950823
vn 0.334446 0.244240 0.910216
vn 0.268743 0.153807 0.950853
vn 0.360057 0.204402 0.910263
vn 0.175778 0.102237 0.979107
vn 0.027008 -0.998009 0.056998
vn -0.102267 -0.994254 0.031626
vn -0.091942 -0.995681 0.012923
vn -0.261453 -0.964731 0.030597
vn -0.289218 -0.957165 0.013749
vn -0.407143 -0.912883 0.029649
vn -0.437196 -0.899338 0.007127
vn -0.573632 -0.817123 0.057061
vn -0.515421 -0.856928 0.004003
vn -0.287967 -0.955934 0.057137
vn 0.387251 0.921836 -0.015991
vn 0.529195 0.848345 -0.016236
vn 0.460334 0.887692 -0.009765
vn 0.515421 0.856928 -0.004003
vn 0.372280 0.928113 -0.003750
vn 0.327775 0.944702 -0.010060
vn 0.220185 0.975450 -0.004023
vn 0.138827 0.990265 -0.010151
vn 0.062437 0.998040 -0.004243
vn -0.081217 0.996564 -0.016233
vn -0.097388 0.995238 -0.004003
vn 0.078621 0.996768 -0.016484
vn 0.235960 0.971627 -0.016259
vn 0.104505 -0.058219 0.992819
vn 0.277684 -0.137166 0.950830
vn 0.517515 -0.307542 0.798496
vn 0.370637 -0.184693 0.910229
vn 0.393444 -0.129121 0.910236
vn 0.294599 -0.095544 0.950833
vn 0.182992 -0.088808 0.979095
vn 0.193910 -0.061396 0.979096
vn 0.136105 -0.064883 0.988567
vn 0.144056 -0.044507 0.988568
vn 0.112448 -0.040861 0.992817
vn 0.117488 -0.022442 0.992821
vn 0.119574 -0.003464 0.992819
vn 0.149903 -0.015817 0.988574
vn 0.147670 -0.030302 0.988572
vn 0.198921 -0.042267 0.979104
vn 0.302437 -0.066473 0.950849
vn 0.404071 -0.090291 0.910261
vn 0.587950 -0.129457 0.798471
vn 0.150781 0.001409 0.988566
vn 0.118708 0.015610 0.992807
vn 0.203415 0.000482 0.979093
vn 0.598819 0.061809 0.798496
vn 0.309731 -0.001428 0.950823
vn 0.414120 -0.003355 0.910216
vn 0.307450 -0.036788 0.950853
vn 0.410924 -0.050625 0.910263
vn 0.202071 -0.022749 0.979107
vn -0.573564 -0.817175 0.056998
vn -0.675138 -0.737013 0.031627
vn -0.667210 -0.744758 0.012912
vn -0.785333 -0.618317 0.030597
vn -0.802780 -0.596116 0.013772
vn -0.871360 -0.489748 0.029648
vn -0.887312 -0.461115 0.007142
vn -0.947866 -0.313519 0.057061
vn -0.924898 -0.380193 0.004003
vn -0.801360 -0.595447 0.057137
vn 0.860734 0.508804 -0.015990
vn 0.930832 0.365087 -0.016236
vn 0.899033 0.437771 -0.009764
vn 0.924898 0.380193 -0.004003
vn 0.852464 0.522772 -0.003750
vn 0.826632 0.562654 -0.010060
vn 0.758601 0.651544 -0.004023
vn 0.702117 0.711989 -0.010151
vn 0.645423 0.763813 -0.004244
vn 0.529192 0.848347 -0.016233
vn 0.657654 0.753139 -0.016484
vn 0.768981 0.639065 -0.016259
vn 0.049133 -0.109072 0.992819
vn 0.141019 -0.275748 0.950830
vn 0.231832 -0.555570 0.798496
vn 0.187262 -0.369346 0.910229
vn 0.238739 -0.338340 0.910236
vn 0.179439 -0.252426 0.950833
vn 0.093875 -0.180445 0.979095
vn 0.119001 -0.164953 0.979096
vn 0.070520 -0.133272 0.988567
vn 0.089064 -0.121658 0.988568
vn 0.065869 -0.099877 0.992817
vn 0.080908 -0.088097 0.992821
vn 0.093907 -0.074104 0.992819
vn 0.110879 -0.102112 0.988574
vn 0.100443 -0.112409 0.988572
vn 0.134439 -0.152585 0.979104
vn 0.203081 -0.233763 0.950849
vn 0.270443 -0.313507 0.910261
vn 0.394660 -0.454629 0.798471
vn 0.121863 -0.088804 0.988566
vn 0.104593 -0.058272 0.992807
vn 0.163556 -0.120943 0.979093
vn 0.247751 -0.185890 0.950823
vn 0.330388 -0.249701 0.910216
vn 0.224820 -0.212921 0.950853
vn 0.299615 -0.285748 0.910263
vn 0.148616 -0.138794 0.979107
vn -0.947843 -0.313601 0.056998
vn -0.981544 -0.188602 0.031628
vn -0.979664 -0.200228 0.012900
vn -0.999152 -0.027534 0.030597
vn -0.999905 0.000125 0.013796
vn -0.991456 0.127026 0.029647
vn -0.987200 0.159328 0.007157
vn -0.947658 0.314148 0.057061
vn -0.969022 0.246943 0.004003
vn -0.998366 0.000373 0.057137
vn 0.994302 -0.105392 -0.015990
vn 0.964767 -0.262605 -0.016236
vn 0.982637 -0.185280 -0.009764
vn 0.969022 -0.246943 -0.004003
vn 0.996002 -0.089248 -0.003750
vn 0.999075 -0.041810 -0.010060
vn 0.997528 0.070156 -0.004023
vn 0.988267 0.152399 -0.010151
vn 0.973689 0.227843 -0.004244
vn 0.930830 0.365091 -0.016233
vn 0.977135 0.211980 -0.016484
vn 0.998411 0.053949 -0.016259
vn -0.025673 -0.116840 0.992819
vn -0.051414 -0.305417 0.950830
vn -0.145561 -0.584137 0.798496
vn -0.070169 -0.408118 0.910229
vn -0.010336 -0.413961 0.910236
vn -0.006650 -0.309634 0.950833
vn -0.032365 -0.200812 0.979095
vn -0.002948 -0.203377 0.979096
vn -0.022952 -0.149022 0.988567
vn -0.001133 -0.150771 0.988568
vn -0.006750 -0.119452 0.992817
vn 0.012355 -0.118973 0.992821
vn 0.031144 -0.115499 0.992819
vn 0.028048 -0.148103 0.988574
vn 0.013523 -0.150139 0.988572
vn 0.016828 -0.202664 0.979104
vn 0.023469 -0.308766 0.950849
vn 0.029938 -0.412952 0.910260
vn 0.045408 -0.600318 0.798471
vn 0.044809 -0.143976 0.988566
vn 0.049172 -0.109167 0.992806
vn 0.059091 -0.194643 0.979093
vn 0.087906 -0.296999 0.950823
vn 0.116149 -0.397513 0.910216
vn 0.053362 -0.305011 0.950853
vn 0.069927 -0.408083 0.910263
vn 0.036442 -0.200056 0.979107
vn -0.947688 0.314069 0.056998
vn -0.900095 0.434544 0.031629
vn -0.905834 0.423436 0.012886
vn -0.818046 0.574339 0.030597
vn -0.802491 0.596505 0.013821
vn -0.719566 0.693790 0.029645
vn -0.697015 0.717020 0.007174
vn -0.572669 0.817799 0.057061
vn -0.629931 0.776641 0.004003
vn -0.800761 0.596253 0.057137
vn 0.734767 -0.678131 -0.015990
vn 0.617167 -0.786665 -0.016236
vn 0.677690 -0.735283 -0.009764
vn 0.629931 -0.776641 -0.004003
vn 0.745769 -0.666194 -0.003750
vn 0.776568 -0.629953 -0.010060
vn 0.842190 -0.539166 -0.004023
vn 0.883869 -0.467625 -0.010151
vn 0.917217 -0.398365 -0.004244
vn 0.964768 -0.262601 -0.016233
vn 0.910514 -0.413150 -0.016485
vn 0.833224 -0.552697 -0.016259
vn -0.090353 -0.078403 0.992819
vn -0.223584 -0.214321 0.950830
vn -0.465522 -0.381699 0.798496
vn -0.299943 -0.285514 0.910229
vn -0.255412 -0.325938 0.910236
vn -0.190175 -0.244440 0.950833
vn -0.145851 -0.141775 0.979095
vn -0.123773 -0.161403 0.979096
vn -0.107381 -0.105848 0.988567
vn -0.090913 -0.120282 0.988568
vn -0.076725 -0.091801 0.992817
vn -0.061106 -0.102826 0.992821
vn -0.043951 -0.111258 0.992819
vn -0.065900 -0.135567 0.988574
vn -0.078774 -0.128528 0.988572
vn -0.107476 -0.172641 0.979104
vn -0.165483 -0.261730 0.950848
vn -0.222485 -0.349179 0.910260
vn -0.321917 -0.508737 0.798471
vn -0.049981 -0.142263 0.988566
vn -0.025699 -0.116939 0.992806
vn -0.068764 -0.191440 0.979092
vn -0.106736 -0.290763 0.950823
vn -0.144069 -0.388267 0.910216
vn -0.139248 -0.276567 0.950853
vn -0.187481 -0.369150 0.910263
vn -0.090176 -0.182260 0.979107
vn -0.572740 0.817753 0.056998
vn -0.462566 0.886020 0.031630
vn -0.474464 0.880181 0.012872
vn -0.313209 0.949191 0.030597
vn -0.288081 0.957506 0.013847
vn -0.162823 0.986210 0.029644
vn -0.131074 0.991347 0.007190
vn 0.029127 0.997946 0.057062
vn -0.041382 0.999135 0.004003
vn -0.286268 0.956445 0.057137
vn 0.184371 -0.982727 -0.015989
vn 0.025158 -0.999552 -0.016236
vn 0.104419 -0.994485 -0.009763
vn 0.041382 -0.999135 -0.004003
vn 0.200324 -0.979723 -0.003749
vn 0.246694 -0.969041 -0.010060
vn 0.353588 -0.935393 -0.004023
vn 0.429774 -0.902879 -0.010152
vn 0.497909 -0.867219 -0.004245
vn 0.617170 -0.786662 -0.016233
vn 0.629931 -0.776641 -0.004003
vn 0.483703 -0.875077 -0.016485
vn 0.338316 -0.940892 -0.016259
vn -0.119294 -0.008919 0.992819
vn -0.307328 -0.038368 0.950830
vn -0.601344 -0.028106 0.798496
vn -0.411092 -0.049866 0.910229
vn -0.399512 -0.108910 0.910236
vn -0.298515 -0.082498 0.950833
vn -0.201655 -0.026606 0.979095
vn -0.195666 -0.055547 0.979096
vn -0.149342 -0.020765 0.988568
vn -0.144752 -0.042187 0.988568
vn -0.116365 -0.027813 0.992817
vn -0.110418 -0.045991 0.992821
vn -0.101687 -0.063006 0.992819
vn -0.133811 -0.069396 0.988574
vn -0.139937 -0.056057 0.988572
vn -0.189302 -0.074302 0.979104
vn -0.289031 -0.111124 0.950848
vn -0.386974 -0.147231 0.910260
vn -0.562010 -0.215844 0.798471
vn -0.125036 -0.084279 0.988566
vn -0.090433 -0.078468 0.992806
vn -0.169466 -0.112514 0.979092
vn -0.465522 -0.381699 0.798496
vn -0.259230 -0.169516 0.950823
vn -0.347395 -0.225442 0.910216
vn -0.276841 -0.138702 0.950853
vn -0.370815 -0.184168 0.910263
vn -0.181166 -0.092355 0.979106
vn 0.029042 0.997952 0.056998
vn 0.158258 0.986891 0.031631
vn 0.152656 0.988192 0.013124
vn 0.315849 0.948316 0.030597
vn 0.350654 0.936406 0.013601
vn 0.458624 0.888136 0.029644
vn 0.491277 0.870976 0.006946
vn 0.619620 0.782825 0.057062
vn 0.563789 0.825909 0.004002
vn 0.341777 0.938043 0.057138
vn -0.439259 -0.898218 -0.015989
vn -0.577049 -0.816548 -0.016236
vn -0.510436 -0.859860 -0.009763
vn -0.563790 -0.825908 -0.004003
vn -0.424672 -0.905340 -0.003749
vn -0.381081 -0.924487 -0.010059
vn -0.275213 -0.961375 -0.004023
vn -0.194652 -0.980820 -0.010152
vn -0.118677 -0.992924 -0.004245
vn 0.025162 -0.999552 -0.016233
vn 0.041382 -0.999135 -0.004003
vn -0.134763 -0.990741 -0.016485
vn -0.290745 -0.956662 -0.016259
vn -0.100985 0.064123 0.992819
vn -0.269366 0.152849 0.950831
vn -0.498996 0.336760 0.798496
vn -0.359444 0.205625 0.910230
vn -0.385446 0.151334 0.910236
vn -0.288675 0.112178 0.950833
vn -0.177601 0.099145 0.979096
vn -0.190096 0.072347 0.979096
vn -0.132162 0.072574 0.988568
vn -0.141285 0.052645 0.988568
vn -0.109931 0.047216 0.992817
vn -0.116025 0.029077 0.992821
vn -0.119189 0.010208 0.992819
vn -0.148769 0.024276 0.988574
vn -0.145712 0.038640 0.988572
vn -0.196200 0.053497 0.979103
vn -0.298175 0.083544 0.950848
vn -0.398291 0.113096 0.910260
vn -0.579651 0.162630 0.798471
vn -0.150621 0.007091 0.988566
vn -0.119396 -0.008923 0.992807
vn -0.203119 0.010984 0.979092
vn -0.601344 -0.028106 0.798496
vn -0.309160 0.018883 0.950823
vn -0.413274 0.026690 0.910215
vn -0.304877 0.054132 0.950852
vn -0.407401 0.073803 0.910262
vn -0.200461 0.034150 0.979106
vn 0.619555 0.782881 0.056999
vn 0.716620 0.696747 0.031632
vn 0.712562 0.701486 0.013120
vn 0.819975 0.571581 0.030598
vn 0.840487 0.541660 0.013627
vn 0.898514 0.437943 0.029644
vn 0.914362 0.404838 0.006962
vn 0.964669 0.257210 0.057065
vn 0.945661 0.325130 0.003999
vn 0.834615 0.547862 0.057138
vn -0.889010 -0.457608 -0.015989
vn -0.950697 -0.309696 -0.016236
vn -0.923170 -0.384269 -0.009764
vn -0.945662 -0.325126 -0.004002
vn -0.881571 -0.472036 -0.003749
vn -0.858052 -0.513464 -0.010059
vn -0.795189 -0.606348 -0.004023
vn -0.742185 -0.670119 -0.010153
vn -0.688482 -0.725241 -0.004245
vn -0.577045 -0.816551 -0.016233
vn -0.563790 -0.825908 -0.004003
vn -0.700076 -0.713878 -0.016486
vn -0.804826 -0.593288 -0.016259
vn -0.042627 0.111759 0.992821
vn -0.124591 0.283534 0.950834
vn -0.198747 0.568246 0.798496
vn -0.165264 0.379687 0.910234
vn -0.218591 0.351694 0.910236
vn -0.164405 0.262466 0.950833
vn -0.083121 0.185631 0.979098
vn -0.109173 0.171616 0.979096
vn -0.062575 0.137171 0.988569
vn -0.081814 0.126647 0.988568
vn -0.059916 0.103555 0.992817
vn -0.075652 0.092653 0.992820
vn -0.089470 0.079408 0.992819
vn -0.104779 0.108368 0.988574
vn -0.093739 0.118062 0.988572
vn -0.125341 0.160147 0.979103
vn -0.189148 0.245180 0.950847
vn -0.251758 0.328705 0.910259
vn -0.367568 0.476800 0.798471
vn -0.116538 0.095688 0.988566
vn -0.101070 0.064181 0.992807
vn -0.156308 0.130179 0.979092
vn -0.498996 0.336760 0.798496
vn -0.236615 0.199876 0.950822
vn -0.315434 0.268349 0.910215
vn -0.212108 0.225594 0.950851
vn -0.282557 0.302633 0.910261
vn -0.140327 0.147176 0.979106
vn 0.964651 0.257294 0.057001
vn 0.990991 0.130139 0.031626
vn 0.990510 0.136813 0.013116
vn 0.999017 -0.032064 0.030594
vn 0.997601 -0.067865 0.013652
vn 0.982063 -0.186208 0.029646
vn 0.975016 -0.222025 0.006982
vn 0.926998 -0.370697 0.057073
vn 0.952378 -0.304893 0.004008
vn 0.996573 -0.059812 0.057132
vn -0.986205 0.164754 -0.015990
vn -0.947189 0.320266 -0.016238
vn -0.969725 0.244003 -0.009767
vn -0.952380 0.304889 -0.004004
vn -0.988869 0.148741 -0.003750
vn -0.994790 0.101446 -0.010058
vn -0.999935 -0.010635 -0.004023
vn -0.995567 -0.093502 -0.010153
vn -0.985469 -0.169805 -0.004244
vn -0.950696 -0.309700 -0.016233
vn -0.945662 -0.325126 -0.004002
vn -0.987970 -0.153765 -0.016485
vn -0.999852 0.005596 -0.016258
vn 0.032663 0.115067 0.992821
vn 0.069676 0.301769 0.950832
vn 0.180497 0.574304 0.798496
vn 0.094570 0.403158 0.910231
vn 0.035061 0.412615 0.910230
vn 0.025146 0.308697 0.950828
vn 0.044375 0.198498 0.979096
vn 0.015099 0.202849 0.979094
vn 0.031866 0.147369 0.988568
vn 0.010143 0.150444 0.988567
vn 0.013893 0.118838 0.992816
vn -0.005249 0.119509 0.992819
vn -0.024253 0.117145 0.992819
vn -0.019208 0.149517 0.988573
vn -0.004556 0.150692 0.988570
vn -0.004727 0.203323 0.979100
vn -0.005036 0.309634 0.950843
vn -0.005288 0.414018 0.910253
vn -0.009581 0.601957 0.798471
vn -0.036222 0.146373 0.988566
vn -0.042660 0.111857 0.992808
vn -0.047485 0.197797 0.979092
vn -0.198747 0.568246 0.798496
vn -0.070200 0.301676 0.950822
vn -0.092453 0.403684 0.910215
vn -0.035164 0.307655 0.950848
vn -0.045581 0.411527 0.910257
vn -0.024503 0.201879 0.979104
vn 0.927034 -0.370619 0.057009
vn 0.872065 -0.488366 0.031635
vn 0.876028 -0.482082 0.013107
vn 0.781436 -0.623235 0.030595
vn 0.759369 -0.650517 0.013685
vn 0.675593 -0.736679 0.029639
vn 0.648707 -0.761006 0.006998
vn 0.521046 -0.851619 0.057064
vn 0.580744 -0.814077 0.004004
vn 0.762881 -0.644009 0.057135
vn -0.691742 0.721968 -0.015988
vn -0.567386 0.823292 -0.016237
vn -0.631097 0.775643 -0.009763
vn -0.580744 0.814076 -0.004004
vn -0.703456 0.710729 -0.003748
vn -0.736511 0.676351 -0.010058
vn -0.807715 0.589560 -0.004023
vn -0.853797 0.520507 -0.010152
vn -0.891367 0.453263 -0.004246
vn -0.947190 0.320262 -0.016235
vn -0.952380 0.304889 -0.004004
vn -0.883779 0.467615 -0.016486
vn -0.797940 0.602518 -0.016258
vn 0.095022 0.072669 0.992819
vn 0.236366 0.200136 0.950829
vn 0.488215 0.352209 0.798496
vn 0.316967 0.266489 0.910228
vn 0.274907 0.309679 0.910234
vn 0.204799 0.232332 0.950831
vn 0.154311 0.132519 0.979095
vn 0.133433 0.153519 0.979095
vn 0.113700 0.099030 0.988567
vn 0.098115 0.114489 0.988568
vn 0.082220 0.086919 0.992817
vn 0.067269 0.098907 0.992820
vn 0.050616 0.108385 0.992820
vn 0.074024 0.131307 0.988574
vn 0.086475 0.123481 0.988572
vn 0.117817 0.165761 0.979103
vn 0.181156 0.251142 0.950847
vn 0.243390 0.334948 0.910259
vn 0.352365 0.488142 0.798471
vn 0.058501 0.138970 0.988567
vn 0.032695 0.115165 0.992808
vn 0.080225 0.186919 0.979094
vn 0.180497 0.574304 0.798496
vn 0.124142 0.283759 0.950826
vn 0.167311 0.378826 0.910219
vn 0.155813 0.267585 0.950853
vn 0.209589 0.357063 0.910263
vn 0.101095 0.176437 0.979107
vn 0.521121 -0.851577 0.057000
vn 0.406544 -0.913083 0.031638
vn 0.412571 -0.910831 0.013151
vn 0.253146 -0.966944 0.030596
vn 0.218080 -0.975835 0.013671
vn 0.100379 -0.994508 0.029637
vn 0.063787 -0.997939 0.006978
vn -0.092305 -0.994094 0.057062
vn -0.022013 -0.999750 0.004004
vn 0.225856 -0.972484 0.057137
vn -0.122123 0.992386 -0.015987
vn 0.038230 0.999137 -0.016236
vn -0.041366 0.999096 -0.009761
vn 0.022013 0.999750 -0.004004
vn -0.138233 0.990393 -0.003747
vn -0.185319 0.982627 -0.010059
vn -0.294360 0.955686 -0.004023
vn -0.372632 0.927924 -0.010152
vn -0.443019 0.896502 -0.004246
vn -0.567389 0.823290 -0.016234
vn -0.580744 0.814076 -0.004004
vn -0.428352 0.903462 -0.016487
vn -0.278775 0.960219 -0.016259
vn 0.119619 0.001342 0.992819
vn 0.309140 0.018869 0.950829
vn 0.601916 -0.010055 0.798496
vn 0.413423 0.023785 0.910228
vn 0.405567 0.083592 0.910235
vn 0.303111 0.063578 0.950832
vn 0.202935 0.013809 0.979095
vn 0.198771 0.043143 0.979096
vn 0.150357 0.011286 0.988567
vn 0.147118 0.033009 0.988568
vn 0.117886 0.020430 0.992817
vn 0.113080 0.038992 0.992821
vn 0.105407 0.056560 0.992819
vn 0.137878 0.060915 0.988574
vn 0.143172 0.047187 0.988572
vn 0.193583 0.062306 0.979103
vn 0.295421 0.092812 0.950848
vn 0.395433 0.122718 0.910260
vn 0.574416 0.180252 0.798471
vn 0.130025 0.076354 0.988566
vn 0.095106 0.072729 0.992807
vn 0.176122 0.101776 0.979093
vn 0.488215 0.352209 0.798496
vn 0.269251 0.153097 0.950823
vn 0.360719 0.203442 0.910216
vn 0.284952 0.121166 0.950853
vn 0.381579 0.160683 0.910263
vn 0.186572 0.080877 0.979107
vn -0.092220 -0.994106 0.056998
vn -0.220916 -0.974780 0.031640
vn -0.214502 -0.976635 0.013157
vn -0.376123 -0.926065 0.030597
vn -0.409336 -0.912281 0.013691
vn -0.515060 -0.856642 0.029635
vn -0.546379 -0.837509 0.006988
vn -0.669203 -0.740885 0.057062
vn -0.616294 -0.787506 0.004004
vn -0.401289 -0.914168 0.057138
vn 0.496370 0.867964 -0.015987
vn 0.628916 0.777304 -0.016236
vn 0.565112 0.824957 -0.009760
vn 0.616294 0.787506 -0.004003
vn 0.482273 0.876013 -0.003747
vn 0.439883 0.897999 -0.010059
vn 0.336360 0.941725 -0.004023
vn 0.257001 0.966358 -0.010152
vn 0.181766 0.983333 -0.004247
vn 0.038226 0.999137 -0.016233
vn 0.022013 0.999750 -0.004004
vn 0.197680 0.980128 -0.016487
vn 0.351557 0.936025 -0.016259
vn 0.096606 -0.070555 0.992819
vn 0.258892 -0.169996 0.950829
vn 0.476046 -0.368489 0.798496
vn 0.345357 -0.228501 0.910228
vn 0.374890 -0.175866 0.910235
vn 0.280844 -0.130554 0.950832
vn 0.170801 -0.110455 0.979095
vn 0.185038 -0.084451 0.979096
vn 0.127180 -0.080992 0.988567
vn 0.137598 -0.061643 0.988568
vn 0.106652 -0.054220 0.992817
vn 0.113919 -0.036465 0.992821
vn 0.118294 -0.017789 0.992819
vn 0.146909 -0.033744 0.988574
vn 0.142929 -0.047917 0.988572
vn 0.192359 -0.065986 0.979104
vn 0.292193 -0.102519 0.950848
vn 0.390206 -0.138440 0.910260
vn 0.568016 -0.199505 0.798471
vn 0.149863 -0.016667 0.988566
vn 0.119723 0.001340 0.992806
vn 0.202007 -0.023894 0.979093
vn 0.601916 -0.010055 0.798496
vn 0.307329 -0.038528 0.950823
vn 0.410736 -0.052949 0.910215
vn 0.300787 -0.073524 0.950853
vn 0.401843 -0.099715 0.910263
vn 0.197864 -0.046904 0.979107
vn -0.669142 -0.740945 0.056997
vn -0.760706 -0.648325 0.031642
vn -0.756511 -0.653849 0.013162
vn -0.855875 -0.516277 0.030597
vn -0.874103 -0.485546 0.013713
vn -0.925581 -0.377388 0.029633
vn -0.939178 -0.343360 0.006998
vn -0.979681 -0.192274 0.057061
vn -0.965249 -0.261300 0.004004
vn -0.868895 -0.491687 0.057139
vn 0.917396 0.397653 -0.015987
vn 0.969243 0.245570 -0.016236
vn 0.946694 0.321988 -0.009759
vn 0.965249 0.261300 -0.004003
vn 0.910930 0.412543 -0.003746
vn 0.890143 0.455569 -0.010059
vn 0.833407 0.552645 -0.004023
vn 0.784583 0.619941 -0.010152
vn 0.734470 0.678627 -0.004247
vn 0.628913 0.777306 -0.016233
vn 0.616294 0.787506 -0.004003
vn 0.745296 0.666530 -0.016488
vn 0.842163 0.538978 -0.016259
vn 0.035078 -0.114369 0.992819
vn 0.105450 -0.291211 0.950829
vn 0.160388 -0.580242 0.798496
vn 0.139633 -0.389856 0.910228
vn 0.194844 -0.365386 0.910236
vn 0.146680 -0.272768 0.950833
vn 0.070587 -0.190763 0.979095
vn 0.097580 -0.178463 0.979096
vn 0.053311 -0.141041 0.988567
vn 0.073256 -0.131783 0.988568
vn 0.052918 -0.107303 0.992817
vn 0.069382 -0.097433 0.992821
vn 0.084080 -0.085091 0.992819
vn 0.097436 -0.115009 0.988574
vn 0.085752 -0.123980 0.988572
vn 0.114512 -0.168056 0.979104
vn 0.172575 -0.257108 0.950849
vn 0.229545 -0.344579 0.910261
vn 0.335358 -0.499979 0.798471
vn 0.110037 -0.103096 0.988566
vn 0.096687 -0.070619 0.992806
vn 0.147468 -0.140111 0.979092
vn 0.476046 -0.368489 0.798496
vn 0.223051 -0.214906 0.950823
vn 0.297228 -0.288381 0.910215
vn 0.196837 -0.239027 0.950853
vn 0.262077 -0.320526 0.910263
vn 0.130359 -0.156066 0.979107
vn -0.979668 -0.192359 0.056997
vn -0.997497 -0.063239 0.031644
vn -0.997428 -0.070452 0.013168
vn -0.994557 0.099603 0.030596
vn -0.990765 0.134891 0.013735
vn -0.967104 0.252648 0.029632
vn -0.957611 0.287978 0.007009
vn -0.899424 0.433337 0.057061
vn -0.929248 0.369436 0.004004
vn -0.990246 0.127079 0.057139
vn 0.972700 -0.231516 -0.015986
vn 0.923015 -0.384421 -0.016236
vn 0.950785 -0.309697 -0.009758
vn 0.929248 -0.369436 -0.004003
vn 0.976448 -0.215722 -0.003746
vn 0.985601 -0.168788 -0.010059
vn 0.998365 -0.057012 -0.004023
vn 0.999606 0.026171 -0.010152
vn 0.994649 0.103228 -0.004248
vn 0.990049 0.140333 -0.010475
vn 0.965249 0.261300 -0.004003
vn 0.969242 0.245574 -0.016233
vn 0.996067 0.087056 -0.016488
vn 0.997185 -0.073201 -0.016259
vn -0.040477 -0.112572 0.992819
vn -0.090140 -0.296308 0.950829
vn -0.219429 -0.560585 0.798496
vn -0.121904 -0.395758 0.910228
vn -0.063007 -0.409269 0.910236
vn -0.046055 -0.306262 0.950833
vn -0.057839 -0.195008 0.979095
vn -0.028842 -0.201343 0.979096
vn -0.041865 -0.144851 0.988567
vn -0.020338 -0.149397 0.988568
vn -0.021951 -0.117612 0.992817
vn -0.002844 -0.119578 0.992821
vn 0.016330 -0.118504 0.992819
vn 0.009089 -0.150460 0.988574
vn -0.005649 -0.150641 0.988572
vn -0.009039 -0.203160 0.979104
vn -0.015923 -0.309246 0.950849
vn -0.022734 -0.413411 0.910261
vn -0.031149 -0.601227 0.798471
vn 0.026326 -0.148472 0.988566
vn 0.035105 -0.114469 0.992806
vn 0.034116 -0.200535 0.979092
vn 0.160388 -0.580242 0.798496
vn 0.049815 -0.305704 0.950823
vn 0.065179 -0.408975 0.910215
vn 0.014353 -0.309310 0.950853
vn 0.017747 -0.413650 0.910263
vn 0.010844 -0.203058 0.979107
vn -0.899464 0.433261 0.056997
vn -0.836278 0.547391 0.031646
vn -0.840706 0.541332 0.013174
vn -0.736230 0.676040 0.030596
vn -0.712213 0.701829 0.013758
vn -0.622424 0.782119 0.029630
vn -0.593693 0.804661 0.007020
vn -0.459826 0.886174 0.057061
vn -0.522015 0.852927 0.004004
vn -0.716315 0.695434 0.057139
vn 0.639578 -0.768560 -0.015986
vn 0.508041 -0.861180 -0.016236
vn 0.575113 -0.818016 -0.009758
vn 0.522015 -0.852927 -0.004003
vn 0.652048 -0.758168 -0.003745
vn 0.687542 -0.726075 -0.010059
vn 0.764823 -0.644227 -0.004023
vn 0.815722 -0.578355 -0.010152
vn 0.857977 -0.513671 -0.004248
vn 0.876552 -0.481192 -0.010476
vn 0.929248 -0.369436 -0.004003
vn 0.923017 -0.384417 -0.016233
vn 0.849417 -0.527465 -0.016489
vn 0.754172 -0.656475 -0.016259
vn -0.099904 -0.065804 0.992819
vn -0.249830 -0.183055 0.950829
vn -0.511791 -0.316978 0.798496
vn -0.334889 -0.243588 0.910228
vn -0.295834 -0.289748 0.910235
vn -0.220501 -0.217478 0.950833
vn -0.163231 -0.121363 0.979095
vn -0.143813 -0.143836 0.979096
vn -0.120370 -0.090806 0.988567
vn -0.105859 -0.107364 0.988568
vn -0.088093 -0.080956 0.992817
vn -0.073973 -0.093995 0.992821
vn -0.057973 -0.104637 0.992819
vn -0.082932 -0.125869 0.988574
vn -0.094843 -0.117172 0.988572
vn -0.129046 -0.157172 0.979104
vn -0.198163 -0.237946 0.950849
vn -0.266069 -0.317227 0.910261
vn -0.385413 -0.462495 0.798471
vn -0.067934 -0.134617 0.988566
vn -0.040516 -0.112669 0.992806
vn -0.092910 -0.180958 0.979092
vn -0.219429 -0.560585 0.798496
vn -0.143391 -0.274546 0.950823
vn -0.193003 -0.366413 0.910215
vn -0.173956 -0.256160 0.950853
vn -0.233795 -0.341703 0.910263
vn -0.113062 -0.169018 0.979107
vn -0.459904 0.886138 0.056997
vn -0.340788 0.939607 0.031648
vn -0.387276 0.921891 0.011595
vn -0.217694 0.975903 0.014932
vn 0.094231 0.995542 0.004004
vn -0.028680 0.999149 0.029628
vn -0.183464 0.982550 0.030596
vn -0.155908 0.986117 0.057139
vn 0.163928 0.984821 0.057061
vn 0.050542 -0.998594 -0.015985
vn -0.110361 -0.993759 -0.016236
vn -0.030761 -0.999479 -0.009757
vn -0.094230 -0.995542 -0.004004
vn 0.066754 -0.997762 -0.003745
vn 0.114441 -0.993379 -0.010059
vn 0.225438 -0.974249 -0.004023
vn 0.305730 -0.952064 -0.010152
vn 0.378385 -0.925639 -0.004249
vn 0.412753 -0.910783 -0.010477
vn 0.522015 -0.852927 -0.004003
vn 0.508044 -0.861178 -0.016233
vn 0.363262 -0.931541 -0.016489
vn 0.209569 -0.977659 -0.016259
vn -0.119406 0.007310 0.992819
vn -0.309698 0.003467 0.950829
vn -0.599614 0.053544 0.798496
vn -0.414065 0.006081 0.910227
vn -0.410513 -0.054319 0.910235
vn -0.306886 -0.041698 0.950832
vn -0.203404 0.000857 0.979094
vn -0.201350 -0.028791 0.979096
vn -0.150781 -0.000417 0.988567
vn -0.149104 -0.022383 0.988568
vn -0.119049 -0.011911 0.992817
vn -0.115572 -0.030826 0.992821
vn -0.109150 -0.048950 0.992819
vn -0.141858 -0.050961 0.988574
vn -0.146173 -0.036849 0.988573
vn -0.197534 -0.048332 0.979104
vn -0.301289 -0.071493 0.950849
vn -0.403180 -0.094185 0.910261
vn -0.585811 -0.138818 0.798470
vn -0.135101 -0.066967 0.988566
vn -0.099993 -0.065858 0.992806
vn -0.182880 -0.089066 0.979092
vn -0.511791 -0.316978 0.798496
vn -0.279407 -0.133672 0.950823
vn -0.374206 -0.177422 0.910215
vn -0.292843 -0.100606 0.950853
vn -0.392034 -0.133154 0.910263
vn -0.191848 -0.067411 0.979107
vn 0.163840 0.984839 0.056993
vn 0.295992 0.954663 0.031738
vn 0.258847 0.965835 0.012696
vn 0.426601 0.904304 0.015678
vn 0.686183 0.727418 0.004002
vn 0.587926 0.808375 0.029541
vn 0.451570 0.891711 0.030591
vn 0.475068 0.878091 0.057149
vn 0.325189 0.943856 0.058197
vn 0.734577 0.676122 0.057062
vn 0.612139 0.788762 0.056032
vn -0.570087 -0.821429 -0.015962
vn -0.697812 -0.716097 -0.016236
vn -0.636995 -0.770806 -0.009725
vn -0.686183 -0.727418 -0.004003
vn -0.556744 -0.830676 -0.003721
vn -0.514964 -0.857153 -0.010052
vn -0.412620 -0.910894 -0.004025
vn -0.333070 -0.942848 -0.010155
vn -0.257199 -0.966349 -0.004271
vn -0.219660 -0.975520 -0.010509
vn -0.094230 -0.995542 -0.004004
vn -0.110357 -0.993759 -0.016233
vn -0.272819 -0.961924 -0.016513
vn -0.427298 -0.903964 -0.016261
vn -0.089697 0.079149 0.992819
vn -0.242546 0.192605 0.950828
vn -0.440096 0.410755 0.798496
vn -0.323399 0.258656 0.910225
vn -0.501827 0.332757 0.798400
vn -0.358506 0.207243 0.910233
vn -0.549700 0.245518 0.798467
vn -0.377456 0.170156 0.910260
vn -0.392634 0.131376 0.910263
vn -0.282740 0.126272 0.950849
vn -0.293981 0.097226 0.950854
vn -0.186258 0.081628 0.979104
vn -0.193501 0.062500 0.979107
vn -0.138487 0.059544 0.988573
vn -0.143756 0.045326 0.988575
vn -0.110535 0.045703 0.992821
vn -0.116566 0.026873 0.992819
vn -0.101522 0.063307 0.992817
vn -0.119376 0.092108 0.988567
vn -0.160169 0.125377 0.979095
vn -0.268671 0.154063 0.950831
vn -0.131832 0.073170 0.988568
vn -0.148167 0.027999 0.988566
vn -0.119515 0.007320 0.992805
vn -0.199613 0.039165 0.979092
vn -0.599614 0.053544 0.798496
vn -0.303523 0.061755 0.950821
vn -0.405541 0.083987 0.910210
vn -0.582740 0.151613 0.798391
vn -0.177150 0.099946 0.979096
vn 0.734519 0.676190 0.056995
vn 0.816606 0.576328 0.031625
vn 0.811255 0.584550 0.012933
vn 0.898943 0.436995 0.030598
vn 0.911697 0.410633 0.013728
vn 0.955603 0.293161 0.029650
vn 0.965194 0.261437 0.007113
vn 0.992855 0.104799 0.057061
vn 0.984590 0.174832 0.004003
vn 0.909742 0.411223 0.057137
vn -0.949277 -0.314035 -0.015991
vn -0.987176 -0.158809 -0.016236
vn -0.971572 -0.236544 -0.009765
vn -0.984590 -0.174831 -0.004003
vn -0.944168 -0.329443 -0.003751
vn -0.927426 -0.373871 -0.010060
vn -0.879903 -0.475136 -0.004023
vn -0.837616 -0.546165 -0.010151
vn -0.793287 -0.608833 -0.004243
vn -0.697809 -0.716100 -0.016233
vn -0.686183 -0.727418 -0.004003
vn -0.802964 -0.595799 -0.016484
vn -0.887389 -0.460734 -0.016259
vn -0.024817 0.117026 0.992819
vn -0.079146 0.299431 0.950830
vn -0.108395 0.592161 0.798496
vn -0.104424 0.400723 0.910229
vn -0.161276 0.381392 0.910236
vn -0.121616 0.284826 0.950833
vn -0.053350 0.196282 0.979095
vn -0.081175 0.186497 0.979096
vn -0.040562 0.145221 0.988567
vn -0.061137 0.137823 0.988568
vn -0.043113 0.111604 0.992817
vn -0.060301 0.103300 0.992821
vn -0.075971 0.092404 0.992819
vn -0.086595 0.123379 0.988574
vn -0.074214 0.131213 0.988572
vn -0.098879 0.177704 0.979104
vn -0.148669 0.271632 0.950849
vn -0.197514 0.363887 0.910261
vn -0.288844 0.528217 0.798471
vn -0.100152 0.112725 0.988566
vn -0.089776 0.079223 0.992806
vn -0.134043 0.153007 0.979092
vn -0.440096 0.410755 0.798496
vn -0.202471 0.234397 0.950822
vn -0.269620 0.314346 0.910215
vn -0.174330 0.255907 0.950853
vn -0.231903 0.342990 0.910263
vn -0.115656 0.167255 0.979107
vn 0.992850 0.104884 0.056997
vn 0.999205 -0.024260 0.031625
vn 0.999816 -0.014162 0.012928
vn 0.982217 -0.185237 0.030598
vn 0.976790 -0.213756 0.013739
vn 0.941925 -0.334511 0.029649
vn 0.930739 -0.365614 0.007120
vn 0.859491 -0.507955 0.057061
vn 0.894620 -0.446809 0.004003
vn 0.975519 -0.212361 0.057137
vn -0.949295 0.313981 -0.015991
vn -0.887141 0.461212 -0.016236
vn -0.920976 0.389496 -0.009765
vn -0.894620 0.446809 -0.004003
vn -0.954382 0.298566 -0.003751
vn -0.967438 0.252909 -0.010060
vn -0.989677 0.143262 -0.004023
vn -0.998086 0.061009 -0.010151
vn -0.999867 -0.015742 -0.004243
vn -0.987175 -0.158813 -0.016233
vn -0.984590 -0.174831 -0.004003
vn -0.999864 0.000492 -0.016484
vn -0.987098 0.159287 -0.016259
vn 0.049866 0.108739 0.992819
vn 0.115027 0.287562 0.950830
vn 0.266118 0.539987 0.798496
vn 0.155139 0.383947 0.910229
vn 0.097963 0.402335 0.910236
vn 0.072218 0.301167 0.950833
vn 0.074223 0.189378 0.979095
vn 0.046047 0.198117 0.979096
vn 0.054040 0.140763 0.988567
vn 0.033108 0.147095 0.988568
vn 0.031943 0.115299 0.992817
vn 0.013190 0.118883 0.992821
vn -0.005890 0.119479 0.992819
vn 0.004053 0.150681 0.988574
vn 0.018665 0.149587 0.988572
vn 0.026588 0.201616 0.979104
vn 0.042628 0.306708 0.950849
vn 0.058429 0.409892 0.910261
vn 0.083101 0.596270 0.798471
vn -0.013186 0.150210 0.988566
vn -0.024835 0.117126 0.992806
vn -0.016374 0.202756 0.979092
vn -0.108395 0.592161 0.798496
vn -0.022777 0.308896 0.950823
vn -0.029012 0.413117 0.910216
vn 0.012647 0.309385 0.950853
vn 0.018354 0.413623 0.910263
vn 0.006886 0.203231 0.979107
vn 0.859538 -0.507884 0.056998
vn 0.787607 -0.615366 0.031626
vn 0.794311 -0.607374 0.012923
vn 0.677947 -0.734474 0.030597
vn 0.656778 -0.753959 0.013750
vn 0.556557 -0.830280 0.029649
vn 0.529106 -0.848526 0.007127
vn 0.386921 -0.920346 0.057061
vn 0.451587 -0.892218 0.004003
vn 0.656397 -0.752249 0.057137
vn -0.574718 0.818195 -0.015991
vn -0.436993 0.899318 -0.016236
vn -0.506936 0.861928 -0.009765
vn -0.451587 0.892218 -0.004003
vn -0.587996 0.808855 -0.003750
vn -0.625713 0.779988 -0.010060
vn -0.708971 0.705226 -0.004023
vn -0.764785 0.644206 -0.010151
vn -0.811995 0.583649 -0.004243
vn -0.887143 0.461209 -0.016233
vn -0.894620 0.446809 -0.004003
vn -0.802311 0.596678 -0.016484
vn -0.697344 0.716552 -0.016259
vn 0.104881 0.057539 0.992819
vn 0.263837 0.162212 0.950830
vn 0.535669 0.274706 0.798496
vn 0.353520 0.215654 0.910229
vn 0.318587 0.264523 0.910236
vn 0.237585 0.198672 0.950833
vn 0.172526 0.107739 0.979095
vn 0.155119 0.131563 0.979096
vn 0.127330 0.080756 0.988567
vn 0.114303 0.098325 0.988568
vn 0.094406 0.073497 0.992817
vn 0.081488 0.087561 0.992821
vn 0.066525 0.099420 0.992819
vn 0.093115 0.118535 0.988574
vn 0.104195 0.108941 0.988572
vn 0.141584 0.145980 0.979104
vn 0.217135 0.220771 0.950849
vn 0.291356 0.294173 0.910261
vn 0.422313 0.429063 0.798471
vn 0.078994 0.128440 0.988566
vn 0.049912 0.108831 0.992807
vn 0.107771 0.172520 0.979093
vn 0.266118 0.539987 0.798496
vn 0.165929 0.261540 0.950823
vn 0.223077 0.348918 0.910216
vn 0.194661 0.240803 0.950853
vn 0.261408 0.321072 0.910263
vn 0.126730 0.159028 0.979107
vn 0.387000 -0.920316 0.056998
vn 0.265127 -0.963695 0.031626
vn 0.275588 -0.961189 0.012918
vn 0.106036 -0.993891 0.030597
vn 0.077689 -0.996883 0.013761
vn -0.048568 -0.998380 0.029648
vn -0.081392 -0.996657 0.007135
vn -0.238472 -0.969472 0.057061
vn -0.169792 -0.985472 0.004003
vn 0.078141 -0.995304 0.057137
vn 0.026781 0.999513 -0.015990
vn 0.185740 0.982465 -0.016236
vn 0.107287 0.994180 -0.009765
vn 0.169792 0.985472 -0.004003
vn 0.010553 0.999937 -0.003750
vn -0.036948 0.999267 -0.010060
vn -0.148386 0.988921 -0.004023
vn -0.229597 0.973233 -0.010151
vn -0.303623 0.952783 -0.004243
vn -0.436997 0.899317 -0.016233
vn -0.288079 0.957465 -0.016484
vn -0.132298 0.991077 -0.016259
vn 0.118500 -0.016384 0.992819
vn 0.308518 -0.027192 0.950830
vn 0.593794 -0.099064 0.798496
vn 0.412377 -0.037797 0.910229
vn 0.413490 0.022275 0.910236
vn 0.309196 0.017739 0.950833
vn 0.202738 -0.016443 0.979095
vn 0.202978 0.013067 0.979096
vn 0.150367 -0.011140 0.988567
vn 0.150392 0.010736 0.988568
vn 0.119612 0.002676 0.992817
vn 0.117633 0.021673 0.992821
vn 0.112696 0.040120 0.992819
vn 0.145440 0.039601 0.988574
vn 0.148611 0.025289 0.988572
vn 0.200713 0.032715 0.979104
vn 0.305964 0.047680 0.950849
vn 0.409319 0.062323 0.910261
vn 0.594888 0.092477 0.798471
vn 0.140013 0.055976 0.988566
vn 0.104972 0.057585 0.992807
vn 0.189402 0.074193 0.979093
vn 0.289179 0.110956 0.950823
vn 0.387165 0.147005 0.910216
vn 0.299874 0.077169 0.950853
vn 0.401325 0.101783 0.910263
vn 0.196573 0.052052 0.979107
vn -0.238390 -0.969495 0.056998
vn -0.362112 -0.931598 0.031627
vn -0.351907 -0.935946 0.012912
vn -0.507835 -0.860911 0.030597
vn -0.532137 -0.846546 0.013772
vn -0.634611 -0.772263 0.029648
vn -0.659855 -0.751359 0.007142
vn -0.769788 -0.635744 0.057061
vn -0.724218 -0.689560 0.004003
vn -0.531061 -0.845405 0.057137
vn 0.617802 0.786171 -0.015990
vn 0.735222 0.677632 -0.016236
vn 0.679242 0.733849 -0.009764
vn 0.724218 0.689560 -0.004003
vn 0.605032 0.796193 -0.003750
vn 0.566501 0.824000 -0.010060
vn 0.470878 0.882189 -0.004023
vn 0.396327 0.918053 -0.010151
vn 0.324704 0.945806 -0.004244
vn 0.185736 0.982466 -0.016233
vn 0.339972 0.940291 -0.016484
vn 0.485075 0.874321 -0.016259
vn 0.085324 -0.083848 0.992819
vn 0.231372 -0.205889 0.950830
vn 0.417428 -0.433772 0.798496
vn 0.308395 -0.276363 0.910229
vn 0.345134 -0.228808 0.910236
vn 0.258727 -0.170227 0.950833
vn 0.152893 -0.134152 0.979095
vn 0.170695 -0.110608 0.979096
vn 0.114028 -0.098651 0.988567
vn 0.127102 -0.081106 0.988568
vn 0.097590 -0.069213 0.992817
vn 0.107337 -0.052783 0.992821
vn 0.114380 -0.035029 0.992819
vn 0.140350 -0.054982 0.988574
vn 0.134355 -0.068362 0.988572
vn 0.180601 -0.093485 0.979104
vn 0.273998 -0.144265 0.950849
vn 0.365681 -0.194172 0.910261
vn 0.532601 -0.280678 0.798471
vn 0.145764 -0.038598 0.988566
vn 0.118601 -0.016401 0.992807
vn 0.196270 -0.053441 0.979093
vn 0.298279 -0.083457 0.950823
vn 0.398426 -0.112978 0.910216
vn 0.286704 -0.116960 0.950853
vn 0.382810 -0.157728 0.910263
vn 0.188815 -0.075493 0.979107
vn -0.769737 -0.635811 0.056998
vn -0.846434 -0.531554 0.031627
vn -0.840653 -0.541420 0.012906
vn -0.921214 -0.387852 0.030597
vn -0.932043 -0.362086 0.013784
vn -0.970062 -0.241041 0.029647
vn -0.977826 -0.209299 0.007150
vn -0.997077 -0.050800 0.057061
vn -0.992623 -0.121178 0.004003
vn -0.930599 -0.361554 0.057137
vn 0.964872 0.262234 -0.015990
vn 0.994335 0.105040 -0.016236
vn 0.982958 0.183569 -0.009764
vn 0.992623 0.121178 -0.004003
vn 0.960604 0.277896 -0.003750
vn 0.946273 0.323212 -0.010060
vn 0.904251 0.426983 -0.004023
vn 0.865816 0.500260 -0.010151
vn 0.824890 0.565278 -0.004244
vn 0.735220 0.677635 -0.016233
vn 0.833852 0.551742 -0.016484
vn 0.910949 0.412198 -0.016259
vn 0.018434 -0.118199 0.992819
vn 0.062809 -0.303279 0.950830
vn 0.076122 -0.597168 0.798496
vn 0.082564 -0.405792 0.910229
vn 0.140433 -0.389550 0.910236
vn 0.106048 -0.290983 0.950833
vn 0.042639 -0.198884 0.979095
vn 0.070979 -0.190611 0.979096
vn 0.032636 -0.147205 0.988567
vn 0.053600 -0.140926 0.988568
vn 0.037013 -0.113773 0.992817
vn 0.054642 -0.106403 0.992821
vn 0.070890 -0.096356 0.992819
vn 0.079824 -0.127864 0.988574
vn 0.067028 -0.135026 0.988572
vn 0.089149 -0.182780 0.979104
vn 0.133799 -0.279258 0.950849
vn 0.177595 -0.374013 0.910261
vn 0.259931 -0.543028 0.798471
vn 0.093947 -0.117944 0.988566
vn 0.085395 -0.083923 0.992807
vn 0.125623 -0.159990 0.979093
vn 0.189578 -0.244941 0.950823
vn 0.252332 -0.328383 0.910216
vn 0.160293 -0.264925 0.950853
vn 0.213092 -0.354983 0.910263
vn 0.106479 -0.173241 0.979107
vn -0.997077 -0.050885 0.056998
vn -0.996406 0.078577 0.031628
vn -0.997679 0.066859 0.012899
vn -0.970649 0.238544 0.030597
vn -0.964038 0.265405 0.013796
vn -0.922221 0.385524 0.029647
vn -0.909548 0.415537 0.007158
vn -0.830345 0.554320 0.057061
vn -0.868774 0.495192 0.004003
vn -0.962487 0.265243 0.057137
vn 0.930705 -0.365421 -0.015990
vn 0.860517 -0.509163 -0.016236
vn 0.898262 -0.439351 -0.009764
vn 0.868774 -0.495192 -0.004003
vn 0.936628 -0.350307 -0.003750
vn 0.952177 -0.305383 -0.010060
vn 0.980392 -0.197019 -0.004023
vn 0.993283 -0.115266 -0.010151
vn 0.999244 -0.038657 -0.004244
vn 0.994335 0.105043 -0.016233
vn 0.992623 0.121178 -0.004003
vn 0.998358 -0.054867 -0.016484
vn 0.976943 -0.212879 -0.016259
vn -0.055753 -0.105841 0.992819
vn -0.130604 -0.280830 0.950830
vn -0.295327 -0.524582 0.798496
vn -0.175935 -0.374874 0.910229
vn -0.119797 -0.396383 0.910236
vn -0.088563 -0.296772 0.950833
vn -0.084484 -0.185028 0.979095
vn -0.056801 -0.195306 0.979096
vn -0.061668 -0.137592 0.988567
vn -0.041094 -0.145067 0.988568
vn -0.038200 -0.113380 0.992817
vn -0.019653 -0.117987 0.992821
vn -0.000616 -0.119623 0.992819
vn -0.012252 -0.150236 0.988574
vn -0.026796 -0.148346 0.988572
vn -0.037545 -0.199866 0.979104
vn -0.059293 -0.303927 0.950849
vn -0.080698 -0.406096 0.910261
vn -0.115494 -0.590851 0.798471
vn 0.005004 -0.150704 0.988566
vn 0.018446 -0.118300 0.992806
vn 0.005332 -0.203346 0.979093
vn 0.005957 -0.309678 0.950823
vn 0.006520 -0.414083 0.910216
vn -0.029475 -0.308237 0.950853
vn -0.040850 -0.412010 0.910263
vn -0.017943 -0.202555 0.979107
vn -0.830395 0.554251 0.056998
vn -0.752568 0.657755 0.031629
vn -0.760816 0.648839 0.012893
vn -0.636399 0.770753 0.030597
vn -0.615292 0.788178 0.013809
vn -0.509788 0.859789 0.029646
vn -0.481795 0.876255 0.007166
vn -0.335291 0.940385 0.057061
vn -0.401417 0.915887 0.004003
vn -0.613917 0.787300 0.057137
vn 0.528596 -0.848723 -0.015990
vn 0.386452 -0.922166 -0.016236
vn 0.458421 -0.888681 -0.009764
vn 0.401417 -0.915887 -0.004003
vn 0.542370 -0.840132 -0.003750
vn 0.581669 -0.813363 -0.010060
vn 0.669004 -0.743248 -0.004023
vn 0.728155 -0.685337 -0.010151
vn 0.778672 -0.627416 -0.004244
vn 0.860519 -0.509160 -0.016233
vn 0.768287 -0.639893 -0.016485
vn 0.656770 -0.753915 -0.016259
vn -0.107910 -0.051635 0.992819
vn -0.272417 -0.147351 0.950830
vn -0.550077 -0.244580 0.798496
vn -0.364922 -0.195743 0.910229
vn -0.332714 -0.246520 0.910236
vn -0.248197 -0.185244 0.950833
vn -0.178229 -0.098018 0.979095
vn -0.162150 -0.122793 0.979096
vn -0.131607 -0.073579 0.988567
vn -0.119560 -0.091861 0.988568
vn -0.098326 -0.068164 0.992817
vn -0.086192 -0.082934 0.992821
vn -0.071891 -0.095612 0.992819
vn -0.099501 -0.113229 0.988574
vn -0.110044 -0.103029 0.988572
vn -0.149419 -0.137949 0.979104
vn -0.228980 -0.208459 0.950849
vn -0.307136 -0.277656 0.910261
vn -0.445330 -0.405123 0.798471
vn -0.085932 -0.123905 0.988566
vn -0.055804 -0.105930 0.992806
vn -0.117088 -0.166338 0.979093
vn -0.180050 -0.252027 0.950823
vn -0.241912 -0.336134 0.910216
vn -0.207624 -0.229720 0.950853
vn -0.278690 -0.306191 0.910263
vn -0.135294 -0.151809 0.979107
vn -0.335372 0.940360 0.056998
vn -0.211112 0.976950 0.031629
vn -0.223409 0.974640 0.012886
vn -0.050422 0.998259 0.030597
vn -0.023386 0.999631 0.013821
vn 0.104335 0.994100 0.029645
vn 0.136519 0.990611 0.007174
vn 0.292470 0.954571 0.057061
vn 0.224795 0.974398 0.004003
vn -0.022513 0.998112 0.057137
vn -0.082638 -0.996451 -0.015990
vn -0.240550 -0.970501 -0.016236
vn -0.162809 -0.986609 -0.009764
vn -0.224795 -0.974398 -0.004003
vn -0.066460 -0.997782 -0.003750
vn -0.018940 -0.999770 -0.010060
vn 0.093005 -0.995658 -0.004023
vn 0.175048 -0.984508 -0.010151
vn 0.250168 -0.968193 -0.004244
vn 0.386456 -0.922165 -0.016233
vn 0.401417 -0.915887 -0.004003
vn 0.234388 -0.972003 -0.016485
vn 0.076822 -0.996912 -0.016259
vn -0.117395 0.023004 0.992819
vn -0.306511 0.044432 0.950830
vn -0.587303 0.132211 0.798496
vn -0.409613 0.060838 0.910229
vn -0.414089 0.000862 0.910236
vn -0.309705 -0.000436 0.950833
vn -0.201498 0.027775 0.979095
vn -0.203391 -0.001706 0.979096
vn -0.149507 0.019546 0.988567
vn -0.150757 -0.002317 0.988568
vn -0.119575 0.004018 0.992817
vn -0.118658 -0.015079 0.992821
vn -0.114752 -0.033791 0.992819
vn -0.147420 -0.031440 0.988574
vn -0.149790 -0.016960 0.988572
vn -0.202225 -0.021469 0.979104
vn -0.308147 -0.030539 0.950849
vn -0.412158 -0.039395 0.910261
vn -0.599120 -0.059157 0.798471
vn -0.142907 -0.048110 0.988566
vn -0.108004 -0.051676 0.992806
vn -0.193232 -0.063554 0.979093
vn -0.294898 -0.094716 0.950823
vn -0.394736 -0.125264 0.910216
vn -0.303705 -0.060351 0.950853
vn -0.406370 -0.079277 0.910263
vn -0.199166 -0.041025 0.979107
vn 0.292389 0.954599 0.056998
vn 0.413952 0.909749 0.031630
vn 0.402366 0.915388 0.012879
vn 0.555609 0.830881 0.030597
vn 0.577867 0.816014 0.013834
vn 0.677290 0.735119 0.029645
vn 0.700948 0.713176 0.007182
vn 0.804618 0.591045 0.057061
vn 0.762174 0.647360 0.004003
vn 0.577906 0.814101 0.057137
vn -0.661288 -0.749961 -0.015990
vn -0.772484 -0.634826 -0.016236
vn -0.719734 -0.694181 -0.009763
vn -0.762174 -0.647360 -0.004003
vn -0.649105 -0.760689 -0.003749
vn -0.612165 -0.790666 -0.010060
vn -0.519893 -0.854222 -0.004023
vn -0.447406 -0.894273 -0.010151
vn -0.377391 -0.926044 -0.004244
vn -0.240546 -0.970502 -0.016233
vn -0.224795 -0.974398 -0.004003
vn -0.392324 -0.919679 -0.016485
vn -0.533624 -0.845566 -0.016259
vn -0.080429 0.088554 0.992819
vn -0.219333 0.218669 0.950830
vn -0.392145 0.456757 0.798496
vn -0.292238 0.293395 0.910229
vn -0.331651 0.247948 0.910236
vn -0.248693 0.184578 0.950833
vn -0.145045 0.142601 0.979095
vn -0.164171 0.120078 0.979096
vn -0.108254 0.104955 0.988567
vn -0.122315 0.088160 0.988568
vn -0.093518 0.074623 0.992817
vn -0.104188 0.058754 0.992821
vn -0.112229 0.041408 0.992819
vn -0.137030 0.062800 0.988574
vn -0.130284 0.075833 0.988572
vn -0.175038 0.103526 0.979104
vn -0.265421 0.159495 0.950849
vn -0.354143 0.214495 0.910261
vn -0.515920 0.310275 0.798471
vn -0.143364 0.046730 0.988566
vn -0.117495 0.023027 0.992806
vn -0.192956 0.064388 0.979092
vn -0.293117 0.100090 0.950823
vn -0.391446 0.135193 0.910216
vn -0.279661 0.132923 0.950853
vn -0.373318 0.179039 0.910263
vn -0.184263 0.086008 0.979107
vn 0.804571 0.591115 0.056998
vn 0.875316 0.482515 0.031631
vn 0.869203 0.494288 0.012872
vn 0.941854 0.334625 0.030597
vn 0.950733 0.309703 0.013847
vn 0.982269 0.185116 0.029644
vn 0.988123 0.153494 0.007191
vn 0.998349 -0.006519 0.057061
vn 0.997942 0.063998 0.004003
vn 0.949716 0.307855 0.057137
vn -0.978299 -0.206579 -0.015989
vn -0.998726 -0.047788 -0.016236
vn -0.991866 -0.126914 -0.009763
vn -0.997942 -0.063998 -0.004003
vn -0.974935 -0.222460 -0.003749
vn -0.963206 -0.268577 -0.010060
vn -0.927145 -0.374681 -0.004023
vn -0.892914 -0.450112 -0.010151
vn -0.855720 -0.517422 -0.004245
vn -0.772482 -0.634829 -0.016233
vn -0.863897 -0.503399 -0.016485
vn -0.932989 -0.359538 -0.016259
vn -0.011618 0.119062 0.992819
vn -0.045318 0.306381 0.950830
vn -0.041717 0.600553 0.798496
vn -0.059163 0.409858 0.910229
vn -0.117929 0.396943 0.910236
vn -0.089237 0.296570 0.950833
vn -0.031166 0.201002 0.979095
vn -0.059964 0.194358 0.979096
vn -0.024142 0.148834 0.988567
vn -0.045455 0.143760 0.988568
vn -0.030441 0.115705 0.992817
vn -0.048480 0.109347 0.992821
vn -0.065293 0.100234 0.992819
vn -0.072409 0.132205 0.988574
vn -0.059211 0.138631 0.988572
vn -0.078570 0.187571 0.979104
vn -0.117641 0.286440 0.950849
vn -0.155957 0.383540 0.910261
vn -0.228517 0.556978 0.798471
vn -0.087089 0.123095 0.988566
vn -0.080496 0.088633 0.992806
vn -0.116323 0.166874 0.979092
vn -0.175344 0.255324 0.950823
vn -0.233253 0.342200 0.910216
vn -0.144937 0.273628 0.950853
vn -0.192519 0.366548 0.910263
vn -0.096435 0.179027 0.979107
vn 0.998354 -0.006434 0.056998
vn 0.990227 -0.135829 0.031631
vn 0.991373 -0.130414 0.013125
vn 0.955248 -0.294218 0.030597
vn 0.944057 -0.329504 0.013589
vn 0.898342 -0.438296 0.029643
vn 0.881890 -0.471405 0.006938
vn 0.796744 -0.601616 0.057061
vn 0.838543 -0.544820 0.004003
vn 0.945565 -0.320380 0.057137
vn -0.907980 0.418709 -0.015989
vn -0.829488 0.558289 -0.016236
vn -0.871262 0.490721 -0.009763
vn -0.838543 0.544821 -0.004003
vn -0.914767 0.403964 -0.003749
vn -0.932913 0.359961 -0.010060
vn -0.967379 0.253303 -0.004023
vn -0.984985 0.172342 -0.010151
vn -0.995360 0.096125 -0.004245
vn -0.998725 -0.047792 -0.016233
vn -0.993543 0.112256 -0.016485
vn -0.963020 0.268938 -0.016259
vn 0.061807 0.102424 0.992819
vn 0.146677 0.272780 0.950830
vn 0.325300 0.506542 0.798496
vn 0.197387 0.364036 0.910229
vn 0.142530 0.388788 0.910236
vn 0.105585 0.291151 0.950833
vn 0.095076 0.179815 0.979095
vn 0.068006 0.191692 0.979096
vn 0.069546 0.133782 0.988567
vn 0.049419 0.142446 0.988568
vn 0.044703 0.110977 0.992817
vn 0.026434 0.116655 0.992821
vn 0.007502 0.119389 0.992819
vn 0.020893 0.149280 0.988574
vn 0.035319 0.146551 0.988572
vn 0.049026 0.197364 0.979104
vn 0.076747 0.299995 0.950849
vn 0.104018 0.400757 0.910260
vn 0.149420 0.583196 0.798471
vn 0.003674 0.150743 0.988566
vn -0.011625 0.119165 0.992806
vn 0.006375 0.203316 0.979092
vn 0.011868 0.309508 0.950823
vn 0.017313 0.413773 0.910216
vn 0.047197 0.306025 0.950853
vn 0.064537 0.408970 0.910263
vn 0.029591 0.201183 0.979107
vn 0.796799 -0.601551 0.056998
vn 0.712956 -0.700495 0.031632
vn 0.717270 -0.696672 0.013124
vn 0.590252 -0.806639 0.030597
vn 0.560398 -0.828112 0.013602
vn 0.458511 -0.888194 0.029643
vn 0.425617 -0.904877 0.006946
vn 0.279428 -0.958470 0.057062
vn 0.346881 -0.937901 0.004003
vn 0.566861 -0.821830 0.057138
vn -0.477943 0.878245 -0.015989
vn -0.331572 0.943290 -0.016236
vn -0.405456 0.914063 -0.009763
vn -0.346880 0.937901 -0.004003
vn -0.492196 0.870476 -0.003749
vn -0.533048 0.846025 -0.010060
vn -0.624428 0.781072 -0.004023
vn -0.686930 0.726653 -0.010152
vn -0.740795 0.671718 -0.004245
vn -0.829490 0.558285 -0.016233
vn -0.838543 0.544821 -0.004003
vn -0.729700 0.683569 -0.016485
vn -0.611591 0.791007 -0.016259
vn 0.110758 0.045202 0.992819
vn 0.280598 0.131102 0.950830
vn 0.563504 0.211819 0.798496
vn 0.375785 0.173980 0.910229
vn 0.346577 0.226616 0.910236
vn 0.258618 0.170394 0.950833
vn 0.183676 0.087385 0.979095
vn 0.169061 0.113089 0.979096
vn 0.135700 0.065725 0.988567
vn 0.124734 0.084703 0.988568
vn 0.102152 0.062284 0.992817
vn 0.090891 0.077756 0.992821
vn 0.077340 0.091261 0.992819
vn 0.105938 0.107230 0.988574
vn 0.115878 0.096421 0.988572
vn 0.157227 0.128980 0.979104
vn 0.240773 0.194720 0.950848
vn 0.322840 0.259230 0.910260
vn 0.468244 0.378407 0.798471
vn 0.093000 0.118693 0.988566
vn 0.061863 0.102510 0.992806
vn 0.126573 0.159240 0.979092
vn 0.325300 0.506542 0.798496
vn 0.194416 0.241119 0.950823
vn 0.261070 0.321481 0.910216
vn 0.220674 0.217215 0.950853
vn 0.296080 0.289410 0.910263
vn 0.143920 0.143657 0.979107
vn 0.279511 -0.958449 0.056998
vn 0.153121 -0.987701 0.031632
vn 0.159102 -0.987175 0.013122
vn -0.008733 -0.999494 0.030597
vn -0.045251 -0.998883 0.013615
vn -0.163134 -0.986159 0.029643
vn -0.199388 -0.979896 0.006954
vn -0.348754 -0.935476 0.057062
vn -0.282378 -0.959295 0.004003
vn -0.036560 -0.997697 0.057138
vn 0.141605 0.989794 -0.015989
vn 0.297873 0.954467 -0.016236
vn 0.221151 0.975191 -0.009763
vn 0.282378 0.959295 -0.004003
vn 0.125534 0.992082 -0.003749
vn 0.078154 0.996891 -0.010060
vn -0.033954 0.999415 -0.004023
vn -0.116609 0.993126 -0.010152
vn -0.192641 0.981260 -0.004245
vn -0.331576 0.943289 -0.016233
vn -0.346880 0.937901 -0.004003
vn -0.176663 0.984133 -0.016486
vn -0.017725 0.999711 -0.016259
vn 0.115816 -0.029948 0.992819
vn 0.303327 -0.062568 0.950830
vn 0.578395 -0.166924 0.798496
vn 0.405272 -0.085073 0.910229
vn 0.413311 -0.025400 0.910236
vn 0.309186 -0.017918 0.950833
vn 0.199490 -0.039700 0.979095
vn 0.203134 -0.010350 0.979096
vn 0.148080 -0.028396 0.988568
vn 0.150629 -0.006621 0.988568
vn 0.119126 -0.011104 0.992817
vn 0.119343 0.008035 0.992821
vn 0.116546 0.026966 0.992819
vn 0.149020 0.022680 0.988574
vn 0.150531 0.008070 0.988572
vn 0.203142 0.009468 0.979104
vn 0.309414 0.012257 0.950848
vn 0.413767 0.014944 0.910260
vn 0.601570 0.023618 0.798471
vn 0.145493 0.039606 0.988566
vn 0.110855 0.045237 0.992807
vn 0.196642 0.052059 0.979092
vn 0.563504 0.211819 0.798496
vn 0.299967 0.077176 0.950823
vn 0.401431 0.101789 0.910215
vn 0.306740 0.042311 0.950852
vn 0.410343 0.055143 0.910263
vn 0.201242 0.029193 0.979106
vn -0.348675 -0.935509 0.056998
vn -0.467531 -0.883411 0.031632
vn -0.462203 -0.886677 0.013120
vn -0.604378 -0.796110 0.030597
vn -0.633095 -0.773954 0.013628
vn -0.720221 -0.693112 0.029643
vn -0.745481 -0.666490 0.006962
vn -0.838763 -0.541498 0.057063
vn -0.625608 -0.778042 0.057138
vn 0.705131 0.708897 -0.015989
vn 0.809323 0.587139 -0.016236
vn 0.760192 0.649626 -0.009763
vn 0.799787 0.600271 -0.004003
vn 0.693614 0.720337 -0.003749
vn 0.658492 0.752521 -0.010059
vn 0.570102 0.821564 -0.004023
vn 0.500054 0.865935 -0.010152
vn 0.431992 0.901867 -0.004245
vn 0.297869 0.954469 -0.016233
vn 0.282378 0.959295 -0.004003
vn 0.446520 0.894622 -0.016486
vn 0.583290 0.812102 -0.016259
vn 0.074944 -0.093233 0.992820
vn 0.205776 -0.231463 0.950832
vn 0.363917 -0.479550 0.798496
vn 0.274055 -0.310440 0.910231
vn 0.316180 -0.267397 0.910236
vn 0.237173 -0.199164 0.950833
vn 0.136199 -0.151064 0.979096
vn 0.156672 -0.129710 0.979096
vn 0.101741 -0.111273 0.988568
vn 0.116806 -0.095339 0.988568
vn 0.088867 -0.080104 0.992817
vn 0.100485 -0.064887 0.992820
vn 0.109559 -0.048033 0.992819
vn 0.133033 -0.070880 0.988574
vn 0.125511 -0.083500 0.988572
vn 0.168527 -0.113823 0.979103
vn 0.255397 -0.175103 0.950848
vn 0.340666 -0.235318 0.910259
vn 0.496419 -0.340606 0.798471
vn 0.140323 -0.055197 0.988566
vn 0.115915 -0.029977 0.992807
vn 0.188774 -0.075782 0.979092
vn 0.578395 -0.166924 0.798496
vn 0.286628 -0.117394 0.950822
vn 0.382688 -0.158299 0.910215
vn 0.271219 -0.149403 0.950852
vn 0.361951 -0.201035 0.910262
vn 0.178795 -0.096870 0.979106
vn 0.000000 0.798506 0.601987
vn 0.000000 0.798506 0.601987
vn 0.000000 0.798506 0.601987
vn 0.000000 0.798506 0.601987
vn 0.914097 0.405494 -0.000000
vn 0.905532 0.424279 -0.000000
vn 0.981740 0.190226 -0.000000
vn 0.992992 0.118183 -0.000000
vn 1.000000 0.000000 -0.000000
vn 0.979806 -0.199953 -0.000000
vn 0.965926 -0.258819 -0.000000
vn 0.867283 -0.497816 -0.000000
vn 0.866025 -0.500000 -0.000000
vn 0.707107 -0.707107 -0.000000
vn 0.666783 -0.745252 -0.000000
vn 0.500000 -0.866025 -0.000000
vn 0.398654 -0.917101 -0.000000
vn 0.258819 -0.965926 -0.000000
vn 0.090026 -0.995939 -0.000000
vn 0.000000 -1.000000 -0.000000
vn -0.227737 -0.973723 0.000000
vn -0.258819 -0.965926 0.000000
vn -0.522451 -0.852669 0.000000
vn -0.500000 -0.866025 0.000000
vn -0.707107 -0.707107 0.000000
vn -0.764131 -0.645062 0.000000
vn -0.866025 -0.500000 0.000000
vn -0.928269 -0.371909 0.000000
vn -0.965926 -0.258819 0.000000
vn -0.998139 -0.060987 0.000000
vn -1.000000 -0.000000 0.000000
vn -0.966624 0.256198 -0.000000
vn -0.965926 0.258819 -0.000000
vn -0.866025 0.500000 -0.000000
vn -0.836902 0.547353 -0.000000
vn -0.707107 0.707107 -0.000000
vn -0.622093 0.782943 -0.000000
vn -0.500000 0.866025 -0.000000
vn -0.344051 0.938951 -0.000000
vn -0.258819 0.965926 -0.000000
vn -0.030963 0.999521 -0.000000
vn -0.000000 1.000000 -0.000000
vn 0.285274 0.958446 -0.000000
vn 0.258819 0.965926 -0.000000
vn 0.500000 0.866025 -0.000000
vn 0.572563 0.819861 -0.000000
vn 0.707107 0.707107 -0.000000
vn 0.801599 0.597861 -0.000000
vn 0.866025 0.500000 -0.000000
vn 0.910601 0.413287 -0.000000
vn 0.965926 0.258819 -0.000000
vn 0.977797 0.209555 -0.000000
vn 0.978314 0.207129 -0.000000
vn 0.726301 0.687377 -0.000000
vn 0.750225 0.661182 -0.000000
vn 0.641905 0.766784 -0.000000
vn 0.473519 0.880784 -0.000000
vn 0.469292 0.883043 -0.000000
vn 0.258819 0.965926 -0.000000
vn 0.206356 0.978477 -0.000000
vn 0.172767 0.984963 -0.000000
vn 0.056593 0.998397 -0.000000
vn 0.000000 1.000000 -0.000000
vn -0.151242 0.988497 -0.000000
vn -0.145428 0.989369 -0.000000
vn -0.258819 0.965926 -0.000000
vn -0.448895 0.893584 -0.000000
vn -0.419189 0.907899 -0.000000
vn -0.500000 0.866025 -0.000000
vn -0.551016 0.834494 -0.000000
vn -0.706908 0.707305 -0.000000
vn -0.711753 0.702430 -0.000000
vn -0.866025 0.500000 -0.000000
vn -0.878544 0.477661 -0.000000
vn -0.940346 0.340220 -0.000000
vn -0.990386 0.138332 -0.000000
vn -0.965926 0.258819 -0.000000
vn -0.893275 0.449511 -0.000000
vn -0.706863 0.707350 -0.000000
vn -1.000000 -0.000000 0.000000
vn -0.989252 0.146224 -0.000000
vn -0.989248 -0.146250 0.000000
vn -0.985121 -0.171861 0.000000
vn -0.965926 -0.258819 0.000000
vn -0.954283 -0.298904 0.000000
vn -0.866025 -0.500000 0.000000
vn -0.873075 -0.487587 0.000000
vn -0.706698 -0.707515 0.000000
vn -0.706169 -0.708043 0.000000
vn -0.587158 -0.809472 0.000000
vn -0.409481 -0.912319 0.000000
vn -0.500000 -0.866025 0.000000
vn -0.559509 -0.828824 0.000000
vn -0.688380 -0.725350 0.000000
vn -0.881328 -0.472505 0.000000
vn -0.259308 -0.965795 0.000000
vn -0.415345 -0.909664 0.000000
vn -0.143764 -0.989612 0.000000
vn -0.097237 -0.995261 0.000000
vn -0.259833 -0.965653 0.000000
vn 0.000000 -1.000000 -0.000000
vn 0.012033 -0.999928 -0.000000
vn 0.215860 -0.976424 -0.000000
vn 0.258819 -0.965926 -0.000000
vn 0.500000 -0.866025 -0.000000
vn 0.475393 -0.879773 -0.000000
vn 0.606363 -0.795188 -0.000000
vn 0.755818 -0.654782 -0.000000
vn 0.707107 -0.707107 -0.000000
vn 0.519442 -0.854506 -0.000000
vn 0.866939 -0.498414 -0.000000
vn 0.762899 -0.646518 -0.000000
vn 0.906515 -0.422173 -0.000000
vn 0.928136 -0.372242 -0.000000
vn 0.965926 -0.258819 -0.000000
vn 0.961056 -0.276354 -0.000000
vn 0.997212 -0.074619 -0.000000
vn 1.000000 -0.000000 -0.000000
vn 0.998198 -0.059999 -0.000000
vn 0.966041 0.258388 -0.000000
vn 0.979350 0.202172 -0.000000
vn 0.965942 0.258757 -0.000000
vn 0.936179 0.351524 -0.000000
vn 0.866025 0.500000 -0.000000
vn 0.835063 0.550154 -0.000000
vn 0.844911 0.534907 -0.000000
vn 0.707107 0.707107 -0.000000
vn 0.665325 0.746554 -0.000000
vn 0.618673 0.785649 -0.000000
vn 0.541752 0.840539 -0.000000
vn 0.500000 0.866025 -0.000000
vn 0.359218 0.933254 -0.000000
vn 0.339178 0.940722 -0.000000
vn 0.025031 0.999687 -0.000000
vn 0.088641 0.996064 -0.000000
vn -0.066393 0.997794 -0.000000
vn -0.291503 0.956570 -0.000000
vn -0.268107 0.963389 -0.000000
vn -0.578288 0.815833 -0.000000
vn -0.522940 0.852369 -0.000000
vn -0.648256 0.761422 -0.000000
vn -0.805955 0.591976 -0.000000
vn -0.789612 0.613606 -0.000000
vn -0.866025 0.500000 -0.000000
vn -0.928085 0.372369 -0.000000
vn -0.974399 0.224825 -0.000000
vn -0.965926 0.258819 -0.000000
vn -0.951460 0.307772 -0.000000
vn -0.999759 0.021974 -0.000000
vn -1.000000 0.000000 -0.000000
vn -0.999971 -0.007643 0.000000
vn -0.965926 -0.258819 0.000000
vn -0.946644 -0.322280 0.000000
vn -0.916373 -0.400325 0.000000
vn -0.866025 -0.500000 0.000000
vn -0.815869 -0.578237 0.000000
vn -0.797008 -0.603969 0.000000
vn -0.707107 -0.707107 0.000000
vn -0.566283 -0.824211 0.000000
vn -0.500000 -0.866025 0.000000
vn -0.437304 -0.899314 0.000000
vn -0.258819 -0.965926 0.000000
vn -0.265895 -0.964002 0.000000
vn -0.967089 -0.254438 0.000000
vn 0.000000 -1.000000 -0.000000
vn 0.206837 -0.978375 -0.000000
vn 0.258819 -0.965926 -0.000000
vn 0.381190 -0.924497 -0.000000
vn 0.350790 -0.936454 -0.000000
vn 0.500000 -0.866025 -0.000000
vn 0.627589 -0.778545 -0.000000
vn 0.587906 -0.808929 -0.000000
vn 0.707107 -0.707107 -0.000000
vn 0.704197 -0.710004 -0.000000
vn 0.836435 -0.548066 -0.000000
vn 0.866025 -0.500000 -0.000000
vn 0.965926 -0.258819 -0.000000
vn 0.955543 -0.294850 -0.000000
vn 0.989251 -0.146225 -0.000000
vn 1.000000 -0.000000 -0.000000
vn 0.998045 0.062500 -0.000000
vn 0.997741 0.067172 -0.000000
vn 0.966002 0.258534 -0.000000
vn 0.926049 0.377403 -0.000000
vn 0.941637 0.336631 -0.000000
vn 0.866025 0.500000 -0.000000
vn 0.879674 0.475577 -0.000000
vn 0.761768 0.647850 -0.000000
vn 0.707107 0.707107 -0.000000
vn 0.760553 0.649276 -0.000000
vn 0.518009 0.855375 -0.000000
vn 0.552368 0.833600 -0.000000
vn 0.500000 0.866025 -0.000000
vn 0.419755 0.907638 -0.000000
vn 0.258819 0.965926 -0.000000
vn 0.223105 0.974794 -0.000000
vn 0.222306 0.974977 -0.000000
vn 0.000000 1.000000 -0.000000
vn -0.056661 0.998393 -0.000000
vn -0.094384 0.995536 -0.000000
vn -0.206967 0.978348 -0.000000
vn -0.258819 0.965926 -0.000000
vn -0.405326 0.914172 -0.000000
vn -0.402216 0.915545 -0.000000
vn -0.500000 0.866025 -0.000000
vn -0.669360 0.742938 -0.000000
vn -0.643259 0.765649 -0.000000
vn -0.751982 0.659183 -0.000000
vn -0.869971 0.493103 -0.000000
vn -0.872247 0.489066 -0.000000
vn -0.981269 0.192644 -0.000000
vn -0.973430 0.228985 -0.000000
vn -0.996858 0.079215 -0.000000
vn -0.991879 -0.127188 0.000000
vn -0.991653 -0.128938 0.000000
vn -0.900915 -0.433996 0.000000
vn -0.917243 -0.398329 0.000000
vn -0.846665 -0.532127 0.000000
vn -0.717956 -0.696089 0.000000
vn -0.718190 -0.695847 0.000000
vn -0.707107 -0.707107 0.000000
vn -0.500000 -0.866025 0.000000
vn -0.497462 -0.867486 0.000000
vn -0.361290 -0.932454 0.000000
vn -0.160546 -0.987028 0.000000
vn -0.258819 -0.965926 0.000000
vn -0.461646 -0.887064 0.000000
vn 0.038367 -0.999264 -0.000000
vn 0.000000 -1.000000 -0.000000
vn -0.158518 -0.987356 0.000000
vn 0.123806 -0.992306 -0.000000
vn 0.160770 -0.986992 -0.000000
vn 0.258819 -0.965926 -0.000000
vn 0.277205 -0.960811 -0.000000
vn 0.467676 -0.883900 -0.000000
vn 0.500000 -0.866025 -0.000000
vn 0.707107 -0.707107 -0.000000
vn 0.691771 -0.722117 -0.000000
vn 0.795740 -0.605638 -0.000000
vn 0.866025 -0.500000 -0.000000
vn 0.902597 -0.430486 -0.000000
vn 0.901049 -0.433717 -0.000000
vn 0.965926 -0.258819 -0.000000
vn 0.991746 -0.128221 -0.000000
vn 0.986036 -0.166531 -0.000000
vn 1.000000 -0.000000 -0.000000
vn 0.999934 -0.011473 -0.000000
vn 0.981273 0.192622 -0.000000
vn 0.968280 -0.249869 -0.000000
vn 0.965926 0.258819 -0.000000
vn 0.866025 0.500000 -0.000000
vn 0.890668 0.454654 -0.000000
vn 0.809564 0.587032 -0.000000
vn 0.707107 0.707107 -0.000000
vn 0.673047 0.739600 -0.000000
vn 0.500000 0.866025 -0.000000
vn 0.443730 0.896160 -0.000000
vn 0.408478 0.912768 -0.000000
vn 0.300071 0.953917 -0.000000
vn 0.258819 0.965926 -0.000000
vn 0.099718 0.995016 -0.000000
vn 0.098826 0.995105 -0.000000
vn 0.000000 1.000000 -0.000000
vn -0.220973 0.975280 -0.000000
vn -0.178118 0.984009 -0.000000
vn -0.258819 0.965926 -0.000000
vn -0.327516 0.944846 -0.000000
vn -0.517413 0.855736 -0.000000
vn -0.500000 0.866025 -0.000000
vn -0.512734 0.858548 -0.000000
vn -0.707107 0.707107 -0.000000
vn -0.861939 0.507012 -0.000000
vn -0.866025 0.500000 -0.000000
vn -0.939725 0.341931 -0.000000
vn -0.926565 0.376134 -0.000000
vn -0.965926 0.258819 -0.000000
vn -0.997870 0.065237 -0.000000
vn -0.993765 0.111498 -0.000000
vn -1.000000 0.000000 -0.000000
vn -0.999167 -0.040808 0.000000
vn -0.967793 -0.251748 0.000000
vn -0.968884 -0.247513 0.000000
vn -0.965926 -0.258819 0.000000
vn -0.839597 -0.543210 0.000000
vn -0.862416 -0.506200 0.000000
vn -0.775807 -0.630970 0.000000
vn -0.624694 -0.780869 0.000000
vn -0.628011 -0.778204 0.000000
vn -0.345657 -0.938361 0.000000
vn -0.387345 -0.921935 0.000000
vn -0.242961 -0.970036 0.000000
vn -0.032596 -0.999469 0.000000
vn -0.036685 -0.999327 0.000000
vn 0.258819 -0.965926 -0.000000
vn 0.240653 -0.970611 -0.000000
vn 0.283782 -0.958889 -0.000000
vn 0.384320 -0.923200 -0.000000
vn 0.500000 -0.866025 -0.000000
vn 0.567087 -0.823658 -0.000000
vn 0.572485 -0.819915 -0.000000
vn 0.707107 -0.707107 -0.000000
vn 0.802415 -0.596766 -0.000000
vn 0.775744 -0.631047 -0.000000
vn 0.865827 -0.500343 -0.000000
vn 0.864753 -0.502197 -0.000000
vn 0.949122 -0.314907 -0.000000
vn 0.718847 -0.695168 -0.000000
vn 0.965926 -0.258819 -0.000000
vn 0.949320 -0.314313 -0.000000
vn 1.000000 -0.000000 -0.000000
vn 0.999061 -0.043326 -0.000000
vn 0.993678 0.112265 -0.000000
vn 0.965926 0.258819 -0.000000
vn 0.949922 0.312487 -0.000000
vn 0.866025 0.500000 -0.000000
vn 0.872275 0.489016 -0.000000
vn 0.827740 0.561111 -0.000000
vn 0.707107 0.707107 -0.000000
vn 0.731198 0.682166 -0.000000
vn 0.577115 0.816663 -0.000000
vn 0.500000 0.866025 -0.000000
vn 0.258819 0.965926 -0.000000
vn 0.114791 0.993390 -0.000000
vn 0.000000 1.000000 -0.000000
vn -0.067652 0.997709 -0.000000
vn -0.258819 0.965926 -0.000000
vn -0.299972 0.953948 -0.000000
vn -0.440985 0.897515 -0.000000
vn -0.500000 0.866025 -0.000000
vn -0.500000 0.866025 -0.000000
vn -0.707107 0.707107 -0.000000
vn -0.707107 0.707107 -0.000000
vn -0.866025 0.500000 -0.000000
vn -0.866025 0.500000 -0.000000
vn -0.965926 0.258819 -0.000000
vn -0.965926 0.258819 -0.000000
vn -1.000000 0.000000 -0.000000
vn -1.000000 0.000000 -0.000000
vn -0.965926 -0.258819 0.000000
vn -0.965926 -0.258819 0.000000
vn -0.866025 -0.500000 0.000000
vn -0.866025 -0.500000 0.000000
vn -0.707107 -0.707107 0.000000
vn -0.707107 -0.707107 0.000000
vn -0.500000 -0.866025 0.000000
vn -0.500000 -0.866025 0.000000
vn -0.258819 -0.965926 0.000000
vn -0.258819 -0.965926 0.000000
vn 0.000000 -1.000000 -0.000000
vn 0.000000 -1.000000 -0.000000
vn 0.258819 -0.965926 -0.000000
vn 0.258819 -0.965926 -0.000000
vn 0.500000 -0.866025 -0.000000
vn 0.500000 -0.866025 -0.000000
vn 0.707107 -0.707107 -0.000000
vn 0.707107 -0.707107 -0.000000
vn 0.866025 -0.500000 -0.000000
vn 0.866025 -0.500000 -0.000000
vn 0.965926 -0.258819 -0.000000
vn 0.965926 -0.258819 -0.000000
vn 1.000000 -0.000000 -0.000000
vn 1.000000 -0.000000 -0.000000
vn 0.965926 0.258819 -0.000000
vn 0.965926 0.258819 -0.000000
vn 0.866025 0.500000 -0.000000
vn 0.866025 0.500000 -0.000000
vn 0.707107 0.707107 -0.000000
vn 0.707107 0.707107 -0.000000
vn 0.500000 0.866025 -0.000000
vn 0.500000 0.866025 -0.000000
vn 0.258819 0.965926 -0.000000
vn 0.258819 0.965926 -0.000000
vn 0.000000 1.000000 -0.000000
vn 0.000000 1.000000 -0.000000
vn -0.258819 0.965926 -0.000000
vn -0.258819 0.965926 -0.000000
vn -0.500000 0.866025 -0.000000
vn -0.500000 0.866025 -0.000000
vn -0.707107 0.707107 -0.000000
vn -0.617606 0.786488 -0.000000
vn -0.707107 0.707107 -0.000000
vn -0.866025 0.500000 -0.000000
vn -0.760990 0.648763 -0.000000
vn -0.811321 0.584601 -0.000000
vn -0.866025 0.500000 -0.000000
vn -0.890227 0.455516 -0.000000
vn -0.965926 0.258819 -0.000000
vn -0.965234 0.261386 -0.000000
vn -1.000000 0.000000 -0.000000
vn -0.999801 -0.019953 0.000000
vn -0.984587 -0.174894 0.000000
vn -0.928253 -0.371949 0.000000
vn -0.965926 -0.258819 0.000000
vn -0.965926 -0.258819 0.000000
vn -1.000000 -0.000000 0.000000
vn -0.965926 0.258819 -0.000000
vn -0.866025 -0.500000 0.000000
vn -0.866025 -0.500000 0.000000
vn -0.637149 -0.770740 0.000000
vn -0.707107 -0.707107 0.000000
vn -0.707107 -0.707107 0.000000
vn -0.486468 -0.873699 0.000000
vn -0.500000 -0.866025 0.000000
vn -0.500000 -0.866025 0.000000
vn -0.268048 -0.963405 0.000000
vn -0.258819 -0.965926 0.000000
vn -0.258819 -0.965926 0.000000
vn -0.119645 -0.992817 0.000000
vn 0.000000 -1.000000 -0.000000
vn 0.088445 -0.996081 -0.000000
vn 0.258819 -0.965926 -0.000000
vn 0.500000 -0.866025 -0.000000
vn 0.559240 -0.829006 -0.000000
vn 0.707107 -0.707107 -0.000000
vn 0.700586 -0.713568 -0.000000
vn 0.866025 -0.500000 -0.000000
vn 0.850287 -0.526319 -0.000000
vn 0.921620 -0.388094 -0.000000
vn 0.965926 -0.258819 -0.000000
vn 0.981374 -0.192105 -0.000000
vn 1.000000 -0.000000 -0.000000
vn 1.000000 -0.000000 -0.000000
vn 0.965926 0.258819 -0.000000
vn 0.866025 0.500000 -0.000000
vn 0.707107 0.707107 -0.000000
vn 0.500000 0.866025 -0.000000
vn 0.258819 0.965926 -0.000000
vn 0.000000 1.000000 -0.000000
vn -0.258819 0.965926 -0.000000
vn 0.674517 0.738259 -0.000000
vn 0.981778 0.190031 -0.000000
vn 0.463381 -0.886159 -0.000000
vn 0.840579 -0.541688 -0.000000
vn -0.278091 -0.960555 0.000000
vn 0.222525 -0.974927 -0.000000
vn 0.965926 0.258819 -0.000000
vn 0.965926 0.258819 -0.000000
vn 1.000000 0.000000 -0.000000
vn 1.000000 0.000000 -0.000000
vn 0.965926 -0.258819 0.000000
vn 0.965926 -0.258819 0.000000
vn 0.866025 -0.500000 0.000000
vn 0.866025 -0.500000 0.000000
vn 0.707107 -0.707107 0.000000
vn 0.707107 -0.707107 0.000000
vn 0.500000 -0.866025 0.000000
vn 0.500000 -0.866025 0.000000
vn 0.258819 -0.965926 0.000000
vn 0.258819 -0.965926 0.000000
vn -0.000000 -1.000000 0.000000
vn -0.000000 -1.000000 0.000000
vn -0.258819 -0.965926 0.000000
vn -0.258819 -0.965926 0.000000
vn -0.500000 -0.866025 0.000000
vn -0.500000 -0.866025 0.000000
vn -0.707107 -0.707107 0.000000
vn -0.707107 -0.707107 0.000000
vn -0.866025 -0.500000 0.000000
vn -0.866025 -0.500000 0.000000
vn -0.965926 -0.258819 0.000000
vn -0.965926 -0.258819 0.000000
vn -1.000000 0.000000 0.000000
vn -1.000000 0.000000 0.000000
vn -0.965926 0.258819 0.000000
vn -0.965926 0.258819 0.000000
vn -0.866025 0.500000 0.000000
vn -0.866025 0.500000 0.000000
vn -0.707107 0.707107 0.000000
vn -0.707107 0.707107 0.000000
vn -0.500000 0.866025 0.000000
vn -0.500000 0.866025 0.000000
vn -0.258819 0.965926 0.000000
vn -0.258819 0.965926 0.000000
vn -0.000000 1.000000 0.000000
vn -0.000000 1.000000 0.000000
vn 0.258819 0.965926 -0.000000
vn 0.258819 0.965926 -0.000000
vn 0.500000 0.866025 -0.000000
vn 0.500000 0.866025 -0.000000
vn 0.707107 0.707107 -0.000000
vn 0.707107 0.707107 -0.000000
vn 0.866025 0.500000 -0.000000
vn 0.866025 0.500000 -0.000000
vn 0.965926 -0.258819 0.000000
vn 0.965926 -0.258819 0.000000
vn 1.000000 -0.000000 0.000000
vn 1.000000 -0.000000 0.000000
vn 0.965926 0.258819 -0.000000
vn 0.965926 0.258819 -0.000000
vn 0.866025 0.500000 -0.000000
vn 0.866025 0.500000 -0.000000
vn 0.707107 0.707107 -0.000000
vn 0.707107 0.707107 -0.000000
vn 0.500000 0.866025 -0.000000
vn 0.500000 0.866025 -0.000000
vn 0.258819 0.965926 -0.000000
vn 0.258819 0.965926 -0.000000
vn -0.000000 1.000000 0.000000
vn -0.000000 1.000000 0.000000
vn -0.258819 0.965926 0.000000
vn -0.258819 0.965926 0.000000
vn -0.500000 0.866025 0.000000
vn -0.500000 0.866025 0.000000
vn -0.707107 0.707107 0.000000
vn -0.707107 0.707107 0.000000
vn -0.866025 0.500000 0.000000
vn -0.866025 0.500000 0.000000
vn -0.965926 0.258819 0.000000
vn -0.965926 0.258819 0.000000
vn -1.000000 0.000000 0.000000
vn -1.000000 0.000000 0.000000
vn -0.965926 -0.258819 0.000000
vn -0.965926 -0.258819 0.000000
vn -0.866025 -0.500000 0.000000
vn -0.866025 -0.500000 0.000000
vn -0.707107 -0.707107 0.000000
vn -0.707107 -0.707107 0.000000
vn -0.500000 -0.866025 0.000000
vn -0.500000 -0.866025 0.000000
vn -0.258819 -0.965926 0.000000
vn -0.258819 -0.965926 0.000000
vn -0.000000 -1.000000 0.000000
vn -0.000000 -1.000000 0.000000
vn 0.258819 -0.965926 0.000000
vn 0.258819 -0.965926 0.000000
vn 0.500000 -0.866025 0.000000
vn 0.500000 -0.866025 0.000000
vn 0.707107 -0.707107 0.000000
vn 0.707107 -0.707107 0.000000
vn 0.866025 -0.500000 0.000000
vn 0.866025 -0.500000 0.000000
vn 1.000000 -0.000000 0.000000
vn 0.965926 -0.258819 0.000000
vn 0.866025 -0.500000 0.000000
vn 0.707107 -0.707107 0.000000
vn 0.500000 -0.866025 0.000000
vn 0.258819 -0.965926 0.000000
vn -0.000000 -1.000000 0.000000
vn -0.258819 -0.965926 0.000000
vn -0.500000 -0.866025 0.000000
vn -0.707107 -0.707107 0.000000
vn -0.866025 -0.500000 0.000000
vn -0.965926 -0.258819 0.000000
vn -1.000000 0.000000 0.000000
vn -0.965926 0.258819 0.000000
vn -0.866025 0.500000 0.000000
vn -0.707107 0.707107 0.000000
vn -0.500000 0.866025 0.000000
vn -0.258819 0.965926 0.000000
vn -0.000000 1.000000 0.000000
vn 0.258819 0.965926 -0.000000
vn 0.500000 0.866025 -0.000000
vn 0.707107 0.707107 -0.000000
vn 0.866025 0.500000 -0.000000
vn 0.965926 0.258819 -0.000000
vn 1.000000 -0.000000 0.000000
vn 0.965926 -0.258819 0.000000
vn 0.866025 -0.500000 0.000000
vn 0.707107 -0.707107 0.000000
vn 0.500000 -0.866025 0.000000
vn 0.258819 -0.965926 0.000000
vn -0.000000 -1.000000 0.000000
vn -0.258819 -0.965926 0.000000
vn -0.500000 -0.866025 0.000000
vn -0.707107 -0.707107 0.000000
vn -0.866025 -0.500000 0.000000
vn -0.965926 -0.258819 0.000000
vn -1.000000 0.000000 0.000000
vn -0.965926 0.258819 0.000000
vn -0.866025 0.500000 0.000000
vn -0.707107 0.707107 0.000000
vn -0.500000 0.866025 0.000000
vn -0.258819 0.965926 0.000000
vn -0.000000 1.000000 0.000000
vn 0.258819 0.965926 -0.000000
vn 0.500000 0.866025 -0.000000
vn 0.707107 0.707107 -0.000000
vn 0.866025 0.500000 -0.000000
vn 0.965926 0.258819 -0.000000
vn 1.000000 -0.000000 0.000000
vn 0.965926 -0.258819 0.000000
vn 0.866025 -0.500000 0.000000
vn 0.707107 -0.707107 0.000000
vn 0.500000 -0.866025 0.000000
vn 0.258819 -0.965926 0.000000
vn -0.000000 -1.000000 0.000000
vn -0.258819 -0.965926 0.000000
vn -0.500000 -0.866025 0.000000
vn -0.707107 -0.707107 0.000000
vn -0.866025 -0.500000 0.000000
vn -0.965926 -0.258819 0.000000
vn -1.000000 0.000000 0.000000
vn -0.965926 0.258819 0.000000
vn -0.866025 0.500000 0.000000
vn -0.707107 0.707107 0.000000
vn -0.500000 0.866025 0.000000
vn -0.258819 0.965926 0.000000
vn -0.000000 1.000000 0.000000
vn 0.258819 0.965926 -0.000000
vn 0.500000 0.866025 -0.000000
vn 0.707107 0.707107 -0.000000
vn 0.866025 0.500000 -0.000000
vn 0.965926 0.258819 -0.000000
vn 1.000000 -0.000000 0.000000
vn 0.965926 -0.258819 0.000000
vn 0.866025 -0.500000 0.000000
vn 0.707107 -0.707107 0.000000
vn 0.500000 -0.866025 0.000000
vn 0.258819 -0.965926 0.000000
vn -0.000000 -1.000000 0.000000
vn -0.258819 -0.965926 0.000000
vn -0.500000 -0.866025 0.000000
vn -0.707107 -0.707107 0.000000
vn -0.866025 -0.500000 0.000000
vn -0.965926 -0.258819 0.000000
vn -1.000000 0.000000 0.000000
vn -0.965926 0.258819 0.000000
vn -0.866025 0.500000 0.000000
vn -0.707107 0.707107 0.000000
vn -0.500000 0.866025 0.000000
vn -0.258819 0.965926 0.000000
vn -0.000000 1.000000 0.000000
vn 0.258819 0.965926 -0.000000
vn 0.500000 0.866025 -0.000000
vn 0.707107 0.707107 -0.000000
vn 0.866025 0.500000 -0.000000
vn 0.965926 0.258819 -0.000000
vn 1.000000 -0.000000 0.000000
vn 0.965926 -0.258819 0.000000
vn 0.866025 -0.500000 0.000000
vn 0.707107 -0.707107 0.000000
vn 0.500000 -0.866025 0.000000
vn 0.258819 -0.965926 0.000000
vn -0.000000 -1.000000 0.000000
vn -0.258819 -0.965926 0.000000
vn -0.500000 -0.866025 0.000000
vn -0.707107 -0.707107 0.000000
vn -0.866025 -0.500000 0.000000
vn -0.965926 -0.258819 0.000000
vn -1.000000 0.000000 0.000000
vn -0.965926 0.258819 0.000000
vn -0.866025 0.500000 0.000000
vn -0.707107 0.707107 0.000000
vn -0.500000 0.866025 0.000000
vn -0.258819 0.965926 0.000000
vn -0.000000 1.000000 0.000000
vn 0.258819 0.965926 -0.000000
vn 0.500000 0.866025 -0.000000
vn 0.707107 0.707107 -0.000000
vn 0.866025 0.500000 -0.000000
vn 0.965926 0.258819 -0.000000
vn 1.000000 -0.000000 0.000000
vn 0.965926 -0.258819 0.000000
vn 0.866025 -0.500000 0.000000
vn 0.707107 -0.707107 0.000000
vn 0.500000 -0.866025 0.000000
vn 0.258819 -0.965926 0.000000
vn -0.000000 -1.000000 0.000000
vn -0.258819 -0.965926 0.000000
vn -0.500000 -0.866025 0.000000
vn -0.707107 -0.707107 0.000000
vn -0.866025 -0.500000 0.000000
vn -0.965926 -0.258819 0.000000
vn -1.000000 0.000000 0.000000
vn -0.965926 0.258819 0.000000
vn -0.866025 0.500000 0.000000
vn -0.707107 0.707107 0.000000
vn -0.500000 0.866025 0.000000
vn -0.258819 0.965926 0.000000
vn -0.000000 1.000000 0.000000
vn 0.258819 0.965926 -0.000000
vn 0.500000 0.866025 -0.000000
vn 0.707107 0.707107 -0.000000
vn 0.866025 0.500000 -0.000000
vn 0.965926 0.258819 -0.000000
vn 0.000000 0.000000 1.000000
vn 0.000000 0.000000 1.000000
vn 0.000000 0.000000 1.000000
vn 0.000000 0.000000 1.000000
vn 0.000000 0.000000 1.000000
vn 0.000000 0.000000 1.000000
vn 0.000000 0.000000 1.000000
vn 0.000000 0.000000 1.000000
vn 0.000000 0.000000 1.000000
vn 0.000000 0.000000 1.000000
vn 0.000000 0.000000 1.000000
vn 0.000000 0.000000 1.000000
vn 0.000000 0.000000 1.000000
vn 0.000000 0.000000 1.000000
vn 0.000000 0.000000 1.000000
vn 0.000000 0.000000 1.000000
vn 0.000000 0.000000 1.000000
vn 0.000000 0.000000 1.000000
vn 0.000000 0.000000 1.000000
vn 0.000000 0.000000 1.000000
vn 0.000000 0.000000 1.000000
vn 0.000000 0.000000 1.000000
vn 0.000000 0.000000 1.000000
vn 0.000000 0.000000 1.000000
vn 0.000000 0.000000 1.000000
vn 0.000000 0.000000 1.000000
vn 0.000000 0.000000 1.000000
vn 0.000000 0.000000 1.000000
vn 0.000000 0.000000 1.000000
vn 0.000000 0.000000 1.000000
vn 0.000000 0.000000 1.000000
vn 0.000000 0.000000 1.000000
vn 0.000000 0.000000 1.000000
vn 0.000000 0.000000 1.000000
vn 0.000000 0.000000 1.000000
vn 0.000000 0.000000 1.000000
vn 0.000000 0.000000 1.000000
vn 0.000000 0.000000 1.000000
vn 0.000000 0.000000 1.000000
vn 0.000000 0.000000 1.000000
vn 0.000000 0.000000 1.000000
vn 0.000000 0.000000 1.000000
vn 0.000000 0.000000 1.000000
vn 0.000000 0.000000 1.000000
vn 0.000000 0.000000 1.000000
vn 0.000000 0.000000 1.000000
vn 0.000000 0.000000 1.000000
vn 0.000000 0.000000 1.000000
usemtl Paint_-_Metallic_(Red)
f 2/1/1 3/2/2 1/3/3
f 1/3/3 3/2/2 9/4/4
f 9/4/4 3/2/2 4/5/5
f 9/4/4 4/5/5 5/6/6
f 5/6/6 6/7/7 9/4/4
f 9/4/4 6/7/7 8/8/8
f 8/8/8 6/7/7 7/9/9
f 7/10/10 6/11/11 12/12/12
f 12/12/12 6/11/11 14/13/13
f 12/12/12 14/13/13 13/14/14
f 13/14/14 14/13/13 6/11/11
f 13/14/14 6/11/11 10/15/15
f 10/15/15 11/16/16 13/14/14
f 13/14/14 11/16/16 12/12/12
f 6/17/17 5/18/18 10/19/19
f 10/19/19 5/18/18 16/20/20
f 16/20/20 5/18/18 4/21/21
f 16/20/20 4/21/21 3/22/22
f 2/23/23 15/24/24 3/22/22
f 3/22/22 15/24/24 16/20/20
f 15/25/25 2/26/26 20/27/27
f 20/27/27 2/26/26 1/28/28
f 20/27/27 1/28/28 18/29/29
f 18/29/29 1/28/28 17/30/30
f 18/29/29 19/31/31 20/27/27
f 20/27/27 19/31/31 15/25/25
f 15/32/32 19/33/33 25/34/34
f 25/34/34 19/33/33 21/35/35
f 25/34/34 21/35/35 24/36/36
f 24/36/36 21/35/35 23/37/37
f 24/36/36 23/37/37 16/38/38
f 16/38/38 23/37/37 10/39/39
f 10/39/39 23/37/37 26/40/40
f 10/39/39 26/40/40 11/41/41
f 11/41/41 26/40/40 23/37/37
f 11/41/41 23/37/37 22/42/42
f 22/42/42 23/37/37 21/35/35
f 24/36/36 16/38/38 25/34/34
f 25/34/34 16/38/38 15/32/32
f 30/43/43 12/44/44 32/45/45
f 32/45/45 12/44/44 11/46/46
f 32/45/45 11/46/46 22/47/47
f 22/47/47 27/48/48 32/45/45
f 32/45/45 27/48/48 31/49/49
f 32/45/45 31/49/49 30/43/43
f 30/43/43 31/49/49 29/50/50
f 29/50/50 31/49/49 28/51/51
f 28/51/51 31/49/49 27/48/48
f 21/52/52 42/53/53 22/54/54
f 22/54/54 42/53/53 38/55/55
f 22/54/54 38/55/55 27/56/56
f 27/56/56 38/55/55 49/57/57
f 27/56/56 49/57/57 28/58/58
f 28/58/58 49/57/57 48/59/59
f 28/58/58 48/59/59 47/60/60
f 47/60/60 48/59/59 44/61/61
f 47/60/60 44/61/61 43/62/62
f 43/62/62 44/61/61 39/63/63
f 43/62/62 39/63/63 34/64/64
f 34/64/64 39/63/63 33/65/65
f 33/65/65 39/63/63 37/66/66
f 33/65/65 37/66/66 19/67/67
f 19/67/67 37/66/66 21/52/52
f 21/52/52 37/66/66 40/68/68
f 21/52/52 40/68/68 41/69/69
f 41/69/69 40/68/68 45/70/70
f 41/69/69 45/70/70 38/55/55
f 38/55/55 45/70/70 49/57/57
f 19/67/67 18/71/71 33/65/65
f 34/64/64 35/72/72 43/62/62
f 43/62/62 35/72/72 46/73/73
f 43/62/62 46/73/73 47/60/60
f 47/60/60 46/73/73 36/74/74
f 47/60/60 36/74/74 28/58/58
f 35/72/72 36/74/74 46/73/73
f 41/69/69 38/55/55 42/53/53
f 37/66/66 39/63/63 40/68/68
f 40/68/68 39/63/63 44/61/61
f 40/68/68 44/61/61 45/70/70
f 45/70/70 44/61/61 48/59/59
f 45/70/70 48/59/59 49/57/57
f 42/53/53 21/52/52 41/69/69
f 33/75/75 18/76/76 55/77/77
f 55/77/77 18/76/76 17/78/78
f 55/77/77 17/78/78 50/79/79
f 55/77/77 50/79/79 54/80/80
f 54/80/80 50/79/79 51/81/81
f 54/80/80 51/81/81 56/82/82
f 56/82/82 51/81/81 52/83/83
f 56/82/82 52/83/83 36/84/84
f 36/84/84 52/83/83 53/85/85
f 36/84/84 35/86/86 56/82/82
f 56/82/82 35/86/86 34/87/87
f 56/82/82 34/87/87 54/80/80
f 54/80/80 34/87/87 33/75/75
f 54/80/80 33/75/75 55/77/77
f 58/88/88 68/89/89 57/90/90
f 57/90/90 68/89/89 69/91/91
f 57/90/90 69/91/91 80/92/92
f 80/92/92 69/91/91 70/93/93
f 80/92/92 70/93/93 79/94/94
f 79/94/94 70/93/93 71/95/95
f 79/94/94 71/95/95 78/96/96
f 78/96/96 71/95/95 72/97/97
f 78/96/96 72/97/97 77/98/98
f 77/98/98 72/97/97 73/99/99
f 77/98/98 73/99/99 76/100/100
f 76/100/100 73/99/99 74/101/101
f 76/100/100 74/101/101 75/102/102
f 68/89/89 58/88/88 67/103/103
f 67/103/103 58/88/88 59/104/104
f 67/103/103 59/104/104 66/105/105
f 66/105/105 59/104/104 60/106/106
f 66/105/105 60/106/106 65/107/107
f 65/107/107 60/106/106 61/108/108
f 65/107/107 61/108/108 64/109/109
f 64/109/109 61/108/108 62/110/110
f 64/109/109 62/110/110 63/111/111
f 82/112/112 105/113/113 81/114/114
f 84/115/115 105/116/116 83/117/117
f 86/118/118 105/119/119 85/120/120
f 88/121/121 105/122/122 87/123/123
f 90/124/124 105/125/125 89/126/126
f 92/127/127 105/128/128 91/129/129
f 94/130/130 105/131/131 93/132/132
f 96/133/133 105/134/134 95/135/135
f 98/136/136 105/137/137 97/138/138
f 100/139/139 105/140/140 99/141/141
f 102/142/142 105/143/143 101/144/144
f 104/145/145 105/146/146 103/147/147
f 93/148/132 105/149/148 92/127/127
f 85/120/120 105/150/149 84/115/115
f 101/144/144 105/151/150 100/139/139
f 91/129/129 105/152/151 90/124/124
f 89/126/126 105/153/152 88/121/121
f 87/123/123 105/154/153 86/118/118
f 83/117/117 105/155/154 82/112/112
f 81/114/114 105/156/155 104/145/145
f 103/147/147 105/157/156 102/142/142
f 99/141/141 105/158/157 98/136/136
f 97/138/138 105/159/158 96/133/133
f 95/135/135 105/160/159 94/130/130
f 1/161/160 9/162/161 17/163/162
f 17/163/162 9/162/161 107/164/163
f 17/163/162 107/164/163 50/165/164
f 50/165/164 107/164/163 115/166/165
f 50/165/164 115/166/165 108/167/166
f 108/167/166 115/166/165 114/168/167
f 108/167/166 114/168/167 120/169/168
f 120/169/168 114/168/167 113/170/169
f 120/169/168 113/170/169 121/171/170
f 121/171/170 113/170/169 112/172/171
f 121/171/170 112/172/171 109/173/172
f 109/173/172 112/172/171 8/174/173
f 109/173/172 8/174/173 106/175/174
f 8/174/173 110/176/175 9/162/161
f 9/162/161 110/176/175 111/177/176
f 9/162/161 111/177/176 107/164/163
f 107/164/163 111/177/176 115/166/165
f 109/173/172 106/175/174 119/178/177
f 119/178/177 106/175/174 29/179/178
f 119/178/177 29/179/178 118/180/179
f 118/180/179 29/179/178 117/181/180
f 118/180/179 117/181/180 121/171/170
f 121/171/170 117/181/180 120/169/168
f 29/179/178 53/182/181 117/181/180
f 117/181/180 53/182/181 116/183/182
f 117/181/180 116/183/182 120/169/168
f 120/169/168 116/183/182 108/167/166
f 53/182/181 52/184/183 116/183/182
f 116/183/182 52/184/183 51/185/184
f 116/183/182 51/185/184 108/167/166
f 108/167/166 51/185/184 50/165/164
f 113/170/169 114/168/167 110/176/175
f 110/176/175 114/168/167 111/177/176
f 114/168/167 115/166/165 111/177/176
f 110/176/175 8/174/173 113/170/169
f 113/170/169 8/174/173 112/172/171
f 109/173/172 119/178/177 118/180/179
f 109/173/172 118/180/179 121/171/170
f 122/186/185 129/187/186 29/188/178
f 29/188/178 129/187/186 130/189/187
f 29/188/178 130/189/187 131/190/188
f 131/190/188 130/189/187 147/191/189
f 131/190/188 147/191/189 146/192/190
f 146/192/190 147/191/189 141/193/191
f 146/192/190 141/193/191 140/194/192
f 140/194/192 141/193/191 137/195/193
f 140/194/192 137/195/193 138/196/194
f 138/196/194 137/195/193 124/197/195
f 138/196/194 124/197/195 125/198/196
f 123/199/197 134/200/198 122/186/185
f 122/186/185 134/200/198 143/201/199
f 122/186/185 143/201/199 129/187/186
f 129/187/186 143/201/199 142/202/200
f 129/187/186 142/202/200 147/191/189
f 147/191/189 142/202/200 141/193/191
f 124/197/195 136/203/201 123/199/197
f 123/199/197 136/203/201 135/204/202
f 123/199/197 135/204/202 134/200/198
f 134/200/198 135/204/202 143/201/199
f 125/198/196 126/205/203 138/196/194
f 138/196/194 126/205/203 139/206/204
f 138/196/194 139/206/204 140/194/192
f 140/194/192 139/206/204 145/207/205
f 140/194/192 145/207/205 146/192/190
f 146/192/190 145/207/205 132/208/206
f 146/192/190 132/208/206 131/190/188
f 131/190/188 132/208/206 29/188/178
f 126/205/203 127/209/207 139/206/204
f 139/206/204 127/209/207 144/210/208
f 139/206/204 144/210/208 145/207/205
f 145/207/205 144/210/208 133/211/209
f 145/207/205 133/211/209 132/208/206
f 132/208/206 133/211/209 29/188/178
f 144/210/208 127/209/207 128/212/210
f 128/212/210 127/209/207 53/213/211
f 128/212/210 53/213/211 133/211/209
f 133/211/209 53/213/211 29/188/178
f 129/187/186 147/191/189 130/189/187
f 144/210/208 128/212/210 133/211/209
f 142/202/200 143/201/199 135/204/202
f 141/193/191 142/202/200 136/203/201
f 136/203/201 142/202/200 135/204/202
f 124/197/195 137/195/193 136/203/201
f 136/203/201 137/195/193 141/193/191
f 148/214/212 155/215/213 123/216/197
f 123/216/197 155/215/213 156/217/214
f 123/216/197 156/217/214 157/218/215
f 157/218/215 156/217/214 173/219/216
f 157/218/215 173/219/216 172/220/217
f 172/220/217 173/219/216 167/221/218
f 172/220/217 167/221/218 166/222/219
f 166/222/219 167/221/218 163/223/220
f 166/222/219 163/223/220 164/224/221
f 164/224/221 163/223/220 150/225/222
f 164/224/221 150/225/222 151/226/223
f 149/227/224 160/228/225 148/214/212
f 148/214/212 160/228/225 169/229/226
f 148/214/212 169/229/226 155/215/213
f 155/215/213 169/229/226 168/230/227
f 155/215/213 168/230/227 173/219/216
f 173/219/216 168/230/227 167/221/218
f 150/225/222 162/231/228 149/227/224
f 149/227/224 162/231/228 161/232/229
f 149/227/224 161/232/229 160/228/225
f 160/228/225 161/232/229 169/229/226
f 151/226/223 152/233/230 164/224/221
f 164/224/221 152/233/230 165/234/231
f 164/224/221 165/234/231 166/222/219
f 166/222/219 165/234/231 171/235/232
f 166/222/219 171/235/232 172/220/217
f 172/220/217 171/235/232 158/236/233
f 172/220/217 158/236/233 157/218/215
f 157/218/215 158/236/233 123/216/197
f 152/233/230 153/237/234 165/234/231
f 165/234/231 153/237/234 170/238/235
f 165/234/231 170/238/235 171/235/232
f 171/235/232 170/238/235 159/239/236
f 171/235/232 159/239/236 158/236/233
f 158/236/233 159/239/236 123/216/197
f 170/238/235 153/237/234 154/240/237
f 154/240/237 153/237/234 124/241/238
f 154/240/237 124/241/238 159/239/236
f 159/239/236 124/241/238 123/216/197
f 155/215/213 173/219/216 156/217/214
f 170/238/235 154/240/237 159/239/236
f 168/230/227 169/229/226 161/232/229
f 167/221/218 168/230/227 162/231/228
f 162/231/228 168/230/227 161/232/229
f 150/225/222 163/223/220 162/231/228
f 162/231/228 163/223/220 167/221/218
f 174/242/239 181/243/240 149/244/224
f 149/244/224 181/243/240 182/245/241
f 149/244/224 182/245/241 183/246/242
f 183/246/242 182/245/241 199/247/243
f 183/246/242 199/247/243 198/248/244
f 198/248/244 199/247/243 193/249/245
f 198/248/244 193/249/245 192/250/246
f 192/250/246 193/249/245 189/251/247
f 192/250/246 189/251/247 190/252/248
f 190/252/248 189/251/247 176/253/249
f 190/252/248 176/253/249 177/254/250
f 175/255/251 186/256/252 174/242/239
f 174/242/239 186/256/252 195/257/253
f 174/242/239 195/257/253 181/243/240
f 181/243/240 195/257/253 194/258/254
f 181/243/240 194/258/254 199/247/243
f 199/247/243 194/258/254 193/249/245
f 176/253/249 188/259/255 175/255/251
f 175/255/251 188/259/255 187/260/256
f 175/255/251 187/260/256 186/256/252
f 186/256/252 187/260/256 195/257/253
f 177/254/250 178/261/257 190/252/248
f 190/252/248 178/261/257 191/262/258
f 190/252/248 191/262/258 192/250/246
f 192/250/246 191/262/258 197/263/259
f 192/250/246 197/263/259 198/248/244
f 198/248/244 197/263/259 184/264/260
f 198/248/244 184/264/260 183/246/242
f 183/246/242 184/264/260 149/244/224
f 178/261/257 179/265/261 191/262/258
f 191/262/258 179/265/261 196/266/262
f 191/262/258 196/266/262 197/263/259
f 197/263/259 196/266/262 185/267/263
f 197/263/259 185/267/263 184/264/260
f 184/264/260 185/267/263 149/244/224
f 196/266/262 179/265/261 180/268/264
f 180/268/264 179/265/261 150/269/265
f 180/268/264 150/269/265 185/267/263
f 185/267/263 150/269/265 149/244/224
f 181/243/240 199/247/243 182/245/241
f 196/266/262 180/268/264 185/267/263
f 194/258/254 195/257/253 187/260/256
f 193/249/245 194/258/254 188/259/255
f 188/259/255 194/258/254 187/260/256
f 176/253/249 189/251/247 188/259/255
f 188/259/255 189/251/247 193/249/245
f 200/270/266 207/271/267 175/272/251
f 175/272/251 207/271/267 208/273/268
f 175/272/251 208/273/268 209/274/269
f 209/274/269 208/273/268 225/275/270
f 209/274/269 225/275/270 224/276/271
f 224/276/271 225/275/270 219/277/272
f 224/276/271 219/277/272 218/278/273
f 218/278/273 219/277/272 215/279/274
f 218/278/273 215/279/274 216/280/275
f 216/280/275 215/279/274 202/281/276
f 216/280/275 202/281/276 203/282/277
f 201/283/278 212/284/279 200/270/266
f 200/270/266 212/284/279 221/285/280
f 200/270/266 221/285/280 207/271/267
f 207/271/267 221/285/280 220/286/281
f 207/271/267 220/286/281 225/275/270
f 225/275/270 220/286/281 219/277/272
f 202/281/276 214/287/282 201/283/278
f 201/283/278 214/287/282 213/288/283
f 201/283/278 213/288/283 212/284/279
f 212/284/279 213/288/283 221/285/280
f 203/282/277 204/289/284 216/280/275
f 216/280/275 204/289/284 217/290/285
f 216/280/275 217/290/285 218/278/273
f 218/278/273 217/290/285 223/291/286
f 218/278/273 223/291/286 224/276/271
f 224/276/271 223/291/286 210/292/287
f 224/276/271 210/292/287 209/274/269
f 209/274/269 210/292/287 175/272/251
f 204/289/284 205/293/288 217/290/285
f 217/290/285 205/293/288 222/294/289
f 217/290/285 222/294/289 223/291/286
f 223/291/286 222/294/289 211/295/290
f 223/291/286 211/295/290 210/292/287
f 210/292/287 211/295/290 175/272/251
f 222/294/289 205/293/288 206/296/291
f 206/296/291 205/293/288 176/297/292
f 206/296/291 176/297/292 211/295/290
f 211/295/290 176/297/292 175/272/251
f 207/271/267 225/275/270 208/273/268
f 222/294/289 206/296/291 211/295/290
f 220/286/281 221/285/280 213/288/283
f 219/277/272 220/286/281 214/287/282
f 214/287/282 220/286/281 213/288/283
f 202/281/276 215/279/274 214/287/282
f 214/287/282 215/279/274 219/277/272
f 226/298/293 233/299/294 201/300/278
f 201/300/278 233/299/294 234/301/295
f 201/300/278 234/301/295 235/302/296
f 235/302/296 234/301/295 251/303/297
f 235/302/296 251/303/297 250/304/298
f 250/304/298 251/303/297 245/305/299
f 250/304/298 245/305/299 244/306/300
f 244/306/300 245/305/299 241/307/301
f 244/306/300 241/307/301 242/308/302
f 242/308/302 241/307/301 228/309/303
f 242/308/302 228/309/303 229/310/304
f 227/311/305 238/312/306 226/298/293
f 226/298/293 238/312/306 247/313/307
f 226/298/293 247/313/307 233/299/294
f 233/299/294 247/313/307 246/314/308
f 233/299/294 246/314/308 251/303/297
f 251/303/297 246/314/308 245/305/299
f 228/309/303 240/315/309 227/311/305
f 227/311/305 240/315/309 239/316/310
f 227/311/305 239/316/310 238/312/306
f 238/312/306 239/316/310 247/313/307
f 229/310/304 230/317/311 242/308/302
f 242/308/302 230/317/311 243/318/312
f 242/308/302 243/318/312 244/306/300
f 244/306/300 243/318/312 249/319/313
f 244/306/300 249/319/313 250/304/298
f 250/304/298 249/319/313 236/320/314
f 250/304/298 236/320/314 235/302/296
f 235/302/296 236/320/314 201/300/278
f 230/317/311 231/321/315 243/318/312
f 243/318/312 231/321/315 248/322/316
f 243/318/312 248/322/316 249/319/313
f 249/319/313 248/322/316 237/323/317
f 249/319/313 237/323/317 236/320/314
f 236/320/314 237/323/317 201/300/278
f 248/322/316 231/321/315 232/324/318
f 232/324/318 231/321/315 202/325/319
f 232/324/318 202/325/319 237/323/317
f 237/323/317 202/325/319 201/300/278
f 233/299/294 251/303/297 234/301/295
f 248/322/316 232/324/318 237/323/317
f 246/314/308 247/313/307 239/316/310
f 245/305/299 246/314/308 240/315/309
f 240/315/309 246/314/308 239/316/310
f 228/309/303 241/307/301 240/315/309
f 240/315/309 241/307/301 245/305/299
f 252/326/320 259/327/321 227/328/305
f 227/328/305 259/327/321 260/329/322
f 227/328/305 260/329/322 261/330/323
f 261/330/323 260/329/322 277/331/324
f 261/330/323 277/331/324 276/332/325
f 276/332/325 277/331/324 271/333/326
f 276/332/325 271/333/326 270/334/327
f 270/334/327 271/333/326 267/335/328
f 270/334/327 267/335/328 268/336/329
f 268/336/329 267/335/328 254/337/330
f 268/336/329 254/337/330 255/338/331
f 253/339/332 264/340/333 252/326/320
f 252/326/320 264/340/333 273/341/334
f 252/326/320 273/341/334 259/327/321
f 259/327/321 273/341/334 272/342/335
f 259/327/321 272/342/335 277/331/324
f 277/331/324 272/342/335 271/333/326
f 254/337/330 266/343/336 253/339/332
f 253/339/332 266/343/336 265/344/337
f 253/339/332 265/344/337 264/340/333
f 264/340/333 265/344/337 273/341/334
f 255/338/331 256/345/338 268/336/329
f 268/336/329 256/345/338 269/346/339
f 268/336/329 269/346/339 270/334/327
f 270/334/327 269/346/339 275/347/340
f 270/334/327 275/347/340 276/332/325
f 276/332/325 275/347/340 262/348/341
f 276/332/325 262/348/341 261/330/323
f 261/330/323 262/348/341 227/328/305
f 256/345/338 257/349/342 269/346/339
f 269/346/339 257/349/342 274/350/343
f 269/346/339 274/350/343 275/347/340
f 275/347/340 274/350/343 263/351/344
f 275/347/340 263/351/344 262/348/341
f 262/348/341 263/351/344 227/328/305
f 274/350/343 257/349/342 258/352/345
f 258/352/345 257/349/342 228/353/346
f 258/352/345 228/353/346 263/351/344
f 263/351/344 228/353/346 227/328/305
f 259/327/321 277/331/324 260/329/322
f 274/350/343 258/352/345 263/351/344
f 272/342/335 273/341/334 265/344/337
f 271/333/326 272/342/335 266/343/336
f 266/343/336 272/342/335 265/344/337
f 254/337/330 267/335/328 266/343/336
f 266/343/336 267/335/328 271/333/326
f 278/354/347 285/355/348 253/356/332
f 253/356/332 285/355/348 286/357/349
f 253/356/332 286/357/349 287/358/350
f 287/358/350 286/357/349 303/359/351
f 287/358/350 303/359/351 302/360/352
f 302/360/352 303/359/351 297/361/353
f 302/360/352 297/361/353 296/362/354
f 296/362/354 297/361/353 293/363/355
f 296/362/354 293/363/355 294/364/356
f 294/364/356 293/363/355 280/365/357
f 294/364/356 280/365/357 281/366/358
f 279/367/359 290/368/360 278/354/347
f 278/354/347 290/368/360 299/369/361
f 278/354/347 299/369/361 285/355/348
f 285/355/348 299/369/361 298/370/362
f 285/355/348 298/370/362 303/359/351
f 303/359/351 298/370/362 297/361/353
f 280/365/357 292/371/363 279/367/359
f 279/367/359 292/371/363 291/372/364
f 279/367/359 291/372/364 290/368/360
f 290/368/360 291/372/364 299/369/361
f 281/366/358 282/373/365 294/364/356
f 294/364/356 282/373/365 295/374/366
f 294/364/356 295/374/366 296/362/354
f 296/362/354 295/374/366 301/375/367
f 296/362/354 301/375/367 302/360/352
f 302/360/352 301/375/367 288/376/368
f 302/360/352 288/376/368 287/358/350
f 287/358/350 288/376/368 253/356/332
f 282/373/365 283/377/369 295/374/366
f 295/374/366 283/377/369 300/378/370
f 295/374/366 300/378/370 301/375/367
f 301/375/367 300/378/370 289/379/371
f 301/375/367 289/379/371 288/376/368
f 288/376/368 289/379/371 253/356/332
f 300/378/370 283/377/369 284/380/372
f 284/380/372 283/377/369 254/381/373
f 284/380/372 254/381/373 289/379/371
f 289/379/371 254/381/373 253/356/332
f 285/355/348 303/359/351 286/357/349
f 300/378/370 284/380/372 289/379/371
f 298/370/362 299/369/361 291/372/364
f 297/361/353 298/370/362 292/371/363
f 292/371/363 298/370/362 291/372/364
f 280/365/357 293/363/355 292/371/363
f 292/371/363 293/363/355 297/361/353
f 304/382/374 311/383/375 279/384/359
f 279/384/359 311/383/375 312/385/376
f 279/384/359 312/385/376 313/386/377
f 313/386/377 312/385/376 329/387/378
f 313/386/377 329/387/378 328/388/379
f 328/388/379 329/387/378 323/389/380
f 328/388/379 323/389/380 322/390/381
f 322/390/381 323/389/380 319/391/382
f 322/390/381 319/391/382 320/392/383
f 320/392/383 319/391/382 306/393/384
f 320/392/383 306/393/384 307/394/385
f 305/395/386 316/396/387 304/382/374
f 304/382/374 316/396/387 325/397/388
f 304/382/374 325/397/388 311/383/375
f 311/383/375 325/397/388 324/398/389
f 311/383/375 324/398/389 329/387/378
f 329/387/378 324/398/389 323/389/380
f 306/393/384 318/399/390 305/395/386
f 305/395/386 318/399/390 317/400/391
f 305/395/386 317/400/391 316/396/387
f 316/396/387 317/400/391 325/397/388
f 307/394/385 308/401/392 320/392/383
f 320/392/383 308/401/392 321/402/393
f 320/392/383 321/402/393 322/390/381
f 322/390/381 321/402/393 327/403/394
f 322/390/381 327/403/394 328/388/379
f 328/388/379 327/403/394 314/404/395
f 328/388/379 314/404/395 313/386/377
f 313/386/377 314/404/395 279/384/359
f 308/401/392 309/405/396 321/402/393
f 321/402/393 309/405/396 326/406/397
f 321/402/393 326/406/397 327/403/394
f 327/403/394 326/406/397 315/407/398
f 327/403/394 315/407/398 314/404/395
f 314/404/395 315/407/398 279/384/359
f 326/406/397 309/405/396 310/408/399
f 310/408/399 309/405/396 280/409/400
f 310/408/399 280/409/400 315/407/398
f 315/407/398 280/409/400 279/384/359
f 311/383/375 329/387/378 312/385/376
f 326/406/397 310/408/399 315/407/398
f 324/398/389 325/397/388 317/400/391
f 323/389/380 324/398/389 318/399/390
f 318/399/390 324/398/389 317/400/391
f 306/393/384 319/391/382 318/399/390
f 318/399/390 319/391/382 323/389/380
f 330/410/401 337/411/402 305/412/386
f 305/412/386 337/411/402 338/413/403
f 305/412/386 338/413/403 339/414/404
f 339/414/404 338/413/403 355/415/405
f 339/414/404 355/415/405 354/416/406
f 354/416/406 355/415/405 349/417/407
f 354/416/406 349/417/407 348/418/408
f 348/418/408 349/417/407 345/419/409
f 348/418/408 345/419/409 346/420/410
f 346/420/410 345/419/409 332/421/411
f 346/420/410 332/421/411 333/422/412
f 331/423/413 342/424/414 330/410/401
f 330/410/401 342/424/414 351/425/415
f 330/410/401 351/425/415 337/411/402
f 337/411/402 351/425/415 350/426/416
f 337/411/402 350/426/416 355/415/405
f 355/415/405 350/426/416 349/417/407
f 332/421/411 344/427/417 331/423/413
f 331/423/413 344/427/417 343/428/418
f 331/423/413 343/428/418 342/424/414
f 342/424/414 343/428/418 351/425/415
f 333/422/412 334/429/419 346/420/410
f 346/420/410 334/429/419 347/430/420
f 346/420/410 347/430/420 348/418/408
f 348/418/408 347/430/420 353/431/421
f 348/418/408 353/431/421 354/416/406
f 354/416/406 353/431/421 340/432/422
f 354/416/406 340/432/422 339/414/404
f 339/414/404 340/432/422 305/412/386
f 334/429/419 335/433/423 347/430/420
f 347/430/420 335/433/423 352/434/424
f 347/430/420 352/434/424 353/431/421
f 353/431/421 352/434/424 341/435/425
f 353/431/421 341/435/425 340/432/422
f 340/432/422 341/435/425 305/412/386
f 352/434/424 335/433/423 336/436/426
f 336/436/426 335/433/423 306/437/427
f 336/436/426 306/437/427 341/435/425
f 341/435/425 306/437/427 305/412/386
f 337/411/402 355/415/405 338/413/403
f 352/434/424 336/436/426 341/435/425
f 350/426/416 351/425/415 343/428/418
f 349/417/407 350/426/416 344/427/417
f 344/427/417 350/426/416 343/428/418
f 332/421/411 345/419/409 344/427/417
f 344/427/417 345/419/409 349/417/407
f 356/438/428 363/439/429 331/440/413
f 331/440/413 363/439/429 364/441/430
f 331/440/413 364/441/430 365/442/431
f 365/442/431 364/441/430 381/443/432
f 365/442/431 381/443/432 380/444/433
f 380/444/433 381/443/432 375/445/434
f 380/444/433 375/445/434 374/446/435
f 374/446/435 375/445/434 371/447/436
f 374/446/435 371/447/436 372/448/437
f 372/448/437 371/447/436 358/449/438
f 372/448/437 358/449/438 359/450/439
f 357/451/440 368/452/441 356/438/428
f 356/438/428 368/452/441 377/453/442
f 356/438/428 377/453/442 363/439/429
f 363/439/429 377/453/442 376/454/443
f 363/439/429 376/454/443 381/443/432
f 381/443/432 376/454/443 375/445/434
f 358/449/438 370/455/444 357/451/440
f 357/451/440 370/455/444 369/456/445
f 357/451/440 369/456/445 368/452/441
f 368/452/441 369/456/445 377/453/442
f 359/450/439 360/457/446 372/448/437
f 372/448/437 360/457/446 373/458/447
f 372/448/437 373/458/447 374/446/435
f 374/446/435 373/458/447 379/459/448
f 374/446/435 379/459/448 380/444/433
f 380/444/433 379/459/448 366/460/449
f 380/444/433 366/460/449 365/442/431
f 365/442/431 366/460/449 331/440/413
f 360/457/446 361/461/450 373/458/447
f 373/458/447 361/461/450 378/462/451
f 373/458/447 378/462/451 379/459/448
f 379/459/448 378/462/451 367/463/452
f 379/459/448 367/463/452 366/460/449
f 366/460/449 367/463/452 331/440/413
f 378/462/451 361/461/450 362/464/453
f 362/464/453 361/461/450 332/465/454
f 362/464/453 332/465/454 367/463/452
f 367/463/452 332/465/454 331/440/413
f 363/439/429 381/443/432 364/441/430
f 378/462/451 362/464/453 367/463/452
f 376/454/443 377/453/442 369/456/445
f 375/445/434 376/454/443 370/455/444
f 370/455/444 376/454/443 369/456/445
f 358/449/438 371/447/436 370/455/444
f 370/455/444 371/447/436 375/445/434
f 382/466/455 389/467/456 357/468/440
f 357/468/440 389/467/456 390/469/457
f 357/468/440 390/469/457 391/470/458
f 391/470/458 390/469/457 407/471/459
f 391/470/458 407/471/459 406/472/460
f 406/472/460 407/471/459 401/473/461
f 406/472/460 401/473/461 400/474/462
f 400/474/462 401/473/461 397/475/463
f 400/474/462 397/475/463 398/476/464
f 398/476/464 397/475/463 384/477/465
f 398/476/464 384/477/465 385/478/466
f 383/479/467 394/480/468 382/466/455
f 382/466/455 394/480/468 403/481/469
f 382/466/455 403/481/469 389/467/456
f 389/467/456 403/481/469 402/482/470
f 389/467/456 402/482/470 407/471/459
f 407/471/459 402/482/470 401/473/461
f 384/477/465 396/483/471 383/479/467
f 383/479/467 396/483/471 395/484/472
f 383/479/467 395/484/472 394/480/468
f 394/480/468 395/484/472 403/481/469
f 385/478/466 386/485/473 398/476/464
f 398/476/464 386/485/473 399/486/474
f 398/476/464 399/486/474 400/474/462
f 400/474/462 399/486/474 405/487/475
f 400/474/462 405/487/475 406/472/460
f 406/472/460 405/487/475 392/488/476
f 406/472/460 392/488/476 391/470/458
f 391/470/458 392/488/476 357/468/440
f 386/485/473 387/489/477 399/486/474
f 399/486/474 387/489/477 404/490/478
f 399/486/474 404/490/478 405/487/475
f 405/487/475 404/490/478 393/491/479
f 405/487/475 393/491/479 392/488/476
f 392/488/476 393/491/479 357/468/440
f 404/490/478 387/489/477 388/492/480
f 388/492/480 387/489/477 358/493/481
f 388/492/480 358/493/481 393/491/479
f 393/491/479 358/493/481 357/468/440
f 389/467/456 407/471/459 390/469/457
f 404/490/478 388/492/480 393/491/479
f 402/482/470 403/481/469 395/484/472
f 401/473/461 402/482/470 396/483/471
f 396/483/471 402/482/470 395/484/472
f 384/477/465 397/475/463 396/483/471
f 396/483/471 397/475/463 401/473/461
f 408/494/482 415/495/483 383/496/467
f 383/496/467 415/495/483 416/497/484
f 383/496/467 416/497/484 417/498/485
f 417/498/485 416/497/484 433/499/486
f 417/498/485 433/499/486 432/500/487
f 432/500/487 433/499/486 427/501/488
f 432/500/487 427/501/488 426/502/489
f 426/502/489 427/501/488 423/503/490
f 426/502/489 423/503/490 424/504/491
f 424/504/491 423/503/490 410/505/492
f 424/504/491 410/505/492 411/506/493
f 409/507/494 420/508/495 408/494/482
f 408/494/482 420/508/495 429/509/496
f 408/494/482 429/509/496 415/495/483
f 415/495/483 429/509/496 428/510/497
f 415/495/483 428/510/497 433/499/486
f 433/499/486 428/510/497 427/501/488
f 410/505/492 422/511/498 409/507/494
f 409/507/494 422/511/498 421/512/499
f 409/507/494 421/512/499 420/508/495
f 420/508/495 421/512/499 429/509/496
f 411/506/493 412/513/500 424/504/491
f 424/504/491 412/513/500 425/514/501
f 424/504/491 425/514/501 426/502/489
f 426/502/489 425/514/501 431/515/502
f 426/502/489 431/515/502 432/500/487
f 432/500/487 431/515/502 418/516/503
f 432/500/487 418/516/503 417/498/485
f 417/498/485 418/516/503 383/496/467
f 412/513/500 413/517/504 425/514/501
f 425/514/501 413/517/504 430/518/505
f 425/514/501 430/518/505 431/515/502
f 431/515/502 430/518/505 419/519/506
f 431/515/502 419/519/506 418/516/503
f 418/516/503 419/519/506 383/496/467
f 430/518/505 413/517/504 414/520/507
f 414/520/507 413/517/504 384/521/508
f 414/520/507 384/521/508 419/519/506
f 419/519/506 384/521/508 383/496/467
f 415/495/483 433/499/486 416/497/484
f 430/518/505 414/520/507 419/519/506
f 428/510/497 429/509/496 421/512/499
f 427/501/488 428/510/497 422/511/498
f 422/511/498 428/510/497 421/512/499
f 410/505/492 423/503/490 422/511/498
f 422/511/498 423/503/490 427/501/488
f 434/522/509 441/523/510 409/524/494
f 409/524/494 441/523/510 442/525/511
f 409/524/494 442/525/511 443/526/512
f 443/526/512 442/525/511 459/527/513
f 443/526/512 459/527/513 458/528/514
f 458/528/514 459/527/513 453/529/515
f 458/528/514 453/529/515 452/530/516
f 452/530/516 453/529/515 449/531/517
f 452/530/516 449/531/517 450/532/518
f 450/532/518 449/531/517 436/533/519
f 450/532/518 436/533/519 437/534/520
f 435/535/521 446/536/522 434/522/509
f 434/522/509 446/536/522 455/537/523
f 434/522/509 455/537/523 441/523/510
f 441/523/510 455/537/523 454/538/524
f 441/523/510 454/538/524 459/527/513
f 459/527/513 454/538/524 453/529/515
f 436/533/519 448/539/525 435/535/521
f 435/535/521 448/539/525 447/540/526
f 435/535/521 447/540/526 446/536/522
f 446/536/522 447/540/526 455/537/523
f 437/534/520 438/541/527 450/532/518
f 450/532/518 438/541/527 451/542/528
f 450/532/518 451/542/528 452/530/516
f 452/530/516 451/542/528 457/543/529
f 452/530/516 457/543/529 458/528/514
f 458/528/514 457/543/529 444/544/530
f 458/528/514 444/544/530 443/526/512
f 443/526/512 444/544/530 409/524/494
f 438/541/527 439/545/531 451/542/528
f 451/542/528 439/545/531 456/546/532
f 451/542/528 456/546/532 457/543/529
f 457/543/529 456/546/532 445/547/533
f 457/543/529 445/547/533 444/544/530
f 444/544/530 445/547/533 409/524/494
f 456/546/532 439/545/531 440/548/534
f 440/548/534 439/545/531 410/549/535
f 440/548/534 410/549/535 445/547/533
f 445/547/533 410/549/535 409/524/494
f 441/523/510 459/527/513 442/525/511
f 456/546/532 440/548/534 445/547/533
f 454/538/524 455/537/523 447/540/526
f 453/529/515 454/538/524 448/539/525
f 448/539/525 454/538/524 447/540/526
f 436/533/519 449/531/517 448/539/525
f 448/539/525 449/531/517 453/529/515
f 460/550/536 467/551/537 435/552/521
f 435/552/521 467/551/537 468/553/538
f 435/552/521 468/553/538 469/554/539
f 469/554/539 468/553/538 485/555/540
f 469/554/539 485/555/540 484/556/541
f 484/556/541 485/555/540 479/557/542
f 484/556/541 479/557/542 478/558/543
f 478/558/543 479/557/542 475/559/544
f 478/558/543 475/559/544 476/560/545
f 476/560/545 475/559/544 462/561/546
f 476/560/545 462/561/546 463/562/547
f 461/563/548 472/564/549 460/550/536
f 460/550/536 472/564/549 481/565/550
f 460/550/536 481/565/550 467/551/537
f 467/551/537 481/565/550 480/566/551
f 467/551/537 480/566/551 485/555/540
f 485/555/540 480/566/551 479/557/542
f 462/561/546 474/567/552 461/563/548
f 461/563/548 474/567/552 473/568/553
f 461/563/548 473/568/553 472/564/549
f 472/564/549 473/568/553 481/565/550
f 463/562/547 464/569/554 476/560/545
f 476/560/545 464/569/554 477/570/555
f 476/560/545 477/570/555 478/558/543
f 478/558/543 477/570/555 483/571/556
f 478/558/543 483/571/556 484/556/541
f 484/556/541 483/571/556 470/572/557
f 484/556/541 470/572/557 469/554/539
f 469/554/539 470/572/557 435/552/521
f 464/569/554 465/573/558 477/570/555
f 477/570/555 465/573/558 482/574/559
f 477/570/555 482/574/559 483/571/556
f 483/571/556 482/574/559 471/575/560
f 483/571/556 471/575/560 470/572/557
f 470/572/557 471/575/560 435/552/521
f 482/574/559 465/573/558 466/576/561
f 466/576/561 465/573/558 436/577/562
f 466/576/561 436/577/562 471/575/560
f 471/575/560 436/577/562 435/552/521
f 467/551/537 485/555/540 468/553/538
f 482/574/559 466/576/561 471/575/560
f 480/566/551 481/565/550 473/568/553
f 479/557/542 480/566/551 474/567/552
f 474/567/552 480/566/551 473/568/553
f 462/561/546 475/559/544 474/567/552
f 474/567/552 475/559/544 479/557/542
f 486/578/563 493/579/564 461/580/548
f 461/580/548 493/579/564 494/581/565
f 461/580/548 494/581/565 495/582/566
f 495/582/566 494/581/565 511/583/567
f 495/582/566 511/583/567 510/584/568
f 510/584/568 511/583/567 505/585/569
f 510/584/568 505/585/569 504/586/570
f 504/586/570 505/585/569 501/587/571
f 504/586/570 501/587/571 502/588/572
f 502/588/572 501/587/571 488/589/573
f 502/588/572 488/589/573 489/590/574
f 487/591/575 498/592/576 486/578/563
f 486/578/563 498/592/576 507/593/577
f 486/578/563 507/593/577 493/579/564
f 493/579/564 507/593/577 506/594/578
f 493/579/564 506/594/578 511/583/567
f 511/583/567 506/594/578 505/585/569
f 488/589/573 500/595/579 487/591/575
f 487/591/575 500/595/579 499/596/580
f 487/591/575 499/596/580 498/592/576
f 498/592/576 499/596/580 507/593/577
f 489/590/574 490/597/581 502/588/572
f 502/588/572 490/597/581 503/598/582
f 502/588/572 503/598/582 504/586/570
f 504/586/570 503/598/582 509/599/583
f 504/586/570 509/599/583 510/584/568
f 510/584/568 509/599/583 496/600/584
f 510/584/568 496/600/584 495/582/566
f 495/582/566 496/600/584 461/580/548
f 490/597/581 491/601/585 503/598/582
f 503/598/582 491/601/585 508/602/586
f 503/598/582 508/602/586 509/599/583
f 509/599/583 508/602/586 497/603/587
f 509/599/583 497/603/587 496/600/584
f 496/600/584 497/603/587 461/580/548
f 508/602/586 491/601/585 492/604/588
f 492/604/588 491/601/585 462/605/589
f 492/604/588 462/605/589 497/603/587
f 497/603/587 462/605/589 461/580/548
f 493/579/564 511/583/567 494/581/565
f 508/602/586 492/604/588 497/603/587
f 506/594/578 507/593/577 499/596/580
f 505/585/569 506/594/578 500/595/579
f 500/595/579 506/594/578 499/596/580
f 488/589/573 501/587/571 500/595/579
f 500/595/579 501/587/571 505/585/569
f 512/606/590 521/607/591 487/608/575
f 487/608/575 521/607/591 522/609/592
f 487/608/575 522/609/592 523/610/593
f 523/610/593 522/609/592 527/611/594
f 523/610/593 527/611/594 526/612/595
f 526/612/595 527/611/594 533/613/596
f 526/612/595 533/613/596 534/614/597
f 534/614/597 533/613/596 539/615/598
f 534/614/597 539/615/598 518/616/599
f 518/616/599 539/615/598 517/617/600
f 517/617/600 539/615/598 516/618/601
f 516/618/601 539/615/598 538/619/602
f 516/618/601 538/619/602 537/620/603
f 537/620/603 538/619/602 532/621/604
f 537/620/603 532/621/604 531/622/605
f 531/622/605 532/621/604 528/623/606
f 531/622/605 528/623/606 529/624/607
f 529/624/607 528/623/606 521/607/591
f 529/624/607 521/607/591 512/606/590
f 529/624/607 512/606/590 530/625/608
f 530/625/608 512/606/590 513/626/609
f 530/625/608 513/626/609 535/627/610
f 535/627/610 513/626/609 514/628/611
f 535/627/610 514/628/611 536/629/612
f 536/629/612 514/628/611 515/630/613
f 536/629/612 515/630/613 537/620/603
f 537/620/603 515/630/613 516/618/601
f 518/616/599 519/631/614 534/614/597
f 534/614/597 519/631/614 525/632/615
f 534/614/597 525/632/615 526/612/595
f 526/612/595 525/632/615 524/633/616
f 526/612/595 524/633/616 523/610/593
f 523/610/593 524/633/616 487/608/575
f 525/632/615 519/631/614 520/634/617
f 520/634/617 519/631/614 488/635/618
f 520/634/617 488/635/618 524/633/616
f 524/633/616 488/635/618 487/608/575
f 527/611/594 522/609/592 528/623/606
f 528/623/606 522/609/592 521/607/591
f 525/632/615 520/634/617 524/633/616
f 533/613/596 527/611/594 532/621/604
f 532/621/604 527/611/594 528/623/606
f 529/624/607 530/625/608 531/622/605
f 531/622/605 530/625/608 536/629/612
f 531/622/605 536/629/612 537/620/603
f 535/627/610 536/629/612 530/625/608
f 539/615/598 533/613/596 538/619/602
f 538/619/602 533/613/596 532/621/604
f 540/636/619 547/637/620 515/638/613
f 515/638/613 547/637/620 548/639/621
f 515/638/613 548/639/621 549/640/622
f 549/640/622 548/639/621 565/641/623
f 549/640/622 565/641/623 564/642/624
f 564/642/624 565/641/623 559/643/625
f 564/642/624 559/643/625 558/644/626
f 558/644/626 559/643/625 555/645/627
f 558/644/626 555/645/627 556/646/628
f 556/646/628 555/645/627 542/647/629
f 556/646/628 542/647/629 543/648/630
f 541/649/631 552/650/632 540/636/619
f 540/636/619 552/650/632 561/651/633
f 540/636/619 561/651/633 547/637/620
f 547/637/620 561/651/633 560/652/634
f 547/637/620 560/652/634 565/641/623
f 565/641/623 560/652/634 559/643/625
f 542/647/629 554/653/635 541/649/631
f 541/649/631 554/653/635 553/654/636
f 541/649/631 553/654/636 552/650/632
f 552/650/632 553/654/636 561/651/633
f 543/648/630 544/655/637 556/646/628
f 556/646/628 544/655/637 557/656/638
f 556/646/628 557/656/638 558/644/626
f 558/644/626 557/656/638 563/657/639
f 558/644/626 563/657/639 564/642/624
f 564/642/624 563/657/639 550/658/640
f 564/642/624 550/658/640 549/640/622
f 549/640/622 550/658/640 515/638/613
f 544/655/637 545/659/641 557/656/638
f 557/656/638 545/659/641 562/660/642
f 557/656/638 562/660/642 563/657/639
f 563/657/639 562/660/642 551/661/643
f 563/657/639 551/661/643 550/658/640
f 550/658/640 551/661/643 515/638/613
f 562/660/642 545/659/641 546/662/644
f 546/662/644 545/659/641 516/663/645
f 546/662/644 516/663/645 551/661/643
f 551/661/643 516/663/645 515/638/613
f 547/637/620 565/641/623 548/639/621
f 562/660/642 546/662/644 551/661/643
f 560/652/634 561/651/633 553/654/636
f 559/643/625 560/652/634 554/653/635
f 554/653/635 560/652/634 553/654/636
f 542/647/629 555/645/627 554/653/635
f 554/653/635 555/645/627 559/643/625
f 566/664/646 573/665/647 541/666/631
f 541/666/631 573/665/647 574/667/648
f 541/666/631 574/667/648 575/668/649
f 575/668/649 574/667/648 591/669/650
f 575/668/649 591/669/650 590/670/651
f 590/670/651 591/669/650 585/671/652
f 590/670/651 585/671/652 584/672/653
f 584/672/653 585/671/652 581/673/654
f 584/672/653 581/673/654 582/674/655
f 582/674/655 581/673/654 568/675/656
f 582/674/655 568/675/656 569/676/657
f 567/677/658 578/678/659 566/664/646
f 566/664/646 578/678/659 587/679/660
f 566/664/646 587/679/660 573/665/647
f 573/665/647 587/679/660 586/680/661
f 573/665/647 586/680/661 591/669/650
f 591/669/650 586/680/661 585/671/652
f 568/675/656 580/681/662 567/677/658
f 567/677/658 580/681/662 579/682/663
f 567/677/658 579/682/663 578/678/659
f 578/678/659 579/682/663 587/679/660
f 569/676/657 570/683/664 582/674/655
f 582/674/655 570/683/664 583/684/665
f 582/674/655 583/684/665 584/672/653
f 584/672/653 583/684/665 589/685/666
f 584/672/653 589/685/666 590/670/651
f 590/670/651 589/685/666 576/686/667
f 590/670/651 576/686/667 575/668/649
f 575/668/649 576/686/667 541/666/631
f 570/683/664 571/687/668 583/684/665
f 583/684/665 571/687/668 588/688/669
f 583/684/665 588/688/669 589/685/666
f 589/685/666 588/688/669 577/689/670
f 589/685/666 577/689/670 576/686/667
f 576/686/667 577/689/670 541/666/631
f 588/688/669 571/687/668 572/690/671
f 572/690/671 571/687/668 542/691/672
f 572/690/671 542/691/672 577/689/670
f 577/689/670 542/691/672 541/666/631
f 573/665/647 591/669/650 574/667/648
f 588/688/669 572/690/671 577/689/670
f 586/680/661 587/679/660 579/682/663
f 585/671/652 586/680/661 580/681/662
f 580/681/662 586/680/661 579/682/663
f 568/675/656 581/673/654 580/681/662
f 580/681/662 581/673/654 585/671/652
f 592/692/673 599/693/674 567/694/658
f 567/694/658 599/693/674 600/695/675
f 567/694/658 600/695/675 601/696/676
f 601/696/676 600/695/675 617/697/677
f 601/696/676 617/697/677 616/698/678
f 616/698/678 617/697/677 611/699/679
f 616/698/678 611/699/679 610/700/680
f 610/700/680 611/699/679 607/701/681
f 610/700/680 607/701/681 608/702/682
f 608/702/682 607/701/681 594/703/683
f 608/702/682 594/703/683 595/704/684
f 593/705/685 604/706/686 592/692/673
f 592/692/673 604/706/686 613/707/687
f 592/692/673 613/707/687 599/693/674
f 599/693/674 613/707/687 612/708/688
f 599/693/674 612/708/688 617/697/677
f 617/697/677 612/708/688 611/699/679
f 594/703/683 606/709/689 593/705/685
f 593/705/685 606/709/689 605/710/690
f 593/705/685 605/710/690 604/706/686
f 604/706/686 605/710/690 613/707/687
f 595/704/684 596/711/691 608/702/682
f 608/702/682 596/711/691 609/712/692
f 608/702/682 609/712/692 610/700/680
f 610/700/680 609/712/692 615/713/693
f 610/700/680 615/713/693 616/698/678
f 616/698/678 615/713/693 602/714/694
f 616/698/678 602/714/694 601/696/676
f 601/696/676 602/714/694 567/694/658
f 596/711/691 597/715/695 609/712/692
f 609/712/692 597/715/695 614/716/696
f 609/712/692 614/716/696 615/713/693
f 615/713/693 614/716/696 603/717/697
f 615/713/693 603/717/697 602/714/694
f 602/714/694 603/717/697 567/694/658
f 614/716/696 597/715/695 598/718/698
f 598/718/698 597/715/695 568/719/699
f 598/718/698 568/719/699 603/717/697
f 603/717/697 568/719/699 567/694/658
f 599/693/674 617/697/677 600/695/675
f 614/716/696 598/718/698 603/717/697
f 612/708/688 613/707/687 605/710/690
f 611/699/679 612/708/688 606/709/689
f 606/709/689 612/708/688 605/710/690
f 594/703/683 607/701/681 606/709/689
f 606/709/689 607/701/681 611/699/679
f 618/720/700 625/721/701 593/722/685
f 593/722/685 625/721/701 626/723/702
f 593/722/685 626/723/702 627/724/703
f 627/724/703 626/723/702 643/725/704
f 627/724/703 643/725/704 642/726/705
f 642/726/705 643/725/704 637/727/706
f 642/726/705 637/727/706 636/728/707
f 636/728/707 637/727/706 633/729/708
f 636/728/707 633/729/708 634/730/709
f 634/730/709 633/729/708 620/731/710
f 634/730/709 620/731/710 621/732/711
f 619/733/712 630/734/713 618/720/700
f 618/720/700 630/734/713 639/735/714
f 618/720/700 639/735/714 625/721/701
f 625/721/701 639/735/714 638/736/715
f 625/721/701 638/736/715 643/725/704
f 643/725/704 638/736/715 637/727/706
f 620/731/710 632/737/716 619/733/712
f 619/733/712 632/737/716 631/738/717
f 619/733/712 631/738/717 630/734/713
f 630/734/713 631/738/717 639/735/714
f 621/732/711 622/739/718 634/730/709
f 634/730/709 622/739/718 635/740/719
f 634/730/709 635/740/719 636/728/707
f 636/728/707 635/740/719 641/741/720
f 636/728/707 641/741/720 642/726/705
f 642/726/705 641/741/720 628/742/721
f 642/726/705 628/742/721 627/724/703
f 627/724/703 628/742/721 593/722/685
f 622/739/718 623/743/722 635/740/719
f 635/740/719 623/743/722 640/744/723
f 635/740/719 640/744/723 641/741/720
f 641/741/720 640/744/723 629/745/724
f 641/741/720 629/745/724 628/742/721
f 628/742/721 629/745/724 593/722/685
f 640/744/723 623/743/722 624/746/725
f 624/746/725 623/743/722 594/747/726
f 624/746/725 594/747/726 629/745/724
f 629/745/724 594/747/726 593/722/685
f 625/721/701 643/725/704 626/723/702
f 640/744/723 624/746/725 629/745/724
f 638/736/715 639/735/714 631/738/717
f 637/727/706 638/736/715 632/737/716
f 632/737/716 638/736/715 631/738/717
f 620/731/710 633/729/708 632/737/716
f 632/737/716 633/729/708 637/727/706
f 644/748/727 651/749/728 619/750/712
f 619/750/712 651/749/728 652/751/729
f 619/750/712 652/751/729 653/752/730
f 653/752/730 652/751/729 669/753/731
f 653/752/730 669/753/731 668/754/732
f 668/754/732 669/753/731 663/755/733
f 668/754/732 663/755/733 662/756/734
f 662/756/734 663/755/733 659/757/735
f 662/756/734 659/757/735 660/758/736
f 660/758/736 659/757/735 646/759/737
f 660/758/736 646/759/737 647/760/738
f 645/761/739 656/762/740 644/748/727
f 644/748/727 656/762/740 665/763/741
f 644/748/727 665/763/741 651/749/728
f 651/749/728 665/763/741 664/764/742
f 651/749/728 664/764/742 669/753/731
f 669/753/731 664/764/742 663/755/733
f 646/759/737 658/765/743 645/761/739
f 645/761/739 658/765/743 657/766/744
f 645/761/739 657/766/744 656/762/740
f 656/762/740 657/766/744 665/763/741
f 647/760/738 648/767/745 660/758/736
f 660/758/736 648/767/745 661/768/746
f 660/758/736 661/768/746 662/756/734
f 662/756/734 661/768/746 667/769/747
f 662/756/734 667/769/747 668/754/732
f 668/754/732 667/769/747 654/770/748
f 668/754/732 654/770/748 653/752/730
f 653/752/730 654/770/748 619/750/712
f 648/767/745 649/771/749 661/768/746
f 661/768/746 649/771/749 666/772/750
f 661/768/746 666/772/750 667/769/747
f 667/769/747 666/772/750 655/773/751
f 667/769/747 655/773/751 654/770/748
f 654/770/748 655/773/751 619/750/712
f 666/772/750 649/771/749 650/774/752
f 650/774/752 649/771/749 620/775/753
f 650/774/752 620/775/753 655/773/751
f 655/773/751 620/775/753 619/750/712
f 651/749/728 669/753/731 652/751/729
f 666/772/750 650/774/752 655/773/751
f 664/764/742 665/763/741 657/766/744
f 663/755/733 664/764/742 658/765/743
f 658/765/743 664/764/742 657/766/744
f 646/759/737 659/757/735 658/765/743
f 658/765/743 659/757/735 663/755/733
f 670/776/754 677/777/755 645/778/739
f 645/778/739 677/777/755 678/779/756
f 645/778/739 678/779/756 679/780/757
f 679/780/757 678/779/756 695/781/758
f 679/780/757 695/781/758 694/782/759
f 694/782/759 695/781/758 689/783/760
f 694/782/759 689/783/760 688/784/761
f 688/784/761 689/783/760 685/785/762
f 688/784/761 685/785/762 686/786/763
f 686/786/763 685/785/762 672/787/764
f 686/786/763 672/787/764 673/788/765
f 671/789/766 682/790/767 670/776/754
f 670/776/754 682/790/767 691/791/768
f 670/776/754 691/791/768 677/777/755
f 677/777/755 691/791/768 690/792/769
f 677/777/755 690/792/769 695/781/758
f 695/781/758 690/792/769 689/783/760
f 672/787/764 684/793/770 671/789/766
f 671/789/766 684/793/770 683/794/771
f 671/789/766 683/794/771 682/790/767
f 682/790/767 683/794/771 691/791/768
f 673/788/765 674/795/772 686/786/763
f 686/786/763 674/795/772 687/796/773
f 686/786/763 687/796/773 688/784/761
f 688/784/761 687/796/773 693/797/774
f 688/784/761 693/797/774 694/782/759
f 694/782/759 693/797/774 680/798/775
f 694/782/759 680/798/775 679/780/757
f 679/780/757 680/798/775 645/778/739
f 674/795/772 675/799/776 687/796/773
f 687/796/773 675/799/776 692/800/777
f 687/796/773 692/800/777 693/797/774
f 693/797/774 692/800/777 681/801/778
f 693/797/774 681/801/778 680/798/775
f 680/798/775 681/801/778 645/778/739
f 692/800/777 675/799/776 676/802/779
f 676/802/779 675/799/776 646/803/780
f 676/802/779 646/803/780 681/801/778
f 681/801/778 646/803/780 645/778/739
f 677/777/755 695/781/758 678/779/756
f 692/800/777 676/802/779 681/801/778
f 690/792/769 691/791/768 683/794/771
f 689/783/760 690/792/769 684/793/770
f 684/793/770 690/792/769 683/794/771
f 672/787/764 685/785/762 684/793/770
f 684/793/770 685/785/762 689/783/760
f 696/804/781 703/805/782 671/806/766
f 671/806/766 703/805/782 704/807/783
f 671/806/766 704/807/783 705/808/784
f 705/808/784 704/807/783 721/809/785
f 705/808/784 721/809/785 720/810/786
f 720/810/786 721/809/785 715/811/787
f 720/810/786 715/811/787 714/812/788
f 714/812/788 715/811/787 711/813/789
f 714/812/788 711/813/789 712/814/790
f 712/814/790 711/813/789 698/815/791
f 712/814/790 698/815/791 699/816/792
f 697/817/793 708/818/794 696/804/781
f 696/804/781 708/818/794 717/819/795
f 696/804/781 717/819/795 703/805/782
f 703/805/782 717/819/795 716/820/796
f 703/805/782 716/820/796 721/809/785
f 721/809/785 716/820/796 715/811/787
f 698/815/791 710/821/797 697/817/793
f 697/817/793 710/821/797 709/822/798
f 697/817/793 709/822/798 708/818/794
f 708/818/794 709/822/798 717/819/795
f 699/816/792 700/823/799 712/814/790
f 712/814/790 700/823/799 713/824/800
f 712/814/790 713/824/800 714/812/788
f 714/812/788 713/824/800 719/825/801
f 714/812/788 719/825/801 720/810/786
f 720/810/786 719/825/801 706/826/802
f 720/810/786 706/826/802 705/808/784
f 705/808/784 706/826/802 671/806/766
f 700/823/799 701/827/803 713/824/800
f 713/824/800 701/827/803 718/828/804
f 713/824/800 718/828/804 719/825/801
f 719/825/801 718/828/804 707/829/805
f 719/825/801 707/829/805 706/826/802
f 706/826/802 707/829/805 671/806/766
f 718/828/804 701/827/803 702/830/806
f 702/830/806 701/827/803 672/831/807
f 702/830/806 672/831/807 707/829/805
f 707/829/805 672/831/807 671/806/766
f 703/805/782 721/809/785 704/807/783
f 718/828/804 702/830/806 707/829/805
f 716/820/796 717/819/795 709/822/798
f 715/811/787 716/820/796 710/821/797
f 710/821/797 716/820/796 709/822/798
f 698/815/791 711/813/789 710/821/797
f 710/821/797 711/813/789 715/811/787
f 722/832/808 729/833/809 697/834/793
f 697/834/793 729/833/809 730/835/810
f 697/834/793 730/835/810 731/836/811
f 731/836/811 730/835/810 747/837/812
f 731/836/811 747/837/812 746/838/813
f 746/838/813 747/837/812 741/839/814
f 746/838/813 741/839/814 740/840/815
f 740/840/815 741/839/814 737/841/816
f 740/840/815 737/841/816 738/842/817
f 738/842/817 737/841/816 724/843/818
f 738/842/817 724/843/818 725/844/819
f 723/845/820 734/846/821 722/832/808
f 722/832/808 734/846/821 743/847/822
f 722/832/808 743/847/822 729/833/809
f 729/833/809 743/847/822 742/848/823
f 729/833/809 742/848/823 747/837/812
f 747/837/812 742/848/823 741/839/814
f 724/843/818 736/849/824 723/845/820
f 723/845/820 736/849/824 735/850/825
f 723/845/820 735/850/825 734/846/821
f 734/846/821 735/850/825 743/847/822
f 725/844/819 726/851/826 738/842/817
f 738/842/817 726/851/826 739/852/827
f 738/842/817 739/852/827 740/840/815
f 740/840/815 739/852/827 745/853/828
f 740/840/815 745/853/828 746/838/813
f 746/838/813 745/853/828 732/854/829
f 746/838/813 732/854/829 731/836/811
f 731/836/811 732/854/829 697/834/793
f 726/851/826 727/855/830 739/852/827
f 739/852/827 727/855/830 744/856/831
f 739/852/827 744/856/831 745/853/828
f 745/853/828 744/856/831 733/857/832
f 745/853/828 733/857/832 732/854/829
f 732/854/829 733/857/832 697/834/793
f 744/856/831 727/855/830 728/858/833
f 728/858/833 727/855/830 698/859/834
f 728/858/833 698/859/834 733/857/832
f 733/857/832 698/859/834 697/834/793
f 729/833/809 747/837/812 730/835/810
f 744/856/831 728/858/833 733/857/832
f 742/848/823 743/847/822 735/850/825
f 741/839/814 742/848/823 736/849/824
f 736/849/824 742/848/823 735/850/825
f 724/843/818 737/841/816 736/849/824
f 736/849/824 737/841/816 741/839/814
f 748/860/835 755/861/836 723/862/820
f 723/862/820 755/861/836 756/863/837
f 723/862/820 756/863/837 757/864/838
f 757/864/838 756/863/837 773/865/839
f 757/864/838 773/865/839 772/866/840
f 772/866/840 773/865/839 767/867/841
f 772/866/840 767/867/841 766/868/842
f 766/868/842 767/867/841 763/869/843
f 766/868/842 763/869/843 764/870/844
f 764/870/844 763/869/843 750/871/845
f 764/870/844 750/871/845 751/872/846
f 749/873/847 760/874/848 748/860/835
f 748/860/835 760/874/848 769/875/849
f 748/860/835 769/875/849 755/861/836
f 755/861/836 769/875/849 768/876/850
f 755/861/836 768/876/850 773/865/839
f 773/865/839 768/876/850 767/867/841
f 750/871/845 762/877/851 749/873/847
f 749/873/847 762/877/851 761/878/852
f 749/873/847 761/878/852 760/874/848
f 760/874/848 761/878/852 769/875/849
f 751/872/846 752/879/853 764/870/844
f 764/870/844 752/879/853 765/880/854
f 764/870/844 765/880/854 766/868/842
f 766/868/842 765/880/854 771/881/855
f 766/868/842 771/881/855 772/866/840
f 772/866/840 771/881/855 758/882/856
f 772/866/840 758/882/856 757/864/838
f 757/864/838 758/882/856 723/862/820
f 752/879/853 753/883/857 765/880/854
f 765/880/854 753/883/857 770/884/858
f 765/880/854 770/884/858 771/881/855
f 771/881/855 770/884/858 759/885/859
f 771/881/855 759/885/859 758/882/856
f 758/882/856 759/885/859 723/862/820
f 770/884/858 753/883/857 754/886/860
f 754/886/860 753/883/857 724/887/861
f 754/886/860 724/887/861 759/885/859
f 759/885/859 724/887/861 723/862/820
f 755/861/836 773/865/839 756/863/837
f 770/884/858 754/886/860 759/885/859
f 768/876/850 769/875/849 761/878/852
f 767/867/841 768/876/850 762/877/851
f 762/877/851 768/876/850 761/878/852
f 750/871/845 763/869/843 762/877/851
f 762/877/851 763/869/843 767/867/841
f 774/888/862 781/889/863 749/890/847
f 749/890/847 781/889/863 782/891/864
f 749/890/847 782/891/864 783/892/865
f 783/892/865 782/891/864 799/893/866
f 783/892/865 799/893/866 798/894/867
f 798/894/867 799/893/866 793/895/868
f 798/894/867 793/895/868 792/896/869
f 792/896/869 793/895/868 789/897/870
f 792/896/869 789/897/870 790/898/871
f 790/898/871 789/897/870 776/899/872
f 790/898/871 776/899/872 777/900/873
f 775/901/874 786/902/875 774/888/862
f 774/888/862 786/902/875 795/903/876
f 774/888/862 795/903/876 781/889/863
f 781/889/863 795/903/876 794/904/877
f 781/889/863 794/904/877 799/893/866
f 799/893/866 794/904/877 793/895/868
f 776/899/872 788/905/878 775/901/874
f 775/901/874 788/905/878 787/906/879
f 775/901/874 787/906/879 786/902/875
f 786/902/875 787/906/879 795/903/876
f 777/900/873 778/907/880 790/898/871
f 790/898/871 778/907/880 791/908/881
f 790/898/871 791/908/881 792/896/869
f 792/896/869 791/908/881 797/909/882
f 792/896/869 797/909/882 798/894/867
f 798/894/867 797/909/882 784/910/883
f 798/894/867 784/910/883 783/892/865
f 783/892/865 784/910/883 749/890/847
f 778/907/880 779/911/884 791/908/881
f 791/908/881 779/911/884 796/912/885
f 791/908/881 796/912/885 797/909/882
f 797/909/882 796/912/885 785/913/886
f 797/909/882 785/913/886 784/910/883
f 784/910/883 785/913/886 749/890/847
f 796/912/885 779/911/884 780/914/887
f 780/914/887 779/911/884 750/915/888
f 780/914/887 750/915/888 785/913/886
f 785/913/886 750/915/888 749/890/847
f 781/889/863 799/893/866 782/891/864
f 796/912/885 780/914/887 785/913/886
f 794/904/877 795/903/876 787/906/879
f 793/895/868 794/904/877 788/905/878
f 788/905/878 794/904/877 787/906/879
f 776/899/872 789/897/870 788/905/878
f 788/905/878 789/897/870 793/895/868
f 800/916/889 807/917/890 775/918/874
f 775/918/874 807/917/890 808/919/891
f 775/918/874 808/919/891 809/920/892
f 809/920/892 808/919/891 825/921/893
f 809/920/892 825/921/893 824/922/894
f 824/922/894 825/921/893 819/923/895
f 824/922/894 819/923/895 818/924/896
f 818/924/896 819/923/895 815/925/897
f 818/924/896 815/925/897 816/926/898
f 816/926/898 815/925/897 802/927/899
f 816/926/898 802/927/899 803/928/900
f 801/929/901 812/930/902 800/916/889
f 800/916/889 812/930/902 821/931/903
f 800/916/889 821/931/903 807/917/890
f 807/917/890 821/931/903 820/932/904
f 807/917/890 820/932/904 825/921/893
f 825/921/893 820/932/904 819/923/895
f 802/927/899 814/933/905 801/929/901
f 801/929/901 814/933/905 813/934/906
f 801/929/901 813/934/906 812/930/902
f 812/930/902 813/934/906 821/931/903
f 803/928/900 804/935/907 816/926/898
f 816/926/898 804/935/907 817/936/908
f 816/926/898 817/936/908 818/924/896
f 818/924/896 817/936/908 823/937/909
f 818/924/896 823/937/909 824/922/894
f 824/922/894 823/937/909 810/938/910
f 824/922/894 810/938/910 809/920/892
f 809/920/892 810/938/910 775/918/874
f 804/935/907 805/939/911 817/936/908
f 817/936/908 805/939/911 822/940/912
f 817/936/908 822/940/912 823/937/909
f 823/937/909 822/940/912 811/941/913
f 823/937/909 811/941/913 810/938/910
f 810/938/910 811/941/913 775/918/874
f 822/940/912 805/939/911 806/942/914
f 806/942/914 805/939/911 776/943/915
f 806/942/914 776/943/915 811/941/913
f 811/941/913 776/943/915 775/918/874
f 807/917/890 825/921/893 808/919/891
f 822/940/912 806/942/914 811/941/913
f 820/932/904 821/931/903 813/934/906
f 819/923/895 820/932/904 814/933/905
f 814/933/905 820/932/904 813/934/906
f 802/927/899 815/925/897 814/933/905
f 814/933/905 815/925/897 819/923/895
f 826/944/916 833/945/917 801/946/901
f 801/946/901 833/945/917 834/947/918
f 801/946/901 834/947/918 835/948/919
f 835/948/919 834/947/918 851/949/920
f 835/948/919 851/949/920 850/950/921
f 850/950/921 851/949/920 845/951/922
f 850/950/921 845/951/922 844/952/923
f 844/952/923 845/951/922 841/953/924
f 844/952/923 841/953/924 842/954/925
f 842/954/925 841/953/924 828/955/926
f 842/954/925 828/955/926 829/956/927
f 827/957/928 838/958/929 826/944/916
f 826/944/916 838/958/929 847/959/930
f 826/944/916 847/959/930 833/945/917
f 833/945/917 847/959/930 846/960/931
f 833/945/917 846/960/931 851/949/920
f 851/949/920 846/960/931 845/951/922
f 828/955/926 840/961/932 827/957/928
f 827/957/928 840/961/932 839/962/933
f 827/957/928 839/962/933 838/958/929
f 838/958/929 839/962/933 847/959/930
f 829/956/927 830/963/934 842/954/925
f 842/954/925 830/963/934 843/964/935
f 842/954/925 843/964/935 844/952/923
f 844/952/923 843/964/935 849/965/936
f 844/952/923 849/965/936 850/950/921
f 850/950/921 849/965/936 836/966/937
f 850/950/921 836/966/937 835/948/919
f 835/948/919 836/966/937 801/946/901
f 830/963/934 831/967/938 843/964/935
f 843/964/935 831/967/938 848/968/939
f 843/964/935 848/968/939 849/965/936
f 849/965/936 848/968/939 837/969/940
f 849/965/936 837/969/940 836/966/937
f 836/966/937 837/969/940 801/946/901
f 848/968/939 831/967/938 832/970/941
f 832/970/941 831/967/938 802/971/942
f 832/970/941 802/971/942 837/969/940
f 837/969/940 802/971/942 801/946/901
f 833/945/917 851/949/920 834/947/918
f 848/968/939 832/970/941 837/969/940
f 846/960/931 847/959/930 839/962/933
f 845/951/922 846/960/931 840/961/932
f 840/961/932 846/960/931 839/962/933
f 828/955/926 841/953/924 840/961/932
f 840/961/932 841/953/924 845/951/922
f 852/972/943 859/973/944 827/974/928
f 827/974/928 859/973/944 860/975/945
f 827/974/928 860/975/945 861/976/946
f 861/976/946 860/975/945 877/977/947
f 861/976/946 877/977/947 876/978/948
f 876/978/948 877/977/947 871/979/949
f 876/978/948 871/979/949 870/980/950
f 870/980/950 871/979/949 867/981/951
f 870/980/950 867/981/951 868/982/952
f 868/982/952 867/981/951 854/983/953
f 868/982/952 854/983/953 855/984/954
f 853/985/955 864/986/956 852/972/943
f 852/972/943 864/986/956 873/987/957
f 852/972/943 873/987/957 859/973/944
f 859/973/944 873/987/957 872/988/958
f 859/973/944 872/988/958 877/977/947
f 877/977/947 872/988/958 871/979/949
f 854/983/953 866/989/959 853/985/955
f 853/985/955 866/989/959 865/990/960
f 853/985/955 865/990/960 864/986/956
f 864/986/956 865/990/960 873/987/957
f 855/984/954 856/991/961 868/982/952
f 868/982/952 856/991/961 869/992/962
f 868/982/952 869/992/962 870/980/950
f 870/980/950 869/992/962 875/993/963
f 870/980/950 875/993/963 876/978/948
f 876/978/948 875/993/963 862/994/964
f 876/978/948 862/994/964 861/976/946
f 861/976/946 862/994/964 827/974/928
f 856/991/961 857/995/965 869/992/962
f 869/992/962 857/995/965 874/996/966
f 869/992/962 874/996/966 875/993/963
f 875/993/963 874/996/966 863/997/967
f 875/993/963 863/997/967 862/994/964
f 862/994/964 863/997/967 827/974/928
f 874/996/966 857/995/965 858/998/968
f 858/998/968 857/995/965 828/999/969
f 858/998/968 828/999/969 863/997/967
f 863/997/967 828/999/969 827/974/928
f 859/973/944 877/977/947 860/975/945
f 874/996/966 858/998/968 863/997/967
f 872/988/958 873/987/957 865/990/960
f 871/979/949 872/988/958 866/989/959
f 866/989/959 872/988/958 865/990/960
f 854/983/953 867/981/951 866/989/959
f 866/989/959 867/981/951 871/979/949
f 878/1000/970 885/1001/971 853/1002/955
f 853/1002/955 885/1001/971 886/1003/972
f 853/1002/955 886/1003/972 887/1004/973
f 887/1004/973 886/1003/972 903/1005/974
f 887/1004/973 903/1005/974 902/1006/975
f 902/1006/975 903/1005/974 897/1007/976
f 902/1006/975 897/1007/976 896/1008/977
f 896/1008/977 897/1007/976 893/1009/978
f 896/1008/977 893/1009/978 894/1010/979
f 894/1010/979 893/1009/978 880/1011/980
f 894/1010/979 880/1011/980 881/1012/981
f 879/1013/982 890/1014/983 878/1000/970
f 878/1000/970 890/1014/983 899/1015/984
f 878/1000/970 899/1015/984 885/1001/971
f 885/1001/971 899/1015/984 898/1016/985
f 885/1001/971 898/1016/985 903/1005/974
f 903/1005/974 898/1016/985 897/1007/976
f 880/1011/980 892/1017/986 879/1013/982
f 879/1013/982 892/1017/986 891/1018/987
f 879/1013/982 891/1018/987 890/1014/983
f 890/1014/983 891/1018/987 899/1015/984
f 881/1012/981 882/1019/988 894/1010/979
f 894/1010/979 882/1019/988 895/1020/989
f 894/1010/979 895/1020/989 896/1008/977
f 896/1008/977 895/1020/989 901/1021/990
f 896/1008/977 901/1021/990 902/1006/975
f 902/1006/975 901/1021/990 888/1022/991
f 902/1006/975 888/1022/991 887/1004/973
f 887/1004/973 888/1022/991 853/1002/955
f 882/1019/988 883/1023/992 895/1020/989
f 895/1020/989 883/1023/992 900/1024/993
f 895/1020/989 900/1024/993 901/1021/990
f 901/1021/990 900/1024/993 889/1025/994
f 901/1021/990 889/1025/994 888/1022/991
f 888/1022/991 889/1025/994 853/1002/955
f 900/1024/993 883/1023/992 884/1026/995
f 884/1026/995 883/1023/992 854/1027/996
f 884/1026/995 854/1027/996 889/1025/994
f 889/1025/994 854/1027/996 853/1002/955
f 885/1001/971 903/1005/974 886/1003/972
f 900/1024/993 884/1026/995 889/1025/994
f 898/1016/985 899/1015/984 891/1018/987
f 897/1007/976 898/1016/985 892/1017/986
f 892/1017/986 898/1016/985 891/1018/987
f 880/1011/980 893/1009/978 892/1017/986
f 892/1017/986 893/1009/978 897/1007/976
f 904/1028/997 911/1029/998 879/1030/982
f 879/1030/982 911/1029/998 912/1031/999
f 879/1030/982 912/1031/999 913/1032/1000
f 913/1032/1000 912/1031/999 929/1033/1001
f 913/1032/1000 929/1033/1001 928/1034/1002
f 928/1034/1002 929/1033/1001 923/1035/1003
f 928/1034/1002 923/1035/1003 922/1036/1004
f 922/1036/1004 923/1035/1003 919/1037/1005
f 922/1036/1004 919/1037/1005 920/1038/1006
f 920/1038/1006 919/1037/1005 906/1039/1007
f 920/1038/1006 906/1039/1007 907/1040/1008
f 905/1041/1009 916/1042/1010 904/1028/997
f 904/1028/997 916/1042/1010 925/1043/1011
f 904/1028/997 925/1043/1011 911/1029/998
f 911/1029/998 925/1043/1011 924/1044/1012
f 911/1029/998 924/1044/1012 929/1033/1001
f 929/1033/1001 924/1044/1012 923/1035/1003
f 906/1039/1007 918/1045/1013 905/1041/1009
f 905/1041/1009 918/1045/1013 917/1046/1014
f 905/1041/1009 917/1046/1014 916/1042/1010
f 916/1042/1010 917/1046/1014 925/1043/1011
f 907/1040/1008 908/1047/1015 920/1038/1006
f 920/1038/1006 908/1047/1015 921/1048/1016
f 920/1038/1006 921/1048/1016 922/1036/1004
f 922/1036/1004 921/1048/1016 927/1049/1017
f 922/1036/1004 927/1049/1017 928/1034/1002
f 928/1034/1002 927/1049/1017 914/1050/1018
f 928/1034/1002 914/1050/1018 913/1032/1000
f 913/1032/1000 914/1050/1018 879/1030/982
f 908/1047/1015 909/1051/1019 921/1048/1016
f 921/1048/1016 909/1051/1019 926/1052/1020
f 921/1048/1016 926/1052/1020 927/1049/1017
f 927/1049/1017 926/1052/1020 915/1053/1021
f 927/1049/1017 915/1053/1021 914/1050/1018
f 914/1050/1018 915/1053/1021 879/1030/982
f 926/1052/1020 909/1051/1019 910/1054/1022
f 910/1054/1022 909/1051/1019 880/1055/1023
f 910/1054/1022 880/1055/1023 915/1053/1021
f 915/1053/1021 880/1055/1023 879/1030/982
f 911/1029/998 929/1033/1001 912/1031/999
f 926/1052/1020 910/1054/1022 915/1053/1021
f 924/1044/1012 925/1043/1011 917/1046/1014
f 923/1035/1003 924/1044/1012 918/1045/1013
f 918/1045/1013 924/1044/1012 917/1046/1014
f 906/1039/1007 919/1037/1005 918/1045/1013
f 918/1045/1013 919/1037/1005 923/1035/1003
f 930/1056/1024 937/1057/1025 905/1058/1009
f 905/1058/1009 937/1057/1025 938/1059/1026
f 905/1058/1009 938/1059/1026 939/1060/1027
f 939/1060/1027 938/1059/1026 955/1061/1028
f 939/1060/1027 955/1061/1028 954/1062/1029
f 954/1062/1029 955/1061/1028 949/1063/1030
f 954/1062/1029 949/1063/1030 948/1064/1031
f 948/1064/1031 949/1063/1030 945/1065/1032
f 948/1064/1031 945/1065/1032 946/1066/1033
f 946/1066/1033 945/1065/1032 932/1067/1034
f 946/1066/1033 932/1067/1034 933/1068/1035
f 931/1069/1036 942/1070/1037 930/1056/1024
f 930/1056/1024 942/1070/1037 951/1071/1038
f 930/1056/1024 951/1071/1038 937/1057/1025
f 937/1057/1025 951/1071/1038 950/1072/1039
f 937/1057/1025 950/1072/1039 955/1061/1028
f 955/1061/1028 950/1072/1039 949/1063/1030
f 932/1067/1034 944/1073/1040 931/1069/1036
f 931/1069/1036 944/1073/1040 943/1074/1041
f 931/1069/1036 943/1074/1041 942/1070/1037
f 942/1070/1037 943/1074/1041 951/1071/1038
f 933/1068/1035 934/1075/1042 946/1066/1033
f 946/1066/1033 934/1075/1042 947/1076/1043
f 946/1066/1033 947/1076/1043 948/1064/1031
f 948/1064/1031 947/1076/1043 953/1077/1044
f 948/1064/1031 953/1077/1044 954/1062/1029
f 954/1062/1029 953/1077/1044 940/1078/1045
f 954/1062/1029 940/1078/1045 939/1060/1027
f 939/1060/1027 940/1078/1045 905/1058/1009
f 934/1075/1042 935/1079/1046 947/1076/1043
f 947/1076/1043 935/1079/1046 952/1080/1047
f 947/1076/1043 952/1080/1047 953/1077/1044
f 953/1077/1044 952/1080/1047 941/1081/1048
f 953/1077/1044 941/1081/1048 940/1078/1045
f 940/1078/1045 941/1081/1048 905/1058/1009
f 952/1080/1047 935/1079/1046 936/1082/1049
f 936/1082/1049 935/1079/1046 906/1083/1050
f 936/1082/1049 906/1083/1050 941/1081/1048
f 941/1081/1048 906/1083/1050 905/1058/1009
f 937/1057/1025 955/1061/1028 938/1059/1026
f 952/1080/1047 936/1082/1049 941/1081/1048
f 950/1072/1039 951/1071/1038 943/1074/1041
f 949/1063/1030 950/1072/1039 944/1073/1040
f 944/1073/1040 950/1072/1039 943/1074/1041
f 932/1067/1034 945/1065/1032 944/1073/1040
f 944/1073/1040 945/1065/1032 949/1063/1030
f 956/1084/1051 963/1085/1052 931/1086/1036
f 931/1086/1036 963/1085/1052 964/1087/1053
f 931/1086/1036 964/1087/1053 965/1088/1054
f 965/1088/1054 964/1087/1053 981/1089/1055
f 965/1088/1054 981/1089/1055 980/1090/1056
f 980/1090/1056 981/1089/1055 975/1091/1057
f 980/1090/1056 975/1091/1057 974/1092/1058
f 974/1092/1058 975/1091/1057 971/1093/1059
f 974/1092/1058 971/1093/1059 972/1094/1060
f 972/1094/1060 971/1093/1059 958/1095/1061
f 972/1094/1060 958/1095/1061 959/1096/1062
f 957/1097/1063 968/1098/1064 956/1084/1051
f 956/1084/1051 968/1098/1064 977/1099/1065
f 956/1084/1051 977/1099/1065 963/1085/1052
f 963/1085/1052 977/1099/1065 976/1100/1066
f 963/1085/1052 976/1100/1066 981/1089/1055
f 981/1089/1055 976/1100/1066 975/1091/1057
f 958/1095/1061 970/1101/1067 957/1097/1063
f 957/1097/1063 970/1101/1067 969/1102/1068
f 957/1097/1063 969/1102/1068 968/1098/1064
f 968/1098/1064 969/1102/1068 977/1099/1065
f 959/1096/1062 960/1103/1069 972/1094/1060
f 972/1094/1060 960/1103/1069 973/1104/1070
f 972/1094/1060 973/1104/1070 974/1092/1058
f 974/1092/1058 973/1104/1070 979/1105/1071
f 974/1092/1058 979/1105/1071 980/1090/1056
f 980/1090/1056 979/1105/1071 966/1106/1072
f 980/1090/1056 966/1106/1072 965/1088/1054
f 965/1088/1054 966/1106/1072 931/1086/1036
f 960/1103/1069 961/1107/1073 973/1104/1070
f 973/1104/1070 961/1107/1073 978/1108/1074
f 973/1104/1070 978/1108/1074 979/1105/1071
f 979/1105/1071 978/1108/1074 967/1109/1075
f 979/1105/1071 967/1109/1075 966/1106/1072
f 966/1106/1072 967/1109/1075 931/1086/1036
f 978/1108/1074 961/1107/1073 962/1110/1076
f 962/1110/1076 961/1107/1073 932/1111/1077
f 962/1110/1076 932/1111/1077 967/1109/1075
f 967/1109/1075 932/1111/1077 931/1086/1036
f 963/1085/1052 981/1089/1055 964/1087/1053
f 978/1108/1074 962/1110/1076 967/1109/1075
f 976/1100/1066 977/1099/1065 969/1102/1068
f 975/1091/1057 976/1100/1066 970/1101/1067
f 970/1101/1067 976/1100/1066 969/1102/1068
f 958/1095/1061 971/1093/1059 970/1101/1067
f 970/1101/1067 971/1093/1059 975/1091/1057
f 982/1112/1078 989/1113/1079 957/1114/1063
f 957/1114/1063 989/1113/1079 990/1115/1080
f 957/1114/1063 990/1115/1080 991/1116/1081
f 991/1116/1081 990/1115/1080 1007/1117/1082
f 991/1116/1081 1007/1117/1082 1006/1118/1083
f 1006/1118/1083 1007/1117/1082 1001/1119/1084
f 1006/1118/1083 1001/1119/1084 1000/1120/1085
f 1000/1120/1085 1001/1119/1084 997/1121/1086
f 1000/1120/1085 997/1121/1086 998/1122/1087
f 998/1122/1087 997/1121/1086 984/1123/1088
f 998/1122/1087 984/1123/1088 985/1124/1089
f 983/1125/1090 994/1126/1091 982/1112/1078
f 982/1112/1078 994/1126/1091 1003/1127/1092
f 982/1112/1078 1003/1127/1092 989/1113/1079
f 989/1113/1079 1003/1127/1092 1002/1128/1093
f 989/1113/1079 1002/1128/1093 1007/1117/1082
f 1007/1117/1082 1002/1128/1093 1001/1119/1084
f 984/1123/1088 996/1129/1094 983/1125/1090
f 983/1125/1090 996/1129/1094 995/1130/1095
f 983/1125/1090 995/1130/1095 994/1126/1091
f 994/1126/1091 995/1130/1095 1003/1127/1092
f 985/1124/1089 986/1131/1096 998/1122/1087
f 998/1122/1087 986/1131/1096 999/1132/1097
f 998/1122/1087 999/1132/1097 1000/1120/1085
f 1000/1120/1085 999/1132/1097 1005/1133/1098
f 1000/1120/1085 1005/1133/1098 1006/1118/1083
f 1006/1118/1083 1005/1133/1098 992/1134/1099
f 1006/1118/1083 992/1134/1099 991/1116/1081
f 991/1116/1081 992/1134/1099 957/1114/1063
f 986/1131/1096 987/1135/1100 999/1132/1097
f 999/1132/1097 987/1135/1100 1004/1136/1101
f 999/1132/1097 1004/1136/1101 1005/1133/1098
f 1005/1133/1098 1004/1136/1101 993/1137/1102
f 1005/1133/1098 993/1137/1102 992/1134/1099
f 992/1134/1099 993/1137/1102 957/1114/1063
f 1004/1136/1101 987/1135/1100 988/1138/1103
f 988/1138/1103 987/1135/1100 958/1139/1104
f 988/1138/1103 958/1139/1104 993/1137/1102
f 993/1137/1102 958/1139/1104 957/1114/1063
f 989/1113/1079 1007/1117/1082 990/1115/1080
f 1004/1136/1101 988/1138/1103 993/1137/1102
f 1002/1128/1093 1003/1127/1092 995/1130/1095
f 1001/1119/1084 1002/1128/1093 996/1129/1094
f 996/1129/1094 1002/1128/1093 995/1130/1095
f 984/1123/1088 997/1121/1086 996/1129/1094
f 996/1129/1094 997/1121/1086 1001/1119/1084
f 1008/1140/1105 1015/1141/1106 983/1142/1090
f 983/1142/1090 1015/1141/1106 1016/1143/1107
f 983/1142/1090 1016/1143/1107 1017/1144/1108
f 1017/1144/1108 1016/1143/1107 1033/1145/1109
f 1017/1144/1108 1033/1145/1109 1032/1146/1110
f 1032/1146/1110 1033/1145/1109 1027/1147/1111
f 1032/1146/1110 1027/1147/1111 1026/1148/1112
f 1026/1148/1112 1027/1147/1111 1023/1149/1113
f 1026/1148/1112 1023/1149/1113 1024/1150/1114
f 1024/1150/1114 1023/1149/1113 1010/1151/1115
f 1024/1150/1114 1010/1151/1115 1011/1152/1116
f 1009/1153/1117 1020/1154/1118 1008/1140/1105
f 1008/1140/1105 1020/1154/1118 1029/1155/1119
f 1008/1140/1105 1029/1155/1119 1015/1141/1106
f 1015/1141/1106 1029/1155/1119 1028/1156/1120
f 1015/1141/1106 1028/1156/1120 1033/1145/1109
f 1033/1145/1109 1028/1156/1120 1027/1147/1111
f 1010/1151/1115 1022/1157/1121 1009/1153/1117
f 1009/1153/1117 1022/1157/1121 1021/1158/1122
f 1009/1153/1117 1021/1158/1122 1020/1154/1118
f 1020/1154/1118 1021/1158/1122 1029/1155/1119
f 1011/1152/1116 1012/1159/1123 1024/1150/1114
f 1024/1150/1114 1012/1159/1123 1025/1160/1124
f 1024/1150/1114 1025/1160/1124 1026/1148/1112
f 1026/1148/1112 1025/1160/1124 1031/1161/1125
f 1026/1148/1112 1031/1161/1125 1032/1146/1110
f 1032/1146/1110 1031/1161/1125 1018/1162/1126
f 1032/1146/1110 1018/1162/1126 1017/1144/1108
f 1017/1144/1108 1018/1162/1126 983/1142/1090
f 1012/1159/1123 1013/1163/1127 1025/1160/1124
f 1025/1160/1124 1013/1163/1127 1030/1164/1128
f 1025/1160/1124 1030/1164/1128 1031/1161/1125
f 1031/1161/1125 1030/1164/1128 1019/1165/1129
f 1031/1161/1125 1019/1165/1129 1018/1162/1126
f 1018/1162/1126 1019/1165/1129 983/1142/1090
f 1030/1164/1128 1013/1163/1127 1014/1166/1130
f 1014/1166/1130 1013/1163/1127 984/1167/1131
f 1014/1166/1130 984/1167/1131 1019/1165/1129
f 1019/1165/1129 984/1167/1131 983/1142/1090
f 1015/1141/1106 1033/1145/1109 1016/1143/1107
f 1030/1164/1128 1014/1166/1130 1019/1165/1129
f 1028/1156/1120 1029/1155/1119 1021/1158/1122
f 1027/1147/1111 1028/1156/1120 1022/1157/1121
f 1022/1157/1121 1028/1156/1120 1021/1158/1122
f 1010/1151/1115 1023/1149/1113 1022/1157/1121
f 1022/1157/1121 1023/1149/1113 1027/1147/1111
f 1034/1168/1132 1041/1169/1133 1009/1170/1117
f 1009/1170/1117 1041/1169/1133 1042/1171/1134
f 1009/1170/1117 1042/1171/1134 1043/1172/1135
f 1043/1172/1135 1042/1171/1134 1059/1173/1136
f 1043/1172/1135 1059/1173/1136 1058/1174/1137
f 1058/1174/1137 1059/1173/1136 1053/1175/1138
f 1058/1174/1137 1053/1175/1138 1052/1176/1139
f 1052/1176/1139 1053/1175/1138 1049/1177/1140
f 1052/1176/1139 1049/1177/1140 1050/1178/1141
f 1050/1178/1141 1049/1177/1140 1036/1179/1142
f 1050/1178/1141 1036/1179/1142 1037/1180/1143
f 1035/1181/1144 1046/1182/1145 1034/1168/1132
f 1034/1168/1132 1046/1182/1145 1055/1183/1146
f 1034/1168/1132 1055/1183/1146 1041/1169/1133
f 1041/1169/1133 1055/1183/1146 1054/1184/1147
f 1041/1169/1133 1054/1184/1147 1059/1173/1136
f 1059/1173/1136 1054/1184/1147 1053/1175/1138
f 1036/1179/1142 1048/1185/1148 1035/1181/1144
f 1035/1181/1144 1048/1185/1148 1047/1186/1149
f 1035/1181/1144 1047/1186/1149 1046/1182/1145
f 1046/1182/1145 1047/1186/1149 1055/1183/1146
f 1037/1180/1143 1038/1187/1150 1050/1178/1141
f 1050/1178/1141 1038/1187/1150 1051/1188/1151
f 1050/1178/1141 1051/1188/1151 1052/1176/1139
f 1052/1176/1139 1051/1188/1151 1057/1189/1152
f 1052/1176/1139 1057/1189/1152 1058/1174/1137
f 1058/1174/1137 1057/1189/1152 1044/1190/1153
f 1058/1174/1137 1044/1190/1153 1043/1172/1135
f 1043/1172/1135 1044/1190/1153 1009/1170/1117
f 1038/1187/1150 1039/1191/1154 1051/1188/1151
f 1051/1188/1151 1039/1191/1154 1056/1192/1155
f 1051/1188/1151 1056/1192/1155 1057/1189/1152
f 1057/1189/1152 1056/1192/1155 1045/1193/1156
f 1057/1189/1152 1045/1193/1156 1044/1190/1153
f 1044/1190/1153 1045/1193/1156 1009/1170/1117
f 1056/1192/1155 1039/1191/1154 1040/1194/1157
f 1040/1194/1157 1039/1191/1154 1010/1195/1158
f 1040/1194/1157 1010/1195/1158 1045/1193/1156
f 1045/1193/1156 1010/1195/1158 1009/1170/1117
f 1041/1169/1133 1059/1173/1136 1042/1171/1134
f 1056/1192/1155 1040/1194/1157 1045/1193/1156
f 1054/1184/1147 1055/1183/1146 1047/1186/1149
f 1053/1175/1138 1054/1184/1147 1048/1185/1148
f 1048/1185/1148 1054/1184/1147 1047/1186/1149
f 1036/1179/1142 1049/1177/1140 1048/1185/1148
f 1048/1185/1148 1049/1177/1140 1053/1175/1138
f 1060/1196/1159 1067/1197/1160 1035/1198/1144
f 1035/1198/1144 1067/1197/1160 1068/1199/1161
f 1035/1198/1144 1068/1199/1161 1069/1200/1162
f 1069/1200/1162 1068/1199/1161 1085/1201/1163
f 1069/1200/1162 1085/1201/1163 1084/1202/1164
f 1084/1202/1164 1085/1201/1163 1079/1203/1165
f 1084/1202/1164 1079/1203/1165 1078/1204/1166
f 1078/1204/1166 1079/1203/1165 1075/1205/1167
f 1078/1204/1166 1075/1205/1167 1076/1206/1168
f 1076/1206/1168 1075/1205/1167 1062/1207/1169
f 1076/1206/1168 1062/1207/1169 1063/1208/1170
f 1061/1209/1171 1072/1210/1172 1060/1196/1159
f 1060/1196/1159 1072/1210/1172 1081/1211/1173
f 1060/1196/1159 1081/1211/1173 1067/1197/1160
f 1067/1197/1160 1081/1211/1173 1080/1212/1174
f 1067/1197/1160 1080/1212/1174 1085/1201/1163
f 1085/1201/1163 1080/1212/1174 1079/1203/1165
f 1062/1207/1169 1074/1213/1175 1061/1209/1171
f 1061/1209/1171 1074/1213/1175 1073/1214/1176
f 1061/1209/1171 1073/1214/1176 1072/1210/1172
f 1072/1210/1172 1073/1214/1176 1081/1211/1173
f 1063/1208/1170 1064/1215/1177 1076/1206/1168
f 1076/1206/1168 1064/1215/1177 1077/1216/1178
f 1076/1206/1168 1077/1216/1178 1078/1204/1166
f 1078/1204/1166 1077/1216/1178 1083/1217/1179
f 1078/1204/1166 1083/1217/1179 1084/1202/1164
f 1084/1202/1164 1083/1217/1179 1070/1218/1180
f 1084/1202/1164 1070/1218/1180 1069/1200/1162
f 1069/1200/1162 1070/1218/1180 1035/1198/1144
f 1064/1215/1177 1065/1219/1181 1077/1216/1178
f 1077/1216/1178 1065/1219/1181 1082/1220/1182
f 1077/1216/1178 1082/1220/1182 1083/1217/1179
f 1083/1217/1179 1082/1220/1182 1071/1221/1183
f 1083/1217/1179 1071/1221/1183 1070/1218/1180
f 1070/1218/1180 1071/1221/1183 1035/1198/1144
f 1082/1220/1182 1065/1219/1181 1066/1222/1184
f 1066/1222/1184 1065/1219/1181 1036/1223/1185
f 1066/1222/1184 1036/1223/1185 1071/1221/1183
f 1071/1221/1183 1036/1223/1185 1035/1198/1144
f 1067/1197/1160 1085/1201/1163 1068/1199/1161
f 1082/1220/1182 1066/1222/1184 1071/1221/1183
f 1080/1212/1174 1081/1211/1173 1073/1214/1176
f 1079/1203/1165 1080/1212/1174 1074/1213/1175
f 1074/1213/1175 1080/1212/1174 1073/1214/1176
f 1062/1207/1169 1075/1205/1167 1074/1213/1175
f 1074/1213/1175 1075/1205/1167 1079/1203/1165
f 1086/1224/1186 1093/1225/1187 1061/1226/1171
f 1061/1226/1171 1093/1225/1187 1094/1227/1188
f 1061/1226/1171 1094/1227/1188 1095/1228/1189
f 1095/1228/1189 1094/1227/1188 1111/1229/1190
f 1095/1228/1189 1111/1229/1190 1110/1230/1191
f 1110/1230/1191 1111/1229/1190 1105/1231/1192
f 1110/1230/1191 1105/1231/1192 1104/1232/1193
f 1104/1232/1193 1105/1231/1192 1101/1233/1194
f 1104/1232/1193 1101/1233/1194 1102/1234/1195
f 1102/1234/1195 1101/1233/1194 1088/1235/1196
f 1102/1234/1195 1088/1235/1196 1089/1236/1197
f 1087/1237/1198 1098/1238/1199 1086/1224/1186
f 1086/1224/1186 1098/1238/1199 1107/1239/1200
f 1086/1224/1186 1107/1239/1200 1093/1225/1187
f 1093/1225/1187 1107/1239/1200 1106/1240/1201
f 1093/1225/1187 1106/1240/1201 1111/1229/1190
f 1111/1229/1190 1106/1240/1201 1105/1231/1192
f 1088/1235/1196 1100/1241/1202 1087/1237/1198
f 1087/1237/1198 1100/1241/1202 1099/1242/1203
f 1087/1237/1198 1099/1242/1203 1098/1238/1199
f 1098/1238/1199 1099/1242/1203 1107/1239/1200
f 1089/1236/1197 1090/1243/1204 1102/1234/1195
f 1102/1234/1195 1090/1243/1204 1103/1244/1205
f 1102/1234/1195 1103/1244/1205 1104/1232/1193
f 1104/1232/1193 1103/1244/1205 1109/1245/1206
f 1104/1232/1193 1109/1245/1206 1110/1230/1191
f 1110/1230/1191 1109/1245/1206 1096/1246/1207
f 1110/1230/1191 1096/1246/1207 1095/1228/1189
f 1095/1228/1189 1096/1246/1207 1061/1226/1171
f 1090/1243/1204 1091/1247/1208 1103/1244/1205
f 1103/1244/1205 1091/1247/1208 1108/1248/1209
f 1103/1244/1205 1108/1248/1209 1109/1245/1206
f 1109/1245/1206 1108/1248/1209 1097/1249/1210
f 1109/1245/1206 1097/1249/1210 1096/1246/1207
f 1096/1246/1207 1097/1249/1210 1061/1226/1171
f 1108/1248/1209 1091/1247/1208 1092/1250/1211
f 1092/1250/1211 1091/1247/1208 1062/1251/1212
f 1092/1250/1211 1062/1251/1212 1097/1249/1210
f 1097/1249/1210 1062/1251/1212 1061/1226/1171
f 1093/1225/1187 1111/1229/1190 1094/1227/1188
f 1108/1248/1209 1092/1250/1211 1097/1249/1210
f 1106/1240/1201 1107/1239/1200 1099/1242/1203
f 1105/1231/1192 1106/1240/1201 1100/1241/1202
f 1100/1241/1202 1106/1240/1201 1099/1242/1203
f 1088/1235/1196 1101/1233/1194 1100/1241/1202
f 1100/1241/1202 1101/1233/1194 1105/1231/1192
f 1112/1252/1213 1119/1253/1214 1087/1254/1198
f 1087/1254/1198 1119/1253/1214 1120/1255/1215
f 1087/1254/1198 1120/1255/1215 1121/1256/1216
f 1121/1256/1216 1120/1255/1215 1137/1257/1217
f 1121/1256/1216 1137/1257/1217 1136/1258/1218
f 1136/1258/1218 1137/1257/1217 1131/1259/1219
f 1136/1258/1218 1131/1259/1219 1130/1260/1220
f 1130/1260/1220 1131/1259/1219 1127/1261/1221
f 1130/1260/1220 1127/1261/1221 1128/1262/1222
f 1128/1262/1222 1127/1261/1221 1114/1263/1223
f 1128/1262/1222 1114/1263/1223 1115/1264/1224
f 1113/1265/1225 1124/1266/1226 1112/1252/1213
f 1112/1252/1213 1124/1266/1226 1133/1267/1227
f 1112/1252/1213 1133/1267/1227 1119/1253/1214
f 1119/1253/1214 1133/1267/1227 1132/1268/1228
f 1119/1253/1214 1132/1268/1228 1137/1257/1217
f 1137/1257/1217 1132/1268/1228 1131/1259/1219
f 1114/1263/1223 1126/1269/1229 1113/1265/1225
f 1113/1265/1225 1126/1269/1229 1125/1270/1230
f 1113/1265/1225 1125/1270/1230 1124/1266/1226
f 1124/1266/1226 1125/1270/1230 1133/1267/1227
f 1115/1264/1224 1116/1271/1231 1128/1262/1222
f 1128/1262/1222 1116/1271/1231 1129/1272/1232
f 1128/1262/1222 1129/1272/1232 1130/1260/1220
f 1130/1260/1220 1129/1272/1232 1135/1273/1233
f 1130/1260/1220 1135/1273/1233 1136/1258/1218
f 1136/1258/1218 1135/1273/1233 1122/1274/1234
f 1136/1258/1218 1122/1274/1234 1121/1256/1216
f 1121/1256/1216 1122/1274/1234 1087/1254/1198
f 1116/1271/1231 1117/1275/1235 1129/1272/1232
f 1129/1272/1232 1117/1275/1235 1134/1276/1236
f 1129/1272/1232 1134/1276/1236 1135/1273/1233
f 1135/1273/1233 1134/1276/1236 1123/1277/1237
f 1135/1273/1233 1123/1277/1237 1122/1274/1234
f 1122/1274/1234 1123/1277/1237 1087/1254/1198
f 1134/1276/1236 1117/1275/1235 1118/1278/1238
f 1118/1278/1238 1117/1275/1235 1088/1279/1239
f 1118/1278/1238 1088/1279/1239 1123/1277/1237
f 1123/1277/1237 1088/1279/1239 1087/1254/1198
f 1119/1253/1214 1137/1257/1217 1120/1255/1215
f 1134/1276/1236 1118/1278/1238 1123/1277/1237
f 1132/1268/1228 1133/1267/1227 1125/1270/1230
f 1131/1259/1219 1132/1268/1228 1126/1269/1229
f 1126/1269/1229 1132/1268/1228 1125/1270/1230
f 1114/1263/1223 1127/1261/1221 1126/1269/1229
f 1126/1269/1229 1127/1261/1221 1131/1259/1219
f 1138/1280/1240 1145/1281/1241 1113/1282/1225
f 1113/1282/1225 1145/1281/1241 1146/1283/1242
f 1113/1282/1225 1146/1283/1242 1147/1284/1243
f 1147/1284/1243 1146/1283/1242 1163/1285/1244
f 1147/1284/1243 1163/1285/1244 1162/1286/1245
f 1162/1286/1245 1163/1285/1244 1157/1287/1246
f 1162/1286/1245 1157/1287/1246 1156/1288/1247
f 1156/1288/1247 1157/1287/1246 1153/1289/1248
f 1156/1288/1247 1153/1289/1248 1154/1290/1249
f 1154/1290/1249 1153/1289/1248 1140/1291/1250
f 1154/1290/1249 1140/1291/1250 1141/1292/1251
f 1139/1293/1252 1150/1294/1253 1138/1280/1240
f 1138/1280/1240 1150/1294/1253 1159/1295/1254
f 1138/1280/1240 1159/1295/1254 1145/1281/1241
f 1145/1281/1241 1159/1295/1254 1158/1296/1255
f 1145/1281/1241 1158/1296/1255 1163/1285/1244
f 1163/1285/1244 1158/1296/1255 1157/1287/1246
f 1140/1291/1250 1152/1297/1256 1139/1293/1252
f 1139/1293/1252 1152/1297/1256 1151/1298/1257
f 1139/1293/1252 1151/1298/1257 1150/1294/1253
f 1150/1294/1253 1151/1298/1257 1159/1295/1254
f 1141/1292/1251 1142/1299/1258 1154/1290/1249
f 1154/1290/1249 1142/1299/1258 1155/1300/1259
f 1154/1290/1249 1155/1300/1259 1156/1288/1247
f 1156/1288/1247 1155/1300/1259 1161/1301/1260
f 1156/1288/1247 1161/1301/1260 1162/1286/1245
f 1162/1286/1245 1161/1301/1260 1148/1302/1261
f 1162/1286/1245 1148/1302/1261 1147/1284/1243
f 1147/1284/1243 1148/1302/1261 1113/1282/1225
f 1142/1299/1258 1143/1303/1262 1155/1300/1259
f 1155/1300/1259 1143/1303/1262 1160/1304/1263
f 1155/1300/1259 1160/1304/1263 1161/1301/1260
f 1161/1301/1260 1160/1304/1263 1149/1305/1264
f 1161/1301/1260 1149/1305/1264 1148/1302/1261
f 1148/1302/1261 1149/1305/1264 1113/1282/1225
f 1160/1304/1263 1143/1303/1262 1144/1306/1265
f 1144/1306/1265 1143/1303/1262 1114/1307/1266
f 1144/1306/1265 1114/1307/1266 1149/1305/1264
f 1149/1305/1264 1114/1307/1266 1113/1282/1225
f 1145/1281/1241 1163/1285/1244 1146/1283/1242
f 1160/1304/1263 1144/1306/1265 1149/1305/1264
f 1158/1296/1255 1159/1295/1254 1151/1298/1257
f 1157/1287/1246 1158/1296/1255 1152/1297/1256
f 1152/1297/1256 1158/1296/1255 1151/1298/1257
f 1140/1291/1250 1153/1289/1248 1152/1297/1256
f 1152/1297/1256 1153/1289/1248 1157/1287/1246
f 1164/1308/1267 1171/1309/1268 1139/1310/1252
f 1139/1310/1252 1171/1309/1268 1172/1311/1269
f 1139/1310/1252 1172/1311/1269 1173/1312/1270
f 1173/1312/1270 1172/1311/1269 1189/1313/1271
f 1173/1312/1270 1189/1313/1271 1188/1314/1272
f 1188/1314/1272 1189/1313/1271 1183/1315/1273
f 1188/1314/1272 1183/1315/1273 1182/1316/1274
f 1182/1316/1274 1183/1315/1273 1179/1317/1275
f 1182/1316/1274 1179/1317/1275 1180/1318/1276
f 1180/1318/1276 1179/1317/1275 1166/1319/1277
f 1180/1318/1276 1166/1319/1277 1167/1320/1278
f 1165/1321/1279 1176/1322/1280 1164/1308/1267
f 1164/1308/1267 1176/1322/1280 1185/1323/1281
f 1164/1308/1267 1185/1323/1281 1171/1309/1268
f 1171/1309/1268 1185/1323/1281 1184/1324/1282
f 1171/1309/1268 1184/1324/1282 1189/1313/1271
f 1189/1313/1271 1184/1324/1282 1183/1315/1273
f 1166/1319/1277 1178/1325/1283 1165/1321/1279
f 1165/1321/1279 1178/1325/1283 1177/1326/1284
f 1165/1321/1279 1177/1326/1284 1176/1322/1280
f 1176/1322/1280 1177/1326/1284 1185/1323/1281
f 1167/1320/1278 1168/1327/1285 1180/1318/1276
f 1180/1318/1276 1168/1327/1285 1181/1328/1286
f 1180/1318/1276 1181/1328/1286 1182/1316/1274
f 1182/1316/1274 1181/1328/1286 1187/1329/1287
f 1182/1316/1274 1187/1329/1287 1188/1314/1272
f 1188/1314/1272 1187/1329/1287 1174/1330/1288
f 1188/1314/1272 1174/1330/1288 1173/1312/1270
f 1173/1312/1270 1174/1330/1288 1139/1310/1252
f 1168/1327/1285 1169/1331/1289 1181/1328/1286
f 1181/1328/1286 1169/1331/1289 1186/1332/1290
f 1181/1328/1286 1186/1332/1290 1187/1329/1287
f 1187/1329/1287 1186/1332/1290 1175/1333/1291
f 1187/1329/1287 1175/1333/1291 1174/1330/1288
f 1174/1330/1288 1175/1333/1291 1139/1310/1252
f 1186/1332/1290 1169/1331/1289 1170/1334/1292
f 1170/1334/1292 1169/1331/1289 1140/1335/1293
f 1170/1334/1292 1140/1335/1293 1175/1333/1291
f 1175/1333/1291 1140/1335/1293 1139/1310/1252
f 1171/1309/1268 1189/1313/1271 1172/1311/1269
f 1186/1332/1290 1170/1334/1292 1175/1333/1291
f 1184/1324/1282 1185/1323/1281 1177/1326/1284
f 1183/1315/1273 1184/1324/1282 1178/1325/1283
f 1178/1325/1283 1184/1324/1282 1177/1326/1284
f 1166/1319/1277 1179/1317/1275 1178/1325/1283
f 1178/1325/1283 1179/1317/1275 1183/1315/1273
f 1190/1336/1294 1197/1337/1295 1165/1338/1279
f 1165/1338/1279 1197/1337/1295 1198/1339/1296
f 1165/1338/1279 1198/1339/1296 1199/1340/1297
f 1199/1340/1297 1198/1339/1296 1215/1341/1298
f 1199/1340/1297 1215/1341/1298 1214/1342/1299
f 1214/1342/1299 1215/1341/1298 1209/1343/1300
f 1214/1342/1299 1209/1343/1300 1208/1344/1301
f 1208/1344/1301 1209/1343/1300 1205/1345/1302
f 1208/1344/1301 1205/1345/1302 1206/1346/1303
f 1206/1346/1303 1205/1345/1302 1192/1347/1304
f 1206/1346/1303 1192/1347/1304 1193/1348/1305
f 1191/1349/1306 1202/1350/1307 1190/1336/1294
f 1190/1336/1294 1202/1350/1307 1211/1351/1308
f 1190/1336/1294 1211/1351/1308 1197/1337/1295
f 1197/1337/1295 1211/1351/1308 1210/1352/1309
f 1197/1337/1295 1210/1352/1309 1215/1341/1298
f 1215/1341/1298 1210/1352/1309 1209/1343/1300
f 1192/1347/1304 1204/1353/1310 1191/1349/1306
f 1191/1349/1306 1204/1353/1310 1203/1354/1311
f 1191/1349/1306 1203/1354/1311 1202/1350/1307
f 1202/1350/1307 1203/1354/1311 1211/1351/1308
f 1193/1348/1305 1194/1355/1312 1206/1346/1303
f 1206/1346/1303 1194/1355/1312 1207/1356/1313
f 1206/1346/1303 1207/1356/1313 1208/1344/1301
f 1208/1344/1301 1207/1356/1313 1213/1357/1314
f 1208/1344/1301 1213/1357/1314 1214/1342/1299
f 1214/1342/1299 1213/1357/1314 1200/1358/1315
f 1214/1342/1299 1200/1358/1315 1199/1340/1297
f 1199/1340/1297 1200/1358/1315 1165/1338/1279
f 1194/1355/1312 1195/1359/1316 1207/1356/1313
f 1207/1356/1313 1195/1359/1316 1212/1360/1317
f 1207/1356/1313 1212/1360/1317 1213/1357/1314
f 1213/1357/1314 1212/1360/1317 1201/1361/1318
f 1213/1357/1314 1201/1361/1318 1200/1358/1315
f 1200/1358/1315 1201/1361/1318 1165/1338/1279
f 1212/1360/1317 1195/1359/1316 1196/1362/1319
f 1196/1362/1319 1195/1359/1316 1166/1363/1320
f 1196/1362/1319 1166/1363/1320 1201/1361/1318
f 1201/1361/1318 1166/1363/1320 1165/1338/1279
f 1197/1337/1295 1215/1341/1298 1198/1339/1296
f 1212/1360/1317 1196/1362/1319 1201/1361/1318
f 1210/1352/1309 1211/1351/1308 1203/1354/1311
f 1209/1343/1300 1210/1352/1309 1204/1353/1310
f 1204/1353/1310 1210/1352/1309 1203/1354/1311
f 1192/1347/1304 1205/1345/1302 1204/1353/1310
f 1204/1353/1310 1205/1345/1302 1209/1343/1300
f 1216/1364/1321 1223/1365/1322 1191/1366/1306
f 1191/1366/1306 1223/1365/1322 1224/1367/1323
f 1191/1366/1306 1224/1367/1323 1225/1368/1324
f 1225/1368/1324 1224/1367/1323 1241/1369/1325
f 1225/1368/1324 1241/1369/1325 1240/1370/1326
f 1240/1370/1326 1241/1369/1325 1235/1371/1327
f 1240/1370/1326 1235/1371/1327 1234/1372/1328
f 1234/1372/1328 1235/1371/1327 1231/1373/1329
f 1234/1372/1328 1231/1373/1329 1232/1374/1330
f 1232/1374/1330 1231/1373/1329 1218/1375/1331
f 1232/1374/1330 1218/1375/1331 1219/1376/1332
f 1217/1377/1333 1228/1378/1334 1216/1364/1321
f 1216/1364/1321 1228/1378/1334 1237/1379/1335
f 1216/1364/1321 1237/1379/1335 1223/1365/1322
f 1223/1365/1322 1237/1379/1335 1236/1380/1336
f 1223/1365/1322 1236/1380/1336 1241/1369/1325
f 1241/1369/1325 1236/1380/1336 1235/1371/1327
f 1218/1375/1331 1230/1381/1337 1217/1377/1333
f 1217/1377/1333 1230/1381/1337 1229/1382/1338
f 1217/1377/1333 1229/1382/1338 1228/1378/1334
f 1228/1378/1334 1229/1382/1338 1237/1379/1335
f 1219/1376/1332 1220/1383/1339 1232/1374/1330
f 1232/1374/1330 1220/1383/1339 1233/1384/1340
f 1232/1374/1330 1233/1384/1340 1234/1372/1328
f 1234/1372/1328 1233/1384/1340 1239/1385/1341
f 1234/1372/1328 1239/1385/1341 1240/1370/1326
f 1240/1370/1326 1239/1385/1341 1226/1386/1342
f 1240/1370/1326 1226/1386/1342 1225/1368/1324
f 1225/1368/1324 1226/1386/1342 1191/1366/1306
f 1220/1383/1339 1221/1387/1343 1233/1384/1340
f 1233/1384/1340 1221/1387/1343 1238/1388/1344
f 1233/1384/1340 1238/1388/1344 1239/1385/1341
f 1239/1385/1341 1238/1388/1344 1227/1389/1345
f 1239/1385/1341 1227/1389/1345 1226/1386/1342
f 1226/1386/1342 1227/1389/1345 1191/1366/1306
f 1238/1388/1344 1221/1387/1343 1222/1390/1346
f 1222/1390/1346 1221/1387/1343 1192/1391/1347
f 1222/1390/1346 1192/1391/1347 1227/1389/1345
f 1227/1389/1345 1192/1391/1347 1191/1366/1306
f 1223/1365/1322 1241/1369/1325 1224/1367/1323
f 1238/1388/1344 1222/1390/1346 1227/1389/1345
f 1236/1380/1336 1237/1379/1335 1229/1382/1338
f 1235/1371/1327 1236/1380/1336 1230/1381/1337
f 1230/1381/1337 1236/1380/1336 1229/1382/1338
f 1218/1375/1331 1231/1373/1329 1230/1381/1337
f 1230/1381/1337 1231/1373/1329 1235/1371/1327
f 1242/1392/1348 1249/1393/1349 1217/1394/1333
f 1217/1394/1333 1249/1393/1349 1250/1395/1350
f 1217/1394/1333 1250/1395/1350 1251/1396/1351
f 1251/1396/1351 1250/1395/1350 1267/1397/1352
f 1251/1396/1351 1267/1397/1352 1266/1398/1353
f 1266/1398/1353 1267/1397/1352 1261/1399/1354
f 1266/1398/1353 1261/1399/1354 1260/1400/1355
f 1260/1400/1355 1261/1399/1354 1257/1401/1356
f 1260/1400/1355 1257/1401/1356 1258/1402/1357
f 1258/1402/1357 1257/1401/1356 1244/1403/1358
f 1258/1402/1357 1244/1403/1358 1245/1404/1359
f 1243/1405/1360 1254/1406/1361 1242/1392/1348
f 1242/1392/1348 1254/1406/1361 1263/1407/1362
f 1242/1392/1348 1263/1407/1362 1249/1393/1349
f 1249/1393/1349 1263/1407/1362 1262/1408/1363
f 1249/1393/1349 1262/1408/1363 1267/1397/1352
f 1267/1397/1352 1262/1408/1363 1261/1399/1354
f 1244/1403/1358 1256/1409/1364 1243/1405/1360
f 1243/1405/1360 1256/1409/1364 1255/1410/1365
f 1243/1405/1360 1255/1410/1365 1254/1406/1361
f 1254/1406/1361 1255/1410/1365 1263/1407/1362
f 1245/1404/1359 1246/1411/1366 1258/1402/1357
f 1258/1402/1357 1246/1411/1366 1259/1412/1367
f 1258/1402/1357 1259/1412/1367 1260/1400/1355
f 1260/1400/1355 1259/1412/1367 1265/1413/1368
f 1260/1400/1355 1265/1413/1368 1266/1398/1353
f 1266/1398/1353 1265/1413/1368 1252/1414/1369
f 1266/1398/1353 1252/1414/1369 1251/1396/1351
f 1251/1396/1351 1252/1414/1369 1217/1394/1333
f 1246/1411/1366 1247/1415/1370 1259/1412/1367
f 1259/1412/1367 1247/1415/1370 1264/1416/1371
f 1259/1412/1367 1264/1416/1371 1265/1413/1368
f 1265/1413/1368 1264/1416/1371 1253/1417/1372
f 1265/1413/1368 1253/1417/1372 1252/1414/1369
f 1252/1414/1369 1253/1417/1372 1217/1394/1333
f 1264/1416/1371 1247/1415/1370 1248/1418/1373
f 1248/1418/1373 1247/1415/1370 1218/1419/1374
f 1248/1418/1373 1218/1419/1374 1253/1417/1372
f 1253/1417/1372 1218/1419/1374 1217/1394/1333
f 1249/1393/1349 1267/1397/1352 1250/1395/1350
f 1264/1416/1371 1248/1418/1373 1253/1417/1372
f 1262/1408/1363 1263/1407/1362 1255/1410/1365
f 1261/1399/1354 1262/1408/1363 1256/1409/1364
f 1256/1409/1364 1262/1408/1363 1255/1410/1365
f 1244/1403/1358 1257/1401/1356 1256/1409/1364
f 1256/1409/1364 1257/1401/1356 1261/1399/1354
f 1268/1420/1375 1275/1421/1376 1243/1422/1360
f 1243/1422/1360 1275/1421/1376 1276/1423/1377
f 1243/1422/1360 1276/1423/1377 1277/1424/1378
f 1277/1424/1378 1276/1423/1377 1293/1425/1379
f 1277/1424/1378 1293/1425/1379 1292/1426/1380
f 1292/1426/1380 1293/1425/1379 1287/1427/1381
f 1292/1426/1380 1287/1427/1381 1286/1428/1382
f 1286/1428/1382 1287/1427/1381 1283/1429/1383
f 1286/1428/1382 1283/1429/1383 1284/1430/1384
f 1284/1430/1384 1283/1429/1383 1270/1431/1385
f 1284/1430/1384 1270/1431/1385 1271/1432/1386
f 1269/1433/1387 1280/1434/1388 1268/1420/1375
f 1268/1420/1375 1280/1434/1388 1289/1435/1389
f 1268/1420/1375 1289/1435/1389 1275/1421/1376
f 1275/1421/1376 1289/1435/1389 1288/1436/1390
f 1275/1421/1376 1288/1436/1390 1293/1425/1379
f 1293/1425/1379 1288/1436/1390 1287/1427/1381
f 1270/1431/1385 1282/1437/1391 1269/1433/1387
f 1269/1433/1387 1282/1437/1391 1281/1438/1392
f 1269/1433/1387 1281/1438/1392 1280/1434/1388
f 1280/1434/1388 1281/1438/1392 1289/1435/1389
f 1271/1432/1386 1272/1439/1393 1284/1430/1384
f 1284/1430/1384 1272/1439/1393 1285/1440/1394
f 1284/1430/1384 1285/1440/1394 1286/1428/1382
f 1286/1428/1382 1285/1440/1394 1291/1441/1395
f 1286/1428/1382 1291/1441/1395 1292/1426/1380
f 1292/1426/1380 1291/1441/1395 1278/1442/1396
f 1292/1426/1380 1278/1442/1396 1277/1424/1378
f 1277/1424/1378 1278/1442/1396 1243/1422/1360
f 1272/1439/1393 1273/1443/1397 1285/1440/1394
f 1285/1440/1394 1273/1443/1397 1290/1444/1398
f 1285/1440/1394 1290/1444/1398 1291/1441/1395
f 1291/1441/1395 1290/1444/1398 1279/1445/1399
f 1291/1441/1395 1279/1445/1399 1278/1442/1396
f 1278/1442/1396 1279/1445/1399 1243/1422/1360
f 1290/1444/1398 1273/1443/1397 1274/1446/1400
f 1274/1446/1400 1273/1443/1397 1244/1447/1401
f 1274/1446/1400 1244/1447/1401 1279/1445/1399
f 1279/1445/1399 1244/1447/1401 1243/1422/1360
f 1275/1421/1376 1293/1425/1379 1276/1423/1377
f 1290/1444/1398 1274/1446/1400 1279/1445/1399
f 1288/1436/1390 1289/1435/1389 1281/1438/1392
f 1287/1427/1381 1288/1436/1390 1282/1437/1391
f 1282/1437/1391 1288/1436/1390 1281/1438/1392
f 1270/1431/1385 1283/1429/1383 1282/1437/1391
f 1282/1437/1391 1283/1429/1383 1287/1427/1381
f 1294/1448/1402 1301/1449/1403 1269/1450/1387
f 1269/1450/1387 1301/1449/1403 1302/1451/1404
f 1269/1450/1387 1302/1451/1404 1303/1452/1405
f 1303/1452/1405 1302/1451/1404 1319/1453/1406
f 1303/1452/1405 1319/1453/1406 1318/1454/1407
f 1318/1454/1407 1319/1453/1406 1313/1455/1408
f 1318/1454/1407 1313/1455/1408 1312/1456/1409
f 1312/1456/1409 1313/1455/1408 1309/1457/1410
f 1312/1456/1409 1309/1457/1410 1310/1458/1411
f 1310/1458/1411 1309/1457/1410 1296/1459/1412
f 1310/1458/1411 1296/1459/1412 1297/1460/1413
f 1295/1461/1414 1306/1462/1415 1294/1448/1402
f 1294/1448/1402 1306/1462/1415 1315/1463/1416
f 1294/1448/1402 1315/1463/1416 1301/1449/1403
f 1301/1449/1403 1315/1463/1416 1314/1464/1417
f 1301/1449/1403 1314/1464/1417 1319/1453/1406
f 1319/1453/1406 1314/1464/1417 1313/1455/1408
f 1296/1459/1412 1308/1465/1418 1295/1461/1414
f 1295/1461/1414 1308/1465/1418 1307/1466/1419
f 1295/1461/1414 1307/1466/1419 1306/1462/1415
f 1306/1462/1415 1307/1466/1419 1315/1463/1416
f 1297/1460/1413 1298/1467/1420 1310/1458/1411
f 1310/1458/1411 1298/1467/1420 1311/1468/1421
f 1310/1458/1411 1311/1468/1421 1312/1456/1409
f 1312/1456/1409 1311/1468/1421 1317/1469/1422
f 1312/1456/1409 1317/1469/1422 1318/1454/1407
f 1318/1454/1407 1317/1469/1422 1304/1470/1423
f 1318/1454/1407 1304/1470/1423 1303/1452/1405
f 1303/1452/1405 1304/1470/1423 1269/1450/1387
f 1298/1467/1420 1299/1471/1424 1311/1468/1421
f 1311/1468/1421 1299/1471/1424 1316/1472/1425
f 1311/1468/1421 1316/1472/1425 1317/1469/1422
f 1317/1469/1422 1316/1472/1425 1305/1473/1426
f 1317/1469/1422 1305/1473/1426 1304/1470/1423
f 1304/1470/1423 1305/1473/1426 1269/1450/1387
f 1316/1472/1425 1299/1471/1424 1300/1474/1427
f 1300/1474/1427 1299/1471/1424 1270/1475/1428
f 1300/1474/1427 1270/1475/1428 1305/1473/1426
f 1305/1473/1426 1270/1475/1428 1269/1450/1387
f 1301/1449/1403 1319/1453/1406 1302/1451/1404
f 1316/1472/1425 1300/1474/1427 1305/1473/1426
f 1314/1464/1417 1315/1463/1416 1307/1466/1419
f 1313/1455/1408 1314/1464/1417 1308/1465/1418
f 1308/1465/1418 1314/1464/1417 1307/1466/1419
f 1296/1459/1412 1309/1457/1410 1308/1465/1418
f 1308/1465/1418 1309/1457/1410 1313/1455/1408
f 1320/1476/1429 1327/1477/1430 1295/1478/1414
f 1295/1478/1414 1327/1477/1430 1328/1479/1431
f 1295/1478/1414 1328/1479/1431 1329/1480/1432
f 1329/1480/1432 1328/1479/1431 1345/1481/1433
f 1329/1480/1432 1345/1481/1433 1344/1482/1434
f 1344/1482/1434 1345/1481/1433 1339/1483/1435
f 1344/1482/1434 1339/1483/1435 1338/1484/1436
f 1338/1484/1436 1339/1483/1435 1335/1485/1437
f 1338/1484/1436 1335/1485/1437 1336/1486/1438
f 1336/1486/1438 1335/1485/1437 1322/1487/1439
f 1336/1486/1438 1322/1487/1439 1323/1488/1440
f 1321/1489/1441 1332/1490/1442 1320/1476/1429
f 1320/1476/1429 1332/1490/1442 1341/1491/1443
f 1320/1476/1429 1341/1491/1443 1327/1477/1430
f 1327/1477/1430 1341/1491/1443 1340/1492/1444
f 1327/1477/1430 1340/1492/1444 1345/1481/1433
f 1345/1481/1433 1340/1492/1444 1339/1483/1435
f 1322/1487/1439 1334/1493/1445 1321/1489/1441
f 1321/1489/1441 1334/1493/1445 1333/1494/1446
f 1321/1489/1441 1333/1494/1446 1332/1490/1442
f 1332/1490/1442 1333/1494/1446 1341/1491/1443
f 1323/1488/1440 1324/1495/1447 1336/1486/1438
f 1336/1486/1438 1324/1495/1447 1337/1496/1448
f 1336/1486/1438 1337/1496/1448 1338/1484/1436
f 1338/1484/1436 1337/1496/1448 1343/1497/1449
f 1338/1484/1436 1343/1497/1449 1344/1482/1434
f 1344/1482/1434 1343/1497/1449 1330/1498/1450
f 1344/1482/1434 1330/1498/1450 1329/1480/1432
f 1329/1480/1432 1330/1498/1450 1295/1478/1414
f 1324/1495/1447 1325/1499/1451 1337/1496/1448
f 1337/1496/1448 1325/1499/1451 1342/1500/1452
f 1337/1496/1448 1342/1500/1452 1343/1497/1449
f 1343/1497/1449 1342/1500/1452 1331/1501/1453
f 1343/1497/1449 1331/1501/1453 1330/1498/1450
f 1330/1498/1450 1331/1501/1453 1295/1478/1414
f 1342/1500/1452 1325/1499/1451 1326/1502/1454
f 1326/1502/1454 1325/1499/1451 1296/1503/1455
f 1326/1502/1454 1296/1503/1455 1331/1501/1453
f 1331/1501/1453 1296/1503/1455 1295/1478/1414
f 1327/1477/1430 1345/1481/1433 1328/1479/1431
f 1342/1500/1452 1326/1502/1454 1331/1501/1453
f 1340/1492/1444 1341/1491/1443 1333/1494/1446
f 1339/1483/1435 1340/1492/1444 1334/1493/1445
f 1334/1493/1445 1340/1492/1444 1333/1494/1446
f 1322/1487/1439 1335/1485/1437 1334/1493/1445
f 1334/1493/1445 1335/1485/1437 1339/1483/1435
f 1352/1504/1456 1346/1505/1457 1354/1506/1458
f 1354/1506/1458 1346/1505/1457 1347/1507/1459
f 1354/1506/1458 1347/1507/1459 1355/1508/1460
f 1355/1508/1460 1347/1507/1459 1348/1509/1461
f 1355/1508/1460 1348/1509/1461 1353/1510/1462
f 1353/1510/1462 1348/1509/1461 1349/1511/1463
f 1353/1510/1462 1349/1511/1463 1350/1512/1464
f 1350/1512/1464 1349/1511/1463 1321/1513/1465
f 1350/1512/1464 1351/1514/1466 1353/1510/1462
f 1353/1510/1462 1351/1514/1466 1355/1508/1460
f 1355/1508/1460 1351/1514/1466 1354/1506/1458
f 1354/1506/1458 1351/1514/1466 1352/1504/1456
f 1356/1515/1467 1362/1516/1468 1321/1517/1441
f 1321/1517/1441 1362/1516/1468 1363/1518/1469
f 1321/1517/1441 1363/1518/1469 1364/1519/1470
f 1364/1519/1470 1363/1518/1469 1380/1520/1471
f 1364/1519/1470 1380/1520/1471 1379/1521/1472
f 1379/1521/1472 1380/1520/1471 1374/1522/1473
f 1379/1521/1472 1374/1522/1473 1373/1523/1474
f 1373/1523/1474 1374/1522/1473 1370/1524/1475
f 1373/1523/1474 1370/1524/1475 1371/1525/1476
f 1371/1525/1476 1370/1524/1475 1357/1526/1477
f 1371/1525/1476 1357/1526/1477 1358/1527/1478
f 1346/1528/1479 1367/1529/1480 1356/1515/1467
f 1356/1515/1467 1367/1529/1480 1376/1530/1481
f 1356/1515/1467 1376/1530/1481 1362/1516/1468
f 1362/1516/1468 1376/1530/1481 1375/1531/1482
f 1362/1516/1468 1375/1531/1482 1380/1520/1471
f 1380/1520/1471 1375/1531/1482 1374/1522/1473
f 1357/1526/1477 1369/1532/1483 1346/1528/1479
f 1346/1528/1479 1369/1532/1483 1368/1533/1484
f 1346/1528/1479 1368/1533/1484 1367/1529/1480
f 1367/1529/1480 1368/1533/1484 1376/1530/1481
f 1358/1527/1478 1359/1534/1485 1371/1525/1476
f 1371/1525/1476 1359/1534/1485 1372/1535/1486
f 1371/1525/1476 1372/1535/1486 1373/1523/1474
f 1373/1523/1474 1372/1535/1486 1378/1536/1487
f 1373/1523/1474 1378/1536/1487 1379/1521/1472
f 1379/1521/1472 1378/1536/1487 1365/1537/1488
f 1379/1521/1472 1365/1537/1488 1364/1519/1470
f 1364/1519/1470 1365/1537/1488 1321/1517/1441
f 1359/1534/1485 1360/1538/1489 1372/1535/1486
f 1372/1535/1486 1360/1538/1489 1377/1539/1490
f 1372/1535/1486 1377/1539/1490 1378/1536/1487
f 1378/1536/1487 1377/1539/1490 1366/1540/1491
f 1378/1536/1487 1366/1540/1491 1365/1537/1488
f 1365/1537/1488 1366/1540/1491 1321/1517/1441
f 1377/1539/1490 1360/1538/1489 1361/1541/1492
f 1361/1541/1492 1360/1538/1489 1322/1542/1493
f 1361/1541/1492 1322/1542/1493 1366/1540/1491
f 1366/1540/1491 1322/1542/1493 1321/1517/1441
f 1362/1516/1468 1380/1520/1471 1363/1518/1469
f 1377/1539/1490 1361/1541/1492 1366/1540/1491
f 1375/1531/1482 1376/1530/1481 1368/1533/1484
f 1374/1522/1473 1375/1531/1482 1369/1532/1483
f 1369/1532/1483 1375/1531/1482 1368/1533/1484
f 1357/1526/1477 1370/1524/1475 1369/1532/1483
f 1369/1532/1483 1370/1524/1475 1374/1522/1473
f 1385/1543/1494 1381/1544/1495 1387/1545/1496
f 1387/1545/1496 1381/1544/1495 1322/1546/1497
f 1387/1545/1496 1322/1546/1497 1360/1547/1498
f 1387/1545/1496 1360/1547/1498 1386/1548/1499
f 1386/1548/1499 1360/1547/1498 1359/1549/1500
f 1386/1548/1499 1359/1549/1500 1388/1550/1501
f 1388/1550/1501 1359/1549/1500 1358/1551/1502
f 1388/1550/1501 1358/1551/1502 1382/1552/1503
f 1382/1552/1503 1358/1551/1502 1357/1553/1504
f 1382/1552/1503 1383/1554/1505 1388/1550/1501
f 1388/1550/1501 1383/1554/1505 1384/1555/1506
f 1388/1550/1501 1384/1555/1506 1386/1548/1499
f 1386/1548/1499 1384/1555/1506 1385/1543/1494
f 1386/1548/1499 1385/1543/1494 1387/1545/1496
f 1381/1556/1507 1394/1557/1508 1350/1558/1509
f 1350/1558/1509 1394/1557/1508 1395/1559/1510
f 1350/1558/1509 1395/1559/1510 1389/1560/1511
f 1389/1560/1511 1395/1559/1510 1394/1557/1508
f 1389/1560/1511 1394/1557/1508 1397/1561/1512
f 1397/1561/1512 1394/1557/1508 1393/1562/1513
f 1397/1561/1512 1393/1562/1513 1396/1563/1514
f 1396/1563/1514 1393/1562/1513 1392/1564/1515
f 1396/1563/1514 1392/1564/1515 1390/1565/1516
f 1390/1565/1516 1392/1564/1515 1385/1566/1517
f 1390/1565/1516 1385/1566/1517 1384/1567/1518
f 1385/1566/1517 1392/1564/1515 1381/1556/1507
f 1381/1556/1507 1392/1564/1515 1393/1562/1513
f 1381/1556/1507 1393/1562/1513 1394/1557/1508
f 1383/1568/1519 1398/1569/1520 1384/1567/1518
f 1384/1567/1518 1398/1569/1520 1405/1570/1521
f 1384/1567/1518 1405/1570/1521 1390/1565/1516
f 1390/1565/1516 1405/1570/1521 1404/1571/1522
f 1390/1565/1516 1404/1571/1522 1396/1563/1514
f 1396/1563/1514 1404/1571/1522 1403/1572/1523
f 1396/1563/1514 1403/1572/1523 1397/1561/1512
f 1397/1561/1512 1403/1572/1523 1402/1573/1524
f 1397/1561/1512 1402/1573/1524 1389/1560/1511
f 1389/1560/1511 1402/1573/1524 1351/1574/1525
f 1389/1560/1511 1351/1574/1525 1350/1558/1509
f 1398/1569/1520 1383/1568/1519 1406/1575/1526
f 1406/1575/1526 1383/1568/1519 1382/1576/1527
f 1406/1575/1526 1382/1576/1527 1407/1577/1528
f 1407/1577/1528 1382/1576/1527 1352/1578/1529
f 1407/1577/1528 1352/1578/1529 1408/1579/1530
f 1408/1579/1530 1352/1578/1529 1391/1580/1531
f 1408/1579/1530 1391/1580/1531 1400/1581/1532
f 1400/1581/1532 1391/1580/1531 1401/1582/1533
f 1400/1581/1532 1401/1582/1533 1403/1572/1523
f 1403/1572/1523 1401/1582/1533 1402/1573/1524
f 1352/1578/1529 1351/1574/1525 1391/1580/1531
f 1391/1580/1531 1351/1574/1525 1401/1582/1533
f 1402/1573/1524 1401/1582/1533 1351/1574/1525
f 1404/1571/1522 1405/1570/1521 1399/1583/1534
f 1399/1583/1534 1405/1570/1521 1398/1569/1520
f 1399/1583/1534 1398/1569/1520 1407/1577/1528
f 1407/1577/1528 1398/1569/1520 1406/1575/1526
f 1403/1572/1523 1404/1571/1522 1400/1581/1532
f 1400/1581/1532 1404/1571/1522 1399/1583/1534
f 1400/1581/1532 1399/1583/1534 1408/1579/1530
f 1408/1579/1530 1399/1583/1534 1407/1577/1528
f 1350/1584/1535 1321/1585/1465 1414/1586/1536
f 1414/1586/1536 1321/1585/1465 1409/1587/1537
f 1414/1586/1536 1409/1587/1537 1410/1588/1538
f 1295/1589/1539 1413/1590/1540 1410/1588/1538
f 1410/1588/1538 1413/1590/1540 1415/1591/1541
f 1410/1588/1538 1415/1591/1541 1414/1586/1536
f 1414/1586/1536 1415/1591/1541 1412/1592/1542
f 1414/1586/1536 1412/1592/1542 1350/1584/1535
f 1295/1589/1539 1411/1593/1543 1413/1590/1540
f 1413/1590/1540 1411/1593/1543 1412/1592/1542
f 1413/1590/1540 1412/1592/1542 1415/1591/1541
f 1419/1594/1544 1416/1595/1545 1421/1596/1546
f 1421/1596/1546 1416/1595/1545 1296/1597/1547
f 1421/1596/1546 1296/1597/1547 1325/1598/1548
f 1421/1596/1546 1325/1598/1548 1420/1599/1549
f 1420/1599/1549 1325/1598/1548 1324/1600/1550
f 1420/1599/1549 1324/1600/1550 1422/1601/1551
f 1422/1601/1551 1324/1600/1550 1323/1602/1552
f 1422/1601/1551 1323/1602/1552 1423/1603/1553
f 1423/1603/1553 1323/1602/1552 1322/1604/1554
f 1423/1603/1553 1322/1604/1554 1381/1605/1555
f 1381/1605/1555 1417/1606/1556 1423/1603/1553
f 1423/1603/1553 1417/1606/1556 1422/1601/1551
f 1417/1606/1556 1418/1607/1557 1422/1601/1551
f 1422/1601/1551 1418/1607/1557 1420/1599/1549
f 1418/1607/1557 1419/1594/1544 1420/1599/1549
f 1420/1599/1549 1419/1594/1544 1421/1596/1546
f 1416/1608/1558 1429/1609/1559 1411/1610/1560
f 1411/1610/1560 1429/1609/1559 1430/1611/1561
f 1411/1610/1560 1430/1611/1561 1424/1612/1562
f 1424/1612/1562 1430/1611/1561 1429/1609/1559
f 1424/1612/1562 1429/1609/1559 1432/1613/1563
f 1432/1613/1563 1429/1609/1559 1428/1614/1564
f 1432/1613/1563 1428/1614/1564 1431/1615/1565
f 1431/1615/1565 1428/1614/1564 1427/1616/1566
f 1431/1615/1565 1427/1616/1566 1425/1617/1567
f 1425/1617/1567 1427/1616/1566 1419/1618/1568
f 1425/1617/1567 1419/1618/1568 1418/1619/1569
f 1419/1618/1568 1427/1616/1566 1416/1608/1558
f 1416/1608/1558 1427/1616/1566 1428/1614/1564
f 1416/1608/1558 1428/1614/1564 1429/1609/1559
f 1417/1620/1570 1433/1621/1571 1418/1619/1569
f 1418/1619/1569 1433/1621/1571 1440/1622/1572
f 1418/1619/1569 1440/1622/1572 1425/1617/1567
f 1425/1617/1567 1440/1622/1572 1439/1623/1573
f 1425/1617/1567 1439/1623/1573 1431/1615/1565
f 1431/1615/1565 1439/1623/1573 1438/1624/1574
f 1431/1615/1565 1438/1624/1574 1432/1613/1563
f 1432/1613/1563 1438/1624/1574 1437/1625/1575
f 1432/1613/1563 1437/1625/1575 1424/1612/1562
f 1424/1612/1562 1437/1625/1575 1412/1626/1576
f 1424/1612/1562 1412/1626/1576 1411/1610/1560
f 1433/1621/1571 1417/1620/1570 1441/1627/1577
f 1441/1627/1577 1417/1620/1570 1381/1628/1578
f 1441/1627/1577 1381/1628/1578 1442/1629/1579
f 1442/1629/1579 1381/1628/1578 1350/1630/1580
f 1442/1629/1579 1350/1630/1580 1443/1631/1581
f 1443/1631/1581 1350/1630/1580 1426/1632/1582
f 1443/1631/1581 1426/1632/1582 1435/1633/1583
f 1435/1633/1583 1426/1632/1582 1436/1634/1584
f 1435/1633/1583 1436/1634/1584 1438/1624/1574
f 1438/1624/1574 1436/1634/1584 1437/1625/1575
f 1350/1630/1580 1412/1626/1576 1426/1632/1582
f 1426/1632/1582 1412/1626/1576 1436/1634/1584
f 1437/1625/1575 1436/1634/1584 1412/1626/1576
f 1439/1623/1573 1440/1622/1572 1434/1635/1585
f 1434/1635/1585 1440/1622/1572 1433/1621/1571
f 1434/1635/1585 1433/1621/1571 1442/1629/1579
f 1442/1629/1579 1433/1621/1571 1441/1627/1577
f 1438/1624/1574 1439/1623/1573 1435/1633/1583
f 1435/1633/1583 1439/1623/1573 1434/1635/1585
f 1435/1633/1583 1434/1635/1585 1443/1631/1581
f 1443/1631/1581 1434/1635/1585 1442/1629/1579
f 1411/1636/1586 1295/1637/1539 1450/1638/1587
f 1450/1638/1587 1295/1637/1539 1444/1639/1588
f 1450/1638/1587 1444/1639/1588 1451/1640/1589
f 1451/1640/1589 1444/1639/1588 1445/1641/1590
f 1451/1640/1589 1445/1641/1590 1449/1642/1591
f 1449/1642/1591 1445/1641/1590 1446/1643/1592
f 1449/1642/1591 1446/1643/1592 1447/1644/1593
f 1447/1644/1593 1446/1643/1592 1269/1645/1594
f 1447/1644/1593 1448/1646/1595 1449/1642/1591
f 1449/1642/1591 1448/1646/1595 1451/1640/1589
f 1451/1640/1589 1448/1646/1595 1450/1638/1587
f 1450/1638/1587 1448/1646/1595 1411/1636/1586
f 1455/1647/1596 1452/1648/1597 1457/1649/1598
f 1457/1649/1598 1452/1648/1597 1270/1650/1599
f 1457/1649/1598 1270/1650/1599 1299/1651/1600
f 1457/1649/1598 1299/1651/1600 1456/1652/1601
f 1456/1652/1601 1299/1651/1600 1298/1653/1602
f 1456/1652/1601 1298/1653/1602 1458/1654/1603
f 1458/1654/1603 1298/1653/1602 1297/1655/1604
f 1458/1654/1603 1297/1655/1604 1416/1656/1605
f 1416/1656/1605 1297/1655/1604 1296/1657/1606
f 1416/1656/1605 1453/1658/1607 1458/1654/1603
f 1458/1654/1603 1453/1658/1607 1454/1659/1608
f 1458/1654/1603 1454/1659/1608 1456/1652/1601
f 1456/1652/1601 1454/1659/1608 1455/1647/1596
f 1456/1652/1601 1455/1647/1596 1457/1649/1598
f 1452/1660/1609 1464/1661/1610 1447/1662/1611
f 1447/1662/1611 1464/1661/1610 1465/1663/1612
f 1447/1662/1611 1465/1663/1612 1459/1664/1613
f 1459/1664/1613 1465/1663/1612 1464/1661/1610
f 1459/1664/1613 1464/1661/1610 1467/1665/1614
f 1467/1665/1614 1464/1661/1610 1463/1666/1615
f 1467/1665/1614 1463/1666/1615 1466/1667/1616
f 1466/1667/1616 1463/1666/1615 1462/1668/1617
f 1466/1667/1616 1462/1668/1617 1460/1669/1618
f 1460/1669/1618 1462/1668/1617 1455/1670/1619
f 1460/1669/1618 1455/1670/1619 1454/1671/1620
f 1455/1670/1619 1462/1668/1617 1452/1660/1609
f 1452/1660/1609 1462/1668/1617 1463/1666/1615
f 1452/1660/1609 1463/1666/1615 1464/1661/1610
f 1453/1672/1621 1468/1673/1622 1454/1671/1620
f 1454/1671/1620 1468/1673/1622 1475/1674/1623
f 1454/1671/1620 1475/1674/1623 1460/1669/1618
f 1460/1669/1618 1475/1674/1623 1474/1675/1624
f 1460/1669/1618 1474/1675/1624 1466/1667/1616
f 1466/1667/1616 1474/1675/1624 1473/1676/1625
f 1466/1667/1616 1473/1676/1625 1467/1665/1614
f 1467/1665/1614 1473/1676/1625 1472/1677/1626
f 1467/1665/1614 1472/1677/1626 1459/1664/1613
f 1459/1664/1613 1472/1677/1626 1448/1678/1627
f 1459/1664/1613 1448/1678/1627 1447/1662/1611
f 1468/1673/1622 1453/1672/1621 1476/1679/1628
f 1476/1679/1628 1453/1672/1621 1416/1680/1629
f 1476/1679/1628 1416/1680/1629 1477/1681/1630
f 1477/1681/1630 1416/1680/1629 1411/1682/1631
f 1477/1681/1630 1411/1682/1631 1478/1683/1632
f 1478/1683/1632 1411/1682/1631 1461/1684/1633
f 1478/1683/1632 1461/1684/1633 1470/1685/1634
f 1470/1685/1634 1461/1684/1633 1471/1686/1635
f 1470/1685/1634 1471/1686/1635 1473/1676/1625
f 1473/1676/1625 1471/1686/1635 1472/1677/1626
f 1411/1682/1631 1448/1678/1627 1461/1684/1633
f 1461/1684/1633 1448/1678/1627 1471/1686/1635
f 1472/1677/1626 1471/1686/1635 1448/1678/1627
f 1474/1675/1624 1475/1674/1623 1469/1687/1636
f 1469/1687/1636 1475/1674/1623 1468/1673/1622
f 1469/1687/1636 1468/1673/1622 1477/1681/1630
f 1477/1681/1630 1468/1673/1622 1476/1679/1628
f 1473/1676/1625 1474/1675/1624 1470/1685/1634
f 1470/1685/1634 1474/1675/1624 1469/1687/1636
f 1470/1685/1634 1469/1687/1636 1478/1683/1632
f 1478/1683/1632 1469/1687/1636 1477/1681/1630
f 1447/1688/1637 1269/1689/1594 1484/1690/1638
f 1484/1690/1638 1269/1689/1594 1479/1691/1639
f 1484/1690/1638 1479/1691/1639 1480/1692/1640
f 1243/1693/1641 1483/1694/1642 1480/1692/1640
f 1480/1692/1640 1483/1694/1642 1485/1695/1643
f 1480/1692/1640 1485/1695/1643 1484/1690/1638
f 1484/1690/1638 1485/1695/1643 1482/1696/1644
f 1484/1690/1638 1482/1696/1644 1447/1688/1637
f 1243/1693/1641 1481/1697/1645 1483/1694/1642
f 1483/1694/1642 1481/1697/1645 1482/1696/1644
f 1483/1694/1642 1482/1696/1644 1485/1695/1643
f 1489/1698/1646 1486/1699/1647 1491/1700/1648
f 1491/1700/1648 1486/1699/1647 1244/1701/1649
f 1491/1700/1648 1244/1701/1649 1273/1702/1650
f 1491/1700/1648 1273/1702/1650 1490/1703/1651
f 1490/1703/1651 1273/1702/1650 1272/1704/1652
f 1490/1703/1651 1272/1704/1652 1492/1705/1653
f 1492/1705/1653 1272/1704/1652 1271/1706/1654
f 1492/1705/1653 1271/1706/1654 1493/1707/1655
f 1493/1707/1655 1271/1706/1654 1270/1708/1656
f 1493/1707/1655 1270/1708/1656 1452/1709/1657
f 1452/1709/1657 1487/1710/1658 1493/1707/1655
f 1493/1707/1655 1487/1710/1658 1492/1705/1653
f 1487/1710/1658 1488/1711/1659 1492/1705/1653
f 1492/1705/1653 1488/1711/1659 1490/1703/1651
f 1488/1711/1659 1489/1698/1646 1490/1703/1651
f 1490/1703/1651 1489/1698/1646 1491/1700/1648
f 1486/1712/1660 1499/1713/1661 1481/1714/1662
f 1481/1714/1662 1499/1713/1661 1500/1715/1663
f 1481/1714/1662 1500/1715/1663 1494/1716/1664
f 1494/1716/1664 1500/1715/1663 1499/1713/1661
f 1494/1716/1664 1499/1713/1661 1502/1717/1665
f 1502/1717/1665 1499/1713/1661 1498/1718/1666
f 1502/1717/1665 1498/1718/1666 1501/1719/1667
f 1501/1719/1667 1498/1718/1666 1497/1720/1668
f 1501/1719/1667 1497/1720/1668 1495/1721/1669
f 1495/1721/1669 1497/1720/1668 1489/1722/1670
f 1495/1721/1669 1489/1722/1670 1488/1723/1671
f 1489/1722/1670 1497/1720/1668 1486/1712/1660
f 1486/1712/1660 1497/1720/1668 1498/1718/1666
f 1486/1712/1660 1498/1718/1666 1499/1713/1661
f 1487/1724/1672 1503/1725/1673 1488/1723/1671
f 1488/1723/1671 1503/1725/1673 1510/1726/1674
f 1488/1723/1671 1510/1726/1674 1495/1721/1669
f 1495/1721/1669 1510/1726/1674 1509/1727/1675
f 1495/1721/1669 1509/1727/1675 1501/1719/1667
f 1501/1719/1667 1509/1727/1675 1508/1728/1676
f 1501/1719/1667 1508/1728/1676 1502/1717/1665
f 1502/1717/1665 1508/1728/1676 1507/1729/1677
f 1502/1717/1665 1507/1729/1677 1494/1716/1664
f 1494/1716/1664 1507/1729/1677 1482/1730/1678
f 1494/1716/1664 1482/1730/1678 1481/1714/1662
f 1503/1725/1673 1487/1724/1672 1511/1731/1679
f 1511/1731/1679 1487/1724/1672 1452/1732/1680
f 1511/1731/1679 1452/1732/1680 1512/1733/1681
f 1512/1733/1681 1452/1732/1680 1447/1734/1682
f 1512/1733/1681 1447/1734/1682 1513/1735/1683
f 1513/1735/1683 1447/1734/1682 1496/1736/1684
f 1513/1735/1683 1496/1736/1684 1505/1737/1685
f 1505/1737/1685 1496/1736/1684 1506/1738/1686
f 1505/1737/1685 1506/1738/1686 1508/1728/1676
f 1508/1728/1676 1506/1738/1686 1507/1729/1677
f 1447/1734/1682 1482/1730/1678 1496/1736/1684
f 1496/1736/1684 1482/1730/1678 1506/1738/1686
f 1507/1729/1677 1506/1738/1686 1482/1730/1678
f 1509/1727/1675 1510/1726/1674 1504/1739/1687
f 1504/1739/1687 1510/1726/1674 1503/1725/1673
f 1504/1739/1687 1503/1725/1673 1512/1733/1681
f 1512/1733/1681 1503/1725/1673 1511/1731/1679
f 1508/1728/1676 1509/1727/1675 1505/1737/1685
f 1505/1737/1685 1509/1727/1675 1504/1739/1687
f 1505/1737/1685 1504/1739/1687 1513/1735/1683
f 1513/1735/1683 1504/1739/1687 1512/1733/1681
f 1481/1740/1688 1243/1741/1641 1520/1742/1689
f 1520/1742/1689 1243/1741/1641 1514/1743/1690
f 1520/1742/1689 1514/1743/1690 1521/1744/1691
f 1521/1744/1691 1514/1743/1690 1515/1745/1692
f 1521/1744/1691 1515/1745/1692 1519/1746/1693
f 1519/1746/1693 1515/1745/1692 1516/1747/1694
f 1519/1746/1693 1516/1747/1694 1517/1748/1695
f 1517/1748/1695 1516/1747/1694 1217/1749/1696
f 1517/1748/1695 1518/1750/1697 1519/1746/1693
f 1519/1746/1693 1518/1750/1697 1521/1744/1691
f 1521/1744/1691 1518/1750/1697 1520/1742/1689
f 1520/1742/1689 1518/1750/1697 1481/1740/1688
f 1525/1751/1698 1522/1752/1699 1527/1753/1700
f 1527/1753/1700 1522/1752/1699 1218/1754/1701
f 1527/1753/1700 1218/1754/1701 1247/1755/1702
f 1527/1753/1700 1247/1755/1702 1526/1756/1703
f 1526/1756/1703 1247/1755/1702 1246/1757/1704
f 1526/1756/1703 1246/1757/1704 1528/1758/1705
f 1528/1758/1705 1246/1757/1704 1245/1759/1706
f 1528/1758/1705 1245/1759/1706 1486/1760/1707
f 1486/1760/1707 1245/1759/1706 1244/1761/1708
f 1486/1760/1707 1523/1762/1709 1528/1758/1705
f 1528/1758/1705 1523/1762/1709 1524/1763/1710
f 1528/1758/1705 1524/1763/1710 1526/1756/1703
f 1526/1756/1703 1524/1763/1710 1525/1751/1698
f 1526/1756/1703 1525/1751/1698 1527/1753/1700
f 1522/1764/1711 1534/1765/1712 1517/1766/1713
f 1517/1766/1713 1534/1765/1712 1535/1767/1714
f 1517/1766/1713 1535/1767/1714 1529/1768/1715
f 1529/1768/1715 1535/1767/1714 1534/1765/1712
f 1529/1768/1715 1534/1765/1712 1537/1769/1716
f 1537/1769/1716 1534/1765/1712 1533/1770/1717
f 1537/1769/1716 1533/1770/1717 1536/1771/1718
f 1536/1771/1718 1533/1770/1717 1532/1772/1719
f 1536/1771/1718 1532/1772/1719 1530/1773/1720
f 1530/1773/1720 1532/1772/1719 1525/1774/1721
f 1530/1773/1720 1525/1774/1721 1524/1775/1722
f 1525/1774/1721 1532/1772/1719 1522/1764/1711
f 1522/1764/1711 1532/1772/1719 1533/1770/1717
f 1522/1764/1711 1533/1770/1717 1534/1765/1712
f 1523/1776/1723 1538/1777/1724 1524/1775/1722
f 1524/1775/1722 1538/1777/1724 1545/1778/1725
f 1524/1775/1722 1545/1778/1725 1530/1773/1720
f 1530/1773/1720 1545/1778/1725 1544/1779/1726
f 1530/1773/1720 1544/1779/1726 1536/1771/1718
f 1536/1771/1718 1544/1779/1726 1543/1780/1727
f 1536/1771/1718 1543/1780/1727 1537/1769/1716
f 1537/1769/1716 1543/1780/1727 1542/1781/1728
f 1537/1769/1716 1542/1781/1728 1529/1768/1715
f 1529/1768/1715 1542/1781/1728 1518/1782/1729
f 1529/1768/1715 1518/1782/1729 1517/1766/1713
f 1538/1777/1724 1523/1776/1723 1546/1783/1730
f 1546/1783/1730 1523/1776/1723 1486/1784/1731
f 1546/1783/1730 1486/1784/1731 1547/1785/1732
f 1547/1785/1732 1486/1784/1731 1481/1786/1733
f 1547/1785/1732 1481/1786/1733 1548/1787/1734
f 1548/1787/1734 1481/1786/1733 1531/1788/1735
f 1548/1787/1734 1531/1788/1735 1540/1789/1736
f 1540/1789/1736 1531/1788/1735 1541/1790/1737
f 1540/1789/1736 1541/1790/1737 1543/1780/1727
f 1543/1780/1727 1541/1790/1737 1542/1781/1728
f 1481/1786/1733 1518/1782/1729 1531/1788/1735
f 1531/1788/1735 1518/1782/1729 1541/1790/1737
f 1542/1781/1728 1541/1790/1737 1518/1782/1729
f 1544/1779/1726 1545/1778/1725 1539/1791/1738
f 1539/1791/1738 1545/1778/1725 1538/1777/1724
f 1539/1791/1738 1538/1777/1724 1547/1785/1732
f 1547/1785/1732 1538/1777/1724 1546/1783/1730
f 1543/1780/1727 1544/1779/1726 1540/1789/1736
f 1540/1789/1736 1544/1779/1726 1539/1791/1738
f 1540/1789/1736 1539/1791/1738 1548/1787/1734
f 1548/1787/1734 1539/1791/1738 1547/1785/1732
f 1517/1792/1739 1217/1793/1696 1555/1794/1740
f 1555/1794/1740 1217/1793/1696 1549/1795/1741
f 1555/1794/1740 1549/1795/1741 1556/1796/1742
f 1556/1796/1742 1549/1795/1741 1550/1797/1743
f 1556/1796/1742 1550/1797/1743 1554/1798/1744
f 1554/1798/1744 1550/1797/1743 1551/1799/1745
f 1554/1798/1744 1551/1799/1745 1552/1800/1746
f 1552/1800/1746 1551/1799/1745 1191/1801/1747
f 1552/1800/1746 1553/1802/1748 1554/1798/1744
f 1554/1798/1744 1553/1802/1748 1556/1796/1742
f 1556/1796/1742 1553/1802/1748 1555/1794/1740
f 1555/1794/1740 1553/1802/1748 1517/1792/1739
f 1560/1803/1749 1557/1804/1750 1562/1805/1751
f 1562/1805/1751 1557/1804/1750 1192/1806/1752
f 1562/1805/1751 1192/1806/1752 1221/1807/1753
f 1562/1805/1751 1221/1807/1753 1561/1808/1754
f 1561/1808/1754 1221/1807/1753 1220/1809/1755
f 1561/1808/1754 1220/1809/1755 1563/1810/1756
f 1563/1810/1756 1220/1809/1755 1219/1811/1757
f 1563/1810/1756 1219/1811/1757 1522/1812/1758
f 1522/1812/1758 1219/1811/1757 1218/1813/1759
f 1522/1812/1758 1558/1814/1760 1563/1810/1756
f 1563/1810/1756 1558/1814/1760 1559/1815/1761
f 1563/1810/1756 1559/1815/1761 1561/1808/1754
f 1561/1808/1754 1559/1815/1761 1560/1803/1749
f 1561/1808/1754 1560/1803/1749 1562/1805/1751
f 1557/1816/1762 1569/1817/1763 1552/1818/1764
f 1552/1818/1764 1569/1817/1763 1570/1819/1765
f 1552/1818/1764 1570/1819/1765 1564/1820/1766
f 1564/1820/1766 1570/1819/1765 1569/1817/1763
f 1564/1820/1766 1569/1817/1763 1572/1821/1767
f 1572/1821/1767 1569/1817/1763 1568/1822/1768
f 1572/1821/1767 1568/1822/1768 1571/1823/1769
f 1571/1823/1769 1568/1822/1768 1567/1824/1770
f 1571/1823/1769 1567/1824/1770 1565/1825/1771
f 1565/1825/1771 1567/1824/1770 1560/1826/1772
f 1565/1825/1771 1560/1826/1772 1559/1827/1773
f 1560/1826/1772 1567/1824/1770 1557/1816/1762
f 1557/1816/1762 1567/1824/1770 1568/1822/1768
f 1557/1816/1762 1568/1822/1768 1569/1817/1763
f 1558/1828/1774 1573/1829/1775 1559/1827/1773
f 1559/1827/1773 1573/1829/1775 1580/1830/1776
f 1559/1827/1773 1580/1830/1776 1565/1825/1771
f 1565/1825/1771 1580/1830/1776 1579/1831/1777
f 1565/1825/1771 1579/1831/1777 1571/1823/1769
f 1571/1823/1769 1579/1831/1777 1578/1832/1778
f 1571/1823/1769 1578/1832/1778 1572/1821/1767
f 1572/1821/1767 1578/1832/1778 1577/1833/1779
f 1572/1821/1767 1577/1833/1779 1564/1820/1766
f 1564/1820/1766 1577/1833/1779 1553/1834/1780
f 1564/1820/1766 1553/1834/1780 1552/1818/1764
f 1573/1829/1775 1558/1828/1774 1581/1835/1781
f 1581/1835/1781 1558/1828/1774 1522/1836/1782
f 1581/1835/1781 1522/1836/1782 1582/1837/1783
f 1582/1837/1783 1522/1836/1782 1517/1838/1784
f 1582/1837/1783 1517/1838/1784 1583/1839/1785
f 1583/1839/1785 1517/1838/1784 1566/1840/1786
f 1583/1839/1785 1566/1840/1786 1575/1841/1787
f 1575/1841/1787 1566/1840/1786 1576/1842/1788
f 1575/1841/1787 1576/1842/1788 1578/1832/1778
f 1578/1832/1778 1576/1842/1788 1577/1833/1779
f 1517/1838/1784 1553/1834/1780 1566/1840/1786
f 1566/1840/1786 1553/1834/1780 1576/1842/1788
f 1577/1833/1779 1576/1842/1788 1553/1834/1780
f 1579/1831/1777 1580/1830/1776 1574/1843/1789
f 1574/1843/1789 1580/1830/1776 1573/1829/1775
f 1574/1843/1789 1573/1829/1775 1582/1837/1783
f 1582/1837/1783 1573/1829/1775 1581/1835/1781
f 1578/1832/1778 1579/1831/1777 1575/1841/1787
f 1575/1841/1787 1579/1831/1777 1574/1843/1789
f 1575/1841/1787 1574/1843/1789 1583/1839/1785
f 1583/1839/1785 1574/1843/1789 1582/1837/1783
f 1552/1844/1790 1191/1845/1747 1590/1846/1791
f 1590/1846/1791 1191/1845/1747 1584/1847/1792
f 1590/1846/1791 1584/1847/1792 1591/1848/1793
f 1591/1848/1793 1584/1847/1792 1585/1849/1794
f 1591/1848/1793 1585/1849/1794 1589/1850/1795
f 1589/1850/1795 1585/1849/1794 1586/1851/1796
f 1589/1850/1795 1586/1851/1796 1587/1852/1797
f 1587/1852/1797 1586/1851/1796 1165/1853/1798
f 1587/1852/1797 1588/1854/1799 1589/1850/1795
f 1589/1850/1795 1588/1854/1799 1591/1848/1793
f 1591/1848/1793 1588/1854/1799 1590/1846/1791
f 1590/1846/1791 1588/1854/1799 1552/1844/1790
f 1595/1855/1800 1592/1856/1801 1597/1857/1802
f 1597/1857/1802 1592/1856/1801 1166/1858/1803
f 1597/1857/1802 1166/1858/1803 1195/1859/1804
f 1597/1857/1802 1195/1859/1804 1596/1860/1805
f 1596/1860/1805 1195/1859/1804 1194/1861/1806
f 1596/1860/1805 1194/1861/1806 1598/1862/1807
f 1598/1862/1807 1194/1861/1806 1193/1863/1808
f 1598/1862/1807 1193/1863/1808 1557/1864/1809
f 1557/1864/1809 1193/1863/1808 1192/1865/1810
f 1557/1864/1809 1593/1866/1811 1598/1862/1807
f 1598/1862/1807 1593/1866/1811 1594/1867/1812
f 1598/1862/1807 1594/1867/1812 1596/1860/1805
f 1596/1860/1805 1594/1867/1812 1595/1855/1800
f 1596/1860/1805 1595/1855/1800 1597/1857/1802
f 1592/1868/1813 1604/1869/1814 1587/1870/1815
f 1587/1870/1815 1604/1869/1814 1605/1871/1816
f 1587/1870/1815 1605/1871/1816 1599/1872/1817
f 1599/1872/1817 1605/1871/1816 1604/1869/1814
f 1599/1872/1817 1604/1869/1814 1607/1873/1818
f 1607/1873/1818 1604/1869/1814 1603/1874/1819
f 1607/1873/1818 1603/1874/1819 1606/1875/1820
f 1606/1875/1820 1603/1874/1819 1602/1876/1821
f 1606/1875/1820 1602/1876/1821 1600/1877/1822
f 1600/1877/1822 1602/1876/1821 1595/1878/1823
f 1600/1877/1822 1595/1878/1823 1594/1879/1824
f 1595/1878/1823 1602/1876/1821 1592/1868/1813
f 1592/1868/1813 1602/1876/1821 1603/1874/1819
f 1592/1868/1813 1603/1874/1819 1604/1869/1814
f 1593/1880/1825 1608/1881/1826 1594/1879/1824
f 1594/1879/1824 1608/1881/1826 1615/1882/1827
f 1594/1879/1824 1615/1882/1827 1600/1877/1822
f 1600/1877/1822 1615/1882/1827 1614/1883/1828
f 1600/1877/1822 1614/1883/1828 1606/1875/1820
f 1606/1875/1820 1614/1883/1828 1613/1884/1829
f 1606/1875/1820 1613/1884/1829 1607/1873/1818
f 1607/1873/1818 1613/1884/1829 1612/1885/1830
f 1607/1873/1818 1612/1885/1830 1599/1872/1817
f 1599/1872/1817 1612/1885/1830 1588/1886/1831
f 1599/1872/1817 1588/1886/1831 1587/1870/1815
f 1608/1881/1826 1593/1880/1825 1616/1887/1832
f 1616/1887/1832 1593/1880/1825 1557/1888/1833
f 1616/1887/1832 1557/1888/1833 1617/1889/1834
f 1617/1889/1834 1557/1888/1833 1552/1890/1835
f 1617/1889/1834 1552/1890/1835 1618/1891/1836
f 1618/1891/1836 1552/1890/1835 1601/1892/1837
f 1618/1891/1836 1601/1892/1837 1610/1893/1838
f 1610/1893/1838 1601/1892/1837 1611/1894/1839
f 1610/1893/1838 1611/1894/1839 1613/1884/1829
f 1613/1884/1829 1611/1894/1839 1612/1885/1830
f 1552/1890/1835 1588/1886/1831 1601/1892/1837
f 1601/1892/1837 1588/1886/1831 1611/1894/1839
f 1612/1885/1830 1611/1894/1839 1588/1886/1831
f 1614/1883/1828 1615/1882/1827 1609/1895/1840
f 1609/1895/1840 1615/1882/1827 1608/1881/1826
f 1609/1895/1840 1608/1881/1826 1617/1889/1834
f 1617/1889/1834 1608/1881/1826 1616/1887/1832
f 1613/1884/1829 1614/1883/1828 1610/1893/1838
f 1610/1893/1838 1614/1883/1828 1609/1895/1840
f 1610/1893/1838 1609/1895/1840 1618/1891/1836
f 1618/1891/1836 1609/1895/1840 1617/1889/1834
f 1587/1896/1841 1165/1897/1798 1624/1898/1842
f 1624/1898/1842 1165/1897/1798 1619/1899/1843
f 1624/1898/1842 1619/1899/1843 1620/1900/1844
f 1139/1901/1845 1623/1902/1846 1620/1900/1844
f 1620/1900/1844 1623/1902/1846 1625/1903/1847
f 1620/1900/1844 1625/1903/1847 1624/1898/1842
f 1624/1898/1842 1625/1903/1847 1622/1904/1848
f 1624/1898/1842 1622/1904/1848 1587/1896/1841
f 1139/1901/1845 1621/1905/1849 1623/1902/1846
f 1623/1902/1846 1621/1905/1849 1622/1904/1848
f 1623/1902/1846 1622/1904/1848 1625/1903/1847
f 1629/1906/1850 1626/1907/1851 1631/1908/1852
f 1631/1908/1852 1626/1907/1851 1140/1909/1853
f 1631/1908/1852 1140/1909/1853 1169/1910/1854
f 1631/1908/1852 1169/1910/1854 1630/1911/1855
f 1630/1911/1855 1169/1910/1854 1168/1912/1856
f 1630/1911/1855 1168/1912/1856 1632/1913/1857
f 1632/1913/1857 1168/1912/1856 1167/1914/1858
f 1632/1913/1857 1167/1914/1858 1633/1915/1859
f 1633/1915/1859 1167/1914/1858 1166/1916/1860
f 1633/1915/1859 1166/1916/1860 1592/1917/1861
f 1592/1917/1861 1627/1918/1862 1633/1915/1859
f 1633/1915/1859 1627/1918/1862 1632/1913/1857
f 1627/1918/1862 1628/1919/1863 1632/1913/1857
f 1632/1913/1857 1628/1919/1863 1630/1911/1855
f 1628/1919/1863 1629/1906/1850 1630/1911/1855
f 1630/1911/1855 1629/1906/1850 1631/1908/1852
f 1626/1920/1864 1639/1921/1865 1621/1922/1866
f 1621/1922/1866 1639/1921/1865 1640/1923/1867
f 1621/1922/1866 1640/1923/1867 1634/1924/1868
f 1634/1924/1868 1640/1923/1867 1639/1921/1865
f 1634/1924/1868 1639/1921/1865 1642/1925/1869
f 1642/1925/1869 1639/1921/1865 1638/1926/1870
f 1642/1925/1869 1638/1926/1870 1641/1927/1871
f 1641/1927/1871 1638/1926/1870 1637/1928/1872
f 1641/1927/1871 1637/1928/1872 1635/1929/1873
f 1635/1929/1873 1637/1928/1872 1629/1930/1874
f 1635/1929/1873 1629/1930/1874 1628/1931/1875
f 1629/1930/1874 1637/1928/1872 1626/1920/1864
f 1626/1920/1864 1637/1928/1872 1638/1926/1870
f 1626/1920/1864 1638/1926/1870 1639/1921/1865
f 1627/1932/1876 1643/1933/1877 1628/1931/1875
f 1628/1931/1875 1643/1933/1877 1650/1934/1878
f 1628/1931/1875 1650/1934/1878 1635/1929/1873
f 1635/1929/1873 1650/1934/1878 1649/1935/1879
f 1635/1929/1873 1649/1935/1879 1641/1927/1871
f 1641/1927/1871 1649/1935/1879 1648/1936/1880
f 1641/1927/1871 1648/1936/1880 1642/1925/1869
f 1642/1925/1869 1648/1936/1880 1647/1937/1881
f 1642/1925/1869 1647/1937/1881 1634/1924/1868
f 1634/1924/1868 1647/1937/1881 1622/1938/1882
f 1634/1924/1868 1622/1938/1882 1621/1922/1866
f 1643/1933/1877 1627/1932/1876 1651/1939/1883
f 1651/1939/1883 1627/1932/1876 1592/1940/1884
f 1651/1939/1883 1592/1940/1884 1652/1941/1885
f 1652/1941/1885 1592/1940/1884 1587/1942/1886
f 1652/1941/1885 1587/1942/1886 1653/1943/1887
f 1653/1943/1887 1587/1942/1886 1636/1944/1888
f 1653/1943/1887 1636/1944/1888 1645/1945/1889
f 1645/1945/1889 1636/1944/1888 1646/1946/1890
f 1645/1945/1889 1646/1946/1890 1648/1936/1880
f 1648/1936/1880 1646/1946/1890 1647/1937/1881
f 1587/1942/1886 1622/1938/1882 1636/1944/1888
f 1636/1944/1888 1622/1938/1882 1646/1946/1890
f 1647/1937/1881 1646/1946/1890 1622/1938/1882
f 1649/1935/1879 1650/1934/1878 1644/1947/1891
f 1644/1947/1891 1650/1934/1878 1643/1933/1877
f 1644/1947/1891 1643/1933/1877 1652/1941/1885
f 1652/1941/1885 1643/1933/1877 1651/1939/1883
f 1648/1936/1880 1649/1935/1879 1645/1945/1889
f 1645/1945/1889 1649/1935/1879 1644/1947/1891
f 1645/1945/1889 1644/1947/1891 1653/1943/1887
f 1653/1943/1887 1644/1947/1891 1652/1941/1885
f 1621/1948/1892 1139/1949/1845 1660/1950/1893
f 1660/1950/1893 1139/1949/1845 1654/1951/1894
f 1660/1950/1893 1654/1951/1894 1661/1952/1895
f 1661/1952/1895 1654/1951/1894 1655/1953/1896
f 1661/1952/1895 1655/1953/1896 1659/1954/1897
f 1659/1954/1897 1655/1953/1896 1656/1955/1898
f 1659/1954/1897 1656/1955/1898 1657/1956/1899
f 1657/1956/1899 1656/1955/1898 1113/1957/1900
f 1657/1956/1899 1658/1958/1901 1659/1954/1897
f 1659/1954/1897 1658/1958/1901 1661/1952/1895
f 1661/1952/1895 1658/1958/1901 1660/1950/1893
f 1660/1950/1893 1658/1958/1901 1621/1948/1892
f 1665/1959/1902 1662/1960/1903 1667/1961/1904
f 1667/1961/1904 1662/1960/1903 1114/1962/1905
f 1667/1961/1904 1114/1962/1905 1143/1963/1906
f 1667/1961/1904 1143/1963/1906 1666/1964/1907
f 1666/1964/1907 1143/1963/1906 1142/1965/1908
f 1666/1964/1907 1142/1965/1908 1668/1966/1909
f 1668/1966/1909 1142/1965/1908 1141/1967/1910
f 1668/1966/1909 1141/1967/1910 1626/1968/1911
f 1626/1968/1911 1141/1967/1910 1140/1969/1912
f 1626/1968/1911 1663/1970/1913 1668/1966/1909
f 1668/1966/1909 1663/1970/1913 1664/1971/1914
f 1668/1966/1909 1664/1971/1914 1666/1964/1907
f 1666/1964/1907 1664/1971/1914 1665/1959/1902
f 1666/1964/1907 1665/1959/1902 1667/1961/1904
f 1662/1972/1915 1674/1973/1916 1657/1974/1917
f 1657/1974/1917 1674/1973/1916 1675/1975/1918
f 1657/1974/1917 1675/1975/1918 1669/1976/1919
f 1669/1976/1919 1675/1975/1918 1674/1973/1916
f 1669/1976/1919 1674/1973/1916 1677/1977/1920
f 1677/1977/1920 1674/1973/1916 1673/1978/1921
f 1677/1977/1920 1673/1978/1921 1676/1979/1922
f 1676/1979/1922 1673/1978/1921 1672/1980/1923
f 1676/1979/1922 1672/1980/1923 1670/1981/1924
f 1670/1981/1924 1672/1980/1923 1665/1982/1925
f 1670/1981/1924 1665/1982/1925 1664/1983/1926
f 1665/1982/1925 1672/1980/1923 1662/1972/1915
f 1662/1972/1915 1672/1980/1923 1673/1978/1921
f 1662/1972/1915 1673/1978/1921 1674/1973/1916
f 1663/1984/1927 1678/1985/1928 1664/1983/1926
f 1664/1983/1926 1678/1985/1928 1685/1986/1929
f 1664/1983/1926 1685/1986/1929 1670/1981/1924
f 1670/1981/1924 1685/1986/1929 1684/1987/1930
f 1670/1981/1924 1684/1987/1930 1676/1979/1922
f 1676/1979/1922 1684/1987/1930 1683/1988/1931
f 1676/1979/1922 1683/1988/1931 1677/1977/1920
f 1677/1977/1920 1683/1988/1931 1682/1989/1932
f 1677/1977/1920 1682/1989/1932 1669/1976/1919
f 1669/1976/1919 1682/1989/1932 1658/1990/1933
f 1669/1976/1919 1658/1990/1933 1657/1974/1917
f 1678/1985/1928 1663/1984/1927 1686/1991/1934
f 1686/1991/1934 1663/1984/1927 1626/1992/1935
f 1686/1991/1934 1626/1992/1935 1687/1993/1936
f 1687/1993/1936 1626/1992/1935 1621/1994/1937
f 1687/1993/1936 1621/1994/1937 1688/1995/1938
f 1688/1995/1938 1621/1994/1937 1671/1996/1939
f 1688/1995/1938 1671/1996/1939 1680/1997/1940
f 1680/1997/1940 1671/1996/1939 1681/1998/1941
f 1680/1997/1940 1681/1998/1941 1683/1988/1931
f 1683/1988/1931 1681/1998/1941 1682/1989/1932
f 1621/1994/1937 1658/1990/1933 1671/1996/1939
f 1671/1996/1939 1658/1990/1933 1681/1998/1941
f 1682/1989/1932 1681/1998/1941 1658/1990/1933
f 1684/1987/1930 1685/1986/1929 1679/1999/1942
f 1679/1999/1942 1685/1986/1929 1678/1985/1928
f 1679/1999/1942 1678/1985/1928 1687/1993/1936
f 1687/1993/1936 1678/1985/1928 1686/1991/1934
f 1683/1988/1931 1684/1987/1930 1680/1997/1940
f 1680/1997/1940 1684/1987/1930 1679/1999/1942
f 1680/1997/1940 1679/1999/1942 1688/1995/1938
f 1688/1995/1938 1679/1999/1942 1687/1993/1936
f 1657/2000/1943 1113/2001/1900 1695/2002/1944
f 1695/2002/1944 1113/2001/1900 1689/2003/1945
f 1695/2002/1944 1689/2003/1945 1696/2004/1946
f 1696/2004/1946 1689/2003/1945 1690/2005/1947
f 1696/2004/1946 1690/2005/1947 1694/2006/1948
f 1694/2006/1948 1690/2005/1947 1691/2007/1949
f 1694/2006/1948 1691/2007/1949 1692/2008/1950
f 1692/2008/1950 1691/2007/1949 1087/2009/1951
f 1692/2008/1950 1693/2010/1952 1694/2006/1948
f 1694/2006/1948 1693/2010/1952 1696/2004/1946
f 1696/2004/1946 1693/2010/1952 1695/2002/1944
f 1695/2002/1944 1693/2010/1952 1657/2000/1943
f 1700/2011/1953 1697/2012/1954 1702/2013/1955
f 1702/2013/1955 1697/2012/1954 1088/2014/1956
f 1702/2013/1955 1088/2014/1956 1117/2015/1957
f 1702/2013/1955 1117/2015/1957 1701/2016/1958
f 1701/2016/1958 1117/2015/1957 1116/2017/1959
f 1701/2016/1958 1116/2017/1959 1703/2018/1960
f 1703/2018/1960 1116/2017/1959 1115/2019/1961
f 1703/2018/1960 1115/2019/1961 1662/2020/1962
f 1662/2020/1962 1115/2019/1961 1114/2021/1905
f 1662/2020/1962 1698/2022/1963 1703/2018/1960
f 1703/2018/1960 1698/2022/1963 1699/2023/1964
f 1703/2018/1960 1699/2023/1964 1701/2016/1958
f 1701/2016/1958 1699/2023/1964 1700/2011/1953
f 1701/2016/1958 1700/2011/1953 1702/2013/1955
f 1697/2024/1965 1709/2025/1966 1692/2026/1967
f 1692/2026/1967 1709/2025/1966 1710/2027/1968
f 1692/2026/1967 1710/2027/1968 1704/2028/1969
f 1704/2028/1969 1710/2027/1968 1709/2025/1966
f 1704/2028/1969 1709/2025/1966 1712/2029/1970
f 1712/2029/1970 1709/2025/1966 1708/2030/1971
f 1712/2029/1970 1708/2030/1971 1711/2031/1972
f 1711/2031/1972 1708/2030/1971 1707/2032/1973
f 1711/2031/1972 1707/2032/1973 1705/2033/1974
f 1705/2033/1974 1707/2032/1973 1700/2034/1975
f 1705/2033/1974 1700/2034/1975 1699/2035/1976
f 1700/2034/1975 1707/2032/1973 1697/2024/1965
f 1697/2024/1965 1707/2032/1973 1708/2030/1971
f 1697/2024/1965 1708/2030/1971 1709/2025/1966
f 1698/2036/1977 1713/2037/1978 1699/2035/1976
f 1699/2035/1976 1713/2037/1978 1720/2038/1979
f 1699/2035/1976 1720/2038/1979 1705/2033/1974
f 1705/2033/1974 1720/2038/1979 1719/2039/1980
f 1705/2033/1974 1719/2039/1980 1711/2031/1972
f 1711/2031/1972 1719/2039/1980 1718/2040/1981
f 1711/2031/1972 1718/2040/1981 1712/2029/1970
f 1712/2029/1970 1718/2040/1981 1717/2041/1982
f 1712/2029/1970 1717/2041/1982 1704/2028/1969
f 1704/2028/1969 1717/2041/1982 1693/2042/1983
f 1704/2028/1969 1693/2042/1983 1692/2026/1967
f 1713/2037/1978 1698/2036/1977 1721/2043/1984
f 1721/2043/1984 1698/2036/1977 1662/2044/1985
f 1721/2043/1984 1662/2044/1985 1722/2045/1986
f 1722/2045/1986 1662/2044/1985 1657/2046/1917
f 1722/2045/1986 1657/2046/1917 1723/2047/1987
f 1723/2047/1987 1657/2046/1917 1706/2048/1988
f 1723/2047/1987 1706/2048/1988 1715/2049/1989
f 1715/2049/1989 1706/2048/1988 1716/2050/1990
f 1715/2049/1989 1716/2050/1990 1718/2040/1981
f 1718/2040/1981 1716/2050/1990 1717/2041/1982
f 1657/2046/1917 1693/2042/1983 1706/2048/1988
f 1706/2048/1988 1693/2042/1983 1716/2050/1990
f 1717/2041/1982 1716/2050/1990 1693/2042/1983
f 1719/2039/1980 1720/2038/1979 1714/2051/1991
f 1714/2051/1991 1720/2038/1979 1713/2037/1978
f 1714/2051/1991 1713/2037/1978 1722/2045/1986
f 1722/2045/1986 1713/2037/1978 1721/2043/1984
f 1718/2040/1981 1719/2039/1980 1715/2049/1989
f 1715/2049/1989 1719/2039/1980 1714/2051/1991
f 1715/2049/1989 1714/2051/1991 1723/2047/1987
f 1723/2047/1987 1714/2051/1991 1722/2045/1986
f 1692/2052/1992 1087/2053/1951 1730/2054/1993
f 1730/2054/1993 1087/2053/1951 1724/2055/1994
f 1730/2054/1993 1724/2055/1994 1731/2056/1995
f 1731/2056/1995 1724/2055/1994 1725/2057/1996
f 1731/2056/1995 1725/2057/1996 1729/2058/1997
f 1729/2058/1997 1725/2057/1996 1726/2059/1998
f 1729/2058/1997 1726/2059/1998 1727/2060/1999
f 1727/2060/1999 1726/2059/1998 1061/2061/2000
f 1727/2060/1999 1728/2062/2001 1729/2058/1997
f 1729/2058/1997 1728/2062/2001 1731/2056/1995
f 1731/2056/1995 1728/2062/2001 1730/2054/1993
f 1730/2054/1993 1728/2062/2001 1692/2052/1992
f 1735/2063/2002 1732/2064/2003 1737/2065/2004
f 1737/2065/2004 1732/2064/2003 1062/2066/2005
f 1737/2065/2004 1062/2066/2005 1091/2067/2006
f 1737/2065/2004 1091/2067/2006 1736/2068/2007
f 1736/2068/2007 1091/2067/2006 1090/2069/2008
f 1736/2068/2007 1090/2069/2008 1738/2070/2009
f 1738/2070/2009 1090/2069/2008 1089/2071/2010
f 1738/2070/2009 1089/2071/2010 1697/2072/2011
f 1697/2072/2011 1089/2071/2010 1088/2073/2012
f 1697/2072/2011 1733/2074/2013 1738/2070/2009
f 1738/2070/2009 1733/2074/2013 1734/2075/2014
f 1738/2070/2009 1734/2075/2014 1736/2068/2007
f 1736/2068/2007 1734/2075/2014 1735/2063/2002
f 1736/2068/2007 1735/2063/2002 1737/2065/2004
f 1732/2076/2015 1744/2077/2016 1727/2078/2017
f 1727/2078/2017 1744/2077/2016 1745/2079/2018
f 1727/2078/2017 1745/2079/2018 1739/2080/2019
f 1739/2080/2019 1745/2079/2018 1744/2077/2016
f 1739/2080/2019 1744/2077/2016 1747/2081/2020
f 1747/2081/2020 1744/2077/2016 1743/2082/2021
f 1747/2081/2020 1743/2082/2021 1746/2083/2022
f 1746/2083/2022 1743/2082/2021 1742/2084/2023
f 1746/2083/2022 1742/2084/2023 1740/2085/2024
f 1740/2085/2024 1742/2084/2023 1735/2086/2025
f 1740/2085/2024 1735/2086/2025 1734/2087/2026
f 1735/2086/2025 1742/2084/2023 1732/2076/2015
f 1732/2076/2015 1742/2084/2023 1743/2082/2021
f 1732/2076/2015 1743/2082/2021 1744/2077/2016
f 1733/2088/2027 1748/2089/2028 1734/2087/2026
f 1734/2087/2026 1748/2089/2028 1755/2090/2029
f 1734/2087/2026 1755/2090/2029 1740/2085/2024
f 1740/2085/2024 1755/2090/2029 1754/2091/2030
f 1740/2085/2024 1754/2091/2030 1746/2083/2022
f 1746/2083/2022 1754/2091/2030 1753/2092/2031
f 1746/2083/2022 1753/2092/2031 1747/2081/2020
f 1747/2081/2020 1753/2092/2031 1752/2093/2032
f 1747/2081/2020 1752/2093/2032 1739/2080/2019
f 1739/2080/2019 1752/2093/2032 1728/2094/2033
f 1739/2080/2019 1728/2094/2033 1727/2078/2017
f 1748/2089/2028 1733/2088/2027 1756/2095/2034
f 1756/2095/2034 1733/2088/2027 1697/2096/2035
f 1756/2095/2034 1697/2096/2035 1757/2097/2036
f 1757/2097/2036 1697/2096/2035 1692/2098/2037
f 1757/2097/2036 1692/2098/2037 1758/2099/2038
f 1758/2099/2038 1692/2098/2037 1741/2100/2039
f 1758/2099/2038 1741/2100/2039 1750/2101/2040
f 1750/2101/2040 1741/2100/2039 1751/2102/2041
f 1750/2101/2040 1751/2102/2041 1753/2092/2031
f 1753/2092/2031 1751/2102/2041 1752/2093/2032
f 1692/2098/2037 1728/2094/2033 1741/2100/2039
f 1741/2100/2039 1728/2094/2033 1751/2102/2041
f 1752/2093/2032 1751/2102/2041 1728/2094/2033
f 1754/2091/2030 1755/2090/2029 1749/2103/2042
f 1749/2103/2042 1755/2090/2029 1748/2089/2028
f 1749/2103/2042 1748/2089/2028 1757/2097/2036
f 1757/2097/2036 1748/2089/2028 1756/2095/2034
f 1753/2092/2031 1754/2091/2030 1750/2101/2040
f 1750/2101/2040 1754/2091/2030 1749/2103/2042
f 1750/2101/2040 1749/2103/2042 1758/2099/2038
f 1758/2099/2038 1749/2103/2042 1757/2097/2036
f 1727/2104/2043 1061/2105/2000 1765/2106/2044
f 1765/2106/2044 1061/2105/2000 1759/2107/2045
f 1765/2106/2044 1759/2107/2045 1766/2108/2046
f 1766/2108/2046 1759/2107/2045 1760/2109/2047
f 1766/2108/2046 1760/2109/2047 1764/2110/2048
f 1764/2110/2048 1760/2109/2047 1761/2111/2049
f 1764/2110/2048 1761/2111/2049 1762/2112/2050
f 1762/2112/2050 1761/2111/2049 1035/2113/2051
f 1762/2112/2050 1763/2114/2052 1764/2110/2048
f 1764/2110/2048 1763/2114/2052 1766/2108/2046
f 1766/2108/2046 1763/2114/2052 1765/2106/2044
f 1765/2106/2044 1763/2114/2052 1727/2104/2043
f 1770/2115/2053 1767/2116/2054 1772/2117/2055
f 1772/2117/2055 1767/2116/2054 1036/2118/2056
f 1772/2117/2055 1036/2118/2056 1065/2119/2057
f 1772/2117/2055 1065/2119/2057 1771/2120/2058
f 1771/2120/2058 1065/2119/2057 1064/2121/2059
f 1771/2120/2058 1064/2121/2059 1773/2122/2060
f 1773/2122/2060 1064/2121/2059 1063/2123/2061
f 1773/2122/2060 1063/2123/2061 1732/2124/2062
f 1732/2124/2062 1063/2123/2061 1062/2125/2063
f 1732/2124/2062 1768/2126/2064 1773/2122/2060
f 1773/2122/2060 1768/2126/2064 1769/2127/2065
f 1773/2122/2060 1769/2127/2065 1771/2120/2058
f 1771/2120/2058 1769/2127/2065 1770/2115/2053
f 1771/2120/2058 1770/2115/2053 1772/2117/2055
f 1767/2128/2066 1779/2129/2067 1762/2130/2068
f 1762/2130/2068 1779/2129/2067 1780/2131/2069
f 1762/2130/2068 1780/2131/2069 1774/2132/2070
f 1774/2132/2070 1780/2131/2069 1779/2129/2067
f 1774/2132/2070 1779/2129/2067 1782/2133/2071
f 1782/2133/2071 1779/2129/2067 1778/2134/2072
f 1782/2133/2071 1778/2134/2072 1781/2135/2073
f 1781/2135/2073 1778/2134/2072 1777/2136/2074
f 1781/2135/2073 1777/2136/2074 1775/2137/2075
f 1775/2137/2075 1777/2136/2074 1770/2138/2076
f 1775/2137/2075 1770/2138/2076 1769/2139/2077
f 1770/2138/2076 1777/2136/2074 1767/2128/2066
f 1767/2128/2066 1777/2136/2074 1778/2134/2072
f 1767/2128/2066 1778/2134/2072 1779/2129/2067
f 1768/2140/2078 1783/2141/2079 1769/2139/2077
f 1769/2139/2077 1783/2141/2079 1790/2142/2080
f 1769/2139/2077 1790/2142/2080 1775/2137/2075
f 1775/2137/2075 1790/2142/2080 1789/2143/2081
f 1775/2137/2075 1789/2143/2081 1781/2135/2073
f 1781/2135/2073 1789/2143/2081 1788/2144/2082
f 1781/2135/2073 1788/2144/2082 1782/2133/2071
f 1782/2133/2071 1788/2144/2082 1787/2145/2083
f 1782/2133/2071 1787/2145/2083 1774/2132/2070
f 1774/2132/2070 1787/2145/2083 1763/2146/2084
f 1774/2132/2070 1763/2146/2084 1762/2130/2068
f 1783/2141/2079 1768/2140/2078 1791/2147/2085
f 1791/2147/2085 1768/2140/2078 1732/2148/2086
f 1791/2147/2085 1732/2148/2086 1792/2149/2087
f 1792/2149/2087 1732/2148/2086 1727/2150/2088
f 1792/2149/2087 1727/2150/2088 1793/2151/2089
f 1793/2151/2089 1727/2150/2088 1776/2152/2090
f 1793/2151/2089 1776/2152/2090 1785/2153/2091
f 1785/2153/2091 1776/2152/2090 1786/2154/2092
f 1785/2153/2091 1786/2154/2092 1788/2144/2082
f 1788/2144/2082 1786/2154/2092 1787/2145/2083
f 1727/2150/2088 1763/2146/2084 1776/2152/2090
f 1776/2152/2090 1763/2146/2084 1786/2154/2092
f 1787/2145/2083 1786/2154/2092 1763/2146/2084
f 1789/2143/2081 1790/2142/2080 1784/2155/2093
f 1784/2155/2093 1790/2142/2080 1783/2141/2079
f 1784/2155/2093 1783/2141/2079 1792/2149/2087
f 1792/2149/2087 1783/2141/2079 1791/2147/2085
f 1788/2144/2082 1789/2143/2081 1785/2153/2091
f 1785/2153/2091 1789/2143/2081 1784/2155/2093
f 1785/2153/2091 1784/2155/2093 1793/2151/2089
f 1793/2151/2089 1784/2155/2093 1792/2149/2087
f 1762/2156/2094 1035/2157/2051 1800/2158/2095
f 1800/2158/2095 1035/2157/2051 1794/2159/2096
f 1800/2158/2095 1794/2159/2096 1801/2160/2097
f 1801/2160/2097 1794/2159/2096 1795/2161/2098
f 1801/2160/2097 1795/2161/2098 1799/2162/2099
f 1799/2162/2099 1795/2161/2098 1796/2163/2100
f 1799/2162/2099 1796/2163/2100 1797/2164/2101
f 1797/2164/2101 1796/2163/2100 1009/2165/2102
f 1797/2164/2101 1798/2166/2103 1799/2162/2099
f 1799/2162/2099 1798/2166/2103 1801/2160/2097
f 1801/2160/2097 1798/2166/2103 1800/2158/2095
f 1800/2158/2095 1798/2166/2103 1762/2156/2094
f 1805/2167/2104 1802/2168/2105 1807/2169/2106
f 1807/2169/2106 1802/2168/2105 1010/2170/2107
f 1807/2169/2106 1010/2170/2107 1039/2171/2108
f 1807/2169/2106 1039/2171/2108 1806/2172/2109
f 1806/2172/2109 1039/2171/2108 1038/2173/2110
f 1806/2172/2109 1038/2173/2110 1808/2174/2111
f 1808/2174/2111 1038/2173/2110 1037/2175/2112
f 1808/2174/2111 1037/2175/2112 1767/2176/2113
f 1767/2176/2113 1037/2175/2112 1036/2177/2114
f 1767/2176/2113 1803/2178/2115 1808/2174/2111
f 1808/2174/2111 1803/2178/2115 1804/2179/2116
f 1808/2174/2111 1804/2179/2116 1806/2172/2109
f 1806/2172/2109 1804/2179/2116 1805/2167/2104
f 1806/2172/2109 1805/2167/2104 1807/2169/2106
f 1802/2180/2117 1814/2181/2118 1797/2182/2119
f 1797/2182/2119 1814/2181/2118 1815/2183/2120
f 1797/2182/2119 1815/2183/2120 1809/2184/2121
f 1809/2184/2121 1815/2183/2120 1814/2181/2118
f 1809/2184/2121 1814/2181/2118 1817/2185/2122
f 1817/2185/2122 1814/2181/2118 1813/2186/2123
f 1817/2185/2122 1813/2186/2123 1816/2187/2124
f 1816/2187/2124 1813/2186/2123 1812/2188/2125
f 1816/2187/2124 1812/2188/2125 1810/2189/2126
f 1810/2189/2126 1812/2188/2125 1805/2190/2127
f 1810/2189/2126 1805/2190/2127 1804/2191/2128
f 1805/2190/2127 1812/2188/2125 1802/2180/2117
f 1802/2180/2117 1812/2188/2125 1813/2186/2123
f 1802/2180/2117 1813/2186/2123 1814/2181/2118
f 1803/2192/2129 1818/2193/2130 1804/2191/2128
f 1804/2191/2128 1818/2193/2130 1825/2194/2131
f 1804/2191/2128 1825/2194/2131 1810/2189/2126
f 1810/2189/2126 1825/2194/2131 1824/2195/2132
f 1810/2189/2126 1824/2195/2132 1816/2187/2124
f 1816/2187/2124 1824/2195/2132 1823/2196/2133
f 1816/2187/2124 1823/2196/2133 1817/2185/2122
f 1817/2185/2122 1823/2196/2133 1822/2197/2134
f 1817/2185/2122 1822/2197/2134 1809/2184/2121
f 1809/2184/2121 1822/2197/2134 1798/2198/2135
f 1809/2184/2121 1798/2198/2135 1797/2182/2119
f 1818/2193/2130 1803/2192/2129 1826/2199/2136
f 1826/2199/2136 1803/2192/2129 1767/2200/2137
f 1826/2199/2136 1767/2200/2137 1827/2201/2138
f 1827/2201/2138 1767/2200/2137 1762/2202/2139
f 1827/2201/2138 1762/2202/2139 1828/2203/2140
f 1828/2203/2140 1762/2202/2139 1811/2204/2141
f 1828/2203/2140 1811/2204/2141 1820/2205/2142
f 1820/2205/2142 1811/2204/2141 1821/2206/2143
f 1820/2205/2142 1821/2206/2143 1823/2196/2133
f 1823/2196/2133 1821/2206/2143 1822/2197/2134
f 1762/2202/2139 1798/2198/2135 1811/2204/2141
f 1811/2204/2141 1798/2198/2135 1821/2206/2143
f 1822/2197/2134 1821/2206/2143 1798/2198/2135
f 1824/2195/2132 1825/2194/2131 1819/2207/2144
f 1819/2207/2144 1825/2194/2131 1818/2193/2130
f 1819/2207/2144 1818/2193/2130 1827/2201/2138
f 1827/2201/2138 1818/2193/2130 1826/2199/2136
f 1823/2196/2133 1824/2195/2132 1820/2205/2142
f 1820/2205/2142 1824/2195/2132 1819/2207/2144
f 1820/2205/2142 1819/2207/2144 1828/2203/2140
f 1828/2203/2140 1819/2207/2144 1827/2201/2138
f 1797/2208/2145 1009/2209/2102 1835/2210/2146
f 1835/2210/2146 1009/2209/2102 1829/2211/2147
f 1835/2210/2146 1829/2211/2147 1836/2212/2148
f 1836/2212/2148 1829/2211/2147 1830/2213/2149
f 1836/2212/2148 1830/2213/2149 1834/2214/2150
f 1834/2214/2150 1830/2213/2149 1831/2215/2151
f 1834/2214/2150 1831/2215/2151 1832/2216/2152
f 1832/2216/2152 1831/2215/2151 983/2217/2153
f 1832/2216/2152 1833/2218/2154 1834/2214/2150
f 1834/2214/2150 1833/2218/2154 1836/2212/2148
f 1836/2212/2148 1833/2218/2154 1835/2210/2146
f 1835/2210/2146 1833/2218/2154 1797/2208/2145
f 1840/2219/2155 1837/2220/2156 1842/2221/2157
f 1842/2221/2157 1837/2220/2156 984/2222/2158
f 1842/2221/2157 984/2222/2158 1013/2223/2159
f 1842/2221/2157 1013/2223/2159 1841/2224/2160
f 1841/2224/2160 1013/2223/2159 1012/2225/2161
f 1841/2224/2160 1012/2225/2161 1843/2226/2162
f 1843/2226/2162 1012/2225/2161 1011/2227/2163
f 1843/2226/2162 1011/2227/2163 1802/2228/2164
f 1802/2228/2164 1011/2227/2163 1010/2229/2165
f 1802/2228/2164 1838/2230/2166 1843/2226/2162
f 1843/2226/2162 1838/2230/2166 1839/2231/2167
f 1843/2226/2162 1839/2231/2167 1841/2224/2160
f 1841/2224/2160 1839/2231/2167 1840/2219/2155
f 1841/2224/2160 1840/2219/2155 1842/2221/2157
f 1837/2232/2168 1849/2233/2169 1832/2234/2170
f 1832/2234/2170 1849/2233/2169 1850/2235/2171
f 1832/2234/2170 1850/2235/2171 1844/2236/2172
f 1844/2236/2172 1850/2235/2171 1849/2233/2169
f 1844/2236/2172 1849/2233/2169 1852/2237/2173
f 1852/2237/2173 1849/2233/2169 1848/2238/2174
f 1852/2237/2173 1848/2238/2174 1851/2239/2175
f 1851/2239/2175 1848/2238/2174 1847/2240/2176
f 1851/2239/2175 1847/2240/2176 1845/2241/2177
f 1845/2241/2177 1847/2240/2176 1840/2242/2178
f 1845/2241/2177 1840/2242/2178 1839/2243/2179
f 1840/2242/2178 1847/2240/2176 1837/2232/2168
f 1837/2232/2168 1847/2240/2176 1848/2238/2174
f 1837/2232/2168 1848/2238/2174 1849/2233/2169
f 1838/2244/2180 1853/2245/2181 1839/2243/2179
f 1839/2243/2179 1853/2245/2181 1860/2246/2182
f 1839/2243/2179 1860/2246/2182 1845/2241/2177
f 1845/2241/2177 1860/2246/2182 1859/2247/2183
f 1845/2241/2177 1859/2247/2183 1851/2239/2175
f 1851/2239/2175 1859/2247/2183 1858/2248/2184
f 1851/2239/2175 1858/2248/2184 1852/2237/2173
f 1852/2237/2173 1858/2248/2184 1857/2249/2185
f 1852/2237/2173 1857/2249/2185 1844/2236/2172
f 1844/2236/2172 1857/2249/2185 1833/2250/2186
f 1844/2236/2172 1833/2250/2186 1832/2234/2170
f 1853/2245/2181 1838/2244/2180 1861/2251/2187
f 1861/2251/2187 1838/2244/2180 1802/2252/2188
f 1861/2251/2187 1802/2252/2188 1862/2253/2189
f 1862/2253/2189 1802/2252/2188 1797/2254/2190
f 1862/2253/2189 1797/2254/2190 1863/2255/2191
f 1863/2255/2191 1797/2254/2190 1846/2256/2192
f 1863/2255/2191 1846/2256/2192 1855/2257/2193
f 1855/2257/2193 1846/2256/2192 1856/2258/2194
f 1855/2257/2193 1856/2258/2194 1858/2248/2184
f 1858/2248/2184 1856/2258/2194 1857/2249/2185
f 1797/2254/2190 1833/2250/2186 1846/2256/2192
f 1846/2256/2192 1833/2250/2186 1856/2258/2194
f 1857/2249/2185 1856/2258/2194 1833/2250/2186
f 1859/2247/2183 1860/2246/2182 1854/2259/2195
f 1854/2259/2195 1860/2246/2182 1853/2245/2181
f 1854/2259/2195 1853/2245/2181 1862/2253/2189
f 1862/2253/2189 1853/2245/2181 1861/2251/2187
f 1858/2248/2184 1859/2247/2183 1855/2257/2193
f 1855/2257/2193 1859/2247/2183 1854/2259/2195
f 1855/2257/2193 1854/2259/2195 1863/2255/2191
f 1863/2255/2191 1854/2259/2195 1862/2253/2189
f 1832/2260/2196 983/2261/2153 1870/2262/2197
f 1870/2262/2197 983/2261/2153 1864/2263/2198
f 1870/2262/2197 1864/2263/2198 1871/2264/2199
f 1871/2264/2199 1864/2263/2198 1865/2265/2200
f 1871/2264/2199 1865/2265/2200 1869/2266/2201
f 1869/2266/2201 1865/2265/2200 1866/2267/2202
f 1869/2266/2201 1866/2267/2202 1867/2268/2203
f 1867/2268/2203 1866/2267/2202 957/2269/2204
f 1867/2268/2203 1868/2270/2205 1869/2266/2201
f 1869/2266/2201 1868/2270/2205 1871/2264/2199
f 1871/2264/2199 1868/2270/2205 1870/2262/2197
f 1870/2262/2197 1868/2270/2205 1832/2260/2196
f 1875/2271/2206 1872/2272/2207 1877/2273/2208
f 1877/2273/2208 1872/2272/2207 958/2274/2209
f 1877/2273/2208 958/2274/2209 987/2275/2210
f 1877/2273/2208 987/2275/2210 1876/2276/2211
f 1876/2276/2211 987/2275/2210 986/2277/2212
f 1876/2276/2211 986/2277/2212 1878/2278/2213
f 1878/2278/2213 986/2277/2212 985/2279/2214
f 1878/2278/2213 985/2279/2214 1879/2280/2215
f 1879/2280/2215 985/2279/2214 984/2281/2216
f 1879/2280/2215 984/2281/2216 1837/2282/2217
f 1837/2282/2217 1873/2283/2218 1879/2280/2215
f 1879/2280/2215 1873/2283/2218 1878/2278/2213
f 1873/2283/2218 1874/2284/2219 1878/2278/2213
f 1878/2278/2213 1874/2284/2219 1876/2276/2211
f 1874/2284/2219 1875/2271/2206 1876/2276/2211
f 1876/2276/2211 1875/2271/2206 1877/2273/2208
f 1872/2285/2220 1885/2286/2221 1867/2287/2222
f 1867/2287/2222 1885/2286/2221 1886/2288/2223
f 1867/2287/2222 1886/2288/2223 1880/2289/2224
f 1880/2289/2224 1886/2288/2223 1885/2286/2221
f 1880/2289/2224 1885/2286/2221 1888/2290/2225
f 1888/2290/2225 1885/2286/2221 1884/2291/2226
f 1888/2290/2225 1884/2291/2226 1887/2292/2227
f 1887/2292/2227 1884/2291/2226 1883/2293/2228
f 1887/2292/2227 1883/2293/2228 1881/2294/2229
f 1881/2294/2229 1883/2293/2228 1875/2295/2230
f 1881/2294/2229 1875/2295/2230 1874/2296/2231
f 1875/2295/2230 1883/2293/2228 1872/2285/2220
f 1872/2285/2220 1883/2293/2228 1884/2291/2226
f 1872/2285/2220 1884/2291/2226 1885/2286/2221
f 1873/2297/2232 1889/2298/2233 1874/2296/2231
f 1874/2296/2231 1889/2298/2233 1896/2299/2234
f 1874/2296/2231 1896/2299/2234 1881/2294/2229
f 1881/2294/2229 1896/2299/2234 1895/2300/2235
f 1881/2294/2229 1895/2300/2235 1887/2292/2227
f 1887/2292/2227 1895/2300/2235 1894/2301/2236
f 1887/2292/2227 1894/2301/2236 1888/2290/2225
f 1888/2290/2225 1894/2301/2236 1893/2302/2237
f 1888/2290/2225 1893/2302/2237 1880/2289/2224
f 1880/2289/2224 1893/2302/2237 1868/2303/2238
f 1880/2289/2224 1868/2303/2238 1867/2287/2222
f 1889/2298/2233 1873/2297/2232 1897/2304/2239
f 1897/2304/2239 1873/2297/2232 1837/2305/2240
f 1897/2304/2239 1837/2305/2240 1898/2306/2241
f 1898/2306/2241 1837/2305/2240 1832/2307/2242
f 1898/2306/2241 1832/2307/2242 1899/2308/2243
f 1899/2308/2243 1832/2307/2242 1882/2309/2244
f 1899/2308/2243 1882/2309/2244 1891/2310/2245
f 1891/2310/2245 1882/2309/2244 1892/2311/2246
f 1891/2310/2245 1892/2311/2246 1894/2301/2236
f 1894/2301/2236 1892/2311/2246 1893/2302/2237
f 1832/2307/2242 1868/2303/2238 1882/2309/2244
f 1882/2309/2244 1868/2303/2238 1892/2311/2246
f 1893/2302/2237 1892/2311/2246 1868/2303/2238
f 1895/2300/2235 1896/2299/2234 1890/2312/2247
f 1890/2312/2247 1896/2299/2234 1889/2298/2233
f 1890/2312/2247 1889/2298/2233 1898/2306/2241
f 1898/2306/2241 1889/2298/2233 1897/2304/2239
f 1894/2301/2236 1895/2300/2235 1891/2310/2245
f 1891/2310/2245 1895/2300/2235 1890/2312/2247
f 1891/2310/2245 1890/2312/2247 1899/2308/2243
f 1899/2308/2243 1890/2312/2247 1898/2306/2241
f 1867/2313/2248 957/2314/2204 1905/2315/2249
f 1905/2315/2249 957/2314/2204 1900/2316/2250
f 1905/2315/2249 1900/2316/2250 1901/2317/2251
f 931/2318/2252 1904/2319/2253 1901/2317/2251
f 1901/2317/2251 1904/2319/2253 1906/2320/2254
f 1901/2317/2251 1906/2320/2254 1905/2315/2249
f 1905/2315/2249 1906/2320/2254 1903/2321/2255
f 1905/2315/2249 1903/2321/2255 1867/2313/2248
f 931/2318/2252 1902/2322/2256 1904/2319/2253
f 1904/2319/2253 1902/2322/2256 1903/2321/2255
f 1904/2319/2253 1903/2321/2255 1906/2320/2254
f 1910/2323/2257 1907/2324/2258 1912/2325/2259
f 1912/2325/2259 1907/2324/2258 932/2326/2260
f 1912/2325/2259 932/2326/2260 961/2327/2261
f 1912/2325/2259 961/2327/2261 1911/2328/2262
f 1911/2328/2262 961/2327/2261 960/2329/2263
f 1911/2328/2262 960/2329/2263 1913/2330/2264
f 1913/2330/2264 960/2329/2263 959/2331/2265
f 1913/2330/2264 959/2331/2265 1914/2332/2266
f 1914/2332/2266 959/2331/2265 958/2333/2209
f 1914/2332/2266 958/2333/2209 1872/2334/2267
f 1872/2334/2267 1908/2335/2268 1914/2332/2266
f 1914/2332/2266 1908/2335/2268 1913/2330/2264
f 1908/2335/2268 1909/2336/2269 1913/2330/2264
f 1913/2330/2264 1909/2336/2269 1911/2328/2262
f 1909/2336/2269 1910/2323/2257 1911/2328/2262
f 1911/2328/2262 1910/2323/2257 1912/2325/2259
f 1907/2337/2270 1920/2338/2271 1902/2339/2272
f 1902/2339/2272 1920/2338/2271 1921/2340/2273
f 1902/2339/2272 1921/2340/2273 1915/2341/2274
f 1915/2341/2274 1921/2340/2273 1920/2338/2271
f 1915/2341/2274 1920/2338/2271 1923/2342/2275
f 1923/2342/2275 1920/2338/2271 1919/2343/2276
f 1923/2342/2275 1919/2343/2276 1922/2344/2277
f 1922/2344/2277 1919/2343/2276 1918/2345/2278
f 1922/2344/2277 1918/2345/2278 1916/2346/2279
f 1916/2346/2279 1918/2345/2278 1910/2347/2280
f 1916/2346/2279 1910/2347/2280 1909/2348/2281
f 1910/2347/2280 1918/2345/2278 1907/2337/2270
f 1907/2337/2270 1918/2345/2278 1919/2343/2276
f 1907/2337/2270 1919/2343/2276 1920/2338/2271
f 1908/2349/2282 1924/2350/2283 1909/2348/2281
f 1909/2348/2281 1924/2350/2283 1931/2351/2284
f 1909/2348/2281 1931/2351/2284 1916/2346/2279
f 1916/2346/2279 1931/2351/2284 1930/2352/2285
f 1916/2346/2279 1930/2352/2285 1922/2344/2277
f 1922/2344/2277 1930/2352/2285 1929/2353/2286
f 1922/2344/2277 1929/2353/2286 1923/2342/2275
f 1923/2342/2275 1929/2353/2286 1928/2354/2287
f 1923/2342/2275 1928/2354/2287 1915/2341/2274
f 1915/2341/2274 1928/2354/2287 1903/2355/2288
f 1915/2341/2274 1903/2355/2288 1902/2339/2272
f 1924/2350/2283 1908/2349/2282 1932/2356/2289
f 1932/2356/2289 1908/2349/2282 1872/2357/2290
f 1932/2356/2289 1872/2357/2290 1933/2358/2291
f 1933/2358/2291 1872/2357/2290 1867/2359/2222
f 1933/2358/2291 1867/2359/2222 1934/2360/2292
f 1934/2360/2292 1867/2359/2222 1917/2361/2293
f 1934/2360/2292 1917/2361/2293 1926/2362/2294
f 1926/2362/2294 1917/2361/2293 1927/2363/2295
f 1926/2362/2294 1927/2363/2295 1929/2353/2286
f 1929/2353/2286 1927/2363/2295 1928/2354/2287
f 1867/2359/2222 1903/2355/2288 1917/2361/2293
f 1917/2361/2293 1903/2355/2288 1927/2363/2295
f 1928/2354/2287 1927/2363/2295 1903/2355/2288
f 1930/2352/2285 1931/2351/2284 1925/2364/2296
f 1925/2364/2296 1931/2351/2284 1924/2350/2283
f 1925/2364/2296 1924/2350/2283 1933/2358/2291
f 1933/2358/2291 1924/2350/2283 1932/2356/2289
f 1929/2353/2286 1930/2352/2285 1926/2362/2294
f 1926/2362/2294 1930/2352/2285 1925/2364/2296
f 1926/2362/2294 1925/2364/2296 1934/2360/2292
f 1934/2360/2292 1925/2364/2296 1933/2358/2291
f 1902/2365/2297 931/2366/2252 1941/2367/2298
f 1941/2367/2298 931/2366/2252 1935/2368/2299
f 1941/2367/2298 1935/2368/2299 1942/2369/2300
f 1942/2369/2300 1935/2368/2299 1936/2370/2301
f 1942/2369/2300 1936/2370/2301 1940/2371/2302
f 1940/2371/2302 1936/2370/2301 1937/2372/2303
f 1940/2371/2302 1937/2372/2303 1938/2373/2304
f 1938/2373/2304 1937/2372/2303 905/2374/2305
f 1938/2373/2304 1939/2375/2306 1940/2371/2302
f 1940/2371/2302 1939/2375/2306 1942/2369/2300
f 1942/2369/2300 1939/2375/2306 1941/2367/2298
f 1941/2367/2298 1939/2375/2306 1902/2365/2297
f 1946/2376/2307 1943/2377/2308 1948/2378/2309
f 1948/2378/2309 1943/2377/2308 906/2379/2310
f 1948/2378/2309 906/2379/2310 935/2380/2311
f 1948/2378/2309 935/2380/2311 1947/2381/2312
f 1947/2381/2312 935/2380/2311 934/2382/2313
f 1947/2381/2312 934/2382/2313 1949/2383/2314
f 1949/2383/2314 934/2382/2313 933/2384/2315
f 1949/2383/2314 933/2384/2315 1907/2385/2316
f 1907/2385/2316 933/2384/2315 932/2386/2317
f 1907/2385/2316 1944/2387/2318 1949/2383/2314
f 1949/2383/2314 1944/2387/2318 1945/2388/2319
f 1949/2383/2314 1945/2388/2319 1947/2381/2312
f 1947/2381/2312 1945/2388/2319 1946/2376/2307
f 1947/2381/2312 1946/2376/2307 1948/2378/2309
f 1943/2389/2320 1955/2390/2321 1938/2391/2322
f 1938/2391/2322 1955/2390/2321 1956/2392/2323
f 1938/2391/2322 1956/2392/2323 1950/2393/2324
f 1950/2393/2324 1956/2392/2323 1955/2390/2321
f 1950/2393/2324 1955/2390/2321 1958/2394/2325
f 1958/2394/2325 1955/2390/2321 1954/2395/2326
f 1958/2394/2325 1954/2395/2326 1957/2396/2327
f 1957/2396/2327 1954/2395/2326 1953/2397/2328
f 1957/2396/2327 1953/2397/2328 1951/2398/2329
f 1951/2398/2329 1953/2397/2328 1946/2399/2330
f 1951/2398/2329 1946/2399/2330 1945/2400/2331
f 1946/2399/2330 1953/2397/2328 1943/2389/2320
f 1943/2389/2320 1953/2397/2328 1954/2395/2326
f 1943/2389/2320 1954/2395/2326 1955/2390/2321
f 1944/2401/2332 1959/2402/2333 1945/2400/2331
f 1945/2400/2331 1959/2402/2333 1966/2403/2334
f 1945/2400/2331 1966/2403/2334 1951/2398/2329
f 1951/2398/2329 1966/2403/2334 1965/2404/2335
f 1951/2398/2329 1965/2404/2335 1957/2396/2327
f 1957/2396/2327 1965/2404/2335 1964/2405/2336
f 1957/2396/2327 1964/2405/2336 1958/2394/2325
f 1958/2394/2325 1964/2405/2336 1963/2406/2337
f 1958/2394/2325 1963/2406/2337 1950/2393/2324
f 1950/2393/2324 1963/2406/2337 1939/2407/2338
f 1950/2393/2324 1939/2407/2338 1938/2391/2322
f 1959/2402/2333 1944/2401/2332 1967/2408/2339
f 1967/2408/2339 1944/2401/2332 1907/2409/2340
f 1967/2408/2339 1907/2409/2340 1968/2410/2341
f 1968/2410/2341 1907/2409/2340 1902/2411/2342
f 1968/2410/2341 1902/2411/2342 1969/2412/2343
f 1969/2412/2343 1902/2411/2342 1952/2413/2344
f 1969/2412/2343 1952/2413/2344 1961/2414/2345
f 1961/2414/2345 1952/2413/2344 1962/2415/2346
f 1961/2414/2345 1962/2415/2346 1964/2405/2336
f 1964/2405/2336 1962/2415/2346 1963/2406/2337
f 1902/2411/2342 1939/2407/2338 1952/2413/2344
f 1952/2413/2344 1939/2407/2338 1962/2415/2346
f 1963/2406/2337 1962/2415/2346 1939/2407/2338
f 1965/2404/2335 1966/2403/2334 1960/2416/2347
f 1960/2416/2347 1966/2403/2334 1959/2402/2333
f 1960/2416/2347 1959/2402/2333 1968/2410/2341
f 1968/2410/2341 1959/2402/2333 1967/2408/2339
f 1964/2405/2336 1965/2404/2335 1961/2414/2345
f 1961/2414/2345 1965/2404/2335 1960/2416/2347
f 1961/2414/2345 1960/2416/2347 1969/2412/2343
f 1969/2412/2343 1960/2416/2347 1968/2410/2341
f 1938/2417/2348 905/2418/2305 1976/2419/2349
f 1976/2419/2349 905/2418/2305 1970/2420/2350
f 1976/2419/2349 1970/2420/2350 1977/2421/2351
f 1977/2421/2351 1970/2420/2350 1971/2422/2352
f 1977/2421/2351 1971/2422/2352 1975/2423/2353
f 1975/2423/2353 1971/2422/2352 1972/2424/2354
f 1975/2423/2353 1972/2424/2354 1973/2425/2355
f 1973/2425/2355 1972/2424/2354 879/2426/2356
f 1973/2425/2355 1974/2427/2357 1975/2423/2353
f 1975/2423/2353 1974/2427/2357 1977/2421/2351
f 1977/2421/2351 1974/2427/2357 1976/2419/2349
f 1976/2419/2349 1974/2427/2357 1938/2417/2348
f 1981/2428/2358 1978/2429/2359 1983/2430/2360
f 1983/2430/2360 1978/2429/2359 880/2431/2361
f 1983/2430/2360 880/2431/2361 909/2432/2362
f 1983/2430/2360 909/2432/2362 1982/2433/2363
f 1982/2433/2363 909/2432/2362 908/2434/2364
f 1982/2433/2363 908/2434/2364 1984/2435/2365
f 1984/2435/2365 908/2434/2364 907/2436/2366
f 1984/2435/2365 907/2436/2366 1943/2437/2367
f 1943/2437/2367 907/2436/2366 906/2438/2368
f 1943/2437/2367 1979/2439/2369 1984/2435/2365
f 1984/2435/2365 1979/2439/2369 1980/2440/2370
f 1984/2435/2365 1980/2440/2370 1982/2433/2363
f 1982/2433/2363 1980/2440/2370 1981/2428/2358
f 1982/2433/2363 1981/2428/2358 1983/2430/2360
f 1978/2441/2371 1990/2442/2372 1973/2443/2373
f 1973/2443/2373 1990/2442/2372 1991/2444/2374
f 1973/2443/2373 1991/2444/2374 1985/2445/2375
f 1985/2445/2375 1991/2444/2374 1990/2442/2372
f 1985/2445/2375 1990/2442/2372 1993/2446/2376
f 1993/2446/2376 1990/2442/2372 1989/2447/2377
f 1993/2446/2376 1989/2447/2377 1992/2448/2378
f 1992/2448/2378 1989/2447/2377 1988/2449/2379
f 1992/2448/2378 1988/2449/2379 1986/2450/2380
f 1986/2450/2380 1988/2449/2379 1981/2451/2381
f 1986/2450/2380 1981/2451/2381 1980/2452/2382
f 1981/2451/2381 1988/2449/2379 1978/2441/2371
f 1978/2441/2371 1988/2449/2379 1989/2447/2377
f 1978/2441/2371 1989/2447/2377 1990/2442/2372
f 1979/2453/2383 1994/2454/2384 1980/2452/2382
f 1980/2452/2382 1994/2454/2384 2001/2455/2385
f 1980/2452/2382 2001/2455/2385 1986/2450/2380
f 1986/2450/2380 2001/2455/2385 2000/2456/2386
f 1986/2450/2380 2000/2456/2386 1992/2448/2378
f 1992/2448/2378 2000/2456/2386 1999/2457/2387
f 1992/2448/2378 1999/2457/2387 1993/2446/2376
f 1993/2446/2376 1999/2457/2387 1998/2458/2388
f 1993/2446/2376 1998/2458/2388 1985/2445/2375
f 1985/2445/2375 1998/2458/2388 1974/2459/2389
f 1985/2445/2375 1974/2459/2389 1973/2443/2373
f 1994/2454/2384 1979/2453/2383 2002/2460/2390
f 2002/2460/2390 1979/2453/2383 1943/2461/2391
f 2002/2460/2390 1943/2461/2391 2003/2462/2392
f 2003/2462/2392 1943/2461/2391 1938/2463/2393
f 2003/2462/2392 1938/2463/2393 2004/2464/2394
f 2004/2464/2394 1938/2463/2393 1987/2465/2395
f 2004/2464/2394 1987/2465/2395 1996/2466/2396
f 1996/2466/2396 1987/2465/2395 1997/2467/2397
f 1996/2466/2396 1997/2467/2397 1999/2457/2387
f 1999/2457/2387 1997/2467/2397 1998/2458/2388
f 1938/2463/2393 1974/2459/2389 1987/2465/2395
f 1987/2465/2395 1974/2459/2389 1997/2467/2397
f 1998/2458/2388 1997/2467/2397 1974/2459/2389
f 2000/2456/2386 2001/2455/2385 1995/2468/2398
f 1995/2468/2398 2001/2455/2385 1994/2454/2384
f 1995/2468/2398 1994/2454/2384 2003/2462/2392
f 2003/2462/2392 1994/2454/2384 2002/2460/2390
f 1999/2457/2387 2000/2456/2386 1996/2466/2396
f 1996/2466/2396 2000/2456/2386 1995/2468/2398
f 1996/2466/2396 1995/2468/2398 2004/2464/2394
f 2004/2464/2394 1995/2468/2398 2003/2462/2392
f 1973/2469/2399 879/2470/2356 2011/2471/2400
f 2011/2471/2400 879/2470/2356 2005/2472/2401
f 2011/2471/2400 2005/2472/2401 2012/2473/2402
f 2012/2473/2402 2005/2472/2401 2006/2474/2403
f 2012/2473/2402 2006/2474/2403 2010/2475/2404
f 2010/2475/2404 2006/2474/2403 2007/2476/2405
f 2010/2475/2404 2007/2476/2405 2008/2477/2406
f 2008/2477/2406 2007/2476/2405 853/2478/2407
f 2008/2477/2406 2009/2479/2408 2010/2475/2404
f 2010/2475/2404 2009/2479/2408 2012/2473/2402
f 2012/2473/2402 2009/2479/2408 2011/2471/2400
f 2011/2471/2400 2009/2479/2408 1973/2469/2399
f 2016/2480/2409 2013/2481/2410 2018/2482/2411
f 2018/2482/2411 2013/2481/2410 854/2483/2412
f 2018/2482/2411 854/2483/2412 883/2484/2413
f 2018/2482/2411 883/2484/2413 2017/2485/2414
f 2017/2485/2414 883/2484/2413 882/2486/2415
f 2017/2485/2414 882/2486/2415 2019/2487/2416
f 2019/2487/2416 882/2486/2415 881/2488/2417
f 2019/2487/2416 881/2488/2417 1978/2489/2418
f 1978/2489/2418 881/2488/2417 880/2490/2361
f 1978/2489/2418 2014/2491/2419 2019/2487/2416
f 2019/2487/2416 2014/2491/2419 2015/2492/2420
f 2019/2487/2416 2015/2492/2420 2017/2485/2414
f 2017/2485/2414 2015/2492/2420 2016/2480/2409
f 2017/2485/2414 2016/2480/2409 2018/2482/2411
f 2013/2493/2421 2025/2494/2422 2008/2495/2423
f 2008/2495/2423 2025/2494/2422 2026/2496/2424
f 2008/2495/2423 2026/2496/2424 2020/2497/2425
f 2020/2497/2425 2026/2496/2424 2025/2494/2422
f 2020/2497/2425 2025/2494/2422 2028/2498/2426
f 2028/2498/2426 2025/2494/2422 2024/2499/2427
f 2028/2498/2426 2024/2499/2427 2027/2500/2428
f 2027/2500/2428 2024/2499/2427 2023/2501/2429
f 2027/2500/2428 2023/2501/2429 2021/2502/2430
f 2021/2502/2430 2023/2501/2429 2016/2503/2431
f 2021/2502/2430 2016/2503/2431 2015/2504/2432
f 2016/2503/2431 2023/2501/2429 2013/2493/2421
f 2013/2493/2421 2023/2501/2429 2024/2499/2427
f 2013/2493/2421 2024/2499/2427 2025/2494/2422
f 2014/2505/2433 2029/2506/2434 2015/2504/2432
f 2015/2504/2432 2029/2506/2434 2036/2507/2435
f 2015/2504/2432 2036/2507/2435 2021/2502/2430
f 2021/2502/2430 2036/2507/2435 2035/2508/2436
f 2021/2502/2430 2035/2508/2436 2027/2500/2428
f 2027/2500/2428 2035/2508/2436 2034/2509/2437
f 2027/2500/2428 2034/2509/2437 2028/2498/2426
f 2028/2498/2426 2034/2509/2437 2033/2510/2438
f 2028/2498/2426 2033/2510/2438 2020/2497/2425
f 2020/2497/2425 2033/2510/2438 2009/2511/2439
f 2020/2497/2425 2009/2511/2439 2008/2495/2423
f 2029/2506/2434 2014/2505/2433 2037/2512/2440
f 2037/2512/2440 2014/2505/2433 1978/2513/2441
f 2037/2512/2440 1978/2513/2441 2038/2514/2442
f 2038/2514/2442 1978/2513/2441 1973/2515/2373
f 2038/2514/2442 1973/2515/2373 2039/2516/2443
f 2039/2516/2443 1973/2515/2373 2022/2517/2444
f 2039/2516/2443 2022/2517/2444 2031/2518/2445
f 2031/2518/2445 2022/2517/2444 2032/2519/2446
f 2031/2518/2445 2032/2519/2446 2034/2509/2437
f 2034/2509/2437 2032/2519/2446 2033/2510/2438
f 1973/2515/2373 2009/2511/2439 2022/2517/2444
f 2022/2517/2444 2009/2511/2439 2032/2519/2446
f 2033/2510/2438 2032/2519/2446 2009/2511/2439
f 2035/2508/2436 2036/2507/2435 2030/2520/2447
f 2030/2520/2447 2036/2507/2435 2029/2506/2434
f 2030/2520/2447 2029/2506/2434 2038/2514/2442
f 2038/2514/2442 2029/2506/2434 2037/2512/2440
f 2034/2509/2437 2035/2508/2436 2031/2518/2445
f 2031/2518/2445 2035/2508/2436 2030/2520/2447
f 2031/2518/2445 2030/2520/2447 2039/2516/2443
f 2039/2516/2443 2030/2520/2447 2038/2514/2442
f 2008/2521/2448 853/2522/2407 2046/2523/2449
f 2046/2523/2449 853/2522/2407 2040/2524/2450
f 2046/2523/2449 2040/2524/2450 2047/2525/2451
f 2047/2525/2451 2040/2524/2450 2041/2526/2452
f 2047/2525/2451 2041/2526/2452 2045/2527/2453
f 2045/2527/2453 2041/2526/2452 2042/2528/2454
f 2045/2527/2453 2042/2528/2454 2043/2529/2455
f 2043/2529/2455 2042/2528/2454 827/2530/2456
f 2043/2529/2455 2044/2531/2457 2045/2527/2453
f 2045/2527/2453 2044/2531/2457 2047/2525/2451
f 2047/2525/2451 2044/2531/2457 2046/2523/2449
f 2046/2523/2449 2044/2531/2457 2008/2521/2448
f 2051/2532/2458 2048/2533/2459 2053/2534/2460
f 2053/2534/2460 2048/2533/2459 828/2535/2461
f 2053/2534/2460 828/2535/2461 857/2536/2462
f 2053/2534/2460 857/2536/2462 2052/2537/2463
f 2052/2537/2463 857/2536/2462 856/2538/2464
f 2052/2537/2463 856/2538/2464 2054/2539/2465
f 2054/2539/2465 856/2538/2464 855/2540/2466
f 2054/2539/2465 855/2540/2466 2013/2541/2467
f 2013/2541/2467 855/2540/2466 854/2542/2412
f 2013/2541/2467 2049/2543/2468 2054/2539/2465
f 2054/2539/2465 2049/2543/2468 2050/2544/2469
f 2054/2539/2465 2050/2544/2469 2052/2537/2463
f 2052/2537/2463 2050/2544/2469 2051/2532/2458
f 2052/2537/2463 2051/2532/2458 2053/2534/2460
f 2048/2545/2470 2060/2546/2471 2043/2547/2472
f 2043/2547/2472 2060/2546/2471 2061/2548/2473
f 2043/2547/2472 2061/2548/2473 2055/2549/2474
f 2055/2549/2474 2061/2548/2473 2060/2546/2471
f 2055/2549/2474 2060/2546/2471 2063/2550/2475
f 2063/2550/2475 2060/2546/2471 2059/2551/2476
f 2063/2550/2475 2059/2551/2476 2062/2552/2477
f 2062/2552/2477 2059/2551/2476 2058/2553/2478
f 2062/2552/2477 2058/2553/2478 2056/2554/2479
f 2056/2554/2479 2058/2553/2478 2051/2555/2480
f 2056/2554/2479 2051/2555/2480 2050/2556/2481
f 2051/2555/2480 2058/2553/2478 2048/2545/2470
f 2048/2545/2470 2058/2553/2478 2059/2551/2476
f 2048/2545/2470 2059/2551/2476 2060/2546/2471
f 2049/2557/2482 2064/2558/2483 2050/2556/2481
f 2050/2556/2481 2064/2558/2483 2071/2559/2484
f 2050/2556/2481 2071/2559/2484 2056/2554/2479
f 2056/2554/2479 2071/2559/2484 2070/2560/2485
f 2056/2554/2479 2070/2560/2485 2062/2552/2477
f 2062/2552/2477 2070/2560/2485 2069/2561/2486
f 2062/2552/2477 2069/2561/2486 2063/2550/2475
f 2063/2550/2475 2069/2561/2486 2068/2562/2487
f 2063/2550/2475 2068/2562/2487 2055/2549/2474
f 2055/2549/2474 2068/2562/2487 2044/2563/2488
f 2055/2549/2474 2044/2563/2488 2043/2547/2472
f 2064/2558/2483 2049/2557/2482 2072/2564/2489
f 2072/2564/2489 2049/2557/2482 2013/2565/2490
f 2072/2564/2489 2013/2565/2490 2073/2566/2491
f 2073/2566/2491 2013/2565/2490 2008/2567/2423
f 2073/2566/2491 2008/2567/2423 2074/2568/2492
f 2074/2568/2492 2008/2567/2423 2057/2569/2493
f 2074/2568/2492 2057/2569/2493 2066/2570/2494
f 2066/2570/2494 2057/2569/2493 2067/2571/2495
f 2066/2570/2494 2067/2571/2495 2069/2561/2486
f 2069/2561/2486 2067/2571/2495 2068/2562/2487
f 2008/2567/2423 2044/2563/2488 2057/2569/2493
f 2057/2569/2493 2044/2563/2488 2067/2571/2495
f 2068/2562/2487 2067/2571/2495 2044/2563/2488
f 2070/2560/2485 2071/2559/2484 2065/2572/2496
f 2065/2572/2496 2071/2559/2484 2064/2558/2483
f 2065/2572/2496 2064/2558/2483 2073/2566/2491
f 2073/2566/2491 2064/2558/2483 2072/2564/2489
f 2069/2561/2486 2070/2560/2485 2066/2570/2494
f 2066/2570/2494 2070/2560/2485 2065/2572/2496
f 2066/2570/2494 2065/2572/2496 2074/2568/2492
f 2074/2568/2492 2065/2572/2496 2073/2566/2491
f 2043/2573/2497 827/2574/2456 2081/2575/2498
f 2081/2575/2498 827/2574/2456 2075/2576/2499
f 2081/2575/2498 2075/2576/2499 2082/2577/2500
f 2082/2577/2500 2075/2576/2499 2076/2578/2501
f 2082/2577/2500 2076/2578/2501 2080/2579/2502
f 2080/2579/2502 2076/2578/2501 2077/2580/2503
f 2080/2579/2502 2077/2580/2503 2078/2581/2504
f 2078/2581/2504 2077/2580/2503 801/2582/2505
f 2078/2581/2504 2079/2583/2506 2080/2579/2502
f 2080/2579/2502 2079/2583/2506 2082/2577/2500
f 2082/2577/2500 2079/2583/2506 2081/2575/2498
f 2081/2575/2498 2079/2583/2506 2043/2573/2497
f 2086/2584/2507 2083/2585/2508 2088/2586/2509
f 2088/2586/2509 2083/2585/2508 802/2587/2510
f 2088/2586/2509 802/2587/2510 831/2588/2511
f 2088/2586/2509 831/2588/2511 2087/2589/2512
f 2087/2589/2512 831/2588/2511 830/2590/2513
f 2087/2589/2512 830/2590/2513 2089/2591/2514
f 2089/2591/2514 830/2590/2513 829/2592/2515
f 2089/2591/2514 829/2592/2515 2048/2593/2516
f 2048/2593/2516 829/2592/2515 828/2594/2461
f 2048/2593/2516 2084/2595/2517 2089/2591/2514
f 2089/2591/2514 2084/2595/2517 2085/2596/2518
f 2089/2591/2514 2085/2596/2518 2087/2589/2512
f 2087/2589/2512 2085/2596/2518 2086/2584/2507
f 2087/2589/2512 2086/2584/2507 2088/2586/2509
f 2083/2597/2519 2095/2598/2520 2078/2599/2521
f 2078/2599/2521 2095/2598/2520 2096/2600/2522
f 2078/2599/2521 2096/2600/2522 2090/2601/2523
f 2090/2601/2523 2096/2600/2522 2095/2598/2520
f 2090/2601/2523 2095/2598/2520 2098/2602/2524
f 2098/2602/2524 2095/2598/2520 2094/2603/2525
f 2098/2602/2524 2094/2603/2525 2097/2604/2526
f 2097/2604/2526 2094/2603/2525 2093/2605/2527
f 2097/2604/2526 2093/2605/2527 2091/2606/2528
f 2091/2606/2528 2093/2605/2527 2086/2607/2529
f 2091/2606/2528 2086/2607/2529 2085/2608/2530
f 2086/2607/2529 2093/2605/2527 2083/2597/2519
f 2083/2597/2519 2093/2605/2527 2094/2603/2525
f 2083/2597/2519 2094/2603/2525 2095/2598/2520
f 2084/2609/2531 2099/2610/2532 2085/2608/2530
f 2085/2608/2530 2099/2610/2532 2106/2611/2533
f 2085/2608/2530 2106/2611/2533 2091/2606/2528
f 2091/2606/2528 2106/2611/2533 2105/2612/2534
f 2091/2606/2528 2105/2612/2534 2097/2604/2526
f 2097/2604/2526 2105/2612/2534 2104/2613/2535
f 2097/2604/2526 2104/2613/2535 2098/2602/2524
f 2098/2602/2524 2104/2613/2535 2103/2614/2536
f 2098/2602/2524 2103/2614/2536 2090/2601/2523
f 2090/2601/2523 2103/2614/2536 2079/2615/2537
f 2090/2601/2523 2079/2615/2537 2078/2599/2521
f 2099/2610/2532 2084/2609/2531 2107/2616/2538
f 2107/2616/2538 2084/2609/2531 2048/2617/2539
f 2107/2616/2538 2048/2617/2539 2108/2618/2540
f 2108/2618/2540 2048/2617/2539 2043/2619/2472
f 2108/2618/2540 2043/2619/2472 2109/2620/2541
f 2109/2620/2541 2043/2619/2472 2092/2621/2542
f 2109/2620/2541 2092/2621/2542 2101/2622/2543
f 2101/2622/2543 2092/2621/2542 2102/2623/2544
f 2101/2622/2543 2102/2623/2544 2104/2613/2535
f 2104/2613/2535 2102/2623/2544 2103/2614/2536
f 2043/2619/2472 2079/2615/2537 2092/2621/2542
f 2092/2621/2542 2079/2615/2537 2102/2623/2544
f 2103/2614/2536 2102/2623/2544 2079/2615/2537
f 2105/2612/2534 2106/2611/2533 2100/2624/2545
f 2100/2624/2545 2106/2611/2533 2099/2610/2532
f 2100/2624/2545 2099/2610/2532 2108/2618/2540
f 2108/2618/2540 2099/2610/2532 2107/2616/2538
f 2104/2613/2535 2105/2612/2534 2101/2622/2543
f 2101/2622/2543 2105/2612/2534 2100/2624/2545
f 2101/2622/2543 2100/2624/2545 2109/2620/2541
f 2109/2620/2541 2100/2624/2545 2108/2618/2540
f 2078/2625/2546 801/2626/2505 2116/2627/2547
f 2116/2627/2547 801/2626/2505 2110/2628/2548
f 2116/2627/2547 2110/2628/2548 2117/2629/2549
f 2117/2629/2549 2110/2628/2548 2111/2630/2550
f 2117/2629/2549 2111/2630/2550 2115/2631/2551
f 2115/2631/2551 2111/2630/2550 2112/2632/2552
f 2115/2631/2551 2112/2632/2552 2113/2633/2553
f 2113/2633/2553 2112/2632/2552 775/2634/2554
f 2113/2633/2553 2114/2635/2555 2115/2631/2551
f 2115/2631/2551 2114/2635/2555 2117/2629/2549
f 2117/2629/2549 2114/2635/2555 2116/2627/2547
f 2116/2627/2547 2114/2635/2555 2078/2625/2546
f 2121/2636/2556 2118/2637/2557 2123/2638/2558
f 2123/2638/2558 2118/2637/2557 776/2639/2559
f 2123/2638/2558 776/2639/2559 805/2640/2560
f 2123/2638/2558 805/2640/2560 2122/2641/2561
f 2122/2641/2561 805/2640/2560 804/2642/2562
f 2122/2641/2561 804/2642/2562 2124/2643/2563
f 2124/2643/2563 804/2642/2562 803/2644/2564
f 2124/2643/2563 803/2644/2564 2083/2645/2565
f 2083/2645/2565 803/2644/2564 802/2646/2566
f 2083/2645/2565 2119/2647/2567 2124/2643/2563
f 2124/2643/2563 2119/2647/2567 2120/2648/2568
f 2124/2643/2563 2120/2648/2568 2122/2641/2561
f 2122/2641/2561 2120/2648/2568 2121/2636/2556
f 2122/2641/2561 2121/2636/2556 2123/2638/2558
f 2118/2649/2569 2130/2650/2570 2113/2651/2571
f 2113/2651/2571 2130/2650/2570 2131/2652/2572
f 2113/2651/2571 2131/2652/2572 2125/2653/2573
f 2125/2653/2573 2131/2652/2572 2130/2650/2570
f 2125/2653/2573 2130/2650/2570 2133/2654/2574
f 2133/2654/2574 2130/2650/2570 2129/2655/2575
f 2133/2654/2574 2129/2655/2575 2132/2656/2576
f 2132/2656/2576 2129/2655/2575 2128/2657/2577
f 2132/2656/2576 2128/2657/2577 2126/2658/2578
f 2126/2658/2578 2128/2657/2577 2121/2659/2579
f 2126/2658/2578 2121/2659/2579 2120/2660/2580
f 2121/2659/2579 2128/2657/2577 2118/2649/2569
f 2118/2649/2569 2128/2657/2577 2129/2655/2575
f 2118/2649/2569 2129/2655/2575 2130/2650/2570
f 2119/2661/2581 2134/2662/2582 2120/2660/2580
f 2120/2660/2580 2134/2662/2582 2141/2663/2583
f 2120/2660/2580 2141/2663/2583 2126/2658/2578
f 2126/2658/2578 2141/2663/2583 2140/2664/2584
f 2126/2658/2578 2140/2664/2584 2132/2656/2576
f 2132/2656/2576 2140/2664/2584 2139/2665/2585
f 2132/2656/2576 2139/2665/2585 2133/2654/2574
f 2133/2654/2574 2139/2665/2585 2138/2666/2586
f 2133/2654/2574 2138/2666/2586 2125/2653/2573
f 2125/2653/2573 2138/2666/2586 2114/2667/2587
f 2125/2653/2573 2114/2667/2587 2113/2651/2571
f 2134/2662/2582 2119/2661/2581 2142/2668/2588
f 2142/2668/2588 2119/2661/2581 2083/2669/2589
f 2142/2668/2588 2083/2669/2589 2143/2670/2590
f 2143/2670/2590 2083/2669/2589 2078/2671/2591
f 2143/2670/2590 2078/2671/2591 2144/2672/2592
f 2144/2672/2592 2078/2671/2591 2127/2673/2593
f 2144/2672/2592 2127/2673/2593 2136/2674/2594
f 2136/2674/2594 2127/2673/2593 2137/2675/2595
f 2136/2674/2594 2137/2675/2595 2139/2665/2585
f 2139/2665/2585 2137/2675/2595 2138/2666/2586
f 2078/2671/2591 2114/2667/2587 2127/2673/2593
f 2127/2673/2593 2114/2667/2587 2137/2675/2595
f 2138/2666/2586 2137/2675/2595 2114/2667/2587
f 2140/2664/2584 2141/2663/2583 2135/2676/2596
f 2135/2676/2596 2141/2663/2583 2134/2662/2582
f 2135/2676/2596 2134/2662/2582 2143/2670/2590
f 2143/2670/2590 2134/2662/2582 2142/2668/2588
f 2139/2665/2585 2140/2664/2584 2136/2674/2594
f 2136/2674/2594 2140/2664/2584 2135/2676/2596
f 2136/2674/2594 2135/2676/2596 2144/2672/2592
f 2144/2672/2592 2135/2676/2596 2143/2670/2590
f 2113/2677/2597 775/2678/2554 2151/2679/2598
f 2151/2679/2598 775/2678/2554 2145/2680/2599
f 2151/2679/2598 2145/2680/2599 2152/2681/2600
f 2152/2681/2600 2145/2680/2599 2146/2682/2601
f 2152/2681/2600 2146/2682/2601 2150/2683/2602
f 2150/2683/2602 2146/2682/2601 2147/2684/2603
f 2150/2683/2602 2147/2684/2603 2148/2685/2604
f 2148/2685/2604 2147/2684/2603 749/2686/2605
f 2148/2685/2604 2149/2687/2606 2150/2683/2602
f 2150/2683/2602 2149/2687/2606 2152/2681/2600
f 2152/2681/2600 2149/2687/2606 2151/2679/2598
f 2151/2679/2598 2149/2687/2606 2113/2677/2597
f 2156/2688/2607 2153/2689/2608 2158/2690/2609
f 2158/2690/2609 2153/2689/2608 750/2691/2610
f 2158/2690/2609 750/2691/2610 779/2692/2611
f 2158/2690/2609 779/2692/2611 2157/2693/2612
f 2157/2693/2612 779/2692/2611 778/2694/2613
f 2157/2693/2612 778/2694/2613 2159/2695/2614
f 2159/2695/2614 778/2694/2613 777/2696/2615
f 2159/2695/2614 777/2696/2615 2118/2697/2616
f 2118/2697/2616 777/2696/2615 776/2698/2617
f 2118/2697/2616 2154/2699/2618 2159/2695/2614
f 2159/2695/2614 2154/2699/2618 2155/2700/2619
f 2159/2695/2614 2155/2700/2619 2157/2693/2612
f 2157/2693/2612 2155/2700/2619 2156/2688/2607
f 2157/2693/2612 2156/2688/2607 2158/2690/2609
f 2153/2701/2620 2165/2702/2621 2148/2703/2622
f 2148/2703/2622 2165/2702/2621 2166/2704/2623
f 2148/2703/2622 2166/2704/2623 2160/2705/2624
f 2160/2705/2624 2166/2704/2623 2165/2702/2621
f 2160/2705/2624 2165/2702/2621 2168/2706/2625
f 2168/2706/2625 2165/2702/2621 2164/2707/2626
f 2168/2706/2625 2164/2707/2626 2167/2708/2627
f 2167/2708/2627 2164/2707/2626 2163/2709/2628
f 2167/2708/2627 2163/2709/2628 2161/2710/2629
f 2161/2710/2629 2163/2709/2628 2156/2711/2630
f 2161/2710/2629 2156/2711/2630 2155/2712/2631
f 2156/2711/2630 2163/2709/2628 2153/2701/2620
f 2153/2701/2620 2163/2709/2628 2164/2707/2626
f 2153/2701/2620 2164/2707/2626 2165/2702/2621
f 2154/2713/2632 2169/2714/2633 2155/2712/2631
f 2155/2712/2631 2169/2714/2633 2176/2715/2634
f 2155/2712/2631 2176/2715/2634 2161/2710/2629
f 2161/2710/2629 2176/2715/2634 2175/2716/2635
f 2161/2710/2629 2175/2716/2635 2167/2708/2627
f 2167/2708/2627 2175/2716/2635 2174/2717/2636
f 2167/2708/2627 2174/2717/2636 2168/2706/2625
f 2168/2706/2625 2174/2717/2636 2173/2718/2637
f 2168/2706/2625 2173/2718/2637 2160/2705/2624
f 2160/2705/2624 2173/2718/2637 2149/2719/2638
f 2160/2705/2624 2149/2719/2638 2148/2703/2622
f 2169/2714/2633 2154/2713/2632 2177/2720/2639
f 2177/2720/2639 2154/2713/2632 2118/2721/2640
f 2177/2720/2639 2118/2721/2640 2178/2722/2641
f 2178/2722/2641 2118/2721/2640 2113/2723/2642
f 2178/2722/2641 2113/2723/2642 2179/2724/2643
f 2179/2724/2643 2113/2723/2642 2162/2725/2644
f 2179/2724/2643 2162/2725/2644 2171/2726/2645
f 2171/2726/2645 2162/2725/2644 2172/2727/2646
f 2171/2726/2645 2172/2727/2646 2174/2717/2636
f 2174/2717/2636 2172/2727/2646 2173/2718/2637
f 2113/2723/2642 2149/2719/2638 2162/2725/2644
f 2162/2725/2644 2149/2719/2638 2172/2727/2646
f 2173/2718/2637 2172/2727/2646 2149/2719/2638
f 2175/2716/2635 2176/2715/2634 2170/2728/2647
f 2170/2728/2647 2176/2715/2634 2169/2714/2633
f 2170/2728/2647 2169/2714/2633 2178/2722/2641
f 2178/2722/2641 2169/2714/2633 2177/2720/2639
f 2174/2717/2636 2175/2716/2635 2171/2726/2645
f 2171/2726/2645 2175/2716/2635 2170/2728/2647
f 2171/2726/2645 2170/2728/2647 2179/2724/2643
f 2179/2724/2643 2170/2728/2647 2178/2722/2641
f 2148/2729/2648 749/2730/2605 2186/2731/2649
f 2186/2731/2649 749/2730/2605 2180/2732/2650
f 2186/2731/2649 2180/2732/2650 2187/2733/2651
f 2187/2733/2651 2180/2732/2650 2181/2734/2652
f 2187/2733/2651 2181/2734/2652 2185/2735/2653
f 2185/2735/2653 2181/2734/2652 2182/2736/2654
f 2185/2735/2653 2182/2736/2654 2183/2737/2655
f 2183/2737/2655 2182/2736/2654 723/2738/2656
f 2183/2737/2655 2184/2739/2657 2185/2735/2653
f 2185/2735/2653 2184/2739/2657 2187/2733/2651
f 2187/2733/2651 2184/2739/2657 2186/2731/2649
f 2186/2731/2649 2184/2739/2657 2148/2729/2648
f 2191/2740/2658 2188/2741/2659 2193/2742/2660
f 2193/2742/2660 2188/2741/2659 724/2743/2661
f 2193/2742/2660 724/2743/2661 753/2744/2662
f 2193/2742/2660 753/2744/2662 2192/2745/2663
f 2192/2745/2663 753/2744/2662 752/2746/2664
f 2192/2745/2663 752/2746/2664 2194/2747/2665
f 2194/2747/2665 752/2746/2664 751/2748/2666
f 2194/2747/2665 751/2748/2666 2153/2749/2667
f 2153/2749/2667 751/2748/2666 750/2750/2668
f 2153/2749/2667 2189/2751/2669 2194/2747/2665
f 2194/2747/2665 2189/2751/2669 2190/2752/2670
f 2194/2747/2665 2190/2752/2670 2192/2745/2663
f 2192/2745/2663 2190/2752/2670 2191/2740/2658
f 2192/2745/2663 2191/2740/2658 2193/2742/2660
f 2188/2753/2671 2200/2754/2672 2183/2755/2673
f 2183/2755/2673 2200/2754/2672 2201/2756/2674
f 2183/2755/2673 2201/2756/2674 2195/2757/2675
f 2195/2757/2675 2201/2756/2674 2200/2754/2672
f 2195/2757/2675 2200/2754/2672 2203/2758/2676
f 2203/2758/2676 2200/2754/2672 2199/2759/2677
f 2203/2758/2676 2199/2759/2677 2202/2760/2678
f 2202/2760/2678 2199/2759/2677 2198/2761/2679
f 2202/2760/2678 2198/2761/2679 2196/2762/2680
f 2196/2762/2680 2198/2761/2679 2191/2763/2681
f 2196/2762/2680 2191/2763/2681 2190/2764/2682
f 2191/2763/2681 2198/2761/2679 2188/2753/2671
f 2188/2753/2671 2198/2761/2679 2199/2759/2677
f 2188/2753/2671 2199/2759/2677 2200/2754/2672
f 2189/2765/2683 2204/2766/2684 2190/2764/2682
f 2190/2764/2682 2204/2766/2684 2211/2767/2685
f 2190/2764/2682 2211/2767/2685 2196/2762/2680
f 2196/2762/2680 2211/2767/2685 2210/2768/2686
f 2196/2762/2680 2210/2768/2686 2202/2760/2678
f 2202/2760/2678 2210/2768/2686 2209/2769/2687
f 2202/2760/2678 2209/2769/2687 2203/2758/2676
f 2203/2758/2676 2209/2769/2687 2208/2770/2688
f 2203/2758/2676 2208/2770/2688 2195/2757/2675
f 2195/2757/2675 2208/2770/2688 2184/2771/2689
f 2195/2757/2675 2184/2771/2689 2183/2755/2673
f 2204/2766/2684 2189/2765/2683 2212/2772/2690
f 2212/2772/2690 2189/2765/2683 2153/2773/2691
f 2212/2772/2690 2153/2773/2691 2213/2774/2692
f 2213/2774/2692 2153/2773/2691 2148/2775/2693
f 2213/2774/2692 2148/2775/2693 2214/2776/2694
f 2214/2776/2694 2148/2775/2693 2197/2777/2695
f 2214/2776/2694 2197/2777/2695 2206/2778/2696
f 2206/2778/2696 2197/2777/2695 2207/2779/2697
f 2206/2778/2696 2207/2779/2697 2209/2769/2687
f 2209/2769/2687 2207/2779/2697 2208/2770/2688
f 2148/2775/2693 2184/2771/2689 2197/2777/2695
f 2197/2777/2695 2184/2771/2689 2207/2779/2697
f 2208/2770/2688 2207/2779/2697 2184/2771/2689
f 2210/2768/2686 2211/2767/2685 2205/2780/2698
f 2205/2780/2698 2211/2767/2685 2204/2766/2684
f 2205/2780/2698 2204/2766/2684 2213/2774/2692
f 2213/2774/2692 2204/2766/2684 2212/2772/2690
f 2209/2769/2687 2210/2768/2686 2206/2778/2696
f 2206/2778/2696 2210/2768/2686 2205/2780/2698
f 2206/2778/2696 2205/2780/2698 2214/2776/2694
f 2214/2776/2694 2205/2780/2698 2213/2774/2692
f 2183/2781/2699 723/2782/2656 2221/2783/2700
f 2221/2783/2700 723/2782/2656 2215/2784/2701
f 2221/2783/2700 2215/2784/2701 2222/2785/2702
f 2222/2785/2702 2215/2784/2701 2216/2786/2703
f 2222/2785/2702 2216/2786/2703 2220/2787/2704
f 2220/2787/2704 2216/2786/2703 2217/2788/2705
f 2220/2787/2704 2217/2788/2705 2218/2789/2706
f 2218/2789/2706 2217/2788/2705 697/2790/2707
f 2218/2789/2706 2219/2791/2708 2220/2787/2704
f 2220/2787/2704 2219/2791/2708 2222/2785/2702
f 2222/2785/2702 2219/2791/2708 2221/2783/2700
f 2221/2783/2700 2219/2791/2708 2183/2781/2699
f 2226/2792/2709 2223/2793/2710 2228/2794/2711
f 2228/2794/2711 2223/2793/2710 698/2795/2712
f 2228/2794/2711 698/2795/2712 727/2796/2713
f 2228/2794/2711 727/2796/2713 2227/2797/2714
f 2227/2797/2714 727/2796/2713 726/2798/2715
f 2227/2797/2714 726/2798/2715 2229/2799/2716
f 2229/2799/2716 726/2798/2715 725/2800/2717
f 2229/2799/2716 725/2800/2717 2188/2801/2718
f 2188/2801/2718 725/2800/2717 724/2802/2719
f 2188/2801/2718 2224/2803/2720 2229/2799/2716
f 2229/2799/2716 2224/2803/2720 2225/2804/2721
f 2229/2799/2716 2225/2804/2721 2227/2797/2714
f 2227/2797/2714 2225/2804/2721 2226/2792/2709
f 2227/2797/2714 2226/2792/2709 2228/2794/2711
f 2223/2805/2722 2235/2806/2723 2218/2807/2724
f 2218/2807/2724 2235/2806/2723 2236/2808/2725
f 2218/2807/2724 2236/2808/2725 2230/2809/2726
f 2230/2809/2726 2236/2808/2725 2235/2806/2723
f 2230/2809/2726 2235/2806/2723 2238/2810/2727
f 2238/2810/2727 2235/2806/2723 2234/2811/2728
f 2238/2810/2727 2234/2811/2728 2237/2812/2729
f 2237/2812/2729 2234/2811/2728 2233/2813/2730
f 2237/2812/2729 2233/2813/2730 2231/2814/2731
f 2231/2814/2731 2233/2813/2730 2226/2815/2732
f 2231/2814/2731 2226/2815/2732 2225/2816/2733
f 2226/2815/2732 2233/2813/2730 2223/2805/2722
f 2223/2805/2722 2233/2813/2730 2234/2811/2728
f 2223/2805/2722 2234/2811/2728 2235/2806/2723
f 2224/2817/2734 2239/2818/2735 2225/2816/2733
f 2225/2816/2733 2239/2818/2735 2246/2819/2736
f 2225/2816/2733 2246/2819/2736 2231/2814/2731
f 2231/2814/2731 2246/2819/2736 2245/2820/2737
f 2231/2814/2731 2245/2820/2737 2237/2812/2729
f 2237/2812/2729 2245/2820/2737 2244/2821/2738
f 2237/2812/2729 2244/2821/2738 2238/2810/2727
f 2238/2810/2727 2244/2821/2738 2243/2822/2739
f 2238/2810/2727 2243/2822/2739 2230/2809/2726
f 2230/2809/2726 2243/2822/2739 2219/2823/2740
f 2230/2809/2726 2219/2823/2740 2218/2807/2724
f 2239/2818/2735 2224/2817/2734 2247/2824/2741
f 2247/2824/2741 2224/2817/2734 2188/2825/2742
f 2247/2824/2741 2188/2825/2742 2248/2826/2743
f 2248/2826/2743 2188/2825/2742 2183/2827/2744
f 2248/2826/2743 2183/2827/2744 2249/2828/2745
f 2249/2828/2745 2183/2827/2744 2232/2829/2746
f 2249/2828/2745 2232/2829/2746 2241/2830/2747
f 2241/2830/2747 2232/2829/2746 2242/2831/2748
f 2241/2830/2747 2242/2831/2748 2244/2821/2738
f 2244/2821/2738 2242/2831/2748 2243/2822/2739
f 2183/2827/2744 2219/2823/2740 2232/2829/2746
f 2232/2829/2746 2219/2823/2740 2242/2831/2748
f 2243/2822/2739 2242/2831/2748 2219/2823/2740
f 2245/2820/2737 2246/2819/2736 2240/2832/2749
f 2240/2832/2749 2246/2819/2736 2239/2818/2735
f 2240/2832/2749 2239/2818/2735 2248/2826/2743
f 2248/2826/2743 2239/2818/2735 2247/2824/2741
f 2244/2821/2738 2245/2820/2737 2241/2830/2747
f 2241/2830/2747 2245/2820/2737 2240/2832/2749
f 2241/2830/2747 2240/2832/2749 2249/2828/2745
f 2249/2828/2745 2240/2832/2749 2248/2826/2743
f 2218/2833/2750 697/2834/2707 2256/2835/2751
f 2256/2835/2751 697/2834/2707 2250/2836/2752
f 2256/2835/2751 2250/2836/2752 2257/2837/2753
f 2257/2837/2753 2250/2836/2752 2251/2838/2754
f 2257/2837/2753 2251/2838/2754 2255/2839/2755
f 2255/2839/2755 2251/2838/2754 2252/2840/2756
f 2255/2839/2755 2252/2840/2756 2253/2841/2757
f 2253/2841/2757 2252/2840/2756 671/2842/2758
f 2253/2841/2757 2254/2843/2759 2255/2839/2755
f 2255/2839/2755 2254/2843/2759 2257/2837/2753
f 2257/2837/2753 2254/2843/2759 2256/2835/2751
f 2256/2835/2751 2254/2843/2759 2218/2833/2750
f 2261/2844/2760 2258/2845/2761 2263/2846/2762
f 2263/2846/2762 2258/2845/2761 672/2847/2763
f 2263/2846/2762 672/2847/2763 701/2848/2764
f 2263/2846/2762 701/2848/2764 2262/2849/2765
f 2262/2849/2765 701/2848/2764 700/2850/2766
f 2262/2849/2765 700/2850/2766 2264/2851/2767
f 2264/2851/2767 700/2850/2766 699/2852/2768
f 2264/2851/2767 699/2852/2768 2223/2853/2769
f 2223/2853/2769 699/2852/2768 698/2854/2770
f 2223/2853/2769 2259/2855/2771 2264/2851/2767
f 2264/2851/2767 2259/2855/2771 2260/2856/2772
f 2264/2851/2767 2260/2856/2772 2262/2849/2765
f 2262/2849/2765 2260/2856/2772 2261/2844/2760
f 2262/2849/2765 2261/2844/2760 2263/2846/2762
f 2258/2857/2773 2270/2858/2774 2253/2859/2775
f 2253/2859/2775 2270/2858/2774 2271/2860/2776
f 2253/2859/2775 2271/2860/2776 2265/2861/2777
f 2265/2861/2777 2271/2860/2776 2270/2858/2774
f 2265/2861/2777 2270/2858/2774 2273/2862/2778
f 2273/2862/2778 2270/2858/2774 2269/2863/2779
f 2273/2862/2778 2269/2863/2779 2272/2864/2780
f 2272/2864/2780 2269/2863/2779 2268/2865/2781
f 2272/2864/2780 2268/2865/2781 2266/2866/2782
f 2266/2866/2782 2268/2865/2781 2261/2867/2783
f 2266/2866/2782 2261/2867/2783 2260/2868/2784
f 2261/2867/2783 2268/2865/2781 2258/2857/2773
f 2258/2857/2773 2268/2865/2781 2269/2863/2779
f 2258/2857/2773 2269/2863/2779 2270/2858/2774
f 2259/2869/2785 2274/2870/2786 2260/2868/2784
f 2260/2868/2784 2274/2870/2786 2281/2871/2787
f 2260/2868/2784 2281/2871/2787 2266/2866/2782
f 2266/2866/2782 2281/2871/2787 2280/2872/2788
f 2266/2866/2782 2280/2872/2788 2272/2864/2780
f 2272/2864/2780 2280/2872/2788 2279/2873/2789
f 2272/2864/2780 2279/2873/2789 2273/2862/2778
f 2273/2862/2778 2279/2873/2789 2278/2874/2790
f 2273/2862/2778 2278/2874/2790 2265/2861/2777
f 2265/2861/2777 2278/2874/2790 2254/2875/2791
f 2265/2861/2777 2254/2875/2791 2253/2859/2775
f 2274/2870/2786 2259/2869/2785 2282/2876/2792
f 2282/2876/2792 2259/2869/2785 2223/2877/2793
f 2282/2876/2792 2223/2877/2793 2283/2878/2794
f 2283/2878/2794 2223/2877/2793 2218/2879/2795
f 2283/2878/2794 2218/2879/2795 2284/2880/2796
f 2284/2880/2796 2218/2879/2795 2267/2881/2797
f 2284/2880/2796 2267/2881/2797 2276/2882/2798
f 2276/2882/2798 2267/2881/2797 2277/2883/2799
f 2276/2882/2798 2277/2883/2799 2279/2873/2789
f 2279/2873/2789 2277/2883/2799 2278/2874/2790
f 2218/2879/2795 2254/2875/2791 2267/2881/2797
f 2267/2881/2797 2254/2875/2791 2277/2883/2799
f 2278/2874/2790 2277/2883/2799 2254/2875/2791
f 2280/2872/2788 2281/2871/2787 2275/2884/2800
f 2275/2884/2800 2281/2871/2787 2274/2870/2786
f 2275/2884/2800 2274/2870/2786 2283/2878/2794
f 2283/2878/2794 2274/2870/2786 2282/2876/2792
f 2279/2873/2789 2280/2872/2788 2276/2882/2798
f 2276/2882/2798 2280/2872/2788 2275/2884/2800
f 2276/2882/2798 2275/2884/2800 2284/2880/2796
f 2284/2880/2796 2275/2884/2800 2283/2878/2794
f 2253/2885/2801 671/2886/2758 2291/2887/2802
f 2291/2887/2802 671/2886/2758 2285/2888/2803
f 2291/2887/2802 2285/2888/2803 2292/2889/2804
f 2292/2889/2804 2285/2888/2803 2286/2890/2805
f 2292/2889/2804 2286/2890/2805 2290/2891/2806
f 2290/2891/2806 2286/2890/2805 2287/2892/2807
f 2290/2891/2806 2287/2892/2807 2288/2893/2808
f 2288/2893/2808 2287/2892/2807 645/2894/2809
f 2288/2893/2808 2289/2895/2810 2290/2891/2806
f 2290/2891/2806 2289/2895/2810 2292/2889/2804
f 2292/2889/2804 2289/2895/2810 2291/2887/2802
f 2291/2887/2802 2289/2895/2810 2253/2885/2801
f 2296/2896/2811 2293/2897/2812 2298/2898/2813
f 2298/2898/2813 2293/2897/2812 646/2899/2814
f 2298/2898/2813 646/2899/2814 675/2900/2815
f 2298/2898/2813 675/2900/2815 2297/2901/2816
f 2297/2901/2816 675/2900/2815 674/2902/2817
f 2297/2901/2816 674/2902/2817 2299/2903/2818
f 2299/2903/2818 674/2902/2817 673/2904/2819
f 2299/2903/2818 673/2904/2819 2258/2905/2820
f 2258/2905/2820 673/2904/2819 672/2906/2821
f 2258/2905/2820 2294/2907/2822 2299/2903/2818
f 2299/2903/2818 2294/2907/2822 2295/2908/2823
f 2299/2903/2818 2295/2908/2823 2297/2901/2816
f 2297/2901/2816 2295/2908/2823 2296/2896/2811
f 2297/2901/2816 2296/2896/2811 2298/2898/2813
f 2293/2909/2824 2305/2910/2825 2288/2911/2826
f 2288/2911/2826 2305/2910/2825 2306/2912/2827
f 2288/2911/2826 2306/2912/2827 2300/2913/2828
f 2300/2913/2828 2306/2912/2827 2305/2910/2825
f 2300/2913/2828 2305/2910/2825 2308/2914/2829
f 2308/2914/2829 2305/2910/2825 2304/2915/2830
f 2308/2914/2829 2304/2915/2830 2307/2916/2831
f 2307/2916/2831 2304/2915/2830 2303/2917/2832
f 2307/2916/2831 2303/2917/2832 2301/2918/2833
f 2301/2918/2833 2303/2917/2832 2296/2919/2834
f 2301/2918/2833 2296/2919/2834 2295/2920/2835
f 2296/2919/2834 2303/2917/2832 2293/2909/2824
f 2293/2909/2824 2303/2917/2832 2304/2915/2830
f 2293/2909/2824 2304/2915/2830 2305/2910/2825
f 2294/2921/2836 2309/2922/2837 2295/2920/2835
f 2295/2920/2835 2309/2922/2837 2316/2923/2838
f 2295/2920/2835 2316/2923/2838 2301/2918/2833
f 2301/2918/2833 2316/2923/2838 2315/2924/2839
f 2301/2918/2833 2315/2924/2839 2307/2916/2831
f 2307/2916/2831 2315/2924/2839 2314/2925/2840
f 2307/2916/2831 2314/2925/2840 2308/2914/2829
f 2308/2914/2829 2314/2925/2840 2313/2926/2841
f 2308/2914/2829 2313/2926/2841 2300/2913/2828
f 2300/2913/2828 2313/2926/2841 2289/2927/2842
f 2300/2913/2828 2289/2927/2842 2288/2911/2826
f 2309/2922/2837 2294/2921/2836 2317/2928/2843
f 2317/2928/2843 2294/2921/2836 2258/2929/2844
f 2317/2928/2843 2258/2929/2844 2318/2930/2845
f 2318/2930/2845 2258/2929/2844 2253/2931/2846
f 2318/2930/2845 2253/2931/2846 2319/2932/2847
f 2319/2932/2847 2253/2931/2846 2302/2933/2848
f 2319/2932/2847 2302/2933/2848 2311/2934/2849
f 2311/2934/2849 2302/2933/2848 2312/2935/2850
f 2311/2934/2849 2312/2935/2850 2314/2925/2840
f 2314/2925/2840 2312/2935/2850 2313/2926/2841
f 2253/2931/2846 2289/2927/2842 2302/2933/2848
f 2302/2933/2848 2289/2927/2842 2312/2935/2850
f 2313/2926/2841 2312/2935/2850 2289/2927/2842
f 2315/2924/2839 2316/2923/2838 2310/2936/2851
f 2310/2936/2851 2316/2923/2838 2309/2922/2837
f 2310/2936/2851 2309/2922/2837 2318/2930/2845
f 2318/2930/2845 2309/2922/2837 2317/2928/2843
f 2314/2925/2840 2315/2924/2839 2311/2934/2849
f 2311/2934/2849 2315/2924/2839 2310/2936/2851
f 2311/2934/2849 2310/2936/2851 2319/2932/2847
f 2319/2932/2847 2310/2936/2851 2318/2930/2845
f 2288/2937/2852 645/2938/2809 2326/2939/2853
f 2326/2939/2853 645/2938/2809 2320/2940/2854
f 2326/2939/2853 2320/2940/2854 2327/2941/2855
f 2327/2941/2855 2320/2940/2854 2321/2942/2856
f 2327/2941/2855 2321/2942/2856 2325/2943/2857
f 2325/2943/2857 2321/2942/2856 2322/2944/2858
f 2325/2943/2857 2322/2944/2858 2323/2945/2859
f 2323/2945/2859 2322/2944/2858 619/2946/2860
f 2323/2945/2859 2324/2947/2861 2325/2943/2857
f 2325/2943/2857 2324/2947/2861 2327/2941/2855
f 2327/2941/2855 2324/2947/2861 2326/2939/2853
f 2326/2939/2853 2324/2947/2861 2288/2937/2852
f 2331/2948/2862 2328/2949/2863 2333/2950/2864
f 2333/2950/2864 2328/2949/2863 620/2951/2865
f 2333/2950/2864 620/2951/2865 649/2952/2866
f 2333/2950/2864 649/2952/2866 2332/2953/2867
f 2332/2953/2867 649/2952/2866 648/2954/2868
f 2332/2953/2867 648/2954/2868 2334/2955/2869
f 2334/2955/2869 648/2954/2868 647/2956/2870
f 2334/2955/2869 647/2956/2870 2293/2957/2871
f 2293/2957/2871 647/2956/2870 646/2958/2872
f 2293/2957/2871 2329/2959/2873 2334/2955/2869
f 2334/2955/2869 2329/2959/2873 2330/2960/2874
f 2334/2955/2869 2330/2960/2874 2332/2953/2867
f 2332/2953/2867 2330/2960/2874 2331/2948/2862
f 2332/2953/2867 2331/2948/2862 2333/2950/2864
f 2328/2961/2875 2340/2962/2876 2323/2963/2877
f 2323/2963/2877 2340/2962/2876 2341/2964/2878
f 2323/2963/2877 2341/2964/2878 2335/2965/2879
f 2335/2965/2879 2341/2964/2878 2340/2962/2876
f 2335/2965/2879 2340/2962/2876 2343/2966/2880
f 2343/2966/2880 2340/2962/2876 2339/2967/2881
f 2343/2966/2880 2339/2967/2881 2342/2968/2882
f 2342/2968/2882 2339/2967/2881 2338/2969/2883
f 2342/2968/2882 2338/2969/2883 2336/2970/2884
f 2336/2970/2884 2338/2969/2883 2331/2971/2885
f 2336/2970/2884 2331/2971/2885 2330/2972/2886
f 2331/2971/2885 2338/2969/2883 2328/2961/2875
f 2328/2961/2875 2338/2969/2883 2339/2967/2881
f 2328/2961/2875 2339/2967/2881 2340/2962/2876
f 2329/2973/2887 2344/2974/2888 2330/2972/2886
f 2330/2972/2886 2344/2974/2888 2351/2975/2889
f 2330/2972/2886 2351/2975/2889 2336/2970/2884
f 2336/2970/2884 2351/2975/2889 2350/2976/2890
f 2336/2970/2884 2350/2976/2890 2342/2968/2882
f 2342/2968/2882 2350/2976/2890 2349/2977/2891
f 2342/2968/2882 2349/2977/2891 2343/2966/2880
f 2343/2966/2880 2349/2977/2891 2348/2978/2892
f 2343/2966/2880 2348/2978/2892 2335/2965/2879
f 2335/2965/2879 2348/2978/2892 2324/2979/2893
f 2335/2965/2879 2324/2979/2893 2323/2963/2877
f 2344/2974/2888 2329/2973/2887 2352/2980/2894
f 2352/2980/2894 2329/2973/2887 2293/2981/2895
f 2352/2980/2894 2293/2981/2895 2353/2982/2896
f 2353/2982/2896 2293/2981/2895 2288/2983/2897
f 2353/2982/2896 2288/2983/2897 2354/2984/2898
f 2354/2984/2898 2288/2983/2897 2337/2985/2899
f 2354/2984/2898 2337/2985/2899 2346/2986/2900
f 2346/2986/2900 2337/2985/2899 2347/2987/2901
f 2346/2986/2900 2347/2987/2901 2349/2977/2891
f 2349/2977/2891 2347/2987/2901 2348/2978/2892
f 2288/2983/2897 2324/2979/2893 2337/2985/2899
f 2337/2985/2899 2324/2979/2893 2347/2987/2901
f 2348/2978/2892 2347/2987/2901 2324/2979/2893
f 2350/2976/2890 2351/2975/2889 2345/2988/2902
f 2345/2988/2902 2351/2975/2889 2344/2974/2888
f 2345/2988/2902 2344/2974/2888 2353/2982/2896
f 2353/2982/2896 2344/2974/2888 2352/2980/2894
f 2349/2977/2891 2350/2976/2890 2346/2986/2900
f 2346/2986/2900 2350/2976/2890 2345/2988/2902
f 2346/2986/2900 2345/2988/2902 2354/2984/2898
f 2354/2984/2898 2345/2988/2902 2353/2982/2896
f 2323/2989/2903 619/2990/2860 2361/2991/2904
f 2361/2991/2904 619/2990/2860 2355/2992/2905
f 2361/2991/2904 2355/2992/2905 2362/2993/2906
f 2362/2993/2906 2355/2992/2905 2356/2994/2907
f 2362/2993/2906 2356/2994/2907 2360/2995/2908
f 2360/2995/2908 2356/2994/2907 2357/2996/2909
f 2360/2995/2908 2357/2996/2909 2358/2997/2910
f 2358/2997/2910 2357/2996/2909 593/2998/2911
f 2358/2997/2910 2359/2999/2912 2360/2995/2908
f 2360/2995/2908 2359/2999/2912 2362/2993/2906
f 2362/2993/2906 2359/2999/2912 2361/2991/2904
f 2361/2991/2904 2359/2999/2912 2323/2989/2903
f 2366/3000/2913 2363/3001/2914 2368/3002/2915
f 2368/3002/2915 2363/3001/2914 594/3003/2916
f 2368/3002/2915 594/3003/2916 623/3004/2917
f 2368/3002/2915 623/3004/2917 2367/3005/2918
f 2367/3005/2918 623/3004/2917 622/3006/2919
f 2367/3005/2918 622/3006/2919 2369/3007/2920
f 2369/3007/2920 622/3006/2919 621/3008/2921
f 2369/3007/2920 621/3008/2921 2328/3009/2922
f 2328/3009/2922 621/3008/2921 620/3010/2923
f 2328/3009/2922 2364/3011/2924 2369/3007/2920
f 2369/3007/2920 2364/3011/2924 2365/3012/2925
f 2369/3007/2920 2365/3012/2925 2367/3005/2918
f 2367/3005/2918 2365/3012/2925 2366/3000/2913
f 2367/3005/2918 2366/3000/2913 2368/3002/2915
f 2363/3013/2926 2375/3014/2927 2358/3015/2928
f 2358/3015/2928 2375/3014/2927 2376/3016/2929
f 2358/3015/2928 2376/3016/2929 2370/3017/2930
f 2370/3017/2930 2376/3016/2929 2375/3014/2927
f 2370/3017/2930 2375/3014/2927 2378/3018/2931
f 2378/3018/2931 2375/3014/2927 2374/3019/2932
f 2378/3018/2931 2374/3019/2932 2377/3020/2933
f 2377/3020/2933 2374/3019/2932 2373/3021/2934
f 2377/3020/2933 2373/3021/2934 2371/3022/2935
f 2371/3022/2935 2373/3021/2934 2366/3023/2936
f 2371/3022/2935 2366/3023/2936 2365/3024/2937
f 2366/3023/2936 2373/3021/2934 2363/3013/2926
f 2363/3013/2926 2373/3021/2934 2374/3019/2932
f 2363/3013/2926 2374/3019/2932 2375/3014/2927
f 2364/3025/2938 2379/3026/2939 2365/3024/2937
f 2365/3024/2937 2379/3026/2939 2386/3027/2940
f 2365/3024/2937 2386/3027/2940 2371/3022/2935
f 2371/3022/2935 2386/3027/2940 2385/3028/2941
f 2371/3022/2935 2385/3028/2941 2377/3020/2933
f 2377/3020/2933 2385/3028/2941 2384/3029/2942
f 2377/3020/2933 2384/3029/2942 2378/3018/2931
f 2378/3018/2931 2384/3029/2942 2383/3030/2943
f 2378/3018/2931 2383/3030/2943 2370/3017/2930
f 2370/3017/2930 2383/3030/2943 2359/3031/2944
f 2370/3017/2930 2359/3031/2944 2358/3015/2928
f 2379/3026/2939 2364/3025/2938 2387/3032/2945
f 2387/3032/2945 2364/3025/2938 2328/3033/2946
f 2387/3032/2945 2328/3033/2946 2388/3034/2947
f 2388/3034/2947 2328/3033/2946 2323/3035/2948
f 2388/3034/2947 2323/3035/2948 2389/3036/2949
f 2389/3036/2949 2323/3035/2948 2372/3037/2950
f 2389/3036/2949 2372/3037/2950 2381/3038/2951
f 2381/3038/2951 2372/3037/2950 2382/3039/2952
f 2381/3038/2951 2382/3039/2952 2384/3029/2942
f 2384/3029/2942 2382/3039/2952 2383/3030/2943
f 2323/3035/2948 2359/3031/2944 2372/3037/2950
f 2372/3037/2950 2359/3031/2944 2382/3039/2952
f 2383/3030/2943 2382/3039/2952 2359/3031/2944
f 2385/3028/2941 2386/3027/2940 2380/3040/2953
f 2380/3040/2953 2386/3027/2940 2379/3026/2939
f 2380/3040/2953 2379/3026/2939 2388/3034/2947
f 2388/3034/2947 2379/3026/2939 2387/3032/2945
f 2384/3029/2942 2385/3028/2941 2381/3038/2951
f 2381/3038/2951 2385/3028/2941 2380/3040/2953
f 2381/3038/2951 2380/3040/2953 2389/3036/2949
f 2389/3036/2949 2380/3040/2953 2388/3034/2947
f 2358/3041/2954 593/3042/2911 2396/3043/2955
f 2396/3043/2955 593/3042/2911 2390/3044/2956
f 2396/3043/2955 2390/3044/2956 2397/3045/2957
f 2397/3045/2957 2390/3044/2956 2391/3046/2958
f 2397/3045/2957 2391/3046/2958 2395/3047/2959
f 2395/3047/2959 2391/3046/2958 2392/3048/2960
f 2395/3047/2959 2392/3048/2960 2393/3049/2961
f 2393/3049/2961 2392/3048/2960 567/3050/2962
f 2393/3049/2961 2394/3051/2963 2395/3047/2959
f 2395/3047/2959 2394/3051/2963 2397/3045/2957
f 2397/3045/2957 2394/3051/2963 2396/3043/2955
f 2396/3043/2955 2394/3051/2963 2358/3041/2954
f 2401/3052/2964 2398/3053/2965 2403/3054/2966
f 2403/3054/2966 2398/3053/2965 568/3055/2967
f 2403/3054/2966 568/3055/2967 597/3056/2968
f 2403/3054/2966 597/3056/2968 2402/3057/2969
f 2402/3057/2969 597/3056/2968 596/3058/2970
f 2402/3057/2969 596/3058/2970 2404/3059/2971
f 2404/3059/2971 596/3058/2970 595/3060/2972
f 2404/3059/2971 595/3060/2972 2405/3061/2973
f 2405/3061/2973 595/3060/2972 594/3062/2974
f 2405/3061/2973 594/3062/2974 2363/3063/2975
f 2363/3063/2975 2399/3064/2976 2405/3061/2973
f 2405/3061/2973 2399/3064/2976 2404/3059/2971
f 2399/3064/2976 2400/3065/2977 2404/3059/2971
f 2404/3059/2971 2400/3065/2977 2402/3057/2969
f 2400/3065/2977 2401/3052/2964 2402/3057/2969
f 2402/3057/2969 2401/3052/2964 2403/3054/2966
f 2398/3066/2978 2411/3067/2979 2393/3068/2980
f 2393/3068/2980 2411/3067/2979 2412/3069/2981
f 2393/3068/2980 2412/3069/2981 2406/3070/2982
f 2406/3070/2982 2412/3069/2981 2411/3067/2979
f 2406/3070/2982 2411/3067/2979 2414/3071/2983
f 2414/3071/2983 2411/3067/2979 2410/3072/2984
f 2414/3071/2983 2410/3072/2984 2413/3073/2985
f 2413/3073/2985 2410/3072/2984 2409/3074/2986
f 2413/3073/2985 2409/3074/2986 2407/3075/2987
f 2407/3075/2987 2409/3074/2986 2401/3076/2988
f 2407/3075/2987 2401/3076/2988 2400/3077/2989
f 2401/3076/2988 2409/3074/2986 2398/3066/2978
f 2398/3066/2978 2409/3074/2986 2410/3072/2984
f 2398/3066/2978 2410/3072/2984 2411/3067/2979
f 2399/3078/2990 2415/3079/2991 2400/3077/2989
f 2400/3077/2989 2415/3079/2991 2422/3080/2992
f 2400/3077/2989 2422/3080/2992 2407/3075/2987
f 2407/3075/2987 2422/3080/2992 2421/3081/2993
f 2407/3075/2987 2421/3081/2993 2413/3073/2985
f 2413/3073/2985 2421/3081/2993 2420/3082/2994
f 2413/3073/2985 2420/3082/2994 2414/3071/2983
f 2414/3071/2983 2420/3082/2994 2419/3083/2995
f 2414/3071/2983 2419/3083/2995 2406/3070/2982
f 2406/3070/2982 2419/3083/2995 2394/3084/2996
f 2406/3070/2982 2394/3084/2996 2393/3068/2980
f 2415/3079/2991 2399/3078/2990 2423/3085/2997
f 2423/3085/2997 2399/3078/2990 2363/3086/2998
f 2423/3085/2997 2363/3086/2998 2424/3087/2999
f 2424/3087/2999 2363/3086/2998 2358/3088/3000
f 2424/3087/2999 2358/3088/3000 2425/3089/3001
f 2425/3089/3001 2358/3088/3000 2408/3090/3002
f 2425/3089/3001 2408/3090/3002 2417/3091/3003
f 2417/3091/3003 2408/3090/3002 2418/3092/3004
f 2417/3091/3003 2418/3092/3004 2420/3082/2994
f 2420/3082/2994 2418/3092/3004 2419/3083/2995
f 2358/3088/3000 2394/3084/2996 2408/3090/3002
f 2408/3090/3002 2394/3084/2996 2418/3092/3004
f 2419/3083/2995 2418/3092/3004 2394/3084/2996
f 2421/3081/2993 2422/3080/2992 2416/3093/3005
f 2416/3093/3005 2422/3080/2992 2415/3079/2991
f 2416/3093/3005 2415/3079/2991 2424/3087/2999
f 2424/3087/2999 2415/3079/2991 2423/3085/2997
f 2420/3082/2994 2421/3081/2993 2417/3091/3003
f 2417/3091/3003 2421/3081/2993 2416/3093/3005
f 2417/3091/3003 2416/3093/3005 2425/3089/3001
f 2425/3089/3001 2416/3093/3005 2424/3087/2999
f 2393/3094/3006 567/3095/2962 2432/3096/3007
f 2432/3096/3007 567/3095/2962 2426/3097/3008
f 2432/3096/3007 2426/3097/3008 2433/3098/3009
f 2433/3098/3009 2426/3097/3008 2427/3099/3010
f 2433/3098/3009 2427/3099/3010 2431/3100/3011
f 2431/3100/3011 2427/3099/3010 2428/3101/3012
f 2431/3100/3011 2428/3101/3012 2429/3102/3013
f 2429/3102/3013 2428/3101/3012 541/3103/3014
f 2429/3102/3013 2430/3104/3015 2431/3100/3011
f 2431/3100/3011 2430/3104/3015 2433/3098/3009
f 2433/3098/3009 2430/3104/3015 2432/3096/3007
f 2432/3096/3007 2430/3104/3015 2393/3094/3006
f 2437/3105/3016 2434/3106/3017 2439/3107/3018
f 2439/3107/3018 2434/3106/3017 542/3108/3019
f 2439/3107/3018 542/3108/3019 571/3109/3020
f 2439/3107/3018 571/3109/3020 2438/3110/3021
f 2438/3110/3021 571/3109/3020 570/3111/3022
f 2438/3110/3021 570/3111/3022 2440/3112/3023
f 2440/3112/3023 570/3111/3022 569/3113/3024
f 2440/3112/3023 569/3113/3024 2441/3114/3025
f 2441/3114/3025 569/3113/3024 568/3115/3026
f 2441/3114/3025 568/3115/3026 2398/3116/3027
f 2398/3116/3027 2435/3117/3028 2441/3114/3025
f 2441/3114/3025 2435/3117/3028 2440/3112/3023
f 2435/3117/3028 2436/3118/3029 2440/3112/3023
f 2440/3112/3023 2436/3118/3029 2438/3110/3021
f 2436/3118/3029 2437/3105/3016 2438/3110/3021
f 2438/3110/3021 2437/3105/3016 2439/3107/3018
f 2434/3119/3030 2447/3120/3031 2429/3121/3032
f 2429/3121/3032 2447/3120/3031 2448/3122/3033
f 2429/3121/3032 2448/3122/3033 2442/3123/3034
f 2442/3123/3034 2448/3122/3033 2447/3120/3031
f 2442/3123/3034 2447/3120/3031 2450/3124/3035
f 2450/3124/3035 2447/3120/3031 2446/3125/3036
f 2450/3124/3035 2446/3125/3036 2449/3126/3037
f 2449/3126/3037 2446/3125/3036 2445/3127/3038
f 2449/3126/3037 2445/3127/3038 2443/3128/3039
f 2443/3128/3039 2445/3127/3038 2437/3129/3040
f 2443/3128/3039 2437/3129/3040 2436/3130/3041
f 2437/3129/3040 2445/3127/3038 2434/3119/3030
f 2434/3119/3030 2445/3127/3038 2446/3125/3036
f 2434/3119/3030 2446/3125/3036 2447/3120/3031
f 2435/3131/3042 2451/3132/3043 2436/3130/3041
f 2436/3130/3041 2451/3132/3043 2458/3133/3044
f 2436/3130/3041 2458/3133/3044 2443/3128/3039
f 2443/3128/3039 2458/3133/3044 2457/3134/3045
f 2443/3128/3039 2457/3134/3045 2449/3126/3037
f 2449/3126/3037 2457/3134/3045 2456/3135/3046
f 2449/3126/3037 2456/3135/3046 2450/3124/3035
f 2450/3124/3035 2456/3135/3046 2455/3136/3047
f 2450/3124/3035 2455/3136/3047 2442/3123/3034
f 2442/3123/3034 2455/3136/3047 2430/3137/3048
f 2442/3123/3034 2430/3137/3048 2429/3121/3032
f 2451/3132/3043 2435/3131/3042 2459/3138/3049
f 2459/3138/3049 2435/3131/3042 2398/3139/3050
f 2459/3138/3049 2398/3139/3050 2460/3140/3051
f 2460/3140/3051 2398/3139/3050 2393/3141/3052
f 2460/3140/3051 2393/3141/3052 2461/3142/3053
f 2461/3142/3053 2393/3141/3052 2444/3143/3054
f 2461/3142/3053 2444/3143/3054 2453/3144/3055
f 2453/3144/3055 2444/3143/3054 2454/3145/3056
f 2453/3144/3055 2454/3145/3056 2456/3135/3046
f 2456/3135/3046 2454/3145/3056 2455/3136/3047
f 2393/3141/3052 2430/3137/3048 2444/3143/3054
f 2444/3143/3054 2430/3137/3048 2454/3145/3056
f 2455/3136/3047 2454/3145/3056 2430/3137/3048
f 2457/3134/3045 2458/3133/3044 2452/3146/3057
f 2452/3146/3057 2458/3133/3044 2451/3132/3043
f 2452/3146/3057 2451/3132/3043 2460/3140/3051
f 2460/3140/3051 2451/3132/3043 2459/3138/3049
f 2456/3135/3046 2457/3134/3045 2453/3144/3055
f 2453/3144/3055 2457/3134/3045 2452/3146/3057
f 2453/3144/3055 2452/3146/3057 2461/3142/3053
f 2461/3142/3053 2452/3146/3057 2460/3140/3051
f 2429/3147/3058 541/3148/3014 2467/3149/3059
f 2467/3149/3059 541/3148/3014 2462/3150/3060
f 2467/3149/3059 2462/3150/3060 2463/3151/3061
f 515/3152/3062 2466/3153/3063 2463/3151/3061
f 2463/3151/3061 2466/3153/3063 2468/3154/3064
f 2463/3151/3061 2468/3154/3064 2467/3149/3059
f 2467/3149/3059 2468/3154/3064 2465/3155/3065
f 2467/3149/3059 2465/3155/3065 2429/3147/3058
f 515/3152/3062 2464/3156/3066 2466/3153/3063
f 2466/3153/3063 2464/3156/3066 2465/3155/3065
f 2466/3153/3063 2465/3155/3065 2468/3154/3064
f 2472/3157/3067 2469/3158/3068 2474/3159/3069
f 2474/3159/3069 2469/3158/3068 516/3160/3070
f 2474/3159/3069 516/3160/3070 545/3161/3071
f 2474/3159/3069 545/3161/3071 2473/3162/3072
f 2473/3162/3072 545/3161/3071 544/3163/3073
f 2473/3162/3072 544/3163/3073 2475/3164/3074
f 2475/3164/3074 544/3163/3073 543/3165/3075
f 2475/3164/3074 543/3165/3075 2476/3166/3076
f 2476/3166/3076 543/3165/3075 542/3167/3077
f 2476/3166/3076 542/3167/3077 2434/3168/3078
f 2434/3168/3078 2470/3169/3079 2476/3166/3076
f 2476/3166/3076 2470/3169/3079 2475/3164/3074
f 2470/3169/3079 2471/3170/3080 2475/3164/3074
f 2475/3164/3074 2471/3170/3080 2473/3162/3072
f 2471/3170/3080 2472/3157/3067 2473/3162/3072
f 2473/3162/3072 2472/3157/3067 2474/3159/3069
f 2469/3171/3081 2482/3172/3082 2464/3173/3083
f 2464/3173/3083 2482/3172/3082 2483/3174/3084
f 2464/3173/3083 2483/3174/3084 2477/3175/3085
f 2477/3175/3085 2483/3174/3084 2482/3172/3082
f 2477/3175/3085 2482/3172/3082 2485/3176/3086
f 2485/3176/3086 2482/3172/3082 2481/3177/3087
f 2485/3176/3086 2481/3177/3087 2484/3178/3088
f 2484/3178/3088 2481/3177/3087 2480/3179/3089
f 2484/3178/3088 2480/3179/3089 2478/3180/3090
f 2478/3180/3090 2480/3179/3089 2472/3181/3091
f 2478/3180/3090 2472/3181/3091 2471/3182/3092
f 2472/3181/3091 2480/3179/3089 2469/3171/3081
f 2469/3171/3081 2480/3179/3089 2481/3177/3087
f 2469/3171/3081 2481/3177/3087 2482/3172/3082
f 2470/3183/3093 2486/3184/3094 2471/3182/3092
f 2471/3182/3092 2486/3184/3094 2493/3185/3095
f 2471/3182/3092 2493/3185/3095 2478/3180/3090
f 2478/3180/3090 2493/3185/3095 2492/3186/3096
f 2478/3180/3090 2492/3186/3096 2484/3178/3088
f 2484/3178/3088 2492/3186/3096 2491/3187/3097
f 2484/3178/3088 2491/3187/3097 2485/3176/3086
f 2485/3176/3086 2491/3187/3097 2490/3188/3098
f 2485/3176/3086 2490/3188/3098 2477/3175/3085
f 2477/3175/3085 2490/3188/3098 2465/3189/3099
f 2477/3175/3085 2465/3189/3099 2464/3173/3083
f 2486/3184/3094 2470/3183/3093 2494/3190/3100
f 2494/3190/3100 2470/3183/3093 2434/3191/3101
f 2494/3190/3100 2434/3191/3101 2495/3192/3102
f 2495/3192/3102 2434/3191/3101 2429/3193/3103
f 2495/3192/3102 2429/3193/3103 2496/3194/3104
f 2496/3194/3104 2429/3193/3103 2479/3195/3105
f 2496/3194/3104 2479/3195/3105 2488/3196/3106
f 2488/3196/3106 2479/3195/3105 2489/3197/3107
f 2488/3196/3106 2489/3197/3107 2491/3187/3097
f 2491/3187/3097 2489/3197/3107 2490/3188/3098
f 2429/3193/3103 2465/3189/3099 2479/3195/3105
f 2479/3195/3105 2465/3189/3099 2489/3197/3107
f 2490/3188/3098 2489/3197/3107 2465/3189/3099
f 2492/3186/3096 2493/3185/3095 2487/3198/3108
f 2487/3198/3108 2493/3185/3095 2486/3184/3094
f 2487/3198/3108 2486/3184/3094 2495/3192/3102
f 2495/3192/3102 2486/3184/3094 2494/3190/3100
f 2491/3187/3097 2492/3186/3096 2488/3196/3106
f 2488/3196/3106 2492/3186/3096 2487/3198/3108
f 2488/3196/3106 2487/3198/3108 2496/3194/3104
f 2496/3194/3104 2487/3198/3108 2495/3192/3102
f 2464/3199/3109 515/3200/3062 2504/3201/3110
f 2504/3201/3110 515/3200/3062 2497/3202/3111
f 2504/3201/3110 2497/3202/3111 2498/3203/3112
f 487/3204/3113 2503/3205/3114 2498/3203/3112
f 2498/3203/3112 2503/3205/3114 2505/3206/3115
f 2498/3203/3112 2505/3206/3115 2504/3201/3110
f 2504/3201/3110 2505/3206/3115 2501/3207/3116
f 2504/3201/3110 2501/3207/3116 2502/3208/3117
f 487/3204/3113 2499/3209/3118 2503/3205/3114
f 2503/3205/3114 2499/3209/3118 2500/3210/3119
f 2503/3205/3114 2500/3210/3119 2505/3206/3115
f 2505/3206/3115 2500/3210/3119 2501/3207/3116
f 2502/3208/3117 2464/3199/3109 2504/3201/3110
f 2509/3211/3120 2506/3212/3121 2511/3213/3122
f 2511/3213/3122 2506/3212/3121 488/3214/3123
f 2511/3213/3122 488/3214/3123 519/3215/3124
f 2511/3213/3122 519/3215/3124 2510/3216/3125
f 2510/3216/3125 519/3215/3124 518/3217/3126
f 2510/3216/3125 518/3217/3126 2512/3218/3127
f 2512/3218/3127 518/3217/3126 517/3219/3128
f 2512/3218/3127 517/3219/3128 2513/3220/3129
f 2513/3220/3129 517/3219/3128 516/3221/3130
f 2513/3220/3129 516/3221/3130 2469/3222/3131
f 2469/3222/3131 2507/3223/3132 2513/3220/3129
f 2513/3220/3129 2507/3223/3132 2512/3218/3127
f 2507/3223/3132 2508/3224/3133 2512/3218/3127
f 2512/3218/3127 2508/3224/3133 2510/3216/3125
f 2508/3224/3133 2509/3211/3120 2510/3216/3125
f 2510/3216/3125 2509/3211/3120 2511/3213/3122
f 2506/3225/3134 2518/3226/3135 2499/3227/3136
f 2499/3227/3136 2518/3226/3135 2519/3228/3137
f 2499/3227/3136 2519/3228/3137 2500/3229/3138
f 2500/3229/3138 2519/3228/3137 2514/3230/3139
f 2500/3229/3138 2514/3230/3139 2501/3231/3140
f 2501/3231/3140 2514/3230/3139 2526/3232/3141
f 2501/3231/3140 2526/3232/3141 2525/3233/3142
f 2525/3233/3142 2526/3232/3141 2527/3234/3143
f 2525/3233/3142 2527/3234/3143 2524/3235/3144
f 2524/3235/3144 2527/3234/3143 2528/3236/3145
f 2524/3235/3144 2528/3236/3145 2523/3237/3146
f 2523/3237/3146 2528/3236/3145 2529/3238/3147
f 2523/3237/3146 2529/3238/3147 2522/3239/3148
f 2522/3239/3148 2529/3238/3147 2508/3240/3149
f 2522/3239/3148 2508/3240/3149 2507/3241/3150
f 2509/3242/3151 2516/3243/3152 2506/3225/3134
f 2506/3225/3134 2516/3243/3152 2517/3244/3153
f 2506/3225/3134 2517/3244/3153 2518/3226/3135
f 2518/3226/3135 2517/3244/3153 2521/3245/3154
f 2518/3226/3135 2521/3245/3154 2514/3230/3139
f 2514/3230/3139 2521/3245/3154 2526/3232/3141
f 2516/3243/3152 2509/3242/3151 2515/3246/3155
f 2515/3246/3155 2509/3242/3151 2508/3240/3149
f 2515/3246/3155 2508/3240/3149 2529/3238/3147
f 2522/3239/3148 2507/3241/3150 2530/3247/3156
f 2530/3247/3156 2507/3241/3150 2469/3248/3157
f 2530/3247/3156 2469/3248/3157 2531/3249/3158
f 2531/3249/3158 2469/3248/3157 2464/3250/3159
f 2531/3249/3158 2464/3250/3159 2532/3251/3160
f 2532/3251/3160 2464/3250/3159 2533/3252/3161
f 2532/3251/3160 2533/3252/3161 2524/3235/3144
f 2524/3235/3144 2533/3252/3161 2525/3233/3142
f 2464/3250/3159 2502/3253/3162 2533/3252/3161
f 2533/3252/3161 2502/3253/3162 2525/3233/3142
f 2502/3253/3162 2501/3231/3140 2525/3233/3142
f 2517/3244/3153 2516/3243/3152 2520/3254/3163
f 2520/3254/3163 2516/3243/3152 2515/3246/3155
f 2520/3254/3163 2515/3246/3155 2528/3236/3145
f 2528/3236/3145 2515/3246/3155 2529/3238/3147
f 2514/3230/3139 2519/3228/3137 2518/3226/3135
f 2517/3244/3153 2520/3254/3163 2521/3245/3154
f 2521/3245/3154 2520/3254/3163 2527/3234/3143
f 2521/3245/3154 2527/3234/3143 2526/3232/3141
f 2527/3234/3143 2520/3254/3163 2528/3236/3145
f 2532/3251/3160 2524/3235/3144 2523/3237/3146
f 2530/3247/3156 2531/3249/3158 2522/3239/3148
f 2522/3239/3148 2531/3249/3158 2523/3237/3146
f 2531/3249/3158 2532/3251/3160 2523/3237/3146
f 2499/3255/3164 487/3256/3113 2540/3257/3165
f 2540/3257/3165 487/3256/3113 2534/3258/3166
f 2540/3257/3165 2534/3258/3166 2541/3259/3167
f 2541/3259/3167 2534/3258/3166 2535/3260/3168
f 2541/3259/3167 2535/3260/3168 2539/3261/3169
f 2539/3261/3169 2535/3260/3168 2536/3262/3170
f 2539/3261/3169 2536/3262/3170 2537/3263/3171
f 2537/3263/3171 2536/3262/3170 461/3264/3172
f 2537/3263/3171 2538/3265/3173 2539/3261/3169
f 2539/3261/3169 2538/3265/3173 2541/3259/3167
f 2541/3259/3167 2538/3265/3173 2540/3257/3165
f 2540/3257/3165 2538/3265/3173 2499/3255/3164
f 2545/3266/3174 2542/3267/3175 2547/3268/3176
f 2547/3268/3176 2542/3267/3175 462/3269/3177
f 2547/3268/3176 462/3269/3177 491/3270/3178
f 2547/3268/3176 491/3270/3178 2546/3271/3179
f 2546/3271/3179 491/3270/3178 490/3272/3180
f 2546/3271/3179 490/3272/3180 2548/3273/3181
f 2548/3273/3181 490/3272/3180 489/3274/3182
f 2548/3273/3181 489/3274/3182 2506/3275/3183
f 2506/3275/3183 489/3274/3182 488/3276/3184
f 2506/3275/3183 2543/3277/3185 2548/3273/3181
f 2548/3273/3181 2543/3277/3185 2544/3278/3186
f 2548/3273/3181 2544/3278/3186 2546/3271/3179
f 2546/3271/3179 2544/3278/3186 2545/3266/3174
f 2546/3271/3179 2545/3266/3174 2547/3268/3176
f 2542/3279/3187 2554/3280/3188 2537/3281/3189
f 2537/3281/3189 2554/3280/3188 2555/3282/3190
f 2537/3281/3189 2555/3282/3190 2549/3283/3191
f 2549/3283/3191 2555/3282/3190 2554/3280/3188
f 2549/3283/3191 2554/3280/3188 2557/3284/3192
f 2557/3284/3192 2554/3280/3188 2553/3285/3193
f 2557/3284/3192 2553/3285/3193 2556/3286/3194
f 2556/3286/3194 2553/3285/3193 2552/3287/3195
f 2556/3286/3194 2552/3287/3195 2550/3288/3196
f 2550/3288/3196 2552/3287/3195 2545/3289/3197
f 2550/3288/3196 2545/3289/3197 2544/3290/3198
f 2545/3289/3197 2552/3287/3195 2542/3279/3187
f 2542/3279/3187 2552/3287/3195 2553/3285/3193
f 2542/3279/3187 2553/3285/3193 2554/3280/3188
f 2543/3291/3199 2558/3292/3200 2544/3290/3198
f 2544/3290/3198 2558/3292/3200 2565/3293/3201
f 2544/3290/3198 2565/3293/3201 2550/3288/3196
f 2550/3288/3196 2565/3293/3201 2564/3294/3202
f 2550/3288/3196 2564/3294/3202 2556/3286/3194
f 2556/3286/3194 2564/3294/3202 2563/3295/3203
f 2556/3286/3194 2563/3295/3203 2557/3284/3192
f 2557/3284/3192 2563/3295/3203 2562/3296/3204
f 2557/3284/3192 2562/3296/3204 2549/3283/3191
f 2549/3283/3191 2562/3296/3204 2538/3297/3205
f 2549/3283/3191 2538/3297/3205 2537/3281/3189
f 2558/3292/3200 2543/3291/3199 2566/3298/3206
f 2566/3298/3206 2543/3291/3199 2506/3299/3207
f 2566/3298/3206 2506/3299/3207 2567/3300/3208
f 2567/3300/3208 2506/3299/3207 2499/3301/3209
f 2567/3300/3208 2499/3301/3209 2568/3302/3210
f 2568/3302/3210 2499/3301/3209 2551/3303/3211
f 2568/3302/3210 2551/3303/3211 2560/3304/3212
f 2560/3304/3212 2551/3303/3211 2561/3305/3213
f 2560/3304/3212 2561/3305/3213 2563/3295/3203
f 2563/3295/3203 2561/3305/3213 2562/3296/3204
f 2499/3301/3209 2538/3297/3205 2551/3303/3211
f 2551/3303/3211 2538/3297/3205 2561/3305/3213
f 2562/3296/3204 2561/3305/3213 2538/3297/3205
f 2564/3294/3202 2565/3293/3201 2559/3306/3214
f 2559/3306/3214 2565/3293/3201 2558/3292/3200
f 2559/3306/3214 2558/3292/3200 2567/3300/3208
f 2567/3300/3208 2558/3292/3200 2566/3298/3206
f 2563/3295/3203 2564/3294/3202 2560/3304/3212
f 2560/3304/3212 2564/3294/3202 2559/3306/3214
f 2560/3304/3212 2559/3306/3214 2568/3302/3210
f 2568/3302/3210 2559/3306/3214 2567/3300/3208
f 2537/3307/3215 461/3308/3172 2575/3309/3216
f 2575/3309/3216 461/3308/3172 2569/3310/3217
f 2575/3309/3216 2569/3310/3217 2576/3311/3218
f 2576/3311/3218 2569/3310/3217 2570/3312/3219
f 2576/3311/3218 2570/3312/3219 2574/3313/3220
f 2574/3313/3220 2570/3312/3219 2571/3314/3221
f 2574/3313/3220 2571/3314/3221 2572/3315/3222
f 2572/3315/3222 2571/3314/3221 435/3316/3223
f 2572/3315/3222 2573/3317/3224 2574/3313/3220
f 2574/3313/3220 2573/3317/3224 2576/3311/3218
f 2576/3311/3218 2573/3317/3224 2575/3309/3216
f 2575/3309/3216 2573/3317/3224 2537/3307/3215
f 2580/3318/3225 2577/3319/3226 2582/3320/3227
f 2582/3320/3227 2577/3319/3226 436/3321/3228
f 2582/3320/3227 436/3321/3228 465/3322/3229
f 2582/3320/3227 465/3322/3229 2581/3323/3230
f 2581/3323/3230 465/3322/3229 464/3324/3231
f 2581/3323/3230 464/3324/3231 2583/3325/3232
f 2583/3325/3232 464/3324/3231 463/3326/3233
f 2583/3325/3232 463/3326/3233 2542/3327/3234
f 2542/3327/3234 463/3326/3233 462/3328/3235
f 2542/3327/3234 2578/3329/3236 2583/3325/3232
f 2583/3325/3232 2578/3329/3236 2579/3330/3237
f 2583/3325/3232 2579/3330/3237 2581/3323/3230
f 2581/3323/3230 2579/3330/3237 2580/3318/3225
f 2581/3323/3230 2580/3318/3225 2582/3320/3227
f 2577/3331/3238 2589/3332/3239 2572/3333/3240
f 2572/3333/3240 2589/3332/3239 2590/3334/3241
f 2572/3333/3240 2590/3334/3241 2584/3335/3242
f 2584/3335/3242 2590/3334/3241 2589/3332/3239
f 2584/3335/3242 2589/3332/3239 2592/3336/3243
f 2592/3336/3243 2589/3332/3239 2588/3337/3244
f 2592/3336/3243 2588/3337/3244 2591/3338/3245
f 2591/3338/3245 2588/3337/3244 2587/3339/3246
f 2591/3338/3245 2587/3339/3246 2585/3340/3247
f 2585/3340/3247 2587/3339/3246 2580/3341/3248
f 2585/3340/3247 2580/3341/3248 2579/3342/3249
f 2580/3341/3248 2587/3339/3246 2577/3331/3238
f 2577/3331/3238 2587/3339/3246 2588/3337/3244
f 2577/3331/3238 2588/3337/3244 2589/3332/3239
f 2578/3343/3250 2593/3344/3251 2579/3342/3249
f 2579/3342/3249 2593/3344/3251 2600/3345/3252
f 2579/3342/3249 2600/3345/3252 2585/3340/3247
f 2585/3340/3247 2600/3345/3252 2599/3346/3253
f 2585/3340/3247 2599/3346/3253 2591/3338/3245
f 2591/3338/3245 2599/3346/3253 2598/3347/3254
f 2591/3338/3245 2598/3347/3254 2592/3336/3243
f 2592/3336/3243 2598/3347/3254 2597/3348/3255
f 2592/3336/3243 2597/3348/3255 2584/3335/3242
f 2584/3335/3242 2597/3348/3255 2573/3349/3256
f 2584/3335/3242 2573/3349/3256 2572/3333/3240
f 2593/3344/3251 2578/3343/3250 2601/3350/3257
f 2601/3350/3257 2578/3343/3250 2542/3351/3258
f 2601/3350/3257 2542/3351/3258 2602/3352/3259
f 2602/3352/3259 2542/3351/3258 2537/3353/3260
f 2602/3352/3259 2537/3353/3260 2603/3354/3261
f 2603/3354/3261 2537/3353/3260 2586/3355/3262
f 2603/3354/3261 2586/3355/3262 2595/3356/3263
f 2595/3356/3263 2586/3355/3262 2596/3357/3264
f 2595/3356/3263 2596/3357/3264 2598/3347/3254
f 2598/3347/3254 2596/3357/3264 2597/3348/3255
f 2537/3353/3260 2573/3349/3256 2586/3355/3262
f 2586/3355/3262 2573/3349/3256 2596/3357/3264
f 2597/3348/3255 2596/3357/3264 2573/3349/3256
f 2599/3346/3253 2600/3345/3252 2594/3358/3265
f 2594/3358/3265 2600/3345/3252 2593/3344/3251
f 2594/3358/3265 2593/3344/3251 2602/3352/3259
f 2602/3352/3259 2593/3344/3251 2601/3350/3257
f 2598/3347/3254 2599/3346/3253 2595/3356/3263
f 2595/3356/3263 2599/3346/3253 2594/3358/3265
f 2595/3356/3263 2594/3358/3265 2603/3354/3261
f 2603/3354/3261 2594/3358/3265 2602/3352/3259
f 2572/3359/3266 435/3360/3223 2610/3361/3267
f 2610/3361/3267 435/3360/3223 2604/3362/3268
f 2610/3361/3267 2604/3362/3268 2611/3363/3269
f 2611/3363/3269 2604/3362/3268 2605/3364/3270
f 2611/3363/3269 2605/3364/3270 2609/3365/3271
f 2609/3365/3271 2605/3364/3270 2606/3366/3272
f 2609/3365/3271 2606/3366/3272 2607/3367/3273
f 2607/3367/3273 2606/3366/3272 409/3368/3274
f 2607/3367/3273 2608/3369/3275 2609/3365/3271
f 2609/3365/3271 2608/3369/3275 2611/3363/3269
f 2611/3363/3269 2608/3369/3275 2610/3361/3267
f 2610/3361/3267 2608/3369/3275 2572/3359/3266
f 2615/3370/3276 2612/3371/3277 2617/3372/3278
f 2617/3372/3278 2612/3371/3277 410/3373/3279
f 2617/3372/3278 410/3373/3279 439/3374/3280
f 2617/3372/3278 439/3374/3280 2616/3375/3281
f 2616/3375/3281 439/3374/3280 438/3376/3282
f 2616/3375/3281 438/3376/3282 2618/3377/3283
f 2618/3377/3283 438/3376/3282 437/3378/3284
f 2618/3377/3283 437/3378/3284 2577/3379/3285
f 2577/3379/3285 437/3378/3284 436/3380/3286
f 2577/3379/3285 2613/3381/3287 2618/3377/3283
f 2618/3377/3283 2613/3381/3287 2614/3382/3288
f 2618/3377/3283 2614/3382/3288 2616/3375/3281
f 2616/3375/3281 2614/3382/3288 2615/3370/3276
f 2616/3375/3281 2615/3370/3276 2617/3372/3278
f 2612/3383/3289 2624/3384/3290 2607/3385/3291
f 2607/3385/3291 2624/3384/3290 2625/3386/3292
f 2607/3385/3291 2625/3386/3292 2619/3387/3293
f 2619/3387/3293 2625/3386/3292 2624/3384/3290
f 2619/3387/3293 2624/3384/3290 2627/3388/3294
f 2627/3388/3294 2624/3384/3290 2623/3389/3295
f 2627/3388/3294 2623/3389/3295 2626/3390/3296
f 2626/3390/3296 2623/3389/3295 2622/3391/3297
f 2626/3390/3296 2622/3391/3297 2620/3392/3298
f 2620/3392/3298 2622/3391/3297 2615/3393/3299
f 2620/3392/3298 2615/3393/3299 2614/3394/3300
f 2615/3393/3299 2622/3391/3297 2612/3383/3289
f 2612/3383/3289 2622/3391/3297 2623/3389/3295
f 2612/3383/3289 2623/3389/3295 2624/3384/3290
f 2613/3395/3301 2628/3396/3302 2614/3394/3300
f 2614/3394/3300 2628/3396/3302 2635/3397/3303
f 2614/3394/3300 2635/3397/3303 2620/3392/3298
f 2620/3392/3298 2635/3397/3303 2634/3398/3304
f 2620/3392/3298 2634/3398/3304 2626/3390/3296
f 2626/3390/3296 2634/3398/3304 2633/3399/3305
f 2626/3390/3296 2633/3399/3305 2627/3388/3294
f 2627/3388/3294 2633/3399/3305 2632/3400/3306
f 2627/3388/3294 2632/3400/3306 2619/3387/3293
f 2619/3387/3293 2632/3400/3306 2608/3401/3307
f 2619/3387/3293 2608/3401/3307 2607/3385/3291
f 2628/3396/3302 2613/3395/3301 2636/3402/3308
f 2636/3402/3308 2613/3395/3301 2577/3403/3309
f 2636/3402/3308 2577/3403/3309 2637/3404/3310
f 2637/3404/3310 2577/3403/3309 2572/3405/3311
f 2637/3404/3310 2572/3405/3311 2638/3406/3312
f 2638/3406/3312 2572/3405/3311 2621/3407/3313
f 2638/3406/3312 2621/3407/3313 2630/3408/3314
f 2630/3408/3314 2621/3407/3313 2631/3409/3315
f 2630/3408/3314 2631/3409/3315 2633/3399/3305
f 2633/3399/3305 2631/3409/3315 2632/3400/3306
f 2572/3405/3311 2608/3401/3307 2621/3407/3313
f 2621/3407/3313 2608/3401/3307 2631/3409/3315
f 2632/3400/3306 2631/3409/3315 2608/3401/3307
f 2634/3398/3304 2635/3397/3303 2629/3410/3316
f 2629/3410/3316 2635/3397/3303 2628/3396/3302
f 2629/3410/3316 2628/3396/3302 2637/3404/3310
f 2637/3404/3310 2628/3396/3302 2636/3402/3308
f 2633/3399/3305 2634/3398/3304 2630/3408/3314
f 2630/3408/3314 2634/3398/3304 2629/3410/3316
f 2630/3408/3314 2629/3410/3316 2638/3406/3312
f 2638/3406/3312 2629/3410/3316 2637/3404/3310
f 2607/3411/3317 409/3412/3274 2645/3413/3318
f 2645/3413/3318 409/3412/3274 2639/3414/3319
f 2645/3413/3318 2639/3414/3319 2646/3415/3320
f 2646/3415/3320 2639/3414/3319 2640/3416/3321
f 2646/3415/3320 2640/3416/3321 2644/3417/3322
f 2644/3417/3322 2640/3416/3321 2641/3418/3323
f 2644/3417/3322 2641/3418/3323 2642/3419/3324
f 2642/3419/3324 2641/3418/3323 383/3420/3325
f 2642/3419/3324 2643/3421/3326 2644/3417/3322
f 2644/3417/3322 2643/3421/3326 2646/3415/3320
f 2646/3415/3320 2643/3421/3326 2645/3413/3318
f 2645/3413/3318 2643/3421/3326 2607/3411/3317
f 2650/3422/3327 2647/3423/3328 2652/3424/3329
f 2652/3424/3329 2647/3423/3328 384/3425/3330
f 2652/3424/3329 384/3425/3330 413/3426/3331
f 2652/3424/3329 413/3426/3331 2651/3427/3332
f 2651/3427/3332 413/3426/3331 412/3428/3333
f 2651/3427/3332 412/3428/3333 2653/3429/3334
f 2653/3429/3334 412/3428/3333 411/3430/3335
f 2653/3429/3334 411/3430/3335 2612/3431/3336
f 2612/3431/3336 411/3430/3335 410/3432/3279
f 2612/3431/3336 2648/3433/3337 2653/3429/3334
f 2653/3429/3334 2648/3433/3337 2649/3434/3338
f 2653/3429/3334 2649/3434/3338 2651/3427/3332
f 2651/3427/3332 2649/3434/3338 2650/3422/3327
f 2651/3427/3332 2650/3422/3327 2652/3424/3329
f 2647/3435/3339 2659/3436/3340 2642/3437/3341
f 2642/3437/3341 2659/3436/3340 2660/3438/3342
f 2642/3437/3341 2660/3438/3342 2654/3439/3343
f 2654/3439/3343 2660/3438/3342 2659/3436/3340
f 2654/3439/3343 2659/3436/3340 2662/3440/3344
f 2662/3440/3344 2659/3436/3340 2658/3441/3345
f 2662/3440/3344 2658/3441/3345 2661/3442/3346
f 2661/3442/3346 2658/3441/3345 2657/3443/3347
f 2661/3442/3346 2657/3443/3347 2655/3444/3348
f 2655/3444/3348 2657/3443/3347 2650/3445/3349
f 2655/3444/3348 2650/3445/3349 2649/3446/3350
f 2650/3445/3349 2657/3443/3347 2647/3435/3339
f 2647/3435/3339 2657/3443/3347 2658/3441/3345
f 2647/3435/3339 2658/3441/3345 2659/3436/3340
f 2648/3447/3351 2663/3448/3352 2649/3446/3350
f 2649/3446/3350 2663/3448/3352 2670/3449/3353
f 2649/3446/3350 2670/3449/3353 2655/3444/3348
f 2655/3444/3348 2670/3449/3353 2669/3450/3354
f 2655/3444/3348 2669/3450/3354 2661/3442/3346
f 2661/3442/3346 2669/3450/3354 2668/3451/3355
f 2661/3442/3346 2668/3451/3355 2662/3440/3344
f 2662/3440/3344 2668/3451/3355 2667/3452/3356
f 2662/3440/3344 2667/3452/3356 2654/3439/3343
f 2654/3439/3343 2667/3452/3356 2643/3453/3357
f 2654/3439/3343 2643/3453/3357 2642/3437/3341
f 2663/3448/3352 2648/3447/3351 2671/3454/3358
f 2671/3454/3358 2648/3447/3351 2612/3455/3359
f 2671/3454/3358 2612/3455/3359 2672/3456/3360
f 2672/3456/3360 2612/3455/3359 2607/3457/3291
f 2672/3456/3360 2607/3457/3291 2673/3458/3361
f 2673/3458/3361 2607/3457/3291 2656/3459/3362
f 2673/3458/3361 2656/3459/3362 2665/3460/3363
f 2665/3460/3363 2656/3459/3362 2666/3461/3364
f 2665/3460/3363 2666/3461/3364 2668/3451/3355
f 2668/3451/3355 2666/3461/3364 2667/3452/3356
f 2607/3457/3291 2643/3453/3357 2656/3459/3362
f 2656/3459/3362 2643/3453/3357 2666/3461/3364
f 2667/3452/3356 2666/3461/3364 2643/3453/3357
f 2669/3450/3354 2670/3449/3353 2664/3462/3365
f 2664/3462/3365 2670/3449/3353 2663/3448/3352
f 2664/3462/3365 2663/3448/3352 2672/3456/3360
f 2672/3456/3360 2663/3448/3352 2671/3454/3358
f 2668/3451/3355 2669/3450/3354 2665/3460/3363
f 2665/3460/3363 2669/3450/3354 2664/3462/3365
f 2665/3460/3363 2664/3462/3365 2673/3458/3361
f 2673/3458/3361 2664/3462/3365 2672/3456/3360
f 2642/3463/3366 383/3464/3325 2680/3465/3367
f 2680/3465/3367 383/3464/3325 2674/3466/3368
f 2680/3465/3367 2674/3466/3368 2681/3467/3369
f 2681/3467/3369 2674/3466/3368 2675/3468/3370
f 2681/3467/3369 2675/3468/3370 2679/3469/3371
f 2679/3469/3371 2675/3468/3370 2676/3470/3372
f 2679/3469/3371 2676/3470/3372 2677/3471/3373
f 2677/3471/3373 2676/3470/3372 357/3472/3374
f 2677/3471/3373 2678/3473/3375 2679/3469/3371
f 2679/3469/3371 2678/3473/3375 2681/3467/3369
f 2681/3467/3369 2678/3473/3375 2680/3465/3367
f 2680/3465/3367 2678/3473/3375 2642/3463/3366
f 2685/3474/3376 2682/3475/3377 2687/3476/3378
f 2687/3476/3378 2682/3475/3377 358/3477/3379
f 2687/3476/3378 358/3477/3379 387/3478/3380
f 2687/3476/3378 387/3478/3380 2686/3479/3381
f 2686/3479/3381 387/3478/3380 386/3480/3382
f 2686/3479/3381 386/3480/3382 2688/3481/3383
f 2688/3481/3383 386/3480/3382 385/3482/3384
f 2688/3481/3383 385/3482/3384 2647/3483/3385
f 2647/3483/3385 385/3482/3384 384/3484/3330
f 2647/3483/3385 2683/3485/3386 2688/3481/3383
f 2688/3481/3383 2683/3485/3386 2684/3486/3387
f 2688/3481/3383 2684/3486/3387 2686/3479/3381
f 2686/3479/3381 2684/3486/3387 2685/3474/3376
f 2686/3479/3381 2685/3474/3376 2687/3476/3378
f 2682/3487/3388 2694/3488/3389 2677/3489/3390
f 2677/3489/3390 2694/3488/3389 2695/3490/3391
f 2677/3489/3390 2695/3490/3391 2689/3491/3392
f 2689/3491/3392 2695/3490/3391 2694/3488/3389
f 2689/3491/3392 2694/3488/3389 2697/3492/3393
f 2697/3492/3393 2694/3488/3389 2693/3493/3394
f 2697/3492/3393 2693/3493/3394 2696/3494/3395
f 2696/3494/3395 2693/3493/3394 2692/3495/3396
f 2696/3494/3395 2692/3495/3396 2690/3496/3397
f 2690/3496/3397 2692/3495/3396 2685/3497/3398
f 2690/3496/3397 2685/3497/3398 2684/3498/3399
f 2685/3497/3398 2692/3495/3396 2682/3487/3388
f 2682/3487/3388 2692/3495/3396 2693/3493/3394
f 2682/3487/3388 2693/3493/3394 2694/3488/3389
f 2683/3499/3400 2698/3500/3401 2684/3498/3399
f 2684/3498/3399 2698/3500/3401 2705/3501/3402
f 2684/3498/3399 2705/3501/3402 2690/3496/3397
f 2690/3496/3397 2705/3501/3402 2704/3502/3403
f 2690/3496/3397 2704/3502/3403 2696/3494/3395
f 2696/3494/3395 2704/3502/3403 2703/3503/3404
f 2696/3494/3395 2703/3503/3404 2697/3492/3393
f 2697/3492/3393 2703/3503/3404 2702/3504/3405
f 2697/3492/3393 2702/3504/3405 2689/3491/3392
f 2689/3491/3392 2702/3504/3405 2678/3505/3406
f 2689/3491/3392 2678/3505/3406 2677/3489/3390
f 2698/3500/3401 2683/3499/3400 2706/3506/3407
f 2706/3506/3407 2683/3499/3400 2647/3507/3408
f 2706/3506/3407 2647/3507/3408 2707/3508/3409
f 2707/3508/3409 2647/3507/3408 2642/3509/3341
f 2707/3508/3409 2642/3509/3341 2708/3510/3410
f 2708/3510/3410 2642/3509/3341 2691/3511/3411
f 2708/3510/3410 2691/3511/3411 2700/3512/3412
f 2700/3512/3412 2691/3511/3411 2701/3513/3413
f 2700/3512/3412 2701/3513/3413 2703/3503/3404
f 2703/3503/3404 2701/3513/3413 2702/3504/3405
f 2642/3509/3341 2678/3505/3406 2691/3511/3411
f 2691/3511/3411 2678/3505/3406 2701/3513/3413
f 2702/3504/3405 2701/3513/3413 2678/3505/3406
f 2704/3502/3403 2705/3501/3402 2699/3514/3414
f 2699/3514/3414 2705/3501/3402 2698/3500/3401
f 2699/3514/3414 2698/3500/3401 2707/3508/3409
f 2707/3508/3409 2698/3500/3401 2706/3506/3407
f 2703/3503/3404 2704/3502/3403 2700/3512/3412
f 2700/3512/3412 2704/3502/3403 2699/3514/3414
f 2700/3512/3412 2699/3514/3414 2708/3510/3410
f 2708/3510/3410 2699/3514/3414 2707/3508/3409
f 2677/3515/3415 357/3516/3374 2715/3517/3416
f 2715/3517/3416 357/3516/3374 2709/3518/3417
f 2715/3517/3416 2709/3518/3417 2716/3519/3418
f 2716/3519/3418 2709/3518/3417 2710/3520/3419
f 2716/3519/3418 2710/3520/3419 2714/3521/3420
f 2714/3521/3420 2710/3520/3419 2711/3522/3421
f 2714/3521/3420 2711/3522/3421 2712/3523/3422
f 2712/3523/3422 2711/3522/3421 331/3524/3423
f 2712/3523/3422 2713/3525/3424 2714/3521/3420
f 2714/3521/3420 2713/3525/3424 2716/3519/3418
f 2716/3519/3418 2713/3525/3424 2715/3517/3416
f 2715/3517/3416 2713/3525/3424 2677/3515/3415
f 2720/3526/3425 2717/3527/3426 2722/3528/3427
f 2722/3528/3427 2717/3527/3426 332/3529/3428
f 2722/3528/3427 332/3529/3428 361/3530/3429
f 2722/3528/3427 361/3530/3429 2721/3531/3430
f 2721/3531/3430 361/3530/3429 360/3532/3431
f 2721/3531/3430 360/3532/3431 2723/3533/3432
f 2723/3533/3432 360/3532/3431 359/3534/3433
f 2723/3533/3432 359/3534/3433 2682/3535/3434
f 2682/3535/3434 359/3534/3433 358/3536/3379
f 2682/3535/3434 2718/3537/3435 2723/3533/3432
f 2723/3533/3432 2718/3537/3435 2719/3538/3436
f 2723/3533/3432 2719/3538/3436 2721/3531/3430
f 2721/3531/3430 2719/3538/3436 2720/3526/3425
f 2721/3531/3430 2720/3526/3425 2722/3528/3427
f 2717/3539/3437 2729/3540/3438 2712/3541/3439
f 2712/3541/3439 2729/3540/3438 2730/3542/3440
f 2712/3541/3439 2730/3542/3440 2724/3543/3441
f 2724/3543/3441 2730/3542/3440 2729/3540/3438
f 2724/3543/3441 2729/3540/3438 2732/3544/3442
f 2732/3544/3442 2729/3540/3438 2728/3545/3443
f 2732/3544/3442 2728/3545/3443 2731/3546/3444
f 2731/3546/3444 2728/3545/3443 2727/3547/3445
f 2731/3546/3444 2727/3547/3445 2725/3548/3446
f 2725/3548/3446 2727/3547/3445 2720/3549/3447
f 2725/3548/3446 2720/3549/3447 2719/3550/3448
f 2720/3549/3447 2727/3547/3445 2717/3539/3437
f 2717/3539/3437 2727/3547/3445 2728/3545/3443
f 2717/3539/3437 2728/3545/3443 2729/3540/3438
f 2718/3551/3449 2733/3552/3450 2719/3550/3448
f 2719/3550/3448 2733/3552/3450 2740/3553/3451
f 2719/3550/3448 2740/3553/3451 2725/3548/3446
f 2725/3548/3446 2740/3553/3451 2739/3554/3452
f 2725/3548/3446 2739/3554/3452 2731/3546/3444
f 2731/3546/3444 2739/3554/3452 2738/3555/3453
f 2731/3546/3444 2738/3555/3453 2732/3544/3442
f 2732/3544/3442 2738/3555/3453 2737/3556/3454
f 2732/3544/3442 2737/3556/3454 2724/3543/3441
f 2724/3543/3441 2737/3556/3454 2713/3557/3455
f 2724/3543/3441 2713/3557/3455 2712/3541/3439
f 2733/3552/3450 2718/3551/3449 2741/3558/3456
f 2741/3558/3456 2718/3551/3449 2682/3559/3457
f 2741/3558/3456 2682/3559/3457 2742/3560/3458
f 2742/3560/3458 2682/3559/3457 2677/3561/3390
f 2742/3560/3458 2677/3561/3390 2743/3562/3459
f 2743/3562/3459 2677/3561/3390 2726/3563/3460
f 2743/3562/3459 2726/3563/3460 2735/3564/3461
f 2735/3564/3461 2726/3563/3460 2736/3565/3462
f 2735/3564/3461 2736/3565/3462 2738/3555/3453
f 2738/3555/3453 2736/3565/3462 2737/3556/3454
f 2677/3561/3390 2713/3557/3455 2726/3563/3460
f 2726/3563/3460 2713/3557/3455 2736/3565/3462
f 2737/3556/3454 2736/3565/3462 2713/3557/3455
f 2739/3554/3452 2740/3553/3451 2734/3566/3463
f 2734/3566/3463 2740/3553/3451 2733/3552/3450
f 2734/3566/3463 2733/3552/3450 2742/3560/3458
f 2742/3560/3458 2733/3552/3450 2741/3558/3456
f 2738/3555/3453 2739/3554/3452 2735/3564/3461
f 2735/3564/3461 2739/3554/3452 2734/3566/3463
f 2735/3564/3461 2734/3566/3463 2743/3562/3459
f 2743/3562/3459 2734/3566/3463 2742/3560/3458
f 2712/3567/3464 331/3568/3423 2750/3569/3465
f 2750/3569/3465 331/3568/3423 2744/3570/3466
f 2750/3569/3465 2744/3570/3466 2751/3571/3467
f 2751/3571/3467 2744/3570/3466 2745/3572/3468
f 2751/3571/3467 2745/3572/3468 2749/3573/3469
f 2749/3573/3469 2745/3572/3468 2746/3574/3470
f 2749/3573/3469 2746/3574/3470 2747/3575/3471
f 2747/3575/3471 2746/3574/3470 305/3576/3472
f 2747/3575/3471 2748/3577/3473 2749/3573/3469
f 2749/3573/3469 2748/3577/3473 2751/3571/3467
f 2751/3571/3467 2748/3577/3473 2750/3569/3465
f 2750/3569/3465 2748/3577/3473 2712/3567/3464
f 2755/3578/3474 2752/3579/3475 2757/3580/3476
f 2757/3580/3476 2752/3579/3475 306/3581/3477
f 2757/3580/3476 306/3581/3477 335/3582/3478
f 2757/3580/3476 335/3582/3478 2756/3583/3479
f 2756/3583/3479 335/3582/3478 334/3584/3480
f 2756/3583/3479 334/3584/3480 2758/3585/3481
f 2758/3585/3481 334/3584/3480 333/3586/3482
f 2758/3585/3481 333/3586/3482 2717/3587/3483
f 2717/3587/3483 333/3586/3482 332/3588/3484
f 2717/3587/3483 2753/3589/3485 2758/3585/3481
f 2758/3585/3481 2753/3589/3485 2754/3590/3486
f 2758/3585/3481 2754/3590/3486 2756/3583/3479
f 2756/3583/3479 2754/3590/3486 2755/3578/3474
f 2756/3583/3479 2755/3578/3474 2757/3580/3476
f 2752/3591/3487 2764/3592/3488 2747/3593/3489
f 2747/3593/3489 2764/3592/3488 2765/3594/3490
f 2747/3593/3489 2765/3594/3490 2759/3595/3491
f 2759/3595/3491 2765/3594/3490 2764/3592/3488
f 2759/3595/3491 2764/3592/3488 2767/3596/3492
f 2767/3596/3492 2764/3592/3488 2763/3597/3493
f 2767/3596/3492 2763/3597/3493 2766/3598/3494
f 2766/3598/3494 2763/3597/3493 2762/3599/3495
f 2766/3598/3494 2762/3599/3495 2760/3600/3496
f 2760/3600/3496 2762/3599/3495 2755/3601/3497
f 2760/3600/3496 2755/3601/3497 2754/3602/3498
f 2755/3601/3497 2762/3599/3495 2752/3591/3487
f 2752/3591/3487 2762/3599/3495 2763/3597/3493
f 2752/3591/3487 2763/3597/3493 2764/3592/3488
f 2753/3603/3499 2768/3604/3500 2754/3602/3498
f 2754/3602/3498 2768/3604/3500 2775/3605/3501
f 2754/3602/3498 2775/3605/3501 2760/3600/3496
f 2760/3600/3496 2775/3605/3501 2774/3606/3502
f 2760/3600/3496 2774/3606/3502 2766/3598/3494
f 2766/3598/3494 2774/3606/3502 2773/3607/3503
f 2766/3598/3494 2773/3607/3503 2767/3596/3492
f 2767/3596/3492 2773/3607/3503 2772/3608/3504
f 2767/3596/3492 2772/3608/3504 2759/3595/3491
f 2759/3595/3491 2772/3608/3504 2748/3609/3505
f 2759/3595/3491 2748/3609/3505 2747/3593/3489
f 2768/3604/3500 2753/3603/3499 2776/3610/3506
f 2776/3610/3506 2753/3603/3499 2717/3611/3507
f 2776/3610/3506 2717/3611/3507 2777/3612/3508
f 2777/3612/3508 2717/3611/3507 2712/3613/3439
f 2777/3612/3508 2712/3613/3439 2778/3614/3509
f 2778/3614/3509 2712/3613/3439 2761/3615/3510
f 2778/3614/3509 2761/3615/3510 2770/3616/3511
f 2770/3616/3511 2761/3615/3510 2771/3617/3512
f 2770/3616/3511 2771/3617/3512 2773/3607/3503
f 2773/3607/3503 2771/3617/3512 2772/3608/3504
f 2712/3613/3439 2748/3609/3505 2761/3615/3510
f 2761/3615/3510 2748/3609/3505 2771/3617/3512
f 2772/3608/3504 2771/3617/3512 2748/3609/3505
f 2774/3606/3502 2775/3605/3501 2769/3618/3513
f 2769/3618/3513 2775/3605/3501 2768/3604/3500
f 2769/3618/3513 2768/3604/3500 2777/3612/3508
f 2777/3612/3508 2768/3604/3500 2776/3610/3506
f 2773/3607/3503 2774/3606/3502 2770/3616/3511
f 2770/3616/3511 2774/3606/3502 2769/3618/3513
f 2770/3616/3511 2769/3618/3513 2778/3614/3509
f 2778/3614/3509 2769/3618/3513 2777/3612/3508
f 2747/3619/3514 305/3620/3472 2785/3621/3515
f 2785/3621/3515 305/3620/3472 2779/3622/3516
f 2785/3621/3515 2779/3622/3516 2786/3623/3517
f 2786/3623/3517 2779/3622/3516 2780/3624/3518
f 2786/3623/3517 2780/3624/3518 2784/3625/3519
f 2784/3625/3519 2780/3624/3518 2781/3626/3520
f 2784/3625/3519 2781/3626/3520 2782/3627/3521
f 2782/3627/3521 2781/3626/3520 279/3628/3522
f 2782/3627/3521 2783/3629/3523 2784/3625/3519
f 2784/3625/3519 2783/3629/3523 2786/3623/3517
f 2786/3623/3517 2783/3629/3523 2785/3621/3515
f 2785/3621/3515 2783/3629/3523 2747/3619/3514
f 2790/3630/3524 2787/3631/3525 2792/3632/3526
f 2792/3632/3526 2787/3631/3525 280/3633/3527
f 2792/3632/3526 280/3633/3527 309/3634/3528
f 2792/3632/3526 309/3634/3528 2791/3635/3529
f 2791/3635/3529 309/3634/3528 308/3636/3530
f 2791/3635/3529 308/3636/3530 2793/3637/3531
f 2793/3637/3531 308/3636/3530 307/3638/3532
f 2793/3637/3531 307/3638/3532 2752/3639/3533
f 2752/3639/3533 307/3638/3532 306/3640/3477
f 2752/3639/3533 2788/3641/3534 2793/3637/3531
f 2793/3637/3531 2788/3641/3534 2789/3642/3535
f 2793/3637/3531 2789/3642/3535 2791/3635/3529
f 2791/3635/3529 2789/3642/3535 2790/3630/3524
f 2791/3635/3529 2790/3630/3524 2792/3632/3526
f 2787/3643/3536 2799/3644/3537 2782/3645/3538
f 2782/3645/3538 2799/3644/3537 2800/3646/3539
f 2782/3645/3538 2800/3646/3539 2794/3647/3540
f 2794/3647/3540 2800/3646/3539 2799/3644/3537
f 2794/3647/3540 2799/3644/3537 2802/3648/3541
f 2802/3648/3541 2799/3644/3537 2798/3649/3542
f 2802/3648/3541 2798/3649/3542 2801/3650/3543
f 2801/3650/3543 2798/3649/3542 2797/3651/3544
f 2801/3650/3543 2797/3651/3544 2795/3652/3545
f 2795/3652/3545 2797/3651/3544 2790/3653/3546
f 2795/3652/3545 2790/3653/3546 2789/3654/3547
f 2790/3653/3546 2797/3651/3544 2787/3643/3536
f 2787/3643/3536 2797/3651/3544 2798/3649/3542
f 2787/3643/3536 2798/3649/3542 2799/3644/3537
f 2788/3655/3548 2803/3656/3549 2789/3654/3547
f 2789/3654/3547 2803/3656/3549 2810/3657/3550
f 2789/3654/3547 2810/3657/3550 2795/3652/3545
f 2795/3652/3545 2810/3657/3550 2809/3658/3551
f 2795/3652/3545 2809/3658/3551 2801/3650/3543
f 2801/3650/3543 2809/3658/3551 2808/3659/3552
f 2801/3650/3543 2808/3659/3552 2802/3648/3541
f 2802/3648/3541 2808/3659/3552 2807/3660/3553
f 2802/3648/3541 2807/3660/3553 2794/3647/3540
f 2794/3647/3540 2807/3660/3553 2783/3661/3554
f 2794/3647/3540 2783/3661/3554 2782/3645/3538
f 2803/3656/3549 2788/3655/3548 2811/3662/3555
f 2811/3662/3555 2788/3655/3548 2752/3663/3556
f 2811/3662/3555 2752/3663/3556 2812/3664/3557
f 2812/3664/3557 2752/3663/3556 2747/3665/3489
f 2812/3664/3557 2747/3665/3489 2813/3666/3558
f 2813/3666/3558 2747/3665/3489 2796/3667/3559
f 2813/3666/3558 2796/3667/3559 2805/3668/3560
f 2805/3668/3560 2796/3667/3559 2806/3669/3561
f 2805/3668/3560 2806/3669/3561 2808/3659/3552
f 2808/3659/3552 2806/3669/3561 2807/3660/3553
f 2747/3665/3489 2783/3661/3554 2796/3667/3559
f 2796/3667/3559 2783/3661/3554 2806/3669/3561
f 2807/3660/3553 2806/3669/3561 2783/3661/3554
f 2809/3658/3551 2810/3657/3550 2804/3670/3562
f 2804/3670/3562 2810/3657/3550 2803/3656/3549
f 2804/3670/3562 2803/3656/3549 2812/3664/3557
f 2812/3664/3557 2803/3656/3549 2811/3662/3555
f 2808/3659/3552 2809/3658/3551 2805/3668/3560
f 2805/3668/3560 2809/3658/3551 2804/3670/3562
f 2805/3668/3560 2804/3670/3562 2813/3666/3558
f 2813/3666/3558 2804/3670/3562 2812/3664/3557
f 2782/3671/3563 279/3672/3522 2820/3673/3564
f 2820/3673/3564 279/3672/3522 2814/3674/3565
f 2820/3673/3564 2814/3674/3565 2821/3675/3566
f 2821/3675/3566 2814/3674/3565 2815/3676/3567
f 2821/3675/3566 2815/3676/3567 2819/3677/3568
f 2819/3677/3568 2815/3676/3567 2816/3678/3569
f 2819/3677/3568 2816/3678/3569 2817/3679/3570
f 2817/3679/3570 2816/3678/3569 253/3680/3571
f 2817/3679/3570 2818/3681/3572 2819/3677/3568
f 2819/3677/3568 2818/3681/3572 2821/3675/3566
f 2821/3675/3566 2818/3681/3572 2820/3673/3564
f 2820/3673/3564 2818/3681/3572 2782/3671/3563
f 2825/3682/3573 2822/3683/3574 2827/3684/3575
f 2827/3684/3575 2822/3683/3574 254/3685/3576
f 2827/3684/3575 254/3685/3576 283/3686/3577
f 2827/3684/3575 283/3686/3577 2826/3687/3578
f 2826/3687/3578 283/3686/3577 282/3688/3579
f 2826/3687/3578 282/3688/3579 2828/3689/3580
f 2828/3689/3580 282/3688/3579 281/3690/3581
f 2828/3689/3580 281/3690/3581 2787/3691/3582
f 2787/3691/3582 281/3690/3581 280/3692/3583
f 2787/3691/3582 2823/3693/3584 2828/3689/3580
f 2828/3689/3580 2823/3693/3584 2824/3694/3585
f 2828/3689/3580 2824/3694/3585 2826/3687/3578
f 2826/3687/3578 2824/3694/3585 2825/3682/3573
f 2826/3687/3578 2825/3682/3573 2827/3684/3575
f 2822/3695/3586 2834/3696/3587 2817/3697/3588
f 2817/3697/3588 2834/3696/3587 2835/3698/3589
f 2817/3697/3588 2835/3698/3589 2829/3699/3590
f 2829/3699/3590 2835/3698/3589 2834/3696/3587
f 2829/3699/3590 2834/3696/3587 2837/3700/3591
f 2837/3700/3591 2834/3696/3587 2833/3701/3592
f 2837/3700/3591 2833/3701/3592 2836/3702/3593
f 2836/3702/3593 2833/3701/3592 2832/3703/3594
f 2836/3702/3593 2832/3703/3594 2830/3704/3595
f 2830/3704/3595 2832/3703/3594 2825/3705/3596
f 2830/3704/3595 2825/3705/3596 2824/3706/3597
f 2825/3705/3596 2832/3703/3594 2822/3695/3586
f 2822/3695/3586 2832/3703/3594 2833/3701/3592
f 2822/3695/3586 2833/3701/3592 2834/3696/3587
f 2823/3707/3598 2838/3708/3599 2824/3706/3597
f 2824/3706/3597 2838/3708/3599 2845/3709/3600
f 2824/3706/3597 2845/3709/3600 2830/3704/3595
f 2830/3704/3595 2845/3709/3600 2844/3710/3601
f 2830/3704/3595 2844/3710/3601 2836/3702/3593
f 2836/3702/3593 2844/3710/3601 2843/3711/3602
f 2836/3702/3593 2843/3711/3602 2837/3700/3591
f 2837/3700/3591 2843/3711/3602 2842/3712/3603
f 2837/3700/3591 2842/3712/3603 2829/3699/3590
f 2829/3699/3590 2842/3712/3603 2818/3713/3604
f 2829/3699/3590 2818/3713/3604 2817/3697/3588
f 2838/3708/3599 2823/3707/3598 2846/3714/3605
f 2846/3714/3605 2823/3707/3598 2787/3715/3606
f 2846/3714/3605 2787/3715/3606 2847/3716/3607
f 2847/3716/3607 2787/3715/3606 2782/3717/3538
f 2847/3716/3607 2782/3717/3538 2848/3718/3608
f 2848/3718/3608 2782/3717/3538 2831/3719/3609
f 2848/3718/3608 2831/3719/3609 2840/3720/3610
f 2840/3720/3610 2831/3719/3609 2841/3721/3611
f 2840/3720/3610 2841/3721/3611 2843/3711/3602
f 2843/3711/3602 2841/3721/3611 2842/3712/3603
f 2782/3717/3538 2818/3713/3604 2831/3719/3609
f 2831/3719/3609 2818/3713/3604 2841/3721/3611
f 2842/3712/3603 2841/3721/3611 2818/3713/3604
f 2844/3710/3601 2845/3709/3600 2839/3722/3612
f 2839/3722/3612 2845/3709/3600 2838/3708/3599
f 2839/3722/3612 2838/3708/3599 2847/3716/3607
f 2847/3716/3607 2838/3708/3599 2846/3714/3605
f 2843/3711/3602 2844/3710/3601 2840/3720/3610
f 2840/3720/3610 2844/3710/3601 2839/3722/3612
f 2840/3720/3610 2839/3722/3612 2848/3718/3608
f 2848/3718/3608 2839/3722/3612 2847/3716/3607
f 2817/3723/3613 253/3724/3571 2855/3725/3614
f 2855/3725/3614 253/3724/3571 2849/3726/3615
f 2855/3725/3614 2849/3726/3615 2856/3727/3616
f 2856/3727/3616 2849/3726/3615 2850/3728/3617
f 2856/3727/3616 2850/3728/3617 2854/3729/3618
f 2854/3729/3618 2850/3728/3617 2851/3730/3619
f 2854/3729/3618 2851/3730/3619 2852/3731/3620
f 2852/3731/3620 2851/3730/3619 227/3732/3621
f 2852/3731/3620 2853/3733/3622 2854/3729/3618
f 2854/3729/3618 2853/3733/3622 2856/3727/3616
f 2856/3727/3616 2853/3733/3622 2855/3725/3614
f 2855/3725/3614 2853/3733/3622 2817/3723/3613
f 2860/3734/3623 2857/3735/3624 2862/3736/3625
f 2862/3736/3625 2857/3735/3624 228/3737/3626
f 2862/3736/3625 228/3737/3626 257/3738/3627
f 2862/3736/3625 257/3738/3627 2861/3739/3628
f 2861/3739/3628 257/3738/3627 256/3740/3629
f 2861/3739/3628 256/3740/3629 2863/3741/3630
f 2863/3741/3630 256/3740/3629 255/3742/3631
f 2863/3741/3630 255/3742/3631 2822/3743/3632
f 2822/3743/3632 255/3742/3631 254/3744/3633
f 2822/3743/3632 2858/3745/3634 2863/3741/3630
f 2863/3741/3630 2858/3745/3634 2859/3746/3635
f 2863/3741/3630 2859/3746/3635 2861/3739/3628
f 2861/3739/3628 2859/3746/3635 2860/3734/3623
f 2861/3739/3628 2860/3734/3623 2862/3736/3625
f 2857/3747/3636 2869/3748/3637 2852/3749/3638
f 2852/3749/3638 2869/3748/3637 2870/3750/3639
f 2852/3749/3638 2870/3750/3639 2864/3751/3640
f 2864/3751/3640 2870/3750/3639 2869/3748/3637
f 2864/3751/3640 2869/3748/3637 2872/3752/3641
f 2872/3752/3641 2869/3748/3637 2868/3753/3642
f 2872/3752/3641 2868/3753/3642 2871/3754/3643
f 2871/3754/3643 2868/3753/3642 2867/3755/3644
f 2871/3754/3643 2867/3755/3644 2865/3756/3645
f 2865/3756/3645 2867/3755/3644 2860/3757/3646
f 2865/3756/3645 2860/3757/3646 2859/3758/3647
f 2860/3757/3646 2867/3755/3644 2857/3747/3636
f 2857/3747/3636 2867/3755/3644 2868/3753/3642
f 2857/3747/3636 2868/3753/3642 2869/3748/3637
f 2858/3759/3648 2873/3760/3649 2859/3758/3647
f 2859/3758/3647 2873/3760/3649 2880/3761/3650
f 2859/3758/3647 2880/3761/3650 2865/3756/3645
f 2865/3756/3645 2880/3761/3650 2879/3762/3651
f 2865/3756/3645 2879/3762/3651 2871/3754/3643
f 2871/3754/3643 2879/3762/3651 2878/3763/3652
f 2871/3754/3643 2878/3763/3652 2872/3752/3641
f 2872/3752/3641 2878/3763/3652 2877/3764/3653
f 2872/3752/3641 2877/3764/3653 2864/3751/3640
f 2864/3751/3640 2877/3764/3653 2853/3765/3654
f 2864/3751/3640 2853/3765/3654 2852/3749/3638
f 2873/3760/3649 2858/3759/3648 2881/3766/3655
f 2881/3766/3655 2858/3759/3648 2822/3767/3656
f 2881/3766/3655 2822/3767/3656 2882/3768/3657
f 2882/3768/3657 2822/3767/3656 2817/3769/3588
f 2882/3768/3657 2817/3769/3588 2883/3770/3658
f 2883/3770/3658 2817/3769/3588 2866/3771/3659
f 2883/3770/3658 2866/3771/3659 2875/3772/3660
f 2875/3772/3660 2866/3771/3659 2876/3773/3661
f 2875/3772/3660 2876/3773/3661 2878/3763/3652
f 2878/3763/3652 2876/3773/3661 2877/3764/3653
f 2817/3769/3588 2853/3765/3654 2866/3771/3659
f 2866/3771/3659 2853/3765/3654 2876/3773/3661
f 2877/3764/3653 2876/3773/3661 2853/3765/3654
f 2879/3762/3651 2880/3761/3650 2874/3774/3662
f 2874/3774/3662 2880/3761/3650 2873/3760/3649
f 2874/3774/3662 2873/3760/3649 2882/3768/3657
f 2882/3768/3657 2873/3760/3649 2881/3766/3655
f 2878/3763/3652 2879/3762/3651 2875/3772/3660
f 2875/3772/3660 2879/3762/3651 2874/3774/3662
f 2875/3772/3660 2874/3774/3662 2883/3770/3658
f 2883/3770/3658 2874/3774/3662 2882/3768/3657
f 2852/3775/3663 227/3776/3621 2890/3777/3664
f 2890/3777/3664 227/3776/3621 2884/3778/3665
f 2890/3777/3664 2884/3778/3665 2891/3779/3666
f 2891/3779/3666 2884/3778/3665 2885/3780/3667
f 2891/3779/3666 2885/3780/3667 2889/3781/3668
f 2889/3781/3668 2885/3780/3667 2886/3782/3669
f 2889/3781/3668 2886/3782/3669 2887/3783/3670
f 2887/3783/3670 2886/3782/3669 201/3784/3671
f 2887/3783/3670 2888/3785/3672 2889/3781/3668
f 2889/3781/3668 2888/3785/3672 2891/3779/3666
f 2891/3779/3666 2888/3785/3672 2890/3777/3664
f 2890/3777/3664 2888/3785/3672 2852/3775/3663
f 2895/3786/3673 2892/3787/3674 2897/3788/3675
f 2897/3788/3675 2892/3787/3674 202/3789/3676
f 2897/3788/3675 202/3789/3676 231/3790/3677
f 2897/3788/3675 231/3790/3677 2896/3791/3678
f 2896/3791/3678 231/3790/3677 230/3792/3679
f 2896/3791/3678 230/3792/3679 2898/3793/3680
f 2898/3793/3680 230/3792/3679 229/3794/3681
f 2898/3793/3680 229/3794/3681 2857/3795/3682
f 2857/3795/3682 229/3794/3681 228/3796/3626
f 2857/3795/3682 2893/3797/3683 2898/3793/3680
f 2898/3793/3680 2893/3797/3683 2894/3798/3684
f 2898/3793/3680 2894/3798/3684 2896/3791/3678
f 2896/3791/3678 2894/3798/3684 2895/3786/3673
f 2896/3791/3678 2895/3786/3673 2897/3788/3675
f 2892/3799/3685 2904/3800/3686 2887/3801/3687
f 2887/3801/3687 2904/3800/3686 2905/3802/3688
f 2887/3801/3687 2905/3802/3688 2899/3803/3689
f 2899/3803/3689 2905/3802/3688 2904/3800/3686
f 2899/3803/3689 2904/3800/3686 2907/3804/3690
f 2907/3804/3690 2904/3800/3686 2903/3805/3691
f 2907/3804/3690 2903/3805/3691 2906/3806/3692
f 2906/3806/3692 2903/3805/3691 2902/3807/3693
f 2906/3806/3692 2902/3807/3693 2900/3808/3694
f 2900/3808/3694 2902/3807/3693 2895/3809/3695
f 2900/3808/3694 2895/3809/3695 2894/3810/3696
f 2895/3809/3695 2902/3807/3693 2892/3799/3685
f 2892/3799/3685 2902/3807/3693 2903/3805/3691
f 2892/3799/3685 2903/3805/3691 2904/3800/3686
f 2893/3811/3697 2908/3812/3698 2894/3810/3696
f 2894/3810/3696 2908/3812/3698 2915/3813/3699
f 2894/3810/3696 2915/3813/3699 2900/3808/3694
f 2900/3808/3694 2915/3813/3699 2914/3814/3700
f 2900/3808/3694 2914/3814/3700 2906/3806/3692
f 2906/3806/3692 2914/3814/3700 2913/3815/3701
f 2906/3806/3692 2913/3815/3701 2907/3804/3690
f 2907/3804/3690 2913/3815/3701 2912/3816/3702
f 2907/3804/3690 2912/3816/3702 2899/3803/3689
f 2899/3803/3689 2912/3816/3702 2888/3817/3703
f 2899/3803/3689 2888/3817/3703 2887/3801/3687
f 2908/3812/3698 2893/3811/3697 2916/3818/3704
f 2916/3818/3704 2893/3811/3697 2857/3819/3705
f 2916/3818/3704 2857/3819/3705 2917/3820/3706
f 2917/3820/3706 2857/3819/3705 2852/3821/3638
f 2917/3820/3706 2852/3821/3638 2918/3822/3707
f 2918/3822/3707 2852/3821/3638 2901/3823/3708
f 2918/3822/3707 2901/3823/3708 2910/3824/3709
f 2910/3824/3709 2901/3823/3708 2911/3825/3710
f 2910/3824/3709 2911/3825/3710 2913/3815/3701
f 2913/3815/3701 2911/3825/3710 2912/3816/3702
f 2852/3821/3638 2888/3817/3703 2901/3823/3708
f 2901/3823/3708 2888/3817/3703 2911/3825/3710
f 2912/3816/3702 2911/3825/3710 2888/3817/3703
f 2914/3814/3700 2915/3813/3699 2909/3826/3711
f 2909/3826/3711 2915/3813/3699 2908/3812/3698
f 2909/3826/3711 2908/3812/3698 2917/3820/3706
f 2917/3820/3706 2908/3812/3698 2916/3818/3704
f 2913/3815/3701 2914/3814/3700 2910/3824/3709
f 2910/3824/3709 2914/3814/3700 2909/3826/3711
f 2910/3824/3709 2909/3826/3711 2918/3822/3707
f 2918/3822/3707 2909/3826/3711 2917/3820/3706
f 2887/3827/3712 201/3828/3671 2925/3829/3713
f 2925/3829/3713 201/3828/3671 2919/3830/3714
f 2925/3829/3713 2919/3830/3714 2926/3831/3715
f 2926/3831/3715 2919/3830/3714 2920/3832/3716
f 2926/3831/3715 2920/3832/3716 2924/3833/3717
f 2924/3833/3717 2920/3832/3716 2921/3834/3718
f 2924/3833/3717 2921/3834/3718 2922/3835/3719
f 2922/3835/3719 2921/3834/3718 175/3836/3720
f 2922/3835/3719 2923/3837/3721 2924/3833/3717
f 2924/3833/3717 2923/3837/3721 2926/3831/3715
f 2926/3831/3715 2923/3837/3721 2925/3829/3713
f 2925/3829/3713 2923/3837/3721 2887/3827/3712
f 2930/3838/3722 2927/3839/3723 2932/3840/3724
f 2932/3840/3724 2927/3839/3723 176/3841/3725
f 2932/3840/3724 176/3841/3725 205/3842/3726
f 2932/3840/3724 205/3842/3726 2931/3843/3727
f 2931/3843/3727 205/3842/3726 204/3844/3728
f 2931/3843/3727 204/3844/3728 2933/3845/3729
f 2933/3845/3729 204/3844/3728 203/3846/3730
f 2933/3845/3729 203/3846/3730 2892/3847/3731
f 2892/3847/3731 203/3846/3730 202/3848/3676
f 2892/3847/3731 2928/3849/3732 2933/3845/3729
f 2933/3845/3729 2928/3849/3732 2929/3850/3733
f 2933/3845/3729 2929/3850/3733 2931/3843/3727
f 2931/3843/3727 2929/3850/3733 2930/3838/3722
f 2931/3843/3727 2930/3838/3722 2932/3840/3724
f 2927/3851/3734 2939/3852/3735 2922/3853/3736
f 2922/3853/3736 2939/3852/3735 2940/3854/3737
f 2922/3853/3736 2940/3854/3737 2934/3855/3738
f 2934/3855/3738 2940/3854/3737 2939/3852/3735
f 2934/3855/3738 2939/3852/3735 2942/3856/3739
f 2942/3856/3739 2939/3852/3735 2938/3857/3740
f 2942/3856/3739 2938/3857/3740 2941/3858/3741
f 2941/3858/3741 2938/3857/3740 2937/3859/3742
f 2941/3858/3741 2937/3859/3742 2935/3860/3743
f 2935/3860/3743 2937/3859/3742 2930/3861/3744
f 2935/3860/3743 2930/3861/3744 2929/3862/3745
f 2930/3861/3744 2937/3859/3742 2927/3851/3734
f 2927/3851/3734 2937/3859/3742 2938/3857/3740
f 2927/3851/3734 2938/3857/3740 2939/3852/3735
f 2928/3863/3746 2943/3864/3747 2929/3862/3745
f 2929/3862/3745 2943/3864/3747 2950/3865/3748
f 2929/3862/3745 2950/3865/3748 2935/3860/3743
f 2935/3860/3743 2950/3865/3748 2949/3866/3749
f 2935/3860/3743 2949/3866/3749 2941/3858/3741
f 2941/3858/3741 2949/3866/3749 2948/3867/3750
f 2941/3858/3741 2948/3867/3750 2942/3856/3739
f 2942/3856/3739 2948/3867/3750 2947/3868/3751
f 2942/3856/3739 2947/3868/3751 2934/3855/3738
f 2934/3855/3738 2947/3868/3751 2923/3869/3752
f 2934/3855/3738 2923/3869/3752 2922/3853/3736
f 2943/3864/3747 2928/3863/3746 2951/3870/3753
f 2951/3870/3753 2928/3863/3746 2892/3871/3754
f 2951/3870/3753 2892/3871/3754 2952/3872/3755
f 2952/3872/3755 2892/3871/3754 2887/3873/3687
f 2952/3872/3755 2887/3873/3687 2953/3874/3756
f 2953/3874/3756 2887/3873/3687 2936/3875/3757
f 2953/3874/3756 2936/3875/3757 2945/3876/3758
f 2945/3876/3758 2936/3875/3757 2946/3877/3759
f 2945/3876/3758 2946/3877/3759 2948/3867/3750
f 2948/3867/3750 2946/3877/3759 2947/3868/3751
f 2887/3873/3687 2923/3869/3752 2936/3875/3757
f 2936/3875/3757 2923/3869/3752 2946/3877/3759
f 2947/3868/3751 2946/3877/3759 2923/3869/3752
f 2949/3866/3749 2950/3865/3748 2944/3878/3760
f 2944/3878/3760 2950/3865/3748 2943/3864/3747
f 2944/3878/3760 2943/3864/3747 2952/3872/3755
f 2952/3872/3755 2943/3864/3747 2951/3870/3753
f 2948/3867/3750 2949/3866/3749 2945/3876/3758
f 2945/3876/3758 2949/3866/3749 2944/3878/3760
f 2945/3876/3758 2944/3878/3760 2953/3874/3756
f 2953/3874/3756 2944/3878/3760 2952/3872/3755
f 2922/3879/3761 175/3880/3720 2960/3881/3762
f 2960/3881/3762 175/3880/3720 2954/3882/3763
f 2960/3881/3762 2954/3882/3763 2961/3883/3764
f 2961/3883/3764 2954/3882/3763 2955/3884/3765
f 2961/3883/3764 2955/3884/3765 2959/3885/3766
f 2959/3885/3766 2955/3884/3765 2956/3886/3767
f 2959/3885/3766 2956/3886/3767 2957/3887/3768
f 2957/3887/3768 2956/3886/3767 149/3888/3769
f 2957/3887/3768 2958/3889/3770 2959/3885/3766
f 2959/3885/3766 2958/3889/3770 2961/3883/3764
f 2961/3883/3764 2958/3889/3770 2960/3881/3762
f 2960/3881/3762 2958/3889/3770 2922/3879/3761
f 2965/3890/3771 2962/3891/3772 2967/3892/3773
f 2967/3892/3773 2962/3891/3772 150/3893/3774
f 2967/3892/3773 150/3893/3774 179/3894/3775
f 2967/3892/3773 179/3894/3775 2966/3895/3776
f 2966/3895/3776 179/3894/3775 178/3896/3777
f 2966/3895/3776 178/3896/3777 2968/3897/3778
f 2968/3897/3778 178/3896/3777 177/3898/3779
f 2968/3897/3778 177/3898/3779 2927/3899/3780
f 2927/3899/3780 177/3898/3779 176/3900/3781
f 2927/3899/3780 2963/3901/3782 2968/3897/3778
f 2968/3897/3778 2963/3901/3782 2964/3902/3783
f 2968/3897/3778 2964/3902/3783 2966/3895/3776
f 2966/3895/3776 2964/3902/3783 2965/3890/3771
f 2966/3895/3776 2965/3890/3771 2967/3892/3773
f 2962/3903/3784 2974/3904/3785 2957/3905/3786
f 2957/3905/3786 2974/3904/3785 2975/3906/3787
f 2957/3905/3786 2975/3906/3787 2969/3907/3788
f 2969/3907/3788 2975/3906/3787 2974/3904/3785
f 2969/3907/3788 2974/3904/3785 2977/3908/3789
f 2977/3908/3789 2974/3904/3785 2973/3909/3790
f 2977/3908/3789 2973/3909/3790 2976/3910/3791
f 2976/3910/3791 2973/3909/3790 2972/3911/3792
f 2976/3910/3791 2972/3911/3792 2970/3912/3793
f 2970/3912/3793 2972/3911/3792 2965/3913/3794
f 2970/3912/3793 2965/3913/3794 2964/3914/3795
f 2965/3913/3794 2972/3911/3792 2962/3903/3784
f 2962/3903/3784 2972/3911/3792 2973/3909/3790
f 2962/3903/3784 2973/3909/3790 2974/3904/3785
f 2963/3915/3796 2978/3916/3797 2964/3914/3795
f 2964/3914/3795 2978/3916/3797 2985/3917/3798
f 2964/3914/3795 2985/3917/3798 2970/3912/3793
f 2970/3912/3793 2985/3917/3798 2984/3918/3799
f 2970/3912/3793 2984/3918/3799 2976/3910/3791
f 2976/3910/3791 2984/3918/3799 2983/3919/3800
f 2976/3910/3791 2983/3919/3800 2977/3908/3789
f 2977/3908/3789 2983/3919/3800 2982/3920/3801
f 2977/3908/3789 2982/3920/3801 2969/3907/3788
f 2969/3907/3788 2982/3920/3801 2958/3921/3802
f 2969/3907/3788 2958/3921/3802 2957/3905/3786
f 2978/3916/3797 2963/3915/3796 2986/3922/3803
f 2986/3922/3803 2963/3915/3796 2927/3923/3804
f 2986/3922/3803 2927/3923/3804 2987/3924/3805
f 2987/3924/3805 2927/3923/3804 2922/3925/3806
f 2987/3924/3805 2922/3925/3806 2988/3926/3807
f 2988/3926/3807 2922/3925/3806 2971/3927/3808
f 2988/3926/3807 2971/3927/3808 2980/3928/3809
f 2980/3928/3809 2971/3927/3808 2981/3929/3810
f 2980/3928/3809 2981/3929/3810 2983/3919/3800
f 2983/3919/3800 2981/3929/3810 2982/3920/3801
f 2922/3925/3806 2958/3921/3802 2971/3927/3808
f 2971/3927/3808 2958/3921/3802 2981/3929/3810
f 2982/3920/3801 2981/3929/3810 2958/3921/3802
f 2984/3918/3799 2985/3917/3798 2979/3930/3811
f 2979/3930/3811 2985/3917/3798 2978/3916/3797
f 2979/3930/3811 2978/3916/3797 2987/3924/3805
f 2987/3924/3805 2978/3916/3797 2986/3922/3803
f 2983/3919/3800 2984/3918/3799 2980/3928/3809
f 2980/3928/3809 2984/3918/3799 2979/3930/3811
f 2980/3928/3809 2979/3930/3811 2988/3926/3807
f 2988/3926/3807 2979/3930/3811 2987/3924/3805
f 2957/3931/3812 149/3932/3769 2995/3933/3813
f 2995/3933/3813 149/3932/3769 2989/3934/3814
f 2995/3933/3813 2989/3934/3814 2996/3935/3815
f 2996/3935/3815 2989/3934/3814 2990/3936/3816
f 2996/3935/3815 2990/3936/3816 2994/3937/3817
f 2994/3937/3817 2990/3936/3816 2991/3938/3818
f 2994/3937/3817 2991/3938/3818 2992/3939/3819
f 2992/3939/3819 2991/3938/3818 123/3940/3820
f 2992/3939/3819 2993/3941/3821 2994/3937/3817
f 2994/3937/3817 2993/3941/3821 2996/3935/3815
f 2996/3935/3815 2993/3941/3821 2995/3933/3813
f 2995/3933/3813 2993/3941/3821 2957/3931/3812
f 3000/3942/3822 2997/3943/3823 3002/3944/3824
f 3002/3944/3824 2997/3943/3823 124/3945/3825
f 3002/3944/3824 124/3945/3825 153/3946/3826
f 3002/3944/3824 153/3946/3826 3001/3947/3827
f 3001/3947/3827 153/3946/3826 152/3948/3828
f 3001/3947/3827 152/3948/3828 3003/3949/3829
f 3003/3949/3829 152/3948/3828 151/3950/3830
f 3003/3949/3829 151/3950/3830 2962/3951/3831
f 2962/3951/3831 151/3950/3830 150/3952/3832
f 2962/3951/3831 2998/3953/3833 3003/3949/3829
f 3003/3949/3829 2998/3953/3833 2999/3954/3834
f 3003/3949/3829 2999/3954/3834 3001/3947/3827
f 3001/3947/3827 2999/3954/3834 3000/3942/3822
f 3001/3947/3827 3000/3942/3822 3002/3944/3824
f 2997/3955/3835 3009/3956/3836 2992/3957/3837
f 2992/3957/3837 3009/3956/3836 3010/3958/3838
f 2992/3957/3837 3010/3958/3838 3004/3959/3839
f 3004/3959/3839 3010/3958/3838 3009/3956/3836
f 3004/3959/3839 3009/3956/3836 3012/3960/3840
f 3012/3960/3840 3009/3956/3836 3008/3961/3841
f 3012/3960/3840 3008/3961/3841 3011/3962/3842
f 3011/3962/3842 3008/3961/3841 3007/3963/3843
f 3011/3962/3842 3007/3963/3843 3005/3964/3844
f 3005/3964/3844 3007/3963/3843 3000/3965/3845
f 3005/3964/3844 3000/3965/3845 2999/3966/3846
f 3000/3965/3845 3007/3963/3843 2997/3955/3835
f 2997/3955/3835 3007/3963/3843 3008/3961/3841
f 2997/3955/3835 3008/3961/3841 3009/3956/3836
f 2998/3967/3847 3013/3968/3848 2999/3966/3846
f 2999/3966/3846 3013/3968/3848 3020/3969/3849
f 2999/3966/3846 3020/3969/3849 3005/3964/3844
f 3005/3964/3844 3020/3969/3849 3019/3970/3850
f 3005/3964/3844 3019/3970/3850 3011/3962/3842
f 3011/3962/3842 3019/3970/3850 3018/3971/3851
f 3011/3962/3842 3018/3971/3851 3012/3960/3840
f 3012/3960/3840 3018/3971/3851 3017/3972/3852
f 3012/3960/3840 3017/3972/3852 3004/3959/3839
f 3004/3959/3839 3017/3972/3852 2993/3973/3853
f 3004/3959/3839 2993/3973/3853 2992/3957/3837
f 3013/3968/3848 2998/3967/3847 3021/3974/3854
f 3021/3974/3854 2998/3967/3847 2962/3975/3855
f 3021/3974/3854 2962/3975/3855 3022/3976/3856
f 3022/3976/3856 2962/3975/3855 2957/3977/3857
f 3022/3976/3856 2957/3977/3857 3023/3978/3858
f 3023/3978/3858 2957/3977/3857 3006/3979/3859
f 3023/3978/3858 3006/3979/3859 3015/3980/3860
f 3015/3980/3860 3006/3979/3859 3016/3981/3861
f 3015/3980/3860 3016/3981/3861 3018/3971/3851
f 3018/3971/3851 3016/3981/3861 3017/3972/3852
f 2957/3977/3857 2993/3973/3853 3006/3979/3859
f 3006/3979/3859 2993/3973/3853 3016/3981/3861
f 3017/3972/3852 3016/3981/3861 2993/3973/3853
f 3019/3970/3850 3020/3969/3849 3014/3982/3862
f 3014/3982/3862 3020/3969/3849 3013/3968/3848
f 3014/3982/3862 3013/3968/3848 3022/3976/3856
f 3022/3976/3856 3013/3968/3848 3021/3974/3854
f 3018/3971/3851 3019/3970/3850 3015/3980/3860
f 3015/3980/3860 3019/3970/3850 3014/3982/3862
f 3015/3980/3860 3014/3982/3862 3023/3978/3858
f 3023/3978/3858 3014/3982/3862 3022/3976/3856
f 2992/3983/3863 123/3984/3820 3029/3985/3864
f 3029/3985/3864 123/3984/3820 3024/3986/3865
f 3029/3985/3864 3024/3986/3865 3030/3987/3866
f 3030/3987/3866 3024/3986/3865 3025/3988/3867
f 3030/3987/3866 3025/3988/3867 3028/3989/3868
f 3028/3989/3868 3025/3988/3867 3026/3990/3869
f 3028/3989/3868 3026/3990/3869 28/3991/3870
f 28/3991/3870 3026/3990/3869 29/3992/50
f 28/3991/3870 3027/3993/3871 3028/3989/3868
f 3028/3989/3868 3027/3993/3871 3030/3987/3866
f 3030/3987/3866 3027/3993/3871 3029/3985/3864
f 3029/3985/3864 3027/3993/3871 2992/3983/3863
f 3033/3994/3872 36/3995/3873 3035/3996/3874
f 3035/3996/3874 36/3995/3873 53/3997/3875
f 3035/3996/3874 53/3997/3875 127/3998/3876
f 3035/3996/3874 127/3998/3876 3034/3999/3877
f 3034/3999/3877 127/3998/3876 126/4000/3878
f 3034/3999/3877 126/4000/3878 3036/4001/3879
f 3036/4001/3879 126/4000/3878 125/4002/3880
f 3036/4001/3879 125/4002/3880 2997/4003/3881
f 2997/4003/3881 125/4002/3880 124/4004/3882
f 2997/4003/3881 3031/4005/3883 3036/4001/3879
f 3036/4001/3879 3031/4005/3883 3032/4006/3884
f 3036/4001/3879 3032/4006/3884 3034/3999/3877
f 3034/3999/3877 3032/4006/3884 3033/3994/3872
f 3034/3999/3877 3033/3994/3872 3035/3996/3874
f 36/4007/3885 3042/4008/3886 28/4009/3887
f 28/4009/3887 3042/4008/3886 3043/4010/3888
f 28/4009/3887 3043/4010/3888 3037/4011/3889
f 3037/4011/3889 3043/4010/3888 3042/4008/3886
f 3037/4011/3889 3042/4008/3886 3045/4012/3890
f 3045/4012/3890 3042/4008/3886 3041/4013/3891
f 3045/4012/3890 3041/4013/3891 3044/4014/3892
f 3044/4014/3892 3041/4013/3891 3040/4015/3893
f 3044/4014/3892 3040/4015/3893 3038/4016/3894
f 3038/4016/3894 3040/4015/3893 3033/4017/3895
f 3038/4016/3894 3033/4017/3895 3032/4018/3896
f 3033/4017/3895 3040/4015/3893 36/4007/3885
f 36/4007/3885 3040/4015/3893 3041/4013/3891
f 36/4007/3885 3041/4013/3891 3042/4008/3886
f 3031/4019/3897 3046/4020/3898 3032/4018/3896
f 3032/4018/3896 3046/4020/3898 3053/4021/3899
f 3032/4018/3896 3053/4021/3899 3038/4016/3894
f 3038/4016/3894 3053/4021/3899 3052/4022/3900
f 3038/4016/3894 3052/4022/3900 3044/4014/3892
f 3044/4014/3892 3052/4022/3900 3051/4023/3901
f 3044/4014/3892 3051/4023/3901 3045/4012/3890
f 3045/4012/3890 3051/4023/3901 3050/4024/3902
f 3045/4012/3890 3050/4024/3902 3037/4011/3889
f 3037/4011/3889 3050/4024/3902 3027/4025/3903
f 3037/4011/3889 3027/4025/3903 28/4009/3887
f 3046/4020/3898 3031/4019/3897 3054/4026/3904
f 3054/4026/3904 3031/4019/3897 2997/4027/3905
f 3054/4026/3904 2997/4027/3905 3055/4028/3906
f 3055/4028/3906 2997/4027/3905 2992/4029/3907
f 3055/4028/3906 2992/4029/3907 3056/4030/3908
f 3056/4030/3908 2992/4029/3907 3039/4031/3909
f 3056/4030/3908 3039/4031/3909 3048/4032/3910
f 3048/4032/3910 3039/4031/3909 3049/4033/3911
f 3048/4032/3910 3049/4033/3911 3051/4023/3901
f 3051/4023/3901 3049/4033/3911 3050/4024/3902
f 2992/4029/3907 3027/4025/3903 3039/4031/3909
f 3039/4031/3909 3027/4025/3903 3049/4033/3911
f 3050/4024/3902 3049/4033/3911 3027/4025/3903
f 3052/4022/3900 3053/4021/3899 3047/4034/3912
f 3047/4034/3912 3053/4021/3899 3046/4020/3898
f 3047/4034/3912 3046/4020/3898 3055/4028/3906
f 3055/4028/3906 3046/4020/3898 3054/4026/3904
f 3051/4023/3901 3052/4022/3900 3048/4032/3910
f 3048/4032/3910 3052/4022/3900 3047/4034/3912
f 3048/4032/3910 3047/4034/3912 3056/4030/3908
f 3056/4030/3908 3047/4034/3912 3055/4028/3906
f 1352/4035/3913 1382/4036/3914 1346/4037/3915
f 1346/4037/3915 1382/4036/3914 1357/4038/3916
f 30/4039/3917 356/4040/3918 12/4041/3919
f 12/4041/3919 356/4040/3918 331/4042/3920
f 12/4041/3919 331/4042/3920 81/4043/3921
f 81/4043/3921 331/4042/3920 330/4044/3922
f 81/4043/3921 330/4044/3922 82/4045/3923
f 82/4045/3923 330/4044/3922 305/4046/3924
f 82/4045/3923 305/4046/3924 83/4047/3925
f 83/4047/3925 305/4046/3924 84/4048/3926
f 84/4048/3926 305/4046/3924 304/4049/3927
f 84/4048/3926 304/4049/3927 85/4050/3928
f 85/4050/3928 304/4049/3927 279/4051/3929
f 85/4050/3928 279/4051/3929 86/4052/3930
f 86/4052/3930 279/4051/3929 278/4053/3931
f 86/4052/3930 278/4053/3931 87/4054/3932
f 87/4054/3932 278/4053/3931 253/4055/3933
f 87/4054/3932 253/4055/3933 88/4056/3934
f 88/4056/3934 253/4055/3933 252/4057/3935
f 88/4056/3934 252/4057/3935 89/4058/3936
f 89/4058/3936 252/4057/3935 90/4059/3937
f 90/4059/3937 252/4057/3935 227/4060/3938
f 90/4059/3937 227/4060/3938 91/4061/3939
f 91/4061/3939 227/4060/3938 226/4062/3940
f 91/4061/3939 226/4062/3940 92/4063/3941
f 92/4063/3941 226/4062/3940 201/4064/3942
f 92/4063/3941 201/4064/3942 93/4065/3943
f 93/4066/3943 201/4067/3942 200/4068/3944
f 93/4066/3943 200/4068/3944 94/4069/3945
f 94/4069/3945 200/4068/3944 95/4070/3946
f 95/4070/3946 200/4068/3944 175/4071/3947
f 95/4070/3946 175/4071/3947 96/4072/3948
f 96/4072/3948 175/4071/3947 174/4073/3949
f 96/4072/3948 174/4073/3949 97/4074/3950
f 97/4074/3950 174/4073/3949 149/4075/3951
f 97/4074/3950 149/4075/3951 98/4076/3952
f 98/4076/3952 149/4075/3951 148/4077/3953
f 98/4076/3952 148/4077/3953 99/4078/3954
f 99/4078/3954 148/4077/3953 123/4079/3955
f 99/4078/3954 123/4079/3955 100/4080/3956
f 100/4080/3956 123/4079/3955 101/4081/3957
f 101/4081/3957 123/4079/3955 122/4082/3958
f 101/4081/3957 122/4082/3958 102/4083/3959
f 102/4083/3959 122/4082/3958 29/4084/3960
f 102/4083/3959 29/4084/3960 103/4085/3961
f 103/4085/3961 29/4084/3960 106/4086/3962
f 103/4085/3961 106/4086/3962 104/4087/3963
f 104/4087/3963 106/4086/3962 8/4088/3964
f 104/4087/3963 8/4088/3964 7/4089/3965
f 30/4039/3917 29/4084/3960 356/4040/3918
f 356/4040/3918 29/4084/3960 357/4090/3966
f 357/4090/3966 29/4084/3960 3026/4091/3967
f 357/4090/3966 3026/4091/3967 3025/4092/3968
f 357/4090/3966 3025/4092/3968 382/4093/3969
f 382/4093/3969 3025/4092/3968 3024/4094/3970
f 382/4093/3969 3024/4094/3970 123/4079/3955
f 382/4093/3969 123/4079/3955 3190/4095/3971
f 3190/4095/3971 123/4079/3955 2991/4096/3972
f 3190/4095/3971 2991/4096/3972 383/4097/3973
f 383/4097/3973 2991/4096/3972 2990/4098/3974
f 383/4097/3973 2990/4098/3974 3191/4099/3975
f 3191/4099/3975 2990/4098/3974 2989/4100/3976
f 3191/4099/3975 2989/4100/3976 408/4101/3977
f 408/4101/3977 2989/4100/3976 3192/4102/3978
f 408/4101/3977 3192/4102/3978 409/4103/3979
f 409/4103/3979 3192/4102/3978 149/4075/3951
f 409/4103/3979 149/4075/3951 2956/4104/3980
f 2989/4100/3976 149/4075/3951 3192/4102/3978
f 409/4103/3979 2956/4104/3980 3097/4105/3981
f 3097/4105/3981 2956/4104/3980 2955/4106/3982
f 3097/4105/3981 2955/4106/3982 3096/4107/3983
f 3096/4107/3983 2955/4106/3982 2954/4108/3984
f 3096/4107/3983 2954/4108/3984 175/4071/3947
f 3096/4107/3983 175/4071/3947 3098/4109/3985
f 3098/4109/3985 175/4071/3947 2921/4110/3986
f 3098/4109/3985 2921/4110/3986 2920/4111/3987
f 2919/4112/3988 3193/4113/3989 2920/4111/3987
f 2920/4111/3987 3193/4113/3989 435/4114/3990
f 2920/4111/3987 435/4114/3990 3098/4109/3985
f 3098/4109/3985 435/4114/3990 434/4115/3991
f 3098/4109/3985 434/4115/3991 3096/4107/3983
f 3096/4107/3983 434/4115/3991 3097/4105/3981
f 201/4064/3942 3194/4116/3992 2919/4117/3988
f 2919/4112/3988 3194/4118/3992 460/4119/3993
f 2919/4112/3988 460/4119/3993 3193/4113/3989
f 3193/4113/3989 460/4119/3993 435/4114/3990
f 201/4064/3942 2886/4120/3994 3194/4116/3992
f 3194/4116/3992 2886/4120/3994 461/4121/3995
f 3194/4118/3992 461/4122/3995 460/4119/3993
f 461/4121/3995 2886/4120/3994 3099/4123/3996
f 3099/4123/3996 2886/4120/3994 2885/4124/3997
f 3099/4123/3996 2885/4124/3997 3084/4125/3998
f 3084/4125/3998 2885/4124/3997 2884/4126/3999
f 3084/4125/3998 2884/4126/3999 227/4060/3938
f 3084/4125/3998 227/4060/3938 3100/4127/4000
f 3100/4127/4000 227/4060/3938 2851/4128/4001
f 3100/4127/4000 2851/4128/4001 2850/4129/4002
f 2849/4130/4003 3195/4131/4004 2850/4129/4002
f 2850/4129/4002 3195/4131/4004 512/4132/4005
f 2850/4129/4002 512/4132/4005 3100/4127/4000
f 3100/4127/4000 512/4132/4005 487/4133/4006
f 3100/4127/4000 487/4133/4006 3084/4125/3998
f 3084/4125/3998 487/4133/4006 486/4134/4007
f 3084/4125/3998 486/4134/4007 3099/4123/3996
f 3099/4123/3996 486/4134/4007 461/4121/3995
f 253/4055/3933 3101/4135/4008 2849/4130/4003
f 2849/4130/4003 3101/4135/4008 513/4136/4009
f 2849/4130/4003 513/4136/4009 3195/4131/4004
f 3195/4131/4004 513/4136/4009 512/4132/4005
f 253/4055/3933 2816/4137/4010 3101/4135/4008
f 3101/4135/4008 2816/4137/4010 515/4138/4011
f 3101/4135/4008 515/4138/4011 514/4139/4012
f 515/4138/4011 2816/4137/4010 3102/4140/4013
f 3102/4140/4013 2816/4137/4010 2815/4141/4014
f 3102/4140/4013 2815/4141/4014 2814/4142/4015
f 3102/4140/4013 2814/4142/4015 3088/4143/4016
f 3088/4143/4016 2814/4142/4015 279/4051/3929
f 3088/4143/4016 279/4051/3929 3103/4144/4017
f 3103/4144/4017 279/4051/3929 2781/4145/4018
f 3103/4144/4017 2781/4145/4018 2780/4146/4019
f 2779/4147/4020 3196/4148/4021 2780/4146/4019
f 2780/4146/4019 3196/4148/4021 541/4149/4022
f 2780/4146/4019 541/4149/4022 3103/4144/4017
f 3103/4144/4017 541/4149/4022 3088/4143/4016
f 305/4046/3924 3104/4150/4023 2779/4147/4020
f 2779/4147/4020 3104/4150/4023 566/4151/4024
f 2779/4147/4020 566/4151/4024 3196/4148/4021
f 3196/4148/4021 566/4151/4024 541/4149/4022
f 305/4046/3924 2746/4152/4025 3104/4150/4023
f 3104/4150/4023 2746/4152/4025 567/4153/4026
f 3104/4150/4023 567/4153/4026 566/4151/4024
f 567/4153/4026 2746/4152/4025 3197/4154/4027
f 3197/4154/4027 2746/4152/4025 2745/4155/4028
f 3197/4154/4027 2745/4155/4028 2744/4156/4029
f 331/4042/3920 3198/4157/4030 2744/4156/4029
f 2744/4156/4029 3198/4157/4030 592/4158/4031
f 2744/4156/4029 592/4158/4031 3197/4154/4027
f 3197/4154/4027 592/4158/4031 567/4153/4026
f 3198/4157/4030 331/4042/3920 593/4159/4032
f 593/4159/4032 331/4042/3920 2711/4160/4033
f 593/4159/4032 2711/4160/4033 3105/4161/4034
f 3105/4161/4034 2711/4160/4033 2710/4162/4035
f 3105/4161/4034 2710/4162/4035 593/4159/4032
f 593/4159/4032 2710/4162/4035 3199/4163/4036
f 593/4159/4032 3199/4163/4036 618/4164/4037
f 618/4164/4037 3199/4163/4036 2709/4165/4038
f 618/4164/4037 2709/4165/4038 357/4090/3966
f 2710/4162/4035 2709/4165/4038 3199/4163/4036
f 618/4164/4037 357/4090/3966 3200/4166/4039
f 3200/4166/4039 357/4090/3966 2676/4167/4040
f 3200/4166/4039 2676/4167/4040 619/4168/4041
f 619/4168/4041 2676/4167/4040 2675/4169/4042
f 619/4168/4041 2675/4169/4042 3093/4170/4043
f 3093/4170/4043 2675/4169/4042 2674/4171/4044
f 3093/4170/4043 2674/4171/4044 644/4172/4045
f 644/4172/4045 2674/4171/4044 383/4097/3973
f 644/4172/4045 383/4097/3973 645/4173/4046
f 645/4173/4046 383/4097/3973 2641/4174/4047
f 645/4173/4046 2641/4174/4047 2640/4175/4048
f 645/4173/4046 2640/4175/4048 670/4176/4049
f 670/4176/4049 2640/4175/4048 2639/4177/4050
f 670/4176/4049 2639/4177/4050 409/4103/3979
f 670/4176/4049 409/4103/3979 671/4178/4051
f 671/4178/4051 409/4103/3979 2606/4179/4052
f 671/4178/4051 2606/4179/4052 2605/4180/4053
f 671/4178/4051 2605/4180/4053 696/4181/4054
f 696/4181/4054 2605/4180/4053 2604/4182/4055
f 696/4181/4054 2604/4182/4055 3201/4183/4056
f 3201/4183/4056 2604/4182/4055 435/4114/3990
f 3201/4183/4056 435/4114/3990 2571/4184/4057
f 2570/4185/4058 3095/4186/4059 2571/4184/4057
f 2571/4184/4057 3095/4186/4059 697/4187/4060
f 2571/4184/4057 697/4187/4060 3201/4183/4056
f 3201/4183/4056 697/4187/4060 696/4181/4054
f 2570/4185/4058 2569/4188/4061 3095/4186/4059
f 3095/4186/4059 2569/4188/4061 3106/4189/4062
f 3095/4186/4059 3106/4189/4062 722/4190/4063
f 722/4191/4063 3106/4192/4062 3107/4193/4064
f 722/4191/4063 3107/4193/4064 723/4194/4065
f 723/4194/4065 3107/4193/4064 2535/4195/4066
f 723/4194/4065 2535/4195/4066 3202/4196/4067
f 3202/4196/4067 2535/4195/4066 2534/4197/4068
f 3202/4196/4067 2534/4197/4068 748/4198/4069
f 748/4198/4069 2534/4197/4068 3203/4199/4070
f 748/4198/4069 3203/4199/4070 749/4200/4071
f 749/4200/4071 3203/4199/4070 487/4133/4006
f 749/4200/4071 487/4133/4006 3109/4201/4072
f 3109/4201/4072 487/4133/4006 2498/4202/4073
f 3109/4201/4072 2498/4202/4073 3108/4203/4074
f 3108/4203/4074 2498/4202/4073 2497/4204/4075
f 3108/4203/4074 2497/4204/4075 515/4138/4011
f 2569/4205/4061 461/4121/3995 3106/4192/4062
f 3106/4192/4062 461/4121/3995 3107/4193/4064
f 461/4121/3995 2536/4206/4076 3107/4193/4064
f 3107/4193/4064 2536/4206/4076 2535/4195/4066
f 2534/4197/4068 487/4133/4006 3203/4199/4070
f 3108/4203/4074 515/4138/4011 3086/4207/4077
f 3086/4207/4077 515/4138/4011 2463/4208/4078
f 3086/4207/4077 2463/4208/4078 3110/4209/4079
f 3110/4209/4079 2463/4208/4078 2462/4210/4080
f 3110/4209/4079 2462/4210/4080 800/4211/4081
f 800/4211/4081 2462/4210/4080 3204/4212/4082
f 800/4211/4081 3204/4212/4082 801/4213/4083
f 801/4213/4083 3204/4212/4082 2428/4214/4084
f 801/4213/4083 2428/4214/4084 3111/4215/4085
f 3111/4215/4085 2428/4214/4084 2427/4216/4086
f 3111/4215/4085 2427/4216/4086 2426/4217/4087
f 2462/4210/4080 541/4149/4022 3204/4212/4082
f 3204/4212/4082 541/4149/4022 2428/4214/4084
f 3111/4215/4085 2426/4217/4087 3090/4218/4088
f 3090/4218/4088 2426/4217/4087 567/4153/4026
f 3090/4218/4088 567/4153/4026 3112/4219/4089
f 3112/4219/4089 567/4153/4026 2392/4220/4090
f 3112/4219/4089 2392/4220/4090 2391/4221/4091
f 3112/4219/4089 2391/4221/4091 3113/4222/4092
f 3113/4222/4092 2391/4221/4091 2390/4223/4093
f 3113/4222/4092 2390/4223/4093 852/4224/4094
f 852/4224/4094 2390/4223/4093 3114/4225/4095
f 852/4224/4094 3114/4225/4095 853/4226/4096
f 853/4226/4096 3114/4225/4095 2357/4227/4097
f 853/4226/4096 2357/4227/4097 3205/4228/4098
f 3205/4228/4098 2357/4227/4097 2356/4229/4099
f 3205/4228/4098 2356/4229/4099 2355/4230/4100
f 2390/4223/4093 593/4159/4032 3114/4225/4095
f 3114/4225/4095 593/4159/4032 2357/4227/4097
f 619/4168/4041 3206/4231/4101 2355/4230/4100
f 2355/4230/4100 3206/4231/4101 878/4232/4102
f 2355/4230/4100 878/4232/4102 3205/4228/4098
f 3205/4228/4098 878/4232/4102 853/4226/4096
f 3206/4231/4101 619/4168/4041 879/4233/4103
f 879/4233/4103 619/4168/4041 2322/4234/4104
f 879/4233/4103 2322/4234/4104 3207/4235/4105
f 3207/4235/4105 2322/4234/4104 2321/4236/4106
f 3207/4235/4105 2321/4236/4106 879/4233/4103
f 879/4233/4103 2321/4236/4106 3092/4237/4107
f 879/4233/4103 3092/4237/4107 904/4238/4108
f 904/4238/4108 3092/4237/4107 2320/4239/4109
f 904/4238/4108 2320/4239/4109 645/4173/4046
f 2321/4236/4106 2320/4239/4109 3092/4237/4107
f 904/4238/4108 645/4173/4046 3208/4240/4110
f 3208/4240/4110 645/4173/4046 2287/4241/4111
f 3208/4240/4110 2287/4241/4111 905/4242/4112
f 905/4242/4112 2287/4241/4111 2286/4243/4113
f 905/4242/4112 2286/4243/4113 3209/4244/4114
f 3209/4244/4114 2286/4243/4113 2285/4245/4115
f 3209/4244/4114 2285/4245/4115 930/4246/4116
f 930/4246/4116 2285/4245/4115 3210/4247/4117
f 930/4246/4116 3210/4247/4117 931/4248/4118
f 931/4248/4118 3210/4247/4117 671/4178/4051
f 931/4248/4118 671/4178/4051 2252/4249/4119
f 2285/4245/4115 671/4178/4051 3210/4247/4117
f 2252/4249/4119 2251/4250/4120 931/4248/4118
f 931/4248/4118 2251/4250/4120 956/4251/4121
f 956/4251/4121 2251/4250/4120 2250/4252/4122
f 956/4251/4121 2250/4252/4122 697/4187/4060
f 956/4251/4121 697/4187/4060 957/4253/4123
f 957/4253/4123 697/4187/4060 2217/4254/4124
f 957/4253/4123 2217/4254/4124 2216/4255/4125
f 957/4253/4123 2216/4255/4125 982/4256/4126
f 982/4256/4126 2216/4255/4125 2215/4257/4127
f 982/4258/4126 2215/4259/4127 723/4194/4065
f 982/4258/4126 723/4194/4065 983/4260/4128
f 983/4260/4128 723/4194/4065 2182/4261/4129
f 983/4260/4128 2182/4261/4129 2181/4262/4130
f 983/4260/4128 2181/4262/4130 1008/4263/4131
f 1008/4263/4131 2181/4262/4130 2180/4264/4132
f 1008/4263/4131 2180/4264/4132 3115/4265/4133
f 3115/4265/4133 2180/4264/4132 749/4200/4071
f 3115/4265/4133 749/4200/4071 3085/4266/4134
f 3085/4266/4134 749/4200/4071 2147/4267/4135
f 3085/4266/4134 2147/4267/4135 2146/4268/4136
f 2145/4269/4137 3211/4270/4138 2146/4268/4136
f 2146/4268/4136 3211/4270/4138 1009/4271/4139
f 2146/4268/4136 1009/4271/4139 3085/4266/4134
f 3085/4266/4134 1009/4271/4139 1008/4263/4131
f 3085/4266/4134 1008/4263/4131 3115/4265/4133
f 775/4272/4140 3212/4273/4141 2145/4269/4137
f 2145/4269/4137 3212/4273/4141 1034/4274/4142
f 2145/4269/4137 1034/4274/4142 3211/4270/4138
f 3211/4270/4138 1034/4274/4142 1009/4271/4139
f 775/4272/4140 2112/4275/4143 3212/4273/4141
f 3212/4273/4141 2112/4275/4143 1035/4276/4144
f 3212/4273/4141 1035/4276/4144 1034/4274/4142
f 1035/4276/4144 2112/4275/4143 3116/4277/4145
f 3116/4277/4145 2112/4275/4143 2111/4278/4146
f 3116/4277/4145 2111/4278/4146 2110/4279/4147
f 3116/4277/4145 2110/4279/4147 3089/4280/4148
f 3089/4280/4148 2110/4279/4147 801/4213/4083
f 3089/4280/4148 801/4213/4083 3117/4281/4149
f 3117/4281/4149 801/4213/4083 2077/4282/4150
f 3117/4281/4149 2077/4282/4150 2076/4283/4151
f 3117/4281/4149 2076/4283/4151 3118/4284/4152
f 3118/4284/4152 2076/4283/4151 2075/4285/4153
f 3118/4284/4152 2075/4285/4153 1086/4286/4154
f 1086/4286/4154 2075/4285/4153 3213/4287/4155
f 1086/4286/4154 3213/4287/4155 1087/4288/4156
f 1087/4288/4156 3213/4287/4155 2042/4289/4157
f 1087/4288/4156 2042/4289/4157 3120/4290/4158
f 3120/4290/4158 2042/4289/4157 2041/4291/4159
f 3120/4290/4158 2041/4291/4159 2040/4292/4160
f 2075/4285/4153 827/4293/4161 3213/4287/4155
f 3213/4287/4155 827/4293/4161 2042/4289/4157
f 3120/4290/4158 2040/4292/4160 3119/4294/4162
f 3119/4294/4162 2040/4292/4160 853/4226/4096
f 3119/4294/4162 853/4226/4096 3121/4295/4163
f 3121/4295/4163 853/4226/4096 2007/4296/4164
f 3121/4295/4163 2007/4296/4164 2006/4297/4165
f 3121/4295/4163 2006/4297/4165 3091/4298/4166
f 3091/4298/4166 2006/4297/4165 2005/4299/4167
f 3091/4298/4166 2005/4299/4167 3122/4300/4168
f 3122/4300/4168 2005/4299/4167 879/4233/4103
f 3122/4300/4168 879/4233/4103 1972/4301/4169
f 3122/4300/4168 1972/4301/4169 1139/4302/4170
f 1139/4302/4170 1972/4301/4169 1971/4303/4171
f 1139/4302/4170 1971/4303/4171 3214/4304/4172
f 3214/4304/4172 1971/4303/4171 1970/4305/4173
f 3214/4304/4172 1970/4305/4173 1164/4306/4174
f 1164/4306/4174 1970/4305/4173 3215/4307/4175
f 1164/4306/4174 3215/4307/4175 1165/4308/4176
f 1165/4308/4176 3215/4307/4175 905/4242/4112
f 1165/4308/4176 905/4242/4112 1937/4309/4177
f 1970/4305/4173 905/4242/4112 3215/4307/4175
f 1165/4308/4176 1937/4309/4177 3094/4310/4178
f 3094/4310/4178 1937/4309/4177 1936/4311/4179
f 3094/4310/4178 1936/4311/4179 1190/4312/4180
f 1190/4312/4180 1936/4311/4179 3216/4313/4181
f 1190/4312/4180 3216/4313/4181 931/4248/4118
f 931/4248/4118 3216/4313/4181 1935/4314/4182
f 1935/4314/4182 3216/4313/4181 1936/4311/4179
f 1190/4312/4180 931/4248/4118 3124/4315/4183
f 3124/4315/4183 931/4248/4118 1901/4316/4184
f 3124/4315/4183 1901/4316/4184 3123/4317/4185
f 3123/4317/4185 1901/4316/4184 1900/4318/4186
f 3123/4317/4185 1900/4318/4186 1216/4319/4187
f 1216/4319/4187 1900/4318/4186 3217/4320/4188
f 1216/4319/4187 3217/4320/4188 1217/4321/4189
f 1217/4321/4189 3217/4320/4188 957/4253/4123
f 1217/4321/4189 957/4253/4123 1866/4322/4190
f 1900/4318/4186 957/4253/4123 3217/4320/4188
f 1217/4321/4189 1866/4322/4190 3218/4323/4191
f 3218/4324/4191 1866/4325/4190 1865/4326/4192
f 3218/4324/4191 1865/4326/4192 1242/4327/4193
f 1242/4327/4193 1865/4326/4192 1864/4328/4194
f 1242/4327/4193 1864/4328/4194 3125/4329/4195
f 3125/4329/4195 1864/4328/4194 983/4260/4128
f 3125/4329/4195 983/4260/4128 1242/4327/4193
f 1242/4327/4193 983/4260/4128 1243/4330/4196
f 1243/4330/4196 983/4260/4128 1831/4331/4197
f 1243/4330/4196 1831/4331/4197 1830/4332/4198
f 1243/4330/4196 1830/4332/4198 1268/4333/4199
f 1268/4333/4199 1830/4332/4198 1829/4334/4200
f 1268/4333/4199 1829/4334/4200 1009/4271/4139
f 1268/4333/4199 1009/4271/4139 1269/4335/4201
f 1269/4335/4201 1009/4271/4139 1796/4336/4202
f 1269/4335/4201 1796/4336/4202 1795/4337/4203
f 1269/4335/4201 1795/4337/4203 1294/4338/4204
f 1294/4338/4204 1795/4337/4203 1794/4339/4205
f 1294/4338/4204 1794/4339/4205 1035/4276/4144
f 1294/4338/4204 1035/4276/4144 3219/4340/4206
f 3219/4340/4206 1035/4276/4144 1761/4341/4207
f 3219/4340/4206 1761/4341/4207 1295/4342/4208
f 1295/4342/4208 1761/4341/4207 1760/4343/4209
f 1295/4342/4208 1760/4343/4209 3220/4344/4210
f 3220/4344/4210 1760/4343/4209 1759/4345/4211
f 3220/4344/4210 1759/4345/4211 1320/4346/4212
f 1320/4346/4212 1759/4345/4211 3221/4347/4213
f 1320/4346/4212 3221/4347/4213 1321/4348/4214
f 1321/4348/4214 3221/4347/4213 1726/4349/4215
f 1321/4348/4214 1726/4349/4215 3126/4350/4216
f 3126/4350/4216 1726/4349/4215 1725/4351/4217
f 3126/4350/4216 1725/4351/4217 1724/4352/4218
f 1759/4345/4211 1061/4353/4219 3221/4347/4213
f 3221/4347/4213 1061/4353/4219 1726/4349/4215
f 1087/4288/4156 3128/4354/4220 1724/4352/4218
f 1724/4352/4218 3128/4354/4220 1356/4355/4221
f 1724/4352/4218 1356/4355/4221 3126/4350/4216
f 3126/4350/4216 1356/4355/4221 1321/4348/4214
f 3128/4354/4220 1087/4288/4156 3127/4356/4222
f 3127/4356/4222 1087/4288/4156 1691/4357/4223
f 3127/4356/4222 1691/4357/4223 1690/4358/4224
f 3127/4356/4222 1690/4358/4224 3131/4359/4225
f 3131/4359/4225 1690/4358/4224 1689/4360/4226
f 3131/4359/4225 1689/4360/4226 3134/4361/4227
f 3134/4361/4227 1689/4360/4226 1113/4362/4228
f 3134/4361/4227 1113/4362/4228 1656/4363/4229
f 3134/4361/4227 1656/4363/4229 3137/4364/4230
f 3137/4364/4230 1656/4363/4229 1655/4365/4231
f 3137/4364/4230 1655/4365/4231 1654/4366/4232
f 3137/4364/4230 1654/4366/4232 3140/4367/4233
f 3140/4367/4233 1654/4366/4232 1139/4302/4170
f 3140/4367/4233 1139/4302/4170 3143/4368/4234
f 3143/4368/4234 1139/4302/4170 1620/4369/4235
f 3143/4368/4234 1620/4369/4235 3146/4370/4236
f 3146/4370/4236 1620/4369/4235 1619/4371/4237
f 3146/4370/4236 1619/4371/4237 3149/4372/4238
f 3149/4372/4238 1619/4371/4237 1165/4308/4176
f 3149/4372/4238 1165/4308/4176 1586/4373/4239
f 1586/4373/4239 1585/4374/4240 3149/4372/4238
f 3149/4372/4238 1585/4374/4240 3152/4375/4241
f 3149/4372/4238 3152/4375/4241 3153/4376/4242
f 3153/4376/4242 3152/4375/4241 3156/4377/4243
f 3153/4376/4242 3156/4377/4243 3157/4378/4244
f 3157/4378/4244 3156/4377/4243 3160/4379/4245
f 3157/4378/4244 3160/4379/4245 3059/4380/4246
f 3059/4380/4246 3160/4379/4245 3058/4381/4247
f 3058/4381/4247 3160/4379/4245 3163/4382/4248
f 3058/4381/4247 3163/4382/4248 3057/4383/4249
f 3057/4383/4249 3163/4382/4248 3081/4384/4250
f 3057/4385/4249 3081/4386/4250 3080/4387/4251
f 3080/4387/4251 3081/4386/4250 3166/4388/4252
f 3080/4387/4251 3166/4388/4252 3079/4389/4253
f 3079/4389/4253 3166/4388/4252 3169/4390/4254
f 3079/4389/4253 3169/4390/4254 3078/4391/4255
f 3078/4391/4255 3169/4390/4254 3172/4392/4256
f 3078/4391/4255 3172/4392/4256 3077/4393/4257
f 3077/4393/4257 3172/4392/4256 3175/4394/4258
f 3077/4393/4257 3175/4394/4258 3076/4395/4259
f 3076/4395/4259 3175/4394/4258 3178/4396/4260
f 3076/4395/4259 3178/4396/4260 3075/4397/4261
f 3075/4397/4261 3178/4396/4260 3179/4398/4262
f 3075/4397/4261 3179/4398/4262 3074/4399/4263
f 3074/4399/4263 3179/4398/4262 3181/4400/4264
f 3074/4399/4263 3181/4400/4264 3073/4401/4265
f 3073/4401/4265 3181/4400/4264 3183/4402/4266
f 3073/4401/4265 3183/4402/4266 3072/4403/4267
f 3072/4403/4267 3183/4402/4266 3185/4404/4268
f 3072/4403/4267 3185/4404/4268 3071/4405/4269
f 3071/4405/4269 3185/4404/4268 3187/4406/4270
f 3071/4405/4269 3187/4406/4270 3070/4407/4271
f 3070/4407/4271 3187/4406/4270 3189/4408/4272
f 3070/4407/4271 3189/4408/4272 3069/4409/4273
f 3069/4409/4273 3189/4408/4272 3129/4410/4274
f 3069/4409/4273 3129/4410/4274 3068/4411/4275
f 3068/4411/4275 3129/4410/4274 3133/4412/4276
f 3068/4411/4275 3133/4412/4276 3067/4413/4277
f 3067/4413/4277 3133/4412/4276 3136/4414/4278
f 3067/4413/4277 3136/4414/4278 3066/4415/4279
f 3066/4415/4279 3136/4414/4278 3139/4416/4280
f 3066/4415/4279 3139/4416/4280 3065/4417/4281
f 3065/4417/4281 3139/4416/4280 3142/4418/4282
f 3065/4417/4281 3142/4418/4282 3064/4419/4283
f 3064/4419/4283 3142/4418/4282 3145/4420/4284
f 3064/4419/4283 3145/4420/4284 3063/4421/4285
f 3063/4421/4285 3145/4420/4284 3148/4422/4286
f 3063/4421/4285 3148/4422/4286 3062/4423/4287
f 3062/4423/4287 3148/4422/4286 3151/4424/4288
f 3062/4423/4287 3151/4424/4288 3061/4425/4289
f 3061/4425/4289 3151/4424/4288 3154/4426/4290
f 3061/4425/4289 3154/4426/4290 3060/4427/4291
f 3060/4427/4291 3154/4426/4290 3157/4378/4244
f 3060/4427/4291 3157/4378/4244 3059/4380/4246
f 1585/4374/4240 1584/4428/4292 3152/4375/4241
f 3152/4375/4241 1584/4428/4292 3155/4429/4293
f 3152/4375/4241 3155/4429/4293 3156/4377/4243
f 3156/4377/4243 3155/4429/4293 3159/4430/4294
f 3156/4377/4243 3159/4430/4294 3160/4379/4245
f 3160/4379/4245 3159/4430/4294 3163/4382/4248
f 1584/4428/4292 1191/4431/4295 3155/4429/4293
f 3155/4429/4293 1191/4431/4295 1551/4432/4296
f 3155/4429/4293 1551/4432/4296 3158/4433/4297
f 3158/4433/4297 1551/4432/4296 1550/4434/4298
f 3158/4433/4297 1550/4434/4298 3161/4435/4299
f 3161/4435/4299 1550/4434/4298 1549/4436/4300
f 3161/4435/4299 1549/4436/4300 1217/4321/4189
f 3161/4435/4299 1217/4321/4189 3083/4437/4301
f 3083/4438/4301 1217/4439/4189 1516/4440/4302
f 3083/4438/4301 1516/4440/4302 1515/4441/4303
f 1514/4442/4304 3164/4443/4305 1515/4441/4303
f 1515/4441/4303 3164/4443/4305 3165/4444/4306
f 1515/4441/4303 3165/4444/4306 3083/4438/4301
f 3083/4438/4301 3165/4444/4306 3082/4445/4307
f 3083/4437/4301 3082/4446/4307 3161/4435/4299
f 3161/4435/4299 3082/4446/4307 3162/4447/4308
f 3161/4435/4299 3162/4447/4308 3158/4433/4297
f 3158/4433/4297 3162/4447/4308 3159/4430/4294
f 3158/4433/4297 3159/4430/4294 3155/4429/4293
f 1243/4330/4196 3167/4448/4309 1514/4442/4304
f 1514/4442/4304 3167/4448/4309 3168/4449/4310
f 1514/4442/4304 3168/4449/4310 3165/4444/4306
f 3165/4444/4306 3168/4449/4310 3169/4390/4254
f 3165/4444/4306 3169/4390/4254 3166/4388/4252
f 1480/4450/4311 3170/4451/4312 1243/4330/4196
f 1243/4330/4196 3170/4451/4312 3171/4452/4313
f 1243/4330/4196 3171/4452/4313 3167/4448/4309
f 3167/4448/4309 3171/4452/4313 3168/4449/4310
f 1479/4453/4314 3173/4454/4315 1480/4450/4311
f 1480/4450/4311 3173/4454/4315 3174/4455/4316
f 1480/4450/4311 3174/4455/4316 3171/4452/4313
f 3171/4452/4313 3174/4455/4316 3175/4394/4258
f 3171/4452/4313 3175/4394/4258 3172/4392/4256
f 1479/4453/4314 1269/4335/4201 3173/4454/4315
f 3173/4454/4315 1269/4335/4201 3174/4455/4316
f 1446/4456/4317 3176/4457/4318 1269/4335/4201
f 1269/4335/4201 3176/4457/4318 3177/4458/4319
f 1269/4335/4201 3177/4458/4319 3174/4455/4316
f 3174/4455/4316 3177/4458/4319 3178/4396/4260
f 3174/4455/4316 3178/4396/4260 3175/4394/4258
f 1446/4456/4317 1445/4459/4320 3176/4457/4318
f 3176/4457/4318 1445/4459/4320 3177/4458/4319
f 3177/4458/4319 1445/4459/4320 3087/4460/4321
f 3087/4460/4321 1445/4459/4320 1444/4461/4322
f 3087/4460/4321 1444/4461/4322 3180/4462/4323
f 3180/4462/4323 1444/4461/4322 1295/4342/4208
f 3180/4462/4323 1295/4342/4208 3182/4463/4324
f 3182/4463/4324 1295/4342/4208 1410/4464/4325
f 3182/4463/4324 1410/4464/4325 3184/4465/4326
f 3184/4465/4326 1410/4464/4325 1409/4466/4327
f 3184/4465/4326 1409/4466/4327 1321/4348/4214
f 3184/4465/4326 1321/4348/4214 3186/4467/4328
f 3186/4467/4328 1321/4348/4214 1349/4468/4329
f 3186/4467/4328 1349/4468/4329 1348/4469/4330
f 3186/4467/4328 1348/4469/4330 3188/4470/4331
f 3188/4470/4331 1348/4469/4330 1347/4471/4332
f 3188/4470/4331 1347/4471/4332 3130/4472/4333
f 3130/4472/4333 1347/4471/4332 1346/4473/4334
f 3130/4472/4333 1346/4473/4334 3132/4474/4335
f 3132/4474/4335 1346/4473/4334 3131/4359/4225
f 3132/4474/4335 3131/4359/4225 3135/4475/4336
f 3135/4475/4336 3131/4359/4225 3134/4361/4227
f 3135/4475/4336 3134/4361/4227 3138/4476/4337
f 3138/4476/4337 3134/4361/4227 3137/4364/4230
f 3138/4476/4337 3137/4364/4230 3141/4477/4338
f 3141/4477/4338 3137/4364/4230 3140/4367/4233
f 3141/4477/4338 3140/4367/4233 3144/4478/4339
f 3144/4478/4339 3140/4367/4233 3143/4368/4234
f 3144/4478/4339 3143/4368/4234 3147/4479/4340
f 3147/4479/4340 3143/4368/4234 3146/4370/4236
f 3147/4479/4340 3146/4370/4236 3150/4480/4341
f 3150/4480/4341 3146/4370/4236 3149/4372/4238
f 3150/4480/4341 3149/4372/4238 3153/4376/4242
f 1356/4355/4221 3128/4354/4220 1346/4473/4334
f 1346/4473/4334 3128/4354/4220 3127/4356/4222
f 1346/4473/4334 3127/4356/4222 3131/4359/4225
f 1320/4346/4212 1295/4342/4208 3220/4344/4210
f 1295/4342/4208 1294/4338/4204 3219/4340/4206
f 1242/4481/4193 1217/4321/4189 3218/4323/4191
f 1216/4319/4187 1191/4431/4295 3123/4317/4185
f 3123/4317/4185 1191/4431/4295 3124/4315/4183
f 1191/4431/4295 1190/4312/4180 3124/4315/4183
f 1190/4312/4180 1165/4308/4176 3094/4310/4178
f 1164/4306/4174 1139/4302/4170 3214/4304/4172
f 1139/4302/4170 1138/4482/4342 3122/4300/4168
f 3122/4300/4168 1138/4482/4342 3091/4298/4166
f 1138/4482/4342 1113/4362/4228 3091/4298/4166
f 3091/4298/4166 1113/4362/4228 3121/4295/4163
f 3121/4295/4163 1113/4362/4228 3119/4294/4162
f 3119/4294/4162 1113/4362/4228 1112/4483/4343
f 3119/4294/4162 1112/4483/4343 3120/4290/4158
f 3120/4290/4158 1112/4483/4343 1087/4288/4156
f 1086/4286/4154 1061/4353/4219 3118/4284/4152
f 3118/4284/4152 1061/4353/4219 3117/4281/4149
f 3117/4281/4149 1061/4353/4219 3089/4280/4148
f 3089/4280/4148 1061/4353/4219 1060/4484/4344
f 3089/4280/4148 1060/4484/4344 3116/4277/4145
f 3116/4277/4145 1060/4484/4344 1035/4276/4144
f 930/4246/4116 905/4242/4112 3209/4244/4114
f 905/4242/4112 904/4238/4108 3208/4240/4110
f 879/4233/4103 878/4232/4102 3206/4231/4101
f 852/4224/4094 827/4293/4161 3113/4222/4092
f 3113/4222/4092 827/4293/4161 3112/4219/4089
f 3112/4219/4089 827/4293/4161 3090/4218/4088
f 3090/4218/4088 827/4293/4161 826/4485/4345
f 3090/4218/4088 826/4485/4345 3111/4215/4085
f 3111/4215/4085 826/4485/4345 801/4213/4083
f 800/4211/4081 775/4272/4140 3110/4209/4079
f 3110/4209/4079 775/4272/4140 3086/4207/4077
f 775/4272/4140 774/4486/4346 3086/4207/4077
f 3086/4207/4077 774/4486/4346 3108/4203/4074
f 3108/4203/4074 774/4486/4346 3109/4201/4072
f 3109/4201/4072 774/4486/4346 749/4200/4071
f 748/4198/4069 723/4194/4065 3202/4196/4067
f 722/4190/4063 697/4187/4060 3095/4186/4059
f 644/4172/4045 619/4168/4041 3093/4170/4043
f 619/4168/4041 618/4164/4037 3200/4166/4039
f 593/4159/4032 592/4158/4031 3198/4157/4030
f 541/4149/4022 540/4487/4347 3088/4143/4016
f 3088/4143/4016 540/4487/4347 3102/4140/4013
f 540/4487/4347 515/4138/4011 3102/4140/4013
f 514/4139/4012 513/4136/4009 3101/4135/4008
f 434/4115/3991 409/4103/3979 3097/4105/3981
f 408/4101/3977 383/4097/3973 3191/4099/3975
f 383/4097/3973 382/4093/3969 3190/4095/3971
f 7/4089/3965 12/4041/3919 104/4087/3963
f 104/4087/3963 12/4041/3919 81/4043/3921
f 3165/4444/4306 3166/4388/4252 3082/4445/4307
f 3082/4445/4307 3166/4388/4252 3081/4386/4250
f 3082/4446/4307 3081/4384/4250 3162/4447/4308
f 3162/4447/4308 3081/4384/4250 3163/4382/4248
f 3162/4447/4308 3163/4382/4248 3159/4430/4294
f 3129/4410/4274 3130/4472/4333 3133/4412/4276
f 3133/4412/4276 3130/4472/4333 3132/4474/4335
f 3133/4412/4276 3132/4474/4335 3136/4414/4278
f 3136/4414/4278 3132/4474/4335 3135/4475/4336
f 3136/4414/4278 3135/4475/4336 3139/4416/4280
f 3139/4416/4280 3135/4475/4336 3138/4476/4337
f 3139/4416/4280 3138/4476/4337 3142/4418/4282
f 3142/4418/4282 3138/4476/4337 3141/4477/4338
f 3142/4418/4282 3141/4477/4338 3145/4420/4284
f 3145/4420/4284 3141/4477/4338 3144/4478/4339
f 3145/4420/4284 3144/4478/4339 3148/4422/4286
f 3148/4422/4286 3144/4478/4339 3147/4479/4340
f 3148/4422/4286 3147/4479/4340 3151/4424/4288
f 3151/4424/4288 3147/4479/4340 3150/4480/4341
f 3151/4424/4288 3150/4480/4341 3154/4426/4290
f 3154/4426/4290 3150/4480/4341 3153/4376/4242
f 3154/4426/4290 3153/4376/4242 3157/4378/4244
f 3130/4472/4333 3129/4410/4274 3188/4470/4331
f 3188/4470/4331 3129/4410/4274 3189/4408/4272
f 3188/4470/4331 3189/4408/4272 3186/4467/4328
f 3186/4467/4328 3189/4408/4272 3187/4406/4270
f 3186/4467/4328 3187/4406/4270 3184/4465/4326
f 3184/4465/4326 3187/4406/4270 3185/4404/4268
f 3184/4465/4326 3185/4404/4268 3182/4463/4324
f 3182/4463/4324 3185/4404/4268 3183/4402/4266
f 3182/4463/4324 3183/4402/4266 3180/4462/4323
f 3180/4462/4323 3183/4402/4266 3181/4400/4264
f 3180/4462/4323 3181/4400/4264 3087/4460/4321
f 3087/4460/4321 3181/4400/4264 3179/4398/4262
f 3087/4460/4321 3179/4398/4262 3177/4458/4319
f 3177/4458/4319 3179/4398/4262 3178/4396/4260
f 1514/4442/4304 3165/4444/4306 3164/4443/4305
f 3172/4392/4256 3169/4390/4254 3168/4449/4310
f 3172/4392/4256 3168/4449/4310 3171/4452/4313
f 1480/4450/4311 3171/4452/4313 3170/4451/4312
f 3223/4488/4348 3254/4489/4349 3222/4490/4350
f 3222/4490/4350 3254/4489/4349 3246/4491/4351
f 3222/4492/4350 3246/4493/4351 3245/4494/4352
f 3245/4494/4352 3246/4493/4351 3430/4495/4353
f 3245/4494/4352 3430/4495/4353 3244/4496/4354
f 3244/4496/4354 3430/4495/4353 3422/4497/4355
f 3244/4496/4354 3422/4497/4355 3243/4498/4356
f 3243/4498/4356 3422/4497/4355 3414/4499/4357
f 3243/4498/4356 3414/4499/4357 3242/4500/4358
f 3242/4500/4358 3414/4499/4357 3406/4501/4359
f 3242/4500/4358 3406/4501/4359 3241/4502/4360
f 3241/4502/4360 3406/4501/4359 3398/4503/4361
f 3241/4502/4360 3398/4503/4361 3240/4504/4362
f 3240/4504/4362 3398/4503/4361 3390/4505/4363
f 3240/4504/4362 3390/4505/4363 3239/4506/4364
f 3239/4506/4364 3390/4505/4363 3382/4507/4365
f 3239/4506/4364 3382/4507/4365 3238/4508/4366
f 3238/4508/4366 3382/4507/4365 3374/4509/4367
f 3238/4508/4366 3374/4509/4367 3237/4510/4368
f 3237/4510/4368 3374/4509/4367 3366/4511/4369
f 3237/4510/4368 3366/4511/4369 3236/4512/4370
f 3236/4512/4370 3366/4511/4369 3358/4513/4371
f 3236/4512/4370 3358/4513/4371 3235/4514/4372
f 3235/4514/4372 3358/4513/4371 3350/4515/4373
f 3235/4514/4372 3350/4515/4373 3234/4516/4374
f 3234/4516/4374 3350/4515/4373 3342/4517/4375
f 3234/4516/4374 3342/4517/4375 3233/4518/4376
f 3233/4518/4376 3342/4517/4375 3334/4519/4377
f 3233/4518/4376 3334/4519/4377 3232/4520/4378
f 3232/4520/4378 3334/4519/4377 3326/4521/4379
f 3232/4520/4378 3326/4521/4379 3231/4522/4380
f 3231/4522/4380 3326/4521/4379 3318/4523/4381
f 3231/4522/4380 3318/4523/4381 3230/4524/4382
f 3230/4524/4382 3318/4523/4381 3310/4525/4383
f 3230/4524/4382 3310/4525/4383 3229/4526/4384
f 3229/4526/4384 3310/4525/4383 3302/4527/4385
f 3229/4526/4384 3302/4527/4385 3228/4528/4386
f 3228/4528/4386 3302/4527/4385 3294/4529/4387
f 3228/4528/4386 3294/4529/4387 3227/4530/4388
f 3227/4530/4388 3294/4529/4387 3286/4531/4389
f 3227/4530/4388 3286/4531/4389 3226/4532/4390
f 3226/4532/4390 3286/4531/4389 3278/4533/4391
f 3226/4532/4390 3278/4533/4391 3225/4534/4392
f 3225/4534/4392 3278/4533/4391 3270/4535/4393
f 3225/4534/4392 3270/4535/4393 3224/4536/4394
f 3224/4536/4394 3270/4535/4393 3262/4537/4395
f 3224/4536/4394 3262/4537/4395 3223/4488/4348
f 3223/4488/4348 3262/4537/4395 3254/4489/4349
f 80/4538/4396 3437/4539/4397 57/4540/4398
f 57/4540/4398 3437/4539/4397 3253/4541/4399
f 57/4542/4398 3253/4543/4399 58/4544/4400
f 58/4544/4400 3253/4543/4399 3261/4545/4401
f 58/4544/4400 3261/4545/4401 59/4546/4402
f 59/4546/4402 3261/4545/4401 3269/4547/4403
f 59/4546/4402 3269/4547/4403 60/4548/4404
f 60/4548/4404 3269/4547/4403 3277/4549/4405
f 60/4548/4404 3277/4549/4405 61/4550/4406
f 61/4550/4406 3277/4549/4405 3285/4551/4407
f 61/4550/4406 3285/4551/4407 62/4552/4408
f 62/4552/4408 3285/4551/4407 3293/4553/4409
f 62/4552/4408 3293/4553/4409 63/4554/4410
f 63/4554/4410 3293/4553/4409 3301/4555/4411
f 63/4554/4410 3301/4555/4411 64/4556/4412
f 64/4556/4412 3301/4555/4411 3309/4557/4413
f 64/4556/4412 3309/4557/4413 65/4558/4414
f 65/4558/4414 3309/4557/4413 3317/4559/4415
f 65/4558/4414 3317/4559/4415 66/4560/4416
f 66/4560/4416 3317/4559/4415 3325/4561/4417
f 66/4560/4416 3325/4561/4417 67/4562/4418
f 67/4562/4418 3325/4561/4417 3333/4563/4419
f 67/4562/4418 3333/4563/4419 68/4564/4420
f 68/4564/4420 3333/4563/4419 3341/4565/4421
f 68/4564/4420 3341/4565/4421 69/4566/4422
f 69/4566/4422 3341/4565/4421 3349/4567/4423
f 69/4566/4422 3349/4567/4423 70/4568/4424
f 70/4568/4424 3349/4567/4423 3357/4569/4425
f 70/4568/4424 3357/4569/4425 71/4570/4426
f 71/4570/4426 3357/4569/4425 3365/4571/4427
f 71/4570/4426 3365/4571/4427 72/4572/4428
f 72/4572/4428 3365/4571/4427 3373/4573/4429
f 72/4572/4428 3373/4573/4429 73/4574/4430
f 73/4574/4430 3373/4573/4429 3381/4575/4431
f 73/4574/4430 3381/4575/4431 74/4576/4432
f 74/4576/4432 3381/4575/4431 3389/4577/4433
f 74/4576/4432 3389/4577/4433 75/4578/4434
f 75/4578/4434 3389/4577/4433 3397/4579/4435
f 75/4578/4434 3397/4579/4435 76/4580/4436
f 76/4580/4436 3397/4579/4435 3405/4581/4437
f 76/4580/4436 3405/4581/4437 77/4582/4438
f 77/4582/4438 3405/4581/4437 3413/4583/4439
f 77/4582/4438 3413/4583/4439 78/4584/4440
f 78/4584/4440 3413/4583/4439 3421/4585/4441
f 78/4584/4440 3421/4585/4441 79/4586/4442
f 79/4586/4442 3421/4585/4441 3429/4587/4443
f 79/4586/4442 3429/4587/4443 80/4538/4396
f 80/4538/4396 3429/4587/4443 3437/4539/4397
f 3246/4493/4351 3247/4588/4444 3430/4495/4353
f 3430/4495/4353 3247/4588/4444 3431/4589/4445
f 3430/4495/4353 3431/4589/4445 3422/4497/4355
f 3422/4497/4355 3431/4589/4445 3423/4590/4446
f 3422/4497/4355 3423/4590/4446 3414/4499/4357
f 3414/4499/4357 3423/4590/4446 3415/4591/4447
f 3414/4499/4357 3415/4591/4447 3406/4501/4359
f 3406/4501/4359 3415/4591/4447 3407/4592/4448
f 3406/4501/4359 3407/4592/4448 3398/4503/4361
f 3398/4503/4361 3407/4592/4448 3399/4593/4449
f 3398/4503/4361 3399/4593/4449 3390/4505/4363
f 3390/4505/4363 3399/4593/4449 3391/4594/4450
f 3390/4505/4363 3391/4594/4450 3382/4507/4365
f 3382/4507/4365 3391/4594/4450 3383/4595/4451
f 3382/4507/4365 3383/4595/4451 3374/4509/4367
f 3374/4509/4367 3383/4595/4451 3375/4596/4452
f 3374/4509/4367 3375/4596/4452 3366/4511/4369
f 3366/4511/4369 3375/4596/4452 3367/4597/4453
f 3366/4511/4369 3367/4597/4453 3358/4513/4371
f 3358/4513/4371 3367/4597/4453 3359/4598/4454
f 3358/4513/4371 3359/4598/4454 3350/4515/4373
f 3350/4515/4373 3359/4598/4454 3351/4599/4455
f 3350/4515/4373 3351/4599/4455 3342/4517/4375
f 3342/4517/4375 3351/4599/4455 3343/4600/4456
f 3342/4517/4375 3343/4600/4456 3334/4519/4377
f 3334/4519/4377 3343/4600/4456 3335/4601/4457
f 3334/4519/4377 3335/4601/4457 3326/4521/4379
f 3326/4521/4379 3335/4601/4457 3327/4602/4458
f 3326/4521/4379 3327/4602/4458 3318/4523/4381
f 3318/4523/4381 3327/4602/4458 3319/4603/4459
f 3318/4523/4381 3319/4603/4459 3310/4525/4383
f 3310/4525/4383 3319/4603/4459 3311/4604/4460
f 3310/4525/4383 3311/4604/4460 3302/4527/4385
f 3302/4527/4385 3311/4604/4460 3303/4605/4461
f 3302/4527/4385 3303/4605/4461 3294/4529/4387
f 3294/4529/4387 3303/4605/4461 3295/4606/4462
f 3294/4529/4387 3295/4606/4462 3286/4531/4389
f 3286/4531/4389 3295/4606/4462 3287/4607/4463
f 3286/4531/4389 3287/4607/4463 3278/4533/4391
f 3278/4533/4391 3287/4607/4463 3279/4608/4464
f 3278/4533/4391 3279/4608/4464 3270/4535/4393
f 3270/4535/4393 3279/4608/4464 3271/4609/4465
f 3270/4535/4393 3271/4609/4465 3262/4537/4395
f 3262/4537/4395 3271/4609/4465 3263/4610/4466
f 3262/4537/4395 3263/4610/4466 3254/4489/4349
f 3254/4489/4349 3263/4610/4466 3255/4611/4467
f 3254/4489/4349 3255/4611/4467 3246/4491/4351
f 3246/4491/4351 3255/4611/4467 3247/4612/4444
f 3247/4588/4444 3248/4613/4468 3431/4589/4445
f 3431/4589/4445 3248/4613/4468 3432/4614/4469
f 3431/4589/4445 3432/4614/4469 3423/4590/4446
f 3423/4590/4446 3432/4614/4469 3424/4615/4470
f 3423/4590/4446 3424/4615/4470 3415/4591/4447
f 3415/4591/4447 3424/4615/4470 3416/4616/4471
f 3415/4591/4447 3416/4616/4471 3407/4592/4448
f 3407/4592/4448 3416/4616/4471 3408/4617/4472
f 3407/4592/4448 3408/4617/4472 3399/4593/4449
f 3399/4593/4449 3408/4617/4472 3400/4618/4473
f 3399/4593/4449 3400/4618/4473 3391/4594/4450
f 3391/4594/4450 3400/4618/4473 3392/4619/4474
f 3391/4594/4450 3392/4619/4474 3383/4595/4451
f 3383/4595/4451 3392/4619/4474 3384/4620/4475
f 3383/4595/4451 3384/4620/4475 3375/4596/4452
f 3375/4596/4452 3384/4620/4475 3376/4621/4476
f 3375/4596/4452 3376/4621/4476 3367/4597/4453
f 3367/4597/4453 3376/4621/4476 3368/4622/4477
f 3367/4597/4453 3368/4622/4477 3359/4598/4454
f 3359/4598/4454 3368/4622/4477 3360/4623/4478
f 3359/4598/4454 3360/4623/4478 3351/4599/4455
f 3351/4599/4455 3360/4623/4478 3352/4624/4479
f 3351/4599/4455 3352/4624/4479 3343/4600/4456
f 3343/4600/4456 3352/4624/4479 3344/4625/4480
f 3343/4600/4456 3344/4625/4480 3335/4601/4457
f 3335/4601/4457 3344/4625/4480 3336/4626/4481
f 3335/4601/4457 3336/4626/4481 3327/4602/4458
f 3327/4602/4458 3336/4626/4481 3328/4627/4482
f 3327/4602/4458 3328/4627/4482 3319/4603/4459
f 3319/4603/4459 3328/4627/4482 3320/4628/4483
f 3319/4603/4459 3320/4628/4483 3311/4604/4460
f 3311/4604/4460 3320/4628/4483 3312/4629/4484
f 3311/4604/4460 3312/4629/4484 3303/4605/4461
f 3303/4605/4461 3312/4629/4484 3304/4630/4485
f 3303/4605/4461 3304/4630/4485 3295/4606/4462
f 3295/4606/4462 3304/4630/4485 3296/4631/4486
f 3295/4606/4462 3296/4631/4486 3287/4607/4463
f 3287/4607/4463 3296/4631/4486 3288/4632/4487
f 3287/4607/4463 3288/4632/4487 3279/4608/4464
f 3279/4608/4464 3288/4632/4487 3280/4633/4488
f 3279/4608/4464 3280/4633/4488 3271/4609/4465
f 3271/4609/4465 3280/4633/4488 3272/4634/4489
f 3271/4609/4465 3272/4634/4489 3263/4610/4466
f 3263/4610/4466 3272/4634/4489 3264/4635/4490
f 3263/4610/4466 3264/4635/4490 3255/4611/4467
f 3255/4611/4467 3264/4635/4490 3256/4636/4491
f 3255/4611/4467 3256/4636/4491 3247/4612/4444
f 3247/4612/4444 3256/4636/4491 3248/4637/4468
f 3248/4613/4468 3249/4638/4492 3432/4614/4469
f 3432/4614/4469 3249/4638/4492 3433/4639/4493
f 3432/4614/4469 3433/4639/4493 3424/4615/4470
f 3424/4615/4470 3433/4639/4493 3425/4640/4494
f 3424/4615/4470 3425/4640/4494 3416/4616/4471
f 3416/4616/4471 3425/4640/4494 3417/4641/4495
f 3416/4616/4471 3417/4641/4495 3408/4617/4472
f 3408/4617/4472 3417/4641/4495 3409/4642/4496
f 3408/4617/4472 3409/4642/4496 3400/4618/4473
f 3400/4618/4473 3409/4642/4496 3401/4643/4497
f 3400/4618/4473 3401/4643/4497 3392/4619/4474
f 3392/4619/4474 3401/4643/4497 3393/4644/4498
f 3392/4619/4474 3393/4644/4498 3384/4620/4475
f 3384/4620/4475 3393/4644/4498 3385/4645/4499
f 3384/4620/4475 3385/4645/4499 3376/4621/4476
f 3376/4621/4476 3385/4645/4499 3377/4646/4500
f 3376/4621/4476 3377/4646/4500 3368/4622/4477
f 3368/4622/4477 3377/4646/4500 3369/4647/4501
f 3368/4622/4477 3369/4647/4501 3360/4623/4478
f 3360/4623/4478 3369/4647/4501 3361/4648/4502
f 3360/4623/4478 3361/4648/4502 3352/4624/4479
f 3352/4624/4479 3361/4648/4502 3353/4649/4503
f 3352/4624/4479 3353/4649/4503 3344/4625/4480
f 3344/4625/4480 3353/4649/4503 3345/4650/4504
f 3344/4625/4480 3345/4650/4504 3336/4626/4481
f 3336/4626/4481 3345/4650/4504 3337/4651/4505
f 3336/4626/4481 3337/4651/4505 3328/4627/4482
f 3328/4627/4482 3337/4651/4505 3329/4652/4506
f 3328/4627/4482 3329/4652/4506 3320/4628/4483
f 3320/4628/4483 3329/4652/4506 3321/4653/4507
f 3320/4628/4483 3321/4653/4507 3312/4629/4484
f 3312/4629/4484 3321/4653/4507 3313/4654/4508
f 3312/4629/4484 3313/4654/4508 3304/4630/4485
f 3304/4630/4485 3313/4654/4508 3305/4655/4509
f 3304/4630/4485 3305/4655/4509 3296/4631/4486
f 3296/4631/4486 3305/4655/4509 3297/4656/4510
f 3296/4631/4486 3297/4656/4510 3288/4632/4487
f 3288/4632/4487 3297/4656/4510 3289/4657/4511
f 3288/4632/4487 3289/4657/4511 3280/4633/4488
f 3280/4633/4488 3289/4657/4511 3281/4658/4512
f 3280/4633/4488 3281/4658/4512 3272/4634/4489
f 3272/4634/4489 3281/4658/4512 3273/4659/4513
f 3272/4634/4489 3273/4659/4513 3264/4635/4490
f 3264/4635/4490 3273/4659/4513 3265/4660/4514
f 3264/4635/4490 3265/4660/4514 3256/4636/4491
f 3256/4636/4491 3265/4660/4514 3257/4661/4515
f 3256/4636/4491 3257/4661/4515 3248/4637/4468
f 3248/4637/4468 3257/4661/4515 3249/4662/4492
f 3249/4638/4492 3250/4663/4516 3433/4639/4493
f 3433/4639/4493 3250/4663/4516 3434/4664/4517
f 3433/4639/4493 3434/4664/4517 3425/4640/4494
f 3425/4640/4494 3434/4664/4517 3426/4665/4518
f 3425/4640/4494 3426/4665/4518 3417/4641/4495
f 3417/4641/4495 3426/4665/4518 3418/4666/4519
f 3417/4641/4495 3418/4666/4519 3409/4642/4496
f 3409/4642/4496 3418/4666/4519 3410/4667/4520
f 3409/4642/4496 3410/4667/4520 3401/4643/4497
f 3401/4643/4497 3410/4667/4520 3402/4668/4521
f 3401/4643/4497 3402/4668/4521 3393/4644/4498
f 3393/4644/4498 3402/4668/4521 3394/4669/4522
f 3393/4644/4498 3394/4669/4522 3385/4645/4499
f 3385/4645/4499 3394/4669/4522 3386/4670/4523
f 3385/4645/4499 3386/4670/4523 3377/4646/4500
f 3377/4646/4500 3386/4670/4523 3378/4671/4524
f 3377/4646/4500 3378/4671/4524 3369/4647/4501
f 3369/4647/4501 3378/4671/4524 3370/4672/4525
f 3369/4647/4501 3370/4672/4525 3361/4648/4502
f 3361/4648/4502 3370/4672/4525 3362/4673/4526
f 3361/4648/4502 3362/4673/4526 3353/4649/4503
f 3353/4649/4503 3362/4673/4526 3354/4674/4527
f 3353/4649/4503 3354/4674/4527 3345/4650/4504
f 3345/4650/4504 3354/4674/4527 3346/4675/4528
f 3345/4650/4504 3346/4675/4528 3337/4651/4505
f 3337/4651/4505 3346/4675/4528 3338/4676/4529
f 3337/4651/4505 3338/4676/4529 3329/4652/4506
f 3329/4652/4506 3338/4676/4529 3330/4677/4530
f 3329/4652/4506 3330/4677/4530 3321/4653/4507
f 3321/4653/4507 3330/4677/4530 3322/4678/4531
f 3321/4653/4507 3322/4678/4531 3313/4654/4508
f 3313/4654/4508 3322/4678/4531 3314/4679/4532
f 3313/4654/4508 3314/4679/4532 3305/4655/4509
f 3305/4655/4509 3314/4679/4532 3306/4680/4533
f 3305/4655/4509 3306/4680/4533 3297/4656/4510
f 3297/4656/4510 3306/4680/4533 3298/4681/4534
f 3297/4656/4510 3298/4681/4534 3289/4657/4511
f 3289/4657/4511 3298/4681/4534 3290/4682/4535
f 3289/4657/4511 3290/4682/4535 3281/4658/4512
f 3281/4658/4512 3290/4682/4535 3282/4683/4536
f 3281/4658/4512 3282/4683/4536 3273/4659/4513
f 3273/4659/4513 3282/4683/4536 3274/4684/4537
f 3273/4659/4513 3274/4684/4537 3265/4660/4514
f 3265/4660/4514 3274/4684/4537 3266/4685/4538
f 3265/4660/4514 3266/4685/4538 3257/4661/4515
f 3257/4661/4515 3266/4685/4538 3258/4686/4539
f 3257/4661/4515 3258/4686/4539 3249/4662/4492
f 3249/4662/4492 3258/4686/4539 3250/4687/4516
f 3250/4663/4516 3251/4688/4540 3434/4664/4517
f 3434/4664/4517 3251/4688/4540 3435/4689/4541
f 3434/4664/4517 3435/4689/4541 3426/4665/4518
f 3426/4665/4518 3435/4689/4541 3427/4690/4542
f 3426/4665/4518 3427/4690/4542 3418/4666/4519
f 3418/4666/4519 3427/4690/4542 3419/4691/4543
f 3418/4666/4519 3419/4691/4543 3410/4667/4520
f 3410/4667/4520 3419/4691/4543 3411/4692/4544
f 3410/4667/4520 3411/4692/4544 3402/4668/4521
f 3402/4668/4521 3411/4692/4544 3403/4693/4545
f 3402/4668/4521 3403/4693/4545 3394/4669/4522
f 3394/4669/4522 3403/4693/4545 3395/4694/4546
f 3394/4669/4522 3395/4694/4546 3386/4670/4523
f 3386/4670/4523 3395/4694/4546 3387/4695/4547
f 3386/4670/4523 3387/4695/4547 3378/4671/4524
f 3378/4671/4524 3387/4695/4547 3379/4696/4548
f 3378/4671/4524 3379/4696/4548 3370/4672/4525
f 3370/4672/4525 3379/4696/4548 3371/4697/4549
f 3370/4672/4525 3371/4697/4549 3362/4673/4526
f 3362/4673/4526 3371/4697/4549 3363/4698/4550
f 3362/4673/4526 3363/4698/4550 3354/4674/4527
f 3354/4674/4527 3363/4698/4550 3355/4699/4551
f 3354/4674/4527 3355/4699/4551 3346/4675/4528
f 3346/4675/4528 3355/4699/4551 3347/4700/4552
f 3346/4675/4528 3347/4700/4552 3338/4676/4529
f 3338/4676/4529 3347/4700/4552 3339/4701/4553
f 3338/4676/4529 3339/4701/4553 3330/4677/4530
f 3330/4677/4530 3339/4701/4553 3331/4702/4554
f 3330/4677/4530 3331/4702/4554 3322/4678/4531
f 3322/4678/4531 3331/4702/4554 3323/4703/4555
f 3322/4678/4531 3323/4703/4555 3314/4679/4532
f 3314/4679/4532 3323/4703/4555 3315/4704/4556
f 3314/4679/4532 3315/4704/4556 3306/4680/4533
f 3306/4680/4533 3315/4704/4556 3307/4705/4557
f 3306/4680/4533 3307/4705/4557 3298/4681/4534
f 3298/4681/4534 3307/4705/4557 3299/4706/4558
f 3298/4681/4534 3299/4706/4558 3290/4682/4535
f 3290/4682/4535 3299/4706/4558 3291/4707/4559
f 3290/4682/4535 3291/4707/4559 3282/4683/4536
f 3282/4683/4536 3291/4707/4559 3283/4708/4560
f 3282/4683/4536 3283/4708/4560 3274/4684/4537
f 3274/4684/4537 3283/4708/4560 3275/4709/4561
f 3274/4684/4537 3275/4709/4561 3266/4685/4538
f 3266/4685/4538 3275/4709/4561 3267/4710/4562
f 3266/4685/4538 3267/4710/4562 3258/4686/4539
f 3258/4686/4539 3267/4710/4562 3259/4711/4563
f 3258/4686/4539 3259/4711/4563 3250/4687/4516
f 3250/4687/4516 3259/4711/4563 3251/4712/4540
f 3251/4688/4540 3252/4713/4564 3435/4689/4541
f 3435/4689/4541 3252/4713/4564 3436/4714/4565
f 3435/4689/4541 3436/4714/4565 3427/4690/4542
f 3427/4690/4542 3436/4714/4565 3428/4715/4566
f 3427/4690/4542 3428/4715/4566 3419/4691/4543
f 3419/4691/4543 3428/4715/4566 3420/4716/4567
f 3419/4691/4543 3420/4716/4567 3411/4692/4544
f 3411/4692/4544 3420/4716/4567 3412/4717/4568
f 3411/4692/4544 3412/4717/4568 3403/4693/4545
f 3403/4693/4545 3412/4717/4568 3404/4718/4569
f 3403/4693/4545 3404/4718/4569 3395/4694/4546
f 3395/4694/4546 3404/4718/4569 3396/4719/4570
f 3395/4694/4546 3396/4719/4570 3387/4695/4547
f 3387/4695/4547 3396/4719/4570 3388/4720/4571
f 3387/4695/4547 3388/4720/4571 3379/4696/4548
f 3379/4696/4548 3388/4720/4571 3380/4721/4572
f 3379/4696/4548 3380/4721/4572 3371/4697/4549
f 3371/4697/4549 3380/4721/4572 3372/4722/4573
f 3371/4697/4549 3372/4722/4573 3363/4698/4550
f 3363/4698/4550 3372/4722/4573 3364/4723/4574
f 3363/4698/4550 3364/4723/4574 3355/4699/4551
f 3355/4699/4551 3364/4723/4574 3356/4724/4575
f 3355/4699/4551 3356/4724/4575 3347/4700/4552
f 3347/4700/4552 3356/4724/4575 3348/4725/4576
f 3347/4700/4552 3348/4725/4576 3339/4701/4553
f 3339/4701/4553 3348/4725/4576 3340/4726/4577
f 3339/4701/4553 3340/4726/4577 3331/4702/4554
f 3331/4702/4554 3340/4726/4577 3332/4727/4578
f 3331/4702/4554 3332/4727/4578 3323/4703/4555
f 3323/4703/4555 3332/4727/4578 3324/4728/4579
f 3323/4703/4555 3324/4728/4579 3315/4704/4556
f 3315/4704/4556 3324/4728/4579 3316/4729/4580
f 3315/4704/4556 3316/4729/4580 3307/4705/4557
f 3307/4705/4557 3316/4729/4580 3308/4730/4581
f 3307/4705/4557 3308/4730/4581 3299/4706/4558
f 3299/4706/4558 3308/4730/4581 3300/4731/4582
f 3299/4706/4558 3300/4731/4582 3291/4707/4559
f 3291/4707/4559 3300/4731/4582 3292/4732/4583
f 3291/4707/4559 3292/4732/4583 3283/4708/4560
f 3283/4708/4560 3292/4732/4583 3284/4733/4584
f 3283/4708/4560 3284/4733/4584 3275/4709/4561
f 3275/4709/4561 3284/4733/4584 3276/4734/4585
f 3275/4709/4561 3276/4734/4585 3267/4710/4562
f 3267/4710/4562 3276/4734/4585 3268/4735/4586
f 3267/4710/4562 3268/4735/4586 3259/4711/4563
f 3259/4711/4563 3268/4735/4586 3260/4736/4587
f 3259/4711/4563 3260/4736/4587 3251/4712/4540
f 3251/4712/4540 3260/4736/4587 3252/4737/4564
f 3252/4713/4564 3253/4541/4399 3436/4714/4565
f 3436/4714/4565 3253/4541/4399 3437/4539/4397
f 3436/4714/4565 3437/4539/4397 3428/4715/4566
f 3428/4715/4566 3437/4539/4397 3429/4587/4443
f 3428/4715/4566 3429/4587/4443 3420/4716/4567
f 3420/4716/4567 3429/4587/4443 3421/4585/4441
f 3420/4716/4567 3421/4585/4441 3412/4717/4568
f 3412/4717/4568 3421/4585/4441 3413/4583/4439
f 3412/4717/4568 3413/4583/4439 3404/4718/4569
f 3404/4718/4569 3413/4583/4439 3405/4581/4437
f 3404/4718/4569 3405/4581/4437 3396/4719/4570
f 3396/4719/4570 3405/4581/4437 3397/4579/4435
f 3396/4719/4570 3397/4579/4435 3388/4720/4571
f 3388/4720/4571 3397/4579/4435 3389/4577/4433
f 3388/4720/4571 3389/4577/4433 3380/4721/4572
f 3380/4721/4572 3389/4577/4433 3381/4575/4431
f 3380/4721/4572 3381/4575/4431 3372/4722/4573
f 3372/4722/4573 3381/4575/4431 3373/4573/4429
f 3372/4722/4573 3373/4573/4429 3364/4723/4574
f 3364/4723/4574 3373/4573/4429 3365/4571/4427
f 3364/4723/4574 3365/4571/4427 3356/4724/4575
f 3356/4724/4575 3365/4571/4427 3357/4569/4425
f 3356/4724/4575 3357/4569/4425 3348/4725/4576
f 3348/4725/4576 3357/4569/4425 3349/4567/4423
f 3348/4725/4576 3349/4567/4423 3340/4726/4577
f 3340/4726/4577 3349/4567/4423 3341/4565/4421
f 3340/4726/4577 3341/4565/4421 3332/4727/4578
f 3332/4727/4578 3341/4565/4421 3333/4563/4419
f 3332/4727/4578 3333/4563/4419 3324/4728/4579
f 3324/4728/4579 3333/4563/4419 3325/4561/4417
f 3324/4728/4579 3325/4561/4417 3316/4729/4580
f 3316/4729/4580 3325/4561/4417 3317/4559/4415
f 3316/4729/4580 3317/4559/4415 3308/4730/4581
f 3308/4730/4581 3317/4559/4415 3309/4557/4413
f 3308/4730/4581 3309/4557/4413 3300/4731/4582
f 3300/4731/4582 3309/4557/4413 3301/4555/4411
f 3300/4731/4582 3301/4555/4411 3292/4732/4583
f 3292/4732/4583 3301/4555/4411 3293/4553/4409
f 3292/4732/4583 3293/4553/4409 3284/4733/4584
f 3284/4733/4584 3293/4553/4409 3285/4551/4407
f 3284/4733/4584 3285/4551/4407 3276/4734/4585
f 3276/4734/4585 3285/4551/4407 3277/4549/4405
f 3276/4734/4585 3277/4549/4405 3268/4735/4586
f 3268/4735/4586 3277/4549/4405 3269/4547/4403
f 3268/4735/4586 3269/4547/4403 3260/4736/4587
f 3260/4736/4587 3269/4547/4403 3261/4545/4401
f 3260/4736/4587 3261/4545/4401 3252/4737/4564
f 3252/4737/4564 3261/4545/4401 3253/4543/4399
f 3223/4738/4588 3222/4739/4589 3057/4740/4590
f 3057/4740/4590 3222/4739/4589 3245/4741/4591
f 3057/4740/4590 3245/4741/4591 3058/4742/4592
f 3058/4742/4592 3245/4741/4591 3244/4743/4593
f 3058/4742/4592 3244/4743/4593 3059/4744/4594
f 3059/4744/4594 3244/4743/4593 3243/4745/4595
f 3059/4744/4594 3243/4745/4595 3060/4746/4596
f 3060/4746/4596 3243/4745/4595 3242/4747/4597
f 3060/4746/4596 3242/4747/4597 3061/4748/4598
f 3061/4748/4598 3242/4747/4597 3241/4749/4599
f 3061/4748/4598 3241/4749/4599 3062/4750/4600
f 3062/4750/4600 3241/4749/4599 3240/4751/4601
f 3062/4750/4600 3240/4751/4601 3063/4752/4602
f 3063/4752/4602 3240/4751/4601 3064/4753/4603
f 3064/4753/4603 3240/4751/4601 3239/4754/4604
f 3064/4753/4603 3239/4754/4604 3065/4755/4605
f 3065/4755/4605 3239/4754/4604 3238/4756/4606
f 3065/4755/4605 3238/4756/4606 3066/4757/4607
f 3066/4757/4607 3238/4756/4606 3237/4758/4608
f 3066/4757/4607 3237/4758/4608 3067/4759/4609
f 3067/4759/4609 3237/4758/4608 3236/4760/4610
f 3067/4759/4609 3236/4760/4610 3068/4761/4611
f 3068/4761/4611 3236/4760/4610 3235/4762/4612
f 3068/4761/4611 3235/4762/4612 3069/4763/4613
f 3069/4763/4613 3235/4762/4612 3234/4764/4614
f 3069/4763/4613 3234/4764/4614 3070/4765/4615
f 3070/4765/4615 3234/4764/4614 3233/4766/4616
f 3070/4765/4615 3233/4766/4616 3232/4767/4617
f 3070/4765/4615 3232/4767/4617 3071/4768/4618
f 3071/4768/4618 3232/4767/4617 3231/4769/4619
f 3071/4768/4618 3231/4769/4619 3072/4770/4620
f 3072/4770/4620 3231/4769/4619 3230/4771/4621
f 3072/4770/4620 3230/4771/4621 3073/4772/4622
f 3073/4772/4622 3230/4771/4621 3229/4773/4623
f 3073/4772/4622 3229/4773/4623 3074/4774/4624
f 3074/4774/4624 3229/4773/4623 3228/4775/4625
f 3074/4774/4624 3228/4775/4625 3075/4776/4626
f 3075/4776/4626 3228/4775/4625 3076/4777/4627
f 3076/4777/4627 3228/4775/4625 3227/4778/4628
f 3076/4777/4627 3227/4778/4628 3077/4779/4629
f 3077/4779/4629 3227/4778/4628 3226/4780/4630
f 3077/4779/4629 3226/4780/4630 3078/4781/4631
f 3078/4781/4631 3226/4780/4630 3225/4782/4632
f 3078/4781/4631 3225/4782/4632 3079/4783/4633
f 3079/4783/4633 3225/4782/4632 3224/4784/4634
f 3079/4783/4633 3224/4784/4634 3080/4785/4635
f 3080/4785/4635 3224/4784/4634 3223/4738/4588
f 3080/4785/4635 3223/4738/4588 3057/4740/4590
# 3437 vertices
# 4785 texture params
# 4635 normals
# 6966 facets

# 1 groups
