# WaveFront *.obj file (generated by Autodesk ATF)

mtllib Model.mtl

g Body1

v -0.700000 -0.150000 0.000000
v -0.700000 0.150000 0.000000
v -0.700000 0.144889 -0.038823
v -0.700000 0.129904 -0.075000
v -0.700000 0.106066 -0.106066
v -0.700000 0.075000 -0.129904
v -0.700000 0.038823 -0.144889
v -0.700000 0.000000 -0.150000
v -0.700000 -0.038823 -0.144889
v -0.700000 -0.075000 -0.129904
v -0.700000 -0.106066 -0.106066
v -0.700000 -0.129904 -0.075000
v -0.700000 -0.144889 -0.038823
v -2.900000 0.150000 0.000000
v -2.900000 0.144889 -0.038823
v -2.900000 0.129904 -0.075000
v -2.900000 0.106066 -0.106066
v -2.900000 0.075000 -0.129904
v -2.900000 0.038823 -0.144889
v -2.900000 0.000000 -0.150000
v -2.900000 -0.038823 -0.144889
v -2.900000 -0.075000 -0.129904
v -2.900000 -0.106066 -0.106066
v -2.900000 -0.129904 -0.075000
v -2.900000 -0.144889 -0.038823
v -2.900000 -0.150000 0.000000
v -2.166667 0.144889 -0.038823
v -1.433333 0.144889 -0.038823
v -2.166667 0.129904 -0.075000
v -1.433333 0.129904 -0.075000
v -2.166667 0.106066 -0.106066
v -1.433333 0.106066 -0.106066
v -2.166667 0.075000 -0.129904
v -1.433333 0.075000 -0.129904
v -2.166667 0.038823 -0.144889
v -1.433333 0.038823 -0.144889
v -2.166667 0.000000 -0.150000
v -1.433333 0.000000 -0.150000
v -2.166667 -0.038823 -0.144889
v -1.433333 -0.038823 -0.144889
v -2.166667 -0.075000 -0.129904
v -1.433333 -0.075000 -0.129904
v -2.166667 -0.106066 -0.106066
v -1.433333 -0.106066 -0.106066
v -2.166667 -0.129904 -0.075000
v -1.433333 -0.129904 -0.075000
v -2.166667 -0.144889 -0.038823
v -1.433333 -0.144889 -0.038823
v -2.850000 0.100000 0.650000
v -0.750000 0.100000 0.650000
v -0.700000 0.150000 0.600000
v -2.900000 0.150000 0.600000
v -0.750000 -0.100000 0.650000
v -0.700000 -0.150000 0.600000
v -2.850000 -0.100000 0.650000
v -2.900000 -0.150000 0.600000
v -2.900000 0.150000 0.476970
v -2.900000 0.050695 0.497423
v -2.900000 -0.050695 0.497423
v -2.900000 -0.150000 0.476970
v -0.700000 0.150000 0.476970
v -0.600000 -0.400000 0.000000
v -0.600000 -0.386370 0.103528
v -0.600000 -0.346410 0.200000
v -0.600000 -0.282843 0.282843
v -0.600000 -0.200000 0.346410
v -0.600000 -0.103528 0.386370
v -0.600000 0.000000 0.400000
v -0.600000 0.103528 0.386370
v -0.600000 0.200000 0.346410
v -0.600000 0.282843 0.282843
v -0.600000 0.346410 0.200000
v -0.600000 0.386370 0.103528
v -0.600000 0.400000 0.000000
v -0.600000 0.386370 -0.103528
v -0.600000 0.346410 -0.200000
v -0.600000 0.282843 -0.282843
v -0.600000 0.200000 -0.346410
v -0.600000 0.103528 -0.386370
v -0.600000 0.000000 -0.400000
v -0.600000 -0.103528 -0.386370
v -0.600000 -0.200000 -0.346410
v -0.600000 -0.282843 -0.282843
v -0.600000 -0.346410 -0.200000
v -0.600000 -0.386370 -0.103528
v -0.700000 -0.150000 0.476970
v -0.700000 -0.266691 0.422938
v -0.700000 -0.365741 0.340930
v -0.700000 -0.440600 0.236373
v -0.700000 -0.486315 0.116180
v -0.700000 -0.499863 -0.011697
v -0.700000 -0.480348 -0.138801
v -0.700000 -0.429061 -0.256723
v -0.700000 -0.349393 -0.357665
v -0.700000 -0.246615 -0.434949
v -0.700000 -0.127525 -0.483464
v -0.700000 0.000000 -0.500000
v -0.700000 0.127525 -0.483464
v -0.700000 0.246615 -0.434949
v -0.700000 0.349393 -0.357665
v -0.700000 0.429061 -0.256723
v -0.700000 0.480348 -0.138801
v -0.700000 0.499863 -0.011697
v -0.700000 0.486315 0.116180
v -0.700000 0.440600 0.236373
v -0.700000 0.365741 0.340930
v -0.700000 0.266691 0.422938
v -0.700000 0.050695 0.497423
v -0.700000 -0.050695 0.497423
v -6.500000 -0.500000 0.000000
v -6.500000 -0.482963 0.129410
v -6.500000 -0.433013 0.250000
v -6.500000 -0.353553 0.353553
v -6.500000 -0.250000 0.433013
v -6.500000 -0.129410 0.482963
v -6.500000 0.000000 0.500000
v -6.500000 0.129410 0.482963
v -6.500000 0.250000 0.433013
v -6.500000 0.353553 0.353553
v -6.500000 0.433013 0.250000
v -6.500000 0.482963 0.129410
v -6.500000 0.500000 0.000000
v -6.500000 0.482963 -0.129410
v -6.500000 0.433013 -0.250000
v -6.500000 0.353553 -0.353553
v -6.500000 0.250000 -0.433013
v -6.500000 0.129410 -0.482963
v -6.500000 0.000000 -0.500000
v -6.500000 -0.129410 -0.482963
v -6.500000 -0.250000 -0.433013
v -6.500000 -0.353553 -0.353553
v -6.500000 -0.433013 -0.250000
v -6.500000 -0.482963 -0.129410
v -6.600000 -0.400000 -0.000000
v -6.600000 -0.386370 -0.103528
v -6.600000 -0.346410 -0.200000
v -6.600000 -0.282843 -0.282843
v -6.600000 -0.200000 -0.346410
v -6.600000 -0.103528 -0.386370
v -6.600000 0.000000 -0.400000
v -6.600000 0.103528 -0.386370
v -6.600000 0.200000 -0.346410
v -6.600000 0.282843 -0.282843
v -6.600000 0.346410 -0.200000
v -6.600000 0.386370 -0.103528
v -6.600000 0.400000 0.000000
v -6.600000 0.386370 0.103528
v -6.600000 0.346410 0.200000
v -6.600000 0.282843 0.282843
v -6.600000 0.200000 0.346410
v -6.600000 0.103528 0.386370
v -6.600000 0.000000 0.400000
v -6.600000 -0.103528 0.386370
v -6.600000 -0.200000 0.346410
v -6.600000 -0.282843 0.282843
v -6.600000 -0.346410 0.200000
v -6.600000 -0.386370 0.103528
v -3.600000 0.500000 0.000000
v -3.600000 0.250000 0.433013
v -3.600000 0.129410 0.482963
v -3.600000 0.353553 0.353553
v -3.600000 0.433013 0.250000
v -3.600000 0.482963 0.129410
v -3.600000 0.482963 -0.129410
v -3.600000 0.433013 -0.250000
v -3.600000 0.353553 -0.353553
v -3.600000 0.250000 -0.433013
v -3.600000 0.129410 -0.482963
v -3.600000 0.000000 -0.500000
v -3.600000 -0.129410 -0.482963
v -3.600000 -0.250000 -0.433013
v -3.600000 -0.353553 -0.353553
v -3.600000 -0.433013 -0.250000
v -3.600000 -0.482963 -0.129410
v -3.600000 -0.500000 0.000000
v -3.600000 -0.482963 0.129410
v -3.600000 -0.433013 0.250000
v -3.600000 -0.353553 0.353553
v -3.600000 -0.250000 0.433013
v -3.600000 -0.129410 0.482963
v -3.600000 -0.000000 0.500000
vt 0.000000 0.150000 0.000000
vt -0.038823 0.144889 0.000000
vt 0.000000 -0.150000 0.000000
vt -0.038823 -0.144889 0.000000
vt -0.075000 -0.129904 0.000000
vt -0.075000 0.129904 0.000000
vt -0.106066 -0.106066 0.000000
vt -0.106066 0.106066 0.000000
vt -0.129904 -0.075000 0.000000
vt -0.129904 0.075000 0.000000
vt -0.144889 -0.038823 0.000000
vt -0.144889 0.038823 0.000000
vt -0.150000 0.000000 0.000000
vt -1.100000 -0.431969 0.000000
vt -1.100000 -0.471239 0.000000
vt -0.366667 -0.431969 0.000000
vt 1.100000 -0.471239 0.000000
vt 0.366667 -0.431969 0.000000
vt 1.100000 -0.431969 0.000000
vt 0.366667 -0.392699 0.000000
vt 1.100000 -0.392699 0.000000
vt 0.366667 -0.353429 0.000000
vt 1.100000 -0.353429 0.000000
vt 0.366667 -0.314159 0.000000
vt 1.100000 -0.314159 0.000000
vt 0.366667 -0.274889 0.000000
vt 1.100000 -0.274889 0.000000
vt 0.366667 -0.235619 0.000000
vt 1.100000 -0.235619 0.000000
vt 0.366667 -0.196350 0.000000
vt 1.100000 -0.196350 0.000000
vt 0.366667 -0.157080 0.000000
vt 1.100000 -0.157080 0.000000
vt 0.366667 -0.117810 0.000000
vt 1.100000 -0.117810 0.000000
vt 0.366667 -0.078540 0.000000
vt 1.100000 -0.078540 0.000000
vt 0.366667 -0.039270 0.000000
vt 1.100000 -0.039270 0.000000
vt 1.100000 0.000000 0.000000
vt -1.100000 0.000000 0.000000
vt -0.366667 -0.039270 0.000000
vt -0.366667 -0.078540 0.000000
vt -0.366667 -0.117810 0.000000
vt -0.366667 -0.157080 0.000000
vt -0.366667 -0.196350 0.000000
vt -0.366667 -0.235619 0.000000
vt -0.366667 -0.274889 0.000000
vt -0.366667 -0.314159 0.000000
vt -0.366667 -0.353429 0.000000
vt -0.366667 -0.392699 0.000000
vt -1.100000 -0.039270 0.000000
vt -1.100000 -0.078540 0.000000
vt -1.100000 -0.117810 0.000000
vt -1.100000 -0.157080 0.000000
vt -1.100000 -0.196350 0.000000
vt -1.100000 -0.235619 0.000000
vt -1.100000 -0.274889 0.000000
vt -1.100000 -0.314159 0.000000
vt -1.100000 -0.353429 0.000000
vt -1.100000 -0.392699 0.000000
vt 0.000000 0.300000 0.000000
vt 0.000000 0.000000 0.000000
vt 0.038823 0.294889 0.000000
vt 0.038823 0.005111 0.000000
vt 0.075000 0.020096 0.000000
vt 0.075000 0.279904 0.000000
vt 0.106066 0.043934 0.000000
vt 0.106066 0.256066 0.000000
vt 0.129904 0.075000 0.000000
vt 0.129904 0.225000 0.000000
vt 0.144889 0.111177 0.000000
vt 0.144889 0.188823 0.000000
vt 0.150000 0.150000 0.000000
vt -1.100000 -0.150000 0.000000
vt 1.100000 -0.150000 0.000000
vt -1.100000 0.150000 0.000000
vt 1.100000 0.150000 0.000000
vt -1.600000 -0.035355 0.000000
vt 0.500000 -0.035355 0.000000
vt -1.650000 0.035355 0.000000
vt 0.550000 0.035355 0.000000
vt -0.035355 -0.025000 0.000000
vt 0.035355 -0.075000 0.000000
vt -0.035355 0.175000 0.000000
vt 0.035355 0.225000 0.000000
vt 1.600000 0.035355 0.000000
vt -0.500000 0.035355 0.000000
vt 1.650000 -0.035355 0.000000
vt -0.550000 -0.035355 0.000000
vt -0.035355 0.075000 0.000000
vt -0.035355 -0.225000 0.000000
vt 0.035355 0.025000 0.000000
vt 0.035355 -0.175000 0.000000
vt 0.300000 0.476970 0.000000
vt 0.300000 0.600000 0.000000
vt 0.200695 0.497423 0.000000
vt 0.000000 0.600000 0.000000
vt 0.099305 0.497423 0.000000
vt 0.000000 0.476970 0.000000
vt 2.200000 0.600000 0.000000
vt 0.000000 0.600000 0.000000
vt 2.200000 0.476970 0.000000
vt -0.000000 0.476970 0.000000
vt 1.050000 0.100000 0.000000
vt -1.050000 0.100000 0.000000
vt 1.050000 -0.100000 0.000000
vt -1.050000 -0.100000 0.000000
vt 0.070711 -1.295907 0.000000
vt -0.070711 -1.308190 0.000000
vt 0.070711 -1.413717 0.000000
vt 0.070711 1.413717 0.000000
vt -0.070711 1.519243 0.000000
vt -0.070711 1.403188 0.000000
vt 0.070711 1.295907 0.000000
vt -0.070711 1.287133 0.000000
vt 0.070711 1.178097 0.000000
vt -0.070711 1.171078 0.000000
vt 0.070711 1.060288 0.000000
vt -0.070711 1.055023 0.000000
vt 0.070711 0.942478 0.000000
vt -0.070711 0.938968 0.000000
vt 0.070711 0.824668 0.000000
vt -0.070711 0.822913 0.000000
vt 0.070711 0.706858 0.000000
vt -0.070711 0.706858 0.000000
vt -0.070711 0.590803 0.000000
vt -0.070711 -1.192135 0.000000
vt 0.070711 -1.178097 0.000000
vt -0.070711 -1.076080 0.000000
vt 0.070711 -1.060288 0.000000
vt -0.070711 -0.960025 0.000000
vt 0.070711 -0.942478 0.000000
vt -0.070711 -0.843970 0.000000
vt 0.070711 -0.824668 0.000000
vt -0.070711 -0.752562 0.000000
vt 0.070711 -0.706858 0.000000
vt -0.070711 -0.661154 0.000000
vt 0.070711 -0.589049 0.000000
vt -0.070711 -0.569747 0.000000
vt 0.070711 -0.471239 0.000000
vt -0.070711 -0.453692 0.000000
vt 0.070711 -0.353429 0.000000
vt -0.070711 -0.337637 0.000000
vt 0.070711 -0.235619 0.000000
vt -0.070711 -0.221582 0.000000
vt 0.070711 -0.117810 0.000000
vt -0.070711 -0.105527 0.000000
vt 0.070711 0.000000 0.000000
vt -0.070711 0.010528 0.000000
vt 0.070711 0.117810 0.000000
vt -0.070711 0.126583 0.000000
vt 0.070711 0.235619 0.000000
vt -0.070711 0.242638 0.000000
vt 0.070711 0.353429 0.000000
vt -0.070711 0.358693 0.000000
vt 0.070711 0.471239 0.000000
vt -0.070711 0.474748 0.000000
vt 0.070711 0.589049 0.000000
vt -0.000000 0.100000 0.000000
vt 0.103528 0.113630 0.000000
vt -0.103528 0.113630 0.000000
vt -0.200000 0.153590 0.000000
vt 0.200000 0.153590 0.000000
vt -0.282843 0.217157 0.000000
vt 0.282843 0.217157 0.000000
vt -0.346410 0.300000 0.000000
vt 0.346410 0.300000 0.000000
vt -0.386370 0.396472 0.000000
vt 0.386370 0.396472 0.000000
vt -0.400000 0.500000 0.000000
vt 0.400000 0.500000 0.000000
vt -0.386370 0.603528 0.000000
vt 0.386370 0.603528 0.000000
vt -0.346410 0.700000 0.000000
vt 0.346410 0.700000 0.000000
vt -0.282843 0.782843 0.000000
vt 0.282843 0.782843 0.000000
vt -0.200000 0.846410 0.000000
vt 0.200000 0.846410 0.000000
vt -0.103528 0.886370 0.000000
vt 0.103528 0.886370 0.000000
vt 0.000000 0.900000 0.000000
vt 0.070711 -1.295907 0.000000
vt -0.070711 -1.295907 0.000000
vt 0.070711 -1.413717 0.000000
vt -0.070711 -1.413717 0.000000
vt 0.070711 1.413717 0.000000
vt -0.070711 1.413717 0.000000
vt 0.070711 1.295907 0.000000
vt -0.070711 1.295907 0.000000
vt 0.070711 1.178097 0.000000
vt -0.070711 1.178097 0.000000
vt 0.070711 1.060288 0.000000
vt -0.070711 1.060288 0.000000
vt 0.070711 0.942478 0.000000
vt -0.070711 0.942478 0.000000
vt 0.070711 0.824668 0.000000
vt -0.070711 0.824668 0.000000
vt 0.070711 0.706858 0.000000
vt -0.070711 0.706858 0.000000
vt 0.070711 0.589049 0.000000
vt -0.070711 0.589049 0.000000
vt 0.070711 0.471239 0.000000
vt -0.070711 0.471239 0.000000
vt 0.070711 0.353429 0.000000
vt -0.070711 0.353429 0.000000
vt 0.070711 0.235619 0.000000
vt -0.070711 0.235619 0.000000
vt 0.070711 0.117810 0.000000
vt -0.070711 0.117810 0.000000
vt 0.070711 0.000000 0.000000
vt -0.070711 0.000000 0.000000
vt 0.070711 -0.117810 0.000000
vt -0.070711 -0.117810 0.000000
vt 0.070711 -0.235619 0.000000
vt -0.070711 -0.235619 0.000000
vt 0.070711 -0.353429 0.000000
vt -0.070711 -0.353429 0.000000
vt 0.070711 -0.471239 0.000000
vt -0.070711 -0.471239 0.000000
vt 0.070711 -0.589049 0.000000
vt -0.070711 -0.589049 0.000000
vt 0.070711 -0.706858 0.000000
vt -0.070711 -0.706858 0.000000
vt 0.070711 -0.824668 0.000000
vt -0.070711 -0.824668 0.000000
vt 0.070711 -0.942478 0.000000
vt -0.070711 -0.942478 0.000000
vt 0.070711 -1.060288 0.000000
vt -0.070711 -1.060288 0.000000
vt 0.070711 -1.178097 0.000000
vt -0.070711 -1.178097 0.000000
vt 0.700000 0.937744 0.000000
vt 2.900000 0.937744 0.000000
vt 0.000000 1.047198 0.000000
vt 2.900000 1.066694 0.000000
vt 0.000000 1.178097 0.000000
vt 2.900000 1.195644 0.000000
vt 0.000000 1.308997 0.000000
vt 2.900000 1.324594 0.000000
vt 0.000000 1.439897 0.000000
vt 2.900000 1.453544 0.000000
vt 0.000000 1.570796 0.000000
vt 0.000000 -1.570796 0.000000
vt 2.900000 -1.688048 0.000000
vt 2.900000 -1.559098 0.000000
vt 0.000000 -1.439897 0.000000
vt 2.900000 -1.430148 0.000000
vt 0.000000 -1.308997 0.000000
vt 2.900000 -1.301198 0.000000
vt 0.000000 -1.178097 0.000000
vt 2.900000 -1.172248 0.000000
vt 0.000000 -1.047198 0.000000
vt 2.900000 -1.043298 0.000000
vt 0.000000 -0.916298 0.000000
vt 2.900000 -0.914348 0.000000
vt 0.000000 -0.785398 0.000000
vt 2.900000 -0.785398 0.000000
vt 2.900000 -0.656448 0.000000
vt 0.000000 -0.654498 0.000000
vt 2.900000 -0.527498 0.000000
vt 0.000000 -0.523599 0.000000
vt 2.900000 -0.398548 0.000000
vt 0.000000 -0.392699 0.000000
vt 2.900000 -0.269598 0.000000
vt 0.000000 -0.261799 0.000000
vt 2.900000 -0.140648 0.000000
vt 0.000000 -0.130900 0.000000
vt 2.900000 -0.011698 0.000000
vt 0.000000 0.000000 0.000000
vt 2.900000 0.117252 0.000000
vt 0.000000 0.130900 0.000000
vt 2.900000 0.246202 0.000000
vt 0.000000 0.261799 0.000000
vt 2.900000 0.375152 0.000000
vt 0.000000 0.392699 0.000000
vt 2.900000 0.504102 0.000000
vt 0.000000 0.523599 0.000000
vt 2.900000 0.633052 0.000000
vt 0.700000 0.633052 0.000000
vt 0.000000 0.654498 0.000000
vt 0.700000 0.734616 0.000000
vt 0.000000 0.785398 0.000000
vt 0.700000 0.836180 0.000000
vt -2.900000 0.916298 0.000000
vt 0.000000 0.916298 0.000000
vt -2.900000 1.047198 0.000000
vt -2.900000 1.178097 0.000000
vt -2.900000 1.308997 0.000000
vt -2.900000 1.439897 0.000000
vt -2.900000 1.570796 0.000000
vt -2.900000 -1.570796 0.000000
vt -2.900000 -1.439897 0.000000
vt -2.900000 -1.308997 0.000000
vt -2.900000 -1.178097 0.000000
vt -2.900000 -1.047198 0.000000
vt -2.900000 -0.916298 0.000000
vt -2.900000 -0.785398 0.000000
vt -2.900000 -0.654498 0.000000
vt -2.900000 -0.523599 0.000000
vt -2.900000 -0.392699 0.000000
vt -2.900000 -0.261799 0.000000
vt -2.900000 -0.130900 0.000000
vt -2.900000 0.000000 0.000000
vt -2.900000 0.130900 0.000000
vt -2.900000 0.261799 0.000000
vt -2.900000 0.392699 0.000000
vt -2.900000 0.523599 0.000000
vt -2.900000 0.654498 0.000000
vt -2.900000 0.785398 0.000000
vt -0.000000 -0.400000 0.000000
vt 0.103528 -0.386370 0.000000
vt -0.103528 -0.386370 0.000000
vt -0.200000 -0.346410 0.000000
vt 0.200000 -0.346410 0.000000
vt -0.282843 -0.282843 0.000000
vt 0.282843 -0.282843 0.000000
vt -0.346410 -0.200000 0.000000
vt 0.346410 -0.200000 0.000000
vt -0.386370 -0.103528 0.000000
vt 0.386370 -0.103528 0.000000
vt -0.400000 0.000000 0.000000
vt 0.400000 0.000000 0.000000
vt -0.386370 0.103528 0.000000
vt 0.386370 0.103528 0.000000
vt -0.346410 0.200000 0.000000
vt 0.346410 0.200000 0.000000
vt -0.282843 0.282843 0.000000
vt 0.282843 0.282843 0.000000
vt -0.200000 0.346410 0.000000
vt 0.200000 0.346410 0.000000
vt -0.103528 0.386370 0.000000
vt 0.103528 0.386370 0.000000
vt 0.000000 0.400000 0.000000
vt 2.200000 0.600000 0.000000
vt 0.000000 0.600000 0.000000
vt 2.200000 0.476970 0.000000
vt 0.000000 0.476970 0.000000
vt 0.300000 0.476970 0.000000
vt 0.300000 0.600000 0.000000
vt 0.200695 0.497423 0.000000
vt 0.000000 0.600000 0.000000
vt 0.099305 0.497423 0.000000
vt 0.000000 0.476970 0.000000
vn -1.000000 -0.000000 -0.000000
vn -1.000000 -0.000000 -0.000000
vn -1.000000 -0.000000 -0.000000
vn -1.000000 -0.000000 -0.000000
vn -1.000000 -0.000000 -0.000000
vn -1.000000 -0.000000 -0.000000
vn -1.000000 -0.000000 -0.000000
vn -1.000000 -0.000000 -0.000000
vn -1.000000 -0.000000 -0.000000
vn -1.000000 -0.000000 -0.000000
vn -1.000000 -0.000000 -0.000000
vn -1.000000 -0.000000 -0.000000
vn -1.000000 -0.000000 -0.000000
vn 0.000000 -0.965926 0.258819
vn 0.000000 -1.000000 0.000000
vn 0.000000 -0.965926 0.258819
vn 0.000000 -1.000000 0.000000
vn 0.000000 -0.965926 0.258819
vn 0.000000 -0.965926 0.258819
vn 0.000000 -0.866025 0.500000
vn 0.000000 -0.866025 0.500000
vn 0.000000 -0.707107 0.707107
vn 0.000000 -0.707107 0.707107
vn 0.000000 -0.500000 0.866025
vn 0.000000 -0.500000 0.866025
vn 0.000000 -0.258819 0.965926
vn 0.000000 -0.258819 0.965926
vn 0.000000 -0.000000 1.000000
vn 0.000000 -0.000000 1.000000
vn 0.000000 0.258819 0.965926
vn 0.000000 0.258819 0.965926
vn 0.000000 0.500000 0.866025
vn 0.000000 0.500000 0.866025
vn 0.000000 0.707107 0.707107
vn 0.000000 0.707107 0.707107
vn 0.000000 0.866025 0.500000
vn 0.000000 0.866025 0.500000
vn 0.000000 0.965926 0.258819
vn 0.000000 0.965926 0.258819
vn 0.000000 1.000000 0.000000
vn 0.000000 1.000000 0.000000
vn 0.000000 0.965926 0.258819
vn 0.000000 0.866025 0.500000
vn 0.000000 0.707107 0.707107
vn 0.000000 0.500000 0.866025
vn 0.000000 0.258819 0.965926
vn 0.000000 -0.000000 1.000000
vn 0.000000 -0.258819 0.965926
vn 0.000000 -0.500000 0.866025
vn 0.000000 -0.707107 0.707107
vn 0.000000 -0.866025 0.500000
vn 0.000000 0.965926 0.258819
vn 0.000000 0.866025 0.500000
vn 0.000000 0.707107 0.707107
vn 0.000000 0.500000 0.866025
vn 0.000000 0.258819 0.965926
vn 0.000000 -0.000000 1.000000
vn 0.000000 -0.258819 0.965926
vn 0.000000 -0.500000 0.866025
vn 0.000000 -0.707107 0.707107
vn 0.000000 -0.866025 0.500000
vn 1.000000 0.000000 0.000000
vn 1.000000 0.000000 0.000000
vn 1.000000 0.000000 0.000000
vn 1.000000 0.000000 0.000000
vn 1.000000 0.000000 0.000000
vn 1.000000 0.000000 0.000000
vn 1.000000 0.000000 0.000000
vn 1.000000 0.000000 0.000000
vn 1.000000 0.000000 0.000000
vn 1.000000 0.000000 0.000000
vn 1.000000 0.000000 0.000000
vn 1.000000 0.000000 0.000000
vn 1.000000 0.000000 0.000000
vn -0.000000 -0.000000 -1.000000
vn -0.000000 -0.000000 -1.000000
vn -0.000000 -0.000000 -1.000000
vn -0.000000 -0.000000 -1.000000
vn 0.000000 0.707107 0.707107
vn 0.000000 0.707107 0.707107
vn 0.000000 0.707107 0.707107
vn 0.000000 0.707107 0.707107
vn 0.707107 -0.000000 0.707107
vn 0.707107 -0.000000 0.707107
vn 0.707107 -0.000000 0.707107
vn 0.707107 -0.000000 0.707107
vn 0.000000 -0.707107 0.707107
vn 0.000000 -0.707107 0.707107
vn 0.000000 -0.707107 0.707107
vn 0.000000 -0.707107 0.707107
vn -0.707107 0.000000 0.707107
vn -0.707107 0.000000 0.707107
vn -0.707107 0.000000 0.707107
vn -0.707107 0.000000 0.707107
vn -1.000000 0.000000 0.000000
vn -1.000000 0.000000 0.000000
vn -1.000000 0.000000 0.000000
vn -1.000000 0.000000 0.000000
vn -1.000000 0.000000 0.000000
vn -1.000000 0.000000 0.000000
vn 0.000000 1.000000 -0.000000
vn 0.000000 1.000000 -0.000000
vn 0.000000 1.000000 -0.000000
vn 0.000000 1.000000 -0.000000
vn 0.000000 0.000000 1.000000
vn 0.000000 0.000000 1.000000
vn 0.000000 0.000000 1.000000
vn 0.000000 0.000000 1.000000
vn 0.707107 -0.683013 0.183013
vn 0.707107 -0.687753 0.164304
vn 0.707107 -0.707107 0.000000
vn 0.707107 -0.706913 -0.016542
vn 0.707107 -0.683013 -0.183013
vn 0.707107 -0.679315 -0.196294
vn 0.707107 -0.612372 -0.353553
vn 0.707107 -0.606784 -0.363062
vn 0.707107 -0.500000 -0.500000
vn 0.707107 -0.494117 -0.505815
vn 0.707107 -0.353553 -0.612372
vn 0.707107 -0.348767 -0.615111
vn 0.707107 -0.183013 -0.683013
vn 0.707107 -0.180348 -0.683721
vn 0.707107 0.000000 -0.707107
vn 0.707107 0.000000 -0.707107
vn 0.707107 0.180348 -0.683721
vn 0.707107 -0.623102 0.334281
vn 0.707107 -0.612372 0.353553
vn 0.707107 -0.517236 0.482148
vn 0.707107 -0.500000 0.500000
vn 0.707107 -0.377157 0.598124
vn 0.707107 -0.353553 0.612372
vn 0.707107 -0.212132 0.674537
vn 0.707107 -0.183013 0.683013
vn 0.707107 -0.071693 0.703463
vn 0.707107 0.000000 0.707107
vn 0.707107 0.071693 0.703463
vn 0.707107 0.183013 0.683013
vn 0.707107 0.212132 0.674537
vn 0.707107 0.353553 0.612372
vn 0.707107 0.377157 0.598124
vn 0.707107 0.500000 0.500000
vn 0.707107 0.517236 0.482148
vn 0.707107 0.612372 0.353553
vn 0.707107 0.623102 0.334281
vn 0.707107 0.683013 0.183013
vn 0.707107 0.687753 0.164304
vn 0.707107 0.707107 -0.000000
vn 0.707107 0.706913 -0.016542
vn 0.707107 0.683013 -0.183013
vn 0.707107 0.679315 -0.196294
vn 0.707107 0.612372 -0.353553
vn 0.707107 0.606784 -0.363062
vn 0.707107 0.500000 -0.500000
vn 0.707107 0.494117 -0.505815
vn 0.707107 0.353553 -0.612372
vn 0.707107 0.348767 -0.615111
vn 0.707107 0.183013 -0.683013
vn 1.000000 0.000000 0.000000
vn 1.000000 0.000000 0.000000
vn 1.000000 0.000000 0.000000
vn 1.000000 0.000000 0.000000
vn 1.000000 0.000000 0.000000
vn 1.000000 0.000000 0.000000
vn 1.000000 0.000000 0.000000
vn 1.000000 0.000000 0.000000
vn 1.000000 0.000000 0.000000
vn 1.000000 0.000000 0.000000
vn 1.000000 0.000000 0.000000
vn 1.000000 0.000000 0.000000
vn 1.000000 0.000000 0.000000
vn 1.000000 0.000000 0.000000
vn 1.000000 0.000000 0.000000
vn 1.000000 0.000000 0.000000
vn 1.000000 0.000000 0.000000
vn 1.000000 0.000000 0.000000
vn 1.000000 0.000000 0.000000
vn 1.000000 0.000000 0.000000
vn 1.000000 0.000000 0.000000
vn 1.000000 0.000000 0.000000
vn 1.000000 0.000000 0.000000
vn 1.000000 0.000000 0.000000
vn -0.707107 -0.683013 0.183013
vn -0.707107 -0.683013 0.183013
vn -0.707107 -0.707107 0.000000
vn -0.707107 -0.707107 0.000000
vn -0.707107 -0.683013 -0.183013
vn -0.707107 -0.683013 -0.183013
vn -0.707107 -0.612372 -0.353553
vn -0.707107 -0.612372 -0.353553
vn -0.707107 -0.500000 -0.500000
vn -0.707107 -0.500000 -0.500000
vn -0.707107 -0.353553 -0.612372
vn -0.707107 -0.353553 -0.612372
vn -0.707107 -0.183013 -0.683013
vn -0.707107 -0.183013 -0.683013
vn -0.707107 0.000000 -0.707107
vn -0.707107 0.000000 -0.707107
vn -0.707107 0.183013 -0.683013
vn -0.707107 0.183013 -0.683013
vn -0.707107 0.353553 -0.612372
vn -0.707107 0.353553 -0.612372
vn -0.707107 0.500000 -0.500000
vn -0.707107 0.500000 -0.500000
vn -0.707107 0.612372 -0.353553
vn -0.707107 0.612372 -0.353553
vn -0.707107 0.683013 -0.183013
vn -0.707107 0.683013 -0.183013
vn -0.707107 0.707107 -0.000000
vn -0.707107 0.707107 -0.000000
vn -0.707107 0.683013 0.183013
vn -0.707107 0.683013 0.183013
vn -0.707107 0.612372 0.353553
vn -0.707107 0.612372 0.353553
vn -0.707107 0.500000 0.500000
vn -0.707107 0.500000 0.500000
vn -0.707107 0.353553 0.612372
vn -0.707107 0.353553 0.612372
vn -0.707107 0.183013 0.683013
vn -0.707107 0.183013 0.683013
vn -0.707107 0.000000 0.707107
vn -0.707107 0.000000 0.707107
vn -0.707107 -0.183013 0.683013
vn -0.707107 -0.183013 0.683013
vn -0.707107 -0.353553 0.612372
vn -0.707107 -0.353553 0.612372
vn -0.707107 -0.500000 0.500000
vn -0.707107 -0.500000 0.500000
vn -0.707107 -0.612372 0.353553
vn -0.707107 -0.612372 0.353553
vn 0.000000 0.300000 0.953939
vn 0.000000 0.300000 0.953939
vn 0.000000 0.500000 0.866025
vn 0.000000 0.533381 0.845875
vn 0.000000 0.707107 0.707107
vn 0.000000 0.731482 0.681861
vn 0.000000 0.866025 0.500000
vn 0.000000 0.881199 0.472745
vn 0.000000 0.965926 0.258819
vn 0.000000 0.972630 0.232360
vn 0.000000 1.000000 0.000000
vn 0.000000 0.999726 -0.023394
vn 0.000000 0.965926 -0.258819
vn 0.000000 0.960696 -0.277601
vn 0.000000 0.866025 -0.500000
vn 0.000000 0.858122 -0.513447
vn 0.000000 0.707107 -0.707107
vn 0.000000 0.698787 -0.715330
vn 0.000000 0.500000 -0.866025
vn 0.000000 0.493231 -0.869898
vn 0.000000 0.258819 -0.965926
vn 0.000000 0.255051 -0.966928
vn 0.000000 0.000000 -1.000000
vn 0.000000 0.000000 -1.000000
vn 0.000000 -0.255051 -0.966928
vn 0.000000 -0.258819 -0.965926
vn 0.000000 -0.493231 -0.869898
vn 0.000000 -0.500000 -0.866025
vn 0.000000 -0.698787 -0.715330
vn 0.000000 -0.707107 -0.707107
vn 0.000000 -0.858122 -0.513447
vn 0.000000 -0.866025 -0.500000
vn 0.000000 -0.960696 -0.277601
vn 0.000000 -0.965926 -0.258819
vn 0.000000 -0.999726 -0.023394
vn 0.000000 -1.000000 0.000000
vn 0.000000 -0.972630 0.232360
vn 0.000000 -0.965926 0.258819
vn 0.000000 -0.881199 0.472745
vn 0.000000 -0.866025 0.500000
vn 0.000000 -0.731482 0.681861
vn 0.000000 -0.707107 0.707107
vn 0.000000 -0.533381 0.845875
vn 0.000000 -0.500000 0.866025
vn 0.000000 -0.300000 0.953939
vn 0.000000 -0.300000 0.953939
vn 0.000000 -0.258819 0.965926
vn 0.000000 -0.101390 0.994847
vn 0.000000 -0.000000 1.000000
vn 0.000000 0.101390 0.994847
vn 0.000000 0.258819 0.965926
vn 0.000000 0.258819 0.965926
vn 0.000000 0.500000 0.866025
vn 0.000000 0.707107 0.707107
vn 0.000000 0.866025 0.500000
vn 0.000000 0.965926 0.258819
vn 0.000000 1.000000 0.000000
vn 0.000000 0.965926 -0.258819
vn 0.000000 0.866025 -0.500000
vn 0.000000 0.707107 -0.707107
vn 0.000000 0.500000 -0.866025
vn 0.000000 0.258819 -0.965926
vn 0.000000 0.000000 -1.000000
vn 0.000000 -0.258819 -0.965926
vn 0.000000 -0.500000 -0.866025
vn 0.000000 -0.707107 -0.707107
vn 0.000000 -0.866025 -0.500000
vn 0.000000 -0.965926 -0.258819
vn 0.000000 -1.000000 0.000000
vn 0.000000 -0.965926 0.258819
vn 0.000000 -0.866025 0.500000
vn 0.000000 -0.707107 0.707107
vn 0.000000 -0.500000 0.866025
vn 0.000000 -0.258819 0.965926
vn 0.000000 0.000000 1.000000
vn -1.000000 -0.000000 -0.000000
vn -1.000000 -0.000000 -0.000000
vn -1.000000 -0.000000 -0.000000
vn -1.000000 -0.000000 -0.000000
vn -1.000000 -0.000000 -0.000000
vn -1.000000 -0.000000 -0.000000
vn -1.000000 -0.000000 -0.000000
vn -1.000000 -0.000000 -0.000000
vn -1.000000 -0.000000 -0.000000
vn -1.000000 -0.000000 -0.000000
vn -1.000000 -0.000000 -0.000000
vn -1.000000 -0.000000 -0.000000
vn -1.000000 -0.000000 -0.000000
vn -1.000000 -0.000000 -0.000000
vn -1.000000 -0.000000 -0.000000
vn -1.000000 -0.000000 -0.000000
vn -1.000000 -0.000000 -0.000000
vn -1.000000 -0.000000 -0.000000
vn -1.000000 -0.000000 -0.000000
vn -1.000000 -0.000000 -0.000000
vn -1.000000 -0.000000 -0.000000
vn -1.000000 -0.000000 -0.000000
vn -1.000000 -0.000000 -0.000000
vn -1.000000 -0.000000 -0.000000
vn 0.000000 -1.000000 0.000000
vn 0.000000 -1.000000 0.000000
vn 0.000000 -1.000000 0.000000
vn 0.000000 -1.000000 0.000000
vn 1.000000 0.000000 0.000000
vn 1.000000 0.000000 0.000000
vn 1.000000 0.000000 0.000000
vn 1.000000 0.000000 0.000000
vn 1.000000 0.000000 0.000000
vn 1.000000 0.000000 0.000000
usemtl Powder_Coat_-_Rough_(Green)
f 2/1/1 3/2/2 1/3/3
f 1/3/3 3/2/2 13/4/4
f 13/4/4 3/2/2 12/5/5
f 12/5/5 3/2/2 4/6/6
f 12/5/5 4/6/6 11/7/7
f 11/7/7 4/6/6 5/8/8
f 11/7/7 5/8/8 10/9/9
f 10/9/9 5/8/8 6/10/10
f 10/9/9 6/10/10 9/11/11
f 9/11/11 6/10/10 7/12/12
f 9/11/11 7/12/12 8/13/13
f 3/14/14 2/15/15 28/16/16
f 28/16/16 2/15/15 14/17/17
f 28/16/16 14/17/17 27/18/18
f 27/18/18 14/17/17 15/19/19
f 27/18/18 15/19/19 29/20/20
f 29/20/20 15/19/19 16/21/21
f 29/20/20 16/21/21 31/22/22
f 31/22/22 16/21/21 17/23/23
f 31/22/22 17/23/23 33/24/24
f 33/24/24 17/23/23 18/25/25
f 33/24/24 18/25/25 35/26/26
f 35/26/26 18/25/25 19/27/27
f 35/26/26 19/27/27 37/28/28
f 37/28/28 19/27/27 20/29/29
f 37/28/28 20/29/29 39/30/30
f 39/30/30 20/29/29 21/31/31
f 39/30/30 21/31/31 41/32/32
f 41/32/32 21/31/31 22/33/33
f 41/32/32 22/33/33 43/34/34
f 43/34/34 22/33/33 23/35/35
f 43/34/34 23/35/35 45/36/36
f 45/36/36 23/35/35 24/37/37
f 45/36/36 24/37/37 47/38/38
f 47/38/38 24/37/37 25/39/39
f 47/38/38 25/39/39 26/40/40
f 26/40/40 1/41/41 47/38/38
f 47/38/38 1/41/41 48/42/42
f 47/38/38 48/42/42 45/36/36
f 45/36/36 48/42/42 46/43/43
f 45/36/36 46/43/43 43/34/34
f 43/34/34 46/43/43 44/44/44
f 43/34/34 44/44/44 41/32/32
f 41/32/32 44/44/44 42/45/45
f 41/32/32 42/45/45 39/30/30
f 39/30/30 42/45/45 40/46/46
f 39/30/30 40/46/46 37/28/28
f 37/28/28 40/46/46 38/47/47
f 37/28/28 38/47/47 35/26/26
f 35/26/26 38/47/47 36/48/48
f 35/26/26 36/48/48 33/24/24
f 33/24/24 36/48/48 34/49/49
f 33/24/24 34/49/49 31/22/22
f 31/22/22 34/49/49 32/50/50
f 31/22/22 32/50/50 29/20/20
f 29/20/20 32/50/50 30/51/51
f 29/20/20 30/51/51 27/18/18
f 27/18/18 30/51/51 28/16/16
f 1/41/41 13/52/52 48/42/42
f 48/42/42 13/52/52 46/43/43
f 13/52/52 12/53/53 46/43/43
f 46/43/43 12/53/53 44/44/44
f 12/53/53 11/54/54 44/44/44
f 44/44/44 11/54/54 42/45/45
f 11/54/54 10/55/55 42/45/45
f 42/45/45 10/55/55 40/46/46
f 10/55/55 9/56/56 40/46/46
f 40/46/46 9/56/56 38/47/47
f 9/56/56 8/57/57 38/47/47
f 38/47/47 8/57/57 36/48/48
f 8/57/57 7/58/58 36/48/48
f 36/48/48 7/58/58 34/49/49
f 7/58/58 6/59/59 34/49/49
f 34/49/49 6/59/59 32/50/50
f 6/59/59 5/60/60 32/50/50
f 32/50/50 5/60/60 30/51/51
f 5/60/60 4/61/61 30/51/51
f 30/51/51 4/61/61 28/16/16
f 4/61/61 3/14/14 28/16/16
f 14/62/62 26/63/63 15/64/64
f 15/64/64 26/63/63 25/65/65
f 15/64/64 25/65/65 24/66/66
f 15/64/64 24/66/66 16/67/67
f 16/67/67 24/66/66 23/68/68
f 16/67/67 23/68/68 17/69/69
f 17/69/69 23/68/68 22/70/70
f 17/69/69 22/70/70 18/71/71
f 18/71/71 22/70/70 21/72/72
f 18/71/71 21/72/72 19/73/73
f 19/73/73 21/72/72 20/74/74
f 1/75/75 26/76/76 2/77/77
f 2/77/77 26/76/76 14/78/78
f 49/79/79 50/80/80 52/81/81
f 52/81/81 50/80/80 51/82/82
f 53/83/83 54/84/84 50/85/85
f 50/85/85 54/84/84 51/86/86
f 53/87/87 55/88/88 54/89/89
f 54/89/89 55/88/88 56/90/90
f 52/91/91 56/92/92 49/93/93
f 49/93/93 56/92/92 55/94/94
f 60/95/95 56/96/96 59/97/97
f 59/97/97 56/96/96 52/98/98
f 59/97/97 52/98/98 58/99/99
f 58/99/99 52/98/98 57/100/100
f 52/101/101 51/102/102 57/103/103
f 57/103/103 51/102/102 61/104/104
f 50/105/105 49/106/106 53/107/107
f 53/107/107 49/106/106 55/108/108
f 63/109/109 90/110/110 62/111/111
f 62/112/111 90/113/110 91/114/112
f 62/112/111 91/114/112 85/115/113
f 85/115/113 91/114/112 92/116/114
f 85/115/113 92/116/114 84/117/115
f 84/117/115 92/116/114 93/118/116
f 84/117/115 93/118/116 83/119/117
f 83/119/117 93/118/116 94/120/118
f 83/119/117 94/120/118 82/121/119
f 82/121/119 94/120/118 95/122/120
f 82/121/119 95/122/120 81/123/121
f 81/123/121 95/122/120 96/124/122
f 81/123/121 96/124/122 80/125/123
f 80/125/123 96/124/122 97/126/124
f 80/125/123 97/126/124 98/127/125
f 90/110/110 63/109/109 89/128/126
f 89/128/126 63/109/109 64/129/127
f 89/128/126 64/129/127 88/130/128
f 88/130/128 64/129/127 65/131/129
f 88/130/128 65/131/129 87/132/130
f 87/132/130 65/131/129 66/133/131
f 87/132/130 66/133/131 86/134/132
f 86/134/132 66/133/131 67/135/133
f 86/134/132 67/135/133 109/136/134
f 109/136/134 67/135/133 68/137/135
f 109/136/134 68/137/135 108/138/136
f 108/138/136 68/137/135 69/139/137
f 108/138/136 69/139/137 61/140/138
f 61/140/138 69/139/137 70/141/139
f 61/140/138 70/141/139 107/142/140
f 107/142/140 70/141/139 71/143/141
f 107/142/140 71/143/141 106/144/142
f 106/144/142 71/143/141 72/145/143
f 106/144/142 72/145/143 105/146/144
f 105/146/144 72/145/143 73/147/145
f 105/146/144 73/147/145 104/148/146
f 104/148/146 73/147/145 74/149/147
f 104/148/146 74/149/147 103/150/148
f 103/150/148 74/149/147 75/151/149
f 103/150/148 75/151/149 102/152/150
f 102/152/150 75/151/149 76/153/151
f 102/152/150 76/153/151 101/154/152
f 101/154/152 76/153/151 77/155/153
f 101/154/152 77/155/153 100/156/154
f 100/156/154 77/155/153 78/157/155
f 100/156/154 78/157/155 99/158/156
f 99/158/156 78/157/155 79/159/157
f 99/158/156 79/159/157 98/127/125
f 98/127/125 79/159/157 80/125/123
f 62/160/158 85/161/159 63/162/160
f 63/162/160 85/161/159 64/163/161
f 64/163/161 85/161/159 84/164/162
f 64/163/161 84/164/162 65/165/163
f 65/165/163 84/164/162 83/166/164
f 65/165/163 83/166/164 66/167/165
f 66/167/165 83/166/164 82/168/166
f 66/167/165 82/168/166 67/169/167
f 67/169/167 82/168/166 81/170/168
f 67/169/167 81/170/168 68/171/169
f 68/171/169 81/170/168 80/172/170
f 68/171/169 80/172/170 69/173/171
f 69/173/171 80/172/170 79/174/172
f 69/173/171 79/174/172 70/175/173
f 70/175/173 79/174/172 78/176/174
f 70/175/173 78/176/174 71/177/175
f 71/177/175 78/176/174 77/178/176
f 71/177/175 77/178/176 72/179/177
f 72/179/177 77/178/176 76/180/178
f 72/179/177 76/180/178 73/181/179
f 73/181/179 76/180/178 75/182/180
f 73/181/179 75/182/180 74/183/181
f 111/184/182 157/185/183 110/186/184
f 110/186/184 157/185/183 134/187/185
f 110/188/184 134/189/185 133/190/186
f 133/190/186 134/189/185 135/191/187
f 133/190/186 135/191/187 132/192/188
f 132/192/188 135/191/187 136/193/189
f 132/192/188 136/193/189 131/194/190
f 131/194/190 136/193/189 137/195/191
f 131/194/190 137/195/191 130/196/192
f 130/196/192 137/195/191 138/197/193
f 130/196/192 138/197/193 129/198/194
f 129/198/194 138/197/193 139/199/195
f 129/198/194 139/199/195 128/200/196
f 128/200/196 139/199/195 140/201/197
f 128/200/196 140/201/197 127/202/198
f 127/202/198 140/201/197 141/203/199
f 127/202/198 141/203/199 126/204/200
f 126/204/200 141/203/199 142/205/201
f 126/204/200 142/205/201 125/206/202
f 125/206/202 142/205/201 143/207/203
f 125/206/202 143/207/203 124/208/204
f 124/208/204 143/207/203 144/209/205
f 124/208/204 144/209/205 123/210/206
f 123/210/206 144/209/205 145/211/207
f 123/210/206 145/211/207 122/212/208
f 122/212/208 145/211/207 146/213/209
f 122/212/208 146/213/209 121/214/210
f 121/214/210 146/213/209 147/215/211
f 121/214/210 147/215/211 120/216/212
f 120/216/212 147/215/211 148/217/213
f 120/216/212 148/217/213 119/218/214
f 119/218/214 148/217/213 149/219/215
f 119/218/214 149/219/215 118/220/216
f 118/220/216 149/219/215 150/221/217
f 118/220/216 150/221/217 117/222/218
f 117/222/218 150/221/217 151/223/219
f 117/222/218 151/223/219 116/224/220
f 116/224/220 151/223/219 152/225/221
f 116/224/220 152/225/221 115/226/222
f 115/226/222 152/225/221 153/227/223
f 115/226/222 153/227/223 114/228/224
f 114/228/224 153/227/223 154/229/225
f 114/228/224 154/229/225 113/230/226
f 113/230/226 154/229/225 155/231/227
f 113/230/226 155/231/227 112/232/228
f 112/232/228 155/231/227 156/233/229
f 112/232/228 156/233/229 111/184/182
f 111/184/182 156/233/229 157/185/183
f 57/234/230 61/235/231 159/236/232
f 159/236/232 61/235/231 107/237/233
f 159/236/232 107/237/233 161/238/234
f 161/238/234 107/237/233 106/239/235
f 161/238/234 106/239/235 162/240/236
f 162/240/236 106/239/235 105/241/237
f 162/240/236 105/241/237 163/242/238
f 163/242/238 105/241/237 104/243/239
f 163/242/238 104/243/239 158/244/240
f 158/245/240 104/246/239 103/247/241
f 158/245/240 103/247/241 164/248/242
f 164/248/242 103/247/241 102/249/243
f 164/248/242 102/249/243 165/250/244
f 165/250/244 102/249/243 101/251/245
f 165/250/244 101/251/245 166/252/246
f 166/252/246 101/251/245 100/253/247
f 166/252/246 100/253/247 167/254/248
f 167/254/248 100/253/247 99/255/249
f 167/254/248 99/255/249 168/256/250
f 168/256/250 99/255/249 98/257/251
f 168/256/250 98/257/251 169/258/252
f 169/258/252 98/257/251 97/259/253
f 169/258/252 97/259/253 96/260/254
f 169/258/252 96/260/254 170/261/255
f 170/261/255 96/260/254 95/262/256
f 170/261/255 95/262/256 171/263/257
f 171/263/257 95/262/256 94/264/258
f 171/263/257 94/264/258 172/265/259
f 172/265/259 94/264/258 93/266/260
f 172/265/259 93/266/260 173/267/261
f 173/267/261 93/266/260 92/268/262
f 173/267/261 92/268/262 174/269/263
f 174/269/263 92/268/262 91/270/264
f 174/269/263 91/270/264 175/271/265
f 175/271/265 91/270/264 90/272/266
f 175/271/265 90/272/266 176/273/267
f 176/273/267 90/272/266 89/274/268
f 176/273/267 89/274/268 177/275/269
f 177/275/269 89/274/268 88/276/270
f 177/275/269 88/276/270 178/277/271
f 178/277/271 88/276/270 87/278/272
f 178/277/271 87/278/272 179/279/273
f 179/279/273 87/278/272 86/280/274
f 179/279/273 86/280/274 60/281/275
f 179/279/273 60/281/275 180/282/276
f 180/282/276 60/281/275 59/283/277
f 180/282/276 59/283/277 181/284/278
f 181/284/278 59/283/277 58/285/279
f 181/284/278 58/285/279 117/286/280
f 117/286/280 58/285/279 160/287/281
f 117/286/280 160/287/281 118/288/282
f 118/288/282 160/287/281 159/236/232
f 118/288/282 159/236/232 119/289/283
f 119/289/283 159/236/232 161/238/234
f 119/289/283 161/238/234 120/290/284
f 120/290/284 161/238/234 162/240/236
f 120/290/284 162/240/236 121/291/285
f 121/291/285 162/240/236 163/242/238
f 121/291/285 163/242/238 122/292/286
f 122/292/286 163/242/238 158/244/240
f 122/293/286 158/245/240 123/294/287
f 123/294/287 158/245/240 164/248/242
f 123/294/287 164/248/242 124/295/288
f 124/295/288 164/248/242 165/250/244
f 124/295/288 165/250/244 125/296/289
f 125/296/289 165/250/244 166/252/246
f 125/296/289 166/252/246 126/297/290
f 126/297/290 166/252/246 167/254/248
f 126/297/290 167/254/248 127/298/291
f 127/298/291 167/254/248 168/256/250
f 127/298/291 168/256/250 128/299/292
f 128/299/292 168/256/250 169/258/252
f 128/299/292 169/258/252 129/300/293
f 129/300/293 169/258/252 170/261/255
f 129/300/293 170/261/255 130/301/294
f 130/301/294 170/261/255 171/263/257
f 130/301/294 171/263/257 131/302/295
f 131/302/295 171/263/257 172/265/259
f 131/302/295 172/265/259 132/303/296
f 132/303/296 172/265/259 173/267/261
f 132/303/296 173/267/261 133/304/297
f 133/304/297 173/267/261 174/269/263
f 133/304/297 174/269/263 110/305/298
f 110/305/298 174/269/263 175/271/265
f 110/305/298 175/271/265 111/306/299
f 111/306/299 175/271/265 176/273/267
f 111/306/299 176/273/267 112/307/300
f 112/307/300 176/273/267 177/275/269
f 112/307/300 177/275/269 113/308/301
f 113/308/301 177/275/269 178/277/271
f 113/308/301 178/277/271 114/309/302
f 114/309/302 178/277/271 179/279/273
f 114/309/302 179/279/273 115/310/303
f 115/310/303 179/279/273 180/282/276
f 115/310/303 180/282/276 116/311/304
f 116/311/304 180/282/276 181/284/278
f 116/311/304 181/284/278 117/286/280
f 58/285/279 57/234/230 160/287/281
f 160/287/281 57/234/230 159/236/232
f 134/312/305 157/313/306 135/314/307
f 135/314/307 157/313/306 136/315/308
f 136/315/308 157/313/306 156/316/309
f 136/315/308 156/316/309 137/317/310
f 137/317/310 156/316/309 155/318/311
f 137/317/310 155/318/311 138/319/312
f 138/319/312 155/318/311 154/320/313
f 138/319/312 154/320/313 139/321/314
f 139/321/314 154/320/313 153/322/315
f 139/321/314 153/322/315 140/323/316
f 140/323/316 153/322/315 152/324/317
f 140/323/316 152/324/317 141/325/318
f 141/325/318 152/324/317 151/326/319
f 141/325/318 151/326/319 142/327/320
f 142/327/320 151/326/319 150/328/321
f 142/327/320 150/328/321 143/329/322
f 143/329/322 150/328/321 149/330/323
f 143/329/322 149/330/323 144/331/324
f 144/331/324 149/330/323 148/332/325
f 144/331/324 148/332/325 145/333/326
f 145/333/326 148/332/325 147/334/327
f 145/333/326 147/334/327 146/335/328
f 54/336/329 56/337/330 86/338/331
f 86/338/331 56/337/330 60/339/332
f 61/340/333 51/341/334 108/342/335
f 108/342/335 51/341/334 54/343/336
f 108/342/335 54/343/336 109/344/337
f 109/344/337 54/343/336 86/345/338
g Body1:1

v 0.600000 2.632489 -1.039712
v 0.600000 -2.632489 -1.039712
v 0.600000 -2.513628 -1.425448
v 0.600000 -2.338590 -1.789155
v 0.600000 -2.111289 -2.122703
v 0.600000 -1.836803 -2.418640
v 0.600000 -1.521268 -2.670350
v 0.600000 -1.171735 -2.872208
v 0.600000 -0.796015 -3.019705
v 0.600000 -0.402505 -3.109542
v 0.600000 0.000000 -3.139712
v 0.600000 0.402505 -3.109542
v 0.600000 0.796015 -3.019705
v 0.600000 1.171735 -2.872208
v 0.600000 1.521268 -2.670350
v 0.600000 1.836803 -2.418640
v 0.600000 2.111289 -2.122703
v 0.600000 2.338590 -1.789155
v 0.600000 2.513628 -1.425448
v 0.600000 -2.632489 0.160288
v 0.600000 2.632489 0.160288
v 0.600000 2.513628 0.546024
v 0.600000 2.338590 0.909731
v 0.600000 2.111289 1.243279
v 0.600000 1.836803 1.539215
v 0.600000 1.521268 1.790925
v 0.600000 1.171735 1.992784
v 0.600000 0.796015 2.140280
v 0.600000 0.402505 2.230117
v 0.600000 -0.000000 2.260288
v 0.600000 -0.402505 2.230117
v 0.600000 -0.796015 2.140280
v 0.600000 -1.171735 1.992784
v 0.600000 -1.521268 1.790925
v 0.600000 -1.836803 1.539215
v 0.600000 -2.111289 1.243279
v 0.600000 -2.338590 0.909731
v 0.600000 -2.513628 0.546024
v 1.200000 -2.632489 0.160288
v 1.200000 2.632489 0.160288
v 1.200000 2.632489 -1.039712
v 1.200000 -2.632489 -1.039712
v 1.200000 -2.692471 -0.238216
v 1.200000 -2.692471 -0.641208
v 1.200000 2.692471 -0.641208
v 1.200000 2.692471 -0.238216
v -0.000000 -0.600000 2.192777
v -0.000000 -0.600000 -3.072201
v -0.000000 -0.985736 -2.953340
v -0.000000 -1.349443 -2.778302
v -0.000000 -1.682991 -2.551001
v -0.000000 -1.978927 -2.276515
v -0.000000 -2.230638 -1.960980
v -0.000000 -2.432496 -1.611447
v -0.000000 -2.579992 -1.235727
v -0.000000 -2.669830 -0.842217
v -0.000000 -2.700000 -0.439712
v -0.000000 -2.669830 -0.037207
v -0.000000 -2.579992 0.356303
v -0.000000 -2.432496 0.732022
v -0.000000 -2.230638 1.081556
v -0.000000 -1.978927 1.397091
v -0.000000 -1.682991 1.671577
v -0.000000 -1.349443 1.898878
v -0.000000 -0.985736 2.073916
v 0.000000 0.600000 -3.072201
v 0.000000 0.600000 2.192777
v 0.000000 0.985736 2.073916
v 0.000000 1.349443 1.898878
v 0.000000 1.682991 1.671577
v 0.000000 1.978927 1.397091
v 0.000000 2.230638 1.081556
v 0.000000 2.432496 0.732022
v 0.000000 2.579992 0.356303
v 0.000000 2.669830 -0.037207
v 0.000000 2.700000 -0.439712
v 0.000000 2.669830 -0.842217
v 0.000000 2.579992 -1.235727
v 0.000000 2.432496 -1.611447
v 0.000000 2.230638 -1.960980
v 0.000000 1.978927 -2.276515
v 0.000000 1.682991 -2.551001
v 0.000000 1.349443 -2.778302
v 0.000000 0.985736 -2.953340
v -0.600000 0.600000 -3.072201
v -0.600000 0.600000 2.192777
v -0.600000 0.201496 2.252759
v -0.600000 -0.201496 2.252759
v -0.600000 -0.600000 2.192777
v -0.600000 -0.600000 -3.072201
v -0.600000 -0.201496 -3.132183
v -0.600000 0.201496 -3.132183
vt -0.600000 2.632489 0.000000
vt -0.985736 2.513628 0.000000
vt -0.600000 -2.632489 0.000000
vt -0.985736 -2.513628 0.000000
vt -1.349443 -2.338590 0.000000
vt -1.349443 2.338590 0.000000
vt -1.682991 -2.111289 0.000000
vt -1.682991 2.111289 0.000000
vt -1.978927 -1.836803 0.000000
vt -1.978927 1.836803 0.000000
vt -2.230638 -1.521268 0.000000
vt -2.230638 1.521268 0.000000
vt -2.432496 -1.171735 0.000000
vt -2.432496 1.171735 0.000000
vt -2.579992 -0.796015 0.000000
vt -2.579992 0.796015 0.000000
vt -2.669830 -0.402505 0.000000
vt -2.669830 0.402505 0.000000
vt -2.700000 -0.000000 0.000000
vt 0.600000 2.632489 0.000000
vt 0.600000 -2.632489 0.000000
vt 0.985736 2.513628 0.000000
vt 0.985736 -2.513628 0.000000
vt 1.349443 -2.338590 0.000000
vt 1.349443 2.338590 0.000000
vt 1.682991 -2.111289 0.000000
vt 1.682991 2.111289 0.000000
vt 1.978927 -1.836803 0.000000
vt 1.978927 1.836803 0.000000
vt 2.230638 -1.521268 0.000000
vt 2.230638 1.521268 0.000000
vt 2.432496 -1.171735 0.000000
vt 2.432496 1.171735 0.000000
vt 2.579992 -0.796015 0.000000
vt 2.579992 0.796015 0.000000
vt 2.669830 -0.402505 0.000000
vt 2.669830 0.402505 0.000000
vt 2.700000 0.000000 0.000000
vt -0.000000 0.600000 0.000000
vt -5.264979 0.600000 0.000000
vt -0.000000 0.000000 0.000000
vt -5.264979 0.000000 0.000000
vt -0.000000 0.600000 0.000000
vt -5.264979 0.600000 0.000000
vt -0.000000 0.000000 0.000000
vt -5.264979 0.000000 0.000000
vt 2.632489 0.600000 0.000000
vt -2.632489 0.600000 0.000000
vt 2.692471 0.201496 0.000000
vt -2.692471 0.201496 0.000000
vt 2.692471 -0.201496 0.000000
vt -2.692471 -0.201496 0.000000
vt 2.632489 -0.600000 0.000000
vt -2.632489 -0.600000 0.000000
vt 0.600000 2.632489 0.000000
vt 0.600000 -2.632489 0.000000
vt 0.985736 2.513628 0.000000
vt 0.985736 -2.513628 0.000000
vt 1.349443 -2.338590 0.000000
vt 1.349443 2.338590 0.000000
vt 1.682991 -2.111289 0.000000
vt 1.682991 2.111289 0.000000
vt 1.978927 -1.836803 0.000000
vt 1.978927 1.836803 0.000000
vt 2.230638 -1.521268 0.000000
vt 2.230638 1.521268 0.000000
vt 2.432496 -1.171735 0.000000
vt 2.432496 1.171735 0.000000
vt 2.579992 -0.796015 0.000000
vt 2.579992 0.796015 0.000000
vt 2.669830 -0.402505 0.000000
vt 2.669830 0.402505 0.000000
vt 2.700000 -0.000000 0.000000
vt -0.600000 2.632489 0.000000
vt -0.985736 2.513628 0.000000
vt -0.600000 -2.632489 0.000000
vt -0.985736 -2.513628 0.000000
vt -1.349443 -2.338590 0.000000
vt -1.349443 2.338590 0.000000
vt -1.682991 -2.111289 0.000000
vt -1.682991 2.111289 0.000000
vt -1.978927 -1.836803 0.000000
vt -1.978927 1.836803 0.000000
vt -2.230638 -1.521268 0.000000
vt -2.230638 1.521268 0.000000
vt -2.432496 -1.171735 0.000000
vt -2.432496 1.171735 0.000000
vt -2.579992 -0.796015 0.000000
vt -2.579992 0.796015 0.000000
vt -2.669830 -0.402505 0.000000
vt -2.669830 0.402505 0.000000
vt -2.700000 0.000000 0.000000
vt 5.264979 0.600000 0.000000
vt 0.000000 0.600000 0.000000
vt 5.264979 0.000000 0.000000
vt -0.000000 0.000000 0.000000
vt 0.600000 7.877249 0.000000
vt 1.200000 7.877249 0.000000
vt -0.000000 8.078289 0.000000
vt 1.200000 8.280616 0.000000
vt 0.000000 8.482300 0.000000
vt 0.000000 -8.482300 0.000000
vt 1.200000 -8.683984 0.000000
vt 1.200000 -8.280616 0.000000
vt -0.000000 -8.078289 0.000000
vt 1.200000 -7.877249 0.000000
vt 0.600000 -7.877249 0.000000
vt -0.000000 -7.674278 0.000000
vt 0.600000 -7.473238 0.000000
vt -0.000000 -7.270267 0.000000
vt 0.600000 -7.069227 0.000000
vt -0.000000 -6.866256 0.000000
vt 0.600000 -6.665216 0.000000
vt -0.000000 -6.462245 0.000000
vt 0.600000 -6.261205 0.000000
vt -0.000000 -6.058234 0.000000
vt 0.600000 -5.857194 0.000000
vt -0.000000 -5.654223 0.000000
vt 0.600000 -5.453183 0.000000
vt -0.000000 -5.250212 0.000000
vt 0.600000 -5.049172 0.000000
vt -0.000000 -4.846201 0.000000
vt 0.600000 -4.645161 0.000000
vt -0.600000 -4.846201 0.000000
vt -0.600000 -4.442834 0.000000
vt 0.600000 -4.241150 0.000000
vt -0.600000 -4.039466 0.000000
vt 0.600000 -3.837139 0.000000
vt -0.600000 -3.636099 0.000000
vt -0.000000 -3.636099 0.000000
vt 0.600000 -3.433128 0.000000
vt -0.000000 -3.232088 0.000000
vt 0.600000 -3.029117 0.000000
vt -0.000000 -2.828077 0.000000
vt 0.600000 -2.625106 0.000000
vt -0.000000 -2.424066 0.000000
vt 0.600000 -2.221095 0.000000
vt -0.000000 -2.020055 0.000000
vt 0.600000 -1.817084 0.000000
vt -0.000000 -1.616044 0.000000
vt 0.600000 -1.413073 0.000000
vt -0.000000 -1.212033 0.000000
vt 0.600000 -1.009062 0.000000
vt -0.000000 -0.808022 0.000000
vt 0.600000 -0.605051 0.000000
vt -0.000000 -0.404011 0.000000
vt 1.200000 -0.605051 0.000000
vt 1.200000 -0.201684 0.000000
vt -0.000000 0.000000 0.000000
vt 1.200000 0.201684 0.000000
vt -0.000000 0.404011 0.000000
vt 1.200000 0.605051 0.000000
vt 0.600000 0.605051 0.000000
vt -0.000000 0.808022 0.000000
vt 0.600000 1.009062 0.000000
vt -0.000000 1.212033 0.000000
vt 0.600000 1.413073 0.000000
vt -0.000000 1.616044 0.000000
vt 0.600000 1.817084 0.000000
vt -0.000000 2.020055 0.000000
vt 0.600000 2.221095 0.000000
vt -0.000000 2.424066 0.000000
vt 0.600000 2.625106 0.000000
vt -0.000000 2.828077 0.000000
vt 0.600000 3.029117 0.000000
vt -0.000000 3.232088 0.000000
vt 0.600000 3.433128 0.000000
vt -0.000000 3.636099 0.000000
vt 0.600000 3.837139 0.000000
vt -0.600000 3.636099 0.000000
vt -0.600000 4.039466 0.000000
vt 0.600000 4.241150 0.000000
vt -0.600000 4.442834 0.000000
vt 0.600000 4.645161 0.000000
vt -0.600000 4.846201 0.000000
vt -0.000000 4.846201 0.000000
vt 0.600000 5.049172 0.000000
vt 0.000000 5.250212 0.000000
vt 0.600000 5.453183 0.000000
vt 0.000000 5.654223 0.000000
vt 0.600000 5.857194 0.000000
vt 0.000000 6.058234 0.000000
vt 0.600000 6.261205 0.000000
vt 0.000000 6.462245 0.000000
vt 0.600000 6.665216 0.000000
vt 0.000000 6.866256 0.000000
vt 0.600000 7.069227 0.000000
vt 0.000000 7.270267 0.000000
vt 0.600000 7.473238 0.000000
vt 0.000000 7.674278 0.000000
vt 5.264979 0.600000 0.000000
vt 0.000000 0.600000 0.000000
vt 5.264979 0.000000 0.000000
vt 0.000000 0.000000 0.000000
vt 2.632489 0.600000 0.000000
vt -2.632489 0.600000 0.000000
vt 2.692471 0.201496 0.000000
vt -2.692471 0.201496 0.000000
vt 2.692471 -0.201496 0.000000
vt -2.692471 -0.201496 0.000000
vt 2.632489 -0.600000 0.000000
vt -2.632489 -0.600000 0.000000
vn 1.000000 0.000000 -0.000000
vn 1.000000 0.000000 -0.000000
vn 1.000000 0.000000 -0.000000
vn 1.000000 0.000000 -0.000000
vn 1.000000 0.000000 -0.000000
vn 1.000000 0.000000 -0.000000
vn 1.000000 0.000000 -0.000000
vn 1.000000 0.000000 -0.000000
vn 1.000000 0.000000 -0.000000
vn 1.000000 0.000000 -0.000000
vn 1.000000 0.000000 -0.000000
vn 1.000000 0.000000 -0.000000
vn 1.000000 0.000000 -0.000000
vn 1.000000 0.000000 -0.000000
vn 1.000000 0.000000 -0.000000
vn 1.000000 0.000000 -0.000000
vn 1.000000 0.000000 -0.000000
vn 1.000000 0.000000 -0.000000
vn 1.000000 0.000000 -0.000000
vn 1.000000 0.000000 -0.000000
vn 1.000000 0.000000 -0.000000
vn 1.000000 0.000000 -0.000000
vn 1.000000 0.000000 -0.000000
vn 1.000000 0.000000 -0.000000
vn 1.000000 0.000000 -0.000000
vn 1.000000 0.000000 -0.000000
vn 1.000000 0.000000 -0.000000
vn 1.000000 0.000000 -0.000000
vn 1.000000 0.000000 -0.000000
vn 1.000000 0.000000 -0.000000
vn 1.000000 0.000000 -0.000000
vn 1.000000 0.000000 -0.000000
vn 1.000000 0.000000 -0.000000
vn 1.000000 0.000000 -0.000000
vn 1.000000 0.000000 -0.000000
vn 1.000000 0.000000 -0.000000
vn 1.000000 0.000000 -0.000000
vn 1.000000 0.000000 -0.000000
vn 0.000000 -0.000000 1.000000
vn 0.000000 -0.000000 1.000000
vn 0.000000 -0.000000 1.000000
vn 0.000000 -0.000000 1.000000
vn 0.000000 0.000000 -1.000000
vn 0.000000 0.000000 -1.000000
vn 0.000000 0.000000 -1.000000
vn 0.000000 0.000000 -1.000000
vn 1.000000 0.000000 -0.000000
vn 1.000000 0.000000 -0.000000
vn 1.000000 0.000000 -0.000000
vn 1.000000 0.000000 -0.000000
vn 1.000000 0.000000 -0.000000
vn 1.000000 0.000000 -0.000000
vn 1.000000 0.000000 -0.000000
vn 1.000000 0.000000 -0.000000
vn -1.000000 -0.000000 -0.000000
vn -1.000000 -0.000000 -0.000000
vn -1.000000 -0.000000 -0.000000
vn -1.000000 -0.000000 -0.000000
vn -1.000000 -0.000000 -0.000000
vn -1.000000 -0.000000 -0.000000
vn -1.000000 -0.000000 -0.000000
vn -1.000000 -0.000000 -0.000000
vn -1.000000 -0.000000 -0.000000
vn -1.000000 -0.000000 -0.000000
vn -1.000000 -0.000000 -0.000000
vn -1.000000 -0.000000 -0.000000
vn -1.000000 -0.000000 -0.000000
vn -1.000000 -0.000000 -0.000000
vn -1.000000 -0.000000 -0.000000
vn -1.000000 -0.000000 -0.000000
vn -1.000000 -0.000000 -0.000000
vn -1.000000 -0.000000 -0.000000
vn -1.000000 -0.000000 -0.000000
vn -1.000000 -0.000000 -0.000000
vn -1.000000 -0.000000 -0.000000
vn -1.000000 -0.000000 -0.000000
vn -1.000000 -0.000000 -0.000000
vn -1.000000 -0.000000 -0.000000
vn -1.000000 -0.000000 -0.000000
vn -1.000000 -0.000000 -0.000000
vn -1.000000 -0.000000 -0.000000
vn -1.000000 -0.000000 -0.000000
vn -1.000000 -0.000000 -0.000000
vn -1.000000 -0.000000 -0.000000
vn -1.000000 -0.000000 -0.000000
vn -1.000000 -0.000000 -0.000000
vn -1.000000 -0.000000 -0.000000
vn -1.000000 -0.000000 -0.000000
vn -1.000000 -0.000000 -0.000000
vn -1.000000 -0.000000 -0.000000
vn -1.000000 -0.000000 -0.000000
vn -1.000000 -0.000000 -0.000000
vn 0.000000 1.000000 -0.000000
vn 0.000000 1.000000 -0.000000
vn 0.000000 1.000000 -0.000000
vn 0.000000 1.000000 -0.000000
vn -0.000000 -0.974996 -0.222222
vn -0.000000 -0.974996 -0.222222
vn -0.000000 -0.988826 -0.149076
vn -0.000000 -0.997211 -0.074628
vn -0.000000 -1.000000 -0.000000
vn -0.000000 -0.997211 0.074628
vn -0.000000 -0.988826 0.149076
vn -0.000000 -0.974996 0.222222
vn -0.000000 -0.974996 0.222222
vn -0.000000 -0.955553 0.294820
vn -0.000000 -0.930973 0.365087
vn -0.000000 -0.900925 0.433976
vn -0.000000 -0.866145 0.499794
vn -0.000000 -0.826162 0.563433
vn -0.000000 -0.781959 0.623330
vn -0.000000 -0.732936 0.680298
vn -0.000000 -0.680298 0.732936
vn -0.000000 -0.623330 0.781959
vn -0.000000 -0.563433 0.826162
vn -0.000000 -0.499794 0.866145
vn -0.000000 -0.433976 0.900925
vn -0.000000 -0.365087 0.930973
vn -0.000000 -0.294820 0.955553
vn -0.000000 -0.222222 0.974996
vn -0.000000 -0.149076 0.988826
vn -0.000000 -0.222222 0.974996
vn -0.000000 -0.074628 0.997211
vn -0.000000 -0.000000 1.000000
vn 0.000000 0.074628 0.997211
vn 0.000000 0.149076 0.988826
vn 0.000000 0.222222 0.974996
vn 0.000000 0.222222 0.974996
vn 0.000000 0.294820 0.955553
vn 0.000000 0.365087 0.930973
vn 0.000000 0.433976 0.900925
vn 0.000000 0.499794 0.866145
vn 0.000000 0.563433 0.826162
vn 0.000000 0.623330 0.781959
vn 0.000000 0.680298 0.732936
vn 0.000000 0.732936 0.680298
vn 0.000000 0.781959 0.623330
vn 0.000000 0.826162 0.563433
vn 0.000000 0.866145 0.499794
vn 0.000000 0.900925 0.433976
vn 0.000000 0.930973 0.365087
vn 0.000000 0.955553 0.294820
vn 0.000000 0.974996 0.222222
vn 0.000000 0.988826 0.149076
vn 0.000000 0.974996 0.222222
vn 0.000000 0.997211 0.074628
vn 0.000000 1.000000 0.000000
vn -0.000000 0.997211 -0.074628
vn -0.000000 0.988826 -0.149076
vn -0.000000 0.974996 -0.222222
vn -0.000000 0.974996 -0.222222
vn -0.000000 0.955553 -0.294820
vn -0.000000 0.930973 -0.365087
vn -0.000000 0.900925 -0.433976
vn -0.000000 0.866145 -0.499794
vn -0.000000 0.826162 -0.563433
vn -0.000000 0.781959 -0.623330
vn -0.000000 0.732936 -0.680298
vn -0.000000 0.680298 -0.732936
vn -0.000000 0.623330 -0.781959
vn -0.000000 0.563433 -0.826162
vn -0.000000 0.499794 -0.866145
vn -0.000000 0.433976 -0.900925
vn -0.000000 0.365087 -0.930973
vn -0.000000 0.294820 -0.955553
vn -0.000000 0.222222 -0.974996
vn -0.000000 0.149076 -0.988826
vn -0.000000 0.222222 -0.974996
vn -0.000000 0.074628 -0.997211
vn -0.000000 0.000000 -1.000000
vn -0.000000 -0.074628 -0.997211
vn -0.000000 -0.149076 -0.988826
vn -0.000000 -0.222222 -0.974996
vn -0.000000 -0.222222 -0.974996
vn -0.000000 -0.294820 -0.955553
vn -0.000000 -0.365087 -0.930973
vn -0.000000 -0.433976 -0.900925
vn -0.000000 -0.499794 -0.866145
vn -0.000000 -0.563433 -0.826162
vn -0.000000 -0.623330 -0.781959
vn -0.000000 -0.680298 -0.732936
vn -0.000000 -0.732936 -0.680298
vn -0.000000 -0.781959 -0.623330
vn -0.000000 -0.826162 -0.563433
vn -0.000000 -0.866145 -0.499794
vn -0.000000 -0.900925 -0.433976
vn -0.000000 -0.930973 -0.365087
vn -0.000000 -0.955553 -0.294820
vn -0.000000 -1.000000 -0.000000
vn -0.000000 -1.000000 -0.000000
vn -0.000000 -1.000000 -0.000000
vn -0.000000 -1.000000 -0.000000
vn -1.000000 -0.000000 -0.000000
vn -1.000000 -0.000000 -0.000000
vn -1.000000 -0.000000 -0.000000
vn -1.000000 -0.000000 -0.000000
vn -1.000000 -0.000000 -0.000000
vn -1.000000 -0.000000 -0.000000
vn -1.000000 -0.000000 -0.000000
vn -1.000000 -0.000000 -0.000000
usemtl Paint_-_Metallic_(Red)
f 183/346/339 184/347/340 182/348/341
f 182/348/341 184/347/340 200/349/342
f 200/349/342 184/347/340 199/350/343
f 199/350/343 184/347/340 185/351/344
f 199/350/343 185/351/344 198/352/345
f 198/352/345 185/351/344 186/353/346
f 198/352/345 186/353/346 197/354/347
f 197/354/347 186/353/346 187/355/348
f 197/354/347 187/355/348 196/356/349
f 196/356/349 187/355/348 188/357/350
f 196/356/349 188/357/350 195/358/351
f 195/358/351 188/357/350 189/359/352
f 195/358/351 189/359/352 194/360/353
f 194/360/353 189/359/352 190/361/354
f 194/360/353 190/361/354 193/362/355
f 193/362/355 190/361/354 191/363/356
f 193/362/355 191/363/356 192/364/357
f 201/365/358 202/366/359 219/367/360
f 219/367/360 202/366/359 203/368/361
f 219/367/360 203/368/361 204/369/362
f 219/367/360 204/369/362 218/370/363
f 218/370/363 204/369/362 205/371/364
f 218/370/363 205/371/364 217/372/365
f 217/372/365 205/371/364 206/373/366
f 217/372/365 206/373/366 216/374/367
f 216/374/367 206/373/366 207/375/368
f 216/374/367 207/375/368 215/376/369
f 215/376/369 207/375/368 208/377/370
f 215/376/369 208/377/370 214/378/371
f 214/378/371 208/377/370 209/379/372
f 214/378/371 209/379/372 213/380/373
f 213/380/373 209/379/372 210/381/374
f 213/380/373 210/381/374 212/382/375
f 212/382/375 210/381/374 211/383/376
f 220/384/377 221/385/378 201/386/379
f 201/386/379 221/385/378 202/387/380
f 222/388/381 223/389/382 182/390/383
f 182/390/383 223/389/382 183/391/384
f 221/392/385 220/393/386 227/394/387
f 227/394/387 220/393/386 224/395/388
f 227/394/387 224/395/388 226/396/389
f 226/396/389 224/395/388 225/397/390
f 226/396/389 225/397/390 222/398/391
f 222/398/391 225/397/390 223/399/392
f 228/400/393 229/401/394 246/402/395
f 246/402/395 229/401/394 230/403/396
f 246/402/395 230/403/396 231/404/397
f 246/402/395 231/404/397 245/405/398
f 245/405/398 231/404/397 232/406/399
f 245/405/398 232/406/399 244/407/400
f 244/407/400 232/406/399 233/408/401
f 244/407/400 233/408/401 243/409/402
f 243/409/402 233/408/401 234/410/403
f 243/409/402 234/410/403 242/411/404
f 242/411/404 234/410/403 235/412/405
f 242/411/404 235/412/405 241/413/406
f 241/413/406 235/412/405 236/414/407
f 241/413/406 236/414/407 240/415/408
f 240/415/408 236/414/407 237/416/409
f 240/415/408 237/416/409 239/417/410
f 239/417/410 237/416/409 238/418/411
f 248/419/412 249/420/413 247/421/414
f 247/421/414 249/420/413 265/422/415
f 265/422/415 249/420/413 264/423/416
f 264/423/416 249/420/413 250/424/417
f 264/423/416 250/424/417 263/425/418
f 263/425/418 250/424/417 251/426/419
f 263/425/418 251/426/419 262/427/420
f 262/427/420 251/426/419 252/428/421
f 262/427/420 252/428/421 261/429/422
f 261/429/422 252/428/421 253/430/423
f 261/429/422 253/430/423 260/431/424
f 260/431/424 253/430/423 254/432/425
f 260/431/424 254/432/425 259/433/426
f 259/433/426 254/432/425 255/434/427
f 259/433/426 255/434/427 258/435/428
f 258/435/428 255/434/427 256/436/429
f 258/435/428 256/436/429 257/437/430
f 266/438/431 267/439/432 247/440/433
f 247/440/433 267/439/432 248/441/434
f 183/442/435 223/443/436 237/444/437
f 237/444/437 223/443/436 225/445/438
f 237/444/437 225/445/438 238/446/439
f 238/447/439 225/448/438 224/449/440
f 238/447/439 224/449/440 239/450/441
f 239/450/441 224/449/440 220/451/442
f 239/450/441 220/451/442 201/452/443
f 239/450/441 201/452/443 240/453/444
f 240/453/444 201/452/443 219/454/445
f 240/453/444 219/454/445 241/455/446
f 241/455/446 219/454/445 218/456/447
f 241/455/446 218/456/447 242/457/448
f 242/457/448 218/456/447 217/458/449
f 242/457/448 217/458/449 243/459/450
f 243/459/450 217/458/449 216/460/451
f 243/459/450 216/460/451 244/461/452
f 244/461/452 216/460/451 215/462/453
f 244/461/452 215/462/453 245/463/454
f 245/463/454 215/462/453 214/464/455
f 245/463/454 214/464/455 246/465/456
f 246/465/456 214/464/455 213/466/457
f 246/465/456 213/466/457 228/467/458
f 228/467/458 213/466/457 212/468/459
f 228/467/458 212/468/459 270/469/460
f 270/469/460 212/468/459 269/470/461
f 269/470/461 212/468/459 211/471/462
f 269/470/461 211/471/462 268/472/463
f 268/472/463 211/471/462 210/473/464
f 268/472/463 210/473/464 267/474/465
f 267/474/465 210/473/464 248/475/466
f 248/475/466 210/473/464 209/476/467
f 248/475/466 209/476/467 249/477/468
f 249/477/468 209/476/467 208/478/469
f 249/477/468 208/478/469 250/479/470
f 250/479/470 208/478/469 207/480/471
f 250/479/470 207/480/471 251/481/472
f 251/481/472 207/480/471 206/482/473
f 251/481/472 206/482/473 252/483/474
f 252/483/474 206/482/473 205/484/475
f 252/483/474 205/484/475 253/485/476
f 253/485/476 205/484/475 204/486/477
f 253/485/476 204/486/477 254/487/478
f 254/487/478 204/486/477 203/488/479
f 254/487/478 203/488/479 255/489/480
f 255/489/480 203/488/479 202/490/481
f 255/489/480 202/490/481 256/491/482
f 256/491/482 202/490/481 221/492/483
f 256/491/482 221/492/483 227/493/484
f 256/491/482 227/493/484 257/494/485
f 257/494/485 227/493/484 226/495/486
f 257/494/485 226/495/486 258/496/487
f 258/496/487 226/495/486 222/497/488
f 258/496/487 222/497/488 182/498/489
f 258/496/487 182/498/489 259/499/490
f 259/499/490 182/498/489 200/500/491
f 259/499/490 200/500/491 260/501/492
f 260/501/492 200/500/491 199/502/493
f 260/501/492 199/502/493 261/503/494
f 261/503/494 199/502/493 198/504/495
f 261/503/494 198/504/495 262/505/496
f 262/505/496 198/504/495 197/506/497
f 262/505/496 197/506/497 263/507/498
f 263/507/498 197/506/497 196/508/499
f 263/507/498 196/508/499 264/509/500
f 264/509/500 196/508/499 195/510/501
f 264/509/500 195/510/501 265/511/502
f 265/511/502 195/510/501 194/512/503
f 265/511/502 194/512/503 247/513/504
f 247/513/504 194/512/503 193/514/505
f 247/513/504 193/514/505 266/515/506
f 266/515/506 193/514/505 273/516/507
f 273/516/507 193/514/505 192/517/508
f 273/516/507 192/517/508 272/518/509
f 272/518/509 192/517/508 191/519/510
f 272/518/509 191/519/510 271/520/511
f 271/520/511 191/519/510 229/521/512
f 229/521/512 191/519/510 190/522/513
f 229/521/512 190/522/513 230/523/514
f 230/523/514 190/522/513 189/524/515
f 230/523/514 189/524/515 231/525/516
f 231/525/516 189/524/515 188/526/517
f 231/525/516 188/526/517 232/527/518
f 232/527/518 188/526/517 187/528/519
f 232/527/518 187/528/519 233/529/520
f 233/529/520 187/528/519 186/530/521
f 233/529/520 186/530/521 234/531/522
f 234/531/522 186/530/521 185/532/523
f 234/531/522 185/532/523 235/533/524
f 235/533/524 185/532/523 184/534/525
f 235/533/524 184/534/525 236/535/526
f 236/535/526 184/534/525 183/442/435
f 236/535/526 183/442/435 237/444/437
f 270/536/527 271/537/528 228/538/529
f 228/538/529 271/537/528 229/539/530
f 267/540/531 266/541/532 268/542/533
f 268/542/533 266/541/532 273/543/534
f 268/542/533 273/543/534 269/544/535
f 269/544/535 273/543/534 272/545/536
f 269/544/535 272/545/536 270/546/537
f 270/546/537 272/545/536 271/547/538
g Body1:2

v 0.600000 2.632489 -1.039712
v 0.600000 -2.632489 -1.039712
v 1.200000 -2.632489 -1.039712
v 1.200000 2.632489 -1.039712
v 0.600000 -2.632489 0.160288
v 0.600000 2.632489 0.160288
v 1.200000 2.632489 0.160288
v 1.200000 -2.632489 0.160288
v 1.200000 0.000000 0.060288
v 1.200000 -0.129410 0.043251
v 1.200000 -0.250000 -0.006699
v 1.200000 -0.353553 -0.086159
v 1.200000 -0.433013 -0.189712
v 1.200000 -0.482963 -0.310303
v 1.200000 -0.500000 -0.439712
v 1.200000 -0.482963 -0.569122
v 1.200000 -0.433013 -0.689712
v 1.200000 -0.353553 -0.793266
v 1.200000 -0.250000 -0.872725
v 1.200000 -0.129410 -0.922675
v 1.200000 -0.000000 -0.939712
v 1.200000 0.129410 -0.922675
v 1.200000 0.250000 -0.872725
v 1.200000 0.353553 -0.793266
v 1.200000 0.433013 -0.689712
v 1.200000 0.482963 -0.569122
v 1.200000 0.500000 -0.439712
v 1.200000 0.482963 -0.310303
v 1.200000 0.433013 -0.189712
v 1.200000 0.353553 -0.086159
v 1.200000 0.250000 -0.006699
v 1.200000 0.129410 0.043251
v 1.200000 2.692471 -0.238216
v 1.200000 2.692471 -0.641208
v 1.200000 -2.692471 -0.641208
v 1.200000 -2.692471 -0.238216
v 0.600000 -2.513628 0.546024
v 0.600000 -2.338590 0.909731
v 0.600000 -2.111289 1.243279
v 0.600000 -1.836803 1.539215
v 0.600000 -1.521268 1.790925
v 0.600000 -1.171735 1.992784
v 0.600000 -0.796015 2.140280
v 0.600000 -0.402505 2.230117
v 0.600000 -0.000000 2.260288
v 0.600000 0.402505 2.230117
v 0.600000 0.796015 2.140280
v 0.600000 1.171735 1.992784
v 0.600000 1.521268 1.790925
v 0.600000 1.836803 1.539215
v 0.600000 2.111289 1.243279
v 0.600000 2.338590 0.909731
v 0.600000 2.513628 0.546024
v 0.600000 2.513628 -1.425448
v 0.600000 2.338590 -1.789155
v 0.600000 2.111289 -2.122703
v 0.600000 1.836803 -2.418640
v 0.600000 1.521268 -2.670350
v 0.600000 1.171735 -2.872208
v 0.600000 0.796015 -3.019705
v 0.600000 0.402505 -3.109542
v 0.600000 0.000000 -3.139712
v 0.600000 -0.402505 -3.109542
v 0.600000 -0.796015 -3.019705
v 0.600000 -1.171735 -2.872208
v 0.600000 -1.521268 -2.670350
v 0.600000 -1.836803 -2.418640
v 0.600000 -2.111289 -2.122703
v 0.600000 -2.338590 -1.789155
v 0.600000 -2.513628 -1.425448
v 3.000000 -0.600000 -0.289712
v 3.000000 -0.650000 -0.339712
v 1.350000 -0.650000 -0.339712
v 1.300000 -0.600000 -0.289712
v 3.000000 -0.476970 -0.289712
v 1.300000 -0.476970 -0.289712
v 3.000000 -0.650000 -0.539712
v 3.000000 -0.600000 -0.589712
v 1.300000 -0.600000 -0.589712
v 1.350000 -0.650000 -0.539712
v 3.000000 -0.476970 -0.589712
v 1.300000 -0.476970 -0.589712
v 1.300000 -0.497423 -0.490407
v 1.300000 -0.497423 -0.389017
v 3.000000 -0.000000 -2.139712
v 3.000000 -0.321727 -2.108991
v 3.000000 -0.631826 -2.017938
v 3.000000 -0.919089 -1.869843
v 3.000000 -1.173134 -1.670060
v 3.000000 -1.384779 -1.425809
v 3.000000 -1.546374 -1.145918
v 3.000000 -1.652080 -0.840502
v 3.000000 -1.698074 -0.520601
v 3.000000 -1.682696 -0.197777
v 3.000000 -1.606501 0.116303
v 3.000000 -1.472243 0.410288
v 3.000000 -1.284774 0.673551
v 3.000000 -1.050870 0.896578
v 3.000000 -0.778985 1.071308
v 3.000000 -0.478945 1.191426
v 3.000000 -0.161595 1.252590
v 3.000000 0.161595 1.252590
v 3.000000 0.478945 1.191426
v 3.000000 0.778985 1.071308
v 3.000000 1.050870 0.896578
v 3.000000 1.284774 0.673551
v 3.000000 1.472243 0.410288
v 3.000000 1.606501 0.116303
v 3.000000 1.682696 -0.197777
v 3.000000 1.698074 -0.520601
v 3.000000 1.652080 -0.840502
v 3.000000 1.546374 -1.145918
v 3.000000 1.384779 -1.425809
v 3.000000 1.173134 -1.670060
v 3.000000 0.919089 -1.869843
v 3.000000 0.631826 -2.017938
v 3.000000 0.321727 -2.108991
v 1.800000 -0.000000 -2.139712
v 1.800000 0.321727 -2.108991
v 1.800000 0.631826 -2.017938
v 1.800000 0.919089 -1.869843
v 1.800000 1.173134 -1.670060
v 1.800000 1.384779 -1.425809
v 1.800000 1.546374 -1.145918
v 1.800000 1.652080 -0.840502
v 1.800000 1.698074 -0.520601
v 1.800000 1.682696 -0.197777
v 1.800000 1.606501 0.116303
v 1.800000 1.472243 0.410288
v 1.800000 1.284774 0.673551
v 1.800000 1.050870 0.896578
v 1.800000 0.778985 1.071308
v 1.800000 0.478945 1.191426
v 1.800000 0.161595 1.252590
v 1.800000 -0.161595 1.252590
v 1.800000 -0.478945 1.191426
v 1.800000 -0.778985 1.071308
v 1.800000 -1.050870 0.896578
v 1.800000 -1.284774 0.673551
v 1.800000 -1.472243 0.410288
v 1.800000 -1.606501 0.116303
v 1.800000 -1.682696 -0.197777
v 1.800000 -1.698074 -0.520601
v 1.800000 -1.652080 -0.840502
v 1.800000 -1.546374 -1.145918
v 1.800000 -1.384779 -1.425809
v 1.800000 -1.173134 -1.670060
v 1.800000 -0.919089 -1.869843
v 1.800000 -0.631826 -2.017938
v 1.800000 -0.321727 -2.108991
v 1.800000 -0.000000 -3.139712
v 1.800000 0.412153 -3.108069
v 1.800000 0.814646 -3.013882
v 1.800000 1.198044 -2.859359
v 1.800000 1.553360 -2.648121
v 1.800000 1.872268 -2.385120
v 1.800000 2.147291 -2.076521
v 1.800000 2.371983 -1.729556
v 1.800000 2.541078 -1.352358
v 1.800000 2.650612 -0.953768
v 1.800000 2.698019 -0.543129
v 1.800000 2.682186 -0.130067
v 1.800000 2.603484 0.275738
v 1.800000 2.463760 0.664773
v 1.800000 2.266287 1.027920
v 1.800000 2.015694 1.356667
v 1.800000 1.717855 1.643309
v 1.800000 1.379750 1.881126
v 1.800000 1.009306 2.064545
v 1.800000 0.615204 2.189266
v 1.800000 0.206683 2.252366
v 1.800000 -0.206683 2.252366
v 1.800000 -0.615204 2.189266
v 1.800000 -1.009306 2.064545
v 1.800000 -1.379750 1.881126
v 1.800000 -1.717855 1.643309
v 1.800000 -2.015694 1.356667
v 1.800000 -2.266287 1.027920
v 1.800000 -2.463760 0.664773
v 1.800000 -2.603484 0.275738
v 1.800000 -2.682186 -0.130067
v 1.800000 -2.698019 -0.543129
v 1.800000 -2.650612 -0.953768
v 1.800000 -2.541078 -1.352358
v 1.800000 -2.371983 -1.729556
v 1.800000 -2.147291 -2.076521
v 1.800000 -1.872268 -2.385120
v 1.800000 -1.553360 -2.648121
v 1.800000 -1.198044 -2.859359
v 1.800000 -0.814646 -3.013882
v 1.800000 -0.412153 -3.108069
v 3.000000 -0.422938 -0.706403
v 3.000000 -0.340930 -0.805453
v 3.000000 -0.236373 -0.880312
v 3.000000 -0.116180 -0.926027
v 3.000000 0.011697 -0.939575
v 3.000000 0.138801 -0.920060
v 3.000000 0.256723 -0.868773
v 3.000000 0.357665 -0.789105
v 3.000000 0.434949 -0.686328
v 3.000000 0.483464 -0.567237
v 3.000000 0.500000 -0.439712
v 3.000000 0.483464 -0.312187
v 3.000000 0.434949 -0.193097
v 3.000000 0.357665 -0.090319
v 3.000000 0.256723 -0.010651
v 3.000000 0.138801 0.040636
v 3.000000 0.011697 0.060151
v 3.000000 -0.116180 0.046603
v 3.000000 -0.236373 0.000887
v 3.000000 -0.340930 -0.073971
v 3.000000 -0.422938 -0.173022
vt -5.264979 0.000000 0.000000
vt 0.000000 0.000000 0.000000
vt -5.264979 0.600000 0.000000
vt -0.000000 0.600000 0.000000
vt -5.264979 0.000000 0.000000
vt -0.000000 0.000000 0.000000
vt -5.264979 0.600000 0.000000
vt -0.000000 0.600000 0.000000
vt -0.482963 0.129410 0.000000
vt -0.600000 2.632489 0.000000
vt -0.500000 -0.000000 0.000000
vt -0.600000 -2.632489 0.000000
vt -0.482963 -0.129410 0.000000
vt -0.433013 -0.250000 0.000000
vt -0.353553 -0.353553 0.000000
vt -0.201496 -2.692471 0.000000
vt -0.250000 -0.433013 0.000000
vt -0.129410 -0.482963 0.000000
vt 0.000000 -0.500000 0.000000
vt 0.201496 -2.692471 0.000000
vt 0.129410 -0.482963 0.000000
vt 0.250000 -0.433013 0.000000
vt 0.353553 -0.353553 0.000000
vt 0.600000 -2.632489 0.000000
vt 0.433013 -0.250000 0.000000
vt 0.482963 -0.129410 0.000000
vt 0.500000 0.000000 0.000000
vt 0.600000 2.632489 0.000000
vt 0.482963 0.129410 0.000000
vt 0.433013 0.250000 0.000000
vt 0.353553 0.353553 0.000000
vt 0.201496 2.692471 0.000000
vt 0.250000 0.433013 0.000000
vt 0.129410 0.482963 0.000000
vt 0.000000 0.500000 0.000000
vt -0.201496 2.692471 0.000000
vt -0.129410 0.482963 0.000000
vt -0.250000 0.433013 0.000000
vt -0.353553 0.353553 0.000000
vt -0.433013 0.250000 0.000000
vt 2.632489 -1.100000 0.000000
vt -2.632489 -1.100000 0.000000
vt 2.513628 -1.485736 0.000000
vt -2.513628 -1.485736 0.000000
vt 2.338590 -1.849443 0.000000
vt -2.338590 -1.849443 0.000000
vt 2.111289 -2.182991 0.000000
vt -2.111289 -2.182991 0.000000
vt 1.836803 -2.478927 0.000000
vt -1.836803 -2.478927 0.000000
vt 1.521268 -2.730638 0.000000
vt -1.521268 -2.730638 0.000000
vt 1.171735 -2.932496 0.000000
vt -1.171735 -2.932496 0.000000
vt 0.796015 -3.079992 0.000000
vt -0.796015 -3.079992 0.000000
vt 0.402505 -3.169830 0.000000
vt -0.402505 -3.169830 0.000000
vt -0.000000 -3.200000 0.000000
vt -2.632489 0.100000 0.000000
vt 2.632489 0.100000 0.000000
vt -2.513628 0.485736 0.000000
vt 2.513628 0.485736 0.000000
vt -2.338590 0.849443 0.000000
vt 2.338590 0.849443 0.000000
vt -2.111289 1.182991 0.000000
vt 2.111289 1.182991 0.000000
vt -1.836803 1.478927 0.000000
vt 1.836803 1.478927 0.000000
vt -1.521268 1.730638 0.000000
vt 1.521268 1.730638 0.000000
vt -1.171735 1.932496 0.000000
vt 1.171735 1.932496 0.000000
vt -0.796015 2.079992 0.000000
vt 0.796015 2.079992 0.000000
vt -0.402505 2.169830 0.000000
vt 0.402505 2.169830 0.000000
vt 0.000000 2.200000 0.000000
vt 0.050000 0.035355 0.000000
vt -1.600000 0.035355 0.000000
vt 0.050000 -0.035355 0.000000
vt -1.650000 -0.035355 0.000000
vt -0.500000 0.600000 0.000000
vt -2.200000 0.600000 0.000000
vt -0.500000 0.476970 0.000000
vt -2.200000 0.476970 0.000000
vt 1.150000 -0.035355 0.000000
vt 1.150000 0.035355 0.000000
vt -0.500000 -0.035355 0.000000
vt -0.550000 0.035355 0.000000
vt 0.035355 -0.025000 0.000000
vt 0.035355 0.175000 0.000000
vt -0.035355 -0.075000 0.000000
vt -0.035355 0.225000 0.000000
vt -1.700000 0.476970 0.000000
vt 0.000000 0.476970 0.000000
vt -1.700000 0.600000 0.000000
vt -0.000000 0.600000 0.000000
vt 0.600000 0.100000 0.000000
vt -1.050000 0.100000 0.000000
vt 0.600000 -0.100000 0.000000
vt -1.050000 -0.100000 0.000000
vt -0.000000 0.476970 0.000000
vt -0.000000 0.600000 0.000000
vt -0.099305 0.497423 0.000000
vt -0.300000 0.600000 0.000000
vt -0.200695 0.497423 0.000000
vt -0.300000 0.476970 0.000000
vt 0.600000 0.323679 0.000000
vt -0.600000 0.000000 0.000000
vt 0.600000 0.000000 0.000000
vt -0.600000 -0.323679 0.000000
vt 0.600000 -0.323679 0.000000
vt -0.600000 -0.647358 0.000000
vt 0.600000 -0.647358 0.000000
vt -0.600000 -0.971038 0.000000
vt 0.600000 -0.971038 0.000000
vt -0.600000 -1.294717 0.000000
vt 0.600000 -1.294717 0.000000
vt -0.600000 -1.618396 0.000000
vt 0.600000 -1.618396 0.000000
vt -0.600000 -1.942075 0.000000
vt 0.600000 -1.942075 0.000000
vt -0.600000 -2.265755 0.000000
vt 0.600000 -2.265755 0.000000
vt -0.600000 -2.589434 0.000000
vt 0.600000 -2.589434 0.000000
vt -0.600000 -2.913113 0.000000
vt 0.600000 -2.913113 0.000000
vt -0.600000 -3.236792 0.000000
vt 0.600000 -3.236792 0.000000
vt -0.600000 -3.560472 0.000000
vt 0.600000 -3.560472 0.000000
vt -0.600000 -3.884151 0.000000
vt 0.600000 -3.884151 0.000000
vt -0.600000 -4.207830 0.000000
vt 0.600000 -4.207830 0.000000
vt -0.600000 -4.531509 0.000000
vt 0.600000 -4.531509 0.000000
vt -0.600000 -4.855189 0.000000
vt 0.600000 -4.855189 0.000000
vt -0.600000 -5.178868 0.000000
vt 0.600000 -5.178868 0.000000
vt 0.600000 5.502547 0.000000
vt -0.600000 5.502547 0.000000
vt -0.600000 5.178868 0.000000
vt 0.600000 5.178868 0.000000
vt -0.600000 4.855189 0.000000
vt 0.600000 4.855189 0.000000
vt -0.600000 4.531509 0.000000
vt 0.600000 4.531509 0.000000
vt -0.600000 4.207830 0.000000
vt 0.600000 4.207830 0.000000
vt -0.600000 3.884151 0.000000
vt 0.600000 3.884151 0.000000
vt -0.600000 3.560472 0.000000
vt 0.600000 3.560472 0.000000
vt -0.600000 3.236792 0.000000
vt 0.600000 3.236792 0.000000
vt -0.600000 2.913113 0.000000
vt 0.600000 2.913113 0.000000
vt -0.600000 2.589434 0.000000
vt 0.600000 2.589434 0.000000
vt -0.600000 2.265755 0.000000
vt 0.600000 2.265755 0.000000
vt -0.600000 1.942075 0.000000
vt 0.600000 1.942075 0.000000
vt -0.600000 1.618396 0.000000
vt 0.600000 1.618396 0.000000
vt -0.600000 1.294717 0.000000
vt 0.600000 1.294717 0.000000
vt -0.600000 0.971038 0.000000
vt 0.600000 0.971038 0.000000
vt -0.600000 0.647358 0.000000
vt 0.600000 0.647358 0.000000
vt -0.600000 0.323679 0.000000
vt 0.321727 -1.030721 0.000000
vt 0.412153 -0.031643 0.000000
vt 0.000000 -1.000000 0.000000
vt 0.000000 0.000000 0.000000
vt -0.412153 -0.031643 0.000000
vt 0.814646 -0.125830 0.000000
vt 0.631826 -1.121775 0.000000
vt 1.198044 -0.280353 0.000000
vt 0.919089 -1.269869 0.000000
vt 1.553360 -0.491591 0.000000
vt 1.173134 -1.469652 0.000000
vt 1.872268 -0.754592 0.000000
vt 2.147291 -1.063191 0.000000
vt 1.384779 -1.713903 0.000000
vt 2.371983 -1.410156 0.000000
vt 1.546374 -1.993794 0.000000
vt 2.541078 -1.787354 0.000000
vt 1.652080 -2.299210 0.000000
vt 2.650612 -2.185944 0.000000
vt 1.698074 -2.619111 0.000000
vt 2.698019 -2.596583 0.000000
vt 2.682186 -3.009645 0.000000
vt 1.682696 -2.941935 0.000000
vt 2.603484 -3.415450 0.000000
vt 1.606501 -3.256016 0.000000
vt 2.463760 -3.804485 0.000000
vt 1.472243 -3.550000 0.000000
vt 2.266287 -4.167632 0.000000
vt 1.284774 -3.813263 0.000000
vt 2.015694 -4.496379 0.000000
vt 1.717855 -4.783021 0.000000
vt 1.050870 -4.036290 0.000000
vt 1.379750 -5.020838 0.000000
vt 0.778985 -4.211020 0.000000
vt 1.009306 -5.204257 0.000000
vt 0.478945 -4.331138 0.000000
vt 0.615204 -5.328978 0.000000
vt 0.161595 -4.392302 0.000000
vt 0.206683 -5.392078 0.000000
vt -0.161595 -4.392302 0.000000
vt -0.206683 -5.392078 0.000000
vt -0.615204 -5.328978 0.000000
vt -0.478945 -4.331138 0.000000
vt -1.009306 -5.204257 0.000000
vt -0.778985 -4.211020 0.000000
vt -1.379750 -5.020838 0.000000
vt -1.050870 -4.036290 0.000000
vt -1.717855 -4.783021 0.000000
vt -1.284774 -3.813263 0.000000
vt -2.015694 -4.496379 0.000000
vt -2.266287 -4.167632 0.000000
vt -1.472243 -3.550000 0.000000
vt -2.463760 -3.804485 0.000000
vt -1.606501 -3.256016 0.000000
vt -2.603484 -3.415450 0.000000
vt -1.682696 -2.941935 0.000000
vt -2.682186 -3.009645 0.000000
vt -1.698074 -2.619111 0.000000
vt -2.698019 -2.596583 0.000000
vt -2.650612 -2.185944 0.000000
vt -1.652080 -2.299210 0.000000
vt -2.541078 -1.787354 0.000000
vt -1.546374 -1.993794 0.000000
vt -2.371983 -1.410156 0.000000
vt -1.384779 -1.713903 0.000000
vt -2.147291 -1.063191 0.000000
vt -1.173134 -1.469652 0.000000
vt -1.872268 -0.754592 0.000000
vt -1.553360 -0.491591 0.000000
vt -0.919089 -1.269869 0.000000
vt -1.198044 -0.280353 0.000000
vt -0.631826 -1.121775 0.000000
vt -0.814646 -0.125830 0.000000
vt -0.321727 -1.030721 0.000000
vt -0.600000 3.636099 0.000000
vt -0.600000 3.232088 0.000000
vt -0.000000 3.636099 0.000000
vt 0.600000 3.310166 0.000000
vt 0.600000 3.723937 0.000000
vt 0.600000 2.896395 0.000000
vt -0.600000 2.828077 0.000000
vt 0.600000 2.482624 0.000000
vt -0.600000 2.424066 0.000000
vt 0.600000 2.068854 0.000000
vt -0.600000 2.020055 0.000000
vt 0.600000 1.655083 0.000000
vt -0.600000 1.616044 0.000000
vt 0.600000 1.241312 0.000000
vt -0.600000 1.212033 0.000000
vt 0.600000 0.827541 0.000000
vt -0.600000 0.808022 0.000000
vt 0.600000 0.413771 0.000000
vt -0.600000 0.404011 0.000000
vt 0.600000 0.000000 0.000000
vt -0.600000 -0.000000 0.000000
vt -0.600000 -0.404011 0.000000
vt 0.600000 -0.413771 0.000000
vt -0.600000 -0.808022 0.000000
vt 0.600000 -0.827541 0.000000
vt -0.600000 -1.212033 0.000000
vt 0.600000 -1.241312 0.000000
vt -0.600000 -1.616044 0.000000
vt 0.600000 -1.655083 0.000000
vt -0.600000 -2.020055 0.000000
vt 0.600000 -2.068854 0.000000
vt -0.600000 -2.424066 0.000000
vt 0.600000 -2.482624 0.000000
vt -0.600000 -2.828077 0.000000
vt 0.600000 -2.896395 0.000000
vt -0.600000 -3.232088 0.000000
vt 0.600000 -3.310166 0.000000
vt -0.000000 -3.636099 0.000000
vt 0.600000 -3.723937 0.000000
vt -0.000000 -4.039466 0.000000
vt 0.600000 -4.137707 0.000000
vt -0.000000 -4.442834 0.000000
vt 0.600000 -4.551478 0.000000
vt -0.000000 -4.846201 0.000000
vt 0.600000 -4.965249 0.000000
vt -0.600000 -4.846201 0.000000
vt -0.600000 -5.250212 0.000000
vt -0.600000 -3.636099 0.000000
vt 0.600000 -5.379020 0.000000
vt -0.600000 -5.654223 0.000000
vt 0.600000 -5.792790 0.000000
vt -0.600000 -6.058234 0.000000
vt 0.600000 -6.206561 0.000000
vt -0.600000 -6.462245 0.000000
vt 0.600000 -6.620332 0.000000
vt -0.600000 -6.866256 0.000000
vt 0.600000 -7.034103 0.000000
vt -0.600000 -7.270267 0.000000
vt 0.600000 -7.447873 0.000000
vt -0.600000 -7.674278 0.000000
vt 0.600000 -7.861644 0.000000
vt -0.600000 -8.078289 0.000000
vt 0.600000 -8.275415 0.000000
vt -0.600000 -8.482300 0.000000
vt 0.600000 -8.689186 0.000000
vt 0.600000 8.275415 0.000000
vt -0.600000 8.482300 0.000000
vt -0.600000 8.078289 0.000000
vt 0.600000 7.861644 0.000000
vt -0.600000 7.674278 0.000000
vt 0.600000 7.447873 0.000000
vt -0.600000 7.270267 0.000000
vt 0.600000 7.034103 0.000000
vt -0.600000 6.866256 0.000000
vt 0.600000 6.620332 0.000000
vt -0.600000 6.462245 0.000000
vt 0.600000 6.206561 0.000000
vt -0.600000 6.058234 0.000000
vt 0.600000 5.792790 0.000000
vt -0.600000 5.654223 0.000000
vt 0.600000 5.379020 0.000000
vt -0.600000 5.250212 0.000000
vt 0.600000 4.965249 0.000000
vt -0.600000 4.846201 0.000000
vt -0.000000 4.846201 0.000000
vt 0.600000 4.551478 0.000000
vt -0.000000 4.442834 0.000000
vt 0.600000 4.137707 0.000000
vt -0.000000 4.039466 0.000000
vt 0.600000 -1.439897 0.000000
vt -1.200000 -1.559098 0.000000
vt 0.600000 -1.570796 0.000000
vt 0.600000 1.570796 0.000000
vt -1.200000 1.582494 0.000000
vt -1.200000 1.453544 0.000000
vt 0.600000 1.439897 0.000000
vt -1.200000 1.324594 0.000000
vt 0.600000 1.308997 0.000000
vt -1.200000 1.195644 0.000000
vt 0.600000 1.178097 0.000000
vt -1.200000 1.066694 0.000000
vt 0.600000 1.047198 0.000000
vt -1.200000 0.937744 0.000000
vt 0.500000 0.937744 0.000000
vt -1.200000 -1.430148 0.000000
vt 0.600000 -1.308997 0.000000
vt -1.200000 -1.301198 0.000000
vt 0.600000 -1.178097 0.000000
vt -1.200000 -1.172248 0.000000
vt 0.600000 -1.047198 0.000000
vt -1.200000 -1.043298 0.000000
vt 0.600000 -0.916298 0.000000
vt -1.200000 -0.914348 0.000000
vt 0.600000 -0.785398 0.000000
vt -1.200000 -0.785398 0.000000
vt -1.200000 -0.656448 0.000000
vt 0.600000 -0.654498 0.000000
vt -1.200000 -0.527498 0.000000
vt 0.600000 -0.523599 0.000000
vt -1.200000 -0.398548 0.000000
vt 0.600000 -0.392699 0.000000
vt -1.200000 -0.269598 0.000000
vt 0.600000 -0.261799 0.000000
vt -1.200000 -0.140648 0.000000
vt 0.600000 -0.130900 0.000000
vt -1.200000 -0.011698 0.000000
vt 0.600000 0.000000 0.000000
vt -1.200000 0.117252 0.000000
vt 0.600000 0.130900 0.000000
vt -1.200000 0.246202 0.000000
vt 0.600000 0.261799 0.000000
vt -1.200000 0.375152 0.000000
vt 0.600000 0.392699 0.000000
vt -1.200000 0.504102 0.000000
vt 0.600000 0.523599 0.000000
vt -1.200000 0.633052 0.000000
vt 0.500000 0.633052 0.000000
vt 0.600000 0.654498 0.000000
vt 0.500000 0.734616 0.000000
vt 0.600000 0.785398 0.000000
vt 0.500000 0.836180 0.000000
vt 0.600000 0.916298 0.000000
vt 0.476970 -1.850000 0.000000
vt 0.422938 -1.966691 0.000000
vt 0.600000 -1.850000 0.000000
vt 1.284774 -2.813263 0.000000
vt 1.472243 -2.550000 0.000000
vt 0.340930 -2.065741 0.000000
vt 1.050870 -3.036290 0.000000
vt 0.236373 -2.140600 0.000000
vt 0.778985 -3.211020 0.000000
vt 0.478945 -3.331138 0.000000
vt 0.116180 -2.186315 0.000000
vt 0.161595 -3.392302 0.000000
vt -0.011697 -2.199863 0.000000
vt -0.161595 -3.392302 0.000000
vt -0.138801 -2.180348 0.000000
vt -0.478945 -3.331138 0.000000
vt -0.778985 -3.211020 0.000000
vt -0.256723 -2.129061 0.000000
vt -1.050870 -3.036290 0.000000
vt -0.357665 -2.049393 0.000000
vt -1.284774 -2.813263 0.000000
vt -0.434949 -1.946615 0.000000
vt -1.472243 -2.550000 0.000000
vt -1.606501 -2.256016 0.000000
vt -0.483464 -1.827525 0.000000
vt -1.682696 -1.941935 0.000000
vt -0.500000 -1.700000 0.000000
vt -1.698074 -1.619111 0.000000
vt -0.483464 -1.572475 0.000000
vt -1.652080 -1.299210 0.000000
vt -1.546374 -0.993794 0.000000
vt -0.434949 -1.453385 0.000000
vt -1.384779 -0.713903 0.000000
vt -0.357665 -1.350607 0.000000
vt -1.173134 -0.469652 0.000000
vt -0.256723 -1.270939 0.000000
vt -0.919089 -0.269869 0.000000
vt -0.631826 -0.121775 0.000000
vt -0.138801 -1.219652 0.000000
vt -0.321727 -0.030721 0.000000
vt -0.011697 -1.200137 0.000000
vt 0.000000 0.000000 0.000000
vt 0.321727 -0.030721 0.000000
vt 0.116180 -1.213685 0.000000
vt 0.631826 -0.121775 0.000000
vt 0.236373 -1.259400 0.000000
vt 0.919089 -0.269869 0.000000
vt 0.340930 -1.334259 0.000000
vt 1.173134 -0.469652 0.000000
vt 1.384779 -0.713903 0.000000
vt 0.422938 -1.433309 0.000000
vt 0.600000 -1.550000 0.000000
vt 0.476970 -1.550000 0.000000
vt 1.546374 -0.993794 0.000000
vt 0.650000 -1.600000 0.000000
vt 1.652080 -1.299210 0.000000
vt 1.698074 -1.619111 0.000000
vt 0.650000 -1.800000 0.000000
vt 1.682696 -1.941935 0.000000
vt 1.606501 -2.256016 0.000000
vn 0.000000 0.000000 1.000000
vn 0.000000 0.000000 1.000000
vn 0.000000 0.000000 1.000000
vn 0.000000 0.000000 1.000000
vn -0.000000 -0.000000 -1.000000
vn -0.000000 -0.000000 -1.000000
vn -0.000000 -0.000000 -1.000000
vn -0.000000 -0.000000 -1.000000
vn -1.000000 0.000000 0.000000
vn -1.000000 0.000000 0.000000
vn -1.000000 0.000000 0.000000
vn -1.000000 0.000000 0.000000
vn -1.000000 0.000000 0.000000
vn -1.000000 0.000000 0.000000
vn -1.000000 0.000000 0.000000
vn -1.000000 0.000000 0.000000
vn -1.000000 0.000000 0.000000
vn -1.000000 0.000000 0.000000
vn -1.000000 0.000000 0.000000
vn -1.000000 0.000000 0.000000
vn -1.000000 0.000000 0.000000
vn -1.000000 0.000000 0.000000
vn -1.000000 0.000000 0.000000
vn -1.000000 0.000000 0.000000
vn -1.000000 0.000000 0.000000
vn -1.000000 0.000000 0.000000
vn -1.000000 0.000000 0.000000
vn -1.000000 0.000000 0.000000
vn -1.000000 0.000000 0.000000
vn -1.000000 0.000000 0.000000
vn -1.000000 0.000000 0.000000
vn -1.000000 0.000000 0.000000
vn -1.000000 0.000000 0.000000
vn -1.000000 0.000000 0.000000
vn -1.000000 0.000000 0.000000
vn -1.000000 0.000000 0.000000
vn -1.000000 0.000000 0.000000
vn -1.000000 0.000000 0.000000
vn -1.000000 0.000000 0.000000
vn -1.000000 0.000000 0.000000
vn -1.000000 0.000000 0.000000
vn -1.000000 0.000000 0.000000
vn -1.000000 0.000000 0.000000
vn -1.000000 0.000000 0.000000
vn -1.000000 0.000000 0.000000
vn -1.000000 0.000000 0.000000
vn -1.000000 0.000000 0.000000
vn -1.000000 0.000000 0.000000
vn -1.000000 0.000000 0.000000
vn -1.000000 0.000000 0.000000
vn -1.000000 0.000000 0.000000
vn -1.000000 0.000000 0.000000
vn -1.000000 0.000000 0.000000
vn -1.000000 0.000000 0.000000
vn -1.000000 0.000000 0.000000
vn -1.000000 0.000000 0.000000
vn -1.000000 0.000000 0.000000
vn -1.000000 0.000000 0.000000
vn -1.000000 0.000000 0.000000
vn -1.000000 0.000000 0.000000
vn -1.000000 0.000000 0.000000
vn -1.000000 0.000000 0.000000
vn -1.000000 0.000000 0.000000
vn -1.000000 0.000000 0.000000
vn -1.000000 0.000000 0.000000
vn -1.000000 0.000000 0.000000
vn -1.000000 0.000000 0.000000
vn -1.000000 0.000000 0.000000
vn -1.000000 0.000000 0.000000
vn -1.000000 0.000000 0.000000
vn -1.000000 0.000000 0.000000
vn -1.000000 0.000000 0.000000
vn -1.000000 0.000000 0.000000
vn -1.000000 0.000000 0.000000
vn -1.000000 0.000000 0.000000
vn -1.000000 0.000000 0.000000
vn -1.000000 0.000000 0.000000
vn -1.000000 0.000000 0.000000
vn -0.000000 0.707107 -0.707107
vn -0.000000 0.707107 -0.707107
vn -0.000000 0.707107 -0.707107
vn -0.000000 0.707107 -0.707107
vn -0.000000 -0.000000 -1.000000
vn -0.000000 -0.000000 -1.000000
vn -0.000000 -0.000000 -1.000000
vn -0.000000 -0.000000 -1.000000
vn 0.000000 0.707107 0.707107
vn 0.000000 0.707107 0.707107
vn 0.000000 0.707107 0.707107
vn 0.000000 0.707107 0.707107
vn 0.707107 0.707107 -0.000000
vn 0.707107 0.707107 -0.000000
vn 0.707107 0.707107 -0.000000
vn 0.707107 0.707107 -0.000000
vn 0.000000 0.000000 1.000000
vn 0.000000 0.000000 1.000000
vn 0.000000 0.000000 1.000000
vn 0.000000 0.000000 1.000000
vn 0.000000 1.000000 -0.000000
vn 0.000000 1.000000 -0.000000
vn 0.000000 1.000000 -0.000000
vn 0.000000 1.000000 -0.000000
vn 1.000000 -0.000000 -0.000000
vn 1.000000 -0.000000 -0.000000
vn 1.000000 -0.000000 -0.000000
vn 1.000000 -0.000000 -0.000000
vn 1.000000 -0.000000 -0.000000
vn 1.000000 -0.000000 -0.000000
vn -0.000000 -0.189251 -0.981929
vn -0.000000 -0.000000 -1.000000
vn -0.000000 -0.000000 -1.000000
vn -0.000000 0.189251 -0.981929
vn -0.000000 0.189251 -0.981929
vn -0.000000 0.371662 -0.928368
vn -0.000000 0.371662 -0.928368
vn -0.000000 0.540641 -0.841254
vn -0.000000 0.540641 -0.841254
vn -0.000000 0.690079 -0.723734
vn -0.000000 0.690079 -0.723734
vn -0.000000 0.814576 -0.580057
vn -0.000000 0.814576 -0.580057
vn -0.000000 0.909632 -0.415415
vn -0.000000 0.909632 -0.415415
vn -0.000000 0.971812 -0.235759
vn -0.000000 0.971812 -0.235759
vn -0.000000 0.998867 -0.047582
vn -0.000000 0.998867 -0.047582
vn 0.000000 0.989821 0.142315
vn 0.000000 0.989821 0.142315
vn 0.000000 0.945001 0.327068
vn 0.000000 0.945001 0.327068
vn 0.000000 0.866025 0.500000
vn 0.000000 0.866025 0.500000
vn 0.000000 0.755750 0.654861
vn 0.000000 0.755750 0.654861
vn 0.000000 0.618159 0.786053
vn 0.000000 0.618159 0.786053
vn 0.000000 0.458227 0.888835
vn 0.000000 0.458227 0.888835
vn 0.000000 0.281733 0.959493
vn 0.000000 0.281733 0.959493
vn 0.000000 0.095056 0.995472
vn 0.000000 0.095056 0.995472
vn 0.000000 -0.095056 0.995472
vn 0.000000 -0.095056 0.995472
vn 0.000000 -0.281733 0.959493
vn 0.000000 -0.281733 0.959493
vn 0.000000 -0.458227 0.888835
vn 0.000000 -0.458227 0.888835
vn 0.000000 -0.618159 0.786053
vn 0.000000 -0.618159 0.786053
vn 0.000000 -0.755750 0.654861
vn 0.000000 -0.755750 0.654861
vn 0.000000 -0.866025 0.500000
vn 0.000000 -0.866025 0.500000
vn 0.000000 -0.945001 0.327068
vn 0.000000 -0.945001 0.327068
vn 0.000000 -0.989821 0.142315
vn 0.000000 -0.989821 0.142315
vn -0.000000 -0.998867 -0.047582
vn -0.000000 -0.998867 -0.047582
vn -0.000000 -0.971812 -0.235759
vn -0.000000 -0.971812 -0.235759
vn -0.000000 -0.909632 -0.415415
vn -0.000000 -0.909632 -0.415415
vn -0.000000 -0.814576 -0.580057
vn -0.000000 -0.814576 -0.580057
vn -0.000000 -0.690079 -0.723734
vn -0.000000 -0.690079 -0.723734
vn -0.000000 -0.540641 -0.841254
vn -0.000000 -0.540641 -0.841254
vn -0.000000 -0.371662 -0.928368
vn -0.000000 -0.371662 -0.928368
vn -0.000000 -0.189251 -0.981929
vn 1.000000 -0.000000 -0.000000
vn 1.000000 -0.000000 -0.000000
vn 1.000000 -0.000000 -0.000000
vn 1.000000 -0.000000 -0.000000
vn 1.000000 -0.000000 -0.000000
vn 1.000000 -0.000000 -0.000000
vn 1.000000 -0.000000 -0.000000
vn 1.000000 -0.000000 -0.000000
vn 1.000000 -0.000000 -0.000000
vn 1.000000 -0.000000 -0.000000
vn 1.000000 -0.000000 -0.000000
vn 1.000000 -0.000000 -0.000000
vn 1.000000 -0.000000 -0.000000
vn 1.000000 -0.000000 -0.000000
vn 1.000000 -0.000000 -0.000000
vn 1.000000 -0.000000 -0.000000
vn 1.000000 -0.000000 -0.000000
vn 1.000000 -0.000000 -0.000000
vn 1.000000 -0.000000 -0.000000
vn 1.000000 -0.000000 -0.000000
vn 1.000000 -0.000000 -0.000000
vn 1.000000 -0.000000 -0.000000
vn 1.000000 -0.000000 -0.000000
vn 1.000000 -0.000000 -0.000000
vn 1.000000 -0.000000 -0.000000
vn 1.000000 -0.000000 -0.000000
vn 1.000000 -0.000000 -0.000000
vn 1.000000 -0.000000 -0.000000
vn 1.000000 -0.000000 -0.000000
vn 1.000000 -0.000000 -0.000000
vn 1.000000 -0.000000 -0.000000
vn 1.000000 -0.000000 -0.000000
vn 1.000000 -0.000000 -0.000000
vn 1.000000 -0.000000 -0.000000
vn 1.000000 -0.000000 -0.000000
vn 1.000000 -0.000000 -0.000000
vn 1.000000 -0.000000 -0.000000
vn 1.000000 -0.000000 -0.000000
vn 1.000000 -0.000000 -0.000000
vn 1.000000 -0.000000 -0.000000
vn 1.000000 -0.000000 -0.000000
vn 1.000000 -0.000000 -0.000000
vn 1.000000 -0.000000 -0.000000
vn 1.000000 -0.000000 -0.000000
vn 1.000000 -0.000000 -0.000000
vn 1.000000 -0.000000 -0.000000
vn 1.000000 -0.000000 -0.000000
vn 1.000000 -0.000000 -0.000000
vn 1.000000 -0.000000 -0.000000
vn 1.000000 -0.000000 -0.000000
vn 1.000000 -0.000000 -0.000000
vn 1.000000 -0.000000 -0.000000
vn 1.000000 -0.000000 -0.000000
vn 1.000000 -0.000000 -0.000000
vn 1.000000 -0.000000 -0.000000
vn 1.000000 -0.000000 -0.000000
vn 1.000000 -0.000000 -0.000000
vn 1.000000 -0.000000 -0.000000
vn 1.000000 -0.000000 -0.000000
vn 1.000000 -0.000000 -0.000000
vn 1.000000 -0.000000 -0.000000
vn 1.000000 -0.000000 -0.000000
vn 1.000000 -0.000000 -0.000000
vn 1.000000 -0.000000 -0.000000
vn 1.000000 -0.000000 -0.000000
vn 1.000000 -0.000000 -0.000000
vn 1.000000 -0.000000 -0.000000
vn 1.000000 -0.000000 -0.000000
vn 1.000000 -0.000000 -0.000000
vn 1.000000 -0.000000 -0.000000
vn 1.000000 -0.000000 -0.000000
vn 1.000000 -0.000000 -0.000000
vn 1.000000 -0.000000 -0.000000
vn 1.000000 -0.000000 -0.000000
vn -0.000000 -0.974996 -0.222222
vn -0.000000 -0.930973 -0.365087
vn -0.000000 -0.974996 -0.222222
vn -0.000000 -0.941140 -0.338017
vn -0.000000 -0.981708 -0.190391
vn -0.000000 -0.878512 -0.477720
vn -0.000000 -0.866145 -0.499794
vn -0.000000 -0.795293 -0.606225
vn -0.000000 -0.781959 -0.623330
vn -0.000000 -0.693433 -0.720522
vn -0.000000 -0.680298 -0.732936
vn -0.000000 -0.575319 -0.817929
vn -0.000000 -0.563433 -0.826162
vn -0.000000 -0.443720 -0.896166
vn -0.000000 -0.433976 -0.900925
vn -0.000000 -0.301721 -0.953396
vn -0.000000 -0.294820 -0.955553
vn -0.000000 -0.152649 -0.988280
vn -0.000000 -0.149076 -0.988826
vn -0.000000 -0.000000 -1.000000
vn -0.000000 -0.000000 -1.000000
vn -0.000000 0.149076 -0.988826
vn -0.000000 0.152649 -0.988280
vn -0.000000 0.294820 -0.955553
vn -0.000000 0.301721 -0.953396
vn -0.000000 0.433976 -0.900925
vn -0.000000 0.443720 -0.896166
vn -0.000000 0.563433 -0.826162
vn -0.000000 0.575319 -0.817929
vn -0.000000 0.680298 -0.732936
vn -0.000000 0.693433 -0.720522
vn -0.000000 0.781959 -0.623330
vn -0.000000 0.795293 -0.606225
vn -0.000000 0.866145 -0.499794
vn -0.000000 0.878512 -0.477720
vn -0.000000 0.930973 -0.365087
vn -0.000000 0.941140 -0.338017
vn -0.000000 0.974996 -0.222222
vn -0.000000 0.981708 -0.190391
vn -0.000000 0.997211 -0.074628
vn -0.000000 0.999266 -0.038303
vn 0.000000 0.997211 0.074628
vn 0.000000 0.993402 0.114683
vn 0.000000 0.974996 0.222222
vn 0.000000 0.964253 0.264982
vn 0.000000 0.974996 0.222222
vn 0.000000 0.930973 0.365087
vn -0.000000 0.974996 -0.222222
vn 0.000000 0.912504 0.409069
vn 0.000000 0.866145 0.499794
vn 0.000000 0.839365 0.543568
vn 0.000000 0.781959 0.623330
vn 0.000000 0.746553 0.665326
vn 0.000000 0.680298 0.732936
vn 0.000000 0.636242 0.771489
vn 0.000000 0.563433 0.826162
vn 0.000000 0.511019 0.859570
vn 0.000000 0.433976 0.900925
vn 0.000000 0.373817 0.927502
vn 0.000000 0.294820 0.955553
vn 0.000000 0.227854 0.973695
vn 0.000000 0.149076 0.988826
vn 0.000000 0.076549 0.997066
vn 0.000000 0.000000 1.000000
vn 0.000000 -0.076549 0.997066
vn 0.000000 -0.149076 0.988826
vn 0.000000 -0.227854 0.973695
vn 0.000000 -0.294820 0.955553
vn 0.000000 -0.373817 0.927502
vn 0.000000 -0.433976 0.900925
vn 0.000000 -0.511019 0.859570
vn 0.000000 -0.563433 0.826162
vn 0.000000 -0.636242 0.771489
vn 0.000000 -0.680298 0.732936
vn 0.000000 -0.746553 0.665326
vn 0.000000 -0.781959 0.623330
vn 0.000000 -0.839365 0.543568
vn 0.000000 -0.866145 0.499794
vn 0.000000 -0.912504 0.409069
vn 0.000000 -0.930973 0.365087
vn 0.000000 -0.964253 0.264982
vn 0.000000 -0.974996 0.222222
vn 0.000000 -0.974996 0.222222
vn 0.000000 -0.993402 0.114683
vn 0.000000 -0.997211 0.074628
vn -0.000000 -0.999266 -0.038303
vn -0.000000 -0.997211 -0.074628
vn -0.000000 -0.258819 -0.965926
vn -0.000000 -0.023394 -0.999726
vn -0.000000 -0.000000 -1.000000
vn -0.000000 0.232360 -0.972630
vn -0.000000 0.258819 -0.965926
vn -0.000000 0.472745 -0.881199
vn -0.000000 0.500000 -0.866025
vn -0.000000 0.681861 -0.731482
vn -0.000000 0.707107 -0.707107
vn -0.000000 0.845875 -0.533381
vn -0.000000 0.866025 -0.500000
vn -0.000000 0.953939 -0.300000
vn -0.000000 0.953939 -0.300000
vn -0.000000 -0.277601 -0.960696
vn -0.000000 -0.500000 -0.866025
vn -0.000000 -0.513447 -0.858122
vn -0.000000 -0.707107 -0.707107
vn -0.000000 -0.715330 -0.698787
vn -0.000000 -0.866025 -0.500000
vn -0.000000 -0.869898 -0.493231
vn -0.000000 -0.965926 -0.258819
vn -0.000000 -0.966928 -0.255051
vn 0.000000 -1.000000 0.000000
vn 0.000000 -1.000000 0.000000
vn 0.000000 -0.966928 0.255051
vn 0.000000 -0.965926 0.258819
vn 0.000000 -0.869898 0.493231
vn 0.000000 -0.866025 0.500000
vn 0.000000 -0.715330 0.698787
vn 0.000000 -0.707107 0.707107
vn 0.000000 -0.513447 0.858122
vn 0.000000 -0.500000 0.866025
vn 0.000000 -0.277601 0.960696
vn 0.000000 -0.258819 0.965926
vn 0.000000 -0.023394 0.999726
vn 0.000000 0.000000 1.000000
vn 0.000000 0.232360 0.972630
vn 0.000000 0.258819 0.965926
vn 0.000000 0.472745 0.881199
vn 0.000000 0.500000 0.866025
vn 0.000000 0.681861 0.731482
vn 0.000000 0.707107 0.707107
vn 0.000000 0.845875 0.533381
vn 0.000000 0.866025 0.500000
vn 0.000000 0.953939 0.300000
vn 0.000000 0.953939 0.300000
vn 0.000000 0.965926 0.258819
vn 0.000000 0.994847 0.101390
vn 0.000000 1.000000 0.000000
vn -0.000000 0.994847 -0.101390
vn -0.000000 0.965926 -0.258819
vn 1.000000 -0.000000 -0.000000
vn 1.000000 -0.000000 -0.000000
vn 1.000000 -0.000000 -0.000000
vn 1.000000 -0.000000 -0.000000
vn 1.000000 -0.000000 -0.000000
vn 1.000000 -0.000000 -0.000000
vn 1.000000 -0.000000 -0.000000
vn 1.000000 -0.000000 -0.000000
vn 1.000000 -0.000000 -0.000000
vn 1.000000 -0.000000 -0.000000
vn 1.000000 -0.000000 -0.000000
vn 1.000000 -0.000000 -0.000000
vn 1.000000 -0.000000 -0.000000
vn 1.000000 -0.000000 -0.000000
vn 1.000000 -0.000000 -0.000000
vn 1.000000 -0.000000 -0.000000
vn 1.000000 -0.000000 -0.000000
vn 1.000000 -0.000000 -0.000000
vn 1.000000 -0.000000 -0.000000
vn 1.000000 -0.000000 -0.000000
vn 1.000000 -0.000000 -0.000000
vn 1.000000 -0.000000 -0.000000
vn 1.000000 -0.000000 -0.000000
vn 1.000000 -0.000000 -0.000000
vn 1.000000 -0.000000 -0.000000
vn 1.000000 -0.000000 -0.000000
vn 1.000000 -0.000000 -0.000000
vn 1.000000 -0.000000 -0.000000
vn 1.000000 -0.000000 -0.000000
vn 1.000000 -0.000000 -0.000000
vn 1.000000 -0.000000 -0.000000
vn 1.000000 -0.000000 -0.000000
vn 1.000000 -0.000000 -0.000000
vn 1.000000 -0.000000 -0.000000
vn 1.000000 -0.000000 -0.000000
vn 1.000000 -0.000000 -0.000000
vn 1.000000 -0.000000 -0.000000
vn 1.000000 -0.000000 -0.000000
vn 1.000000 -0.000000 -0.000000
vn 1.000000 -0.000000 -0.000000
vn 1.000000 -0.000000 -0.000000
vn 1.000000 -0.000000 -0.000000
vn 1.000000 -0.000000 -0.000000
vn 1.000000 -0.000000 -0.000000
vn 1.000000 -0.000000 -0.000000
vn 1.000000 -0.000000 -0.000000
vn 1.000000 -0.000000 -0.000000
vn 1.000000 -0.000000 -0.000000
vn 1.000000 -0.000000 -0.000000
vn 1.000000 -0.000000 -0.000000
vn 1.000000 -0.000000 -0.000000
vn 1.000000 -0.000000 -0.000000
vn 1.000000 -0.000000 -0.000000
vn 1.000000 -0.000000 -0.000000
vn 1.000000 -0.000000 -0.000000
vn 1.000000 -0.000000 -0.000000
vn 1.000000 -0.000000 -0.000000
vn 1.000000 -0.000000 -0.000000
vn 1.000000 -0.000000 -0.000000
vn 1.000000 -0.000000 -0.000000
usemtl Powder_Coat_-_Rough_(Blue)
f 274/548/539 275/549/540 277/550/541
f 277/550/541 275/549/540 276/551/542
f 278/552/543 279/553/544 281/554/545
f 281/554/545 279/553/544 280/555/546
f 283/556/547 281/557/548 282/558/549
f 282/558/549 281/557/548 280/559/550
f 282/558/549 280/559/550 305/560/551
f 305/560/551 280/559/550 304/561/552
f 304/561/552 280/559/550 303/562/553
f 303/562/553 280/559/550 306/563/554
f 303/562/553 306/563/554 302/564/555
f 302/564/555 306/563/554 301/565/556
f 301/565/556 306/563/554 300/566/557
f 300/566/557 306/563/554 307/567/558
f 300/566/557 307/567/558 299/568/559
f 299/568/559 307/567/558 298/569/560
f 298/569/560 307/567/558 297/570/561
f 297/570/561 307/567/558 277/571/562
f 297/570/561 277/571/562 296/572/563
f 296/572/563 277/571/562 295/573/564
f 295/573/564 277/571/562 294/574/565
f 294/574/565 277/571/562 276/575/566
f 294/574/565 276/575/566 293/576/567
f 293/576/567 276/575/566 292/577/568
f 292/577/568 276/575/566 291/578/569
f 291/578/569 276/575/566 308/579/570
f 291/578/569 308/579/570 290/580/571
f 290/580/571 308/579/570 289/581/572
f 289/581/572 308/579/570 288/582/573
f 288/582/573 308/579/570 309/583/574
f 288/582/573 309/583/574 287/584/575
f 287/584/575 309/583/574 286/585/576
f 286/585/576 309/583/574 285/586/577
f 285/586/577 309/583/574 281/557/548
f 285/586/577 281/557/548 284/587/578
f 284/587/578 281/557/548 283/556/547
f 279/588/579 278/589/580 326/590/581
f 326/590/581 278/589/580 310/591/582
f 326/590/581 310/591/582 325/592/583
f 325/592/583 310/591/582 311/593/584
f 325/592/583 311/593/584 324/594/585
f 324/594/585 311/593/584 312/595/586
f 324/594/585 312/595/586 323/596/587
f 323/596/587 312/595/586 313/597/588
f 323/596/587 313/597/588 322/598/589
f 322/598/589 313/597/588 314/599/590
f 322/598/589 314/599/590 321/600/591
f 321/600/591 314/599/590 315/601/592
f 321/600/591 315/601/592 320/602/593
f 320/602/593 315/601/592 316/603/594
f 320/602/593 316/603/594 319/604/595
f 319/604/595 316/603/594 317/605/596
f 319/604/595 317/605/596 318/606/597
f 275/607/598 274/608/599 343/609/600
f 343/609/600 274/608/599 327/610/601
f 343/609/600 327/610/601 342/611/602
f 342/611/602 327/610/601 328/612/603
f 342/611/602 328/612/603 341/613/604
f 341/613/604 328/612/603 329/614/605
f 341/613/604 329/614/605 340/615/606
f 340/615/606 329/614/605 330/616/607
f 340/615/606 330/616/607 339/617/608
f 339/617/608 330/616/607 331/618/609
f 339/617/608 331/618/609 338/619/610
f 338/619/610 331/618/609 332/620/611
f 338/619/610 332/620/611 337/621/612
f 337/621/612 332/620/611 333/622/613
f 337/621/612 333/622/613 336/623/614
f 336/623/614 333/622/613 334/624/615
f 336/623/614 334/624/615 335/625/616
f 345/626/617 346/627/618 344/628/619
f 344/628/619 346/627/618 347/629/620
f 344/630/621 347/631/622 348/632/623
f 348/632/623 347/631/622 349/633/624
f 350/634/625 351/635/626 353/636/627
f 353/636/627 351/635/626 352/637/628
f 346/638/629 353/639/630 347/640/631
f 347/640/631 353/639/630 352/641/632
f 354/642/633 355/643/634 351/644/635
f 351/644/635 355/643/634 352/645/636
f 350/646/637 353/647/638 345/648/639
f 345/648/639 353/647/638 346/649/640
f 349/650/641 347/651/642 357/652/643
f 357/652/643 347/651/642 352/653/644
f 357/652/643 352/653/644 356/654/645
f 356/654/645 352/653/644 355/655/646
f 359/656/647 391/657/648 358/658/649
f 358/658/649 391/657/648 392/659/650
f 358/658/649 392/659/650 390/660/651
f 390/660/651 392/659/650 393/661/652
f 390/660/651 393/661/652 389/662/653
f 389/662/653 393/661/652 394/663/654
f 389/662/653 394/663/654 388/664/655
f 388/664/655 394/663/654 395/665/656
f 388/664/655 395/665/656 387/666/657
f 387/666/657 395/665/656 396/667/658
f 387/666/657 396/667/658 386/668/659
f 386/668/659 396/667/658 397/669/660
f 386/668/659 397/669/660 385/670/661
f 385/670/661 397/669/660 398/671/662
f 385/670/661 398/671/662 384/672/663
f 384/672/663 398/671/662 399/673/664
f 384/672/663 399/673/664 383/674/665
f 383/674/665 399/673/664 400/675/666
f 383/674/665 400/675/666 382/676/667
f 382/676/667 400/675/666 401/677/668
f 382/676/667 401/677/668 381/678/669
f 381/678/669 401/677/668 402/679/670
f 381/678/669 402/679/670 380/680/671
f 380/680/671 402/679/670 403/681/672
f 380/680/671 403/681/672 379/682/673
f 379/682/673 403/681/672 404/683/674
f 379/682/673 404/683/674 378/684/675
f 378/684/675 404/683/674 405/685/676
f 378/684/675 405/685/676 377/686/677
f 377/686/677 405/685/676 406/687/678
f 377/686/677 406/687/678 376/688/679
f 376/688/679 406/687/678 407/689/680
f 376/688/679 407/689/680 375/690/681
f 375/691/681 407/692/680 408/693/682
f 375/691/681 408/693/682 374/694/683
f 374/694/683 408/693/682 409/695/684
f 374/694/683 409/695/684 373/696/685
f 373/696/685 409/695/684 410/697/686
f 373/696/685 410/697/686 372/698/687
f 372/698/687 410/697/686 411/699/688
f 372/698/687 411/699/688 371/700/689
f 371/700/689 411/699/688 412/701/690
f 371/700/689 412/701/690 370/702/691
f 370/702/691 412/701/690 413/703/692
f 370/702/691 413/703/692 369/704/693
f 369/704/693 413/703/692 414/705/694
f 369/704/693 414/705/694 368/706/695
f 368/706/695 414/705/694 415/707/696
f 368/706/695 415/707/696 367/708/697
f 367/708/697 415/707/696 416/709/698
f 367/708/697 416/709/698 366/710/699
f 366/710/699 416/709/698 417/711/700
f 366/710/699 417/711/700 365/712/701
f 365/712/701 417/711/700 418/713/702
f 365/712/701 418/713/702 364/714/703
f 364/714/703 418/713/702 419/715/704
f 364/714/703 419/715/704 363/716/705
f 363/716/705 419/715/704 420/717/706
f 363/716/705 420/717/706 362/718/707
f 362/718/707 420/717/706 421/719/708
f 362/718/707 421/719/708 361/720/709
f 361/720/709 421/719/708 422/721/710
f 361/720/709 422/721/710 360/722/711
f 360/722/711 422/721/710 423/723/712
f 360/722/711 423/723/712 359/656/647
f 359/656/647 423/723/712 391/657/648
f 423/724/713 464/725/714 391/726/715
f 391/726/715 464/725/714 424/727/716
f 391/726/715 424/727/716 425/728/717
f 464/725/714 423/724/713 463/729/718
f 463/729/718 423/724/713 422/730/719
f 463/729/718 422/730/719 462/731/720
f 462/731/720 422/730/719 421/732/721
f 462/731/720 421/732/721 461/733/722
f 461/733/722 421/732/721 420/734/723
f 461/733/722 420/734/723 460/735/724
f 460/735/724 420/734/723 459/736/725
f 459/736/725 420/734/723 419/737/726
f 459/736/725 419/737/726 458/738/727
f 458/738/727 419/737/726 418/739/728
f 458/738/727 418/739/728 457/740/729
f 457/740/729 418/739/728 417/741/730
f 457/740/729 417/741/730 456/742/731
f 456/742/731 417/741/730 416/743/732
f 456/742/731 416/743/732 455/744/733
f 455/744/733 416/743/732 454/745/734
f 454/745/734 416/743/732 415/746/735
f 454/745/734 415/746/735 453/747/736
f 453/747/736 415/746/735 414/748/737
f 453/747/736 414/748/737 452/749/738
f 452/749/738 414/748/737 413/750/739
f 452/749/738 413/750/739 451/751/740
f 451/751/740 413/750/739 412/752/741
f 451/751/740 412/752/741 450/753/742
f 450/753/742 412/752/741 449/754/743
f 449/754/743 412/752/741 411/755/744
f 449/754/743 411/755/744 448/756/745
f 448/756/745 411/755/744 410/757/746
f 448/756/745 410/757/746 447/758/747
f 447/758/747 410/757/746 409/759/748
f 447/758/747 409/759/748 446/760/749
f 446/760/749 409/759/748 408/761/750
f 446/760/749 408/761/750 445/762/751
f 445/762/751 408/761/750 407/763/752
f 445/762/751 407/763/752 444/764/753
f 444/764/753 407/763/752 443/765/754
f 443/765/754 407/763/752 406/766/755
f 443/765/754 406/766/755 442/767/756
f 442/767/756 406/766/755 405/768/757
f 442/767/756 405/768/757 441/769/758
f 441/769/758 405/768/757 404/770/759
f 441/769/758 404/770/759 440/771/760
f 440/771/760 404/770/759 403/772/761
f 440/771/760 403/772/761 439/773/762
f 439/773/762 403/772/761 438/774/763
f 438/774/763 403/772/761 402/775/764
f 438/774/763 402/775/764 437/776/765
f 437/776/765 402/775/764 401/777/766
f 437/776/765 401/777/766 436/778/767
f 436/778/767 401/777/766 400/779/768
f 436/778/767 400/779/768 435/780/769
f 435/780/769 400/779/768 399/781/770
f 435/780/769 399/781/770 434/782/771
f 434/782/771 399/781/770 433/783/772
f 433/783/772 399/781/770 398/784/773
f 433/783/772 398/784/773 432/785/774
f 432/785/774 398/784/773 397/786/775
f 432/785/774 397/786/775 431/787/776
f 431/787/776 397/786/775 396/788/777
f 431/787/776 396/788/777 430/789/778
f 430/789/778 396/788/777 395/790/779
f 430/789/778 395/790/779 429/791/780
f 429/791/780 395/790/779 428/792/781
f 428/792/781 395/790/779 394/793/782
f 428/792/781 394/793/782 427/794/783
f 427/794/783 394/793/782 393/795/784
f 427/794/783 393/795/784 426/796/785
f 426/796/785 393/795/784 392/797/786
f 426/796/785 392/797/786 425/728/717
f 425/728/717 392/797/786 391/726/715
f 275/798/787 343/799/788 276/800/789
f 276/800/789 343/799/788 457/801/790
f 276/800/789 457/801/790 456/802/791
f 457/801/790 343/799/788 458/803/792
f 458/803/792 343/799/788 342/804/793
f 458/803/792 342/804/793 459/805/794
f 459/805/794 342/804/793 341/806/795
f 459/805/794 341/806/795 460/807/796
f 460/807/796 341/806/795 340/808/797
f 460/807/796 340/808/797 461/809/798
f 461/809/798 340/808/797 339/810/799
f 461/809/798 339/810/799 462/811/800
f 462/811/800 339/810/799 338/812/801
f 462/811/800 338/812/801 463/813/802
f 463/813/802 338/812/801 337/814/803
f 463/813/802 337/814/803 464/815/804
f 464/815/804 337/814/803 336/816/805
f 464/815/804 336/816/805 424/817/806
f 424/817/806 336/816/805 335/818/807
f 424/817/806 335/818/807 334/819/808
f 424/817/806 334/819/808 425/820/809
f 425/820/809 334/819/808 333/821/810
f 425/820/809 333/821/810 426/822/811
f 426/822/811 333/821/810 332/823/812
f 426/822/811 332/823/812 427/824/813
f 427/824/813 332/823/812 331/825/814
f 427/824/813 331/825/814 428/826/815
f 428/826/815 331/825/814 330/827/816
f 428/826/815 330/827/816 429/828/817
f 429/828/817 330/827/816 329/829/818
f 429/828/817 329/829/818 430/830/819
f 430/830/819 329/829/818 328/831/820
f 430/830/819 328/831/820 431/832/821
f 431/832/821 328/831/820 327/833/822
f 431/832/821 327/833/822 432/834/823
f 432/834/823 327/833/822 277/835/824
f 432/834/823 277/835/824 433/836/825
f 433/836/825 277/835/824 307/837/826
f 433/836/825 307/837/826 434/838/827
f 434/838/827 307/837/826 306/839/828
f 434/838/827 306/839/828 435/840/829
f 435/840/829 306/839/828 280/841/830
f 435/840/829 280/841/830 436/842/831
f 436/842/831 280/841/830 279/843/832
f 436/842/831 279/843/832 326/844/833
f 327/833/822 274/845/834 277/835/824
f 436/842/831 326/844/833 437/846/835
f 437/846/835 326/844/833 325/847/836
f 437/846/835 325/847/836 438/848/837
f 438/848/837 325/847/836 324/849/838
f 438/848/837 324/849/838 439/850/839
f 439/850/839 324/849/838 323/851/840
f 439/850/839 323/851/840 440/852/841
f 440/852/841 323/851/840 322/853/842
f 440/852/841 322/853/842 441/854/843
f 441/854/843 322/853/842 321/855/844
f 441/854/843 321/855/844 442/856/845
f 442/856/845 321/855/844 320/857/846
f 442/856/845 320/857/846 443/858/847
f 443/858/847 320/857/846 319/859/848
f 443/858/847 319/859/848 444/860/849
f 444/860/849 319/859/848 318/861/850
f 444/860/849 318/861/850 445/862/851
f 445/863/851 318/864/850 317/865/852
f 445/863/851 317/865/852 446/866/853
f 446/866/853 317/865/852 316/867/854
f 446/866/853 316/867/854 447/868/855
f 447/868/855 316/867/854 315/869/856
f 447/868/855 315/869/856 448/870/857
f 448/870/857 315/869/856 314/871/858
f 448/870/857 314/871/858 449/872/859
f 449/872/859 314/871/858 313/873/860
f 449/872/859 313/873/860 450/874/861
f 450/874/861 313/873/860 312/875/862
f 450/874/861 312/875/862 451/876/863
f 451/876/863 312/875/862 311/877/864
f 451/876/863 311/877/864 452/878/865
f 452/878/865 311/877/864 310/879/866
f 452/878/865 310/879/866 453/880/867
f 453/880/867 310/879/866 278/881/868
f 453/880/867 278/881/868 281/882/869
f 453/880/867 281/882/869 454/883/870
f 454/883/870 281/882/869 309/884/871
f 454/883/870 309/884/871 455/885/872
f 455/885/872 309/884/871 308/886/873
f 455/885/872 308/886/873 456/802/791
f 456/802/791 308/886/873 276/800/789
f 305/887/874 481/888/875 282/889/876
f 282/890/876 481/891/875 482/892/877
f 282/890/876 482/892/877 283/893/878
f 283/893/878 482/892/877 483/894/879
f 283/893/878 483/894/879 284/895/880
f 284/895/880 483/894/879 484/896/881
f 284/895/880 484/896/881 285/897/882
f 285/897/882 484/896/881 485/898/883
f 285/897/882 485/898/883 286/899/884
f 286/899/884 485/898/883 348/900/885
f 286/899/884 348/900/885 349/901/886
f 481/888/875 305/887/874 480/902/887
f 480/902/887 305/887/874 304/903/888
f 480/902/887 304/903/888 479/904/889
f 479/904/889 304/903/888 303/905/890
f 479/904/889 303/905/890 478/906/891
f 478/906/891 303/905/890 302/907/892
f 478/906/891 302/907/892 477/908/893
f 477/908/893 302/907/892 301/909/894
f 477/908/893 301/909/894 476/910/895
f 476/910/895 301/909/894 300/911/896
f 476/910/895 300/911/896 475/912/897
f 475/912/897 300/911/896 474/913/898
f 474/913/898 300/911/896 299/914/899
f 474/913/898 299/914/899 473/915/900
f 473/915/900 299/914/899 298/916/901
f 473/915/900 298/916/901 472/917/902
f 472/917/902 298/916/901 297/918/903
f 472/917/902 297/918/903 471/919/904
f 471/919/904 297/918/903 296/920/905
f 471/919/904 296/920/905 470/921/906
f 470/921/906 296/920/905 295/922/907
f 470/921/906 295/922/907 469/923/908
f 469/923/908 295/922/907 294/924/909
f 469/923/908 294/924/909 468/925/910
f 468/925/910 294/924/909 293/926/911
f 468/925/910 293/926/911 467/927/912
f 467/927/912 293/926/911 292/928/913
f 467/927/912 292/928/913 466/929/914
f 466/929/914 292/928/913 291/930/915
f 466/929/914 291/930/915 465/931/916
f 465/931/916 291/930/915 290/932/917
f 465/931/916 290/932/917 354/933/918
f 354/933/918 290/932/917 355/934/919
f 355/934/919 290/932/917 289/935/920
f 355/934/919 289/935/920 356/936/921
f 356/936/921 289/935/920 288/937/922
f 356/936/921 288/937/922 357/938/923
f 357/938/923 288/937/922 287/939/924
f 357/938/923 287/939/924 349/901/886
f 349/901/886 287/939/924 286/899/884
f 348/940/925 485/941/926 344/942/927
f 344/942/927 485/941/926 370/943/928
f 344/942/927 370/943/928 369/944/929
f 485/941/926 484/945/930 370/943/928
f 370/943/928 484/945/930 371/946/931
f 371/946/931 484/945/930 483/947/932
f 371/946/931 483/947/932 372/948/933
f 372/948/933 483/947/932 373/949/934
f 373/949/934 483/947/932 482/950/935
f 373/949/934 482/950/935 374/951/936
f 374/951/936 482/950/935 481/952/937
f 374/951/936 481/952/937 375/953/938
f 375/953/938 481/952/937 480/954/939
f 375/953/938 480/954/939 376/955/940
f 376/955/940 480/954/939 377/956/941
f 377/956/941 480/954/939 479/957/942
f 377/956/941 479/957/942 378/958/943
f 378/958/943 479/957/942 478/959/944
f 378/958/943 478/959/944 379/960/945
f 379/960/945 478/959/944 477/961/946
f 379/960/945 477/961/946 380/962/947
f 380/962/947 477/961/946 381/963/948
f 381/963/948 477/961/946 476/964/949
f 381/963/948 476/964/949 382/965/950
f 382/965/950 476/964/949 475/966/951
f 382/965/950 475/966/951 383/967/952
f 383/967/952 475/966/951 474/968/953
f 383/967/952 474/968/953 384/969/954
f 384/969/954 474/968/953 385/970/955
f 385/970/955 474/968/953 473/971/956
f 385/970/955 473/971/956 386/972/957
f 386/972/957 473/971/956 472/973/958
f 386/972/957 472/973/958 387/974/959
f 387/974/959 472/973/958 471/975/960
f 387/974/959 471/975/960 388/976/961
f 388/976/961 471/975/960 389/977/962
f 389/977/962 471/975/960 470/978/963
f 389/977/962 470/978/963 390/979/964
f 390/979/964 470/978/963 469/980/965
f 390/979/964 469/980/965 358/981/966
f 358/981/966 469/980/965 359/982/967
f 359/982/967 469/980/965 468/983/968
f 359/982/967 468/983/968 360/984/969
f 360/984/969 468/983/968 467/985/970
f 360/984/969 467/985/970 361/986/971
f 361/986/971 467/985/970 466/987/972
f 361/986/971 466/987/972 362/988/973
f 362/988/973 466/987/972 363/989/974
f 363/989/974 466/987/972 465/990/975
f 363/989/974 465/990/975 351/991/976
f 351/991/976 465/990/975 354/992/977
f 363/989/974 351/991/976 364/993/978
f 364/993/978 351/991/976 350/994/979
f 364/993/978 350/994/979 365/995/980
f 365/995/980 350/994/979 366/996/981
f 366/996/981 350/994/979 345/997/982
f 366/996/981 345/997/982 367/998/983
f 367/998/983 345/997/982 368/999/984
f 368/999/984 345/997/982 369/944/929
f 369/944/929 345/997/982 344/942/927
g Body1:3

v 1.300000 0.000000 -0.289712
v 1.300000 -0.000000 -0.589712
v 1.300000 0.038823 -0.584601
v 1.300000 0.075000 -0.569616
v 1.300000 0.106066 -0.545778
v 1.300000 0.129904 -0.514712
v 1.300000 0.144889 -0.478535
v 1.300000 0.150000 -0.439712
v 1.300000 0.144889 -0.400889
v 1.300000 0.129904 -0.364712
v 1.300000 0.106066 -0.333646
v 1.300000 0.075000 -0.309808
v 1.300000 0.038823 -0.294823
v 3.500000 -0.000000 -0.589712
v 3.500000 0.038823 -0.584601
v 3.500000 0.075000 -0.569616
v 3.500000 0.106066 -0.545778
v 3.500000 0.129904 -0.514712
v 3.500000 0.144889 -0.478535
v 3.500000 0.150000 -0.439712
v 3.500000 0.144889 -0.400889
v 3.500000 0.129904 -0.364712
v 3.500000 0.106066 -0.333646
v 3.500000 0.075000 -0.309808
v 3.500000 0.038823 -0.294823
v 3.500000 0.000000 -0.289712
v 2.766667 0.038823 -0.584601
v 2.033333 0.038823 -0.584601
v 2.766667 0.075000 -0.569616
v 2.033333 0.075000 -0.569616
v 2.766667 0.106066 -0.545778
v 2.033333 0.106066 -0.545778
v 2.766667 0.129904 -0.514712
v 2.033333 0.129904 -0.514712
v 2.766667 0.144889 -0.478535
v 2.033333 0.144889 -0.478535
v 2.766667 0.150000 -0.439712
v 2.033333 0.150000 -0.439712
v 2.766667 0.144889 -0.400889
v 2.033333 0.144889 -0.400889
v 2.766667 0.129904 -0.364712
v 2.033333 0.129904 -0.364712
v 2.766667 0.106066 -0.333646
v 2.033333 0.106066 -0.333646
v 2.766667 0.075000 -0.309808
v 2.033333 0.075000 -0.309808
v 2.766667 0.038823 -0.294823
v 2.033333 0.038823 -0.294823
v 3.450000 -0.650000 -0.539712
v 1.350000 -0.650000 -0.539712
v 1.300000 -0.600000 -0.589712
v 3.500000 -0.600000 -0.589712
v 1.350000 -0.650000 -0.339712
v 1.300000 -0.600000 -0.289712
v 3.450000 -0.650000 -0.339712
v 3.500000 -0.600000 -0.289712
v 3.500000 -0.476970 -0.589712
v 3.500000 -0.497423 -0.490407
v 3.500000 -0.497423 -0.389017
v 3.500000 -0.476970 -0.289712
v 1.300000 -0.476970 -0.589712
v 1.200000 -0.000000 -0.039712
v 1.200000 -0.103528 -0.053342
v 1.200000 -0.200000 -0.093302
v 1.200000 -0.282843 -0.156869
v 1.200000 -0.346410 -0.239712
v 1.200000 -0.386370 -0.336184
v 1.200000 -0.400000 -0.439712
v 1.200000 -0.386370 -0.543240
v 1.200000 -0.346410 -0.639712
v 1.200000 -0.282843 -0.722555
v 1.200000 -0.200000 -0.786122
v 1.200000 -0.103528 -0.826082
v 1.200000 -0.000000 -0.839712
v 1.200000 0.103528 -0.826082
v 1.200000 0.200000 -0.786122
v 1.200000 0.282843 -0.722555
v 1.200000 0.346410 -0.639712
v 1.200000 0.386370 -0.543240
v 1.200000 0.400000 -0.439712
v 1.200000 0.386370 -0.336184
v 1.200000 0.346410 -0.239712
v 1.200000 0.282843 -0.156869
v 1.200000 0.200000 -0.093302
v 1.200000 0.103528 -0.053342
v 1.300000 -0.476970 -0.289712
v 1.300000 -0.422938 -0.173022
v 1.300000 -0.340930 -0.073971
v 1.300000 -0.236373 0.000887
v 1.300000 -0.116180 0.046603
v 1.300000 0.011697 0.060151
v 1.300000 0.138801 0.040636
v 1.300000 0.256723 -0.010651
v 1.300000 0.357665 -0.090319
v 1.300000 0.434949 -0.193097
v 1.300000 0.483464 -0.312187
v 1.300000 0.500000 -0.439712
v 1.300000 0.483464 -0.567237
v 1.300000 0.434949 -0.686328
v 1.300000 0.357665 -0.789105
v 1.300000 0.256723 -0.868773
v 1.300000 0.138801 -0.920060
v 1.300000 0.011697 -0.939575
v 1.300000 -0.116180 -0.926027
v 1.300000 -0.236373 -0.880312
v 1.300000 -0.340930 -0.805453
v 1.300000 -0.422938 -0.706403
v 1.300000 -0.497423 -0.490407
v 1.300000 -0.497423 -0.389017
v 7.100000 -0.000000 0.060288
v 7.100000 -0.129410 0.043251
v 7.100000 -0.250000 -0.006699
v 7.100000 -0.353553 -0.086159
v 7.100000 -0.433013 -0.189712
v 7.100000 -0.482963 -0.310303
v 7.100000 -0.500000 -0.439712
v 7.100000 -0.482963 -0.569122
v 7.100000 -0.433013 -0.689712
v 7.100000 -0.353553 -0.793266
v 7.100000 -0.250000 -0.872725
v 7.100000 -0.129410 -0.922675
v 7.100000 -0.000000 -0.939712
v 7.100000 0.129410 -0.922675
v 7.100000 0.250000 -0.872725
v 7.100000 0.353553 -0.793266
v 7.100000 0.433013 -0.689712
v 7.100000 0.482963 -0.569122
v 7.100000 0.500000 -0.439712
v 7.100000 0.482963 -0.310303
v 7.100000 0.433013 -0.189712
v 7.100000 0.353553 -0.086159
v 7.100000 0.250000 -0.006699
v 7.100000 0.129410 0.043251
v 7.200000 0.000000 -0.039712
v 7.200000 0.103528 -0.053342
v 7.200000 0.200000 -0.093302
v 7.200000 0.282843 -0.156869
v 7.200000 0.346410 -0.239712
v 7.200000 0.386370 -0.336184
v 7.200000 0.400000 -0.439712
v 7.200000 0.386370 -0.543240
v 7.200000 0.346410 -0.639712
v 7.200000 0.282843 -0.722555
v 7.200000 0.200000 -0.786122
v 7.200000 0.103528 -0.826082
v 7.200000 -0.000000 -0.839712
v 7.200000 -0.103528 -0.826082
v 7.200000 -0.200000 -0.786122
v 7.200000 -0.282843 -0.722555
v 7.200000 -0.346410 -0.639712
v 7.200000 -0.386370 -0.543240
v 7.200000 -0.400000 -0.439712
v 7.200000 -0.386370 -0.336184
v 7.200000 -0.346410 -0.239712
v 7.200000 -0.282843 -0.156869
v 7.200000 -0.200000 -0.093302
v 7.200000 -0.103528 -0.053342
v 4.200000 -0.000000 -0.939712
v 4.200000 -0.433013 -0.689712
v 4.200000 -0.482963 -0.569122
v 4.200000 -0.353553 -0.793266
v 4.200000 -0.250000 -0.872725
v 4.200000 -0.129410 -0.922675
v 4.200000 0.129410 -0.922675
v 4.200000 0.250000 -0.872725
v 4.200000 0.353553 -0.793266
v 4.200000 0.433013 -0.689712
v 4.200000 0.482963 -0.569122
v 4.200000 0.500000 -0.439712
v 4.200000 0.482963 -0.310303
v 4.200000 0.433013 -0.189712
v 4.200000 0.353553 -0.086159
v 4.200000 0.250000 -0.006699
v 4.200000 0.129410 0.043251
v 4.200000 -0.000000 0.060288
v 4.200000 -0.129410 0.043251
v 4.200000 -0.250000 -0.006699
v 4.200000 -0.353553 -0.086159
v 4.200000 -0.433013 -0.189712
v 4.200000 -0.482963 -0.310303
v 4.200000 -0.500000 -0.439712
vt 0.000000 0.150000 0.000000
vt -0.038823 0.144889 0.000000
vt 0.000000 -0.150000 0.000000
vt -0.038823 -0.144889 0.000000
vt -0.075000 -0.129904 0.000000
vt -0.075000 0.129904 0.000000
vt -0.106066 -0.106066 0.000000
vt -0.106066 0.106066 0.000000
vt -0.129904 -0.075000 0.000000
vt -0.129904 0.075000 0.000000
vt -0.144889 -0.038823 0.000000
vt -0.144889 0.038823 0.000000
vt -0.150000 0.000000 0.000000
vt -1.100000 -0.431969 0.000000
vt -1.100000 -0.471239 0.000000
vt -0.366667 -0.431969 0.000000
vt 1.100000 -0.471239 0.000000
vt 0.366667 -0.431969 0.000000
vt 1.100000 -0.431969 0.000000
vt 0.366667 -0.392699 0.000000
vt 1.100000 -0.392699 0.000000
vt 0.366667 -0.353429 0.000000
vt 1.100000 -0.353429 0.000000
vt 0.366667 -0.314159 0.000000
vt 1.100000 -0.314159 0.000000
vt 0.366667 -0.274889 0.000000
vt 1.100000 -0.274889 0.000000
vt 0.366667 -0.235619 0.000000
vt 1.100000 -0.235619 0.000000
vt 0.366667 -0.196350 0.000000
vt 1.100000 -0.196350 0.000000
vt 0.366667 -0.157080 0.000000
vt 1.100000 -0.157080 0.000000
vt 0.366667 -0.117810 0.000000
vt 1.100000 -0.117810 0.000000
vt 0.366667 -0.078540 0.000000
vt 1.100000 -0.078540 0.000000
vt 0.366667 -0.039270 0.000000
vt 1.100000 -0.039270 0.000000
vt 1.100000 0.000000 0.000000
vt -1.100000 0.000000 0.000000
vt -0.366667 -0.039270 0.000000
vt -0.366667 -0.078540 0.000000
vt -0.366667 -0.117810 0.000000
vt -0.366667 -0.157080 0.000000
vt -0.366667 -0.196350 0.000000
vt -0.366667 -0.235619 0.000000
vt -0.366667 -0.274889 0.000000
vt -0.366667 -0.314159 0.000000
vt -0.366667 -0.353429 0.000000
vt -0.366667 -0.392699 0.000000
vt -1.100000 -0.039270 0.000000
vt -1.100000 -0.078540 0.000000
vt -1.100000 -0.117810 0.000000
vt -1.100000 -0.157080 0.000000
vt -1.100000 -0.196350 0.000000
vt -1.100000 -0.235619 0.000000
vt -1.100000 -0.274889 0.000000
vt -1.100000 -0.314159 0.000000
vt -1.100000 -0.353429 0.000000
vt -1.100000 -0.392699 0.000000
vt 0.000000 0.300000 0.000000
vt 0.000000 0.000000 0.000000
vt 0.038823 0.294889 0.000000
vt 0.038823 0.005111 0.000000
vt 0.075000 0.020096 0.000000
vt 0.075000 0.279904 0.000000
vt 0.106066 0.043934 0.000000
vt 0.106066 0.256066 0.000000
vt 0.129904 0.075000 0.000000
vt 0.129904 0.225000 0.000000
vt 0.144889 0.111177 0.000000
vt 0.144889 0.188823 0.000000
vt 0.150000 0.150000 0.000000
vt -1.100000 -0.150000 0.000000
vt 1.100000 -0.150000 0.000000
vt -1.100000 0.150000 0.000000
vt 1.100000 0.150000 0.000000
vt -1.600000 -0.035355 0.000000
vt 0.500000 -0.035355 0.000000
vt -1.650000 0.035355 0.000000
vt 0.550000 0.035355 0.000000
vt -0.035355 -0.025000 0.000000
vt 0.035355 -0.075000 0.000000
vt -0.035355 0.175000 0.000000
vt 0.035355 0.225000 0.000000
vt 1.600000 0.035355 0.000000
vt -0.500000 0.035355 0.000000
vt 1.650000 -0.035355 0.000000
vt -0.550000 -0.035355 0.000000
vt -0.035355 0.075000 0.000000
vt -0.035355 -0.225000 0.000000
vt 0.035355 0.025000 0.000000
vt 0.035355 -0.175000 0.000000
vt 0.300000 0.476970 0.000000
vt 0.300000 0.600000 0.000000
vt 0.200695 0.497423 0.000000
vt 0.000000 0.600000 0.000000
vt 0.099305 0.497423 0.000000
vt 0.000000 0.476970 0.000000
vt 2.200000 0.600000 0.000000
vt 0.000000 0.600000 0.000000
vt 2.200000 0.476970 0.000000
vt -0.000000 0.476970 0.000000
vt 1.050000 0.100000 0.000000
vt -1.050000 0.100000 0.000000
vt 1.050000 -0.100000 0.000000
vt -1.050000 -0.100000 0.000000
vt 0.070711 -1.295907 0.000000
vt -0.070711 -1.308190 0.000000
vt 0.070711 -1.413717 0.000000
vt 0.070711 1.413717 0.000000
vt -0.070711 1.519243 0.000000
vt -0.070711 1.403188 0.000000
vt 0.070711 1.295907 0.000000
vt -0.070711 1.287133 0.000000
vt 0.070711 1.178097 0.000000
vt -0.070711 1.171078 0.000000
vt 0.070711 1.060288 0.000000
vt -0.070711 1.055023 0.000000
vt 0.070711 0.942478 0.000000
vt -0.070711 0.938968 0.000000
vt 0.070711 0.824668 0.000000
vt -0.070711 0.822913 0.000000
vt 0.070711 0.706858 0.000000
vt -0.070711 0.706858 0.000000
vt -0.070711 0.590803 0.000000
vt -0.070711 -1.192135 0.000000
vt 0.070711 -1.178097 0.000000
vt -0.070711 -1.076080 0.000000
vt 0.070711 -1.060288 0.000000
vt -0.070711 -0.960025 0.000000
vt 0.070711 -0.942478 0.000000
vt -0.070711 -0.843970 0.000000
vt 0.070711 -0.824668 0.000000
vt -0.070711 -0.752562 0.000000
vt 0.070711 -0.706858 0.000000
vt -0.070711 -0.661154 0.000000
vt 0.070711 -0.589049 0.000000
vt -0.070711 -0.569747 0.000000
vt 0.070711 -0.471239 0.000000
vt -0.070711 -0.453692 0.000000
vt 0.070711 -0.353429 0.000000
vt -0.070711 -0.337637 0.000000
vt 0.070711 -0.235619 0.000000
vt -0.070711 -0.221582 0.000000
vt 0.070711 -0.117810 0.000000
vt -0.070711 -0.105527 0.000000
vt 0.070711 0.000000 0.000000
vt -0.070711 0.010528 0.000000
vt 0.070711 0.117810 0.000000
vt -0.070711 0.126583 0.000000
vt 0.070711 0.235619 0.000000
vt -0.070711 0.242638 0.000000
vt 0.070711 0.353429 0.000000
vt -0.070711 0.358693 0.000000
vt 0.070711 0.471239 0.000000
vt -0.070711 0.474748 0.000000
vt 0.070711 0.589049 0.000000
vt -0.000000 0.100000 0.000000
vt 0.103528 0.113630 0.000000
vt -0.103528 0.113630 0.000000
vt -0.200000 0.153590 0.000000
vt 0.200000 0.153590 0.000000
vt -0.282843 0.217157 0.000000
vt 0.282843 0.217157 0.000000
vt -0.346410 0.300000 0.000000
vt 0.346410 0.300000 0.000000
vt -0.386370 0.396472 0.000000
vt 0.386370 0.396472 0.000000
vt -0.400000 0.500000 0.000000
vt 0.400000 0.500000 0.000000
vt -0.386370 0.603528 0.000000
vt 0.386370 0.603528 0.000000
vt -0.346410 0.700000 0.000000
vt 0.346410 0.700000 0.000000
vt -0.282843 0.782843 0.000000
vt 0.282843 0.782843 0.000000
vt -0.200000 0.846410 0.000000
vt 0.200000 0.846410 0.000000
vt -0.103528 0.886370 0.000000
vt 0.103528 0.886370 0.000000
vt 0.000000 0.900000 0.000000
vt 0.070711 -1.295907 0.000000
vt -0.070711 -1.295907 0.000000
vt 0.070711 -1.413717 0.000000
vt -0.070711 -1.413717 0.000000
vt 0.070711 1.413717 0.000000
vt -0.070711 1.413717 0.000000
vt 0.070711 1.295907 0.000000
vt -0.070711 1.295907 0.000000
vt 0.070711 1.178097 0.000000
vt -0.070711 1.178097 0.000000
vt 0.070711 1.060288 0.000000
vt -0.070711 1.060288 0.000000
vt 0.070711 0.942478 0.000000
vt -0.070711 0.942478 0.000000
vt 0.070711 0.824668 0.000000
vt -0.070711 0.824668 0.000000
vt 0.070711 0.706858 0.000000
vt -0.070711 0.706858 0.000000
vt 0.070711 0.589049 0.000000
vt -0.070711 0.589049 0.000000
vt 0.070711 0.471239 0.000000
vt -0.070711 0.471239 0.000000
vt 0.070711 0.353429 0.000000
vt -0.070711 0.353429 0.000000
vt 0.070711 0.235619 0.000000
vt -0.070711 0.235619 0.000000
vt 0.070711 0.117810 0.000000
vt -0.070711 0.117810 0.000000
vt 0.070711 0.000000 0.000000
vt -0.070711 0.000000 0.000000
vt 0.070711 -0.117810 0.000000
vt -0.070711 -0.117810 0.000000
vt 0.070711 -0.235619 0.000000
vt -0.070711 -0.235619 0.000000
vt 0.070711 -0.353429 0.000000
vt -0.070711 -0.353429 0.000000
vt 0.070711 -0.471239 0.000000
vt -0.070711 -0.471239 0.000000
vt 0.070711 -0.589049 0.000000
vt -0.070711 -0.589049 0.000000
vt 0.070711 -0.706858 0.000000
vt -0.070711 -0.706858 0.000000
vt 0.070711 -0.824668 0.000000
vt -0.070711 -0.824668 0.000000
vt 0.070711 -0.942478 0.000000
vt -0.070711 -0.942478 0.000000
vt 0.070711 -1.060288 0.000000
vt -0.070711 -1.060288 0.000000
vt 0.070711 -1.178097 0.000000
vt -0.070711 -1.178097 0.000000
vt 0.700000 0.937744 0.000000
vt 2.900000 0.937744 0.000000
vt 0.000000 1.047198 0.000000
vt 2.900000 1.066694 0.000000
vt 0.000000 1.178097 0.000000
vt 2.900000 1.195644 0.000000
vt 0.000000 1.308997 0.000000
vt 2.900000 1.324594 0.000000
vt 0.000000 1.439897 0.000000
vt 2.900000 1.453544 0.000000
vt 0.000000 1.570796 0.000000
vt 0.000000 -1.570796 0.000000
vt 2.900000 -1.688048 0.000000
vt 2.900000 -1.559098 0.000000
vt 0.000000 -1.439897 0.000000
vt 2.900000 -1.430148 0.000000
vt 0.000000 -1.308997 0.000000
vt 2.900000 -1.301198 0.000000
vt 0.000000 -1.178097 0.000000
vt 2.900000 -1.172248 0.000000
vt 0.000000 -1.047198 0.000000
vt 2.900000 -1.043298 0.000000
vt 0.000000 -0.916298 0.000000
vt 2.900000 -0.914348 0.000000
vt 0.000000 -0.785398 0.000000
vt 2.900000 -0.785398 0.000000
vt 2.900000 -0.656448 0.000000
vt 0.000000 -0.654498 0.000000
vt 2.900000 -0.527498 0.000000
vt 0.000000 -0.523599 0.000000
vt 2.900000 -0.398548 0.000000
vt 0.000000 -0.392699 0.000000
vt 2.900000 -0.269598 0.000000
vt 0.000000 -0.261799 0.000000
vt 2.900000 -0.140648 0.000000
vt 0.000000 -0.130900 0.000000
vt 2.900000 -0.011698 0.000000
vt 0.000000 0.000000 0.000000
vt 2.900000 0.117252 0.000000
vt 0.000000 0.130900 0.000000
vt 2.900000 0.246202 0.000000
vt 0.000000 0.261799 0.000000
vt 2.900000 0.375152 0.000000
vt 0.000000 0.392699 0.000000
vt 2.900000 0.504102 0.000000
vt 0.000000 0.523599 0.000000
vt 2.900000 0.633052 0.000000
vt 0.700000 0.633052 0.000000
vt 0.000000 0.654498 0.000000
vt 0.700000 0.734616 0.000000
vt 0.000000 0.785398 0.000000
vt 0.700000 0.836180 0.000000
vt -2.900000 0.916298 0.000000
vt 0.000000 0.916298 0.000000
vt -2.900000 1.047198 0.000000
vt -2.900000 1.178097 0.000000
vt -2.900000 1.308997 0.000000
vt -2.900000 1.439897 0.000000
vt -2.900000 1.570796 0.000000
vt -2.900000 -1.570796 0.000000
vt -2.900000 -1.439897 0.000000
vt -2.900000 -1.308997 0.000000
vt -2.900000 -1.178097 0.000000
vt -2.900000 -1.047198 0.000000
vt -2.900000 -0.916298 0.000000
vt -2.900000 -0.785398 0.000000
vt -2.900000 -0.654498 0.000000
vt -2.900000 -0.523599 0.000000
vt -2.900000 -0.392699 0.000000
vt -2.900000 -0.261799 0.000000
vt -2.900000 -0.130900 0.000000
vt -2.900000 0.000000 0.000000
vt -2.900000 0.130900 0.000000
vt -2.900000 0.261799 0.000000
vt -2.900000 0.392699 0.000000
vt -2.900000 0.523599 0.000000
vt -2.900000 0.654498 0.000000
vt -2.900000 0.785398 0.000000
vt -0.000000 -0.400000 0.000000
vt 0.103528 -0.386370 0.000000
vt -0.103528 -0.386370 0.000000
vt -0.200000 -0.346410 0.000000
vt 0.200000 -0.346410 0.000000
vt -0.282843 -0.282843 0.000000
vt 0.282843 -0.282843 0.000000
vt -0.346410 -0.200000 0.000000
vt 0.346410 -0.200000 0.000000
vt -0.386370 -0.103528 0.000000
vt 0.386370 -0.103528 0.000000
vt -0.400000 0.000000 0.000000
vt 0.400000 0.000000 0.000000
vt -0.386370 0.103528 0.000000
vt 0.386370 0.103528 0.000000
vt -0.346410 0.200000 0.000000
vt 0.346410 0.200000 0.000000
vt -0.282843 0.282843 0.000000
vt 0.282843 0.282843 0.000000
vt -0.200000 0.346410 0.000000
vt 0.200000 0.346410 0.000000
vt -0.103528 0.386370 0.000000
vt 0.103528 0.386370 0.000000
vt 0.000000 0.400000 0.000000
vt 2.200000 0.600000 0.000000
vt 0.000000 0.600000 0.000000
vt 2.200000 0.476970 0.000000
vt 0.000000 0.476970 0.000000
vt 0.300000 0.476970 0.000000
vt 0.300000 0.600000 0.000000
vt 0.200695 0.497423 0.000000
vt 0.000000 0.600000 0.000000
vt 0.099305 0.497423 0.000000
vt 0.000000 0.476970 0.000000
vn 1.000000 -0.000000 -0.000000
vn 1.000000 -0.000000 -0.000000
vn 1.000000 -0.000000 -0.000000
vn 1.000000 -0.000000 -0.000000
vn 1.000000 -0.000000 -0.000000
vn 1.000000 -0.000000 -0.000000
vn 1.000000 -0.000000 -0.000000
vn 1.000000 -0.000000 -0.000000
vn 1.000000 -0.000000 -0.000000
vn 1.000000 -0.000000 -0.000000
vn 1.000000 -0.000000 -0.000000
vn 1.000000 -0.000000 -0.000000
vn 1.000000 -0.000000 -0.000000
vn 0.000000 -0.258819 0.965926
vn 0.000000 -0.000000 1.000000
vn 0.000000 -0.258819 0.965926
vn 0.000000 -0.000000 1.000000
vn 0.000000 -0.258819 0.965926
vn 0.000000 -0.258819 0.965926
vn 0.000000 -0.500000 0.866025
vn 0.000000 -0.500000 0.866025
vn 0.000000 -0.707107 0.707107
vn 0.000000 -0.707107 0.707107
vn 0.000000 -0.866025 0.500000
vn 0.000000 -0.866025 0.500000
vn 0.000000 -0.965926 0.258819
vn 0.000000 -0.965926 0.258819
vn 0.000000 -1.000000 0.000000
vn 0.000000 -1.000000 0.000000
vn -0.000000 -0.965926 -0.258819
vn -0.000000 -0.965926 -0.258819
vn -0.000000 -0.866025 -0.500000
vn -0.000000 -0.866025 -0.500000
vn -0.000000 -0.707107 -0.707107
vn -0.000000 -0.707107 -0.707107
vn -0.000000 -0.500000 -0.866025
vn -0.000000 -0.500000 -0.866025
vn -0.000000 -0.258819 -0.965926
vn -0.000000 -0.258819 -0.965926
vn -0.000000 -0.000000 -1.000000
vn -0.000000 -0.000000 -1.000000
vn -0.000000 -0.258819 -0.965926
vn -0.000000 -0.500000 -0.866025
vn -0.000000 -0.707107 -0.707107
vn -0.000000 -0.866025 -0.500000
vn -0.000000 -0.965926 -0.258819
vn 0.000000 -1.000000 0.000000
vn 0.000000 -0.965926 0.258819
vn 0.000000 -0.866025 0.500000
vn 0.000000 -0.707107 0.707107
vn 0.000000 -0.500000 0.866025
vn -0.000000 -0.258819 -0.965926
vn -0.000000 -0.500000 -0.866025
vn -0.000000 -0.707107 -0.707107
vn -0.000000 -0.866025 -0.500000
vn -0.000000 -0.965926 -0.258819
vn 0.000000 -1.000000 0.000000
vn 0.000000 -0.965926 0.258819
vn 0.000000 -0.866025 0.500000
vn 0.000000 -0.707107 0.707107
vn 0.000000 -0.500000 0.866025
vn -1.000000 0.000000 0.000000
vn -1.000000 0.000000 0.000000
vn -1.000000 0.000000 0.000000
vn -1.000000 0.000000 0.000000
vn -1.000000 0.000000 0.000000
vn -1.000000 0.000000 0.000000
vn -1.000000 0.000000 0.000000
vn -1.000000 0.000000 0.000000
vn -1.000000 0.000000 0.000000
vn -1.000000 0.000000 0.000000
vn -1.000000 0.000000 0.000000
vn -1.000000 0.000000 0.000000
vn -1.000000 0.000000 0.000000
vn 0.000000 1.000000 -0.000000
vn 0.000000 1.000000 -0.000000
vn 0.000000 1.000000 -0.000000
vn 0.000000 1.000000 -0.000000
vn -0.000000 -0.707107 -0.707107
vn -0.000000 -0.707107 -0.707107
vn -0.000000 -0.707107 -0.707107
vn -0.000000 -0.707107 -0.707107
vn -0.707107 -0.707107 0.000000
vn -0.707107 -0.707107 0.000000
vn -0.707107 -0.707107 0.000000
vn -0.707107 -0.707107 0.000000
vn 0.000000 -0.707107 0.707107
vn 0.000000 -0.707107 0.707107
vn 0.000000 -0.707107 0.707107
vn 0.000000 -0.707107 0.707107
vn 0.707107 -0.707107 -0.000000
vn 0.707107 -0.707107 -0.000000
vn 0.707107 -0.707107 -0.000000
vn 0.707107 -0.707107 -0.000000
vn 1.000000 -0.000000 -0.000000
vn 1.000000 -0.000000 -0.000000
vn 1.000000 -0.000000 -0.000000
vn 1.000000 -0.000000 -0.000000
vn 1.000000 -0.000000 -0.000000
vn 1.000000 -0.000000 -0.000000
vn -0.000000 -0.000000 -1.000000
vn -0.000000 -0.000000 -1.000000
vn -0.000000 -0.000000 -1.000000
vn -0.000000 -0.000000 -1.000000
vn 0.000000 -1.000000 0.000000
vn 0.000000 -1.000000 0.000000
vn 0.000000 -1.000000 0.000000
vn 0.000000 -1.000000 0.000000
vn -0.707107 -0.183013 0.683013
vn -0.707107 -0.164304 0.687753
vn -0.707107 -0.000000 0.707107
vn -0.707107 0.016542 0.706913
vn -0.707107 0.183013 0.683013
vn -0.707107 0.196294 0.679315
vn -0.707107 0.353553 0.612372
vn -0.707107 0.363062 0.606784
vn -0.707107 0.500000 0.500000
vn -0.707107 0.505815 0.494117
vn -0.707107 0.612372 0.353553
vn -0.707107 0.615111 0.348767
vn -0.707107 0.683013 0.183013
vn -0.707107 0.683721 0.180348
vn -0.707107 0.707107 0.000000
vn -0.707107 0.707107 0.000000
vn -0.707107 0.683721 -0.180348
vn -0.707107 -0.334281 0.623102
vn -0.707107 -0.353553 0.612372
vn -0.707107 -0.482148 0.517236
vn -0.707107 -0.500000 0.500000
vn -0.707107 -0.598124 0.377157
vn -0.707107 -0.612372 0.353553
vn -0.707107 -0.674537 0.212132
vn -0.707107 -0.683013 0.183013
vn -0.707107 -0.703463 0.071693
vn -0.707107 -0.707107 0.000000
vn -0.707107 -0.703463 -0.071693
vn -0.707107 -0.683013 -0.183013
vn -0.707107 -0.674537 -0.212132
vn -0.707107 -0.612372 -0.353553
vn -0.707107 -0.598124 -0.377157
vn -0.707107 -0.500000 -0.500000
vn -0.707107 -0.482148 -0.517236
vn -0.707107 -0.353553 -0.612372
vn -0.707107 -0.334281 -0.623102
vn -0.707107 -0.183013 -0.683013
vn -0.707107 -0.164304 -0.687753
vn -0.707107 -0.000000 -0.707107
vn -0.707107 0.016542 -0.706913
vn -0.707107 0.183013 -0.683013
vn -0.707107 0.196294 -0.679315
vn -0.707107 0.353553 -0.612372
vn -0.707107 0.363062 -0.606784
vn -0.707107 0.500000 -0.500000
vn -0.707107 0.505815 -0.494117
vn -0.707107 0.612372 -0.353553
vn -0.707107 0.615111 -0.348767
vn -0.707107 0.683013 -0.183013
vn -1.000000 0.000000 0.000000
vn -1.000000 0.000000 0.000000
vn -1.000000 0.000000 0.000000
vn -1.000000 0.000000 0.000000
vn -1.000000 0.000000 0.000000
vn -1.000000 0.000000 0.000000
vn -1.000000 0.000000 0.000000
vn -1.000000 0.000000 0.000000
vn -1.000000 0.000000 0.000000
vn -1.000000 0.000000 0.000000
vn -1.000000 0.000000 0.000000
vn -1.000000 0.000000 0.000000
vn -1.000000 0.000000 0.000000
vn -1.000000 0.000000 0.000000
vn -1.000000 0.000000 0.000000
vn -1.000000 0.000000 0.000000
vn -1.000000 0.000000 0.000000
vn -1.000000 0.000000 0.000000
vn -1.000000 0.000000 0.000000
vn -1.000000 0.000000 0.000000
vn -1.000000 0.000000 0.000000
vn -1.000000 0.000000 0.000000
vn -1.000000 0.000000 0.000000
vn -1.000000 0.000000 0.000000
vn 0.707107 -0.183013 0.683013
vn 0.707107 -0.183013 0.683013
vn 0.707107 -0.000000 0.707107
vn 0.707107 -0.000000 0.707107
vn 0.707107 0.183013 0.683013
vn 0.707107 0.183013 0.683013
vn 0.707107 0.353553 0.612372
vn 0.707107 0.353553 0.612372
vn 0.707107 0.500000 0.500000
vn 0.707107 0.500000 0.500000
vn 0.707107 0.612372 0.353553
vn 0.707107 0.612372 0.353553
vn 0.707107 0.683013 0.183013
vn 0.707107 0.683013 0.183013
vn 0.707107 0.707107 -0.000000
vn 0.707107 0.707107 -0.000000
vn 0.707107 0.683013 -0.183013
vn 0.707107 0.683013 -0.183013
vn 0.707107 0.612372 -0.353553
vn 0.707107 0.612372 -0.353553
vn 0.707107 0.500000 -0.500000
vn 0.707107 0.500000 -0.500000
vn 0.707107 0.353553 -0.612372
vn 0.707107 0.353553 -0.612372
vn 0.707107 0.183013 -0.683013
vn 0.707107 0.183013 -0.683013
vn 0.707107 -0.000000 -0.707107
vn 0.707107 -0.000000 -0.707107
vn 0.707107 -0.183013 -0.683013
vn 0.707107 -0.183013 -0.683013
vn 0.707107 -0.353553 -0.612372
vn 0.707107 -0.353553 -0.612372
vn 0.707107 -0.500000 -0.500000
vn 0.707107 -0.500000 -0.500000
vn 0.707107 -0.612372 -0.353553
vn 0.707107 -0.612372 -0.353553
vn 0.707107 -0.683013 -0.183013
vn 0.707107 -0.683013 -0.183013
vn 0.707107 -0.707107 -0.000000
vn 0.707107 -0.707107 -0.000000
vn 0.707107 -0.683013 0.183013
vn 0.707107 -0.683013 0.183013
vn 0.707107 -0.612372 0.353553
vn 0.707107 -0.612372 0.353553
vn 0.707107 -0.500000 0.500000
vn 0.707107 -0.500000 0.500000
vn 0.707107 -0.353553 0.612372
vn 0.707107 -0.353553 0.612372
vn -0.000000 -0.953939 -0.300000
vn -0.000000 -0.953939 -0.300000
vn -0.000000 -0.866025 -0.500000
vn -0.000000 -0.845875 -0.533381
vn -0.000000 -0.707107 -0.707107
vn -0.000000 -0.681861 -0.731482
vn -0.000000 -0.500000 -0.866025
vn -0.000000 -0.472745 -0.881199
vn -0.000000 -0.258819 -0.965926
vn -0.000000 -0.232360 -0.972630
vn -0.000000 -0.000000 -1.000000
vn -0.000000 0.023394 -0.999726
vn -0.000000 0.258819 -0.965926
vn -0.000000 0.277601 -0.960696
vn -0.000000 0.500000 -0.866025
vn -0.000000 0.513447 -0.858122
vn -0.000000 0.707107 -0.707107
vn -0.000000 0.715330 -0.698787
vn -0.000000 0.866025 -0.500000
vn -0.000000 0.869898 -0.493231
vn -0.000000 0.965926 -0.258819
vn -0.000000 0.966928 -0.255051
vn -0.000000 1.000000 -0.000000
vn -0.000000 1.000000 -0.000000
vn 0.000000 0.966928 0.255051
vn 0.000000 0.965926 0.258819
vn 0.000000 0.869898 0.493231
vn 0.000000 0.866025 0.500000
vn 0.000000 0.715330 0.698787
vn 0.000000 0.707107 0.707107
vn 0.000000 0.513447 0.858122
vn 0.000000 0.500000 0.866025
vn 0.000000 0.277601 0.960696
vn 0.000000 0.258819 0.965926
vn 0.000000 0.023394 0.999726
vn 0.000000 0.000000 1.000000
vn 0.000000 -0.232360 0.972630
vn 0.000000 -0.258819 0.965926
vn 0.000000 -0.472745 0.881199
vn 0.000000 -0.500000 0.866025
vn 0.000000 -0.681861 0.731482
vn 0.000000 -0.707107 0.707107
vn 0.000000 -0.845875 0.533381
vn 0.000000 -0.866025 0.500000
vn 0.000000 -0.953939 0.300000
vn 0.000000 -0.953939 0.300000
vn 0.000000 -0.965926 0.258819
vn 0.000000 -0.994847 0.101390
vn 0.000000 -1.000000 0.000000
vn -0.000000 -0.994847 -0.101390
vn -0.000000 -0.965926 -0.258819
vn -0.000000 -0.965926 -0.258819
vn -0.000000 -0.866025 -0.500000
vn -0.000000 -0.707107 -0.707107
vn -0.000000 -0.500000 -0.866025
vn -0.000000 -0.258819 -0.965926
vn -0.000000 -0.000000 -1.000000
vn -0.000000 0.258819 -0.965926
vn -0.000000 0.500000 -0.866025
vn -0.000000 0.707107 -0.707107
vn -0.000000 0.866025 -0.500000
vn -0.000000 0.965926 -0.258819
vn -0.000000 1.000000 -0.000000
vn 0.000000 0.965926 0.258819
vn 0.000000 0.866025 0.500000
vn 0.000000 0.707107 0.707107
vn 0.000000 0.500000 0.866025
vn 0.000000 0.258819 0.965926
vn 0.000000 -0.000000 1.000000
vn 0.000000 -0.258819 0.965926
vn 0.000000 -0.500000 0.866025
vn 0.000000 -0.707107 0.707107
vn 0.000000 -0.866025 0.500000
vn 0.000000 -0.965926 0.258819
vn -0.000000 -1.000000 -0.000000
vn 1.000000 -0.000000 -0.000000
vn 1.000000 -0.000000 -0.000000
vn 1.000000 -0.000000 -0.000000
vn 1.000000 -0.000000 -0.000000
vn 1.000000 -0.000000 -0.000000
vn 1.000000 -0.000000 -0.000000
vn 1.000000 -0.000000 -0.000000
vn 1.000000 -0.000000 -0.000000
vn 1.000000 -0.000000 -0.000000
vn 1.000000 -0.000000 -0.000000
vn 1.000000 -0.000000 -0.000000
vn 1.000000 -0.000000 -0.000000
vn 1.000000 -0.000000 -0.000000
vn 1.000000 -0.000000 -0.000000
vn 1.000000 -0.000000 -0.000000
vn 1.000000 -0.000000 -0.000000
vn 1.000000 -0.000000 -0.000000
vn 1.000000 -0.000000 -0.000000
vn 1.000000 -0.000000 -0.000000
vn 1.000000 -0.000000 -0.000000
vn 1.000000 -0.000000 -0.000000
vn 1.000000 -0.000000 -0.000000
vn 1.000000 -0.000000 -0.000000
vn 1.000000 -0.000000 -0.000000
vn 0.000000 0.000000 1.000000
vn 0.000000 0.000000 1.000000
vn 0.000000 0.000000 1.000000
vn 0.000000 0.000000 1.000000
vn -1.000000 0.000000 0.000000
vn -1.000000 0.000000 0.000000
vn -1.000000 0.000000 0.000000
vn -1.000000 0.000000 0.000000
vn -1.000000 0.000000 0.000000
vn -1.000000 0.000000 0.000000
usemtl Powder_Coat_-_Rough_(Green)
f 487/1000/985 488/1001/986 486/1002/987
f 486/1002/987 488/1001/986 498/1003/988
f 498/1003/988 488/1001/986 497/1004/989
f 497/1004/989 488/1001/986 489/1005/990
f 497/1004/989 489/1005/990 496/1006/991
f 496/1006/991 489/1005/990 490/1007/992
f 496/1006/991 490/1007/992 495/1008/993
f 495/1008/993 490/1007/992 491/1009/994
f 495/1008/993 491/1009/994 494/1010/995
f 494/1010/995 491/1009/994 492/1011/996
f 494/1010/995 492/1011/996 493/1012/997
f 488/1013/998 487/1014/999 513/1015/1000
f 513/1015/1000 487/1014/999 499/1016/1001
f 513/1015/1000 499/1016/1001 512/1017/1002
f 512/1017/1002 499/1016/1001 500/1018/1003
f 512/1017/1002 500/1018/1003 514/1019/1004
f 514/1019/1004 500/1018/1003 501/1020/1005
f 514/1019/1004 501/1020/1005 516/1021/1006
f 516/1021/1006 501/1020/1005 502/1022/1007
f 516/1021/1006 502/1022/1007 518/1023/1008
f 518/1023/1008 502/1022/1007 503/1024/1009
f 518/1023/1008 503/1024/1009 520/1025/1010
f 520/1025/1010 503/1024/1009 504/1026/1011
f 520/1025/1010 504/1026/1011 522/1027/1012
f 522/1027/1012 504/1026/1011 505/1028/1013
f 522/1027/1012 505/1028/1013 524/1029/1014
f 524/1029/1014 505/1028/1013 506/1030/1015
f 524/1029/1014 506/1030/1015 526/1031/1016
f 526/1031/1016 506/1030/1015 507/1032/1017
f 526/1031/1016 507/1032/1017 528/1033/1018
f 528/1033/1018 507/1032/1017 508/1034/1019
f 528/1033/1018 508/1034/1019 530/1035/1020
f 530/1035/1020 508/1034/1019 509/1036/1021
f 530/1035/1020 509/1036/1021 532/1037/1022
f 532/1037/1022 509/1036/1021 510/1038/1023
f 532/1037/1022 510/1038/1023 511/1039/1024
f 511/1039/1024 486/1040/1025 532/1037/1022
f 532/1037/1022 486/1040/1025 533/1041/1026
f 532/1037/1022 533/1041/1026 530/1035/1020
f 530/1035/1020 533/1041/1026 531/1042/1027
f 530/1035/1020 531/1042/1027 528/1033/1018
f 528/1033/1018 531/1042/1027 529/1043/1028
f 528/1033/1018 529/1043/1028 526/1031/1016
f 526/1031/1016 529/1043/1028 527/1044/1029
f 526/1031/1016 527/1044/1029 524/1029/1014
f 524/1029/1014 527/1044/1029 525/1045/1030
f 524/1029/1014 525/1045/1030 522/1027/1012
f 522/1027/1012 525/1045/1030 523/1046/1031
f 522/1027/1012 523/1046/1031 520/1025/1010
f 520/1025/1010 523/1046/1031 521/1047/1032
f 520/1025/1010 521/1047/1032 518/1023/1008
f 518/1023/1008 521/1047/1032 519/1048/1033
f 518/1023/1008 519/1048/1033 516/1021/1006
f 516/1021/1006 519/1048/1033 517/1049/1034
f 516/1021/1006 517/1049/1034 514/1019/1004
f 514/1019/1004 517/1049/1034 515/1050/1035
f 514/1019/1004 515/1050/1035 512/1017/1002
f 512/1017/1002 515/1050/1035 513/1015/1000
f 486/1040/1025 498/1051/1036 533/1041/1026
f 533/1041/1026 498/1051/1036 531/1042/1027
f 498/1051/1036 497/1052/1037 531/1042/1027
f 531/1042/1027 497/1052/1037 529/1043/1028
f 497/1052/1037 496/1053/1038 529/1043/1028
f 529/1043/1028 496/1053/1038 527/1044/1029
f 496/1053/1038 495/1054/1039 527/1044/1029
f 527/1044/1029 495/1054/1039 525/1045/1030
f 495/1054/1039 494/1055/1040 525/1045/1030
f 525/1045/1030 494/1055/1040 523/1046/1031
f 494/1055/1040 493/1056/1041 523/1046/1031
f 523/1046/1031 493/1056/1041 521/1047/1032
f 493/1056/1041 492/1057/1042 521/1047/1032
f 521/1047/1032 492/1057/1042 519/1048/1033
f 492/1057/1042 491/1058/1043 519/1048/1033
f 519/1048/1033 491/1058/1043 517/1049/1034
f 491/1058/1043 490/1059/1044 517/1049/1034
f 517/1049/1034 490/1059/1044 515/1050/1035
f 490/1059/1044 489/1060/1045 515/1050/1035
f 515/1050/1035 489/1060/1045 513/1015/1000
f 489/1060/1045 488/1013/998 513/1015/1000
f 499/1061/1046 511/1062/1047 500/1063/1048
f 500/1063/1048 511/1062/1047 510/1064/1049
f 500/1063/1048 510/1064/1049 509/1065/1050
f 500/1063/1048 509/1065/1050 501/1066/1051
f 501/1066/1051 509/1065/1050 508/1067/1052
f 501/1066/1051 508/1067/1052 502/1068/1053
f 502/1068/1053 508/1067/1052 507/1069/1054
f 502/1068/1053 507/1069/1054 503/1070/1055
f 503/1070/1055 507/1069/1054 506/1071/1056
f 503/1070/1055 506/1071/1056 504/1072/1057
f 504/1072/1057 506/1071/1056 505/1073/1058
f 486/1074/1059 511/1075/1060 487/1076/1061
f 487/1076/1061 511/1075/1060 499/1077/1062
f 534/1078/1063 535/1079/1064 537/1080/1065
f 537/1080/1065 535/1079/1064 536/1081/1066
f 538/1082/1067 539/1083/1068 535/1084/1069
f 535/1084/1069 539/1083/1068 536/1085/1070
f 538/1086/1071 540/1087/1072 539/1088/1073
f 539/1088/1073 540/1087/1072 541/1089/1074
f 537/1090/1075 541/1091/1076 534/1092/1077
f 534/1092/1077 541/1091/1076 540/1093/1078
f 545/1094/1079 541/1095/1080 544/1096/1081
f 544/1096/1081 541/1095/1080 537/1097/1082
f 544/1096/1081 537/1097/1082 543/1098/1083
f 543/1098/1083 537/1097/1082 542/1099/1084
f 537/1100/1085 536/1101/1086 542/1102/1087
f 542/1102/1087 536/1101/1086 546/1103/1088
f 535/1104/1089 534/1105/1090 538/1106/1091
f 538/1106/1091 534/1105/1090 540/1107/1092
f 548/1108/1093 575/1109/1094 547/1110/1095
f 547/1111/1095 575/1112/1094 576/1113/1096
f 547/1111/1095 576/1113/1096 570/1114/1097
f 570/1114/1097 576/1113/1096 577/1115/1098
f 570/1114/1097 577/1115/1098 569/1116/1099
f 569/1116/1099 577/1115/1098 578/1117/1100
f 569/1116/1099 578/1117/1100 568/1118/1101
f 568/1118/1101 578/1117/1100 579/1119/1102
f 568/1118/1101 579/1119/1102 567/1120/1103
f 567/1120/1103 579/1119/1102 580/1121/1104
f 567/1120/1103 580/1121/1104 566/1122/1105
f 566/1122/1105 580/1121/1104 581/1123/1106
f 566/1122/1105 581/1123/1106 565/1124/1107
f 565/1124/1107 581/1123/1106 582/1125/1108
f 565/1124/1107 582/1125/1108 583/1126/1109
f 575/1109/1094 548/1108/1093 574/1127/1110
f 574/1127/1110 548/1108/1093 549/1128/1111
f 574/1127/1110 549/1128/1111 573/1129/1112
f 573/1129/1112 549/1128/1111 550/1130/1113
f 573/1129/1112 550/1130/1113 572/1131/1114
f 572/1131/1114 550/1130/1113 551/1132/1115
f 572/1131/1114 551/1132/1115 571/1133/1116
f 571/1133/1116 551/1132/1115 552/1134/1117
f 571/1133/1116 552/1134/1117 594/1135/1118
f 594/1135/1118 552/1134/1117 553/1136/1119
f 594/1135/1118 553/1136/1119 593/1137/1120
f 593/1137/1120 553/1136/1119 554/1138/1121
f 593/1137/1120 554/1138/1121 546/1139/1122
f 546/1139/1122 554/1138/1121 555/1140/1123
f 546/1139/1122 555/1140/1123 592/1141/1124
f 592/1141/1124 555/1140/1123 556/1142/1125
f 592/1141/1124 556/1142/1125 591/1143/1126
f 591/1143/1126 556/1142/1125 557/1144/1127
f 591/1143/1126 557/1144/1127 590/1145/1128
f 590/1145/1128 557/1144/1127 558/1146/1129
f 590/1145/1128 558/1146/1129 589/1147/1130
f 589/1147/1130 558/1146/1129 559/1148/1131
f 589/1147/1130 559/1148/1131 588/1149/1132
f 588/1149/1132 559/1148/1131 560/1150/1133
f 588/1149/1132 560/1150/1133 587/1151/1134
f 587/1151/1134 560/1150/1133 561/1152/1135
f 587/1151/1134 561/1152/1135 586/1153/1136
f 586/1153/1136 561/1152/1135 562/1154/1137
f 586/1153/1136 562/1154/1137 585/1155/1138
f 585/1155/1138 562/1154/1137 563/1156/1139
f 585/1155/1138 563/1156/1139 584/1157/1140
f 584/1157/1140 563/1156/1139 564/1158/1141
f 584/1157/1140 564/1158/1141 583/1126/1109
f 583/1126/1109 564/1158/1141 565/1124/1107
f 547/1159/1142 570/1160/1143 548/1161/1144
f 548/1161/1144 570/1160/1143 549/1162/1145
f 549/1162/1145 570/1160/1143 569/1163/1146
f 549/1162/1145 569/1163/1146 550/1164/1147
f 550/1164/1147 569/1163/1146 568/1165/1148
f 550/1164/1147 568/1165/1148 551/1166/1149
f 551/1166/1149 568/1165/1148 567/1167/1150
f 551/1166/1149 567/1167/1150 552/1168/1151
f 552/1168/1151 567/1167/1150 566/1169/1152
f 552/1168/1151 566/1169/1152 553/1170/1153
f 553/1170/1153 566/1169/1152 565/1171/1154
f 553/1170/1153 565/1171/1154 554/1172/1155
f 554/1172/1155 565/1171/1154 564/1173/1156
f 554/1172/1155 564/1173/1156 555/1174/1157
f 555/1174/1157 564/1173/1156 563/1175/1158
f 555/1174/1157 563/1175/1158 556/1176/1159
f 556/1176/1159 563/1175/1158 562/1177/1160
f 556/1176/1159 562/1177/1160 557/1178/1161
f 557/1178/1161 562/1177/1160 561/1179/1162
f 557/1178/1161 561/1179/1162 558/1180/1163
f 558/1180/1163 561/1179/1162 560/1181/1164
f 558/1180/1163 560/1181/1164 559/1182/1165
f 596/1183/1166 642/1184/1167 595/1185/1168
f 595/1185/1168 642/1184/1167 619/1186/1169
f 595/1187/1168 619/1188/1169 618/1189/1170
f 618/1189/1170 619/1188/1169 620/1190/1171
f 618/1189/1170 620/1190/1171 617/1191/1172
f 617/1191/1172 620/1190/1171 621/1192/1173
f 617/1191/1172 621/1192/1173 616/1193/1174
f 616/1193/1174 621/1192/1173 622/1194/1175
f 616/1193/1174 622/1194/1175 615/1195/1176
f 615/1195/1176 622/1194/1175 623/1196/1177
f 615/1195/1176 623/1196/1177 614/1197/1178
f 614/1197/1178 623/1196/1177 624/1198/1179
f 614/1197/1178 624/1198/1179 613/1199/1180
f 613/1199/1180 624/1198/1179 625/1200/1181
f 613/1199/1180 625/1200/1181 612/1201/1182
f 612/1201/1182 625/1200/1181 626/1202/1183
f 612/1201/1182 626/1202/1183 611/1203/1184
f 611/1203/1184 626/1202/1183 627/1204/1185
f 611/1203/1184 627/1204/1185 610/1205/1186
f 610/1205/1186 627/1204/1185 628/1206/1187
f 610/1205/1186 628/1206/1187 609/1207/1188
f 609/1207/1188 628/1206/1187 629/1208/1189
f 609/1207/1188 629/1208/1189 608/1209/1190
f 608/1209/1190 629/1208/1189 630/1210/1191
f 608/1209/1190 630/1210/1191 607/1211/1192
f 607/1211/1192 630/1210/1191 631/1212/1193
f 607/1211/1192 631/1212/1193 606/1213/1194
f 606/1213/1194 631/1212/1193 632/1214/1195
f 606/1213/1194 632/1214/1195 605/1215/1196
f 605/1215/1196 632/1214/1195 633/1216/1197
f 605/1215/1196 633/1216/1197 604/1217/1198
f 604/1217/1198 633/1216/1197 634/1218/1199
f 604/1217/1198 634/1218/1199 603/1219/1200
f 603/1219/1200 634/1218/1199 635/1220/1201
f 603/1219/1200 635/1220/1201 602/1221/1202
f 602/1221/1202 635/1220/1201 636/1222/1203
f 602/1221/1202 636/1222/1203 601/1223/1204
f 601/1223/1204 636/1222/1203 637/1224/1205
f 601/1223/1204 637/1224/1205 600/1225/1206
f 600/1225/1206 637/1224/1205 638/1226/1207
f 600/1225/1206 638/1226/1207 599/1227/1208
f 599/1227/1208 638/1226/1207 639/1228/1209
f 599/1227/1208 639/1228/1209 598/1229/1210
f 598/1229/1210 639/1228/1209 640/1230/1211
f 598/1229/1210 640/1230/1211 597/1231/1212
f 597/1231/1212 640/1230/1211 641/1232/1213
f 597/1231/1212 641/1232/1213 596/1183/1166
f 596/1183/1166 641/1232/1213 642/1184/1167
f 542/1233/1214 546/1234/1215 644/1235/1216
f 644/1235/1216 546/1234/1215 592/1236/1217
f 644/1235/1216 592/1236/1217 646/1237/1218
f 646/1237/1218 592/1236/1217 591/1238/1219
f 646/1237/1218 591/1238/1219 647/1239/1220
f 647/1239/1220 591/1238/1219 590/1240/1221
f 647/1239/1220 590/1240/1221 648/1241/1222
f 648/1241/1222 590/1240/1221 589/1242/1223
f 648/1241/1222 589/1242/1223 643/1243/1224
f 643/1244/1224 589/1245/1223 588/1246/1225
f 643/1244/1224 588/1246/1225 649/1247/1226
f 649/1247/1226 588/1246/1225 587/1248/1227
f 649/1247/1226 587/1248/1227 650/1249/1228
f 650/1249/1228 587/1248/1227 586/1250/1229
f 650/1249/1228 586/1250/1229 651/1251/1230
f 651/1251/1230 586/1250/1229 585/1252/1231
f 651/1251/1230 585/1252/1231 652/1253/1232
f 652/1253/1232 585/1252/1231 584/1254/1233
f 652/1253/1232 584/1254/1233 653/1255/1234
f 653/1255/1234 584/1254/1233 583/1256/1235
f 653/1255/1234 583/1256/1235 654/1257/1236
f 654/1257/1236 583/1256/1235 582/1258/1237
f 654/1257/1236 582/1258/1237 581/1259/1238
f 654/1257/1236 581/1259/1238 655/1260/1239
f 655/1260/1239 581/1259/1238 580/1261/1240
f 655/1260/1239 580/1261/1240 656/1262/1241
f 656/1262/1241 580/1261/1240 579/1263/1242
f 656/1262/1241 579/1263/1242 657/1264/1243
f 657/1264/1243 579/1263/1242 578/1265/1244
f 657/1264/1243 578/1265/1244 658/1266/1245
f 658/1266/1245 578/1265/1244 577/1267/1246
f 658/1266/1245 577/1267/1246 659/1268/1247
f 659/1268/1247 577/1267/1246 576/1269/1248
f 659/1268/1247 576/1269/1248 660/1270/1249
f 660/1270/1249 576/1269/1248 575/1271/1250
f 660/1270/1249 575/1271/1250 661/1272/1251
f 661/1272/1251 575/1271/1250 574/1273/1252
f 661/1272/1251 574/1273/1252 662/1274/1253
f 662/1274/1253 574/1273/1252 573/1275/1254
f 662/1274/1253 573/1275/1254 663/1276/1255
f 663/1276/1255 573/1275/1254 572/1277/1256
f 663/1276/1255 572/1277/1256 664/1278/1257
f 664/1278/1257 572/1277/1256 571/1279/1258
f 664/1278/1257 571/1279/1258 545/1280/1259
f 664/1278/1257 545/1280/1259 665/1281/1260
f 665/1281/1260 545/1280/1259 544/1282/1261
f 665/1281/1260 544/1282/1261 666/1283/1262
f 666/1283/1262 544/1282/1261 543/1284/1263
f 666/1283/1262 543/1284/1263 602/1285/1264
f 602/1285/1264 543/1284/1263 645/1286/1265
f 602/1285/1264 645/1286/1265 603/1287/1266
f 603/1287/1266 645/1286/1265 644/1235/1216
f 603/1287/1266 644/1235/1216 604/1288/1267
f 604/1288/1267 644/1235/1216 646/1237/1218
f 604/1288/1267 646/1237/1218 605/1289/1268
f 605/1289/1268 646/1237/1218 647/1239/1220
f 605/1289/1268 647/1239/1220 606/1290/1269
f 606/1290/1269 647/1239/1220 648/1241/1222
f 606/1290/1269 648/1241/1222 607/1291/1270
f 607/1291/1270 648/1241/1222 643/1243/1224
f 607/1292/1270 643/1244/1224 608/1293/1271
f 608/1293/1271 643/1244/1224 649/1247/1226
f 608/1293/1271 649/1247/1226 609/1294/1272
f 609/1294/1272 649/1247/1226 650/1249/1228
f 609/1294/1272 650/1249/1228 610/1295/1273
f 610/1295/1273 650/1249/1228 651/1251/1230
f 610/1295/1273 651/1251/1230 611/1296/1274
f 611/1296/1274 651/1251/1230 652/1253/1232
f 611/1296/1274 652/1253/1232 612/1297/1275
f 612/1297/1275 652/1253/1232 653/1255/1234
f 612/1297/1275 653/1255/1234 613/1298/1276
f 613/1298/1276 653/1255/1234 654/1257/1236
f 613/1298/1276 654/1257/1236 614/1299/1277
f 614/1299/1277 654/1257/1236 655/1260/1239
f 614/1299/1277 655/1260/1239 615/1300/1278
f 615/1300/1278 655/1260/1239 656/1262/1241
f 615/1300/1278 656/1262/1241 616/1301/1279
f 616/1301/1279 656/1262/1241 657/1264/1243
f 616/1301/1279 657/1264/1243 617/1302/1280
f 617/1302/1280 657/1264/1243 658/1266/1245
f 617/1302/1280 658/1266/1245 618/1303/1281
f 618/1303/1281 658/1266/1245 659/1268/1247
f 618/1303/1281 659/1268/1247 595/1304/1282
f 595/1304/1282 659/1268/1247 660/1270/1249
f 595/1304/1282 660/1270/1249 596/1305/1283
f 596/1305/1283 660/1270/1249 661/1272/1251
f 596/1305/1283 661/1272/1251 597/1306/1284
f 597/1306/1284 661/1272/1251 662/1274/1253
f 597/1306/1284 662/1274/1253 598/1307/1285
f 598/1307/1285 662/1274/1253 663/1276/1255
f 598/1307/1285 663/1276/1255 599/1308/1286
f 599/1308/1286 663/1276/1255 664/1278/1257
f 599/1308/1286 664/1278/1257 600/1309/1287
f 600/1309/1287 664/1278/1257 665/1281/1260
f 600/1309/1287 665/1281/1260 601/1310/1288
f 601/1310/1288 665/1281/1260 666/1283/1262
f 601/1310/1288 666/1283/1262 602/1285/1264
f 543/1284/1263 542/1233/1214 645/1286/1265
f 645/1286/1265 542/1233/1214 644/1235/1216
f 619/1311/1289 642/1312/1290 620/1313/1291
f 620/1313/1291 642/1312/1290 621/1314/1292
f 621/1314/1292 642/1312/1290 641/1315/1293
f 621/1314/1292 641/1315/1293 622/1316/1294
f 622/1316/1294 641/1315/1293 640/1317/1295
f 622/1316/1294 640/1317/1295 623/1318/1296
f 623/1318/1296 640/1317/1295 639/1319/1297
f 623/1318/1296 639/1319/1297 624/1320/1298
f 624/1320/1298 639/1319/1297 638/1321/1299
f 624/1320/1298 638/1321/1299 625/1322/1300
f 625/1322/1300 638/1321/1299 637/1323/1301
f 625/1322/1300 637/1323/1301 626/1324/1302
f 626/1324/1302 637/1323/1301 636/1325/1303
f 626/1324/1302 636/1325/1303 627/1326/1304
f 627/1326/1304 636/1325/1303 635/1327/1305
f 627/1326/1304 635/1327/1305 628/1328/1306
f 628/1328/1306 635/1327/1305 634/1329/1307
f 628/1328/1306 634/1329/1307 629/1330/1308
f 629/1330/1308 634/1329/1307 633/1331/1309
f 629/1330/1308 633/1331/1309 630/1332/1310
f 630/1332/1310 633/1331/1309 632/1333/1311
f 630/1332/1310 632/1333/1311 631/1334/1312
f 539/1335/1313 541/1336/1314 571/1337/1315
f 571/1337/1315 541/1336/1314 545/1338/1316
f 546/1339/1317 536/1340/1318 593/1341/1319
f 593/1341/1319 536/1340/1318 539/1342/1320
f 593/1341/1319 539/1342/1320 594/1343/1321
f 594/1343/1321 539/1342/1320 571/1344/1322
g Body1:4

v 0.000000 0.600000 -2.632489
v 0.000000 0.600000 2.632489
v -0.600000 0.600000 2.632489
v -0.600000 0.600000 -2.632489
v 0.000000 -0.600000 2.632489
v 0.000000 -0.600000 -2.632489
v -0.600000 -0.600000 -2.632489
v -0.600000 -0.600000 2.632489
v -0.600000 -0.500000 -0.000000
v -0.600000 -0.482963 0.129410
v -0.600000 -0.433013 0.250000
v -0.600000 -0.353553 0.353553
v -0.600000 -0.250000 0.433013
v -0.600000 -0.129410 0.482963
v -0.600000 0.000000 0.500000
v -0.600000 0.129410 0.482963
v -0.600000 0.250000 0.433013
v -0.600000 0.353553 0.353553
v -0.600000 0.433013 0.250000
v -0.600000 0.482963 0.129410
v -0.600000 0.500000 0.000000
v -0.600000 0.482963 -0.129410
v -0.600000 0.433013 -0.250000
v -0.600000 0.353553 -0.353553
v -0.600000 0.250000 -0.433013
v -0.600000 0.129410 -0.482963
v -0.600000 0.000000 -0.500000
v -0.600000 -0.129410 -0.482963
v -0.600000 -0.250000 -0.433013
v -0.600000 -0.353553 -0.353553
v -0.600000 -0.433013 -0.250000
v -0.600000 -0.482963 -0.129410
v -0.600000 -0.201496 -2.692471
v -0.600000 0.201496 -2.692471
v -0.600000 0.201496 2.692471
v -0.600000 -0.201496 2.692471
v 0.000000 -0.985736 2.513628
v 0.000000 -1.349443 2.338590
v 0.000000 -1.682991 2.111289
v 0.000000 -1.978927 1.836803
v 0.000000 -2.230638 1.521268
v 0.000000 -2.432496 1.171735
v 0.000000 -2.579992 0.796015
v 0.000000 -2.669830 0.402505
v 0.000000 -2.700000 0.000000
v 0.000000 -2.669830 -0.402505
v 0.000000 -2.579992 -0.796015
v 0.000000 -2.432496 -1.171735
v 0.000000 -2.230638 -1.521268
v 0.000000 -1.978927 -1.836803
v 0.000000 -1.682991 -2.111289
v 0.000000 -1.349443 -2.338590
v 0.000000 -0.985736 -2.513628
v 0.000000 0.985736 -2.513628
v 0.000000 1.349443 -2.338590
v 0.000000 1.682991 -2.111289
v 0.000000 1.978927 -1.836803
v 0.000000 2.230638 -1.521268
v 0.000000 2.432496 -1.171735
v 0.000000 2.579992 -0.796015
v 0.000000 2.669830 -0.402505
v 0.000000 2.700000 -0.000000
v 0.000000 2.669830 0.402505
v 0.000000 2.579992 0.796015
v 0.000000 2.432496 1.171735
v 0.000000 2.230638 1.521268
v 0.000000 1.978927 1.836803
v 0.000000 1.682991 2.111289
v 0.000000 1.349443 2.338590
v 0.000000 0.985736 2.513628
v -2.400000 -0.150000 0.600000
v -2.400000 -0.100000 0.650000
v -0.750000 -0.100000 0.650000
v -0.700000 -0.150000 0.600000
v -2.400000 -0.150000 0.476970
v -0.700000 -0.150000 0.476970
v -2.400000 0.100000 0.650000
v -2.400000 0.150000 0.600000
v -0.700000 0.150000 0.600000
v -0.750000 0.100000 0.650000
v -2.400000 0.150000 0.476970
v -0.700000 0.150000 0.476970
v -0.700000 0.050695 0.497423
v -0.700000 -0.050695 0.497423
v -2.400000 1.700000 0.000000
v -2.400000 1.669279 0.321727
v -2.400000 1.578225 0.631826
v -2.400000 1.430131 0.919089
v -2.400000 1.230348 1.173134
v -2.400000 0.986097 1.384779
v -2.400000 0.706206 1.546374
v -2.400000 0.400790 1.652080
v -2.400000 0.080889 1.698074
v -2.400000 -0.241935 1.682696
v -2.400000 -0.556016 1.606501
v -2.400000 -0.850000 1.472243
v -2.400000 -1.113263 1.284774
v -2.400000 -1.336290 1.050870
v -2.400000 -1.511020 0.778985
v -2.400000 -1.631138 0.478945
v -2.400000 -1.692302 0.161595
v -2.400000 -1.692302 -0.161595
v -2.400000 -1.631138 -0.478945
v -2.400000 -1.511020 -0.778985
v -2.400000 -1.336290 -1.050870
v -2.400000 -1.113263 -1.284774
v -2.400000 -0.850000 -1.472243
v -2.400000 -0.556016 -1.606501
v -2.400000 -0.241935 -1.682696
v -2.400000 0.080889 -1.698074
v -2.400000 0.400790 -1.652080
v -2.400000 0.706206 -1.546374
v -2.400000 0.986097 -1.384779
v -2.400000 1.230348 -1.173134
v -2.400000 1.430131 -0.919089
v -2.400000 1.578225 -0.631826
v -2.400000 1.669279 -0.321727
v -1.200000 1.700000 0.000000
v -1.200000 1.669279 -0.321727
v -1.200000 1.578225 -0.631826
v -1.200000 1.430131 -0.919089
v -1.200000 1.230348 -1.173134
v -1.200000 0.986097 -1.384779
v -1.200000 0.706206 -1.546374
v -1.200000 0.400790 -1.652080
v -1.200000 0.080889 -1.698074
v -1.200000 -0.241935 -1.682696
v -1.200000 -0.556016 -1.606501
v -1.200000 -0.850000 -1.472243
v -1.200000 -1.113263 -1.284774
v -1.200000 -1.336290 -1.050870
v -1.200000 -1.511020 -0.778985
v -1.200000 -1.631138 -0.478945
v -1.200000 -1.692302 -0.161595
v -1.200000 -1.692302 0.161595
v -1.200000 -1.631138 0.478945
v -1.200000 -1.511020 0.778985
v -1.200000 -1.336290 1.050870
v -1.200000 -1.113263 1.284774
v -1.200000 -0.850000 1.472243
v -1.200000 -0.556016 1.606501
v -1.200000 -0.241935 1.682696
v -1.200000 0.080889 1.698074
v -1.200000 0.400790 1.652080
v -1.200000 0.706206 1.546374
v -1.200000 0.986097 1.384779
v -1.200000 1.230348 1.173134
v -1.200000 1.430131 0.919089
v -1.200000 1.578225 0.631826
v -1.200000 1.669279 0.321727
v -1.200000 2.700000 0.000000
v -1.200000 2.668357 -0.412153
v -1.200000 2.574170 -0.814646
v -1.200000 2.419647 -1.198044
v -1.200000 2.208409 -1.553360
v -1.200000 1.945408 -1.872268
v -1.200000 1.636809 -2.147291
v -1.200000 1.289844 -2.371983
v -1.200000 0.912646 -2.541078
v -1.200000 0.514056 -2.650612
v -1.200000 0.103417 -2.698019
v -1.200000 -0.309645 -2.682186
v -1.200000 -0.715450 -2.603484
v -1.200000 -1.104485 -2.463760
v -1.200000 -1.467632 -2.266287
v -1.200000 -1.796379 -2.015694
v -1.200000 -2.083021 -1.717855
v -1.200000 -2.320838 -1.379750
v -1.200000 -2.504257 -1.009306
v -1.200000 -2.628978 -0.615204
v -1.200000 -2.692078 -0.206683
v -1.200000 -2.692078 0.206683
v -1.200000 -2.628978 0.615204
v -1.200000 -2.504257 1.009306
v -1.200000 -2.320838 1.379750
v -1.200000 -2.083021 1.717855
v -1.200000 -1.796379 2.015694
v -1.200000 -1.467632 2.266287
v -1.200000 -1.104485 2.463760
v -1.200000 -0.715450 2.603484
v -1.200000 -0.309645 2.682186
v -1.200000 0.103417 2.698019
v -1.200000 0.514056 2.650612
v -1.200000 0.912646 2.541078
v -1.200000 1.289844 2.371983
v -1.200000 1.636809 2.147291
v -1.200000 1.945408 1.872268
v -1.200000 2.208409 1.553360
v -1.200000 2.419647 1.198044
v -1.200000 2.574170 0.814646
v -1.200000 2.668357 0.412153
v -2.400000 0.266691 0.422938
v -2.400000 0.365741 0.340930
v -2.400000 0.440600 0.236373
v -2.400000 0.486315 0.116180
v -2.400000 0.499863 -0.011697
v -2.400000 0.480348 -0.138801
v -2.400000 0.429061 -0.256723
v -2.400000 0.349393 -0.357665
v -2.400000 0.246615 -0.434949
v -2.400000 0.127525 -0.483464
v -2.400000 0.000000 -0.500000
v -2.400000 -0.127525 -0.483464
v -2.400000 -0.246615 -0.434949
v -2.400000 -0.349393 -0.357665
v -2.400000 -0.429061 -0.256723
v -2.400000 -0.480348 -0.138801
v -2.400000 -0.499863 -0.011697
v -2.400000 -0.486315 0.116180
v -2.400000 -0.440600 0.236373
v -2.400000 -0.365741 0.340930
v -2.400000 -0.266691 0.422938
vt -5.264979 0.000000 0.000000
vt 0.000000 0.000000 0.000000
vt -5.264979 0.600000 0.000000
vt -0.000000 0.600000 0.000000
vt -5.264979 0.000000 0.000000
vt -0.000000 0.000000 0.000000
vt -5.264979 0.600000 0.000000
vt -0.000000 0.600000 0.000000
vt -0.482963 0.129410 0.000000
vt -0.600000 2.632489 0.000000
vt -0.500000 -0.000000 0.000000
vt -0.600000 -2.632489 0.000000
vt -0.482963 -0.129410 0.000000
vt -0.433013 -0.250000 0.000000
vt -0.353553 -0.353553 0.000000
vt -0.201496 -2.692471 0.000000
vt -0.250000 -0.433013 0.000000
vt -0.129410 -0.482963 0.000000
vt 0.000000 -0.500000 0.000000
vt 0.201496 -2.692471 0.000000
vt 0.129410 -0.482963 0.000000
vt 0.250000 -0.433013 0.000000
vt 0.353553 -0.353553 0.000000
vt 0.600000 -2.632489 0.000000
vt 0.433013 -0.250000 0.000000
vt 0.482963 -0.129410 0.000000
vt 0.500000 0.000000 0.000000
vt 0.600000 2.632489 0.000000
vt 0.482963 0.129410 0.000000
vt 0.433013 0.250000 0.000000
vt 0.353553 0.353553 0.000000
vt 0.201496 2.692471 0.000000
vt 0.250000 0.433013 0.000000
vt 0.129410 0.482963 0.000000
vt 0.000000 0.500000 0.000000
vt -0.201496 2.692471 0.000000
vt -0.129410 0.482963 0.000000
vt -0.250000 0.433013 0.000000
vt -0.353553 0.353553 0.000000
vt -0.433013 0.250000 0.000000
vt 2.632489 -1.100000 0.000000
vt -2.632489 -1.100000 0.000000
vt 2.513628 -1.485736 0.000000
vt -2.513628 -1.485736 0.000000
vt 2.338590 -1.849443 0.000000
vt -2.338590 -1.849443 0.000000
vt 2.111289 -2.182991 0.000000
vt -2.111289 -2.182991 0.000000
vt 1.836803 -2.478927 0.000000
vt -1.836803 -2.478927 0.000000
vt 1.521268 -2.730638 0.000000
vt -1.521268 -2.730638 0.000000
vt 1.171735 -2.932496 0.000000
vt -1.171735 -2.932496 0.000000
vt 0.796015 -3.079992 0.000000
vt -0.796015 -3.079992 0.000000
vt 0.402505 -3.169830 0.000000
vt -0.402505 -3.169830 0.000000
vt -0.000000 -3.200000 0.000000
vt -2.632489 0.100000 0.000000
vt 2.632489 0.100000 0.000000
vt -2.513628 0.485736 0.000000
vt 2.513628 0.485736 0.000000
vt -2.338590 0.849443 0.000000
vt 2.338590 0.849443 0.000000
vt -2.111289 1.182991 0.000000
vt 2.111289 1.182991 0.000000
vt -1.836803 1.478927 0.000000
vt 1.836803 1.478927 0.000000
vt -1.521268 1.730638 0.000000
vt 1.521268 1.730638 0.000000
vt -1.171735 1.932496 0.000000
vt 1.171735 1.932496 0.000000
vt -0.796015 2.079992 0.000000
vt 0.796015 2.079992 0.000000
vt -0.402505 2.169830 0.000000
vt 0.402505 2.169830 0.000000
vt 0.000000 2.200000 0.000000
vt 0.050000 0.035355 0.000000
vt -1.600000 0.035355 0.000000
vt 0.050000 -0.035355 0.000000
vt -1.650000 -0.035355 0.000000
vt -0.500000 0.600000 0.000000
vt -2.200000 0.600000 0.000000
vt -0.500000 0.476970 0.000000
vt -2.200000 0.476970 0.000000
vt 1.150000 -0.035355 0.000000
vt 1.150000 0.035355 0.000000
vt -0.500000 -0.035355 0.000000
vt -0.550000 0.035355 0.000000
vt 0.035355 -0.025000 0.000000
vt 0.035355 0.175000 0.000000
vt -0.035355 -0.075000 0.000000
vt -0.035355 0.225000 0.000000
vt -1.700000 0.476970 0.000000
vt 0.000000 0.476970 0.000000
vt -1.700000 0.600000 0.000000
vt -0.000000 0.600000 0.000000
vt 0.600000 0.100000 0.000000
vt -1.050000 0.100000 0.000000
vt 0.600000 -0.100000 0.000000
vt -1.050000 -0.100000 0.000000
vt -0.000000 0.476970 0.000000
vt -0.000000 0.600000 0.000000
vt -0.099305 0.497423 0.000000
vt -0.300000 0.600000 0.000000
vt -0.200695 0.497423 0.000000
vt -0.300000 0.476970 0.000000
vt 0.600000 0.323679 0.000000
vt -0.600000 0.000000 0.000000
vt 0.600000 0.000000 0.000000
vt -0.600000 -0.323679 0.000000
vt 0.600000 -0.323679 0.000000
vt -0.600000 -0.647358 0.000000
vt 0.600000 -0.647358 0.000000
vt -0.600000 -0.971038 0.000000
vt 0.600000 -0.971038 0.000000
vt -0.600000 -1.294717 0.000000
vt 0.600000 -1.294717 0.000000
vt -0.600000 -1.618396 0.000000
vt 0.600000 -1.618396 0.000000
vt -0.600000 -1.942075 0.000000
vt 0.600000 -1.942075 0.000000
vt -0.600000 -2.265755 0.000000
vt 0.600000 -2.265755 0.000000
vt -0.600000 -2.589434 0.000000
vt 0.600000 -2.589434 0.000000
vt -0.600000 -2.913113 0.000000
vt 0.600000 -2.913113 0.000000
vt -0.600000 -3.236792 0.000000
vt 0.600000 -3.236792 0.000000
vt -0.600000 -3.560472 0.000000
vt 0.600000 -3.560472 0.000000
vt -0.600000 -3.884151 0.000000
vt 0.600000 -3.884151 0.000000
vt -0.600000 -4.207830 0.000000
vt 0.600000 -4.207830 0.000000
vt -0.600000 -4.531509 0.000000
vt 0.600000 -4.531509 0.000000
vt -0.600000 -4.855189 0.000000
vt 0.600000 -4.855189 0.000000
vt -0.600000 -5.178868 0.000000
vt 0.600000 -5.178868 0.000000
vt 0.600000 5.502547 0.000000
vt -0.600000 5.502547 0.000000
vt -0.600000 5.178868 0.000000
vt 0.600000 5.178868 0.000000
vt -0.600000 4.855189 0.000000
vt 0.600000 4.855189 0.000000
vt -0.600000 4.531509 0.000000
vt 0.600000 4.531509 0.000000
vt -0.600000 4.207830 0.000000
vt 0.600000 4.207830 0.000000
vt -0.600000 3.884151 0.000000
vt 0.600000 3.884151 0.000000
vt -0.600000 3.560472 0.000000
vt 0.600000 3.560472 0.000000
vt -0.600000 3.236792 0.000000
vt 0.600000 3.236792 0.000000
vt -0.600000 2.913113 0.000000
vt 0.600000 2.913113 0.000000
vt -0.600000 2.589434 0.000000
vt 0.600000 2.589434 0.000000
vt -0.600000 2.265755 0.000000
vt 0.600000 2.265755 0.000000
vt -0.600000 1.942075 0.000000
vt 0.600000 1.942075 0.000000
vt -0.600000 1.618396 0.000000
vt 0.600000 1.618396 0.000000
vt -0.600000 1.294717 0.000000
vt 0.600000 1.294717 0.000000
vt -0.600000 0.971038 0.000000
vt 0.600000 0.971038 0.000000
vt -0.600000 0.647358 0.000000
vt 0.600000 0.647358 0.000000
vt -0.600000 0.323679 0.000000
vt 0.321727 -1.030721 0.000000
vt 0.412153 -0.031643 0.000000
vt 0.000000 -1.000000 0.000000
vt 0.000000 0.000000 0.000000
vt -0.412153 -0.031643 0.000000
vt 0.814646 -0.125830 0.000000
vt 0.631826 -1.121775 0.000000
vt 1.198044 -0.280353 0.000000
vt 0.919089 -1.269869 0.000000
vt 1.553360 -0.491591 0.000000
vt 1.173134 -1.469652 0.000000
vt 1.872268 -0.754592 0.000000
vt 2.147291 -1.063191 0.000000
vt 1.384779 -1.713903 0.000000
vt 2.371983 -1.410156 0.000000
vt 1.546374 -1.993794 0.000000
vt 2.541078 -1.787354 0.000000
vt 1.652080 -2.299210 0.000000
vt 2.650612 -2.185944 0.000000
vt 1.698074 -2.619111 0.000000
vt 2.698019 -2.596583 0.000000
vt 2.682186 -3.009645 0.000000
vt 1.682696 -2.941935 0.000000
vt 2.603484 -3.415450 0.000000
vt 1.606501 -3.256016 0.000000
vt 2.463760 -3.804485 0.000000
vt 1.472243 -3.550000 0.000000
vt 2.266287 -4.167632 0.000000
vt 1.284774 -3.813263 0.000000
vt 2.015694 -4.496379 0.000000
vt 1.717855 -4.783021 0.000000
vt 1.050870 -4.036290 0.000000
vt 1.379750 -5.020838 0.000000
vt 0.778985 -4.211020 0.000000
vt 1.009306 -5.204257 0.000000
vt 0.478945 -4.331138 0.000000
vt 0.615204 -5.328978 0.000000
vt 0.161595 -4.392302 0.000000
vt 0.206683 -5.392078 0.000000
vt -0.161595 -4.392302 0.000000
vt -0.206683 -5.392078 0.000000
vt -0.615204 -5.328978 0.000000
vt -0.478945 -4.331138 0.000000
vt -1.009306 -5.204257 0.000000
vt -0.778985 -4.211020 0.000000
vt -1.379750 -5.020838 0.000000
vt -1.050870 -4.036290 0.000000
vt -1.717855 -4.783021 0.000000
vt -1.284774 -3.813263 0.000000
vt -2.015694 -4.496379 0.000000
vt -2.266287 -4.167632 0.000000
vt -1.472243 -3.550000 0.000000
vt -2.463760 -3.804485 0.000000
vt -1.606501 -3.256016 0.000000
vt -2.603484 -3.415450 0.000000
vt -1.682696 -2.941935 0.000000
vt -2.682186 -3.009645 0.000000
vt -1.698074 -2.619111 0.000000
vt -2.698019 -2.596583 0.000000
vt -2.650612 -2.185944 0.000000
vt -1.652080 -2.299210 0.000000
vt -2.541078 -1.787354 0.000000
vt -1.546374 -1.993794 0.000000
vt -2.371983 -1.410156 0.000000
vt -1.384779 -1.713903 0.000000
vt -2.147291 -1.063191 0.000000
vt -1.173134 -1.469652 0.000000
vt -1.872268 -0.754592 0.000000
vt -1.553360 -0.491591 0.000000
vt -0.919089 -1.269869 0.000000
vt -1.198044 -0.280353 0.000000
vt -0.631826 -1.121775 0.000000
vt -0.814646 -0.125830 0.000000
vt -0.321727 -1.030721 0.000000
vt -0.600000 3.636099 0.000000
vt -0.600000 3.232088 0.000000
vt -0.000000 3.636099 0.000000
vt 0.600000 3.310166 0.000000
vt 0.600000 3.723937 0.000000
vt 0.600000 2.896395 0.000000
vt -0.600000 2.828077 0.000000
vt 0.600000 2.482624 0.000000
vt -0.600000 2.424066 0.000000
vt 0.600000 2.068854 0.000000
vt -0.600000 2.020055 0.000000
vt 0.600000 1.655083 0.000000
vt -0.600000 1.616044 0.000000
vt 0.600000 1.241312 0.000000
vt -0.600000 1.212033 0.000000
vt 0.600000 0.827541 0.000000
vt -0.600000 0.808022 0.000000
vt 0.600000 0.413771 0.000000
vt -0.600000 0.404011 0.000000
vt 0.600000 0.000000 0.000000
vt -0.600000 -0.000000 0.000000
vt -0.600000 -0.404011 0.000000
vt 0.600000 -0.413771 0.000000
vt -0.600000 -0.808022 0.000000
vt 0.600000 -0.827541 0.000000
vt -0.600000 -1.212033 0.000000
vt 0.600000 -1.241312 0.000000
vt -0.600000 -1.616044 0.000000
vt 0.600000 -1.655083 0.000000
vt -0.600000 -2.020055 0.000000
vt 0.600000 -2.068854 0.000000
vt -0.600000 -2.424066 0.000000
vt 0.600000 -2.482624 0.000000
vt -0.600000 -2.828077 0.000000
vt 0.600000 -2.896395 0.000000
vt -0.600000 -3.232088 0.000000
vt 0.600000 -3.310166 0.000000
vt -0.000000 -3.636099 0.000000
vt 0.600000 -3.723937 0.000000
vt -0.000000 -4.039466 0.000000
vt 0.600000 -4.137707 0.000000
vt -0.000000 -4.442834 0.000000
vt 0.600000 -4.551478 0.000000
vt -0.000000 -4.846201 0.000000
vt 0.600000 -4.965249 0.000000
vt -0.600000 -4.846201 0.000000
vt -0.600000 -5.250212 0.000000
vt -0.600000 -3.636099 0.000000
vt 0.600000 -5.379020 0.000000
vt -0.600000 -5.654223 0.000000
vt 0.600000 -5.792790 0.000000
vt -0.600000 -6.058234 0.000000
vt 0.600000 -6.206561 0.000000
vt -0.600000 -6.462245 0.000000
vt 0.600000 -6.620332 0.000000
vt -0.600000 -6.866256 0.000000
vt 0.600000 -7.034103 0.000000
vt -0.600000 -7.270267 0.000000
vt 0.600000 -7.447873 0.000000
vt -0.600000 -7.674278 0.000000
vt 0.600000 -7.861644 0.000000
vt -0.600000 -8.078289 0.000000
vt 0.600000 -8.275415 0.000000
vt -0.600000 -8.482300 0.000000
vt 0.600000 -8.689186 0.000000
vt 0.600000 8.275415 0.000000
vt -0.600000 8.482300 0.000000
vt -0.600000 8.078289 0.000000
vt 0.600000 7.861644 0.000000
vt -0.600000 7.674278 0.000000
vt 0.600000 7.447873 0.000000
vt -0.600000 7.270267 0.000000
vt 0.600000 7.034103 0.000000
vt -0.600000 6.866256 0.000000
vt 0.600000 6.620332 0.000000
vt -0.600000 6.462245 0.000000
vt 0.600000 6.206561 0.000000
vt -0.600000 6.058234 0.000000
vt 0.600000 5.792790 0.000000
vt -0.600000 5.654223 0.000000
vt 0.600000 5.379020 0.000000
vt -0.600000 5.250212 0.000000
vt 0.600000 4.965249 0.000000
vt -0.600000 4.846201 0.000000
vt -0.000000 4.846201 0.000000
vt 0.600000 4.551478 0.000000
vt -0.000000 4.442834 0.000000
vt 0.600000 4.137707 0.000000
vt -0.000000 4.039466 0.000000
vt 0.600000 -1.439897 0.000000
vt -1.200000 -1.559098 0.000000
vt 0.600000 -1.570796 0.000000
vt 0.600000 1.570796 0.000000
vt -1.200000 1.582494 0.000000
vt -1.200000 1.453544 0.000000
vt 0.600000 1.439897 0.000000
vt -1.200000 1.324594 0.000000
vt 0.600000 1.308997 0.000000
vt -1.200000 1.195644 0.000000
vt 0.600000 1.178097 0.000000
vt -1.200000 1.066694 0.000000
vt 0.600000 1.047198 0.000000
vt -1.200000 0.937744 0.000000
vt 0.500000 0.937744 0.000000
vt -1.200000 -1.430148 0.000000
vt 0.600000 -1.308997 0.000000
vt -1.200000 -1.301198 0.000000
vt 0.600000 -1.178097 0.000000
vt -1.200000 -1.172248 0.000000
vt 0.600000 -1.047198 0.000000
vt -1.200000 -1.043298 0.000000
vt 0.600000 -0.916298 0.000000
vt -1.200000 -0.914348 0.000000
vt 0.600000 -0.785398 0.000000
vt -1.200000 -0.785398 0.000000
vt -1.200000 -0.656448 0.000000
vt 0.600000 -0.654498 0.000000
vt -1.200000 -0.527498 0.000000
vt 0.600000 -0.523599 0.000000
vt -1.200000 -0.398548 0.000000
vt 0.600000 -0.392699 0.000000
vt -1.200000 -0.269598 0.000000
vt 0.600000 -0.261799 0.000000
vt -1.200000 -0.140648 0.000000
vt 0.600000 -0.130900 0.000000
vt -1.200000 -0.011698 0.000000
vt 0.600000 0.000000 0.000000
vt -1.200000 0.117252 0.000000
vt 0.600000 0.130900 0.000000
vt -1.200000 0.246202 0.000000
vt 0.600000 0.261799 0.000000
vt -1.200000 0.375152 0.000000
vt 0.600000 0.392699 0.000000
vt -1.200000 0.504102 0.000000
vt 0.600000 0.523599 0.000000
vt -1.200000 0.633052 0.000000
vt 0.500000 0.633052 0.000000
vt 0.600000 0.654498 0.000000
vt 0.500000 0.734616 0.000000
vt 0.600000 0.785398 0.000000
vt 0.500000 0.836180 0.000000
vt 0.600000 0.916298 0.000000
vt 0.476970 -1.850000 0.000000
vt 0.422938 -1.966691 0.000000
vt 0.600000 -1.850000 0.000000
vt 1.284774 -2.813263 0.000000
vt 1.472243 -2.550000 0.000000
vt 0.340930 -2.065741 0.000000
vt 1.050870 -3.036290 0.000000
vt 0.236373 -2.140600 0.000000
vt 0.778985 -3.211020 0.000000
vt 0.478945 -3.331138 0.000000
vt 0.116180 -2.186315 0.000000
vt 0.161595 -3.392302 0.000000
vt -0.011697 -2.199863 0.000000
vt -0.161595 -3.392302 0.000000
vt -0.138801 -2.180348 0.000000
vt -0.478945 -3.331138 0.000000
vt -0.778985 -3.211020 0.000000
vt -0.256723 -2.129061 0.000000
vt -1.050870 -3.036290 0.000000
vt -0.357665 -2.049393 0.000000
vt -1.284774 -2.813263 0.000000
vt -0.434949 -1.946615 0.000000
vt -1.472243 -2.550000 0.000000
vt -1.606501 -2.256016 0.000000
vt -0.483464 -1.827525 0.000000
vt -1.682696 -1.941935 0.000000
vt -0.500000 -1.700000 0.000000
vt -1.698074 -1.619111 0.000000
vt -0.483464 -1.572475 0.000000
vt -1.652080 -1.299210 0.000000
vt -1.546374 -0.993794 0.000000
vt -0.434949 -1.453385 0.000000
vt -1.384779 -0.713903 0.000000
vt -0.357665 -1.350607 0.000000
vt -1.173134 -0.469652 0.000000
vt -0.256723 -1.270939 0.000000
vt -0.919089 -0.269869 0.000000
vt -0.631826 -0.121775 0.000000
vt -0.138801 -1.219652 0.000000
vt -0.321727 -0.030721 0.000000
vt -0.011697 -1.200137 0.000000
vt 0.000000 0.000000 0.000000
vt 0.321727 -0.030721 0.000000
vt 0.116180 -1.213685 0.000000
vt 0.631826 -0.121775 0.000000
vt 0.236373 -1.259400 0.000000
vt 0.919089 -0.269869 0.000000
vt 0.340930 -1.334259 0.000000
vt 1.173134 -0.469652 0.000000
vt 1.384779 -0.713903 0.000000
vt 0.422938 -1.433309 0.000000
vt 0.600000 -1.550000 0.000000
vt 0.476970 -1.550000 0.000000
vt 1.546374 -0.993794 0.000000
vt 0.650000 -1.600000 0.000000
vt 1.652080 -1.299210 0.000000
vt 1.698074 -1.619111 0.000000
vt 0.650000 -1.800000 0.000000
vt 1.682696 -1.941935 0.000000
vt 1.606501 -2.256016 0.000000
vn -0.000000 -1.000000 0.000000
vn -0.000000 -1.000000 0.000000
vn -0.000000 -1.000000 0.000000
vn -0.000000 -1.000000 0.000000
vn 0.000000 1.000000 0.000000
vn 0.000000 1.000000 0.000000
vn 0.000000 1.000000 0.000000
vn 0.000000 1.000000 0.000000
vn 1.000000 0.000000 0.000000
vn 1.000000 0.000000 0.000000
vn 1.000000 0.000000 0.000000
vn 1.000000 0.000000 0.000000
vn 1.000000 0.000000 0.000000
vn 1.000000 0.000000 0.000000
vn 1.000000 0.000000 0.000000
vn 1.000000 0.000000 0.000000
vn 1.000000 0.000000 0.000000
vn 1.000000 0.000000 0.000000
vn 1.000000 0.000000 0.000000
vn 1.000000 0.000000 0.000000
vn 1.000000 0.000000 0.000000
vn 1.000000 0.000000 0.000000
vn 1.000000 0.000000 0.000000
vn 1.000000 0.000000 0.000000
vn 1.000000 0.000000 0.000000
vn 1.000000 0.000000 0.000000
vn 1.000000 0.000000 0.000000
vn 1.000000 0.000000 0.000000
vn 1.000000 0.000000 0.000000
vn 1.000000 0.000000 0.000000
vn 1.000000 0.000000 0.000000
vn 1.000000 0.000000 0.000000
vn 1.000000 0.000000 0.000000
vn 1.000000 0.000000 0.000000
vn 1.000000 0.000000 0.000000
vn 1.000000 0.000000 0.000000
vn 1.000000 0.000000 0.000000
vn 1.000000 0.000000 0.000000
vn 1.000000 0.000000 0.000000
vn 1.000000 0.000000 0.000000
vn 1.000000 0.000000 0.000000
vn 1.000000 0.000000 0.000000
vn 1.000000 0.000000 0.000000
vn 1.000000 0.000000 0.000000
vn 1.000000 0.000000 0.000000
vn 1.000000 0.000000 0.000000
vn 1.000000 0.000000 0.000000
vn 1.000000 0.000000 0.000000
vn 1.000000 0.000000 0.000000
vn 1.000000 0.000000 0.000000
vn 1.000000 0.000000 0.000000
vn 1.000000 0.000000 0.000000
vn 1.000000 0.000000 0.000000
vn 1.000000 0.000000 0.000000
vn 1.000000 0.000000 0.000000
vn 1.000000 0.000000 0.000000
vn 1.000000 0.000000 0.000000
vn 1.000000 0.000000 0.000000
vn 1.000000 0.000000 0.000000
vn 1.000000 0.000000 0.000000
vn 1.000000 0.000000 0.000000
vn 1.000000 0.000000 0.000000
vn 1.000000 0.000000 0.000000
vn 1.000000 0.000000 0.000000
vn 1.000000 0.000000 0.000000
vn 1.000000 0.000000 0.000000
vn 1.000000 0.000000 0.000000
vn 1.000000 0.000000 0.000000
vn 1.000000 0.000000 0.000000
vn 1.000000 0.000000 0.000000
vn 1.000000 0.000000 0.000000
vn 1.000000 0.000000 0.000000
vn 1.000000 0.000000 0.000000
vn 1.000000 0.000000 0.000000
vn 1.000000 0.000000 0.000000
vn 1.000000 0.000000 0.000000
vn 1.000000 0.000000 0.000000
vn 1.000000 0.000000 0.000000
vn -0.000000 0.707107 -0.707107
vn -0.000000 0.707107 -0.707107
vn -0.000000 0.707107 -0.707107
vn -0.000000 0.707107 -0.707107
vn -0.000000 1.000000 -0.000000
vn -0.000000 1.000000 -0.000000
vn -0.000000 1.000000 -0.000000
vn -0.000000 1.000000 -0.000000
vn -0.000000 -0.707107 -0.707107
vn -0.000000 -0.707107 -0.707107
vn -0.000000 -0.707107 -0.707107
vn -0.000000 -0.707107 -0.707107
vn -0.707107 0.000000 -0.707107
vn -0.707107 0.000000 -0.707107
vn -0.707107 0.000000 -0.707107
vn -0.707107 0.000000 -0.707107
vn -0.000000 -1.000000 0.000000
vn -0.000000 -1.000000 0.000000
vn -0.000000 -1.000000 0.000000
vn -0.000000 -1.000000 0.000000
vn -0.000000 -0.000000 -1.000000
vn -0.000000 -0.000000 -1.000000
vn -0.000000 -0.000000 -1.000000
vn -0.000000 -0.000000 -1.000000
vn -1.000000 -0.000000 -0.000000
vn -1.000000 -0.000000 -0.000000
vn -1.000000 -0.000000 -0.000000
vn -1.000000 -0.000000 -0.000000
vn -1.000000 -0.000000 -0.000000
vn -1.000000 -0.000000 -0.000000
vn -0.000000 0.981929 0.189251
vn -0.000000 1.000000 -0.000000
vn -0.000000 1.000000 -0.000000
vn -0.000000 0.981929 -0.189251
vn -0.000000 0.981929 -0.189251
vn -0.000000 0.928368 -0.371662
vn -0.000000 0.928368 -0.371662
vn -0.000000 0.841254 -0.540641
vn -0.000000 0.841254 -0.540641
vn -0.000000 0.723734 -0.690079
vn -0.000000 0.723734 -0.690079
vn -0.000000 0.580057 -0.814576
vn -0.000000 0.580057 -0.814576
vn -0.000000 0.415415 -0.909632
vn -0.000000 0.415415 -0.909632
vn -0.000000 0.235759 -0.971812
vn -0.000000 0.235759 -0.971812
vn -0.000000 0.047582 -0.998867
vn -0.000000 0.047582 -0.998867
vn 0.000000 -0.142315 -0.989821
vn 0.000000 -0.142315 -0.989821
vn 0.000000 -0.327068 -0.945001
vn 0.000000 -0.327068 -0.945001
vn 0.000000 -0.500000 -0.866025
vn 0.000000 -0.500000 -0.866025
vn 0.000000 -0.654861 -0.755750
vn 0.000000 -0.654861 -0.755750
vn 0.000000 -0.786053 -0.618159
vn 0.000000 -0.786053 -0.618159
vn 0.000000 -0.888835 -0.458227
vn 0.000000 -0.888835 -0.458227
vn 0.000000 -0.959493 -0.281733
vn 0.000000 -0.959493 -0.281733
vn 0.000000 -0.995472 -0.095056
vn 0.000000 -0.995472 -0.095056
vn -0.000000 -0.995472 0.095056
vn -0.000000 -0.995472 0.095056
vn -0.000000 -0.959493 0.281733
vn -0.000000 -0.959493 0.281733
vn -0.000000 -0.888835 0.458227
vn -0.000000 -0.888835 0.458227
vn -0.000000 -0.786053 0.618159
vn -0.000000 -0.786053 0.618159
vn -0.000000 -0.654861 0.755750
vn -0.000000 -0.654861 0.755750
vn -0.000000 -0.500000 0.866025
vn -0.000000 -0.500000 0.866025
vn -0.000000 -0.327068 0.945001
vn -0.000000 -0.327068 0.945001
vn -0.000000 -0.142315 0.989821
vn -0.000000 -0.142315 0.989821
vn -0.000000 0.047582 0.998867
vn -0.000000 0.047582 0.998867
vn -0.000000 0.235759 0.971812
vn -0.000000 0.235759 0.971812
vn -0.000000 0.415415 0.909632
vn -0.000000 0.415415 0.909632
vn -0.000000 0.580057 0.814576
vn -0.000000 0.580057 0.814576
vn -0.000000 0.723734 0.690079
vn -0.000000 0.723734 0.690079
vn -0.000000 0.841254 0.540641
vn -0.000000 0.841254 0.540641
vn -0.000000 0.928368 0.371662
vn -0.000000 0.928368 0.371662
vn -0.000000 0.981929 0.189251
vn -1.000000 -0.000000 -0.000000
vn -1.000000 -0.000000 -0.000000
vn -1.000000 -0.000000 -0.000000
vn -1.000000 -0.000000 -0.000000
vn -1.000000 -0.000000 -0.000000
vn -1.000000 -0.000000 -0.000000
vn -1.000000 -0.000000 -0.000000
vn -1.000000 -0.000000 -0.000000
vn -1.000000 -0.000000 -0.000000
vn -1.000000 -0.000000 -0.000000
vn -1.000000 -0.000000 -0.000000
vn -1.000000 -0.000000 -0.000000
vn -1.000000 -0.000000 -0.000000
vn -1.000000 -0.000000 -0.000000
vn -1.000000 -0.000000 -0.000000
vn -1.000000 -0.000000 -0.000000
vn -1.000000 -0.000000 -0.000000
vn -1.000000 -0.000000 -0.000000
vn -1.000000 -0.000000 -0.000000
vn -1.000000 -0.000000 -0.000000
vn -1.000000 -0.000000 -0.000000
vn -1.000000 -0.000000 -0.000000
vn -1.000000 -0.000000 -0.000000
vn -1.000000 -0.000000 -0.000000
vn -1.000000 -0.000000 -0.000000
vn -1.000000 -0.000000 -0.000000
vn -1.000000 -0.000000 -0.000000
vn -1.000000 -0.000000 -0.000000
vn -1.000000 -0.000000 -0.000000
vn -1.000000 -0.000000 -0.000000
vn -1.000000 -0.000000 -0.000000
vn -1.000000 -0.000000 -0.000000
vn -1.000000 -0.000000 -0.000000
vn -1.000000 -0.000000 -0.000000
vn -1.000000 -0.000000 -0.000000
vn -1.000000 -0.000000 -0.000000
vn -1.000000 -0.000000 -0.000000
vn -1.000000 -0.000000 -0.000000
vn -1.000000 -0.000000 -0.000000
vn -1.000000 -0.000000 -0.000000
vn -1.000000 -0.000000 -0.000000
vn -1.000000 -0.000000 -0.000000
vn -1.000000 -0.000000 -0.000000
vn -1.000000 -0.000000 -0.000000
vn -1.000000 -0.000000 -0.000000
vn -1.000000 -0.000000 -0.000000
vn -1.000000 -0.000000 -0.000000
vn -1.000000 -0.000000 -0.000000
vn -1.000000 -0.000000 -0.000000
vn -1.000000 -0.000000 -0.000000
vn -1.000000 -0.000000 -0.000000
vn -1.000000 -0.000000 -0.000000
vn -1.000000 -0.000000 -0.000000
vn -1.000000 -0.000000 -0.000000
vn -1.000000 -0.000000 -0.000000
vn -1.000000 -0.000000 -0.000000
vn -1.000000 -0.000000 -0.000000
vn -1.000000 -0.000000 -0.000000
vn -1.000000 -0.000000 -0.000000
vn -1.000000 -0.000000 -0.000000
vn -1.000000 -0.000000 -0.000000
vn -1.000000 -0.000000 -0.000000
vn -1.000000 -0.000000 -0.000000
vn -1.000000 -0.000000 -0.000000
vn -1.000000 -0.000000 -0.000000
vn -1.000000 -0.000000 -0.000000
vn -1.000000 -0.000000 -0.000000
vn -1.000000 -0.000000 -0.000000
vn -1.000000 -0.000000 -0.000000
vn -1.000000 -0.000000 -0.000000
vn -1.000000 -0.000000 -0.000000
vn -1.000000 -0.000000 -0.000000
vn -1.000000 -0.000000 -0.000000
vn -1.000000 -0.000000 -0.000000
vn -0.000000 0.222222 0.974996
vn -0.000000 0.365087 0.930973
vn -0.000000 0.222222 0.974996
vn -0.000000 0.338017 0.941140
vn -0.000000 0.190391 0.981708
vn -0.000000 0.477720 0.878512
vn -0.000000 0.499794 0.866145
vn -0.000000 0.606225 0.795293
vn -0.000000 0.623330 0.781959
vn -0.000000 0.720522 0.693433
vn -0.000000 0.732936 0.680298
vn -0.000000 0.817929 0.575319
vn -0.000000 0.826162 0.563433
vn -0.000000 0.896166 0.443720
vn -0.000000 0.900925 0.433976
vn -0.000000 0.953396 0.301721
vn -0.000000 0.955553 0.294820
vn -0.000000 0.988280 0.152649
vn -0.000000 0.988826 0.149076
vn -0.000000 1.000000 -0.000000
vn -0.000000 1.000000 -0.000000
vn -0.000000 0.988826 -0.149076
vn -0.000000 0.988280 -0.152649
vn -0.000000 0.955553 -0.294820
vn -0.000000 0.953396 -0.301721
vn -0.000000 0.900925 -0.433976
vn -0.000000 0.896166 -0.443720
vn -0.000000 0.826162 -0.563433
vn -0.000000 0.817929 -0.575319
vn -0.000000 0.732936 -0.680298
vn -0.000000 0.720522 -0.693433
vn -0.000000 0.623330 -0.781959
vn -0.000000 0.606225 -0.795293
vn -0.000000 0.499794 -0.866145
vn -0.000000 0.477720 -0.878512
vn -0.000000 0.365087 -0.930973
vn -0.000000 0.338017 -0.941140
vn -0.000000 0.222222 -0.974996
vn -0.000000 0.190391 -0.981708
vn -0.000000 0.074628 -0.997211
vn -0.000000 0.038303 -0.999266
vn 0.000000 -0.074628 -0.997211
vn 0.000000 -0.114683 -0.993402
vn 0.000000 -0.222222 -0.974996
vn 0.000000 -0.264982 -0.964253
vn 0.000000 -0.222222 -0.974996
vn 0.000000 -0.365087 -0.930973
vn -0.000000 0.222222 -0.974996
vn 0.000000 -0.409069 -0.912504
vn 0.000000 -0.499794 -0.866145
vn 0.000000 -0.543568 -0.839365
vn 0.000000 -0.623330 -0.781959
vn 0.000000 -0.665326 -0.746553
vn 0.000000 -0.732936 -0.680298
vn 0.000000 -0.771489 -0.636242
vn 0.000000 -0.826162 -0.563433
vn 0.000000 -0.859570 -0.511019
vn 0.000000 -0.900925 -0.433976
vn 0.000000 -0.927502 -0.373817
vn 0.000000 -0.955553 -0.294820
vn 0.000000 -0.973695 -0.227854
vn 0.000000 -0.988826 -0.149076
vn 0.000000 -0.997066 -0.076549
vn 0.000000 -1.000000 -0.000000
vn -0.000000 -0.997066 0.076549
vn -0.000000 -0.988826 0.149076
vn -0.000000 -0.973695 0.227854
vn -0.000000 -0.955553 0.294820
vn -0.000000 -0.927502 0.373817
vn -0.000000 -0.900925 0.433976
vn -0.000000 -0.859570 0.511019
vn -0.000000 -0.826162 0.563433
vn -0.000000 -0.771489 0.636242
vn -0.000000 -0.732936 0.680298
vn -0.000000 -0.665326 0.746553
vn -0.000000 -0.623330 0.781959
vn -0.000000 -0.543568 0.839365
vn -0.000000 -0.499794 0.866145
vn -0.000000 -0.409069 0.912504
vn -0.000000 -0.365087 0.930973
vn -0.000000 -0.264982 0.964253
vn -0.000000 -0.222222 0.974996
vn -0.000000 -0.222222 0.974996
vn -0.000000 -0.114683 0.993402
vn -0.000000 -0.074628 0.997211
vn -0.000000 0.038303 0.999266
vn -0.000000 0.074628 0.997211
vn -0.000000 0.965926 0.258819
vn -0.000000 0.999726 0.023394
vn -0.000000 1.000000 0.000000
vn 0.000000 0.972630 -0.232360
vn 0.000000 0.965926 -0.258819
vn 0.000000 0.881199 -0.472745
vn 0.000000 0.866025 -0.500000
vn 0.000000 0.731482 -0.681861
vn 0.000000 0.707107 -0.707107
vn 0.000000 0.533381 -0.845875
vn 0.000000 0.500000 -0.866025
vn 0.000000 0.300000 -0.953939
vn 0.000000 0.300000 -0.953939
vn -0.000000 0.960696 0.277601
vn -0.000000 0.866025 0.500000
vn -0.000000 0.858122 0.513447
vn -0.000000 0.707107 0.707107
vn -0.000000 0.698787 0.715330
vn -0.000000 0.500000 0.866025
vn -0.000000 0.493231 0.869898
vn -0.000000 0.258819 0.965926
vn -0.000000 0.255051 0.966928
vn 0.000000 -0.000000 1.000000
vn 0.000000 -0.000000 1.000000
vn 0.000000 -0.255051 0.966928
vn 0.000000 -0.258819 0.965926
vn 0.000000 -0.493231 0.869898
vn 0.000000 -0.500000 0.866025
vn 0.000000 -0.698787 0.715330
vn 0.000000 -0.707107 0.707107
vn 0.000000 -0.858122 0.513447
vn 0.000000 -0.866025 0.500000
vn 0.000000 -0.960696 0.277601
vn 0.000000 -0.965926 0.258819
vn 0.000000 -0.999726 0.023394
vn 0.000000 -1.000000 0.000000
vn 0.000000 -0.972630 -0.232360
vn 0.000000 -0.965926 -0.258819
vn 0.000000 -0.881199 -0.472745
vn 0.000000 -0.866025 -0.500000
vn 0.000000 -0.731482 -0.681861
vn 0.000000 -0.707107 -0.707107
vn 0.000000 -0.533381 -0.845875
vn 0.000000 -0.500000 -0.866025
vn 0.000000 -0.300000 -0.953939
vn 0.000000 -0.300000 -0.953939
vn 0.000000 -0.258819 -0.965926
vn 0.000000 -0.101390 -0.994847
vn 0.000000 -0.000000 -1.000000
vn 0.000000 0.101390 -0.994847
vn 0.000000 0.258819 -0.965926
vn -1.000000 -0.000000 -0.000000
vn -1.000000 -0.000000 -0.000000
vn -1.000000 -0.000000 -0.000000
vn -1.000000 -0.000000 -0.000000
vn -1.000000 -0.000000 -0.000000
vn -1.000000 -0.000000 -0.000000
vn -1.000000 -0.000000 -0.000000
vn -1.000000 -0.000000 -0.000000
vn -1.000000 -0.000000 -0.000000
vn -1.000000 -0.000000 -0.000000
vn -1.000000 -0.000000 -0.000000
vn -1.000000 -0.000000 -0.000000
vn -1.000000 -0.000000 -0.000000
vn -1.000000 -0.000000 -0.000000
vn -1.000000 -0.000000 -0.000000
vn -1.000000 -0.000000 -0.000000
vn -1.000000 -0.000000 -0.000000
vn -1.000000 -0.000000 -0.000000
vn -1.000000 -0.000000 -0.000000
vn -1.000000 -0.000000 -0.000000
vn -1.000000 -0.000000 -0.000000
vn -1.000000 -0.000000 -0.000000
vn -1.000000 -0.000000 -0.000000
vn -1.000000 -0.000000 -0.000000
vn -1.000000 -0.000000 -0.000000
vn -1.000000 -0.000000 -0.000000
vn -1.000000 -0.000000 -0.000000
vn -1.000000 -0.000000 -0.000000
vn -1.000000 -0.000000 -0.000000
vn -1.000000 -0.000000 -0.000000
vn -1.000000 -0.000000 -0.000000
vn -1.000000 -0.000000 -0.000000
vn -1.000000 -0.000000 -0.000000
vn -1.000000 -0.000000 -0.000000
vn -1.000000 -0.000000 -0.000000
vn -1.000000 -0.000000 -0.000000
vn -1.000000 -0.000000 -0.000000
vn -1.000000 -0.000000 -0.000000
vn -1.000000 -0.000000 -0.000000
vn -1.000000 -0.000000 -0.000000
vn -1.000000 -0.000000 -0.000000
vn -1.000000 -0.000000 -0.000000
vn -1.000000 -0.000000 -0.000000
vn -1.000000 -0.000000 -0.000000
vn -1.000000 -0.000000 -0.000000
vn -1.000000 -0.000000 -0.000000
vn -1.000000 -0.000000 -0.000000
vn -1.000000 -0.000000 -0.000000
vn -1.000000 -0.000000 -0.000000
vn -1.000000 -0.000000 -0.000000
vn -1.000000 -0.000000 -0.000000
vn -1.000000 -0.000000 -0.000000
vn -1.000000 -0.000000 -0.000000
vn -1.000000 -0.000000 -0.000000
vn -1.000000 -0.000000 -0.000000
vn -1.000000 -0.000000 -0.000000
vn -1.000000 -0.000000 -0.000000
vn -1.000000 -0.000000 -0.000000
vn -1.000000 -0.000000 -0.000000
vn -1.000000 -0.000000 -0.000000
usemtl Powder_Coat_-_Rough_(Blue)
f 667/1345/1323 668/1346/1324 670/1347/1325
f 670/1347/1325 668/1346/1324 669/1348/1326
f 671/1349/1327 672/1350/1328 674/1351/1329
f 674/1351/1329 672/1350/1328 673/1352/1330
f 676/1353/1331 674/1354/1332 675/1355/1333
f 675/1355/1333 674/1354/1332 673/1356/1334
f 675/1355/1333 673/1356/1334 698/1357/1335
f 698/1357/1335 673/1356/1334 697/1358/1336
f 697/1358/1336 673/1356/1334 696/1359/1337
f 696/1359/1337 673/1356/1334 699/1360/1338
f 696/1359/1337 699/1360/1338 695/1361/1339
f 695/1361/1339 699/1360/1338 694/1362/1340
f 694/1362/1340 699/1360/1338 693/1363/1341
f 693/1363/1341 699/1360/1338 700/1364/1342
f 693/1363/1341 700/1364/1342 692/1365/1343
f 692/1365/1343 700/1364/1342 691/1366/1344
f 691/1366/1344 700/1364/1342 690/1367/1345
f 690/1367/1345 700/1364/1342 670/1368/1346
f 690/1367/1345 670/1368/1346 689/1369/1347
f 689/1369/1347 670/1368/1346 688/1370/1348
f 688/1370/1348 670/1368/1346 687/1371/1349
f 687/1371/1349 670/1368/1346 669/1372/1350
f 687/1371/1349 669/1372/1350 686/1373/1351
f 686/1373/1351 669/1372/1350 685/1374/1352
f 685/1374/1352 669/1372/1350 684/1375/1353
f 684/1375/1353 669/1372/1350 701/1376/1354
f 684/1375/1353 701/1376/1354 683/1377/1355
f 683/1377/1355 701/1376/1354 682/1378/1356
f 682/1378/1356 701/1376/1354 681/1379/1357
f 681/1379/1357 701/1376/1354 702/1380/1358
f 681/1379/1357 702/1380/1358 680/1381/1359
f 680/1381/1359 702/1380/1358 679/1382/1360
f 679/1382/1360 702/1380/1358 678/1383/1361
f 678/1383/1361 702/1380/1358 674/1354/1332
f 678/1383/1361 674/1354/1332 677/1384/1362
f 677/1384/1362 674/1354/1332 676/1353/1331
f 672/1385/1363 671/1386/1364 719/1387/1365
f 719/1387/1365 671/1386/1364 703/1388/1366
f 719/1387/1365 703/1388/1366 718/1389/1367
f 718/1389/1367 703/1388/1366 704/1390/1368
f 718/1389/1367 704/1390/1368 717/1391/1369
f 717/1391/1369 704/1390/1368 705/1392/1370
f 717/1391/1369 705/1392/1370 716/1393/1371
f 716/1393/1371 705/1392/1370 706/1394/1372
f 716/1393/1371 706/1394/1372 715/1395/1373
f 715/1395/1373 706/1394/1372 707/1396/1374
f 715/1395/1373 707/1396/1374 714/1397/1375
f 714/1397/1375 707/1396/1374 708/1398/1376
f 714/1397/1375 708/1398/1376 713/1399/1377
f 713/1399/1377 708/1398/1376 709/1400/1378
f 713/1399/1377 709/1400/1378 712/1401/1379
f 712/1401/1379 709/1400/1378 710/1402/1380
f 712/1401/1379 710/1402/1380 711/1403/1381
f 668/1404/1382 667/1405/1383 736/1406/1384
f 736/1406/1384 667/1405/1383 720/1407/1385
f 736/1406/1384 720/1407/1385 735/1408/1386
f 735/1408/1386 720/1407/1385 721/1409/1387
f 735/1408/1386 721/1409/1387 734/1410/1388
f 734/1410/1388 721/1409/1387 722/1411/1389
f 734/1410/1388 722/1411/1389 733/1412/1390
f 733/1412/1390 722/1411/1389 723/1413/1391
f 733/1412/1390 723/1413/1391 732/1414/1392
f 732/1414/1392 723/1413/1391 724/1415/1393
f 732/1414/1392 724/1415/1393 731/1416/1394
f 731/1416/1394 724/1415/1393 725/1417/1395
f 731/1416/1394 725/1417/1395 730/1418/1396
f 730/1418/1396 725/1417/1395 726/1419/1397
f 730/1418/1396 726/1419/1397 729/1420/1398
f 729/1420/1398 726/1419/1397 727/1421/1399
f 729/1420/1398 727/1421/1399 728/1422/1400
f 738/1423/1401 739/1424/1402 737/1425/1403
f 737/1425/1403 739/1424/1402 740/1426/1404
f 737/1427/1405 740/1428/1406 741/1429/1407
f 741/1429/1407 740/1428/1406 742/1430/1408
f 743/1431/1409 744/1432/1410 746/1433/1411
f 746/1433/1411 744/1432/1410 745/1434/1412
f 739/1435/1413 746/1436/1414 740/1437/1415
f 740/1437/1415 746/1436/1414 745/1438/1416
f 747/1439/1417 748/1440/1418 744/1441/1419
f 744/1441/1419 748/1440/1418 745/1442/1420
f 743/1443/1421 746/1444/1422 738/1445/1423
f 738/1445/1423 746/1444/1422 739/1446/1424
f 742/1447/1425 740/1448/1426 750/1449/1427
f 750/1449/1427 740/1448/1426 745/1450/1428
f 750/1449/1427 745/1450/1428 749/1451/1429
f 749/1451/1429 745/1450/1428 748/1452/1430
f 752/1453/1431 784/1454/1432 751/1455/1433
f 751/1455/1433 784/1454/1432 785/1456/1434
f 751/1455/1433 785/1456/1434 783/1457/1435
f 783/1457/1435 785/1456/1434 786/1458/1436
f 783/1457/1435 786/1458/1436 782/1459/1437
f 782/1459/1437 786/1458/1436 787/1460/1438
f 782/1459/1437 787/1460/1438 781/1461/1439
f 781/1461/1439 787/1460/1438 788/1462/1440
f 781/1461/1439 788/1462/1440 780/1463/1441
f 780/1463/1441 788/1462/1440 789/1464/1442
f 780/1463/1441 789/1464/1442 779/1465/1443
f 779/1465/1443 789/1464/1442 790/1466/1444
f 779/1465/1443 790/1466/1444 778/1467/1445
f 778/1467/1445 790/1466/1444 791/1468/1446
f 778/1467/1445 791/1468/1446 777/1469/1447
f 777/1469/1447 791/1468/1446 792/1470/1448
f 777/1469/1447 792/1470/1448 776/1471/1449
f 776/1471/1449 792/1470/1448 793/1472/1450
f 776/1471/1449 793/1472/1450 775/1473/1451
f 775/1473/1451 793/1472/1450 794/1474/1452
f 775/1473/1451 794/1474/1452 774/1475/1453
f 774/1475/1453 794/1474/1452 795/1476/1454
f 774/1475/1453 795/1476/1454 773/1477/1455
f 773/1477/1455 795/1476/1454 796/1478/1456
f 773/1477/1455 796/1478/1456 772/1479/1457
f 772/1479/1457 796/1478/1456 797/1480/1458
f 772/1479/1457 797/1480/1458 771/1481/1459
f 771/1481/1459 797/1480/1458 798/1482/1460
f 771/1481/1459 798/1482/1460 770/1483/1461
f 770/1483/1461 798/1482/1460 799/1484/1462
f 770/1483/1461 799/1484/1462 769/1485/1463
f 769/1485/1463 799/1484/1462 800/1486/1464
f 769/1485/1463 800/1486/1464 768/1487/1465
f 768/1488/1465 800/1489/1464 801/1490/1466
f 768/1488/1465 801/1490/1466 767/1491/1467
f 767/1491/1467 801/1490/1466 802/1492/1468
f 767/1491/1467 802/1492/1468 766/1493/1469
f 766/1493/1469 802/1492/1468 803/1494/1470
f 766/1493/1469 803/1494/1470 765/1495/1471
f 765/1495/1471 803/1494/1470 804/1496/1472
f 765/1495/1471 804/1496/1472 764/1497/1473
f 764/1497/1473 804/1496/1472 805/1498/1474
f 764/1497/1473 805/1498/1474 763/1499/1475
f 763/1499/1475 805/1498/1474 806/1500/1476
f 763/1499/1475 806/1500/1476 762/1501/1477
f 762/1501/1477 806/1500/1476 807/1502/1478
f 762/1501/1477 807/1502/1478 761/1503/1479
f 761/1503/1479 807/1502/1478 808/1504/1480
f 761/1503/1479 808/1504/1480 760/1505/1481
f 760/1505/1481 808/1504/1480 809/1506/1482
f 760/1505/1481 809/1506/1482 759/1507/1483
f 759/1507/1483 809/1506/1482 810/1508/1484
f 759/1507/1483 810/1508/1484 758/1509/1485
f 758/1509/1485 810/1508/1484 811/1510/1486
f 758/1509/1485 811/1510/1486 757/1511/1487
f 757/1511/1487 811/1510/1486 812/1512/1488
f 757/1511/1487 812/1512/1488 756/1513/1489
f 756/1513/1489 812/1512/1488 813/1514/1490
f 756/1513/1489 813/1514/1490 755/1515/1491
f 755/1515/1491 813/1514/1490 814/1516/1492
f 755/1515/1491 814/1516/1492 754/1517/1493
f 754/1517/1493 814/1516/1492 815/1518/1494
f 754/1517/1493 815/1518/1494 753/1519/1495
f 753/1519/1495 815/1518/1494 816/1520/1496
f 753/1519/1495 816/1520/1496 752/1453/1431
f 752/1453/1431 816/1520/1496 784/1454/1432
f 816/1521/1497 857/1522/1498 784/1523/1499
f 784/1523/1499 857/1522/1498 817/1524/1500
f 784/1523/1499 817/1524/1500 818/1525/1501
f 857/1522/1498 816/1521/1497 856/1526/1502
f 856/1526/1502 816/1521/1497 815/1527/1503
f 856/1526/1502 815/1527/1503 855/1528/1504
f 855/1528/1504 815/1527/1503 814/1529/1505
f 855/1528/1504 814/1529/1505 854/1530/1506
f 854/1530/1506 814/1529/1505 813/1531/1507
f 854/1530/1506 813/1531/1507 853/1532/1508
f 853/1532/1508 813/1531/1507 852/1533/1509
f 852/1533/1509 813/1531/1507 812/1534/1510
f 852/1533/1509 812/1534/1510 851/1535/1511
f 851/1535/1511 812/1534/1510 811/1536/1512
f 851/1535/1511 811/1536/1512 850/1537/1513
f 850/1537/1513 811/1536/1512 810/1538/1514
f 850/1537/1513 810/1538/1514 849/1539/1515
f 849/1539/1515 810/1538/1514 809/1540/1516
f 849/1539/1515 809/1540/1516 848/1541/1517
f 848/1541/1517 809/1540/1516 847/1542/1518
f 847/1542/1518 809/1540/1516 808/1543/1519
f 847/1542/1518 808/1543/1519 846/1544/1520
f 846/1544/1520 808/1543/1519 807/1545/1521
f 846/1544/1520 807/1545/1521 845/1546/1522
f 845/1546/1522 807/1545/1521 806/1547/1523
f 845/1546/1522 806/1547/1523 844/1548/1524
f 844/1548/1524 806/1547/1523 805/1549/1525
f 844/1548/1524 805/1549/1525 843/1550/1526
f 843/1550/1526 805/1549/1525 842/1551/1527
f 842/1551/1527 805/1549/1525 804/1552/1528
f 842/1551/1527 804/1552/1528 841/1553/1529
f 841/1553/1529 804/1552/1528 803/1554/1530
f 841/1553/1529 803/1554/1530 840/1555/1531
f 840/1555/1531 803/1554/1530 802/1556/1532
f 840/1555/1531 802/1556/1532 839/1557/1533
f 839/1557/1533 802/1556/1532 801/1558/1534
f 839/1557/1533 801/1558/1534 838/1559/1535
f 838/1559/1535 801/1558/1534 800/1560/1536
f 838/1559/1535 800/1560/1536 837/1561/1537
f 837/1561/1537 800/1560/1536 836/1562/1538
f 836/1562/1538 800/1560/1536 799/1563/1539
f 836/1562/1538 799/1563/1539 835/1564/1540
f 835/1564/1540 799/1563/1539 798/1565/1541
f 835/1564/1540 798/1565/1541 834/1566/1542
f 834/1566/1542 798/1565/1541 797/1567/1543
f 834/1566/1542 797/1567/1543 833/1568/1544
f 833/1568/1544 797/1567/1543 796/1569/1545
f 833/1568/1544 796/1569/1545 832/1570/1546
f 832/1570/1546 796/1569/1545 831/1571/1547
f 831/1571/1547 796/1569/1545 795/1572/1548
f 831/1571/1547 795/1572/1548 830/1573/1549
f 830/1573/1549 795/1572/1548 794/1574/1550
f 830/1573/1549 794/1574/1550 829/1575/1551
f 829/1575/1551 794/1574/1550 793/1576/1552
f 829/1575/1551 793/1576/1552 828/1577/1553
f 828/1577/1553 793/1576/1552 792/1578/1554
f 828/1577/1553 792/1578/1554 827/1579/1555
f 827/1579/1555 792/1578/1554 826/1580/1556
f 826/1580/1556 792/1578/1554 791/1581/1557
f 826/1580/1556 791/1581/1557 825/1582/1558
f 825/1582/1558 791/1581/1557 790/1583/1559
f 825/1582/1558 790/1583/1559 824/1584/1560
f 824/1584/1560 790/1583/1559 789/1585/1561
f 824/1584/1560 789/1585/1561 823/1586/1562
f 823/1586/1562 789/1585/1561 788/1587/1563
f 823/1586/1562 788/1587/1563 822/1588/1564
f 822/1588/1564 788/1587/1563 821/1589/1565
f 821/1589/1565 788/1587/1563 787/1590/1566
f 821/1589/1565 787/1590/1566 820/1591/1567
f 820/1591/1567 787/1590/1566 786/1592/1568
f 820/1591/1567 786/1592/1568 819/1593/1569
f 819/1593/1569 786/1592/1568 785/1594/1570
f 819/1593/1569 785/1594/1570 818/1525/1501
f 818/1525/1501 785/1594/1570 784/1523/1499
f 668/1595/1571 736/1596/1572 669/1597/1573
f 669/1597/1573 736/1596/1572 850/1598/1574
f 669/1597/1573 850/1598/1574 849/1599/1575
f 850/1598/1574 736/1596/1572 851/1600/1576
f 851/1600/1576 736/1596/1572 735/1601/1577
f 851/1600/1576 735/1601/1577 852/1602/1578
f 852/1602/1578 735/1601/1577 734/1603/1579
f 852/1602/1578 734/1603/1579 853/1604/1580
f 853/1604/1580 734/1603/1579 733/1605/1581
f 853/1604/1580 733/1605/1581 854/1606/1582
f 854/1606/1582 733/1605/1581 732/1607/1583
f 854/1606/1582 732/1607/1583 855/1608/1584
f 855/1608/1584 732/1607/1583 731/1609/1585
f 855/1608/1584 731/1609/1585 856/1610/1586
f 856/1610/1586 731/1609/1585 730/1611/1587
f 856/1610/1586 730/1611/1587 857/1612/1588
f 857/1612/1588 730/1611/1587 729/1613/1589
f 857/1612/1588 729/1613/1589 817/1614/1590
f 817/1614/1590 729/1613/1589 728/1615/1591
f 817/1614/1590 728/1615/1591 727/1616/1592
f 817/1614/1590 727/1616/1592 818/1617/1593
f 818/1617/1593 727/1616/1592 726/1618/1594
f 818/1617/1593 726/1618/1594 819/1619/1595
f 819/1619/1595 726/1618/1594 725/1620/1596
f 819/1619/1595 725/1620/1596 820/1621/1597
f 820/1621/1597 725/1620/1596 724/1622/1598
f 820/1621/1597 724/1622/1598 821/1623/1599
f 821/1623/1599 724/1622/1598 723/1624/1600
f 821/1623/1599 723/1624/1600 822/1625/1601
f 822/1625/1601 723/1624/1600 722/1626/1602
f 822/1625/1601 722/1626/1602 823/1627/1603
f 823/1627/1603 722/1626/1602 721/1628/1604
f 823/1627/1603 721/1628/1604 824/1629/1605
f 824/1629/1605 721/1628/1604 720/1630/1606
f 824/1629/1605 720/1630/1606 825/1631/1607
f 825/1631/1607 720/1630/1606 670/1632/1608
f 825/1631/1607 670/1632/1608 826/1633/1609
f 826/1633/1609 670/1632/1608 700/1634/1610
f 826/1633/1609 700/1634/1610 827/1635/1611
f 827/1635/1611 700/1634/1610 699/1636/1612
f 827/1635/1611 699/1636/1612 828/1637/1613
f 828/1637/1613 699/1636/1612 673/1638/1614
f 828/1637/1613 673/1638/1614 829/1639/1615
f 829/1639/1615 673/1638/1614 672/1640/1616
f 829/1639/1615 672/1640/1616 719/1641/1617
f 720/1630/1606 667/1642/1618 670/1632/1608
f 829/1639/1615 719/1641/1617 830/1643/1619
f 830/1643/1619 719/1641/1617 718/1644/1620
f 830/1643/1619 718/1644/1620 831/1645/1621
f 831/1645/1621 718/1644/1620 717/1646/1622
f 831/1645/1621 717/1646/1622 832/1647/1623
f 832/1647/1623 717/1646/1622 716/1648/1624
f 832/1647/1623 716/1648/1624 833/1649/1625
f 833/1649/1625 716/1648/1624 715/1650/1626
f 833/1649/1625 715/1650/1626 834/1651/1627
f 834/1651/1627 715/1650/1626 714/1652/1628
f 834/1651/1627 714/1652/1628 835/1653/1629
f 835/1653/1629 714/1652/1628 713/1654/1630
f 835/1653/1629 713/1654/1630 836/1655/1631
f 836/1655/1631 713/1654/1630 712/1656/1632
f 836/1655/1631 712/1656/1632 837/1657/1633
f 837/1657/1633 712/1656/1632 711/1658/1634
f 837/1657/1633 711/1658/1634 838/1659/1635
f 838/1660/1635 711/1661/1634 710/1662/1636
f 838/1660/1635 710/1662/1636 839/1663/1637
f 839/1663/1637 710/1662/1636 709/1664/1638
f 839/1663/1637 709/1664/1638 840/1665/1639
f 840/1665/1639 709/1664/1638 708/1666/1640
f 840/1665/1639 708/1666/1640 841/1667/1641
f 841/1667/1641 708/1666/1640 707/1668/1642
f 841/1667/1641 707/1668/1642 842/1669/1643
f 842/1669/1643 707/1668/1642 706/1670/1644
f 842/1669/1643 706/1670/1644 843/1671/1645
f 843/1671/1645 706/1670/1644 705/1672/1646
f 843/1671/1645 705/1672/1646 844/1673/1647
f 844/1673/1647 705/1672/1646 704/1674/1648
f 844/1673/1647 704/1674/1648 845/1675/1649
f 845/1675/1649 704/1674/1648 703/1676/1650
f 845/1675/1649 703/1676/1650 846/1677/1651
f 846/1677/1651 703/1676/1650 671/1678/1652
f 846/1677/1651 671/1678/1652 674/1679/1653
f 846/1677/1651 674/1679/1653 847/1680/1654
f 847/1680/1654 674/1679/1653 702/1681/1655
f 847/1680/1654 702/1681/1655 848/1682/1656
f 848/1682/1656 702/1681/1655 701/1683/1657
f 848/1682/1656 701/1683/1657 849/1599/1575
f 849/1599/1575 701/1683/1657 669/1597/1573
f 698/1684/1658 874/1685/1659 675/1686/1660
f 675/1687/1660 874/1688/1659 875/1689/1661
f 675/1687/1660 875/1689/1661 676/1690/1662
f 676/1690/1662 875/1689/1661 876/1691/1663
f 676/1690/1662 876/1691/1663 677/1692/1664
f 677/1692/1664 876/1691/1663 877/1693/1665
f 677/1692/1664 877/1693/1665 678/1694/1666
f 678/1694/1666 877/1693/1665 878/1695/1667
f 678/1694/1666 878/1695/1667 679/1696/1668
f 679/1696/1668 878/1695/1667 741/1697/1669
f 679/1696/1668 741/1697/1669 742/1698/1670
f 874/1685/1659 698/1684/1658 873/1699/1671
f 873/1699/1671 698/1684/1658 697/1700/1672
f 873/1699/1671 697/1700/1672 872/1701/1673
f 872/1701/1673 697/1700/1672 696/1702/1674
f 872/1701/1673 696/1702/1674 871/1703/1675
f 871/1703/1675 696/1702/1674 695/1704/1676
f 871/1703/1675 695/1704/1676 870/1705/1677
f 870/1705/1677 695/1704/1676 694/1706/1678
f 870/1705/1677 694/1706/1678 869/1707/1679
f 869/1707/1679 694/1706/1678 693/1708/1680
f 869/1707/1679 693/1708/1680 868/1709/1681
f 868/1709/1681 693/1708/1680 867/1710/1682
f 867/1710/1682 693/1708/1680 692/1711/1683
f 867/1710/1682 692/1711/1683 866/1712/1684
f 866/1712/1684 692/1711/1683 691/1713/1685
f 866/1712/1684 691/1713/1685 865/1714/1686
f 865/1714/1686 691/1713/1685 690/1715/1687
f 865/1714/1686 690/1715/1687 864/1716/1688
f 864/1716/1688 690/1715/1687 689/1717/1689
f 864/1716/1688 689/1717/1689 863/1718/1690
f 863/1718/1690 689/1717/1689 688/1719/1691
f 863/1718/1690 688/1719/1691 862/1720/1692
f 862/1720/1692 688/1719/1691 687/1721/1693
f 862/1720/1692 687/1721/1693 861/1722/1694
f 861/1722/1694 687/1721/1693 686/1723/1695
f 861/1722/1694 686/1723/1695 860/1724/1696
f 860/1724/1696 686/1723/1695 685/1725/1697
f 860/1724/1696 685/1725/1697 859/1726/1698
f 859/1726/1698 685/1725/1697 684/1727/1699
f 859/1726/1698 684/1727/1699 858/1728/1700
f 858/1728/1700 684/1727/1699 683/1729/1701
f 858/1728/1700 683/1729/1701 747/1730/1702
f 747/1730/1702 683/1729/1701 748/1731/1703
f 748/1731/1703 683/1729/1701 682/1732/1704
f 748/1731/1703 682/1732/1704 749/1733/1705
f 749/1733/1705 682/1732/1704 681/1734/1706
f 749/1733/1705 681/1734/1706 750/1735/1707
f 750/1735/1707 681/1734/1706 680/1736/1708
f 750/1735/1707 680/1736/1708 742/1698/1670
f 742/1698/1670 680/1736/1708 679/1696/1668
f 741/1737/1709 878/1738/1710 737/1739/1711
f 737/1739/1711 878/1738/1710 763/1740/1712
f 737/1739/1711 763/1740/1712 762/1741/1713
f 878/1738/1710 877/1742/1714 763/1740/1712
f 763/1740/1712 877/1742/1714 764/1743/1715
f 764/1743/1715 877/1742/1714 876/1744/1716
f 764/1743/1715 876/1744/1716 765/1745/1717
f 765/1745/1717 876/1744/1716 766/1746/1718
f 766/1746/1718 876/1744/1716 875/1747/1719
f 766/1746/1718 875/1747/1719 767/1748/1720
f 767/1748/1720 875/1747/1719 874/1749/1721
f 767/1748/1720 874/1749/1721 768/1750/1722
f 768/1750/1722 874/1749/1721 873/1751/1723
f 768/1750/1722 873/1751/1723 769/1752/1724
f 769/1752/1724 873/1751/1723 770/1753/1725
f 770/1753/1725 873/1751/1723 872/1754/1726
f 770/1753/1725 872/1754/1726 771/1755/1727
f 771/1755/1727 872/1754/1726 871/1756/1728
f 771/1755/1727 871/1756/1728 772/1757/1729
f 772/1757/1729 871/1756/1728 870/1758/1730
f 772/1757/1729 870/1758/1730 773/1759/1731
f 773/1759/1731 870/1758/1730 774/1760/1732
f 774/1760/1732 870/1758/1730 869/1761/1733
f 774/1760/1732 869/1761/1733 775/1762/1734
f 775/1762/1734 869/1761/1733 868/1763/1735
f 775/1762/1734 868/1763/1735 776/1764/1736
f 776/1764/1736 868/1763/1735 867/1765/1737
f 776/1764/1736 867/1765/1737 777/1766/1738
f 777/1766/1738 867/1765/1737 778/1767/1739
f 778/1767/1739 867/1765/1737 866/1768/1740
f 778/1767/1739 866/1768/1740 779/1769/1741
f 779/1769/1741 866/1768/1740 865/1770/1742
f 779/1769/1741 865/1770/1742 780/1771/1743
f 780/1771/1743 865/1770/1742 864/1772/1744
f 780/1771/1743 864/1772/1744 781/1773/1745
f 781/1773/1745 864/1772/1744 782/1774/1746
f 782/1774/1746 864/1772/1744 863/1775/1747
f 782/1774/1746 863/1775/1747 783/1776/1748
f 783/1776/1748 863/1775/1747 862/1777/1749
f 783/1776/1748 862/1777/1749 751/1778/1750
f 751/1778/1750 862/1777/1749 752/1779/1751
f 752/1779/1751 862/1777/1749 861/1780/1752
f 752/1779/1751 861/1780/1752 753/1781/1753
f 753/1781/1753 861/1780/1752 860/1782/1754
f 753/1781/1753 860/1782/1754 754/1783/1755
f 754/1783/1755 860/1782/1754 859/1784/1756
f 754/1783/1755 859/1784/1756 755/1785/1757
f 755/1785/1757 859/1784/1756 756/1786/1758
f 756/1786/1758 859/1784/1756 858/1787/1759
f 756/1786/1758 858/1787/1759 744/1788/1760
f 744/1788/1760 858/1787/1759 747/1789/1761
f 756/1786/1758 744/1788/1760 757/1790/1762
f 757/1790/1762 744/1788/1760 743/1791/1763
f 757/1790/1762 743/1791/1763 758/1792/1764
f 758/1792/1764 743/1791/1763 759/1793/1765
f 759/1793/1765 743/1791/1763 738/1794/1766
f 759/1793/1765 738/1794/1766 760/1795/1767
f 760/1795/1767 738/1794/1766 761/1796/1768
f 761/1796/1768 738/1794/1766 762/1741/1713
f 762/1741/1713 738/1794/1766 737/1739/1711
g Body1:5

v 5.900000 -0.000000 -0.939712
v 5.900000 0.129410 -0.922675
v 5.900000 0.250000 -0.872725
v 5.900000 0.353553 -0.793266
v 5.900000 0.433013 -0.689712
v 5.900000 0.482963 -0.569122
v 5.900000 0.500000 -0.439712
v 5.900000 0.482963 -0.310303
v 5.900000 0.433013 -0.189712
v 5.900000 0.353553 -0.086159
v 5.900000 0.250000 -0.006699
v 5.900000 0.129410 0.043251
v 5.900000 0.000000 0.060288
v 5.900000 -0.129410 0.043251
v 5.900000 -0.250000 -0.006699
v 5.900000 -0.353553 -0.086159
v 5.900000 -0.433013 -0.189712
v 5.900000 -0.482963 -0.310303
v 5.900000 -0.500000 -0.439712
v 5.900000 -0.482963 -0.569122
v 5.900000 -0.433013 -0.689712
v 5.900000 -0.353553 -0.793266
v 5.900000 -0.250000 -0.872725
v 5.900000 -0.129410 -0.922675
v 5.200000 0.000000 -0.939712
v 5.200000 -0.129410 -0.922675
v 5.200000 -0.250000 -0.872725
v 5.200000 -0.353553 -0.793266
v 5.200000 -0.433013 -0.689712
v 5.200000 -0.482963 -0.569122
v 5.200000 -0.500000 -0.439712
v 5.200000 -0.482963 -0.310303
v 5.200000 -0.433013 -0.189712
v 5.200000 -0.353553 -0.086159
v 5.200000 -0.250000 -0.006699
v 5.200000 -0.129410 0.043251
v 5.200000 0.000000 0.060288
v 5.200000 0.129410 0.043251
v 5.200000 0.250000 -0.006699
v 5.200000 0.353553 -0.086159
v 5.200000 0.433013 -0.189712
v 5.200000 0.482963 -0.310303
v 5.200000 0.500000 -0.439712
v 5.200000 0.482963 -0.569122
v 5.200000 0.433013 -0.689712
v 5.200000 0.353553 -0.793266
v 5.200000 0.250000 -0.872725
v 5.200000 0.129410 -0.922675
v -4.600000 0.500000 -0.000000
v -4.600000 0.482963 0.129410
v -4.600000 0.433013 0.250000
v -4.600000 0.353553 0.353553
v -4.600000 0.250000 0.433013
v -4.600000 0.129410 0.482963
v -4.600000 -0.000000 0.500000
v -4.600000 -0.129410 0.482963
v -4.600000 -0.250000 0.433013
v -4.600000 -0.353553 0.353553
v -4.600000 -0.433013 0.250000
v -4.600000 -0.482963 0.129410
v -4.600000 -0.500000 0.000000
v -4.600000 -0.482963 -0.129410
v -4.600000 -0.433013 -0.250000
v -4.600000 -0.353553 -0.353553
v -4.600000 -0.250000 -0.433013
v -4.600000 -0.129410 -0.482963
v -4.600000 -0.000000 -0.500000
v -4.600000 0.129410 -0.482963
v -4.600000 0.250000 -0.433013
v -4.600000 0.353553 -0.353553
v -4.600000 0.433013 -0.250000
v -4.600000 0.482963 -0.129410
v -5.300000 0.500000 0.000000
v -5.300000 0.482963 -0.129410
v -5.300000 0.433013 -0.250000
v -5.300000 0.353553 -0.353553
v -5.300000 0.250000 -0.433013
v -5.300000 0.129410 -0.482963
v -5.300000 -0.000000 -0.500000
v -5.300000 -0.129410 -0.482963
v -5.300000 -0.250000 -0.433013
v -5.300000 -0.353553 -0.353553
v -5.300000 -0.433013 -0.250000
v -5.300000 -0.482963 -0.129410
v -5.300000 -0.500000 0.000000
v -5.300000 -0.482963 0.129410
v -5.300000 -0.433013 0.250000
v -5.300000 -0.353553 0.353553
v -5.300000 -0.250000 0.433013
v -5.300000 -0.129410 0.482963
v -5.300000 -0.000000 0.500000
v -5.300000 0.129410 0.482963
v -5.300000 0.250000 0.433013
v -5.300000 0.353553 0.353553
v -5.300000 0.433013 0.250000
v -5.300000 0.482963 0.129410
v -4.600000 1.000000 3.700000
v -4.600000 2.000000 2.700000
v -5.300000 2.000000 2.700000
v -5.300000 1.000000 3.700000
v -4.600000 2.000000 -4.400000
v -4.572741 2.000000 -4.607055
v -4.492820 2.000000 -4.800000
v -4.365685 2.000000 -4.965685
v -4.200000 2.000000 -5.092820
v -4.007055 2.000000 -5.172741
v -3.800000 2.000000 -5.200000
v 4.400000 2.000000 -5.200000
v 4.607055 2.000000 -5.172741
v 4.800000 2.000000 -5.092820
v 4.965685 2.000000 -4.965685
v 5.092820 2.000000 -4.800000
v 5.172741 2.000000 -4.607055
v 5.200000 2.000000 -4.400000
v 5.200000 2.000000 2.260288
v 5.900000 2.000000 2.260288
v 5.900000 2.000000 -4.400000
v 5.848889 2.000000 -4.788229
v 5.699038 2.000000 -5.150000
v 5.460660 2.000000 -5.460660
v 5.150000 2.000000 -5.699038
v 4.788229 2.000000 -5.848889
v 4.400000 2.000000 -5.900000
v -3.800000 2.000000 -5.900000
v -4.188229 2.000000 -5.848889
v -4.550000 2.000000 -5.699038
v -4.860660 2.000000 -5.460660
v -5.099038 2.000000 -5.150000
v -5.248889 2.000000 -4.788229
v -5.300000 2.000000 -4.400000
v -4.600000 -1.000000 3.700000
v -4.600000 -2.000000 2.700000
v -4.600000 -2.000000 -4.400000
v -5.300000 -1.000000 3.700000
v -5.300000 -2.000000 2.700000
v -5.300000 -2.000000 -4.400000
v -5.248889 -2.000000 -4.788229
v -5.099038 -2.000000 -5.150000
v -4.860660 -2.000000 -5.460660
v -4.550000 -2.000000 -5.699038
v -4.188229 -2.000000 -5.848889
v -3.800000 -2.000000 -5.900000
v 4.400000 -2.000000 -5.900000
v 4.788229 -2.000000 -5.848889
v 5.150000 -2.000000 -5.699038
v 5.460660 -2.000000 -5.460660
v 5.699038 -2.000000 -5.150000
v 5.848889 -2.000000 -4.788229
v 5.900000 -2.000000 -4.400000
v 5.900000 -2.000000 2.260288
v 5.200000 -2.000000 2.260288
v 5.200000 -2.000000 -4.400000
v 5.172741 -2.000000 -4.607055
v 5.092820 -2.000000 -4.800000
v 4.965685 -2.000000 -4.965685
v 4.800000 -2.000000 -5.092820
v 4.607055 -2.000000 -5.172741
v 4.400000 -2.000000 -5.200000
v -3.800000 -2.000000 -5.200000
v -4.007055 -2.000000 -5.172741
v -4.200000 -2.000000 -5.092820
v -4.365685 -2.000000 -4.965685
v -4.492820 -2.000000 -4.800000
v -4.572741 -2.000000 -4.607055
v 5.900000 1.000000 3.260288
v 5.200000 1.000000 3.260288
v 5.900000 -1.000000 3.260288
v 5.200000 -1.000000 3.260288
vt 1.700000 -1.439897 0.000000
vt 1.000000 -1.439897 0.000000
vt 1.700000 -1.570796 0.000000
vt 1.000000 -1.570796 0.000000
vt 1.700000 1.570796 0.000000
vt 1.000000 1.570796 0.000000
vt 1.700000 1.439897 0.000000
vt 1.000000 1.439897 0.000000
vt 1.700000 1.308997 0.000000
vt 1.000000 1.308997 0.000000
vt 1.700000 1.178097 0.000000
vt 1.000000 1.178097 0.000000
vt 1.700000 1.047198 0.000000
vt 1.000000 1.047198 0.000000
vt 1.700000 0.916298 0.000000
vt 1.000000 0.916298 0.000000
vt 1.700000 0.785398 0.000000
vt 1.000000 0.785398 0.000000
vt 1.700000 0.654498 0.000000
vt 1.000000 0.654498 0.000000
vt 1.700000 0.523599 0.000000
vt 1.000000 0.523599 0.000000
vt 1.700000 0.392699 0.000000
vt 1.000000 0.392699 0.000000
vt 1.700000 0.261799 0.000000
vt 1.000000 0.261799 0.000000
vt 1.700000 0.130900 0.000000
vt 1.000000 0.130900 0.000000
vt 1.700000 0.000000 0.000000
vt 1.000000 0.000000 0.000000
vt 1.700000 -0.130900 0.000000
vt 1.000000 -0.130900 0.000000
vt 1.700000 -0.261799 0.000000
vt 1.000000 -0.261799 0.000000
vt 1.700000 -0.392699 0.000000
vt 1.000000 -0.392699 0.000000
vt 1.700000 -0.523599 0.000000
vt 1.000000 -0.523599 0.000000
vt 1.700000 -0.654498 0.000000
vt 1.000000 -0.654498 0.000000
vt 1.700000 -0.785398 0.000000
vt 1.000000 -0.785398 0.000000
vt 1.700000 -0.916298 0.000000
vt 1.000000 -0.916298 0.000000
vt 1.700000 -1.047198 0.000000
vt 1.000000 -1.047198 0.000000
vt 1.700000 -1.178097 0.000000
vt 1.000000 -1.178097 0.000000
vt 1.700000 -1.308997 0.000000
vt 1.000000 -1.308997 0.000000
vt 1.000000 1.439897 0.000000
vt 1.700000 1.439897 0.000000
vt 1.000000 1.570796 0.000000
vt 1.700000 1.570796 0.000000
vt 1.000000 -1.570796 0.000000
vt 1.700000 -1.570796 0.000000
vt 1.000000 -1.439897 0.000000
vt 1.700000 -1.439897 0.000000
vt 1.000000 -1.308997 0.000000
vt 1.700000 -1.308997 0.000000
vt 1.000000 -1.178097 0.000000
vt 1.700000 -1.178097 0.000000
vt 1.000000 -1.047198 0.000000
vt 1.700000 -1.047198 0.000000
vt 1.000000 -0.916298 0.000000
vt 1.700000 -0.916298 0.000000
vt 1.000000 -0.785398 0.000000
vt 1.700000 -0.785398 0.000000
vt 1.000000 -0.654498 0.000000
vt 1.700000 -0.654498 0.000000
vt 1.000000 -0.523599 0.000000
vt 1.700000 -0.523599 0.000000
vt 1.000000 -0.392699 0.000000
vt 1.700000 -0.392699 0.000000
vt 1.000000 -0.261799 0.000000
vt 1.700000 -0.261799 0.000000
vt 1.000000 -0.130900 0.000000
vt 1.700000 -0.130900 0.000000
vt 1.000000 0.000000 0.000000
vt 1.700000 0.000000 0.000000
vt 1.000000 0.130900 0.000000
vt 1.700000 0.130900 0.000000
vt 1.000000 0.261799 0.000000
vt 1.700000 0.261799 0.000000
vt 1.000000 0.392699 0.000000
vt 1.700000 0.392699 0.000000
vt 1.000000 0.523599 0.000000
vt 1.700000 0.523599 0.000000
vt 1.000000 0.654498 0.000000
vt 1.700000 0.654498 0.000000
vt 1.000000 0.785398 0.000000
vt 1.700000 0.785398 0.000000
vt 1.000000 0.916298 0.000000
vt 1.700000 0.916298 0.000000
vt 1.000000 1.047198 0.000000
vt 1.700000 1.047198 0.000000
vt 1.000000 1.178097 0.000000
vt 1.700000 1.178097 0.000000
vt 1.000000 1.308997 0.000000
vt 1.700000 1.308997 0.000000
vt -2.100000 0.707107 0.000000
vt -2.800000 0.707107 0.000000
vt -2.100000 -0.707107 0.000000
vt -2.800000 -0.707107 0.000000
vt -5.600000 -3.800000 0.000000
vt -4.900000 -3.800000 0.000000
vt -5.600000 3.300000 0.000000
vt -4.900000 3.300000 0.000000
vt -4.872741 3.507055 0.000000
vt -5.548889 3.688229 0.000000
vt -4.792820 3.700000 0.000000
vt -5.399038 4.050000 0.000000
vt -4.665685 3.865685 0.000000
vt -5.160660 4.360660 0.000000
vt -4.500000 3.992820 0.000000
vt -4.850000 4.599038 0.000000
vt -4.307055 4.072741 0.000000
vt -4.488229 4.748889 0.000000
vt -4.100000 4.100000 0.000000
vt -4.100000 4.800000 0.000000
vt 4.100000 4.100000 0.000000
vt 4.100000 4.800000 0.000000
vt 4.488229 4.748889 0.000000
vt 4.307055 4.072741 0.000000
vt 4.850000 4.599038 0.000000
vt 4.500000 3.992820 0.000000
vt 5.160660 4.360660 0.000000
vt 4.665685 3.865685 0.000000
vt 5.399038 4.050000 0.000000
vt 4.792820 3.700000 0.000000
vt 5.548889 3.688229 0.000000
vt 4.872741 3.507055 0.000000
vt 5.600000 3.300000 0.000000
vt 4.900000 3.300000 0.000000
vt 5.600000 -3.360288 0.000000
vt 4.900000 -3.360288 0.000000
vt 3.829410 0.482963 0.000000
vt 8.100000 2.000000 0.000000
vt 3.700000 0.500000 0.000000
vt 1.000000 2.000000 0.000000
vt 3.570590 0.482963 0.000000
vt 3.450000 0.433013 0.000000
vt 0.000000 1.000000 0.000000
vt 3.346447 0.353553 0.000000
vt 3.266987 0.250000 0.000000
vt 3.217037 0.129410 0.000000
vt 3.200000 -0.000000 0.000000
vt -0.000000 -1.000000 0.000000
vt 3.217037 -0.129410 0.000000
vt 3.266987 -0.250000 0.000000
vt 3.346447 -0.353553 0.000000
vt 3.450000 -0.433013 0.000000
vt 1.000000 -2.000000 0.000000
vt 3.570590 -0.482963 0.000000
vt 3.700000 -0.500000 0.000000
vt 8.100000 -2.000000 0.000000
vt 3.829410 -0.482963 0.000000
vt 3.950000 -0.433013 0.000000
vt 4.053553 -0.353553 0.000000
vt 4.133013 -0.250000 0.000000
vt 4.182963 -0.129410 0.000000
vt 4.200000 -0.000000 0.000000
vt 4.182963 0.129410 0.000000
vt 4.133013 0.250000 0.000000
vt 4.053553 0.353553 0.000000
vt 3.950000 0.433013 0.000000
vt -2.800000 -0.707107 0.000000
vt -2.100000 -0.707107 0.000000
vt -2.800000 0.707107 0.000000
vt -2.100000 0.707107 0.000000
vt 4.900000 -3.800000 0.000000
vt 5.600000 -3.800000 0.000000
vt 4.900000 3.300000 0.000000
vt 5.600000 3.300000 0.000000
vt 4.872741 3.507055 0.000000
vt 5.548889 3.688229 0.000000
vt 4.792820 3.700000 0.000000
vt 5.399038 4.050000 0.000000
vt 4.665685 3.865685 0.000000
vt 5.160660 4.360660 0.000000
vt 4.500000 3.992820 0.000000
vt 4.850000 4.599038 0.000000
vt 4.307055 4.072741 0.000000
vt 4.488229 4.748889 0.000000
vt 4.100000 4.100000 0.000000
vt 4.100000 4.800000 0.000000
vt -4.100000 4.800000 0.000000
vt -4.100000 4.100000 0.000000
vt -4.488229 4.748889 0.000000
vt -4.307055 4.072741 0.000000
vt -4.850000 4.599038 0.000000
vt -4.500000 3.992820 0.000000
vt -5.160660 4.360660 0.000000
vt -4.665685 3.865685 0.000000
vt -5.399038 4.050000 0.000000
vt -4.792820 3.700000 0.000000
vt -5.548889 3.688229 0.000000
vt -4.872741 3.507055 0.000000
vt -5.600000 3.300000 0.000000
vt -4.900000 3.300000 0.000000
vt -4.900000 -3.360288 0.000000
vt -5.600000 -3.360288 0.000000
vt 3.150000 0.707107 0.000000
vt 2.450000 0.707107 0.000000
vt 3.150000 -0.707107 0.000000
vt 2.450000 -0.707107 0.000000
vt 4.182963 -0.129410 0.000000
vt 7.660288 -2.000000 0.000000
vt 4.200000 -0.000000 0.000000
vt 7.660288 2.000000 0.000000
vt 4.182963 0.129410 0.000000
vt 4.133013 0.250000 0.000000
vt 4.053553 0.353553 0.000000
vt 3.950000 0.433013 0.000000
vt 3.829410 0.482963 0.000000
vt 3.700000 0.500000 0.000000
vt 1.000000 2.000000 0.000000
vt 3.570590 0.482963 0.000000
vt 3.450000 0.433013 0.000000
vt 0.000000 1.000000 0.000000
vt 3.346447 0.353553 0.000000
vt 3.266987 0.250000 0.000000
vt 3.217037 0.129410 0.000000
vt 3.200000 0.000000 0.000000
vt 0.000000 -1.000000 0.000000
vt 3.217037 -0.129410 0.000000
vt 3.266987 -0.250000 0.000000
vt 3.346447 -0.353553 0.000000
vt 3.450000 -0.433013 0.000000
vt 1.000000 -2.000000 0.000000
vt 3.570590 -0.482963 0.000000
vt 3.700000 -0.500000 0.000000
vt 3.829410 -0.482963 0.000000
vt 3.950000 -0.433013 0.000000
vt 4.053553 -0.353553 0.000000
vt 4.133013 -0.250000 0.000000
vt 3.150000 0.707107 0.000000
vt 2.450000 0.707107 0.000000
vt 3.150000 -0.707107 0.000000
vt 2.450000 -0.707107 0.000000
vt 0.700000 1.000000 0.000000
vt 0.000000 1.000000 0.000000
vt 0.700000 -1.000000 0.000000
vt 0.000000 -1.000000 0.000000
vt 3.477325 0.129410 0.000000
vt 0.000000 2.000000 0.000000
vt 3.460288 0.000000 0.000000
vt 0.000000 -2.000000 0.000000
vt 3.477325 -0.129410 0.000000
vt 3.527275 -0.250000 0.000000
vt 3.606734 -0.353553 0.000000
vt 3.710288 -0.433013 0.000000
vt 3.830878 -0.482963 0.000000
vt 3.960288 -0.500000 0.000000
vt 6.660288 -2.000000 0.000000
vt 4.089697 -0.482963 0.000000
vt 4.210288 -0.433013 0.000000
vt 7.660288 -1.000000 0.000000
vt 4.313841 -0.353553 0.000000
vt 4.393301 -0.250000 0.000000
vt 4.443251 -0.129410 0.000000
vt 4.460288 0.000000 0.000000
vt 7.660288 1.000000 0.000000
vt 4.443251 0.129410 0.000000
vt 4.393301 0.250000 0.000000
vt 4.313841 0.353553 0.000000
vt 4.210288 0.433013 0.000000
vt 6.660288 2.000000 0.000000
vt 4.089697 0.482963 0.000000
vt 3.960288 0.500000 0.000000
vt 3.830878 0.482963 0.000000
vt 3.710288 0.433013 0.000000
vt 3.606734 0.353553 0.000000
vt 3.527275 0.250000 0.000000
vt -2.000000 0.000000 0.000000
vt 2.000000 0.000000 0.000000
vt -2.000000 0.209440 0.000000
vt 2.000000 0.209440 0.000000
vt -2.000000 0.418879 0.000000
vt 2.000000 0.418879 0.000000
vt -2.000000 0.628319 0.000000
vt 2.000000 0.628319 0.000000
vt -2.000000 0.837758 0.000000
vt 2.000000 0.837758 0.000000
vt -2.000000 1.047198 0.000000
vt 2.000000 1.047198 0.000000
vt -2.000000 1.256637 0.000000
vt 2.000000 1.256637 0.000000
vt 8.200000 2.000000 0.000000
vt 0.000000 2.000000 0.000000
vt 8.200000 -2.000000 0.000000
vt 0.000000 -2.000000 0.000000
vt -2.000000 -0.000000 0.000000
vt 2.000000 -0.000000 0.000000
vt -2.000000 0.209440 0.000000
vt 2.000000 0.209440 0.000000
vt -2.000000 0.418879 0.000000
vt 2.000000 0.418879 0.000000
vt -2.000000 0.628319 0.000000
vt 2.000000 0.628319 0.000000
vt -2.000000 0.837758 0.000000
vt 2.000000 0.837758 0.000000
vt -2.000000 1.047198 0.000000
vt 2.000000 1.047198 0.000000
vt -2.000000 1.256637 0.000000
vt 2.000000 1.256637 0.000000
vt 0.700000 1.000000 0.000000
vt 0.000000 1.000000 0.000000
vt 0.700000 -1.000000 0.000000
vt 0.000000 -1.000000 0.000000
vt 4.529410 0.482963 0.000000
vt 7.100000 2.000000 0.000000
vt 4.400000 0.500000 0.000000
vt -0.000000 2.000000 0.000000
vt 4.270590 0.482963 0.000000
vt 4.150000 0.433013 0.000000
vt 4.046447 0.353553 0.000000
vt 3.966987 0.250000 0.000000
vt 3.917037 0.129410 0.000000
vt 3.900000 -0.000000 0.000000
vt -0.000000 -2.000000 0.000000
vt 3.917037 -0.129410 0.000000
vt 3.966987 -0.250000 0.000000
vt 4.046447 -0.353553 0.000000
vt 4.150000 -0.433013 0.000000
vt 4.270590 -0.482963 0.000000
vt 4.400000 -0.500000 0.000000
vt 7.100000 -2.000000 0.000000
vt 4.529410 -0.482963 0.000000
vt 4.650000 -0.433013 0.000000
vt 8.100000 -1.000000 0.000000
vt 4.753553 -0.353553 0.000000
vt 4.833013 -0.250000 0.000000
vt 4.882963 -0.129410 0.000000
vt 4.900000 -0.000000 0.000000
vt 8.100000 1.000000 0.000000
vt 4.882963 0.129410 0.000000
vt 4.833013 0.250000 0.000000
vt 4.753553 0.353553 0.000000
vt 4.650000 0.433013 0.000000
vt 2.000000 2.356194 0.000000
vt -2.000000 2.356194 0.000000
vt 2.000000 1.963495 0.000000
vt -2.000000 1.963495 0.000000
vt 2.000000 1.570796 0.000000
vt -2.000000 1.570796 0.000000
vt 2.000000 1.178097 0.000000
vt -2.000000 1.178097 0.000000
vt 2.000000 0.785398 0.000000
vt -2.000000 0.785398 0.000000
vt 2.000000 0.392699 0.000000
vt -2.000000 0.392699 0.000000
vt 2.000000 -0.000000 0.000000
vt -2.000000 -0.000000 0.000000
vt 8.200000 2.000000 0.000000
vt 0.000000 2.000000 0.000000
vt 8.200000 -2.000000 0.000000
vt 0.000000 -2.000000 0.000000
vt 2.000000 2.356194 0.000000
vt -2.000000 2.356194 0.000000
vt 2.000000 1.963495 0.000000
vt -2.000000 1.963495 0.000000
vt 2.000000 1.570796 0.000000
vt -2.000000 1.570796 0.000000
vt 2.000000 1.178097 0.000000
vt -2.000000 1.178097 0.000000
vt 2.000000 0.785398 0.000000
vt -2.000000 0.785398 0.000000
vt 2.000000 0.392699 0.000000
vt -2.000000 0.392699 0.000000
vt 2.000000 0.000000 0.000000
vt -2.000000 0.000000 0.000000
vn 0.000000 -0.258819 0.965926
vn 0.000000 -0.258819 0.965926
vn 0.000000 -0.000000 1.000000
vn 0.000000 -0.000000 1.000000
vn 0.000000 0.258819 0.965926
vn 0.000000 0.258819 0.965926
vn 0.000000 0.500000 0.866025
vn 0.000000 0.500000 0.866025
vn 0.000000 0.707107 0.707107
vn 0.000000 0.707107 0.707107
vn 0.000000 0.866025 0.500000
vn 0.000000 0.866025 0.500000
vn 0.000000 0.965926 0.258819
vn 0.000000 0.965926 0.258819
vn -0.000000 1.000000 -0.000000
vn -0.000000 1.000000 -0.000000
vn -0.000000 0.965926 -0.258819
vn -0.000000 0.965926 -0.258819
vn -0.000000 0.866025 -0.500000
vn -0.000000 0.866025 -0.500000
vn -0.000000 0.707107 -0.707107
vn -0.000000 0.707107 -0.707107
vn -0.000000 0.500000 -0.866025
vn -0.000000 0.500000 -0.866025
vn -0.000000 0.258819 -0.965926
vn -0.000000 0.258819 -0.965926
vn -0.000000 -0.000000 -1.000000
vn -0.000000 -0.000000 -1.000000
vn -0.000000 -0.258819 -0.965926
vn -0.000000 -0.258819 -0.965926
vn -0.000000 -0.500000 -0.866025
vn -0.000000 -0.500000 -0.866025
vn -0.000000 -0.707107 -0.707107
vn -0.000000 -0.707107 -0.707107
vn -0.000000 -0.866025 -0.500000
vn -0.000000 -0.866025 -0.500000
vn -0.000000 -0.965926 -0.258819
vn -0.000000 -0.965926 -0.258819
vn -0.000000 -1.000000 0.000000
vn -0.000000 -1.000000 0.000000
vn 0.000000 -0.965926 0.258819
vn 0.000000 -0.965926 0.258819
vn 0.000000 -0.866025 0.500000
vn 0.000000 -0.866025 0.500000
vn 0.000000 -0.707107 0.707107
vn 0.000000 -0.707107 0.707107
vn 0.000000 -0.500000 0.866025
vn 0.000000 -0.500000 0.866025
vn -0.000000 -0.965926 -0.258819
vn -0.000000 -0.965926 -0.258819
vn -0.000000 -1.000000 -0.000000
vn -0.000000 -1.000000 -0.000000
vn -0.000000 -0.965926 0.258819
vn -0.000000 -0.965926 0.258819
vn -0.000000 -0.866025 0.500000
vn -0.000000 -0.866025 0.500000
vn -0.000000 -0.707107 0.707107
vn -0.000000 -0.707107 0.707107
vn -0.000000 -0.500000 0.866025
vn -0.000000 -0.500000 0.866025
vn -0.000000 -0.258819 0.965926
vn -0.000000 -0.258819 0.965926
vn -0.000000 0.000000 1.000000
vn -0.000000 0.000000 1.000000
vn -0.000000 0.258819 0.965926
vn -0.000000 0.258819 0.965926
vn -0.000000 0.500000 0.866025
vn -0.000000 0.500000 0.866025
vn -0.000000 0.707107 0.707107
vn -0.000000 0.707107 0.707107
vn -0.000000 0.866025 0.500000
vn -0.000000 0.866025 0.500000
vn -0.000000 0.965926 0.258819
vn -0.000000 0.965926 0.258819
vn -0.000000 1.000000 -0.000000
vn -0.000000 1.000000 -0.000000
vn -0.000000 0.965926 -0.258819
vn -0.000000 0.965926 -0.258819
vn -0.000000 0.866025 -0.500000
vn -0.000000 0.866025 -0.500000
vn -0.000000 0.707107 -0.707107
vn -0.000000 0.707107 -0.707107
vn -0.000000 0.500000 -0.866025
vn -0.000000 0.500000 -0.866025
vn -0.000000 0.258819 -0.965926
vn -0.000000 0.258819 -0.965926
vn -0.000000 0.000000 -1.000000
vn -0.000000 0.000000 -1.000000
vn -0.000000 -0.258819 -0.965926
vn -0.000000 -0.258819 -0.965926
vn -0.000000 -0.500000 -0.866025
vn -0.000000 -0.500000 -0.866025
vn -0.000000 -0.707107 -0.707107
vn -0.000000 -0.707107 -0.707107
vn -0.000000 -0.866025 -0.500000
vn -0.000000 -0.866025 -0.500000
vn 0.000000 0.707107 0.707107
vn 0.000000 0.707107 0.707107
vn 0.000000 0.707107 0.707107
vn 0.000000 0.707107 0.707107
vn 0.000000 1.000000 0.000000
vn 0.000000 1.000000 0.000000
vn 0.000000 1.000000 0.000000
vn 0.000000 1.000000 0.000000
vn 0.000000 1.000000 0.000000
vn 0.000000 1.000000 0.000000
vn 0.000000 1.000000 0.000000
vn 0.000000 1.000000 0.000000
vn 0.000000 1.000000 0.000000
vn 0.000000 1.000000 0.000000
vn 0.000000 1.000000 0.000000
vn 0.000000 1.000000 0.000000
vn 0.000000 1.000000 0.000000
vn 0.000000 1.000000 0.000000
vn 0.000000 1.000000 0.000000
vn 0.000000 1.000000 0.000000
vn 0.000000 1.000000 0.000000
vn 0.000000 1.000000 0.000000
vn 0.000000 1.000000 0.000000
vn 0.000000 1.000000 0.000000
vn 0.000000 1.000000 0.000000
vn 0.000000 1.000000 0.000000
vn 0.000000 1.000000 0.000000
vn 0.000000 1.000000 0.000000
vn 0.000000 1.000000 0.000000
vn 0.000000 1.000000 0.000000
vn 0.000000 1.000000 0.000000
vn 0.000000 1.000000 0.000000
vn 0.000000 1.000000 0.000000
vn 0.000000 1.000000 0.000000
vn 0.000000 1.000000 0.000000
vn 0.000000 1.000000 0.000000
vn 1.000000 0.000000 -0.000000
vn 1.000000 0.000000 -0.000000
vn 1.000000 0.000000 -0.000000
vn 1.000000 0.000000 -0.000000
vn 1.000000 0.000000 -0.000000
vn 1.000000 0.000000 -0.000000
vn 1.000000 0.000000 -0.000000
vn 1.000000 0.000000 -0.000000
vn 1.000000 0.000000 -0.000000
vn 1.000000 0.000000 -0.000000
vn 1.000000 0.000000 -0.000000
vn 1.000000 0.000000 -0.000000
vn 1.000000 0.000000 -0.000000
vn 1.000000 0.000000 -0.000000
vn 1.000000 0.000000 -0.000000
vn 1.000000 0.000000 -0.000000
vn 1.000000 0.000000 -0.000000
vn 1.000000 0.000000 -0.000000
vn 1.000000 0.000000 -0.000000
vn 1.000000 0.000000 -0.000000
vn 1.000000 0.000000 -0.000000
vn 1.000000 0.000000 -0.000000
vn 1.000000 0.000000 -0.000000
vn 1.000000 0.000000 -0.000000
vn 1.000000 0.000000 -0.000000
vn 1.000000 0.000000 -0.000000
vn 1.000000 0.000000 -0.000000
vn 1.000000 0.000000 -0.000000
vn 1.000000 0.000000 -0.000000
vn 1.000000 0.000000 -0.000000
vn 0.000000 -0.707107 0.707107
vn 0.000000 -0.707107 0.707107
vn 0.000000 -0.707107 0.707107
vn 0.000000 -0.707107 0.707107
vn -0.000000 -1.000000 -0.000000
vn -0.000000 -1.000000 -0.000000
vn -0.000000 -1.000000 -0.000000
vn -0.000000 -1.000000 -0.000000
vn -0.000000 -1.000000 -0.000000
vn -0.000000 -1.000000 -0.000000
vn -0.000000 -1.000000 -0.000000
vn -0.000000 -1.000000 -0.000000
vn -0.000000 -1.000000 -0.000000
vn -0.000000 -1.000000 -0.000000
vn -0.000000 -1.000000 -0.000000
vn -0.000000 -1.000000 -0.000000
vn -0.000000 -1.000000 -0.000000
vn -0.000000 -1.000000 -0.000000
vn -0.000000 -1.000000 -0.000000
vn -0.000000 -1.000000 -0.000000
vn -0.000000 -1.000000 -0.000000
vn -0.000000 -1.000000 -0.000000
vn -0.000000 -1.000000 -0.000000
vn -0.000000 -1.000000 -0.000000
vn -0.000000 -1.000000 -0.000000
vn -0.000000 -1.000000 -0.000000
vn -0.000000 -1.000000 -0.000000
vn -0.000000 -1.000000 -0.000000
vn -0.000000 -1.000000 -0.000000
vn -0.000000 -1.000000 -0.000000
vn -0.000000 -1.000000 -0.000000
vn -0.000000 -1.000000 -0.000000
vn -0.000000 -1.000000 -0.000000
vn -0.000000 -1.000000 -0.000000
vn -0.000000 -1.000000 -0.000000
vn -0.000000 -1.000000 -0.000000
vn 0.000000 0.707107 0.707107
vn 0.000000 0.707107 0.707107
vn 0.000000 0.707107 0.707107
vn 0.000000 0.707107 0.707107
vn 1.000000 0.000000 -0.000000
vn 1.000000 0.000000 -0.000000
vn 1.000000 0.000000 -0.000000
vn 1.000000 0.000000 -0.000000
vn 1.000000 0.000000 -0.000000
vn 1.000000 0.000000 -0.000000
vn 1.000000 0.000000 -0.000000
vn 1.000000 0.000000 -0.000000
vn 1.000000 0.000000 -0.000000
vn 1.000000 0.000000 -0.000000
vn 1.000000 0.000000 -0.000000
vn 1.000000 0.000000 -0.000000
vn 1.000000 0.000000 -0.000000
vn 1.000000 0.000000 -0.000000
vn 1.000000 0.000000 -0.000000
vn 1.000000 0.000000 -0.000000
vn 1.000000 0.000000 -0.000000
vn 1.000000 0.000000 -0.000000
vn 1.000000 0.000000 -0.000000
vn 1.000000 0.000000 -0.000000
vn 1.000000 0.000000 -0.000000
vn 1.000000 0.000000 -0.000000
vn 1.000000 0.000000 -0.000000
vn 1.000000 0.000000 -0.000000
vn 1.000000 0.000000 -0.000000
vn 1.000000 0.000000 -0.000000
vn 1.000000 0.000000 -0.000000
vn 1.000000 0.000000 -0.000000
vn 1.000000 0.000000 -0.000000
vn 1.000000 0.000000 -0.000000
vn 0.000000 -0.707107 0.707107
vn 0.000000 -0.707107 0.707107
vn 0.000000 -0.707107 0.707107
vn 0.000000 -0.707107 0.707107
vn 0.000000 -0.000000 1.000000
vn 0.000000 -0.000000 1.000000
vn 0.000000 -0.000000 1.000000
vn 0.000000 -0.000000 1.000000
vn -1.000000 0.000000 0.000000
vn -1.000000 0.000000 0.000000
vn -1.000000 0.000000 0.000000
vn -1.000000 0.000000 0.000000
vn -1.000000 0.000000 0.000000
vn -1.000000 0.000000 0.000000
vn -1.000000 0.000000 0.000000
vn -1.000000 0.000000 0.000000
vn -1.000000 0.000000 0.000000
vn -1.000000 0.000000 0.000000
vn -1.000000 0.000000 0.000000
vn -1.000000 0.000000 0.000000
vn -1.000000 0.000000 0.000000
vn -1.000000 0.000000 0.000000
vn -1.000000 0.000000 0.000000
vn -1.000000 0.000000 0.000000
vn -1.000000 0.000000 0.000000
vn -1.000000 0.000000 0.000000
vn -1.000000 0.000000 0.000000
vn -1.000000 0.000000 0.000000
vn -1.000000 0.000000 0.000000
vn -1.000000 0.000000 0.000000
vn -1.000000 0.000000 0.000000
vn -1.000000 0.000000 0.000000
vn -1.000000 0.000000 0.000000
vn -1.000000 0.000000 0.000000
vn -1.000000 0.000000 0.000000
vn -1.000000 0.000000 0.000000
vn -1.000000 0.000000 0.000000
vn -1.000000 0.000000 0.000000
vn -0.965926 0.000000 0.258819
vn -0.965926 0.000000 0.258819
vn -0.866025 0.000000 0.500000
vn -0.866025 0.000000 0.500000
vn -0.707107 0.000000 0.707107
vn -0.707107 0.000000 0.707107
vn -0.500000 0.000000 0.866025
vn -0.500000 0.000000 0.866025
vn -0.258819 0.000000 0.965926
vn -0.258819 0.000000 0.965926
vn 0.000000 -0.000000 1.000000
vn 0.000000 -0.000000 1.000000
vn 0.000000 -0.000000 1.000000
vn 0.000000 -0.000000 1.000000
vn 0.258819 -0.000000 0.965926
vn 0.258819 -0.000000 0.965926
vn 0.500000 -0.000000 0.866025
vn 0.500000 -0.000000 0.866025
vn 0.707107 -0.000000 0.707107
vn 0.707107 -0.000000 0.707107
vn 0.866025 -0.000000 0.500000
vn 0.866025 -0.000000 0.500000
vn 0.965926 -0.000000 0.258819
vn 0.965926 -0.000000 0.258819
vn 0.000000 -0.000000 1.000000
vn 0.000000 -0.000000 1.000000
vn 0.000000 -0.000000 1.000000
vn 0.000000 -0.000000 1.000000
vn -1.000000 0.000000 0.000000
vn -1.000000 0.000000 0.000000
vn -1.000000 0.000000 0.000000
vn -1.000000 0.000000 0.000000
vn -1.000000 0.000000 0.000000
vn -1.000000 0.000000 0.000000
vn -1.000000 0.000000 0.000000
vn -1.000000 0.000000 0.000000
vn -1.000000 0.000000 0.000000
vn -1.000000 0.000000 0.000000
vn -1.000000 0.000000 0.000000
vn -1.000000 0.000000 0.000000
vn -1.000000 0.000000 0.000000
vn -1.000000 0.000000 0.000000
vn -1.000000 0.000000 0.000000
vn -1.000000 0.000000 0.000000
vn -1.000000 0.000000 0.000000
vn -1.000000 0.000000 0.000000
vn -1.000000 0.000000 0.000000
vn -1.000000 0.000000 0.000000
vn -1.000000 0.000000 0.000000
vn -1.000000 0.000000 0.000000
vn -1.000000 0.000000 0.000000
vn -1.000000 0.000000 0.000000
vn -1.000000 0.000000 0.000000
vn -1.000000 0.000000 0.000000
vn -1.000000 0.000000 0.000000
vn -1.000000 0.000000 0.000000
vn -1.000000 0.000000 0.000000
vn -1.000000 0.000000 0.000000
vn -0.965926 0.000000 -0.258819
vn -0.965926 0.000000 -0.258819
vn -0.866025 0.000000 -0.500000
vn -0.866025 0.000000 -0.500000
vn -0.707107 0.000000 -0.707107
vn -0.707107 0.000000 -0.707107
vn -0.500000 0.000000 -0.866025
vn -0.500000 0.000000 -0.866025
vn -0.258819 0.000000 -0.965926
vn -0.258819 0.000000 -0.965926
vn -0.000000 0.000000 -1.000000
vn -0.000000 0.000000 -1.000000
vn -0.000000 0.000000 -1.000000
vn -0.000000 0.000000 -1.000000
vn 0.258819 -0.000000 -0.965926
vn 0.258819 -0.000000 -0.965926
vn 0.500000 -0.000000 -0.866025
vn 0.500000 -0.000000 -0.866025
vn 0.707107 -0.000000 -0.707107
vn 0.707107 -0.000000 -0.707107
vn 0.866025 -0.000000 -0.500000
vn 0.866025 -0.000000 -0.500000
vn 0.965926 -0.000000 -0.258819
vn 0.965926 -0.000000 -0.258819
usemtl Paint_-_Metallic_(Yellow)
f 880/1797/1769 926/1798/1770 879/1799/1771
f 879/1799/1771 926/1798/1770 903/1800/1772
f 879/1801/1771 903/1802/1772 902/1803/1773
f 902/1803/1773 903/1802/1772 904/1804/1774
f 902/1803/1773 904/1804/1774 901/1805/1775
f 901/1805/1775 904/1804/1774 905/1806/1776
f 901/1805/1775 905/1806/1776 900/1807/1777
f 900/1807/1777 905/1806/1776 906/1808/1778
f 900/1807/1777 906/1808/1778 899/1809/1779
f 899/1809/1779 906/1808/1778 907/1810/1780
f 899/1809/1779 907/1810/1780 898/1811/1781
f 898/1811/1781 907/1810/1780 908/1812/1782
f 898/1811/1781 908/1812/1782 897/1813/1783
f 897/1813/1783 908/1812/1782 909/1814/1784
f 897/1813/1783 909/1814/1784 896/1815/1785
f 896/1815/1785 909/1814/1784 910/1816/1786
f 896/1815/1785 910/1816/1786 895/1817/1787
f 895/1817/1787 910/1816/1786 911/1818/1788
f 895/1817/1787 911/1818/1788 894/1819/1789
f 894/1819/1789 911/1818/1788 912/1820/1790
f 894/1819/1789 912/1820/1790 893/1821/1791
f 893/1821/1791 912/1820/1790 913/1822/1792
f 893/1821/1791 913/1822/1792 892/1823/1793
f 892/1823/1793 913/1822/1792 914/1824/1794
f 892/1823/1793 914/1824/1794 891/1825/1795
f 891/1825/1795 914/1824/1794 915/1826/1796
f 891/1825/1795 915/1826/1796 890/1827/1797
f 890/1827/1797 915/1826/1796 916/1828/1798
f 890/1827/1797 916/1828/1798 889/1829/1799
f 889/1829/1799 916/1828/1798 917/1830/1800
f 889/1829/1799 917/1830/1800 888/1831/1801
f 888/1831/1801 917/1830/1800 918/1832/1802
f 888/1831/1801 918/1832/1802 887/1833/1803
f 887/1833/1803 918/1832/1802 919/1834/1804
f 887/1833/1803 919/1834/1804 886/1835/1805
f 886/1835/1805 919/1834/1804 920/1836/1806
f 886/1835/1805 920/1836/1806 885/1837/1807
f 885/1837/1807 920/1836/1806 921/1838/1808
f 885/1837/1807 921/1838/1808 884/1839/1809
f 884/1839/1809 921/1838/1808 922/1840/1810
f 884/1839/1809 922/1840/1810 883/1841/1811
f 883/1841/1811 922/1840/1810 923/1842/1812
f 883/1841/1811 923/1842/1812 882/1843/1813
f 882/1843/1813 923/1842/1812 924/1844/1814
f 882/1843/1813 924/1844/1814 881/1845/1815
f 881/1845/1815 924/1844/1814 925/1846/1816
f 881/1845/1815 925/1846/1816 880/1797/1769
f 880/1797/1769 925/1846/1816 926/1798/1770
f 928/1847/1817 974/1848/1818 927/1849/1819
f 927/1849/1819 974/1848/1818 951/1850/1820
f 927/1851/1819 951/1852/1820 950/1853/1821
f 950/1853/1821 951/1852/1820 952/1854/1822
f 950/1853/1821 952/1854/1822 949/1855/1823
f 949/1855/1823 952/1854/1822 953/1856/1824
f 949/1855/1823 953/1856/1824 948/1857/1825
f 948/1857/1825 953/1856/1824 954/1858/1826
f 948/1857/1825 954/1858/1826 947/1859/1827
f 947/1859/1827 954/1858/1826 955/1860/1828
f 947/1859/1827 955/1860/1828 946/1861/1829
f 946/1861/1829 955/1860/1828 956/1862/1830
f 946/1861/1829 956/1862/1830 945/1863/1831
f 945/1863/1831 956/1862/1830 957/1864/1832
f 945/1863/1831 957/1864/1832 944/1865/1833
f 944/1865/1833 957/1864/1832 958/1866/1834
f 944/1865/1833 958/1866/1834 943/1867/1835
f 943/1867/1835 958/1866/1834 959/1868/1836
f 943/1867/1835 959/1868/1836 942/1869/1837
f 942/1869/1837 959/1868/1836 960/1870/1838
f 942/1869/1837 960/1870/1838 941/1871/1839
f 941/1871/1839 960/1870/1838 961/1872/1840
f 941/1871/1839 961/1872/1840 940/1873/1841
f 940/1873/1841 961/1872/1840 962/1874/1842
f 940/1873/1841 962/1874/1842 939/1875/1843
f 939/1875/1843 962/1874/1842 963/1876/1844
f 939/1875/1843 963/1876/1844 938/1877/1845
f 938/1877/1845 963/1876/1844 964/1878/1846
f 938/1877/1845 964/1878/1846 937/1879/1847
f 937/1879/1847 964/1878/1846 965/1880/1848
f 937/1879/1847 965/1880/1848 936/1881/1849
f 936/1881/1849 965/1880/1848 966/1882/1850
f 936/1881/1849 966/1882/1850 935/1883/1851
f 935/1883/1851 966/1882/1850 967/1884/1852
f 935/1883/1851 967/1884/1852 934/1885/1853
f 934/1885/1853 967/1884/1852 968/1886/1854
f 934/1885/1853 968/1886/1854 933/1887/1855
f 933/1887/1855 968/1886/1854 969/1888/1856
f 933/1887/1855 969/1888/1856 932/1889/1857
f 932/1889/1857 969/1888/1856 970/1890/1858
f 932/1889/1857 970/1890/1858 931/1891/1859
f 931/1891/1859 970/1890/1858 971/1892/1860
f 931/1891/1859 971/1892/1860 930/1893/1861
f 930/1893/1861 971/1892/1860 972/1894/1862
f 930/1893/1861 972/1894/1862 929/1895/1863
f 929/1895/1863 972/1894/1862 973/1896/1864
f 929/1895/1863 973/1896/1864 928/1847/1817
f 928/1847/1817 973/1896/1864 974/1848/1818
f 976/1897/1865 977/1898/1866 975/1899/1867
f 975/1899/1867 977/1898/1866 978/1900/1868
f 977/1901/1869 976/1902/1870 1008/1903/1871
f 1008/1903/1871 976/1902/1870 979/1904/1872
f 1008/1903/1871 979/1904/1872 980/1905/1873
f 1008/1903/1871 980/1905/1873 1007/1906/1874
f 1007/1906/1874 980/1905/1873 981/1907/1875
f 1007/1906/1874 981/1907/1875 1006/1908/1876
f 1006/1908/1876 981/1907/1875 982/1909/1877
f 1006/1908/1876 982/1909/1877 1005/1910/1878
f 1005/1910/1878 982/1909/1877 983/1911/1879
f 1005/1910/1878 983/1911/1879 1004/1912/1880
f 1004/1912/1880 983/1911/1879 984/1913/1881
f 1004/1912/1880 984/1913/1881 1003/1914/1882
f 1003/1914/1882 984/1913/1881 985/1915/1883
f 1003/1914/1882 985/1915/1883 1002/1916/1884
f 1002/1916/1884 985/1915/1883 986/1917/1885
f 1002/1916/1884 986/1917/1885 1001/1918/1886
f 1001/1918/1886 986/1917/1885 1000/1919/1887
f 1000/1919/1887 986/1917/1885 987/1920/1888
f 1000/1919/1887 987/1920/1888 999/1921/1889
f 999/1921/1889 987/1920/1888 988/1922/1890
f 999/1921/1889 988/1922/1890 998/1923/1891
f 998/1923/1891 988/1922/1890 989/1924/1892
f 998/1923/1891 989/1924/1892 997/1925/1893
f 997/1925/1893 989/1924/1892 990/1926/1894
f 997/1925/1893 990/1926/1894 996/1927/1895
f 996/1927/1895 990/1926/1894 991/1928/1896
f 996/1927/1895 991/1928/1896 995/1929/1897
f 995/1929/1897 991/1928/1896 992/1930/1898
f 995/1929/1897 992/1930/1898 994/1931/1899
f 994/1931/1899 992/1930/1898 993/1932/1900
f 950/1933/1901 979/1934/1902 927/1935/1903
f 927/1935/1903 979/1934/1902 976/1936/1904
f 927/1935/1903 976/1936/1904 928/1937/1905
f 928/1937/1905 976/1936/1904 929/1938/1906
f 929/1938/1906 976/1936/1904 975/1939/1907
f 929/1938/1906 975/1939/1907 930/1940/1908
f 930/1940/1908 975/1939/1907 931/1941/1909
f 931/1941/1909 975/1939/1907 932/1942/1910
f 932/1942/1910 975/1939/1907 933/1943/1911
f 933/1943/1911 975/1939/1907 1009/1944/1912
f 933/1943/1911 1009/1944/1912 934/1945/1913
f 934/1945/1913 1009/1944/1912 935/1946/1914
f 935/1946/1914 1009/1944/1912 936/1947/1915
f 936/1947/1915 1009/1944/1912 937/1948/1916
f 937/1948/1916 1009/1944/1912 1010/1949/1917
f 937/1948/1916 1010/1949/1917 938/1950/1918
f 938/1950/1918 1010/1949/1917 939/1951/1919
f 939/1951/1919 1010/1949/1917 1011/1952/1920
f 939/1951/1919 1011/1952/1920 940/1953/1921
f 940/1953/1921 1011/1952/1920 941/1954/1922
f 941/1954/1922 1011/1952/1920 942/1955/1923
f 942/1955/1923 1011/1952/1920 943/1956/1924
f 943/1956/1924 1011/1952/1920 944/1957/1925
f 944/1957/1925 1011/1952/1920 945/1958/1926
f 945/1958/1926 1011/1952/1920 979/1934/1902
f 945/1958/1926 979/1934/1902 946/1959/1927
f 946/1959/1927 979/1934/1902 947/1960/1928
f 947/1960/1928 979/1934/1902 948/1961/1929
f 948/1961/1929 979/1934/1902 949/1962/1930
f 949/1962/1930 979/1934/1902 950/1933/1901
f 1013/1963/1931 1010/1964/1932 1012/1965/1933
f 1012/1965/1933 1010/1964/1932 1009/1966/1934
f 1010/1967/1935 1013/1968/1936 1011/1969/1937
f 1011/1969/1937 1013/1968/1936 1014/1970/1938
f 1011/1969/1937 1014/1970/1938 1042/1971/1939
f 1042/1971/1939 1014/1970/1938 1015/1972/1940
f 1042/1971/1939 1015/1972/1940 1041/1973/1941
f 1041/1973/1941 1015/1972/1940 1016/1974/1942
f 1041/1973/1941 1016/1974/1942 1040/1975/1943
f 1040/1975/1943 1016/1974/1942 1017/1976/1944
f 1040/1975/1943 1017/1976/1944 1039/1977/1945
f 1039/1977/1945 1017/1976/1944 1018/1978/1946
f 1039/1977/1945 1018/1978/1946 1038/1979/1947
f 1038/1979/1947 1018/1978/1946 1019/1980/1948
f 1038/1979/1947 1019/1980/1948 1037/1981/1949
f 1037/1981/1949 1019/1980/1948 1020/1982/1950
f 1037/1981/1949 1020/1982/1950 1021/1983/1951
f 1037/1981/1949 1021/1983/1951 1036/1984/1952
f 1036/1984/1952 1021/1983/1951 1022/1985/1953
f 1036/1984/1952 1022/1985/1953 1035/1986/1954
f 1035/1986/1954 1022/1985/1953 1023/1987/1955
f 1035/1986/1954 1023/1987/1955 1034/1988/1956
f 1034/1988/1956 1023/1987/1955 1024/1989/1957
f 1034/1988/1956 1024/1989/1957 1033/1990/1958
f 1033/1990/1958 1024/1989/1957 1025/1991/1959
f 1033/1990/1958 1025/1991/1959 1032/1992/1960
f 1032/1992/1960 1025/1991/1959 1026/1993/1961
f 1032/1992/1960 1026/1993/1961 1031/1994/1962
f 1031/1994/1962 1026/1993/1961 1027/1995/1963
f 1031/1994/1962 1027/1995/1963 1030/1996/1964
f 1030/1996/1964 1027/1995/1963 1029/1997/1965
f 1029/1997/1965 1027/1995/1963 1028/1998/1966
f 994/1999/1967 993/2000/1968 1043/2001/1969
f 1043/2001/1969 993/2000/1968 1044/2002/1970
f 902/2003/1971 1027/2004/1972 879/2005/1973
f 879/2005/1973 1027/2004/1972 995/2006/1974
f 879/2005/1973 995/2006/1974 880/2007/1975
f 880/2007/1975 995/2006/1974 881/2008/1976
f 881/2008/1976 995/2006/1974 882/2009/1977
f 882/2009/1977 995/2006/1974 883/2010/1978
f 883/2010/1978 995/2006/1974 884/2011/1979
f 884/2011/1979 995/2006/1974 885/2012/1980
f 885/2012/1980 995/2006/1974 994/2013/1981
f 885/2012/1980 994/2013/1981 886/2014/1982
f 886/2014/1982 994/2013/1981 887/2015/1983
f 887/2015/1983 994/2013/1981 1043/2016/1984
f 887/2015/1983 1043/2016/1984 888/2017/1985
f 888/2017/1985 1043/2016/1984 889/2018/1986
f 889/2018/1986 1043/2016/1984 890/2019/1987
f 890/2019/1987 1043/2016/1984 891/2020/1988
f 891/2020/1988 1043/2016/1984 1045/2021/1989
f 891/2020/1988 1045/2021/1989 892/2022/1990
f 892/2022/1990 1045/2021/1989 893/2023/1991
f 893/2023/1991 1045/2021/1989 894/2024/1992
f 894/2024/1992 1045/2021/1989 895/2025/1993
f 895/2025/1993 1045/2021/1989 1028/2026/1994
f 895/2025/1993 1028/2026/1994 896/2027/1995
f 896/2027/1995 1028/2026/1994 897/2028/1996
f 897/2028/1996 1028/2026/1994 1027/2004/1972
f 897/2028/1996 1027/2004/1972 898/2029/1997
f 898/2029/1997 1027/2004/1972 899/2030/1998
f 899/2030/1998 1027/2004/1972 900/2031/1999
f 900/2031/1999 1027/2004/1972 901/2032/2000
f 901/2032/2000 1027/2004/1972 902/2003/1971
f 1045/2033/2001 1046/2034/2002 1028/2035/2003
f 1028/2035/2003 1046/2034/2002 1029/2036/2004
f 1043/2037/2005 1044/2038/2006 1045/2039/2007
f 1045/2039/2007 1044/2038/2006 1046/2040/2008
f 926/2041/2009 992/2042/2010 903/2043/2011
f 903/2043/2011 992/2042/2010 1030/2044/2012
f 903/2043/2011 1030/2044/2012 904/2045/2013
f 904/2045/2013 1030/2044/2012 905/2046/2014
f 905/2046/2014 1030/2044/2012 906/2047/2015
f 906/2047/2015 1030/2044/2012 907/2048/2016
f 907/2048/2016 1030/2044/2012 908/2049/2017
f 908/2049/2017 1030/2044/2012 909/2050/2018
f 909/2050/2018 1030/2044/2012 1029/2051/2019
f 909/2050/2018 1029/2051/2019 910/2052/2020
f 910/2052/2020 1029/2051/2019 911/2053/2021
f 911/2053/2021 1029/2051/2019 1046/2054/2022
f 911/2053/2021 1046/2054/2022 912/2055/2023
f 912/2055/2023 1046/2054/2022 913/2056/2024
f 913/2056/2024 1046/2054/2022 914/2057/2025
f 914/2057/2025 1046/2054/2022 915/2058/2026
f 915/2058/2026 1046/2054/2022 1044/2059/2027
f 915/2058/2026 1044/2059/2027 916/2060/2028
f 916/2060/2028 1044/2059/2027 917/2061/2029
f 917/2061/2029 1044/2059/2027 918/2062/2030
f 918/2062/2030 1044/2059/2027 919/2063/2031
f 919/2063/2031 1044/2059/2027 993/2064/2032
f 919/2063/2031 993/2064/2032 920/2065/2033
f 920/2065/2033 993/2064/2032 921/2066/2034
f 921/2066/2034 993/2064/2032 992/2042/2010
f 921/2066/2034 992/2042/2010 922/2067/2035
f 922/2067/2035 992/2042/2010 923/2068/2036
f 923/2068/2036 992/2042/2010 924/2069/2037
f 924/2069/2037 992/2042/2010 925/2070/2038
f 925/2070/2038 992/2042/2010 926/2041/2009
f 1030/2071/2012 992/2072/2010 1031/2073/2039
f 1031/2073/2039 992/2072/2010 991/2074/2040
f 1031/2073/2039 991/2074/2040 1032/2075/2041
f 1032/2075/2041 991/2074/2040 990/2076/2042
f 1032/2075/2041 990/2076/2042 1033/2077/2043
f 1033/2077/2043 990/2076/2042 989/2078/2044
f 1033/2077/2043 989/2078/2044 1034/2079/2045
f 1034/2079/2045 989/2078/2044 988/2080/2046
f 1034/2079/2045 988/2080/2046 1035/2081/2047
f 1035/2081/2047 988/2080/2046 987/2082/2048
f 1035/2081/2047 987/2082/2048 1036/2083/2049
f 1036/2083/2049 987/2082/2048 986/2084/2050
f 986/2085/2050 985/2086/2051 1036/2087/2049
f 1036/2087/2049 985/2086/2051 1037/2088/2052
f 1037/2089/2052 985/2090/2051 1038/2091/2053
f 1038/2091/2053 985/2090/2051 984/2092/2054
f 1038/2091/2053 984/2092/2054 1039/2093/2055
f 1039/2093/2055 984/2092/2054 983/2094/2056
f 1039/2093/2055 983/2094/2056 1040/2095/2057
f 1040/2095/2057 983/2094/2056 982/2096/2058
f 1040/2095/2057 982/2096/2058 1041/2097/2059
f 1041/2097/2059 982/2096/2058 981/2098/2060
f 1041/2097/2059 981/2098/2060 1042/2099/2061
f 1042/2099/2061 981/2098/2060 980/2100/2062
f 1042/2099/2061 980/2100/2062 1011/2101/1920
f 1011/2101/1920 980/2100/2062 979/2102/1902
f 975/2103/2063 978/2104/2064 1009/2105/2065
f 1009/2105/2065 978/2104/2064 1012/2106/2066
f 974/2107/2067 977/2108/2068 951/2109/2069
f 951/2109/2069 977/2108/2068 1008/2110/2070
f 951/2109/2069 1008/2110/2070 952/2111/2071
f 952/2111/2071 1008/2110/2070 953/2112/2072
f 953/2112/2072 1008/2110/2070 954/2113/2073
f 954/2113/2073 1008/2110/2070 955/2114/2074
f 955/2114/2074 1008/2110/2070 956/2115/2075
f 956/2115/2075 1008/2110/2070 957/2116/2076
f 957/2116/2076 1008/2110/2070 1014/2117/2077
f 957/2116/2076 1014/2117/2077 958/2118/2078
f 958/2118/2078 1014/2117/2077 959/2119/2079
f 959/2119/2079 1014/2117/2077 960/2120/2080
f 960/2120/2080 1014/2117/2077 961/2121/2081
f 961/2121/2081 1014/2117/2077 962/2122/2082
f 962/2122/2082 1014/2117/2077 963/2123/2083
f 963/2123/2083 1014/2117/2077 1013/2124/2084
f 963/2123/2083 1013/2124/2084 964/2125/2085
f 964/2125/2085 1013/2124/2084 965/2126/2086
f 965/2126/2086 1013/2124/2084 1012/2127/2087
f 965/2126/2086 1012/2127/2087 966/2128/2088
f 966/2128/2088 1012/2127/2087 967/2129/2089
f 967/2129/2089 1012/2127/2087 968/2130/2090
f 968/2130/2090 1012/2127/2087 969/2131/2091
f 969/2131/2091 1012/2127/2087 978/2132/2092
f 969/2131/2091 978/2132/2092 970/2133/2093
f 970/2133/2093 978/2132/2092 971/2134/2094
f 971/2134/2094 978/2132/2092 972/2135/2095
f 972/2135/2095 978/2132/2092 973/2136/2096
f 973/2136/2096 978/2132/2092 977/2108/2068
f 973/2136/2096 977/2108/2068 974/2107/2067
f 1014/2137/2077 1008/2138/2070 1015/2139/2097
f 1015/2139/2097 1008/2138/2070 1007/2140/2098
f 1015/2139/2097 1007/2140/2098 1016/2141/2099
f 1016/2141/2099 1007/2140/2098 1006/2142/2100
f 1016/2141/2099 1006/2142/2100 1017/2143/2101
f 1017/2143/2101 1006/2142/2100 1005/2144/2102
f 1017/2143/2101 1005/2144/2102 1018/2145/2103
f 1018/2145/2103 1005/2144/2102 1004/2146/2104
f 1018/2145/2103 1004/2146/2104 1019/2147/2105
f 1019/2147/2105 1004/2146/2104 1003/2148/2106
f 1019/2147/2105 1003/2148/2106 1020/2149/2107
f 1020/2149/2107 1003/2148/2106 1002/2150/2108
f 1002/2151/2108 1001/2152/2109 1020/2153/2107
f 1020/2153/2107 1001/2152/2109 1021/2154/2110
f 1021/2155/2110 1001/2156/2109 1022/2157/2111
f 1022/2157/2111 1001/2156/2109 1000/2158/2112
f 1022/2157/2111 1000/2158/2112 1023/2159/2113
f 1023/2159/2113 1000/2158/2112 999/2160/2114
f 1023/2159/2113 999/2160/2114 1024/2161/2115
f 1024/2161/2115 999/2160/2114 998/2162/2116
f 1024/2161/2115 998/2162/2116 1025/2163/2117
f 1025/2163/2117 998/2162/2116 997/2164/2118
f 1025/2163/2117 997/2164/2118 1026/2165/2119
f 1026/2165/2119 997/2164/2118 996/2166/2120
f 1026/2165/2119 996/2166/2120 1027/2167/1972
f 1027/2167/1972 996/2166/2120 995/2168/1974
# 1046 vertices
# 2168 texture params
# 2120 normals
# 2076 facets

# 6 groups
