ISO-10303-21;
HEADER;
/* Generated by software containing ST-Developer
 * from STEP Tools, Inc. (www.steptools.com) 
 */

FILE_DESCRIPTION(
/* description */ (''),
/* implementation_level */ '2;1');

FILE_NAME(
/* name */ 'Model.step',
/* time_stamp */ '2026-08-07T05:42:53+05:30',
/* author */ (''),
/* organization */ (''),
/* preprocessor_version */ 'ST-DEVELOPER v20.1',
/* originating_system */ 'Autodesk Translation Framework v15.8.0.0',
/* authorisation */ '');

FILE_SCHEMA (('AUTOMOTIVE_DESIGN { 1 0 10303 214 3 1 1 }'));
ENDSEC;

DATA;
#10=MECHANICAL_DESIGN_GEOMETRIC_PRESENTATION_REPRESENTATION('',(#5251,#5252,
#5253,#5254,#5255,#5256,#5257,#5258,#5259,#5260,#5261,#5262),#11056);
#11=ITEM_DEFINED_TRANSFORMATION($,$,#5622,#6218);
#12=ITEM_DEFINED_TRANSFORMATION($,$,#6039,#6219);
#13=(
REPRESENTATION_RELATIONSHIP($,$,#11070,#11069)
REPRESENTATION_RELATIONSHIP_WITH_TRANSFORMATION(#11)
SHAPE_REPRESENTATION_RELATIONSHIP()
);
#14=(
REPRESENTATION_RELATIONSHIP($,$,#11071,#11069)
REPRESENTATION_RELATIONSHIP_WITH_TRANSFORMATION(#12)
SHAPE_REPRESENTATION_RELATIONSHIP()
);
#15=CONTEXT_DEPENDENT_SHAPE_REPRESENTATION(#13,#11067);
#16=CONTEXT_DEPENDENT_SHAPE_REPRESENTATION(#14,#11068);
#17=NEXT_ASSEMBLY_USAGE_OCCURRENCE('Phone:1','Phone:1','Phone:1',#11073,
#11074,'Phone:1');
#18=NEXT_ASSEMBLY_USAGE_OCCURRENCE('Phone case:1','Phone case:1',
'Phone case:1',#11073,#11075,'Phone case:1');
#19=OPEN_SHELL('',(#5588,#5589,#5590,#5591,#5592,#5593,#5594,#5595));
#20=SHELL_BASED_SURFACE_MODEL('Body2',(#19));
#21=TOROIDAL_SURFACE('',#6104,5.74999999995663,3.);
#22=TOROIDAL_SURFACE('',#6109,5.74999999995663,3.);
#23=TOROIDAL_SURFACE('',#6114,5.74999999995664,3.);
#24=TOROIDAL_SURFACE('',#6119,5.74999999995663,3.);
#25=TOROIDAL_SURFACE('',#6130,6.74999999995663,2.);
#26=TOROIDAL_SURFACE('',#6135,6.74999999995663,2.);
#27=TOROIDAL_SURFACE('',#6140,6.74999999995664,2.);
#28=TOROIDAL_SURFACE('',#6144,6.74999999995663,2.);
#29=B_SPLINE_SURFACE_WITH_KNOTS('',3,3,((#9784,#9785,#9786,#9787,#9788,
#9789,#9790,#9791),(#9792,#9793,#9794,#9795,#9796,#9797,#9798,#9799),(#9800,
#9801,#9802,#9803,#9804,#9805,#9806,#9807),(#9808,#9809,#9810,#9811,#9812,
#9813,#9814,#9815)),.UNSPECIFIED.,.F.,.F.,.F.,(4,4),(4,2,2,4),(0.,1.),(-0.758968002474471,
-0.711523898269344,-0.616652929097003,-0.569227864125544),.UNSPECIFIED.);
#30=B_SPLINE_SURFACE_WITH_KNOTS('',3,3,((#9835,#9836,#9837,#9838,#9839,
#9840,#9841,#9842,#9843,#9844),(#9845,#9846,#9847,#9848,#9849,#9850,#9851,
#9852,#9853,#9854),(#9855,#9856,#9857,#9858,#9859,#9860,#9861,#9862,#9863,
#9864),(#9865,#9866,#9867,#9868,#9869,#9870,#9871,#9872,#9873,#9874)),
 .UNSPECIFIED.,.F.,.F.,.F.,(4,4),(4,2,2,2,4),(0.,1.),(-0.189743800613253,
-0.14231510853498,-0.0948882164524623,-0.0474441082262312,1.88182802673964E-16),
 .UNSPECIFIED.);
#31=B_SPLINE_SURFACE_WITH_KNOTS('',3,3,((#9910,#9911,#9912,#9913,#9914,
#9915,#9916,#9917,#9918,#9919),(#9920,#9921,#9922,#9923,#9924,#9925,#9926,
#9927,#9928,#9929),(#9930,#9931,#9932,#9933,#9934,#9935,#9936,#9937,#9938,
#9939),(#9940,#9941,#9942,#9943,#9944,#9945,#9946,#9947,#9948,#9949)),
 .UNSPECIFIED.,.F.,.F.,.F.,(4,4),(4,2,2,2,4),(0.,1.),(-0.189740138348927,
-0.142315073377467,-0.0948882084102524,-0.0474441042051262,1.87555428124449E-16),
 .UNSPECIFIED.);
#32=B_SPLINE_SURFACE_WITH_KNOTS('',3,1,((#9970,#9971),(#9972,#9973),(#9974,
#9975),(#9976,#9977),(#9978,#9979),(#9980,#9981),(#9982,#9983),(#9984,#9985),
(#9986,#9987),(#9988,#9989),(#9990,#9991),(#9992,#9993)),.UNSPECIFIED.,
 .F.,.F.,.F.,(4,2,2,2,2,4),(2,2),(-0.189743800613253,-0.189742000617497,
-0.14231510853498,-0.0948882164524623,-0.0474441082262312,0.),(0.,0.684749009995238),
 .UNSPECIFIED.);
#33=B_SPLINE_SURFACE_WITH_KNOTS('',3,1,((#10015,#10016),(#10017,#10018),
(#10019,#10020),(#10021,#10022),(#10023,#10024),(#10025,#10026),(#10027,
#10028),(#10029,#10030),(#10031,#10032),(#10033,#10034)),.UNSPECIFIED.,
 .F.,.F.,.F.,(4,2,2,2,4),(2,2),(-0.75896800247447,-0.711523898269344,-0.664079794064218,
-0.616652929097003,-0.569227864125544),(0.,0.684749009995238),
 .UNSPECIFIED.);
#34=B_SPLINE_SURFACE_WITH_KNOTS('',3,3,((#10116,#10117,#10118,#10119,#10120,
#10121,#10122,#10123,#10124,#10125),(#10126,#10127,#10128,#10129,#10130,
#10131,#10132,#10133,#10134,#10135),(#10136,#10137,#10138,#10139,#10140,
#10141,#10142,#10143,#10144,#10145),(#10146,#10147,#10148,#10149,#10150,
#10151,#10152,#10153,#10154,#10155)),.UNSPECIFIED.,.F.,.F.,.F.,(4,4),(4,
2,2,2,4),(0.,1.),(-1.32879818259824E-15,0.0484089446557634,0.0968178893115268,
0.145207743096328,0.193599396876983),.UNSPECIFIED.);
#35=B_SPLINE_SURFACE_WITH_KNOTS('',3,3,((#10168,#10169,#10170,#10171,#10172,
#10173,#10174,#10175,#10176,#10177),(#10178,#10179,#10180,#10181,#10182,
#10183,#10184,#10185,#10186,#10187),(#10188,#10189,#10190,#10191,#10192,
#10193,#10194,#10195,#10196,#10197),(#10198,#10199,#10200,#10201,#10202,
#10203,#10204,#10205,#10206,#10207)),.UNSPECIFIED.,.F.,.F.,.F.,(4,4),(4,
2,2,2,4),(0.,1.),(0.580794655666723,0.629182681196848,0.677572506722825,
0.725981447125971,0.774390387529117),.UNSPECIFIED.);
#36=B_SPLINE_SURFACE_WITH_KNOTS('',3,3,((#10224,#10225,#10226,#10227,#10228,
#10229,#10230,#10231,#10232,#10233),(#10234,#10235,#10236,#10237,#10238,
#10239,#10240,#10241,#10242,#10243),(#10244,#10245,#10246,#10247,#10248,
#10249,#10250,#10251,#10252,#10253),(#10254,#10255,#10256,#10257,#10258,
#10259,#10260,#10261,#10262,#10263)),.UNSPECIFIED.,.F.,.F.,.F.,(4,4),(4,
2,2,2,4),(0.,1.),(-4.13466030121036E-17,0.0484089404031462,0.0968178808062923,
0.145207706332269,0.193597531858247),.UNSPECIFIED.);
#37=B_SPLINE_SURFACE_WITH_KNOTS('',3,3,((#10276,#10277,#10278,#10279,#10280,
#10281,#10282,#10283,#10284,#10285),(#10286,#10287,#10288,#10289,#10290,
#10291,#10292,#10293,#10294,#10295),(#10296,#10297,#10298,#10299,#10300,
#10301,#10302,#10303,#10304,#10305),(#10306,#10307,#10308,#10309,#10310,
#10311,#10312,#10313,#10314,#10315)),.UNSPECIFIED.,.F.,.F.,.F.,(4,4),(4,
2,2,2,4),(0.,1.),(0.580792790643388,0.629182644428189,0.677572498212991,
0.725981442868754,0.774390387524517),.UNSPECIFIED.);
#38=B_SPLINE_SURFACE_WITH_KNOTS('',3,1,((#10326,#10327),(#10328,#10329),
(#10330,#10331),(#10332,#10333),(#10334,#10335),(#10336,#10337),(#10338,
#10339),(#10340,#10341),(#10342,#10343),(#10344,#10345)),.UNSPECIFIED.,
 .F.,.F.,.F.,(4,2,2,2,4),(2,2),(0.580794655666724,0.629182681196848,0.677572506722825,
0.725981447125971,0.774390387529117),(0.,0.7),.UNSPECIFIED.);
#39=B_SPLINE_SURFACE_WITH_KNOTS('',3,1,((#10362,#10363),(#10364,#10365),
(#10366,#10367),(#10368,#10369),(#10370,#10371),(#10372,#10373),(#10374,
#10375),(#10376,#10377),(#10378,#10379),(#10380,#10381),(#10382,#10383),
(#10384,#10385)),.UNSPECIFIED.,.F.,.F.,.F.,(4,2,2,2,2,4),(2,2),(0.,0.0484089446557634,
0.0968178893115268,0.145207743096328,0.193597596881129,0.193599396876983),
(0.,0.7),.UNSPECIFIED.);
#40=B_SPLINE_SURFACE_WITH_KNOTS('',3,1,((#10404,#10405),(#10406,#10407),
(#10408,#10409),(#10410,#10411),(#10412,#10413),(#10414,#10415),(#10416,
#10417),(#10418,#10419),(#10420,#10421),(#10422,#10423)),.UNSPECIFIED.,
 .F.,.F.,.F.,(4,2,2,2,4),(2,2),(0.580792790643388,0.629182644428189,0.677572498212991,
0.725981442868754,0.774390387524517),(0.,0.7),.UNSPECIFIED.);
#41=B_SPLINE_SURFACE_WITH_KNOTS('',3,1,((#10438,#10439),(#10440,#10441),
(#10442,#10443),(#10444,#10445),(#10446,#10447),(#10448,#10449),(#10450,
#10451),(#10452,#10453),(#10454,#10455),(#10456,#10457)),.UNSPECIFIED.,
 .F.,.F.,.F.,(4,2,2,2,4),(2,2),(0.,0.0484089404031462,0.0968178808062923,
0.145207706332269,0.193597531858247),(0.,0.7),.UNSPECIFIED.);
#42=B_SPLINE_SURFACE_WITH_KNOTS('',3,1,((#10524,#10525),(#10526,#10527),
(#10528,#10529),(#10530,#10531),(#10532,#10533),(#10534,#10535),(#10536,
#10537),(#10538,#10539),(#10540,#10541),(#10542,#10543)),.UNSPECIFIED.,
 .F.,.F.,.F.,(4,2,2,2,4),(2,2),(-0.189740138348927,-0.142315073377467,-0.0948882084102524,
-0.0474441042051262,0.),(0.,0.684749009995238),.UNSPECIFIED.);
#43=SHAPE_REPRESENTATION_RELATIONSHIP('SRR','None',#11070,#45);
#44=SHAPE_REPRESENTATION_RELATIONSHIP('SRR','None',#11071,#46);
#45=ADVANCED_BREP_SHAPE_REPRESENTATION('',(#47),#11054);
#46=ADVANCED_BREP_SHAPE_REPRESENTATION('',(#48),#11055);
#47=MANIFOLD_SOLID_BREP('Body1',#5596);
#48=MANIFOLD_SOLID_BREP('Body1',#5597);
#49=CONICAL_SURFACE('',#5755,5.32677669529664,0.785398163397449);
#50=CONICAL_SURFACE('',#5964,5.15,0.785398163397449);
#51=CONICAL_SURFACE('',#6042,1.5,0.785398163397397);
#52=CONICAL_SURFACE('',#6060,6.4,0.785398163397412);
#53=CONICAL_SURFACE('',#6064,6.4,0.785398163397412);
#54=CONICAL_SURFACE('',#6073,7.3,0.785398163397343);
#55=CONICAL_SURFACE('',#6081,3.15000899999993,0.785398163397459);
#56=CONICAL_SURFACE('',#6085,3.15000899999994,0.785398163397461);
#57=CONICAL_SURFACE('',#6089,3.15000899999994,0.785398163397451);
#58=CONICAL_SURFACE('',#6093,3.15000899999994,0.785398163397455);
#59=B_SPLINE_CURVE_WITH_KNOTS('',3,(#7928,#7929,#7930,#7931,#7932,#7933,
#7934,#7935,#7936,#7937),.UNSPECIFIED.,.F.,.F.,(4,2,2,2,4),(0.260460657702253,
0.282165492185529,0.303870326668805,0.325575592420481,0.347280858172158),
 .UNSPECIFIED.);
#60=B_SPLINE_CURVE_WITH_KNOTS('',3,(#7941,#7942,#7943,#7944,#7945,#7946,
#7947,#7948,#7949,#7950),.UNSPECIFIED.,.F.,.F.,(4,2,2,2,4),(0.,0.0217052657516758,
0.0434105315033516,0.0651153659866271,0.0868202004699025),.UNSPECIFIED.);
#61=B_SPLINE_CURVE_WITH_KNOTS('',3,(#7954,#7955,#7956,#7957,#7958,#7959,
#7960,#7961,#7962,#7963),.UNSPECIFIED.,.F.,.F.,(4,2,2,2,4),(0.283091219840687,
0.306681824753621,0.330272429666555,0.35386368361093,0.377454937555304),
 .UNSPECIFIED.);
#62=B_SPLINE_CURVE_WITH_KNOTS('',3,(#7967,#7968,#7969,#7970,#7971,#7972,
#7973,#7974,#7975,#7976),.UNSPECIFIED.,.F.,.F.,(4,2,2,2,4),(0.,0.0235912539443746,
0.0471825078887491,0.0707731128016833,0.0943620309303053),.UNSPECIFIED.);
#63=B_SPLINE_CURVE_WITH_KNOTS('',3,(#8002,#8003,#8004,#8005,#8006,#8007,
#8008,#8009,#8010,#8011,#8012,#8013,#8014,#8015,#8016,#8017,#8018,#8019,
#8020),.UNSPECIFIED.,.F.,.F.,(4,2,2,2,3,2,2,2,4),(-0.113339904349287,-0.0850057488960042,
-0.0566715934427212,-0.0283357967213606,0.,0.0283357967213606,0.0566715934427212,
0.0850057488960043,0.113339904349287),.UNSPECIFIED.);
#64=B_SPLINE_CURVE_WITH_KNOTS('',3,(#8061,#8062,#8063,#8064,#8065,#8066,
#8067,#8068,#8069,#8070),.UNSPECIFIED.,.F.,.F.,(4,2,2,2,4),(-0.915440148460403,
-0.858195339119162,-0.80095052977792,-0.743765374732229,-0.686580219686539),
 .UNSPECIFIED.);
#65=B_SPLINE_CURVE_WITH_KNOTS('',3,(#8074,#8075,#8076,#8077,#8078,#8079,
#8080,#8081,#8082,#8083),.UNSPECIFIED.,.F.,.F.,(4,2,2,2,4),(-0.228859928773865,
-0.171674773728174,-0.114489618682484,-0.0572448093412419,0.),
 .UNSPECIFIED.);
#66=B_SPLINE_CURVE_WITH_KNOTS('',3,(#8087,#8088,#8089,#8090,#8091,#8092,
#8093,#8094,#8095,#8096,#8097,#8098),.UNSPECIFIED.,.F.,.F.,(4,2,2,2,2,4),
(-0.946830477838647,-0.887618005873983,-0.828405533909319,-0.769264196144152,
-0.710122858378985,-0.710121058382198),.UNSPECIFIED.);
#67=B_SPLINE_CURVE_WITH_KNOTS('',3,(#8102,#8103,#8104,#8105,#8106,#8107,
#8108,#8109,#8110,#8111),.UNSPECIFIED.,.F.,.F.,(4,2,2,2,4),(-0.236707732667453,
-0.177566366617349,-0.118425000567244,-0.0592125002836222,0.),
 .UNSPECIFIED.);
#68=B_SPLINE_CURVE_WITH_KNOTS('',3,(#8147,#8148,#8149,#8150,#8151,#8152,
#8153,#8154,#8155,#8156,#8157,#8158,#8159,#8160,#8161,#8162,#8163,#8164,
#8165),.UNSPECIFIED.,.F.,.F.,(4,2,2,2,3,2,2,2,4),(-0.113339928610247,-0.0850057623092717,
-0.0566715960082964,-0.0283357980041482,0.,0.0283357980041482,0.0566715960082964,
0.0850057623092717,0.113339928610247),.UNSPECIFIED.);
#69=B_SPLINE_CURVE_WITH_KNOTS('',3,(#8183,#8184,#8185,#8186,#8187,#8188,
#8189,#8190,#8191,#8192,#8193,#8194),.UNSPECIFIED.,.F.,.F.,(4,2,2,2,2,4),
(0.283089516380448,0.28309120316476,0.306681813052007,0.330272422939253,
0.353863680246134,0.377454937553014),.UNSPECIFIED.);
#70=B_SPLINE_CURVE_WITH_KNOTS('',3,(#8197,#8198,#8199,#8200,#8201,#8202,
#8203,#8204,#8205,#8206),.UNSPECIFIED.,.F.,.F.,(4,2,2,2,4),(0.,0.0235912573068808,
0.0471825146137616,0.0707731245010078,0.0943637343882539),.UNSPECIFIED.);
#71=B_SPLINE_CURVE_WITH_KNOTS('',3,(#8208,#8209,#8210,#8211,#8212,#8213,
#8214,#8215,#8216,#8217),.UNSPECIFIED.,.F.,.F.,(4,2,2,2,4),(0.260460643627547,
0.282165484448219,0.303870325268892,0.325575591719479,0.347280858170066),
 .UNSPECIFIED.);
#72=B_SPLINE_CURVE_WITH_KNOTS('',3,(#8220,#8221,#8222,#8223,#8224,#8225,
#8226,#8227,#8228,#8229),.UNSPECIFIED.,.F.,.F.,(4,2,2,2,4),(0.,0.0217052664505865,
0.0434105329011729,0.0651153737218447,0.0868202145425164),.UNSPECIFIED.);
#73=B_SPLINE_CURVE_WITH_KNOTS('',3,(#8245,#8246,#8247,#8248,#8249,#8250,
#8251,#8252,#8253,#8254),.UNSPECIFIED.,.F.,.F.,(4,2,2,2,4),(-0.946830477845822,
-0.88761804362982,-0.828405609413819,-0.769264348970347,-0.710123088526875),
 .UNSPECIFIED.);
#74=B_SPLINE_CURVE_WITH_KNOTS('',3,(#8257,#8258,#8259,#8260,#8261,#8262,
#8263,#8264,#8265,#8266),.UNSPECIFIED.,.F.,.F.,(4,2,2,2,4),(-0.236705702529951,
-0.177566213798338,-0.118424925069937,-0.0592124625349687,0.),
 .UNSPECIFIED.);
#75=B_SPLINE_CURVE_WITH_KNOTS('',3,(#8268,#8269,#8270,#8271,#8272,#8273,
#8274,#8275,#8276,#8277),.UNSPECIFIED.,.F.,.F.,(4,2,2,2,4),(-0.915440148453587,
-0.858195330643113,-0.800950512832639,-0.743765312086415,-0.686580111340191),
 .UNSPECIFIED.);
#76=B_SPLINE_CURVE_WITH_KNOTS('',3,(#8280,#8281,#8282,#8283,#8284,#8285,
#8286,#8287,#8288,#8289),.UNSPECIFIED.,.F.,.F.,(4,2,2,2,4),(-0.228860037113395,
-0.171674836367172,-0.114489635620948,-0.057244817810474,0.),
 .UNSPECIFIED.);
#77=B_SPLINE_CURVE_WITH_KNOTS('',3,(#8318,#8319,#8320,#8321,#8322,#8323,
#8324,#8325,#8326,#8327,#8328,#8329,#8330,#8331,#8332,#8333,#8334),
 .UNSPECIFIED.,.F.,.F.,(4,2,2,2,3,2,2,4),(-0.113340041818021,-0.0850058587965506,
-0.05667167577508,-0.0283358610494737,-4.63238674225375E-8,0.028335768401739,
0.0566715831273454,0.0784993592985555),.UNSPECIFIED.);
#78=B_SPLINE_CURVE_WITH_KNOTS('',3,(#8336,#8337,#8338,#8339,#8340,#8341,
#8342,#8343,#8344,#8345,#8346,#8347,#8348,#8349,#8350,#8351,#8352),
 .UNSPECIFIED.,.F.,.F.,(4,2,2,3,2,2,2,4),(-0.0785078684150753,-0.0566716063281251,
-0.0283358263274825,-4.63268398365191E-8,0.0283357336738028,0.0566715136744455,
0.0850056524079792,0.113339791141513),.UNSPECIFIED.);
#79=B_SPLINE_CURVE_WITH_KNOTS('',3,(#8657,#8658,#8659,#8660,#8661,#8662,
#8663,#8664,#8665,#8666,#8667,#8668),.UNSPECIFIED.,.F.,.F.,(4,2,2,2,2,4),
(0.465925932097261,0.465927618884827,0.504750884139293,0.54357414939376,
0.582405487286765,0.621236825179769),.UNSPECIFIED.);
#80=B_SPLINE_CURVE_WITH_KNOTS('',3,(#8670,#8671,#8672,#8673,#8674,#8675,
#8676,#8677,#8678,#8679),.UNSPECIFIED.,.F.,.F.,(4,2,2,2,4),(0.,0.0388313350981859,
0.0776626701963717,0.116485914891446,0.155307472798954),.UNSPECIFIED.);
#81=B_SPLINE_CURVE_WITH_KNOTS('',3,(#8704,#8705,#8706,#8707,#8708,#8709,
#8710,#8711,#8712,#8713),.UNSPECIFIED.,.F.,.F.,(4,2,2,2,4),(0.,0.0388313378930045,
0.077662675786009,0.116485941040476,0.120921082635365),.UNSPECIFIED.);
#82=B_SPLINE_CURVE_WITH_KNOTS('',3,(#8715,#8716,#8717,#8718,#8719,#8720,
#8721,#8722,#8723,#8724),.UNSPECIFIED.,.F.,.F.,(4,2,2,2,4),(0.500327431095635,
0.504750910292357,0.543574154987431,0.582405490085617,0.621236825183803),
 .UNSPECIFIED.);
#83=B_SPLINE_CURVE_WITH_KNOTS('',3,(#8977,#8978,#8979,#8980,#8981,#8982,
#8983,#8984,#8985,#8986,#8987,#8988),.UNSPECIFIED.,.F.,.F.,(4,2,2,2,2,4),
(-0.189743800613253,-0.189742000617497,-0.14231510853498,-0.0948882164524623,
-0.0474441082262312,0.),.UNSPECIFIED.);
#84=B_SPLINE_CURVE_WITH_KNOTS('',3,(#8992,#8993,#8994,#8995,#8996,#8997,
#8998,#8999,#9000,#9001,#9002,#9003),.UNSPECIFIED.,.F.,.F.,(4,2,2,2,2,4),
(-0.758968002469991,-0.711523894243759,-0.664079786017528,-0.61665289393501,
-0.569226001852493,-0.569224201856738),.UNSPECIFIED.);
#85=B_SPLINE_CURVE_WITH_KNOTS('',3,(#9007,#9008,#9009,#9010,#9011,#9012,
#9013,#9014,#9015,#9016),.UNSPECIFIED.,.F.,.F.,(4,2,2,2,4),(-0.197457009227003,
-0.148103334995974,-0.0987496607649446,-0.0493748303824723,0.),
 .UNSPECIFIED.);
#86=B_SPLINE_CURVE_WITH_KNOTS('',3,(#9020,#9021,#9022,#9023,#9024,#9025,
#9026,#9027,#9028,#9029),.UNSPECIFIED.,.F.,.F.,(4,2,2,2,4),(-0.789828308305561,
-0.740453477923089,-0.691078647540616,-0.641724973309587,-0.592373099074505),
 .UNSPECIFIED.);
#87=B_SPLINE_CURVE_WITH_KNOTS('',3,(#9067,#9068,#9069,#9070,#9071,#9072,
#9073,#9074,#9075,#9076,#9077,#9078),.UNSPECIFIED.,.F.,.F.,(4,2,2,2,2,4),
(-0.124732382613447,-0.124730582620169,-0.0935489542872588,-0.062367325954349,
-0.0311836629771745,0.),.UNSPECIFIED.);
#88=B_SPLINE_CURVE_WITH_KNOTS('',3,(#9082,#9083,#9084,#9085,#9086,#9087,
#9088,#9089,#9090,#9091,#9092,#9093),.UNSPECIFIED.,.F.,.F.,(4,2,2,2,2,4),
(-0.498922330480674,-0.467738667503499,-0.436555004526325,-0.405373376193415,
-0.374191747860505,-0.374189947867225),.UNSPECIFIED.);
#89=B_SPLINE_CURVE_WITH_KNOTS('',3,(#9097,#9098,#9099,#9100,#9101,#9102,
#9103,#9104,#9105,#9106,#9107,#9108),.UNSPECIFIED.,.F.,.F.,(4,2,2,2,2,4),
(-0.132309638264506,-0.132307838270818,-0.0992322498263263,-0.0661566613818345,
-0.0330783306909172,0.),.UNSPECIFIED.);
#90=B_SPLINE_CURVE_WITH_KNOTS('',3,(#9112,#9113,#9114,#9115,#9116,#9117,
#9118,#9119,#9120,#9121),.UNSPECIFIED.,.F.,.F.,(4,2,2,2,4),(-0.52923135308327,
-0.496153022392353,-0.463074691701436,-0.429999103256944,-0.396923514812452),
 .UNSPECIFIED.);
#91=B_SPLINE_CURVE_WITH_KNOTS('',3,(#9164,#9165,#9166,#9167,#9168,#9169,
#9170,#9171,#9172,#9173,#9174,#9175,#9176,#9177,#9178,#9179,#9180,#9181,
#9182,#9183,#9184),.UNSPECIFIED.,.F.,.F.,(4,2,2,2,2,3,2,2,2,4),(-0.0754249746220372,
-0.0754231746333661,-0.0565674617527848,-0.0377117488722035,-0.0188558744361018,
0.,0.0188558744361018,0.0377117488722035,0.0565674617527848,0.0754231746333661),
 .UNSPECIFIED.);
#92=B_SPLINE_CURVE_WITH_KNOTS('',3,(#9307,#9308,#9309,#9310,#9311,#9312,
#9313,#9314,#9315,#9316,#9317,#9318),.UNSPECIFIED.,.F.,.F.,(4,2,2,2,2,4),
(-0.197458877071157,-0.19745707707521,-0.148103373415134,-0.0987496697550586,
-0.0493748348775293,0.),.UNSPECIFIED.);
#93=B_SPLINE_CURVE_WITH_KNOTS('',3,(#9321,#9322,#9323,#9324,#9325,#9326,
#9327,#9328,#9329,#9330),.UNSPECIFIED.,.F.,.F.,(4,2,2,2,4),(-0.789828308300841,
-0.740453473423312,-0.691078638545782,-0.641724934885707,-0.592371231225631),
 .UNSPECIFIED.);
#94=B_SPLINE_CURVE_WITH_KNOTS('',3,(#9332,#9333,#9334,#9335,#9336,#9337,
#9338,#9339,#9340,#9341),.UNSPECIFIED.,.F.,.F.,(4,2,2,2,4),(-0.189740138348927,
-0.142315073377467,-0.0948882084102524,-0.0474441042051262,0.),
 .UNSPECIFIED.);
#95=B_SPLINE_CURVE_WITH_KNOTS('',3,(#9344,#9345,#9346,#9347,#9348,#9349,
#9350,#9351,#9352,#9353),.UNSPECIFIED.,.F.,.F.,(4,2,2,2,4),(-0.75896800247447,
-0.711523898269344,-0.664079794064218,-0.616652929097003,-0.569227864125544),
 .UNSPECIFIED.);
#96=B_SPLINE_CURVE_WITH_KNOTS('',3,(#9368,#9369,#9370,#9371,#9372,#9373,
#9374,#9375,#9376,#9377),.UNSPECIFIED.,.F.,.F.,(4,2,2,2,4),(-0.132307809075783,
-0.0992322292714974,-0.0661566494672118,-0.0330783247336059,0.),
 .UNSPECIFIED.);
#97=B_SPLINE_CURVE_WITH_KNOTS('',3,(#9380,#9381,#9382,#9383,#9384,#9385,
#9386,#9387,#9388,#9389),.UNSPECIFIED.,.F.,.F.,(4,2,2,2,4),(-0.529231353086172,
-0.496153028352566,-0.46307470361896,-0.429999123814674,-0.396925344004076),
 .UNSPECIFIED.);
#98=B_SPLINE_CURVE_WITH_KNOTS('',3,(#9391,#9392,#9393,#9394,#9395,#9396,
#9397,#9398,#9399,#9400),.UNSPECIFIED.,.F.,.F.,(4,2,2,2,4),(-0.124728756777934,
-0.0935489399831737,-0.0623673231951331,-0.0311836615975666,0.),
 .UNSPECIFIED.);
#99=B_SPLINE_CURVE_WITH_KNOTS('',3,(#9403,#9404,#9405,#9406,#9407,#9408,
#9409,#9410,#9411,#9412),.UNSPECIFIED.,.F.,.F.,(4,2,2,2,4),(-0.498922330483388,
-0.467738668885822,-0.436555007288256,-0.405373390500215,-0.374193573705453),
 .UNSPECIFIED.);
#100=B_SPLINE_CURVE_WITH_KNOTS('',3,(#9450,#9451,#9452,#9453,#9454,#9455,
#9456,#9457,#9458,#9459,#9460,#9461,#9462,#9463,#9464,#9465,#9466,#9467,
#9468),.UNSPECIFIED.,.F.,.F.,(4,2,2,2,3,2,2,2,4),(-0.0754213653690447,-0.0565674566684106,
-0.0377117479791049,-0.0188558739895524,0.,0.0188558739895525,0.0377117479791049,
0.0565674566684106,0.0754213653690453),.UNSPECIFIED.);
#101=B_SPLINE_CURVE_WITH_KNOTS('',3,(#9578,#9579,#9580,#9581,#9582,#9583,
#9584,#9585,#9586,#9587),.UNSPECIFIED.,.F.,.F.,(4,2,2,2,4),(-0.774390387524517,
-0.725981442868754,-0.677572498212991,-0.629182644428189,-0.580792790643388),
 .UNSPECIFIED.);
#102=B_SPLINE_CURVE_WITH_KNOTS('',3,(#9592,#9593,#9594,#9595,#9596,#9597,
#9598,#9599,#9600,#9601),.UNSPECIFIED.,.F.,.F.,(4,2,2,2,4),(-0.193597531858247,
-0.145207706332269,-0.0968178808062923,-0.0484089404031462,0.),
 .UNSPECIFIED.);
#103=B_SPLINE_CURVE_WITH_KNOTS('',3,(#9624,#9625,#9626,#9627,#9628,#9629,
#9630,#9631,#9632,#9633),.UNSPECIFIED.,.F.,.F.,(4,2,2,2,4),(-0.774390387529117,
-0.725981447125971,-0.677572506722825,-0.629182681196848,-0.580794655666724),
 .UNSPECIFIED.);
#104=B_SPLINE_CURVE_WITH_KNOTS('',3,(#9635,#9636,#9637,#9638,#9639,#9640,
#9641,#9642,#9643,#9644,#9645,#9646),.UNSPECIFIED.,.F.,.F.,(4,2,2,2,2,4),
(-0.193599396876983,-0.193597596881129,-0.145207743096328,-0.0968178893115268,
-0.0484089446557634,0.),.UNSPECIFIED.);
#105=B_SPLINE_CURVE_WITH_KNOTS('',3,(#9653,#9654,#9655,#9656,#9657,#9658,
#9659,#9660,#9661,#9662,#9663,#9664,#9665,#9666,#9667,#9668,#9669,#9670,
#9671),.UNSPECIFIED.,.F.,.F.,(4,2,2,2,3,2,2,2,4),(0.226271333166,0.245125241866634,
0.26398095055594,0.282836824545493,0.301692698535045,0.320548572524597,
0.33940444651415,0.358260155203456,0.377115863892761),.UNSPECIFIED.);
#106=B_SPLINE_CURVE_WITH_KNOTS('',3,(#9672,#9673,#9674,#9675,#9676,#9677,
#9678,#9679,#9680,#9681,#9682,#9683,#9684,#9685,#9686,#9687,#9688,#9689,
#9690,#9691,#9692),.UNSPECIFIED.,.F.,.F.,(4,2,2,2,3,2,2,2,2,4),(0.226269523900099,
0.24512523678068,0.263980949661262,0.282836824097363,0.301692698533465,
0.320548572969567,0.339404447405668,0.35826016028625,0.377115873166831,
0.377117673155502),.UNSPECIFIED.);
#107=B_SPLINE_CURVE_WITH_KNOTS('',3,(#9819,#9820,#9821,#9822,#9823,#9824,
#9825,#9826),.UNSPECIFIED.,.F.,.F.,(4,2,2,4),(0.569227864125544,0.616652929097003,
0.711523898269344,0.758968002474471),.UNSPECIFIED.);
#108=B_SPLINE_CURVE_WITH_KNOTS('',3,(#9827,#9828,#9829,#9830,#9831,#9832,
#9833,#9834),.UNSPECIFIED.,.F.,.F.,(4,2,2,4),(-0.758968002474471,-0.711523898269344,
-0.616652929097003,-0.569227864125544),.UNSPECIFIED.);
#109=B_SPLINE_CURVE_WITH_KNOTS('',3,(#9878,#9879,#9880,#9881,#9882,#9883,
#9884,#9885,#9886,#9887),.UNSPECIFIED.,.F.,.F.,(4,2,2,2,4),(-1.88182802673964E-16,
0.0474441082262312,0.0948882164524623,0.14231510853498,0.189743800613253),
 .UNSPECIFIED.);
#110=B_SPLINE_CURVE_WITH_KNOTS('',3,(#9888,#9889,#9890,#9891,#9892,#9893,
#9894,#9895,#9896,#9897),.UNSPECIFIED.,.F.,.F.,(4,2,2,2,4),(-0.189743800613253,
-0.14231510853498,-0.0948882164524623,-0.0474441082262312,1.88182802673964E-16),
 .UNSPECIFIED.);
#111=B_SPLINE_CURVE_WITH_KNOTS('',3,(#9950,#9951,#9952,#9953,#9954,#9955,
#9956,#9957,#9958,#9959),.UNSPECIFIED.,.F.,.F.,(4,2,2,2,4),(-1.87555428124449E-16,
0.0474441042051262,0.0948882084102524,0.142315073377467,0.189740138348927),
 .UNSPECIFIED.);
#112=B_SPLINE_CURVE_WITH_KNOTS('',3,(#9960,#9961,#9962,#9963,#9964,#9965,
#9966,#9967,#9968,#9969),.UNSPECIFIED.,.F.,.F.,(4,2,2,2,4),(-0.189740138348927,
-0.142315073377467,-0.0948882084102524,-0.0474441042051262,1.87555428124449E-16),
 .UNSPECIFIED.);
#113=B_SPLINE_CURVE_WITH_KNOTS('',3,(#9997,#9998,#9999,#10000),
 .UNSPECIFIED.,.F.,.F.,(4,4),(9.03405076317017E-8,2.00350400473355E-6),
 .UNSPECIFIED.);
#114=B_SPLINE_CURVE_WITH_KNOTS('',3,(#10002,#10003,#10004,#10005,#10006,
#10007,#10008,#10009,#10010,#10011,#10012,#10013),.UNSPECIFIED.,.F.,.F.,
(4,2,2,2,2,4),(0.,0.0485161014153016,0.095965963930487,0.146203230641842,
0.17246120994712,0.198082954007177),.UNSPECIFIED.);
#115=B_SPLINE_CURVE_WITH_KNOTS('',3,(#10037,#10038,#10039,#10040,#10041,
#10042,#10043,#10044,#10045,#10046,#10047,#10048),.UNSPECIFIED.,.F.,.F.,
(4,2,2,2,2,4),(0.,0.0481943186923458,0.0956036076237528,0.145918082063261,
0.172300132350924,0.198053324131184),.UNSPECIFIED.);
#116=B_SPLINE_CURVE_WITH_KNOTS('',3,(#10066,#10067,#10068,#10069,#10070,
#10071,#10072,#10073,#10074,#10075),.UNSPECIFIED.,.F.,.F.,(4,2,2,2,4),(-0.193599396876983,
-0.145207743096328,-0.0968178893115268,-0.0484089446557634,1.32879818259824E-15),
 .UNSPECIFIED.);
#117=B_SPLINE_CURVE_WITH_KNOTS('',3,(#10077,#10078,#10079,#10080,#10081,
#10082,#10083,#10084,#10085,#10086),.UNSPECIFIED.,.F.,.F.,(4,2,2,2,4),(-0.774390387529117,
-0.725981447125971,-0.677572506722825,-0.629182681196848,-0.580794655666723),
 .UNSPECIFIED.);
#118=B_SPLINE_CURVE_WITH_KNOTS('',3,(#10090,#10091,#10092,#10093,#10094,
#10095,#10096,#10097,#10098,#10099),.UNSPECIFIED.,.F.,.F.,(4,2,2,2,4),(-0.193597531858247,
-0.145207706332269,-0.0968178808062923,-0.0484089404031462,4.13466030121036E-17),
 .UNSPECIFIED.);
#119=B_SPLINE_CURVE_WITH_KNOTS('',3,(#10100,#10101,#10102,#10103,#10104,
#10105,#10106,#10107,#10108,#10109),.UNSPECIFIED.,.F.,.F.,(4,2,2,2,4),(-0.774390387524517,
-0.725981442868754,-0.677572498212991,-0.629182644428189,-0.580792790643388),
 .UNSPECIFIED.);
#120=B_SPLINE_CURVE_WITH_KNOTS('',3,(#10158,#10159,#10160,#10161,#10162,
#10163,#10164,#10165,#10166,#10167),.UNSPECIFIED.,.F.,.F.,(4,2,2,2,4),(-1.32879818259824E-15,
0.0484089446557634,0.0968178893115268,0.145207743096328,0.193599396876983),
 .UNSPECIFIED.);
#121=B_SPLINE_CURVE_WITH_KNOTS('',3,(#10210,#10211,#10212,#10213,#10214,
#10215,#10216,#10217,#10218,#10219),.UNSPECIFIED.,.F.,.F.,(4,2,2,2,4),(0.580794655666723,
0.629182681196848,0.677572506722825,0.725981447125971,0.774390387529117),
 .UNSPECIFIED.);
#122=B_SPLINE_CURVE_WITH_KNOTS('',3,(#10266,#10267,#10268,#10269,#10270,
#10271,#10272,#10273,#10274,#10275),.UNSPECIFIED.,.F.,.F.,(4,2,2,2,4),(-4.13466030121036E-17,
0.0484089404031462,0.0968178808062923,0.145207706332269,0.193597531858247),
 .UNSPECIFIED.);
#123=B_SPLINE_CURVE_WITH_KNOTS('',3,(#10316,#10317,#10318,#10319,#10320,
#10321,#10322,#10323,#10324,#10325),.UNSPECIFIED.,.F.,.F.,(4,2,2,2,4),(0.580792790643388,
0.629182644428189,0.677572498212991,0.725981442868754,0.774390387524517),
 .UNSPECIFIED.);
#124=B_SPLINE_CURVE_WITH_KNOTS('',3,(#10349,#10350,#10351,#10352,#10353,
#10354,#10355,#10356,#10357,#10358,#10359,#10360),.UNSPECIFIED.,.F.,.F.,
(4,2,2,2,2,4),(0.,0.0494458985582383,0.0979314732269521,0.149197119279683,
0.176005814344149,0.202083932747075),.UNSPECIFIED.);
#125=B_SPLINE_CURVE_WITH_KNOTS('',3,(#10388,#10389,#10390,#10391,#10392,
#10393,#10394,#10395,#10396,#10397,#10398,#10399),.UNSPECIFIED.,.F.,.F.,
(4,2,2,2,2,4),(0.,0.0490971236320666,0.0975422490665858,0.148896553030189,
0.175848109587307,0.202069135072302),.UNSPECIFIED.);
#126=B_SPLINE_CURVE_WITH_KNOTS('',3,(#10426,#10427,#10428,#10429,#10430,
#10431,#10432,#10433,#10434,#10435,#10436,#10437),.UNSPECIFIED.,.F.,.F.,
(4,2,2,2,2,4),(0.,0.0494458249620356,0.097931375739793,0.149197084307739,
0.176006768994349,0.202085794534533),.UNSPECIFIED.);
#127=B_SPLINE_CURVE_WITH_KNOTS('',3,(#10461,#10462,#10463,#10464,#10465,
#10466,#10467,#10468,#10469,#10470,#10471,#10472),.UNSPECIFIED.,.F.,.F.,
(4,2,2,2,2,4),(1.91315044757016E-6,0.0490971516014325,0.0975422170847763,
0.148896432147082,0.175847107163894,0.202067268237706),.UNSPECIFIED.);
#128=B_SPLINE_CURVE_WITH_KNOTS('',3,(#10473,#10474,#10475,#10476),
 .UNSPECIFIED.,.F.,.F.,(4,4),(0.,1.91315044756862E-6),.UNSPECIFIED.);
#129=B_SPLINE_CURVE_WITH_KNOTS('',3,(#10490,#10491,#10492,#10493,#10494,
#10495,#10496,#10497,#10498,#10499,#10500,#10501),.UNSPECIFIED.,.F.,.F.,
(4,2,2,2,2,4),(0.,0.0485151120855635,0.0959619501309058,0.146195920249936,
0.172451254358977,0.198070460502998),.UNSPECIFIED.);
#130=B_SPLINE_CURVE_WITH_KNOTS('',3,(#10503,#10504,#10505,#10506),
 .UNSPECIFIED.,.F.,.F.,(4,4),(0.189572205519229,0.189574005514977),
 .UNSPECIFIED.);
#131=B_SPLINE_CURVE_WITH_KNOTS('',3,(#10511,#10512,#10513,#10514,#10515,
#10516,#10517,#10518,#10519,#10520),.UNSPECIFIED.,.F.,.F.,(4,2,2,2,4),(0.189574173232083,
0.236960997859062,0.284347822486042,0.331747971325718,0.379148120165395),
 .UNSPECIFIED.);
#132=CYLINDRICAL_SURFACE('',#5653,3.724991);
#133=CYLINDRICAL_SURFACE('',#5658,3.724991);
#134=CYLINDRICAL_SURFACE('',#5663,3.724991);
#135=CYLINDRICAL_SURFACE('',#5668,3.724991);
#136=CYLINDRICAL_SURFACE('',#5672,3.724991);
#137=CYLINDRICAL_SURFACE('',#5676,3.724991);
#138=CYLINDRICAL_SURFACE('',#5680,3.724991);
#139=CYLINDRICAL_SURFACE('',#5684,3.724991);
#140=CYLINDRICAL_SURFACE('',#5694,0.75);
#141=CYLINDRICAL_SURFACE('',#5701,3.724991);
#142=CYLINDRICAL_SURFACE('',#5708,3.724991);
#143=CYLINDRICAL_SURFACE('',#5710,3.724991);
#144=CYLINDRICAL_SURFACE('',#5713,4.25000000000003);
#145=CYLINDRICAL_SURFACE('',#5716,4.25000000000002);
#146=CYLINDRICAL_SURFACE('',#5720,4.25000000000002);
#147=CYLINDRICAL_SURFACE('',#5723,4.25000000000004);
#148=CYLINDRICAL_SURFACE('',#5729,4.25000000000002);
#149=CYLINDRICAL_SURFACE('',#5733,4.25000000000004);
#150=CYLINDRICAL_SURFACE('',#5737,4.25000000000002);
#151=CYLINDRICAL_SURFACE('',#5741,4.25000000000003);
#152=CYLINDRICAL_SURFACE('',#5748,3.724991);
#153=CYLINDRICAL_SURFACE('',#5750,3.724991);
#154=CYLINDRICAL_SURFACE('',#5758,0.75);
#155=CYLINDRICAL_SURFACE('',#5761,3.724991);
#156=CYLINDRICAL_SURFACE('',#5764,0.625);
#157=CYLINDRICAL_SURFACE('',#5766,0.625000000000001);
#158=CYLINDRICAL_SURFACE('',#5771,0.575218120630874);
#159=CYLINDRICAL_SURFACE('',#5773,0.575218120630874);
#160=CYLINDRICAL_SURFACE('',#5777,0.949999999999998);
#161=CYLINDRICAL_SURFACE('',#5781,0.949999999999998);
#162=CYLINDRICAL_SURFACE('',#5786,0.949999999999998);
#163=CYLINDRICAL_SURFACE('',#5790,0.949999999999998);
#164=CYLINDRICAL_SURFACE('',#5796,1.025);
#165=CYLINDRICAL_SURFACE('',#5799,1.55);
#166=CYLINDRICAL_SURFACE('',#5803,1.025);
#167=CYLINDRICAL_SURFACE('',#5805,1.55);
#168=CYLINDRICAL_SURFACE('',#5808,3.724991);
#169=CYLINDRICAL_SURFACE('',#5809,0.35);
#170=CYLINDRICAL_SURFACE('',#5813,0.35);
#171=CYLINDRICAL_SURFACE('',#5818,1.5);
#172=CYLINDRICAL_SURFACE('',#5822,1.5);
#173=CYLINDRICAL_SURFACE('',#5825,3.724991);
#174=CYLINDRICAL_SURFACE('',#5830,3.724991);
#175=CYLINDRICAL_SURFACE('',#5832,3.724991);
#176=CYLINDRICAL_SURFACE('',#5842,3.974991);
#177=CYLINDRICAL_SURFACE('',#5849,3.974991);
#178=CYLINDRICAL_SURFACE('',#5851,3.974991);
#179=CYLINDRICAL_SURFACE('',#5855,4.50000000000003);
#180=CYLINDRICAL_SURFACE('',#5858,4.50000000000002);
#181=CYLINDRICAL_SURFACE('',#5862,4.65000000000002);
#182=CYLINDRICAL_SURFACE('',#5866,4.65000000000003);
#183=CYLINDRICAL_SURFACE('',#5870,4.50000000000002);
#184=CYLINDRICAL_SURFACE('',#5873,4.50000000000004);
#185=CYLINDRICAL_SURFACE('',#5877,4.65000000000002);
#186=CYLINDRICAL_SURFACE('',#5881,4.65000000000003);
#187=CYLINDRICAL_SURFACE('',#5885,3.974991);
#188=CYLINDRICAL_SURFACE('',#5892,3.974991);
#189=CYLINDRICAL_SURFACE('',#5894,3.974991);
#190=CYLINDRICAL_SURFACE('',#5902,3.974991);
#191=CYLINDRICAL_SURFACE('',#5904,4.50000000000002);
#192=CYLINDRICAL_SURFACE('',#5908,4.50000000000004);
#193=CYLINDRICAL_SURFACE('',#5912,4.65000000000003);
#194=CYLINDRICAL_SURFACE('',#5916,4.65000000000002);
#195=CYLINDRICAL_SURFACE('',#5920,4.50000000000002);
#196=CYLINDRICAL_SURFACE('',#5924,4.50000000000003);
#197=CYLINDRICAL_SURFACE('',#5928,4.65000000000002);
#198=CYLINDRICAL_SURFACE('',#5932,4.65000000000003);
#199=CYLINDRICAL_SURFACE('',#5940,3.974991);
#200=CYLINDRICAL_SURFACE('',#5942,3.974991);
#201=CYLINDRICAL_SURFACE('',#5945,3.974991);
#202=CYLINDRICAL_SURFACE('',#5947,3.974991);
#203=CYLINDRICAL_SURFACE('',#5949,3.974991);
#204=CYLINDRICAL_SURFACE('',#5954,3.974991);
#205=CYLINDRICAL_SURFACE('',#5955,4.4);
#206=CYLINDRICAL_SURFACE('',#5958,4.8);
#207=CYLINDRICAL_SURFACE('',#5968,0.5);
#208=CYLINDRICAL_SURFACE('',#5971,3.974991);
#209=CYLINDRICAL_SURFACE('',#5974,0.875);
#210=CYLINDRICAL_SURFACE('',#5976,0.875000000000001);
#211=CYLINDRICAL_SURFACE('',#5981,0.825218120630874);
#212=CYLINDRICAL_SURFACE('',#5983,0.825218120630874);
#213=CYLINDRICAL_SURFACE('',#5987,0.699999999999998);
#214=CYLINDRICAL_SURFACE('',#5990,0.699999999999998);
#215=CYLINDRICAL_SURFACE('',#5994,0.699999999999998);
#216=CYLINDRICAL_SURFACE('',#5997,0.699999999999998);
#217=CYLINDRICAL_SURFACE('',#6002,1.275);
#218=CYLINDRICAL_SURFACE('',#6005,1.3);
#219=CYLINDRICAL_SURFACE('',#6009,1.275);
#220=CYLINDRICAL_SURFACE('',#6011,1.3);
#221=CYLINDRICAL_SURFACE('',#6014,0.5);
#222=CYLINDRICAL_SURFACE('',#6015,3.974991);
#223=CYLINDRICAL_SURFACE('',#6016,0.6);
#224=CYLINDRICAL_SURFACE('',#6020,0.6);
#225=CYLINDRICAL_SURFACE('',#6025,1.25);
#226=CYLINDRICAL_SURFACE('',#6029,1.25);
#227=CYLINDRICAL_SURFACE('',#6032,3.974991);
#228=CYLINDRICAL_SURFACE('',#6035,3.974991);
#229=CYLINDRICAL_SURFACE('',#6037,3.974991);
#230=CYLINDRICAL_SURFACE('',#6051,4.224991);
#231=CYLINDRICAL_SURFACE('',#6054,1.25);
#232=CYLINDRICAL_SURFACE('',#6056,4.22499099995684);
#233=CYLINDRICAL_SURFACE('',#6101,3.);
#234=CYLINDRICAL_SURFACE('',#6107,3.);
#235=CYLINDRICAL_SURFACE('',#6112,3.);
#236=CYLINDRICAL_SURFACE('',#6117,3.);
#237=CYLINDRICAL_SURFACE('',#6121,8.74999999995664);
#238=CYLINDRICAL_SURFACE('',#6124,8.74999999995663);
#239=CYLINDRICAL_SURFACE('',#6127,2.);
#240=CYLINDRICAL_SURFACE('',#6133,2.);
#241=CYLINDRICAL_SURFACE('',#6138,2.);
#242=CYLINDRICAL_SURFACE('',#6142,2.);
#243=CYLINDRICAL_SURFACE('',#6145,8.74999999995663);
#244=CYLINDRICAL_SURFACE('',#6147,8.74999999995663);
#245=CYLINDRICAL_SURFACE('',#6157,4.2250062119765);
#246=CYLINDRICAL_SURFACE('',#6159,4.22499059099481);
#247=CYLINDRICAL_SURFACE('',#6168,4.224991);
#248=CYLINDRICAL_SURFACE('',#6170,4.22499099995684);
#249=CYLINDRICAL_SURFACE('',#6172,4.2250062119765);
#250=CYLINDRICAL_SURFACE('',#6174,4.22499059099481);
#251=CYLINDRICAL_SURFACE('',#6183,4.224991);
#252=CYLINDRICAL_SURFACE('',#6185,4.22499099995684);
#253=CYLINDRICAL_SURFACE('',#6187,4.2250062119765);
#254=CYLINDRICAL_SURFACE('',#6189,4.22499059099481);
#255=CYLINDRICAL_SURFACE('',#6198,4.224991);
#256=CYLINDRICAL_SURFACE('',#6199,4.22499099995684);
#257=CYLINDRICAL_SURFACE('',#6200,4.2250062119765);
#258=CYLINDRICAL_SURFACE('',#6201,4.22499059099481);
#259=CYLINDRICAL_SURFACE('',#6202,3.52500899999994);
#260=CYLINDRICAL_SURFACE('',#6206,3.52500899999993);
#261=CYLINDRICAL_SURFACE('',#6210,3.52500899999993);
#262=CYLINDRICAL_SURFACE('',#6215,3.52500899999994);
#263=(
BOUNDED_SURFACE()
B_SPLINE_SURFACE(2,2,((#7905,#7906,#7907),(#7908,#7909,#7910),(#7911,#7912,
#7913)),.UNSPECIFIED.,.F.,.F.,.F.)
B_SPLINE_SURFACE_WITH_KNOTS((3,3),(3,3),(-4.83222639180171E-6,0.925060597916985),
(1.57079632679485,3.14159265358983),.UNSPECIFIED.)
GEOMETRIC_REPRESENTATION_ITEM()
RATIONAL_B_SPLINE_SURFACE(((1.,0.707106781186517,1.),(0.89492523073796,
0.63280769930972,0.89492523073796),(1.,0.707106781186517,1.)))
REPRESENTATION_ITEM('')
SURFACE()
);
#264=(
BOUNDED_SURFACE()
B_SPLINE_SURFACE(2,2,((#7980,#7981,#7982),(#7983,#7984,#7985),(#7986,#7987,
#7988)),.UNSPECIFIED.,.F.,.F.,.F.)
B_SPLINE_SURFACE_WITH_KNOTS((3,3),(3,3),(-4.83222644867927E-6,0.925060597916947),
(-6.56264989346833E-15,1.57079632679493),.UNSPECIFIED.)
GEOMETRIC_REPRESENTATION_ITEM()
RATIONAL_B_SPLINE_SURFACE(((1.,0.707106781186535,1.),(0.894925230737978,
0.632807699309748,0.894925230737978),(1.,0.707106781186535,1.)))
REPRESENTATION_ITEM('')
SURFACE()
);
#265=(
BOUNDED_SURFACE()
B_SPLINE_SURFACE(2,2,((#8022,#8023,#8024),(#8025,#8026,#8027),(#8028,#8029,
#8030)),.UNSPECIFIED.,.F.,.F.,.F.)
B_SPLINE_SURFACE_WITH_KNOTS((3,3),(3,3),(-2.56807035601794E-6,0.925060597916879),
(-3.14159265358979,-1.57079632679489),.UNSPECIFIED.)
GEOMETRIC_REPRESENTATION_ITEM()
RATIONAL_B_SPLINE_SURFACE(((1.,0.707106781186546,1.),(0.894925735888915,
0.632808056505412,0.894925735888915),(1.,0.707106781186546,1.)))
REPRESENTATION_ITEM('')
SURFACE()
);
#266=(
BOUNDED_SURFACE()
B_SPLINE_SURFACE(2,2,((#8042,#8043,#8044),(#8045,#8046,#8047),(#8048,#8049,
#8050)),.UNSPECIFIED.,.F.,.F.,.F.)
B_SPLINE_SURFACE_WITH_KNOTS((3,3),(3,3),(-2.56807040970268E-6,0.925060597916806),
(-1.57079632679489,-2.13162017987161E-15),.UNSPECIFIED.)
GEOMETRIC_REPRESENTATION_ITEM()
RATIONAL_B_SPLINE_SURFACE(((1.,0.70710678118655,1.),(0.894925735888886,
0.632808056505394,0.894925735888886),(1.,0.70710678118655,1.)))
REPRESENTATION_ITEM('')
SURFACE()
);
#267=(
BOUNDED_SURFACE()
B_SPLINE_SURFACE(2,2,((#8113,#8114,#8115),(#8116,#8117,#8118),(#8119,#8120,
#8121)),.UNSPECIFIED.,.F.,.F.,.F.)
B_SPLINE_SURFACE_WITH_KNOTS((3,3),(3,3),(-4.52831218624821E-6,0.925060597916892),
(-3.14159265358977,-1.5707963267949),.UNSPECIFIED.)
GEOMETRIC_REPRESENTATION_ITEM()
RATIONAL_B_SPLINE_SURFACE(((1.,0.707106781186556,1.),(0.894925298543693,
0.632807747255649,0.894925298543693),(1.,0.707106781186556,1.)))
REPRESENTATION_ITEM('')
SURFACE()
);
#268=(
BOUNDED_SURFACE()
B_SPLINE_SURFACE(2,2,((#8131,#8132,#8133),(#8134,#8135,#8136),(#8137,#8138,
#8139)),.UNSPECIFIED.,.F.,.F.,.F.)
B_SPLINE_SURFACE_WITH_KNOTS((3,3),(3,3),(-4.52831223631584E-6,0.925060597916885),
(-1.5707963267949,2.1317962364816E-15),.UNSPECIFIED.)
GEOMETRIC_REPRESENTATION_ITEM()
RATIONAL_B_SPLINE_SURFACE(((1.,0.707106781186546,1.),(0.894925298543691,
0.632807747255638,0.894925298543691),(1.,0.707106781186546,1.)))
REPRESENTATION_ITEM('')
SURFACE()
);
#269=(
BOUNDED_SURFACE()
B_SPLINE_SURFACE(2,2,((#8166,#8167,#8168),(#8169,#8170,#8171),(#8172,#8173,
#8174)),.UNSPECIFIED.,.F.,.F.,.F.)
B_SPLINE_SURFACE_WITH_KNOTS((3,3),(3,3),(-2.58189679809954E-10,0.925060597916892),
(6.80932807348119E-15,1.57079632679489),.UNSPECIFIED.)
GEOMETRIC_REPRESENTATION_ITEM()
RATIONAL_B_SPLINE_SURFACE(((1.,0.707106781186553,1.),(0.894926308786477,
0.632808461605169,0.894926308786477),(1.,0.707106781186553,1.)))
REPRESENTATION_ITEM('')
SURFACE()
);
#270=(
BOUNDED_SURFACE()
B_SPLINE_SURFACE(2,2,((#8230,#8231,#8232),(#8233,#8234,#8235),(#8236,#8237,
#8238)),.UNSPECIFIED.,.F.,.F.,.F.)
B_SPLINE_SURFACE_WITH_KNOTS((3,3),(3,3),(-2.2643045090539E-6,0.925060597916796),
(1.57079632679489,3.1415926535898),.UNSPECIFIED.)
GEOMETRIC_REPRESENTATION_ITEM()
RATIONAL_B_SPLINE_SURFACE(((1.,0.707106781186545,1.),(0.894925803661396,
0.632808104427791,0.894925803661396),(1.,0.707106781186545,1.)))
REPRESENTATION_ITEM('')
SURFACE()
);
#271=(
BOUNDED_SURFACE()
B_SPLINE_SURFACE(2,2,((#8384,#8385,#8386),(#8387,#8388,#8389),(#8390,#8391,
#8392)),.UNSPECIFIED.,.F.,.F.,.F.)
B_SPLINE_SURFACE_WITH_KNOTS((3,3),(3,3),(1.08932249925746,1.57079632679499),
(-3.14159265358979,-1.57079632679487),.UNSPECIFIED.)
GEOMETRIC_REPRESENTATION_ITEM()
RATIONAL_B_SPLINE_SURFACE(((1.,0.707106781186539,1.),(0.971162544790996,
0.686715621056089,0.971162544790996),(1.,0.707106781186539,1.)))
REPRESENTATION_ITEM('')
SURFACE()
);
#272=(
BOUNDED_SURFACE()
B_SPLINE_SURFACE(2,2,((#8396,#8397,#8398),(#8399,#8400,#8401),(#8402,#8403,
#8404)),.UNSPECIFIED.,.F.,.F.,.F.)
B_SPLINE_SURFACE_WITH_KNOTS((3,3),(3,3),(1.08932249925739,1.57079632679493),
(1.57079632679483,3.14159265358984),.UNSPECIFIED.)
GEOMETRIC_REPRESENTATION_ITEM()
RATIONAL_B_SPLINE_SURFACE(((1.,0.707106781186506,1.),(0.971162544790995,
0.686715621056057,0.971162544790995),(1.,0.707106781186506,1.)))
REPRESENTATION_ITEM('')
SURFACE()
);
#273=(
BOUNDED_SURFACE()
B_SPLINE_SURFACE(2,2,((#8454,#8455,#8456),(#8457,#8458,#8459),(#8460,#8461,
#8462)),.UNSPECIFIED.,.F.,.F.,.F.)
B_SPLINE_SURFACE_WITH_KNOTS((3,3),(3,3),(1.08932249925745,1.57079632679497),
(-1.57079632679493,-1.33574209031415E-14),.UNSPECIFIED.)
GEOMETRIC_REPRESENTATION_ITEM()
RATIONAL_B_SPLINE_SURFACE(((1.,0.707106781186541,1.),(0.971162544790987,
0.686715621056085,0.971162544790987),(1.,0.707106781186541,1.)))
REPRESENTATION_ITEM('')
SURFACE()
);
#274=(
BOUNDED_SURFACE()
B_SPLINE_SURFACE(2,2,((#8513,#8514,#8515),(#8516,#8517,#8518),(#8519,#8520,
#8521)),.UNSPECIFIED.,.F.,.F.,.F.)
B_SPLINE_SURFACE_WITH_KNOTS((3,3),(3,3),(1.08932249925746,1.57079632679493),
(5.43566306738862E-15,1.57079632679485),.UNSPECIFIED.)
GEOMETRIC_REPRESENTATION_ITEM()
RATIONAL_B_SPLINE_SURFACE(((1.,0.707106781186565,1.),(0.971162544791006,
0.686715621056122,0.971162544791006),(1.,0.707106781186565,1.)))
REPRESENTATION_ITEM('')
SURFACE()
);
#275=(
BOUNDED_SURFACE()
B_SPLINE_SURFACE(2,2,((#8535,#8536,#8537),(#8538,#8539,#8540),(#8541,#8542,
#8543)),.UNSPECIFIED.,.F.,.F.,.F.)
B_SPLINE_SURFACE_WITH_KNOTS((3,3),(3,3),(1.08932249925747,1.57079632679489),
(1.57079632679486,3.14159265358983),.UNSPECIFIED.)
GEOMETRIC_REPRESENTATION_ITEM()
RATIONAL_B_SPLINE_SURFACE(((1.,0.707106781186523,1.),(0.971162544791008,
0.686715621056082,0.971162544791008),(1.,0.707106781186523,1.)))
REPRESENTATION_ITEM('')
SURFACE()
);
#276=(
BOUNDED_SURFACE()
B_SPLINE_SURFACE(2,2,((#8773,#8774,#8775),(#8776,#8777,#8778),(#8779,#8780,
#8781)),.UNSPECIFIED.,.F.,.F.,.F.)
B_SPLINE_SURFACE_WITH_KNOTS((3,3),(3,3),(1.08932249925747,1.57079632679488),
(-1.57079632679489,3.21509211747684E-15),.UNSPECIFIED.)
GEOMETRIC_REPRESENTATION_ITEM()
RATIONAL_B_SPLINE_SURFACE(((1.,0.707106781186547,1.),(0.971162544791003,
0.686715621056102,0.971162544791003),(1.,0.707106781186547,1.)))
REPRESENTATION_ITEM('')
SURFACE()
);
#277=(
BOUNDED_SURFACE()
B_SPLINE_SURFACE(2,2,((#8785,#8786,#8787),(#8788,#8789,#8790),(#8791,#8792,
#8793)),.UNSPECIFIED.,.F.,.F.,.F.)
B_SPLINE_SURFACE_WITH_KNOTS((3,3),(3,3),(1.08932249925747,1.5707963267949),
(-3.14159265358979,-1.57079632679488),.UNSPECIFIED.)
GEOMETRIC_REPRESENTATION_ITEM()
RATIONAL_B_SPLINE_SURFACE(((1.,0.707106781186541,1.),(0.971162544791001,
0.686715621056095,0.971162544791001),(1.,0.707106781186541,1.)))
REPRESENTATION_ITEM('')
SURFACE()
);
#278=(
BOUNDED_SURFACE()
B_SPLINE_SURFACE(2,2,((#8799,#8800,#8801),(#8802,#8803,#8804),(#8805,#8806,
#8807)),.UNSPECIFIED.,.F.,.F.,.F.)
B_SPLINE_SURFACE_WITH_KNOTS((3,3),(3,3),(1.08932249925746,1.57079632679489),
(-3.14188315765492E-14,1.57079632679493),.UNSPECIFIED.)
GEOMETRIC_REPRESENTATION_ITEM()
RATIONAL_B_SPLINE_SURFACE(((1.,0.707106781186523,1.),(0.971162544791049,
0.686715621056111,0.971162544791049),(1.,0.707106781186523,1.)))
REPRESENTATION_ITEM('')
SURFACE()
);
#279=(
BOUNDED_SURFACE()
B_SPLINE_SURFACE(2,2,((#8848,#8849,#8850),(#8851,#8852,#8853),(#8854,#8855,
#8856)),.UNSPECIFIED.,.F.,.F.,.F.)
B_SPLINE_SURFACE_WITH_KNOTS((3,3),(3,3),(1.05082620733745,1.57079632679493),
(-3.14159265358979,-1.57079632679476),.UNSPECIFIED.)
GEOMETRIC_REPRESENTATION_ITEM()
RATIONAL_B_SPLINE_SURFACE(((1.,0.7071067811865,1.),(0.966393818879839,0.683343622626653,
0.966393818879839),(1.,0.7071067811865,1.)))
REPRESENTATION_ITEM('')
SURFACE()
);
#280=(
BOUNDED_SURFACE()
B_SPLINE_SURFACE(2,2,((#8860,#8861,#8862),(#8863,#8864,#8865),(#8866,#8867,
#8868)),.UNSPECIFIED.,.F.,.F.,.F.)
B_SPLINE_SURFACE_WITH_KNOTS((3,3),(3,3),(1.05082620733749,1.57079632679491),
(1.57079632679491,3.14159265358979),.UNSPECIFIED.)
GEOMETRIC_REPRESENTATION_ITEM()
RATIONAL_B_SPLINE_SURFACE(((1.,0.707106781186551,1.),(0.966393818879842,
0.683343622626703,0.966393818879842),(1.,0.707106781186551,1.)))
REPRESENTATION_ITEM('')
SURFACE()
);
#281=(
BOUNDED_SURFACE()
B_SPLINE_SURFACE(2,2,((#9033,#9034,#9035),(#9036,#9037,#9038),(#9039,#9040,
#9041)),.UNSPECIFIED.,.F.,.F.,.F.)
B_SPLINE_SURFACE_WITH_KNOTS((3,3),(3,3),(-4.52831223087983E-6,1.00677363010946),
(-3.14159265358979,-1.57079632679491),.UNSPECIFIED.)
GEOMETRIC_REPRESENTATION_ITEM()
RATIONAL_B_SPLINE_SURFACE(((1.,0.70710678118655,1.),(0.875952713985239,
0.619392104057726,0.875952713985239),(1.,0.70710678118655,1.)))
REPRESENTATION_ITEM('')
SURFACE()
);
#282=(
BOUNDED_SURFACE()
B_SPLINE_SURFACE(2,2,((#9045,#9046,#9047),(#9048,#9049,#9050),(#9051,#9052,
#9053)),.UNSPECIFIED.,.F.,.F.,.F.)
B_SPLINE_SURFACE_WITH_KNOTS((3,3),(3,3),(-2.26401787773602E-6,1.00677363010939),
(1.57079632679488,3.14159265358981),.UNSPECIFIED.)
GEOMETRIC_REPRESENTATION_ITEM()
RATIONAL_B_SPLINE_SURFACE(((1.,0.707106781186535,1.),(0.875953260129086,
0.61939249023973,0.875953260129086),(1.,0.707106781186535,1.)))
REPRESENTATION_ITEM('')
SURFACE()
);
#283=(
BOUNDED_SURFACE()
B_SPLINE_SURFACE(2,2,((#9123,#9124,#9125),(#9126,#9127,#9128),(#9129,#9130,
#9131)),.UNSPECIFIED.,.F.,.F.,.F.)
B_SPLINE_SURFACE_WITH_KNOTS((3,3),(3,3),(-4.52831216490339E-6,1.00677363010948),
(-1.57079632679488,5.44448533167791E-14),.UNSPECIFIED.)
GEOMETRIC_REPRESENTATION_ITEM()
RATIONAL_B_SPLINE_SURFACE(((1.,0.707106781186534,1.),(0.875952713985273,
0.619392104057735,0.875952713985273),(1.,0.707106781186534,1.)))
REPRESENTATION_ITEM('')
SURFACE()
);
#284=(
BOUNDED_SURFACE()
B_SPLINE_SURFACE(2,2,((#9135,#9136,#9137),(#9138,#9139,#9140),(#9141,#9142,
#9143)),.UNSPECIFIED.,.F.,.F.,.F.)
B_SPLINE_SURFACE_WITH_KNOTS((3,3),(3,3),(1.05082620733751,1.57079632679496),
(-1.57079632679495,3.34531593829961E-14),.UNSPECIFIED.)
GEOMETRIC_REPRESENTATION_ITEM()
RATIONAL_B_SPLINE_SURFACE(((1.,0.707106781186516,1.),(0.966393818879832,
0.683343622626663,0.966393818879832),(1.,0.707106781186516,1.)))
REPRESENTATION_ITEM('')
SURFACE()
);
#285=(
BOUNDED_SURFACE()
B_SPLINE_SURFACE(2,2,((#9147,#9148,#9149),(#9150,#9151,#9152),(#9153,#9154,
#9155)),.UNSPECIFIED.,.F.,.F.,.F.)
B_SPLINE_SURFACE_WITH_KNOTS((3,3),(3,3),(-4.52831217009229E-6,1.00677363010941),
(-2.71591996022191E-14,1.57079632679492),.UNSPECIFIED.)
GEOMETRIC_REPRESENTATION_ITEM()
RATIONAL_B_SPLINE_SURFACE(((1.,0.707106781186528,1.),(0.875952713985287,
0.61939210405774,0.875952713985287),(1.,0.707106781186528,1.)))
REPRESENTATION_ITEM('')
SURFACE()
);
#286=(
BOUNDED_SURFACE()
B_SPLINE_SURFACE(2,2,((#9282,#9283,#9284),(#9285,#9286,#9287),(#9288,#9289,
#9290)),.UNSPECIFIED.,.F.,.F.,.F.)
B_SPLINE_SURFACE_WITH_KNOTS((3,3),(3,3),(-4.52831219713081E-6,1.00677363010949),
(-2.10849998273283E-14,1.57079632679487),.UNSPECIFIED.)
GEOMETRIC_REPRESENTATION_ITEM()
RATIONAL_B_SPLINE_SURFACE(((1.,0.70710678118655,1.),(0.875952713985236,
0.619392104057723,0.875952713985236),(1.,0.70710678118655,1.)))
REPRESENTATION_ITEM('')
SURFACE()
);
#287=(
BOUNDED_SURFACE()
B_SPLINE_SURFACE(2,2,((#9293,#9294,#9295),(#9296,#9297,#9298),(#9299,#9300,
#9301)),.UNSPECIFIED.,.F.,.F.,.F.)
B_SPLINE_SURFACE_WITH_KNOTS((3,3),(3,3),(1.05082620733748,1.57079632679499),
(-6.82663211044631E-14,1.57079632679487),.UNSPECIFIED.)
GEOMETRIC_REPRESENTATION_ITEM()
RATIONAL_B_SPLINE_SURFACE(((1.,0.707106781186532,1.),(0.966393818879838,
0.683343622626682,0.966393818879838),(1.,0.707106781186532,1.)))
REPRESENTATION_ITEM('')
SURFACE()
);
#288=(
BOUNDED_SURFACE()
B_SPLINE_SURFACE(2,2,((#9356,#9357,#9358),(#9359,#9360,#9361),(#9362,#9363,
#9364)),.UNSPECIFIED.,.F.,.F.,.F.)
B_SPLINE_SURFACE_WITH_KNOTS((3,3),(3,3),(-2.26429424418632E-6,1.0067736301094),
(-1.57079632679492,2.02494130271237E-14),.UNSPECIFIED.)
GEOMETRIC_REPRESENTATION_ITEM()
RATIONAL_B_SPLINE_SURFACE(((1.,0.707106781186534,1.),(0.875953260062433,
0.619392490192598,0.875953260062433),(1.,0.707106781186534,1.)))
REPRESENTATION_ITEM('')
SURFACE()
);
#289=(
BOUNDED_SURFACE()
B_SPLINE_SURFACE(2,2,((#9419,#9420,#9421),(#9422,#9423,#9424),(#9425,#9426,
#9427)),.UNSPECIFIED.,.F.,.F.,.F.)
B_SPLINE_SURFACE_WITH_KNOTS((3,3),(3,3),(-1.38169799205163E-10,1.00677363010941),
(1.57079632679485,3.14159265358984),.UNSPECIFIED.)
GEOMETRIC_REPRESENTATION_ITEM()
RATIONAL_B_SPLINE_SURFACE(((1.,0.707106781186514,1.),(0.87595380617176,
0.619392876350188,0.87595380617176),(1.,0.707106781186514,1.)))
REPRESENTATION_ITEM('')
SURFACE()
);
#290=(
BOUNDED_SURFACE()
B_SPLINE_SURFACE(2,2,((#9429,#9430,#9431),(#9432,#9433,#9434),(#9435,#9436,
#9437)),.UNSPECIFIED.,.F.,.F.,.F.)
B_SPLINE_SURFACE_WITH_KNOTS((3,3),(3,3),(1.0508262073375,1.57079632679495),
(1.57079632679488,3.14159265358979),.UNSPECIFIED.)
GEOMETRIC_REPRESENTATION_ITEM()
RATIONAL_B_SPLINE_SURFACE(((1.,0.707106781186541,1.),(0.966393818879835,
0.683343622626689,0.966393818879835),(1.,0.707106781186541,1.)))
REPRESENTATION_ITEM('')
SURFACE()
);
#291=(
BOUNDED_SURFACE()
B_SPLINE_SURFACE(2,2,((#9439,#9440,#9441),(#9442,#9443,#9444),(#9445,#9446,
#9447)),.UNSPECIFIED.,.F.,.F.,.F.)
B_SPLINE_SURFACE_WITH_KNOTS((3,3),(3,3),(-2.26401790212372E-6,1.00677363010935),
(-3.14159265358979,-1.57079632679489),.UNSPECIFIED.)
GEOMETRIC_REPRESENTATION_ITEM()
RATIONAL_B_SPLINE_SURFACE(((1.,0.707106781186544,1.),(0.875953260129104,
0.61939249023975,0.875953260129104),(1.,0.707106781186544,1.)))
REPRESENTATION_ITEM('')
SURFACE()
);
#292=(
BOUNDED_SURFACE()
B_SPLINE_SURFACE(2,2,((#9740,#9741,#9742),(#9743,#9744,#9745),(#9746,#9747,
#9748)),.UNSPECIFIED.,.F.,.F.,.F.)
B_SPLINE_SURFACE_WITH_KNOTS((3,3),(3,3),(1.0508262073375,1.57079632679495),
(-1.57079632679493,1.80491085114921E-14),.UNSPECIFIED.)
GEOMETRIC_REPRESENTATION_ITEM()
RATIONAL_B_SPLINE_SURFACE(((1.,0.707106781186528,1.),(0.96639381887983,
0.683343622626673,0.96639381887983),(1.,0.707106781186528,1.)))
REPRESENTATION_ITEM('')
SURFACE()
);
#293=(
BOUNDED_SURFACE()
B_SPLINE_SURFACE(2,2,((#9750,#9751,#9752),(#9753,#9754,#9755),(#9756,#9757,
#9758)),.UNSPECIFIED.,.F.,.F.,.F.)
B_SPLINE_SURFACE_WITH_KNOTS((3,3),(3,3),(1.05082620733751,1.57079632679497),
(-3.14159265358979,-1.57079632679489),.UNSPECIFIED.)
GEOMETRIC_REPRESENTATION_ITEM()
RATIONAL_B_SPLINE_SURFACE(((1.,0.707106781186545,1.),(0.966393818879859,
0.68334362262671,0.966393818879859),(1.,0.707106781186545,1.)))
REPRESENTATION_ITEM('')
SURFACE()
);
#294=(
BOUNDED_SURFACE()
B_SPLINE_SURFACE(2,2,((#9762,#9763,#9764),(#9765,#9766,#9767),(#9768,#9769,
#9770)),.UNSPECIFIED.,.F.,.F.,.F.)
B_SPLINE_SURFACE_WITH_KNOTS((3,3),(3,3),(1.05082620733749,1.57079632679495),
(-2.77204982535138E-15,1.57079632679488),.UNSPECIFIED.)
GEOMETRIC_REPRESENTATION_ITEM()
RATIONAL_B_SPLINE_SURFACE(((1.,0.707106781186553,1.),(0.966393818879831,
0.683343622626698,0.966393818879831),(1.,0.707106781186553,1.)))
REPRESENTATION_ITEM('')
SURFACE()
);
#295=(
BOUNDED_SURFACE()
B_SPLINE_SURFACE(2,2,((#10747,#10748,#10749),(#10750,#10751,#10752),(#10753,
#10754,#10755),(#10756,#10757,#10758),(#10759,#10760,#10761)),
 .UNSPECIFIED.,.F.,.F.,.F.)
B_SPLINE_SURFACE_WITH_KNOTS((3,2,3),(3,3),(-4.52817394578923E-6,0.785395899310476,
1.5707963267949),(-1.5707963267949,7.03505151625318E-15),.UNSPECIFIED.)
GEOMETRIC_REPRESENTATION_ITEM()
RATIONAL_B_SPLINE_SURFACE(((1.,0.707106781186545,1.),(0.923879099296402,
0.653281176109003,0.923879099296402),(1.,0.707106781186545,1.),(0.923879099296403,
0.653281176109004,0.923879099296403),(1.,0.707106781186545,1.)))
REPRESENTATION_ITEM('')
SURFACE()
);
#296=(
BOUNDED_SURFACE()
B_SPLINE_SURFACE(2,2,((#10765,#10766,#10767),(#10768,#10769,#10770),(#10771,
#10772,#10773)),.UNSPECIFIED.,.F.,.F.,.F.)
B_SPLINE_SURFACE_WITH_KNOTS((3,3),(3,3),(-1.00677363010938,-2.67809840708935E-7),
(-1.5707963267949,3.71339407073701E-15),.UNSPECIFIED.)
GEOMETRIC_REPRESENTATION_ITEM()
RATIONAL_B_SPLINE_SURFACE(((1.,0.707106781186546,1.),(0.875953870800156,
0.619392922049394,0.875953870800156),(1.,0.707106781186546,1.)))
REPRESENTATION_ITEM('')
SURFACE()
);
#297=(
BOUNDED_SURFACE()
B_SPLINE_SURFACE(2,2,((#10777,#10778,#10779),(#10780,#10781,#10782),(#10783,
#10784,#10785)),.UNSPECIFIED.,.F.,.F.,.F.)
B_SPLINE_SURFACE_WITH_KNOTS((3,3),(3,3),(-1.0508284572396,-1.00677590764982),
(-1.5707963267949,3.84142532591412E-15),.UNSPECIFIED.)
GEOMETRIC_REPRESENTATION_ITEM()
RATIONAL_B_SPLINE_SURFACE(((1.,0.707106781186546,1.),(0.999757431416551,
0.706935259296287,0.999757431416551),(1.,0.707106781186546,1.)))
REPRESENTATION_ITEM('')
SURFACE()
);
#298=(
BOUNDED_SURFACE()
B_SPLINE_SURFACE(2,2,((#10791,#10792,#10793),(#10794,#10795,#10796),(#10797,
#10798,#10799)),.UNSPECIFIED.,.F.,.F.,.F.)
B_SPLINE_SURFACE_WITH_KNOTS((3,3),(3,3),(-1.5707963267949,-1.05082634046788),
(-1.5707963267949,7.03505151625319E-15),.UNSPECIFIED.)
GEOMETRIC_REPRESENTATION_ITEM()
RATIONAL_B_SPLINE_SURFACE(((1.,0.707106781186545,1.),(0.966393835991518,
0.68334363472648,0.966393835991518),(1.,0.707106781186545,1.)))
REPRESENTATION_ITEM('')
SURFACE()
);
#299=(
BOUNDED_SURFACE()
B_SPLINE_SURFACE(2,2,((#10808,#10809,#10810),(#10811,#10812,#10813),(#10814,
#10815,#10816),(#10817,#10818,#10819),(#10820,#10821,#10822)),
 .UNSPECIFIED.,.F.,.F.,.F.)
B_SPLINE_SURFACE_WITH_KNOTS((3,2,3),(3,3),(-4.52817394578923E-6,0.785395899310475,
1.5707963267949),(-3.14159265358979,-1.57079632679489),.UNSPECIFIED.)
GEOMETRIC_REPRESENTATION_ITEM()
RATIONAL_B_SPLINE_SURFACE(((1.,0.707106781186545,1.),(0.923879099296402,
0.653281176109003,0.923879099296402),(1.,0.707106781186545,1.),(0.923879099296409,
0.653281176109008,0.923879099296409),(1.,0.707106781186545,1.)))
REPRESENTATION_ITEM('')
SURFACE()
);
#300=(
BOUNDED_SURFACE()
B_SPLINE_SURFACE(2,2,((#10826,#10827,#10828),(#10829,#10830,#10831),(#10832,
#10833,#10834)),.UNSPECIFIED.,.F.,.F.,.F.)
B_SPLINE_SURFACE_WITH_KNOTS((3,3),(3,3),(-1.00677363010938,-2.67809840708935E-7),
(-3.14159265358979,-1.57079632679489),.UNSPECIFIED.)
GEOMETRIC_REPRESENTATION_ITEM()
RATIONAL_B_SPLINE_SURFACE(((1.,0.707106781186546,1.),(0.875953870800145,
0.619392922049387,0.875953870800145),(1.,0.707106781186546,1.)))
REPRESENTATION_ITEM('')
SURFACE()
);
#301=(
BOUNDED_SURFACE()
B_SPLINE_SURFACE(2,2,((#10838,#10839,#10840),(#10841,#10842,#10843),(#10844,
#10845,#10846)),.UNSPECIFIED.,.F.,.F.,.F.)
B_SPLINE_SURFACE_WITH_KNOTS((3,3),(3,3),(-1.0508284572396,-1.00677590764982),
(-3.14159265358979,-1.57079632679489),.UNSPECIFIED.)
GEOMETRIC_REPRESENTATION_ITEM()
RATIONAL_B_SPLINE_SURFACE(((1.,0.707106781186546,1.),(0.999757431416551,
0.706935259296286,0.999757431416551),(1.,0.707106781186546,1.)))
REPRESENTATION_ITEM('')
SURFACE()
);
#302=(
BOUNDED_SURFACE()
B_SPLINE_SURFACE(2,2,((#10850,#10851,#10852),(#10853,#10854,#10855),(#10856,
#10857,#10858)),.UNSPECIFIED.,.F.,.F.,.F.)
B_SPLINE_SURFACE_WITH_KNOTS((3,3),(3,3),(-1.5707963267949,-1.05082634046788),
(-3.14159265358979,-1.57079632679489),.UNSPECIFIED.)
GEOMETRIC_REPRESENTATION_ITEM()
RATIONAL_B_SPLINE_SURFACE(((1.,0.707106781186545,1.),(0.966393835991497,
0.683343634726466,0.966393835991497),(1.,0.707106781186545,1.)))
REPRESENTATION_ITEM('')
SURFACE()
);
#303=(
BOUNDED_SURFACE()
B_SPLINE_SURFACE(2,2,((#10874,#10875,#10876),(#10877,#10878,#10879),(#10880,
#10881,#10882),(#10883,#10884,#10885),(#10886,#10887,#10888)),
 .UNSPECIFIED.,.F.,.F.,.F.)
B_SPLINE_SURFACE_WITH_KNOTS((3,2,3),(3,3),(-4.52817394565785E-6,0.785395899310476,
1.5707963267949),(1.5707963267949,3.1415926535898),.UNSPECIFIED.)
GEOMETRIC_REPRESENTATION_ITEM()
RATIONAL_B_SPLINE_SURFACE(((1.,0.707106781186546,1.),(0.923879099296403,
0.653281176109005,0.923879099296403),(1.,0.707106781186546,1.),(0.923879099296413,
0.653281176109012,0.923879099296413),(1.,0.707106781186546,1.)))
REPRESENTATION_ITEM('')
SURFACE()
);
#304=(
BOUNDED_SURFACE()
B_SPLINE_SURFACE(2,2,((#10892,#10893,#10894),(#10895,#10896,#10897),(#10898,
#10899,#10900)),.UNSPECIFIED.,.F.,.F.,.F.)
B_SPLINE_SURFACE_WITH_KNOTS((3,3),(3,3),(-1.00677363010938,-2.67809840577548E-7),
(1.5707963267949,3.14159265358979),.UNSPECIFIED.)
GEOMETRIC_REPRESENTATION_ITEM()
RATIONAL_B_SPLINE_SURFACE(((1.,0.707106781186547,1.),(0.875953870800146,
0.619392922049387,0.875953870800146),(1.,0.707106781186547,1.)))
REPRESENTATION_ITEM('')
SURFACE()
);
#305=(
BOUNDED_SURFACE()
B_SPLINE_SURFACE(2,2,((#10904,#10905,#10906),(#10907,#10908,#10909),(#10910,
#10911,#10912)),.UNSPECIFIED.,.F.,.F.,.F.)
B_SPLINE_SURFACE_WITH_KNOTS((3,3),(3,3),(-1.0508284572396,-1.00677590764982),
(1.5707963267949,3.14159265358979),.UNSPECIFIED.)
GEOMETRIC_REPRESENTATION_ITEM()
RATIONAL_B_SPLINE_SURFACE(((1.,0.707106781186547,1.),(0.999757431416551,
0.706935259296287,0.999757431416551),(1.,0.707106781186547,1.)))
REPRESENTATION_ITEM('')
SURFACE()
);
#306=(
BOUNDED_SURFACE()
B_SPLINE_SURFACE(2,2,((#10916,#10917,#10918),(#10919,#10920,#10921),(#10922,
#10923,#10924)),.UNSPECIFIED.,.F.,.F.,.F.)
B_SPLINE_SURFACE_WITH_KNOTS((3,3),(3,3),(-1.5707963267949,-1.05082634046788),
(1.5707963267949,3.1415926535898),.UNSPECIFIED.)
GEOMETRIC_REPRESENTATION_ITEM()
RATIONAL_B_SPLINE_SURFACE(((1.,0.707106781186546,1.),(0.9663938359915,0.683343634726469,
0.9663938359915),(1.,0.707106781186546,1.)))
REPRESENTATION_ITEM('')
SURFACE()
);
#307=(
BOUNDED_SURFACE()
B_SPLINE_SURFACE(2,2,((#10940,#10941,#10942),(#10943,#10944,#10945),(#10946,
#10947,#10948),(#10949,#10950,#10951),(#10952,#10953,#10954)),
 .UNSPECIFIED.,.F.,.F.,.F.)
B_SPLINE_SURFACE_WITH_KNOTS((3,2,3),(3,3),(-4.52817394549903E-6,0.785395899310479,
1.5707963267949),(0.,1.5707963267949),.UNSPECIFIED.)
GEOMETRIC_REPRESENTATION_ITEM()
RATIONAL_B_SPLINE_SURFACE(((1.,0.707106781186548,1.),(0.923879099296424,
0.653281176109021,0.923879099296424),(1.,0.707106781186548,1.),(0.923879099296408,
0.65328117610901,0.923879099296408),(1.,0.707106781186548,1.)))
REPRESENTATION_ITEM('')
SURFACE()
);
#308=(
BOUNDED_SURFACE()
B_SPLINE_SURFACE(2,2,((#10958,#10959,#10960),(#10961,#10962,#10963),(#10964,
#10965,#10966)),.UNSPECIFIED.,.F.,.F.,.F.)
B_SPLINE_SURFACE_WITH_KNOTS((3,3),(3,3),(-1.00677363010938,-2.67809840577548E-7),
(0.,1.5707963267949),.UNSPECIFIED.)
GEOMETRIC_REPRESENTATION_ITEM()
RATIONAL_B_SPLINE_SURFACE(((1.,0.707106781186548,1.),(0.875953870800152,
0.619392922049393,0.875953870800152),(1.,0.707106781186548,1.)))
REPRESENTATION_ITEM('')
SURFACE()
);
#309=(
BOUNDED_SURFACE()
B_SPLINE_SURFACE(2,2,((#10970,#10971,#10972),(#10973,#10974,#10975),(#10976,
#10977,#10978)),.UNSPECIFIED.,.F.,.F.,.F.)
B_SPLINE_SURFACE_WITH_KNOTS((3,3),(3,3),(-1.0508284572396,-1.00677590764982),
(0.,1.5707963267949),.UNSPECIFIED.)
GEOMETRIC_REPRESENTATION_ITEM()
RATIONAL_B_SPLINE_SURFACE(((1.,0.707106781186548,1.),(0.999757431416551,
0.706935259296288,0.999757431416551),(1.,0.707106781186548,1.)))
REPRESENTATION_ITEM('')
SURFACE()
);
#310=(
BOUNDED_SURFACE()
B_SPLINE_SURFACE(2,2,((#10982,#10983,#10984),(#10985,#10986,#10987),(#10988,
#10989,#10990)),.UNSPECIFIED.,.F.,.F.,.F.)
B_SPLINE_SURFACE_WITH_KNOTS((3,3),(3,3),(-1.5707963267949,-1.05082634046788),
(0.,1.5707963267949),.UNSPECIFIED.)
GEOMETRIC_REPRESENTATION_ITEM()
RATIONAL_B_SPLINE_SURFACE(((1.,0.707106781186548,1.),(0.966393835991508,
0.683343634726476,0.966393835991508),(1.,0.707106781186548,1.)))
REPRESENTATION_ITEM('')
SURFACE()
);
#311=LINE('',#7860,#728);
#312=LINE('',#7864,#729);
#313=LINE('',#7868,#730);
#314=LINE('',#7871,#731);
#315=LINE('',#7876,#732);
#316=LINE('',#7879,#733);
#317=LINE('',#7885,#734);
#318=LINE('',#7889,#735);
#319=LINE('',#7893,#736);
#320=LINE('',#7896,#737);
#321=LINE('',#7901,#738);
#322=LINE('',#7904,#739);
#323=LINE('',#7924,#740);
#324=LINE('',#7926,#741);
#325=LINE('',#7939,#742);
#326=LINE('',#7952,#743);
#327=LINE('',#7965,#744);
#328=LINE('',#7978,#745);
#329=LINE('',#7996,#746);
#330=LINE('',#8000,#747);
#331=LINE('',#8021,#748);
#332=LINE('',#8038,#749);
#333=LINE('',#8041,#750);
#334=LINE('',#8057,#751);
#335=LINE('',#8059,#752);
#336=LINE('',#8072,#753);
#337=LINE('',#8085,#754);
#338=LINE('',#8100,#755);
#339=LINE('',#8112,#756);
#340=LINE('',#8129,#757);
#341=LINE('',#8145,#758);
#342=LINE('',#8180,#759);
#343=LINE('',#8196,#760);
#344=LINE('',#8219,#761);
#345=LINE('',#8243,#762);
#346=LINE('',#8256,#763);
#347=LINE('',#8279,#764);
#348=LINE('',#8302,#765);
#349=LINE('',#8306,#766);
#350=LINE('',#8310,#767);
#351=LINE('',#8313,#768);
#352=LINE('',#8316,#769);
#353=LINE('',#8353,#770);
#354=LINE('',#8356,#771);
#355=LINE('',#8360,#772);
#356=LINE('',#8363,#773);
#357=LINE('',#8368,#774);
#358=LINE('',#8372,#775);
#359=LINE('',#8376,#776);
#360=LINE('',#8377,#777);
#361=LINE('',#8382,#778);
#362=LINE('',#8411,#779);
#363=LINE('',#8414,#780);
#364=LINE('',#8419,#781);
#365=LINE('',#8420,#782);
#366=LINE('',#8421,#783);
#367=LINE('',#8425,#784);
#368=LINE('',#8428,#785);
#369=LINE('',#8429,#786);
#370=LINE('',#8435,#787);
#371=LINE('',#8438,#788);
#372=LINE('',#8440,#789);
#373=LINE('',#8441,#790);
#374=LINE('',#8445,#791);
#375=LINE('',#8448,#792);
#376=LINE('',#8449,#793);
#377=LINE('',#8467,#794);
#378=LINE('',#8469,#795);
#379=LINE('',#8471,#796);
#380=LINE('',#8472,#797);
#381=LINE('',#8478,#798);
#382=LINE('',#8481,#799);
#383=LINE('',#8483,#800);
#384=LINE('',#8484,#801);
#385=LINE('',#8490,#802);
#386=LINE('',#8493,#803);
#387=LINE('',#8495,#804);
#388=LINE('',#8496,#805);
#389=LINE('',#8502,#806);
#390=LINE('',#8505,#807);
#391=LINE('',#8507,#808);
#392=LINE('',#8508,#809);
#393=LINE('',#8529,#810);
#394=LINE('',#8533,#811);
#395=LINE('',#8550,#812);
#396=LINE('',#8556,#813);
#397=LINE('',#8560,#814);
#398=LINE('',#8564,#815);
#399=LINE('',#8566,#816);
#400=LINE('',#8567,#817);
#401=LINE('',#8571,#818);
#402=LINE('',#8574,#819);
#403=LINE('',#8577,#820);
#404=LINE('',#8581,#821);
#405=LINE('',#8583,#822);
#406=LINE('',#8584,#823);
#407=LINE('',#8588,#824);
#408=LINE('',#8591,#825);
#409=LINE('',#8594,#826);
#410=LINE('',#8601,#827);
#411=LINE('',#8604,#828);
#412=LINE('',#8607,#829);
#413=LINE('',#8609,#830);
#414=LINE('',#8610,#831);
#415=LINE('',#8616,#832);
#416=LINE('',#8618,#833);
#417=LINE('',#8619,#834);
#418=LINE('',#8626,#835);
#419=LINE('',#8629,#836);
#420=LINE('',#8632,#837);
#421=LINE('',#8634,#838);
#422=LINE('',#8635,#839);
#423=LINE('',#8641,#840);
#424=LINE('',#8643,#841);
#425=LINE('',#8644,#842);
#426=LINE('',#8649,#843);
#427=LINE('',#8651,#844);
#428=LINE('',#8653,#845);
#429=LINE('',#8654,#846);
#430=LINE('',#8681,#847);
#431=LINE('',#8685,#848);
#432=LINE('',#8687,#849);
#433=LINE('',#8688,#850);
#434=LINE('',#8691,#851);
#435=LINE('',#8695,#852);
#436=LINE('',#8697,#853);
#437=LINE('',#8698,#854);
#438=LINE('',#8701,#855);
#439=LINE('',#8702,#856);
#440=LINE('',#8729,#857);
#441=LINE('',#8735,#858);
#442=LINE('',#8738,#859);
#443=LINE('',#8741,#860);
#444=LINE('',#8743,#861);
#445=LINE('',#8744,#862);
#446=LINE('',#8749,#863);
#447=LINE('',#8752,#864);
#448=LINE('',#8753,#865);
#449=LINE('',#8757,#866);
#450=LINE('',#8760,#867);
#451=LINE('',#8763,#868);
#452=LINE('',#8764,#869);
#453=LINE('',#8767,#870);
#454=LINE('',#8768,#871);
#455=LINE('',#8798,#872);
#456=LINE('',#8816,#873);
#457=LINE('',#8820,#874);
#458=LINE('',#8824,#875);
#459=LINE('',#8827,#876);
#460=LINE('',#8832,#877);
#461=LINE('',#8834,#878);
#462=LINE('',#8836,#879);
#463=LINE('',#8840,#880);
#464=LINE('',#8846,#881);
#465=LINE('',#8874,#882);
#466=LINE('',#8877,#883);
#467=LINE('',#8880,#884);
#468=LINE('',#8883,#885);
#469=LINE('',#8887,#886);
#470=LINE('',#8889,#887);
#471=LINE('',#8890,#888);
#472=LINE('',#8894,#889);
#473=LINE('',#8897,#890);
#474=LINE('',#8898,#891);
#475=LINE('',#8904,#892);
#476=LINE('',#8908,#893);
#477=LINE('',#8910,#894);
#478=LINE('',#8912,#895);
#479=LINE('',#8913,#896);
#480=LINE('',#8919,#897);
#481=LINE('',#8922,#898);
#482=LINE('',#8924,#899);
#483=LINE('',#8925,#900);
#484=LINE('',#8931,#901);
#485=LINE('',#8934,#902);
#486=LINE('',#8936,#903);
#487=LINE('',#8937,#904);
#488=LINE('',#8940,#905);
#489=LINE('',#8944,#906);
#490=LINE('',#8945,#907);
#491=LINE('',#8951,#908);
#492=LINE('',#8953,#909);
#493=LINE('',#8954,#910);
#494=LINE('',#8960,#911);
#495=LINE('',#8963,#912);
#496=LINE('',#8965,#913);
#497=LINE('',#8966,#914);
#498=LINE('',#8975,#915);
#499=LINE('',#8990,#916);
#500=LINE('',#9005,#917);
#501=LINE('',#9018,#918);
#502=LINE('',#9031,#919);
#503=LINE('',#9059,#920);
#504=LINE('',#9065,#921);
#505=LINE('',#9080,#922);
#506=LINE('',#9095,#923);
#507=LINE('',#9110,#924);
#508=LINE('',#9122,#925);
#509=LINE('',#9161,#926);
#510=LINE('',#9163,#927);
#511=LINE('',#9188,#928);
#512=LINE('',#9190,#929);
#513=LINE('',#9192,#930);
#514=LINE('',#9193,#931);
#515=LINE('',#9199,#932);
#516=LINE('',#9202,#933);
#517=LINE('',#9204,#934);
#518=LINE('',#9205,#935);
#519=LINE('',#9211,#936);
#520=LINE('',#9215,#937);
#521=LINE('',#9217,#938);
#522=LINE('',#9219,#939);
#523=LINE('',#9220,#940);
#524=LINE('',#9226,#941);
#525=LINE('',#9229,#942);
#526=LINE('',#9231,#943);
#527=LINE('',#9232,#944);
#528=LINE('',#9238,#945);
#529=LINE('',#9241,#946);
#530=LINE('',#9243,#947);
#531=LINE('',#9244,#948);
#532=LINE('',#9250,#949);
#533=LINE('',#9253,#950);
#534=LINE('',#9255,#951);
#535=LINE('',#9256,#952);
#536=LINE('',#9262,#953);
#537=LINE('',#9264,#954);
#538=LINE('',#9265,#955);
#539=LINE('',#9270,#956);
#540=LINE('',#9274,#957);
#541=LINE('',#9276,#958);
#542=LINE('',#9277,#959);
#543=LINE('',#9320,#960);
#544=LINE('',#9343,#961);
#545=LINE('',#9379,#962);
#546=LINE('',#9402,#963);
#547=LINE('',#9416,#964);
#548=LINE('',#9473,#965);
#549=LINE('',#9479,#966);
#550=LINE('',#9484,#967);
#551=LINE('',#9489,#968);
#552=LINE('',#9494,#969);
#553=LINE('',#9501,#970);
#554=LINE('',#9503,#971);
#555=LINE('',#9504,#972);
#556=LINE('',#9507,#973);
#557=LINE('',#9512,#974);
#558=LINE('',#9514,#975);
#559=LINE('',#9518,#976);
#560=LINE('',#9520,#977);
#561=LINE('',#9521,#978);
#562=LINE('',#9524,#979);
#563=LINE('',#9529,#980);
#564=LINE('',#9531,#981);
#565=LINE('',#9535,#982);
#566=LINE('',#9538,#983);
#567=LINE('',#9541,#984);
#568=LINE('',#9542,#985);
#569=LINE('',#9545,#986);
#570=LINE('',#9548,#987);
#571=LINE('',#9552,#988);
#572=LINE('',#9555,#989);
#573=LINE('',#9558,#990);
#574=LINE('',#9559,#991);
#575=LINE('',#9562,#992);
#576=LINE('',#9565,#993);
#577=LINE('',#9570,#994);
#578=LINE('',#9572,#995);
#579=LINE('',#9574,#996);
#580=LINE('',#9575,#997);
#581=LINE('',#9591,#998);
#582=LINE('',#9604,#999);
#583=LINE('',#9606,#1000);
#584=LINE('',#9607,#1001);
#585=LINE('',#9611,#1002);
#586=LINE('',#9614,#1003);
#587=LINE('',#9616,#1004);
#588=LINE('',#9617,#1005);
#589=LINE('',#9620,#1006);
#590=LINE('',#9621,#1007);
#591=LINE('',#9693,#1008);
#592=LINE('',#9695,#1009);
#593=LINE('',#9696,#1010);
#594=LINE('',#9702,#1011);
#595=LINE('',#9705,#1012);
#596=LINE('',#9708,#1013);
#597=LINE('',#9710,#1014);
#598=LINE('',#9711,#1015);
#599=LINE('',#9717,#1016);
#600=LINE('',#9719,#1017);
#601=LINE('',#9720,#1018);
#602=LINE('',#9724,#1019);
#603=LINE('',#9727,#1020);
#604=LINE('',#9730,#1021);
#605=LINE('',#9731,#1022);
#606=LINE('',#9734,#1023);
#607=LINE('',#9735,#1024);
#608=LINE('',#9761,#1025);
#609=LINE('',#9778,#1026);
#610=LINE('',#9780,#1027);
#611=LINE('',#9782,#1028);
#612=LINE('',#9783,#1029);
#613=LINE('',#9818,#1030);
#614=LINE('',#9877,#1031);
#615=LINE('',#9901,#1032);
#616=LINE('',#9902,#1033);
#617=LINE('',#9903,#1034);
#618=LINE('',#9907,#1035);
#619=LINE('',#9995,#1036);
#620=LINE('',#10014,#1037);
#621=LINE('',#10036,#1038);
#622=LINE('',#10051,#1039);
#623=LINE('',#10052,#1040);
#624=LINE('',#10056,#1041);
#625=LINE('',#10058,#1042);
#626=LINE('',#10060,#1043);
#627=LINE('',#10061,#1044);
#628=LINE('',#10064,#1045);
#629=LINE('',#10088,#1046);
#630=LINE('',#10112,#1047);
#631=LINE('',#10114,#1048);
#632=LINE('',#10115,#1049);
#633=LINE('',#10157,#1050);
#634=LINE('',#10209,#1051);
#635=LINE('',#10222,#1052);
#636=LINE('',#10223,#1053);
#637=LINE('',#10265,#1054);
#638=LINE('',#10347,#1055);
#639=LINE('',#10361,#1056);
#640=LINE('',#10387,#1057);
#641=LINE('',#10402,#1058);
#642=LINE('',#10403,#1059);
#643=LINE('',#10425,#1060);
#644=LINE('',#10459,#1061);
#645=LINE('',#10478,#1062);
#646=LINE('',#10481,#1063);
#647=LINE('',#10485,#1064);
#648=LINE('',#10488,#1065);
#649=LINE('',#10507,#1066);
#650=LINE('',#10510,#1067);
#651=LINE('',#10521,#1068);
#652=LINE('',#10523,#1069);
#653=LINE('',#10548,#1070);
#654=LINE('',#10553,#1071);
#655=LINE('',#10555,#1072);
#656=LINE('',#10557,#1073);
#657=LINE('',#10558,#1074);
#658=LINE('',#10562,#1075);
#659=LINE('',#10568,#1076);
#660=LINE('',#10569,#1077);
#661=LINE('',#10570,#1078);
#662=LINE('',#10577,#1079);
#663=LINE('',#10581,#1080);
#664=LINE('',#10585,#1081);
#665=LINE('',#10589,#1082);
#666=LINE('',#10595,#1083);
#667=LINE('',#10602,#1084);
#668=LINE('',#10606,#1085);
#669=LINE('',#10610,#1086);
#670=LINE('',#10613,#1087);
#671=LINE('',#10617,#1088);
#672=LINE('',#10619,#1089);
#673=LINE('',#10621,#1090);
#674=LINE('',#10622,#1091);
#675=LINE('',#10625,#1092);
#676=LINE('',#10630,#1093);
#677=LINE('',#10631,#1094);
#678=LINE('',#10635,#1095);
#679=LINE('',#10641,#1096);
#680=LINE('',#10642,#1097);
#681=LINE('',#10643,#1098);
#682=LINE('',#10647,#1099);
#683=LINE('',#10653,#1100);
#684=LINE('',#10654,#1101);
#685=LINE('',#10655,#1102);
#686=LINE('',#10662,#1103);
#687=LINE('',#10666,#1104);
#688=LINE('',#10670,#1105);
#689=LINE('',#10674,#1106);
#690=LINE('',#10681,#1107);
#691=LINE('',#10689,#1108);
#692=LINE('',#10702,#1109);
#693=LINE('',#10707,#1110);
#694=LINE('',#10711,#1111);
#695=LINE('',#10712,#1112);
#696=LINE('',#10715,#1113);
#697=LINE('',#10719,#1114);
#698=LINE('',#10720,#1115);
#699=LINE('',#10731,#1116);
#700=LINE('',#10743,#1117);
#701=LINE('',#10745,#1118);
#702=LINE('',#10805,#1119);
#703=LINE('',#10863,#1120);
#704=LINE('',#10867,#1121);
#705=LINE('',#10871,#1122);
#706=LINE('',#10929,#1123);
#707=LINE('',#10933,#1124);
#708=LINE('',#10937,#1125);
#709=LINE('',#10993,#1126);
#710=LINE('',#10995,#1127);
#711=LINE('',#10997,#1128);
#712=LINE('',#11002,#1129);
#713=LINE('',#11006,#1130);
#714=LINE('',#11010,#1131);
#715=LINE('',#11012,#1132);
#716=LINE('',#11013,#1133);
#717=LINE('',#11018,#1134);
#718=LINE('',#11022,#1135);
#719=LINE('',#11024,#1136);
#720=LINE('',#11025,#1137);
#721=LINE('',#11030,#1138);
#722=LINE('',#11034,#1139);
#723=LINE('',#11036,#1140);
#724=LINE('',#11037,#1141);
#725=LINE('',#11040,#1142);
#726=LINE('',#11042,#1143);
#727=LINE('',#11043,#1144);
#728=VECTOR('',#6252,10.);
#729=VECTOR('',#6255,10.);
#730=VECTOR('',#6258,10.);
#731=VECTOR('',#6261,10.);
#732=VECTOR('',#6264,10.);
#733=VECTOR('',#6267,10.);
#734=VECTOR('',#6272,10.);
#735=VECTOR('',#6275,10.);
#736=VECTOR('',#6278,10.);
#737=VECTOR('',#6281,10.);
#738=VECTOR('',#6284,10.);
#739=VECTOR('',#6287,10.);
#740=VECTOR('',#6298,10.);
#741=VECTOR('',#6299,10.);
#742=VECTOR('',#6300,10.);
#743=VECTOR('',#6301,10.);
#744=VECTOR('',#6302,10.);
#745=VECTOR('',#6303,10.);
#746=VECTOR('',#6314,10.);
#747=VECTOR('',#6317,10.);
#748=VECTOR('',#6318,10.);
#749=VECTOR('',#6327,10.);
#750=VECTOR('',#6330,10.);
#751=VECTOR('',#6339,10.);
#752=VECTOR('',#6340,10.);
#753=VECTOR('',#6341,10.);
#754=VECTOR('',#6342,10.);
#755=VECTOR('',#6343,10.);
#756=VECTOR('',#6344,10.);
#757=VECTOR('',#6353,10.);
#758=VECTOR('',#6362,10.);
#759=VECTOR('',#6371,10.);
#760=VECTOR('',#6374,10.);
#761=VECTOR('',#6375,10.);
#762=VECTOR('',#6382,10.);
#763=VECTOR('',#6383,10.);
#764=VECTOR('',#6384,10.);
#765=VECTOR('',#6397,10.);
#766=VECTOR('',#6400,10.);
#767=VECTOR('',#6403,10.);
#768=VECTOR('',#6406,10.);
#769=VECTOR('',#6409,10.);
#770=VECTOR('',#6410,10.);
#771=VECTOR('',#6413,10.);
#772=VECTOR('',#6416,10.);
#773=VECTOR('',#6419,10.);
#774=VECTOR('',#6422,10.);
#775=VECTOR('',#6425,10.);
#776=VECTOR('',#6428,10.);
#777=VECTOR('',#6429,10.);
#778=VECTOR('',#6434,10.);
#779=VECTOR('',#6449,10.);
#780=VECTOR('',#6452,10.);
#781=VECTOR('',#6457,10.);
#782=VECTOR('',#6458,10.);
#783=VECTOR('',#6459,10.);
#784=VECTOR('',#6464,10.);
#785=VECTOR('',#6467,10.);
#786=VECTOR('',#6468,10.);
#787=VECTOR('',#6475,10.);
#788=VECTOR('',#6478,10.);
#789=VECTOR('',#6479,10.);
#790=VECTOR('',#6480,10.);
#791=VECTOR('',#6485,10.);
#792=VECTOR('',#6488,10.);
#793=VECTOR('',#6489,10.);
#794=VECTOR('',#6502,10.);
#795=VECTOR('',#6503,10.);
#796=VECTOR('',#6504,10.);
#797=VECTOR('',#6505,10.);
#798=VECTOR('',#6512,10.);
#799=VECTOR('',#6515,10.);
#800=VECTOR('',#6516,10.);
#801=VECTOR('',#6517,10.);
#802=VECTOR('',#6524,10.);
#803=VECTOR('',#6527,10.);
#804=VECTOR('',#6528,10.);
#805=VECTOR('',#6529,10.);
#806=VECTOR('',#6536,10.);
#807=VECTOR('',#6539,10.);
#808=VECTOR('',#6540,10.);
#809=VECTOR('',#6541,10.);
#810=VECTOR('',#6558,10.);
#811=VECTOR('',#6563,10.);
#812=VECTOR('',#6574,5.32677669529664);
#813=VECTOR('',#6583,0.75);
#814=VECTOR('',#6588,10.);
#815=VECTOR('',#6593,10.);
#816=VECTOR('',#6594,10.);
#817=VECTOR('',#6595,10.);
#818=VECTOR('',#6600,10.);
#819=VECTOR('',#6603,10.);
#820=VECTOR('',#6608,10.);
#821=VECTOR('',#6613,10.);
#822=VECTOR('',#6614,10.);
#823=VECTOR('',#6615,10.);
#824=VECTOR('',#6620,10.);
#825=VECTOR('',#6623,10.);
#826=VECTOR('',#6628,10.);
#827=VECTOR('',#6635,10.);
#828=VECTOR('',#6638,10.);
#829=VECTOR('',#6641,10.);
#830=VECTOR('',#6642,10.);
#831=VECTOR('',#6643,10.);
#832=VECTOR('',#6650,10.);
#833=VECTOR('',#6653,10.);
#834=VECTOR('',#6654,10.);
#835=VECTOR('',#6661,10.);
#836=VECTOR('',#6664,10.);
#837=VECTOR('',#6667,10.);
#838=VECTOR('',#6668,10.);
#839=VECTOR('',#6669,10.);
#840=VECTOR('',#6676,10.);
#841=VECTOR('',#6679,10.);
#842=VECTOR('',#6680,10.);
#843=VECTOR('',#6685,10.);
#844=VECTOR('',#6686,10.);
#845=VECTOR('',#6687,10.);
#846=VECTOR('',#6688,10.);
#847=VECTOR('',#6691,10.);
#848=VECTOR('',#6696,10.);
#849=VECTOR('',#6697,10.);
#850=VECTOR('',#6698,10.);
#851=VECTOR('',#6701,10.);
#852=VECTOR('',#6706,10.);
#853=VECTOR('',#6707,10.);
#854=VECTOR('',#6708,10.);
#855=VECTOR('',#6711,10.);
#856=VECTOR('',#6712,10.);
#857=VECTOR('',#6725,10.);
#858=VECTOR('',#6730,10.);
#859=VECTOR('',#6733,10.);
#860=VECTOR('',#6736,10.);
#861=VECTOR('',#6737,10.);
#862=VECTOR('',#6738,10.);
#863=VECTOR('',#6743,10.);
#864=VECTOR('',#6748,10.);
#865=VECTOR('',#6749,10.);
#866=VECTOR('',#6754,10.);
#867=VECTOR('',#6757,10.);
#868=VECTOR('',#6760,10.);
#869=VECTOR('',#6761,10.);
#870=VECTOR('',#6764,10.);
#871=VECTOR('',#6765,10.);
#872=VECTOR('',#6784,10.);
#873=VECTOR('',#6795,10.);
#874=VECTOR('',#6798,10.);
#875=VECTOR('',#6801,10.);
#876=VECTOR('',#6804,10.);
#877=VECTOR('',#6807,10.);
#878=VECTOR('',#6808,10.);
#879=VECTOR('',#6809,10.);
#880=VECTOR('',#6812,10.);
#881=VECTOR('',#6819,10.);
#882=VECTOR('',#6832,10.);
#883=VECTOR('',#6835,10.);
#884=VECTOR('',#6838,10.);
#885=VECTOR('',#6841,10.);
#886=VECTOR('',#6846,10.);
#887=VECTOR('',#6847,10.);
#888=VECTOR('',#6848,10.);
#889=VECTOR('',#6853,10.);
#890=VECTOR('',#6856,10.);
#891=VECTOR('',#6857,10.);
#892=VECTOR('',#6864,10.);
#893=VECTOR('',#6867,10.);
#894=VECTOR('',#6868,10.);
#895=VECTOR('',#6869,10.);
#896=VECTOR('',#6870,10.);
#897=VECTOR('',#6877,10.);
#898=VECTOR('',#6880,10.);
#899=VECTOR('',#6881,10.);
#900=VECTOR('',#6882,10.);
#901=VECTOR('',#6889,10.);
#902=VECTOR('',#6892,10.);
#903=VECTOR('',#6893,10.);
#904=VECTOR('',#6894,10.);
#905=VECTOR('',#6897,10.);
#906=VECTOR('',#6902,10.);
#907=VECTOR('',#6903,10.);
#908=VECTOR('',#6912,10.);
#909=VECTOR('',#6913,10.);
#910=VECTOR('',#6914,10.);
#911=VECTOR('',#6921,10.);
#912=VECTOR('',#6924,10.);
#913=VECTOR('',#6925,10.);
#914=VECTOR('',#6926,10.);
#915=VECTOR('',#6939,10.);
#916=VECTOR('',#6940,10.);
#917=VECTOR('',#6941,10.);
#918=VECTOR('',#6942,10.);
#919=VECTOR('',#6943,10.);
#920=VECTOR('',#6956,10.);
#921=VECTOR('',#6963,10.);
#922=VECTOR('',#6964,10.);
#923=VECTOR('',#6965,10.);
#924=VECTOR('',#6966,10.);
#925=VECTOR('',#6967,10.);
#926=VECTOR('',#6982,10.);
#927=VECTOR('',#6983,10.);
#928=VECTOR('',#6986,10.);
#929=VECTOR('',#6987,10.);
#930=VECTOR('',#6988,10.);
#931=VECTOR('',#6989,10.);
#932=VECTOR('',#6996,10.);
#933=VECTOR('',#6999,10.);
#934=VECTOR('',#7000,10.);
#935=VECTOR('',#7001,10.);
#936=VECTOR('',#7008,10.);
#937=VECTOR('',#7011,10.);
#938=VECTOR('',#7012,10.);
#939=VECTOR('',#7013,10.);
#940=VECTOR('',#7014,10.);
#941=VECTOR('',#7021,10.);
#942=VECTOR('',#7024,10.);
#943=VECTOR('',#7025,10.);
#944=VECTOR('',#7026,10.);
#945=VECTOR('',#7033,10.);
#946=VECTOR('',#7036,10.);
#947=VECTOR('',#7037,10.);
#948=VECTOR('',#7038,10.);
#949=VECTOR('',#7045,10.);
#950=VECTOR('',#7048,10.);
#951=VECTOR('',#7049,10.);
#952=VECTOR('',#7050,10.);
#953=VECTOR('',#7059,10.);
#954=VECTOR('',#7060,10.);
#955=VECTOR('',#7061,10.);
#956=VECTOR('',#7066,10.);
#957=VECTOR('',#7071,10.);
#958=VECTOR('',#7072,10.);
#959=VECTOR('',#7073,10.);
#960=VECTOR('',#7094,10.);
#961=VECTOR('',#7095,10.);
#962=VECTOR('',#7104,10.);
#963=VECTOR('',#7105,10.);
#964=VECTOR('',#7112,10.);
#965=VECTOR('',#7129,4.4);
#966=VECTOR('',#7136,4.8);
#967=VECTOR('',#7143,10.);
#968=VECTOR('',#7150,5.15);
#969=VECTOR('',#7157,0.5);
#970=VECTOR('',#7168,10.);
#971=VECTOR('',#7169,10.);
#972=VECTOR('',#7170,10.);
#973=VECTOR('',#7173,10.);
#974=VECTOR('',#7180,10.);
#975=VECTOR('',#7183,10.);
#976=VECTOR('',#7188,10.);
#977=VECTOR('',#7189,10.);
#978=VECTOR('',#7190,10.);
#979=VECTOR('',#7193,10.);
#980=VECTOR('',#7200,10.);
#981=VECTOR('',#7203,10.);
#982=VECTOR('',#7208,10.);
#983=VECTOR('',#7211,10.);
#984=VECTOR('',#7214,10.);
#985=VECTOR('',#7215,10.);
#986=VECTOR('',#7218,10.);
#987=VECTOR('',#7223,10.);
#988=VECTOR('',#7228,10.);
#989=VECTOR('',#7231,10.);
#990=VECTOR('',#7234,10.);
#991=VECTOR('',#7235,10.);
#992=VECTOR('',#7238,10.);
#993=VECTOR('',#7243,10.);
#994=VECTOR('',#7248,10.);
#995=VECTOR('',#7249,10.);
#996=VECTOR('',#7250,10.);
#997=VECTOR('',#7251,10.);
#998=VECTOR('',#7256,10.);
#999=VECTOR('',#7259,10.);
#1000=VECTOR('',#7260,10.);
#1001=VECTOR('',#7261,10.);
#1002=VECTOR('',#7266,10.);
#1003=VECTOR('',#7269,10.);
#1004=VECTOR('',#7270,10.);
#1005=VECTOR('',#7271,10.);
#1006=VECTOR('',#7274,10.);
#1007=VECTOR('',#7275,10.);
#1008=VECTOR('',#7288,0.5);
#1009=VECTOR('',#7291,10.);
#1010=VECTOR('',#7292,10.);
#1011=VECTOR('',#7297,10.);
#1012=VECTOR('',#7300,10.);
#1013=VECTOR('',#7303,10.);
#1014=VECTOR('',#7304,10.);
#1015=VECTOR('',#7305,10.);
#1016=VECTOR('',#7312,10.);
#1017=VECTOR('',#7315,10.);
#1018=VECTOR('',#7316,10.);
#1019=VECTOR('',#7321,10.);
#1020=VECTOR('',#7324,10.);
#1021=VECTOR('',#7327,10.);
#1022=VECTOR('',#7328,10.);
#1023=VECTOR('',#7331,10.);
#1024=VECTOR('',#7332,10.);
#1025=VECTOR('',#7347,10.);
#1026=VECTOR('',#7358,10.);
#1027=VECTOR('',#7359,10.);
#1028=VECTOR('',#7360,10.);
#1029=VECTOR('',#7361,10.);
#1030=VECTOR('',#7362,10.);
#1031=VECTOR('',#7363,10.);
#1032=VECTOR('',#7366,10.);
#1033=VECTOR('',#7367,10.);
#1034=VECTOR('',#7368,10.);
#1035=VECTOR('',#7371,10.);
#1036=VECTOR('',#7376,10.);
#1037=VECTOR('',#7377,10.);
#1038=VECTOR('',#7378,10.);
#1039=VECTOR('',#7381,10.);
#1040=VECTOR('',#7382,10.);
#1041=VECTOR('',#7385,10.);
#1042=VECTOR('',#7386,10.);
#1043=VECTOR('',#7387,10.);
#1044=VECTOR('',#7388,10.);
#1045=VECTOR('',#7389,10.);
#1046=VECTOR('',#7390,10.);
#1047=VECTOR('',#7393,10.);
#1048=VECTOR('',#7394,10.);
#1049=VECTOR('',#7395,10.);
#1050=VECTOR('',#7396,10.);
#1051=VECTOR('',#7397,10.);
#1052=VECTOR('',#7400,10.);
#1053=VECTOR('',#7401,10.);
#1054=VECTOR('',#7402,10.);
#1055=VECTOR('',#7403,10.);
#1056=VECTOR('',#7404,10.);
#1057=VECTOR('',#7405,10.);
#1058=VECTOR('',#7408,10.);
#1059=VECTOR('',#7409,10.);
#1060=VECTOR('',#7410,10.);
#1061=VECTOR('',#7411,10.);
#1062=VECTOR('',#7414,10.);
#1063=VECTOR('',#7417,10.);
#1064=VECTOR('',#7420,10.);
#1065=VECTOR('',#7423,10.);
#1066=VECTOR('',#7424,10.);
#1067=VECTOR('',#7427,10.);
#1068=VECTOR('',#7428,10.);
#1069=VECTOR('',#7431,10.);
#1070=VECTOR('',#7436,10.);
#1071=VECTOR('',#7441,10.);
#1072=VECTOR('',#7442,10.);
#1073=VECTOR('',#7443,10.);
#1074=VECTOR('',#7444,10.);
#1075=VECTOR('',#7447,10.);
#1076=VECTOR('',#7454,10.);
#1077=VECTOR('',#7455,10.);
#1078=VECTOR('',#7456,10.);
#1079=VECTOR('',#7465,10.);
#1080=VECTOR('',#7468,10.);
#1081=VECTOR('',#7471,10.);
#1082=VECTOR('',#7474,10.);
#1083=VECTOR('',#7481,7.3);
#1084=VECTOR('',#7488,10.);
#1085=VECTOR('',#7491,10.);
#1086=VECTOR('',#7494,10.);
#1087=VECTOR('',#7497,10.);
#1088=VECTOR('',#7500,10.);
#1089=VECTOR('',#7501,10.);
#1090=VECTOR('',#7502,10.);
#1091=VECTOR('',#7503,10.);
#1092=VECTOR('',#7506,10.);
#1093=VECTOR('',#7513,10.);
#1094=VECTOR('',#7514,10.);
#1095=VECTOR('',#7517,10.);
#1096=VECTOR('',#7524,10.);
#1097=VECTOR('',#7525,10.);
#1098=VECTOR('',#7526,10.);
#1099=VECTOR('',#7529,10.);
#1100=VECTOR('',#7536,10.);
#1101=VECTOR('',#7537,10.);
#1102=VECTOR('',#7538,10.);
#1103=VECTOR('',#7547,10.);
#1104=VECTOR('',#7550,10.);
#1105=VECTOR('',#7553,10.);
#1106=VECTOR('',#7556,10.);
#1107=VECTOR('',#7565,10.);
#1108=VECTOR('',#7576,10.);
#1109=VECTOR('',#7597,10.);
#1110=VECTOR('',#7604,10.);
#1111=VECTOR('',#7609,10.);
#1112=VECTOR('',#7610,10.);
#1113=VECTOR('',#7613,10.);
#1114=VECTOR('',#7618,10.);
#1115=VECTOR('',#7619,10.);
#1116=VECTOR('',#7636,10.);
#1117=VECTOR('',#7659,10.);
#1118=VECTOR('',#7662,10.);
#1119=VECTOR('',#7687,10.);
#1120=VECTOR('',#7710,10.);
#1121=VECTOR('',#7715,10.);
#1122=VECTOR('',#7720,10.);
#1123=VECTOR('',#7743,10.);
#1124=VECTOR('',#7748,10.);
#1125=VECTOR('',#7753,10.);
#1126=VECTOR('',#7774,10.);
#1127=VECTOR('',#7777,10.);
#1128=VECTOR('',#7780,10.);
#1129=VECTOR('',#7785,10.);
#1130=VECTOR('',#7788,10.);
#1131=VECTOR('',#7793,10.);
#1132=VECTOR('',#7794,10.);
#1133=VECTOR('',#7795,10.);
#1134=VECTOR('',#7800,10.);
#1135=VECTOR('',#7805,10.);
#1136=VECTOR('',#7806,10.);
#1137=VECTOR('',#7807,10.);
#1138=VECTOR('',#7812,10.);
#1139=VECTOR('',#7817,10.);
#1140=VECTOR('',#7818,10.);
#1141=VECTOR('',#7819,10.);
#1142=VECTOR('',#7822,10.);
#1143=VECTOR('',#7823,10.);
#1144=VECTOR('',#7824,10.);
#1145=FACE_BOUND('',#1511,.T.);
#1146=FACE_BOUND('',#1513,.T.);
#1147=FACE_BOUND('',#1516,.T.);
#1148=FACE_BOUND('',#1520,.T.);
#1149=FACE_BOUND('',#1522,.T.);
#1150=FACE_BOUND('',#1540,.T.);
#1151=FACE_BOUND('',#1544,.T.);
#1152=FACE_BOUND('',#1545,.T.);
#1153=FACE_BOUND('',#1560,.T.);
#1154=FACE_BOUND('',#1571,.T.);
#1155=FACE_BOUND('',#1611,.T.);
#1156=FACE_BOUND('',#1623,.T.);
#1157=FACE_BOUND('',#1631,.T.);
#1158=FACE_BOUND('',#1632,.T.);
#1159=FACE_BOUND('',#1634,.T.);
#1160=FACE_BOUND('',#1635,.T.);
#1161=FACE_BOUND('',#1659,.T.);
#1162=FACE_BOUND('',#1686,.T.);
#1163=FACE_BOUND('',#1702,.T.);
#1164=FACE_BOUND('',#1704,.T.);
#1165=FACE_BOUND('',#1705,.T.);
#1166=FACE_BOUND('',#1706,.T.);
#1167=FACE_BOUND('',#1709,.T.);
#1168=FACE_BOUND('',#1743,.T.);
#1169=FACE_BOUND('',#1756,.T.);
#1170=FACE_BOUND('',#1774,.T.);
#1171=FACE_BOUND('',#1775,.T.);
#1172=FACE_BOUND('',#1798,.T.);
#1173=FACE_BOUND('',#1799,.T.);
#1174=FACE_BOUND('',#1802,.T.);
#1175=FACE_BOUND('',#1803,.T.);
#1176=FACE_BOUND('',#1813,.T.);
#1177=FACE_OUTER_BOUND('',#1510,.T.);
#1178=FACE_OUTER_BOUND('',#1512,.T.);
#1179=FACE_OUTER_BOUND('',#1514,.T.);
#1180=FACE_OUTER_BOUND('',#1515,.T.);
#1181=FACE_OUTER_BOUND('',#1517,.T.);
#1182=FACE_OUTER_BOUND('',#1518,.T.);
#1183=FACE_OUTER_BOUND('',#1519,.T.);
#1184=FACE_OUTER_BOUND('',#1521,.T.);
#1185=FACE_OUTER_BOUND('',#1523,.T.);
#1186=FACE_OUTER_BOUND('',#1524,.T.);
#1187=FACE_OUTER_BOUND('',#1525,.T.);
#1188=FACE_OUTER_BOUND('',#1526,.T.);
#1189=FACE_OUTER_BOUND('',#1527,.T.);
#1190=FACE_OUTER_BOUND('',#1528,.T.);
#1191=FACE_OUTER_BOUND('',#1529,.T.);
#1192=FACE_OUTER_BOUND('',#1530,.T.);
#1193=FACE_OUTER_BOUND('',#1531,.T.);
#1194=FACE_OUTER_BOUND('',#1532,.T.);
#1195=FACE_OUTER_BOUND('',#1533,.T.);
#1196=FACE_OUTER_BOUND('',#1534,.T.);
#1197=FACE_OUTER_BOUND('',#1535,.T.);
#1198=FACE_OUTER_BOUND('',#1536,.T.);
#1199=FACE_OUTER_BOUND('',#1537,.T.);
#1200=FACE_OUTER_BOUND('',#1538,.T.);
#1201=FACE_OUTER_BOUND('',#1539,.T.);
#1202=FACE_OUTER_BOUND('',#1541,.T.);
#1203=FACE_OUTER_BOUND('',#1542,.T.);
#1204=FACE_OUTER_BOUND('',#1543,.T.);
#1205=FACE_OUTER_BOUND('',#1546,.T.);
#1206=FACE_OUTER_BOUND('',#1547,.T.);
#1207=FACE_OUTER_BOUND('',#1548,.T.);
#1208=FACE_OUTER_BOUND('',#1549,.T.);
#1209=FACE_OUTER_BOUND('',#1550,.T.);
#1210=FACE_OUTER_BOUND('',#1551,.T.);
#1211=FACE_OUTER_BOUND('',#1552,.T.);
#1212=FACE_OUTER_BOUND('',#1553,.T.);
#1213=FACE_OUTER_BOUND('',#1554,.T.);
#1214=FACE_OUTER_BOUND('',#1555,.T.);
#1215=FACE_OUTER_BOUND('',#1556,.T.);
#1216=FACE_OUTER_BOUND('',#1557,.T.);
#1217=FACE_OUTER_BOUND('',#1558,.T.);
#1218=FACE_OUTER_BOUND('',#1559,.T.);
#1219=FACE_OUTER_BOUND('',#1561,.T.);
#1220=FACE_OUTER_BOUND('',#1562,.T.);
#1221=FACE_OUTER_BOUND('',#1563,.T.);
#1222=FACE_OUTER_BOUND('',#1564,.T.);
#1223=FACE_OUTER_BOUND('',#1565,.T.);
#1224=FACE_OUTER_BOUND('',#1566,.T.);
#1225=FACE_OUTER_BOUND('',#1567,.T.);
#1226=FACE_OUTER_BOUND('',#1568,.T.);
#1227=FACE_OUTER_BOUND('',#1569,.T.);
#1228=FACE_OUTER_BOUND('',#1570,.T.);
#1229=FACE_OUTER_BOUND('',#1572,.T.);
#1230=FACE_OUTER_BOUND('',#1573,.T.);
#1231=FACE_OUTER_BOUND('',#1574,.T.);
#1232=FACE_OUTER_BOUND('',#1575,.T.);
#1233=FACE_OUTER_BOUND('',#1576,.T.);
#1234=FACE_OUTER_BOUND('',#1577,.T.);
#1235=FACE_OUTER_BOUND('',#1578,.T.);
#1236=FACE_OUTER_BOUND('',#1579,.T.);
#1237=FACE_OUTER_BOUND('',#1580,.T.);
#1238=FACE_OUTER_BOUND('',#1581,.T.);
#1239=FACE_OUTER_BOUND('',#1582,.T.);
#1240=FACE_OUTER_BOUND('',#1583,.T.);
#1241=FACE_OUTER_BOUND('',#1584,.T.);
#1242=FACE_OUTER_BOUND('',#1585,.T.);
#1243=FACE_OUTER_BOUND('',#1586,.T.);
#1244=FACE_OUTER_BOUND('',#1587,.T.);
#1245=FACE_OUTER_BOUND('',#1588,.T.);
#1246=FACE_OUTER_BOUND('',#1589,.T.);
#1247=FACE_OUTER_BOUND('',#1590,.T.);
#1248=FACE_OUTER_BOUND('',#1591,.T.);
#1249=FACE_OUTER_BOUND('',#1592,.T.);
#1250=FACE_OUTER_BOUND('',#1593,.T.);
#1251=FACE_OUTER_BOUND('',#1594,.T.);
#1252=FACE_OUTER_BOUND('',#1595,.T.);
#1253=FACE_OUTER_BOUND('',#1596,.T.);
#1254=FACE_OUTER_BOUND('',#1597,.T.);
#1255=FACE_OUTER_BOUND('',#1598,.T.);
#1256=FACE_OUTER_BOUND('',#1599,.T.);
#1257=FACE_OUTER_BOUND('',#1600,.T.);
#1258=FACE_OUTER_BOUND('',#1601,.T.);
#1259=FACE_OUTER_BOUND('',#1602,.T.);
#1260=FACE_OUTER_BOUND('',#1603,.T.);
#1261=FACE_OUTER_BOUND('',#1604,.T.);
#1262=FACE_OUTER_BOUND('',#1605,.T.);
#1263=FACE_OUTER_BOUND('',#1606,.T.);
#1264=FACE_OUTER_BOUND('',#1607,.T.);
#1265=FACE_OUTER_BOUND('',#1608,.T.);
#1266=FACE_OUTER_BOUND('',#1609,.T.);
#1267=FACE_OUTER_BOUND('',#1610,.T.);
#1268=FACE_OUTER_BOUND('',#1612,.T.);
#1269=FACE_OUTER_BOUND('',#1613,.T.);
#1270=FACE_OUTER_BOUND('',#1614,.T.);
#1271=FACE_OUTER_BOUND('',#1615,.T.);
#1272=FACE_OUTER_BOUND('',#1616,.T.);
#1273=FACE_OUTER_BOUND('',#1617,.T.);
#1274=FACE_OUTER_BOUND('',#1618,.T.);
#1275=FACE_OUTER_BOUND('',#1619,.T.);
#1276=FACE_OUTER_BOUND('',#1620,.T.);
#1277=FACE_OUTER_BOUND('',#1621,.T.);
#1278=FACE_OUTER_BOUND('',#1622,.T.);
#1279=FACE_OUTER_BOUND('',#1624,.T.);
#1280=FACE_OUTER_BOUND('',#1625,.T.);
#1281=FACE_OUTER_BOUND('',#1626,.T.);
#1282=FACE_OUTER_BOUND('',#1627,.T.);
#1283=FACE_OUTER_BOUND('',#1628,.T.);
#1284=FACE_OUTER_BOUND('',#1629,.T.);
#1285=FACE_OUTER_BOUND('',#1630,.T.);
#1286=FACE_OUTER_BOUND('',#1633,.T.);
#1287=FACE_OUTER_BOUND('',#1636,.T.);
#1288=FACE_OUTER_BOUND('',#1637,.T.);
#1289=FACE_OUTER_BOUND('',#1638,.T.);
#1290=FACE_OUTER_BOUND('',#1639,.T.);
#1291=FACE_OUTER_BOUND('',#1640,.T.);
#1292=FACE_OUTER_BOUND('',#1641,.T.);
#1293=FACE_OUTER_BOUND('',#1642,.T.);
#1294=FACE_OUTER_BOUND('',#1643,.T.);
#1295=FACE_OUTER_BOUND('',#1644,.T.);
#1296=FACE_OUTER_BOUND('',#1645,.T.);
#1297=FACE_OUTER_BOUND('',#1646,.T.);
#1298=FACE_OUTER_BOUND('',#1647,.T.);
#1299=FACE_OUTER_BOUND('',#1648,.T.);
#1300=FACE_OUTER_BOUND('',#1649,.T.);
#1301=FACE_OUTER_BOUND('',#1650,.T.);
#1302=FACE_OUTER_BOUND('',#1651,.T.);
#1303=FACE_OUTER_BOUND('',#1652,.T.);
#1304=FACE_OUTER_BOUND('',#1653,.T.);
#1305=FACE_OUTER_BOUND('',#1654,.T.);
#1306=FACE_OUTER_BOUND('',#1655,.T.);
#1307=FACE_OUTER_BOUND('',#1656,.T.);
#1308=FACE_OUTER_BOUND('',#1657,.T.);
#1309=FACE_OUTER_BOUND('',#1658,.T.);
#1310=FACE_OUTER_BOUND('',#1660,.T.);
#1311=FACE_OUTER_BOUND('',#1661,.T.);
#1312=FACE_OUTER_BOUND('',#1662,.T.);
#1313=FACE_OUTER_BOUND('',#1663,.T.);
#1314=FACE_OUTER_BOUND('',#1664,.T.);
#1315=FACE_OUTER_BOUND('',#1665,.T.);
#1316=FACE_OUTER_BOUND('',#1666,.T.);
#1317=FACE_OUTER_BOUND('',#1667,.T.);
#1318=FACE_OUTER_BOUND('',#1668,.T.);
#1319=FACE_OUTER_BOUND('',#1669,.T.);
#1320=FACE_OUTER_BOUND('',#1670,.T.);
#1321=FACE_OUTER_BOUND('',#1671,.T.);
#1322=FACE_OUTER_BOUND('',#1672,.T.);
#1323=FACE_OUTER_BOUND('',#1673,.T.);
#1324=FACE_OUTER_BOUND('',#1674,.T.);
#1325=FACE_OUTER_BOUND('',#1675,.T.);
#1326=FACE_OUTER_BOUND('',#1676,.T.);
#1327=FACE_OUTER_BOUND('',#1677,.T.);
#1328=FACE_OUTER_BOUND('',#1678,.T.);
#1329=FACE_OUTER_BOUND('',#1679,.T.);
#1330=FACE_OUTER_BOUND('',#1680,.T.);
#1331=FACE_OUTER_BOUND('',#1681,.T.);
#1332=FACE_OUTER_BOUND('',#1682,.T.);
#1333=FACE_OUTER_BOUND('',#1683,.T.);
#1334=FACE_OUTER_BOUND('',#1684,.T.);
#1335=FACE_OUTER_BOUND('',#1685,.T.);
#1336=FACE_OUTER_BOUND('',#1687,.T.);
#1337=FACE_OUTER_BOUND('',#1688,.T.);
#1338=FACE_OUTER_BOUND('',#1689,.T.);
#1339=FACE_OUTER_BOUND('',#1690,.T.);
#1340=FACE_OUTER_BOUND('',#1691,.T.);
#1341=FACE_OUTER_BOUND('',#1692,.T.);
#1342=FACE_OUTER_BOUND('',#1693,.T.);
#1343=FACE_OUTER_BOUND('',#1694,.T.);
#1344=FACE_OUTER_BOUND('',#1695,.T.);
#1345=FACE_OUTER_BOUND('',#1696,.T.);
#1346=FACE_OUTER_BOUND('',#1697,.T.);
#1347=FACE_OUTER_BOUND('',#1698,.T.);
#1348=FACE_OUTER_BOUND('',#1699,.T.);
#1349=FACE_OUTER_BOUND('',#1700,.T.);
#1350=FACE_OUTER_BOUND('',#1701,.T.);
#1351=FACE_OUTER_BOUND('',#1703,.T.);
#1352=FACE_OUTER_BOUND('',#1707,.T.);
#1353=FACE_OUTER_BOUND('',#1708,.T.);
#1354=FACE_OUTER_BOUND('',#1710,.T.);
#1355=FACE_OUTER_BOUND('',#1711,.T.);
#1356=FACE_OUTER_BOUND('',#1712,.T.);
#1357=FACE_OUTER_BOUND('',#1713,.T.);
#1358=FACE_OUTER_BOUND('',#1714,.T.);
#1359=FACE_OUTER_BOUND('',#1715,.T.);
#1360=FACE_OUTER_BOUND('',#1716,.T.);
#1361=FACE_OUTER_BOUND('',#1717,.T.);
#1362=FACE_OUTER_BOUND('',#1718,.T.);
#1363=FACE_OUTER_BOUND('',#1719,.T.);
#1364=FACE_OUTER_BOUND('',#1720,.T.);
#1365=FACE_OUTER_BOUND('',#1721,.T.);
#1366=FACE_OUTER_BOUND('',#1722,.T.);
#1367=FACE_OUTER_BOUND('',#1723,.T.);
#1368=FACE_OUTER_BOUND('',#1724,.T.);
#1369=FACE_OUTER_BOUND('',#1725,.T.);
#1370=FACE_OUTER_BOUND('',#1726,.T.);
#1371=FACE_OUTER_BOUND('',#1727,.T.);
#1372=FACE_OUTER_BOUND('',#1728,.T.);
#1373=FACE_OUTER_BOUND('',#1729,.T.);
#1374=FACE_OUTER_BOUND('',#1730,.T.);
#1375=FACE_OUTER_BOUND('',#1731,.T.);
#1376=FACE_OUTER_BOUND('',#1732,.T.);
#1377=FACE_OUTER_BOUND('',#1733,.T.);
#1378=FACE_OUTER_BOUND('',#1734,.T.);
#1379=FACE_OUTER_BOUND('',#1735,.T.);
#1380=FACE_OUTER_BOUND('',#1736,.T.);
#1381=FACE_OUTER_BOUND('',#1737,.T.);
#1382=FACE_OUTER_BOUND('',#1738,.T.);
#1383=FACE_OUTER_BOUND('',#1739,.T.);
#1384=FACE_OUTER_BOUND('',#1740,.T.);
#1385=FACE_OUTER_BOUND('',#1741,.T.);
#1386=FACE_OUTER_BOUND('',#1742,.T.);
#1387=FACE_OUTER_BOUND('',#1744,.T.);
#1388=FACE_OUTER_BOUND('',#1745,.T.);
#1389=FACE_OUTER_BOUND('',#1746,.T.);
#1390=FACE_OUTER_BOUND('',#1747,.T.);
#1391=FACE_OUTER_BOUND('',#1748,.T.);
#1392=FACE_OUTER_BOUND('',#1749,.T.);
#1393=FACE_OUTER_BOUND('',#1750,.T.);
#1394=FACE_OUTER_BOUND('',#1751,.T.);
#1395=FACE_OUTER_BOUND('',#1752,.T.);
#1396=FACE_OUTER_BOUND('',#1753,.T.);
#1397=FACE_OUTER_BOUND('',#1754,.T.);
#1398=FACE_OUTER_BOUND('',#1755,.T.);
#1399=FACE_OUTER_BOUND('',#1757,.T.);
#1400=FACE_OUTER_BOUND('',#1758,.T.);
#1401=FACE_OUTER_BOUND('',#1759,.T.);
#1402=FACE_OUTER_BOUND('',#1760,.T.);
#1403=FACE_OUTER_BOUND('',#1761,.T.);
#1404=FACE_OUTER_BOUND('',#1762,.T.);
#1405=FACE_OUTER_BOUND('',#1763,.T.);
#1406=FACE_OUTER_BOUND('',#1764,.T.);
#1407=FACE_OUTER_BOUND('',#1765,.T.);
#1408=FACE_OUTER_BOUND('',#1766,.T.);
#1409=FACE_OUTER_BOUND('',#1767,.T.);
#1410=FACE_OUTER_BOUND('',#1768,.T.);
#1411=FACE_OUTER_BOUND('',#1769,.T.);
#1412=FACE_OUTER_BOUND('',#1770,.T.);
#1413=FACE_OUTER_BOUND('',#1771,.T.);
#1414=FACE_OUTER_BOUND('',#1772,.T.);
#1415=FACE_OUTER_BOUND('',#1773,.T.);
#1416=FACE_OUTER_BOUND('',#1776,.T.);
#1417=FACE_OUTER_BOUND('',#1777,.T.);
#1418=FACE_OUTER_BOUND('',#1778,.T.);
#1419=FACE_OUTER_BOUND('',#1779,.T.);
#1420=FACE_OUTER_BOUND('',#1780,.T.);
#1421=FACE_OUTER_BOUND('',#1781,.T.);
#1422=FACE_OUTER_BOUND('',#1782,.T.);
#1423=FACE_OUTER_BOUND('',#1783,.T.);
#1424=FACE_OUTER_BOUND('',#1784,.T.);
#1425=FACE_OUTER_BOUND('',#1785,.T.);
#1426=FACE_OUTER_BOUND('',#1786,.T.);
#1427=FACE_OUTER_BOUND('',#1787,.T.);
#1428=FACE_OUTER_BOUND('',#1788,.T.);
#1429=FACE_OUTER_BOUND('',#1789,.T.);
#1430=FACE_OUTER_BOUND('',#1790,.T.);
#1431=FACE_OUTER_BOUND('',#1791,.T.);
#1432=FACE_OUTER_BOUND('',#1792,.T.);
#1433=FACE_OUTER_BOUND('',#1793,.T.);
#1434=FACE_OUTER_BOUND('',#1794,.T.);
#1435=FACE_OUTER_BOUND('',#1795,.T.);
#1436=FACE_OUTER_BOUND('',#1796,.T.);
#1437=FACE_OUTER_BOUND('',#1797,.T.);
#1438=FACE_OUTER_BOUND('',#1800,.T.);
#1439=FACE_OUTER_BOUND('',#1801,.T.);
#1440=FACE_OUTER_BOUND('',#1804,.T.);
#1441=FACE_OUTER_BOUND('',#1805,.T.);
#1442=FACE_OUTER_BOUND('',#1806,.T.);
#1443=FACE_OUTER_BOUND('',#1807,.T.);
#1444=FACE_OUTER_BOUND('',#1808,.T.);
#1445=FACE_OUTER_BOUND('',#1809,.T.);
#1446=FACE_OUTER_BOUND('',#1810,.T.);
#1447=FACE_OUTER_BOUND('',#1811,.T.);
#1448=FACE_OUTER_BOUND('',#1812,.T.);
#1449=FACE_OUTER_BOUND('',#1814,.T.);
#1450=FACE_OUTER_BOUND('',#1815,.T.);
#1451=FACE_OUTER_BOUND('',#1816,.T.);
#1452=FACE_OUTER_BOUND('',#1817,.T.);
#1453=FACE_OUTER_BOUND('',#1818,.T.);
#1454=FACE_OUTER_BOUND('',#1819,.T.);
#1455=FACE_OUTER_BOUND('',#1820,.T.);
#1456=FACE_OUTER_BOUND('',#1821,.T.);
#1457=FACE_OUTER_BOUND('',#1822,.T.);
#1458=FACE_OUTER_BOUND('',#1823,.T.);
#1459=FACE_OUTER_BOUND('',#1824,.T.);
#1460=FACE_OUTER_BOUND('',#1825,.T.);
#1461=FACE_OUTER_BOUND('',#1826,.T.);
#1462=FACE_OUTER_BOUND('',#1827,.T.);
#1463=FACE_OUTER_BOUND('',#1828,.T.);
#1464=FACE_OUTER_BOUND('',#1829,.T.);
#1465=FACE_OUTER_BOUND('',#1830,.T.);
#1466=FACE_OUTER_BOUND('',#1831,.T.);
#1467=FACE_OUTER_BOUND('',#1832,.T.);
#1468=FACE_OUTER_BOUND('',#1833,.T.);
#1469=FACE_OUTER_BOUND('',#1834,.T.);
#1470=FACE_OUTER_BOUND('',#1835,.T.);
#1471=FACE_OUTER_BOUND('',#1836,.T.);
#1472=FACE_OUTER_BOUND('',#1837,.T.);
#1473=FACE_OUTER_BOUND('',#1838,.T.);
#1474=FACE_OUTER_BOUND('',#1839,.T.);
#1475=FACE_OUTER_BOUND('',#1840,.T.);
#1476=FACE_OUTER_BOUND('',#1841,.T.);
#1477=FACE_OUTER_BOUND('',#1842,.T.);
#1478=FACE_OUTER_BOUND('',#1843,.T.);
#1479=FACE_OUTER_BOUND('',#1844,.T.);
#1480=FACE_OUTER_BOUND('',#1845,.T.);
#1481=FACE_OUTER_BOUND('',#1846,.T.);
#1482=FACE_OUTER_BOUND('',#1847,.T.);
#1483=FACE_OUTER_BOUND('',#1848,.T.);
#1484=FACE_OUTER_BOUND('',#1849,.T.);
#1485=FACE_OUTER_BOUND('',#1850,.T.);
#1486=FACE_OUTER_BOUND('',#1851,.T.);
#1487=FACE_OUTER_BOUND('',#1852,.T.);
#1488=FACE_OUTER_BOUND('',#1853,.T.);
#1489=FACE_OUTER_BOUND('',#1854,.T.);
#1490=FACE_OUTER_BOUND('',#1855,.T.);
#1491=FACE_OUTER_BOUND('',#1856,.T.);
#1492=FACE_OUTER_BOUND('',#1857,.T.);
#1493=FACE_OUTER_BOUND('',#1858,.T.);
#1494=FACE_OUTER_BOUND('',#1859,.T.);
#1495=FACE_OUTER_BOUND('',#1860,.T.);
#1496=FACE_OUTER_BOUND('',#1861,.T.);
#1497=FACE_OUTER_BOUND('',#1862,.T.);
#1498=FACE_OUTER_BOUND('',#1863,.T.);
#1499=FACE_OUTER_BOUND('',#1864,.T.);
#1500=FACE_OUTER_BOUND('',#1865,.T.);
#1501=FACE_OUTER_BOUND('',#1866,.T.);
#1502=FACE_OUTER_BOUND('',#1867,.T.);
#1503=FACE_OUTER_BOUND('',#1868,.T.);
#1504=FACE_OUTER_BOUND('',#1869,.T.);
#1505=FACE_OUTER_BOUND('',#1870,.T.);
#1506=FACE_OUTER_BOUND('',#1871,.T.);
#1507=FACE_OUTER_BOUND('',#1872,.T.);
#1508=FACE_OUTER_BOUND('',#1873,.T.);
#1509=FACE_OUTER_BOUND('',#1874,.T.);
#1510=EDGE_LOOP('',(#3519));
#1511=EDGE_LOOP('',(#3520));
#1512=EDGE_LOOP('',(#3521));
#1513=EDGE_LOOP('',(#3522));
#1514=EDGE_LOOP('',(#3523));
#1515=EDGE_LOOP('',(#3524));
#1516=EDGE_LOOP('',(#3525));
#1517=EDGE_LOOP('',(#3526));
#1518=EDGE_LOOP('',(#3527));
#1519=EDGE_LOOP('',(#3528,#3529,#3530,#3531,#3532,#3533,#3534,#3535));
#1520=EDGE_LOOP('',(#3536,#3537,#3538,#3539));
#1521=EDGE_LOOP('',(#3540,#3541,#3542,#3543,#3544,#3545,#3546,#3547));
#1522=EDGE_LOOP('',(#3548,#3549,#3550,#3551));
#1523=EDGE_LOOP('',(#3552,#3553,#3554,#3555));
#1524=EDGE_LOOP('',(#3556,#3557,#3558,#3559,#3560,#3561,#3562,#3563,#3564,
#3565,#3566,#3567));
#1525=EDGE_LOOP('',(#3568,#3569,#3570,#3571));
#1526=EDGE_LOOP('',(#3572,#3573,#3574,#3575,#3576,#3577));
#1527=EDGE_LOOP('',(#3578,#3579,#3580,#3581));
#1528=EDGE_LOOP('',(#3582,#3583,#3584,#3585));
#1529=EDGE_LOOP('',(#3586,#3587,#3588,#3589));
#1530=EDGE_LOOP('',(#3590,#3591,#3592,#3593,#3594,#3595,#3596,#3597,#3598,
#3599,#3600,#3601));
#1531=EDGE_LOOP('',(#3602,#3603,#3604,#3605));
#1532=EDGE_LOOP('',(#3606,#3607,#3608,#3609));
#1533=EDGE_LOOP('',(#3610,#3611,#3612,#3613));
#1534=EDGE_LOOP('',(#3614,#3615,#3616,#3617,#3618,#3619));
#1535=EDGE_LOOP('',(#3620,#3621,#3622,#3623));
#1536=EDGE_LOOP('',(#3624,#3625,#3626,#3627,#3628,#3629,#3630,#3631,#3632,
#3633,#3634,#3635));
#1537=EDGE_LOOP('',(#3636,#3637,#3638,#3639));
#1538=EDGE_LOOP('',(#3640,#3641,#3642,#3643,#3644,#3645,#3646,#3647,#3648,
#3649,#3650,#3651));
#1539=EDGE_LOOP('',(#3652,#3653));
#1540=EDGE_LOOP('',(#3654));
#1541=EDGE_LOOP('',(#3655,#3656,#3657,#3658,#3659,#3660,#3661,#3662));
#1542=EDGE_LOOP('',(#3663,#3664,#3665,#3666,#3667));
#1543=EDGE_LOOP('',(#3668,#3669,#3670,#3671,#3672,#3673,#3674,#3675));
#1544=EDGE_LOOP('',(#3676));
#1545=EDGE_LOOP('',(#3677,#3678,#3679,#3680,#3681,#3682));
#1546=EDGE_LOOP('',(#3683,#3684,#3685,#3686));
#1547=EDGE_LOOP('',(#3687,#3688,#3689,#3690));
#1548=EDGE_LOOP('',(#3691,#3692,#3693,#3694));
#1549=EDGE_LOOP('',(#3695,#3696,#3697,#3698,#3699));
#1550=EDGE_LOOP('',(#3700,#3701,#3702,#3703,#3704));
#1551=EDGE_LOOP('',(#3705,#3706,#3707,#3708));
#1552=EDGE_LOOP('',(#3709,#3710,#3711,#3712));
#1553=EDGE_LOOP('',(#3713,#3714,#3715,#3716));
#1554=EDGE_LOOP('',(#3717,#3718,#3719,#3720));
#1555=EDGE_LOOP('',(#3721,#3722,#3723,#3724));
#1556=EDGE_LOOP('',(#3725,#3726,#3727,#3728));
#1557=EDGE_LOOP('',(#3729,#3730,#3731,#3732));
#1558=EDGE_LOOP('',(#3733,#3734,#3735,#3736));
#1559=EDGE_LOOP('',(#3737,#3738,#3739,#3740,#3741,#3742,#3743,#3744));
#1560=EDGE_LOOP('',(#3745,#3746,#3747,#3748,#3749,#3750,#3751,#3752));
#1561=EDGE_LOOP('',(#3753,#3754,#3755,#3756));
#1562=EDGE_LOOP('',(#3757,#3758,#3759,#3760));
#1563=EDGE_LOOP('',(#3761,#3762,#3763,#3764));
#1564=EDGE_LOOP('',(#3765,#3766,#3767,#3768));
#1565=EDGE_LOOP('',(#3769,#3770,#3771,#3772));
#1566=EDGE_LOOP('',(#3773,#3774,#3775,#3776));
#1567=EDGE_LOOP('',(#3777,#3778,#3779,#3780));
#1568=EDGE_LOOP('',(#3781,#3782,#3783,#3784));
#1569=EDGE_LOOP('',(#3785,#3786,#3787,#3788));
#1570=EDGE_LOOP('',(#3789,#3790,#3791,#3792,#3793,#3794,#3795,#3796));
#1571=EDGE_LOOP('',(#3797,#3798,#3799,#3800,#3801,#3802,#3803,#3804));
#1572=EDGE_LOOP('',(#3805,#3806,#3807,#3808));
#1573=EDGE_LOOP('',(#3809,#3810,#3811,#3812));
#1574=EDGE_LOOP('',(#3813,#3814,#3815,#3816));
#1575=EDGE_LOOP('',(#3817,#3818,#3819,#3820));
#1576=EDGE_LOOP('',(#3821,#3822,#3823,#3824,#3825,#3826));
#1577=EDGE_LOOP('',(#3827,#3828,#3829,#3830));
#1578=EDGE_LOOP('',(#3831));
#1579=EDGE_LOOP('',(#3832,#3833,#3834,#3835,#3836));
#1580=EDGE_LOOP('',(#3837));
#1581=EDGE_LOOP('',(#3838,#3839,#3840,#3841));
#1582=EDGE_LOOP('',(#3842,#3843,#3844,#3845));
#1583=EDGE_LOOP('',(#3846,#3847,#3848,#3849,#3850));
#1584=EDGE_LOOP('',(#3851,#3852,#3853,#3854,#3855));
#1585=EDGE_LOOP('',(#3856,#3857,#3858,#3859));
#1586=EDGE_LOOP('',(#3860,#3861,#3862,#3863));
#1587=EDGE_LOOP('',(#3864,#3865,#3866,#3867));
#1588=EDGE_LOOP('',(#3868,#3869,#3870,#3871,#3872));
#1589=EDGE_LOOP('',(#3873,#3874,#3875,#3876,#3877));
#1590=EDGE_LOOP('',(#3878,#3879,#3880,#3881));
#1591=EDGE_LOOP('',(#3882,#3883,#3884,#3885));
#1592=EDGE_LOOP('',(#3886,#3887,#3888,#3889));
#1593=EDGE_LOOP('',(#3890,#3891,#3892,#3893));
#1594=EDGE_LOOP('',(#3894,#3895,#3896,#3897));
#1595=EDGE_LOOP('',(#3898,#3899,#3900,#3901));
#1596=EDGE_LOOP('',(#3902,#3903,#3904,#3905));
#1597=EDGE_LOOP('',(#3906,#3907,#3908,#3909));
#1598=EDGE_LOOP('',(#3910,#3911,#3912,#3913));
#1599=EDGE_LOOP('',(#3914,#3915,#3916,#3917));
#1600=EDGE_LOOP('',(#3918,#3919,#3920,#3921));
#1601=EDGE_LOOP('',(#3922,#3923,#3924,#3925));
#1602=EDGE_LOOP('',(#3926,#3927,#3928,#3929));
#1603=EDGE_LOOP('',(#3930,#3931,#3932,#3933,#3934));
#1604=EDGE_LOOP('',(#3935,#3936,#3937,#3938));
#1605=EDGE_LOOP('',(#3939,#3940,#3941,#3942,#3943));
#1606=EDGE_LOOP('',(#3944,#3945,#3946,#3947));
#1607=EDGE_LOOP('',(#3948,#3949,#3950,#3951));
#1608=EDGE_LOOP('',(#3952,#3953,#3954,#3955,#3956,#3957,#3958,#3959));
#1609=EDGE_LOOP('',(#3960,#3961,#3962,#3963,#3964));
#1610=EDGE_LOOP('',(#3965,#3966,#3967,#3968));
#1611=EDGE_LOOP('',(#3969,#3970,#3971,#3972));
#1612=EDGE_LOOP('',(#3973,#3974,#3975,#3976,#3977));
#1613=EDGE_LOOP('',(#3978,#3979,#3980,#3981));
#1614=EDGE_LOOP('',(#3982,#3983,#3984,#3985));
#1615=EDGE_LOOP('',(#3986,#3987,#3988,#3989));
#1616=EDGE_LOOP('',(#3990,#3991,#3992,#3993));
#1617=EDGE_LOOP('',(#3994,#3995,#3996,#3997));
#1618=EDGE_LOOP('',(#3998,#3999,#4000,#4001,#4002));
#1619=EDGE_LOOP('',(#4003,#4004,#4005,#4006));
#1620=EDGE_LOOP('',(#4007,#4008,#4009,#4010));
#1621=EDGE_LOOP('',(#4011,#4012,#4013,#4014,#4015));
#1622=EDGE_LOOP('',(#4016,#4017,#4018,#4019));
#1623=EDGE_LOOP('',(#4020,#4021,#4022,#4023));
#1624=EDGE_LOOP('',(#4024,#4025,#4026,#4027,#4028));
#1625=EDGE_LOOP('',(#4029,#4030,#4031,#4032));
#1626=EDGE_LOOP('',(#4033,#4034,#4035,#4036));
#1627=EDGE_LOOP('',(#4037,#4038,#4039,#4040));
#1628=EDGE_LOOP('',(#4041,#4042,#4043,#4044));
#1629=EDGE_LOOP('',(#4045,#4046,#4047,#4048));
#1630=EDGE_LOOP('',(#4049,#4050,#4051,#4052,#4053,#4054,#4055,#4056));
#1631=EDGE_LOOP('',(#4057,#4058,#4059,#4060));
#1632=EDGE_LOOP('',(#4061,#4062,#4063,#4064));
#1633=EDGE_LOOP('',(#4065,#4066,#4067,#4068,#4069,#4070,#4071,#4072));
#1634=EDGE_LOOP('',(#4073));
#1635=EDGE_LOOP('',(#4074,#4075,#4076,#4077,#4078,#4079));
#1636=EDGE_LOOP('',(#4080,#4081,#4082,#4083));
#1637=EDGE_LOOP('',(#4084,#4085,#4086,#4087));
#1638=EDGE_LOOP('',(#4088,#4089,#4090,#4091));
#1639=EDGE_LOOP('',(#4092,#4093,#4094,#4095,#4096));
#1640=EDGE_LOOP('',(#4097,#4098,#4099,#4100,#4101));
#1641=EDGE_LOOP('',(#4102,#4103,#4104,#4105,#4106,#4107));
#1642=EDGE_LOOP('',(#4108,#4109,#4110,#4111));
#1643=EDGE_LOOP('',(#4112,#4113,#4114,#4115));
#1644=EDGE_LOOP('',(#4116,#4117,#4118,#4119));
#1645=EDGE_LOOP('',(#4120,#4121,#4122,#4123));
#1646=EDGE_LOOP('',(#4124,#4125,#4126,#4127));
#1647=EDGE_LOOP('',(#4128,#4129,#4130,#4131));
#1648=EDGE_LOOP('',(#4132,#4133,#4134,#4135));
#1649=EDGE_LOOP('',(#4136,#4137,#4138,#4139));
#1650=EDGE_LOOP('',(#4140,#4141,#4142,#4143));
#1651=EDGE_LOOP('',(#4144,#4145,#4146,#4147));
#1652=EDGE_LOOP('',(#4148,#4149,#4150,#4151));
#1653=EDGE_LOOP('',(#4152,#4153,#4154,#4155));
#1654=EDGE_LOOP('',(#4156,#4157,#4158,#4159));
#1655=EDGE_LOOP('',(#4160,#4161,#4162,#4163));
#1656=EDGE_LOOP('',(#4164,#4165,#4166,#4167));
#1657=EDGE_LOOP('',(#4168,#4169,#4170,#4171));
#1658=EDGE_LOOP('',(#4172,#4173,#4174,#4175,#4176,#4177,#4178,#4179));
#1659=EDGE_LOOP('',(#4180,#4181,#4182,#4183,#4184,#4185,#4186,#4187));
#1660=EDGE_LOOP('',(#4188,#4189,#4190,#4191,#4192,#4193,#4194,#4195,#4196,
#4197,#4198,#4199));
#1661=EDGE_LOOP('',(#4200,#4201,#4202,#4203));
#1662=EDGE_LOOP('',(#4204,#4205,#4206,#4207));
#1663=EDGE_LOOP('',(#4208,#4209,#4210,#4211));
#1664=EDGE_LOOP('',(#4212,#4213,#4214,#4215,#4216,#4217,#4218,#4219,#4220,
#4221,#4222,#4223));
#1665=EDGE_LOOP('',(#4224,#4225,#4226,#4227));
#1666=EDGE_LOOP('',(#4228,#4229,#4230,#4231));
#1667=EDGE_LOOP('',(#4232,#4233,#4234,#4235));
#1668=EDGE_LOOP('',(#4236,#4237,#4238,#4239,#4240,#4241));
#1669=EDGE_LOOP('',(#4242,#4243,#4244,#4245));
#1670=EDGE_LOOP('',(#4246,#4247,#4248,#4249));
#1671=EDGE_LOOP('',(#4250,#4251,#4252,#4253));
#1672=EDGE_LOOP('',(#4254,#4255,#4256,#4257));
#1673=EDGE_LOOP('',(#4258,#4259,#4260,#4261));
#1674=EDGE_LOOP('',(#4262,#4263,#4264,#4265));
#1675=EDGE_LOOP('',(#4266,#4267,#4268,#4269));
#1676=EDGE_LOOP('',(#4270,#4271,#4272,#4273));
#1677=EDGE_LOOP('',(#4274,#4275,#4276,#4277));
#1678=EDGE_LOOP('',(#4278,#4279,#4280,#4281));
#1679=EDGE_LOOP('',(#4282,#4283,#4284,#4285));
#1680=EDGE_LOOP('',(#4286,#4287,#4288,#4289));
#1681=EDGE_LOOP('',(#4290,#4291,#4292,#4293));
#1682=EDGE_LOOP('',(#4294,#4295,#4296,#4297));
#1683=EDGE_LOOP('',(#4298,#4299,#4300,#4301));
#1684=EDGE_LOOP('',(#4302,#4303,#4304,#4305));
#1685=EDGE_LOOP('',(#4306,#4307,#4308,#4309,#4310,#4311,#4312,#4313));
#1686=EDGE_LOOP('',(#4314,#4315,#4316,#4317,#4318,#4319,#4320,#4321));
#1687=EDGE_LOOP('',(#4322,#4323,#4324,#4325));
#1688=EDGE_LOOP('',(#4326,#4327,#4328,#4329));
#1689=EDGE_LOOP('',(#4330,#4331,#4332,#4333,#4334,#4335,#4336,#4337,#4338,
#4339,#4340,#4341));
#1690=EDGE_LOOP('',(#4342,#4343,#4344,#4345));
#1691=EDGE_LOOP('',(#4346,#4347,#4348,#4349));
#1692=EDGE_LOOP('',(#4350,#4351,#4352,#4353,#4354,#4355,#4356,#4357,#4358,
#4359,#4360,#4361));
#1693=EDGE_LOOP('',(#4362,#4363,#4364,#4365,#4366,#4367));
#1694=EDGE_LOOP('',(#4368,#4369,#4370,#4371));
#1695=EDGE_LOOP('',(#4372,#4373,#4374,#4375));
#1696=EDGE_LOOP('',(#4376,#4377,#4378,#4379));
#1697=EDGE_LOOP('',(#4380,#4381,#4382,#4383));
#1698=EDGE_LOOP('',(#4384,#4385,#4386,#4387,#4388,#4389));
#1699=EDGE_LOOP('',(#4390,#4391,#4392,#4393));
#1700=EDGE_LOOP('',(#4394,#4395,#4396,#4397));
#1701=EDGE_LOOP('',(#4398));
#1702=EDGE_LOOP('',(#4399));
#1703=EDGE_LOOP('',(#4400,#4401,#4402,#4403,#4404,#4405,#4406,#4407));
#1704=EDGE_LOOP('',(#4408));
#1705=EDGE_LOOP('',(#4409));
#1706=EDGE_LOOP('',(#4410));
#1707=EDGE_LOOP('',(#4411,#4412,#4413,#4414));
#1708=EDGE_LOOP('',(#4415));
#1709=EDGE_LOOP('',(#4416));
#1710=EDGE_LOOP('',(#4417));
#1711=EDGE_LOOP('',(#4418,#4419,#4420,#4421,#4422));
#1712=EDGE_LOOP('',(#4423));
#1713=EDGE_LOOP('',(#4424,#4425,#4426,#4427));
#1714=EDGE_LOOP('',(#4428,#4429,#4430,#4431));
#1715=EDGE_LOOP('',(#4432,#4433,#4434,#4435,#4436));
#1716=EDGE_LOOP('',(#4437,#4438,#4439,#4440,#4441));
#1717=EDGE_LOOP('',(#4442,#4443,#4444,#4445));
#1718=EDGE_LOOP('',(#4446,#4447,#4448,#4449));
#1719=EDGE_LOOP('',(#4450,#4451,#4452,#4453));
#1720=EDGE_LOOP('',(#4454,#4455,#4456,#4457,#4458));
#1721=EDGE_LOOP('',(#4459,#4460,#4461,#4462,#4463));
#1722=EDGE_LOOP('',(#4464,#4465,#4466,#4467));
#1723=EDGE_LOOP('',(#4468,#4469,#4470,#4471));
#1724=EDGE_LOOP('',(#4472,#4473,#4474,#4475));
#1725=EDGE_LOOP('',(#4476,#4477,#4478,#4479));
#1726=EDGE_LOOP('',(#4480,#4481,#4482,#4483));
#1727=EDGE_LOOP('',(#4484,#4485,#4486,#4487));
#1728=EDGE_LOOP('',(#4488,#4489,#4490,#4491));
#1729=EDGE_LOOP('',(#4492,#4493,#4494,#4495));
#1730=EDGE_LOOP('',(#4496,#4497,#4498,#4499));
#1731=EDGE_LOOP('',(#4500,#4501,#4502,#4503));
#1732=EDGE_LOOP('',(#4504,#4505,#4506,#4507));
#1733=EDGE_LOOP('',(#4508,#4509,#4510,#4511));
#1734=EDGE_LOOP('',(#4512,#4513,#4514,#4515));
#1735=EDGE_LOOP('',(#4516,#4517,#4518,#4519,#4520));
#1736=EDGE_LOOP('',(#4521,#4522,#4523,#4524));
#1737=EDGE_LOOP('',(#4525,#4526,#4527,#4528,#4529));
#1738=EDGE_LOOP('',(#4530,#4531,#4532,#4533));
#1739=EDGE_LOOP('',(#4534,#4535,#4536,#4537));
#1740=EDGE_LOOP('',(#4538,#4539,#4540,#4541,#4542));
#1741=EDGE_LOOP('',(#4543,#4544,#4545,#4546,#4547));
#1742=EDGE_LOOP('',(#4548,#4549,#4550,#4551));
#1743=EDGE_LOOP('',(#4552,#4553,#4554,#4555));
#1744=EDGE_LOOP('',(#4556,#4557,#4558,#4559,#4560));
#1745=EDGE_LOOP('',(#4561,#4562,#4563,#4564,#4565,#4566));
#1746=EDGE_LOOP('',(#4567,#4568,#4569,#4570));
#1747=EDGE_LOOP('',(#4571,#4572,#4573,#4574));
#1748=EDGE_LOOP('',(#4575,#4576,#4577,#4578));
#1749=EDGE_LOOP('',(#4579,#4580,#4581,#4582));
#1750=EDGE_LOOP('',(#4583,#4584,#4585,#4586));
#1751=EDGE_LOOP('',(#4587,#4588,#4589,#4590,#4591));
#1752=EDGE_LOOP('',(#4592,#4593,#4594,#4595));
#1753=EDGE_LOOP('',(#4596,#4597,#4598,#4599));
#1754=EDGE_LOOP('',(#4600,#4601,#4602,#4603,#4604));
#1755=EDGE_LOOP('',(#4605,#4606,#4607,#4608));
#1756=EDGE_LOOP('',(#4609,#4610,#4611,#4612));
#1757=EDGE_LOOP('',(#4613,#4614,#4615,#4616,#4617,#4618));
#1758=EDGE_LOOP('',(#4619,#4620,#4621,#4622));
#1759=EDGE_LOOP('',(#4623,#4624,#4625,#4626));
#1760=EDGE_LOOP('',(#4627,#4628,#4629,#4630,#4631,#4632));
#1761=EDGE_LOOP('',(#4633,#4634,#4635,#4636));
#1762=EDGE_LOOP('',(#4637,#4638,#4639,#4640));
#1763=EDGE_LOOP('',(#4641,#4642,#4643,#4644,#4645,#4646,#4647,#4648));
#1764=EDGE_LOOP('',(#4649,#4650,#4651,#4652));
#1765=EDGE_LOOP('',(#4653,#4654,#4655,#4656));
#1766=EDGE_LOOP('',(#4657,#4658,#4659,#4660));
#1767=EDGE_LOOP('',(#4661,#4662,#4663,#4664));
#1768=EDGE_LOOP('',(#4665,#4666,#4667,#4668));
#1769=EDGE_LOOP('',(#4669,#4670,#4671,#4672));
#1770=EDGE_LOOP('',(#4673,#4674,#4675,#4676,#4677));
#1771=EDGE_LOOP('',(#4678,#4679,#4680,#4681));
#1772=EDGE_LOOP('',(#4682,#4683,#4684,#4685));
#1773=EDGE_LOOP('',(#4686,#4687,#4688,#4689));
#1774=EDGE_LOOP('',(#4690,#4691,#4692,#4693,#4694,#4695));
#1775=EDGE_LOOP('',(#4696,#4697,#4698,#4699,#4700,#4701));
#1776=EDGE_LOOP('',(#4702,#4703,#4704,#4705));
#1777=EDGE_LOOP('',(#4706,#4707,#4708,#4709));
#1778=EDGE_LOOP('',(#4710,#4711,#4712,#4713));
#1779=EDGE_LOOP('',(#4714,#4715,#4716,#4717));
#1780=EDGE_LOOP('',(#4718,#4719,#4720,#4721));
#1781=EDGE_LOOP('',(#4722,#4723,#4724,#4725));
#1782=EDGE_LOOP('',(#4726,#4727,#4728,#4729));
#1783=EDGE_LOOP('',(#4730,#4731,#4732,#4733));
#1784=EDGE_LOOP('',(#4734,#4735,#4736,#4737));
#1785=EDGE_LOOP('',(#4738,#4739,#4740,#4741));
#1786=EDGE_LOOP('',(#4742,#4743,#4744,#4745,#4746));
#1787=EDGE_LOOP('',(#4747,#4748,#4749,#4750));
#1788=EDGE_LOOP('',(#4751,#4752,#4753,#4754,#4755,#4756,#4757,#4758,#4759,
#4760,#4761,#4762,#4763,#4764,#4765));
#1789=EDGE_LOOP('',(#4766,#4767,#4768,#4769,#4770));
#1790=EDGE_LOOP('',(#4771,#4772,#4773,#4774));
#1791=EDGE_LOOP('',(#4775,#4776,#4777,#4778));
#1792=EDGE_LOOP('',(#4779,#4780,#4781,#4782,#4783,#4784,#4785,#4786,#4787,
#4788,#4789,#4790));
#1793=EDGE_LOOP('',(#4791,#4792,#4793,#4794));
#1794=EDGE_LOOP('',(#4795,#4796,#4797,#4798));
#1795=EDGE_LOOP('',(#4799,#4800,#4801,#4802));
#1796=EDGE_LOOP('',(#4803,#4804,#4805,#4806));
#1797=EDGE_LOOP('',(#4807,#4808,#4809,#4810,#4811,#4812,#4813,#4814));
#1798=EDGE_LOOP('',(#4815));
#1799=EDGE_LOOP('',(#4816,#4817,#4818,#4819));
#1800=EDGE_LOOP('',(#4820,#4821,#4822,#4823));
#1801=EDGE_LOOP('',(#4824,#4825,#4826,#4827,#4828,#4829,#4830,#4831));
#1802=EDGE_LOOP('',(#4832));
#1803=EDGE_LOOP('',(#4833,#4834,#4835,#4836));
#1804=EDGE_LOOP('',(#4837,#4838,#4839,#4840));
#1805=EDGE_LOOP('',(#4841,#4842,#4843,#4844));
#1806=EDGE_LOOP('',(#4845,#4846,#4847,#4848));
#1807=EDGE_LOOP('',(#4849,#4850,#4851,#4852));
#1808=EDGE_LOOP('',(#4853,#4854,#4855,#4856));
#1809=EDGE_LOOP('',(#4857,#4858,#4859,#4860));
#1810=EDGE_LOOP('',(#4861,#4862,#4863,#4864));
#1811=EDGE_LOOP('',(#4865,#4866,#4867,#4868));
#1812=EDGE_LOOP('',(#4869,#4870,#4871,#4872,#4873,#4874,#4875,#4876));
#1813=EDGE_LOOP('',(#4877,#4878,#4879,#4880,#4881,#4882,#4883,#4884));
#1814=EDGE_LOOP('',(#4885,#4886,#4887,#4888));
#1815=EDGE_LOOP('',(#4889,#4890,#4891,#4892));
#1816=EDGE_LOOP('',(#4893,#4894,#4895,#4896));
#1817=EDGE_LOOP('',(#4897,#4898,#4899,#4900));
#1818=EDGE_LOOP('',(#4901,#4902,#4903,#4904));
#1819=EDGE_LOOP('',(#4905,#4906,#4907,#4908));
#1820=EDGE_LOOP('',(#4909,#4910,#4911,#4912));
#1821=EDGE_LOOP('',(#4913,#4914,#4915,#4916));
#1822=EDGE_LOOP('',(#4917,#4918,#4919,#4920));
#1823=EDGE_LOOP('',(#4921,#4922,#4923,#4924));
#1824=EDGE_LOOP('',(#4925,#4926,#4927,#4928));
#1825=EDGE_LOOP('',(#4929,#4930,#4931,#4932));
#1826=EDGE_LOOP('',(#4933,#4934,#4935,#4936));
#1827=EDGE_LOOP('',(#4937,#4938,#4939,#4940));
#1828=EDGE_LOOP('',(#4941,#4942,#4943,#4944));
#1829=EDGE_LOOP('',(#4945,#4946,#4947,#4948));
#1830=EDGE_LOOP('',(#4949,#4950,#4951,#4952));
#1831=EDGE_LOOP('',(#4953,#4954,#4955,#4956));
#1832=EDGE_LOOP('',(#4957,#4958,#4959,#4960));
#1833=EDGE_LOOP('',(#4961,#4962,#4963,#4964));
#1834=EDGE_LOOP('',(#4965,#4966,#4967,#4968));
#1835=EDGE_LOOP('',(#4969,#4970,#4971,#4972));
#1836=EDGE_LOOP('',(#4973,#4974,#4975,#4976));
#1837=EDGE_LOOP('',(#4977,#4978,#4979,#4980));
#1838=EDGE_LOOP('',(#4981,#4982,#4983,#4984));
#1839=EDGE_LOOP('',(#4985,#4986,#4987,#4988));
#1840=EDGE_LOOP('',(#4989,#4990,#4991,#4992));
#1841=EDGE_LOOP('',(#4993,#4994,#4995,#4996));
#1842=EDGE_LOOP('',(#4997,#4998,#4999,#5000));
#1843=EDGE_LOOP('',(#5001,#5002,#5003,#5004));
#1844=EDGE_LOOP('',(#5005,#5006,#5007,#5008));
#1845=EDGE_LOOP('',(#5009,#5010,#5011,#5012));
#1846=EDGE_LOOP('',(#5013,#5014,#5015,#5016));
#1847=EDGE_LOOP('',(#5017,#5018,#5019,#5020));
#1848=EDGE_LOOP('',(#5021,#5022,#5023,#5024));
#1849=EDGE_LOOP('',(#5025,#5026,#5027,#5028));
#1850=EDGE_LOOP('',(#5029,#5030,#5031,#5032));
#1851=EDGE_LOOP('',(#5033,#5034,#5035,#5036));
#1852=EDGE_LOOP('',(#5037,#5038,#5039,#5040));
#1853=EDGE_LOOP('',(#5041,#5042,#5043,#5044));
#1854=EDGE_LOOP('',(#5045,#5046,#5047,#5048));
#1855=EDGE_LOOP('',(#5049,#5050,#5051,#5052));
#1856=EDGE_LOOP('',(#5053,#5054,#5055,#5056));
#1857=EDGE_LOOP('',(#5057,#5058,#5059,#5060));
#1858=EDGE_LOOP('',(#5061,#5062,#5063,#5064));
#1859=EDGE_LOOP('',(#5065,#5066,#5067,#5068));
#1860=EDGE_LOOP('',(#5069,#5070,#5071,#5072));
#1861=EDGE_LOOP('',(#5073,#5074,#5075,#5076));
#1862=EDGE_LOOP('',(#5077,#5078,#5079,#5080));
#1863=EDGE_LOOP('',(#5081,#5082,#5083,#5084));
#1864=EDGE_LOOP('',(#5085,#5086,#5087,#5088));
#1865=EDGE_LOOP('',(#5089,#5090,#5091,#5092));
#1866=EDGE_LOOP('',(#5093,#5094,#5095,#5096));
#1867=EDGE_LOOP('',(#5097,#5098,#5099,#5100));
#1868=EDGE_LOOP('',(#5101,#5102,#5103,#5104));
#1869=EDGE_LOOP('',(#5105,#5106,#5107,#5108));
#1870=EDGE_LOOP('',(#5109,#5110,#5111,#5112));
#1871=EDGE_LOOP('',(#5113,#5114,#5115,#5116));
#1872=EDGE_LOOP('',(#5117,#5118,#5119,#5120));
#1873=EDGE_LOOP('',(#5121,#5122,#5123,#5124));
#1874=EDGE_LOOP('',(#5125,#5126,#5127,#5128));
#1875=CIRCLE('',#5624,1.);
#1876=CIRCLE('',#5625,0.25);
#1877=CIRCLE('',#5627,1.5);
#1878=CIRCLE('',#5630,2.4);
#1879=CIRCLE('',#5632,0.5);
#1880=CIRCLE('',#5634,2.);
#1881=CIRCLE('',#5636,2.5);
#1882=CIRCLE('',#5637,2.52500900000001);
#1883=CIRCLE('',#5638,2.52500899999999);
#1884=CIRCLE('',#5639,2.5);
#1885=CIRCLE('',#5640,0.699999999999998);
#1886=CIRCLE('',#5641,0.699999999999998);
#1887=CIRCLE('',#5643,2.5);
#1888=CIRCLE('',#5644,2.5);
#1889=CIRCLE('',#5645,2.525009);
#1890=CIRCLE('',#5646,2.525009);
#1891=CIRCLE('',#5647,0.699999999999998);
#1892=CIRCLE('',#5648,0.699999999999998);
#1893=CIRCLE('',#5649,4.76665716597074);
#1894=CIRCLE('',#5650,3.724991);
#1895=CIRCLE('',#5651,6.25);
#1896=CIRCLE('',#5652,3.724991);
#1897=CIRCLE('',#5654,3.724991);
#1898=CIRCLE('',#5655,4.76665716597074);
#1899=CIRCLE('',#5656,6.24999999999999);
#1900=CIRCLE('',#5657,3.724991);
#1901=CIRCLE('',#5659,3.724991);
#1902=CIRCLE('',#5660,4.76665716597075);
#1903=CIRCLE('',#5661,3.724991);
#1904=CIRCLE('',#5662,6.25000000000256);
#1905=CIRCLE('',#5664,3.724991);
#1906=CIRCLE('',#5665,4.76665716597074);
#1907=CIRCLE('',#5666,3.724991);
#1908=CIRCLE('',#5667,6.25000000000257);
#1909=CIRCLE('',#5669,4.76665716597075);
#1910=CIRCLE('',#5670,3.724991);
#1911=CIRCLE('',#5671,3.724991);
#1912=CIRCLE('',#5673,3.724991);
#1913=CIRCLE('',#5674,4.76665716597074);
#1914=CIRCLE('',#5675,3.724991);
#1915=CIRCLE('',#5677,3.724991);
#1916=CIRCLE('',#5678,4.76665716597076);
#1917=CIRCLE('',#5679,3.724991);
#1918=CIRCLE('',#5681,3.724991);
#1919=CIRCLE('',#5682,4.76665716597074);
#1920=CIRCLE('',#5683,3.724991);
#1921=CIRCLE('',#5686,1.025);
#1922=CIRCLE('',#5687,0.75);
#1923=CIRCLE('',#5688,0.5);
#1924=CIRCLE('',#5690,2.52500899999999);
#1925=CIRCLE('',#5691,2.525009);
#1926=CIRCLE('',#5692,2.525009);
#1927=CIRCLE('',#5693,2.52500899999999);
#1928=CIRCLE('',#5696,2.525009);
#1929=CIRCLE('',#5697,2.52500899999999);
#1930=CIRCLE('',#5698,5.40355339059327);
#1931=CIRCLE('',#5699,2.12499999999999);
#1932=CIRCLE('',#5700,3.37499999999998);
#1933=CIRCLE('',#5702,3.724991);
#1934=CIRCLE('',#5703,3.724991);
#1935=CIRCLE('',#5704,3.724991);
#1936=CIRCLE('',#5705,4.25000000000003);
#1937=CIRCLE('',#5706,4.25000000000002);
#1938=CIRCLE('',#5707,3.724991);
#1939=CIRCLE('',#5709,3.724991);
#1940=CIRCLE('',#5711,3.724991);
#1941=CIRCLE('',#5714,4.25000000000003);
#1942=CIRCLE('',#5717,4.25000000000002);
#1943=CIRCLE('',#5718,4.25000000000002);
#1944=CIRCLE('',#5721,4.25000000000002);
#1945=CIRCLE('',#5724,4.25000000000004);
#1946=CIRCLE('',#5725,4.25000000000004);
#1947=CIRCLE('',#5727,3.724991);
#1948=CIRCLE('',#5730,4.25000000000002);
#1949=CIRCLE('',#5731,4.25000000000002);
#1950=CIRCLE('',#5734,4.25000000000004);
#1951=CIRCLE('',#5735,4.25000000000004);
#1952=CIRCLE('',#5738,4.25000000000002);
#1953=CIRCLE('',#5739,4.25000000000002);
#1954=CIRCLE('',#5742,4.25000000000003);
#1955=CIRCLE('',#5743,4.25000000000003);
#1956=CIRCLE('',#5745,2.525009);
#1957=CIRCLE('',#5746,3.724991);
#1958=CIRCLE('',#5747,3.724991);
#1959=CIRCLE('',#5749,3.724991);
#1960=CIRCLE('',#5751,3.724991);
#1961=CIRCLE('',#5752,2.52500900000001);
#1962=CIRCLE('',#5753,3.724991);
#1963=CIRCLE('',#5756,5.10355339059327);
#1964=CIRCLE('',#5759,0.75);
#1965=CIRCLE('',#5762,3.724991);
#1966=CIRCLE('',#5765,0.625);
#1967=CIRCLE('',#5767,0.625000000000001);
#1968=CIRCLE('',#5772,0.575218120630874);
#1969=CIRCLE('',#5774,0.575218120630874);
#1970=CIRCLE('',#5778,0.949999999999998);
#1971=CIRCLE('',#5779,0.949999999999998);
#1972=CIRCLE('',#5782,0.949999999999998);
#1973=CIRCLE('',#5783,0.949999999999998);
#1974=CIRCLE('',#5787,0.949999999999998);
#1975=CIRCLE('',#5788,0.949999999999998);
#1976=CIRCLE('',#5791,0.949999999999998);
#1977=CIRCLE('',#5792,0.949999999999998);
#1978=CIRCLE('',#5797,1.025);
#1979=CIRCLE('',#5800,1.55);
#1980=CIRCLE('',#5804,1.025);
#1981=CIRCLE('',#5806,1.55);
#1982=CIRCLE('',#5810,0.35);
#1983=CIRCLE('',#5811,0.35);
#1984=CIRCLE('',#5814,0.35);
#1985=CIRCLE('',#5815,0.35);
#1986=CIRCLE('',#5819,1.5);
#1987=CIRCLE('',#5823,1.5);
#1988=CIRCLE('',#5826,2.525009);
#1989=CIRCLE('',#5827,3.724991);
#1990=CIRCLE('',#5828,2.52500899999999);
#1991=CIRCLE('',#5829,3.724991);
#1992=CIRCLE('',#5831,3.724991);
#1993=CIRCLE('',#5835,2.52500899999999);
#1994=CIRCLE('',#5836,2.52500899999999);
#1995=CIRCLE('',#5837,2.52500899999999);
#1996=CIRCLE('',#5838,2.525009);
#1997=CIRCLE('',#5839,5.3);
#1998=CIRCLE('',#5840,3.37499999999998);
#1999=CIRCLE('',#5841,2.12499999999999);
#2000=CIRCLE('',#5843,3.974991);
#2001=CIRCLE('',#5844,3.974991);
#2002=CIRCLE('',#5845,3.974991);
#2003=CIRCLE('',#5846,4.50000000000003);
#2004=CIRCLE('',#5847,3.974991);
#2005=CIRCLE('',#5848,4.50000000000002);
#2006=CIRCLE('',#5850,3.974991);
#2007=CIRCLE('',#5852,3.974991);
#2008=CIRCLE('',#5856,4.50000000000003);
#2009=CIRCLE('',#5859,4.50000000000002);
#2010=CIRCLE('',#5860,4.50000000000002);
#2011=CIRCLE('',#5863,4.65000000000002);
#2012=CIRCLE('',#5864,4.65000000000002);
#2013=CIRCLE('',#5867,4.65000000000003);
#2014=CIRCLE('',#5868,4.65000000000003);
#2015=CIRCLE('',#5871,4.50000000000002);
#2016=CIRCLE('',#5874,4.50000000000004);
#2017=CIRCLE('',#5875,4.50000000000004);
#2018=CIRCLE('',#5878,4.65000000000002);
#2019=CIRCLE('',#5879,4.65000000000002);
#2020=CIRCLE('',#5882,4.65000000000003);
#2021=CIRCLE('',#5883,4.65000000000003);
#2022=CIRCLE('',#5886,3.974991);
#2023=CIRCLE('',#5887,3.974991);
#2024=CIRCLE('',#5888,6.5);
#2025=CIRCLE('',#5889,3.974991);
#2026=CIRCLE('',#5890,3.974991);
#2027=CIRCLE('',#5891,6.49999999999999);
#2028=CIRCLE('',#5893,3.974991);
#2029=CIRCLE('',#5895,3.974991);
#2030=CIRCLE('',#5896,6.5);
#2031=CIRCLE('',#5897,3.974991);
#2032=CIRCLE('',#5898,3.974991);
#2033=CIRCLE('',#5899,2.525009);
#2034=CIRCLE('',#5900,3.974991);
#2035=CIRCLE('',#5901,6.5);
#2036=CIRCLE('',#5905,4.50000000000002);
#2037=CIRCLE('',#5906,4.50000000000002);
#2038=CIRCLE('',#5909,4.50000000000004);
#2039=CIRCLE('',#5910,4.50000000000004);
#2040=CIRCLE('',#5913,4.65000000000003);
#2041=CIRCLE('',#5914,4.65000000000003);
#2042=CIRCLE('',#5917,4.65000000000002);
#2043=CIRCLE('',#5918,4.65000000000002);
#2044=CIRCLE('',#5921,4.50000000000002);
#2045=CIRCLE('',#5922,4.50000000000002);
#2046=CIRCLE('',#5925,4.50000000000003);
#2047=CIRCLE('',#5926,4.50000000000003);
#2048=CIRCLE('',#5929,4.65000000000002);
#2049=CIRCLE('',#5930,4.65000000000002);
#2050=CIRCLE('',#5933,4.65000000000003);
#2051=CIRCLE('',#5934,4.65000000000003);
#2052=CIRCLE('',#5936,3.974991);
#2053=CIRCLE('',#5937,3.974991);
#2054=CIRCLE('',#5938,3.974991);
#2055=CIRCLE('',#5939,3.974991);
#2056=CIRCLE('',#5941,3.974991);
#2057=CIRCLE('',#5943,3.974991);
#2058=CIRCLE('',#5944,3.974991);
#2059=CIRCLE('',#5946,3.974991);
#2060=CIRCLE('',#5948,3.974991);
#2061=CIRCLE('',#5950,3.974991);
#2062=CIRCLE('',#5951,3.974991);
#2063=CIRCLE('',#5952,3.974991);
#2064=CIRCLE('',#5953,3.974991);
#2065=CIRCLE('',#5956,4.4);
#2066=CIRCLE('',#5957,4.4);
#2067=CIRCLE('',#5959,4.8);
#2068=CIRCLE('',#5960,4.8);
#2069=CIRCLE('',#5963,2.525009);
#2070=CIRCLE('',#5965,5.);
#2071=CIRCLE('',#5969,0.5);
#2072=CIRCLE('',#5972,3.974991);
#2073=CIRCLE('',#5975,0.875);
#2074=CIRCLE('',#5977,0.875000000000001);
#2075=CIRCLE('',#5982,0.825218120630874);
#2076=CIRCLE('',#5984,0.825218120630874);
#2077=CIRCLE('',#5988,0.699999999999998);
#2078=CIRCLE('',#5991,0.699999999999998);
#2079=CIRCLE('',#5995,0.699999999999998);
#2080=CIRCLE('',#5998,0.699999999999998);
#2081=CIRCLE('',#6003,1.275);
#2082=CIRCLE('',#6006,1.3);
#2083=CIRCLE('',#6010,1.275);
#2084=CIRCLE('',#6012,1.3);
#2085=CIRCLE('',#6017,0.6);
#2086=CIRCLE('',#6018,0.6);
#2087=CIRCLE('',#6021,0.6);
#2088=CIRCLE('',#6022,0.6);
#2089=CIRCLE('',#6026,1.25);
#2090=CIRCLE('',#6030,1.25);
#2091=CIRCLE('',#6033,3.974991);
#2092=CIRCLE('',#6034,3.974991);
#2093=CIRCLE('',#6036,3.974991);
#2094=CIRCLE('',#6043,1.75);
#2095=CIRCLE('',#6044,1.25);
#2096=CIRCLE('',#6052,4.224991);
#2097=CIRCLE('',#6053,4.224991);
#2098=CIRCLE('',#6057,4.22499099995684);
#2099=CIRCLE('',#6058,4.22499099995684);
#2100=CIRCLE('',#6061,7.4);
#2101=CIRCLE('',#6062,5.4);
#2102=CIRCLE('',#6065,7.4);
#2103=CIRCLE('',#6066,5.4);
#2104=CIRCLE('',#6068,5.74999999995663);
#2105=CIRCLE('',#6069,5.74999999995664);
#2106=CIRCLE('',#6070,5.74999999995663);
#2107=CIRCLE('',#6071,5.74999999995663);
#2108=CIRCLE('',#6072,8.3);
#2109=CIRCLE('',#6074,6.3);
#2110=CIRCLE('',#6076,2.52500899999992);
#2111=CIRCLE('',#6077,2.52500899999994);
#2112=CIRCLE('',#6078,2.52500899999994);
#2113=CIRCLE('',#6079,2.52500899999994);
#2114=CIRCLE('',#6082,2.52500899999994);
#2115=CIRCLE('',#6083,3.77500899999993);
#2116=CIRCLE('',#6086,2.52500899999994);
#2117=CIRCLE('',#6087,3.77500899999994);
#2118=CIRCLE('',#6090,2.52500899999994);
#2119=CIRCLE('',#6091,3.77500899999995);
#2120=CIRCLE('',#6094,2.52500899999992);
#2121=CIRCLE('',#6095,3.77500899999995);
#2122=CIRCLE('',#6097,6.74999999995663);
#2123=CIRCLE('',#6098,6.74999999995663);
#2124=CIRCLE('',#6099,6.74999999995664);
#2125=CIRCLE('',#6100,6.74999999995663);
#2126=CIRCLE('',#6102,3.00000000000001);
#2127=CIRCLE('',#6103,3.);
#2128=CIRCLE('',#6105,3.00000000000005);
#2129=CIRCLE('',#6106,8.74999999995663);
#2130=CIRCLE('',#6108,3.);
#2131=CIRCLE('',#6110,3.00000000000085);
#2132=CIRCLE('',#6111,8.74999999995663);
#2133=CIRCLE('',#6113,3.);
#2134=CIRCLE('',#6115,3.00000000000085);
#2135=CIRCLE('',#6116,8.74999999995664);
#2136=CIRCLE('',#6118,3.);
#2137=CIRCLE('',#6120,8.74999999995663);
#2138=CIRCLE('',#6122,8.74999999995664);
#2139=CIRCLE('',#6125,8.74999999995663);
#2140=CIRCLE('',#6128,2.);
#2141=CIRCLE('',#6129,1.99999999999999);
#2142=CIRCLE('',#6131,1.99999999999998);
#2143=CIRCLE('',#6132,8.74999999995663);
#2144=CIRCLE('',#6134,2.);
#2145=CIRCLE('',#6136,1.99999999999998);
#2146=CIRCLE('',#6137,8.74999999995663);
#2147=CIRCLE('',#6139,2.);
#2148=CIRCLE('',#6141,1.99999999999998);
#2149=CIRCLE('',#6143,2.);
#2150=CIRCLE('',#6148,4.224991);
#2151=CIRCLE('',#6149,6.74999999995663);
#2152=CIRCLE('',#6150,4.22499099995684);
#2153=CIRCLE('',#6151,4.78364753528077);
#2154=CIRCLE('',#6152,4.2250062119765);
#2155=CIRCLE('',#6153,4.2250062119765);
#2156=CIRCLE('',#6154,4.62421286032795);
#2157=CIRCLE('',#6155,4.22499059099481);
#2158=CIRCLE('',#6156,4.22499059099481);
#2159=CIRCLE('',#6158,4.2250062119765);
#2160=CIRCLE('',#6160,4.22499059099481);
#2161=CIRCLE('',#6161,4.224991);
#2162=CIRCLE('',#6162,6.74999999995662);
#2163=CIRCLE('',#6163,4.22499099995684);
#2164=CIRCLE('',#6164,4.78364753528076);
#2165=CIRCLE('',#6165,4.2250062119765);
#2166=CIRCLE('',#6166,4.62421286032793);
#2167=CIRCLE('',#6167,4.22499059099481);
#2168=CIRCLE('',#6169,4.224991);
#2169=CIRCLE('',#6171,4.22499099995684);
#2170=CIRCLE('',#6173,4.2250062119765);
#2171=CIRCLE('',#6175,4.22499059099481);
#2172=CIRCLE('',#6176,4.224991);
#2173=CIRCLE('',#6177,6.74999999995661);
#2174=CIRCLE('',#6178,4.22499099995684);
#2175=CIRCLE('',#6179,4.78364753528075);
#2176=CIRCLE('',#6180,4.2250062119765);
#2177=CIRCLE('',#6181,4.62421286032791);
#2178=CIRCLE('',#6182,4.22499059099481);
#2179=CIRCLE('',#6184,4.224991);
#2180=CIRCLE('',#6186,4.22499099995684);
#2181=CIRCLE('',#6188,4.2250062119765);
#2182=CIRCLE('',#6190,4.22499059099481);
#2183=CIRCLE('',#6191,4.224991);
#2184=CIRCLE('',#6192,6.74999999995662);
#2185=CIRCLE('',#6193,4.22499099995684);
#2186=CIRCLE('',#6194,4.78364753528076);
#2187=CIRCLE('',#6195,4.2250062119765);
#2188=CIRCLE('',#6196,4.62421286032795);
#2189=CIRCLE('',#6197,4.22499059099481);
#2190=CIRCLE('',#6203,3.52500899999994);
#2191=CIRCLE('',#6204,3.52500899999994);
#2192=CIRCLE('',#6207,3.52500899999992);
#2193=CIRCLE('',#6208,3.52500899999992);
#2194=CIRCLE('',#6211,3.52500899999994);
#2195=CIRCLE('',#6212,3.52500899999994);
#2196=CIRCLE('',#6216,3.52500899999994);
#2197=CIRCLE('',#6217,3.52500899999994);
#2198=VERTEX_POINT('',#7838);
#2199=VERTEX_POINT('',#7840);
#2200=VERTEX_POINT('',#7843);
#2201=VERTEX_POINT('',#7847);
#2202=VERTEX_POINT('',#7850);
#2203=VERTEX_POINT('',#7853);
#2204=VERTEX_POINT('',#7856);
#2205=VERTEX_POINT('',#7857);
#2206=VERTEX_POINT('',#7859);
#2207=VERTEX_POINT('',#7861);
#2208=VERTEX_POINT('',#7863);
#2209=VERTEX_POINT('',#7865);
#2210=VERTEX_POINT('',#7867);
#2211=VERTEX_POINT('',#7869);
#2212=VERTEX_POINT('',#7872);
#2213=VERTEX_POINT('',#7873);
#2214=VERTEX_POINT('',#7875);
#2215=VERTEX_POINT('',#7877);
#2216=VERTEX_POINT('',#7881);
#2217=VERTEX_POINT('',#7882);
#2218=VERTEX_POINT('',#7884);
#2219=VERTEX_POINT('',#7886);
#2220=VERTEX_POINT('',#7888);
#2221=VERTEX_POINT('',#7890);
#2222=VERTEX_POINT('',#7892);
#2223=VERTEX_POINT('',#7894);
#2224=VERTEX_POINT('',#7897);
#2225=VERTEX_POINT('',#7898);
#2226=VERTEX_POINT('',#7900);
#2227=VERTEX_POINT('',#7902);
#2228=VERTEX_POINT('',#7914);
#2229=VERTEX_POINT('',#7915);
#2230=VERTEX_POINT('',#7917);
#2231=VERTEX_POINT('',#7919);
#2232=VERTEX_POINT('',#7923);
#2233=VERTEX_POINT('',#7925);
#2234=VERTEX_POINT('',#7927);
#2235=VERTEX_POINT('',#7938);
#2236=VERTEX_POINT('',#7940);
#2237=VERTEX_POINT('',#7951);
#2238=VERTEX_POINT('',#7953);
#2239=VERTEX_POINT('',#7964);
#2240=VERTEX_POINT('',#7966);
#2241=VERTEX_POINT('',#7977);
#2242=VERTEX_POINT('',#7989);
#2243=VERTEX_POINT('',#7991);
#2244=VERTEX_POINT('',#7995);
#2245=VERTEX_POINT('',#7997);
#2246=VERTEX_POINT('',#7999);
#2247=VERTEX_POINT('',#8001);
#2248=VERTEX_POINT('',#8031);
#2249=VERTEX_POINT('',#8033);
#2250=VERTEX_POINT('',#8037);
#2251=VERTEX_POINT('',#8039);
#2252=VERTEX_POINT('',#8051);
#2253=VERTEX_POINT('',#8053);
#2254=VERTEX_POINT('',#8058);
#2255=VERTEX_POINT('',#8060);
#2256=VERTEX_POINT('',#8071);
#2257=VERTEX_POINT('',#8073);
#2258=VERTEX_POINT('',#8084);
#2259=VERTEX_POINT('',#8086);
#2260=VERTEX_POINT('',#8099);
#2261=VERTEX_POINT('',#8101);
#2262=VERTEX_POINT('',#8122);
#2263=VERTEX_POINT('',#8123);
#2264=VERTEX_POINT('',#8128);
#2265=VERTEX_POINT('',#8140);
#2266=VERTEX_POINT('',#8144);
#2267=VERTEX_POINT('',#8175);
#2268=VERTEX_POINT('',#8179);
#2269=VERTEX_POINT('',#8182);
#2270=VERTEX_POINT('',#8195);
#2271=VERTEX_POINT('',#8207);
#2272=VERTEX_POINT('',#8218);
#2273=VERTEX_POINT('',#8239);
#2274=VERTEX_POINT('',#8244);
#2275=VERTEX_POINT('',#8255);
#2276=VERTEX_POINT('',#8267);
#2277=VERTEX_POINT('',#8278);
#2278=VERTEX_POINT('',#8291);
#2279=VERTEX_POINT('',#8292);
#2280=VERTEX_POINT('',#8295);
#2281=VERTEX_POINT('',#8298);
#2282=VERTEX_POINT('',#8299);
#2283=VERTEX_POINT('',#8301);
#2284=VERTEX_POINT('',#8303);
#2285=VERTEX_POINT('',#8305);
#2286=VERTEX_POINT('',#8307);
#2287=VERTEX_POINT('',#8309);
#2288=VERTEX_POINT('',#8311);
#2289=VERTEX_POINT('',#8315);
#2290=VERTEX_POINT('',#8317);
#2291=VERTEX_POINT('',#8335);
#2292=VERTEX_POINT('',#8355);
#2293=VERTEX_POINT('',#8357);
#2294=VERTEX_POINT('',#8359);
#2295=VERTEX_POINT('',#8361);
#2296=VERTEX_POINT('',#8364);
#2297=VERTEX_POINT('',#8366);
#2298=VERTEX_POINT('',#8367);
#2299=VERTEX_POINT('',#8369);
#2300=VERTEX_POINT('',#8371);
#2301=VERTEX_POINT('',#8373);
#2302=VERTEX_POINT('',#8375);
#2303=VERTEX_POINT('',#8379);
#2304=VERTEX_POINT('',#8381);
#2305=VERTEX_POINT('',#8393);
#2306=VERTEX_POINT('',#8405);
#2307=VERTEX_POINT('',#8409);
#2308=VERTEX_POINT('',#8413);
#2309=VERTEX_POINT('',#8417);
#2310=VERTEX_POINT('',#8418);
#2311=VERTEX_POINT('',#8423);
#2312=VERTEX_POINT('',#8427);
#2313=VERTEX_POINT('',#8431);
#2314=VERTEX_POINT('',#8433);
#2315=VERTEX_POINT('',#8437);
#2316=VERTEX_POINT('',#8439);
#2317=VERTEX_POINT('',#8443);
#2318=VERTEX_POINT('',#8447);
#2319=VERTEX_POINT('',#8465);
#2320=VERTEX_POINT('',#8466);
#2321=VERTEX_POINT('',#8468);
#2322=VERTEX_POINT('',#8470);
#2323=VERTEX_POINT('',#8474);
#2324=VERTEX_POINT('',#8476);
#2325=VERTEX_POINT('',#8480);
#2326=VERTEX_POINT('',#8482);
#2327=VERTEX_POINT('',#8486);
#2328=VERTEX_POINT('',#8488);
#2329=VERTEX_POINT('',#8492);
#2330=VERTEX_POINT('',#8494);
#2331=VERTEX_POINT('',#8498);
#2332=VERTEX_POINT('',#8500);
#2333=VERTEX_POINT('',#8504);
#2334=VERTEX_POINT('',#8506);
#2335=VERTEX_POINT('',#8522);
#2336=VERTEX_POINT('',#8523);
#2337=VERTEX_POINT('',#8528);
#2338=VERTEX_POINT('',#8532);
#2339=VERTEX_POINT('',#8544);
#2340=VERTEX_POINT('',#8549);
#2341=VERTEX_POINT('',#8554);
#2342=VERTEX_POINT('',#8559);
#2343=VERTEX_POINT('',#8563);
#2344=VERTEX_POINT('',#8565);
#2345=VERTEX_POINT('',#8569);
#2346=VERTEX_POINT('',#8573);
#2347=VERTEX_POINT('',#8580);
#2348=VERTEX_POINT('',#8582);
#2349=VERTEX_POINT('',#8586);
#2350=VERTEX_POINT('',#8590);
#2351=VERTEX_POINT('',#8597);
#2352=VERTEX_POINT('',#8598);
#2353=VERTEX_POINT('',#8600);
#2354=VERTEX_POINT('',#8602);
#2355=VERTEX_POINT('',#8606);
#2356=VERTEX_POINT('',#8608);
#2357=VERTEX_POINT('',#8612);
#2358=VERTEX_POINT('',#8614);
#2359=VERTEX_POINT('',#8622);
#2360=VERTEX_POINT('',#8623);
#2361=VERTEX_POINT('',#8625);
#2362=VERTEX_POINT('',#8627);
#2363=VERTEX_POINT('',#8631);
#2364=VERTEX_POINT('',#8633);
#2365=VERTEX_POINT('',#8637);
#2366=VERTEX_POINT('',#8639);
#2367=VERTEX_POINT('',#8647);
#2368=VERTEX_POINT('',#8648);
#2369=VERTEX_POINT('',#8650);
#2370=VERTEX_POINT('',#8652);
#2371=VERTEX_POINT('',#8656);
#2372=VERTEX_POINT('',#8669);
#2373=VERTEX_POINT('',#8680);
#2374=VERTEX_POINT('',#8684);
#2375=VERTEX_POINT('',#8686);
#2376=VERTEX_POINT('',#8690);
#2377=VERTEX_POINT('',#8694);
#2378=VERTEX_POINT('',#8696);
#2379=VERTEX_POINT('',#8700);
#2380=VERTEX_POINT('',#8731);
#2381=VERTEX_POINT('',#8732);
#2382=VERTEX_POINT('',#8734);
#2383=VERTEX_POINT('',#8736);
#2384=VERTEX_POINT('',#8740);
#2385=VERTEX_POINT('',#8742);
#2386=VERTEX_POINT('',#8746);
#2387=VERTEX_POINT('',#8748);
#2388=VERTEX_POINT('',#8756);
#2389=VERTEX_POINT('',#8758);
#2390=VERTEX_POINT('',#8762);
#2391=VERTEX_POINT('',#8766);
#2392=VERTEX_POINT('',#8782);
#2393=VERTEX_POINT('',#8794);
#2394=VERTEX_POINT('',#8812);
#2395=VERTEX_POINT('',#8813);
#2396=VERTEX_POINT('',#8815);
#2397=VERTEX_POINT('',#8817);
#2398=VERTEX_POINT('',#8819);
#2399=VERTEX_POINT('',#8821);
#2400=VERTEX_POINT('',#8823);
#2401=VERTEX_POINT('',#8825);
#2402=VERTEX_POINT('',#8828);
#2403=VERTEX_POINT('',#8830);
#2404=VERTEX_POINT('',#8831);
#2405=VERTEX_POINT('',#8833);
#2406=VERTEX_POINT('',#8835);
#2407=VERTEX_POINT('',#8837);
#2408=VERTEX_POINT('',#8839);
#2409=VERTEX_POINT('',#8843);
#2410=VERTEX_POINT('',#8845);
#2411=VERTEX_POINT('',#8857);
#2412=VERTEX_POINT('',#8869);
#2413=VERTEX_POINT('',#8873);
#2414=VERTEX_POINT('',#8875);
#2415=VERTEX_POINT('',#8879);
#2416=VERTEX_POINT('',#8881);
#2417=VERTEX_POINT('',#8886);
#2418=VERTEX_POINT('',#8888);
#2419=VERTEX_POINT('',#8892);
#2420=VERTEX_POINT('',#8896);
#2421=VERTEX_POINT('',#8900);
#2422=VERTEX_POINT('',#8902);
#2423=VERTEX_POINT('',#8906);
#2424=VERTEX_POINT('',#8907);
#2425=VERTEX_POINT('',#8909);
#2426=VERTEX_POINT('',#8911);
#2427=VERTEX_POINT('',#8915);
#2428=VERTEX_POINT('',#8917);
#2429=VERTEX_POINT('',#8921);
#2430=VERTEX_POINT('',#8923);
#2431=VERTEX_POINT('',#8927);
#2432=VERTEX_POINT('',#8929);
#2433=VERTEX_POINT('',#8933);
#2434=VERTEX_POINT('',#8935);
#2435=VERTEX_POINT('',#8939);
#2436=VERTEX_POINT('',#8943);
#2437=VERTEX_POINT('',#8950);
#2438=VERTEX_POINT('',#8952);
#2439=VERTEX_POINT('',#8956);
#2440=VERTEX_POINT('',#8958);
#2441=VERTEX_POINT('',#8962);
#2442=VERTEX_POINT('',#8964);
#2443=VERTEX_POINT('',#8972);
#2444=VERTEX_POINT('',#8974);
#2445=VERTEX_POINT('',#8976);
#2446=VERTEX_POINT('',#8989);
#2447=VERTEX_POINT('',#8991);
#2448=VERTEX_POINT('',#9004);
#2449=VERTEX_POINT('',#9006);
#2450=VERTEX_POINT('',#9017);
#2451=VERTEX_POINT('',#9019);
#2452=VERTEX_POINT('',#9030);
#2453=VERTEX_POINT('',#9042);
#2454=VERTEX_POINT('',#9054);
#2455=VERTEX_POINT('',#9058);
#2456=VERTEX_POINT('',#9062);
#2457=VERTEX_POINT('',#9064);
#2458=VERTEX_POINT('',#9066);
#2459=VERTEX_POINT('',#9079);
#2460=VERTEX_POINT('',#9081);
#2461=VERTEX_POINT('',#9094);
#2462=VERTEX_POINT('',#9096);
#2463=VERTEX_POINT('',#9109);
#2464=VERTEX_POINT('',#9111);
#2465=VERTEX_POINT('',#9132);
#2466=VERTEX_POINT('',#9144);
#2467=VERTEX_POINT('',#9156);
#2468=VERTEX_POINT('',#9160);
#2469=VERTEX_POINT('',#9162);
#2470=VERTEX_POINT('',#9186);
#2471=VERTEX_POINT('',#9187);
#2472=VERTEX_POINT('',#9189);
#2473=VERTEX_POINT('',#9191);
#2474=VERTEX_POINT('',#9195);
#2475=VERTEX_POINT('',#9197);
#2476=VERTEX_POINT('',#9201);
#2477=VERTEX_POINT('',#9203);
#2478=VERTEX_POINT('',#9207);
#2479=VERTEX_POINT('',#9209);
#2480=VERTEX_POINT('',#9213);
#2481=VERTEX_POINT('',#9214);
#2482=VERTEX_POINT('',#9216);
#2483=VERTEX_POINT('',#9218);
#2484=VERTEX_POINT('',#9222);
#2485=VERTEX_POINT('',#9224);
#2486=VERTEX_POINT('',#9228);
#2487=VERTEX_POINT('',#9230);
#2488=VERTEX_POINT('',#9234);
#2489=VERTEX_POINT('',#9236);
#2490=VERTEX_POINT('',#9240);
#2491=VERTEX_POINT('',#9242);
#2492=VERTEX_POINT('',#9246);
#2493=VERTEX_POINT('',#9248);
#2494=VERTEX_POINT('',#9252);
#2495=VERTEX_POINT('',#9254);
#2496=VERTEX_POINT('',#9261);
#2497=VERTEX_POINT('',#9263);
#2498=VERTEX_POINT('',#9267);
#2499=VERTEX_POINT('',#9269);
#2500=VERTEX_POINT('',#9273);
#2501=VERTEX_POINT('',#9275);
#2502=VERTEX_POINT('',#9306);
#2503=VERTEX_POINT('',#9319);
#2504=VERTEX_POINT('',#9331);
#2505=VERTEX_POINT('',#9342);
#2506=VERTEX_POINT('',#9367);
#2507=VERTEX_POINT('',#9378);
#2508=VERTEX_POINT('',#9390);
#2509=VERTEX_POINT('',#9401);
#2510=VERTEX_POINT('',#9470);
#2511=VERTEX_POINT('',#9472);
#2512=VERTEX_POINT('',#9476);
#2513=VERTEX_POINT('',#9478);
#2514=VERTEX_POINT('',#9483);
#2515=VERTEX_POINT('',#9487);
#2516=VERTEX_POINT('',#9493);
#2517=VERTEX_POINT('',#9500);
#2518=VERTEX_POINT('',#9502);
#2519=VERTEX_POINT('',#9506);
#2520=VERTEX_POINT('',#9510);
#2521=VERTEX_POINT('',#9517);
#2522=VERTEX_POINT('',#9519);
#2523=VERTEX_POINT('',#9523);
#2524=VERTEX_POINT('',#9527);
#2525=VERTEX_POINT('',#9534);
#2526=VERTEX_POINT('',#9536);
#2527=VERTEX_POINT('',#9540);
#2528=VERTEX_POINT('',#9544);
#2529=VERTEX_POINT('',#9551);
#2530=VERTEX_POINT('',#9553);
#2531=VERTEX_POINT('',#9557);
#2532=VERTEX_POINT('',#9561);
#2533=VERTEX_POINT('',#9568);
#2534=VERTEX_POINT('',#9569);
#2535=VERTEX_POINT('',#9571);
#2536=VERTEX_POINT('',#9573);
#2537=VERTEX_POINT('',#9577);
#2538=VERTEX_POINT('',#9588);
#2539=VERTEX_POINT('',#9590);
#2540=VERTEX_POINT('',#9603);
#2541=VERTEX_POINT('',#9605);
#2542=VERTEX_POINT('',#9609);
#2543=VERTEX_POINT('',#9613);
#2544=VERTEX_POINT('',#9615);
#2545=VERTEX_POINT('',#9619);
#2546=VERTEX_POINT('',#9623);
#2547=VERTEX_POINT('',#9651);
#2548=VERTEX_POINT('',#9652);
#2549=VERTEX_POINT('',#9698);
#2550=VERTEX_POINT('',#9699);
#2551=VERTEX_POINT('',#9701);
#2552=VERTEX_POINT('',#9703);
#2553=VERTEX_POINT('',#9707);
#2554=VERTEX_POINT('',#9709);
#2555=VERTEX_POINT('',#9713);
#2556=VERTEX_POINT('',#9715);
#2557=VERTEX_POINT('',#9723);
#2558=VERTEX_POINT('',#9725);
#2559=VERTEX_POINT('',#9729);
#2560=VERTEX_POINT('',#9733);
#2561=VERTEX_POINT('',#9776);
#2562=VERTEX_POINT('',#9777);
#2563=VERTEX_POINT('',#9779);
#2564=VERTEX_POINT('',#9781);
#2565=VERTEX_POINT('',#9816);
#2566=VERTEX_POINT('',#9817);
#2567=VERTEX_POINT('',#9875);
#2568=VERTEX_POINT('',#9876);
#2569=VERTEX_POINT('',#9899);
#2570=VERTEX_POINT('',#9900);
#2571=VERTEX_POINT('',#9905);
#2572=VERTEX_POINT('',#9906);
#2573=VERTEX_POINT('',#9994);
#2574=VERTEX_POINT('',#9996);
#2575=VERTEX_POINT('',#10001);
#2576=VERTEX_POINT('',#10035);
#2577=VERTEX_POINT('',#10050);
#2578=VERTEX_POINT('',#10054);
#2579=VERTEX_POINT('',#10055);
#2580=VERTEX_POINT('',#10057);
#2581=VERTEX_POINT('',#10059);
#2582=VERTEX_POINT('',#10062);
#2583=VERTEX_POINT('',#10063);
#2584=VERTEX_POINT('',#10065);
#2585=VERTEX_POINT('',#10076);
#2586=VERTEX_POINT('',#10087);
#2587=VERTEX_POINT('',#10089);
#2588=VERTEX_POINT('',#10111);
#2589=VERTEX_POINT('',#10113);
#2590=VERTEX_POINT('',#10156);
#2591=VERTEX_POINT('',#10208);
#2592=VERTEX_POINT('',#10221);
#2593=VERTEX_POINT('',#10264);
#2594=VERTEX_POINT('',#10346);
#2595=VERTEX_POINT('',#10348);
#2596=VERTEX_POINT('',#10386);
#2597=VERTEX_POINT('',#10401);
#2598=VERTEX_POINT('',#10424);
#2599=VERTEX_POINT('',#10458);
#2600=VERTEX_POINT('',#10460);
#2601=VERTEX_POINT('',#10480);
#2602=VERTEX_POINT('',#10482);
#2603=VERTEX_POINT('',#10484);
#2604=VERTEX_POINT('',#10486);
#2605=VERTEX_POINT('',#10489);
#2606=VERTEX_POINT('',#10502);
#2607=VERTEX_POINT('',#10509);
#2608=VERTEX_POINT('',#10545);
#2609=VERTEX_POINT('',#10547);
#2610=VERTEX_POINT('',#10551);
#2611=VERTEX_POINT('',#10552);
#2612=VERTEX_POINT('',#10554);
#2613=VERTEX_POINT('',#10556);
#2614=VERTEX_POINT('',#10560);
#2615=VERTEX_POINT('',#10561);
#2616=VERTEX_POINT('',#10566);
#2617=VERTEX_POINT('',#10567);
#2618=VERTEX_POINT('',#10575);
#2619=VERTEX_POINT('',#10576);
#2620=VERTEX_POINT('',#10578);
#2621=VERTEX_POINT('',#10580);
#2622=VERTEX_POINT('',#10582);
#2623=VERTEX_POINT('',#10584);
#2624=VERTEX_POINT('',#10586);
#2625=VERTEX_POINT('',#10588);
#2626=VERTEX_POINT('',#10591);
#2627=VERTEX_POINT('',#10594);
#2628=VERTEX_POINT('',#10598);
#2629=VERTEX_POINT('',#10599);
#2630=VERTEX_POINT('',#10601);
#2631=VERTEX_POINT('',#10603);
#2632=VERTEX_POINT('',#10605);
#2633=VERTEX_POINT('',#10607);
#2634=VERTEX_POINT('',#10609);
#2635=VERTEX_POINT('',#10611);
#2636=VERTEX_POINT('',#10615);
#2637=VERTEX_POINT('',#10616);
#2638=VERTEX_POINT('',#10618);
#2639=VERTEX_POINT('',#10620);
#2640=VERTEX_POINT('',#10624);
#2641=VERTEX_POINT('',#10629);
#2642=VERTEX_POINT('',#10633);
#2643=VERTEX_POINT('',#10634);
#2644=VERTEX_POINT('',#10639);
#2645=VERTEX_POINT('',#10640);
#2646=VERTEX_POINT('',#10645);
#2647=VERTEX_POINT('',#10646);
#2648=VERTEX_POINT('',#10651);
#2649=VERTEX_POINT('',#10652);
#2650=VERTEX_POINT('',#10660);
#2651=VERTEX_POINT('',#10661);
#2652=VERTEX_POINT('',#10663);
#2653=VERTEX_POINT('',#10665);
#2654=VERTEX_POINT('',#10667);
#2655=VERTEX_POINT('',#10669);
#2656=VERTEX_POINT('',#10671);
#2657=VERTEX_POINT('',#10673);
#2658=VERTEX_POINT('',#10677);
#2659=VERTEX_POINT('',#10679);
#2660=VERTEX_POINT('',#10683);
#2661=VERTEX_POINT('',#10687);
#2662=VERTEX_POINT('',#10696);
#2663=VERTEX_POINT('',#10700);
#2664=VERTEX_POINT('',#10706);
#2665=VERTEX_POINT('',#10710);
#2666=VERTEX_POINT('',#10714);
#2667=VERTEX_POINT('',#10718);
#2668=VERTEX_POINT('',#10725);
#2669=VERTEX_POINT('',#10729);
#2670=VERTEX_POINT('',#10762);
#2671=VERTEX_POINT('',#10774);
#2672=VERTEX_POINT('',#10786);
#2673=VERTEX_POINT('',#10788);
#2674=VERTEX_POINT('',#10803);
#2675=VERTEX_POINT('',#10823);
#2676=VERTEX_POINT('',#10835);
#2677=VERTEX_POINT('',#10847);
#2678=VERTEX_POINT('',#10861);
#2679=VERTEX_POINT('',#10865);
#2680=VERTEX_POINT('',#10869);
#2681=VERTEX_POINT('',#10889);
#2682=VERTEX_POINT('',#10901);
#2683=VERTEX_POINT('',#10913);
#2684=VERTEX_POINT('',#10927);
#2685=VERTEX_POINT('',#10931);
#2686=VERTEX_POINT('',#10935);
#2687=VERTEX_POINT('',#10955);
#2688=VERTEX_POINT('',#10967);
#2689=VERTEX_POINT('',#10979);
#2690=VERTEX_POINT('',#11000);
#2691=VERTEX_POINT('',#11001);
#2692=VERTEX_POINT('',#11003);
#2693=VERTEX_POINT('',#11005);
#2694=VERTEX_POINT('',#11009);
#2695=VERTEX_POINT('',#11011);
#2696=VERTEX_POINT('',#11015);
#2697=VERTEX_POINT('',#11017);
#2698=VERTEX_POINT('',#11021);
#2699=VERTEX_POINT('',#11023);
#2700=VERTEX_POINT('',#11027);
#2701=VERTEX_POINT('',#11029);
#2702=VERTEX_POINT('',#11033);
#2703=VERTEX_POINT('',#11035);
#2704=VERTEX_POINT('',#11039);
#2705=VERTEX_POINT('',#11041);
#2706=EDGE_CURVE('',#2198,#2198,#1875,.T.);
#2707=EDGE_CURVE('',#2199,#2199,#1876,.T.);
#2708=EDGE_CURVE('',#2200,#2200,#1877,.T.);
#2709=EDGE_CURVE('',#2201,#2201,#1878,.T.);
#2710=EDGE_CURVE('',#2202,#2202,#1879,.T.);
#2711=EDGE_CURVE('',#2203,#2203,#1880,.T.);
#2712=EDGE_CURVE('',#2204,#2205,#1881,.T.);
#2713=EDGE_CURVE('',#2206,#2205,#311,.T.);
#2714=EDGE_CURVE('',#2207,#2206,#1882,.T.);
#2715=EDGE_CURVE('',#2208,#2207,#312,.T.);
#2716=EDGE_CURVE('',#2209,#2208,#1883,.T.);
#2717=EDGE_CURVE('',#2210,#2209,#313,.T.);
#2718=EDGE_CURVE('',#2210,#2211,#1884,.T.);
#2719=EDGE_CURVE('',#2211,#2204,#314,.T.);
#2720=EDGE_CURVE('',#2212,#2213,#1885,.T.);
#2721=EDGE_CURVE('',#2213,#2214,#315,.T.);
#2722=EDGE_CURVE('',#2214,#2215,#1886,.T.);
#2723=EDGE_CURVE('',#2215,#2212,#316,.T.);
#2724=EDGE_CURVE('',#2216,#2217,#1887,.T.);
#2725=EDGE_CURVE('',#2217,#2218,#317,.T.);
#2726=EDGE_CURVE('',#2218,#2219,#1888,.T.);
#2727=EDGE_CURVE('',#2220,#2219,#318,.T.);
#2728=EDGE_CURVE('',#2221,#2220,#1889,.T.);
#2729=EDGE_CURVE('',#2222,#2221,#319,.T.);
#2730=EDGE_CURVE('',#2223,#2222,#1890,.T.);
#2731=EDGE_CURVE('',#2216,#2223,#320,.T.);
#2732=EDGE_CURVE('',#2224,#2225,#1891,.T.);
#2733=EDGE_CURVE('',#2225,#2226,#321,.T.);
#2734=EDGE_CURVE('',#2226,#2227,#1892,.T.);
#2735=EDGE_CURVE('',#2227,#2224,#322,.T.);
#2736=EDGE_CURVE('',#2228,#2229,#1893,.T.);
#2737=EDGE_CURVE('',#2229,#2230,#1894,.T.);
#2738=EDGE_CURVE('',#2231,#2230,#1895,.F.);
#2739=EDGE_CURVE('',#2231,#2228,#1896,.T.);
#2740=EDGE_CURVE('',#2232,#2228,#323,.T.);
#2741=EDGE_CURVE('',#2231,#2233,#324,.T.);
#2742=EDGE_CURVE('',#2234,#2233,#59,.F.);
#2743=EDGE_CURVE('',#2235,#2234,#325,.F.);
#2744=EDGE_CURVE('',#2236,#2235,#60,.F.);
#2745=EDGE_CURVE('',#2236,#2237,#326,.T.);
#2746=EDGE_CURVE('',#2238,#2237,#61,.F.);
#2747=EDGE_CURVE('',#2239,#2238,#327,.F.);
#2748=EDGE_CURVE('',#2240,#2239,#62,.F.);
#2749=EDGE_CURVE('',#2241,#2240,#328,.T.);
#2750=EDGE_CURVE('',#2232,#2241,#1897,.T.);
#2751=EDGE_CURVE('',#2242,#2232,#1898,.T.);
#2752=EDGE_CURVE('',#2243,#2241,#1899,.F.);
#2753=EDGE_CURVE('',#2243,#2242,#1900,.T.);
#2754=EDGE_CURVE('',#2229,#2244,#329,.T.);
#2755=EDGE_CURVE('',#2245,#2244,#1901,.T.);
#2756=EDGE_CURVE('',#2245,#2246,#330,.T.);
#2757=EDGE_CURVE('',#2247,#2246,#63,.T.);
#2758=EDGE_CURVE('',#2247,#2230,#331,.T.);
#2759=EDGE_CURVE('',#2244,#2248,#1902,.T.);
#2760=EDGE_CURVE('',#2248,#2249,#1903,.T.);
#2761=EDGE_CURVE('',#2249,#2245,#1904,.F.);
#2762=EDGE_CURVE('',#2248,#2250,#332,.T.);
#2763=EDGE_CURVE('',#2251,#2250,#1905,.T.);
#2764=EDGE_CURVE('',#2251,#2249,#333,.T.);
#2765=EDGE_CURVE('',#2250,#2252,#1906,.T.);
#2766=EDGE_CURVE('',#2252,#2253,#1907,.T.);
#2767=EDGE_CURVE('',#2253,#2251,#1908,.F.);
#2768=EDGE_CURVE('',#2252,#2242,#334,.T.);
#2769=EDGE_CURVE('',#2243,#2254,#335,.T.);
#2770=EDGE_CURVE('',#2255,#2254,#64,.T.);
#2771=EDGE_CURVE('',#2256,#2255,#336,.F.);
#2772=EDGE_CURVE('',#2257,#2256,#65,.T.);
#2773=EDGE_CURVE('',#2257,#2258,#337,.T.);
#2774=EDGE_CURVE('',#2259,#2258,#66,.T.);
#2775=EDGE_CURVE('',#2260,#2259,#338,.F.);
#2776=EDGE_CURVE('',#2261,#2260,#67,.T.);
#2777=EDGE_CURVE('',#2253,#2261,#339,.T.);
#2778=EDGE_CURVE('',#2262,#2263,#1909,.T.);
#2779=EDGE_CURVE('',#2263,#2251,#1910,.T.);
#2780=EDGE_CURVE('',#2253,#2262,#1911,.T.);
#2781=EDGE_CURVE('',#2263,#2264,#340,.T.);
#2782=EDGE_CURVE('',#2249,#2264,#1912,.T.);
#2783=EDGE_CURVE('',#2264,#2265,#1913,.T.);
#2784=EDGE_CURVE('',#2265,#2245,#1914,.T.);
#2785=EDGE_CURVE('',#2265,#2266,#341,.T.);
#2786=EDGE_CURVE('',#2230,#2266,#1915,.T.);
#2787=EDGE_CURVE('',#2246,#2247,#68,.T.);
#2788=EDGE_CURVE('',#2266,#2267,#1916,.T.);
#2789=EDGE_CURVE('',#2267,#2231,#1917,.T.);
#2790=EDGE_CURVE('',#2267,#2268,#342,.T.);
#2791=EDGE_CURVE('',#2241,#2268,#1918,.T.);
#2792=EDGE_CURVE('',#2269,#2240,#69,.F.);
#2793=EDGE_CURVE('',#2270,#2269,#343,.F.);
#2794=EDGE_CURVE('',#2237,#2270,#70,.F.);
#2795=EDGE_CURVE('',#2271,#2236,#71,.F.);
#2796=EDGE_CURVE('',#2272,#2271,#344,.F.);
#2797=EDGE_CURVE('',#2233,#2272,#72,.F.);
#2798=EDGE_CURVE('',#2268,#2273,#1919,.T.);
#2799=EDGE_CURVE('',#2273,#2243,#1920,.T.);
#2800=EDGE_CURVE('',#2273,#2262,#345,.T.);
#2801=EDGE_CURVE('',#2274,#2261,#73,.T.);
#2802=EDGE_CURVE('',#2275,#2274,#346,.F.);
#2803=EDGE_CURVE('',#2258,#2275,#74,.T.);
#2804=EDGE_CURVE('',#2276,#2257,#75,.T.);
#2805=EDGE_CURVE('',#2277,#2276,#347,.F.);
#2806=EDGE_CURVE('',#2254,#2277,#76,.T.);
#2807=EDGE_CURVE('',#2278,#2279,#1921,.T.);
#2808=EDGE_CURVE('',#2279,#2278,#1922,.T.);
#2809=EDGE_CURVE('',#2280,#2280,#1923,.T.);
#2810=EDGE_CURVE('',#2281,#2282,#1924,.T.);
#2811=EDGE_CURVE('',#2282,#2283,#348,.T.);
#2812=EDGE_CURVE('',#2283,#2284,#1925,.T.);
#2813=EDGE_CURVE('',#2284,#2285,#349,.T.);
#2814=EDGE_CURVE('',#2285,#2286,#1926,.T.);
#2815=EDGE_CURVE('',#2286,#2287,#350,.T.);
#2816=EDGE_CURVE('',#2287,#2288,#1927,.T.);
#2817=EDGE_CURVE('',#2288,#2281,#351,.T.);
#2818=EDGE_CURVE('',#2279,#2289,#352,.T.);
#2819=EDGE_CURVE('',#2289,#2290,#77,.F.);
#2820=EDGE_CURVE('',#2290,#2291,#78,.F.);
#2821=EDGE_CURVE('',#2291,#2278,#353,.T.);
#2822=EDGE_CURVE('',#2287,#2292,#354,.T.);
#2823=EDGE_CURVE('',#2292,#2293,#1928,.T.);
#2824=EDGE_CURVE('',#2293,#2294,#355,.T.);
#2825=EDGE_CURVE('',#2294,#2295,#1929,.T.);
#2826=EDGE_CURVE('',#2295,#2282,#356,.T.);
#2827=EDGE_CURVE('',#2296,#2296,#1930,.F.);
#2828=EDGE_CURVE('',#2297,#2298,#357,.T.);
#2829=EDGE_CURVE('',#2299,#2297,#1931,.T.);
#2830=EDGE_CURVE('',#2300,#2299,#358,.T.);
#2831=EDGE_CURVE('',#2301,#2300,#1932,.T.);
#2832=EDGE_CURVE('',#2302,#2301,#359,.T.);
#2833=EDGE_CURVE('',#2298,#2302,#360,.T.);
#2834=EDGE_CURVE('',#2303,#2293,#1933,.T.);
#2835=EDGE_CURVE('',#2304,#2303,#361,.T.);
#2836=EDGE_CURVE('',#2294,#2304,#1934,.T.);
#2837=EDGE_CURVE('',#2292,#2305,#1935,.T.);
#2838=EDGE_CURVE('',#2303,#2305,#1936,.F.);
#2839=EDGE_CURVE('',#2306,#2304,#1937,.T.);
#2840=EDGE_CURVE('',#2306,#2295,#1938,.T.);
#2841=EDGE_CURVE('',#2307,#2286,#1939,.T.);
#2842=EDGE_CURVE('',#2305,#2307,#362,.F.);
#2843=EDGE_CURVE('',#2308,#2306,#363,.T.);
#2844=EDGE_CURVE('',#2283,#2308,#1940,.T.);
#2845=EDGE_CURVE('',#2309,#2310,#364,.F.);
#2846=EDGE_CURVE('',#2304,#2310,#365,.T.);
#2847=EDGE_CURVE('',#2303,#2309,#366,.T.);
#2848=EDGE_CURVE('',#2311,#2309,#1941,.F.);
#2849=EDGE_CURVE('',#2305,#2311,#367,.T.);
#2850=EDGE_CURVE('',#2312,#2311,#368,.F.);
#2851=EDGE_CURVE('',#2307,#2312,#369,.T.);
#2852=EDGE_CURVE('',#2313,#2312,#1942,.F.);
#2853=EDGE_CURVE('',#2307,#2314,#1943,.F.);
#2854=EDGE_CURVE('',#2314,#2313,#370,.T.);
#2855=EDGE_CURVE('',#2315,#2313,#371,.F.);
#2856=EDGE_CURVE('',#2314,#2316,#372,.F.);
#2857=EDGE_CURVE('',#2316,#2315,#373,.T.);
#2858=EDGE_CURVE('',#2310,#2317,#1944,.F.);
#2859=EDGE_CURVE('',#2306,#2317,#374,.T.);
#2860=EDGE_CURVE('',#2317,#2318,#375,.F.);
#2861=EDGE_CURVE('',#2308,#2318,#376,.T.);
#2862=EDGE_CURVE('',#2318,#2315,#1945,.F.);
#2863=EDGE_CURVE('',#2316,#2308,#1946,.F.);
#2864=EDGE_CURVE('',#2285,#2314,#1947,.T.);
#2865=EDGE_CURVE('',#2319,#2320,#377,.T.);
#2866=EDGE_CURVE('',#2321,#2319,#378,.T.);
#2867=EDGE_CURVE('',#2321,#2322,#379,.F.);
#2868=EDGE_CURVE('',#2322,#2320,#380,.T.);
#2869=EDGE_CURVE('',#2320,#2323,#1948,.T.);
#2870=EDGE_CURVE('',#2322,#2324,#1949,.F.);
#2871=EDGE_CURVE('',#2324,#2323,#381,.T.);
#2872=EDGE_CURVE('',#2323,#2325,#382,.T.);
#2873=EDGE_CURVE('',#2324,#2326,#383,.F.);
#2874=EDGE_CURVE('',#2326,#2325,#384,.T.);
#2875=EDGE_CURVE('',#2325,#2327,#1950,.T.);
#2876=EDGE_CURVE('',#2326,#2328,#1951,.F.);
#2877=EDGE_CURVE('',#2328,#2327,#385,.T.);
#2878=EDGE_CURVE('',#2327,#2329,#386,.T.);
#2879=EDGE_CURVE('',#2328,#2330,#387,.F.);
#2880=EDGE_CURVE('',#2330,#2329,#388,.T.);
#2881=EDGE_CURVE('',#2329,#2331,#1952,.T.);
#2882=EDGE_CURVE('',#2330,#2332,#1953,.F.);
#2883=EDGE_CURVE('',#2332,#2331,#389,.T.);
#2884=EDGE_CURVE('',#2331,#2333,#390,.T.);
#2885=EDGE_CURVE('',#2332,#2334,#391,.F.);
#2886=EDGE_CURVE('',#2334,#2333,#392,.T.);
#2887=EDGE_CURVE('',#2333,#2319,#1954,.T.);
#2888=EDGE_CURVE('',#2334,#2321,#1955,.F.);
#2889=EDGE_CURVE('',#2335,#2336,#1956,.T.);
#2890=EDGE_CURVE('',#2335,#2324,#1957,.T.);
#2891=EDGE_CURVE('',#2322,#2336,#1958,.T.);
#2892=EDGE_CURVE('',#2336,#2337,#393,.T.);
#2893=EDGE_CURVE('',#2337,#2321,#1959,.T.);
#2894=EDGE_CURVE('',#2338,#2335,#394,.T.);
#2895=EDGE_CURVE('',#2326,#2338,#1960,.T.);
#2896=EDGE_CURVE('',#2339,#2338,#1961,.T.);
#2897=EDGE_CURVE('',#2339,#2328,#1962,.T.);
#2898=EDGE_CURVE('',#2296,#2340,#395,.T.);
#2899=EDGE_CURVE('',#2340,#2340,#1963,.T.);
#2900=EDGE_CURVE('',#2341,#2341,#1964,.F.);
#2901=EDGE_CURVE('',#2341,#2247,#396,.T.);
#2902=EDGE_CURVE('',#2342,#2339,#397,.T.);
#2903=EDGE_CURVE('',#2330,#2342,#1965,.T.);
#2904=EDGE_CURVE('',#2343,#2238,#398,.T.);
#2905=EDGE_CURVE('',#2343,#2344,#399,.F.);
#2906=EDGE_CURVE('',#2344,#2239,#400,.T.);
#2907=EDGE_CURVE('',#2344,#2345,#1966,.F.);
#2908=EDGE_CURVE('',#2345,#2269,#401,.T.);
#2909=EDGE_CURVE('',#2346,#2270,#402,.T.);
#2910=EDGE_CURVE('',#2346,#2343,#1967,.F.);
#2911=EDGE_CURVE('',#2345,#2346,#403,.F.);
#2912=EDGE_CURVE('',#2347,#2234,#404,.T.);
#2913=EDGE_CURVE('',#2347,#2348,#405,.F.);
#2914=EDGE_CURVE('',#2348,#2235,#406,.T.);
#2915=EDGE_CURVE('',#2348,#2349,#1968,.F.);
#2916=EDGE_CURVE('',#2349,#2271,#407,.T.);
#2917=EDGE_CURVE('',#2350,#2272,#408,.T.);
#2918=EDGE_CURVE('',#2350,#2347,#1969,.F.);
#2919=EDGE_CURVE('',#2349,#2350,#409,.F.);
#2920=EDGE_CURVE('',#2351,#2352,#1970,.T.);
#2921=EDGE_CURVE('',#2352,#2353,#410,.T.);
#2922=EDGE_CURVE('',#2354,#2353,#1971,.T.);
#2923=EDGE_CURVE('',#2351,#2354,#411,.T.);
#2924=EDGE_CURVE('',#2355,#2351,#412,.T.);
#2925=EDGE_CURVE('',#2356,#2354,#413,.T.);
#2926=EDGE_CURVE('',#2355,#2356,#414,.T.);
#2927=EDGE_CURVE('',#2357,#2355,#1972,.T.);
#2928=EDGE_CURVE('',#2358,#2356,#1973,.T.);
#2929=EDGE_CURVE('',#2357,#2358,#415,.T.);
#2930=EDGE_CURVE('',#2352,#2357,#416,.T.);
#2931=EDGE_CURVE('',#2353,#2358,#417,.T.);
#2932=EDGE_CURVE('',#2359,#2360,#1974,.T.);
#2933=EDGE_CURVE('',#2360,#2361,#418,.T.);
#2934=EDGE_CURVE('',#2362,#2361,#1975,.F.);
#2935=EDGE_CURVE('',#2359,#2362,#419,.T.);
#2936=EDGE_CURVE('',#2363,#2359,#420,.T.);
#2937=EDGE_CURVE('',#2364,#2362,#421,.F.);
#2938=EDGE_CURVE('',#2363,#2364,#422,.T.);
#2939=EDGE_CURVE('',#2365,#2363,#1976,.T.);
#2940=EDGE_CURVE('',#2366,#2364,#1977,.F.);
#2941=EDGE_CURVE('',#2365,#2366,#423,.T.);
#2942=EDGE_CURVE('',#2360,#2365,#424,.T.);
#2943=EDGE_CURVE('',#2361,#2366,#425,.F.);
#2944=EDGE_CURVE('',#2367,#2368,#426,.F.);
#2945=EDGE_CURVE('',#2368,#2369,#427,.T.);
#2946=EDGE_CURVE('',#2370,#2369,#428,.F.);
#2947=EDGE_CURVE('',#2367,#2370,#429,.T.);
#2948=EDGE_CURVE('',#2368,#2371,#79,.F.);
#2949=EDGE_CURVE('',#2371,#2372,#80,.F.);
#2950=EDGE_CURVE('',#2372,#2373,#430,.T.);
#2951=EDGE_CURVE('',#2369,#2373,#1978,.F.);
#2952=EDGE_CURVE('',#2259,#2374,#431,.T.);
#2953=EDGE_CURVE('',#2375,#2374,#432,.T.);
#2954=EDGE_CURVE('',#2260,#2375,#433,.T.);
#2955=EDGE_CURVE('',#2275,#2376,#434,.T.);
#2956=EDGE_CURVE('',#2374,#2376,#1979,.T.);
#2957=EDGE_CURVE('',#2372,#2377,#435,.F.);
#2958=EDGE_CURVE('',#2377,#2378,#436,.T.);
#2959=EDGE_CURVE('',#2373,#2378,#437,.F.);
#2960=EDGE_CURVE('',#2274,#2379,#438,.T.);
#2961=EDGE_CURVE('',#2376,#2379,#439,.T.);
#2962=EDGE_CURVE('',#2291,#2367,#81,.F.);
#2963=EDGE_CURVE('',#2378,#2370,#1980,.F.);
#2964=EDGE_CURVE('',#2377,#2289,#82,.F.);
#2965=EDGE_CURVE('',#2379,#2375,#1981,.T.);
#2966=EDGE_CURVE('',#2290,#2371,#440,.T.);
#2967=EDGE_CURVE('',#2380,#2381,#1982,.T.);
#2968=EDGE_CURVE('',#2381,#2382,#441,.T.);
#2969=EDGE_CURVE('',#2382,#2383,#1983,.F.);
#2970=EDGE_CURVE('',#2380,#2383,#442,.T.);
#2971=EDGE_CURVE('',#2381,#2384,#443,.T.);
#2972=EDGE_CURVE('',#2384,#2385,#444,.T.);
#2973=EDGE_CURVE('',#2385,#2382,#445,.F.);
#2974=EDGE_CURVE('',#2384,#2386,#1984,.T.);
#2975=EDGE_CURVE('',#2386,#2387,#446,.T.);
#2976=EDGE_CURVE('',#2387,#2385,#1985,.F.);
#2977=EDGE_CURVE('',#2386,#2380,#447,.T.);
#2978=EDGE_CURVE('',#2383,#2387,#448,.F.);
#2979=EDGE_CURVE('',#2277,#2388,#449,.T.);
#2980=EDGE_CURVE('',#2389,#2388,#1986,.T.);
#2981=EDGE_CURVE('',#2255,#2389,#450,.T.);
#2982=EDGE_CURVE('',#2276,#2390,#451,.T.);
#2983=EDGE_CURVE('',#2388,#2390,#452,.T.);
#2984=EDGE_CURVE('',#2391,#2389,#453,.T.);
#2985=EDGE_CURVE('',#2256,#2391,#454,.T.);
#2986=EDGE_CURVE('',#2390,#2391,#1987,.T.);
#2987=EDGE_CURVE('',#2337,#2392,#1988,.T.);
#2988=EDGE_CURVE('',#2334,#2392,#1989,.T.);
#2989=EDGE_CURVE('',#2393,#2342,#1990,.T.);
#2990=EDGE_CURVE('',#2393,#2332,#1991,.T.);
#2991=EDGE_CURVE('',#2392,#2393,#455,.T.);
#2992=EDGE_CURVE('',#2316,#2284,#1992,.T.);
#2993=EDGE_CURVE('',#2394,#2395,#1993,.T.);
#2994=EDGE_CURVE('',#2395,#2396,#456,.T.);
#2995=EDGE_CURVE('',#2396,#2397,#1994,.T.);
#2996=EDGE_CURVE('',#2398,#2397,#457,.T.);
#2997=EDGE_CURVE('',#2399,#2398,#1995,.T.);
#2998=EDGE_CURVE('',#2400,#2399,#458,.T.);
#2999=EDGE_CURVE('',#2401,#2400,#1996,.T.);
#3000=EDGE_CURVE('',#2394,#2401,#459,.T.);
#3001=EDGE_CURVE('',#2402,#2402,#1997,.T.);
#3002=EDGE_CURVE('',#2403,#2404,#460,.T.);
#3003=EDGE_CURVE('',#2405,#2403,#461,.T.);
#3004=EDGE_CURVE('',#2406,#2405,#462,.T.);
#3005=EDGE_CURVE('',#2407,#2406,#1998,.T.);
#3006=EDGE_CURVE('',#2408,#2407,#463,.T.);
#3007=EDGE_CURVE('',#2404,#2408,#1999,.T.);
#3008=EDGE_CURVE('',#2399,#2409,#2000,.T.);
#3009=EDGE_CURVE('',#2409,#2410,#464,.T.);
#3010=EDGE_CURVE('',#2410,#2400,#2001,.T.);
#3011=EDGE_CURVE('',#2401,#2411,#2002,.T.);
#3012=EDGE_CURVE('',#2410,#2411,#2003,.T.);
#3013=EDGE_CURVE('',#2412,#2398,#2004,.T.);
#3014=EDGE_CURVE('',#2412,#2409,#2005,.T.);
#3015=EDGE_CURVE('',#2411,#2413,#465,.T.);
#3016=EDGE_CURVE('',#2413,#2414,#2006,.T.);
#3017=EDGE_CURVE('',#2414,#2394,#466,.T.);
#3018=EDGE_CURVE('',#2397,#2415,#467,.T.);
#3019=EDGE_CURVE('',#2415,#2416,#2007,.T.);
#3020=EDGE_CURVE('',#2416,#2412,#468,.T.);
#3021=EDGE_CURVE('',#2409,#2417,#469,.T.);
#3022=EDGE_CURVE('',#2418,#2417,#470,.T.);
#3023=EDGE_CURVE('',#2410,#2418,#471,.T.);
#3024=EDGE_CURVE('',#2419,#2418,#2008,.T.);
#3025=EDGE_CURVE('',#2411,#2419,#472,.T.);
#3026=EDGE_CURVE('',#2420,#2419,#473,.T.);
#3027=EDGE_CURVE('',#2413,#2420,#474,.T.);
#3028=EDGE_CURVE('',#2413,#2421,#2009,.T.);
#3029=EDGE_CURVE('',#2422,#2420,#2010,.T.);
#3030=EDGE_CURVE('',#2421,#2422,#475,.T.);
#3031=EDGE_CURVE('',#2423,#2424,#476,.T.);
#3032=EDGE_CURVE('',#2423,#2425,#477,.T.);
#3033=EDGE_CURVE('',#2426,#2425,#478,.T.);
#3034=EDGE_CURVE('',#2424,#2426,#479,.T.);
#3035=EDGE_CURVE('',#2424,#2427,#2011,.T.);
#3036=EDGE_CURVE('',#2428,#2426,#2012,.T.);
#3037=EDGE_CURVE('',#2427,#2428,#480,.T.);
#3038=EDGE_CURVE('',#2427,#2429,#481,.T.);
#3039=EDGE_CURVE('',#2430,#2428,#482,.T.);
#3040=EDGE_CURVE('',#2429,#2430,#483,.T.);
#3041=EDGE_CURVE('',#2429,#2431,#2013,.T.);
#3042=EDGE_CURVE('',#2432,#2430,#2014,.T.);
#3043=EDGE_CURVE('',#2431,#2432,#484,.T.);
#3044=EDGE_CURVE('',#2421,#2433,#485,.T.);
#3045=EDGE_CURVE('',#2434,#2422,#486,.T.);
#3046=EDGE_CURVE('',#2433,#2434,#487,.T.);
#3047=EDGE_CURVE('',#2412,#2435,#488,.T.);
#3048=EDGE_CURVE('',#2417,#2435,#2015,.T.);
#3049=EDGE_CURVE('',#2416,#2436,#489,.T.);
#3050=EDGE_CURVE('',#2435,#2436,#490,.T.);
#3051=EDGE_CURVE('',#2433,#2416,#2016,.T.);
#3052=EDGE_CURVE('',#2436,#2434,#2017,.T.);
#3053=EDGE_CURVE('',#2431,#2437,#491,.T.);
#3054=EDGE_CURVE('',#2438,#2432,#492,.T.);
#3055=EDGE_CURVE('',#2437,#2438,#493,.T.);
#3056=EDGE_CURVE('',#2437,#2439,#2018,.T.);
#3057=EDGE_CURVE('',#2440,#2438,#2019,.T.);
#3058=EDGE_CURVE('',#2439,#2440,#494,.T.);
#3059=EDGE_CURVE('',#2439,#2441,#495,.T.);
#3060=EDGE_CURVE('',#2442,#2440,#496,.T.);
#3061=EDGE_CURVE('',#2441,#2442,#497,.T.);
#3062=EDGE_CURVE('',#2441,#2423,#2020,.T.);
#3063=EDGE_CURVE('',#2425,#2442,#2021,.T.);
#3064=EDGE_CURVE('',#2424,#2443,#2022,.T.);
#3065=EDGE_CURVE('',#2444,#2443,#498,.T.);
#3066=EDGE_CURVE('',#2444,#2445,#83,.T.);
#3067=EDGE_CURVE('',#2445,#2446,#499,.T.);
#3068=EDGE_CURVE('',#2446,#2447,#84,.T.);
#3069=EDGE_CURVE('',#2448,#2447,#500,.T.);
#3070=EDGE_CURVE('',#2448,#2449,#85,.T.);
#3071=EDGE_CURVE('',#2449,#2450,#501,.T.);
#3072=EDGE_CURVE('',#2450,#2451,#86,.T.);
#3073=EDGE_CURVE('',#2451,#2452,#502,.T.);
#3074=EDGE_CURVE('',#2452,#2423,#2023,.T.);
#3075=EDGE_CURVE('',#2452,#2453,#2024,.F.);
#3076=EDGE_CURVE('',#2441,#2453,#2025,.T.);
#3077=EDGE_CURVE('',#2454,#2427,#2026,.T.);
#3078=EDGE_CURVE('',#2443,#2454,#2027,.F.);
#3079=EDGE_CURVE('',#2453,#2455,#503,.T.);
#3080=EDGE_CURVE('',#2455,#2439,#2028,.T.);
#3081=EDGE_CURVE('',#2429,#2456,#2029,.T.);
#3082=EDGE_CURVE('',#2457,#2456,#504,.T.);
#3083=EDGE_CURVE('',#2457,#2458,#87,.T.);
#3084=EDGE_CURVE('',#2458,#2459,#505,.T.);
#3085=EDGE_CURVE('',#2459,#2460,#88,.T.);
#3086=EDGE_CURVE('',#2461,#2460,#506,.T.);
#3087=EDGE_CURVE('',#2461,#2462,#89,.T.);
#3088=EDGE_CURVE('',#2462,#2463,#507,.T.);
#3089=EDGE_CURVE('',#2463,#2464,#90,.T.);
#3090=EDGE_CURVE('',#2464,#2454,#508,.T.);
#3091=EDGE_CURVE('',#2455,#2465,#2030,.F.);
#3092=EDGE_CURVE('',#2437,#2465,#2031,.T.);
#3093=EDGE_CURVE('',#2466,#2421,#2032,.T.);
#3094=EDGE_CURVE('',#2466,#2414,#2033,.T.);
#3095=EDGE_CURVE('',#2467,#2431,#2034,.T.);
#3096=EDGE_CURVE('',#2467,#2456,#2035,.F.);
#3097=EDGE_CURVE('',#2467,#2468,#509,.T.);
#3098=EDGE_CURVE('',#2469,#2465,#510,.T.);
#3099=EDGE_CURVE('',#2469,#2468,#91,.T.);
#3100=EDGE_CURVE('',#2470,#2471,#511,.T.);
#3101=EDGE_CURVE('',#2470,#2472,#512,.T.);
#3102=EDGE_CURVE('',#2472,#2473,#513,.T.);
#3103=EDGE_CURVE('',#2471,#2473,#514,.T.);
#3104=EDGE_CURVE('',#2471,#2474,#2036,.T.);
#3105=EDGE_CURVE('',#2473,#2475,#2037,.T.);
#3106=EDGE_CURVE('',#2474,#2475,#515,.T.);
#3107=EDGE_CURVE('',#2474,#2476,#516,.T.);
#3108=EDGE_CURVE('',#2475,#2477,#517,.T.);
#3109=EDGE_CURVE('',#2476,#2477,#518,.T.);
#3110=EDGE_CURVE('',#2476,#2478,#2038,.T.);
#3111=EDGE_CURVE('',#2477,#2479,#2039,.T.);
#3112=EDGE_CURVE('',#2478,#2479,#519,.T.);
#3113=EDGE_CURVE('',#2480,#2481,#520,.T.);
#3114=EDGE_CURVE('',#2480,#2482,#521,.T.);
#3115=EDGE_CURVE('',#2482,#2483,#522,.T.);
#3116=EDGE_CURVE('',#2481,#2483,#523,.T.);
#3117=EDGE_CURVE('',#2481,#2484,#2040,.T.);
#3118=EDGE_CURVE('',#2483,#2485,#2041,.T.);
#3119=EDGE_CURVE('',#2484,#2485,#524,.T.);
#3120=EDGE_CURVE('',#2484,#2486,#525,.T.);
#3121=EDGE_CURVE('',#2485,#2487,#526,.T.);
#3122=EDGE_CURVE('',#2486,#2487,#527,.T.);
#3123=EDGE_CURVE('',#2486,#2488,#2042,.T.);
#3124=EDGE_CURVE('',#2487,#2489,#2043,.T.);
#3125=EDGE_CURVE('',#2488,#2489,#528,.T.);
#3126=EDGE_CURVE('',#2478,#2490,#529,.T.);
#3127=EDGE_CURVE('',#2479,#2491,#530,.T.);
#3128=EDGE_CURVE('',#2490,#2491,#531,.T.);
#3129=EDGE_CURVE('',#2490,#2492,#2044,.T.);
#3130=EDGE_CURVE('',#2491,#2493,#2045,.T.);
#3131=EDGE_CURVE('',#2492,#2493,#532,.T.);
#3132=EDGE_CURVE('',#2492,#2494,#533,.T.);
#3133=EDGE_CURVE('',#2493,#2495,#534,.T.);
#3134=EDGE_CURVE('',#2494,#2495,#535,.T.);
#3135=EDGE_CURVE('',#2494,#2470,#2046,.T.);
#3136=EDGE_CURVE('',#2495,#2472,#2047,.T.);
#3137=EDGE_CURVE('',#2488,#2496,#536,.T.);
#3138=EDGE_CURVE('',#2489,#2497,#537,.T.);
#3139=EDGE_CURVE('',#2496,#2497,#538,.T.);
#3140=EDGE_CURVE('',#2498,#2480,#2048,.T.);
#3141=EDGE_CURVE('',#2498,#2499,#539,.T.);
#3142=EDGE_CURVE('',#2499,#2482,#2049,.T.);
#3143=EDGE_CURVE('',#2500,#2498,#540,.T.);
#3144=EDGE_CURVE('',#2500,#2501,#541,.T.);
#3145=EDGE_CURVE('',#2501,#2499,#542,.T.);
#3146=EDGE_CURVE('',#2496,#2500,#2050,.T.);
#3147=EDGE_CURVE('',#2497,#2501,#2051,.T.);
#3148=EDGE_CURVE('',#2443,#2480,#2052,.T.);
#3149=EDGE_CURVE('',#2498,#2454,#2053,.T.);
#3150=EDGE_CURVE('',#2223,#2474,#2054,.T.);
#3151=EDGE_CURVE('',#2471,#2222,#2055,.T.);
#3152=EDGE_CURVE('',#2481,#2452,#2056,.T.);
#3153=EDGE_CURVE('',#2451,#2502,#92,.T.);
#3154=EDGE_CURVE('',#2502,#2503,#543,.T.);
#3155=EDGE_CURVE('',#2503,#2448,#93,.T.);
#3156=EDGE_CURVE('',#2447,#2504,#94,.T.);
#3157=EDGE_CURVE('',#2504,#2505,#544,.T.);
#3158=EDGE_CURVE('',#2505,#2444,#95,.T.);
#3159=EDGE_CURVE('',#2221,#2470,#2057,.T.);
#3160=EDGE_CURVE('',#2453,#2484,#2058,.T.);
#3161=EDGE_CURVE('',#2464,#2506,#96,.T.);
#3162=EDGE_CURVE('',#2506,#2507,#545,.T.);
#3163=EDGE_CURVE('',#2507,#2461,#97,.T.);
#3164=EDGE_CURVE('',#2460,#2508,#98,.T.);
#3165=EDGE_CURVE('',#2508,#2509,#546,.T.);
#3166=EDGE_CURVE('',#2509,#2457,#99,.T.);
#3167=EDGE_CURVE('',#2456,#2500,#2059,.T.);
#3168=EDGE_CURVE('',#2476,#2206,#2060,.T.);
#3169=EDGE_CURVE('',#2205,#2216,#547,.T.);
#3170=EDGE_CURVE('',#2486,#2455,#2061,.T.);
#3171=EDGE_CURVE('',#2496,#2467,#2062,.T.);
#3172=EDGE_CURVE('',#2207,#2478,#2063,.T.);
#3173=EDGE_CURVE('',#2465,#2488,#2064,.T.);
#3174=EDGE_CURVE('',#2468,#2469,#100,.T.);
#3175=EDGE_CURVE('',#2510,#2510,#2065,.T.);
#3176=EDGE_CURVE('',#2510,#2511,#548,.T.);
#3177=EDGE_CURVE('',#2511,#2511,#2066,.T.);
#3178=EDGE_CURVE('',#2512,#2512,#2067,.T.);
#3179=EDGE_CURVE('',#2512,#2513,#549,.T.);
#3180=EDGE_CURVE('',#2513,#2513,#2068,.T.);
#3181=EDGE_CURVE('',#2514,#2466,#550,.T.);
#3182=EDGE_CURVE('',#2415,#2514,#2069,.T.);
#3183=EDGE_CURVE('',#2515,#2515,#2070,.T.);
#3184=EDGE_CURVE('',#2515,#2402,#551,.T.);
#3185=EDGE_CURVE('',#2468,#2516,#552,.T.);
#3186=EDGE_CURVE('',#2516,#2516,#2071,.T.);
#3187=EDGE_CURVE('',#2490,#2208,#2072,.T.);
#3188=EDGE_CURVE('',#2517,#2506,#553,.T.);
#3189=EDGE_CURVE('',#2518,#2517,#554,.T.);
#3190=EDGE_CURVE('',#2518,#2507,#555,.T.);
#3191=EDGE_CURVE('',#2519,#2463,#556,.T.);
#3192=EDGE_CURVE('',#2517,#2519,#2073,.T.);
#3193=EDGE_CURVE('',#2520,#2518,#2074,.T.);
#3194=EDGE_CURVE('',#2520,#2462,#557,.T.);
#3195=EDGE_CURVE('',#2519,#2520,#558,.T.);
#3196=EDGE_CURVE('',#2521,#2508,#559,.T.);
#3197=EDGE_CURVE('',#2522,#2521,#560,.T.);
#3198=EDGE_CURVE('',#2522,#2509,#561,.T.);
#3199=EDGE_CURVE('',#2523,#2459,#562,.T.);
#3200=EDGE_CURVE('',#2521,#2523,#2075,.T.);
#3201=EDGE_CURVE('',#2524,#2522,#2076,.T.);
#3202=EDGE_CURVE('',#2524,#2458,#563,.T.);
#3203=EDGE_CURVE('',#2523,#2524,#564,.T.);
#3204=EDGE_CURVE('',#2224,#2525,#565,.T.);
#3205=EDGE_CURVE('',#2525,#2526,#2077,.T.);
#3206=EDGE_CURVE('',#2225,#2526,#566,.T.);
#3207=EDGE_CURVE('',#2227,#2527,#567,.T.);
#3208=EDGE_CURVE('',#2527,#2525,#568,.T.);
#3209=EDGE_CURVE('',#2226,#2528,#569,.T.);
#3210=EDGE_CURVE('',#2528,#2527,#2078,.T.);
#3211=EDGE_CURVE('',#2526,#2528,#570,.T.);
#3212=EDGE_CURVE('',#2212,#2529,#571,.T.);
#3213=EDGE_CURVE('',#2529,#2530,#2079,.T.);
#3214=EDGE_CURVE('',#2213,#2530,#572,.T.);
#3215=EDGE_CURVE('',#2215,#2531,#573,.T.);
#3216=EDGE_CURVE('',#2531,#2529,#574,.T.);
#3217=EDGE_CURVE('',#2214,#2532,#575,.T.);
#3218=EDGE_CURVE('',#2532,#2531,#2080,.T.);
#3219=EDGE_CURVE('',#2530,#2532,#576,.T.);
#3220=EDGE_CURVE('',#2533,#2534,#577,.T.);
#3221=EDGE_CURVE('',#2533,#2535,#578,.T.);
#3222=EDGE_CURVE('',#2535,#2536,#579,.T.);
#3223=EDGE_CURVE('',#2534,#2536,#580,.T.);
#3224=EDGE_CURVE('',#2534,#2537,#101,.T.);
#3225=EDGE_CURVE('',#2536,#2538,#2081,.T.);
#3226=EDGE_CURVE('',#2539,#2538,#581,.T.);
#3227=EDGE_CURVE('',#2537,#2539,#102,.T.);
#3228=EDGE_CURVE('',#2502,#2540,#582,.T.);
#3229=EDGE_CURVE('',#2540,#2541,#583,.T.);
#3230=EDGE_CURVE('',#2503,#2541,#584,.T.);
#3231=EDGE_CURVE('',#2541,#2542,#2082,.T.);
#3232=EDGE_CURVE('',#2449,#2542,#585,.T.);
#3233=EDGE_CURVE('',#2539,#2543,#586,.T.);
#3234=EDGE_CURVE('',#2538,#2544,#587,.T.);
#3235=EDGE_CURVE('',#2543,#2544,#588,.T.);
#3236=EDGE_CURVE('',#2542,#2545,#589,.T.);
#3237=EDGE_CURVE('',#2450,#2545,#590,.T.);
#3238=EDGE_CURVE('',#2543,#2546,#103,.T.);
#3239=EDGE_CURVE('',#2544,#2535,#2083,.T.);
#3240=EDGE_CURVE('',#2546,#2533,#104,.T.);
#3241=EDGE_CURVE('',#2545,#2540,#2084,.T.);
#3242=EDGE_CURVE('',#2547,#2548,#105,.T.);
#3243=EDGE_CURVE('',#2548,#2547,#106,.T.);
#3244=EDGE_CURVE('',#2548,#2280,#591,.T.);
#3245=EDGE_CURVE('',#2537,#2547,#592,.T.);
#3246=EDGE_CURVE('',#2546,#2548,#593,.T.);
#3247=EDGE_CURVE('',#2549,#2550,#2085,.T.);
#3248=EDGE_CURVE('',#2549,#2551,#594,.T.);
#3249=EDGE_CURVE('',#2552,#2551,#2086,.T.);
#3250=EDGE_CURVE('',#2550,#2552,#595,.T.);
#3251=EDGE_CURVE('',#2550,#2553,#596,.T.);
#3252=EDGE_CURVE('',#2554,#2552,#597,.T.);
#3253=EDGE_CURVE('',#2553,#2554,#598,.T.);
#3254=EDGE_CURVE('',#2553,#2555,#2087,.T.);
#3255=EDGE_CURVE('',#2556,#2554,#2088,.T.);
#3256=EDGE_CURVE('',#2555,#2556,#599,.T.);
#3257=EDGE_CURVE('',#2555,#2549,#600,.T.);
#3258=EDGE_CURVE('',#2551,#2556,#601,.T.);
#3259=EDGE_CURVE('',#2505,#2557,#602,.T.);
#3260=EDGE_CURVE('',#2557,#2558,#2089,.T.);
#3261=EDGE_CURVE('',#2445,#2558,#603,.T.);
#3262=EDGE_CURVE('',#2558,#2559,#604,.T.);
#3263=EDGE_CURVE('',#2446,#2559,#605,.T.);
#3264=EDGE_CURVE('',#2504,#2560,#606,.T.);
#3265=EDGE_CURVE('',#2560,#2557,#607,.T.);
#3266=EDGE_CURVE('',#2559,#2560,#2090,.T.);
#3267=EDGE_CURVE('',#2494,#2220,#2091,.T.);
#3268=EDGE_CURVE('',#2209,#2492,#2092,.T.);
#3269=EDGE_CURVE('',#2219,#2210,#608,.T.);
#3270=EDGE_CURVE('',#2433,#2514,#2093,.T.);
#3271=EDGE_CURVE('',#2561,#2562,#609,.T.);
#3272=EDGE_CURVE('',#2562,#2563,#610,.T.);
#3273=EDGE_CURVE('',#2563,#2564,#611,.T.);
#3274=EDGE_CURVE('',#2564,#2561,#612,.T.);
#3275=EDGE_CURVE('',#2565,#2566,#613,.T.);
#3276=EDGE_CURVE('',#2566,#2562,#107,.T.);
#3277=EDGE_CURVE('',#2561,#2565,#108,.T.);
#3278=EDGE_CURVE('',#2567,#2568,#614,.T.);
#3279=EDGE_CURVE('',#2568,#2566,#109,.T.);
#3280=EDGE_CURVE('',#2565,#2567,#110,.T.);
#3281=EDGE_CURVE('',#2569,#2570,#615,.T.);
#3282=EDGE_CURVE('',#2570,#2568,#616,.T.);
#3283=EDGE_CURVE('',#2567,#2569,#617,.T.);
#3284=EDGE_CURVE('',#2571,#2572,#618,.T.);
#3285=EDGE_CURVE('',#2572,#2570,#2094,.T.);
#3286=EDGE_CURVE('',#2569,#2571,#2095,.T.);
#3287=EDGE_CURVE('',#2563,#2572,#111,.T.);
#3288=EDGE_CURVE('',#2571,#2564,#112,.T.);
#3289=EDGE_CURVE('',#2565,#2573,#619,.T.);
#3290=EDGE_CURVE('',#2574,#2573,#113,.T.);
#3291=EDGE_CURVE('',#2575,#2574,#114,.T.);
#3292=EDGE_CURVE('',#2567,#2575,#620,.T.);
#3293=EDGE_CURVE('',#2561,#2576,#621,.T.);
#3294=EDGE_CURVE('',#2573,#2576,#115,.T.);
#3295=EDGE_CURVE('',#2564,#2577,#622,.T.);
#3296=EDGE_CURVE('',#2576,#2577,#623,.T.);
#3297=EDGE_CURVE('',#2578,#2579,#624,.T.);
#3298=EDGE_CURVE('',#2580,#2578,#625,.T.);
#3299=EDGE_CURVE('',#2581,#2580,#626,.T.);
#3300=EDGE_CURVE('',#2581,#2579,#627,.T.);
#3301=EDGE_CURVE('',#2582,#2583,#628,.T.);
#3302=EDGE_CURVE('',#2584,#2582,#116,.T.);
#3303=EDGE_CURVE('',#2585,#2584,#117,.T.);
#3304=EDGE_CURVE('',#2586,#2585,#629,.T.);
#3305=EDGE_CURVE('',#2587,#2586,#118,.T.);
#3306=EDGE_CURVE('',#2583,#2587,#119,.T.);
#3307=EDGE_CURVE('',#2588,#2582,#630,.T.);
#3308=EDGE_CURVE('',#2583,#2589,#631,.T.);
#3309=EDGE_CURVE('',#2589,#2588,#632,.T.);
#3310=EDGE_CURVE('',#2590,#2584,#633,.T.);
#3311=EDGE_CURVE('',#2588,#2590,#120,.T.);
#3312=EDGE_CURVE('',#2591,#2585,#634,.T.);
#3313=EDGE_CURVE('',#2590,#2591,#121,.T.);
#3314=EDGE_CURVE('',#2592,#2586,#635,.T.);
#3315=EDGE_CURVE('',#2591,#2592,#636,.T.);
#3316=EDGE_CURVE('',#2593,#2587,#637,.T.);
#3317=EDGE_CURVE('',#2592,#2593,#122,.T.);
#3318=EDGE_CURVE('',#2593,#2589,#123,.T.);
#3319=EDGE_CURVE('',#2590,#2594,#638,.T.);
#3320=EDGE_CURVE('',#2595,#2594,#124,.T.);
#3321=EDGE_CURVE('',#2591,#2595,#639,.T.);
#3322=EDGE_CURVE('',#2588,#2596,#640,.T.);
#3323=EDGE_CURVE('',#2594,#2596,#125,.T.);
#3324=EDGE_CURVE('',#2589,#2597,#641,.T.);
#3325=EDGE_CURVE('',#2596,#2597,#642,.T.);
#3326=EDGE_CURVE('',#2593,#2598,#643,.T.);
#3327=EDGE_CURVE('',#2597,#2598,#126,.T.);
#3328=EDGE_CURVE('',#2592,#2599,#644,.T.);
#3329=EDGE_CURVE('',#2600,#2599,#127,.T.);
#3330=EDGE_CURVE('',#2598,#2600,#128,.T.);
#3331=EDGE_CURVE('',#2599,#2595,#645,.T.);
#3332=EDGE_CURVE('',#2601,#2600,#646,.T.);
#3333=EDGE_CURVE('',#2601,#2602,#2096,.T.);
#3334=EDGE_CURVE('',#2602,#2603,#647,.T.);
#3335=EDGE_CURVE('',#2604,#2603,#2097,.T.);
#3336=EDGE_CURVE('',#2574,#2604,#648,.T.);
#3337=EDGE_CURVE('',#2577,#2605,#129,.T.);
#3338=EDGE_CURVE('',#2605,#2606,#130,.T.);
#3339=EDGE_CURVE('',#2594,#2606,#649,.T.);
#3340=EDGE_CURVE('',#2569,#2607,#650,.T.);
#3341=EDGE_CURVE('',#2606,#2607,#131,.T.);
#3342=EDGE_CURVE('',#2571,#2605,#651,.T.);
#3343=EDGE_CURVE('',#2607,#2575,#652,.T.);
#3344=EDGE_CURVE('',#2608,#2604,#2098,.T.);
#3345=EDGE_CURVE('',#2609,#2608,#653,.T.);
#3346=EDGE_CURVE('',#2609,#2601,#2099,.T.);
#3347=EDGE_CURVE('',#2610,#2611,#654,.T.);
#3348=EDGE_CURVE('',#2611,#2612,#655,.T.);
#3349=EDGE_CURVE('',#2612,#2613,#656,.T.);
#3350=EDGE_CURVE('',#2610,#2613,#657,.T.);
#3351=EDGE_CURVE('',#2614,#2615,#658,.T.);
#3352=EDGE_CURVE('',#2615,#2611,#2100,.T.);
#3353=EDGE_CURVE('',#2614,#2610,#2101,.T.);
#3354=EDGE_CURVE('',#2616,#2617,#659,.T.);
#3355=EDGE_CURVE('',#2617,#2615,#660,.T.);
#3356=EDGE_CURVE('',#2616,#2614,#661,.T.);
#3357=EDGE_CURVE('',#2612,#2617,#2102,.T.);
#3358=EDGE_CURVE('',#2613,#2616,#2103,.T.);
#3359=EDGE_CURVE('',#2618,#2619,#662,.T.);
#3360=EDGE_CURVE('',#2620,#2618,#2104,.T.);
#3361=EDGE_CURVE('',#2621,#2620,#663,.T.);
#3362=EDGE_CURVE('',#2622,#2621,#2105,.T.);
#3363=EDGE_CURVE('',#2623,#2622,#664,.T.);
#3364=EDGE_CURVE('',#2624,#2623,#2106,.T.);
#3365=EDGE_CURVE('',#2625,#2624,#665,.T.);
#3366=EDGE_CURVE('',#2619,#2625,#2107,.T.);
#3367=EDGE_CURVE('',#2626,#2626,#2108,.T.);
#3368=EDGE_CURVE('',#2626,#2627,#666,.T.);
#3369=EDGE_CURVE('',#2627,#2627,#2109,.T.);
#3370=EDGE_CURVE('',#2628,#2629,#2110,.T.);
#3371=EDGE_CURVE('',#2629,#2630,#667,.T.);
#3372=EDGE_CURVE('',#2630,#2631,#2111,.T.);
#3373=EDGE_CURVE('',#2631,#2632,#668,.T.);
#3374=EDGE_CURVE('',#2632,#2633,#2112,.T.);
#3375=EDGE_CURVE('',#2633,#2634,#669,.T.);
#3376=EDGE_CURVE('',#2634,#2635,#2113,.T.);
#3377=EDGE_CURVE('',#2635,#2628,#670,.T.);
#3378=EDGE_CURVE('',#2636,#2637,#671,.T.);
#3379=EDGE_CURVE('',#2638,#2637,#672,.T.);
#3380=EDGE_CURVE('',#2638,#2639,#673,.T.);
#3381=EDGE_CURVE('',#2639,#2636,#674,.T.);
#3382=EDGE_CURVE('',#2640,#2602,#675,.T.);
#3383=EDGE_CURVE('',#2637,#2602,#2114,.T.);
#3384=EDGE_CURVE('',#2636,#2640,#2115,.T.);
#3385=EDGE_CURVE('',#2641,#2603,#676,.T.);
#3386=EDGE_CURVE('',#2640,#2641,#677,.T.);
#3387=EDGE_CURVE('',#2642,#2643,#678,.T.);
#3388=EDGE_CURVE('',#2603,#2643,#2116,.T.);
#3389=EDGE_CURVE('',#2641,#2642,#2117,.T.);
#3390=EDGE_CURVE('',#2644,#2645,#679,.T.);
#3391=EDGE_CURVE('',#2643,#2645,#680,.T.);
#3392=EDGE_CURVE('',#2642,#2644,#681,.T.);
#3393=EDGE_CURVE('',#2646,#2647,#682,.T.);
#3394=EDGE_CURVE('',#2645,#2647,#2118,.T.);
#3395=EDGE_CURVE('',#2644,#2646,#2119,.T.);
#3396=EDGE_CURVE('',#2648,#2649,#683,.T.);
#3397=EDGE_CURVE('',#2647,#2649,#684,.T.);
#3398=EDGE_CURVE('',#2646,#2648,#685,.T.);
#3399=EDGE_CURVE('',#2649,#2638,#2120,.T.);
#3400=EDGE_CURVE('',#2648,#2639,#2121,.T.);
#3401=EDGE_CURVE('',#2650,#2651,#686,.T.);
#3402=EDGE_CURVE('',#2652,#2650,#2122,.T.);
#3403=EDGE_CURVE('',#2653,#2652,#687,.T.);
#3404=EDGE_CURVE('',#2654,#2653,#2123,.T.);
#3405=EDGE_CURVE('',#2655,#2654,#688,.T.);
#3406=EDGE_CURVE('',#2656,#2655,#2124,.T.);
#3407=EDGE_CURVE('',#2657,#2656,#689,.T.);
#3408=EDGE_CURVE('',#2651,#2657,#2125,.T.);
#3409=EDGE_CURVE('',#2658,#2618,#2126,.T.);
#3410=EDGE_CURVE('',#2619,#2659,#2127,.T.);
#3411=EDGE_CURVE('',#2659,#2658,#690,.T.);
#3412=EDGE_CURVE('',#2625,#2660,#2128,.T.);
#3413=EDGE_CURVE('',#2660,#2659,#2129,.T.);
#3414=EDGE_CURVE('',#2624,#2661,#2130,.T.);
#3415=EDGE_CURVE('',#2661,#2660,#691,.T.);
#3416=EDGE_CURVE('',#2623,#2579,#2131,.T.);
#3417=EDGE_CURVE('',#2579,#2661,#2132,.T.);
#3418=EDGE_CURVE('',#2622,#2578,#2133,.T.);
#3419=EDGE_CURVE('',#2621,#2662,#2134,.T.);
#3420=EDGE_CURVE('',#2662,#2578,#2135,.T.);
#3421=EDGE_CURVE('',#2620,#2663,#2136,.T.);
#3422=EDGE_CURVE('',#2663,#2662,#692,.T.);
#3423=EDGE_CURVE('',#2658,#2663,#2137,.T.);
#3424=EDGE_CURVE('',#2664,#2662,#693,.T.);
#3425=EDGE_CURVE('',#2580,#2664,#2138,.T.);
#3426=EDGE_CURVE('',#2665,#2663,#694,.T.);
#3427=EDGE_CURVE('',#2664,#2665,#695,.T.);
#3428=EDGE_CURVE('',#2666,#2658,#696,.T.);
#3429=EDGE_CURVE('',#2665,#2666,#2139,.T.);
#3430=EDGE_CURVE('',#2667,#2659,#697,.T.);
#3431=EDGE_CURVE('',#2666,#2667,#698,.T.);
#3432=EDGE_CURVE('',#2651,#2666,#2140,.T.);
#3433=EDGE_CURVE('',#2667,#2650,#2141,.T.);
#3434=EDGE_CURVE('',#2668,#2652,#2142,.T.);
#3435=EDGE_CURVE('',#2667,#2668,#2143,.T.);
#3436=EDGE_CURVE('',#2669,#2653,#2144,.T.);
#3437=EDGE_CURVE('',#2668,#2669,#699,.T.);
#3438=EDGE_CURVE('',#2581,#2654,#2145,.T.);
#3439=EDGE_CURVE('',#2669,#2581,#2146,.T.);
#3440=EDGE_CURVE('',#2580,#2655,#2147,.T.);
#3441=EDGE_CURVE('',#2664,#2656,#2148,.T.);
#3442=EDGE_CURVE('',#2665,#2657,#2149,.T.);
#3443=EDGE_CURVE('',#2669,#2661,#700,.T.);
#3444=EDGE_CURVE('',#2668,#2660,#701,.T.);
#3445=EDGE_CURVE('',#2670,#2643,#2150,.T.);
#3446=EDGE_CURVE('',#2604,#2670,#2151,.T.);
#3447=EDGE_CURVE('',#2671,#2670,#2152,.T.);
#3448=EDGE_CURVE('',#2608,#2671,#2153,.T.);
#3449=EDGE_CURVE('',#2672,#2608,#2154,.T.);
#3450=EDGE_CURVE('',#2673,#2671,#2155,.T.);
#3451=EDGE_CURVE('',#2672,#2673,#2156,.T.);
#3452=EDGE_CURVE('',#2632,#2672,#2157,.T.);
#3453=EDGE_CURVE('',#2633,#2673,#2158,.T.);
#3454=EDGE_CURVE('',#2674,#2609,#2159,.T.);
#3455=EDGE_CURVE('',#2674,#2672,#702,.T.);
#3456=EDGE_CURVE('',#2631,#2674,#2160,.T.);
#3457=EDGE_CURVE('',#2675,#2637,#2161,.T.);
#3458=EDGE_CURVE('',#2675,#2601,#2162,.T.);
#3459=EDGE_CURVE('',#2676,#2675,#2163,.T.);
#3460=EDGE_CURVE('',#2676,#2609,#2164,.T.);
#3461=EDGE_CURVE('',#2677,#2676,#2165,.T.);
#3462=EDGE_CURVE('',#2677,#2674,#2166,.T.);
#3463=EDGE_CURVE('',#2630,#2677,#2167,.T.);
#3464=EDGE_CURVE('',#2678,#2638,#2168,.T.);
#3465=EDGE_CURVE('',#2678,#2675,#703,.T.);
#3466=EDGE_CURVE('',#2679,#2678,#2169,.T.);
#3467=EDGE_CURVE('',#2679,#2676,#704,.T.);
#3468=EDGE_CURVE('',#2680,#2679,#2170,.T.);
#3469=EDGE_CURVE('',#2680,#2677,#705,.T.);
#3470=EDGE_CURVE('',#2629,#2680,#2171,.T.);
#3471=EDGE_CURVE('',#2681,#2649,#2172,.T.);
#3472=EDGE_CURVE('',#2681,#2678,#2173,.T.);
#3473=EDGE_CURVE('',#2682,#2681,#2174,.T.);
#3474=EDGE_CURVE('',#2682,#2679,#2175,.T.);
#3475=EDGE_CURVE('',#2683,#2682,#2176,.T.);
#3476=EDGE_CURVE('',#2683,#2680,#2177,.T.);
#3477=EDGE_CURVE('',#2628,#2683,#2178,.T.);
#3478=EDGE_CURVE('',#2684,#2647,#2179,.T.);
#3479=EDGE_CURVE('',#2684,#2681,#706,.T.);
#3480=EDGE_CURVE('',#2685,#2684,#2180,.T.);
#3481=EDGE_CURVE('',#2685,#2682,#707,.T.);
#3482=EDGE_CURVE('',#2686,#2685,#2181,.T.);
#3483=EDGE_CURVE('',#2686,#2683,#708,.T.);
#3484=EDGE_CURVE('',#2635,#2686,#2182,.T.);
#3485=EDGE_CURVE('',#2687,#2645,#2183,.T.);
#3486=EDGE_CURVE('',#2687,#2684,#2184,.T.);
#3487=EDGE_CURVE('',#2688,#2687,#2185,.T.);
#3488=EDGE_CURVE('',#2688,#2685,#2186,.T.);
#3489=EDGE_CURVE('',#2689,#2688,#2187,.T.);
#3490=EDGE_CURVE('',#2689,#2686,#2188,.T.);
#3491=EDGE_CURVE('',#2634,#2689,#2189,.T.);
#3492=EDGE_CURVE('',#2670,#2687,#709,.T.);
#3493=EDGE_CURVE('',#2671,#2688,#710,.T.);
#3494=EDGE_CURVE('',#2673,#2689,#711,.T.);
#3495=EDGE_CURVE('',#2690,#2691,#712,.T.);
#3496=EDGE_CURVE('',#2691,#2692,#2190,.T.);
#3497=EDGE_CURVE('',#2693,#2692,#713,.T.);
#3498=EDGE_CURVE('',#2690,#2693,#2191,.T.);
#3499=EDGE_CURVE('',#2692,#2694,#714,.T.);
#3500=EDGE_CURVE('',#2695,#2694,#715,.T.);
#3501=EDGE_CURVE('',#2693,#2695,#716,.T.);
#3502=EDGE_CURVE('',#2694,#2696,#2192,.T.);
#3503=EDGE_CURVE('',#2697,#2696,#717,.T.);
#3504=EDGE_CURVE('',#2695,#2697,#2193,.T.);
#3505=EDGE_CURVE('',#2696,#2698,#718,.T.);
#3506=EDGE_CURVE('',#2699,#2698,#719,.T.);
#3507=EDGE_CURVE('',#2697,#2699,#720,.T.);
#3508=EDGE_CURVE('',#2698,#2700,#2194,.T.);
#3509=EDGE_CURVE('',#2701,#2700,#721,.T.);
#3510=EDGE_CURVE('',#2699,#2701,#2195,.T.);
#3511=EDGE_CURVE('',#2702,#2691,#722,.T.);
#3512=EDGE_CURVE('',#2703,#2690,#723,.T.);
#3513=EDGE_CURVE('',#2703,#2702,#724,.T.);
#3514=EDGE_CURVE('',#2700,#2704,#725,.T.);
#3515=EDGE_CURVE('',#2705,#2704,#726,.T.);
#3516=EDGE_CURVE('',#2701,#2705,#727,.T.);
#3517=EDGE_CURVE('',#2704,#2702,#2196,.T.);
#3518=EDGE_CURVE('',#2705,#2703,#2197,.T.);
#3519=ORIENTED_EDGE('',*,*,#2706,.T.);
#3520=ORIENTED_EDGE('',*,*,#2707,.F.);
#3521=ORIENTED_EDGE('',*,*,#2708,.F.);
#3522=ORIENTED_EDGE('',*,*,#2706,.F.);
#3523=ORIENTED_EDGE('',*,*,#2707,.T.);
#3524=ORIENTED_EDGE('',*,*,#2709,.F.);
#3525=ORIENTED_EDGE('',*,*,#2708,.T.);
#3526=ORIENTED_EDGE('',*,*,#2710,.F.);
#3527=ORIENTED_EDGE('',*,*,#2711,.F.);
#3528=ORIENTED_EDGE('',*,*,#2712,.T.);
#3529=ORIENTED_EDGE('',*,*,#2713,.F.);
#3530=ORIENTED_EDGE('',*,*,#2714,.F.);
#3531=ORIENTED_EDGE('',*,*,#2715,.F.);
#3532=ORIENTED_EDGE('',*,*,#2716,.F.);
#3533=ORIENTED_EDGE('',*,*,#2717,.F.);
#3534=ORIENTED_EDGE('',*,*,#2718,.T.);
#3535=ORIENTED_EDGE('',*,*,#2719,.T.);
#3536=ORIENTED_EDGE('',*,*,#2720,.T.);
#3537=ORIENTED_EDGE('',*,*,#2721,.T.);
#3538=ORIENTED_EDGE('',*,*,#2722,.T.);
#3539=ORIENTED_EDGE('',*,*,#2723,.T.);
#3540=ORIENTED_EDGE('',*,*,#2724,.T.);
#3541=ORIENTED_EDGE('',*,*,#2725,.T.);
#3542=ORIENTED_EDGE('',*,*,#2726,.T.);
#3543=ORIENTED_EDGE('',*,*,#2727,.F.);
#3544=ORIENTED_EDGE('',*,*,#2728,.F.);
#3545=ORIENTED_EDGE('',*,*,#2729,.F.);
#3546=ORIENTED_EDGE('',*,*,#2730,.F.);
#3547=ORIENTED_EDGE('',*,*,#2731,.F.);
#3548=ORIENTED_EDGE('',*,*,#2732,.T.);
#3549=ORIENTED_EDGE('',*,*,#2733,.T.);
#3550=ORIENTED_EDGE('',*,*,#2734,.T.);
#3551=ORIENTED_EDGE('',*,*,#2735,.T.);
#3552=ORIENTED_EDGE('',*,*,#2736,.T.);
#3553=ORIENTED_EDGE('',*,*,#2737,.T.);
#3554=ORIENTED_EDGE('',*,*,#2738,.F.);
#3555=ORIENTED_EDGE('',*,*,#2739,.T.);
#3556=ORIENTED_EDGE('',*,*,#2740,.T.);
#3557=ORIENTED_EDGE('',*,*,#2739,.F.);
#3558=ORIENTED_EDGE('',*,*,#2741,.T.);
#3559=ORIENTED_EDGE('',*,*,#2742,.F.);
#3560=ORIENTED_EDGE('',*,*,#2743,.F.);
#3561=ORIENTED_EDGE('',*,*,#2744,.F.);
#3562=ORIENTED_EDGE('',*,*,#2745,.T.);
#3563=ORIENTED_EDGE('',*,*,#2746,.F.);
#3564=ORIENTED_EDGE('',*,*,#2747,.F.);
#3565=ORIENTED_EDGE('',*,*,#2748,.F.);
#3566=ORIENTED_EDGE('',*,*,#2749,.F.);
#3567=ORIENTED_EDGE('',*,*,#2750,.F.);
#3568=ORIENTED_EDGE('',*,*,#2751,.T.);
#3569=ORIENTED_EDGE('',*,*,#2750,.T.);
#3570=ORIENTED_EDGE('',*,*,#2752,.F.);
#3571=ORIENTED_EDGE('',*,*,#2753,.T.);
#3572=ORIENTED_EDGE('',*,*,#2754,.T.);
#3573=ORIENTED_EDGE('',*,*,#2755,.F.);
#3574=ORIENTED_EDGE('',*,*,#2756,.T.);
#3575=ORIENTED_EDGE('',*,*,#2757,.F.);
#3576=ORIENTED_EDGE('',*,*,#2758,.T.);
#3577=ORIENTED_EDGE('',*,*,#2737,.F.);
#3578=ORIENTED_EDGE('',*,*,#2759,.T.);
#3579=ORIENTED_EDGE('',*,*,#2760,.T.);
#3580=ORIENTED_EDGE('',*,*,#2761,.T.);
#3581=ORIENTED_EDGE('',*,*,#2755,.T.);
#3582=ORIENTED_EDGE('',*,*,#2762,.T.);
#3583=ORIENTED_EDGE('',*,*,#2763,.F.);
#3584=ORIENTED_EDGE('',*,*,#2764,.T.);
#3585=ORIENTED_EDGE('',*,*,#2760,.F.);
#3586=ORIENTED_EDGE('',*,*,#2765,.T.);
#3587=ORIENTED_EDGE('',*,*,#2766,.T.);
#3588=ORIENTED_EDGE('',*,*,#2767,.T.);
#3589=ORIENTED_EDGE('',*,*,#2763,.T.);
#3590=ORIENTED_EDGE('',*,*,#2768,.T.);
#3591=ORIENTED_EDGE('',*,*,#2753,.F.);
#3592=ORIENTED_EDGE('',*,*,#2769,.T.);
#3593=ORIENTED_EDGE('',*,*,#2770,.F.);
#3594=ORIENTED_EDGE('',*,*,#2771,.F.);
#3595=ORIENTED_EDGE('',*,*,#2772,.F.);
#3596=ORIENTED_EDGE('',*,*,#2773,.T.);
#3597=ORIENTED_EDGE('',*,*,#2774,.F.);
#3598=ORIENTED_EDGE('',*,*,#2775,.F.);
#3599=ORIENTED_EDGE('',*,*,#2776,.F.);
#3600=ORIENTED_EDGE('',*,*,#2777,.F.);
#3601=ORIENTED_EDGE('',*,*,#2766,.F.);
#3602=ORIENTED_EDGE('',*,*,#2778,.T.);
#3603=ORIENTED_EDGE('',*,*,#2779,.T.);
#3604=ORIENTED_EDGE('',*,*,#2767,.F.);
#3605=ORIENTED_EDGE('',*,*,#2780,.T.);
#3606=ORIENTED_EDGE('',*,*,#2781,.T.);
#3607=ORIENTED_EDGE('',*,*,#2782,.F.);
#3608=ORIENTED_EDGE('',*,*,#2764,.F.);
#3609=ORIENTED_EDGE('',*,*,#2779,.F.);
#3610=ORIENTED_EDGE('',*,*,#2783,.T.);
#3611=ORIENTED_EDGE('',*,*,#2784,.T.);
#3612=ORIENTED_EDGE('',*,*,#2761,.F.);
#3613=ORIENTED_EDGE('',*,*,#2782,.T.);
#3614=ORIENTED_EDGE('',*,*,#2785,.T.);
#3615=ORIENTED_EDGE('',*,*,#2786,.F.);
#3616=ORIENTED_EDGE('',*,*,#2758,.F.);
#3617=ORIENTED_EDGE('',*,*,#2787,.F.);
#3618=ORIENTED_EDGE('',*,*,#2756,.F.);
#3619=ORIENTED_EDGE('',*,*,#2784,.F.);
#3620=ORIENTED_EDGE('',*,*,#2788,.T.);
#3621=ORIENTED_EDGE('',*,*,#2789,.T.);
#3622=ORIENTED_EDGE('',*,*,#2738,.T.);
#3623=ORIENTED_EDGE('',*,*,#2786,.T.);
#3624=ORIENTED_EDGE('',*,*,#2790,.T.);
#3625=ORIENTED_EDGE('',*,*,#2791,.F.);
#3626=ORIENTED_EDGE('',*,*,#2749,.T.);
#3627=ORIENTED_EDGE('',*,*,#2792,.F.);
#3628=ORIENTED_EDGE('',*,*,#2793,.F.);
#3629=ORIENTED_EDGE('',*,*,#2794,.F.);
#3630=ORIENTED_EDGE('',*,*,#2745,.F.);
#3631=ORIENTED_EDGE('',*,*,#2795,.F.);
#3632=ORIENTED_EDGE('',*,*,#2796,.F.);
#3633=ORIENTED_EDGE('',*,*,#2797,.F.);
#3634=ORIENTED_EDGE('',*,*,#2741,.F.);
#3635=ORIENTED_EDGE('',*,*,#2789,.F.);
#3636=ORIENTED_EDGE('',*,*,#2798,.T.);
#3637=ORIENTED_EDGE('',*,*,#2799,.T.);
#3638=ORIENTED_EDGE('',*,*,#2752,.T.);
#3639=ORIENTED_EDGE('',*,*,#2791,.T.);
#3640=ORIENTED_EDGE('',*,*,#2800,.T.);
#3641=ORIENTED_EDGE('',*,*,#2780,.F.);
#3642=ORIENTED_EDGE('',*,*,#2777,.T.);
#3643=ORIENTED_EDGE('',*,*,#2801,.F.);
#3644=ORIENTED_EDGE('',*,*,#2802,.F.);
#3645=ORIENTED_EDGE('',*,*,#2803,.F.);
#3646=ORIENTED_EDGE('',*,*,#2773,.F.);
#3647=ORIENTED_EDGE('',*,*,#2804,.F.);
#3648=ORIENTED_EDGE('',*,*,#2805,.F.);
#3649=ORIENTED_EDGE('',*,*,#2806,.F.);
#3650=ORIENTED_EDGE('',*,*,#2769,.F.);
#3651=ORIENTED_EDGE('',*,*,#2799,.F.);
#3652=ORIENTED_EDGE('',*,*,#2807,.T.);
#3653=ORIENTED_EDGE('',*,*,#2808,.T.);
#3654=ORIENTED_EDGE('',*,*,#2809,.F.);
#3655=ORIENTED_EDGE('',*,*,#2810,.T.);
#3656=ORIENTED_EDGE('',*,*,#2811,.T.);
#3657=ORIENTED_EDGE('',*,*,#2812,.T.);
#3658=ORIENTED_EDGE('',*,*,#2813,.T.);
#3659=ORIENTED_EDGE('',*,*,#2814,.T.);
#3660=ORIENTED_EDGE('',*,*,#2815,.T.);
#3661=ORIENTED_EDGE('',*,*,#2816,.T.);
#3662=ORIENTED_EDGE('',*,*,#2817,.T.);
#3663=ORIENTED_EDGE('',*,*,#2818,.T.);
#3664=ORIENTED_EDGE('',*,*,#2819,.T.);
#3665=ORIENTED_EDGE('',*,*,#2820,.T.);
#3666=ORIENTED_EDGE('',*,*,#2821,.T.);
#3667=ORIENTED_EDGE('',*,*,#2808,.F.);
#3668=ORIENTED_EDGE('',*,*,#2810,.F.);
#3669=ORIENTED_EDGE('',*,*,#2817,.F.);
#3670=ORIENTED_EDGE('',*,*,#2816,.F.);
#3671=ORIENTED_EDGE('',*,*,#2822,.T.);
#3672=ORIENTED_EDGE('',*,*,#2823,.T.);
#3673=ORIENTED_EDGE('',*,*,#2824,.T.);
#3674=ORIENTED_EDGE('',*,*,#2825,.T.);
#3675=ORIENTED_EDGE('',*,*,#2826,.T.);
#3676=ORIENTED_EDGE('',*,*,#2827,.T.);
#3677=ORIENTED_EDGE('',*,*,#2828,.F.);
#3678=ORIENTED_EDGE('',*,*,#2829,.F.);
#3679=ORIENTED_EDGE('',*,*,#2830,.F.);
#3680=ORIENTED_EDGE('',*,*,#2831,.F.);
#3681=ORIENTED_EDGE('',*,*,#2832,.F.);
#3682=ORIENTED_EDGE('',*,*,#2833,.F.);
#3683=ORIENTED_EDGE('',*,*,#2834,.F.);
#3684=ORIENTED_EDGE('',*,*,#2835,.F.);
#3685=ORIENTED_EDGE('',*,*,#2836,.F.);
#3686=ORIENTED_EDGE('',*,*,#2824,.F.);
#3687=ORIENTED_EDGE('',*,*,#2834,.T.);
#3688=ORIENTED_EDGE('',*,*,#2823,.F.);
#3689=ORIENTED_EDGE('',*,*,#2837,.T.);
#3690=ORIENTED_EDGE('',*,*,#2838,.F.);
#3691=ORIENTED_EDGE('',*,*,#2836,.T.);
#3692=ORIENTED_EDGE('',*,*,#2839,.F.);
#3693=ORIENTED_EDGE('',*,*,#2840,.T.);
#3694=ORIENTED_EDGE('',*,*,#2825,.F.);
#3695=ORIENTED_EDGE('',*,*,#2815,.F.);
#3696=ORIENTED_EDGE('',*,*,#2841,.F.);
#3697=ORIENTED_EDGE('',*,*,#2842,.F.);
#3698=ORIENTED_EDGE('',*,*,#2837,.F.);
#3699=ORIENTED_EDGE('',*,*,#2822,.F.);
#3700=ORIENTED_EDGE('',*,*,#2826,.F.);
#3701=ORIENTED_EDGE('',*,*,#2840,.F.);
#3702=ORIENTED_EDGE('',*,*,#2843,.F.);
#3703=ORIENTED_EDGE('',*,*,#2844,.F.);
#3704=ORIENTED_EDGE('',*,*,#2811,.F.);
#3705=ORIENTED_EDGE('',*,*,#2845,.T.);
#3706=ORIENTED_EDGE('',*,*,#2846,.F.);
#3707=ORIENTED_EDGE('',*,*,#2835,.T.);
#3708=ORIENTED_EDGE('',*,*,#2847,.T.);
#3709=ORIENTED_EDGE('',*,*,#2848,.T.);
#3710=ORIENTED_EDGE('',*,*,#2847,.F.);
#3711=ORIENTED_EDGE('',*,*,#2838,.T.);
#3712=ORIENTED_EDGE('',*,*,#2849,.T.);
#3713=ORIENTED_EDGE('',*,*,#2850,.T.);
#3714=ORIENTED_EDGE('',*,*,#2849,.F.);
#3715=ORIENTED_EDGE('',*,*,#2842,.T.);
#3716=ORIENTED_EDGE('',*,*,#2851,.T.);
#3717=ORIENTED_EDGE('',*,*,#2852,.T.);
#3718=ORIENTED_EDGE('',*,*,#2851,.F.);
#3719=ORIENTED_EDGE('',*,*,#2853,.T.);
#3720=ORIENTED_EDGE('',*,*,#2854,.T.);
#3721=ORIENTED_EDGE('',*,*,#2855,.T.);
#3722=ORIENTED_EDGE('',*,*,#2854,.F.);
#3723=ORIENTED_EDGE('',*,*,#2856,.T.);
#3724=ORIENTED_EDGE('',*,*,#2857,.T.);
#3725=ORIENTED_EDGE('',*,*,#2858,.T.);
#3726=ORIENTED_EDGE('',*,*,#2859,.F.);
#3727=ORIENTED_EDGE('',*,*,#2839,.T.);
#3728=ORIENTED_EDGE('',*,*,#2846,.T.);
#3729=ORIENTED_EDGE('',*,*,#2860,.T.);
#3730=ORIENTED_EDGE('',*,*,#2861,.F.);
#3731=ORIENTED_EDGE('',*,*,#2843,.T.);
#3732=ORIENTED_EDGE('',*,*,#2859,.T.);
#3733=ORIENTED_EDGE('',*,*,#2862,.T.);
#3734=ORIENTED_EDGE('',*,*,#2857,.F.);
#3735=ORIENTED_EDGE('',*,*,#2863,.T.);
#3736=ORIENTED_EDGE('',*,*,#2861,.T.);
#3737=ORIENTED_EDGE('',*,*,#2778,.F.);
#3738=ORIENTED_EDGE('',*,*,#2800,.F.);
#3739=ORIENTED_EDGE('',*,*,#2798,.F.);
#3740=ORIENTED_EDGE('',*,*,#2790,.F.);
#3741=ORIENTED_EDGE('',*,*,#2788,.F.);
#3742=ORIENTED_EDGE('',*,*,#2785,.F.);
#3743=ORIENTED_EDGE('',*,*,#2783,.F.);
#3744=ORIENTED_EDGE('',*,*,#2781,.F.);
#3745=ORIENTED_EDGE('',*,*,#2855,.F.);
#3746=ORIENTED_EDGE('',*,*,#2862,.F.);
#3747=ORIENTED_EDGE('',*,*,#2860,.F.);
#3748=ORIENTED_EDGE('',*,*,#2858,.F.);
#3749=ORIENTED_EDGE('',*,*,#2845,.F.);
#3750=ORIENTED_EDGE('',*,*,#2848,.F.);
#3751=ORIENTED_EDGE('',*,*,#2850,.F.);
#3752=ORIENTED_EDGE('',*,*,#2852,.F.);
#3753=ORIENTED_EDGE('',*,*,#2814,.F.);
#3754=ORIENTED_EDGE('',*,*,#2864,.T.);
#3755=ORIENTED_EDGE('',*,*,#2853,.F.);
#3756=ORIENTED_EDGE('',*,*,#2841,.T.);
#3757=ORIENTED_EDGE('',*,*,#2865,.F.);
#3758=ORIENTED_EDGE('',*,*,#2866,.F.);
#3759=ORIENTED_EDGE('',*,*,#2867,.T.);
#3760=ORIENTED_EDGE('',*,*,#2868,.T.);
#3761=ORIENTED_EDGE('',*,*,#2869,.F.);
#3762=ORIENTED_EDGE('',*,*,#2868,.F.);
#3763=ORIENTED_EDGE('',*,*,#2870,.T.);
#3764=ORIENTED_EDGE('',*,*,#2871,.T.);
#3765=ORIENTED_EDGE('',*,*,#2872,.F.);
#3766=ORIENTED_EDGE('',*,*,#2871,.F.);
#3767=ORIENTED_EDGE('',*,*,#2873,.T.);
#3768=ORIENTED_EDGE('',*,*,#2874,.T.);
#3769=ORIENTED_EDGE('',*,*,#2875,.F.);
#3770=ORIENTED_EDGE('',*,*,#2874,.F.);
#3771=ORIENTED_EDGE('',*,*,#2876,.T.);
#3772=ORIENTED_EDGE('',*,*,#2877,.T.);
#3773=ORIENTED_EDGE('',*,*,#2878,.F.);
#3774=ORIENTED_EDGE('',*,*,#2877,.F.);
#3775=ORIENTED_EDGE('',*,*,#2879,.T.);
#3776=ORIENTED_EDGE('',*,*,#2880,.T.);
#3777=ORIENTED_EDGE('',*,*,#2881,.F.);
#3778=ORIENTED_EDGE('',*,*,#2880,.F.);
#3779=ORIENTED_EDGE('',*,*,#2882,.T.);
#3780=ORIENTED_EDGE('',*,*,#2883,.T.);
#3781=ORIENTED_EDGE('',*,*,#2884,.F.);
#3782=ORIENTED_EDGE('',*,*,#2883,.F.);
#3783=ORIENTED_EDGE('',*,*,#2885,.T.);
#3784=ORIENTED_EDGE('',*,*,#2886,.T.);
#3785=ORIENTED_EDGE('',*,*,#2887,.F.);
#3786=ORIENTED_EDGE('',*,*,#2886,.F.);
#3787=ORIENTED_EDGE('',*,*,#2888,.T.);
#3788=ORIENTED_EDGE('',*,*,#2866,.T.);
#3789=ORIENTED_EDGE('',*,*,#2736,.F.);
#3790=ORIENTED_EDGE('',*,*,#2740,.F.);
#3791=ORIENTED_EDGE('',*,*,#2751,.F.);
#3792=ORIENTED_EDGE('',*,*,#2768,.F.);
#3793=ORIENTED_EDGE('',*,*,#2765,.F.);
#3794=ORIENTED_EDGE('',*,*,#2762,.F.);
#3795=ORIENTED_EDGE('',*,*,#2759,.F.);
#3796=ORIENTED_EDGE('',*,*,#2754,.F.);
#3797=ORIENTED_EDGE('',*,*,#2878,.T.);
#3798=ORIENTED_EDGE('',*,*,#2881,.T.);
#3799=ORIENTED_EDGE('',*,*,#2884,.T.);
#3800=ORIENTED_EDGE('',*,*,#2887,.T.);
#3801=ORIENTED_EDGE('',*,*,#2865,.T.);
#3802=ORIENTED_EDGE('',*,*,#2869,.T.);
#3803=ORIENTED_EDGE('',*,*,#2872,.T.);
#3804=ORIENTED_EDGE('',*,*,#2875,.T.);
#3805=ORIENTED_EDGE('',*,*,#2889,.F.);
#3806=ORIENTED_EDGE('',*,*,#2890,.T.);
#3807=ORIENTED_EDGE('',*,*,#2870,.F.);
#3808=ORIENTED_EDGE('',*,*,#2891,.T.);
#3809=ORIENTED_EDGE('',*,*,#2892,.F.);
#3810=ORIENTED_EDGE('',*,*,#2891,.F.);
#3811=ORIENTED_EDGE('',*,*,#2867,.F.);
#3812=ORIENTED_EDGE('',*,*,#2893,.F.);
#3813=ORIENTED_EDGE('',*,*,#2894,.F.);
#3814=ORIENTED_EDGE('',*,*,#2895,.F.);
#3815=ORIENTED_EDGE('',*,*,#2873,.F.);
#3816=ORIENTED_EDGE('',*,*,#2890,.F.);
#3817=ORIENTED_EDGE('',*,*,#2896,.F.);
#3818=ORIENTED_EDGE('',*,*,#2897,.T.);
#3819=ORIENTED_EDGE('',*,*,#2876,.F.);
#3820=ORIENTED_EDGE('',*,*,#2895,.T.);
#3821=ORIENTED_EDGE('',*,*,#2829,.T.);
#3822=ORIENTED_EDGE('',*,*,#2828,.T.);
#3823=ORIENTED_EDGE('',*,*,#2833,.T.);
#3824=ORIENTED_EDGE('',*,*,#2832,.T.);
#3825=ORIENTED_EDGE('',*,*,#2831,.T.);
#3826=ORIENTED_EDGE('',*,*,#2830,.T.);
#3827=ORIENTED_EDGE('',*,*,#2827,.F.);
#3828=ORIENTED_EDGE('',*,*,#2898,.T.);
#3829=ORIENTED_EDGE('',*,*,#2899,.F.);
#3830=ORIENTED_EDGE('',*,*,#2898,.F.);
#3831=ORIENTED_EDGE('',*,*,#2899,.T.);
#3832=ORIENTED_EDGE('',*,*,#2900,.F.);
#3833=ORIENTED_EDGE('',*,*,#2901,.T.);
#3834=ORIENTED_EDGE('',*,*,#2757,.T.);
#3835=ORIENTED_EDGE('',*,*,#2787,.T.);
#3836=ORIENTED_EDGE('',*,*,#2901,.F.);
#3837=ORIENTED_EDGE('',*,*,#2900,.T.);
#3838=ORIENTED_EDGE('',*,*,#2902,.F.);
#3839=ORIENTED_EDGE('',*,*,#2903,.F.);
#3840=ORIENTED_EDGE('',*,*,#2879,.F.);
#3841=ORIENTED_EDGE('',*,*,#2897,.F.);
#3842=ORIENTED_EDGE('',*,*,#2747,.T.);
#3843=ORIENTED_EDGE('',*,*,#2904,.F.);
#3844=ORIENTED_EDGE('',*,*,#2905,.T.);
#3845=ORIENTED_EDGE('',*,*,#2906,.T.);
#3846=ORIENTED_EDGE('',*,*,#2792,.T.);
#3847=ORIENTED_EDGE('',*,*,#2748,.T.);
#3848=ORIENTED_EDGE('',*,*,#2906,.F.);
#3849=ORIENTED_EDGE('',*,*,#2907,.T.);
#3850=ORIENTED_EDGE('',*,*,#2908,.T.);
#3851=ORIENTED_EDGE('',*,*,#2746,.T.);
#3852=ORIENTED_EDGE('',*,*,#2794,.T.);
#3853=ORIENTED_EDGE('',*,*,#2909,.F.);
#3854=ORIENTED_EDGE('',*,*,#2910,.T.);
#3855=ORIENTED_EDGE('',*,*,#2904,.T.);
#3856=ORIENTED_EDGE('',*,*,#2793,.T.);
#3857=ORIENTED_EDGE('',*,*,#2908,.F.);
#3858=ORIENTED_EDGE('',*,*,#2911,.T.);
#3859=ORIENTED_EDGE('',*,*,#2909,.T.);
#3860=ORIENTED_EDGE('',*,*,#2911,.F.);
#3861=ORIENTED_EDGE('',*,*,#2907,.F.);
#3862=ORIENTED_EDGE('',*,*,#2905,.F.);
#3863=ORIENTED_EDGE('',*,*,#2910,.F.);
#3864=ORIENTED_EDGE('',*,*,#2743,.T.);
#3865=ORIENTED_EDGE('',*,*,#2912,.F.);
#3866=ORIENTED_EDGE('',*,*,#2913,.T.);
#3867=ORIENTED_EDGE('',*,*,#2914,.T.);
#3868=ORIENTED_EDGE('',*,*,#2795,.T.);
#3869=ORIENTED_EDGE('',*,*,#2744,.T.);
#3870=ORIENTED_EDGE('',*,*,#2914,.F.);
#3871=ORIENTED_EDGE('',*,*,#2915,.T.);
#3872=ORIENTED_EDGE('',*,*,#2916,.T.);
#3873=ORIENTED_EDGE('',*,*,#2742,.T.);
#3874=ORIENTED_EDGE('',*,*,#2797,.T.);
#3875=ORIENTED_EDGE('',*,*,#2917,.F.);
#3876=ORIENTED_EDGE('',*,*,#2918,.T.);
#3877=ORIENTED_EDGE('',*,*,#2912,.T.);
#3878=ORIENTED_EDGE('',*,*,#2796,.T.);
#3879=ORIENTED_EDGE('',*,*,#2916,.F.);
#3880=ORIENTED_EDGE('',*,*,#2919,.T.);
#3881=ORIENTED_EDGE('',*,*,#2917,.T.);
#3882=ORIENTED_EDGE('',*,*,#2919,.F.);
#3883=ORIENTED_EDGE('',*,*,#2915,.F.);
#3884=ORIENTED_EDGE('',*,*,#2913,.F.);
#3885=ORIENTED_EDGE('',*,*,#2918,.F.);
#3886=ORIENTED_EDGE('',*,*,#2920,.T.);
#3887=ORIENTED_EDGE('',*,*,#2921,.T.);
#3888=ORIENTED_EDGE('',*,*,#2922,.F.);
#3889=ORIENTED_EDGE('',*,*,#2923,.F.);
#3890=ORIENTED_EDGE('',*,*,#2924,.T.);
#3891=ORIENTED_EDGE('',*,*,#2923,.T.);
#3892=ORIENTED_EDGE('',*,*,#2925,.F.);
#3893=ORIENTED_EDGE('',*,*,#2926,.F.);
#3894=ORIENTED_EDGE('',*,*,#2927,.T.);
#3895=ORIENTED_EDGE('',*,*,#2926,.T.);
#3896=ORIENTED_EDGE('',*,*,#2928,.F.);
#3897=ORIENTED_EDGE('',*,*,#2929,.F.);
#3898=ORIENTED_EDGE('',*,*,#2930,.T.);
#3899=ORIENTED_EDGE('',*,*,#2929,.T.);
#3900=ORIENTED_EDGE('',*,*,#2931,.F.);
#3901=ORIENTED_EDGE('',*,*,#2921,.F.);
#3902=ORIENTED_EDGE('',*,*,#2931,.T.);
#3903=ORIENTED_EDGE('',*,*,#2928,.T.);
#3904=ORIENTED_EDGE('',*,*,#2925,.T.);
#3905=ORIENTED_EDGE('',*,*,#2922,.T.);
#3906=ORIENTED_EDGE('',*,*,#2932,.T.);
#3907=ORIENTED_EDGE('',*,*,#2933,.T.);
#3908=ORIENTED_EDGE('',*,*,#2934,.F.);
#3909=ORIENTED_EDGE('',*,*,#2935,.F.);
#3910=ORIENTED_EDGE('',*,*,#2936,.T.);
#3911=ORIENTED_EDGE('',*,*,#2935,.T.);
#3912=ORIENTED_EDGE('',*,*,#2937,.F.);
#3913=ORIENTED_EDGE('',*,*,#2938,.F.);
#3914=ORIENTED_EDGE('',*,*,#2939,.T.);
#3915=ORIENTED_EDGE('',*,*,#2938,.T.);
#3916=ORIENTED_EDGE('',*,*,#2940,.F.);
#3917=ORIENTED_EDGE('',*,*,#2941,.F.);
#3918=ORIENTED_EDGE('',*,*,#2942,.T.);
#3919=ORIENTED_EDGE('',*,*,#2941,.T.);
#3920=ORIENTED_EDGE('',*,*,#2943,.F.);
#3921=ORIENTED_EDGE('',*,*,#2933,.F.);
#3922=ORIENTED_EDGE('',*,*,#2943,.T.);
#3923=ORIENTED_EDGE('',*,*,#2940,.T.);
#3924=ORIENTED_EDGE('',*,*,#2937,.T.);
#3925=ORIENTED_EDGE('',*,*,#2934,.T.);
#3926=ORIENTED_EDGE('',*,*,#2944,.T.);
#3927=ORIENTED_EDGE('',*,*,#2945,.T.);
#3928=ORIENTED_EDGE('',*,*,#2946,.F.);
#3929=ORIENTED_EDGE('',*,*,#2947,.F.);
#3930=ORIENTED_EDGE('',*,*,#2948,.T.);
#3931=ORIENTED_EDGE('',*,*,#2949,.T.);
#3932=ORIENTED_EDGE('',*,*,#2950,.T.);
#3933=ORIENTED_EDGE('',*,*,#2951,.F.);
#3934=ORIENTED_EDGE('',*,*,#2945,.F.);
#3935=ORIENTED_EDGE('',*,*,#2775,.T.);
#3936=ORIENTED_EDGE('',*,*,#2952,.T.);
#3937=ORIENTED_EDGE('',*,*,#2953,.F.);
#3938=ORIENTED_EDGE('',*,*,#2954,.F.);
#3939=ORIENTED_EDGE('',*,*,#2774,.T.);
#3940=ORIENTED_EDGE('',*,*,#2803,.T.);
#3941=ORIENTED_EDGE('',*,*,#2955,.T.);
#3942=ORIENTED_EDGE('',*,*,#2956,.F.);
#3943=ORIENTED_EDGE('',*,*,#2952,.F.);
#3944=ORIENTED_EDGE('',*,*,#2957,.T.);
#3945=ORIENTED_EDGE('',*,*,#2958,.T.);
#3946=ORIENTED_EDGE('',*,*,#2959,.F.);
#3947=ORIENTED_EDGE('',*,*,#2950,.F.);
#3948=ORIENTED_EDGE('',*,*,#2802,.T.);
#3949=ORIENTED_EDGE('',*,*,#2960,.T.);
#3950=ORIENTED_EDGE('',*,*,#2961,.F.);
#3951=ORIENTED_EDGE('',*,*,#2955,.F.);
#3952=ORIENTED_EDGE('',*,*,#2807,.F.);
#3953=ORIENTED_EDGE('',*,*,#2821,.F.);
#3954=ORIENTED_EDGE('',*,*,#2962,.T.);
#3955=ORIENTED_EDGE('',*,*,#2947,.T.);
#3956=ORIENTED_EDGE('',*,*,#2963,.F.);
#3957=ORIENTED_EDGE('',*,*,#2958,.F.);
#3958=ORIENTED_EDGE('',*,*,#2964,.T.);
#3959=ORIENTED_EDGE('',*,*,#2818,.F.);
#3960=ORIENTED_EDGE('',*,*,#2801,.T.);
#3961=ORIENTED_EDGE('',*,*,#2776,.T.);
#3962=ORIENTED_EDGE('',*,*,#2954,.T.);
#3963=ORIENTED_EDGE('',*,*,#2965,.F.);
#3964=ORIENTED_EDGE('',*,*,#2960,.F.);
#3965=ORIENTED_EDGE('',*,*,#2956,.T.);
#3966=ORIENTED_EDGE('',*,*,#2961,.T.);
#3967=ORIENTED_EDGE('',*,*,#2965,.T.);
#3968=ORIENTED_EDGE('',*,*,#2953,.T.);
#3969=ORIENTED_EDGE('',*,*,#2951,.T.);
#3970=ORIENTED_EDGE('',*,*,#2959,.T.);
#3971=ORIENTED_EDGE('',*,*,#2963,.T.);
#3972=ORIENTED_EDGE('',*,*,#2946,.T.);
#3973=ORIENTED_EDGE('',*,*,#2820,.F.);
#3974=ORIENTED_EDGE('',*,*,#2966,.T.);
#3975=ORIENTED_EDGE('',*,*,#2948,.F.);
#3976=ORIENTED_EDGE('',*,*,#2944,.F.);
#3977=ORIENTED_EDGE('',*,*,#2962,.F.);
#3978=ORIENTED_EDGE('',*,*,#2967,.T.);
#3979=ORIENTED_EDGE('',*,*,#2968,.T.);
#3980=ORIENTED_EDGE('',*,*,#2969,.T.);
#3981=ORIENTED_EDGE('',*,*,#2970,.F.);
#3982=ORIENTED_EDGE('',*,*,#2971,.T.);
#3983=ORIENTED_EDGE('',*,*,#2972,.T.);
#3984=ORIENTED_EDGE('',*,*,#2973,.T.);
#3985=ORIENTED_EDGE('',*,*,#2968,.F.);
#3986=ORIENTED_EDGE('',*,*,#2974,.T.);
#3987=ORIENTED_EDGE('',*,*,#2975,.T.);
#3988=ORIENTED_EDGE('',*,*,#2976,.T.);
#3989=ORIENTED_EDGE('',*,*,#2972,.F.);
#3990=ORIENTED_EDGE('',*,*,#2977,.T.);
#3991=ORIENTED_EDGE('',*,*,#2970,.T.);
#3992=ORIENTED_EDGE('',*,*,#2978,.T.);
#3993=ORIENTED_EDGE('',*,*,#2975,.F.);
#3994=ORIENTED_EDGE('',*,*,#2978,.F.);
#3995=ORIENTED_EDGE('',*,*,#2969,.F.);
#3996=ORIENTED_EDGE('',*,*,#2973,.F.);
#3997=ORIENTED_EDGE('',*,*,#2976,.F.);
#3998=ORIENTED_EDGE('',*,*,#2770,.T.);
#3999=ORIENTED_EDGE('',*,*,#2806,.T.);
#4000=ORIENTED_EDGE('',*,*,#2979,.T.);
#4001=ORIENTED_EDGE('',*,*,#2980,.F.);
#4002=ORIENTED_EDGE('',*,*,#2981,.F.);
#4003=ORIENTED_EDGE('',*,*,#2805,.T.);
#4004=ORIENTED_EDGE('',*,*,#2982,.T.);
#4005=ORIENTED_EDGE('',*,*,#2983,.F.);
#4006=ORIENTED_EDGE('',*,*,#2979,.F.);
#4007=ORIENTED_EDGE('',*,*,#2771,.T.);
#4008=ORIENTED_EDGE('',*,*,#2981,.T.);
#4009=ORIENTED_EDGE('',*,*,#2984,.F.);
#4010=ORIENTED_EDGE('',*,*,#2985,.F.);
#4011=ORIENTED_EDGE('',*,*,#2804,.T.);
#4012=ORIENTED_EDGE('',*,*,#2772,.T.);
#4013=ORIENTED_EDGE('',*,*,#2985,.T.);
#4014=ORIENTED_EDGE('',*,*,#2986,.F.);
#4015=ORIENTED_EDGE('',*,*,#2982,.F.);
#4016=ORIENTED_EDGE('',*,*,#2983,.T.);
#4017=ORIENTED_EDGE('',*,*,#2986,.T.);
#4018=ORIENTED_EDGE('',*,*,#2984,.T.);
#4019=ORIENTED_EDGE('',*,*,#2980,.T.);
#4020=ORIENTED_EDGE('',*,*,#2967,.F.);
#4021=ORIENTED_EDGE('',*,*,#2977,.F.);
#4022=ORIENTED_EDGE('',*,*,#2974,.F.);
#4023=ORIENTED_EDGE('',*,*,#2971,.F.);
#4024=ORIENTED_EDGE('',*,*,#2964,.F.);
#4025=ORIENTED_EDGE('',*,*,#2957,.F.);
#4026=ORIENTED_EDGE('',*,*,#2949,.F.);
#4027=ORIENTED_EDGE('',*,*,#2966,.F.);
#4028=ORIENTED_EDGE('',*,*,#2819,.F.);
#4029=ORIENTED_EDGE('',*,*,#2987,.F.);
#4030=ORIENTED_EDGE('',*,*,#2893,.T.);
#4031=ORIENTED_EDGE('',*,*,#2888,.F.);
#4032=ORIENTED_EDGE('',*,*,#2988,.T.);
#4033=ORIENTED_EDGE('',*,*,#2989,.F.);
#4034=ORIENTED_EDGE('',*,*,#2990,.T.);
#4035=ORIENTED_EDGE('',*,*,#2882,.F.);
#4036=ORIENTED_EDGE('',*,*,#2903,.T.);
#4037=ORIENTED_EDGE('',*,*,#2991,.F.);
#4038=ORIENTED_EDGE('',*,*,#2988,.F.);
#4039=ORIENTED_EDGE('',*,*,#2885,.F.);
#4040=ORIENTED_EDGE('',*,*,#2990,.F.);
#4041=ORIENTED_EDGE('',*,*,#2812,.F.);
#4042=ORIENTED_EDGE('',*,*,#2844,.T.);
#4043=ORIENTED_EDGE('',*,*,#2863,.F.);
#4044=ORIENTED_EDGE('',*,*,#2992,.T.);
#4045=ORIENTED_EDGE('',*,*,#2813,.F.);
#4046=ORIENTED_EDGE('',*,*,#2992,.F.);
#4047=ORIENTED_EDGE('',*,*,#2856,.F.);
#4048=ORIENTED_EDGE('',*,*,#2864,.F.);
#4049=ORIENTED_EDGE('',*,*,#2896,.T.);
#4050=ORIENTED_EDGE('',*,*,#2894,.T.);
#4051=ORIENTED_EDGE('',*,*,#2889,.T.);
#4052=ORIENTED_EDGE('',*,*,#2892,.T.);
#4053=ORIENTED_EDGE('',*,*,#2987,.T.);
#4054=ORIENTED_EDGE('',*,*,#2991,.T.);
#4055=ORIENTED_EDGE('',*,*,#2989,.T.);
#4056=ORIENTED_EDGE('',*,*,#2902,.T.);
#4057=ORIENTED_EDGE('',*,*,#2920,.F.);
#4058=ORIENTED_EDGE('',*,*,#2924,.F.);
#4059=ORIENTED_EDGE('',*,*,#2927,.F.);
#4060=ORIENTED_EDGE('',*,*,#2930,.F.);
#4061=ORIENTED_EDGE('',*,*,#2932,.F.);
#4062=ORIENTED_EDGE('',*,*,#2936,.F.);
#4063=ORIENTED_EDGE('',*,*,#2939,.F.);
#4064=ORIENTED_EDGE('',*,*,#2942,.F.);
#4065=ORIENTED_EDGE('',*,*,#2993,.T.);
#4066=ORIENTED_EDGE('',*,*,#2994,.T.);
#4067=ORIENTED_EDGE('',*,*,#2995,.T.);
#4068=ORIENTED_EDGE('',*,*,#2996,.F.);
#4069=ORIENTED_EDGE('',*,*,#2997,.F.);
#4070=ORIENTED_EDGE('',*,*,#2998,.F.);
#4071=ORIENTED_EDGE('',*,*,#2999,.F.);
#4072=ORIENTED_EDGE('',*,*,#3000,.F.);
#4073=ORIENTED_EDGE('',*,*,#3001,.F.);
#4074=ORIENTED_EDGE('',*,*,#3002,.F.);
#4075=ORIENTED_EDGE('',*,*,#3003,.F.);
#4076=ORIENTED_EDGE('',*,*,#3004,.F.);
#4077=ORIENTED_EDGE('',*,*,#3005,.F.);
#4078=ORIENTED_EDGE('',*,*,#3006,.F.);
#4079=ORIENTED_EDGE('',*,*,#3007,.F.);
#4080=ORIENTED_EDGE('',*,*,#3008,.T.);
#4081=ORIENTED_EDGE('',*,*,#3009,.T.);
#4082=ORIENTED_EDGE('',*,*,#3010,.T.);
#4083=ORIENTED_EDGE('',*,*,#2998,.T.);
#4084=ORIENTED_EDGE('',*,*,#3011,.F.);
#4085=ORIENTED_EDGE('',*,*,#2999,.T.);
#4086=ORIENTED_EDGE('',*,*,#3010,.F.);
#4087=ORIENTED_EDGE('',*,*,#3012,.T.);
#4088=ORIENTED_EDGE('',*,*,#3013,.F.);
#4089=ORIENTED_EDGE('',*,*,#3014,.T.);
#4090=ORIENTED_EDGE('',*,*,#3008,.F.);
#4091=ORIENTED_EDGE('',*,*,#2997,.T.);
#4092=ORIENTED_EDGE('',*,*,#3000,.T.);
#4093=ORIENTED_EDGE('',*,*,#3011,.T.);
#4094=ORIENTED_EDGE('',*,*,#3015,.T.);
#4095=ORIENTED_EDGE('',*,*,#3016,.T.);
#4096=ORIENTED_EDGE('',*,*,#3017,.T.);
#4097=ORIENTED_EDGE('',*,*,#3018,.T.);
#4098=ORIENTED_EDGE('',*,*,#3019,.T.);
#4099=ORIENTED_EDGE('',*,*,#3020,.T.);
#4100=ORIENTED_EDGE('',*,*,#3013,.T.);
#4101=ORIENTED_EDGE('',*,*,#2996,.T.);
#4102=ORIENTED_EDGE('',*,*,#3002,.T.);
#4103=ORIENTED_EDGE('',*,*,#3007,.T.);
#4104=ORIENTED_EDGE('',*,*,#3006,.T.);
#4105=ORIENTED_EDGE('',*,*,#3005,.T.);
#4106=ORIENTED_EDGE('',*,*,#3004,.T.);
#4107=ORIENTED_EDGE('',*,*,#3003,.T.);
#4108=ORIENTED_EDGE('',*,*,#3009,.F.);
#4109=ORIENTED_EDGE('',*,*,#3021,.T.);
#4110=ORIENTED_EDGE('',*,*,#3022,.F.);
#4111=ORIENTED_EDGE('',*,*,#3023,.F.);
#4112=ORIENTED_EDGE('',*,*,#3012,.F.);
#4113=ORIENTED_EDGE('',*,*,#3023,.T.);
#4114=ORIENTED_EDGE('',*,*,#3024,.F.);
#4115=ORIENTED_EDGE('',*,*,#3025,.F.);
#4116=ORIENTED_EDGE('',*,*,#3015,.F.);
#4117=ORIENTED_EDGE('',*,*,#3025,.T.);
#4118=ORIENTED_EDGE('',*,*,#3026,.F.);
#4119=ORIENTED_EDGE('',*,*,#3027,.F.);
#4120=ORIENTED_EDGE('',*,*,#3028,.F.);
#4121=ORIENTED_EDGE('',*,*,#3027,.T.);
#4122=ORIENTED_EDGE('',*,*,#3029,.F.);
#4123=ORIENTED_EDGE('',*,*,#3030,.F.);
#4124=ORIENTED_EDGE('',*,*,#3031,.F.);
#4125=ORIENTED_EDGE('',*,*,#3032,.T.);
#4126=ORIENTED_EDGE('',*,*,#3033,.F.);
#4127=ORIENTED_EDGE('',*,*,#3034,.F.);
#4128=ORIENTED_EDGE('',*,*,#3035,.F.);
#4129=ORIENTED_EDGE('',*,*,#3034,.T.);
#4130=ORIENTED_EDGE('',*,*,#3036,.F.);
#4131=ORIENTED_EDGE('',*,*,#3037,.F.);
#4132=ORIENTED_EDGE('',*,*,#3038,.F.);
#4133=ORIENTED_EDGE('',*,*,#3037,.T.);
#4134=ORIENTED_EDGE('',*,*,#3039,.F.);
#4135=ORIENTED_EDGE('',*,*,#3040,.F.);
#4136=ORIENTED_EDGE('',*,*,#3041,.F.);
#4137=ORIENTED_EDGE('',*,*,#3040,.T.);
#4138=ORIENTED_EDGE('',*,*,#3042,.F.);
#4139=ORIENTED_EDGE('',*,*,#3043,.F.);
#4140=ORIENTED_EDGE('',*,*,#3044,.F.);
#4141=ORIENTED_EDGE('',*,*,#3030,.T.);
#4142=ORIENTED_EDGE('',*,*,#3045,.F.);
#4143=ORIENTED_EDGE('',*,*,#3046,.F.);
#4144=ORIENTED_EDGE('',*,*,#3014,.F.);
#4145=ORIENTED_EDGE('',*,*,#3047,.T.);
#4146=ORIENTED_EDGE('',*,*,#3048,.F.);
#4147=ORIENTED_EDGE('',*,*,#3021,.F.);
#4148=ORIENTED_EDGE('',*,*,#3020,.F.);
#4149=ORIENTED_EDGE('',*,*,#3049,.T.);
#4150=ORIENTED_EDGE('',*,*,#3050,.F.);
#4151=ORIENTED_EDGE('',*,*,#3047,.F.);
#4152=ORIENTED_EDGE('',*,*,#3051,.F.);
#4153=ORIENTED_EDGE('',*,*,#3046,.T.);
#4154=ORIENTED_EDGE('',*,*,#3052,.F.);
#4155=ORIENTED_EDGE('',*,*,#3049,.F.);
#4156=ORIENTED_EDGE('',*,*,#3053,.F.);
#4157=ORIENTED_EDGE('',*,*,#3043,.T.);
#4158=ORIENTED_EDGE('',*,*,#3054,.F.);
#4159=ORIENTED_EDGE('',*,*,#3055,.F.);
#4160=ORIENTED_EDGE('',*,*,#3056,.F.);
#4161=ORIENTED_EDGE('',*,*,#3055,.T.);
#4162=ORIENTED_EDGE('',*,*,#3057,.F.);
#4163=ORIENTED_EDGE('',*,*,#3058,.F.);
#4164=ORIENTED_EDGE('',*,*,#3059,.F.);
#4165=ORIENTED_EDGE('',*,*,#3058,.T.);
#4166=ORIENTED_EDGE('',*,*,#3060,.F.);
#4167=ORIENTED_EDGE('',*,*,#3061,.F.);
#4168=ORIENTED_EDGE('',*,*,#3062,.F.);
#4169=ORIENTED_EDGE('',*,*,#3061,.T.);
#4170=ORIENTED_EDGE('',*,*,#3063,.F.);
#4171=ORIENTED_EDGE('',*,*,#3032,.F.);
#4172=ORIENTED_EDGE('',*,*,#3042,.T.);
#4173=ORIENTED_EDGE('',*,*,#3039,.T.);
#4174=ORIENTED_EDGE('',*,*,#3036,.T.);
#4175=ORIENTED_EDGE('',*,*,#3033,.T.);
#4176=ORIENTED_EDGE('',*,*,#3063,.T.);
#4177=ORIENTED_EDGE('',*,*,#3060,.T.);
#4178=ORIENTED_EDGE('',*,*,#3057,.T.);
#4179=ORIENTED_EDGE('',*,*,#3054,.T.);
#4180=ORIENTED_EDGE('',*,*,#3045,.T.);
#4181=ORIENTED_EDGE('',*,*,#3029,.T.);
#4182=ORIENTED_EDGE('',*,*,#3026,.T.);
#4183=ORIENTED_EDGE('',*,*,#3024,.T.);
#4184=ORIENTED_EDGE('',*,*,#3022,.T.);
#4185=ORIENTED_EDGE('',*,*,#3048,.T.);
#4186=ORIENTED_EDGE('',*,*,#3050,.T.);
#4187=ORIENTED_EDGE('',*,*,#3052,.T.);
#4188=ORIENTED_EDGE('',*,*,#3031,.T.);
#4189=ORIENTED_EDGE('',*,*,#3064,.T.);
#4190=ORIENTED_EDGE('',*,*,#3065,.F.);
#4191=ORIENTED_EDGE('',*,*,#3066,.T.);
#4192=ORIENTED_EDGE('',*,*,#3067,.T.);
#4193=ORIENTED_EDGE('',*,*,#3068,.T.);
#4194=ORIENTED_EDGE('',*,*,#3069,.F.);
#4195=ORIENTED_EDGE('',*,*,#3070,.T.);
#4196=ORIENTED_EDGE('',*,*,#3071,.T.);
#4197=ORIENTED_EDGE('',*,*,#3072,.T.);
#4198=ORIENTED_EDGE('',*,*,#3073,.T.);
#4199=ORIENTED_EDGE('',*,*,#3074,.T.);
#4200=ORIENTED_EDGE('',*,*,#3062,.T.);
#4201=ORIENTED_EDGE('',*,*,#3074,.F.);
#4202=ORIENTED_EDGE('',*,*,#3075,.T.);
#4203=ORIENTED_EDGE('',*,*,#3076,.F.);
#4204=ORIENTED_EDGE('',*,*,#3035,.T.);
#4205=ORIENTED_EDGE('',*,*,#3077,.F.);
#4206=ORIENTED_EDGE('',*,*,#3078,.F.);
#4207=ORIENTED_EDGE('',*,*,#3064,.F.);
#4208=ORIENTED_EDGE('',*,*,#3059,.T.);
#4209=ORIENTED_EDGE('',*,*,#3076,.T.);
#4210=ORIENTED_EDGE('',*,*,#3079,.T.);
#4211=ORIENTED_EDGE('',*,*,#3080,.T.);
#4212=ORIENTED_EDGE('',*,*,#3038,.T.);
#4213=ORIENTED_EDGE('',*,*,#3081,.T.);
#4214=ORIENTED_EDGE('',*,*,#3082,.F.);
#4215=ORIENTED_EDGE('',*,*,#3083,.T.);
#4216=ORIENTED_EDGE('',*,*,#3084,.T.);
#4217=ORIENTED_EDGE('',*,*,#3085,.T.);
#4218=ORIENTED_EDGE('',*,*,#3086,.F.);
#4219=ORIENTED_EDGE('',*,*,#3087,.T.);
#4220=ORIENTED_EDGE('',*,*,#3088,.T.);
#4221=ORIENTED_EDGE('',*,*,#3089,.T.);
#4222=ORIENTED_EDGE('',*,*,#3090,.T.);
#4223=ORIENTED_EDGE('',*,*,#3077,.T.);
#4224=ORIENTED_EDGE('',*,*,#3056,.T.);
#4225=ORIENTED_EDGE('',*,*,#3080,.F.);
#4226=ORIENTED_EDGE('',*,*,#3091,.T.);
#4227=ORIENTED_EDGE('',*,*,#3092,.F.);
#4228=ORIENTED_EDGE('',*,*,#3028,.T.);
#4229=ORIENTED_EDGE('',*,*,#3093,.F.);
#4230=ORIENTED_EDGE('',*,*,#3094,.T.);
#4231=ORIENTED_EDGE('',*,*,#3016,.F.);
#4232=ORIENTED_EDGE('',*,*,#3041,.T.);
#4233=ORIENTED_EDGE('',*,*,#3095,.F.);
#4234=ORIENTED_EDGE('',*,*,#3096,.T.);
#4235=ORIENTED_EDGE('',*,*,#3081,.F.);
#4236=ORIENTED_EDGE('',*,*,#3097,.F.);
#4237=ORIENTED_EDGE('',*,*,#3095,.T.);
#4238=ORIENTED_EDGE('',*,*,#3053,.T.);
#4239=ORIENTED_EDGE('',*,*,#3092,.T.);
#4240=ORIENTED_EDGE('',*,*,#3098,.F.);
#4241=ORIENTED_EDGE('',*,*,#3099,.T.);
#4242=ORIENTED_EDGE('',*,*,#3100,.F.);
#4243=ORIENTED_EDGE('',*,*,#3101,.T.);
#4244=ORIENTED_EDGE('',*,*,#3102,.T.);
#4245=ORIENTED_EDGE('',*,*,#3103,.F.);
#4246=ORIENTED_EDGE('',*,*,#3104,.F.);
#4247=ORIENTED_EDGE('',*,*,#3103,.T.);
#4248=ORIENTED_EDGE('',*,*,#3105,.T.);
#4249=ORIENTED_EDGE('',*,*,#3106,.F.);
#4250=ORIENTED_EDGE('',*,*,#3107,.F.);
#4251=ORIENTED_EDGE('',*,*,#3106,.T.);
#4252=ORIENTED_EDGE('',*,*,#3108,.T.);
#4253=ORIENTED_EDGE('',*,*,#3109,.F.);
#4254=ORIENTED_EDGE('',*,*,#3110,.F.);
#4255=ORIENTED_EDGE('',*,*,#3109,.T.);
#4256=ORIENTED_EDGE('',*,*,#3111,.T.);
#4257=ORIENTED_EDGE('',*,*,#3112,.F.);
#4258=ORIENTED_EDGE('',*,*,#3113,.F.);
#4259=ORIENTED_EDGE('',*,*,#3114,.T.);
#4260=ORIENTED_EDGE('',*,*,#3115,.T.);
#4261=ORIENTED_EDGE('',*,*,#3116,.F.);
#4262=ORIENTED_EDGE('',*,*,#3117,.F.);
#4263=ORIENTED_EDGE('',*,*,#3116,.T.);
#4264=ORIENTED_EDGE('',*,*,#3118,.T.);
#4265=ORIENTED_EDGE('',*,*,#3119,.F.);
#4266=ORIENTED_EDGE('',*,*,#3120,.F.);
#4267=ORIENTED_EDGE('',*,*,#3119,.T.);
#4268=ORIENTED_EDGE('',*,*,#3121,.T.);
#4269=ORIENTED_EDGE('',*,*,#3122,.F.);
#4270=ORIENTED_EDGE('',*,*,#3123,.F.);
#4271=ORIENTED_EDGE('',*,*,#3122,.T.);
#4272=ORIENTED_EDGE('',*,*,#3124,.T.);
#4273=ORIENTED_EDGE('',*,*,#3125,.F.);
#4274=ORIENTED_EDGE('',*,*,#3126,.F.);
#4275=ORIENTED_EDGE('',*,*,#3112,.T.);
#4276=ORIENTED_EDGE('',*,*,#3127,.T.);
#4277=ORIENTED_EDGE('',*,*,#3128,.F.);
#4278=ORIENTED_EDGE('',*,*,#3129,.F.);
#4279=ORIENTED_EDGE('',*,*,#3128,.T.);
#4280=ORIENTED_EDGE('',*,*,#3130,.T.);
#4281=ORIENTED_EDGE('',*,*,#3131,.F.);
#4282=ORIENTED_EDGE('',*,*,#3132,.F.);
#4283=ORIENTED_EDGE('',*,*,#3131,.T.);
#4284=ORIENTED_EDGE('',*,*,#3133,.T.);
#4285=ORIENTED_EDGE('',*,*,#3134,.F.);
#4286=ORIENTED_EDGE('',*,*,#3135,.F.);
#4287=ORIENTED_EDGE('',*,*,#3134,.T.);
#4288=ORIENTED_EDGE('',*,*,#3136,.T.);
#4289=ORIENTED_EDGE('',*,*,#3101,.F.);
#4290=ORIENTED_EDGE('',*,*,#3137,.F.);
#4291=ORIENTED_EDGE('',*,*,#3125,.T.);
#4292=ORIENTED_EDGE('',*,*,#3138,.T.);
#4293=ORIENTED_EDGE('',*,*,#3139,.F.);
#4294=ORIENTED_EDGE('',*,*,#3140,.F.);
#4295=ORIENTED_EDGE('',*,*,#3141,.T.);
#4296=ORIENTED_EDGE('',*,*,#3142,.T.);
#4297=ORIENTED_EDGE('',*,*,#3114,.F.);
#4298=ORIENTED_EDGE('',*,*,#3143,.F.);
#4299=ORIENTED_EDGE('',*,*,#3144,.T.);
#4300=ORIENTED_EDGE('',*,*,#3145,.T.);
#4301=ORIENTED_EDGE('',*,*,#3141,.F.);
#4302=ORIENTED_EDGE('',*,*,#3146,.F.);
#4303=ORIENTED_EDGE('',*,*,#3139,.T.);
#4304=ORIENTED_EDGE('',*,*,#3147,.T.);
#4305=ORIENTED_EDGE('',*,*,#3144,.F.);
#4306=ORIENTED_EDGE('',*,*,#3147,.F.);
#4307=ORIENTED_EDGE('',*,*,#3138,.F.);
#4308=ORIENTED_EDGE('',*,*,#3124,.F.);
#4309=ORIENTED_EDGE('',*,*,#3121,.F.);
#4310=ORIENTED_EDGE('',*,*,#3118,.F.);
#4311=ORIENTED_EDGE('',*,*,#3115,.F.);
#4312=ORIENTED_EDGE('',*,*,#3142,.F.);
#4313=ORIENTED_EDGE('',*,*,#3145,.F.);
#4314=ORIENTED_EDGE('',*,*,#3127,.F.);
#4315=ORIENTED_EDGE('',*,*,#3111,.F.);
#4316=ORIENTED_EDGE('',*,*,#3108,.F.);
#4317=ORIENTED_EDGE('',*,*,#3105,.F.);
#4318=ORIENTED_EDGE('',*,*,#3102,.F.);
#4319=ORIENTED_EDGE('',*,*,#3136,.F.);
#4320=ORIENTED_EDGE('',*,*,#3133,.F.);
#4321=ORIENTED_EDGE('',*,*,#3130,.F.);
#4322=ORIENTED_EDGE('',*,*,#3140,.T.);
#4323=ORIENTED_EDGE('',*,*,#3148,.F.);
#4324=ORIENTED_EDGE('',*,*,#3078,.T.);
#4325=ORIENTED_EDGE('',*,*,#3149,.F.);
#4326=ORIENTED_EDGE('',*,*,#3104,.T.);
#4327=ORIENTED_EDGE('',*,*,#3150,.F.);
#4328=ORIENTED_EDGE('',*,*,#2730,.T.);
#4329=ORIENTED_EDGE('',*,*,#3151,.F.);
#4330=ORIENTED_EDGE('',*,*,#3113,.T.);
#4331=ORIENTED_EDGE('',*,*,#3152,.T.);
#4332=ORIENTED_EDGE('',*,*,#3073,.F.);
#4333=ORIENTED_EDGE('',*,*,#3153,.T.);
#4334=ORIENTED_EDGE('',*,*,#3154,.T.);
#4335=ORIENTED_EDGE('',*,*,#3155,.T.);
#4336=ORIENTED_EDGE('',*,*,#3069,.T.);
#4337=ORIENTED_EDGE('',*,*,#3156,.T.);
#4338=ORIENTED_EDGE('',*,*,#3157,.T.);
#4339=ORIENTED_EDGE('',*,*,#3158,.T.);
#4340=ORIENTED_EDGE('',*,*,#3065,.T.);
#4341=ORIENTED_EDGE('',*,*,#3148,.T.);
#4342=ORIENTED_EDGE('',*,*,#3100,.T.);
#4343=ORIENTED_EDGE('',*,*,#3151,.T.);
#4344=ORIENTED_EDGE('',*,*,#2729,.T.);
#4345=ORIENTED_EDGE('',*,*,#3159,.T.);
#4346=ORIENTED_EDGE('',*,*,#3117,.T.);
#4347=ORIENTED_EDGE('',*,*,#3160,.F.);
#4348=ORIENTED_EDGE('',*,*,#3075,.F.);
#4349=ORIENTED_EDGE('',*,*,#3152,.F.);
#4350=ORIENTED_EDGE('',*,*,#3143,.T.);
#4351=ORIENTED_EDGE('',*,*,#3149,.T.);
#4352=ORIENTED_EDGE('',*,*,#3090,.F.);
#4353=ORIENTED_EDGE('',*,*,#3161,.T.);
#4354=ORIENTED_EDGE('',*,*,#3162,.T.);
#4355=ORIENTED_EDGE('',*,*,#3163,.T.);
#4356=ORIENTED_EDGE('',*,*,#3086,.T.);
#4357=ORIENTED_EDGE('',*,*,#3164,.T.);
#4358=ORIENTED_EDGE('',*,*,#3165,.T.);
#4359=ORIENTED_EDGE('',*,*,#3166,.T.);
#4360=ORIENTED_EDGE('',*,*,#3082,.T.);
#4361=ORIENTED_EDGE('',*,*,#3167,.T.);
#4362=ORIENTED_EDGE('',*,*,#3107,.T.);
#4363=ORIENTED_EDGE('',*,*,#3168,.T.);
#4364=ORIENTED_EDGE('',*,*,#2713,.T.);
#4365=ORIENTED_EDGE('',*,*,#3169,.T.);
#4366=ORIENTED_EDGE('',*,*,#2731,.T.);
#4367=ORIENTED_EDGE('',*,*,#3150,.T.);
#4368=ORIENTED_EDGE('',*,*,#3120,.T.);
#4369=ORIENTED_EDGE('',*,*,#3170,.T.);
#4370=ORIENTED_EDGE('',*,*,#3079,.F.);
#4371=ORIENTED_EDGE('',*,*,#3160,.T.);
#4372=ORIENTED_EDGE('',*,*,#3146,.T.);
#4373=ORIENTED_EDGE('',*,*,#3167,.F.);
#4374=ORIENTED_EDGE('',*,*,#3096,.F.);
#4375=ORIENTED_EDGE('',*,*,#3171,.F.);
#4376=ORIENTED_EDGE('',*,*,#3110,.T.);
#4377=ORIENTED_EDGE('',*,*,#3172,.F.);
#4378=ORIENTED_EDGE('',*,*,#2714,.T.);
#4379=ORIENTED_EDGE('',*,*,#3168,.F.);
#4380=ORIENTED_EDGE('',*,*,#3123,.T.);
#4381=ORIENTED_EDGE('',*,*,#3173,.F.);
#4382=ORIENTED_EDGE('',*,*,#3091,.F.);
#4383=ORIENTED_EDGE('',*,*,#3170,.F.);
#4384=ORIENTED_EDGE('',*,*,#3137,.T.);
#4385=ORIENTED_EDGE('',*,*,#3171,.T.);
#4386=ORIENTED_EDGE('',*,*,#3097,.T.);
#4387=ORIENTED_EDGE('',*,*,#3174,.T.);
#4388=ORIENTED_EDGE('',*,*,#3098,.T.);
#4389=ORIENTED_EDGE('',*,*,#3173,.T.);
#4390=ORIENTED_EDGE('',*,*,#3175,.F.);
#4391=ORIENTED_EDGE('',*,*,#3176,.T.);
#4392=ORIENTED_EDGE('',*,*,#3177,.F.);
#4393=ORIENTED_EDGE('',*,*,#3176,.F.);
#4394=ORIENTED_EDGE('',*,*,#3178,.F.);
#4395=ORIENTED_EDGE('',*,*,#3179,.T.);
#4396=ORIENTED_EDGE('',*,*,#3180,.F.);
#4397=ORIENTED_EDGE('',*,*,#3179,.F.);
#4398=ORIENTED_EDGE('',*,*,#3178,.T.);
#4399=ORIENTED_EDGE('',*,*,#3177,.T.);
#4400=ORIENTED_EDGE('',*,*,#2993,.F.);
#4401=ORIENTED_EDGE('',*,*,#3017,.F.);
#4402=ORIENTED_EDGE('',*,*,#3094,.F.);
#4403=ORIENTED_EDGE('',*,*,#3181,.F.);
#4404=ORIENTED_EDGE('',*,*,#3182,.F.);
#4405=ORIENTED_EDGE('',*,*,#3018,.F.);
#4406=ORIENTED_EDGE('',*,*,#2995,.F.);
#4407=ORIENTED_EDGE('',*,*,#2994,.F.);
#4408=ORIENTED_EDGE('',*,*,#2710,.T.);
#4409=ORIENTED_EDGE('',*,*,#2711,.T.);
#4410=ORIENTED_EDGE('',*,*,#3180,.T.);
#4411=ORIENTED_EDGE('',*,*,#3183,.T.);
#4412=ORIENTED_EDGE('',*,*,#3184,.T.);
#4413=ORIENTED_EDGE('',*,*,#3001,.T.);
#4414=ORIENTED_EDGE('',*,*,#3184,.F.);
#4415=ORIENTED_EDGE('',*,*,#3175,.T.);
#4416=ORIENTED_EDGE('',*,*,#2709,.T.);
#4417=ORIENTED_EDGE('',*,*,#3183,.F.);
#4418=ORIENTED_EDGE('',*,*,#3185,.T.);
#4419=ORIENTED_EDGE('',*,*,#3186,.T.);
#4420=ORIENTED_EDGE('',*,*,#3185,.F.);
#4421=ORIENTED_EDGE('',*,*,#3099,.F.);
#4422=ORIENTED_EDGE('',*,*,#3174,.F.);
#4423=ORIENTED_EDGE('',*,*,#3186,.F.);
#4424=ORIENTED_EDGE('',*,*,#3126,.T.);
#4425=ORIENTED_EDGE('',*,*,#3187,.T.);
#4426=ORIENTED_EDGE('',*,*,#2715,.T.);
#4427=ORIENTED_EDGE('',*,*,#3172,.T.);
#4428=ORIENTED_EDGE('',*,*,#3162,.F.);
#4429=ORIENTED_EDGE('',*,*,#3188,.F.);
#4430=ORIENTED_EDGE('',*,*,#3189,.F.);
#4431=ORIENTED_EDGE('',*,*,#3190,.T.);
#4432=ORIENTED_EDGE('',*,*,#3089,.F.);
#4433=ORIENTED_EDGE('',*,*,#3191,.F.);
#4434=ORIENTED_EDGE('',*,*,#3192,.F.);
#4435=ORIENTED_EDGE('',*,*,#3188,.T.);
#4436=ORIENTED_EDGE('',*,*,#3161,.F.);
#4437=ORIENTED_EDGE('',*,*,#3163,.F.);
#4438=ORIENTED_EDGE('',*,*,#3190,.F.);
#4439=ORIENTED_EDGE('',*,*,#3193,.F.);
#4440=ORIENTED_EDGE('',*,*,#3194,.T.);
#4441=ORIENTED_EDGE('',*,*,#3087,.F.);
#4442=ORIENTED_EDGE('',*,*,#3088,.F.);
#4443=ORIENTED_EDGE('',*,*,#3194,.F.);
#4444=ORIENTED_EDGE('',*,*,#3195,.F.);
#4445=ORIENTED_EDGE('',*,*,#3191,.T.);
#4446=ORIENTED_EDGE('',*,*,#3195,.T.);
#4447=ORIENTED_EDGE('',*,*,#3193,.T.);
#4448=ORIENTED_EDGE('',*,*,#3189,.T.);
#4449=ORIENTED_EDGE('',*,*,#3192,.T.);
#4450=ORIENTED_EDGE('',*,*,#3165,.F.);
#4451=ORIENTED_EDGE('',*,*,#3196,.F.);
#4452=ORIENTED_EDGE('',*,*,#3197,.F.);
#4453=ORIENTED_EDGE('',*,*,#3198,.T.);
#4454=ORIENTED_EDGE('',*,*,#3085,.F.);
#4455=ORIENTED_EDGE('',*,*,#3199,.F.);
#4456=ORIENTED_EDGE('',*,*,#3200,.F.);
#4457=ORIENTED_EDGE('',*,*,#3196,.T.);
#4458=ORIENTED_EDGE('',*,*,#3164,.F.);
#4459=ORIENTED_EDGE('',*,*,#3166,.F.);
#4460=ORIENTED_EDGE('',*,*,#3198,.F.);
#4461=ORIENTED_EDGE('',*,*,#3201,.F.);
#4462=ORIENTED_EDGE('',*,*,#3202,.T.);
#4463=ORIENTED_EDGE('',*,*,#3083,.F.);
#4464=ORIENTED_EDGE('',*,*,#3084,.F.);
#4465=ORIENTED_EDGE('',*,*,#3202,.F.);
#4466=ORIENTED_EDGE('',*,*,#3203,.F.);
#4467=ORIENTED_EDGE('',*,*,#3199,.T.);
#4468=ORIENTED_EDGE('',*,*,#3203,.T.);
#4469=ORIENTED_EDGE('',*,*,#3201,.T.);
#4470=ORIENTED_EDGE('',*,*,#3197,.T.);
#4471=ORIENTED_EDGE('',*,*,#3200,.T.);
#4472=ORIENTED_EDGE('',*,*,#2732,.F.);
#4473=ORIENTED_EDGE('',*,*,#3204,.T.);
#4474=ORIENTED_EDGE('',*,*,#3205,.T.);
#4475=ORIENTED_EDGE('',*,*,#3206,.F.);
#4476=ORIENTED_EDGE('',*,*,#2735,.F.);
#4477=ORIENTED_EDGE('',*,*,#3207,.T.);
#4478=ORIENTED_EDGE('',*,*,#3208,.T.);
#4479=ORIENTED_EDGE('',*,*,#3204,.F.);
#4480=ORIENTED_EDGE('',*,*,#2734,.F.);
#4481=ORIENTED_EDGE('',*,*,#3209,.T.);
#4482=ORIENTED_EDGE('',*,*,#3210,.T.);
#4483=ORIENTED_EDGE('',*,*,#3207,.F.);
#4484=ORIENTED_EDGE('',*,*,#2733,.F.);
#4485=ORIENTED_EDGE('',*,*,#3206,.T.);
#4486=ORIENTED_EDGE('',*,*,#3211,.T.);
#4487=ORIENTED_EDGE('',*,*,#3209,.F.);
#4488=ORIENTED_EDGE('',*,*,#3211,.F.);
#4489=ORIENTED_EDGE('',*,*,#3205,.F.);
#4490=ORIENTED_EDGE('',*,*,#3208,.F.);
#4491=ORIENTED_EDGE('',*,*,#3210,.F.);
#4492=ORIENTED_EDGE('',*,*,#2720,.F.);
#4493=ORIENTED_EDGE('',*,*,#3212,.T.);
#4494=ORIENTED_EDGE('',*,*,#3213,.T.);
#4495=ORIENTED_EDGE('',*,*,#3214,.F.);
#4496=ORIENTED_EDGE('',*,*,#2723,.F.);
#4497=ORIENTED_EDGE('',*,*,#3215,.T.);
#4498=ORIENTED_EDGE('',*,*,#3216,.T.);
#4499=ORIENTED_EDGE('',*,*,#3212,.F.);
#4500=ORIENTED_EDGE('',*,*,#2722,.F.);
#4501=ORIENTED_EDGE('',*,*,#3217,.T.);
#4502=ORIENTED_EDGE('',*,*,#3218,.T.);
#4503=ORIENTED_EDGE('',*,*,#3215,.F.);
#4504=ORIENTED_EDGE('',*,*,#2721,.F.);
#4505=ORIENTED_EDGE('',*,*,#3214,.T.);
#4506=ORIENTED_EDGE('',*,*,#3219,.T.);
#4507=ORIENTED_EDGE('',*,*,#3217,.F.);
#4508=ORIENTED_EDGE('',*,*,#3219,.F.);
#4509=ORIENTED_EDGE('',*,*,#3213,.F.);
#4510=ORIENTED_EDGE('',*,*,#3216,.F.);
#4511=ORIENTED_EDGE('',*,*,#3218,.F.);
#4512=ORIENTED_EDGE('',*,*,#3220,.F.);
#4513=ORIENTED_EDGE('',*,*,#3221,.T.);
#4514=ORIENTED_EDGE('',*,*,#3222,.T.);
#4515=ORIENTED_EDGE('',*,*,#3223,.F.);
#4516=ORIENTED_EDGE('',*,*,#3224,.F.);
#4517=ORIENTED_EDGE('',*,*,#3223,.T.);
#4518=ORIENTED_EDGE('',*,*,#3225,.T.);
#4519=ORIENTED_EDGE('',*,*,#3226,.F.);
#4520=ORIENTED_EDGE('',*,*,#3227,.F.);
#4521=ORIENTED_EDGE('',*,*,#3154,.F.);
#4522=ORIENTED_EDGE('',*,*,#3228,.T.);
#4523=ORIENTED_EDGE('',*,*,#3229,.T.);
#4524=ORIENTED_EDGE('',*,*,#3230,.F.);
#4525=ORIENTED_EDGE('',*,*,#3155,.F.);
#4526=ORIENTED_EDGE('',*,*,#3230,.T.);
#4527=ORIENTED_EDGE('',*,*,#3231,.T.);
#4528=ORIENTED_EDGE('',*,*,#3232,.F.);
#4529=ORIENTED_EDGE('',*,*,#3070,.F.);
#4530=ORIENTED_EDGE('',*,*,#3233,.F.);
#4531=ORIENTED_EDGE('',*,*,#3226,.T.);
#4532=ORIENTED_EDGE('',*,*,#3234,.T.);
#4533=ORIENTED_EDGE('',*,*,#3235,.F.);
#4534=ORIENTED_EDGE('',*,*,#3071,.F.);
#4535=ORIENTED_EDGE('',*,*,#3232,.T.);
#4536=ORIENTED_EDGE('',*,*,#3236,.T.);
#4537=ORIENTED_EDGE('',*,*,#3237,.F.);
#4538=ORIENTED_EDGE('',*,*,#3238,.F.);
#4539=ORIENTED_EDGE('',*,*,#3235,.T.);
#4540=ORIENTED_EDGE('',*,*,#3239,.T.);
#4541=ORIENTED_EDGE('',*,*,#3221,.F.);
#4542=ORIENTED_EDGE('',*,*,#3240,.F.);
#4543=ORIENTED_EDGE('',*,*,#3072,.F.);
#4544=ORIENTED_EDGE('',*,*,#3237,.T.);
#4545=ORIENTED_EDGE('',*,*,#3241,.T.);
#4546=ORIENTED_EDGE('',*,*,#3228,.F.);
#4547=ORIENTED_EDGE('',*,*,#3153,.F.);
#4548=ORIENTED_EDGE('',*,*,#3231,.F.);
#4549=ORIENTED_EDGE('',*,*,#3229,.F.);
#4550=ORIENTED_EDGE('',*,*,#3241,.F.);
#4551=ORIENTED_EDGE('',*,*,#3236,.F.);
#4552=ORIENTED_EDGE('',*,*,#3225,.F.);
#4553=ORIENTED_EDGE('',*,*,#3222,.F.);
#4554=ORIENTED_EDGE('',*,*,#3239,.F.);
#4555=ORIENTED_EDGE('',*,*,#3234,.F.);
#4556=ORIENTED_EDGE('',*,*,#3242,.F.);
#4557=ORIENTED_EDGE('',*,*,#3243,.F.);
#4558=ORIENTED_EDGE('',*,*,#3244,.T.);
#4559=ORIENTED_EDGE('',*,*,#2809,.T.);
#4560=ORIENTED_EDGE('',*,*,#3244,.F.);
#4561=ORIENTED_EDGE('',*,*,#3240,.T.);
#4562=ORIENTED_EDGE('',*,*,#3220,.T.);
#4563=ORIENTED_EDGE('',*,*,#3224,.T.);
#4564=ORIENTED_EDGE('',*,*,#3245,.T.);
#4565=ORIENTED_EDGE('',*,*,#3242,.T.);
#4566=ORIENTED_EDGE('',*,*,#3246,.F.);
#4567=ORIENTED_EDGE('',*,*,#3247,.F.);
#4568=ORIENTED_EDGE('',*,*,#3248,.T.);
#4569=ORIENTED_EDGE('',*,*,#3249,.F.);
#4570=ORIENTED_EDGE('',*,*,#3250,.F.);
#4571=ORIENTED_EDGE('',*,*,#3251,.F.);
#4572=ORIENTED_EDGE('',*,*,#3250,.T.);
#4573=ORIENTED_EDGE('',*,*,#3252,.F.);
#4574=ORIENTED_EDGE('',*,*,#3253,.F.);
#4575=ORIENTED_EDGE('',*,*,#3254,.F.);
#4576=ORIENTED_EDGE('',*,*,#3253,.T.);
#4577=ORIENTED_EDGE('',*,*,#3255,.F.);
#4578=ORIENTED_EDGE('',*,*,#3256,.F.);
#4579=ORIENTED_EDGE('',*,*,#3257,.F.);
#4580=ORIENTED_EDGE('',*,*,#3256,.T.);
#4581=ORIENTED_EDGE('',*,*,#3258,.F.);
#4582=ORIENTED_EDGE('',*,*,#3248,.F.);
#4583=ORIENTED_EDGE('',*,*,#3258,.T.);
#4584=ORIENTED_EDGE('',*,*,#3255,.T.);
#4585=ORIENTED_EDGE('',*,*,#3252,.T.);
#4586=ORIENTED_EDGE('',*,*,#3249,.T.);
#4587=ORIENTED_EDGE('',*,*,#3158,.F.);
#4588=ORIENTED_EDGE('',*,*,#3259,.T.);
#4589=ORIENTED_EDGE('',*,*,#3260,.T.);
#4590=ORIENTED_EDGE('',*,*,#3261,.F.);
#4591=ORIENTED_EDGE('',*,*,#3066,.F.);
#4592=ORIENTED_EDGE('',*,*,#3067,.F.);
#4593=ORIENTED_EDGE('',*,*,#3261,.T.);
#4594=ORIENTED_EDGE('',*,*,#3262,.T.);
#4595=ORIENTED_EDGE('',*,*,#3263,.F.);
#4596=ORIENTED_EDGE('',*,*,#3157,.F.);
#4597=ORIENTED_EDGE('',*,*,#3264,.T.);
#4598=ORIENTED_EDGE('',*,*,#3265,.T.);
#4599=ORIENTED_EDGE('',*,*,#3259,.F.);
#4600=ORIENTED_EDGE('',*,*,#3068,.F.);
#4601=ORIENTED_EDGE('',*,*,#3263,.T.);
#4602=ORIENTED_EDGE('',*,*,#3266,.T.);
#4603=ORIENTED_EDGE('',*,*,#3264,.F.);
#4604=ORIENTED_EDGE('',*,*,#3156,.F.);
#4605=ORIENTED_EDGE('',*,*,#3262,.F.);
#4606=ORIENTED_EDGE('',*,*,#3260,.F.);
#4607=ORIENTED_EDGE('',*,*,#3265,.F.);
#4608=ORIENTED_EDGE('',*,*,#3266,.F.);
#4609=ORIENTED_EDGE('',*,*,#3247,.T.);
#4610=ORIENTED_EDGE('',*,*,#3251,.T.);
#4611=ORIENTED_EDGE('',*,*,#3254,.T.);
#4612=ORIENTED_EDGE('',*,*,#3257,.T.);
#4613=ORIENTED_EDGE('',*,*,#3238,.T.);
#4614=ORIENTED_EDGE('',*,*,#3246,.T.);
#4615=ORIENTED_EDGE('',*,*,#3243,.T.);
#4616=ORIENTED_EDGE('',*,*,#3245,.F.);
#4617=ORIENTED_EDGE('',*,*,#3227,.T.);
#4618=ORIENTED_EDGE('',*,*,#3233,.T.);
#4619=ORIENTED_EDGE('',*,*,#3135,.T.);
#4620=ORIENTED_EDGE('',*,*,#3159,.F.);
#4621=ORIENTED_EDGE('',*,*,#2728,.T.);
#4622=ORIENTED_EDGE('',*,*,#3267,.F.);
#4623=ORIENTED_EDGE('',*,*,#3129,.T.);
#4624=ORIENTED_EDGE('',*,*,#3268,.F.);
#4625=ORIENTED_EDGE('',*,*,#2716,.T.);
#4626=ORIENTED_EDGE('',*,*,#3187,.F.);
#4627=ORIENTED_EDGE('',*,*,#3132,.T.);
#4628=ORIENTED_EDGE('',*,*,#3267,.T.);
#4629=ORIENTED_EDGE('',*,*,#2727,.T.);
#4630=ORIENTED_EDGE('',*,*,#3269,.T.);
#4631=ORIENTED_EDGE('',*,*,#2717,.T.);
#4632=ORIENTED_EDGE('',*,*,#3268,.T.);
#4633=ORIENTED_EDGE('',*,*,#3051,.T.);
#4634=ORIENTED_EDGE('',*,*,#3019,.F.);
#4635=ORIENTED_EDGE('',*,*,#3182,.T.);
#4636=ORIENTED_EDGE('',*,*,#3270,.F.);
#4637=ORIENTED_EDGE('',*,*,#3044,.T.);
#4638=ORIENTED_EDGE('',*,*,#3270,.T.);
#4639=ORIENTED_EDGE('',*,*,#3181,.T.);
#4640=ORIENTED_EDGE('',*,*,#3093,.T.);
#4641=ORIENTED_EDGE('',*,*,#2724,.F.);
#4642=ORIENTED_EDGE('',*,*,#3169,.F.);
#4643=ORIENTED_EDGE('',*,*,#2712,.F.);
#4644=ORIENTED_EDGE('',*,*,#2719,.F.);
#4645=ORIENTED_EDGE('',*,*,#2718,.F.);
#4646=ORIENTED_EDGE('',*,*,#3269,.F.);
#4647=ORIENTED_EDGE('',*,*,#2726,.F.);
#4648=ORIENTED_EDGE('',*,*,#2725,.F.);
#4649=ORIENTED_EDGE('',*,*,#3271,.T.);
#4650=ORIENTED_EDGE('',*,*,#3272,.T.);
#4651=ORIENTED_EDGE('',*,*,#3273,.T.);
#4652=ORIENTED_EDGE('',*,*,#3274,.T.);
#4653=ORIENTED_EDGE('',*,*,#3275,.T.);
#4654=ORIENTED_EDGE('',*,*,#3276,.T.);
#4655=ORIENTED_EDGE('',*,*,#3271,.F.);
#4656=ORIENTED_EDGE('',*,*,#3277,.T.);
#4657=ORIENTED_EDGE('',*,*,#3278,.T.);
#4658=ORIENTED_EDGE('',*,*,#3279,.T.);
#4659=ORIENTED_EDGE('',*,*,#3275,.F.);
#4660=ORIENTED_EDGE('',*,*,#3280,.T.);
#4661=ORIENTED_EDGE('',*,*,#3281,.T.);
#4662=ORIENTED_EDGE('',*,*,#3282,.T.);
#4663=ORIENTED_EDGE('',*,*,#3278,.F.);
#4664=ORIENTED_EDGE('',*,*,#3283,.T.);
#4665=ORIENTED_EDGE('',*,*,#3284,.T.);
#4666=ORIENTED_EDGE('',*,*,#3285,.T.);
#4667=ORIENTED_EDGE('',*,*,#3281,.F.);
#4668=ORIENTED_EDGE('',*,*,#3286,.T.);
#4669=ORIENTED_EDGE('',*,*,#3273,.F.);
#4670=ORIENTED_EDGE('',*,*,#3287,.T.);
#4671=ORIENTED_EDGE('',*,*,#3284,.F.);
#4672=ORIENTED_EDGE('',*,*,#3288,.T.);
#4673=ORIENTED_EDGE('',*,*,#3280,.F.);
#4674=ORIENTED_EDGE('',*,*,#3289,.T.);
#4675=ORIENTED_EDGE('',*,*,#3290,.F.);
#4676=ORIENTED_EDGE('',*,*,#3291,.F.);
#4677=ORIENTED_EDGE('',*,*,#3292,.F.);
#4678=ORIENTED_EDGE('',*,*,#3277,.F.);
#4679=ORIENTED_EDGE('',*,*,#3293,.T.);
#4680=ORIENTED_EDGE('',*,*,#3294,.F.);
#4681=ORIENTED_EDGE('',*,*,#3289,.F.);
#4682=ORIENTED_EDGE('',*,*,#3274,.F.);
#4683=ORIENTED_EDGE('',*,*,#3295,.T.);
#4684=ORIENTED_EDGE('',*,*,#3296,.F.);
#4685=ORIENTED_EDGE('',*,*,#3293,.F.);
#4686=ORIENTED_EDGE('',*,*,#3297,.F.);
#4687=ORIENTED_EDGE('',*,*,#3298,.F.);
#4688=ORIENTED_EDGE('',*,*,#3299,.F.);
#4689=ORIENTED_EDGE('',*,*,#3300,.T.);
#4690=ORIENTED_EDGE('',*,*,#3301,.F.);
#4691=ORIENTED_EDGE('',*,*,#3302,.F.);
#4692=ORIENTED_EDGE('',*,*,#3303,.F.);
#4693=ORIENTED_EDGE('',*,*,#3304,.F.);
#4694=ORIENTED_EDGE('',*,*,#3305,.F.);
#4695=ORIENTED_EDGE('',*,*,#3306,.F.);
#4696=ORIENTED_EDGE('',*,*,#3272,.F.);
#4697=ORIENTED_EDGE('',*,*,#3276,.F.);
#4698=ORIENTED_EDGE('',*,*,#3279,.F.);
#4699=ORIENTED_EDGE('',*,*,#3282,.F.);
#4700=ORIENTED_EDGE('',*,*,#3285,.F.);
#4701=ORIENTED_EDGE('',*,*,#3287,.F.);
#4702=ORIENTED_EDGE('',*,*,#3307,.T.);
#4703=ORIENTED_EDGE('',*,*,#3301,.T.);
#4704=ORIENTED_EDGE('',*,*,#3308,.T.);
#4705=ORIENTED_EDGE('',*,*,#3309,.T.);
#4706=ORIENTED_EDGE('',*,*,#3310,.T.);
#4707=ORIENTED_EDGE('',*,*,#3302,.T.);
#4708=ORIENTED_EDGE('',*,*,#3307,.F.);
#4709=ORIENTED_EDGE('',*,*,#3311,.T.);
#4710=ORIENTED_EDGE('',*,*,#3312,.T.);
#4711=ORIENTED_EDGE('',*,*,#3303,.T.);
#4712=ORIENTED_EDGE('',*,*,#3310,.F.);
#4713=ORIENTED_EDGE('',*,*,#3313,.T.);
#4714=ORIENTED_EDGE('',*,*,#3314,.T.);
#4715=ORIENTED_EDGE('',*,*,#3304,.T.);
#4716=ORIENTED_EDGE('',*,*,#3312,.F.);
#4717=ORIENTED_EDGE('',*,*,#3315,.T.);
#4718=ORIENTED_EDGE('',*,*,#3316,.T.);
#4719=ORIENTED_EDGE('',*,*,#3305,.T.);
#4720=ORIENTED_EDGE('',*,*,#3314,.F.);
#4721=ORIENTED_EDGE('',*,*,#3317,.T.);
#4722=ORIENTED_EDGE('',*,*,#3308,.F.);
#4723=ORIENTED_EDGE('',*,*,#3306,.T.);
#4724=ORIENTED_EDGE('',*,*,#3316,.F.);
#4725=ORIENTED_EDGE('',*,*,#3318,.T.);
#4726=ORIENTED_EDGE('',*,*,#3313,.F.);
#4727=ORIENTED_EDGE('',*,*,#3319,.T.);
#4728=ORIENTED_EDGE('',*,*,#3320,.F.);
#4729=ORIENTED_EDGE('',*,*,#3321,.F.);
#4730=ORIENTED_EDGE('',*,*,#3311,.F.);
#4731=ORIENTED_EDGE('',*,*,#3322,.T.);
#4732=ORIENTED_EDGE('',*,*,#3323,.F.);
#4733=ORIENTED_EDGE('',*,*,#3319,.F.);
#4734=ORIENTED_EDGE('',*,*,#3309,.F.);
#4735=ORIENTED_EDGE('',*,*,#3324,.T.);
#4736=ORIENTED_EDGE('',*,*,#3325,.F.);
#4737=ORIENTED_EDGE('',*,*,#3322,.F.);
#4738=ORIENTED_EDGE('',*,*,#3318,.F.);
#4739=ORIENTED_EDGE('',*,*,#3326,.T.);
#4740=ORIENTED_EDGE('',*,*,#3327,.F.);
#4741=ORIENTED_EDGE('',*,*,#3324,.F.);
#4742=ORIENTED_EDGE('',*,*,#3317,.F.);
#4743=ORIENTED_EDGE('',*,*,#3328,.T.);
#4744=ORIENTED_EDGE('',*,*,#3329,.F.);
#4745=ORIENTED_EDGE('',*,*,#3330,.F.);
#4746=ORIENTED_EDGE('',*,*,#3326,.F.);
#4747=ORIENTED_EDGE('',*,*,#3315,.F.);
#4748=ORIENTED_EDGE('',*,*,#3321,.T.);
#4749=ORIENTED_EDGE('',*,*,#3331,.F.);
#4750=ORIENTED_EDGE('',*,*,#3328,.F.);
#4751=ORIENTED_EDGE('',*,*,#3323,.T.);
#4752=ORIENTED_EDGE('',*,*,#3325,.T.);
#4753=ORIENTED_EDGE('',*,*,#3327,.T.);
#4754=ORIENTED_EDGE('',*,*,#3330,.T.);
#4755=ORIENTED_EDGE('',*,*,#3332,.F.);
#4756=ORIENTED_EDGE('',*,*,#3333,.T.);
#4757=ORIENTED_EDGE('',*,*,#3334,.T.);
#4758=ORIENTED_EDGE('',*,*,#3335,.F.);
#4759=ORIENTED_EDGE('',*,*,#3336,.F.);
#4760=ORIENTED_EDGE('',*,*,#3290,.T.);
#4761=ORIENTED_EDGE('',*,*,#3294,.T.);
#4762=ORIENTED_EDGE('',*,*,#3296,.T.);
#4763=ORIENTED_EDGE('',*,*,#3337,.T.);
#4764=ORIENTED_EDGE('',*,*,#3338,.T.);
#4765=ORIENTED_EDGE('',*,*,#3339,.F.);
#4766=ORIENTED_EDGE('',*,*,#3286,.F.);
#4767=ORIENTED_EDGE('',*,*,#3340,.T.);
#4768=ORIENTED_EDGE('',*,*,#3341,.F.);
#4769=ORIENTED_EDGE('',*,*,#3338,.F.);
#4770=ORIENTED_EDGE('',*,*,#3342,.F.);
#4771=ORIENTED_EDGE('',*,*,#3283,.F.);
#4772=ORIENTED_EDGE('',*,*,#3292,.T.);
#4773=ORIENTED_EDGE('',*,*,#3343,.F.);
#4774=ORIENTED_EDGE('',*,*,#3340,.F.);
#4775=ORIENTED_EDGE('',*,*,#3288,.F.);
#4776=ORIENTED_EDGE('',*,*,#3342,.T.);
#4777=ORIENTED_EDGE('',*,*,#3337,.F.);
#4778=ORIENTED_EDGE('',*,*,#3295,.F.);
#4779=ORIENTED_EDGE('',*,*,#3320,.T.);
#4780=ORIENTED_EDGE('',*,*,#3339,.T.);
#4781=ORIENTED_EDGE('',*,*,#3341,.T.);
#4782=ORIENTED_EDGE('',*,*,#3343,.T.);
#4783=ORIENTED_EDGE('',*,*,#3291,.T.);
#4784=ORIENTED_EDGE('',*,*,#3336,.T.);
#4785=ORIENTED_EDGE('',*,*,#3344,.F.);
#4786=ORIENTED_EDGE('',*,*,#3345,.F.);
#4787=ORIENTED_EDGE('',*,*,#3346,.T.);
#4788=ORIENTED_EDGE('',*,*,#3332,.T.);
#4789=ORIENTED_EDGE('',*,*,#3329,.T.);
#4790=ORIENTED_EDGE('',*,*,#3331,.T.);
#4791=ORIENTED_EDGE('',*,*,#3347,.T.);
#4792=ORIENTED_EDGE('',*,*,#3348,.T.);
#4793=ORIENTED_EDGE('',*,*,#3349,.T.);
#4794=ORIENTED_EDGE('',*,*,#3350,.F.);
#4795=ORIENTED_EDGE('',*,*,#3351,.T.);
#4796=ORIENTED_EDGE('',*,*,#3352,.T.);
#4797=ORIENTED_EDGE('',*,*,#3347,.F.);
#4798=ORIENTED_EDGE('',*,*,#3353,.F.);
#4799=ORIENTED_EDGE('',*,*,#3354,.T.);
#4800=ORIENTED_EDGE('',*,*,#3355,.T.);
#4801=ORIENTED_EDGE('',*,*,#3351,.F.);
#4802=ORIENTED_EDGE('',*,*,#3356,.F.);
#4803=ORIENTED_EDGE('',*,*,#3349,.F.);
#4804=ORIENTED_EDGE('',*,*,#3357,.T.);
#4805=ORIENTED_EDGE('',*,*,#3354,.F.);
#4806=ORIENTED_EDGE('',*,*,#3358,.F.);
#4807=ORIENTED_EDGE('',*,*,#3359,.F.);
#4808=ORIENTED_EDGE('',*,*,#3360,.F.);
#4809=ORIENTED_EDGE('',*,*,#3361,.F.);
#4810=ORIENTED_EDGE('',*,*,#3362,.F.);
#4811=ORIENTED_EDGE('',*,*,#3363,.F.);
#4812=ORIENTED_EDGE('',*,*,#3364,.F.);
#4813=ORIENTED_EDGE('',*,*,#3365,.F.);
#4814=ORIENTED_EDGE('',*,*,#3366,.F.);
#4815=ORIENTED_EDGE('',*,*,#3367,.F.);
#4816=ORIENTED_EDGE('',*,*,#3348,.F.);
#4817=ORIENTED_EDGE('',*,*,#3352,.F.);
#4818=ORIENTED_EDGE('',*,*,#3355,.F.);
#4819=ORIENTED_EDGE('',*,*,#3357,.F.);
#4820=ORIENTED_EDGE('',*,*,#3367,.T.);
#4821=ORIENTED_EDGE('',*,*,#3368,.T.);
#4822=ORIENTED_EDGE('',*,*,#3369,.F.);
#4823=ORIENTED_EDGE('',*,*,#3368,.F.);
#4824=ORIENTED_EDGE('',*,*,#3370,.T.);
#4825=ORIENTED_EDGE('',*,*,#3371,.T.);
#4826=ORIENTED_EDGE('',*,*,#3372,.T.);
#4827=ORIENTED_EDGE('',*,*,#3373,.T.);
#4828=ORIENTED_EDGE('',*,*,#3374,.T.);
#4829=ORIENTED_EDGE('',*,*,#3375,.T.);
#4830=ORIENTED_EDGE('',*,*,#3376,.T.);
#4831=ORIENTED_EDGE('',*,*,#3377,.T.);
#4832=ORIENTED_EDGE('',*,*,#3369,.T.);
#4833=ORIENTED_EDGE('',*,*,#3358,.T.);
#4834=ORIENTED_EDGE('',*,*,#3356,.T.);
#4835=ORIENTED_EDGE('',*,*,#3353,.T.);
#4836=ORIENTED_EDGE('',*,*,#3350,.T.);
#4837=ORIENTED_EDGE('',*,*,#3378,.T.);
#4838=ORIENTED_EDGE('',*,*,#3379,.F.);
#4839=ORIENTED_EDGE('',*,*,#3380,.T.);
#4840=ORIENTED_EDGE('',*,*,#3381,.T.);
#4841=ORIENTED_EDGE('',*,*,#3382,.T.);
#4842=ORIENTED_EDGE('',*,*,#3383,.F.);
#4843=ORIENTED_EDGE('',*,*,#3378,.F.);
#4844=ORIENTED_EDGE('',*,*,#3384,.T.);
#4845=ORIENTED_EDGE('',*,*,#3385,.T.);
#4846=ORIENTED_EDGE('',*,*,#3334,.F.);
#4847=ORIENTED_EDGE('',*,*,#3382,.F.);
#4848=ORIENTED_EDGE('',*,*,#3386,.T.);
#4849=ORIENTED_EDGE('',*,*,#3387,.T.);
#4850=ORIENTED_EDGE('',*,*,#3388,.F.);
#4851=ORIENTED_EDGE('',*,*,#3385,.F.);
#4852=ORIENTED_EDGE('',*,*,#3389,.T.);
#4853=ORIENTED_EDGE('',*,*,#3390,.T.);
#4854=ORIENTED_EDGE('',*,*,#3391,.F.);
#4855=ORIENTED_EDGE('',*,*,#3387,.F.);
#4856=ORIENTED_EDGE('',*,*,#3392,.T.);
#4857=ORIENTED_EDGE('',*,*,#3393,.T.);
#4858=ORIENTED_EDGE('',*,*,#3394,.F.);
#4859=ORIENTED_EDGE('',*,*,#3390,.F.);
#4860=ORIENTED_EDGE('',*,*,#3395,.T.);
#4861=ORIENTED_EDGE('',*,*,#3396,.T.);
#4862=ORIENTED_EDGE('',*,*,#3397,.F.);
#4863=ORIENTED_EDGE('',*,*,#3393,.F.);
#4864=ORIENTED_EDGE('',*,*,#3398,.T.);
#4865=ORIENTED_EDGE('',*,*,#3380,.F.);
#4866=ORIENTED_EDGE('',*,*,#3399,.F.);
#4867=ORIENTED_EDGE('',*,*,#3396,.F.);
#4868=ORIENTED_EDGE('',*,*,#3400,.T.);
#4869=ORIENTED_EDGE('',*,*,#3401,.F.);
#4870=ORIENTED_EDGE('',*,*,#3402,.F.);
#4871=ORIENTED_EDGE('',*,*,#3403,.F.);
#4872=ORIENTED_EDGE('',*,*,#3404,.F.);
#4873=ORIENTED_EDGE('',*,*,#3405,.F.);
#4874=ORIENTED_EDGE('',*,*,#3406,.F.);
#4875=ORIENTED_EDGE('',*,*,#3407,.F.);
#4876=ORIENTED_EDGE('',*,*,#3408,.F.);
#4877=ORIENTED_EDGE('',*,*,#3381,.F.);
#4878=ORIENTED_EDGE('',*,*,#3400,.F.);
#4879=ORIENTED_EDGE('',*,*,#3398,.F.);
#4880=ORIENTED_EDGE('',*,*,#3395,.F.);
#4881=ORIENTED_EDGE('',*,*,#3392,.F.);
#4882=ORIENTED_EDGE('',*,*,#3389,.F.);
#4883=ORIENTED_EDGE('',*,*,#3386,.F.);
#4884=ORIENTED_EDGE('',*,*,#3384,.F.);
#4885=ORIENTED_EDGE('',*,*,#3409,.T.);
#4886=ORIENTED_EDGE('',*,*,#3359,.T.);
#4887=ORIENTED_EDGE('',*,*,#3410,.T.);
#4888=ORIENTED_EDGE('',*,*,#3411,.T.);
#4889=ORIENTED_EDGE('',*,*,#3412,.T.);
#4890=ORIENTED_EDGE('',*,*,#3413,.T.);
#4891=ORIENTED_EDGE('',*,*,#3410,.F.);
#4892=ORIENTED_EDGE('',*,*,#3366,.T.);
#4893=ORIENTED_EDGE('',*,*,#3414,.T.);
#4894=ORIENTED_EDGE('',*,*,#3415,.T.);
#4895=ORIENTED_EDGE('',*,*,#3412,.F.);
#4896=ORIENTED_EDGE('',*,*,#3365,.T.);
#4897=ORIENTED_EDGE('',*,*,#3416,.T.);
#4898=ORIENTED_EDGE('',*,*,#3417,.T.);
#4899=ORIENTED_EDGE('',*,*,#3414,.F.);
#4900=ORIENTED_EDGE('',*,*,#3364,.T.);
#4901=ORIENTED_EDGE('',*,*,#3418,.T.);
#4902=ORIENTED_EDGE('',*,*,#3297,.T.);
#4903=ORIENTED_EDGE('',*,*,#3416,.F.);
#4904=ORIENTED_EDGE('',*,*,#3363,.T.);
#4905=ORIENTED_EDGE('',*,*,#3419,.T.);
#4906=ORIENTED_EDGE('',*,*,#3420,.T.);
#4907=ORIENTED_EDGE('',*,*,#3418,.F.);
#4908=ORIENTED_EDGE('',*,*,#3362,.T.);
#4909=ORIENTED_EDGE('',*,*,#3421,.T.);
#4910=ORIENTED_EDGE('',*,*,#3422,.T.);
#4911=ORIENTED_EDGE('',*,*,#3419,.F.);
#4912=ORIENTED_EDGE('',*,*,#3361,.T.);
#4913=ORIENTED_EDGE('',*,*,#3409,.F.);
#4914=ORIENTED_EDGE('',*,*,#3423,.T.);
#4915=ORIENTED_EDGE('',*,*,#3421,.F.);
#4916=ORIENTED_EDGE('',*,*,#3360,.T.);
#4917=ORIENTED_EDGE('',*,*,#3420,.F.);
#4918=ORIENTED_EDGE('',*,*,#3424,.F.);
#4919=ORIENTED_EDGE('',*,*,#3425,.F.);
#4920=ORIENTED_EDGE('',*,*,#3298,.T.);
#4921=ORIENTED_EDGE('',*,*,#3422,.F.);
#4922=ORIENTED_EDGE('',*,*,#3426,.F.);
#4923=ORIENTED_EDGE('',*,*,#3427,.F.);
#4924=ORIENTED_EDGE('',*,*,#3424,.T.);
#4925=ORIENTED_EDGE('',*,*,#3423,.F.);
#4926=ORIENTED_EDGE('',*,*,#3428,.F.);
#4927=ORIENTED_EDGE('',*,*,#3429,.F.);
#4928=ORIENTED_EDGE('',*,*,#3426,.T.);
#4929=ORIENTED_EDGE('',*,*,#3411,.F.);
#4930=ORIENTED_EDGE('',*,*,#3430,.F.);
#4931=ORIENTED_EDGE('',*,*,#3431,.F.);
#4932=ORIENTED_EDGE('',*,*,#3428,.T.);
#4933=ORIENTED_EDGE('',*,*,#3432,.T.);
#4934=ORIENTED_EDGE('',*,*,#3431,.T.);
#4935=ORIENTED_EDGE('',*,*,#3433,.T.);
#4936=ORIENTED_EDGE('',*,*,#3401,.T.);
#4937=ORIENTED_EDGE('',*,*,#3434,.T.);
#4938=ORIENTED_EDGE('',*,*,#3402,.T.);
#4939=ORIENTED_EDGE('',*,*,#3433,.F.);
#4940=ORIENTED_EDGE('',*,*,#3435,.T.);
#4941=ORIENTED_EDGE('',*,*,#3436,.T.);
#4942=ORIENTED_EDGE('',*,*,#3403,.T.);
#4943=ORIENTED_EDGE('',*,*,#3434,.F.);
#4944=ORIENTED_EDGE('',*,*,#3437,.T.);
#4945=ORIENTED_EDGE('',*,*,#3438,.T.);
#4946=ORIENTED_EDGE('',*,*,#3404,.T.);
#4947=ORIENTED_EDGE('',*,*,#3436,.F.);
#4948=ORIENTED_EDGE('',*,*,#3439,.T.);
#4949=ORIENTED_EDGE('',*,*,#3440,.T.);
#4950=ORIENTED_EDGE('',*,*,#3405,.T.);
#4951=ORIENTED_EDGE('',*,*,#3438,.F.);
#4952=ORIENTED_EDGE('',*,*,#3299,.T.);
#4953=ORIENTED_EDGE('',*,*,#3441,.T.);
#4954=ORIENTED_EDGE('',*,*,#3406,.T.);
#4955=ORIENTED_EDGE('',*,*,#3440,.F.);
#4956=ORIENTED_EDGE('',*,*,#3425,.T.);
#4957=ORIENTED_EDGE('',*,*,#3442,.T.);
#4958=ORIENTED_EDGE('',*,*,#3407,.T.);
#4959=ORIENTED_EDGE('',*,*,#3441,.F.);
#4960=ORIENTED_EDGE('',*,*,#3427,.T.);
#4961=ORIENTED_EDGE('',*,*,#3432,.F.);
#4962=ORIENTED_EDGE('',*,*,#3408,.T.);
#4963=ORIENTED_EDGE('',*,*,#3442,.F.);
#4964=ORIENTED_EDGE('',*,*,#3429,.T.);
#4965=ORIENTED_EDGE('',*,*,#3417,.F.);
#4966=ORIENTED_EDGE('',*,*,#3300,.F.);
#4967=ORIENTED_EDGE('',*,*,#3439,.F.);
#4968=ORIENTED_EDGE('',*,*,#3443,.T.);
#4969=ORIENTED_EDGE('',*,*,#3415,.F.);
#4970=ORIENTED_EDGE('',*,*,#3443,.F.);
#4971=ORIENTED_EDGE('',*,*,#3437,.F.);
#4972=ORIENTED_EDGE('',*,*,#3444,.T.);
#4973=ORIENTED_EDGE('',*,*,#3413,.F.);
#4974=ORIENTED_EDGE('',*,*,#3444,.F.);
#4975=ORIENTED_EDGE('',*,*,#3435,.F.);
#4976=ORIENTED_EDGE('',*,*,#3430,.T.);
#4977=ORIENTED_EDGE('',*,*,#3335,.T.);
#4978=ORIENTED_EDGE('',*,*,#3388,.T.);
#4979=ORIENTED_EDGE('',*,*,#3445,.F.);
#4980=ORIENTED_EDGE('',*,*,#3446,.F.);
#4981=ORIENTED_EDGE('',*,*,#3344,.T.);
#4982=ORIENTED_EDGE('',*,*,#3446,.T.);
#4983=ORIENTED_EDGE('',*,*,#3447,.F.);
#4984=ORIENTED_EDGE('',*,*,#3448,.F.);
#4985=ORIENTED_EDGE('',*,*,#3449,.T.);
#4986=ORIENTED_EDGE('',*,*,#3448,.T.);
#4987=ORIENTED_EDGE('',*,*,#3450,.F.);
#4988=ORIENTED_EDGE('',*,*,#3451,.F.);
#4989=ORIENTED_EDGE('',*,*,#3452,.T.);
#4990=ORIENTED_EDGE('',*,*,#3451,.T.);
#4991=ORIENTED_EDGE('',*,*,#3453,.F.);
#4992=ORIENTED_EDGE('',*,*,#3374,.F.);
#4993=ORIENTED_EDGE('',*,*,#3454,.T.);
#4994=ORIENTED_EDGE('',*,*,#3345,.T.);
#4995=ORIENTED_EDGE('',*,*,#3449,.F.);
#4996=ORIENTED_EDGE('',*,*,#3455,.F.);
#4997=ORIENTED_EDGE('',*,*,#3456,.T.);
#4998=ORIENTED_EDGE('',*,*,#3455,.T.);
#4999=ORIENTED_EDGE('',*,*,#3452,.F.);
#5000=ORIENTED_EDGE('',*,*,#3373,.F.);
#5001=ORIENTED_EDGE('',*,*,#3457,.T.);
#5002=ORIENTED_EDGE('',*,*,#3383,.T.);
#5003=ORIENTED_EDGE('',*,*,#3333,.F.);
#5004=ORIENTED_EDGE('',*,*,#3458,.F.);
#5005=ORIENTED_EDGE('',*,*,#3459,.T.);
#5006=ORIENTED_EDGE('',*,*,#3458,.T.);
#5007=ORIENTED_EDGE('',*,*,#3346,.F.);
#5008=ORIENTED_EDGE('',*,*,#3460,.F.);
#5009=ORIENTED_EDGE('',*,*,#3461,.T.);
#5010=ORIENTED_EDGE('',*,*,#3460,.T.);
#5011=ORIENTED_EDGE('',*,*,#3454,.F.);
#5012=ORIENTED_EDGE('',*,*,#3462,.F.);
#5013=ORIENTED_EDGE('',*,*,#3463,.T.);
#5014=ORIENTED_EDGE('',*,*,#3462,.T.);
#5015=ORIENTED_EDGE('',*,*,#3456,.F.);
#5016=ORIENTED_EDGE('',*,*,#3372,.F.);
#5017=ORIENTED_EDGE('',*,*,#3464,.T.);
#5018=ORIENTED_EDGE('',*,*,#3379,.T.);
#5019=ORIENTED_EDGE('',*,*,#3457,.F.);
#5020=ORIENTED_EDGE('',*,*,#3465,.F.);
#5021=ORIENTED_EDGE('',*,*,#3466,.T.);
#5022=ORIENTED_EDGE('',*,*,#3465,.T.);
#5023=ORIENTED_EDGE('',*,*,#3459,.F.);
#5024=ORIENTED_EDGE('',*,*,#3467,.F.);
#5025=ORIENTED_EDGE('',*,*,#3468,.T.);
#5026=ORIENTED_EDGE('',*,*,#3467,.T.);
#5027=ORIENTED_EDGE('',*,*,#3461,.F.);
#5028=ORIENTED_EDGE('',*,*,#3469,.F.);
#5029=ORIENTED_EDGE('',*,*,#3470,.T.);
#5030=ORIENTED_EDGE('',*,*,#3469,.T.);
#5031=ORIENTED_EDGE('',*,*,#3463,.F.);
#5032=ORIENTED_EDGE('',*,*,#3371,.F.);
#5033=ORIENTED_EDGE('',*,*,#3471,.T.);
#5034=ORIENTED_EDGE('',*,*,#3399,.T.);
#5035=ORIENTED_EDGE('',*,*,#3464,.F.);
#5036=ORIENTED_EDGE('',*,*,#3472,.F.);
#5037=ORIENTED_EDGE('',*,*,#3473,.T.);
#5038=ORIENTED_EDGE('',*,*,#3472,.T.);
#5039=ORIENTED_EDGE('',*,*,#3466,.F.);
#5040=ORIENTED_EDGE('',*,*,#3474,.F.);
#5041=ORIENTED_EDGE('',*,*,#3475,.T.);
#5042=ORIENTED_EDGE('',*,*,#3474,.T.);
#5043=ORIENTED_EDGE('',*,*,#3468,.F.);
#5044=ORIENTED_EDGE('',*,*,#3476,.F.);
#5045=ORIENTED_EDGE('',*,*,#3477,.T.);
#5046=ORIENTED_EDGE('',*,*,#3476,.T.);
#5047=ORIENTED_EDGE('',*,*,#3470,.F.);
#5048=ORIENTED_EDGE('',*,*,#3370,.F.);
#5049=ORIENTED_EDGE('',*,*,#3478,.T.);
#5050=ORIENTED_EDGE('',*,*,#3397,.T.);
#5051=ORIENTED_EDGE('',*,*,#3471,.F.);
#5052=ORIENTED_EDGE('',*,*,#3479,.F.);
#5053=ORIENTED_EDGE('',*,*,#3480,.T.);
#5054=ORIENTED_EDGE('',*,*,#3479,.T.);
#5055=ORIENTED_EDGE('',*,*,#3473,.F.);
#5056=ORIENTED_EDGE('',*,*,#3481,.F.);
#5057=ORIENTED_EDGE('',*,*,#3482,.T.);
#5058=ORIENTED_EDGE('',*,*,#3481,.T.);
#5059=ORIENTED_EDGE('',*,*,#3475,.F.);
#5060=ORIENTED_EDGE('',*,*,#3483,.F.);
#5061=ORIENTED_EDGE('',*,*,#3484,.T.);
#5062=ORIENTED_EDGE('',*,*,#3483,.T.);
#5063=ORIENTED_EDGE('',*,*,#3477,.F.);
#5064=ORIENTED_EDGE('',*,*,#3377,.F.);
#5065=ORIENTED_EDGE('',*,*,#3485,.T.);
#5066=ORIENTED_EDGE('',*,*,#3394,.T.);
#5067=ORIENTED_EDGE('',*,*,#3478,.F.);
#5068=ORIENTED_EDGE('',*,*,#3486,.F.);
#5069=ORIENTED_EDGE('',*,*,#3487,.T.);
#5070=ORIENTED_EDGE('',*,*,#3486,.T.);
#5071=ORIENTED_EDGE('',*,*,#3480,.F.);
#5072=ORIENTED_EDGE('',*,*,#3488,.F.);
#5073=ORIENTED_EDGE('',*,*,#3489,.T.);
#5074=ORIENTED_EDGE('',*,*,#3488,.T.);
#5075=ORIENTED_EDGE('',*,*,#3482,.F.);
#5076=ORIENTED_EDGE('',*,*,#3490,.F.);
#5077=ORIENTED_EDGE('',*,*,#3491,.T.);
#5078=ORIENTED_EDGE('',*,*,#3490,.T.);
#5079=ORIENTED_EDGE('',*,*,#3484,.F.);
#5080=ORIENTED_EDGE('',*,*,#3376,.F.);
#5081=ORIENTED_EDGE('',*,*,#3391,.T.);
#5082=ORIENTED_EDGE('',*,*,#3485,.F.);
#5083=ORIENTED_EDGE('',*,*,#3492,.F.);
#5084=ORIENTED_EDGE('',*,*,#3445,.T.);
#5085=ORIENTED_EDGE('',*,*,#3492,.T.);
#5086=ORIENTED_EDGE('',*,*,#3487,.F.);
#5087=ORIENTED_EDGE('',*,*,#3493,.F.);
#5088=ORIENTED_EDGE('',*,*,#3447,.T.);
#5089=ORIENTED_EDGE('',*,*,#3493,.T.);
#5090=ORIENTED_EDGE('',*,*,#3489,.F.);
#5091=ORIENTED_EDGE('',*,*,#3494,.F.);
#5092=ORIENTED_EDGE('',*,*,#3450,.T.);
#5093=ORIENTED_EDGE('',*,*,#3494,.T.);
#5094=ORIENTED_EDGE('',*,*,#3491,.F.);
#5095=ORIENTED_EDGE('',*,*,#3375,.F.);
#5096=ORIENTED_EDGE('',*,*,#3453,.T.);
#5097=ORIENTED_EDGE('',*,*,#3495,.T.);
#5098=ORIENTED_EDGE('',*,*,#3496,.T.);
#5099=ORIENTED_EDGE('',*,*,#3497,.F.);
#5100=ORIENTED_EDGE('',*,*,#3498,.F.);
#5101=ORIENTED_EDGE('',*,*,#3497,.T.);
#5102=ORIENTED_EDGE('',*,*,#3499,.T.);
#5103=ORIENTED_EDGE('',*,*,#3500,.F.);
#5104=ORIENTED_EDGE('',*,*,#3501,.F.);
#5105=ORIENTED_EDGE('',*,*,#3500,.T.);
#5106=ORIENTED_EDGE('',*,*,#3502,.T.);
#5107=ORIENTED_EDGE('',*,*,#3503,.F.);
#5108=ORIENTED_EDGE('',*,*,#3504,.F.);
#5109=ORIENTED_EDGE('',*,*,#3503,.T.);
#5110=ORIENTED_EDGE('',*,*,#3505,.T.);
#5111=ORIENTED_EDGE('',*,*,#3506,.F.);
#5112=ORIENTED_EDGE('',*,*,#3507,.F.);
#5113=ORIENTED_EDGE('',*,*,#3506,.T.);
#5114=ORIENTED_EDGE('',*,*,#3508,.T.);
#5115=ORIENTED_EDGE('',*,*,#3509,.F.);
#5116=ORIENTED_EDGE('',*,*,#3510,.F.);
#5117=ORIENTED_EDGE('',*,*,#3511,.T.);
#5118=ORIENTED_EDGE('',*,*,#3495,.F.);
#5119=ORIENTED_EDGE('',*,*,#3512,.F.);
#5120=ORIENTED_EDGE('',*,*,#3513,.T.);
#5121=ORIENTED_EDGE('',*,*,#3509,.T.);
#5122=ORIENTED_EDGE('',*,*,#3514,.T.);
#5123=ORIENTED_EDGE('',*,*,#3515,.F.);
#5124=ORIENTED_EDGE('',*,*,#3516,.F.);
#5125=ORIENTED_EDGE('',*,*,#3515,.T.);
#5126=ORIENTED_EDGE('',*,*,#3517,.T.);
#5127=ORIENTED_EDGE('',*,*,#3513,.F.);
#5128=ORIENTED_EDGE('',*,*,#3518,.F.);
#5129=PLANE('',#5623);
#5130=PLANE('',#5626);
#5131=PLANE('',#5628);
#5132=PLANE('',#5629);
#5133=PLANE('',#5631);
#5134=PLANE('',#5633);
#5135=PLANE('',#5635);
#5136=PLANE('',#5642);
#5137=PLANE('',#5685);
#5138=PLANE('',#5689);
#5139=PLANE('',#5695);
#5140=PLANE('',#5712);
#5141=PLANE('',#5715);
#5142=PLANE('',#5719);
#5143=PLANE('',#5722);
#5144=PLANE('',#5726);
#5145=PLANE('',#5728);
#5146=PLANE('',#5732);
#5147=PLANE('',#5736);
#5148=PLANE('',#5740);
#5149=PLANE('',#5744);
#5150=PLANE('',#5754);
#5151=PLANE('',#5757);
#5152=PLANE('',#5760);
#5153=PLANE('',#5763);
#5154=PLANE('',#5768);
#5155=PLANE('',#5769);
#5156=PLANE('',#5770);
#5157=PLANE('',#5775);
#5158=PLANE('',#5776);
#5159=PLANE('',#5780);
#5160=PLANE('',#5784);
#5161=PLANE('',#5785);
#5162=PLANE('',#5789);
#5163=PLANE('',#5793);
#5164=PLANE('',#5794);
#5165=PLANE('',#5795);
#5166=PLANE('',#5798);
#5167=PLANE('',#5801);
#5168=PLANE('',#5802);
#5169=PLANE('',#5807);
#5170=PLANE('',#5812);
#5171=PLANE('',#5816);
#5172=PLANE('',#5817);
#5173=PLANE('',#5820);
#5174=PLANE('',#5821);
#5175=PLANE('',#5824);
#5176=PLANE('',#5833);
#5177=PLANE('',#5834);
#5178=PLANE('',#5853);
#5179=PLANE('',#5854);
#5180=PLANE('',#5857);
#5181=PLANE('',#5861);
#5182=PLANE('',#5865);
#5183=PLANE('',#5869);
#5184=PLANE('',#5872);
#5185=PLANE('',#5876);
#5186=PLANE('',#5880);
#5187=PLANE('',#5884);
#5188=PLANE('',#5903);
#5189=PLANE('',#5907);
#5190=PLANE('',#5911);
#5191=PLANE('',#5915);
#5192=PLANE('',#5919);
#5193=PLANE('',#5923);
#5194=PLANE('',#5927);
#5195=PLANE('',#5931);
#5196=PLANE('',#5935);
#5197=PLANE('',#5961);
#5198=PLANE('',#5962);
#5199=PLANE('',#5966);
#5200=PLANE('',#5967);
#5201=PLANE('',#5970);
#5202=PLANE('',#5973);
#5203=PLANE('',#5978);
#5204=PLANE('',#5979);
#5205=PLANE('',#5980);
#5206=PLANE('',#5985);
#5207=PLANE('',#5986);
#5208=PLANE('',#5989);
#5209=PLANE('',#5992);
#5210=PLANE('',#5993);
#5211=PLANE('',#5996);
#5212=PLANE('',#5999);
#5213=PLANE('',#6000);
#5214=PLANE('',#6001);
#5215=PLANE('',#6004);
#5216=PLANE('',#6007);
#5217=PLANE('',#6008);
#5218=PLANE('',#6013);
#5219=PLANE('',#6019);
#5220=PLANE('',#6023);
#5221=PLANE('',#6024);
#5222=PLANE('',#6027);
#5223=PLANE('',#6028);
#5224=PLANE('',#6031);
#5225=PLANE('',#6038);
#5226=PLANE('',#6040);
#5227=PLANE('',#6041);
#5228=PLANE('',#6045);
#5229=PLANE('',#6046);
#5230=PLANE('',#6047);
#5231=PLANE('',#6048);
#5232=PLANE('',#6049);
#5233=PLANE('',#6050);
#5234=PLANE('',#6055);
#5235=PLANE('',#6059);
#5236=PLANE('',#6063);
#5237=PLANE('',#6067);
#5238=PLANE('',#6075);
#5239=PLANE('',#6080);
#5240=PLANE('',#6084);
#5241=PLANE('',#6088);
#5242=PLANE('',#6092);
#5243=PLANE('',#6096);
#5244=PLANE('',#6123);
#5245=PLANE('',#6126);
#5246=PLANE('',#6146);
#5247=PLANE('',#6205);
#5248=PLANE('',#6209);
#5249=PLANE('',#6213);
#5250=PLANE('',#6214);
#5251=STYLED_ITEM('',(#11090),#5263);
#5252=STYLED_ITEM('',(#11090),#5266);
#5253=STYLED_ITEM('',(#11091),#5267);
#5254=STYLED_ITEM('',(#11091),#5268);
#5255=STYLED_ITEM('',(#11092),#5371);
#5256=STYLED_ITEM('',(#11093),#5372);
#5257=STYLED_ITEM('',(#11094),#5378);
#5258=STYLED_ITEM('',(#11093),#5440);
#5259=STYLED_ITEM('',(#11095),#5491);
#5260=STYLED_ITEM('',(#11089),#47);
#5261=STYLED_ITEM('',(#11096),#48);
#5262=STYLED_ITEM('',(#11088),#20);
#5263=ADVANCED_FACE('',(#1177,#1145),#5129,.T.);
#5264=ADVANCED_FACE('',(#1178,#1146),#5130,.T.);
#5265=ADVANCED_FACE('',(#1179),#5131,.T.);
#5266=ADVANCED_FACE('',(#1180,#1147),#5132,.T.);
#5267=ADVANCED_FACE('',(#1181),#5133,.T.);
#5268=ADVANCED_FACE('',(#1182),#5134,.T.);
#5269=ADVANCED_FACE('',(#1183,#1148),#5135,.T.);
#5270=ADVANCED_FACE('',(#1184,#1149),#5136,.T.);
#5271=ADVANCED_FACE('',(#1185),#263,.T.);
#5272=ADVANCED_FACE('',(#1186),#132,.F.);
#5273=ADVANCED_FACE('',(#1187),#264,.T.);
#5274=ADVANCED_FACE('',(#1188),#133,.F.);
#5275=ADVANCED_FACE('',(#1189),#265,.T.);
#5276=ADVANCED_FACE('',(#1190),#134,.F.);
#5277=ADVANCED_FACE('',(#1191),#266,.T.);
#5278=ADVANCED_FACE('',(#1192),#135,.F.);
#5279=ADVANCED_FACE('',(#1193),#267,.T.);
#5280=ADVANCED_FACE('',(#1194),#136,.F.);
#5281=ADVANCED_FACE('',(#1195),#268,.T.);
#5282=ADVANCED_FACE('',(#1196),#137,.F.);
#5283=ADVANCED_FACE('',(#1197),#269,.T.);
#5284=ADVANCED_FACE('',(#1198),#138,.F.);
#5285=ADVANCED_FACE('',(#1199),#270,.T.);
#5286=ADVANCED_FACE('',(#1200),#139,.F.);
#5287=ADVANCED_FACE('',(#1201,#1150),#5137,.F.);
#5288=ADVANCED_FACE('',(#1202),#5138,.F.);
#5289=ADVANCED_FACE('',(#1203),#140,.T.);
#5290=ADVANCED_FACE('',(#1204,#1151,#1152),#5139,.F.);
#5291=ADVANCED_FACE('',(#1205),#141,.F.);
#5292=ADVANCED_FACE('',(#1206),#271,.T.);
#5293=ADVANCED_FACE('',(#1207),#272,.T.);
#5294=ADVANCED_FACE('',(#1208),#142,.F.);
#5295=ADVANCED_FACE('',(#1209),#143,.F.);
#5296=ADVANCED_FACE('',(#1210),#5140,.T.);
#5297=ADVANCED_FACE('',(#1211),#144,.F.);
#5298=ADVANCED_FACE('',(#1212),#5141,.T.);
#5299=ADVANCED_FACE('',(#1213),#145,.F.);
#5300=ADVANCED_FACE('',(#1214),#5142,.T.);
#5301=ADVANCED_FACE('',(#1215),#146,.F.);
#5302=ADVANCED_FACE('',(#1216),#5143,.T.);
#5303=ADVANCED_FACE('',(#1217),#147,.F.);
#5304=ADVANCED_FACE('',(#1218,#1153),#5144,.F.);
#5305=ADVANCED_FACE('',(#1219),#273,.T.);
#5306=ADVANCED_FACE('',(#1220),#5145,.F.);
#5307=ADVANCED_FACE('',(#1221),#148,.F.);
#5308=ADVANCED_FACE('',(#1222),#5146,.F.);
#5309=ADVANCED_FACE('',(#1223),#149,.F.);
#5310=ADVANCED_FACE('',(#1224),#5147,.F.);
#5311=ADVANCED_FACE('',(#1225),#150,.F.);
#5312=ADVANCED_FACE('',(#1226),#5148,.F.);
#5313=ADVANCED_FACE('',(#1227),#151,.F.);
#5314=ADVANCED_FACE('',(#1228,#1154),#5149,.T.);
#5315=ADVANCED_FACE('',(#1229),#274,.T.);
#5316=ADVANCED_FACE('',(#1230),#152,.F.);
#5317=ADVANCED_FACE('',(#1231),#153,.F.);
#5318=ADVANCED_FACE('',(#1232),#275,.T.);
#5319=ADVANCED_FACE('',(#1233),#5150,.F.);
#5320=ADVANCED_FACE('',(#1234),#49,.T.);
#5321=ADVANCED_FACE('',(#1235),#5151,.T.);
#5322=ADVANCED_FACE('',(#1236),#154,.T.);
#5323=ADVANCED_FACE('',(#1237),#5152,.T.);
#5324=ADVANCED_FACE('',(#1238),#155,.F.);
#5325=ADVANCED_FACE('',(#1239),#5153,.F.);
#5326=ADVANCED_FACE('',(#1240),#156,.F.);
#5327=ADVANCED_FACE('',(#1241),#157,.F.);
#5328=ADVANCED_FACE('',(#1242),#5154,.F.);
#5329=ADVANCED_FACE('',(#1243),#5155,.F.);
#5330=ADVANCED_FACE('',(#1244),#5156,.F.);
#5331=ADVANCED_FACE('',(#1245),#158,.F.);
#5332=ADVANCED_FACE('',(#1246),#159,.F.);
#5333=ADVANCED_FACE('',(#1247),#5157,.F.);
#5334=ADVANCED_FACE('',(#1248),#5158,.F.);
#5335=ADVANCED_FACE('',(#1249),#160,.T.);
#5336=ADVANCED_FACE('',(#1250),#5159,.T.);
#5337=ADVANCED_FACE('',(#1251),#161,.T.);
#5338=ADVANCED_FACE('',(#1252),#5160,.T.);
#5339=ADVANCED_FACE('',(#1253),#5161,.F.);
#5340=ADVANCED_FACE('',(#1254),#162,.T.);
#5341=ADVANCED_FACE('',(#1255),#5162,.T.);
#5342=ADVANCED_FACE('',(#1256),#163,.T.);
#5343=ADVANCED_FACE('',(#1257),#5163,.T.);
#5344=ADVANCED_FACE('',(#1258),#5164,.T.);
#5345=ADVANCED_FACE('',(#1259),#5165,.F.);
#5346=ADVANCED_FACE('',(#1260),#164,.F.);
#5347=ADVANCED_FACE('',(#1261),#5166,.T.);
#5348=ADVANCED_FACE('',(#1262),#165,.T.);
#5349=ADVANCED_FACE('',(#1263),#5167,.F.);
#5350=ADVANCED_FACE('',(#1264),#5168,.T.);
#5351=ADVANCED_FACE('',(#1265),#166,.F.);
#5352=ADVANCED_FACE('',(#1266),#167,.T.);
#5353=ADVANCED_FACE('',(#1267,#1155),#5169,.F.);
#5354=ADVANCED_FACE('',(#1268),#168,.F.);
#5355=ADVANCED_FACE('',(#1269),#169,.F.);
#5356=ADVANCED_FACE('',(#1270),#5170,.F.);
#5357=ADVANCED_FACE('',(#1271),#170,.F.);
#5358=ADVANCED_FACE('',(#1272),#5171,.F.);
#5359=ADVANCED_FACE('',(#1273),#5172,.F.);
#5360=ADVANCED_FACE('',(#1274),#171,.T.);
#5361=ADVANCED_FACE('',(#1275),#5173,.T.);
#5362=ADVANCED_FACE('',(#1276),#5174,.T.);
#5363=ADVANCED_FACE('',(#1277),#172,.T.);
#5364=ADVANCED_FACE('',(#1278,#1156),#5175,.F.);
#5365=ADVANCED_FACE('',(#1279),#173,.F.);
#5366=ADVANCED_FACE('',(#1280),#276,.T.);
#5367=ADVANCED_FACE('',(#1281),#277,.T.);
#5368=ADVANCED_FACE('',(#1282),#174,.F.);
#5369=ADVANCED_FACE('',(#1283),#278,.T.);
#5370=ADVANCED_FACE('',(#1284),#175,.F.);
#5371=ADVANCED_FACE('',(#1285,#1157,#1158),#5176,.F.);
#5372=ADVANCED_FACE('',(#1286,#1159,#1160),#5177,.T.);
#5373=ADVANCED_FACE('',(#1287),#176,.T.);
#5374=ADVANCED_FACE('',(#1288),#279,.F.);
#5375=ADVANCED_FACE('',(#1289),#280,.F.);
#5376=ADVANCED_FACE('',(#1290),#177,.T.);
#5377=ADVANCED_FACE('',(#1291),#178,.T.);
#5378=ADVANCED_FACE('',(#1292),#5178,.T.);
#5379=ADVANCED_FACE('',(#1293),#5179,.F.);
#5380=ADVANCED_FACE('',(#1294),#179,.T.);
#5381=ADVANCED_FACE('',(#1295),#5180,.F.);
#5382=ADVANCED_FACE('',(#1296),#180,.T.);
#5383=ADVANCED_FACE('',(#1297),#5181,.T.);
#5384=ADVANCED_FACE('',(#1298),#181,.F.);
#5385=ADVANCED_FACE('',(#1299),#5182,.T.);
#5386=ADVANCED_FACE('',(#1300),#182,.F.);
#5387=ADVANCED_FACE('',(#1301),#5183,.F.);
#5388=ADVANCED_FACE('',(#1302),#183,.T.);
#5389=ADVANCED_FACE('',(#1303),#5184,.F.);
#5390=ADVANCED_FACE('',(#1304),#184,.T.);
#5391=ADVANCED_FACE('',(#1305),#5185,.T.);
#5392=ADVANCED_FACE('',(#1306),#185,.F.);
#5393=ADVANCED_FACE('',(#1307),#5186,.T.);
#5394=ADVANCED_FACE('',(#1308),#186,.F.);
#5395=ADVANCED_FACE('',(#1309,#1161),#5187,.T.);
#5396=ADVANCED_FACE('',(#1310),#187,.T.);
#5397=ADVANCED_FACE('',(#1311),#281,.F.);
#5398=ADVANCED_FACE('',(#1312),#282,.F.);
#5399=ADVANCED_FACE('',(#1313),#188,.T.);
#5400=ADVANCED_FACE('',(#1314),#189,.T.);
#5401=ADVANCED_FACE('',(#1315),#283,.F.);
#5402=ADVANCED_FACE('',(#1316),#284,.F.);
#5403=ADVANCED_FACE('',(#1317),#285,.F.);
#5404=ADVANCED_FACE('',(#1318),#190,.T.);
#5405=ADVANCED_FACE('',(#1319),#5188,.T.);
#5406=ADVANCED_FACE('',(#1320),#191,.T.);
#5407=ADVANCED_FACE('',(#1321),#5189,.T.);
#5408=ADVANCED_FACE('',(#1322),#192,.T.);
#5409=ADVANCED_FACE('',(#1323),#5190,.F.);
#5410=ADVANCED_FACE('',(#1324),#193,.F.);
#5411=ADVANCED_FACE('',(#1325),#5191,.F.);
#5412=ADVANCED_FACE('',(#1326),#194,.F.);
#5413=ADVANCED_FACE('',(#1327),#5192,.T.);
#5414=ADVANCED_FACE('',(#1328),#195,.T.);
#5415=ADVANCED_FACE('',(#1329),#5193,.T.);
#5416=ADVANCED_FACE('',(#1330),#196,.T.);
#5417=ADVANCED_FACE('',(#1331),#5194,.F.);
#5418=ADVANCED_FACE('',(#1332),#197,.F.);
#5419=ADVANCED_FACE('',(#1333),#5195,.F.);
#5420=ADVANCED_FACE('',(#1334),#198,.F.);
#5421=ADVANCED_FACE('',(#1335,#1162),#5196,.F.);
#5422=ADVANCED_FACE('',(#1336),#286,.F.);
#5423=ADVANCED_FACE('',(#1337),#287,.F.);
#5424=ADVANCED_FACE('',(#1338),#199,.T.);
#5425=ADVANCED_FACE('',(#1339),#200,.T.);
#5426=ADVANCED_FACE('',(#1340),#288,.F.);
#5427=ADVANCED_FACE('',(#1341),#201,.T.);
#5428=ADVANCED_FACE('',(#1342),#202,.T.);
#5429=ADVANCED_FACE('',(#1343),#203,.T.);
#5430=ADVANCED_FACE('',(#1344),#289,.F.);
#5431=ADVANCED_FACE('',(#1345),#290,.F.);
#5432=ADVANCED_FACE('',(#1346),#291,.F.);
#5433=ADVANCED_FACE('',(#1347),#204,.T.);
#5434=ADVANCED_FACE('',(#1348),#205,.F.);
#5435=ADVANCED_FACE('',(#1349),#206,.T.);
#5436=ADVANCED_FACE('',(#1350,#1163),#5197,.F.);
#5437=ADVANCED_FACE('',(#1351,#1164,#1165,#1166),#5198,.T.);
#5438=ADVANCED_FACE('',(#1352),#50,.F.);
#5439=ADVANCED_FACE('',(#1353,#1167),#5199,.T.);
#5440=ADVANCED_FACE('',(#1354),#5200,.F.);
#5441=ADVANCED_FACE('',(#1355),#207,.F.);
#5442=ADVANCED_FACE('',(#1356),#5201,.F.);
#5443=ADVANCED_FACE('',(#1357),#208,.T.);
#5444=ADVANCED_FACE('',(#1358),#5202,.T.);
#5445=ADVANCED_FACE('',(#1359),#209,.T.);
#5446=ADVANCED_FACE('',(#1360),#210,.T.);
#5447=ADVANCED_FACE('',(#1361),#5203,.T.);
#5448=ADVANCED_FACE('',(#1362),#5204,.T.);
#5449=ADVANCED_FACE('',(#1363),#5205,.T.);
#5450=ADVANCED_FACE('',(#1364),#211,.T.);
#5451=ADVANCED_FACE('',(#1365),#212,.T.);
#5452=ADVANCED_FACE('',(#1366),#5206,.T.);
#5453=ADVANCED_FACE('',(#1367),#5207,.T.);
#5454=ADVANCED_FACE('',(#1368),#213,.F.);
#5455=ADVANCED_FACE('',(#1369),#5208,.F.);
#5456=ADVANCED_FACE('',(#1370),#214,.F.);
#5457=ADVANCED_FACE('',(#1371),#5209,.F.);
#5458=ADVANCED_FACE('',(#1372),#5210,.T.);
#5459=ADVANCED_FACE('',(#1373),#215,.F.);
#5460=ADVANCED_FACE('',(#1374),#5211,.F.);
#5461=ADVANCED_FACE('',(#1375),#216,.F.);
#5462=ADVANCED_FACE('',(#1376),#5212,.F.);
#5463=ADVANCED_FACE('',(#1377),#5213,.F.);
#5464=ADVANCED_FACE('',(#1378),#5214,.T.);
#5465=ADVANCED_FACE('',(#1379),#217,.T.);
#5466=ADVANCED_FACE('',(#1380),#5215,.F.);
#5467=ADVANCED_FACE('',(#1381),#218,.F.);
#5468=ADVANCED_FACE('',(#1382),#5216,.T.);
#5469=ADVANCED_FACE('',(#1383),#5217,.F.);
#5470=ADVANCED_FACE('',(#1384),#219,.T.);
#5471=ADVANCED_FACE('',(#1385),#220,.F.);
#5472=ADVANCED_FACE('',(#1386,#1168),#5218,.T.);
#5473=ADVANCED_FACE('',(#1387),#221,.F.);
#5474=ADVANCED_FACE('',(#1388),#222,.T.);
#5475=ADVANCED_FACE('',(#1389),#223,.T.);
#5476=ADVANCED_FACE('',(#1390),#5219,.T.);
#5477=ADVANCED_FACE('',(#1391),#224,.T.);
#5478=ADVANCED_FACE('',(#1392),#5220,.T.);
#5479=ADVANCED_FACE('',(#1393),#5221,.T.);
#5480=ADVANCED_FACE('',(#1394),#225,.F.);
#5481=ADVANCED_FACE('',(#1395),#5222,.F.);
#5482=ADVANCED_FACE('',(#1396),#5223,.F.);
#5483=ADVANCED_FACE('',(#1397),#226,.F.);
#5484=ADVANCED_FACE('',(#1398,#1169),#5224,.T.);
#5485=ADVANCED_FACE('',(#1399),#227,.T.);
#5486=ADVANCED_FACE('',(#1400),#292,.F.);
#5487=ADVANCED_FACE('',(#1401),#293,.F.);
#5488=ADVANCED_FACE('',(#1402),#228,.T.);
#5489=ADVANCED_FACE('',(#1403),#294,.F.);
#5490=ADVANCED_FACE('',(#1404),#229,.T.);
#5491=ADVANCED_FACE('',(#1405),#5225,.T.);
#5492=ADVANCED_FACE('',(#1406),#5226,.T.);
#5493=ADVANCED_FACE('',(#1407),#29,.T.);
#5494=ADVANCED_FACE('',(#1408),#30,.T.);
#5495=ADVANCED_FACE('',(#1409),#5227,.T.);
#5496=ADVANCED_FACE('',(#1410),#51,.F.);
#5497=ADVANCED_FACE('',(#1411),#31,.T.);
#5498=ADVANCED_FACE('',(#1412),#32,.F.);
#5499=ADVANCED_FACE('',(#1413),#33,.F.);
#5500=ADVANCED_FACE('',(#1414),#5228,.F.);
#5501=ADVANCED_FACE('',(#1415,#1170,#1171),#5229,.T.);
#5502=ADVANCED_FACE('',(#1416),#5230,.T.);
#5503=ADVANCED_FACE('',(#1417),#34,.T.);
#5504=ADVANCED_FACE('',(#1418),#35,.T.);
#5505=ADVANCED_FACE('',(#1419),#5231,.T.);
#5506=ADVANCED_FACE('',(#1420),#36,.T.);
#5507=ADVANCED_FACE('',(#1421),#37,.T.);
#5508=ADVANCED_FACE('',(#1422),#38,.F.);
#5509=ADVANCED_FACE('',(#1423),#39,.F.);
#5510=ADVANCED_FACE('',(#1424),#5232,.F.);
#5511=ADVANCED_FACE('',(#1425),#40,.F.);
#5512=ADVANCED_FACE('',(#1426),#41,.F.);
#5513=ADVANCED_FACE('',(#1427),#5233,.F.);
#5514=ADVANCED_FACE('',(#1428),#230,.F.);
#5515=ADVANCED_FACE('',(#1429),#231,.F.);
#5516=ADVANCED_FACE('',(#1430),#5234,.F.);
#5517=ADVANCED_FACE('',(#1431),#42,.F.);
#5518=ADVANCED_FACE('',(#1432),#232,.F.);
#5519=ADVANCED_FACE('',(#1433),#5235,.T.);
#5520=ADVANCED_FACE('',(#1434),#52,.F.);
#5521=ADVANCED_FACE('',(#1435),#5236,.T.);
#5522=ADVANCED_FACE('',(#1436),#53,.F.);
#5523=ADVANCED_FACE('',(#1437,#1172,#1173),#5237,.T.);
#5524=ADVANCED_FACE('',(#1438),#54,.F.);
#5525=ADVANCED_FACE('',(#1439,#1174,#1175),#5238,.F.);
#5526=ADVANCED_FACE('',(#1440),#5239,.T.);
#5527=ADVANCED_FACE('',(#1441),#55,.F.);
#5528=ADVANCED_FACE('',(#1442),#5240,.T.);
#5529=ADVANCED_FACE('',(#1443),#56,.F.);
#5530=ADVANCED_FACE('',(#1444),#5241,.T.);
#5531=ADVANCED_FACE('',(#1445),#57,.F.);
#5532=ADVANCED_FACE('',(#1446),#5242,.T.);
#5533=ADVANCED_FACE('',(#1447),#58,.F.);
#5534=ADVANCED_FACE('',(#1448,#1176),#5243,.T.);
#5535=ADVANCED_FACE('',(#1449),#233,.T.);
#5536=ADVANCED_FACE('',(#1450),#21,.T.);
#5537=ADVANCED_FACE('',(#1451),#234,.T.);
#5538=ADVANCED_FACE('',(#1452),#22,.T.);
#5539=ADVANCED_FACE('',(#1453),#235,.T.);
#5540=ADVANCED_FACE('',(#1454),#23,.T.);
#5541=ADVANCED_FACE('',(#1455),#236,.T.);
#5542=ADVANCED_FACE('',(#1456),#24,.T.);
#5543=ADVANCED_FACE('',(#1457),#237,.T.);
#5544=ADVANCED_FACE('',(#1458),#5244,.T.);
#5545=ADVANCED_FACE('',(#1459),#238,.T.);
#5546=ADVANCED_FACE('',(#1460),#5245,.T.);
#5547=ADVANCED_FACE('',(#1461),#239,.T.);
#5548=ADVANCED_FACE('',(#1462),#25,.T.);
#5549=ADVANCED_FACE('',(#1463),#240,.T.);
#5550=ADVANCED_FACE('',(#1464),#26,.T.);
#5551=ADVANCED_FACE('',(#1465),#241,.T.);
#5552=ADVANCED_FACE('',(#1466),#27,.T.);
#5553=ADVANCED_FACE('',(#1467),#242,.T.);
#5554=ADVANCED_FACE('',(#1468),#28,.T.);
#5555=ADVANCED_FACE('',(#1469),#243,.T.);
#5556=ADVANCED_FACE('',(#1470),#5246,.T.);
#5557=ADVANCED_FACE('',(#1471),#244,.T.);
#5558=ADVANCED_FACE('',(#1472),#295,.T.);
#5559=ADVANCED_FACE('',(#1473),#296,.T.);
#5560=ADVANCED_FACE('',(#1474),#297,.T.);
#5561=ADVANCED_FACE('',(#1475),#298,.T.);
#5562=ADVANCED_FACE('',(#1476),#245,.F.);
#5563=ADVANCED_FACE('',(#1477),#246,.F.);
#5564=ADVANCED_FACE('',(#1478),#299,.T.);
#5565=ADVANCED_FACE('',(#1479),#300,.T.);
#5566=ADVANCED_FACE('',(#1480),#301,.T.);
#5567=ADVANCED_FACE('',(#1481),#302,.T.);
#5568=ADVANCED_FACE('',(#1482),#247,.F.);
#5569=ADVANCED_FACE('',(#1483),#248,.F.);
#5570=ADVANCED_FACE('',(#1484),#249,.F.);
#5571=ADVANCED_FACE('',(#1485),#250,.F.);
#5572=ADVANCED_FACE('',(#1486),#303,.T.);
#5573=ADVANCED_FACE('',(#1487),#304,.T.);
#5574=ADVANCED_FACE('',(#1488),#305,.T.);
#5575=ADVANCED_FACE('',(#1489),#306,.T.);
#5576=ADVANCED_FACE('',(#1490),#251,.F.);
#5577=ADVANCED_FACE('',(#1491),#252,.F.);
#5578=ADVANCED_FACE('',(#1492),#253,.F.);
#5579=ADVANCED_FACE('',(#1493),#254,.F.);
#5580=ADVANCED_FACE('',(#1494),#307,.T.);
#5581=ADVANCED_FACE('',(#1495),#308,.T.);
#5582=ADVANCED_FACE('',(#1496),#309,.T.);
#5583=ADVANCED_FACE('',(#1497),#310,.T.);
#5584=ADVANCED_FACE('',(#1498),#255,.F.);
#5585=ADVANCED_FACE('',(#1499),#256,.F.);
#5586=ADVANCED_FACE('',(#1500),#257,.F.);
#5587=ADVANCED_FACE('',(#1501),#258,.F.);
#5588=ADVANCED_FACE('',(#1502),#259,.F.);
#5589=ADVANCED_FACE('',(#1503),#5247,.T.);
#5590=ADVANCED_FACE('',(#1504),#260,.F.);
#5591=ADVANCED_FACE('',(#1505),#5248,.T.);
#5592=ADVANCED_FACE('',(#1506),#261,.F.);
#5593=ADVANCED_FACE('',(#1507),#5249,.T.);
#5594=ADVANCED_FACE('',(#1508),#5250,.T.);
#5595=ADVANCED_FACE('',(#1509),#262,.F.);
#5596=CLOSED_SHELL('',(#5263,#5264,#5265,#5266,#5267,#5268,#5269,#5270,
#5271,#5272,#5273,#5274,#5275,#5276,#5277,#5278,#5279,#5280,#5281,#5282,
#5283,#5284,#5285,#5286,#5287,#5288,#5289,#5290,#5291,#5292,#5293,#5294,
#5295,#5296,#5297,#5298,#5299,#5300,#5301,#5302,#5303,#5304,#5305,#5306,
#5307,#5308,#5309,#5310,#5311,#5312,#5313,#5314,#5315,#5316,#5317,#5318,
#5319,#5320,#5321,#5322,#5323,#5324,#5325,#5326,#5327,#5328,#5329,#5330,
#5331,#5332,#5333,#5334,#5335,#5336,#5337,#5338,#5339,#5340,#5341,#5342,
#5343,#5344,#5345,#5346,#5347,#5348,#5349,#5350,#5351,#5352,#5353,#5354,
#5355,#5356,#5357,#5358,#5359,#5360,#5361,#5362,#5363,#5364,#5365,#5366,
#5367,#5368,#5369,#5370,#5371,#5372,#5373,#5374,#5375,#5376,#5377,#5378,
#5379,#5380,#5381,#5382,#5383,#5384,#5385,#5386,#5387,#5388,#5389,#5390,
#5391,#5392,#5393,#5394,#5395,#5396,#5397,#5398,#5399,#5400,#5401,#5402,
#5403,#5404,#5405,#5406,#5407,#5408,#5409,#5410,#5411,#5412,#5413,#5414,
#5415,#5416,#5417,#5418,#5419,#5420,#5421,#5422,#5423,#5424,#5425,#5426,
#5427,#5428,#5429,#5430,#5431,#5432,#5433,#5434,#5435,#5436,#5437,#5438,
#5439,#5440,#5441,#5442,#5443,#5444,#5445,#5446,#5447,#5448,#5449,#5450,
#5451,#5452,#5453,#5454,#5455,#5456,#5457,#5458,#5459,#5460,#5461,#5462,
#5463,#5464,#5465,#5466,#5467,#5468,#5469,#5470,#5471,#5472,#5473,#5474,
#5475,#5476,#5477,#5478,#5479,#5480,#5481,#5482,#5483,#5484,#5485,#5486,
#5487,#5488,#5489,#5490,#5491));
#5597=CLOSED_SHELL('',(#5492,#5493,#5494,#5495,#5496,#5497,#5498,#5499,
#5500,#5501,#5502,#5503,#5504,#5505,#5506,#5507,#5508,#5509,#5510,#5511,
#5512,#5513,#5514,#5515,#5516,#5517,#5518,#5519,#5520,#5521,#5522,#5523,
#5524,#5525,#5526,#5527,#5528,#5529,#5530,#5531,#5532,#5533,#5534,#5535,
#5536,#5537,#5538,#5539,#5540,#5541,#5542,#5543,#5544,#5545,#5546,#5547,
#5548,#5549,#5550,#5551,#5552,#5553,#5554,#5555,#5556,#5557,#5558,#5559,
#5560,#5561,#5562,#5563,#5564,#5565,#5566,#5567,#5568,#5569,#5570,#5571,
#5572,#5573,#5574,#5575,#5576,#5577,#5578,#5579,#5580,#5581,#5582,#5583,
#5584,#5585,#5586,#5587));
#5598=DERIVED_UNIT_ELEMENT(#5602,1.);
#5599=DERIVED_UNIT_ELEMENT(#11058,-3.);
#5600=DERIVED_UNIT_ELEMENT(#5602,1.);
#5601=DERIVED_UNIT_ELEMENT(#11058,-3.);
#5602=(
MASS_UNIT()
NAMED_UNIT(*)
SI_UNIT(.KILO.,.GRAM.)
);
#5603=DERIVED_UNIT((#5598,#5599));
#5604=DERIVED_UNIT((#5600,#5601));
#5605=MEASURE_REPRESENTATION_ITEM('density measure',
POSITIVE_RATIO_MEASURE(8000.),#5603);
#5606=MEASURE_REPRESENTATION_ITEM('density measure',
POSITIVE_RATIO_MEASURE(8000.),#5604);
#5607=PROPERTY_DEFINITION_REPRESENTATION(#5617,#5611);
#5608=PROPERTY_DEFINITION_REPRESENTATION(#5618,#5612);
#5609=PROPERTY_DEFINITION_REPRESENTATION(#5619,#5613);
#5610=PROPERTY_DEFINITION_REPRESENTATION(#5620,#5614);
#5611=REPRESENTATION('material name',(#5615),#11054);
#5612=REPRESENTATION('density',(#5605),#11054);
#5613=REPRESENTATION('material name',(#5616),#11055);
#5614=REPRESENTATION('density',(#5606),#11055);
#5615=DESCRIPTIVE_REPRESENTATION_ITEM('304-#4','304-#4');
#5616=DESCRIPTIVE_REPRESENTATION_ITEM('304-#4','304-#4');
#5617=PROPERTY_DEFINITION('material property','material name',#11074);
#5618=PROPERTY_DEFINITION('material property','density of part',#11074);
#5619=PROPERTY_DEFINITION('material property','material name',#11075);
#5620=PROPERTY_DEFINITION('material property','density of part',#11075);
#5621=AXIS2_PLACEMENT_3D('',#7835,#6220,#6221);
#5622=AXIS2_PLACEMENT_3D('',#7836,#6222,#6223);
#5623=AXIS2_PLACEMENT_3D('',#7837,#6224,#6225);
#5624=AXIS2_PLACEMENT_3D('',#7839,#6226,#6227);
#5625=AXIS2_PLACEMENT_3D('',#7841,#6228,#6229);
#5626=AXIS2_PLACEMENT_3D('',#7842,#6230,#6231);
#5627=AXIS2_PLACEMENT_3D('',#7844,#6232,#6233);
#5628=AXIS2_PLACEMENT_3D('',#7845,#6234,#6235);
#5629=AXIS2_PLACEMENT_3D('',#7846,#6236,#6237);
#5630=AXIS2_PLACEMENT_3D('',#7848,#6238,#6239);
#5631=AXIS2_PLACEMENT_3D('',#7849,#6240,#6241);
#5632=AXIS2_PLACEMENT_3D('',#7851,#6242,#6243);
#5633=AXIS2_PLACEMENT_3D('',#7852,#6244,#6245);
#5634=AXIS2_PLACEMENT_3D('',#7854,#6246,#6247);
#5635=AXIS2_PLACEMENT_3D('',#7855,#6248,#6249);
#5636=AXIS2_PLACEMENT_3D('',#7858,#6250,#6251);
#5637=AXIS2_PLACEMENT_3D('',#7862,#6253,#6254);
#5638=AXIS2_PLACEMENT_3D('',#7866,#6256,#6257);
#5639=AXIS2_PLACEMENT_3D('',#7870,#6259,#6260);
#5640=AXIS2_PLACEMENT_3D('',#7874,#6262,#6263);
#5641=AXIS2_PLACEMENT_3D('',#7878,#6265,#6266);
#5642=AXIS2_PLACEMENT_3D('',#7880,#6268,#6269);
#5643=AXIS2_PLACEMENT_3D('',#7883,#6270,#6271);
#5644=AXIS2_PLACEMENT_3D('',#7887,#6273,#6274);
#5645=AXIS2_PLACEMENT_3D('',#7891,#6276,#6277);
#5646=AXIS2_PLACEMENT_3D('',#7895,#6279,#6280);
#5647=AXIS2_PLACEMENT_3D('',#7899,#6282,#6283);
#5648=AXIS2_PLACEMENT_3D('',#7903,#6285,#6286);
#5649=AXIS2_PLACEMENT_3D('',#7916,#6288,#6289);
#5650=AXIS2_PLACEMENT_3D('',#7918,#6290,#6291);
#5651=AXIS2_PLACEMENT_3D('',#7920,#6292,#6293);
#5652=AXIS2_PLACEMENT_3D('',#7921,#6294,#6295);
#5653=AXIS2_PLACEMENT_3D('',#7922,#6296,#6297);
#5654=AXIS2_PLACEMENT_3D('',#7979,#6304,#6305);
#5655=AXIS2_PLACEMENT_3D('',#7990,#6306,#6307);
#5656=AXIS2_PLACEMENT_3D('',#7992,#6308,#6309);
#5657=AXIS2_PLACEMENT_3D('',#7993,#6310,#6311);
#5658=AXIS2_PLACEMENT_3D('',#7994,#6312,#6313);
#5659=AXIS2_PLACEMENT_3D('',#7998,#6315,#6316);
#5660=AXIS2_PLACEMENT_3D('',#8032,#6319,#6320);
#5661=AXIS2_PLACEMENT_3D('',#8034,#6321,#6322);
#5662=AXIS2_PLACEMENT_3D('',#8035,#6323,#6324);
#5663=AXIS2_PLACEMENT_3D('',#8036,#6325,#6326);
#5664=AXIS2_PLACEMENT_3D('',#8040,#6328,#6329);
#5665=AXIS2_PLACEMENT_3D('',#8052,#6331,#6332);
#5666=AXIS2_PLACEMENT_3D('',#8054,#6333,#6334);
#5667=AXIS2_PLACEMENT_3D('',#8055,#6335,#6336);
#5668=AXIS2_PLACEMENT_3D('',#8056,#6337,#6338);
#5669=AXIS2_PLACEMENT_3D('',#8124,#6345,#6346);
#5670=AXIS2_PLACEMENT_3D('',#8125,#6347,#6348);
#5671=AXIS2_PLACEMENT_3D('',#8126,#6349,#6350);
#5672=AXIS2_PLACEMENT_3D('',#8127,#6351,#6352);
#5673=AXIS2_PLACEMENT_3D('',#8130,#6354,#6355);
#5674=AXIS2_PLACEMENT_3D('',#8141,#6356,#6357);
#5675=AXIS2_PLACEMENT_3D('',#8142,#6358,#6359);
#5676=AXIS2_PLACEMENT_3D('',#8143,#6360,#6361);
#5677=AXIS2_PLACEMENT_3D('',#8146,#6363,#6364);
#5678=AXIS2_PLACEMENT_3D('',#8176,#6365,#6366);
#5679=AXIS2_PLACEMENT_3D('',#8177,#6367,#6368);
#5680=AXIS2_PLACEMENT_3D('',#8178,#6369,#6370);
#5681=AXIS2_PLACEMENT_3D('',#8181,#6372,#6373);
#5682=AXIS2_PLACEMENT_3D('',#8240,#6376,#6377);
#5683=AXIS2_PLACEMENT_3D('',#8241,#6378,#6379);
#5684=AXIS2_PLACEMENT_3D('',#8242,#6380,#6381);
#5685=AXIS2_PLACEMENT_3D('',#8290,#6385,#6386);
#5686=AXIS2_PLACEMENT_3D('',#8293,#6387,#6388);
#5687=AXIS2_PLACEMENT_3D('',#8294,#6389,#6390);
#5688=AXIS2_PLACEMENT_3D('',#8296,#6391,#6392);
#5689=AXIS2_PLACEMENT_3D('',#8297,#6393,#6394);
#5690=AXIS2_PLACEMENT_3D('',#8300,#6395,#6396);
#5691=AXIS2_PLACEMENT_3D('',#8304,#6398,#6399);
#5692=AXIS2_PLACEMENT_3D('',#8308,#6401,#6402);
#5693=AXIS2_PLACEMENT_3D('',#8312,#6404,#6405);
#5694=AXIS2_PLACEMENT_3D('',#8314,#6407,#6408);
#5695=AXIS2_PLACEMENT_3D('',#8354,#6411,#6412);
#5696=AXIS2_PLACEMENT_3D('',#8358,#6414,#6415);
#5697=AXIS2_PLACEMENT_3D('',#8362,#6417,#6418);
#5698=AXIS2_PLACEMENT_3D('',#8365,#6420,#6421);
#5699=AXIS2_PLACEMENT_3D('',#8370,#6423,#6424);
#5700=AXIS2_PLACEMENT_3D('',#8374,#6426,#6427);
#5701=AXIS2_PLACEMENT_3D('',#8378,#6430,#6431);
#5702=AXIS2_PLACEMENT_3D('',#8380,#6432,#6433);
#5703=AXIS2_PLACEMENT_3D('',#8383,#6435,#6436);
#5704=AXIS2_PLACEMENT_3D('',#8394,#6437,#6438);
#5705=AXIS2_PLACEMENT_3D('',#8395,#6439,#6440);
#5706=AXIS2_PLACEMENT_3D('',#8406,#6441,#6442);
#5707=AXIS2_PLACEMENT_3D('',#8407,#6443,#6444);
#5708=AXIS2_PLACEMENT_3D('',#8408,#6445,#6446);
#5709=AXIS2_PLACEMENT_3D('',#8410,#6447,#6448);
#5710=AXIS2_PLACEMENT_3D('',#8412,#6450,#6451);
#5711=AXIS2_PLACEMENT_3D('',#8415,#6453,#6454);
#5712=AXIS2_PLACEMENT_3D('',#8416,#6455,#6456);
#5713=AXIS2_PLACEMENT_3D('',#8422,#6460,#6461);
#5714=AXIS2_PLACEMENT_3D('',#8424,#6462,#6463);
#5715=AXIS2_PLACEMENT_3D('',#8426,#6465,#6466);
#5716=AXIS2_PLACEMENT_3D('',#8430,#6469,#6470);
#5717=AXIS2_PLACEMENT_3D('',#8432,#6471,#6472);
#5718=AXIS2_PLACEMENT_3D('',#8434,#6473,#6474);
#5719=AXIS2_PLACEMENT_3D('',#8436,#6476,#6477);
#5720=AXIS2_PLACEMENT_3D('',#8442,#6481,#6482);
#5721=AXIS2_PLACEMENT_3D('',#8444,#6483,#6484);
#5722=AXIS2_PLACEMENT_3D('',#8446,#6486,#6487);
#5723=AXIS2_PLACEMENT_3D('',#8450,#6490,#6491);
#5724=AXIS2_PLACEMENT_3D('',#8451,#6492,#6493);
#5725=AXIS2_PLACEMENT_3D('',#8452,#6494,#6495);
#5726=AXIS2_PLACEMENT_3D('',#8453,#6496,#6497);
#5727=AXIS2_PLACEMENT_3D('',#8463,#6498,#6499);
#5728=AXIS2_PLACEMENT_3D('',#8464,#6500,#6501);
#5729=AXIS2_PLACEMENT_3D('',#8473,#6506,#6507);
#5730=AXIS2_PLACEMENT_3D('',#8475,#6508,#6509);
#5731=AXIS2_PLACEMENT_3D('',#8477,#6510,#6511);
#5732=AXIS2_PLACEMENT_3D('',#8479,#6513,#6514);
#5733=AXIS2_PLACEMENT_3D('',#8485,#6518,#6519);
#5734=AXIS2_PLACEMENT_3D('',#8487,#6520,#6521);
#5735=AXIS2_PLACEMENT_3D('',#8489,#6522,#6523);
#5736=AXIS2_PLACEMENT_3D('',#8491,#6525,#6526);
#5737=AXIS2_PLACEMENT_3D('',#8497,#6530,#6531);
#5738=AXIS2_PLACEMENT_3D('',#8499,#6532,#6533);
#5739=AXIS2_PLACEMENT_3D('',#8501,#6534,#6535);
#5740=AXIS2_PLACEMENT_3D('',#8503,#6537,#6538);
#5741=AXIS2_PLACEMENT_3D('',#8509,#6542,#6543);
#5742=AXIS2_PLACEMENT_3D('',#8510,#6544,#6545);
#5743=AXIS2_PLACEMENT_3D('',#8511,#6546,#6547);
#5744=AXIS2_PLACEMENT_3D('',#8512,#6548,#6549);
#5745=AXIS2_PLACEMENT_3D('',#8524,#6550,#6551);
#5746=AXIS2_PLACEMENT_3D('',#8525,#6552,#6553);
#5747=AXIS2_PLACEMENT_3D('',#8526,#6554,#6555);
#5748=AXIS2_PLACEMENT_3D('',#8527,#6556,#6557);
#5749=AXIS2_PLACEMENT_3D('',#8530,#6559,#6560);
#5750=AXIS2_PLACEMENT_3D('',#8531,#6561,#6562);
#5751=AXIS2_PLACEMENT_3D('',#8534,#6564,#6565);
#5752=AXIS2_PLACEMENT_3D('',#8545,#6566,#6567);
#5753=AXIS2_PLACEMENT_3D('',#8546,#6568,#6569);
#5754=AXIS2_PLACEMENT_3D('',#8547,#6570,#6571);
#5755=AXIS2_PLACEMENT_3D('',#8548,#6572,#6573);
#5756=AXIS2_PLACEMENT_3D('',#8551,#6575,#6576);
#5757=AXIS2_PLACEMENT_3D('',#8552,#6577,#6578);
#5758=AXIS2_PLACEMENT_3D('',#8553,#6579,#6580);
#5759=AXIS2_PLACEMENT_3D('',#8555,#6581,#6582);
#5760=AXIS2_PLACEMENT_3D('',#8557,#6584,#6585);
#5761=AXIS2_PLACEMENT_3D('',#8558,#6586,#6587);
#5762=AXIS2_PLACEMENT_3D('',#8561,#6589,#6590);
#5763=AXIS2_PLACEMENT_3D('',#8562,#6591,#6592);
#5764=AXIS2_PLACEMENT_3D('',#8568,#6596,#6597);
#5765=AXIS2_PLACEMENT_3D('',#8570,#6598,#6599);
#5766=AXIS2_PLACEMENT_3D('',#8572,#6601,#6602);
#5767=AXIS2_PLACEMENT_3D('',#8575,#6604,#6605);
#5768=AXIS2_PLACEMENT_3D('',#8576,#6606,#6607);
#5769=AXIS2_PLACEMENT_3D('',#8578,#6609,#6610);
#5770=AXIS2_PLACEMENT_3D('',#8579,#6611,#6612);
#5771=AXIS2_PLACEMENT_3D('',#8585,#6616,#6617);
#5772=AXIS2_PLACEMENT_3D('',#8587,#6618,#6619);
#5773=AXIS2_PLACEMENT_3D('',#8589,#6621,#6622);
#5774=AXIS2_PLACEMENT_3D('',#8592,#6624,#6625);
#5775=AXIS2_PLACEMENT_3D('',#8593,#6626,#6627);
#5776=AXIS2_PLACEMENT_3D('',#8595,#6629,#6630);
#5777=AXIS2_PLACEMENT_3D('',#8596,#6631,#6632);
#5778=AXIS2_PLACEMENT_3D('',#8599,#6633,#6634);
#5779=AXIS2_PLACEMENT_3D('',#8603,#6636,#6637);
#5780=AXIS2_PLACEMENT_3D('',#8605,#6639,#6640);
#5781=AXIS2_PLACEMENT_3D('',#8611,#6644,#6645);
#5782=AXIS2_PLACEMENT_3D('',#8613,#6646,#6647);
#5783=AXIS2_PLACEMENT_3D('',#8615,#6648,#6649);
#5784=AXIS2_PLACEMENT_3D('',#8617,#6651,#6652);
#5785=AXIS2_PLACEMENT_3D('',#8620,#6655,#6656);
#5786=AXIS2_PLACEMENT_3D('',#8621,#6657,#6658);
#5787=AXIS2_PLACEMENT_3D('',#8624,#6659,#6660);
#5788=AXIS2_PLACEMENT_3D('',#8628,#6662,#6663);
#5789=AXIS2_PLACEMENT_3D('',#8630,#6665,#6666);
#5790=AXIS2_PLACEMENT_3D('',#8636,#6670,#6671);
#5791=AXIS2_PLACEMENT_3D('',#8638,#6672,#6673);
#5792=AXIS2_PLACEMENT_3D('',#8640,#6674,#6675);
#5793=AXIS2_PLACEMENT_3D('',#8642,#6677,#6678);
#5794=AXIS2_PLACEMENT_3D('',#8645,#6681,#6682);
#5795=AXIS2_PLACEMENT_3D('',#8646,#6683,#6684);
#5796=AXIS2_PLACEMENT_3D('',#8655,#6689,#6690);
#5797=AXIS2_PLACEMENT_3D('',#8682,#6692,#6693);
#5798=AXIS2_PLACEMENT_3D('',#8683,#6694,#6695);
#5799=AXIS2_PLACEMENT_3D('',#8689,#6699,#6700);
#5800=AXIS2_PLACEMENT_3D('',#8692,#6702,#6703);
#5801=AXIS2_PLACEMENT_3D('',#8693,#6704,#6705);
#5802=AXIS2_PLACEMENT_3D('',#8699,#6709,#6710);
#5803=AXIS2_PLACEMENT_3D('',#8703,#6713,#6714);
#5804=AXIS2_PLACEMENT_3D('',#8714,#6715,#6716);
#5805=AXIS2_PLACEMENT_3D('',#8725,#6717,#6718);
#5806=AXIS2_PLACEMENT_3D('',#8726,#6719,#6720);
#5807=AXIS2_PLACEMENT_3D('',#8727,#6721,#6722);
#5808=AXIS2_PLACEMENT_3D('',#8728,#6723,#6724);
#5809=AXIS2_PLACEMENT_3D('',#8730,#6726,#6727);
#5810=AXIS2_PLACEMENT_3D('',#8733,#6728,#6729);
#5811=AXIS2_PLACEMENT_3D('',#8737,#6731,#6732);
#5812=AXIS2_PLACEMENT_3D('',#8739,#6734,#6735);
#5813=AXIS2_PLACEMENT_3D('',#8745,#6739,#6740);
#5814=AXIS2_PLACEMENT_3D('',#8747,#6741,#6742);
#5815=AXIS2_PLACEMENT_3D('',#8750,#6744,#6745);
#5816=AXIS2_PLACEMENT_3D('',#8751,#6746,#6747);
#5817=AXIS2_PLACEMENT_3D('',#8754,#6750,#6751);
#5818=AXIS2_PLACEMENT_3D('',#8755,#6752,#6753);
#5819=AXIS2_PLACEMENT_3D('',#8759,#6755,#6756);
#5820=AXIS2_PLACEMENT_3D('',#8761,#6758,#6759);
#5821=AXIS2_PLACEMENT_3D('',#8765,#6762,#6763);
#5822=AXIS2_PLACEMENT_3D('',#8769,#6766,#6767);
#5823=AXIS2_PLACEMENT_3D('',#8770,#6768,#6769);
#5824=AXIS2_PLACEMENT_3D('',#8771,#6770,#6771);
#5825=AXIS2_PLACEMENT_3D('',#8772,#6772,#6773);
#5826=AXIS2_PLACEMENT_3D('',#8783,#6774,#6775);
#5827=AXIS2_PLACEMENT_3D('',#8784,#6776,#6777);
#5828=AXIS2_PLACEMENT_3D('',#8795,#6778,#6779);
#5829=AXIS2_PLACEMENT_3D('',#8796,#6780,#6781);
#5830=AXIS2_PLACEMENT_3D('',#8797,#6782,#6783);
#5831=AXIS2_PLACEMENT_3D('',#8808,#6785,#6786);
#5832=AXIS2_PLACEMENT_3D('',#8809,#6787,#6788);
#5833=AXIS2_PLACEMENT_3D('',#8810,#6789,#6790);
#5834=AXIS2_PLACEMENT_3D('',#8811,#6791,#6792);
#5835=AXIS2_PLACEMENT_3D('',#8814,#6793,#6794);
#5836=AXIS2_PLACEMENT_3D('',#8818,#6796,#6797);
#5837=AXIS2_PLACEMENT_3D('',#8822,#6799,#6800);
#5838=AXIS2_PLACEMENT_3D('',#8826,#6802,#6803);
#5839=AXIS2_PLACEMENT_3D('',#8829,#6805,#6806);
#5840=AXIS2_PLACEMENT_3D('',#8838,#6810,#6811);
#5841=AXIS2_PLACEMENT_3D('',#8841,#6813,#6814);
#5842=AXIS2_PLACEMENT_3D('',#8842,#6815,#6816);
#5843=AXIS2_PLACEMENT_3D('',#8844,#6817,#6818);
#5844=AXIS2_PLACEMENT_3D('',#8847,#6820,#6821);
#5845=AXIS2_PLACEMENT_3D('',#8858,#6822,#6823);
#5846=AXIS2_PLACEMENT_3D('',#8859,#6824,#6825);
#5847=AXIS2_PLACEMENT_3D('',#8870,#6826,#6827);
#5848=AXIS2_PLACEMENT_3D('',#8871,#6828,#6829);
#5849=AXIS2_PLACEMENT_3D('',#8872,#6830,#6831);
#5850=AXIS2_PLACEMENT_3D('',#8876,#6833,#6834);
#5851=AXIS2_PLACEMENT_3D('',#8878,#6836,#6837);
#5852=AXIS2_PLACEMENT_3D('',#8882,#6839,#6840);
#5853=AXIS2_PLACEMENT_3D('',#8884,#6842,#6843);
#5854=AXIS2_PLACEMENT_3D('',#8885,#6844,#6845);
#5855=AXIS2_PLACEMENT_3D('',#8891,#6849,#6850);
#5856=AXIS2_PLACEMENT_3D('',#8893,#6851,#6852);
#5857=AXIS2_PLACEMENT_3D('',#8895,#6854,#6855);
#5858=AXIS2_PLACEMENT_3D('',#8899,#6858,#6859);
#5859=AXIS2_PLACEMENT_3D('',#8901,#6860,#6861);
#5860=AXIS2_PLACEMENT_3D('',#8903,#6862,#6863);
#5861=AXIS2_PLACEMENT_3D('',#8905,#6865,#6866);
#5862=AXIS2_PLACEMENT_3D('',#8914,#6871,#6872);
#5863=AXIS2_PLACEMENT_3D('',#8916,#6873,#6874);
#5864=AXIS2_PLACEMENT_3D('',#8918,#6875,#6876);
#5865=AXIS2_PLACEMENT_3D('',#8920,#6878,#6879);
#5866=AXIS2_PLACEMENT_3D('',#8926,#6883,#6884);
#5867=AXIS2_PLACEMENT_3D('',#8928,#6885,#6886);
#5868=AXIS2_PLACEMENT_3D('',#8930,#6887,#6888);
#5869=AXIS2_PLACEMENT_3D('',#8932,#6890,#6891);
#5870=AXIS2_PLACEMENT_3D('',#8938,#6895,#6896);
#5871=AXIS2_PLACEMENT_3D('',#8941,#6898,#6899);
#5872=AXIS2_PLACEMENT_3D('',#8942,#6900,#6901);
#5873=AXIS2_PLACEMENT_3D('',#8946,#6904,#6905);
#5874=AXIS2_PLACEMENT_3D('',#8947,#6906,#6907);
#5875=AXIS2_PLACEMENT_3D('',#8948,#6908,#6909);
#5876=AXIS2_PLACEMENT_3D('',#8949,#6910,#6911);
#5877=AXIS2_PLACEMENT_3D('',#8955,#6915,#6916);
#5878=AXIS2_PLACEMENT_3D('',#8957,#6917,#6918);
#5879=AXIS2_PLACEMENT_3D('',#8959,#6919,#6920);
#5880=AXIS2_PLACEMENT_3D('',#8961,#6922,#6923);
#5881=AXIS2_PLACEMENT_3D('',#8967,#6927,#6928);
#5882=AXIS2_PLACEMENT_3D('',#8968,#6929,#6930);
#5883=AXIS2_PLACEMENT_3D('',#8969,#6931,#6932);
#5884=AXIS2_PLACEMENT_3D('',#8970,#6933,#6934);
#5885=AXIS2_PLACEMENT_3D('',#8971,#6935,#6936);
#5886=AXIS2_PLACEMENT_3D('',#8973,#6937,#6938);
#5887=AXIS2_PLACEMENT_3D('',#9032,#6944,#6945);
#5888=AXIS2_PLACEMENT_3D('',#9043,#6946,#6947);
#5889=AXIS2_PLACEMENT_3D('',#9044,#6948,#6949);
#5890=AXIS2_PLACEMENT_3D('',#9055,#6950,#6951);
#5891=AXIS2_PLACEMENT_3D('',#9056,#6952,#6953);
#5892=AXIS2_PLACEMENT_3D('',#9057,#6954,#6955);
#5893=AXIS2_PLACEMENT_3D('',#9060,#6957,#6958);
#5894=AXIS2_PLACEMENT_3D('',#9061,#6959,#6960);
#5895=AXIS2_PLACEMENT_3D('',#9063,#6961,#6962);
#5896=AXIS2_PLACEMENT_3D('',#9133,#6968,#6969);
#5897=AXIS2_PLACEMENT_3D('',#9134,#6970,#6971);
#5898=AXIS2_PLACEMENT_3D('',#9145,#6972,#6973);
#5899=AXIS2_PLACEMENT_3D('',#9146,#6974,#6975);
#5900=AXIS2_PLACEMENT_3D('',#9157,#6976,#6977);
#5901=AXIS2_PLACEMENT_3D('',#9158,#6978,#6979);
#5902=AXIS2_PLACEMENT_3D('',#9159,#6980,#6981);
#5903=AXIS2_PLACEMENT_3D('',#9185,#6984,#6985);
#5904=AXIS2_PLACEMENT_3D('',#9194,#6990,#6991);
#5905=AXIS2_PLACEMENT_3D('',#9196,#6992,#6993);
#5906=AXIS2_PLACEMENT_3D('',#9198,#6994,#6995);
#5907=AXIS2_PLACEMENT_3D('',#9200,#6997,#6998);
#5908=AXIS2_PLACEMENT_3D('',#9206,#7002,#7003);
#5909=AXIS2_PLACEMENT_3D('',#9208,#7004,#7005);
#5910=AXIS2_PLACEMENT_3D('',#9210,#7006,#7007);
#5911=AXIS2_PLACEMENT_3D('',#9212,#7009,#7010);
#5912=AXIS2_PLACEMENT_3D('',#9221,#7015,#7016);
#5913=AXIS2_PLACEMENT_3D('',#9223,#7017,#7018);
#5914=AXIS2_PLACEMENT_3D('',#9225,#7019,#7020);
#5915=AXIS2_PLACEMENT_3D('',#9227,#7022,#7023);
#5916=AXIS2_PLACEMENT_3D('',#9233,#7027,#7028);
#5917=AXIS2_PLACEMENT_3D('',#9235,#7029,#7030);
#5918=AXIS2_PLACEMENT_3D('',#9237,#7031,#7032);
#5919=AXIS2_PLACEMENT_3D('',#9239,#7034,#7035);
#5920=AXIS2_PLACEMENT_3D('',#9245,#7039,#7040);
#5921=AXIS2_PLACEMENT_3D('',#9247,#7041,#7042);
#5922=AXIS2_PLACEMENT_3D('',#9249,#7043,#7044);
#5923=AXIS2_PLACEMENT_3D('',#9251,#7046,#7047);
#5924=AXIS2_PLACEMENT_3D('',#9257,#7051,#7052);
#5925=AXIS2_PLACEMENT_3D('',#9258,#7053,#7054);
#5926=AXIS2_PLACEMENT_3D('',#9259,#7055,#7056);
#5927=AXIS2_PLACEMENT_3D('',#9260,#7057,#7058);
#5928=AXIS2_PLACEMENT_3D('',#9266,#7062,#7063);
#5929=AXIS2_PLACEMENT_3D('',#9268,#7064,#7065);
#5930=AXIS2_PLACEMENT_3D('',#9271,#7067,#7068);
#5931=AXIS2_PLACEMENT_3D('',#9272,#7069,#7070);
#5932=AXIS2_PLACEMENT_3D('',#9278,#7074,#7075);
#5933=AXIS2_PLACEMENT_3D('',#9279,#7076,#7077);
#5934=AXIS2_PLACEMENT_3D('',#9280,#7078,#7079);
#5935=AXIS2_PLACEMENT_3D('',#9281,#7080,#7081);
#5936=AXIS2_PLACEMENT_3D('',#9291,#7082,#7083);
#5937=AXIS2_PLACEMENT_3D('',#9292,#7084,#7085);
#5938=AXIS2_PLACEMENT_3D('',#9302,#7086,#7087);
#5939=AXIS2_PLACEMENT_3D('',#9303,#7088,#7089);
#5940=AXIS2_PLACEMENT_3D('',#9304,#7090,#7091);
#5941=AXIS2_PLACEMENT_3D('',#9305,#7092,#7093);
#5942=AXIS2_PLACEMENT_3D('',#9354,#7096,#7097);
#5943=AXIS2_PLACEMENT_3D('',#9355,#7098,#7099);
#5944=AXIS2_PLACEMENT_3D('',#9365,#7100,#7101);
#5945=AXIS2_PLACEMENT_3D('',#9366,#7102,#7103);
#5946=AXIS2_PLACEMENT_3D('',#9413,#7106,#7107);
#5947=AXIS2_PLACEMENT_3D('',#9414,#7108,#7109);
#5948=AXIS2_PLACEMENT_3D('',#9415,#7110,#7111);
#5949=AXIS2_PLACEMENT_3D('',#9417,#7113,#7114);
#5950=AXIS2_PLACEMENT_3D('',#9418,#7115,#7116);
#5951=AXIS2_PLACEMENT_3D('',#9428,#7117,#7118);
#5952=AXIS2_PLACEMENT_3D('',#9438,#7119,#7120);
#5953=AXIS2_PLACEMENT_3D('',#9448,#7121,#7122);
#5954=AXIS2_PLACEMENT_3D('',#9449,#7123,#7124);
#5955=AXIS2_PLACEMENT_3D('',#9469,#7125,#7126);
#5956=AXIS2_PLACEMENT_3D('',#9471,#7127,#7128);
#5957=AXIS2_PLACEMENT_3D('',#9474,#7130,#7131);
#5958=AXIS2_PLACEMENT_3D('',#9475,#7132,#7133);
#5959=AXIS2_PLACEMENT_3D('',#9477,#7134,#7135);
#5960=AXIS2_PLACEMENT_3D('',#9480,#7137,#7138);
#5961=AXIS2_PLACEMENT_3D('',#9481,#7139,#7140);
#5962=AXIS2_PLACEMENT_3D('',#9482,#7141,#7142);
#5963=AXIS2_PLACEMENT_3D('',#9485,#7144,#7145);
#5964=AXIS2_PLACEMENT_3D('',#9486,#7146,#7147);
#5965=AXIS2_PLACEMENT_3D('',#9488,#7148,#7149);
#5966=AXIS2_PLACEMENT_3D('',#9490,#7151,#7152);
#5967=AXIS2_PLACEMENT_3D('',#9491,#7153,#7154);
#5968=AXIS2_PLACEMENT_3D('',#9492,#7155,#7156);
#5969=AXIS2_PLACEMENT_3D('',#9495,#7158,#7159);
#5970=AXIS2_PLACEMENT_3D('',#9496,#7160,#7161);
#5971=AXIS2_PLACEMENT_3D('',#9497,#7162,#7163);
#5972=AXIS2_PLACEMENT_3D('',#9498,#7164,#7165);
#5973=AXIS2_PLACEMENT_3D('',#9499,#7166,#7167);
#5974=AXIS2_PLACEMENT_3D('',#9505,#7171,#7172);
#5975=AXIS2_PLACEMENT_3D('',#9508,#7174,#7175);
#5976=AXIS2_PLACEMENT_3D('',#9509,#7176,#7177);
#5977=AXIS2_PLACEMENT_3D('',#9511,#7178,#7179);
#5978=AXIS2_PLACEMENT_3D('',#9513,#7181,#7182);
#5979=AXIS2_PLACEMENT_3D('',#9515,#7184,#7185);
#5980=AXIS2_PLACEMENT_3D('',#9516,#7186,#7187);
#5981=AXIS2_PLACEMENT_3D('',#9522,#7191,#7192);
#5982=AXIS2_PLACEMENT_3D('',#9525,#7194,#7195);
#5983=AXIS2_PLACEMENT_3D('',#9526,#7196,#7197);
#5984=AXIS2_PLACEMENT_3D('',#9528,#7198,#7199);
#5985=AXIS2_PLACEMENT_3D('',#9530,#7201,#7202);
#5986=AXIS2_PLACEMENT_3D('',#9532,#7204,#7205);
#5987=AXIS2_PLACEMENT_3D('',#9533,#7206,#7207);
#5988=AXIS2_PLACEMENT_3D('',#9537,#7209,#7210);
#5989=AXIS2_PLACEMENT_3D('',#9539,#7212,#7213);
#5990=AXIS2_PLACEMENT_3D('',#9543,#7216,#7217);
#5991=AXIS2_PLACEMENT_3D('',#9546,#7219,#7220);
#5992=AXIS2_PLACEMENT_3D('',#9547,#7221,#7222);
#5993=AXIS2_PLACEMENT_3D('',#9549,#7224,#7225);
#5994=AXIS2_PLACEMENT_3D('',#9550,#7226,#7227);
#5995=AXIS2_PLACEMENT_3D('',#9554,#7229,#7230);
#5996=AXIS2_PLACEMENT_3D('',#9556,#7232,#7233);
#5997=AXIS2_PLACEMENT_3D('',#9560,#7236,#7237);
#5998=AXIS2_PLACEMENT_3D('',#9563,#7239,#7240);
#5999=AXIS2_PLACEMENT_3D('',#9564,#7241,#7242);
#6000=AXIS2_PLACEMENT_3D('',#9566,#7244,#7245);
#6001=AXIS2_PLACEMENT_3D('',#9567,#7246,#7247);
#6002=AXIS2_PLACEMENT_3D('',#9576,#7252,#7253);
#6003=AXIS2_PLACEMENT_3D('',#9589,#7254,#7255);
#6004=AXIS2_PLACEMENT_3D('',#9602,#7257,#7258);
#6005=AXIS2_PLACEMENT_3D('',#9608,#7262,#7263);
#6006=AXIS2_PLACEMENT_3D('',#9610,#7264,#7265);
#6007=AXIS2_PLACEMENT_3D('',#9612,#7267,#7268);
#6008=AXIS2_PLACEMENT_3D('',#9618,#7272,#7273);
#6009=AXIS2_PLACEMENT_3D('',#9622,#7276,#7277);
#6010=AXIS2_PLACEMENT_3D('',#9634,#7278,#7279);
#6011=AXIS2_PLACEMENT_3D('',#9647,#7280,#7281);
#6012=AXIS2_PLACEMENT_3D('',#9648,#7282,#7283);
#6013=AXIS2_PLACEMENT_3D('',#9649,#7284,#7285);
#6014=AXIS2_PLACEMENT_3D('',#9650,#7286,#7287);
#6015=AXIS2_PLACEMENT_3D('',#9694,#7289,#7290);
#6016=AXIS2_PLACEMENT_3D('',#9697,#7293,#7294);
#6017=AXIS2_PLACEMENT_3D('',#9700,#7295,#7296);
#6018=AXIS2_PLACEMENT_3D('',#9704,#7298,#7299);
#6019=AXIS2_PLACEMENT_3D('',#9706,#7301,#7302);
#6020=AXIS2_PLACEMENT_3D('',#9712,#7306,#7307);
#6021=AXIS2_PLACEMENT_3D('',#9714,#7308,#7309);
#6022=AXIS2_PLACEMENT_3D('',#9716,#7310,#7311);
#6023=AXIS2_PLACEMENT_3D('',#9718,#7313,#7314);
#6024=AXIS2_PLACEMENT_3D('',#9721,#7317,#7318);
#6025=AXIS2_PLACEMENT_3D('',#9722,#7319,#7320);
#6026=AXIS2_PLACEMENT_3D('',#9726,#7322,#7323);
#6027=AXIS2_PLACEMENT_3D('',#9728,#7325,#7326);
#6028=AXIS2_PLACEMENT_3D('',#9732,#7329,#7330);
#6029=AXIS2_PLACEMENT_3D('',#9736,#7333,#7334);
#6030=AXIS2_PLACEMENT_3D('',#9737,#7335,#7336);
#6031=AXIS2_PLACEMENT_3D('',#9738,#7337,#7338);
#6032=AXIS2_PLACEMENT_3D('',#9739,#7339,#7340);
#6033=AXIS2_PLACEMENT_3D('',#9749,#7341,#7342);
#6034=AXIS2_PLACEMENT_3D('',#9759,#7343,#7344);
#6035=AXIS2_PLACEMENT_3D('',#9760,#7345,#7346);
#6036=AXIS2_PLACEMENT_3D('',#9771,#7348,#7349);
#6037=AXIS2_PLACEMENT_3D('',#9772,#7350,#7351);
#6038=AXIS2_PLACEMENT_3D('',#9773,#7352,#7353);
#6039=AXIS2_PLACEMENT_3D('',#9774,#7354,#7355);
#6040=AXIS2_PLACEMENT_3D('',#9775,#7356,#7357);
#6041=AXIS2_PLACEMENT_3D('',#9898,#7364,#7365);
#6042=AXIS2_PLACEMENT_3D('',#9904,#7369,#7370);
#6043=AXIS2_PLACEMENT_3D('',#9908,#7372,#7373);
#6044=AXIS2_PLACEMENT_3D('',#9909,#7374,#7375);
#6045=AXIS2_PLACEMENT_3D('',#10049,#7379,#7380);
#6046=AXIS2_PLACEMENT_3D('',#10053,#7383,#7384);
#6047=AXIS2_PLACEMENT_3D('',#10110,#7391,#7392);
#6048=AXIS2_PLACEMENT_3D('',#10220,#7398,#7399);
#6049=AXIS2_PLACEMENT_3D('',#10400,#7406,#7407);
#6050=AXIS2_PLACEMENT_3D('',#10477,#7412,#7413);
#6051=AXIS2_PLACEMENT_3D('',#10479,#7415,#7416);
#6052=AXIS2_PLACEMENT_3D('',#10483,#7418,#7419);
#6053=AXIS2_PLACEMENT_3D('',#10487,#7421,#7422);
#6054=AXIS2_PLACEMENT_3D('',#10508,#7425,#7426);
#6055=AXIS2_PLACEMENT_3D('',#10522,#7429,#7430);
#6056=AXIS2_PLACEMENT_3D('',#10544,#7432,#7433);
#6057=AXIS2_PLACEMENT_3D('',#10546,#7434,#7435);
#6058=AXIS2_PLACEMENT_3D('',#10549,#7437,#7438);
#6059=AXIS2_PLACEMENT_3D('',#10550,#7439,#7440);
#6060=AXIS2_PLACEMENT_3D('',#10559,#7445,#7446);
#6061=AXIS2_PLACEMENT_3D('',#10563,#7448,#7449);
#6062=AXIS2_PLACEMENT_3D('',#10564,#7450,#7451);
#6063=AXIS2_PLACEMENT_3D('',#10565,#7452,#7453);
#6064=AXIS2_PLACEMENT_3D('',#10571,#7457,#7458);
#6065=AXIS2_PLACEMENT_3D('',#10572,#7459,#7460);
#6066=AXIS2_PLACEMENT_3D('',#10573,#7461,#7462);
#6067=AXIS2_PLACEMENT_3D('',#10574,#7463,#7464);
#6068=AXIS2_PLACEMENT_3D('',#10579,#7466,#7467);
#6069=AXIS2_PLACEMENT_3D('',#10583,#7469,#7470);
#6070=AXIS2_PLACEMENT_3D('',#10587,#7472,#7473);
#6071=AXIS2_PLACEMENT_3D('',#10590,#7475,#7476);
#6072=AXIS2_PLACEMENT_3D('',#10592,#7477,#7478);
#6073=AXIS2_PLACEMENT_3D('',#10593,#7479,#7480);
#6074=AXIS2_PLACEMENT_3D('',#10596,#7482,#7483);
#6075=AXIS2_PLACEMENT_3D('',#10597,#7484,#7485);
#6076=AXIS2_PLACEMENT_3D('',#10600,#7486,#7487);
#6077=AXIS2_PLACEMENT_3D('',#10604,#7489,#7490);
#6078=AXIS2_PLACEMENT_3D('',#10608,#7492,#7493);
#6079=AXIS2_PLACEMENT_3D('',#10612,#7495,#7496);
#6080=AXIS2_PLACEMENT_3D('',#10614,#7498,#7499);
#6081=AXIS2_PLACEMENT_3D('',#10623,#7504,#7505);
#6082=AXIS2_PLACEMENT_3D('',#10626,#7507,#7508);
#6083=AXIS2_PLACEMENT_3D('',#10627,#7509,#7510);
#6084=AXIS2_PLACEMENT_3D('',#10628,#7511,#7512);
#6085=AXIS2_PLACEMENT_3D('',#10632,#7515,#7516);
#6086=AXIS2_PLACEMENT_3D('',#10636,#7518,#7519);
#6087=AXIS2_PLACEMENT_3D('',#10637,#7520,#7521);
#6088=AXIS2_PLACEMENT_3D('',#10638,#7522,#7523);
#6089=AXIS2_PLACEMENT_3D('',#10644,#7527,#7528);
#6090=AXIS2_PLACEMENT_3D('',#10648,#7530,#7531);
#6091=AXIS2_PLACEMENT_3D('',#10649,#7532,#7533);
#6092=AXIS2_PLACEMENT_3D('',#10650,#7534,#7535);
#6093=AXIS2_PLACEMENT_3D('',#10656,#7539,#7540);
#6094=AXIS2_PLACEMENT_3D('',#10657,#7541,#7542);
#6095=AXIS2_PLACEMENT_3D('',#10658,#7543,#7544);
#6096=AXIS2_PLACEMENT_3D('',#10659,#7545,#7546);
#6097=AXIS2_PLACEMENT_3D('',#10664,#7548,#7549);
#6098=AXIS2_PLACEMENT_3D('',#10668,#7551,#7552);
#6099=AXIS2_PLACEMENT_3D('',#10672,#7554,#7555);
#6100=AXIS2_PLACEMENT_3D('',#10675,#7557,#7558);
#6101=AXIS2_PLACEMENT_3D('',#10676,#7559,#7560);
#6102=AXIS2_PLACEMENT_3D('',#10678,#7561,#7562);
#6103=AXIS2_PLACEMENT_3D('',#10680,#7563,#7564);
#6104=AXIS2_PLACEMENT_3D('',#10682,#7566,#7567);
#6105=AXIS2_PLACEMENT_3D('',#10684,#7568,#7569);
#6106=AXIS2_PLACEMENT_3D('',#10685,#7570,#7571);
#6107=AXIS2_PLACEMENT_3D('',#10686,#7572,#7573);
#6108=AXIS2_PLACEMENT_3D('',#10688,#7574,#7575);
#6109=AXIS2_PLACEMENT_3D('',#10690,#7577,#7578);
#6110=AXIS2_PLACEMENT_3D('',#10691,#7579,#7580);
#6111=AXIS2_PLACEMENT_3D('',#10692,#7581,#7582);
#6112=AXIS2_PLACEMENT_3D('',#10693,#7583,#7584);
#6113=AXIS2_PLACEMENT_3D('',#10694,#7585,#7586);
#6114=AXIS2_PLACEMENT_3D('',#10695,#7587,#7588);
#6115=AXIS2_PLACEMENT_3D('',#10697,#7589,#7590);
#6116=AXIS2_PLACEMENT_3D('',#10698,#7591,#7592);
#6117=AXIS2_PLACEMENT_3D('',#10699,#7593,#7594);
#6118=AXIS2_PLACEMENT_3D('',#10701,#7595,#7596);
#6119=AXIS2_PLACEMENT_3D('',#10703,#7598,#7599);
#6120=AXIS2_PLACEMENT_3D('',#10704,#7600,#7601);
#6121=AXIS2_PLACEMENT_3D('',#10705,#7602,#7603);
#6122=AXIS2_PLACEMENT_3D('',#10708,#7605,#7606);
#6123=AXIS2_PLACEMENT_3D('',#10709,#7607,#7608);
#6124=AXIS2_PLACEMENT_3D('',#10713,#7611,#7612);
#6125=AXIS2_PLACEMENT_3D('',#10716,#7614,#7615);
#6126=AXIS2_PLACEMENT_3D('',#10717,#7616,#7617);
#6127=AXIS2_PLACEMENT_3D('',#10721,#7620,#7621);
#6128=AXIS2_PLACEMENT_3D('',#10722,#7622,#7623);
#6129=AXIS2_PLACEMENT_3D('',#10723,#7624,#7625);
#6130=AXIS2_PLACEMENT_3D('',#10724,#7626,#7627);
#6131=AXIS2_PLACEMENT_3D('',#10726,#7628,#7629);
#6132=AXIS2_PLACEMENT_3D('',#10727,#7630,#7631);
#6133=AXIS2_PLACEMENT_3D('',#10728,#7632,#7633);
#6134=AXIS2_PLACEMENT_3D('',#10730,#7634,#7635);
#6135=AXIS2_PLACEMENT_3D('',#10732,#7637,#7638);
#6136=AXIS2_PLACEMENT_3D('',#10733,#7639,#7640);
#6137=AXIS2_PLACEMENT_3D('',#10734,#7641,#7642);
#6138=AXIS2_PLACEMENT_3D('',#10735,#7643,#7644);
#6139=AXIS2_PLACEMENT_3D('',#10736,#7645,#7646);
#6140=AXIS2_PLACEMENT_3D('',#10737,#7647,#7648);
#6141=AXIS2_PLACEMENT_3D('',#10738,#7649,#7650);
#6142=AXIS2_PLACEMENT_3D('',#10739,#7651,#7652);
#6143=AXIS2_PLACEMENT_3D('',#10740,#7653,#7654);
#6144=AXIS2_PLACEMENT_3D('',#10741,#7655,#7656);
#6145=AXIS2_PLACEMENT_3D('',#10742,#7657,#7658);
#6146=AXIS2_PLACEMENT_3D('',#10744,#7660,#7661);
#6147=AXIS2_PLACEMENT_3D('',#10746,#7663,#7664);
#6148=AXIS2_PLACEMENT_3D('',#10763,#7665,#7666);
#6149=AXIS2_PLACEMENT_3D('',#10764,#7667,#7668);
#6150=AXIS2_PLACEMENT_3D('',#10775,#7669,#7670);
#6151=AXIS2_PLACEMENT_3D('',#10776,#7671,#7672);
#6152=AXIS2_PLACEMENT_3D('',#10787,#7673,#7674);
#6153=AXIS2_PLACEMENT_3D('',#10789,#7675,#7676);
#6154=AXIS2_PLACEMENT_3D('',#10790,#7677,#7678);
#6155=AXIS2_PLACEMENT_3D('',#10800,#7679,#7680);
#6156=AXIS2_PLACEMENT_3D('',#10801,#7681,#7682);
#6157=AXIS2_PLACEMENT_3D('',#10802,#7683,#7684);
#6158=AXIS2_PLACEMENT_3D('',#10804,#7685,#7686);
#6159=AXIS2_PLACEMENT_3D('',#10806,#7688,#7689);
#6160=AXIS2_PLACEMENT_3D('',#10807,#7690,#7691);
#6161=AXIS2_PLACEMENT_3D('',#10824,#7692,#7693);
#6162=AXIS2_PLACEMENT_3D('',#10825,#7694,#7695);
#6163=AXIS2_PLACEMENT_3D('',#10836,#7696,#7697);
#6164=AXIS2_PLACEMENT_3D('',#10837,#7698,#7699);
#6165=AXIS2_PLACEMENT_3D('',#10848,#7700,#7701);
#6166=AXIS2_PLACEMENT_3D('',#10849,#7702,#7703);
#6167=AXIS2_PLACEMENT_3D('',#10859,#7704,#7705);
#6168=AXIS2_PLACEMENT_3D('',#10860,#7706,#7707);
#6169=AXIS2_PLACEMENT_3D('',#10862,#7708,#7709);
#6170=AXIS2_PLACEMENT_3D('',#10864,#7711,#7712);
#6171=AXIS2_PLACEMENT_3D('',#10866,#7713,#7714);
#6172=AXIS2_PLACEMENT_3D('',#10868,#7716,#7717);
#6173=AXIS2_PLACEMENT_3D('',#10870,#7718,#7719);
#6174=AXIS2_PLACEMENT_3D('',#10872,#7721,#7722);
#6175=AXIS2_PLACEMENT_3D('',#10873,#7723,#7724);
#6176=AXIS2_PLACEMENT_3D('',#10890,#7725,#7726);
#6177=AXIS2_PLACEMENT_3D('',#10891,#7727,#7728);
#6178=AXIS2_PLACEMENT_3D('',#10902,#7729,#7730);
#6179=AXIS2_PLACEMENT_3D('',#10903,#7731,#7732);
#6180=AXIS2_PLACEMENT_3D('',#10914,#7733,#7734);
#6181=AXIS2_PLACEMENT_3D('',#10915,#7735,#7736);
#6182=AXIS2_PLACEMENT_3D('',#10925,#7737,#7738);
#6183=AXIS2_PLACEMENT_3D('',#10926,#7739,#7740);
#6184=AXIS2_PLACEMENT_3D('',#10928,#7741,#7742);
#6185=AXIS2_PLACEMENT_3D('',#10930,#7744,#7745);
#6186=AXIS2_PLACEMENT_3D('',#10932,#7746,#7747);
#6187=AXIS2_PLACEMENT_3D('',#10934,#7749,#7750);
#6188=AXIS2_PLACEMENT_3D('',#10936,#7751,#7752);
#6189=AXIS2_PLACEMENT_3D('',#10938,#7754,#7755);
#6190=AXIS2_PLACEMENT_3D('',#10939,#7756,#7757);
#6191=AXIS2_PLACEMENT_3D('',#10956,#7758,#7759);
#6192=AXIS2_PLACEMENT_3D('',#10957,#7760,#7761);
#6193=AXIS2_PLACEMENT_3D('',#10968,#7762,#7763);
#6194=AXIS2_PLACEMENT_3D('',#10969,#7764,#7765);
#6195=AXIS2_PLACEMENT_3D('',#10980,#7766,#7767);
#6196=AXIS2_PLACEMENT_3D('',#10981,#7768,#7769);
#6197=AXIS2_PLACEMENT_3D('',#10991,#7770,#7771);
#6198=AXIS2_PLACEMENT_3D('',#10992,#7772,#7773);
#6199=AXIS2_PLACEMENT_3D('',#10994,#7775,#7776);
#6200=AXIS2_PLACEMENT_3D('',#10996,#7778,#7779);
#6201=AXIS2_PLACEMENT_3D('',#10998,#7781,#7782);
#6202=AXIS2_PLACEMENT_3D('',#10999,#7783,#7784);
#6203=AXIS2_PLACEMENT_3D('',#11004,#7786,#7787);
#6204=AXIS2_PLACEMENT_3D('',#11007,#7789,#7790);
#6205=AXIS2_PLACEMENT_3D('',#11008,#7791,#7792);
#6206=AXIS2_PLACEMENT_3D('',#11014,#7796,#7797);
#6207=AXIS2_PLACEMENT_3D('',#11016,#7798,#7799);
#6208=AXIS2_PLACEMENT_3D('',#11019,#7801,#7802);
#6209=AXIS2_PLACEMENT_3D('',#11020,#7803,#7804);
#6210=AXIS2_PLACEMENT_3D('',#11026,#7808,#7809);
#6211=AXIS2_PLACEMENT_3D('',#11028,#7810,#7811);
#6212=AXIS2_PLACEMENT_3D('',#11031,#7813,#7814);
#6213=AXIS2_PLACEMENT_3D('',#11032,#7815,#7816);
#6214=AXIS2_PLACEMENT_3D('',#11038,#7820,#7821);
#6215=AXIS2_PLACEMENT_3D('',#11044,#7825,#7826);
#6216=AXIS2_PLACEMENT_3D('',#11045,#7827,#7828);
#6217=AXIS2_PLACEMENT_3D('',#11046,#7829,#7830);
#6218=AXIS2_PLACEMENT_3D('',#11047,#7831,#7832);
#6219=AXIS2_PLACEMENT_3D('',#11048,#7833,#7834);
#6220=DIRECTION('axis',(0.,0.,1.));
#6221=DIRECTION('refdir',(1.,0.,0.));
#6222=DIRECTION('axis',(0.,0.,1.));
#6223=DIRECTION('refdir',(1.,0.,0.));
#6224=DIRECTION('center_axis',(0.,-1.,0.));
#6225=DIRECTION('ref_axis',(0.,0.,-1.));
#6226=DIRECTION('center_axis',(0.,-1.,0.));
#6227=DIRECTION('ref_axis',(1.,0.,0.));
#6228=DIRECTION('center_axis',(0.,-1.,0.));
#6229=DIRECTION('ref_axis',(1.,0.,0.));
#6230=DIRECTION('center_axis',(0.,-1.,0.));
#6231=DIRECTION('ref_axis',(0.,0.,-1.));
#6232=DIRECTION('center_axis',(0.,1.,0.));
#6233=DIRECTION('ref_axis',(1.,0.,0.));
#6234=DIRECTION('center_axis',(0.,-1.,0.));
#6235=DIRECTION('ref_axis',(0.,0.,-1.));
#6236=DIRECTION('center_axis',(0.,-1.,0.));
#6237=DIRECTION('ref_axis',(0.,0.,-1.));
#6238=DIRECTION('center_axis',(0.,1.,0.));
#6239=DIRECTION('ref_axis',(1.,0.,0.));
#6240=DIRECTION('center_axis',(0.,-1.,0.));
#6241=DIRECTION('ref_axis',(0.,0.,-1.));
#6242=DIRECTION('center_axis',(0.,1.,0.));
#6243=DIRECTION('ref_axis',(1.,0.,0.));
#6244=DIRECTION('center_axis',(0.,-1.,0.));
#6245=DIRECTION('ref_axis',(0.,0.,-1.));
#6246=DIRECTION('center_axis',(0.,1.,0.));
#6247=DIRECTION('ref_axis',(1.,0.,0.));
#6248=DIRECTION('center_axis',(0.,1.,0.));
#6249=DIRECTION('ref_axis',(0.,0.,1.));
#6250=DIRECTION('center_axis',(0.,-1.,0.));
#6251=DIRECTION('ref_axis',(1.,0.,0.));
#6252=DIRECTION('',(2.44172761429588E-16,0.,1.));
#6253=DIRECTION('center_axis',(0.,-1.,0.));
#6254=DIRECTION('ref_axis',(0.707106781186545,0.,-0.70710678118655));
#6255=DIRECTION('',(1.,0.,0.));
#6256=DIRECTION('center_axis',(0.,-1.,0.));
#6257=DIRECTION('ref_axis',(-0.707106781186545,0.,-0.70710678118655));
#6258=DIRECTION('',(-6.10431903573969E-17,0.,-1.));
#6259=DIRECTION('center_axis',(0.,-1.,0.));
#6260=DIRECTION('ref_axis',(0.,0.,-1.));
#6261=DIRECTION('',(1.,0.,0.));
#6262=DIRECTION('center_axis',(0.,-1.,0.));
#6263=DIRECTION('ref_axis',(0.,0.,-1.));
#6264=DIRECTION('',(1.,0.,1.17251276528069E-15));
#6265=DIRECTION('center_axis',(0.,-1.,0.));
#6266=DIRECTION('ref_axis',(6.34413156928666E-15,0.,1.));
#6267=DIRECTION('',(-1.,0.,-1.17251276528069E-15));
#6268=DIRECTION('center_axis',(0.,1.,0.));
#6269=DIRECTION('ref_axis',(0.,0.,1.));
#6270=DIRECTION('center_axis',(0.,-1.,0.));
#6271=DIRECTION('ref_axis',(0.,0.,1.));
#6272=DIRECTION('',(-1.,0.,0.));
#6273=DIRECTION('center_axis',(0.,-1.,0.));
#6274=DIRECTION('ref_axis',(-1.,0.,0.));
#6275=DIRECTION('',(-6.10431903573969E-17,0.,-1.));
#6276=DIRECTION('center_axis',(0.,-1.,0.));
#6277=DIRECTION('ref_axis',(-0.707106781186545,0.,0.70710678118655));
#6278=DIRECTION('',(-1.,0.,1.30231439838728E-16));
#6279=DIRECTION('center_axis',(0.,-1.,0.));
#6280=DIRECTION('ref_axis',(0.707106781186547,0.,0.707106781186547));
#6281=DIRECTION('',(2.44172761429588E-16,0.,1.));
#6282=DIRECTION('center_axis',(0.,-1.,0.));
#6283=DIRECTION('ref_axis',(6.34413156928666E-15,0.,1.));
#6284=DIRECTION('',(-1.,0.,0.));
#6285=DIRECTION('center_axis',(0.,-1.,0.));
#6286=DIRECTION('ref_axis',(0.,0.,-1.));
#6287=DIRECTION('',(1.,0.,0.));
#6288=DIRECTION('center_axis',(0.,1.,0.));
#6289=DIRECTION('ref_axis',(0.,0.,1.));
#6290=DIRECTION('center_axis',(-1.,0.,0.));
#6291=DIRECTION('ref_axis',(0.,1.,0.));
#6292=DIRECTION('center_axis',(0.,-1.,0.));
#6293=DIRECTION('ref_axis',(1.,0.,0.));
#6294=DIRECTION('center_axis',(0.,0.,1.));
#6295=DIRECTION('ref_axis',(1.,0.,0.));
#6296=DIRECTION('center_axis',(-2.44172761429588E-16,0.,-1.));
#6297=DIRECTION('ref_axis',(0.707106781186548,0.707106781186547,-1.72656215387907E-16));
#6298=DIRECTION('',(-2.44172761429588E-16,0.,-1.));
#6299=DIRECTION('',(3.58859967554341E-16,0.,1.));
#6300=DIRECTION('',(2.44172761429588E-16,0.,1.));
#6301=DIRECTION('',(4.35381578275277E-16,0.,1.));
#6302=DIRECTION('',(2.44172761429588E-16,0.,1.));
#6303=DIRECTION('',(-2.62192891423993E-16,0.,-1.));
#6304=DIRECTION('center_axis',(0.,0.,-1.));
#6305=DIRECTION('ref_axis',(0.,1.,0.));
#6306=DIRECTION('center_axis',(0.,1.,0.));
#6307=DIRECTION('ref_axis',(0.,0.,1.));
#6308=DIRECTION('center_axis',(0.,-1.,0.));
#6309=DIRECTION('ref_axis',(0.,0.,1.));
#6310=DIRECTION('center_axis',(-1.,0.,0.));
#6311=DIRECTION('ref_axis',(0.,0.,1.));
#6312=DIRECTION('center_axis',(-1.,0.,0.));
#6313=DIRECTION('ref_axis',(0.,0.707106781186548,-0.707106781186547));
#6314=DIRECTION('',(-1.,0.,0.));
#6315=DIRECTION('center_axis',(1.,0.,0.));
#6316=DIRECTION('ref_axis',(0.,0.,-1.));
#6317=DIRECTION('',(1.,0.,0.));
#6318=DIRECTION('',(1.,0.,0.));
#6319=DIRECTION('center_axis',(0.,1.,0.));
#6320=DIRECTION('ref_axis',(0.,0.,1.));
#6321=DIRECTION('center_axis',(0.,0.,1.));
#6322=DIRECTION('ref_axis',(0.,1.,0.));
#6323=DIRECTION('center_axis',(0.,1.,0.));
#6324=DIRECTION('ref_axis',(-1.,0.,0.));
#6325=DIRECTION('center_axis',(6.10431903573969E-17,0.,1.));
#6326=DIRECTION('ref_axis',(-0.707106781186548,0.707106781186547,4.31640538469766E-17));
#6327=DIRECTION('',(6.10431903573969E-17,0.,1.));
#6328=DIRECTION('center_axis',(0.,0.,-1.));
#6329=DIRECTION('ref_axis',(-1.,0.,0.));
#6330=DIRECTION('',(-3.35161667811368E-17,0.,-1.));
#6331=DIRECTION('center_axis',(0.,1.,0.));
#6332=DIRECTION('ref_axis',(0.,0.,1.));
#6333=DIRECTION('center_axis',(1.,0.,0.));
#6334=DIRECTION('ref_axis',(0.,1.,0.));
#6335=DIRECTION('center_axis',(0.,1.,0.));
#6336=DIRECTION('ref_axis',(0.,0.,1.));
#6337=DIRECTION('center_axis',(1.,0.,-1.30231439838728E-16));
#6338=DIRECTION('ref_axis',(9.20875342336524E-17,0.707106781186548,0.707106781186547));
#6339=DIRECTION('',(1.,0.,-1.30231439838728E-16));
#6340=DIRECTION('',(-1.,0.,3.79158343520533E-16));
#6341=DIRECTION('',(-1.,0.,1.30231439838728E-16));
#6342=DIRECTION('',(-1.,0.,0.));
#6343=DIRECTION('',(-1.,0.,1.30231439838728E-16));
#6344=DIRECTION('',(1.,0.,0.));
#6345=DIRECTION('center_axis',(0.,-1.,0.));
#6346=DIRECTION('ref_axis',(0.,0.,-1.));
#6347=DIRECTION('center_axis',(0.,0.,-1.));
#6348=DIRECTION('ref_axis',(0.,-1.,0.));
#6349=DIRECTION('center_axis',(1.,0.,0.));
#6350=DIRECTION('ref_axis',(0.,0.,1.));
#6351=DIRECTION('center_axis',(-6.10431903573969E-17,0.,-1.));
#6352=DIRECTION('ref_axis',(-0.707106781186548,-0.707106781186547,4.31640538469766E-17));
#6353=DIRECTION('',(-6.10431903573969E-17,0.,-1.));
#6354=DIRECTION('center_axis',(0.,0.,1.));
#6355=DIRECTION('ref_axis',(-1.,0.,0.));
#6356=DIRECTION('center_axis',(0.,-1.,0.));
#6357=DIRECTION('ref_axis',(0.,0.,-1.));
#6358=DIRECTION('center_axis',(1.,0.,0.));
#6359=DIRECTION('ref_axis',(0.,-1.,0.));
#6360=DIRECTION('center_axis',(1.,0.,0.));
#6361=DIRECTION('ref_axis',(0.,-0.707106781186548,-0.707106781186547));
#6362=DIRECTION('',(1.,0.,0.));
#6363=DIRECTION('center_axis',(-1.,0.,0.));
#6364=DIRECTION('ref_axis',(0.,0.,-1.));
#6365=DIRECTION('center_axis',(0.,-1.,0.));
#6366=DIRECTION('ref_axis',(0.,0.,-1.));
#6367=DIRECTION('center_axis',(0.,0.,1.));
#6368=DIRECTION('ref_axis',(0.,-1.,0.));
#6369=DIRECTION('center_axis',(2.44172761429588E-16,0.,1.));
#6370=DIRECTION('ref_axis',(0.707106781186548,-0.707106781186547,-1.72656215387907E-16));
#6371=DIRECTION('',(2.44172761429588E-16,0.,1.));
#6372=DIRECTION('center_axis',(0.,0.,-1.));
#6373=DIRECTION('ref_axis',(1.,0.,0.));
#6374=DIRECTION('',(-2.44172761429588E-16,0.,-1.));
#6375=DIRECTION('',(-2.44172761429588E-16,0.,-1.));
#6376=DIRECTION('center_axis',(0.,-1.,0.));
#6377=DIRECTION('ref_axis',(0.,0.,-1.));
#6378=DIRECTION('center_axis',(-1.,0.,0.));
#6379=DIRECTION('ref_axis',(0.,-1.,0.));
#6380=DIRECTION('center_axis',(-1.,0.,1.30231439838728E-16));
#6381=DIRECTION('ref_axis',(9.20875342336524E-17,-0.707106781186548,0.707106781186547));
#6382=DIRECTION('',(-1.,0.,1.30231439838728E-16));
#6383=DIRECTION('',(1.,0.,-1.30231439838728E-16));
#6384=DIRECTION('',(1.,0.,-1.30231439838728E-16));
#6385=DIRECTION('center_axis',(0.,0.,1.));
#6386=DIRECTION('ref_axis',(1.,0.,0.));
#6387=DIRECTION('center_axis',(0.,0.,-1.));
#6388=DIRECTION('ref_axis',(0.,1.,0.));
#6389=DIRECTION('center_axis',(0.,0.,-1.));
#6390=DIRECTION('ref_axis',(-1.,0.,0.));
#6391=DIRECTION('center_axis',(0.,0.,-1.));
#6392=DIRECTION('ref_axis',(-1.,0.,0.));
#6393=DIRECTION('center_axis',(0.,-1.,0.));
#6394=DIRECTION('ref_axis',(0.,0.,-1.));
#6395=DIRECTION('center_axis',(0.,-1.,0.));
#6396=DIRECTION('ref_axis',(0.,0.,1.));
#6397=DIRECTION('',(-2.44172761429588E-16,0.,-1.));
#6398=DIRECTION('center_axis',(0.,1.,0.));
#6399=DIRECTION('ref_axis',(0.707106781186545,0.,-0.70710678118655));
#6400=DIRECTION('',(-1.,0.,0.));
#6401=DIRECTION('center_axis',(0.,1.,0.));
#6402=DIRECTION('ref_axis',(-0.707106781186545,0.,-0.70710678118655));
#6403=DIRECTION('',(6.10431903573969E-17,0.,1.));
#6404=DIRECTION('center_axis',(0.,-1.,0.));
#6405=DIRECTION('ref_axis',(1.,0.,0.));
#6406=DIRECTION('',(1.,0.,1.58038864715325E-16));
#6407=DIRECTION('center_axis',(0.,0.,-1.));
#6408=DIRECTION('ref_axis',(-1.,0.,0.));
#6409=DIRECTION('',(0.,0.,1.));
#6410=DIRECTION('',(0.,0.,-1.));
#6411=DIRECTION('center_axis',(0.,-1.,0.));
#6412=DIRECTION('ref_axis',(0.,0.,-1.));
#6413=DIRECTION('',(6.10431903573969E-17,0.,1.));
#6414=DIRECTION('center_axis',(0.,1.,0.));
#6415=DIRECTION('ref_axis',(-0.707106781186545,0.,0.70710678118655));
#6416=DIRECTION('',(1.,0.,-1.30231439838728E-16));
#6417=DIRECTION('center_axis',(0.,1.,0.));
#6418=DIRECTION('ref_axis',(0.707106781186548,0.,0.707106781186548));
#6419=DIRECTION('',(-2.44172761429588E-16,0.,-1.));
#6420=DIRECTION('center_axis',(0.,1.,0.));
#6421=DIRECTION('ref_axis',(-1.,0.,0.));
#6422=DIRECTION('',(1.,0.,1.58038864715325E-16));
#6423=DIRECTION('center_axis',(0.,-1.,0.));
#6424=DIRECTION('ref_axis',(-0.642787609686537,0.,-0.76604444311898));
#6425=DIRECTION('',(0.642787609686543,0.,0.766044443118975));
#6426=DIRECTION('center_axis',(0.,1.,0.));
#6427=DIRECTION('ref_axis',(0.642787609686537,0.,0.76604444311898));
#6428=DIRECTION('',(-1.,0.,-1.58038864715325E-16));
#6429=DIRECTION('',(1.58038864715325E-16,0.,-1.));
#6430=DIRECTION('center_axis',(-1.,0.,1.30231439838728E-16));
#6431=DIRECTION('ref_axis',(9.20875342336524E-17,-0.707106781186548,0.707106781186547));
#6432=DIRECTION('center_axis',(1.,0.,0.));
#6433=DIRECTION('ref_axis',(0.,0.,1.));
#6434=DIRECTION('',(-1.,0.,1.30231439838728E-16));
#6435=DIRECTION('center_axis',(-1.,0.,0.));
#6436=DIRECTION('ref_axis',(0.,-1.,0.));
#6437=DIRECTION('center_axis',(0.,0.,-1.));
#6438=DIRECTION('ref_axis',(0.,-1.,0.));
#6439=DIRECTION('center_axis',(0.,1.,0.));
#6440=DIRECTION('ref_axis',(1.,0.,0.));
#6441=DIRECTION('center_axis',(0.,-1.,0.));
#6442=DIRECTION('ref_axis',(0.,0.,-1.));
#6443=DIRECTION('center_axis',(0.,0.,-1.));
#6444=DIRECTION('ref_axis',(1.,0.,0.));
#6445=DIRECTION('center_axis',(-6.10431903573969E-17,0.,-1.));
#6446=DIRECTION('ref_axis',(-0.707106781186548,-0.707106781186547,4.31640538469766E-17));
#6447=DIRECTION('center_axis',(0.,0.,1.));
#6448=DIRECTION('ref_axis',(-1.,0.,0.));
#6449=DIRECTION('',(6.10431903573969E-17,0.,1.));
#6450=DIRECTION('center_axis',(2.44172761429588E-16,0.,1.));
#6451=DIRECTION('ref_axis',(0.707106781186548,-0.707106781186547,-1.72656215387907E-16));
#6452=DIRECTION('',(2.44172761429588E-16,0.,1.));
#6453=DIRECTION('center_axis',(0.,0.,1.));
#6454=DIRECTION('ref_axis',(0.,-1.,0.));
#6455=DIRECTION('center_axis',(-4.82705662880503E-16,0.,-1.));
#6456=DIRECTION('ref_axis',(-1.,0.,4.82705662880503E-16));
#6457=DIRECTION('',(-1.,0.,4.82705662880503E-16));
#6458=DIRECTION('',(0.,1.,0.));
#6459=DIRECTION('',(0.,1.,0.));
#6460=DIRECTION('center_axis',(0.,-1.,0.));
#6461=DIRECTION('ref_axis',(1.,0.,0.));
#6462=DIRECTION('center_axis',(0.,-1.,0.));
#6463=DIRECTION('ref_axis',(1.,0.,0.));
#6464=DIRECTION('',(0.,1.,0.));
#6465=DIRECTION('center_axis',(1.,0.,-3.35161667811368E-17));
#6466=DIRECTION('ref_axis',(-3.35161667811368E-17,0.,-1.));
#6467=DIRECTION('',(-3.35161667811368E-17,0.,-1.));
#6468=DIRECTION('',(0.,1.,0.));
#6469=DIRECTION('center_axis',(0.,-1.,0.));
#6470=DIRECTION('ref_axis',(0.,0.,1.));
#6471=DIRECTION('center_axis',(0.,-1.,0.));
#6472=DIRECTION('ref_axis',(0.,0.,1.));
#6473=DIRECTION('center_axis',(0.,1.,0.));
#6474=DIRECTION('ref_axis',(0.,0.,1.));
#6475=DIRECTION('',(0.,1.,0.));
#6476=DIRECTION('center_axis',(0.,0.,1.));
#6477=DIRECTION('ref_axis',(1.,0.,0.));
#6478=DIRECTION('',(1.,0.,0.));
#6479=DIRECTION('',(-1.,0.,0.));
#6480=DIRECTION('',(0.,1.,0.));
#6481=DIRECTION('center_axis',(0.,-1.,0.));
#6482=DIRECTION('ref_axis',(0.,0.,-1.));
#6483=DIRECTION('center_axis',(0.,-1.,0.));
#6484=DIRECTION('ref_axis',(0.,0.,-1.));
#6485=DIRECTION('',(0.,1.,0.));
#6486=DIRECTION('center_axis',(-1.,0.,2.68129334249094E-16));
#6487=DIRECTION('ref_axis',(2.68129334249094E-16,0.,1.));
#6488=DIRECTION('',(2.68129334249094E-16,0.,1.));
#6489=DIRECTION('',(0.,1.,0.));
#6490=DIRECTION('center_axis',(0.,-1.,0.));
#6491=DIRECTION('ref_axis',(-1.,0.,0.));
#6492=DIRECTION('center_axis',(0.,-1.,0.));
#6493=DIRECTION('ref_axis',(-1.,0.,0.));
#6494=DIRECTION('center_axis',(0.,1.,0.));
#6495=DIRECTION('ref_axis',(-1.,0.,0.));
#6496=DIRECTION('center_axis',(0.,-1.,0.));
#6497=DIRECTION('ref_axis',(0.,0.,-1.));
#6498=DIRECTION('center_axis',(1.,0.,0.));
#6499=DIRECTION('ref_axis',(0.,-1.,0.));
#6500=DIRECTION('center_axis',(4.82705662880503E-16,0.,1.));
#6501=DIRECTION('ref_axis',(-1.,0.,4.82705662880503E-16));
#6502=DIRECTION('',(1.,0.,-4.82705662880503E-16));
#6503=DIRECTION('',(0.,-1.,0.));
#6504=DIRECTION('',(-1.,0.,1.30231439838728E-16));
#6505=DIRECTION('',(0.,-1.,0.));
#6506=DIRECTION('center_axis',(0.,-1.,0.));
#6507=DIRECTION('ref_axis',(0.,0.,-1.));
#6508=DIRECTION('center_axis',(0.,1.,0.));
#6509=DIRECTION('ref_axis',(0.,0.,-1.));
#6510=DIRECTION('center_axis',(0.,-1.,0.));
#6511=DIRECTION('ref_axis',(0.,0.,-1.));
#6512=DIRECTION('',(0.,-1.,0.));
#6513=DIRECTION('center_axis',(1.,0.,-2.68129334249094E-16));
#6514=DIRECTION('ref_axis',(2.68129334249094E-16,0.,1.));
#6515=DIRECTION('',(-2.68129334249094E-16,0.,-1.));
#6516=DIRECTION('',(2.44172761429588E-16,0.,1.));
#6517=DIRECTION('',(0.,-1.,0.));
#6518=DIRECTION('center_axis',(0.,-1.,0.));
#6519=DIRECTION('ref_axis',(-1.,0.,0.));
#6520=DIRECTION('center_axis',(0.,1.,0.));
#6521=DIRECTION('ref_axis',(-1.,0.,0.));
#6522=DIRECTION('center_axis',(0.,-1.,0.));
#6523=DIRECTION('ref_axis',(-1.,0.,0.));
#6524=DIRECTION('',(0.,-1.,0.));
#6525=DIRECTION('center_axis',(0.,0.,-1.));
#6526=DIRECTION('ref_axis',(1.,0.,0.));
#6527=DIRECTION('',(-1.,0.,0.));
#6528=DIRECTION('',(1.,0.,0.));
#6529=DIRECTION('',(0.,-1.,0.));
#6530=DIRECTION('center_axis',(0.,-1.,0.));
#6531=DIRECTION('ref_axis',(0.,0.,1.));
#6532=DIRECTION('center_axis',(0.,1.,0.));
#6533=DIRECTION('ref_axis',(0.,0.,1.));
#6534=DIRECTION('center_axis',(0.,-1.,0.));
#6535=DIRECTION('ref_axis',(0.,0.,1.));
#6536=DIRECTION('',(0.,-1.,0.));
#6537=DIRECTION('center_axis',(-1.,0.,3.35161667811368E-17));
#6538=DIRECTION('ref_axis',(-3.35161667811368E-17,0.,-1.));
#6539=DIRECTION('',(3.35161667811368E-17,0.,1.));
#6540=DIRECTION('',(-6.10431903573969E-17,0.,-1.));
#6541=DIRECTION('',(0.,-1.,0.));
#6542=DIRECTION('center_axis',(0.,-1.,0.));
#6543=DIRECTION('ref_axis',(1.,0.,0.));
#6544=DIRECTION('center_axis',(0.,1.,0.));
#6545=DIRECTION('ref_axis',(1.,0.,0.));
#6546=DIRECTION('center_axis',(0.,-1.,0.));
#6547=DIRECTION('ref_axis',(1.,0.,0.));
#6548=DIRECTION('center_axis',(0.,-1.,0.));
#6549=DIRECTION('ref_axis',(0.,0.,-1.));
#6550=DIRECTION('center_axis',(0.,-1.,0.));
#6551=DIRECTION('ref_axis',(0.707106781186547,0.,0.707106781186547));
#6552=DIRECTION('center_axis',(0.,0.,-1.));
#6553=DIRECTION('ref_axis',(0.,1.,0.));
#6554=DIRECTION('center_axis',(-1.,0.,0.));
#6555=DIRECTION('ref_axis',(0.,0.,1.));
#6556=DIRECTION('center_axis',(1.,0.,-1.30231439838728E-16));
#6557=DIRECTION('ref_axis',(9.20875342336524E-17,0.707106781186548,0.707106781186547));
#6558=DIRECTION('',(-1.,0.,1.30231439838728E-16));
#6559=DIRECTION('center_axis',(1.,0.,0.));
#6560=DIRECTION('ref_axis',(0.,1.,0.));
#6561=DIRECTION('center_axis',(-2.44172761429588E-16,0.,-1.));
#6562=DIRECTION('ref_axis',(0.707106781186548,0.707106781186547,-1.72656215387907E-16));
#6563=DIRECTION('',(2.44172761429588E-16,0.,1.));
#6564=DIRECTION('center_axis',(0.,0.,1.));
#6565=DIRECTION('ref_axis',(1.,0.,0.));
#6566=DIRECTION('center_axis',(0.,-1.,0.));
#6567=DIRECTION('ref_axis',(0.707106781186545,0.,-0.70710678118655));
#6568=DIRECTION('center_axis',(-1.,0.,0.));
#6569=DIRECTION('ref_axis',(0.,1.,0.));
#6570=DIRECTION('center_axis',(0.,-1.,0.));
#6571=DIRECTION('ref_axis',(0.,0.,-1.));
#6572=DIRECTION('center_axis',(0.,-1.,0.));
#6573=DIRECTION('ref_axis',(-1.,0.,0.));
#6574=DIRECTION('',(-0.707106781186548,0.707106781186547,-8.65956056235494E-17));
#6575=DIRECTION('center_axis',(0.,1.,0.));
#6576=DIRECTION('ref_axis',(-1.,0.,0.));
#6577=DIRECTION('center_axis',(0.,1.,0.));
#6578=DIRECTION('ref_axis',(0.,0.,1.));
#6579=DIRECTION('center_axis',(0.,0.,1.));
#6580=DIRECTION('ref_axis',(-1.,0.,0.));
#6581=DIRECTION('center_axis',(0.,0.,-1.));
#6582=DIRECTION('ref_axis',(-1.,0.,0.));
#6583=DIRECTION('',(0.,0.,-1.));
#6584=DIRECTION('center_axis',(0.,0.,1.));
#6585=DIRECTION('ref_axis',(1.,0.,0.));
#6586=DIRECTION('center_axis',(-1.,0.,0.));
#6587=DIRECTION('ref_axis',(0.,0.707106781186548,-0.707106781186547));
#6588=DIRECTION('',(1.,0.,0.));
#6589=DIRECTION('center_axis',(1.,0.,0.));
#6590=DIRECTION('ref_axis',(0.,0.,-1.));
#6591=DIRECTION('center_axis',(0.,1.,3.82308204072024E-17));
#6592=DIRECTION('ref_axis',(0.,3.82308204072024E-17,-1.));
#6593=DIRECTION('',(-1.,0.,0.));
#6594=DIRECTION('',(0.,3.82308204072024E-17,-1.));
#6595=DIRECTION('',(-1.,0.,0.));
#6596=DIRECTION('center_axis',(-1.,0.,0.));
#6597=DIRECTION('ref_axis',(0.,1.,0.));
#6598=DIRECTION('center_axis',(-1.,0.,0.));
#6599=DIRECTION('ref_axis',(0.,1.,0.));
#6600=DIRECTION('',(-1.,0.,0.));
#6601=DIRECTION('center_axis',(-1.,0.,0.));
#6602=DIRECTION('ref_axis',(0.,-1.,0.));
#6603=DIRECTION('',(-1.,0.,0.));
#6604=DIRECTION('center_axis',(-1.,0.,0.));
#6605=DIRECTION('ref_axis',(0.,-1.,0.));
#6606=DIRECTION('center_axis',(0.,-1.,7.64616408144047E-17));
#6607=DIRECTION('ref_axis',(0.,7.64616408144047E-17,1.));
#6608=DIRECTION('',(0.,7.64616408144047E-17,1.));
#6609=DIRECTION('center_axis',(1.,0.,0.));
#6610=DIRECTION('ref_axis',(0.,0.,-1.));
#6611=DIRECTION('center_axis',(0.,1.,3.07850844372221E-15));
#6612=DIRECTION('ref_axis',(0.,3.07850844372221E-15,-1.));
#6613=DIRECTION('',(-1.,0.,0.));
#6614=DIRECTION('',(0.,3.07850844372221E-15,-1.));
#6615=DIRECTION('',(-1.,0.,0.));
#6616=DIRECTION('center_axis',(-1.,0.,0.));
#6617=DIRECTION('ref_axis',(0.,1.,5.38147671200626E-15));
#6618=DIRECTION('center_axis',(-1.,0.,0.));
#6619=DIRECTION('ref_axis',(0.,1.,5.38147671200626E-15));
#6620=DIRECTION('',(-1.,0.,0.));
#6621=DIRECTION('center_axis',(-1.,0.,0.));
#6622=DIRECTION('ref_axis',(0.,-1.,-1.07629534240125E-14));
#6623=DIRECTION('',(-1.,0.,0.));
#6624=DIRECTION('center_axis',(-1.,0.,0.));
#6625=DIRECTION('ref_axis',(0.,-1.,-1.07629534240125E-14));
#6626=DIRECTION('center_axis',(0.,-1.,-2.9943961911615E-15));
#6627=DIRECTION('ref_axis',(0.,-2.9943961911615E-15,1.));
#6628=DIRECTION('',(0.,-2.9943961911615E-15,1.));
#6629=DIRECTION('center_axis',(1.,0.,0.));
#6630=DIRECTION('ref_axis',(0.,0.,-1.));
#6631=DIRECTION('center_axis',(0.,-1.,0.));
#6632=DIRECTION('ref_axis',(6.34413156928666E-15,0.,1.));
#6633=DIRECTION('center_axis',(0.,-1.,0.));
#6634=DIRECTION('ref_axis',(6.34413156928666E-15,0.,1.));
#6635=DIRECTION('',(0.,-1.,0.));
#6636=DIRECTION('center_axis',(0.,-1.,0.));
#6637=DIRECTION('ref_axis',(6.34413156928666E-15,0.,1.));
#6638=DIRECTION('',(0.,-1.,0.));
#6639=DIRECTION('center_axis',(0.,0.,-1.));
#6640=DIRECTION('ref_axis',(1.,0.,0.));
#6641=DIRECTION('',(1.,0.,0.));
#6642=DIRECTION('',(1.,0.,0.));
#6643=DIRECTION('',(0.,-1.,0.));
#6644=DIRECTION('center_axis',(0.,-1.,0.));
#6645=DIRECTION('ref_axis',(0.,0.,-1.));
#6646=DIRECTION('center_axis',(0.,-1.,0.));
#6647=DIRECTION('ref_axis',(0.,0.,-1.));
#6648=DIRECTION('center_axis',(0.,-1.,0.));
#6649=DIRECTION('ref_axis',(0.,0.,-1.));
#6650=DIRECTION('',(0.,-1.,0.));
#6651=DIRECTION('center_axis',(0.,0.,1.));
#6652=DIRECTION('ref_axis',(-1.,0.,0.));
#6653=DIRECTION('',(-1.,0.,0.));
#6654=DIRECTION('',(-1.,0.,0.));
#6655=DIRECTION('center_axis',(0.,1.,0.));
#6656=DIRECTION('ref_axis',(0.,0.,1.));
#6657=DIRECTION('center_axis',(0.,-1.,0.));
#6658=DIRECTION('ref_axis',(0.,0.,-1.));
#6659=DIRECTION('center_axis',(0.,-1.,0.));
#6660=DIRECTION('ref_axis',(0.,0.,-1.));
#6661=DIRECTION('',(0.,-1.,0.));
#6662=DIRECTION('center_axis',(0.,1.,0.));
#6663=DIRECTION('ref_axis',(0.,0.,-1.));
#6664=DIRECTION('',(0.,-1.,0.));
#6665=DIRECTION('center_axis',(-1.17251276528069E-15,0.,1.));
#6666=DIRECTION('ref_axis',(-1.,0.,-1.17251276528069E-15));
#6667=DIRECTION('',(-1.,0.,-1.17251276528069E-15));
#6668=DIRECTION('',(1.,0.,1.17251276528069E-15));
#6669=DIRECTION('',(0.,-1.,0.));
#6670=DIRECTION('center_axis',(0.,-1.,0.));
#6671=DIRECTION('ref_axis',(6.34413156928666E-15,0.,1.));
#6672=DIRECTION('center_axis',(0.,-1.,0.));
#6673=DIRECTION('ref_axis',(6.34413156928666E-15,0.,1.));
#6674=DIRECTION('center_axis',(0.,1.,0.));
#6675=DIRECTION('ref_axis',(6.34413156928666E-15,0.,1.));
#6676=DIRECTION('',(0.,-1.,0.));
#6677=DIRECTION('center_axis',(1.17251276528069E-15,0.,-1.));
#6678=DIRECTION('ref_axis',(1.,0.,1.17251276528069E-15));
#6679=DIRECTION('',(1.,0.,1.17251276528069E-15));
#6680=DIRECTION('',(-1.,0.,-1.17251276528069E-15));
#6681=DIRECTION('center_axis',(0.,-1.,0.));
#6682=DIRECTION('ref_axis',(0.,0.,-1.));
#6683=DIRECTION('center_axis',(-2.03089577675333E-16,1.,0.));
#6684=DIRECTION('ref_axis',(1.,2.03089577675333E-16,0.));
#6685=DIRECTION('',(1.,0.,-1.30231439838728E-16));
#6686=DIRECTION('',(0.,0.,-1.));
#6687=DIRECTION('',(1.,2.03089577675333E-16,0.));
#6688=DIRECTION('',(0.,0.,-1.));
#6689=DIRECTION('center_axis',(0.,0.,-1.));
#6690=DIRECTION('ref_axis',(0.,-1.,0.));
#6691=DIRECTION('',(0.,0.,-1.));
#6692=DIRECTION('center_axis',(0.,0.,-1.));
#6693=DIRECTION('ref_axis',(0.,-1.,0.));
#6694=DIRECTION('center_axis',(-2.25655086305926E-17,1.,0.));
#6695=DIRECTION('ref_axis',(1.,2.25655086305926E-17,0.));
#6696=DIRECTION('',(0.,0.,-1.));
#6697=DIRECTION('',(1.,2.25655086305926E-17,0.));
#6698=DIRECTION('',(0.,0.,-1.));
#6699=DIRECTION('center_axis',(0.,0.,-1.));
#6700=DIRECTION('ref_axis',(0.,-1.,0.));
#6701=DIRECTION('',(0.,0.,-1.));
#6702=DIRECTION('center_axis',(0.,0.,-1.));
#6703=DIRECTION('ref_axis',(0.,-1.,0.));
#6704=DIRECTION('center_axis',(6.76965258917778E-17,-1.,0.));
#6705=DIRECTION('ref_axis',(-1.,-6.76965258917778E-17,0.));
#6706=DIRECTION('',(-1.,0.,1.30231439838728E-16));
#6707=DIRECTION('',(0.,0.,-1.));
#6708=DIRECTION('',(-1.,-6.76965258917778E-17,0.));
#6709=DIRECTION('center_axis',(-4.51310172611852E-17,-1.,0.));
#6710=DIRECTION('ref_axis',(-1.,4.51310172611852E-17,0.));
#6711=DIRECTION('',(0.,0.,-1.));
#6712=DIRECTION('',(-1.,4.51310172611852E-17,0.));
#6713=DIRECTION('center_axis',(0.,0.,-1.));
#6714=DIRECTION('ref_axis',(0.,1.,0.));
#6715=DIRECTION('center_axis',(0.,0.,-1.));
#6716=DIRECTION('ref_axis',(0.,1.,0.));
#6717=DIRECTION('center_axis',(0.,0.,-1.));
#6718=DIRECTION('ref_axis',(0.,1.,0.));
#6719=DIRECTION('center_axis',(0.,0.,-1.));
#6720=DIRECTION('ref_axis',(0.,1.,0.));
#6721=DIRECTION('center_axis',(0.,0.,1.));
#6722=DIRECTION('ref_axis',(1.,0.,0.));
#6723=DIRECTION('center_axis',(1.,0.,-1.30231439838728E-16));
#6724=DIRECTION('ref_axis',(9.20875342336524E-17,0.707106781186548,0.707106781186547));
#6725=DIRECTION('',(-1.,7.91619576899122E-23,0.));
#6726=DIRECTION('center_axis',(0.,0.,1.));
#6727=DIRECTION('ref_axis',(0.,1.,0.));
#6728=DIRECTION('center_axis',(0.,0.,-1.));
#6729=DIRECTION('ref_axis',(0.,1.,0.));
#6730=DIRECTION('',(0.,0.,1.));
#6731=DIRECTION('center_axis',(0.,0.,-1.));
#6732=DIRECTION('ref_axis',(0.,1.,0.));
#6733=DIRECTION('',(0.,0.,1.));
#6734=DIRECTION('center_axis',(-2.78061322196647E-16,1.,0.));
#6735=DIRECTION('ref_axis',(-1.,-2.78061322196647E-16,0.));
#6736=DIRECTION('',(1.,2.78061322196647E-16,0.));
#6737=DIRECTION('',(0.,0.,1.));
#6738=DIRECTION('',(1.,2.78061322196647E-16,0.));
#6739=DIRECTION('center_axis',(0.,0.,1.));
#6740=DIRECTION('ref_axis',(0.,-1.,0.));
#6741=DIRECTION('center_axis',(0.,0.,-1.));
#6742=DIRECTION('ref_axis',(0.,-1.,0.));
#6743=DIRECTION('',(0.,0.,1.));
#6744=DIRECTION('center_axis',(0.,0.,-1.));
#6745=DIRECTION('ref_axis',(0.,-1.,0.));
#6746=DIRECTION('center_axis',(1.51669812107262E-16,-1.,0.));
#6747=DIRECTION('ref_axis',(1.,1.51669812107262E-16,0.));
#6748=DIRECTION('',(-1.,-1.51669812107262E-16,0.));
#6749=DIRECTION('',(-1.,-1.51669812107262E-16,0.));
#6750=DIRECTION('center_axis',(0.,0.,1.));
#6751=DIRECTION('ref_axis',(1.,0.,0.));
#6752=DIRECTION('center_axis',(0.,0.,-1.));
#6753=DIRECTION('ref_axis',(0.,-1.,0.));
#6754=DIRECTION('',(0.,0.,-1.));
#6755=DIRECTION('center_axis',(0.,0.,-1.));
#6756=DIRECTION('ref_axis',(0.,-1.,0.));
#6757=DIRECTION('',(0.,0.,-1.));
#6758=DIRECTION('center_axis',(-4.74454284027845E-17,-1.,0.));
#6759=DIRECTION('ref_axis',(-1.,4.74454284027845E-17,0.));
#6760=DIRECTION('',(0.,0.,-1.));
#6761=DIRECTION('',(-1.,4.74454284027845E-17,0.));
#6762=DIRECTION('center_axis',(4.74454284027845E-17,1.,0.));
#6763=DIRECTION('ref_axis',(1.,-4.74454284027845E-17,0.));
#6764=DIRECTION('',(1.,-4.74454284027845E-17,0.));
#6765=DIRECTION('',(0.,0.,-1.));
#6766=DIRECTION('center_axis',(0.,0.,-1.));
#6767=DIRECTION('ref_axis',(0.,1.,0.));
#6768=DIRECTION('center_axis',(0.,0.,-1.));
#6769=DIRECTION('ref_axis',(0.,1.,0.));
#6770=DIRECTION('center_axis',(0.,0.,1.));
#6771=DIRECTION('ref_axis',(1.,0.,0.));
#6772=DIRECTION('center_axis',(-1.,0.,1.30231439838728E-16));
#6773=DIRECTION('ref_axis',(9.20875342336524E-17,-0.707106781186548,0.707106781186547));
#6774=DIRECTION('center_axis',(0.,-1.,0.));
#6775=DIRECTION('ref_axis',(-0.707106781186545,0.,0.70710678118655));
#6776=DIRECTION('center_axis',(0.,0.,-1.));
#6777=DIRECTION('ref_axis',(-1.,0.,0.));
#6778=DIRECTION('center_axis',(0.,-1.,0.));
#6779=DIRECTION('ref_axis',(-0.707106781186545,0.,-0.70710678118655));
#6780=DIRECTION('center_axis',(0.,0.,1.));
#6781=DIRECTION('ref_axis',(0.,1.,0.));
#6782=DIRECTION('center_axis',(6.10431903573969E-17,0.,1.));
#6783=DIRECTION('ref_axis',(-0.707106781186548,0.707106781186547,4.31640538469766E-17));
#6784=DIRECTION('',(-6.10431903573969E-17,0.,-1.));
#6785=DIRECTION('center_axis',(-1.,0.,0.));
#6786=DIRECTION('ref_axis',(0.,0.,-1.));
#6787=DIRECTION('center_axis',(1.,0.,0.));
#6788=DIRECTION('ref_axis',(0.,-0.707106781186548,-0.707106781186547));
#6789=DIRECTION('center_axis',(0.,1.,0.));
#6790=DIRECTION('ref_axis',(0.,0.,1.));
#6791=DIRECTION('center_axis',(0.,-1.,0.));
#6792=DIRECTION('ref_axis',(0.,0.,-1.));
#6793=DIRECTION('center_axis',(0.,-1.,0.));
#6794=DIRECTION('ref_axis',(1.,0.,0.));
#6795=DIRECTION('',(1.,0.,1.58038864715325E-16));
#6796=DIRECTION('center_axis',(0.,-1.,0.));
#6797=DIRECTION('ref_axis',(0.,0.,1.));
#6798=DIRECTION('',(-2.44172761429588E-16,0.,-1.));
#6799=DIRECTION('center_axis',(0.,1.,0.));
#6800=DIRECTION('ref_axis',(0.707106781186548,0.,0.707106781186548));
#6801=DIRECTION('',(1.,0.,-1.30231439838728E-16));
#6802=DIRECTION('center_axis',(0.,1.,0.));
#6803=DIRECTION('ref_axis',(-0.707106781186545,0.,0.70710678118655));
#6804=DIRECTION('',(6.10431903573969E-17,0.,1.));
#6805=DIRECTION('center_axis',(0.,-1.,0.));
#6806=DIRECTION('ref_axis',(-1.,0.,0.));
#6807=DIRECTION('',(-1.,0.,-1.58038864715325E-16));
#6808=DIRECTION('',(-1.58038864715325E-16,0.,1.));
#6809=DIRECTION('',(1.,0.,1.58038864715325E-16));
#6810=DIRECTION('center_axis',(0.,-1.,0.));
#6811=DIRECTION('ref_axis',(0.642787609686537,0.,0.76604444311898));
#6812=DIRECTION('',(-0.642787609686543,0.,-0.766044443118975));
#6813=DIRECTION('center_axis',(0.,1.,0.));
#6814=DIRECTION('ref_axis',(-0.642787609686537,0.,-0.76604444311898));
#6815=DIRECTION('center_axis',(-1.,0.,1.30231439838728E-16));
#6816=DIRECTION('ref_axis',(9.20875342336524E-17,-0.707106781186548,0.707106781186547));
#6817=DIRECTION('center_axis',(-1.,0.,0.));
#6818=DIRECTION('ref_axis',(0.,-1.,0.));
#6819=DIRECTION('',(-1.,0.,1.30231439838728E-16));
#6820=DIRECTION('center_axis',(1.,0.,0.));
#6821=DIRECTION('ref_axis',(0.,0.,1.));
#6822=DIRECTION('center_axis',(0.,0.,-1.));
#6823=DIRECTION('ref_axis',(0.,-1.,0.));
#6824=DIRECTION('center_axis',(0.,-1.,0.));
#6825=DIRECTION('ref_axis',(1.,0.,0.));
#6826=DIRECTION('center_axis',(0.,0.,-1.));
#6827=DIRECTION('ref_axis',(1.,0.,0.));
#6828=DIRECTION('center_axis',(0.,-1.,0.));
#6829=DIRECTION('ref_axis',(0.,0.,-1.));
#6830=DIRECTION('center_axis',(-6.10431903573969E-17,0.,-1.));
#6831=DIRECTION('ref_axis',(-0.707106781186548,-0.707106781186547,4.31640538469766E-17));
#6832=DIRECTION('',(-6.10431903573969E-17,0.,-1.));
#6833=DIRECTION('center_axis',(0.,0.,1.));
#6834=DIRECTION('ref_axis',(-1.,0.,0.));
#6835=DIRECTION('',(6.10431903573969E-17,0.,1.));
#6836=DIRECTION('center_axis',(2.44172761429588E-16,0.,1.));
#6837=DIRECTION('ref_axis',(0.707106781186548,-0.707106781186547,-1.72656215387907E-16));
#6838=DIRECTION('',(-2.44172761429588E-16,0.,-1.));
#6839=DIRECTION('center_axis',(0.,0.,1.));
#6840=DIRECTION('ref_axis',(0.,-1.,0.));
#6841=DIRECTION('',(2.44172761429588E-16,0.,1.));
#6842=DIRECTION('center_axis',(0.,-1.,0.));
#6843=DIRECTION('ref_axis',(0.,0.,-1.));
#6844=DIRECTION('center_axis',(-4.82705662880503E-16,0.,-1.));
#6845=DIRECTION('ref_axis',(-1.,0.,4.82705662880503E-16));
#6846=DIRECTION('',(0.,1.,0.));
#6847=DIRECTION('',(1.,0.,-4.82705662880503E-16));
#6848=DIRECTION('',(0.,1.,0.));
#6849=DIRECTION('center_axis',(0.,-1.,0.));
#6850=DIRECTION('ref_axis',(1.,0.,0.));
#6851=DIRECTION('center_axis',(0.,1.,0.));
#6852=DIRECTION('ref_axis',(1.,0.,0.));
#6853=DIRECTION('',(0.,1.,0.));
#6854=DIRECTION('center_axis',(1.,0.,-3.35161667811368E-17));
#6855=DIRECTION('ref_axis',(-3.35161667811368E-17,0.,-1.));
#6856=DIRECTION('',(3.35161667811368E-17,0.,1.));
#6857=DIRECTION('',(0.,1.,0.));
#6858=DIRECTION('center_axis',(0.,-1.,0.));
#6859=DIRECTION('ref_axis',(0.,0.,1.));
#6860=DIRECTION('center_axis',(0.,-1.,0.));
#6861=DIRECTION('ref_axis',(0.,0.,1.));
#6862=DIRECTION('center_axis',(0.,1.,0.));
#6863=DIRECTION('ref_axis',(0.,0.,1.));
#6864=DIRECTION('',(0.,1.,0.));
#6865=DIRECTION('center_axis',(-1.60901887626834E-16,0.,-1.));
#6866=DIRECTION('ref_axis',(-1.,0.,1.60901887626834E-16));
#6867=DIRECTION('',(1.,0.,-1.30231439838728E-16));
#6868=DIRECTION('',(0.,1.,0.));
#6869=DIRECTION('',(-1.,0.,1.60901887626834E-16));
#6870=DIRECTION('',(0.,1.,0.));
#6871=DIRECTION('center_axis',(0.,-1.,0.));
#6872=DIRECTION('ref_axis',(0.,0.,-1.));
#6873=DIRECTION('center_axis',(0.,1.,0.));
#6874=DIRECTION('ref_axis',(0.,0.,-1.));
#6875=DIRECTION('center_axis',(0.,-1.,0.));
#6876=DIRECTION('ref_axis',(0.,0.,-1.));
#6877=DIRECTION('',(0.,1.,0.));
#6878=DIRECTION('center_axis',(-1.,0.,2.68129334249094E-16));
#6879=DIRECTION('ref_axis',(2.68129334249094E-16,0.,1.));
#6880=DIRECTION('',(-2.44172761429588E-16,0.,-1.));
#6881=DIRECTION('',(2.68129334249094E-16,0.,1.));
#6882=DIRECTION('',(0.,1.,0.));
#6883=DIRECTION('center_axis',(0.,-1.,0.));
#6884=DIRECTION('ref_axis',(-1.,0.,0.));
#6885=DIRECTION('center_axis',(0.,1.,0.));
#6886=DIRECTION('ref_axis',(-1.,0.,0.));
#6887=DIRECTION('center_axis',(0.,-1.,0.));
#6888=DIRECTION('ref_axis',(-1.,0.,0.));
#6889=DIRECTION('',(0.,1.,0.));
#6890=DIRECTION('center_axis',(0.,0.,1.));
#6891=DIRECTION('ref_axis',(1.,0.,0.));
#6892=DIRECTION('',(1.,0.,0.));
#6893=DIRECTION('',(-1.,0.,0.));
#6894=DIRECTION('',(0.,1.,0.));
#6895=DIRECTION('center_axis',(0.,-1.,0.));
#6896=DIRECTION('ref_axis',(0.,0.,-1.));
#6897=DIRECTION('',(0.,1.,0.));
#6898=DIRECTION('center_axis',(0.,1.,0.));
#6899=DIRECTION('ref_axis',(0.,0.,-1.));
#6900=DIRECTION('center_axis',(-1.,0.,2.68129334249094E-16));
#6901=DIRECTION('ref_axis',(2.68129334249094E-16,0.,1.));
#6902=DIRECTION('',(0.,1.,0.));
#6903=DIRECTION('',(-2.68129334249094E-16,0.,-1.));
#6904=DIRECTION('center_axis',(0.,-1.,0.));
#6905=DIRECTION('ref_axis',(-1.,0.,0.));
#6906=DIRECTION('center_axis',(0.,-1.,0.));
#6907=DIRECTION('ref_axis',(-1.,0.,0.));
#6908=DIRECTION('center_axis',(0.,1.,0.));
#6909=DIRECTION('ref_axis',(-1.,0.,0.));
#6910=DIRECTION('center_axis',(0.,0.,1.));
#6911=DIRECTION('ref_axis',(1.,0.,0.));
#6912=DIRECTION('',(-1.,0.,0.));
#6913=DIRECTION('',(1.,0.,0.));
#6914=DIRECTION('',(0.,1.,0.));
#6915=DIRECTION('center_axis',(0.,-1.,0.));
#6916=DIRECTION('ref_axis',(0.,0.,1.));
#6917=DIRECTION('center_axis',(0.,1.,0.));
#6918=DIRECTION('ref_axis',(0.,0.,1.));
#6919=DIRECTION('center_axis',(0.,-1.,0.));
#6920=DIRECTION('ref_axis',(0.,0.,1.));
#6921=DIRECTION('',(0.,1.,0.));
#6922=DIRECTION('center_axis',(1.,0.,-3.35161667811368E-17));
#6923=DIRECTION('ref_axis',(-3.35161667811368E-17,0.,-1.));
#6924=DIRECTION('',(6.10431903573969E-17,0.,1.));
#6925=DIRECTION('',(-3.35161667811368E-17,0.,-1.));
#6926=DIRECTION('',(0.,1.,0.));
#6927=DIRECTION('center_axis',(0.,-1.,0.));
#6928=DIRECTION('ref_axis',(1.,0.,0.));
#6929=DIRECTION('center_axis',(0.,1.,0.));
#6930=DIRECTION('ref_axis',(1.,0.,0.));
#6931=DIRECTION('center_axis',(0.,-1.,0.));
#6932=DIRECTION('ref_axis',(1.,0.,0.));
#6933=DIRECTION('center_axis',(0.,-1.,0.));
#6934=DIRECTION('ref_axis',(0.,0.,-1.));
#6935=DIRECTION('center_axis',(-1.,0.,1.30231439838728E-16));
#6936=DIRECTION('ref_axis',(9.20875342336524E-17,-0.707106781186548,0.707106781186547));
#6937=DIRECTION('center_axis',(-1.,0.,0.));
#6938=DIRECTION('ref_axis',(0.,-1.,0.));
#6939=DIRECTION('',(1.,0.,-1.30231439838728E-16));
#6940=DIRECTION('',(-1.,0.,1.30231439838728E-16));
#6941=DIRECTION('',(1.,0.,-1.30231439838728E-16));
#6942=DIRECTION('',(-1.,0.,1.30231439838728E-16));
#6943=DIRECTION('',(-1.,0.,1.30231439838728E-16));
#6944=DIRECTION('center_axis',(1.,0.,0.));
#6945=DIRECTION('ref_axis',(0.,0.,1.));
#6946=DIRECTION('center_axis',(0.,1.,0.));
#6947=DIRECTION('ref_axis',(0.,0.,1.));
#6948=DIRECTION('center_axis',(0.,0.,-1.));
#6949=DIRECTION('ref_axis',(0.,-1.,0.));
#6950=DIRECTION('center_axis',(0.,0.,-1.));
#6951=DIRECTION('ref_axis',(1.,0.,0.));
#6952=DIRECTION('center_axis',(0.,-1.,0.));
#6953=DIRECTION('ref_axis',(0.,0.,1.));
#6954=DIRECTION('center_axis',(-6.10431903573969E-17,0.,-1.));
#6955=DIRECTION('ref_axis',(-0.707106781186548,-0.707106781186547,4.31640538469766E-17));
#6956=DIRECTION('',(-6.10431903573969E-17,0.,-1.));
#6957=DIRECTION('center_axis',(0.,0.,1.));
#6958=DIRECTION('ref_axis',(-1.,0.,0.));
#6959=DIRECTION('center_axis',(2.44172761429588E-16,0.,1.));
#6960=DIRECTION('ref_axis',(0.707106781186548,-0.707106781186547,-1.72656215387907E-16));
#6961=DIRECTION('center_axis',(0.,0.,1.));
#6962=DIRECTION('ref_axis',(0.,-1.,0.));
#6963=DIRECTION('',(-2.44172761429588E-16,0.,-1.));
#6964=DIRECTION('',(2.44172761429588E-16,0.,1.));
#6965=DIRECTION('',(-2.44172761429588E-16,0.,-1.));
#6966=DIRECTION('',(2.44172761429588E-16,0.,1.));
#6967=DIRECTION('',(2.44172761429588E-16,0.,1.));
#6968=DIRECTION('center_axis',(0.,1.,0.));
#6969=DIRECTION('ref_axis',(-1.,0.,0.));
#6970=DIRECTION('center_axis',(1.,0.,0.));
#6971=DIRECTION('ref_axis',(0.,-1.,0.));
#6972=DIRECTION('center_axis',(1.,0.,0.));
#6973=DIRECTION('ref_axis',(0.,-1.,0.));
#6974=DIRECTION('center_axis',(0.,1.,0.));
#6975=DIRECTION('ref_axis',(-0.707106781186545,0.,-0.70710678118655));
#6976=DIRECTION('center_axis',(-1.,0.,0.));
#6977=DIRECTION('ref_axis',(0.,0.,-1.));
#6978=DIRECTION('center_axis',(0.,1.,0.));
#6979=DIRECTION('ref_axis',(0.,0.,-1.));
#6980=DIRECTION('center_axis',(1.,0.,0.));
#6981=DIRECTION('ref_axis',(0.,-0.707106781186548,-0.707106781186547));
#6982=DIRECTION('',(-1.,0.,0.));
#6983=DIRECTION('',(-1.,0.,0.));
#6984=DIRECTION('center_axis',(4.82705662880503E-16,0.,1.));
#6985=DIRECTION('ref_axis',(-1.,0.,4.82705662880503E-16));
#6986=DIRECTION('',(1.,0.,-1.30231439838728E-16));
#6987=DIRECTION('',(0.,-1.,0.));
#6988=DIRECTION('',(1.,0.,-4.82705662880503E-16));
#6989=DIRECTION('',(0.,-1.,0.));
#6990=DIRECTION('center_axis',(0.,-1.,0.));
#6991=DIRECTION('ref_axis',(0.,0.,-1.));
#6992=DIRECTION('center_axis',(0.,1.,0.));
#6993=DIRECTION('ref_axis',(0.,0.,-1.));
#6994=DIRECTION('center_axis',(0.,1.,0.));
#6995=DIRECTION('ref_axis',(0.,0.,-1.));
#6996=DIRECTION('',(0.,-1.,0.));
#6997=DIRECTION('center_axis',(1.,0.,-2.68129334249094E-16));
#6998=DIRECTION('ref_axis',(2.68129334249094E-16,0.,1.));
#6999=DIRECTION('',(-2.44172761429588E-16,0.,-1.));
#7000=DIRECTION('',(-2.68129334249094E-16,0.,-1.));
#7001=DIRECTION('',(0.,-1.,0.));
#7002=DIRECTION('center_axis',(0.,-1.,0.));
#7003=DIRECTION('ref_axis',(-1.,0.,0.));
#7004=DIRECTION('center_axis',(0.,1.,0.));
#7005=DIRECTION('ref_axis',(-1.,0.,0.));
#7006=DIRECTION('center_axis',(0.,1.,0.));
#7007=DIRECTION('ref_axis',(-1.,0.,0.));
#7008=DIRECTION('',(0.,-1.,0.));
#7009=DIRECTION('center_axis',(1.60901887626834E-16,0.,1.));
#7010=DIRECTION('ref_axis',(-1.,0.,1.60901887626834E-16));
#7011=DIRECTION('',(-1.,0.,1.30231439838728E-16));
#7012=DIRECTION('',(0.,-1.,0.));
#7013=DIRECTION('',(-1.,0.,1.60901887626834E-16));
#7014=DIRECTION('',(0.,-1.,0.));
#7015=DIRECTION('center_axis',(0.,-1.,0.));
#7016=DIRECTION('ref_axis',(1.,0.,0.));
#7017=DIRECTION('center_axis',(0.,-1.,0.));
#7018=DIRECTION('ref_axis',(1.,0.,0.));
#7019=DIRECTION('center_axis',(0.,-1.,0.));
#7020=DIRECTION('ref_axis',(1.,0.,0.));
#7021=DIRECTION('',(0.,-1.,0.));
#7022=DIRECTION('center_axis',(-1.,0.,3.35161667811368E-17));
#7023=DIRECTION('ref_axis',(-3.35161667811368E-17,0.,-1.));
#7024=DIRECTION('',(-6.10431903573969E-17,0.,-1.));
#7025=DIRECTION('',(-3.35161667811368E-17,0.,-1.));
#7026=DIRECTION('',(0.,-1.,0.));
#7027=DIRECTION('center_axis',(0.,-1.,0.));
#7028=DIRECTION('ref_axis',(0.,0.,1.));
#7029=DIRECTION('center_axis',(0.,-1.,0.));
#7030=DIRECTION('ref_axis',(0.,0.,1.));
#7031=DIRECTION('center_axis',(0.,-1.,0.));
#7032=DIRECTION('ref_axis',(0.,0.,1.));
#7033=DIRECTION('',(0.,-1.,0.));
#7034=DIRECTION('center_axis',(0.,0.,-1.));
#7035=DIRECTION('ref_axis',(1.,0.,0.));
#7036=DIRECTION('',(-1.,0.,0.));
#7037=DIRECTION('',(-1.,0.,0.));
#7038=DIRECTION('',(0.,-1.,0.));
#7039=DIRECTION('center_axis',(0.,-1.,0.));
#7040=DIRECTION('ref_axis',(0.,0.,1.));
#7041=DIRECTION('center_axis',(0.,1.,0.));
#7042=DIRECTION('ref_axis',(0.,0.,1.));
#7043=DIRECTION('center_axis',(0.,1.,0.));
#7044=DIRECTION('ref_axis',(0.,0.,1.));
#7045=DIRECTION('',(0.,-1.,0.));
#7046=DIRECTION('center_axis',(-1.,0.,3.35161667811368E-17));
#7047=DIRECTION('ref_axis',(-3.35161667811368E-17,0.,-1.));
#7048=DIRECTION('',(6.10431903573969E-17,0.,1.));
#7049=DIRECTION('',(3.35161667811368E-17,0.,1.));
#7050=DIRECTION('',(0.,-1.,0.));
#7051=DIRECTION('center_axis',(0.,-1.,0.));
#7052=DIRECTION('ref_axis',(1.,0.,0.));
#7053=DIRECTION('center_axis',(0.,1.,0.));
#7054=DIRECTION('ref_axis',(1.,0.,0.));
#7055=DIRECTION('center_axis',(0.,1.,0.));
#7056=DIRECTION('ref_axis',(1.,0.,0.));
#7057=DIRECTION('center_axis',(0.,0.,-1.));
#7058=DIRECTION('ref_axis',(1.,0.,0.));
#7059=DIRECTION('',(1.,0.,0.));
#7060=DIRECTION('',(1.,0.,0.));
#7061=DIRECTION('',(0.,-1.,0.));
#7062=DIRECTION('center_axis',(0.,-1.,0.));
#7063=DIRECTION('ref_axis',(0.,0.,-1.));
#7064=DIRECTION('center_axis',(0.,-1.,0.));
#7065=DIRECTION('ref_axis',(0.,0.,-1.));
#7066=DIRECTION('',(0.,-1.,0.));
#7067=DIRECTION('center_axis',(0.,-1.,0.));
#7068=DIRECTION('ref_axis',(0.,0.,-1.));
#7069=DIRECTION('center_axis',(1.,0.,-2.68129334249094E-16));
#7070=DIRECTION('ref_axis',(2.68129334249094E-16,0.,1.));
#7071=DIRECTION('',(2.44172761429588E-16,0.,1.));
#7072=DIRECTION('',(0.,-1.,0.));
#7073=DIRECTION('',(2.68129334249094E-16,0.,1.));
#7074=DIRECTION('center_axis',(0.,-1.,0.));
#7075=DIRECTION('ref_axis',(-1.,0.,0.));
#7076=DIRECTION('center_axis',(0.,-1.,0.));
#7077=DIRECTION('ref_axis',(-1.,0.,0.));
#7078=DIRECTION('center_axis',(0.,-1.,0.));
#7079=DIRECTION('ref_axis',(-1.,0.,0.));
#7080=DIRECTION('center_axis',(0.,-1.,0.));
#7081=DIRECTION('ref_axis',(0.,0.,-1.));
#7082=DIRECTION('center_axis',(-1.,0.,0.));
#7083=DIRECTION('ref_axis',(0.,0.,1.));
#7084=DIRECTION('center_axis',(0.,0.,-1.));
#7085=DIRECTION('ref_axis',(0.,1.,0.));
#7086=DIRECTION('center_axis',(0.,0.,-1.));
#7087=DIRECTION('ref_axis',(0.,1.,0.));
#7088=DIRECTION('center_axis',(-1.,0.,0.));
#7089=DIRECTION('ref_axis',(0.,0.,1.));
#7090=DIRECTION('center_axis',(1.,0.,-1.30231439838728E-16));
#7091=DIRECTION('ref_axis',(9.20875342336524E-17,0.707106781186548,0.707106781186547));
#7092=DIRECTION('center_axis',(1.,0.,0.));
#7093=DIRECTION('ref_axis',(0.,1.,0.));
#7094=DIRECTION('',(1.,0.,-1.30231439838728E-16));
#7095=DIRECTION('',(1.,0.,-1.30231439838728E-16));
#7096=DIRECTION('center_axis',(1.,0.,-1.30231439838728E-16));
#7097=DIRECTION('ref_axis',(9.20875342336524E-17,0.707106781186548,0.707106781186547));
#7098=DIRECTION('center_axis',(1.,0.,0.));
#7099=DIRECTION('ref_axis',(0.,1.,0.));
#7100=DIRECTION('center_axis',(0.,0.,-1.));
#7101=DIRECTION('ref_axis',(-1.,0.,0.));
#7102=DIRECTION('center_axis',(-2.44172761429588E-16,0.,-1.));
#7103=DIRECTION('ref_axis',(0.707106781186548,0.707106781186547,-1.72656215387907E-16));
#7104=DIRECTION('',(-2.44172761429588E-16,0.,-1.));
#7105=DIRECTION('',(-2.44172761429588E-16,0.,-1.));
#7106=DIRECTION('center_axis',(0.,0.,1.));
#7107=DIRECTION('ref_axis',(1.,0.,0.));
#7108=DIRECTION('center_axis',(-2.44172761429588E-16,0.,-1.));
#7109=DIRECTION('ref_axis',(0.707106781186548,0.707106781186547,-1.72656215387907E-16));
#7110=DIRECTION('center_axis',(0.,0.,1.));
#7111=DIRECTION('ref_axis',(1.,0.,0.));
#7112=DIRECTION('',(2.44172761429588E-16,0.,1.));
#7113=DIRECTION('center_axis',(6.10431903573969E-17,0.,1.));
#7114=DIRECTION('ref_axis',(-0.707106781186548,0.707106781186547,4.31640538469766E-17));
#7115=DIRECTION('center_axis',(0.,0.,1.));
#7116=DIRECTION('ref_axis',(0.,1.,0.));
#7117=DIRECTION('center_axis',(-1.,0.,0.));
#7118=DIRECTION('ref_axis',(0.,1.,0.));
#7119=DIRECTION('center_axis',(-1.,0.,0.));
#7120=DIRECTION('ref_axis',(0.,1.,0.));
#7121=DIRECTION('center_axis',(1.,0.,0.));
#7122=DIRECTION('ref_axis',(0.,0.,-1.));
#7123=DIRECTION('center_axis',(-1.,0.,0.));
#7124=DIRECTION('ref_axis',(0.,0.707106781186548,-0.707106781186547));
#7125=DIRECTION('center_axis',(0.,-1.,0.));
#7126=DIRECTION('ref_axis',(-1.,0.,0.));
#7127=DIRECTION('center_axis',(0.,-1.,0.));
#7128=DIRECTION('ref_axis',(-1.,0.,0.));
#7129=DIRECTION('',(0.,-1.,0.));
#7130=DIRECTION('center_axis',(0.,1.,0.));
#7131=DIRECTION('ref_axis',(-1.,0.,0.));
#7132=DIRECTION('center_axis',(0.,-1.,0.));
#7133=DIRECTION('ref_axis',(-1.,0.,0.));
#7134=DIRECTION('center_axis',(0.,-1.,0.));
#7135=DIRECTION('ref_axis',(-1.,0.,0.));
#7136=DIRECTION('',(0.,1.,0.));
#7137=DIRECTION('center_axis',(0.,1.,0.));
#7138=DIRECTION('ref_axis',(-1.,0.,0.));
#7139=DIRECTION('center_axis',(0.,1.,0.));
#7140=DIRECTION('ref_axis',(0.,0.,1.));
#7141=DIRECTION('center_axis',(0.,-1.,0.));
#7142=DIRECTION('ref_axis',(0.,0.,-1.));
#7143=DIRECTION('',(-1.,0.,0.));
#7144=DIRECTION('center_axis',(0.,1.,0.));
#7145=DIRECTION('ref_axis',(0.707106781186545,0.,-0.70710678118655));
#7146=DIRECTION('center_axis',(0.,-1.,0.));
#7147=DIRECTION('ref_axis',(-1.,0.,0.));
#7148=DIRECTION('center_axis',(0.,1.,0.));
#7149=DIRECTION('ref_axis',(-1.,0.,0.));
#7150=DIRECTION('',(0.707106781186548,-0.707106781186547,8.65956056235494E-17));
#7151=DIRECTION('center_axis',(0.,-1.,0.));
#7152=DIRECTION('ref_axis',(0.,0.,-1.));
#7153=DIRECTION('center_axis',(0.,1.,0.));
#7154=DIRECTION('ref_axis',(0.,0.,1.));
#7155=DIRECTION('center_axis',(0.,0.,1.));
#7156=DIRECTION('ref_axis',(-1.,0.,0.));
#7157=DIRECTION('',(0.,0.,1.));
#7158=DIRECTION('center_axis',(0.,0.,1.));
#7159=DIRECTION('ref_axis',(-1.,0.,0.));
#7160=DIRECTION('center_axis',(0.,0.,1.));
#7161=DIRECTION('ref_axis',(1.,0.,0.));
#7162=DIRECTION('center_axis',(-1.,0.,0.));
#7163=DIRECTION('ref_axis',(0.,0.707106781186548,-0.707106781186547));
#7164=DIRECTION('center_axis',(1.,0.,0.));
#7165=DIRECTION('ref_axis',(0.,0.,-1.));
#7166=DIRECTION('center_axis',(0.,1.,3.82308204072024E-17));
#7167=DIRECTION('ref_axis',(0.,3.82308204072024E-17,-1.));
#7168=DIRECTION('',(-1.,0.,0.));
#7169=DIRECTION('',(0.,-3.82308204072024E-17,1.));
#7170=DIRECTION('',(-1.,0.,0.));
#7171=DIRECTION('center_axis',(-1.,0.,0.));
#7172=DIRECTION('ref_axis',(0.,1.,0.));
#7173=DIRECTION('',(-1.,0.,0.));
#7174=DIRECTION('center_axis',(1.,0.,0.));
#7175=DIRECTION('ref_axis',(0.,1.,0.));
#7176=DIRECTION('center_axis',(-1.,0.,0.));
#7177=DIRECTION('ref_axis',(0.,-1.,0.));
#7178=DIRECTION('center_axis',(1.,0.,0.));
#7179=DIRECTION('ref_axis',(0.,-1.,0.));
#7180=DIRECTION('',(-1.,0.,0.));
#7181=DIRECTION('center_axis',(0.,-1.,7.64616408144047E-17));
#7182=DIRECTION('ref_axis',(0.,7.64616408144047E-17,1.));
#7183=DIRECTION('',(0.,-7.64616408144047E-17,-1.));
#7184=DIRECTION('center_axis',(1.,0.,0.));
#7185=DIRECTION('ref_axis',(0.,0.,-1.));
#7186=DIRECTION('center_axis',(0.,1.,3.07850844372221E-15));
#7187=DIRECTION('ref_axis',(0.,3.07850844372221E-15,-1.));
#7188=DIRECTION('',(-1.,0.,0.));
#7189=DIRECTION('',(0.,-3.07850844372221E-15,1.));
#7190=DIRECTION('',(-1.,0.,0.));
#7191=DIRECTION('center_axis',(-1.,0.,0.));
#7192=DIRECTION('ref_axis',(0.,1.,5.38147671200626E-15));
#7193=DIRECTION('',(-1.,0.,0.));
#7194=DIRECTION('center_axis',(1.,0.,0.));
#7195=DIRECTION('ref_axis',(0.,1.,5.38147671200626E-15));
#7196=DIRECTION('center_axis',(-1.,0.,0.));
#7197=DIRECTION('ref_axis',(0.,-1.,-1.07629534240125E-14));
#7198=DIRECTION('center_axis',(1.,0.,0.));
#7199=DIRECTION('ref_axis',(0.,-1.,-1.07629534240125E-14));
#7200=DIRECTION('',(-1.,0.,0.));
#7201=DIRECTION('center_axis',(0.,-1.,-2.9943961911615E-15));
#7202=DIRECTION('ref_axis',(0.,-2.9943961911615E-15,1.));
#7203=DIRECTION('',(0.,2.9943961911615E-15,-1.));
#7204=DIRECTION('center_axis',(1.,0.,0.));
#7205=DIRECTION('ref_axis',(0.,0.,-1.));
#7206=DIRECTION('center_axis',(0.,-1.,0.));
#7207=DIRECTION('ref_axis',(6.34413156928666E-15,0.,1.));
#7208=DIRECTION('',(0.,-1.,0.));
#7209=DIRECTION('center_axis',(0.,-1.,0.));
#7210=DIRECTION('ref_axis',(6.34413156928666E-15,0.,1.));
#7211=DIRECTION('',(0.,-1.,0.));
#7212=DIRECTION('center_axis',(0.,0.,-1.));
#7213=DIRECTION('ref_axis',(1.,0.,0.));
#7214=DIRECTION('',(0.,-1.,0.));
#7215=DIRECTION('',(1.,0.,0.));
#7216=DIRECTION('center_axis',(0.,-1.,0.));
#7217=DIRECTION('ref_axis',(0.,0.,-1.));
#7218=DIRECTION('',(0.,-1.,0.));
#7219=DIRECTION('center_axis',(0.,-1.,0.));
#7220=DIRECTION('ref_axis',(0.,0.,-1.));
#7221=DIRECTION('center_axis',(0.,0.,1.));
#7222=DIRECTION('ref_axis',(-1.,0.,0.));
#7223=DIRECTION('',(-1.,0.,0.));
#7224=DIRECTION('center_axis',(0.,1.,0.));
#7225=DIRECTION('ref_axis',(0.,0.,1.));
#7226=DIRECTION('center_axis',(0.,-1.,0.));
#7227=DIRECTION('ref_axis',(0.,0.,-1.));
#7228=DIRECTION('',(0.,-1.,0.));
#7229=DIRECTION('center_axis',(0.,-1.,0.));
#7230=DIRECTION('ref_axis',(0.,0.,-1.));
#7231=DIRECTION('',(0.,-1.,0.));
#7232=DIRECTION('center_axis',(-1.17251276528069E-15,0.,1.));
#7233=DIRECTION('ref_axis',(-1.,0.,-1.17251276528069E-15));
#7234=DIRECTION('',(0.,-1.,0.));
#7235=DIRECTION('',(-1.,0.,-1.17251276528069E-15));
#7236=DIRECTION('center_axis',(0.,-1.,0.));
#7237=DIRECTION('ref_axis',(6.34413156928666E-15,0.,1.));
#7238=DIRECTION('',(0.,-1.,0.));
#7239=DIRECTION('center_axis',(0.,-1.,0.));
#7240=DIRECTION('ref_axis',(6.34413156928666E-15,0.,1.));
#7241=DIRECTION('center_axis',(1.17251276528069E-15,0.,-1.));
#7242=DIRECTION('ref_axis',(1.,0.,1.17251276528069E-15));
#7243=DIRECTION('',(1.,0.,1.17251276528069E-15));
#7244=DIRECTION('center_axis',(0.,-1.,0.));
#7245=DIRECTION('ref_axis',(0.,0.,-1.));
#7246=DIRECTION('center_axis',(-2.03089577675333E-16,1.,0.));
#7247=DIRECTION('ref_axis',(1.,2.03089577675333E-16,0.));
#7248=DIRECTION('',(-1.,0.,1.30231439838728E-16));
#7249=DIRECTION('',(0.,0.,-1.));
#7250=DIRECTION('',(-1.,-2.03089577675333E-16,0.));
#7251=DIRECTION('',(0.,0.,-1.));
#7252=DIRECTION('center_axis',(0.,0.,-1.));
#7253=DIRECTION('ref_axis',(0.,-1.,0.));
#7254=DIRECTION('center_axis',(0.,0.,1.));
#7255=DIRECTION('ref_axis',(0.,-1.,0.));
#7256=DIRECTION('',(0.,0.,-1.));
#7257=DIRECTION('center_axis',(-2.25655086305926E-17,1.,0.));
#7258=DIRECTION('ref_axis',(1.,2.25655086305926E-17,0.));
#7259=DIRECTION('',(0.,0.,-1.));
#7260=DIRECTION('',(1.,2.25655086305926E-17,0.));
#7261=DIRECTION('',(0.,0.,-1.));
#7262=DIRECTION('center_axis',(0.,0.,-1.));
#7263=DIRECTION('ref_axis',(0.,-1.,0.));
#7264=DIRECTION('center_axis',(0.,0.,-1.));
#7265=DIRECTION('ref_axis',(0.,-1.,0.));
#7266=DIRECTION('',(0.,0.,-1.));
#7267=DIRECTION('center_axis',(6.76965258917778E-17,-1.,0.));
#7268=DIRECTION('ref_axis',(-1.,-6.76965258917778E-17,0.));
#7269=DIRECTION('',(1.,0.,-1.30231439838728E-16));
#7270=DIRECTION('',(1.,6.76965258917778E-17,0.));
#7271=DIRECTION('',(0.,0.,-1.));
#7272=DIRECTION('center_axis',(-4.51310172611852E-17,-1.,0.));
#7273=DIRECTION('ref_axis',(-1.,4.51310172611852E-17,0.));
#7274=DIRECTION('',(-1.,4.51310172611852E-17,0.));
#7275=DIRECTION('',(0.,0.,-1.));
#7276=DIRECTION('center_axis',(0.,0.,-1.));
#7277=DIRECTION('ref_axis',(0.,1.,0.));
#7278=DIRECTION('center_axis',(0.,0.,1.));
#7279=DIRECTION('ref_axis',(0.,1.,0.));
#7280=DIRECTION('center_axis',(0.,0.,-1.));
#7281=DIRECTION('ref_axis',(0.,1.,0.));
#7282=DIRECTION('center_axis',(0.,0.,-1.));
#7283=DIRECTION('ref_axis',(0.,1.,0.));
#7284=DIRECTION('center_axis',(0.,0.,1.));
#7285=DIRECTION('ref_axis',(1.,0.,0.));
#7286=DIRECTION('center_axis',(0.,0.,-1.));
#7287=DIRECTION('ref_axis',(-1.,0.,0.));
#7288=DIRECTION('',(0.,0.,-1.));
#7289=DIRECTION('center_axis',(1.,0.,-1.30231439838728E-16));
#7290=DIRECTION('ref_axis',(9.20875342336524E-17,0.707106781186548,0.707106781186547));
#7291=DIRECTION('',(1.,0.,-1.30231439838728E-16));
#7292=DIRECTION('',(-1.,0.,1.30231439838728E-16));
#7293=DIRECTION('center_axis',(0.,0.,1.));
#7294=DIRECTION('ref_axis',(0.,1.,0.));
#7295=DIRECTION('center_axis',(0.,0.,-1.));
#7296=DIRECTION('ref_axis',(0.,1.,0.));
#7297=DIRECTION('',(0.,0.,1.));
#7298=DIRECTION('center_axis',(0.,0.,1.));
#7299=DIRECTION('ref_axis',(0.,1.,0.));
#7300=DIRECTION('',(0.,0.,1.));
#7301=DIRECTION('center_axis',(-2.78061322196647E-16,1.,0.));
#7302=DIRECTION('ref_axis',(-1.,-2.78061322196647E-16,0.));
#7303=DIRECTION('',(1.,2.78061322196647E-16,0.));
#7304=DIRECTION('',(-1.,-2.78061322196647E-16,0.));
#7305=DIRECTION('',(0.,0.,1.));
#7306=DIRECTION('center_axis',(0.,0.,1.));
#7307=DIRECTION('ref_axis',(0.,-1.,0.));
#7308=DIRECTION('center_axis',(0.,0.,-1.));
#7309=DIRECTION('ref_axis',(0.,-1.,0.));
#7310=DIRECTION('center_axis',(0.,0.,1.));
#7311=DIRECTION('ref_axis',(0.,-1.,0.));
#7312=DIRECTION('',(0.,0.,1.));
#7313=DIRECTION('center_axis',(1.51669812107262E-16,-1.,0.));
#7314=DIRECTION('ref_axis',(1.,1.51669812107262E-16,0.));
#7315=DIRECTION('',(-1.,-1.51669812107262E-16,0.));
#7316=DIRECTION('',(1.,1.51669812107262E-16,0.));
#7317=DIRECTION('center_axis',(0.,0.,1.));
#7318=DIRECTION('ref_axis',(1.,0.,0.));
#7319=DIRECTION('center_axis',(0.,0.,-1.));
#7320=DIRECTION('ref_axis',(0.,-1.,0.));
#7321=DIRECTION('',(0.,0.,-1.));
#7322=DIRECTION('center_axis',(0.,0.,-1.));
#7323=DIRECTION('ref_axis',(0.,-1.,0.));
#7324=DIRECTION('',(0.,0.,-1.));
#7325=DIRECTION('center_axis',(-4.74454284027845E-17,-1.,0.));
#7326=DIRECTION('ref_axis',(-1.,4.74454284027845E-17,0.));
#7327=DIRECTION('',(-1.,4.74454284027845E-17,0.));
#7328=DIRECTION('',(0.,0.,-1.));
#7329=DIRECTION('center_axis',(4.74454284027845E-17,1.,0.));
#7330=DIRECTION('ref_axis',(1.,-4.74454284027845E-17,0.));
#7331=DIRECTION('',(0.,0.,-1.));
#7332=DIRECTION('',(1.,-4.74454284027845E-17,0.));
#7333=DIRECTION('center_axis',(0.,0.,-1.));
#7334=DIRECTION('ref_axis',(0.,1.,0.));
#7335=DIRECTION('center_axis',(0.,0.,-1.));
#7336=DIRECTION('ref_axis',(0.,1.,0.));
#7337=DIRECTION('center_axis',(0.,0.,1.));
#7338=DIRECTION('ref_axis',(1.,0.,0.));
#7339=DIRECTION('center_axis',(-1.,0.,1.30231439838728E-16));
#7340=DIRECTION('ref_axis',(9.20875342336524E-17,-0.707106781186548,0.707106781186547));
#7341=DIRECTION('center_axis',(0.,0.,-1.));
#7342=DIRECTION('ref_axis',(-1.,0.,0.));
#7343=DIRECTION('center_axis',(0.,0.,1.));
#7344=DIRECTION('ref_axis',(0.,1.,0.));
#7345=DIRECTION('center_axis',(6.10431903573969E-17,0.,1.));
#7346=DIRECTION('ref_axis',(-0.707106781186548,0.707106781186547,4.31640538469766E-17));
#7347=DIRECTION('',(-6.10431903573969E-17,0.,-1.));
#7348=DIRECTION('center_axis',(-1.,0.,0.));
#7349=DIRECTION('ref_axis',(0.,0.,-1.));
#7350=DIRECTION('center_axis',(1.,0.,0.));
#7351=DIRECTION('ref_axis',(0.,-0.707106781186548,-0.707106781186547));
#7352=DIRECTION('center_axis',(0.,1.,0.));
#7353=DIRECTION('ref_axis',(0.,0.,1.));
#7354=DIRECTION('axis',(0.,0.,1.));
#7355=DIRECTION('refdir',(1.,0.,0.));
#7356=DIRECTION('center_axis',(-2.68391873279277E-16,-0.707106781186555,
-0.70710678118654));
#7357=DIRECTION('ref_axis',(-1.,0.,3.79563427222279E-16));
#7358=DIRECTION('',(0.,-0.707106781186793,0.707106781186302));
#7359=DIRECTION('',(-1.,3.25201447787888E-30,3.79563427222276E-16));
#7360=DIRECTION('',(-7.85046229341896E-16,0.70710678118654,-0.707106781186555));
#7361=DIRECTION('',(1.,-3.25201447787888E-30,-3.79563427222276E-16));
#7362=DIRECTION('',(0.707106781113242,-0.70710678118654,1.0182337646867E-5));
#7363=DIRECTION('',(-7.85046229341889E-16,-0.707106781186546,-0.707106781186549));
#7364=DIRECTION('center_axis',(-6.70979683198203E-17,-0.707106781186543,
0.707106781186552));
#7365=DIRECTION('ref_axis',(1.,0.,9.48908568055695E-17));
#7366=DIRECTION('',(0.,-0.707106781186552,-0.707106781186543));
#7367=DIRECTION('',(1.,-5.87567561908559E-31,9.48908568055689E-17));
#7368=DIRECTION('',(-1.,5.87567561908559E-31,-9.48908568055689E-17));
#7369=DIRECTION('center_axis',(0.,-1.,5.55111512312511E-15));
#7370=DIRECTION('ref_axis',(-4.44089209850063E-16,-3.27589138365008E-15,
-1.));
#7371=DIRECTION('',(-0.707106781113193,-0.707106781186589,1.01823378266419E-5));
#7372=DIRECTION('center_axis',(-1.12045694510262E-30,-1.,5.615813800543E-15));
#7373=DIRECTION('ref_axis',(-4.44089209850063E-16,-5.615813800543E-15,-1.));
#7374=DIRECTION('center_axis',(1.12045694510262E-30,1.,-5.615813800543E-15));
#7375=DIRECTION('ref_axis',(-4.44089209850063E-16,0.,-1.));
#7376=DIRECTION('',(0.,1.,0.));
#7377=DIRECTION('',(0.,1.,0.));
#7378=DIRECTION('',(0.,1.,0.));
#7379=DIRECTION('center_axis',(3.79563427222276E-16,0.,1.));
#7380=DIRECTION('ref_axis',(1.,-3.53362592437765E-59,-3.79563427222276E-16));
#7381=DIRECTION('',(0.,1.,0.));
#7382=DIRECTION('',(-1.,-9.03685623262107E-33,-2.01127359533543E-16));
#7383=DIRECTION('center_axis',(-1.12045694510262E-30,-1.,5.615813800543E-15));
#7384=DIRECTION('ref_axis',(-1.04636973490303E-30,-5.615813800543E-15,-1.));
#7385=DIRECTION('',(-1.,1.12045694510262E-30,6.73743501991986E-45));
#7386=DIRECTION('',(-1.04636973490303E-30,-5.615813800543E-15,-1.));
#7387=DIRECTION('',(1.,-1.12045694510262E-30,-9.299593121898E-47));
#7388=DIRECTION('',(-1.04636973490303E-30,-5.615813800543E-15,-1.));
#7389=DIRECTION('',(-1.,1.12045694510262E-30,0.));
#7390=DIRECTION('',(1.,-1.12045694510262E-30,0.));
#7391=DIRECTION('center_axis',(-7.92282703909636E-31,-0.707106781186555,
-0.70710678118654));
#7392=DIRECTION('ref_axis',(-1.,0.,1.12045694510265E-30));
#7393=DIRECTION('',(0.,-0.70710678118654,0.707106781186555));
#7394=DIRECTION('',(0.,0.707106781186792,-0.707106781186303));
#7395=DIRECTION('',(1.,-1.12045694510262E-30,0.));
#7396=DIRECTION('',(0.707106781116089,-0.70710678118654,-9.98268396679323E-6));
#7397=DIRECTION('',(0.,-0.707106781186546,-0.707106781186549));
#7398=DIRECTION('center_axis',(-7.92282703909622E-31,-0.707106781186543,
0.707106781186552));
#7399=DIRECTION('ref_axis',(1.,0.,1.12045694510261E-30));
#7400=DIRECTION('',(0.,-0.7071067811863,-0.707106781186795));
#7401=DIRECTION('',(-1.,1.12045694510262E-30,0.));
#7402=DIRECTION('',(-0.707106781186557,-0.707106781186538,6.28036983473515E-15));
#7403=DIRECTION('',(0.,1.,0.));
#7404=DIRECTION('',(0.,1.,0.));
#7405=DIRECTION('',(0.,1.,0.));
#7406=DIRECTION('center_axis',(0.,0.,1.));
#7407=DIRECTION('ref_axis',(1.,-3.53362592437765E-59,0.));
#7408=DIRECTION('',(0.,1.,0.));
#7409=DIRECTION('',(-1.,-9.03685623262107E-33,-2.01127359533543E-16));
#7410=DIRECTION('',(0.,1.,0.));
#7411=DIRECTION('',(0.,1.,0.));
#7412=DIRECTION('center_axis',(0.,0.,-1.));
#7413=DIRECTION('ref_axis',(-1.,3.53362592437765E-59,0.));
#7414=DIRECTION('',(1.,9.03685623262107E-33,2.01127359533543E-16));
#7415=DIRECTION('center_axis',(1.,9.03685623262107E-33,2.01127359533543E-16));
#7416=DIRECTION('ref_axis',(-1.69975036591914E-16,-0.534590141210383,0.845111460649223));
#7417=DIRECTION('',(1.,0.,2.01127359533543E-16));
#7418=DIRECTION('center_axis',(-1.,1.83697019872103E-16,1.4761475586657E-32));
#7419=DIRECTION('ref_axis',(-9.82026157933541E-17,-0.534590141210383,0.845111460649223));
#7420=DIRECTION('',(1.,0.,2.01127359533543E-16));
#7421=DIRECTION('center_axis',(-1.,1.83697019872103E-16,1.4761475586657E-32));
#7422=DIRECTION('ref_axis',(-9.82026157933541E-17,-0.534590141210383,0.845111460649223));
#7423=DIRECTION('',(1.,0.,2.01127359533543E-16));
#7424=DIRECTION('',(1.,0.,2.01127359533543E-16));
#7425=DIRECTION('center_axis',(0.,1.,0.));
#7426=DIRECTION('ref_axis',(4.44089209850063E-16,0.,1.));
#7427=DIRECTION('',(0.,1.,0.));
#7428=DIRECTION('',(0.,1.,0.));
#7429=DIRECTION('center_axis',(9.48908568055689E-17,0.,-1.));
#7430=DIRECTION('ref_axis',(-1.,0.,-9.48908568055689E-17));
#7431=DIRECTION('',(1.,9.03685623262107E-33,2.01127359533543E-16));
#7432=DIRECTION('center_axis',(1.,9.03685623262107E-33,2.01127359533543E-16));
#7433=DIRECTION('ref_axis',(5.38638861220573E-23,-0.999999999999964,-2.6780984078657E-7));
#7434=DIRECTION('center_axis',(-1.,1.83697019872103E-16,1.4761475586657E-32));
#7435=DIRECTION('ref_axis',(-1.83697019872096E-16,-0.999999999999964,-2.6780984078657E-7));
#7436=DIRECTION('',(1.,0.,2.01127359533543E-16));
#7437=DIRECTION('center_axis',(-1.,1.83697019872103E-16,1.4761475586657E-32));
#7438=DIRECTION('ref_axis',(-1.83697019872096E-16,-0.999999999999964,-2.6780984078657E-7));
#7439=DIRECTION('center_axis',(1.43651728226808E-15,-0.707106781186548,
-0.707106781186547));
#7440=DIRECTION('ref_axis',(-1.,0.,-2.03154222316686E-15));
#7441=DIRECTION('',(-1.57009245868377E-15,0.707106781186547,-0.707106781186548));
#7442=DIRECTION('',(1.,2.03154222316684E-15,1.22146537990892E-29));
#7443=DIRECTION('',(1.57009245868377E-15,-0.707106781186547,0.707106781186548));
#7444=DIRECTION('',(1.,2.03154222316684E-15,0.));
#7445=DIRECTION('center_axis',(0.,4.4408920985003E-15,-1.));
#7446=DIRECTION('ref_axis',(-1.,-2.37836088105401E-63,3.95569177093646E-49));
#7447=DIRECTION('',(1.17756934401281E-15,-0.707106781186529,-0.707106781186566));
#7448=DIRECTION('center_axis',(-6.84227765783605E-49,6.01250304315537E-15,
-1.));
#7449=DIRECTION('ref_axis',(-1.,-4.11392152398532E-63,6.84227765783605E-49));
#7450=DIRECTION('center_axis',(0.,0.,-1.));
#7451=DIRECTION('ref_axis',(1.,0.,0.));
#7452=DIRECTION('center_axis',(-1.43651728226809E-15,0.707106781186563,
-0.707106781186532));
#7453=DIRECTION('ref_axis',(-1.,0.,2.03154222316692E-15));
#7454=DIRECTION('',(1.57009245868373E-15,-0.707106781186532,-0.707106781186563));
#7455=DIRECTION('',(-1.,-2.03154222316684E-15,-1.22146537990893E-29));
#7456=DIRECTION('',(-1.,-2.03154222316684E-15,0.));
#7457=DIRECTION('center_axis',(0.,4.4408920985003E-15,-1.));
#7458=DIRECTION('ref_axis',(1.,2.37836088105401E-63,-3.95569177093646E-49));
#7459=DIRECTION('center_axis',(-6.84227765783605E-49,6.01250304315537E-15,
-1.));
#7460=DIRECTION('ref_axis',(1.,4.11392152398532E-63,-6.84227765783605E-49));
#7461=DIRECTION('center_axis',(0.,0.,-1.));
#7462=DIRECTION('ref_axis',(1.,0.,0.));
#7463=DIRECTION('center_axis',(-6.84227765783605E-49,6.01250304315537E-15,
-1.));
#7464=DIRECTION('ref_axis',(-6.12323399573677E-17,-1.,-6.01250304315537E-15));
#7465=DIRECTION('',(-1.,-4.15627275769846E-49,6.84227765783602E-49));
#7466=DIRECTION('center_axis',(6.84227765783605E-49,-6.01250304315537E-15,
1.));
#7467=DIRECTION('ref_axis',(0.707106781186549,0.707106781186546,4.25148167371991E-15));
#7468=DIRECTION('',(-7.42409181027738E-16,1.,6.01250304315537E-15));
#7469=DIRECTION('center_axis',(6.84227765783605E-49,-6.01250304315537E-15,
1.));
#7470=DIRECTION('ref_axis',(0.707106781186547,-0.707106781186548,-4.25148167371992E-15));
#7471=DIRECTION('',(1.,-1.12045694510262E-30,-6.73743501991986E-45));
#7472=DIRECTION('center_axis',(6.84227765783605E-49,-6.01250304315537E-15,
1.));
#7473=DIRECTION('ref_axis',(-0.707106781186546,-0.707106781186549,-4.25148167371992E-15));
#7474=DIRECTION('',(-3.42604529652973E-29,-1.,-6.01250304315537E-15));
#7475=DIRECTION('center_axis',(6.84227765783605E-49,-6.01250304315537E-15,
1.));
#7476=DIRECTION('ref_axis',(-0.707106781186549,0.707106781186546,4.25148167371991E-15));
#7477=DIRECTION('center_axis',(-6.84227765783605E-49,6.01250304315537E-15,
-1.));
#7478=DIRECTION('ref_axis',(1.,4.11392152398532E-63,-6.84227765783605E-49));
#7479=DIRECTION('center_axis',(0.,4.44089209849969E-15,-1.));
#7480=DIRECTION('ref_axis',(1.,2.33873620884097E-63,-3.88978798356433E-49));
#7481=DIRECTION('',(0.707106781186473,-3.22678052299076E-15,0.707106781186622));
#7482=DIRECTION('center_axis',(0.,0.,-1.));
#7483=DIRECTION('ref_axis',(1.,0.,0.));
#7484=DIRECTION('center_axis',(6.08486586387245E-32,-3.10907904950346E-46,
-1.));
#7485=DIRECTION('ref_axis',(1.,0.,6.08486586387245E-32));
#7486=DIRECTION('center_axis',(-2.12301459781647E-15,2.12301459781647E-15,
1.));
#7487=DIRECTION('ref_axis',(3.51752575812661E-15,1.,-2.12975192386572E-15));
#7488=DIRECTION('',(0.,-1.,0.));
#7489=DIRECTION('center_axis',(-2.12301459781649E-15,-2.12301459781649E-15,
1.));
#7490=DIRECTION('ref_axis',(-1.,0.,-2.12975192386571E-15));
#7491=DIRECTION('',(1.,0.,2.01127359533543E-16));
#7492=DIRECTION('center_axis',(2.12301459781647E-15,-2.12301459781647E-15,
1.));
#7493=DIRECTION('ref_axis',(-1.75876287906329E-15,-1.,-2.12975192386571E-15));
#7494=DIRECTION('',(-7.42409181027704E-16,1.,8.56625978108889E-17));
#7495=DIRECTION('center_axis',(0.,0.,1.));
#7496=DIRECTION('ref_axis',(1.,3.5175257581266E-15,0.));
#7497=DIRECTION('',(-1.,0.,0.));
#7498=DIRECTION('center_axis',(0.707106781186546,-5.82567958366829E-17,
0.707106781186549));
#7499=DIRECTION('ref_axis',(0.707106781186549,0.,-0.707106781186546));
#7500=DIRECTION('',(0.707106781186551,5.0242958677881E-15,-0.707106781186544));
#7501=DIRECTION('',(0.,-1.,0.));
#7502=DIRECTION('',(-0.707106781186547,0.,0.707106781186547));
#7503=DIRECTION('',(-3.91336168554116E-34,-1.,-8.23875507726373E-17));
#7504=DIRECTION('center_axis',(0.,0.,1.));
#7505=DIRECTION('ref_axis',(-1.,2.53439508129233E-50,4.09993427619254E-49));
#7506=DIRECTION('',(0.,0.707106781186551,-0.707106781186544));
#7507=DIRECTION('center_axis',(0.,0.,1.));
#7508=DIRECTION('ref_axis',(-1.,0.,0.));
#7509=DIRECTION('center_axis',(6.84227765783602E-49,-8.23875507726373E-17,
1.));
#7510=DIRECTION('ref_axis',(-1.,2.53439508129233E-50,6.84227765783602E-49));
#7511=DIRECTION('center_axis',(-1.74315279842104E-32,0.707106781186543,
0.707106781186552));
#7512=DIRECTION('ref_axis',(1.,0.,2.46519032881563E-32));
#7513=DIRECTION('',(0.,0.707106781186554,-0.707106781186541));
#7514=DIRECTION('',(1.,2.46519032881566E-32,1.34678216801155E-48));
#7515=DIRECTION('center_axis',(0.,0.,1.));
#7516=DIRECTION('ref_axis',(4.51618156162306E-50,-1.,-4.93671201661112E-17));
#7517=DIRECTION('',(-0.707106781186554,0.,-0.707106781186541));
#7518=DIRECTION('center_axis',(0.,0.,1.));
#7519=DIRECTION('ref_axis',(-1.75876287906329E-15,-1.,0.));
#7520=DIRECTION('center_axis',(6.84227765783602E-49,-8.23875507726373E-17,
1.));
#7521=DIRECTION('ref_axis',(4.51618156162306E-50,-1.,-8.23875507726373E-17));
#7522=DIRECTION('center_axis',(-0.707106781186548,-5.83219362156524E-16,
0.707106781186548));
#7523=DIRECTION('ref_axis',(0.707106781186548,0.,0.707106781186548));
#7524=DIRECTION('',(-0.707106781186547,0.,-0.707106781186547));
#7525=DIRECTION('',(-7.28639209488932E-16,1.,8.11307141098669E-17));
#7526=DIRECTION('',(-7.42409181027704E-16,1.,8.23875507726373E-17));
#7527=DIRECTION('center_axis',(0.,0.,1.));
#7528=DIRECTION('ref_axis',(1.,-4.0491821015122E-51,-3.28738565153641E-35));
#7529=DIRECTION('',(0.,-0.707106781186553,-0.707106781186542));
#7530=DIRECTION('center_axis',(0.,0.,1.));
#7531=DIRECTION('ref_axis',(1.,3.51752575812658E-15,0.));
#7532=DIRECTION('center_axis',(6.84227765783602E-49,-8.23875507726373E-17,
1.));
#7533=DIRECTION('ref_axis',(1.,-6.75757862426409E-51,-6.79694835611927E-49));
#7534=DIRECTION('center_axis',(7.77714958204655E-49,-0.707106781186548,
0.707106781186548));
#7535=DIRECTION('ref_axis',(1.,0.,-1.09985504155345E-48));
#7536=DIRECTION('',(0.,-0.707106781186547,-0.707106781186547));
#7537=DIRECTION('',(-1.,0.,0.));
#7538=DIRECTION('',(-1.,-4.15627275769846E-49,6.84227765783602E-49));
#7539=DIRECTION('center_axis',(0.,0.,1.));
#7540=DIRECTION('ref_axis',(4.15627275769846E-49,1.,4.93671201661113E-17));
#7541=DIRECTION('center_axis',(0.,0.,1.));
#7542=DIRECTION('ref_axis',(3.51752575812661E-15,1.,0.));
#7543=DIRECTION('center_axis',(6.84227765783602E-49,-8.23875507726373E-17,
1.));
#7544=DIRECTION('ref_axis',(4.15627275769846E-49,1.,8.23875507726373E-17));
#7545=DIRECTION('center_axis',(6.84227765783602E-49,-8.23875507726373E-17,
1.));
#7546=DIRECTION('ref_axis',(6.12323399573677E-17,1.,8.23875507726373E-17));
#7547=DIRECTION('',(1.,4.15627275769846E-49,-6.84227765783602E-49));
#7548=DIRECTION('center_axis',(-6.84227765783602E-49,8.23875507726373E-17,
-1.));
#7549=DIRECTION('ref_axis',(-0.707106781186548,0.707106781186548,5.82567958366828E-17));
#7550=DIRECTION('',(4.69460853144227E-31,1.,8.23875507726373E-17));
#7551=DIRECTION('center_axis',(-6.84227765783602E-49,8.23875507726373E-17,
-1.));
#7552=DIRECTION('ref_axis',(-0.707106781186548,-0.707106781186548,-5.82567958366828E-17));
#7553=DIRECTION('',(-1.,1.12045694510262E-30,9.299593121898E-47));
#7554=DIRECTION('center_axis',(-6.84227765783602E-49,8.23875507726373E-17,
-1.));
#7555=DIRECTION('ref_axis',(0.707106781186548,-0.707106781186548,-5.82567958366828E-17));
#7556=DIRECTION('',(7.42409181027704E-16,-1.,-8.23875507726373E-17));
#7557=DIRECTION('center_axis',(-6.84227765783602E-49,8.23875507726373E-17,
-1.));
#7558=DIRECTION('ref_axis',(0.707106781186548,0.707106781186548,5.82567958366828E-17));
#7559=DIRECTION('center_axis',(-1.,-4.15627275769846E-49,6.84227765783602E-49));
#7560=DIRECTION('ref_axis',(0.,0.707106781186555,-0.707106781186541));
#7561=DIRECTION('center_axis',(-1.,0.,0.));
#7562=DIRECTION('ref_axis',(0.,1.,5.92118946466749E-15));
#7563=DIRECTION('center_axis',(1.,0.,0.));
#7564=DIRECTION('ref_axis',(0.,5.9211894646675E-15,-1.));
#7565=DIRECTION('',(1.,4.15627275769846E-49,-6.84227765783602E-49));
#7566=DIRECTION('center_axis',(6.84227765783605E-49,-6.01250304315537E-15,
1.));
#7567=DIRECTION('ref_axis',(1.,0.,0.));
#7568=DIRECTION('center_axis',(-2.96059473233374E-15,1.,5.9211894646674E-15));
#7569=DIRECTION('ref_axis',(0.,5.9211894646674E-15,-1.));
#7570=DIRECTION('center_axis',(-6.84227765783605E-49,6.01250304315537E-15,
-1.));
#7571=DIRECTION('ref_axis',(-0.707106781186548,0.707106781186546,4.25056815144308E-15));
#7572=DIRECTION('center_axis',(-3.42604529652973E-29,-1.,-6.01250304315537E-15));
#7573=DIRECTION('ref_axis',(-0.707106781186548,8.37382644631351E-15,-0.707106781186547));
#7574=DIRECTION('center_axis',(3.45126646034193E-29,1.,5.9211894646675E-15));
#7575=DIRECTION('ref_axis',(0.,5.9211894646675E-15,-1.));
#7576=DIRECTION('',(3.42604529652973E-29,1.,6.01250304315537E-15));
#7577=DIRECTION('center_axis',(6.84227765783605E-49,-6.01250304315537E-15,
1.));
#7578=DIRECTION('ref_axis',(1.,0.,0.));
#7579=DIRECTION('center_axis',(-1.,-1.48029736616686E-15,-8.7651211691198E-30));
#7580=DIRECTION('ref_axis',(0.,5.92118946466582E-15,-1.));
#7581=DIRECTION('center_axis',(-6.84227765783605E-49,6.01250304315537E-15,
-1.));
#7582=DIRECTION('ref_axis',(-0.707106781186546,-0.707106781186549,-4.25056815144307E-15));
#7583=DIRECTION('center_axis',(1.,-1.12045694510262E-30,-6.73743501991986E-45));
#7584=DIRECTION('ref_axis',(-9.2968149249123E-31,-0.707106781186548,-0.707106781186547));
#7585=DIRECTION('center_axis',(-1.,0.,0.));
#7586=DIRECTION('ref_axis',(0.,5.9211894646675E-15,-1.));
#7587=DIRECTION('center_axis',(6.84227765783605E-49,-6.01250304315537E-15,
1.));
#7588=DIRECTION('ref_axis',(1.,0.,0.));
#7589=DIRECTION('center_axis',(2.96059473233374E-15,-1.,-5.92118946466582E-15));
#7590=DIRECTION('ref_axis',(0.,5.92118946466582E-15,-1.));
#7591=DIRECTION('center_axis',(-6.84227765783605E-49,6.01250304315537E-15,
-1.));
#7592=DIRECTION('ref_axis',(0.707106781186547,-0.707106781186548,-4.25056815144307E-15));
#7593=DIRECTION('center_axis',(-7.42409181027738E-16,1.,6.01250304315537E-15));
#7594=DIRECTION('ref_axis',(0.707106781186549,4.18691322315675E-15,-0.707106781186546));
#7595=DIRECTION('center_axis',(3.42387545668842E-29,-1.,-5.9211894646675E-15));
#7596=DIRECTION('ref_axis',(0.,5.9211894646675E-15,-1.));
#7597=DIRECTION('',(7.42409181027738E-16,-1.,-6.01250304315537E-15));
#7598=DIRECTION('center_axis',(6.84227765783605E-49,-6.01250304315537E-15,
1.));
#7599=DIRECTION('ref_axis',(1.,0.,0.));
#7600=DIRECTION('center_axis',(-6.84227765783605E-49,6.01250304315537E-15,
-1.));
#7601=DIRECTION('ref_axis',(0.707106781186549,0.707106781186546,4.25056815144309E-15));
#7602=DIRECTION('center_axis',(-1.3684555315672E-48,0.,1.));
#7603=DIRECTION('ref_axis',(4.51618156162307E-50,-1.,0.));
#7604=DIRECTION('',(5.69345140833415E-15,-1.3949930870689E-30,-1.));
#7605=DIRECTION('center_axis',(6.84227765783602E-49,-8.23875507726373E-17,
1.));
#7606=DIRECTION('ref_axis',(0.707106781186547,-0.707106781186547,-6.34413156931808E-17));
#7607=DIRECTION('center_axis',(1.,7.42409181027703E-16,5.69345140833415E-15));
#7608=DIRECTION('ref_axis',(5.69345140833415E-15,0.,-1.));
#7609=DIRECTION('',(5.69345140833415E-15,0.,-1.));
#7610=DIRECTION('',(-7.42409181027704E-16,1.,8.23875507726373E-17));
#7611=DIRECTION('center_axis',(-8.2021841417678E-35,0.,1.));
#7612=DIRECTION('ref_axis',(1.,0.,-8.2021841417678E-35));
#7613=DIRECTION('',(3.53586112841618E-31,5.77583895910679E-15,-1.));
#7614=DIRECTION('center_axis',(6.84227765783602E-49,-8.23875507726373E-17,
1.));
#7615=DIRECTION('ref_axis',(0.707106781186548,0.707106781186548,6.34413156931808E-17));
#7616=DIRECTION('center_axis',(-4.15627275769842E-49,1.,5.77583895910679E-15));
#7617=DIRECTION('ref_axis',(3.53586112841618E-31,5.77583895910679E-15,-1.));
#7618=DIRECTION('',(3.53586112841618E-31,5.77583895910679E-15,-1.));
#7619=DIRECTION('',(-1.,-4.15627275769846E-49,6.84227765783602E-49));
#7620=DIRECTION('center_axis',(-1.,-4.15627275769846E-49,6.84227765783602E-49));
#7621=DIRECTION('ref_axis',(0.,0.707106781186544,0.707106781186551));
#7622=DIRECTION('center_axis',(-1.,0.,0.));
#7623=DIRECTION('ref_axis',(0.,0.,1.));
#7624=DIRECTION('center_axis',(1.,0.,0.));
#7625=DIRECTION('ref_axis',(0.,1.,5.5511151231258E-15));
#7626=DIRECTION('center_axis',(6.84227765783602E-49,-8.23875507726373E-17,
1.));
#7627=DIRECTION('ref_axis',(1.,0.,0.));
#7628=DIRECTION('center_axis',(0.,1.,0.));
#7629=DIRECTION('ref_axis',(-1.,0.,0.));
#7630=DIRECTION('center_axis',(6.84227765783602E-49,-8.23875507726373E-17,
1.));
#7631=DIRECTION('ref_axis',(-0.707106781186548,0.707106781186548,6.34413156931808E-17));
#7632=DIRECTION('center_axis',(-4.69460853144227E-31,-1.,-8.23875507726373E-17));
#7633=DIRECTION('ref_axis',(-0.707106781186546,0.,0.707106781186549));
#7634=DIRECTION('center_axis',(0.,1.,0.));
#7635=DIRECTION('ref_axis',(-1.,0.,5.55111512312578E-15));
#7636=DIRECTION('',(-4.69460853144227E-31,-1.,-8.23875507726373E-17));
#7637=DIRECTION('center_axis',(6.84227765783602E-49,-8.23875507726373E-17,
1.));
#7638=DIRECTION('ref_axis',(1.,0.,0.));
#7639=DIRECTION('center_axis',(-1.,-2.22044604925034E-15,0.));
#7640=DIRECTION('ref_axis',(2.22044604925034E-15,-1.,-5.55111512312585E-16));
#7641=DIRECTION('center_axis',(6.84227765783602E-49,-8.23875507726373E-17,
1.));
#7642=DIRECTION('ref_axis',(-0.707106781186548,-0.707106781186548,-6.34413156931808E-17));
#7643=DIRECTION('center_axis',(1.,-1.12045694510262E-30,-9.299593121898E-47));
#7644=DIRECTION('ref_axis',(0.,-0.707106781186544,0.707106781186551));
#7645=DIRECTION('center_axis',(-1.,0.,0.));
#7646=DIRECTION('ref_axis',(0.,-1.,5.55111512312578E-15));
#7647=DIRECTION('center_axis',(6.84227765783602E-49,-8.23875507726373E-17,
1.));
#7648=DIRECTION('ref_axis',(1.,0.,0.));
#7649=DIRECTION('center_axis',(4.44089209850068E-15,-1.,0.));
#7650=DIRECTION('ref_axis',(1.,4.44089209850068E-15,0.));
#7651=DIRECTION('center_axis',(-7.42409181027704E-16,1.,8.23875507726373E-17));
#7652=DIRECTION('ref_axis',(0.707106781186546,0.,0.707106781186549));
#7653=DIRECTION('center_axis',(0.,-1.,0.));
#7654=DIRECTION('ref_axis',(1.,0.,5.55111512312578E-15));
#7655=DIRECTION('center_axis',(6.84227765783602E-49,-8.23875507726373E-17,
1.));
#7656=DIRECTION('ref_axis',(1.,0.,0.));
#7657=DIRECTION('center_axis',(0.,0.,1.));
#7658=DIRECTION('ref_axis',(-1.,2.53439508129234E-50,0.));
#7659=DIRECTION('',(-5.69820135131564E-15,7.02500315130909E-31,-1.));
#7660=DIRECTION('center_axis',(-1.,-2.53439508129234E-50,5.69820135131564E-15));
#7661=DIRECTION('ref_axis',(-5.69820135131564E-15,7.02500315130909E-31,
-1.));
#7662=DIRECTION('',(-5.69820135131564E-15,7.02500315130909E-31,-1.));
#7663=DIRECTION('center_axis',(-6.84227765783602E-49,0.,1.));
#7664=DIRECTION('ref_axis',(4.15627275769846E-49,1.,0.));
#7665=DIRECTION('center_axis',(-2.44929359829471E-16,-1.,4.99678405422964E-34));
#7666=DIRECTION('ref_axis',(0.534590141210383,-1.30936821057805E-16,0.845111460649223));
#7667=DIRECTION('center_axis',(1.98541887653789E-16,-1.98541887653789E-16,
1.));
#7668=DIRECTION('ref_axis',(-6.57909940522839E-16,-1.,-1.6447748513071E-16));
#7669=DIRECTION('center_axis',(-2.44929359829471E-16,-1.,4.99678405422964E-34));
#7670=DIRECTION('ref_axis',(0.999999999999964,-2.44929359829462E-16,-2.67809840708932E-7));
#7671=DIRECTION('center_axis',(5.6030789550042E-16,-5.6030789550042E-16,
1.));
#7672=DIRECTION('ref_axis',(1.856697035368E-15,-1.,-5.65712377963688E-16));
#7673=DIRECTION('center_axis',(-1.,1.83697019872103E-16,1.4761475586657E-32));
#7674=DIRECTION('ref_axis',(-9.82022622175697E-17,-0.534588216433462,-0.845112678197701));
#7675=DIRECTION('center_axis',(-2.44929359829471E-16,-1.,4.99678405422964E-34));
#7676=DIRECTION('ref_axis',(0.534588216433462,-1.30936349623426E-16,-0.845112678197701));
#7677=DIRECTION('center_axis',(5.79626320039006E-16,-5.79626320039006E-16,
1.));
#7678=DIRECTION('ref_axis',(0.,-1.,-5.77714355652482E-16));
#7679=DIRECTION('center_axis',(-1.,1.83697019872103E-16,1.4761475586657E-32));
#7680=DIRECTION('ref_axis',(-9.12706158608206E-17,-0.49685409117887,-0.867834092484744));
#7681=DIRECTION('center_axis',(-2.44929359829471E-16,-1.,4.99678405422964E-34));
#7682=DIRECTION('ref_axis',(0.49685409117887,-1.21694154481094E-16,-0.867834092484744));
#7683=DIRECTION('center_axis',(1.,9.03685623262107E-33,2.01127359533543E-16));
#7684=DIRECTION('ref_axis',(1.69975281474224E-16,-0.534588216433462,-0.845112678197701));
#7685=DIRECTION('center_axis',(-1.,1.83697019872103E-16,1.4761475586657E-32));
#7686=DIRECTION('ref_axis',(-9.82022622175697E-17,-0.534588216433462,-0.845112678197701));
#7687=DIRECTION('',(1.,0.,2.01127359533543E-16));
#7688=DIRECTION('center_axis',(1.,9.03685623262107E-33,2.01127359533543E-16));
#7689=DIRECTION('ref_axis',(1.74545179534645E-16,-0.49685409117887,-0.867834092484744));
#7690=DIRECTION('center_axis',(-1.,1.83697019872103E-16,1.4761475586657E-32));
#7691=DIRECTION('ref_axis',(-9.12706158608206E-17,-0.49685409117887,-0.867834092484744));
#7692=DIRECTION('center_axis',(1.22464679914735E-16,1.,4.67191055232702E-33));
#7693=DIRECTION('ref_axis',(-0.534590141210383,6.54684105289027E-17,0.845111460649223));
#7694=DIRECTION('center_axis',(-1.9854188765379E-16,-1.9854188765379E-16,
1.));
#7695=DIRECTION('ref_axis',(-1.,-1.31581988104568E-15,-1.6447748513071E-16));
#7696=DIRECTION('center_axis',(1.22464679914735E-16,1.,4.67191055232702E-33));
#7697=DIRECTION('ref_axis',(-0.999999999999964,1.22464679914731E-16,-2.67809840704182E-7));
#7698=DIRECTION('center_axis',(-5.6030789550042E-16,-5.6030789550042E-16,
1.));
#7699=DIRECTION('ref_axis',(-1.,0.,-5.6571237796369E-16));
#7700=DIRECTION('center_axis',(1.22464679914735E-16,1.,4.67191055232702E-33));
#7701=DIRECTION('ref_axis',(-0.534588216433462,6.54681748117132E-17,-0.845112678197701));
#7702=DIRECTION('center_axis',(-5.79626320039006E-16,-5.79626320039006E-16,
1.));
#7703=DIRECTION('ref_axis',(-1.,1.92071266294852E-15,-5.77714355652484E-16));
#7704=DIRECTION('center_axis',(1.22464679914735E-16,1.,4.67191055232702E-33));
#7705=DIRECTION('ref_axis',(-0.49685409117887,6.08470772405471E-17,-0.867834092484744));
#7706=DIRECTION('center_axis',(2.53439508129234E-50,-1.,0.));
#7707=DIRECTION('ref_axis',(-0.534590141210383,0.,0.845111460649223));
#7708=DIRECTION('center_axis',(1.22464679914735E-16,1.,4.67191055232702E-33));
#7709=DIRECTION('ref_axis',(-0.534590141210383,6.54684105289027E-17,0.845111460649223));
#7710=DIRECTION('',(0.,-1.,0.));
#7711=DIRECTION('center_axis',(2.53439508129234E-50,-1.,0.));
#7712=DIRECTION('ref_axis',(-0.999999999999964,0.,-2.67809840704182E-7));
#7713=DIRECTION('center_axis',(1.22464679914735E-16,1.,4.67191055232702E-33));
#7714=DIRECTION('ref_axis',(-0.999999999999964,1.22464679914731E-16,-2.67809840704182E-7));
#7715=DIRECTION('',(0.,-1.,0.));
#7716=DIRECTION('center_axis',(2.53439508129234E-50,-1.,0.));
#7717=DIRECTION('ref_axis',(-0.534588216433462,0.,-0.845112678197701));
#7718=DIRECTION('center_axis',(1.22464679914735E-16,1.,4.67191055232702E-33));
#7719=DIRECTION('ref_axis',(-0.534588216433462,6.54681748117132E-17,-0.845112678197701));
#7720=DIRECTION('',(0.,-1.,0.));
#7721=DIRECTION('center_axis',(2.53439508129234E-50,-1.,0.));
#7722=DIRECTION('ref_axis',(-0.49685409117887,0.,-0.867834092484744));
#7723=DIRECTION('center_axis',(1.22464679914735E-16,1.,4.67191055232702E-33));
#7724=DIRECTION('ref_axis',(-0.49685409117887,6.08470772405471E-17,-0.867834092484744));
#7725=DIRECTION('center_axis',(1.,-6.12323399573677E-17,-8.2021841417678E-35));
#7726=DIRECTION('ref_axis',(3.27342052644514E-17,0.534590141210383,0.845111460649223));
#7727=DIRECTION('center_axis',(-1.98541887653789E-16,1.98541887653789E-16,
1.));
#7728=DIRECTION('ref_axis',(1.31581988104568E-15,1.,-1.6447748513071E-16));
#7729=DIRECTION('center_axis',(1.,-6.12323399573677E-17,-8.2021841417678E-35));
#7730=DIRECTION('ref_axis',(6.12323399573655E-17,0.999999999999964,-2.67809840626545E-7));
#7731=DIRECTION('center_axis',(-5.60307895500419E-16,5.60307895500419E-16,
1.));
#7732=DIRECTION('ref_axis',(1.85669703536801E-15,1.,-5.65712377963691E-16));
#7733=DIRECTION('center_axis',(1.,-6.12323399573677E-17,-8.2021841417678E-35));
#7734=DIRECTION('ref_axis',(3.27340874058566E-17,0.534588216433462,-0.845112678197701));
#7735=DIRECTION('center_axis',(-5.79626320039001E-16,5.79626320039001E-16,
1.));
#7736=DIRECTION('ref_axis',(5.76213798884558E-15,1.,-5.77714355652487E-16));
#7737=DIRECTION('center_axis',(1.,-6.12323399573677E-17,-8.2021841417678E-35));
#7738=DIRECTION('ref_axis',(3.04235386202735E-17,0.49685409117887,-0.867834092484744));
#7739=DIRECTION('center_axis',(-1.,-4.15627275769846E-49,6.84227765783602E-49));
#7740=DIRECTION('ref_axis',(0.,0.534590141210383,0.845111460649223));
#7741=DIRECTION('center_axis',(1.,-6.12323399573677E-17,-8.2021841417678E-35));
#7742=DIRECTION('ref_axis',(3.27342052644514E-17,0.534590141210383,0.845111460649223));
#7743=DIRECTION('',(-1.,0.,0.));
#7744=DIRECTION('center_axis',(-1.,-4.15627275769846E-49,6.84227765783602E-49));
#7745=DIRECTION('ref_axis',(0.,0.999999999999964,-2.67809840626545E-7));
#7746=DIRECTION('center_axis',(1.,-6.12323399573677E-17,-8.2021841417678E-35));
#7747=DIRECTION('ref_axis',(6.12323399573655E-17,0.999999999999964,-2.67809840626545E-7));
#7748=DIRECTION('',(-1.,0.,0.));
#7749=DIRECTION('center_axis',(-1.,-4.15627275769846E-49,6.84227765783602E-49));
#7750=DIRECTION('ref_axis',(0.,0.534588216433462,-0.845112678197701));
#7751=DIRECTION('center_axis',(1.,-6.12323399573677E-17,-8.2021841417678E-35));
#7752=DIRECTION('ref_axis',(3.27340874058566E-17,0.534588216433462,-0.845112678197701));
#7753=DIRECTION('',(-1.,0.,0.));
#7754=DIRECTION('center_axis',(-1.,-4.15627275769846E-49,6.84227765783602E-49));
#7755=DIRECTION('ref_axis',(0.,0.49685409117887,-0.867834092484744));
#7756=DIRECTION('center_axis',(1.,-6.12323399573677E-17,-8.2021841417678E-35));
#7757=DIRECTION('ref_axis',(3.04235386202735E-17,0.49685409117887,-0.867834092484744));
#7758=DIRECTION('center_axis',(0.,-1.,0.));
#7759=DIRECTION('ref_axis',(0.534590141210383,0.,0.845111460649223));
#7760=DIRECTION('center_axis',(0.,0.,1.));
#7761=DIRECTION('ref_axis',(1.,0.,0.));
#7762=DIRECTION('center_axis',(0.,-1.,0.));
#7763=DIRECTION('ref_axis',(0.999999999999964,0.,-2.67809840708932E-7));
#7764=DIRECTION('center_axis',(0.,0.,1.));
#7765=DIRECTION('ref_axis',(1.,0.,0.));
#7766=DIRECTION('center_axis',(0.,-1.,0.));
#7767=DIRECTION('ref_axis',(0.534588216433462,0.,-0.845112678197701));
#7768=DIRECTION('center_axis',(0.,0.,1.));
#7769=DIRECTION('ref_axis',(1.,1.92071266294851E-15,0.));
#7770=DIRECTION('center_axis',(0.,-1.,0.));
#7771=DIRECTION('ref_axis',(0.49685409117887,0.,-0.867834092484744));
#7772=DIRECTION('center_axis',(-7.42409181027704E-16,1.,8.56625978108889E-17));
#7773=DIRECTION('ref_axis',(0.534590141210383,3.24490185762518E-16,0.845111460649223));
#7774=DIRECTION('',(-7.42409181027704E-16,1.,8.56625978108889E-17));
#7775=DIRECTION('center_axis',(-7.42409181027704E-16,1.,8.56625978108889E-17));
#7776=DIRECTION('ref_axis',(0.999999999999964,7.42409203968964E-16,-2.67809840708932E-7));
#7777=DIRECTION('',(-7.42409181027704E-16,1.,8.56625978108889E-17));
#7778=DIRECTION('center_axis',(-7.42409181027704E-16,1.,8.56625978108889E-17));
#7779=DIRECTION('ref_axis',(0.534588216433462,4.6927774740676E-16,-0.845112678197701));
#7780=DIRECTION('',(-7.42409181027704E-16,1.,8.56625978108889E-17));
#7781=DIRECTION('center_axis',(-7.42409181027704E-16,1.,8.56625978108889E-17));
#7782=DIRECTION('ref_axis',(0.49685409117887,4.43209961753468E-16,-0.867834092484744));
#7783=DIRECTION('center_axis',(-8.2021841417678E-35,0.,1.));
#7784=DIRECTION('ref_axis',(1.,0.,-8.20218414176779E-35));
#7785=DIRECTION('',(-4.1010920708839E-35,0.,1.));
#7786=DIRECTION('center_axis',(0.,0.,1.));
#7787=DIRECTION('ref_axis',(1.,3.51752575812658E-15,0.));
#7788=DIRECTION('',(-4.96276067574734E-33,-8.23875507726373E-17,1.));
#7789=DIRECTION('center_axis',(0.,0.,1.));
#7790=DIRECTION('ref_axis',(1.,3.51752575812658E-15,0.));
#7791=DIRECTION('center_axis',(4.15627275769846E-49,-1.,-8.23875507726373E-17));
#7792=DIRECTION('ref_axis',(-4.96276067574734E-33,-8.23875507726373E-17,
1.));
#7793=DIRECTION('',(-1.,0.,0.));
#7794=DIRECTION('',(-4.96276067574734E-33,-8.23875507726373E-17,1.));
#7795=DIRECTION('',(-1.,0.,0.));
#7796=DIRECTION('center_axis',(-6.84227765783602E-49,0.,1.));
#7797=DIRECTION('ref_axis',(4.15627275769846E-49,1.,0.));
#7798=DIRECTION('center_axis',(1.06150729890824E-15,-1.06150729890824E-15,
1.));
#7799=DIRECTION('ref_axis',(3.51752575812661E-15,1.,8.79381439531654E-16));
#7800=DIRECTION('',(4.74994298148365E-18,-5.25361079916766E-33,1.));
#7801=DIRECTION('center_axis',(0.,0.,1.));
#7802=DIRECTION('ref_axis',(3.51752575812661E-15,1.,0.));
#7803=DIRECTION('center_axis',(1.,2.53439508129234E-50,-4.74994298148365E-18));
#7804=DIRECTION('ref_axis',(4.74994298148365E-18,-5.25361079916766E-33,
1.));
#7805=DIRECTION('',(0.,-1.,0.));
#7806=DIRECTION('',(4.74994298148365E-18,-5.25361079916766E-33,1.));
#7807=DIRECTION('',(0.,-1.,0.));
#7808=DIRECTION('center_axis',(0.,0.,1.));
#7809=DIRECTION('ref_axis',(-1.,2.53439508129234E-50,0.));
#7810=DIRECTION('center_axis',(0.,0.,1.));
#7811=DIRECTION('ref_axis',(-1.,0.,0.));
#7812=DIRECTION('',(4.99678405422959E-34,-7.76376077911536E-17,1.));
#7813=DIRECTION('center_axis',(0.,0.,1.));
#7814=DIRECTION('ref_axis',(-1.,0.,0.));
#7815=DIRECTION('center_axis',(-1.,-7.42409181027704E-16,0.));
#7816=DIRECTION('ref_axis',(0.,0.,1.));
#7817=DIRECTION('',(-7.42409181027704E-16,1.,8.56625978108889E-17));
#7818=DIRECTION('',(-7.28639209488932E-16,1.,8.11307141098669E-17));
#7819=DIRECTION('',(0.,4.99678405422961E-34,1.));
#7820=DIRECTION('center_axis',(-2.46519032881566E-32,1.,7.76376077911536E-17));
#7821=DIRECTION('ref_axis',(4.99678405422959E-34,-7.76376077911536E-17,
1.));
#7822=DIRECTION('',(1.,0.,2.01127359533543E-16));
#7823=DIRECTION('',(4.99678405422959E-34,-7.76376077911536E-17,1.));
#7824=DIRECTION('',(1.,0.,2.01127359533543E-16));
#7825=DIRECTION('center_axis',(-1.3684555315672E-48,0.,1.));
#7826=DIRECTION('ref_axis',(4.51618156162307E-50,-1.,0.));
#7827=DIRECTION('center_axis',(0.,0.,1.));
#7828=DIRECTION('ref_axis',(-1.7587628790633E-15,-1.,0.));
#7829=DIRECTION('center_axis',(0.,0.,1.));
#7830=DIRECTION('ref_axis',(-1.7587628790633E-15,-1.,0.));
#7831=DIRECTION('',(0.,-1.,0.));
#7832=DIRECTION('',(1.,0.,0.));
#7833=DIRECTION('',(0.,0.,1.));
#7834=DIRECTION('',(1.,0.,0.));
#7835=CARTESIAN_POINT('',(0.,0.,0.));
#7836=CARTESIAN_POINT('',(0.,0.,0.));
#7837=CARTESIAN_POINT('Origin',(-4.44089209850063E-15,-3.975,8.88178419700125E-15));
#7838=CARTESIAN_POINT('',(19.6,-3.975,-59.25));
#7839=CARTESIAN_POINT('Origin',(20.6,-3.975,-59.25));
#7840=CARTESIAN_POINT('',(20.35,-3.975,-59.25));
#7841=CARTESIAN_POINT('Origin',(20.6,-3.975,-59.25));
#7842=CARTESIAN_POINT('Origin',(-4.44089209850063E-15,-3.975,8.88178419700125E-15));
#7843=CARTESIAN_POINT('',(19.1,-3.975,-59.25));
#7844=CARTESIAN_POINT('Origin',(20.6,-3.975,-59.25));
#7845=CARTESIAN_POINT('Origin',(-4.44089209850063E-15,-3.975,8.88178419700125E-15));
#7846=CARTESIAN_POINT('Origin',(-4.44089209850063E-15,-3.975,8.88178419700125E-15));
#7847=CARTESIAN_POINT('',(18.2,-3.975,-59.25));
#7848=CARTESIAN_POINT('Origin',(20.6,-3.975,-59.25));
#7849=CARTESIAN_POINT('Origin',(-4.44089209850063E-15,-3.975,8.88178419700125E-15));
#7850=CARTESIAN_POINT('',(12.6,-3.975,-59.25));
#7851=CARTESIAN_POINT('Origin',(13.1,-3.975,-59.25));
#7852=CARTESIAN_POINT('Origin',(-4.44089209850063E-15,-3.975,8.88178419700125E-15));
#7853=CARTESIAN_POINT('',(5.09999999999999,-3.975,-59.25));
#7854=CARTESIAN_POINT('Origin',(7.09999999999999,-3.975,-59.25));
#7855=CARTESIAN_POINT('Origin',(-4.44089209850063E-15,3.975,8.88178419700125E-15));
#7856=CARTESIAN_POINT('',(27.625009,3.975,-61.95));
#7857=CARTESIAN_POINT('',(30.125009,3.975,-59.45));
#7858=CARTESIAN_POINT('Origin',(27.625009,3.975,-59.45));
#7859=CARTESIAN_POINT('',(30.125009,3.975,-66.25));
#7860=CARTESIAN_POINT('',(30.125009,3.975,36.375));
#7861=CARTESIAN_POINT('',(27.6,3.975,-68.775009));
#7862=CARTESIAN_POINT('Origin',(27.6,3.975,-66.25));
#7863=CARTESIAN_POINT('',(-27.6,3.975,-68.775009));
#7864=CARTESIAN_POINT('',(17.05,3.975,-68.775009));
#7865=CARTESIAN_POINT('',(-30.125009,3.975,-66.25));
#7866=CARTESIAN_POINT('Origin',(-27.6,3.975,-66.25));
#7867=CARTESIAN_POINT('',(-30.125009,3.975,-59.45));
#7868=CARTESIAN_POINT('',(-30.125009,3.975,-36.375));
#7869=CARTESIAN_POINT('',(-27.625009,3.975,-61.95));
#7870=CARTESIAN_POINT('Origin',(-27.625009,3.975,-59.45));
#7871=CARTESIAN_POINT('',(13.8125045,3.975,-61.95));
#7872=CARTESIAN_POINT('',(-7.57499999999997,3.975,-66.95));
#7873=CARTESIAN_POINT('',(-7.57499999999997,3.975,-68.35));
#7874=CARTESIAN_POINT('Origin',(-7.57499999999997,3.975,-67.65));
#7875=CARTESIAN_POINT('',(7.57500000000005,3.975,-68.35));
#7876=CARTESIAN_POINT('',(-3.78749999999994,3.975,-68.35));
#7877=CARTESIAN_POINT('',(7.57500000000005,3.975,-66.95));
#7878=CARTESIAN_POINT('Origin',(7.57500000000004,3.975,-67.65));
#7879=CARTESIAN_POINT('',(3.78750000000006,3.975,-66.95));
#7880=CARTESIAN_POINT('Origin',(-4.44089209850063E-15,3.975,8.88178419700125E-15));
#7881=CARTESIAN_POINT('',(30.125009,3.975,60.45));
#7882=CARTESIAN_POINT('',(27.625009,3.975,62.95));
#7883=CARTESIAN_POINT('Origin',(27.625009,3.975,60.45));
#7884=CARTESIAN_POINT('',(-27.625009,3.975,62.95));
#7885=CARTESIAN_POINT('',(-13.8125045,3.975,62.95));
#7886=CARTESIAN_POINT('',(-30.125009,3.975,60.45));
#7887=CARTESIAN_POINT('Origin',(-27.625009,3.975,60.45));
#7888=CARTESIAN_POINT('',(-30.125009,3.975,66.25));
#7889=CARTESIAN_POINT('',(-30.125009,3.975,-36.375));
#7890=CARTESIAN_POINT('',(-27.6,3.975,68.775009));
#7891=CARTESIAN_POINT('Origin',(-27.6,3.975,66.25));
#7892=CARTESIAN_POINT('',(27.6,3.975,68.775009));
#7893=CARTESIAN_POINT('',(-17.05,3.975,68.775009));
#7894=CARTESIAN_POINT('',(30.125009,3.975,66.25));
#7895=CARTESIAN_POINT('Origin',(27.6,3.975,66.25));
#7896=CARTESIAN_POINT('',(30.125009,3.975,36.375));
#7897=CARTESIAN_POINT('',(7.575,3.975,66.95));
#7898=CARTESIAN_POINT('',(7.575,3.975,68.35));
#7899=CARTESIAN_POINT('Origin',(7.575,3.975,67.65));
#7900=CARTESIAN_POINT('',(-7.575,3.975,68.35));
#7901=CARTESIAN_POINT('',(3.7875,3.975,68.35));
#7902=CARTESIAN_POINT('',(-7.575,3.975,66.95));
#7903=CARTESIAN_POINT('Origin',(-7.575,3.975,67.65));
#7904=CARTESIAN_POINT('',(-3.7875,3.975,66.95));
#7905=CARTESIAN_POINT('Ctrl Pts',(33.8499999999565,-9.00000000383289E-6,
-66.25));
#7906=CARTESIAN_POINT('Ctrl Pts',(33.8499999999568,-9.00000051002704E-6,
-72.4999999999568));
#7907=CARTESIAN_POINT('Ctrl Pts',(27.6,-8.99999999949362E-6,-72.4999999999565));
#7908=CARTESIAN_POINT('Ctrl Pts',(33.8500089748854,1.85729817772813,-66.2500000000001));
#7909=CARTESIAN_POINT('Ctrl Pts',(33.8500089748857,1.85729817772762,-72.5000089748857));
#7910=CARTESIAN_POINT('Ctrl Pts',(27.6000000000001,1.85729817772813,-72.5000089748854));
#7911=CARTESIAN_POINT('Ctrl Pts',(32.3666571659706,2.97500000000011,-66.2500000000002));
#7912=CARTESIAN_POINT('Ctrl Pts',(32.3666571659708,2.97499999999973,-71.0166571659708));
#7913=CARTESIAN_POINT('Ctrl Pts',(27.6000000000002,2.97500000000012,-71.0166571659706));
#7914=CARTESIAN_POINT('',(32.3666571659707,2.975,-66.25));
#7915=CARTESIAN_POINT('',(27.6,2.975,-71.0166571659707));
#7916=CARTESIAN_POINT('Origin',(27.6,2.975,-66.25));
#7917=CARTESIAN_POINT('',(27.6,-8.99903817750334E-6,-72.4999999999891));
#7918=CARTESIAN_POINT('Origin',(27.6,8.99999999970369E-6,-68.775009));
#7919=CARTESIAN_POINT('',(33.8499999999891,-8.99917637062284E-6,-66.25));
#7920=CARTESIAN_POINT('Origin',(27.6,-8.99999999970369E-6,-66.25));
#7921=CARTESIAN_POINT('Origin',(30.125009,8.99999999970369E-6,-66.25));
#7922=CARTESIAN_POINT('Origin',(30.125009,8.99999999970369E-6,36.375));
#7923=CARTESIAN_POINT('',(32.3666571659708,2.975,66.25));
#7924=CARTESIAN_POINT('',(32.3666571659708,2.975,36.375));
#7925=CARTESIAN_POINT('',(33.85,-8.99999999973246E-6,-41.2500000000076));
#7926=CARTESIAN_POINT('',(33.85,-8.99999999970369E-6,36.375));
#7927=CARTESIAN_POINT('',(33.8053218632369,0.575209120630879,-40.6747818793691));
#7928=CARTESIAN_POINT('Ctrl Pts',(33.8499999999565,-8.99999999582658E-6,
-41.25));
#7929=CARTESIAN_POINT('Ctrl Pts',(33.8500003495654,0.0723404482767456,-41.25));
#7930=CARTESIAN_POINT('Ctrl Pts',(33.8476782926536,0.149433850442831,-41.2355172770139));
#7931=CARTESIAN_POINT('Ctrl Pts',(33.8392851923722,0.291122062883344,-41.1767779492667));
#7932=CARTESIAN_POINT('Ctrl Pts',(33.8333315279461,0.355726437346568,-41.1325277020349));
#7933=CARTESIAN_POINT('Ctrl Pts',(33.8221261649877,0.457737783768082,-41.0305163706267));
#7934=CARTESIAN_POINT('Ctrl Pts',(33.816141109382,0.501987259385697,-40.9659124212));
#7935=CARTESIAN_POINT('Ctrl Pts',(33.807675810387,0.560726036141921,-40.8242256657902));
#7936=CARTESIAN_POINT('Ctrl Pts',(33.8053218632369,0.575209120630878,-40.747132765208));
#7937=CARTESIAN_POINT('Ctrl Pts',(33.8053218632369,0.575209120630878,-40.6747818793691));
#7938=CARTESIAN_POINT('',(33.8053218632369,0.575209120630853,-32.4252181206309));
#7939=CARTESIAN_POINT('',(33.805321863237,0.575209120630641,36.375));
#7940=CARTESIAN_POINT('',(33.85,-8.999999999751E-6,-31.8499999999924));
#7941=CARTESIAN_POINT('Ctrl Pts',(33.8053218632369,0.575209120630853,-32.4252181206309));
#7942=CARTESIAN_POINT('Ctrl Pts',(33.8053218632369,0.575209120630853,-32.352867234792));
#7943=CARTESIAN_POINT('Ctrl Pts',(33.807675810387,0.560726036141894,-32.2757743342098));
#7944=CARTESIAN_POINT('Ctrl Pts',(33.816141109382,0.501987259385671,-32.1340875788));
#7945=CARTESIAN_POINT('Ctrl Pts',(33.8221261649877,0.457737783768055,-32.0694836293733));
#7946=CARTESIAN_POINT('Ctrl Pts',(33.8333315279461,0.355726437346543,-31.9674722979651));
#7947=CARTESIAN_POINT('Ctrl Pts',(33.8392851923722,0.29112206288332,-31.9232220507333));
#7948=CARTESIAN_POINT('Ctrl Pts',(33.8476782926536,0.149433850442809,-31.8644827229861));
#7949=CARTESIAN_POINT('Ctrl Pts',(33.8500003495654,0.0723404482767211,-31.85));
#7950=CARTESIAN_POINT('Ctrl Pts',(33.8499999999565,-9.000000020889E-6,-31.85));
#7951=CARTESIAN_POINT('',(33.85,-8.99999999973134E-6,-21.1500000000074));
#7952=CARTESIAN_POINT('',(33.85,-8.99999999970369E-6,36.375));
#7953=CARTESIAN_POINT('',(33.7971957394996,0.624991,-20.525));
#7954=CARTESIAN_POINT('Ctrl Pts',(33.8499999999565,-9.00000000103943E-6,
-21.15));
#7955=CARTESIAN_POINT('Ctrl Pts',(33.8500003799403,0.0786263497088613,-21.15));
#7956=CARTESIAN_POINT('Ctrl Pts',(33.8472577284741,0.162402369042673,-21.1342543033202));
#7957=CARTESIAN_POINT('Ctrl Pts',(33.8373449070716,0.31634634569348,-21.0704241942975));
#7958=CARTESIAN_POINT('Ctrl Pts',(33.830312741007,0.386526539476659,-21.0223479370065));
#7959=CARTESIAN_POINT('Ctrl Pts',(33.8170725436457,0.497340461357647,-20.9115340151255));
#7960=CARTESIAN_POINT('Ctrl Pts',(33.8099965548684,0.545415523015016,-20.8413544756371));
#7961=CARTESIAN_POINT('Ctrl Pts',(33.7999829252446,0.609244764265806,-20.6874127463844));
#7962=CARTESIAN_POINT('Ctrl Pts',(33.7971957394996,0.624991000000001,-20.6036375131479));
#7963=CARTESIAN_POINT('Ctrl Pts',(33.7971957394996,0.624991,-20.525));
#7964=CARTESIAN_POINT('',(33.7971957394996,0.624990999999999,-2.37500000000001));
#7965=CARTESIAN_POINT('',(33.7971957394997,0.624990999999998,36.375));
#7966=CARTESIAN_POINT('',(33.8500000000026,7.86792196437572E-6,-1.7500000002001));
#7967=CARTESIAN_POINT('Ctrl Pts',(33.7971957394996,0.624990999999999,-2.37500000000001));
#7968=CARTESIAN_POINT('Ctrl Pts',(33.7971957394996,0.624990999999999,-2.2963624868521));
#7969=CARTESIAN_POINT('Ctrl Pts',(33.7999829252446,0.609244764265804,-2.21258725361557));
#7970=CARTESIAN_POINT('Ctrl Pts',(33.8099965548684,0.545415523015014,-2.05864552436289));
#7971=CARTESIAN_POINT('Ctrl Pts',(33.8170725436458,0.497340461357645,-1.98846598487447));
#7972=CARTESIAN_POINT('Ctrl Pts',(33.830312741007,0.386526539476657,-1.87765206299349));
#7973=CARTESIAN_POINT('Ctrl Pts',(33.8373449070716,0.316346345693478,-1.82957580570251));
#7974=CARTESIAN_POINT('Ctrl Pts',(33.8472573740789,0.162407872722752,-1.76574797868201));
#7975=CARTESIAN_POINT('Ctrl Pts',(33.8500000238967,0.0786383300466097,-1.75000212235963));
#7976=CARTESIAN_POINT('Ctrl Pts',(33.8499999999998,7.86792196363792E-6,
-1.75000000022763));
#7977=CARTESIAN_POINT('',(33.8499999999952,-5.65486244940223E-7,66.25));
#7978=CARTESIAN_POINT('',(33.8500000000026,7.86792196485891E-6,36.375));
#7979=CARTESIAN_POINT('Origin',(30.125009,8.99999999970369E-6,66.25));
#7980=CARTESIAN_POINT('Ctrl Pts',(27.5999999999999,-9.00000019723097E-6,
72.4999999999565));
#7981=CARTESIAN_POINT('Ctrl Pts',(33.8499999999566,-9.00000045887175E-6,
72.4999999999566));
#7982=CARTESIAN_POINT('Ctrl Pts',(33.8499999999565,-8.99999999949357E-6,
66.2499999999999));
#7983=CARTESIAN_POINT('Ctrl Pts',(27.6,1.85729817772796,72.5000089748855));
#7984=CARTESIAN_POINT('Ctrl Pts',(33.8500089748856,1.8572981777277,72.5000089748856));
#7985=CARTESIAN_POINT('Ctrl Pts',(33.8500089748855,1.85729817772816,66.2500000000001));
#7986=CARTESIAN_POINT('Ctrl Pts',(27.6,2.97500000000003,71.0166571659707));
#7987=CARTESIAN_POINT('Ctrl Pts',(32.3666571659707,2.97499999999983,71.0166571659708));
#7988=CARTESIAN_POINT('Ctrl Pts',(32.3666571659706,2.97500000000018,66.2500000000001));
#7989=CARTESIAN_POINT('',(27.6,2.975,71.0166571659707));
#7990=CARTESIAN_POINT('Origin',(27.6,2.975,66.25));
#7991=CARTESIAN_POINT('',(27.6,-8.99917637062283E-6,72.4999999999891));
#7992=CARTESIAN_POINT('Origin',(27.6,-8.99999999970369E-6,66.25));
#7993=CARTESIAN_POINT('Origin',(27.6,8.99999999970369E-6,68.775009));
#7994=CARTESIAN_POINT('Origin',(17.05,8.99999999970369E-6,-68.775009));
#7995=CARTESIAN_POINT('',(-27.6,2.975,-71.0166571659707));
#7996=CARTESIAN_POINT('',(17.05,2.975,-71.0166571659707));
#7997=CARTESIAN_POINT('',(-27.6,-5.66039017450544E-7,-72.4999999999952));
#7998=CARTESIAN_POINT('Origin',(-27.6,8.99999999970369E-6,-68.775009));
#7999=CARTESIAN_POINT('',(20.649999999973,-8.99999999991969E-6,-72.5));
#8000=CARTESIAN_POINT('',(17.05,-8.99999999970369E-6,-72.5));
#8001=CARTESIAN_POINT('',(22.150000000027,-8.99999999999083E-6,-72.5));
#8002=CARTESIAN_POINT('Ctrl Pts',(22.15,-8.99999999959961E-6,-72.4999999999565));
#8003=CARTESIAN_POINT('Ctrl Pts',(22.15,0.0944381848431745,-72.5000004563467));
#8004=CARTESIAN_POINT('Ctrl Pts',(22.1310719704701,0.195006235429907,-72.496045757654));
#8005=CARTESIAN_POINT('Ctrl Pts',(22.0544507422093,0.379716412731883,-72.4817543048263));
#8006=CARTESIAN_POINT('Ctrl Pts',(21.996771634395,0.463879524594214,-72.471613913246));
#8007=CARTESIAN_POINT('Ctrl Pts',(21.8638847908259,0.596766393745281,-72.4525006564484));
#8008=CARTESIAN_POINT('Ctrl Pts',(21.7797232928921,0.654442527238972,-72.4422688616547));
#8009=CARTESIAN_POINT('Ctrl Pts',(21.5950187329168,0.731061613965966,-72.4277668946662));
#8010=CARTESIAN_POINT('Ctrl Pts',(21.4944526557379,0.749991,-72.4237190391449));
#8011=CARTESIAN_POINT('Ctrl Pts',(21.4,0.749991,-72.4237190391449));
#8012=CARTESIAN_POINT('Ctrl Pts',(21.3055473442621,0.749991,-72.4237190391449));
#8013=CARTESIAN_POINT('Ctrl Pts',(21.2049812670832,0.731061613965966,-72.4277668946662));
#8014=CARTESIAN_POINT('Ctrl Pts',(21.0202767071079,0.654442527238972,-72.4422688616547));
#8015=CARTESIAN_POINT('Ctrl Pts',(20.9361152091741,0.596766393745281,-72.4525006564484));
#8016=CARTESIAN_POINT('Ctrl Pts',(20.803228365605,0.463879524594214,-72.471613913246));
#8017=CARTESIAN_POINT('Ctrl Pts',(20.7455492577907,0.379716412731882,-72.4817543048263));
#8018=CARTESIAN_POINT('Ctrl Pts',(20.6689280295299,0.195006235429907,-72.496045757654));
#8019=CARTESIAN_POINT('Ctrl Pts',(20.65,0.0944381848431741,-72.5000004563467));
#8020=CARTESIAN_POINT('Ctrl Pts',(20.65,-8.99999999987716E-6,-72.4999999999565));
#8021=CARTESIAN_POINT('',(17.05,-8.99999999970369E-6,-72.5));
#8022=CARTESIAN_POINT('Ctrl Pts',(-27.6,-5.66039017431368E-7,-72.4999999999877));
#8023=CARTESIAN_POINT('Ctrl Pts',(-33.8499999999877,-5.66038965866833E-7,
-72.4999999999877));
#8024=CARTESIAN_POINT('Ctrl Pts',(-33.8499999999877,-5.66038821124245E-7,
-66.25));
#8025=CARTESIAN_POINT('Ctrl Pts',(-27.6,1.85730134634731,-72.5000047696697));
#8026=CARTESIAN_POINT('Ctrl Pts',(-33.8500047696697,1.85730134634736,-72.5000047696697));
#8027=CARTESIAN_POINT('Ctrl Pts',(-33.8500047696697,1.85730134634751,-66.25));
#8028=CARTESIAN_POINT('Ctrl Pts',(-27.5999999999999,2.975,-71.0166571659707));
#8029=CARTESIAN_POINT('Ctrl Pts',(-32.3666571659706,2.97500000000004,-71.0166571659707));
#8030=CARTESIAN_POINT('Ctrl Pts',(-32.3666571659706,2.97500000000015,-66.25));
#8031=CARTESIAN_POINT('',(-32.3666571659708,2.975,-66.25));
#8032=CARTESIAN_POINT('Origin',(-27.6,2.975,-66.25));
#8033=CARTESIAN_POINT('',(-33.8499999999952,-5.65486244940226E-7,-66.25));
#8034=CARTESIAN_POINT('Origin',(-30.125009,8.99999999970369E-6,-66.25));
#8035=CARTESIAN_POINT('Origin',(-27.6,7.86792196485891E-6,-66.25));
#8036=CARTESIAN_POINT('Origin',(-30.125009,8.99999999970369E-6,-36.375));
#8037=CARTESIAN_POINT('',(-32.3666571659708,2.975,66.25));
#8038=CARTESIAN_POINT('',(-32.3666571659708,2.975,-36.375));
#8039=CARTESIAN_POINT('',(-33.8499999999952,-5.66039017450551E-7,66.25));
#8040=CARTESIAN_POINT('Origin',(-30.125009,8.99999999970369E-6,66.25));
#8041=CARTESIAN_POINT('',(-33.85,-8.99999999970369E-6,-36.375));
#8042=CARTESIAN_POINT('Ctrl Pts',(-33.8499999999877,-5.66039017431365E-7,
66.25));
#8043=CARTESIAN_POINT('Ctrl Pts',(-33.8499999999877,-5.66038725443915E-7,
72.4999999999877));
#8044=CARTESIAN_POINT('Ctrl Pts',(-27.6,-5.66039002263055E-7,72.4999999999877));
#8045=CARTESIAN_POINT('Ctrl Pts',(-33.8500047696697,1.85730134634729,66.2499999999999));
#8046=CARTESIAN_POINT('Ctrl Pts',(-33.8500047696697,1.85730134634758,72.5000047696697));
#8047=CARTESIAN_POINT('Ctrl Pts',(-27.5999999999999,1.8573013463473,72.5000047696697));
#8048=CARTESIAN_POINT('Ctrl Pts',(-32.3666571659707,2.97499999999997,66.2499999999998));
#8049=CARTESIAN_POINT('Ctrl Pts',(-32.3666571659707,2.97500000000019,71.0166571659707));
#8050=CARTESIAN_POINT('Ctrl Pts',(-27.5999999999999,2.97499999999998,71.0166571659707));
#8051=CARTESIAN_POINT('',(-27.6,2.975,71.0166571659707));
#8052=CARTESIAN_POINT('Origin',(-27.6,2.975,66.25));
#8053=CARTESIAN_POINT('',(-27.6,7.8672365289074E-6,72.4999999999917));
#8054=CARTESIAN_POINT('Origin',(-27.6,8.99999999970369E-6,68.775009));
#8055=CARTESIAN_POINT('Origin',(-27.6,7.86792196485891E-6,66.25));
#8056=CARTESIAN_POINT('Origin',(-17.05,8.99999999970369E-6,68.775009));
#8057=CARTESIAN_POINT('',(-17.05,2.975,71.0166571659707));
#8058=CARTESIAN_POINT('',(4.42500000000864,-8.99999999970291E-6,72.5));
#8059=CARTESIAN_POINT('',(-17.05,-8.99999999970369E-6,72.5));
#8060=CARTESIAN_POINT('',(2.925,1.49999099999989,72.1846441637323));
#8061=CARTESIAN_POINT('Ctrl Pts',(2.925,1.49999100000001,72.1846441637319));
#8062=CARTESIAN_POINT('Ctrl Pts',(3.11581603113747,1.49999100000001,72.1846441637319));
#8063=CARTESIAN_POINT('Ctrl Pts',(3.31762917386213,1.46141093410271,72.2023570299391));
#8064=CARTESIAN_POINT('Ctrl Pts',(3.6864157471654,1.30771900709741,72.2638919420164));
#8065=CARTESIAN_POINT('Ctrl Pts',(3.85361421448175,1.19269718118234,72.3065847701321));
#8066=CARTESIAN_POINT('Ctrl Pts',(4.11756894349664,0.928742348012793,72.3849878586863));
#8067=CARTESIAN_POINT('Ctrl Pts',(4.23269489245812,0.761491998132745,72.4261152234473));
#8068=CARTESIAN_POINT('Ctrl Pts',(4.38646655056172,0.392502524542961,72.4839686720076));
#8069=CARTESIAN_POINT('Ctrl Pts',(4.425,0.19060818348342,72.5000009210619));
#8070=CARTESIAN_POINT('Ctrl Pts',(4.425,-8.99999998912188E-6,72.4999999999565));
#8071=CARTESIAN_POINT('',(-2.925,1.49999099999989,72.1846441637323));
#8072=CARTESIAN_POINT('',(-17.05,1.49999100000001,72.1846441637319));
#8073=CARTESIAN_POINT('',(-4.42500000000864,-8.99999999977759E-6,72.5));
#8074=CARTESIAN_POINT('Ctrl Pts',(-4.425,-8.99999998853207E-6,72.4999999999565));
#8075=CARTESIAN_POINT('Ctrl Pts',(-4.425,0.19060818348342,72.5000009210619));
#8076=CARTESIAN_POINT('Ctrl Pts',(-4.38646655056172,0.392502524542961,72.4839686720076));
#8077=CARTESIAN_POINT('Ctrl Pts',(-4.23269489245812,0.761491998132745,72.4261152234473));
#8078=CARTESIAN_POINT('Ctrl Pts',(-4.11756894349664,0.928742348012794,72.3849878586863));
#8079=CARTESIAN_POINT('Ctrl Pts',(-3.85361421448175,1.19269718118234,72.3065847701321));
#8080=CARTESIAN_POINT('Ctrl Pts',(-3.6864157471654,1.30771900709741,72.2638919420164));
#8081=CARTESIAN_POINT('Ctrl Pts',(-3.31762917386213,1.46141093410271,72.2023570299391));
#8082=CARTESIAN_POINT('Ctrl Pts',(-3.11581603113747,1.49999100000001,72.1846441637319));
#8083=CARTESIAN_POINT('Ctrl Pts',(-2.925,1.49999100000001,72.1846441637319));
#8084=CARTESIAN_POINT('',(-10.4250000000844,-8.99999999959882E-6,72.5));
#8085=CARTESIAN_POINT('',(-17.05,-8.99999999970369E-6,72.5));
#8086=CARTESIAN_POINT('',(-11.9749999999821,1.55000899999981,72.162199273676));
#8087=CARTESIAN_POINT('Ctrl Pts',(-11.9749999999821,1.550009,72.1621992736754));
#8088=CARTESIAN_POINT('Ctrl Pts',(-11.7776250934332,1.550009,72.1621992736754));
#8089=CARTESIAN_POINT('Ctrl Pts',(-11.5690246942711,1.51007001650053,72.181278845813));
#8090=CARTESIAN_POINT('Ctrl Pts',(-11.1880163841009,1.35121501252635,72.2473569505861));
#8091=CARTESIAN_POINT('Ctrl Pts',(-11.0153557635283,1.23239578522451,72.2931250428477));
#8092=CARTESIAN_POINT('Ctrl Pts',(-10.7427770427674,0.959817064463593,72.3770413805145));
#8093=CARTESIAN_POINT('Ctrl Pts',(-10.6238341135264,0.78709535572956,72.421013271239));
#8094=CARTESIAN_POINT('Ctrl Pts',(-10.4648837021379,0.405845215860083,72.4828586529641));
#8095=CARTESIAN_POINT('Ctrl Pts',(-10.4249999999821,0.197146792550555,72.5));
#8096=CARTESIAN_POINT('Ctrl Pts',(-10.4249999999821,3.00001070820469E-6,
72.5));
#8097=CARTESIAN_POINT('Ctrl Pts',(-10.4250000000169,-2.99998929133441E-6,
72.4999999999855));
#8098=CARTESIAN_POINT('Ctrl Pts',(-10.4250000000866,-8.99999999921797E-6,
72.4999999999565));
#8099=CARTESIAN_POINT('',(-24.2749999999821,1.55000899999981,72.162199273676));
#8100=CARTESIAN_POINT('',(-17.05,1.550009,72.1621992736754));
#8101=CARTESIAN_POINT('',(-25.8249999999875,7.86792196491543E-6,72.5000000000026));
#8102=CARTESIAN_POINT('Ctrl Pts',(-25.8249999999821,8.99999999975573E-6,
72.5));
#8103=CARTESIAN_POINT('Ctrl Pts',(-25.8250001439662,0.197146792550494,72.500000059913));
#8104=CARTESIAN_POINT('Ctrl Pts',(-25.7851162978263,0.405845215860084,72.4828586529641));
#8105=CARTESIAN_POINT('Ctrl Pts',(-25.6261658864378,0.787095355729561,72.421013271239));
#8106=CARTESIAN_POINT('Ctrl Pts',(-25.5072229571968,0.959817064463595,72.3770413805145));
#8107=CARTESIAN_POINT('Ctrl Pts',(-25.2346442364359,1.23239578522451,72.2931250428477));
#8108=CARTESIAN_POINT('Ctrl Pts',(-25.0619836158633,1.35121501252634,72.2473569505861));
#8109=CARTESIAN_POINT('Ctrl Pts',(-24.6809753056931,1.51007001650053,72.181278845813));
#8110=CARTESIAN_POINT('Ctrl Pts',(-24.472374906531,1.550009,72.1621992736754));
#8111=CARTESIAN_POINT('Ctrl Pts',(-24.2749999999821,1.550009,72.1621992736754));
#8112=CARTESIAN_POINT('',(-17.05,7.8679219648589E-6,72.5000000000026));
#8113=CARTESIAN_POINT('Ctrl Pts',(-27.5999999999999,7.86792242101413E-6,
72.4999999999618));
#8114=CARTESIAN_POINT('Ctrl Pts',(-33.8499999999618,7.86792228877954E-6,
72.4999999999618));
#8115=CARTESIAN_POINT('Ctrl Pts',(-33.8499999999619,7.86792196467451E-6,
66.2499999999998));
#8116=CARTESIAN_POINT('Ctrl Pts',(-27.5999999999998,-1.85729860304708,72.5000084104255));
#8117=CARTESIAN_POINT('Ctrl Pts',(-33.8500084104253,-1.85729860304721,72.5000084104254));
#8118=CARTESIAN_POINT('Ctrl Pts',(-33.8500084104253,-1.85729860304754,66.2499999999999));
#8119=CARTESIAN_POINT('Ctrl Pts',(-27.5999999999998,-2.975,71.0166571659707));
#8120=CARTESIAN_POINT('Ctrl Pts',(-32.3666571659704,-2.97500000000011,71.0166571659706));
#8121=CARTESIAN_POINT('Ctrl Pts',(-32.3666571659705,-2.97500000000035,66.25));
#8122=CARTESIAN_POINT('',(-27.6,-2.975,71.0166571659707));
#8123=CARTESIAN_POINT('',(-32.3666571659708,-2.975,66.25));
#8124=CARTESIAN_POINT('Origin',(-27.6,-2.975,66.25));
#8125=CARTESIAN_POINT('Origin',(-30.125009,-8.99999999970369E-6,66.25));
#8126=CARTESIAN_POINT('Origin',(-27.6,-8.99999999970369E-6,68.775009));
#8127=CARTESIAN_POINT('Origin',(-30.125009,-8.99999999970369E-6,-36.375));
#8128=CARTESIAN_POINT('',(-32.3666571659708,-2.975,-66.25));
#8129=CARTESIAN_POINT('',(-32.3666571659708,-2.975,-36.375));
#8130=CARTESIAN_POINT('Origin',(-30.125009,-8.99999999970369E-6,-66.25));
#8131=CARTESIAN_POINT('Ctrl Pts',(-33.8499999999618,7.86792196467436E-6,
-66.25));
#8132=CARTESIAN_POINT('Ctrl Pts',(-33.8499999999618,7.86792201187972E-6,
-72.4999999999618));
#8133=CARTESIAN_POINT('Ctrl Pts',(-27.6,7.86792240099939E-6,-72.4999999999618));
#8134=CARTESIAN_POINT('Ctrl Pts',(-33.8500084104253,-1.85729860304752,-66.25));
#8135=CARTESIAN_POINT('Ctrl Pts',(-33.8500084104253,-1.85729860304748,-72.5000084104254));
#8136=CARTESIAN_POINT('Ctrl Pts',(-27.5999999999999,-1.85729860304709,-72.5000084104254));
#8137=CARTESIAN_POINT('Ctrl Pts',(-32.3666571659705,-2.97500000000027,-66.25));
#8138=CARTESIAN_POINT('Ctrl Pts',(-32.3666571659705,-2.97500000000023,-71.0166571659707));
#8139=CARTESIAN_POINT('Ctrl Pts',(-27.5999999999998,-2.97499999999993,-71.0166571659707));
#8140=CARTESIAN_POINT('',(-27.6,-2.975,-71.0166571659707));
#8141=CARTESIAN_POINT('Origin',(-27.6,-2.975,-66.25));
#8142=CARTESIAN_POINT('Origin',(-27.6,-8.99999999970369E-6,-68.775009));
#8143=CARTESIAN_POINT('Origin',(17.05,-8.99999999970369E-6,-68.775009));
#8144=CARTESIAN_POINT('',(27.6,-2.975,-71.0166571659707));
#8145=CARTESIAN_POINT('',(17.05,-2.975,-71.0166571659707));
#8146=CARTESIAN_POINT('Origin',(27.6,-8.99999999970369E-6,-68.775009));
#8147=CARTESIAN_POINT('Ctrl Pts',(20.65,-8.99999999970369E-6,-72.5));
#8148=CARTESIAN_POINT('Ctrl Pts',(20.65,-0.0944562210032509,-72.5));
#8149=CARTESIAN_POINT('Ctrl Pts',(20.6689280425001,-0.195024288341229,-72.4960448125463));
#8150=CARTESIAN_POINT('Ctrl Pts',(20.745549292491,-0.379734474739335,-72.4817524555511));
#8151=CARTESIAN_POINT('Ctrl Pts',(20.8032284083867,-0.463897580166516,-72.4716116482629));
#8152=CARTESIAN_POINT('Ctrl Pts',(20.9361152460557,-0.59678441783549,-72.4524977319467));
#8153=CARTESIAN_POINT('Ctrl Pts',(21.0202767273323,-0.654460537150131,-72.4422656480087));
#8154=CARTESIAN_POINT('Ctrl Pts',(21.2049812663321,-0.731079612132719,-72.4277632928418));
#8155=CARTESIAN_POINT('Ctrl Pts',(21.3055473399862,-0.750009,-72.4237153392497));
#8156=CARTESIAN_POINT('Ctrl Pts',(21.4,-0.750009,-72.4237153392497));
#8157=CARTESIAN_POINT('Ctrl Pts',(21.4944526600138,-0.750009,-72.4237153392497));
#8158=CARTESIAN_POINT('Ctrl Pts',(21.5950187336679,-0.73107961213272,-72.4277632928418));
#8159=CARTESIAN_POINT('Ctrl Pts',(21.7797232726677,-0.654460537150131,-72.4422656480087));
#8160=CARTESIAN_POINT('Ctrl Pts',(21.8638847539443,-0.59678441783549,-72.4524977319467));
#8161=CARTESIAN_POINT('Ctrl Pts',(21.9967715916133,-0.463897580166516,-72.4716116482629));
#8162=CARTESIAN_POINT('Ctrl Pts',(22.054450707509,-0.379734474739338,-72.4817524555511));
#8163=CARTESIAN_POINT('Ctrl Pts',(22.1310719574999,-0.195024288341236,-72.4960448125463));
#8164=CARTESIAN_POINT('Ctrl Pts',(22.15,-0.0944562210032509,-72.5));
#8165=CARTESIAN_POINT('Ctrl Pts',(22.15,-8.99999999959093E-6,-72.5));
#8166=CARTESIAN_POINT('Ctrl Pts',(27.5999999999999,-8.99903817750334E-6,
-72.5000000000001));
#8167=CARTESIAN_POINT('Ctrl Pts',(33.85,-8.99903804976976E-6,-72.5));
#8168=CARTESIAN_POINT('Ctrl Pts',(33.8500000000001,-8.99903815580512E-6,
-66.2499999999999));
#8169=CARTESIAN_POINT('Ctrl Pts',(27.5999999999999,-1.85730493992003,-72.5000000004796));
#8170=CARTESIAN_POINT('Ctrl Pts',(33.8500000004796,-1.8573049399199,-72.5000000004796));
#8171=CARTESIAN_POINT('Ctrl Pts',(33.8500000004796,-1.85730493992,-66.2499999999999));
#8172=CARTESIAN_POINT('Ctrl Pts',(27.6,-2.97500000000003,-71.0166571659707));
#8173=CARTESIAN_POINT('Ctrl Pts',(32.3666571659707,-2.97499999999994,-71.0166571659707));
#8174=CARTESIAN_POINT('Ctrl Pts',(32.3666571659707,-2.97500000000002,-66.25));
#8175=CARTESIAN_POINT('',(32.3666571659707,-2.975,-66.25));
#8176=CARTESIAN_POINT('Origin',(27.6,-2.975,-66.25));
#8177=CARTESIAN_POINT('Origin',(30.125009,-8.99999999970369E-6,-66.25));
#8178=CARTESIAN_POINT('Origin',(30.125009,-8.99999999970369E-6,36.375));
#8179=CARTESIAN_POINT('',(32.3666571659708,-2.975,66.25));
#8180=CARTESIAN_POINT('',(32.3666571659708,-2.975,36.375));
#8181=CARTESIAN_POINT('Origin',(30.125009,-8.99999999970369E-6,66.25));
#8182=CARTESIAN_POINT('',(33.7971926759728,-0.625009,-2.37500000000001));
#8183=CARTESIAN_POINT('Ctrl Pts',(33.8499999999618,7.86792196332984E-6,
-1.75000000022763));
#8184=CARTESIAN_POINT('Ctrl Pts',(33.8499999999873,2.24525502940905E-6,
-1.75000000007588));
#8185=CARTESIAN_POINT('Ctrl Pts',(33.85,-3.37738562668048E-6,-1.75000000000001));
#8186=CARTESIAN_POINT('Ctrl Pts',(33.85,-0.0786443662908213,-1.75000000000001));
#8187=CARTESIAN_POINT('Ctrl Pts',(33.8472569426993,-0.162420388831465,-1.76574570229653));
#8188=CARTESIAN_POINT('Ctrl Pts',(33.8373433724991,-0.316364359035721,-1.82957581382295));
#8189=CARTESIAN_POINT('Ctrl Pts',(33.8303108632449,-0.386544544016677,-1.8776520675335));
#8190=CARTESIAN_POINT('Ctrl Pts',(33.8170701204351,-0.497358453031606,-1.98846597654843));
#8191=CARTESIAN_POINT('Ctrl Pts',(33.8099938922437,-0.545433514082463,-2.05864550894872));
#8192=CARTESIAN_POINT('Ctrl Pts',(33.799979942159,-0.609262759708737,-2.21258723649583));
#8193=CARTESIAN_POINT('Ctrl Pts',(33.7971926759728,-0.625009000000001,-2.29636247564374));
#8194=CARTESIAN_POINT('Ctrl Pts',(33.7971926759728,-0.625009000000001,-2.37500000000001));
#8195=CARTESIAN_POINT('',(33.7971926759728,-0.625009000000001,-20.525));
#8196=CARTESIAN_POINT('',(33.7971926759728,-0.625008999999997,36.375));
#8197=CARTESIAN_POINT('Ctrl Pts',(33.7971926759728,-0.625009000000002,-20.525));
#8198=CARTESIAN_POINT('Ctrl Pts',(33.7971926759728,-0.625009000000002,-20.6036375243563));
#8199=CARTESIAN_POINT('Ctrl Pts',(33.799979942159,-0.609262759708738,-20.6874127635042));
#8200=CARTESIAN_POINT('Ctrl Pts',(33.8099938922437,-0.545433514082464,-20.8413544910513));
#8201=CARTESIAN_POINT('Ctrl Pts',(33.8170701204351,-0.497358453031609,-20.9115340234516));
#8202=CARTESIAN_POINT('Ctrl Pts',(33.8303108632449,-0.38654454401668,-21.0223479324665));
#8203=CARTESIAN_POINT('Ctrl Pts',(33.8373433724991,-0.316364359035722,-21.0704241861771));
#8204=CARTESIAN_POINT('Ctrl Pts',(33.8472569426993,-0.162420388831467,-21.1342542977035));
#8205=CARTESIAN_POINT('Ctrl Pts',(33.85,-0.0786443662908215,-21.15));
#8206=CARTESIAN_POINT('Ctrl Pts',(33.85,-9.00000000103075E-6,-21.15));
#8207=CARTESIAN_POINT('',(33.8053190499522,-0.575227120630895,-32.4252181206309));
#8208=CARTESIAN_POINT('Ctrl Pts',(33.85,-9.00000002070685E-6,-31.85));
#8209=CARTESIAN_POINT('Ctrl Pts',(33.85,-0.0723584694022599,-31.85));
#8210=CARTESIAN_POINT('Ctrl Pts',(33.8476775693041,-0.149451881339066,-31.8644827305519));
#8211=CARTESIAN_POINT('Ctrl Pts',(33.8392837791479,-0.291140099098662,-31.9232220709897));
#8212=CARTESIAN_POINT('Ctrl Pts',(33.8333297984957,-0.355744469838256,-31.9674723229502));
#8213=CARTESIAN_POINT('Ctrl Pts',(33.8221239348302,-0.457755797887264,-32.0694836509992));
#8214=CARTESIAN_POINT('Ctrl Pts',(33.8161386607571,-0.502005265243996,-32.1340875907319));
#8215=CARTESIAN_POINT('Ctrl Pts',(33.8076730699861,-0.560744035120977,-32.2757743339462));
#8216=CARTESIAN_POINT('Ctrl Pts',(33.8053190499521,-0.575227120630895,-32.3528672324623));
#8217=CARTESIAN_POINT('Ctrl Pts',(33.8053190499521,-0.575227120630895,-32.4252181206309));
#8218=CARTESIAN_POINT('',(33.8053190499522,-0.57522712063087,-40.6747818793691));
#8219=CARTESIAN_POINT('',(33.8053190499521,-0.5752271206311,36.375));
#8220=CARTESIAN_POINT('Ctrl Pts',(33.8053190499521,-0.57522712063087,-40.6747818793691));
#8221=CARTESIAN_POINT('Ctrl Pts',(33.8053190499521,-0.57522712063087,-40.7471327675377));
#8222=CARTESIAN_POINT('Ctrl Pts',(33.8076730699861,-0.560744035120954,-40.8242256660537));
#8223=CARTESIAN_POINT('Ctrl Pts',(33.8161386607571,-0.502005265243975,-40.965912409268));
#8224=CARTESIAN_POINT('Ctrl Pts',(33.8221239348302,-0.457755797887239,-41.0305163490008));
#8225=CARTESIAN_POINT('Ctrl Pts',(33.8333297984957,-0.35574446983823,-41.1325276770498));
#8226=CARTESIAN_POINT('Ctrl Pts',(33.8392837791479,-0.291140099098641,-41.1767779290103));
#8227=CARTESIAN_POINT('Ctrl Pts',(33.8476775693041,-0.149451881339049,-41.2355172694481));
#8228=CARTESIAN_POINT('Ctrl Pts',(33.85,-0.0723584694022348,-41.25));
#8229=CARTESIAN_POINT('Ctrl Pts',(33.85,-8.99999999567046E-6,-41.25));
#8230=CARTESIAN_POINT('Ctrl Pts',(33.8499999999904,-5.65486244950999E-7,
66.25));
#8231=CARTESIAN_POINT('Ctrl Pts',(33.8499999999905,-5.65486418424774E-7,
72.4999999999905));
#8232=CARTESIAN_POINT('Ctrl Pts',(27.6,-5.65486135154094E-7,72.4999999999904));
#8233=CARTESIAN_POINT('Ctrl Pts',(33.8500042054858,-1.85730177145846,66.25));
#8234=CARTESIAN_POINT('Ctrl Pts',(33.8500042054859,-1.85730177145864,72.5000042054859));
#8235=CARTESIAN_POINT('Ctrl Pts',(27.5999999999999,-1.85730177145835,72.5000042054859));
#8236=CARTESIAN_POINT('Ctrl Pts',(32.3666571659707,-2.97500000000008,66.2499999999999));
#8237=CARTESIAN_POINT('Ctrl Pts',(32.3666571659707,-2.97500000000022,71.0166571659707));
#8238=CARTESIAN_POINT('Ctrl Pts',(27.5999999999999,-2.975,71.0166571659707));
#8239=CARTESIAN_POINT('',(27.6,-2.975,71.0166571659707));
#8240=CARTESIAN_POINT('Origin',(27.6,-2.975,66.25));
#8241=CARTESIAN_POINT('Origin',(27.6,-8.99999999970369E-6,68.775009));
#8242=CARTESIAN_POINT('Origin',(-17.05,-8.99999999970369E-6,68.775009));
#8243=CARTESIAN_POINT('',(-17.05,-2.975,71.0166571659707));
#8244=CARTESIAN_POINT('',(-24.2749999999821,-1.54999099999982,72.1622075105336));
#8245=CARTESIAN_POINT('Ctrl Pts',(-24.2749999999821,-1.549991,72.162207510533));
#8246=CARTESIAN_POINT('Ctrl Pts',(-24.4723748750987,-1.549991,72.162207510533));
#8247=CARTESIAN_POINT('Ctrl Pts',(-24.6809752909441,-1.5100520281411,72.181286816306));
#8248=CARTESIAN_POINT('Ctrl Pts',(-25.0619837008481,-1.3511969716021,72.2473639669179));
#8249=CARTESIAN_POINT('Ctrl Pts',(-25.2346443989359,-1.23237767845935,72.2931313814014));
#8250=CARTESIAN_POINT('Ctrl Pts',(-25.5072231513193,-0.959798814673142,
72.3770462355403));
#8251=CARTESIAN_POINT('Ctrl Pts',(-25.6261660443767,-0.787077074674431,
72.4210172083026));
#8252=CARTESIAN_POINT('Ctrl Pts',(-25.785116357197,-0.405826975687576,72.4828606401834));
#8253=CARTESIAN_POINT('Ctrl Pts',(-25.8249999999821,-0.197128629092366,
72.5000009525702));
#8254=CARTESIAN_POINT('Ctrl Pts',(-25.8249999999821,8.99999999975573E-6,
72.4999999999565));
#8255=CARTESIAN_POINT('',(-11.9749999999821,-1.54999099999982,72.1622075105336));
#8256=CARTESIAN_POINT('',(-17.05,-1.549991,72.162207510533));
#8257=CARTESIAN_POINT('Ctrl Pts',(-10.4250000000866,-8.99999999925266E-6,
72.5));
#8258=CARTESIAN_POINT('Ctrl Pts',(-10.4250022893653,-0.197141332769137,
72.5));
#8259=CARTESIAN_POINT('Ctrl Pts',(-10.4648860616362,-0.405832777463021,
72.4828596990644));
#8260=CARTESIAN_POINT('Ctrl Pts',(-10.6238339555875,-0.787077074674429,
72.4210172083026));
#8261=CARTESIAN_POINT('Ctrl Pts',(-10.7427768486449,-0.959798814673142,
72.3770462355403));
#8262=CARTESIAN_POINT('Ctrl Pts',(-11.0153556010283,-1.23237767845935,72.2931313814014));
#8263=CARTESIAN_POINT('Ctrl Pts',(-11.1880162991161,-1.3511969716021,72.2473639669179));
#8264=CARTESIAN_POINT('Ctrl Pts',(-11.5690247090201,-1.5100520281411,72.181286816306));
#8265=CARTESIAN_POINT('Ctrl Pts',(-11.7776251248655,-1.549991,72.162207510533));
#8266=CARTESIAN_POINT('Ctrl Pts',(-11.9749999999821,-1.549991,72.162207510533));
#8267=CARTESIAN_POINT('',(-2.925,-1.50000899999986,72.1846362450348));
#8268=CARTESIAN_POINT('Ctrl Pts',(-2.925,-1.50000899999999,72.1846362450344));
#8269=CARTESIAN_POINT('Ctrl Pts',(-3.11581605936825,-1.50000899999999,72.1846362450344));
#8270=CARTESIAN_POINT('Ctrl Pts',(-3.31762918669738,-1.46142892353078,72.2023493628253));
#8271=CARTESIAN_POINT('Ctrl Pts',(-3.68641566752607,-1.30773704550996,72.2638851842393));
#8272=CARTESIAN_POINT('Ctrl Pts',(-3.85361406276097,-1.19271528079866,72.3065786611323));
#8273=CARTESIAN_POINT('Ctrl Pts',(-4.11756876265002,-0.928760580909612,
72.384983174895));
#8274=CARTESIAN_POINT('Ctrl Pts',(-4.23269474535372,-0.761510260001651,
72.4261114230737));
#8275=CARTESIAN_POINT('Ctrl Pts',(-4.38646649528889,-0.392520748297059,
72.4839667517484));
#8276=CARTESIAN_POINT('Ctrl Pts',(-4.425,-0.190626335820736,72.5));
#8277=CARTESIAN_POINT('Ctrl Pts',(-4.425,-8.99999998853207E-6,72.5));
#8278=CARTESIAN_POINT('',(2.925,-1.50000899999986,72.1846362450348));
#8279=CARTESIAN_POINT('',(-17.05,-1.50000899999999,72.1846362450344));
#8280=CARTESIAN_POINT('Ctrl Pts',(4.425,-8.99999998874024E-6,72.5));
#8281=CARTESIAN_POINT('Ctrl Pts',(4.425,-0.190626335820735,72.5));
#8282=CARTESIAN_POINT('Ctrl Pts',(4.38646649528889,-0.392520748297055,72.4839667517484));
#8283=CARTESIAN_POINT('Ctrl Pts',(4.23269474535372,-0.761510260001646,72.4261114230737));
#8284=CARTESIAN_POINT('Ctrl Pts',(4.11756876265002,-0.928760580909611,72.384983174895));
#8285=CARTESIAN_POINT('Ctrl Pts',(3.85361406276097,-1.19271528079866,72.3065786611323));
#8286=CARTESIAN_POINT('Ctrl Pts',(3.68641566752607,-1.30773704550995,72.2638851842393));
#8287=CARTESIAN_POINT('Ctrl Pts',(3.31762918669739,-1.46142892353078,72.2023493628253));
#8288=CARTESIAN_POINT('Ctrl Pts',(3.11581605936825,-1.50000899999999,72.1846362450344));
#8289=CARTESIAN_POINT('Ctrl Pts',(2.925,-1.50000899999999,72.1846362450344));
#8290=CARTESIAN_POINT('Origin',(-18.1249999999821,8.99999999970369E-6,65.9));
#8291=CARTESIAN_POINT('',(-11.0114373597109,0.349540169244651,65.9));
#8292=CARTESIAN_POINT('',(-11.0114793103888,-0.349637794244648,65.9));
#8293=CARTESIAN_POINT('Origin',(-11.9749999999821,8.99999999970369E-6,65.9));
#8294=CARTESIAN_POINT('Origin',(-11.6750000005221,-8.99999999970369E-6,
65.9));
#8295=CARTESIAN_POINT('',(-11.1750000005221,-8.99999999976492E-6,65.9));
#8296=CARTESIAN_POINT('Origin',(-11.6750000005221,-8.99999999970369E-6,
65.9));
#8297=CARTESIAN_POINT('Origin',(-4.44089209850063E-15,-3.725,8.88178419700125E-15));
#8298=CARTESIAN_POINT('',(28.1,-3.725,-45.75));
#8299=CARTESIAN_POINT('',(30.125009,-3.725,-44.7333042963679));
#8300=CARTESIAN_POINT('Origin',(28.1,-3.725,-43.224991));
#8301=CARTESIAN_POINT('',(30.125009,-3.725,-66.25));
#8302=CARTESIAN_POINT('',(30.125009,-3.725,36.375));
#8303=CARTESIAN_POINT('',(27.6,-3.725,-68.775009));
#8304=CARTESIAN_POINT('Origin',(27.6,-3.725,-66.25));
#8305=CARTESIAN_POINT('',(-27.6,-3.725,-68.775009));
#8306=CARTESIAN_POINT('',(17.05,-3.725,-68.775009));
#8307=CARTESIAN_POINT('',(-30.125009,-3.725,-66.25));
#8308=CARTESIAN_POINT('Origin',(-27.6,-3.725,-66.25));
#8309=CARTESIAN_POINT('',(-30.125009,-3.725,-44.7333042963678));
#8310=CARTESIAN_POINT('',(-30.125009,-3.725,-36.375));
#8311=CARTESIAN_POINT('',(-28.1,-3.725,-45.75));
#8312=CARTESIAN_POINT('Origin',(-28.1,-3.725,-43.224991));
#8313=CARTESIAN_POINT('',(-14.05,-3.725,-45.75));
#8314=CARTESIAN_POINT('Origin',(-11.6750000005221,-8.99999999970369E-6,
73.2));
#8315=CARTESIAN_POINT('',(-11.0114793103888,-0.349637794244641,72.4835555692527));
#8316=CARTESIAN_POINT('',(-11.0114793103888,-0.349637794244648,73.2));
#8317=CARTESIAN_POINT('',(-12.4250000005419,-7.86792196503436E-6,72.5000000000026));
#8318=CARTESIAN_POINT('Ctrl Pts',(-12.4250000005221,-8.99999999970369E-6,
72.5));
#8319=CARTESIAN_POINT('Ctrl Pts',(-12.4250001430843,-0.0944562210031389,
72.5000000287039));
#8320=CARTESIAN_POINT('Ctrl Pts',(-12.406071958022,-0.195024288341231,72.4960448125463));
#8321=CARTESIAN_POINT('Ctrl Pts',(-12.3294507080311,-0.379734474739335,
72.4817524555511));
#8322=CARTESIAN_POINT('Ctrl Pts',(-12.2717715921354,-0.463897580166516,
72.4716116482629));
#8323=CARTESIAN_POINT('Ctrl Pts',(-12.1388847544664,-0.59678441783549,72.4524977319467));
#8324=CARTESIAN_POINT('Ctrl Pts',(-12.0547232731898,-0.65446053715013,72.4422656480087));
#8325=CARTESIAN_POINT('Ctrl Pts',(-11.87001873419,-0.731079612132719,72.4277632928418));
#8326=CARTESIAN_POINT('Ctrl Pts',(-11.7694526605359,-0.750009,72.4237153392497));
#8327=CARTESIAN_POINT('Ctrl Pts',(-11.6750000005221,-0.750009,72.4237153392497));
#8328=CARTESIAN_POINT('Ctrl Pts',(-11.5805473405083,-0.750009,72.4237153392497));
#8329=CARTESIAN_POINT('Ctrl Pts',(-11.4799812668542,-0.73107961213272,72.4277632928418));
#8330=CARTESIAN_POINT('Ctrl Pts',(-11.2952767278544,-0.654460537150132,
72.4422656480087));
#8331=CARTESIAN_POINT('Ctrl Pts',(-11.2111152465778,-0.59678441783549,72.4524977319467));
#8332=CARTESIAN_POINT('Ctrl Pts',(-11.093485438471,-0.47915460972875,72.4694171375695));
#8333=CARTESIAN_POINT('Ctrl Pts',(-11.0472768510317,-0.417573871774438,
72.4771507935734));
#8334=CARTESIAN_POINT('Ctrl Pts',(-11.0114793103888,-0.349637794244669,
72.4835555692527));
#8335=CARTESIAN_POINT('',(-11.0114373597109,0.349540169244685,72.4835647716997));
#8336=CARTESIAN_POINT('Ctrl Pts',(-11.0114373597109,0.349540169244701,72.4835647716997));
#8337=CARTESIAN_POINT('Ctrl Pts',(-11.0472409857676,0.417507570535082,72.4771588480179));
#8338=CARTESIAN_POINT('Ctrl Pts',(-11.093465414931,0.479116576331393,72.4694223522245));
#8339=CARTESIAN_POINT('Ctrl Pts',(-11.2111152096962,0.596766393745281,72.4525006564484));
#8340=CARTESIAN_POINT('Ctrl Pts',(-11.2952767076301,0.654442527238974,72.4422688616547));
#8341=CARTESIAN_POINT('Ctrl Pts',(-11.4799812676053,0.731061613965966,72.4277668946662));
#8342=CARTESIAN_POINT('Ctrl Pts',(-11.5805473447842,0.749991,72.4237190391449));
#8343=CARTESIAN_POINT('Ctrl Pts',(-11.6750000005221,0.749991,72.4237190391449));
#8344=CARTESIAN_POINT('Ctrl Pts',(-11.76945265626,0.749991,72.4237190391449));
#8345=CARTESIAN_POINT('Ctrl Pts',(-11.8700187334389,0.731061613965966,72.4277668946662));
#8346=CARTESIAN_POINT('Ctrl Pts',(-12.0547232934141,0.654442527238974,72.4422688616547));
#8347=CARTESIAN_POINT('Ctrl Pts',(-12.138884791348,0.596766393745281,72.4525006564484));
#8348=CARTESIAN_POINT('Ctrl Pts',(-12.2717716349171,0.463879524594215,72.471613913246));
#8349=CARTESIAN_POINT('Ctrl Pts',(-12.3294507427314,0.379716412731886,72.4817543048263));
#8350=CARTESIAN_POINT('Ctrl Pts',(-12.4060719709922,0.195006235429911,72.496045757654));
#8351=CARTESIAN_POINT('Ctrl Pts',(-12.4250000005221,0.0944381848431743,
72.5000004563467));
#8352=CARTESIAN_POINT('Ctrl Pts',(-12.4250000005221,-8.99999999985114E-6,
72.4999999999565));
#8353=CARTESIAN_POINT('',(-11.0114373597109,0.349540169244651,73.2));
#8354=CARTESIAN_POINT('Origin',(-4.44089209850063E-15,-3.725,8.88178419700125E-15));
#8355=CARTESIAN_POINT('',(-30.125009,-3.725,66.25));
#8356=CARTESIAN_POINT('',(-30.125009,-3.725,-36.375));
#8357=CARTESIAN_POINT('',(-27.6,-3.725,68.775009));
#8358=CARTESIAN_POINT('Origin',(-27.6,-3.725,66.25));
#8359=CARTESIAN_POINT('',(27.6,-3.725,68.775009));
#8360=CARTESIAN_POINT('',(-17.05,-3.725,68.775009));
#8361=CARTESIAN_POINT('',(30.125009,-3.725,66.25));
#8362=CARTESIAN_POINT('Origin',(27.6,-3.725,66.25));
#8363=CARTESIAN_POINT('',(30.125009,-3.725,36.375));
#8364=CARTESIAN_POINT('',(5.40355339059326,-3.725,-36.25));
#8365=CARTESIAN_POINT('Origin',(-8.07222058593731E-15,-3.725,-36.25));
#8366=CARTESIAN_POINT('',(-2.03100960115899,-3.725,41.875));
#8367=CARTESIAN_POINT('',(-4.44089209850063E-15,-3.725,41.875));
#8368=CARTESIAN_POINT('',(-7.74983082847774E-15,-3.725,41.875));
#8369=CARTESIAN_POINT('',(-1.3659236705839,-3.725,39.6221555583722));
#8370=CARTESIAN_POINT('Origin',(-8.88178419700125E-15,-3.725,41.25));
#8371=CARTESIAN_POINT('',(-2.16940818269208,-3.725,38.6646000044735));
#8372=CARTESIAN_POINT('',(-10.8387917882304,-3.725,28.332830946996));
#8373=CARTESIAN_POINT('',(-3.31662479035541,-3.725,40.625));
#8374=CARTESIAN_POINT('Origin',(-2.22044604925031E-14,-3.725,41.25));
#8375=CARTESIAN_POINT('',(-4.44089209850063E-15,-3.725,40.625));
#8376=CARTESIAN_POINT('',(-1.65831239517771,-3.725,40.625));
#8377=CARTESIAN_POINT('',(-1.23072765897059E-15,-3.725,20.3125));
#8378=CARTESIAN_POINT('Origin',(-17.05,-8.99999999970369E-6,68.775009));
#8379=CARTESIAN_POINT('',(-27.6,-3.30151835179652,70.5));
#8380=CARTESIAN_POINT('Origin',(-27.6,-8.99999999970369E-6,68.775009));
#8381=CARTESIAN_POINT('',(27.6,-3.30151835179653,70.5));
#8382=CARTESIAN_POINT('',(-17.05,-3.30151835179653,70.5));
#8383=CARTESIAN_POINT('Origin',(27.6,-8.99999999970369E-6,68.775009));
#8384=CARTESIAN_POINT('Ctrl Pts',(-27.6000000000001,-3.30151835179652,70.5));
#8385=CARTESIAN_POINT('Ctrl Pts',(-31.8500000000001,-3.30151835179641,70.5000000000001));
#8386=CARTESIAN_POINT('Ctrl Pts',(-31.8500000000001,-3.30151835179651,66.2500000000001));
#8387=CARTESIAN_POINT('Ctrl Pts',(-27.6000000000001,-3.72500000000005,69.6894864252289));
#8388=CARTESIAN_POINT('Ctrl Pts',(-31.039486425229,-3.72499999999996,69.689486425229));
#8389=CARTESIAN_POINT('Ctrl Pts',(-31.039486425229,-3.72500000000004,66.2500000000001));
#8390=CARTESIAN_POINT('Ctrl Pts',(-27.6000000000001,-3.72499999999999,68.775009));
#8391=CARTESIAN_POINT('Ctrl Pts',(-30.125009,-3.72499999999992,68.775009));
#8392=CARTESIAN_POINT('Ctrl Pts',(-30.125009,-3.72499999999998,66.2500000000001));
#8393=CARTESIAN_POINT('',(-31.85,-3.30151835179653,66.25));
#8394=CARTESIAN_POINT('Origin',(-30.125009,-8.99999999970369E-6,66.25));
#8395=CARTESIAN_POINT('Origin',(-27.6,-3.30151835179653,66.25));
#8396=CARTESIAN_POINT('Ctrl Pts',(31.8500000000001,-3.30151835179644,66.2500000000002));
#8397=CARTESIAN_POINT('Ctrl Pts',(31.8500000000003,-3.30151835179641,70.5000000000004));
#8398=CARTESIAN_POINT('Ctrl Pts',(27.6000000000001,-3.30151835179642,70.5000000000001));
#8399=CARTESIAN_POINT('Ctrl Pts',(31.0394864252289,-3.72500000000003,66.2500000000002));
#8400=CARTESIAN_POINT('Ctrl Pts',(31.0394864252291,-3.72500000000001,69.6894864252292));
#8401=CARTESIAN_POINT('Ctrl Pts',(27.6000000000001,-3.72500000000002,69.689486425229));
#8402=CARTESIAN_POINT('Ctrl Pts',(30.1250089999999,-3.725,66.2500000000002));
#8403=CARTESIAN_POINT('Ctrl Pts',(30.125009,-3.72499999999999,68.7750090000001));
#8404=CARTESIAN_POINT('Ctrl Pts',(27.6000000000001,-3.72499999999999,68.775009));
#8405=CARTESIAN_POINT('',(31.8500000000001,-3.30151835179652,66.25));
#8406=CARTESIAN_POINT('Origin',(27.6,-3.30151835179653,66.25));
#8407=CARTESIAN_POINT('Origin',(30.125009,-8.99999999970369E-6,66.25));
#8408=CARTESIAN_POINT('Origin',(-30.125009,-8.99999999970369E-6,-36.375));
#8409=CARTESIAN_POINT('',(-31.85,-3.30151835179652,-66.25));
#8410=CARTESIAN_POINT('Origin',(-30.125009,-8.99999999970369E-6,-66.25));
#8411=CARTESIAN_POINT('',(-31.85,-3.30151835179652,-36.375));
#8412=CARTESIAN_POINT('Origin',(30.125009,-8.99999999970369E-6,36.375));
#8413=CARTESIAN_POINT('',(31.85,-3.30151835179652,-66.25));
#8414=CARTESIAN_POINT('',(31.85,-3.30151835179652,36.375));
#8415=CARTESIAN_POINT('Origin',(30.125009,-8.99999999970369E-6,-66.25));
#8416=CARTESIAN_POINT('Origin',(27.6,-3.975,70.5));
#8417=CARTESIAN_POINT('',(-27.6,-2.975,70.5));
#8418=CARTESIAN_POINT('',(27.6,-2.975,70.5));
#8419=CARTESIAN_POINT('',(13.8,-2.975,70.5));
#8420=CARTESIAN_POINT('',(27.6,-3.975,70.5));
#8421=CARTESIAN_POINT('',(-27.6,-3.975,70.5));
#8422=CARTESIAN_POINT('Origin',(-27.6,-3.975,66.25));
#8423=CARTESIAN_POINT('',(-31.85,-2.975,66.25));
#8424=CARTESIAN_POINT('Origin',(-27.6,-2.975,66.25));
#8425=CARTESIAN_POINT('',(-31.85,-3.975,66.25));
#8426=CARTESIAN_POINT('Origin',(-31.85,-3.975,66.25));
#8427=CARTESIAN_POINT('',(-31.85,-2.975,-66.25));
#8428=CARTESIAN_POINT('',(-31.85,-2.975,33.125));
#8429=CARTESIAN_POINT('',(-31.85,-3.975,-66.25));
#8430=CARTESIAN_POINT('Origin',(-27.6,-3.975,-66.25));
#8431=CARTESIAN_POINT('',(-27.6,-2.975,-70.5));
#8432=CARTESIAN_POINT('Origin',(-27.6,-2.975,-66.25));
#8433=CARTESIAN_POINT('',(-27.6,-3.30151835179653,-70.5));
#8434=CARTESIAN_POINT('Origin',(-27.6,-3.30151835179653,-66.25));
#8435=CARTESIAN_POINT('',(-27.6,-3.975,-70.5));
#8436=CARTESIAN_POINT('Origin',(-27.6,-3.975,-70.5));
#8437=CARTESIAN_POINT('',(27.6,-2.975,-70.5));
#8438=CARTESIAN_POINT('',(-13.8,-2.975,-70.5));
#8439=CARTESIAN_POINT('',(27.6,-3.30151835179653,-70.5));
#8440=CARTESIAN_POINT('',(17.05,-3.30151835179653,-70.5));
#8441=CARTESIAN_POINT('',(27.6,-3.975,-70.5));
#8442=CARTESIAN_POINT('Origin',(27.6,-3.975,66.25));
#8443=CARTESIAN_POINT('',(31.8500000000001,-2.975,66.25));
#8444=CARTESIAN_POINT('Origin',(27.6,-2.975,66.25));
#8445=CARTESIAN_POINT('',(31.8500000000001,-3.975,66.25));
#8446=CARTESIAN_POINT('Origin',(31.85,-3.975,-66.25));
#8447=CARTESIAN_POINT('',(31.85,-2.975,-66.25));
#8448=CARTESIAN_POINT('',(31.85,-2.975,-33.125));
#8449=CARTESIAN_POINT('',(31.85,-3.975,-66.25));
#8450=CARTESIAN_POINT('Origin',(27.6,-3.975,-66.25));
#8451=CARTESIAN_POINT('Origin',(27.6,-2.975,-66.25));
#8452=CARTESIAN_POINT('Origin',(27.6,-3.30151835179653,-66.25));
#8453=CARTESIAN_POINT('Origin',(-7.61175822868226E-16,-2.975,5.36511593211084E-15));
#8454=CARTESIAN_POINT('Ctrl Pts',(-31.85,-3.30151835179652,-66.2500000000001));
#8455=CARTESIAN_POINT('Ctrl Pts',(-31.8500000000001,-3.3015183517964,-70.5000000000002));
#8456=CARTESIAN_POINT('Ctrl Pts',(-27.5999999999999,-3.30151835179647,-70.5000000000001));
#8457=CARTESIAN_POINT('Ctrl Pts',(-31.0394864252289,-3.72500000000007,-66.2500000000001));
#8458=CARTESIAN_POINT('Ctrl Pts',(-31.0394864252289,-3.72499999999997,-69.689486425229));
#8459=CARTESIAN_POINT('Ctrl Pts',(-27.6,-3.72500000000002,-69.689486425229));
#8460=CARTESIAN_POINT('Ctrl Pts',(-30.1250089999999,-3.72500000000001,-66.2500000000001));
#8461=CARTESIAN_POINT('Ctrl Pts',(-30.1250089999999,-3.72499999999994,-68.775009));
#8462=CARTESIAN_POINT('Ctrl Pts',(-27.6,-3.72499999999998,-68.775009));
#8463=CARTESIAN_POINT('Origin',(-27.6,-8.99999999970369E-6,-68.775009));
#8464=CARTESIAN_POINT('Origin',(27.6,3.975,70.5));
#8465=CARTESIAN_POINT('',(-27.6,2.975,70.5));
#8466=CARTESIAN_POINT('',(27.6,2.975,70.5));
#8467=CARTESIAN_POINT('',(13.8,2.975,70.5));
#8468=CARTESIAN_POINT('',(-27.6,3.30151835179653,70.5));
#8469=CARTESIAN_POINT('',(-27.6,3.975,70.5));
#8470=CARTESIAN_POINT('',(27.6,3.30151835179653,70.5));
#8471=CARTESIAN_POINT('',(-17.05,3.30151835179653,70.5));
#8472=CARTESIAN_POINT('',(27.6,3.975,70.5));
#8473=CARTESIAN_POINT('Origin',(27.6,3.975,66.25));
#8474=CARTESIAN_POINT('',(31.8500000000001,2.975,66.25));
#8475=CARTESIAN_POINT('Origin',(27.6,2.975,66.25));
#8476=CARTESIAN_POINT('',(31.8500000000001,3.30151835179652,66.25));
#8477=CARTESIAN_POINT('Origin',(27.6,3.30151835179652,66.25));
#8478=CARTESIAN_POINT('',(31.8500000000001,3.975,66.25));
#8479=CARTESIAN_POINT('Origin',(31.85,3.975,-66.25));
#8480=CARTESIAN_POINT('',(31.85,2.975,-66.25));
#8481=CARTESIAN_POINT('',(31.85,2.975,-33.125));
#8482=CARTESIAN_POINT('',(31.85,3.30151835179652,-66.25));
#8483=CARTESIAN_POINT('',(31.85,3.30151835179652,36.375));
#8484=CARTESIAN_POINT('',(31.85,3.975,-66.25));
#8485=CARTESIAN_POINT('Origin',(27.6,3.975,-66.25));
#8486=CARTESIAN_POINT('',(27.6,2.975,-70.5));
#8487=CARTESIAN_POINT('Origin',(27.6,2.975,-66.25));
#8488=CARTESIAN_POINT('',(27.6,3.30151835179652,-70.5));
#8489=CARTESIAN_POINT('Origin',(27.6,3.30151835179652,-66.25));
#8490=CARTESIAN_POINT('',(27.6,3.975,-70.5));
#8491=CARTESIAN_POINT('Origin',(-27.6,3.975,-70.5));
#8492=CARTESIAN_POINT('',(-27.6,2.975,-70.5));
#8493=CARTESIAN_POINT('',(-13.8,2.975,-70.5));
#8494=CARTESIAN_POINT('',(-27.6,3.30151835179653,-70.5));
#8495=CARTESIAN_POINT('',(17.05,3.30151835179653,-70.5));
#8496=CARTESIAN_POINT('',(-27.6,3.975,-70.5));
#8497=CARTESIAN_POINT('Origin',(-27.6,3.975,-66.25));
#8498=CARTESIAN_POINT('',(-31.85,2.975,-66.25));
#8499=CARTESIAN_POINT('Origin',(-27.6,2.975,-66.25));
#8500=CARTESIAN_POINT('',(-31.85,3.30151835179652,-66.25));
#8501=CARTESIAN_POINT('Origin',(-27.6,3.30151835179653,-66.25));
#8502=CARTESIAN_POINT('',(-31.85,3.975,-66.25));
#8503=CARTESIAN_POINT('Origin',(-31.85,3.975,66.25));
#8504=CARTESIAN_POINT('',(-31.85,2.975,66.25));
#8505=CARTESIAN_POINT('',(-31.85,2.975,33.125));
#8506=CARTESIAN_POINT('',(-31.85,3.30151835179652,66.25));
#8507=CARTESIAN_POINT('',(-31.85,3.30151835179652,-36.375));
#8508=CARTESIAN_POINT('',(-31.85,3.975,66.25));
#8509=CARTESIAN_POINT('Origin',(-27.6,3.975,66.25));
#8510=CARTESIAN_POINT('Origin',(-27.6,2.975,66.25));
#8511=CARTESIAN_POINT('Origin',(-27.6,3.30151835179652,66.25));
#8512=CARTESIAN_POINT('Origin',(-7.61175822868226E-16,2.975,5.36511593211084E-15));
#8513=CARTESIAN_POINT('Ctrl Pts',(27.6,3.30151835179651,70.5));
#8514=CARTESIAN_POINT('Ctrl Pts',(31.8500000000001,3.30151835179653,70.4999999999999));
#8515=CARTESIAN_POINT('Ctrl Pts',(31.8500000000002,3.30151835179648,66.2499999999998));
#8516=CARTESIAN_POINT('Ctrl Pts',(27.6,3.72500000000004,69.6894864252289));
#8517=CARTESIAN_POINT('Ctrl Pts',(31.0394864252289,3.72500000000006,69.6894864252288));
#8518=CARTESIAN_POINT('Ctrl Pts',(31.039486425229,3.72500000000001,66.2499999999998));
#8519=CARTESIAN_POINT('Ctrl Pts',(27.6,3.725,68.7750089999998));
#8520=CARTESIAN_POINT('Ctrl Pts',(30.1250089999999,3.72500000000001,68.7750089999998));
#8521=CARTESIAN_POINT('Ctrl Pts',(30.125009,3.72499999999998,66.2499999999998));
#8522=CARTESIAN_POINT('',(30.125009,3.725,66.25));
#8523=CARTESIAN_POINT('',(27.6,3.725,68.775009));
#8524=CARTESIAN_POINT('Origin',(27.6,3.725,66.25));
#8525=CARTESIAN_POINT('Origin',(30.125009,8.99999999970369E-6,66.25));
#8526=CARTESIAN_POINT('Origin',(27.6,8.99999999970369E-6,68.775009));
#8527=CARTESIAN_POINT('Origin',(-17.05,8.99999999970369E-6,68.775009));
#8528=CARTESIAN_POINT('',(-27.6,3.725,68.775009));
#8529=CARTESIAN_POINT('',(-17.05,3.725,68.775009));
#8530=CARTESIAN_POINT('Origin',(-27.6,8.99999999970369E-6,68.775009));
#8531=CARTESIAN_POINT('Origin',(30.125009,8.99999999970369E-6,36.375));
#8532=CARTESIAN_POINT('',(30.125009,3.725,-66.25));
#8533=CARTESIAN_POINT('',(30.125009,3.725,36.375));
#8534=CARTESIAN_POINT('Origin',(30.125009,8.99999999970369E-6,-66.25));
#8535=CARTESIAN_POINT('Ctrl Pts',(31.85,3.3015183517965,-66.2500000000001));
#8536=CARTESIAN_POINT('Ctrl Pts',(31.8500000000002,3.30151835179649,-70.5000000000002));
#8537=CARTESIAN_POINT('Ctrl Pts',(27.6000000000001,3.30151835179651,-70.5));
#8538=CARTESIAN_POINT('Ctrl Pts',(31.0394864252289,3.725,-66.2500000000001));
#8539=CARTESIAN_POINT('Ctrl Pts',(31.0394864252291,3.72499999999999,-69.689486425229));
#8540=CARTESIAN_POINT('Ctrl Pts',(27.6000000000001,3.725,-69.6894864252289));
#8541=CARTESIAN_POINT('Ctrl Pts',(30.125009,3.725,-66.2500000000001));
#8542=CARTESIAN_POINT('Ctrl Pts',(30.1250090000001,3.725,-68.7750090000001));
#8543=CARTESIAN_POINT('Ctrl Pts',(27.6000000000001,3.72500000000001,-68.775009));
#8544=CARTESIAN_POINT('',(27.6,3.725,-68.775009));
#8545=CARTESIAN_POINT('Origin',(27.6,3.725,-66.25));
#8546=CARTESIAN_POINT('Origin',(27.6,8.99999999970369E-6,-68.775009));
#8547=CARTESIAN_POINT('Origin',(-4.44089209850063E-15,-3.725,8.88178419700125E-15));
#8548=CARTESIAN_POINT('Origin',(-8.07222058593731E-15,-3.64822330470336,
-36.25));
#8549=CARTESIAN_POINT('',(5.10355339059327,-3.425,-36.25));
#8550=CARTESIAN_POINT('',(5.32677669529663,-3.64822330470336,-36.25));
#8551=CARTESIAN_POINT('Origin',(-8.07222058593731E-15,-3.425,-36.25));
#8552=CARTESIAN_POINT('Origin',(-8.48723003917772E-15,-3.425,-36.25));
#8553=CARTESIAN_POINT('Origin',(21.4,-8.99999999970369E-6,-73.2));
#8554=CARTESIAN_POINT('',(22.15,-8.99999999979554E-6,-69.95));
#8555=CARTESIAN_POINT('Origin',(21.4,-8.99999999970369E-6,-69.95));
#8556=CARTESIAN_POINT('',(22.15,-8.99999999961184E-6,-73.2));
#8557=CARTESIAN_POINT('Origin',(21.4,-8.99999999971092E-6,-69.95));
#8558=CARTESIAN_POINT('Origin',(17.05,8.99999999970369E-6,-68.775009));
#8559=CARTESIAN_POINT('',(-27.6,3.725,-68.775009));
#8560=CARTESIAN_POINT('',(17.05,3.725,-68.775009));
#8561=CARTESIAN_POINT('Origin',(-27.6,8.99999999970369E-6,-68.775009));
#8562=CARTESIAN_POINT('Origin',(34.45,0.624990999999999,-2.37500000000001));
#8563=CARTESIAN_POINT('',(34.2,0.624991,-20.525));
#8564=CARTESIAN_POINT('',(34.45,0.624991,-20.525));
#8565=CARTESIAN_POINT('',(34.2,0.624990999999999,-2.37500000000001));
#8566=CARTESIAN_POINT('',(34.2,0.624990999999999,-6.9125017939579));
#8567=CARTESIAN_POINT('',(34.45,0.624990999999999,-2.37500000000001));
#8568=CARTESIAN_POINT('Origin',(34.45,-9.00000000066039E-6,-2.37500000000001));
#8569=CARTESIAN_POINT('',(34.2,-0.625009,-2.37500000000001));
#8570=CARTESIAN_POINT('Origin',(34.2,-9.00000000066039E-6,-2.37500000000001));
#8571=CARTESIAN_POINT('',(34.45,-0.625009,-2.37500000000001));
#8572=CARTESIAN_POINT('Origin',(34.45,-9.00000000096973E-6,-20.525));
#8573=CARTESIAN_POINT('',(34.2,-0.625009000000002,-20.525));
#8574=CARTESIAN_POINT('',(34.45,-0.625009000000002,-20.525));
#8575=CARTESIAN_POINT('Origin',(34.2,-9.00000000096973E-6,-20.525));
#8576=CARTESIAN_POINT('Origin',(34.45,-0.625009000000002,-20.525));
#8577=CARTESIAN_POINT('',(34.2,-0.625009000000001,-15.9875017939579));
#8578=CARTESIAN_POINT('Origin',(34.2,-9.00000000074237E-6,-11.4500035879158));
#8579=CARTESIAN_POINT('Origin',(34.6,0.575209120630853,-32.4252181206309));
#8580=CARTESIAN_POINT('',(34.35,0.575209120630879,-40.6747818793691));
#8581=CARTESIAN_POINT('',(34.6,0.575209120630879,-40.6747818793691));
#8582=CARTESIAN_POINT('',(34.35,0.575209120630853,-32.4252181206309));
#8583=CARTESIAN_POINT('',(34.35,0.57520912063086,-34.4876090603154));
#8584=CARTESIAN_POINT('',(34.6,0.575209120630853,-32.4252181206309));
#8585=CARTESIAN_POINT('Origin',(34.6,-9.00000002087786E-6,-32.4252181206309));
#8586=CARTESIAN_POINT('',(34.35,-0.575227120630895,-32.4252181206309));
#8587=CARTESIAN_POINT('Origin',(34.35,-9.00000002087786E-6,-32.4252181206309));
#8588=CARTESIAN_POINT('',(34.6,-0.575227120630894,-32.4252181206309));
#8589=CARTESIAN_POINT('Origin',(34.6,-8.99999999569912E-6,-40.6747818793691));
#8590=CARTESIAN_POINT('',(34.35,-0.57522712063087,-40.6747818793691));
#8591=CARTESIAN_POINT('',(34.6,-0.57522712063087,-40.6747818793691));
#8592=CARTESIAN_POINT('Origin',(34.35,-8.99999999569912E-6,-40.6747818793691));
#8593=CARTESIAN_POINT('Origin',(34.6,-0.57522712063087,-40.6747818793691));
#8594=CARTESIAN_POINT('',(34.35,-0.575227120630876,-38.6123909396846));
#8595=CARTESIAN_POINT('Origin',(34.35,-9.00000000807416E-6,-36.55));
#8596=CARTESIAN_POINT('Origin',(7.575,3.975,67.65));
#8597=CARTESIAN_POINT('',(7.575,3.725,66.7));
#8598=CARTESIAN_POINT('',(7.575,3.725,68.6));
#8599=CARTESIAN_POINT('Origin',(7.575,3.725,67.65));
#8600=CARTESIAN_POINT('',(7.575,3.225,68.6));
#8601=CARTESIAN_POINT('',(7.575,3.975,68.6));
#8602=CARTESIAN_POINT('',(7.575,3.225,66.7));
#8603=CARTESIAN_POINT('Origin',(7.575,3.225,67.65));
#8604=CARTESIAN_POINT('',(7.575,3.975,66.7));
#8605=CARTESIAN_POINT('Origin',(-7.575,3.975,66.7));
#8606=CARTESIAN_POINT('',(-7.575,3.725,66.7));
#8607=CARTESIAN_POINT('',(-3.7875,3.725,66.7));
#8608=CARTESIAN_POINT('',(-7.575,3.225,66.7));
#8609=CARTESIAN_POINT('',(-3.7875,3.225,66.7));
#8610=CARTESIAN_POINT('',(-7.575,3.975,66.7));
#8611=CARTESIAN_POINT('Origin',(-7.575,3.975,67.65));
#8612=CARTESIAN_POINT('',(-7.575,3.725,68.6));
#8613=CARTESIAN_POINT('Origin',(-7.575,3.725,67.65));
#8614=CARTESIAN_POINT('',(-7.575,3.225,68.6));
#8615=CARTESIAN_POINT('Origin',(-7.575,3.225,67.65));
#8616=CARTESIAN_POINT('',(-7.575,3.975,68.6));
#8617=CARTESIAN_POINT('Origin',(7.575,3.975,68.6));
#8618=CARTESIAN_POINT('',(3.7875,3.725,68.6));
#8619=CARTESIAN_POINT('',(3.7875,3.225,68.6));
#8620=CARTESIAN_POINT('Origin',(-1.54892145248763E-15,3.225,67.65));
#8621=CARTESIAN_POINT('Origin',(-7.57499999999997,3.975,-67.65));
#8622=CARTESIAN_POINT('',(-7.57499999999997,3.725,-66.7));
#8623=CARTESIAN_POINT('',(-7.57499999999997,3.725,-68.6));
#8624=CARTESIAN_POINT('Origin',(-7.57499999999997,3.725,-67.65));
#8625=CARTESIAN_POINT('',(-7.57499999999997,3.225,-68.6));
#8626=CARTESIAN_POINT('',(-7.57499999999997,3.975,-68.6));
#8627=CARTESIAN_POINT('',(-7.57499999999997,3.225,-66.7));
#8628=CARTESIAN_POINT('Origin',(-7.57499999999997,3.225,-67.65));
#8629=CARTESIAN_POINT('',(-7.57499999999997,3.975,-66.7));
#8630=CARTESIAN_POINT('Origin',(7.57500000000005,3.975,-66.7));
#8631=CARTESIAN_POINT('',(7.57500000000005,3.725,-66.7));
#8632=CARTESIAN_POINT('',(3.78750000000006,3.725,-66.7));
#8633=CARTESIAN_POINT('',(7.57500000000005,3.225,-66.7));
#8634=CARTESIAN_POINT('',(3.78750000000004,3.225,-66.7));
#8635=CARTESIAN_POINT('',(7.57500000000005,3.975,-66.7));
#8636=CARTESIAN_POINT('Origin',(7.57500000000004,3.975,-67.65));
#8637=CARTESIAN_POINT('',(7.57500000000005,3.725,-68.6));
#8638=CARTESIAN_POINT('Origin',(7.57500000000004,3.725,-67.65));
#8639=CARTESIAN_POINT('',(7.57500000000005,3.225,-68.6));
#8640=CARTESIAN_POINT('Origin',(7.57500000000004,3.225,-67.65));
#8641=CARTESIAN_POINT('',(7.57500000000005,3.975,-68.6));
#8642=CARTESIAN_POINT('Origin',(-7.57499999999997,3.975,-68.6));
#8643=CARTESIAN_POINT('',(-3.78749999999994,3.725,-68.6));
#8644=CARTESIAN_POINT('',(-3.78749999999996,3.225,-68.6));
#8645=CARTESIAN_POINT('Origin',(3.84752088797928E-14,3.225,-67.65));
#8646=CARTESIAN_POINT('Origin',(-24.2749999999821,1.025009,73.2));
#8647=CARTESIAN_POINT('',(-11.9749999999821,1.025009,72.3562005545082));
#8648=CARTESIAN_POINT('',(-24.2749999999821,1.025009,72.3562005545082));
#8649=CARTESIAN_POINT('',(-17.05,1.025009,72.3562005545082));
#8650=CARTESIAN_POINT('',(-24.2749999999821,1.025009,65.65));
#8651=CARTESIAN_POINT('',(-24.2749999999821,1.025009,73.2));
#8652=CARTESIAN_POINT('',(-11.9749999999821,1.025009,65.65));
#8653=CARTESIAN_POINT('',(-21.1999999999821,1.025009,65.65));
#8654=CARTESIAN_POINT('',(-11.9749999999821,1.025009,73.2));
#8655=CARTESIAN_POINT('Origin',(-24.2749999999821,8.99999999970369E-6,73.2));
#8656=CARTESIAN_POINT('',(-25.299999999856,-7.86792196476011E-6,72.5000000000026));
#8657=CARTESIAN_POINT('Ctrl Pts',(-25.2999999998433,-7.86792196477704E-6,
72.4999999999618));
#8658=CARTESIAN_POINT('Ctrl Pts',(-25.2999999999358,-2.24526587427821E-6,
72.4999999999873));
#8659=CARTESIAN_POINT('Ctrl Pts',(-25.2999999999821,3.377374781224E-6,72.5));
#8660=CARTESIAN_POINT('Ctrl Pts',(-25.2999999999821,0.129419884181555,72.5));
#8661=CARTESIAN_POINT('Ctrl Pts',(-25.2740010843432,0.267008273412145,72.4925846739263));
#8662=CARTESIAN_POINT('Ctrl Pts',(-25.1691854409022,0.519358746103668,72.4657993415883));
#8663=CARTESIAN_POINT('Ctrl Pts',(-25.0904046634912,0.634173237923322,72.4467836150054));
#8664=CARTESIAN_POINT('Ctrl Pts',(-24.9091453949715,0.815432506443028,72.4108281867925));
#8665=CARTESIAN_POINT('Ctrl Pts',(-24.7943386598246,0.894198638810769,72.3914877262869));
#8666=CARTESIAN_POINT('Ctrl Pts',(-24.5420160185479,0.999003535997827,72.3639508360799));
#8667=CARTESIAN_POINT('Ctrl Pts',(-24.4044377929588,1.025009,72.3562005545082));
#8668=CARTESIAN_POINT('Ctrl Pts',(-24.2749999999821,1.025009,72.3562005545082));
#8669=CARTESIAN_POINT('',(-24.2749999999821,-1.024991,72.3562057063758));
#8670=CARTESIAN_POINT('Ctrl Pts',(-24.2749999999821,-1.024991,72.3562057063758));
#8671=CARTESIAN_POINT('Ctrl Pts',(-24.4044377836427,-1.024991,72.3562057063758));
#8672=CARTESIAN_POINT('Ctrl Pts',(-24.5420160159027,-0.998985539825064,
72.3639558444276));
#8673=CARTESIAN_POINT('Ctrl Pts',(-24.7943386973809,-0.894180620482798,
72.3914921804528));
#8674=CARTESIAN_POINT('Ctrl Pts',(-24.9091454643525,-0.815414461073352,
72.4108322328763));
#8675=CARTESIAN_POINT('Ctrl Pts',(-25.0904047446415,-0.634155132766714,
72.4467867399116));
#8676=CARTESIAN_POINT('Ctrl Pts',(-25.169185506782,-0.519340628506196,72.4658018884006));
#8677=CARTESIAN_POINT('Ctrl Pts',(-25.2739988319982,-0.266995655068698,
72.4925853894682));
#8678=CARTESIAN_POINT('Ctrl Pts',(-25.2999978702739,-0.129413771473476,
72.5000000393281));
#8679=CARTESIAN_POINT('Ctrl Pts',(-25.2999999998433,-7.8679219643607E-6,
72.4999999999998));
#8680=CARTESIAN_POINT('',(-24.2749999999821,-1.024991,65.65));
#8681=CARTESIAN_POINT('',(-24.2749999999821,-1.024991,73.2));
#8682=CARTESIAN_POINT('Origin',(-24.2749999999821,8.99999999970369E-6,65.65));
#8683=CARTESIAN_POINT('Origin',(-24.2749999999821,1.550009,73.2));
#8684=CARTESIAN_POINT('',(-11.9749999999821,1.550009,65.65));
#8685=CARTESIAN_POINT('',(-11.9749999999821,1.550009,73.2));
#8686=CARTESIAN_POINT('',(-24.2749999999821,1.550009,65.65));
#8687=CARTESIAN_POINT('',(-21.1999999999821,1.550009,65.65));
#8688=CARTESIAN_POINT('',(-24.2749999999821,1.550009,73.2));
#8689=CARTESIAN_POINT('Origin',(-11.9749999999821,8.99999999970369E-6,73.2));
#8690=CARTESIAN_POINT('',(-11.9749999999821,-1.549991,65.65));
#8691=CARTESIAN_POINT('',(-11.9749999999821,-1.549991,73.2));
#8692=CARTESIAN_POINT('Origin',(-11.9749999999821,8.99999999970369E-6,65.65));
#8693=CARTESIAN_POINT('Origin',(-11.9749999999821,-1.024991,73.2));
#8694=CARTESIAN_POINT('',(-11.9749999999821,-1.024991,72.3562057063758));
#8695=CARTESIAN_POINT('',(-17.05,-1.024991,72.3562057063758));
#8696=CARTESIAN_POINT('',(-11.9749999999821,-1.024991,65.65));
#8697=CARTESIAN_POINT('',(-11.9749999999821,-1.024991,73.2));
#8698=CARTESIAN_POINT('',(-15.0499999999821,-1.024991,65.65));
#8699=CARTESIAN_POINT('Origin',(-11.9749999999821,-1.549991,73.2));
#8700=CARTESIAN_POINT('',(-24.2749999999821,-1.549991,65.65));
#8701=CARTESIAN_POINT('',(-24.2749999999821,-1.549991,73.2));
#8702=CARTESIAN_POINT('',(-15.0499999999821,-1.549991,65.65));
#8703=CARTESIAN_POINT('Origin',(-11.9749999999821,8.99999999970369E-6,73.2));
#8704=CARTESIAN_POINT('Ctrl Pts',(-11.9749999999821,1.025009,72.3562005545082));
#8705=CARTESIAN_POINT('Ctrl Pts',(-11.8455622070054,1.025009,72.3562005545082));
#8706=CARTESIAN_POINT('Ctrl Pts',(-11.7079839814163,0.999003535997825,72.3639508360799));
#8707=CARTESIAN_POINT('Ctrl Pts',(-11.4556613401396,0.894198638810768,72.391487726287));
#8708=CARTESIAN_POINT('Ctrl Pts',(-11.3408546049927,0.815432506443029,72.4108281867925));
#8709=CARTESIAN_POINT('Ctrl Pts',(-11.159595336473,0.634173237923322,72.4467836150054));
#8710=CARTESIAN_POINT('Ctrl Pts',(-11.080814559062,0.519358746103667,72.4657993415883));
#8711=CARTESIAN_POINT('Ctrl Pts',(-11.022419705893,0.378769342497781,72.4807219762028));
#8712=CARTESIAN_POINT('Ctrl Pts',(-11.0167599822954,0.36421319620768,72.4821818397482));
#8713=CARTESIAN_POINT('Ctrl Pts',(-11.0114373597109,0.349540169244694,72.4835647716997));
#8714=CARTESIAN_POINT('Origin',(-11.9749999999821,8.99999999970369E-6,65.65));
#8715=CARTESIAN_POINT('Ctrl Pts',(-11.0114793103888,-0.349637794244657,
72.4835555692527));
#8716=CARTESIAN_POINT('Ctrl Pts',(-11.0167897028582,-0.364271627868883,
72.4821759426228));
#8717=CARTESIAN_POINT('Ctrl Pts',(-11.022435402968,-0.378789129552795,72.4807198048187));
#8718=CARTESIAN_POINT('Ctrl Pts',(-11.0808144931822,-0.519340628506196,
72.4658018884006));
#8719=CARTESIAN_POINT('Ctrl Pts',(-11.1595952553227,-0.634155132766713,
72.4467867399116));
#8720=CARTESIAN_POINT('Ctrl Pts',(-11.3408545356117,-0.815414461073351,
72.4108322328763));
#8721=CARTESIAN_POINT('Ctrl Pts',(-11.4556613025833,-0.894180620482798,
72.3914921804528));
#8722=CARTESIAN_POINT('Ctrl Pts',(-11.7079839840615,-0.998985539825063,
72.3639558444276));
#8723=CARTESIAN_POINT('Ctrl Pts',(-11.8455622163215,-1.024991,72.3562057063758));
#8724=CARTESIAN_POINT('Ctrl Pts',(-11.9749999999821,-1.024991,72.3562057063758));
#8725=CARTESIAN_POINT('Origin',(-24.2749999999821,8.99999999970369E-6,73.2));
#8726=CARTESIAN_POINT('Origin',(-24.2749999999821,8.99999999970369E-6,65.65));
#8727=CARTESIAN_POINT('Origin',(-18.1249999999821,8.99999999970369E-6,65.65));
#8728=CARTESIAN_POINT('Origin',(-17.05,8.99999999970369E-6,68.775009));
#8729=CARTESIAN_POINT('',(-17.05,-7.86792196485891E-6,72.5000000000026));
#8730=CARTESIAN_POINT('Origin',(-2.745,-8.99999999970369E-6,65.9));
#8731=CARTESIAN_POINT('',(-2.745,-0.350009,65.65));
#8732=CARTESIAN_POINT('',(-2.745,0.349991,65.65));
#8733=CARTESIAN_POINT('Origin',(-2.745,-8.99999999970369E-6,65.65));
#8734=CARTESIAN_POINT('',(-2.745,0.349991,70.65));
#8735=CARTESIAN_POINT('',(-2.745,0.349991,65.9));
#8736=CARTESIAN_POINT('',(-2.745,-0.350009,70.65));
#8737=CARTESIAN_POINT('Origin',(-2.745,-8.99999999970369E-6,70.65));
#8738=CARTESIAN_POINT('',(-2.745,-0.350009,65.9));
#8739=CARTESIAN_POINT('Origin',(2.745,0.349991000000002,65.9));
#8740=CARTESIAN_POINT('',(2.745,0.349991000000002,65.65));
#8741=CARTESIAN_POINT('',(1.3725,0.349991000000001,65.65));
#8742=CARTESIAN_POINT('',(2.745,0.349991000000002,70.65));
#8743=CARTESIAN_POINT('',(2.745,0.349991000000002,65.9));
#8744=CARTESIAN_POINT('',(1.3725,0.349991000000001,70.65));
#8745=CARTESIAN_POINT('Origin',(2.745,-8.99999999869519E-6,65.9));
#8746=CARTESIAN_POINT('',(2.745,-0.350008999999999,65.65));
#8747=CARTESIAN_POINT('Origin',(2.745,-8.99999999869519E-6,65.65));
#8748=CARTESIAN_POINT('',(2.745,-0.350008999999999,70.65));
#8749=CARTESIAN_POINT('',(2.745,-0.350008999999999,65.9));
#8750=CARTESIAN_POINT('Origin',(2.745,-8.99999999869519E-6,70.65));
#8751=CARTESIAN_POINT('Origin',(-2.745,-0.350009,65.9));
#8752=CARTESIAN_POINT('',(-1.3725,-0.350008999999999,65.65));
#8753=CARTESIAN_POINT('',(-1.3725,-0.350008999999999,70.65));
#8754=CARTESIAN_POINT('Origin',(1.13073232691451E-16,-8.99999999906737E-6,
70.65));
#8755=CARTESIAN_POINT('Origin',(2.925,-8.99999998861907E-6,73.2));
#8756=CARTESIAN_POINT('',(2.925,-1.50000899999999,65.65));
#8757=CARTESIAN_POINT('',(2.925,-1.50000899999999,73.2));
#8758=CARTESIAN_POINT('',(2.925,1.49999100000001,65.65));
#8759=CARTESIAN_POINT('Origin',(2.925,-8.99999998861907E-6,65.65));
#8760=CARTESIAN_POINT('',(2.925,1.49999100000001,73.2));
#8761=CARTESIAN_POINT('Origin',(2.925,-1.50000899999999,73.2));
#8762=CARTESIAN_POINT('',(-2.925,-1.50000899999999,65.65));
#8763=CARTESIAN_POINT('',(-2.925,-1.50000899999999,73.2));
#8764=CARTESIAN_POINT('',(1.4625,-1.50000899999999,65.65));
#8765=CARTESIAN_POINT('Origin',(-2.925,1.49999100000001,73.2));
#8766=CARTESIAN_POINT('',(-2.925,1.49999100000001,65.65));
#8767=CARTESIAN_POINT('',(-1.4625,1.49999100000001,65.65));
#8768=CARTESIAN_POINT('',(-2.925,1.49999100000001,73.2));
#8769=CARTESIAN_POINT('Origin',(-2.925,-8.99999998861907E-6,73.2));
#8770=CARTESIAN_POINT('Origin',(-2.925,-8.99999998861907E-6,65.65));
#8771=CARTESIAN_POINT('Origin',(1.18340570265576E-16,-8.99999998868815E-6,
65.65));
#8772=CARTESIAN_POINT('Origin',(-17.05,-8.99999999970369E-6,68.775009));
#8773=CARTESIAN_POINT('Ctrl Pts',(-31.85,3.3015183517965,66.25));
#8774=CARTESIAN_POINT('Ctrl Pts',(-31.85,3.30151835179651,70.5));
#8775=CARTESIAN_POINT('Ctrl Pts',(-27.6,3.3015183517965,70.5));
#8776=CARTESIAN_POINT('Ctrl Pts',(-31.0394864252289,3.72499999999999,66.25));
#8777=CARTESIAN_POINT('Ctrl Pts',(-31.0394864252289,3.725,69.6894864252289));
#8778=CARTESIAN_POINT('Ctrl Pts',(-27.6,3.72499999999999,69.6894864252289));
#8779=CARTESIAN_POINT('Ctrl Pts',(-30.125009,3.725,66.25));
#8780=CARTESIAN_POINT('Ctrl Pts',(-30.125009,3.72500000000001,68.775009));
#8781=CARTESIAN_POINT('Ctrl Pts',(-27.6,3.725,68.775009));
#8782=CARTESIAN_POINT('',(-30.125009,3.725,66.25));
#8783=CARTESIAN_POINT('Origin',(-27.6,3.725,66.25));
#8784=CARTESIAN_POINT('Origin',(-30.125009,8.99999999970369E-6,66.25));
#8785=CARTESIAN_POINT('Ctrl Pts',(-27.6,3.30151835179652,-70.5));
#8786=CARTESIAN_POINT('Ctrl Pts',(-31.85,3.30151835179653,-70.5000000000001));
#8787=CARTESIAN_POINT('Ctrl Pts',(-31.85,3.30151835179651,-66.25));
#8788=CARTESIAN_POINT('Ctrl Pts',(-27.6,3.725,-69.6894864252289));
#8789=CARTESIAN_POINT('Ctrl Pts',(-31.0394864252289,3.72500000000002,-69.689486425229));
#8790=CARTESIAN_POINT('Ctrl Pts',(-31.0394864252289,3.725,-66.25));
#8791=CARTESIAN_POINT('Ctrl Pts',(-27.6,3.725,-68.775009));
#8792=CARTESIAN_POINT('Ctrl Pts',(-30.125009,3.72500000000001,-68.775009));
#8793=CARTESIAN_POINT('Ctrl Pts',(-30.125009,3.725,-66.25));
#8794=CARTESIAN_POINT('',(-30.125009,3.725,-66.25));
#8795=CARTESIAN_POINT('Origin',(-27.6,3.725,-66.25));
#8796=CARTESIAN_POINT('Origin',(-30.125009,8.99999999970369E-6,-66.25));
#8797=CARTESIAN_POINT('Origin',(-30.125009,8.99999999970369E-6,-36.375));
#8798=CARTESIAN_POINT('',(-30.125009,3.725,-36.375));
#8799=CARTESIAN_POINT('Ctrl Pts',(27.6000000000001,-3.30151835179649,-70.5));
#8800=CARTESIAN_POINT('Ctrl Pts',(31.8500000000002,-3.30151835179651,-70.5000000000002));
#8801=CARTESIAN_POINT('Ctrl Pts',(31.85,-3.30151835179649,-66.2500000000001));
#8802=CARTESIAN_POINT('Ctrl Pts',(27.6000000000001,-3.725,-69.6894864252289));
#8803=CARTESIAN_POINT('Ctrl Pts',(31.039486425229,-3.72500000000001,-69.689486425229));
#8804=CARTESIAN_POINT('Ctrl Pts',(31.0394864252289,-3.725,-66.2500000000001));
#8805=CARTESIAN_POINT('Ctrl Pts',(27.6000000000001,-3.725,-68.775009));
#8806=CARTESIAN_POINT('Ctrl Pts',(30.125009,-3.72500000000001,-68.7750090000001));
#8807=CARTESIAN_POINT('Ctrl Pts',(30.125009,-3.725,-66.2500000000001));
#8808=CARTESIAN_POINT('Origin',(27.6,-8.99999999970369E-6,-68.775009));
#8809=CARTESIAN_POINT('Origin',(17.05,-8.99999999970369E-6,-68.775009));
#8810=CARTESIAN_POINT('Origin',(-4.44089209850063E-15,3.725,8.88178419700125E-15));
#8811=CARTESIAN_POINT('Origin',(-4.44089209850063E-15,-3.975,8.88178419700125E-15));
#8812=CARTESIAN_POINT('',(-30.125009,-3.975,-44.7333042963678));
#8813=CARTESIAN_POINT('',(-28.1,-3.975,-45.75));
#8814=CARTESIAN_POINT('Origin',(-28.1,-3.975,-43.224991));
#8815=CARTESIAN_POINT('',(28.1,-3.975,-45.75));
#8816=CARTESIAN_POINT('',(-14.05,-3.975,-45.75));
#8817=CARTESIAN_POINT('',(30.125009,-3.975,-44.7333042963679));
#8818=CARTESIAN_POINT('Origin',(28.1,-3.975,-43.224991));
#8819=CARTESIAN_POINT('',(30.125009,-3.975,66.25));
#8820=CARTESIAN_POINT('',(30.125009,-3.975,36.375));
#8821=CARTESIAN_POINT('',(27.6,-3.975,68.775009));
#8822=CARTESIAN_POINT('Origin',(27.6,-3.975,66.25));
#8823=CARTESIAN_POINT('',(-27.6,-3.975,68.775009));
#8824=CARTESIAN_POINT('',(-17.05,-3.975,68.775009));
#8825=CARTESIAN_POINT('',(-30.125009,-3.975,66.25));
#8826=CARTESIAN_POINT('Origin',(-27.6,-3.975,66.25));
#8827=CARTESIAN_POINT('',(-30.125009,-3.975,-36.375));
#8828=CARTESIAN_POINT('',(5.29999999999999,-3.975,-36.25));
#8829=CARTESIAN_POINT('Origin',(-8.07222058593731E-15,-3.975,-36.25));
#8830=CARTESIAN_POINT('',(-4.44089209850063E-15,-3.975,41.875));
#8831=CARTESIAN_POINT('',(-2.03100960115899,-3.975,41.875));
#8832=CARTESIAN_POINT('',(-7.74983082847774E-15,-3.975,41.875));
#8833=CARTESIAN_POINT('',(-4.44089209850063E-15,-3.975,40.625));
#8834=CARTESIAN_POINT('',(-1.23072765897059E-15,-3.975,20.3125));
#8835=CARTESIAN_POINT('',(-3.31662479035541,-3.975,40.625));
#8836=CARTESIAN_POINT('',(-1.65831239517771,-3.975,40.625));
#8837=CARTESIAN_POINT('',(-2.16940818269208,-3.975,38.6646000044735));
#8838=CARTESIAN_POINT('Origin',(-2.22044604925031E-14,-3.975,41.25));
#8839=CARTESIAN_POINT('',(-1.3659236705839,-3.975,39.6221555583722));
#8840=CARTESIAN_POINT('',(-10.8387917882304,-3.975,28.332830946996));
#8841=CARTESIAN_POINT('Origin',(-8.88178419700125E-15,-3.975,41.25));
#8842=CARTESIAN_POINT('Origin',(-17.05,-8.99999999970369E-6,68.775009));
#8843=CARTESIAN_POINT('',(27.6,-3.44964144418879,70.75));
#8844=CARTESIAN_POINT('Origin',(27.6,-8.99999999970369E-6,68.775009));
#8845=CARTESIAN_POINT('',(-27.6,-3.44964144418878,70.75));
#8846=CARTESIAN_POINT('',(-17.05,-3.44964144418879,70.75));
#8847=CARTESIAN_POINT('Origin',(-27.6,-8.99999999970369E-6,68.775009));
#8848=CARTESIAN_POINT('Ctrl Pts',(-27.6000000000003,-3.44964144418871,70.75));
#8849=CARTESIAN_POINT('Ctrl Pts',(-32.1000000000003,-3.44964144418868,70.7500000000003));
#8850=CARTESIAN_POINT('Ctrl Pts',(-32.1,-3.44964144418871,66.2500000000003));
#8851=CARTESIAN_POINT('Ctrl Pts',(-27.6000000000003,-3.97500000000003,69.8323786442781));
#8852=CARTESIAN_POINT('Ctrl Pts',(-31.1823786442783,-3.97500000000001,69.8323786442784));
#8853=CARTESIAN_POINT('Ctrl Pts',(-31.1823786442781,-3.97500000000003,66.2500000000003));
#8854=CARTESIAN_POINT('Ctrl Pts',(-27.6000000000003,-3.975,68.7750089999999));
#8855=CARTESIAN_POINT('Ctrl Pts',(-30.125009,-3.97499999999999,68.775009));
#8856=CARTESIAN_POINT('Ctrl Pts',(-30.1250089999999,-3.975,66.2500000000003));
#8857=CARTESIAN_POINT('',(-32.1,-3.44964144418879,66.25));
#8858=CARTESIAN_POINT('Origin',(-30.125009,-8.99999999970369E-6,66.25));
#8859=CARTESIAN_POINT('Origin',(-27.6,-3.44964144418879,66.25));
#8860=CARTESIAN_POINT('Ctrl Pts',(32.1000000000001,-3.44964144418875,66.25));
#8861=CARTESIAN_POINT('Ctrl Pts',(32.1000000000001,-3.44964144418875,70.7500000000001));
#8862=CARTESIAN_POINT('Ctrl Pts',(27.6,-3.44964144418875,70.7500000000001));
#8863=CARTESIAN_POINT('Ctrl Pts',(31.1823786442782,-3.97500000000002,66.25));
#8864=CARTESIAN_POINT('Ctrl Pts',(31.1823786442782,-3.97500000000001,69.8323786442782));
#8865=CARTESIAN_POINT('Ctrl Pts',(27.6,-3.97500000000002,69.8323786442782));
#8866=CARTESIAN_POINT('Ctrl Pts',(30.125009,-3.975,66.25));
#8867=CARTESIAN_POINT('Ctrl Pts',(30.125009,-3.975,68.775009));
#8868=CARTESIAN_POINT('Ctrl Pts',(27.6,-3.975,68.775009));
#8869=CARTESIAN_POINT('',(32.1000000000001,-3.44964144418879,66.25));
#8870=CARTESIAN_POINT('Origin',(30.125009,-8.99999999970369E-6,66.25));
#8871=CARTESIAN_POINT('Origin',(27.6,-3.44964144418879,66.25));
#8872=CARTESIAN_POINT('Origin',(-30.125009,-8.99999999970369E-6,-36.375));
#8873=CARTESIAN_POINT('',(-32.1,-3.44964144418879,-66.25));
#8874=CARTESIAN_POINT('',(-32.1,-3.44964144418879,-36.375));
#8875=CARTESIAN_POINT('',(-30.125009,-3.975,-66.25));
#8876=CARTESIAN_POINT('Origin',(-30.125009,-8.99999999970369E-6,-66.25));
#8877=CARTESIAN_POINT('',(-30.125009,-3.975,-36.375));
#8878=CARTESIAN_POINT('Origin',(30.125009,-8.99999999970369E-6,36.375));
#8879=CARTESIAN_POINT('',(30.125009,-3.975,-66.25));
#8880=CARTESIAN_POINT('',(30.125009,-3.975,36.375));
#8881=CARTESIAN_POINT('',(32.1,-3.44964144418879,-66.25));
#8882=CARTESIAN_POINT('Origin',(30.125009,-8.99999999970369E-6,-66.25));
#8883=CARTESIAN_POINT('',(32.1,-3.44964144418879,36.375));
#8884=CARTESIAN_POINT('Origin',(-4.44089209850063E-15,-3.975,8.88178419700125E-15));
#8885=CARTESIAN_POINT('Origin',(27.6,-3.975,70.75));
#8886=CARTESIAN_POINT('',(27.6,-3.225,70.75));
#8887=CARTESIAN_POINT('',(27.6,-3.975,70.75));
#8888=CARTESIAN_POINT('',(-27.6,-3.225,70.75));
#8889=CARTESIAN_POINT('',(13.8,-3.225,70.75));
#8890=CARTESIAN_POINT('',(-27.6,-3.975,70.75));
#8891=CARTESIAN_POINT('Origin',(-27.6,-3.975,66.25));
#8892=CARTESIAN_POINT('',(-32.1,-3.225,66.25));
#8893=CARTESIAN_POINT('Origin',(-27.6,-3.225,66.25));
#8894=CARTESIAN_POINT('',(-32.1,-3.975,66.25));
#8895=CARTESIAN_POINT('Origin',(-32.1,-3.975,66.25));
#8896=CARTESIAN_POINT('',(-32.1,-3.225,-66.25));
#8897=CARTESIAN_POINT('',(-32.1,-3.225,33.125));
#8898=CARTESIAN_POINT('',(-32.1,-3.975,-66.25));
#8899=CARTESIAN_POINT('Origin',(-27.6,-3.975,-66.25));
#8900=CARTESIAN_POINT('',(-27.6,-3.44964144418879,-70.75));
#8901=CARTESIAN_POINT('Origin',(-27.6,-3.44964144418879,-66.25));
#8902=CARTESIAN_POINT('',(-27.6,-3.225,-70.75));
#8903=CARTESIAN_POINT('Origin',(-27.6,-3.225,-66.25));
#8904=CARTESIAN_POINT('',(-27.6,-3.975,-70.75));
#8905=CARTESIAN_POINT('Origin',(27.6,-3.975,70.9));
#8906=CARTESIAN_POINT('',(-27.6,-3.3593194500775,70.9));
#8907=CARTESIAN_POINT('',(27.6,-3.3593194500775,70.9));
#8908=CARTESIAN_POINT('',(-17.05,-3.3593194500775,70.9));
#8909=CARTESIAN_POINT('',(-27.6,-3.225,70.9));
#8910=CARTESIAN_POINT('',(-27.6,-3.975,70.9));
#8911=CARTESIAN_POINT('',(27.6,-3.225,70.9));
#8912=CARTESIAN_POINT('',(27.6,-3.225,70.9));
#8913=CARTESIAN_POINT('',(27.6,-3.975,70.9));
#8914=CARTESIAN_POINT('Origin',(27.6,-3.975,66.25));
#8915=CARTESIAN_POINT('',(32.25,-3.3593194500775,66.25));
#8916=CARTESIAN_POINT('Origin',(27.6,-3.3593194500775,66.25));
#8917=CARTESIAN_POINT('',(32.25,-3.225,66.25));
#8918=CARTESIAN_POINT('Origin',(27.6,-3.225,66.25));
#8919=CARTESIAN_POINT('',(32.25,-3.975,66.25));
#8920=CARTESIAN_POINT('Origin',(32.25,-3.975,-66.25));
#8921=CARTESIAN_POINT('',(32.25,-3.3593194500775,-66.25));
#8922=CARTESIAN_POINT('',(32.25,-3.3593194500775,36.375));
#8923=CARTESIAN_POINT('',(32.25,-3.225,-66.25));
#8924=CARTESIAN_POINT('',(32.25,-3.225,-66.25));
#8925=CARTESIAN_POINT('',(32.25,-3.975,-66.25));
#8926=CARTESIAN_POINT('Origin',(27.6,-3.975,-66.25));
#8927=CARTESIAN_POINT('',(27.6,-3.3593194500775,-70.9));
#8928=CARTESIAN_POINT('Origin',(27.6,-3.3593194500775,-66.25));
#8929=CARTESIAN_POINT('',(27.6,-3.225,-70.9));
#8930=CARTESIAN_POINT('Origin',(27.6,-3.225,-66.25));
#8931=CARTESIAN_POINT('',(27.6,-3.975,-70.9));
#8932=CARTESIAN_POINT('Origin',(-27.6,-3.975,-70.75));
#8933=CARTESIAN_POINT('',(27.6,-3.44964144418879,-70.75));
#8934=CARTESIAN_POINT('',(17.05,-3.44964144418879,-70.75));
#8935=CARTESIAN_POINT('',(27.6,-3.225,-70.75));
#8936=CARTESIAN_POINT('',(-13.8,-3.225,-70.75));
#8937=CARTESIAN_POINT('',(27.6,-3.975,-70.75));
#8938=CARTESIAN_POINT('Origin',(27.6,-3.975,66.25));
#8939=CARTESIAN_POINT('',(32.1000000000001,-3.225,66.25));
#8940=CARTESIAN_POINT('',(32.1000000000001,-3.975,66.25));
#8941=CARTESIAN_POINT('Origin',(27.6,-3.225,66.25));
#8942=CARTESIAN_POINT('Origin',(32.1,-3.975,-66.25));
#8943=CARTESIAN_POINT('',(32.1,-3.225,-66.25));
#8944=CARTESIAN_POINT('',(32.1,-3.975,-66.25));
#8945=CARTESIAN_POINT('',(32.1,-3.225,-33.125));
#8946=CARTESIAN_POINT('Origin',(27.6,-3.975,-66.25));
#8947=CARTESIAN_POINT('Origin',(27.6,-3.44964144418879,-66.25));
#8948=CARTESIAN_POINT('Origin',(27.6,-3.225,-66.25));
#8949=CARTESIAN_POINT('Origin',(-27.6,-3.975,-70.9));
#8950=CARTESIAN_POINT('',(-27.6,-3.3593194500775,-70.9));
#8951=CARTESIAN_POINT('',(17.05,-3.3593194500775,-70.9));
#8952=CARTESIAN_POINT('',(-27.6,-3.225,-70.9));
#8953=CARTESIAN_POINT('',(-27.6,-3.225,-70.9));
#8954=CARTESIAN_POINT('',(-27.6,-3.975,-70.9));
#8955=CARTESIAN_POINT('Origin',(-27.6,-3.975,-66.25));
#8956=CARTESIAN_POINT('',(-32.25,-3.3593194500775,-66.25));
#8957=CARTESIAN_POINT('Origin',(-27.6,-3.3593194500775,-66.25));
#8958=CARTESIAN_POINT('',(-32.25,-3.225,-66.25));
#8959=CARTESIAN_POINT('Origin',(-27.6,-3.225,-66.25));
#8960=CARTESIAN_POINT('',(-32.25,-3.975,-66.25));
#8961=CARTESIAN_POINT('Origin',(-32.25,-3.975,66.25));
#8962=CARTESIAN_POINT('',(-32.25,-3.3593194500775,66.25));
#8963=CARTESIAN_POINT('',(-32.25,-3.3593194500775,-36.375));
#8964=CARTESIAN_POINT('',(-32.25,-3.225,66.25));
#8965=CARTESIAN_POINT('',(-32.25,-3.225,66.25));
#8966=CARTESIAN_POINT('',(-32.25,-3.975,66.25));
#8967=CARTESIAN_POINT('Origin',(-27.6,-3.975,66.25));
#8968=CARTESIAN_POINT('Origin',(-27.6,-3.3593194500775,66.25));
#8969=CARTESIAN_POINT('Origin',(-27.6,-3.225,66.25));
#8970=CARTESIAN_POINT('Origin',(-7.61175822868226E-16,-3.225,5.36511593211084E-15));
#8971=CARTESIAN_POINT('Origin',(-17.05,-8.99999999970369E-6,68.775009));
#8972=CARTESIAN_POINT('',(27.6,-5.49316406181357E-10,72.7499999999949));
#8973=CARTESIAN_POINT('Origin',(27.6,-8.99999999970369E-6,68.775009));
#8974=CARTESIAN_POINT('',(4.1749999998704,8.99999999970369E-6,72.75));
#8975=CARTESIAN_POINT('',(-17.05,8.99999999970369E-6,72.75));
#8976=CARTESIAN_POINT('',(2.925,-1.25000899999999,72.5483435266596));
#8977=CARTESIAN_POINT('Ctrl Pts',(4.1749999998704,8.99999999921797E-6,72.7499999999592));
#8978=CARTESIAN_POINT('Ctrl Pts',(4.1749999999568,2.99998585856661E-6,72.7499999999864));
#8979=CARTESIAN_POINT('Ctrl Pts',(4.175,-3.00001413763157E-6,72.75));
#8980=CARTESIAN_POINT('Ctrl Pts',(4.175,-0.158098640275047,72.75));
#8981=CARTESIAN_POINT('Ctrl Pts',(4.14318735575189,-0.326008520022997,72.7396393477844));
#8982=CARTESIAN_POINT('Ctrl Pts',(4.01528064928233,-0.633684148671169,72.7022249717147));
#8983=CARTESIAN_POINT('Ctrl Pts',(3.9192438084609,-0.773532144505459,72.6756536039704));
#8984=CARTESIAN_POINT('Ctrl Pts',(3.69848308328172,-0.99429286968464,72.6253044785352));
#8985=CARTESIAN_POINT('Ctrl Pts',(3.5586512315113,-1.09029876335109,72.5981342433078));
#8986=CARTESIAN_POINT('Ctrl Pts',(3.2510347791188,-1.21818252658905,72.5593282053441));
#8987=CARTESIAN_POINT('Ctrl Pts',(3.08314702742077,-1.25000899999999,72.5483435266596));
#8988=CARTESIAN_POINT('Ctrl Pts',(2.925,-1.25000899999999,72.5483435266596));
#8989=CARTESIAN_POINT('',(-2.925,-1.25000899999999,72.5483435266596));
#8990=CARTESIAN_POINT('',(-17.05,-1.25000899999999,72.5483435266596));
#8991=CARTESIAN_POINT('',(-4.1749999998704,8.999999999412E-6,72.7499999999864));
#8992=CARTESIAN_POINT('Ctrl Pts',(-2.925,-1.25000899999999,72.5483435266596));
#8993=CARTESIAN_POINT('Ctrl Pts',(-3.08314702742077,-1.25000899999999,72.5483435266596));
#8994=CARTESIAN_POINT('Ctrl Pts',(-3.2510347791188,-1.21818252658905,72.5593282053441));
#8995=CARTESIAN_POINT('Ctrl Pts',(-3.55865123151131,-1.09029876335109,72.5981342433078));
#8996=CARTESIAN_POINT('Ctrl Pts',(-3.69848308328172,-0.99429286968464,72.6253044785352));
#8997=CARTESIAN_POINT('Ctrl Pts',(-3.9192438084609,-0.773532144505459,72.6756536039704));
#8998=CARTESIAN_POINT('Ctrl Pts',(-4.01528064928233,-0.633684148671169,
72.7022249717147));
#8999=CARTESIAN_POINT('Ctrl Pts',(-4.14318735575189,-0.326008520022997,
72.7396393477844));
#9000=CARTESIAN_POINT('Ctrl Pts',(-4.175,-0.158098640275047,72.75));
#9001=CARTESIAN_POINT('Ctrl Pts',(-4.175,-3.00001413777035E-6,72.75));
#9002=CARTESIAN_POINT('Ctrl Pts',(-4.1749999999568,2.99998585843609E-6,
72.7499999999864));
#9003=CARTESIAN_POINT('Ctrl Pts',(-4.1749999998704,8.99999999880163E-6,
72.7499999999592));
#9004=CARTESIAN_POINT('',(-10.6749999999821,8.99999999970369E-6,72.75));
#9005=CARTESIAN_POINT('',(-17.05,8.99999999970369E-6,72.75));
#9006=CARTESIAN_POINT('',(-11.9749999999821,-1.299991,72.5314168918239));
#9007=CARTESIAN_POINT('Ctrl Pts',(-10.6749999999821,8.99999999966899E-6,
72.7499999999592));
#9008=CARTESIAN_POINT('Ctrl Pts',(-10.6749999999821,-0.164503247435078,
72.750000744922));
#9009=CARTESIAN_POINT('Ctrl Pts',(-10.7081240887307,-0.339173109443025,
72.7387855370893));
#9010=CARTESIAN_POINT('Ctrl Pts',(-10.841177467033,-0.659130972859829,72.6982875976365));
#9011=CARTESIAN_POINT('Ctrl Pts',(-10.9410424101162,-0.804511007158631,
72.6695223051824));
#9012=CARTESIAN_POINT('Ctrl Pts',(-11.1705288616058,-1.03399752678379,72.6149747567508));
#9013=CARTESIAN_POINT('Ctrl Pts',(-11.3158892816214,-1.13382467251862,72.5855054457526));
#9014=CARTESIAN_POINT('Ctrl Pts',(-11.6357746744293,-1.26684996574725,72.543368767785));
#9015=CARTESIAN_POINT('Ctrl Pts',(-11.8104172320405,-1.299991,72.5314168918239));
#9016=CARTESIAN_POINT('Ctrl Pts',(-11.9749999999821,-1.299991,72.5314168918239));
#9017=CARTESIAN_POINT('',(-24.2749999999821,-1.299991,72.5314168918239));
#9018=CARTESIAN_POINT('',(-17.05,-1.299991,72.5314168918239));
#9019=CARTESIAN_POINT('',(-25.5749999998575,-8.99999999970369E-6,72.75));
#9020=CARTESIAN_POINT('Ctrl Pts',(-24.2749999999821,-1.299991,72.5314168918239));
#9021=CARTESIAN_POINT('Ctrl Pts',(-24.4395827679237,-1.299991,72.5314168918239));
#9022=CARTESIAN_POINT('Ctrl Pts',(-24.6142253255349,-1.26684996574725,72.543368767785));
#9023=CARTESIAN_POINT('Ctrl Pts',(-24.9341107183428,-1.13382467251862,72.5855054457526));
#9024=CARTESIAN_POINT('Ctrl Pts',(-25.0794711383584,-1.03399752678379,72.6149747567508));
#9025=CARTESIAN_POINT('Ctrl Pts',(-25.308957589848,-0.804511007158631,72.6695223051824));
#9026=CARTESIAN_POINT('Ctrl Pts',(-25.4088225329312,-0.659130972859828,
72.6982875976365));
#9027=CARTESIAN_POINT('Ctrl Pts',(-25.5418734849142,-0.339178944093295,
72.7387847985817));
#9028=CARTESIAN_POINT('Ctrl Pts',(-25.5749977220684,-0.164515988314673,
72.75));
#9029=CARTESIAN_POINT('Ctrl Pts',(-25.5749999998575,-8.99999999977308E-6,
72.75));
#9030=CARTESIAN_POINT('',(-27.6,5.49316406181357E-10,72.7499999999949));
#9031=CARTESIAN_POINT('',(-17.05,-8.99999999970369E-6,72.75));
#9032=CARTESIAN_POINT('Origin',(-27.6,-8.99999999970369E-6,68.775009));
#9033=CARTESIAN_POINT('Ctrl Pts',(-27.6000000000001,8.99999999951887E-6,
72.7499999999592));
#9034=CARTESIAN_POINT('Ctrl Pts',(-34.0999999999593,9.0000001188656E-6,
72.7499999999592));
#9035=CARTESIAN_POINT('Ctrl Pts',(-34.0999999999593,9.00000043546419E-6,
66.2499999999999));
#9036=CARTESIAN_POINT('Ctrl Pts',(-27.6000000000001,-2.18906309153343,72.750009912761));
#9037=CARTESIAN_POINT('Ctrl Pts',(-34.1000099127613,-2.18906309153331,72.750009912761));
#9038=CARTESIAN_POINT('Ctrl Pts',(-34.1000099127613,-2.18906309153299,66.2499999999998));
#9039=CARTESIAN_POINT('Ctrl Pts',(-27.6000000000001,-3.35931945007775,70.8999999999996));
#9040=CARTESIAN_POINT('Ctrl Pts',(-32.2499999999999,-3.35931945007766,70.8999999999996));
#9041=CARTESIAN_POINT('Ctrl Pts',(-32.25,-3.35931945007744,66.2499999999998));
#9042=CARTESIAN_POINT('',(-34.0999999999949,-5.49316406180828E-10,66.25));
#9043=CARTESIAN_POINT('Origin',(-27.6,8.99999999970369E-6,66.25));
#9044=CARTESIAN_POINT('Origin',(-30.125009,-8.99999999970369E-6,66.25));
#9045=CARTESIAN_POINT('Ctrl Pts',(34.0999999999898,-5.4927426956996E-10,
66.2500000000001));
#9046=CARTESIAN_POINT('Ctrl Pts',(34.0999999999899,-5.49251240327017E-10,
72.7499999999899));
#9047=CARTESIAN_POINT('Ctrl Pts',(27.6000000000001,-5.49316115153277E-10,
72.7499999999898));
#9048=CARTESIAN_POINT('Ctrl Pts',(34.1000049560749,-2.1890662269722,66.2500000000001));
#9049=CARTESIAN_POINT('Ctrl Pts',(34.100004956075,-2.18906622697218,72.750004956075));
#9050=CARTESIAN_POINT('Ctrl Pts',(27.6000000000001,-2.18906622697224,72.7500049560749));
#9051=CARTESIAN_POINT('Ctrl Pts',(32.25,-3.3593194500775,66.2500000000001));
#9052=CARTESIAN_POINT('Ctrl Pts',(32.2500000000001,-3.35931945007748,70.9));
#9053=CARTESIAN_POINT('Ctrl Pts',(27.6000000000001,-3.35931945007753,70.8999999999999));
#9054=CARTESIAN_POINT('',(34.0999999999898,-8.99945068322832E-6,66.25));
#9055=CARTESIAN_POINT('Origin',(30.125009,-8.99999999970369E-6,66.25));
#9056=CARTESIAN_POINT('Origin',(27.6,-8.99999999970369E-6,66.25));
#9057=CARTESIAN_POINT('Origin',(-30.125009,-8.99999999970369E-6,-36.375));
#9058=CARTESIAN_POINT('',(-34.0999999999949,5.49316406180828E-10,-66.25));
#9059=CARTESIAN_POINT('',(-34.1,-8.99999999970369E-6,-36.375));
#9060=CARTESIAN_POINT('Origin',(-30.125009,-8.99999999970369E-6,-66.25));
#9061=CARTESIAN_POINT('Origin',(30.125009,-8.99999999970369E-6,36.375));
#9062=CARTESIAN_POINT('',(34.0999999999898,8.99945068322833E-6,-66.25));
#9063=CARTESIAN_POINT('Origin',(30.125009,-8.99999999970369E-6,-66.25));
#9064=CARTESIAN_POINT('',(34.0999999999864,9.00000000061744E-6,-41.4999999998037));
#9065=CARTESIAN_POINT('',(34.1,8.99999999970369E-6,36.375));
#9066=CARTESIAN_POINT('',(34.0133979341813,-0.82522712063087,-40.6747818793691));
#9067=CARTESIAN_POINT('Ctrl Pts',(34.0999999999592,9.00000000084861E-6,
-41.4999999998037));
#9068=CARTESIAN_POINT('Ctrl Pts',(34.0999999999864,2.99997759839099E-6,
-41.4999999999345));
#9069=CARTESIAN_POINT('Ctrl Pts',(34.1,-3.00002240169808E-6,-41.5));
#9070=CARTESIAN_POINT('Ctrl Pts',(34.1,-0.103947761109695,-41.5));
#9071=CARTESIAN_POINT('Ctrl Pts',(34.0955116230591,-0.214610303405122,-41.4791660677409));
#9072=CARTESIAN_POINT('Ctrl Pts',(34.0792930014703,-0.417840108796544,-41.3948546534816));
#9073=CARTESIAN_POINT('Ctrl Pts',(34.0677849762726,-0.5104318824683,-41.331393655013));
#9074=CARTESIAN_POINT('Ctrl Pts',(34.0460891245671,-0.656625545157384,-41.1851999923239));
#9075=CARTESIAN_POINT('Ctrl Pts',(34.034470851084,-0.720082809923043,-41.0926102387254));
#9076=CARTESIAN_POINT('Ctrl Pts',(34.0179984765199,-0.80439151306428,-40.8893874736983));
#9077=CARTESIAN_POINT('Ctrl Pts',(34.0133979341813,-0.82522712063087,-40.7787274226263));
#9078=CARTESIAN_POINT('Ctrl Pts',(34.0133979341813,-0.82522712063087,-40.6747818793691));
#9079=CARTESIAN_POINT('',(34.0133979341813,-0.825227120630895,-32.4252181206309));
#9080=CARTESIAN_POINT('',(34.0133979341812,-0.8252271206311,36.375));
#9081=CARTESIAN_POINT('',(34.1,8.99999999970369E-6,-31.6000000001963));
#9082=CARTESIAN_POINT('Ctrl Pts',(34.0133979341813,-0.825227120630895,-32.4252181206309));
#9083=CARTESIAN_POINT('Ctrl Pts',(34.0133979341813,-0.825227120630895,-32.3212725773737));
#9084=CARTESIAN_POINT('Ctrl Pts',(34.0179984765199,-0.804391513064301,-32.2106125263017));
#9085=CARTESIAN_POINT('Ctrl Pts',(34.034470851084,-0.720082809923065,-32.0073897612747));
#9086=CARTESIAN_POINT('Ctrl Pts',(34.0460891245671,-0.65662554515741,-31.9148000076761));
#9087=CARTESIAN_POINT('Ctrl Pts',(34.0677849762726,-0.510431882468325,-31.768606344987));
#9088=CARTESIAN_POINT('Ctrl Pts',(34.0792930014703,-0.41784010879656,-31.7051453465184));
#9089=CARTESIAN_POINT('Ctrl Pts',(34.0955116230591,-0.21461030340514,-31.6208339322591));
#9090=CARTESIAN_POINT('Ctrl Pts',(34.1,-0.10394776110972,-31.6));
#9091=CARTESIAN_POINT('Ctrl Pts',(34.1,-3.00002241867235E-6,-31.6));
#9092=CARTESIAN_POINT('Ctrl Pts',(34.0999999999864,2.99997758917588E-6,
-31.6000000000655));
#9093=CARTESIAN_POINT('Ctrl Pts',(34.0999999999592,8.9999999996343E-6,-31.6000000001963));
#9094=CARTESIAN_POINT('',(34.0999999999864,9.00000000038123E-6,-21.3999999998149));
#9095=CARTESIAN_POINT('',(34.1,8.99999999970369E-6,36.375));
#9096=CARTESIAN_POINT('',(34.0024989677602,-0.875009000000002,-20.525));
#9097=CARTESIAN_POINT('Ctrl Pts',(34.0999999999592,9.00000000015472E-6,
-21.3999999998149));
#9098=CARTESIAN_POINT('Ctrl Pts',(34.0999999999864,2.99997895896485E-6,
-21.3999999999383));
#9099=CARTESIAN_POINT('Ctrl Pts',(34.1,-3.00002104236009E-6,-21.4));
#9100=CARTESIAN_POINT('Ctrl Pts',(34.1,-0.110260961481641,-21.4));
#9101=CARTESIAN_POINT('Ctrl Pts',(34.0949508794494,-0.227618035759519,-21.3778923882307));
#9102=CARTESIAN_POINT('Ctrl Pts',(34.076707100638,-0.443096487420513,-21.2884820033613));
#9103=CARTESIAN_POINT('Ctrl Pts',(34.0637609807997,-0.541246987722822,-21.2211988793536));
#9104=CARTESIAN_POINT('Ctrl Pts',(34.039342266558,-0.696214303138844,-21.0662315639376));
#9105=CARTESIAN_POINT('Ctrl Pts',(34.0262563753267,-0.763492403473182,-20.9680837718017));
#9106=CARTESIAN_POINT('Ctrl Pts',(34.0076906055889,-0.852899136395277,-20.752614804023));
#9107=CARTESIAN_POINT('Ctrl Pts',(34.0024989677602,-0.875009000000003,-20.6352611023031));
#9108=CARTESIAN_POINT('Ctrl Pts',(34.0024989677602,-0.875009000000002,-20.525));
#9109=CARTESIAN_POINT('',(34.0024989677602,-0.875009,-2.37500000000001));
#9110=CARTESIAN_POINT('',(34.0024989677602,-0.875008999999997,36.375));
#9111=CARTESIAN_POINT('',(34.0999999999864,-8.99999999959099E-6,-1.50000000000001));
#9112=CARTESIAN_POINT('Ctrl Pts',(34.0024989677602,-0.875009000000001,-2.37500000000002));
#9113=CARTESIAN_POINT('Ctrl Pts',(34.0024989677602,-0.875009000000001,-2.26473889769696));
#9114=CARTESIAN_POINT('Ctrl Pts',(34.0076906055889,-0.852899136395277,-2.14738519597705));
#9115=CARTESIAN_POINT('Ctrl Pts',(34.0262563753267,-0.763492403473185,-1.93191622819837));
#9116=CARTESIAN_POINT('Ctrl Pts',(34.039342266558,-0.696214303138843,-1.8337684360624));
#9117=CARTESIAN_POINT('Ctrl Pts',(34.0637609807997,-0.541246987722822,-1.67880112064638));
#9118=CARTESIAN_POINT('Ctrl Pts',(34.076707100638,-0.443096487420515,-1.61151799663876));
#9119=CARTESIAN_POINT('Ctrl Pts',(34.0949508794494,-0.227618035759523,-1.52210761176932));
#9120=CARTESIAN_POINT('Ctrl Pts',(34.1,-0.11026096148164,-1.50000000000002));
#9121=CARTESIAN_POINT('Ctrl Pts',(34.1,-9.0000000005884E-6,-1.50000000000002));
#9122=CARTESIAN_POINT('',(34.1,-8.99999999970369E-6,36.375));
#9123=CARTESIAN_POINT('Ctrl Pts',(-34.0999999999593,9.00000044488294E-6,
-66.2499999999999));
#9124=CARTESIAN_POINT('Ctrl Pts',(-34.0999999999595,9.00000048938015E-6,
-72.7499999999593));
#9125=CARTESIAN_POINT('Ctrl Pts',(-27.6,8.999999999519E-6,-72.7499999999592));
#9126=CARTESIAN_POINT('Ctrl Pts',(-34.1000099127613,-2.18906309153299,-66.2499999999999));
#9127=CARTESIAN_POINT('Ctrl Pts',(-34.1000099127614,-2.18906309153295,-72.7500099127611));
#9128=CARTESIAN_POINT('Ctrl Pts',(-27.6000000000002,-2.18906309153344,-72.750009912761));
#9129=CARTESIAN_POINT('Ctrl Pts',(-32.25,-3.35931945007751,-66.2499999999999));
#9130=CARTESIAN_POINT('Ctrl Pts',(-32.2500000000001,-3.35931945007748,-70.8999999999997));
#9131=CARTESIAN_POINT('Ctrl Pts',(-27.6000000000003,-3.35931945007783,-70.8999999999997));
#9132=CARTESIAN_POINT('',(-27.6,8.99945068322833E-6,-72.7499999999898));
#9133=CARTESIAN_POINT('Origin',(-27.6,8.99999999970369E-6,-66.25));
#9134=CARTESIAN_POINT('Origin',(-27.6,-8.99999999970369E-6,-68.775009));
#9135=CARTESIAN_POINT('Ctrl Pts',(-32.1,-3.44964144418879,-66.2500000000001));
#9136=CARTESIAN_POINT('Ctrl Pts',(-32.1000000000002,-3.44964144418867,-70.7500000000003));
#9137=CARTESIAN_POINT('Ctrl Pts',(-27.6000000000001,-3.44964144418877,-70.7500000000001));
#9138=CARTESIAN_POINT('Ctrl Pts',(-31.1823786442781,-3.97500000000005,-66.2500000000001));
#9139=CARTESIAN_POINT('Ctrl Pts',(-31.1823786442783,-3.97499999999996,-69.8323786442783));
#9140=CARTESIAN_POINT('Ctrl Pts',(-27.6000000000001,-3.97500000000004,-69.8323786442782));
#9141=CARTESIAN_POINT('Ctrl Pts',(-30.1250089999999,-3.97500000000001,-66.2500000000001));
#9142=CARTESIAN_POINT('Ctrl Pts',(-30.125009,-3.97499999999995,-68.7750090000001));
#9143=CARTESIAN_POINT('Ctrl Pts',(-27.6000000000001,-3.975,-68.775009));
#9144=CARTESIAN_POINT('',(-27.6,-3.975,-68.775009));
#9145=CARTESIAN_POINT('Origin',(-27.6,-8.99999999970369E-6,-68.775009));
#9146=CARTESIAN_POINT('Origin',(-27.6,-3.975,-66.25));
#9147=CARTESIAN_POINT('Ctrl Pts',(27.6000000000001,9.00000000862899E-6,
-72.7499999999592));
#9148=CARTESIAN_POINT('Ctrl Pts',(34.0999999999594,9.00000006394964E-6,
-72.7499999999594));
#9149=CARTESIAN_POINT('Ctrl Pts',(34.0999999999592,8.99999999951885E-6,
-66.2500000000001));
#9150=CARTESIAN_POINT('Ctrl Pts',(27.6000000000001,-2.18906309153314,-72.750009912761));
#9151=CARTESIAN_POINT('Ctrl Pts',(34.1000099127612,-2.18906309153308,-72.7500099127612));
#9152=CARTESIAN_POINT('Ctrl Pts',(34.100009912761,-2.18906309153315,-66.2500000000001));
#9153=CARTESIAN_POINT('Ctrl Pts',(27.6000000000001,-3.35931945007751,-70.9));
#9154=CARTESIAN_POINT('Ctrl Pts',(32.2500000000001,-3.35931945007747,-70.9000000000001));
#9155=CARTESIAN_POINT('Ctrl Pts',(32.25,-3.35931945007752,-66.2500000000001));
#9156=CARTESIAN_POINT('',(27.6,8.99999999970369E-6,-72.75));
#9157=CARTESIAN_POINT('Origin',(27.6,-8.99999999970369E-6,-68.775009));
#9158=CARTESIAN_POINT('Origin',(27.6,8.99999999970369E-6,-66.25));
#9159=CARTESIAN_POINT('Origin',(17.05,-8.99999999970369E-6,-68.775009));
#9160=CARTESIAN_POINT('',(21.9,-8.99999999964246E-6,-72.75));
#9161=CARTESIAN_POINT('',(17.05,8.99999999970369E-6,-72.75));
#9162=CARTESIAN_POINT('',(20.900000000324,8.99999999970369E-6,-72.75));
#9163=CARTESIAN_POINT('',(17.05,8.99999999970369E-6,-72.75));
#9164=CARTESIAN_POINT('Ctrl Pts',(20.900000000324,8.99999999951349E-6,-72.7499999999592));
#9165=CARTESIAN_POINT('Ctrl Pts',(20.900000000108,2.9999622396378E-6,-72.7499999999864));
#9166=CARTESIAN_POINT('Ctrl Pts',(20.9,-3.00003776288697E-6,-72.75));
#9167=CARTESIAN_POINT('Ctrl Pts',(20.9,-0.062861376268604,-72.75));
#9168=CARTESIAN_POINT('Ctrl Pts',(20.912574681213,-0.129857954067347,-72.7483569891414));
#9169=CARTESIAN_POINT('Ctrl Pts',(20.9636223166522,-0.253028186741837,-72.7424182661257));
#9170=CARTESIAN_POINT('Ctrl Pts',(21.0020916038925,-0.309207385079001,-72.738206303117));
#9171=CARTESIAN_POINT('Ctrl Pts',(21.0908019949542,-0.397917776140698,-72.730284609186));
#9172=CARTESIAN_POINT('Ctrl Pts',(21.1469810281151,-0.436386765625375,-72.7260580088285));
#9173=CARTESIAN_POINT('Ctrl Pts',(21.270150701335,-0.48743418273869,-72.7200857445342));
#9174=CARTESIAN_POINT('Ctrl Pts',(21.337147085213,-0.500009,-72.7184280051377));
#9175=CARTESIAN_POINT('Ctrl Pts',(21.4,-0.500009,-72.7184280051377));
#9176=CARTESIAN_POINT('Ctrl Pts',(21.462852914787,-0.500009,-72.7184280051377));
#9177=CARTESIAN_POINT('Ctrl Pts',(21.529849298665,-0.48743418273869,-72.7200857445342));
#9178=CARTESIAN_POINT('Ctrl Pts',(21.6530189718849,-0.436386765625375,-72.7260580088285));
#9179=CARTESIAN_POINT('Ctrl Pts',(21.7091980050458,-0.397917776140698,-72.730284609186));
#9180=CARTESIAN_POINT('Ctrl Pts',(21.7979083961075,-0.309207385079001,-72.738206303117));
#9181=CARTESIAN_POINT('Ctrl Pts',(21.8363776833478,-0.253028186741836,-72.7424182661257));
#9182=CARTESIAN_POINT('Ctrl Pts',(21.887425318787,-0.129857954067346,-72.7483569891414));
#9183=CARTESIAN_POINT('Ctrl Pts',(21.9,-0.0628613762686039,-72.75));
#9184=CARTESIAN_POINT('Ctrl Pts',(21.9,-8.99999999966466E-6,-72.75));
#9185=CARTESIAN_POINT('Origin',(27.6,3.975,70.75));
#9186=CARTESIAN_POINT('',(-27.6,3.44964144418878,70.75));
#9187=CARTESIAN_POINT('',(27.6,3.44964144418879,70.75));
#9188=CARTESIAN_POINT('',(-17.05,3.44964144418879,70.75));
#9189=CARTESIAN_POINT('',(-27.6,3.225,70.75));
#9190=CARTESIAN_POINT('',(-27.6,3.975,70.75));
#9191=CARTESIAN_POINT('',(27.6,3.225,70.75));
#9192=CARTESIAN_POINT('',(13.8,3.225,70.75));
#9193=CARTESIAN_POINT('',(27.6,3.975,70.75));
#9194=CARTESIAN_POINT('Origin',(27.6,3.975,66.25));
#9195=CARTESIAN_POINT('',(32.1000000000001,3.44964144418878,66.25));
#9196=CARTESIAN_POINT('Origin',(27.6,3.44964144418878,66.25));
#9197=CARTESIAN_POINT('',(32.1000000000001,3.225,66.25));
#9198=CARTESIAN_POINT('Origin',(27.6,3.225,66.25));
#9199=CARTESIAN_POINT('',(32.1000000000001,3.975,66.25));
#9200=CARTESIAN_POINT('Origin',(32.1,3.975,-66.25));
#9201=CARTESIAN_POINT('',(32.1,3.44964144418879,-66.25));
#9202=CARTESIAN_POINT('',(32.1,3.44964144418879,36.375));
#9203=CARTESIAN_POINT('',(32.1,3.225,-66.25));
#9204=CARTESIAN_POINT('',(32.1,3.225,-33.125));
#9205=CARTESIAN_POINT('',(32.1,3.975,-66.25));
#9206=CARTESIAN_POINT('Origin',(27.6,3.975,-66.25));
#9207=CARTESIAN_POINT('',(27.6,3.44964144418879,-70.75));
#9208=CARTESIAN_POINT('Origin',(27.6,3.44964144418878,-66.25));
#9209=CARTESIAN_POINT('',(27.6,3.225,-70.75));
#9210=CARTESIAN_POINT('Origin',(27.6,3.225,-66.25));
#9211=CARTESIAN_POINT('',(27.6,3.975,-70.75));
#9212=CARTESIAN_POINT('Origin',(27.6,3.975,70.9));
#9213=CARTESIAN_POINT('',(27.6,3.3593194500775,70.9));
#9214=CARTESIAN_POINT('',(-27.6,3.3593194500775,70.9));
#9215=CARTESIAN_POINT('',(-17.05,3.3593194500775,70.9));
#9216=CARTESIAN_POINT('',(27.6,3.225,70.9));
#9217=CARTESIAN_POINT('',(27.6,3.975,70.9));
#9218=CARTESIAN_POINT('',(-27.6,3.225,70.9));
#9219=CARTESIAN_POINT('',(27.6,3.225,70.9));
#9220=CARTESIAN_POINT('',(-27.6,3.975,70.9));
#9221=CARTESIAN_POINT('Origin',(-27.6,3.975,66.25));
#9222=CARTESIAN_POINT('',(-32.25,3.3593194500775,66.25));
#9223=CARTESIAN_POINT('Origin',(-27.6,3.3593194500775,66.25));
#9224=CARTESIAN_POINT('',(-32.25,3.225,66.25));
#9225=CARTESIAN_POINT('Origin',(-27.6,3.225,66.25));
#9226=CARTESIAN_POINT('',(-32.25,3.975,66.25));
#9227=CARTESIAN_POINT('Origin',(-32.25,3.975,66.25));
#9228=CARTESIAN_POINT('',(-32.25,3.35931945007751,-66.25));
#9229=CARTESIAN_POINT('',(-32.25,3.3593194500775,-36.375));
#9230=CARTESIAN_POINT('',(-32.25,3.225,-66.25));
#9231=CARTESIAN_POINT('',(-32.25,3.225,66.25));
#9232=CARTESIAN_POINT('',(-32.25,3.975,-66.25));
#9233=CARTESIAN_POINT('Origin',(-27.6,3.975,-66.25));
#9234=CARTESIAN_POINT('',(-27.6,3.3593194500775,-70.9));
#9235=CARTESIAN_POINT('Origin',(-27.6,3.35931945007751,-66.25));
#9236=CARTESIAN_POINT('',(-27.6,3.225,-70.9));
#9237=CARTESIAN_POINT('Origin',(-27.6,3.225,-66.25));
#9238=CARTESIAN_POINT('',(-27.6,3.975,-70.9));
#9239=CARTESIAN_POINT('Origin',(-27.6,3.975,-70.75));
#9240=CARTESIAN_POINT('',(-27.6,3.44964144418879,-70.75));
#9241=CARTESIAN_POINT('',(17.05,3.44964144418879,-70.75));
#9242=CARTESIAN_POINT('',(-27.6,3.225,-70.75));
#9243=CARTESIAN_POINT('',(-13.8,3.225,-70.75));
#9244=CARTESIAN_POINT('',(-27.6,3.975,-70.75));
#9245=CARTESIAN_POINT('Origin',(-27.6,3.975,-66.25));
#9246=CARTESIAN_POINT('',(-32.1,3.44964144418879,-66.25));
#9247=CARTESIAN_POINT('Origin',(-27.6,3.44964144418879,-66.25));
#9248=CARTESIAN_POINT('',(-32.1,3.225,-66.25));
#9249=CARTESIAN_POINT('Origin',(-27.6,3.225,-66.25));
#9250=CARTESIAN_POINT('',(-32.1,3.975,-66.25));
#9251=CARTESIAN_POINT('Origin',(-32.1,3.975,66.25));
#9252=CARTESIAN_POINT('',(-32.1,3.44964144418879,66.25));
#9253=CARTESIAN_POINT('',(-32.1,3.44964144418879,-36.375));
#9254=CARTESIAN_POINT('',(-32.1,3.225,66.25));
#9255=CARTESIAN_POINT('',(-32.1,3.225,33.125));
#9256=CARTESIAN_POINT('',(-32.1,3.975,66.25));
#9257=CARTESIAN_POINT('Origin',(-27.6,3.975,66.25));
#9258=CARTESIAN_POINT('Origin',(-27.6,3.44964144418878,66.25));
#9259=CARTESIAN_POINT('Origin',(-27.6,3.225,66.25));
#9260=CARTESIAN_POINT('Origin',(-27.6,3.975,-70.9));
#9261=CARTESIAN_POINT('',(27.6,3.3593194500775,-70.9));
#9262=CARTESIAN_POINT('',(17.05,3.3593194500775,-70.9));
#9263=CARTESIAN_POINT('',(27.6,3.225,-70.9));
#9264=CARTESIAN_POINT('',(-27.6,3.225,-70.9));
#9265=CARTESIAN_POINT('',(27.6,3.975,-70.9));
#9266=CARTESIAN_POINT('Origin',(27.6,3.975,66.25));
#9267=CARTESIAN_POINT('',(32.25,3.3593194500775,66.25));
#9268=CARTESIAN_POINT('Origin',(27.6,3.3593194500775,66.25));
#9269=CARTESIAN_POINT('',(32.25,3.225,66.25));
#9270=CARTESIAN_POINT('',(32.25,3.975,66.25));
#9271=CARTESIAN_POINT('Origin',(27.6,3.225,66.25));
#9272=CARTESIAN_POINT('Origin',(32.25,3.975,-66.25));
#9273=CARTESIAN_POINT('',(32.25,3.3593194500775,-66.25));
#9274=CARTESIAN_POINT('',(32.25,3.3593194500775,36.375));
#9275=CARTESIAN_POINT('',(32.25,3.225,-66.25));
#9276=CARTESIAN_POINT('',(32.25,3.975,-66.25));
#9277=CARTESIAN_POINT('',(32.25,3.225,-66.25));
#9278=CARTESIAN_POINT('Origin',(27.6,3.975,-66.25));
#9279=CARTESIAN_POINT('Origin',(27.6,3.35931945007749,-66.25));
#9280=CARTESIAN_POINT('Origin',(27.6,3.225,-66.25));
#9281=CARTESIAN_POINT('Origin',(-7.61175822868226E-16,3.225,5.36511593211084E-15));
#9282=CARTESIAN_POINT('Ctrl Pts',(27.6,-8.99999999951902E-6,72.7499999999592));
#9283=CARTESIAN_POINT('Ctrl Pts',(34.0999999999593,-9.00000028374935E-6,
72.7499999999592));
#9284=CARTESIAN_POINT('Ctrl Pts',(34.0999999999594,-9.00000039587893E-6,
66.2499999999998));
#9285=CARTESIAN_POINT('Ctrl Pts',(27.6000000000001,2.18906309153343,72.750009912761));
#9286=CARTESIAN_POINT('Ctrl Pts',(34.1000099127613,2.18906309153314,72.750009912761));
#9287=CARTESIAN_POINT('Ctrl Pts',(34.1000099127613,2.18906309153303,66.2499999999998));
#9288=CARTESIAN_POINT('Ctrl Pts',(27.6000000000001,3.35931945007776,70.8999999999997));
#9289=CARTESIAN_POINT('Ctrl Pts',(32.25,3.35931945007755,70.8999999999996));
#9290=CARTESIAN_POINT('Ctrl Pts',(32.25,3.35931945007747,66.2499999999998));
#9291=CARTESIAN_POINT('Origin',(27.6,8.99999999970369E-6,68.775009));
#9292=CARTESIAN_POINT('Origin',(30.125009,8.99999999970369E-6,66.25));
#9293=CARTESIAN_POINT('Ctrl Pts',(27.6000000000002,3.44964144418877,70.75));
#9294=CARTESIAN_POINT('Ctrl Pts',(32.1000000000004,3.44964144418867,70.7500000000001));
#9295=CARTESIAN_POINT('Ctrl Pts',(32.1000000000003,3.44964144418869,66.2499999999999));
#9296=CARTESIAN_POINT('Ctrl Pts',(27.6000000000002,3.9750000000001,69.832378644278));
#9297=CARTESIAN_POINT('Ctrl Pts',(31.1823786442784,3.97500000000002,69.8323786442781));
#9298=CARTESIAN_POINT('Ctrl Pts',(31.1823786442783,3.97500000000004,66.2499999999999));
#9299=CARTESIAN_POINT('Ctrl Pts',(27.6000000000002,3.97500000000001,68.7750089999997));
#9300=CARTESIAN_POINT('Ctrl Pts',(30.1250090000001,3.97499999999995,68.7750089999998));
#9301=CARTESIAN_POINT('Ctrl Pts',(30.125009,3.97499999999996,66.2499999999999));
#9302=CARTESIAN_POINT('Origin',(30.125009,8.99999999970369E-6,66.25));
#9303=CARTESIAN_POINT('Origin',(27.6,8.99999999970369E-6,68.775009));
#9304=CARTESIAN_POINT('Origin',(-17.05,8.99999999970369E-6,68.775009));
#9305=CARTESIAN_POINT('Origin',(-27.6,8.99999999970369E-6,68.775009));
#9306=CARTESIAN_POINT('',(-24.2749999999821,1.300009,72.5314106625064));
#9307=CARTESIAN_POINT('Ctrl Pts',(-25.5749999998575,-8.99999999880163E-6,
72.7499999999593));
#9308=CARTESIAN_POINT('Ctrl Pts',(-25.5749999999406,-2.999986488641E-6,
72.7499999999864));
#9309=CARTESIAN_POINT('Ctrl Pts',(-25.5749999999821,3.00001351085863E-6,
72.75));
#9310=CARTESIAN_POINT('Ctrl Pts',(-25.5749999999821,0.164521345533586,72.75));
#9311=CARTESIAN_POINT('Ctrl Pts',(-25.5418758758272,0.339191253280563,72.738783988881));
#9312=CARTESIAN_POINT('Ctrl Pts',(-25.4088224384804,0.659149141293945,72.6982845496166));
#9313=CARTESIAN_POINT('Ctrl Pts',(-25.3089574735911,0.80452915747602,72.6695185593181));
#9314=CARTESIAN_POINT('Ctrl Pts',(-25.079471039667,1.03401559140017,72.6149698942126));
#9315=CARTESIAN_POINT('Ctrl Pts',(-24.9341106655254,1.13384269819127,72.585500083775));
#9316=CARTESIAN_POINT('Ctrl Pts',(-24.6142253309113,1.26686795980309,72.5433627201631));
#9317=CARTESIAN_POINT('Ctrl Pts',(-24.4395827829072,1.300009,72.5314106625064));
#9318=CARTESIAN_POINT('Ctrl Pts',(-24.2749999999821,1.300009,72.5314106625064));
#9319=CARTESIAN_POINT('',(-11.9749999999821,1.300009,72.5314106625064));
#9320=CARTESIAN_POINT('',(-17.05,1.300009,72.5314106625064));
#9321=CARTESIAN_POINT('Ctrl Pts',(-11.9749999999821,1.300009,72.5314106625064));
#9322=CARTESIAN_POINT('Ctrl Pts',(-11.810417217057,1.300009,72.5314106625064));
#9323=CARTESIAN_POINT('Ctrl Pts',(-11.6357746690529,1.26686795980309,72.5433627201631));
#9324=CARTESIAN_POINT('Ctrl Pts',(-11.3158893344388,1.13384269819127,72.585500083775));
#9325=CARTESIAN_POINT('Ctrl Pts',(-11.1705289602972,1.03401559140017,72.6149698942126));
#9326=CARTESIAN_POINT('Ctrl Pts',(-10.9410425263731,0.804529157476018,72.6695185593181));
#9327=CARTESIAN_POINT('Ctrl Pts',(-10.8411775614838,0.659149141293943,72.6982845496166));
#9328=CARTESIAN_POINT('Ctrl Pts',(-10.708124124137,0.339191253280562,72.738783988881));
#9329=CARTESIAN_POINT('Ctrl Pts',(-10.6749999999821,0.164521345533586,72.75));
#9330=CARTESIAN_POINT('Ctrl Pts',(-10.6749999999821,8.99999999925266E-6,
72.75));
#9331=CARTESIAN_POINT('',(-2.925,1.24999100000001,72.5483494895075));
#9332=CARTESIAN_POINT('Ctrl Pts',(-4.1749999998704,8.99999999921797E-6,
72.75));
#9333=CARTESIAN_POINT('Ctrl Pts',(-4.17499772345655,0.158093295263003,72.75));
#9334=CARTESIAN_POINT('Ctrl Pts',(-4.14318496112374,0.325996226146322,72.7396401249212));
#9335=CARTESIAN_POINT('Ctrl Pts',(-4.01528073627126,0.633665993504682,72.702227897225));
#9336=CARTESIAN_POINT('Ctrl Pts',(-3.91924391555342,0.773514005958053,72.675657197789));
#9337=CARTESIAN_POINT('Ctrl Pts',(-3.69848317435833,0.994274810074366,72.6253091405759));
#9338=CARTESIAN_POINT('Ctrl Pts',(-3.5586512803961,1.09028073956478,72.5981393819252));
#9339=CARTESIAN_POINT('Ctrl Pts',(-3.25103477454653,1.21816453195358,72.5593339963493));
#9340=CARTESIAN_POINT('Ctrl Pts',(-3.08314701401709,1.24999100000001,72.5483494895075));
#9341=CARTESIAN_POINT('Ctrl Pts',(-2.925,1.24999100000001,72.5483494895075));
#9342=CARTESIAN_POINT('',(2.925,1.24999100000001,72.5483494895075));
#9343=CARTESIAN_POINT('',(-17.05,1.24999100000001,72.5483494895075));
#9344=CARTESIAN_POINT('Ctrl Pts',(2.925,1.24999100000001,72.5483494895075));
#9345=CARTESIAN_POINT('Ctrl Pts',(3.08314701401709,1.24999100000001,72.5483494895075));
#9346=CARTESIAN_POINT('Ctrl Pts',(3.25103477454653,1.21816453195358,72.5593339963492));
#9347=CARTESIAN_POINT('Ctrl Pts',(3.5586512803961,1.09028073956478,72.5981393819252));
#9348=CARTESIAN_POINT('Ctrl Pts',(3.69848317435833,0.994274810074365,72.6253091405759));
#9349=CARTESIAN_POINT('Ctrl Pts',(3.91924391555342,0.773514005958052,72.675657197789));
#9350=CARTESIAN_POINT('Ctrl Pts',(4.01528073627126,0.633665993504676,72.702227897225));
#9351=CARTESIAN_POINT('Ctrl Pts',(4.14318496112374,0.325996226146316,72.7396401249212));
#9352=CARTESIAN_POINT('Ctrl Pts',(4.17499772345655,0.158093295263003,72.75));
#9353=CARTESIAN_POINT('Ctrl Pts',(4.1749999998704,8.9999999996343E-6,72.75));
#9354=CARTESIAN_POINT('Origin',(-17.05,8.99999999970369E-6,68.775009));
#9355=CARTESIAN_POINT('Origin',(-27.6,8.99999999970369E-6,68.775009));
#9356=CARTESIAN_POINT('Ctrl Pts',(-34.0999999999898,-5.49316394627356E-10,
66.25));
#9357=CARTESIAN_POINT('Ctrl Pts',(-34.0999999999899,-5.49417100140519E-10,
72.7499999999899));
#9358=CARTESIAN_POINT('Ctrl Pts',(-27.6,-5.49295057857034E-10,72.7499999999898));
#9359=CARTESIAN_POINT('Ctrl Pts',(-34.1000049566799,2.1890662265895,66.2500000000001));
#9360=CARTESIAN_POINT('Ctrl Pts',(-34.10000495668,2.1890662265894,72.75000495668));
#9361=CARTESIAN_POINT('Ctrl Pts',(-27.6000000000001,2.18906622658952,72.7500049566799));
#9362=CARTESIAN_POINT('Ctrl Pts',(-32.25,3.35931945007751,66.2500000000001));
#9363=CARTESIAN_POINT('Ctrl Pts',(-32.2500000000001,3.35931945007744,70.9000000000001));
#9364=CARTESIAN_POINT('Ctrl Pts',(-27.6000000000001,3.35931945007752,70.9));
#9365=CARTESIAN_POINT('Origin',(-30.125009,8.99999999970369E-6,66.25));
#9366=CARTESIAN_POINT('Origin',(30.125009,8.99999999970369E-6,36.375));
#9367=CARTESIAN_POINT('',(34.0025030296224,0.874990999999999,-2.37500000000001));
#9368=CARTESIAN_POINT('Ctrl Pts',(34.0999999999592,-9.00000000061442E-6,
-1.50000000000002));
#9369=CARTESIAN_POINT('Ctrl Pts',(34.1000004992144,0.110242932679821,-1.50000000000002));
#9370=CARTESIAN_POINT('Ctrl Pts',(34.0949519123968,0.22760000128751,-1.52210760198711));
#9371=CARTESIAN_POINT('Ctrl Pts',(34.076709120497,0.443078464022628,-1.61151798240851));
#9372=CARTESIAN_POINT('Ctrl Pts',(34.063763454348,0.541228979636212,-1.67880111255977));
#9373=CARTESIAN_POINT('Ctrl Pts',(34.0393454646041,0.696196317512553,-1.83376845043611));
#9374=CARTESIAN_POINT('Ctrl Pts',(34.0262598943207,0.763474419047441,-1.93191625502197));
#9375=CARTESIAN_POINT('Ctrl Pts',(34.0076945571946,0.852881144425854,-2.14738522604075));
#9376=CARTESIAN_POINT('Ctrl Pts',(34.0025030296223,0.874991,-2.26473891755466));
#9377=CARTESIAN_POINT('Ctrl Pts',(34.0025030296223,0.874990999999999,-2.37500000000002));
#9378=CARTESIAN_POINT('',(34.0025030296224,0.874991,-20.525));
#9379=CARTESIAN_POINT('',(34.0025030296224,0.874990999999998,36.375));
#9380=CARTESIAN_POINT('Ctrl Pts',(34.0025030296223,0.874991,-20.525));
#9381=CARTESIAN_POINT('Ctrl Pts',(34.0025030296223,0.874991,-20.6352610824453));
#9382=CARTESIAN_POINT('Ctrl Pts',(34.0076945571946,0.852881144425853,-20.7526147739593));
#9383=CARTESIAN_POINT('Ctrl Pts',(34.0262598943207,0.763474419047441,-20.968083744978));
#9384=CARTESIAN_POINT('Ctrl Pts',(34.0393454646041,0.696196317512554,-21.0662315495639));
#9385=CARTESIAN_POINT('Ctrl Pts',(34.063763454348,0.541228979636212,-21.2211988874402));
#9386=CARTESIAN_POINT('Ctrl Pts',(34.076709120497,0.443078464022627,-21.2884820175915));
#9387=CARTESIAN_POINT('Ctrl Pts',(34.0949514160047,0.227605864523694,-21.3778899651286));
#9388=CARTESIAN_POINT('Ctrl Pts',(34.1,0.110255705944054,-21.3999977318826));
#9389=CARTESIAN_POINT('Ctrl Pts',(34.1,9.0000000002588E-6,-21.3999999998149));
#9390=CARTESIAN_POINT('',(34.0134017542099,0.825209120630853,-32.4252181206309));
#9391=CARTESIAN_POINT('Ctrl Pts',(34.1,8.99999999949552E-6,-31.6000000001963));
#9392=CARTESIAN_POINT('Ctrl Pts',(34.1,0.103942498831666,-31.6000022672369));
#9393=CARTESIAN_POINT('Ctrl Pts',(34.0955121297733,0.214598112921183,-31.6208363519362));
#9394=CARTESIAN_POINT('Ctrl Pts',(34.0792949092987,0.417822042800964,-31.7051453095835));
#9395=CARTESIAN_POINT('Ctrl Pts',(34.0677873132737,0.510413823331444,-31.7686062994532));
#9396=CARTESIAN_POINT('Ctrl Pts',(34.0460921426584,0.656607519531236,-31.914799968446));
#9397=CARTESIAN_POINT('Ctrl Pts',(34.0344741679991,0.720064799393766,-32.0073897397827));
#9398=CARTESIAN_POINT('Ctrl Pts',(34.0180021949336,0.804373515029468,-32.2106125271504));
#9399=CARTESIAN_POINT('Ctrl Pts',(34.0134017542099,0.825209120630853,-32.3212725819724));
#9400=CARTESIAN_POINT('Ctrl Pts',(34.0134017542099,0.825209120630853,-32.4252181206309));
#9401=CARTESIAN_POINT('',(34.0134017542099,0.825209120630879,-40.6747818793691));
#9402=CARTESIAN_POINT('',(34.0134017542099,0.825209120630642,36.375));
#9403=CARTESIAN_POINT('Ctrl Pts',(34.0134017542099,0.825209120630877,-40.6747818793691));
#9404=CARTESIAN_POINT('Ctrl Pts',(34.0134017542099,0.825209120630877,-40.7787274180277));
#9405=CARTESIAN_POINT('Ctrl Pts',(34.0180021949336,0.80437351502949,-40.8893874728496));
#9406=CARTESIAN_POINT('Ctrl Pts',(34.0344741679991,0.720064799393793,-41.0926102602173));
#9407=CARTESIAN_POINT('Ctrl Pts',(34.0460921426584,0.65660751953126,-41.185200031554));
#9408=CARTESIAN_POINT('Ctrl Pts',(34.0677873132737,0.51041382333147,-41.3313937005468));
#9409=CARTESIAN_POINT('Ctrl Pts',(34.0792949092987,0.417822042800991,-41.3948546904165));
#9410=CARTESIAN_POINT('Ctrl Pts',(34.0955121297733,0.214598112921198,-41.4791636480639));
#9411=CARTESIAN_POINT('Ctrl Pts',(34.1,0.103942498831675,-41.4999977327631));
#9412=CARTESIAN_POINT('Ctrl Pts',(34.1,9.00000000046697E-6,-41.4999999998037));
#9413=CARTESIAN_POINT('Origin',(30.125009,8.99999999970369E-6,-66.25));
#9414=CARTESIAN_POINT('Origin',(30.125009,8.99999999970369E-6,36.375));
#9415=CARTESIAN_POINT('Origin',(30.125009,8.99999999970369E-6,-66.25));
#9416=CARTESIAN_POINT('',(30.125009,3.975,36.375));
#9417=CARTESIAN_POINT('Origin',(-30.125009,8.99999999970369E-6,-36.375));
#9418=CARTESIAN_POINT('Origin',(-30.125009,8.99999999970369E-6,-66.25));
#9419=CARTESIAN_POINT('Ctrl Pts',(34.1,8.99945068322833E-6,-66.2500000000001));
#9420=CARTESIAN_POINT('Ctrl Pts',(34.1000000000003,8.99945054114299E-6,
-72.7500000000003));
#9421=CARTESIAN_POINT('Ctrl Pts',(27.6000000000002,8.99945069771937E-6,
-72.75));
#9422=CARTESIAN_POINT('Ctrl Pts',(34.1000000003025,2.18906936183335,-66.2500000000002));
#9423=CARTESIAN_POINT('Ctrl Pts',(34.1000000003028,2.18906936183321,-72.7500000003028));
#9424=CARTESIAN_POINT('Ctrl Pts',(27.6000000000002,2.18906936183336,-72.7500000003025));
#9425=CARTESIAN_POINT('Ctrl Pts',(32.2499999999999,3.35931945007753,-66.2500000000002));
#9426=CARTESIAN_POINT('Ctrl Pts',(32.2500000000002,3.35931945007743,-70.9000000000001));
#9427=CARTESIAN_POINT('Ctrl Pts',(27.6000000000002,3.35931945007754,-70.8999999999999));
#9428=CARTESIAN_POINT('Origin',(27.6,8.99999999970369E-6,-68.775009));
#9429=CARTESIAN_POINT('Ctrl Pts',(32.1,3.44964144418877,-66.25));
#9430=CARTESIAN_POINT('Ctrl Pts',(32.1000000000001,3.44964144418867,-70.7500000000001));
#9431=CARTESIAN_POINT('Ctrl Pts',(27.6,3.44964144418876,-70.7500000000001));
#9432=CARTESIAN_POINT('Ctrl Pts',(31.1823786442781,3.97500000000005,-66.25));
#9433=CARTESIAN_POINT('Ctrl Pts',(31.1823786442782,3.97499999999996,-69.8323786442782));
#9434=CARTESIAN_POINT('Ctrl Pts',(27.6,3.97500000000004,-69.8323786442782));
#9435=CARTESIAN_POINT('Ctrl Pts',(30.125009,3.97500000000001,-66.25));
#9436=CARTESIAN_POINT('Ctrl Pts',(30.125009,3.97499999999995,-68.775009));
#9437=CARTESIAN_POINT('Ctrl Pts',(27.6,3.975,-68.775009));
#9438=CARTESIAN_POINT('Origin',(27.6,8.99999999970369E-6,-68.775009));
#9439=CARTESIAN_POINT('Ctrl Pts',(-27.6,5.49305702614315E-10,-72.7499999999898));
#9440=CARTESIAN_POINT('Ctrl Pts',(-34.0999999999898,5.49480811033639E-10,
-72.7499999999898));
#9441=CARTESIAN_POINT('Ctrl Pts',(-34.0999999999898,5.49316115176631E-10,
-66.2500000000001));
#9442=CARTESIAN_POINT('Ctrl Pts',(-27.6,2.1890662269722,-72.7500049560749));
#9443=CARTESIAN_POINT('Ctrl Pts',(-34.1000049560749,2.18906622697238,-72.7500049560749));
#9444=CARTESIAN_POINT('Ctrl Pts',(-34.1000049560749,2.18906622697221,-66.25));
#9445=CARTESIAN_POINT('Ctrl Pts',(-27.6,3.35931945007749,-70.9));
#9446=CARTESIAN_POINT('Ctrl Pts',(-32.25,3.35931945007762,-70.9));
#9447=CARTESIAN_POINT('Ctrl Pts',(-32.25,3.3593194500775,-66.25));
#9448=CARTESIAN_POINT('Origin',(-27.6,8.99999999970369E-6,-68.775009));
#9449=CARTESIAN_POINT('Origin',(17.05,8.99999999970369E-6,-68.775009));
#9450=CARTESIAN_POINT('Ctrl Pts',(21.899999999676,9.00000000432987E-6,-72.75));
#9451=CARTESIAN_POINT('Ctrl Pts',(21.8999977371785,0.0628561533997118,-72.75));
#9452=CARTESIAN_POINT('Ctrl Pts',(21.887422887253,0.129845812628042,-72.748357294339));
#9453=CARTESIAN_POINT('Ctrl Pts',(21.8363776967395,0.253010162793842,-72.7424194153142));
#9454=CARTESIAN_POINT('Ctrl Pts',(21.797908412629,0.309189363582225,-72.7382077088817));
#9455=CARTESIAN_POINT('Ctrl Pts',(21.7091980193739,0.39789976678807,-72.7302864208367));
#9456=CARTESIAN_POINT('Ctrl Pts',(21.6530189798136,0.436368761729177,-72.726059997172));
#9457=CARTESIAN_POINT('Ctrl Pts',(21.5298492985459,0.487416183398226,-72.7200879682867));
#9458=CARTESIAN_POINT('Ctrl Pts',(21.4628529132985,0.499991,-72.7184302873794));
#9459=CARTESIAN_POINT('Ctrl Pts',(21.4,0.499991,-72.7184302873794));
#9460=CARTESIAN_POINT('Ctrl Pts',(21.3371470867015,0.499991,-72.7184302873794));
#9461=CARTESIAN_POINT('Ctrl Pts',(21.2701507014541,0.487416183398225,-72.7200879682867));
#9462=CARTESIAN_POINT('Ctrl Pts',(21.1469810201864,0.436368761729176,-72.726059997172));
#9463=CARTESIAN_POINT('Ctrl Pts',(21.0908019806261,0.39789976678807,-72.7302864208367));
#9464=CARTESIAN_POINT('Ctrl Pts',(21.002091587371,0.309189363582225,-72.7382077088817));
#9465=CARTESIAN_POINT('Ctrl Pts',(20.9636223032605,0.253010162793842,-72.7424194153142));
#9466=CARTESIAN_POINT('Ctrl Pts',(20.912577112747,0.12984581262804,-72.748357294339));
#9467=CARTESIAN_POINT('Ctrl Pts',(20.9000022628215,0.0628561533997085,-72.75));
#9468=CARTESIAN_POINT('Ctrl Pts',(20.900000000324,8.99999999957267E-6,-72.75));
#9469=CARTESIAN_POINT('Origin',(20.6,-3.975,-59.25));
#9470=CARTESIAN_POINT('',(25.,-3.975,-59.25));
#9471=CARTESIAN_POINT('Origin',(20.6,-3.975,-59.25));
#9472=CARTESIAN_POINT('',(25.,-4.475,-59.25));
#9473=CARTESIAN_POINT('',(25.,-3.975,-59.25));
#9474=CARTESIAN_POINT('Origin',(20.6,-4.475,-59.25));
#9475=CARTESIAN_POINT('Origin',(20.6,-3.975,-59.25));
#9476=CARTESIAN_POINT('',(25.4,-4.475,-59.25));
#9477=CARTESIAN_POINT('Origin',(20.6,-4.475,-59.25));
#9478=CARTESIAN_POINT('',(25.4,-3.975,-59.25));
#9479=CARTESIAN_POINT('',(25.4,-3.975,-59.25));
#9480=CARTESIAN_POINT('Origin',(20.6,-3.975,-59.25));
#9481=CARTESIAN_POINT('Origin',(20.6,-4.475,-59.25));
#9482=CARTESIAN_POINT('Origin',(-4.44089209850063E-15,-3.975,8.88178419700125E-15));
#9483=CARTESIAN_POINT('',(27.6,-3.975,-68.775009));
#9484=CARTESIAN_POINT('',(17.05,-3.975,-68.775009));
#9485=CARTESIAN_POINT('Origin',(27.6,-3.975,-66.25));
#9486=CARTESIAN_POINT('Origin',(-8.07222058593731E-15,-3.825,-36.25));
#9487=CARTESIAN_POINT('',(4.99999999999999,-3.675,-36.25));
#9488=CARTESIAN_POINT('Origin',(-8.07222058593731E-15,-3.675,-36.25));
#9489=CARTESIAN_POINT('',(5.14999999999999,-3.825,-36.25));
#9490=CARTESIAN_POINT('Origin',(-4.44089209850063E-15,-3.975,8.88178419700125E-15));
#9491=CARTESIAN_POINT('Origin',(-8.48723003917772E-15,-3.675,-36.25));
#9492=CARTESIAN_POINT('Origin',(21.4,-8.99999999970369E-6,-73.2));
#9493=CARTESIAN_POINT('',(21.9,-8.99999999964246E-6,-70.2));
#9494=CARTESIAN_POINT('',(21.9,-8.99999999964246E-6,-73.2));
#9495=CARTESIAN_POINT('Origin',(21.4,-8.99999999970369E-6,-70.2));
#9496=CARTESIAN_POINT('Origin',(21.4,-8.99999999971092E-6,-70.2));
#9497=CARTESIAN_POINT('Origin',(17.05,8.99999999970369E-6,-68.775009));
#9498=CARTESIAN_POINT('Origin',(-27.6,8.99999999970369E-6,-68.775009));
#9499=CARTESIAN_POINT('Origin',(34.45,0.874990999999999,-2.37500000000001));
#9500=CARTESIAN_POINT('',(34.45,0.874990999999999,-2.37500000000001));
#9501=CARTESIAN_POINT('',(34.45,0.874990999999999,-2.37500000000001));
#9502=CARTESIAN_POINT('',(34.45,0.874991,-20.525));
#9503=CARTESIAN_POINT('',(34.45,0.874991,-20.525));
#9504=CARTESIAN_POINT('',(34.45,0.874991,-20.525));
#9505=CARTESIAN_POINT('Origin',(34.45,-9.00000000066039E-6,-2.37500000000001));
#9506=CARTESIAN_POINT('',(34.45,-0.875009,-2.37500000000001));
#9507=CARTESIAN_POINT('',(34.45,-0.875009,-2.37500000000001));
#9508=CARTESIAN_POINT('Origin',(34.45,-9.00000000066039E-6,-2.37500000000001));
#9509=CARTESIAN_POINT('Origin',(34.45,-9.00000000096973E-6,-20.525));
#9510=CARTESIAN_POINT('',(34.45,-0.875009000000002,-20.525));
#9511=CARTESIAN_POINT('Origin',(34.45,-9.00000000096973E-6,-20.525));
#9512=CARTESIAN_POINT('',(34.45,-0.875009000000002,-20.525));
#9513=CARTESIAN_POINT('Origin',(34.45,-0.875009000000002,-20.525));
#9514=CARTESIAN_POINT('',(34.45,-0.875009,-2.37500000000001));
#9515=CARTESIAN_POINT('Origin',(34.45,-9.00000000074237E-6,-11.4500035879158));
#9516=CARTESIAN_POINT('Origin',(34.6,0.825209120630853,-32.4252181206309));
#9517=CARTESIAN_POINT('',(34.6,0.825209120630853,-32.4252181206309));
#9518=CARTESIAN_POINT('',(34.6,0.825209120630853,-32.4252181206309));
#9519=CARTESIAN_POINT('',(34.6,0.825209120630879,-40.6747818793691));
#9520=CARTESIAN_POINT('',(34.6,0.825209120630879,-40.6747818793691));
#9521=CARTESIAN_POINT('',(34.6,0.825209120630879,-40.6747818793691));
#9522=CARTESIAN_POINT('Origin',(34.6,-9.00000002087786E-6,-32.4252181206309));
#9523=CARTESIAN_POINT('',(34.6,-0.825227120630895,-32.4252181206309));
#9524=CARTESIAN_POINT('',(34.6,-0.825227120630895,-32.4252181206309));
#9525=CARTESIAN_POINT('Origin',(34.6,-9.00000002087786E-6,-32.4252181206309));
#9526=CARTESIAN_POINT('Origin',(34.6,-8.99999999569912E-6,-40.6747818793691));
#9527=CARTESIAN_POINT('',(34.6,-0.82522712063087,-40.6747818793691));
#9528=CARTESIAN_POINT('Origin',(34.6,-8.99999999569912E-6,-40.6747818793691));
#9529=CARTESIAN_POINT('',(34.6,-0.82522712063087,-40.6747818793691));
#9530=CARTESIAN_POINT('Origin',(34.6,-0.82522712063087,-40.6747818793691));
#9531=CARTESIAN_POINT('',(34.6,-0.825227120630895,-32.4252181206309));
#9532=CARTESIAN_POINT('Origin',(34.6,-9.00000000807416E-6,-36.55));
#9533=CARTESIAN_POINT('Origin',(7.575,3.975,67.65));
#9534=CARTESIAN_POINT('',(7.575,3.475,66.95));
#9535=CARTESIAN_POINT('',(7.575,3.975,66.95));
#9536=CARTESIAN_POINT('',(7.575,3.475,68.35));
#9537=CARTESIAN_POINT('Origin',(7.575,3.475,67.65));
#9538=CARTESIAN_POINT('',(7.575,3.975,68.35));
#9539=CARTESIAN_POINT('Origin',(-7.575,3.975,66.95));
#9540=CARTESIAN_POINT('',(-7.575,3.475,66.95));
#9541=CARTESIAN_POINT('',(-7.575,3.975,66.95));
#9542=CARTESIAN_POINT('',(7.575,3.475,66.95));
#9543=CARTESIAN_POINT('Origin',(-7.575,3.975,67.65));
#9544=CARTESIAN_POINT('',(-7.575,3.475,68.35));
#9545=CARTESIAN_POINT('',(-7.575,3.975,68.35));
#9546=CARTESIAN_POINT('Origin',(-7.575,3.475,67.65));
#9547=CARTESIAN_POINT('Origin',(7.575,3.975,68.35));
#9548=CARTESIAN_POINT('',(-7.575,3.475,68.35));
#9549=CARTESIAN_POINT('Origin',(-1.54892145248763E-15,3.475,67.65));
#9550=CARTESIAN_POINT('Origin',(-7.57499999999997,3.975,-67.65));
#9551=CARTESIAN_POINT('',(-7.57499999999997,3.475,-66.95));
#9552=CARTESIAN_POINT('',(-7.57499999999997,3.975,-66.95));
#9553=CARTESIAN_POINT('',(-7.57499999999997,3.475,-68.35));
#9554=CARTESIAN_POINT('Origin',(-7.57499999999997,3.475,-67.65));
#9555=CARTESIAN_POINT('',(-7.57499999999997,3.975,-68.35));
#9556=CARTESIAN_POINT('Origin',(7.57500000000005,3.975,-66.95));
#9557=CARTESIAN_POINT('',(7.57500000000005,3.475,-66.95));
#9558=CARTESIAN_POINT('',(7.57500000000005,3.975,-66.95));
#9559=CARTESIAN_POINT('',(-7.57499999999997,3.475,-66.95));
#9560=CARTESIAN_POINT('Origin',(7.57500000000004,3.975,-67.65));
#9561=CARTESIAN_POINT('',(7.57500000000005,3.475,-68.35));
#9562=CARTESIAN_POINT('',(7.57500000000005,3.975,-68.35));
#9563=CARTESIAN_POINT('Origin',(7.57500000000004,3.475,-67.65));
#9564=CARTESIAN_POINT('Origin',(-7.57499999999997,3.975,-68.35));
#9565=CARTESIAN_POINT('',(7.57500000000005,3.475,-68.35));
#9566=CARTESIAN_POINT('Origin',(3.84752088797928E-14,3.475,-67.65));
#9567=CARTESIAN_POINT('Origin',(-24.2749999999821,1.275009,73.2));
#9568=CARTESIAN_POINT('',(-11.9749999999821,1.275009,72.5399696173347));
#9569=CARTESIAN_POINT('',(-24.2749999999821,1.275009,72.5399696173347));
#9570=CARTESIAN_POINT('',(-17.05,1.275009,72.5399696173347));
#9571=CARTESIAN_POINT('',(-11.9749999999821,1.275009,65.9));
#9572=CARTESIAN_POINT('',(-11.9749999999821,1.275009,73.2));
#9573=CARTESIAN_POINT('',(-24.2749999999821,1.275009,65.9));
#9574=CARTESIAN_POINT('',(-21.1999999999821,1.275009,65.9));
#9575=CARTESIAN_POINT('',(-24.2749999999821,1.275009,73.2));
#9576=CARTESIAN_POINT('Origin',(-24.2749999999821,8.99999999970369E-6,73.2));
#9577=CARTESIAN_POINT('',(-25.5499999999821,8.99999999970369E-6,72.75));
#9578=CARTESIAN_POINT('Ctrl Pts',(-24.2749999999821,1.275009,72.5399696173347));
#9579=CARTESIAN_POINT('Ctrl Pts',(-24.4363631488347,1.275009,72.5399696173347));
#9580=CARTESIAN_POINT('Ctrl Pts',(-24.6076277562996,1.24252589103583,72.5514317775819));
#9581=CARTESIAN_POINT('Ctrl Pts',(-24.921379276351,1.11207173810203,72.5918838308604));
#9582=CARTESIAN_POINT('Ctrl Pts',(-25.0639763788677,1.01415491314006,72.620190953167));
#9583=CARTESIAN_POINT('Ctrl Pts',(-25.2891015134502,0.789029778557573,72.6726174795101));
#9584=CARTESIAN_POINT('Ctrl Pts',(-25.3870525990993,0.646414851311755,72.7002748920385));
#9585=CARTESIAN_POINT('Ctrl Pts',(-25.5175322001738,0.332597746662986,72.739216054709));
#9586=CARTESIAN_POINT('Ctrl Pts',(-25.5499999999821,0.161308512616004,72.75));
#9587=CARTESIAN_POINT('Ctrl Pts',(-25.5499999999821,8.99999999956491E-6,
72.75));
#9588=CARTESIAN_POINT('',(-24.2749999999821,-1.274991,65.9));
#9589=CARTESIAN_POINT('Origin',(-24.2749999999821,8.99999999970369E-6,65.9));
#9590=CARTESIAN_POINT('',(-24.2749999999821,-1.274991,72.539975712968));
#9591=CARTESIAN_POINT('',(-24.2749999999821,-1.274991,73.2));
#9592=CARTESIAN_POINT('Ctrl Pts',(-25.5499999999821,8.99999999965165E-6,
72.7499999999592));
#9593=CARTESIAN_POINT('Ctrl Pts',(-25.5499999999821,-0.16129041841827,72.7500007303734));
#9594=CARTESIAN_POINT('Ctrl Pts',(-25.5175322341591,-0.332579608562531,
72.739217572341));
#9595=CARTESIAN_POINT('Ctrl Pts',(-25.3870526897753,-0.646396689588559,
72.7002778787203));
#9596=CARTESIAN_POINT('Ctrl Pts',(-25.2891016250715,-0.78901163419216,72.6726211492257));
#9597=CARTESIAN_POINT('Ctrl Pts',(-25.0639764737104,-1.01413685105443,72.6201957152407));
#9598=CARTESIAN_POINT('Ctrl Pts',(-24.9213793271836,-1.1120537133809,72.5918890808809));
#9599=CARTESIAN_POINT('Ctrl Pts',(-24.607627751338,-1.24250789668439,72.5514376964985));
#9600=CARTESIAN_POINT('Ctrl Pts',(-24.4363631346593,-1.274991,72.539975712968));
#9601=CARTESIAN_POINT('Ctrl Pts',(-24.2749999999821,-1.274991,72.539975712968));
#9602=CARTESIAN_POINT('Origin',(-24.2749999999821,1.300009,73.2));
#9603=CARTESIAN_POINT('',(-24.2749999999821,1.300009,65.9));
#9604=CARTESIAN_POINT('',(-24.2749999999821,1.300009,73.2));
#9605=CARTESIAN_POINT('',(-11.9749999999821,1.300009,65.9));
#9606=CARTESIAN_POINT('',(-21.1999999999821,1.300009,65.9));
#9607=CARTESIAN_POINT('',(-11.9749999999821,1.300009,73.2));
#9608=CARTESIAN_POINT('Origin',(-11.9749999999821,8.99999999970369E-6,73.2));
#9609=CARTESIAN_POINT('',(-11.9749999999821,-1.299991,65.9));
#9610=CARTESIAN_POINT('Origin',(-11.9749999999821,8.99999999970369E-6,65.9));
#9611=CARTESIAN_POINT('',(-11.9749999999821,-1.299991,73.2));
#9612=CARTESIAN_POINT('Origin',(-11.9749999999821,-1.274991,73.2));
#9613=CARTESIAN_POINT('',(-11.9749999999821,-1.274991,72.539975712968));
#9614=CARTESIAN_POINT('',(-17.05,-1.274991,72.539975712968));
#9615=CARTESIAN_POINT('',(-11.9749999999821,-1.274991,65.9));
#9616=CARTESIAN_POINT('',(-15.0499999999821,-1.274991,65.9));
#9617=CARTESIAN_POINT('',(-11.9749999999821,-1.274991,73.2));
#9618=CARTESIAN_POINT('Origin',(-11.9749999999821,-1.299991,73.2));
#9619=CARTESIAN_POINT('',(-24.2749999999821,-1.299991,65.9));
#9620=CARTESIAN_POINT('',(-15.0499999999821,-1.299991,65.9));
#9621=CARTESIAN_POINT('',(-24.2749999999821,-1.299991,73.2));
#9622=CARTESIAN_POINT('Origin',(-11.9749999999821,8.99999999970369E-6,73.2));
#9623=CARTESIAN_POINT('',(-10.7000000001092,-8.99999999970369E-6,72.75));
#9624=CARTESIAN_POINT('Ctrl Pts',(-11.9749999999821,-1.274991,72.539975712968));
#9625=CARTESIAN_POINT('Ctrl Pts',(-11.8136368653049,-1.274991,72.539975712968));
#9626=CARTESIAN_POINT('Ctrl Pts',(-11.6423722486262,-1.24250789668439,72.5514376964985));
#9627=CARTESIAN_POINT('Ctrl Pts',(-11.3286206727806,-1.1120537133809,72.5918890808809));
#9628=CARTESIAN_POINT('Ctrl Pts',(-11.1860235262538,-1.01413685105443,72.6201957152407));
#9629=CARTESIAN_POINT('Ctrl Pts',(-10.9608983748927,-0.78901163419216,72.6726211492257));
#9630=CARTESIAN_POINT('Ctrl Pts',(-10.8629473101889,-0.646396689588557,
72.7002778787203));
#9631=CARTESIAN_POINT('Ctrl Pts',(-10.7324701925822,-0.332585445217634,
72.7392168481053));
#9632=CARTESIAN_POINT('Ctrl Pts',(-10.7000022772032,-0.161303161568147,
72.75));
#9633=CARTESIAN_POINT('Ctrl Pts',(-10.7000000001092,-9.0000000002588E-6,
72.75));
#9634=CARTESIAN_POINT('Origin',(-11.9749999999821,8.99999999970369E-6,65.9));
#9635=CARTESIAN_POINT('Ctrl Pts',(-10.7000000001092,-8.99999999925266E-6,
72.7499999999593));
#9636=CARTESIAN_POINT('Ctrl Pts',(-10.7000000000245,-2.99998617772602E-6,
72.7499999999864));
#9637=CARTESIAN_POINT('Ctrl Pts',(-10.6999999999821,3.00001382218945E-6,
72.75));
#9638=CARTESIAN_POINT('Ctrl Pts',(-10.6999999999821,0.161308512616004,72.75));
#9639=CARTESIAN_POINT('Ctrl Pts',(-10.7324677997904,0.332597746662982,72.739216054709));
#9640=CARTESIAN_POINT('Ctrl Pts',(-10.8629474008649,0.646414851311752,72.7002748920385));
#9641=CARTESIAN_POINT('Ctrl Pts',(-10.960898486514,0.789029778557573,72.6726174795101));
#9642=CARTESIAN_POINT('Ctrl Pts',(-11.1860236210965,1.01415491314006,72.620190953167));
#9643=CARTESIAN_POINT('Ctrl Pts',(-11.3286207236132,1.11207173810203,72.5918838308604));
#9644=CARTESIAN_POINT('Ctrl Pts',(-11.6423722436646,1.24252589103583,72.5514317775819));
#9645=CARTESIAN_POINT('Ctrl Pts',(-11.8136368511296,1.275009,72.5399696173347));
#9646=CARTESIAN_POINT('Ctrl Pts',(-11.9749999999821,1.275009,72.5399696173347));
#9647=CARTESIAN_POINT('Origin',(-24.2749999999821,8.99999999970369E-6,73.2));
#9648=CARTESIAN_POINT('Origin',(-24.2749999999821,8.99999999970369E-6,65.9));
#9649=CARTESIAN_POINT('Origin',(-18.1249999999821,8.99999999970369E-6,65.9));
#9650=CARTESIAN_POINT('Origin',(-11.6750000005221,-8.99999999970369E-6,
73.2));
#9651=CARTESIAN_POINT('',(-12.1750000001981,8.99999999986004E-6,72.7499999999864));
#9652=CARTESIAN_POINT('',(-11.1750000005221,-9.00000000292167E-6,72.7499999999864));
#9653=CARTESIAN_POINT('Ctrl Pts',(-12.1750000001981,8.99999999985278E-6,
72.75));
#9654=CARTESIAN_POINT('Ctrl Pts',(-12.1749977377006,0.0628561533997087,
72.75));
#9655=CARTESIAN_POINT('Ctrl Pts',(-12.1624228877751,0.129845812628039,72.748357294339));
#9656=CARTESIAN_POINT('Ctrl Pts',(-12.1113776972617,0.253010162793841,72.7424194153142));
#9657=CARTESIAN_POINT('Ctrl Pts',(-12.0729084131511,0.309189363582225,72.7382077088817));
#9658=CARTESIAN_POINT('Ctrl Pts',(-11.984198019896,0.39789976678807,72.7302864208367));
#9659=CARTESIAN_POINT('Ctrl Pts',(-11.9280189803357,0.436368761729178,72.726059997172));
#9660=CARTESIAN_POINT('Ctrl Pts',(-11.804849299068,0.487416183398228,72.7200879682867));
#9661=CARTESIAN_POINT('Ctrl Pts',(-11.7378529138206,0.499991,72.7184302873794));
#9662=CARTESIAN_POINT('Ctrl Pts',(-11.6750000005221,0.499991,72.7184302873794));
#9663=CARTESIAN_POINT('Ctrl Pts',(-11.6121470872236,0.499991,72.7184302873794));
#9664=CARTESIAN_POINT('Ctrl Pts',(-11.5451507019762,0.487416183398227,72.7200879682867));
#9665=CARTESIAN_POINT('Ctrl Pts',(-11.4219810207085,0.436368761729178,72.726059997172));
#9666=CARTESIAN_POINT('Ctrl Pts',(-11.3658019811482,0.39789976678807,72.7302864208367));
#9667=CARTESIAN_POINT('Ctrl Pts',(-11.2770915878931,0.309189363582225,72.7382077088817));
#9668=CARTESIAN_POINT('Ctrl Pts',(-11.2386223037825,0.253010162793841,72.7424194153142));
#9669=CARTESIAN_POINT('Ctrl Pts',(-11.1875746767351,0.129839933638797,72.7483575777711));
#9670=CARTESIAN_POINT('Ctrl Pts',(-11.1750000005221,0.0628433622970417,
72.7500002845744));
#9671=CARTESIAN_POINT('Ctrl Pts',(-11.1750000005221,-8.99999999968201E-6,
72.7499999999593));
#9672=CARTESIAN_POINT('Ctrl Pts',(-11.1750000005221,-8.99999999965165E-6,
72.75));
#9673=CARTESIAN_POINT('Ctrl Pts',(-11.1750000005221,-0.0628613762686041,
72.75));
#9674=CARTESIAN_POINT('Ctrl Pts',(-11.1875746817351,-0.129857954067344,
72.7483569891414));
#9675=CARTESIAN_POINT('Ctrl Pts',(-11.2386223171743,-0.253028186741836,
72.7424182661257));
#9676=CARTESIAN_POINT('Ctrl Pts',(-11.2770916044146,-0.309207385079001,
72.738206303117));
#9677=CARTESIAN_POINT('Ctrl Pts',(-11.3658019954763,-0.397917776140698,
72.730284609186));
#9678=CARTESIAN_POINT('Ctrl Pts',(-11.4219810286372,-0.436386765625376,
72.7260580088285));
#9679=CARTESIAN_POINT('Ctrl Pts',(-11.5451507018571,-0.487434182738692,
72.7200857445342));
#9680=CARTESIAN_POINT('Ctrl Pts',(-11.6121470857351,-0.500009,72.7184280051377));
#9681=CARTESIAN_POINT('Ctrl Pts',(-11.6750000005221,-0.500009,72.7184280051377));
#9682=CARTESIAN_POINT('Ctrl Pts',(-11.7378529153091,-0.500009,72.7184280051377));
#9683=CARTESIAN_POINT('Ctrl Pts',(-11.8048492991871,-0.487434182738692,
72.7200857445342));
#9684=CARTESIAN_POINT('Ctrl Pts',(-11.928018972407,-0.436386765625376,72.7260580088285));
#9685=CARTESIAN_POINT('Ctrl Pts',(-11.984198005568,-0.397917776140698,72.730284609186));
#9686=CARTESIAN_POINT('Ctrl Pts',(-12.0729083966296,-0.309207385079001,
72.738206303117));
#9687=CARTESIAN_POINT('Ctrl Pts',(-12.1113776838699,-0.253028186741836,
72.7424182661257));
#9688=CARTESIAN_POINT('Ctrl Pts',(-12.1624253193091,-0.129857954067344,
72.7483569891414));
#9689=CARTESIAN_POINT('Ctrl Pts',(-12.1750000005221,-0.0628613762686041,
72.75));
#9690=CARTESIAN_POINT('Ctrl Pts',(-12.1750000005221,-3.00003776276554E-6,
72.75));
#9691=CARTESIAN_POINT('Ctrl Pts',(-12.1750000004141,2.99996223973586E-6,
72.7499999999864));
#9692=CARTESIAN_POINT('Ctrl Pts',(-12.1750000001981,8.99999999965784E-6,
72.7499999999592));
#9693=CARTESIAN_POINT('',(-11.1750000005221,-8.99999999976492E-6,73.2));
#9694=CARTESIAN_POINT('Origin',(-17.05,8.99999999970369E-6,68.775009));
#9695=CARTESIAN_POINT('',(-17.05,8.99999999970369E-6,72.75));
#9696=CARTESIAN_POINT('',(-17.05,-8.99999999970369E-6,72.75));
#9697=CARTESIAN_POINT('Origin',(-2.745,-8.99999999970369E-6,65.9));
#9698=CARTESIAN_POINT('',(-2.745,-0.600009,65.9));
#9699=CARTESIAN_POINT('',(-2.745,0.599991,65.9));
#9700=CARTESIAN_POINT('Origin',(-2.745,-8.99999999970369E-6,65.9));
#9701=CARTESIAN_POINT('',(-2.745,-0.600009,70.9));
#9702=CARTESIAN_POINT('',(-2.745,-0.600009,65.9));
#9703=CARTESIAN_POINT('',(-2.745,0.599991,70.9));
#9704=CARTESIAN_POINT('Origin',(-2.745,-8.99999999970369E-6,70.9));
#9705=CARTESIAN_POINT('',(-2.745,0.599991,65.9));
#9706=CARTESIAN_POINT('Origin',(2.745,0.599991000000002,65.9));
#9707=CARTESIAN_POINT('',(2.745,0.599991000000002,65.9));
#9708=CARTESIAN_POINT('',(1.3725,0.599991000000001,65.9));
#9709=CARTESIAN_POINT('',(2.745,0.599991000000002,70.9));
#9710=CARTESIAN_POINT('',(2.745,0.599991000000002,70.9));
#9711=CARTESIAN_POINT('',(2.745,0.599991000000002,65.9));
#9712=CARTESIAN_POINT('Origin',(2.745,-8.99999999869519E-6,65.9));
#9713=CARTESIAN_POINT('',(2.745,-0.600008999999999,65.9));
#9714=CARTESIAN_POINT('Origin',(2.745,-8.99999999869519E-6,65.9));
#9715=CARTESIAN_POINT('',(2.745,-0.600008999999999,70.9));
#9716=CARTESIAN_POINT('Origin',(2.745,-8.99999999869519E-6,70.9));
#9717=CARTESIAN_POINT('',(2.745,-0.600008999999999,65.9));
#9718=CARTESIAN_POINT('Origin',(-2.745,-0.600009,65.9));
#9719=CARTESIAN_POINT('',(-1.3725,-0.600008999999999,65.9));
#9720=CARTESIAN_POINT('',(-2.745,-0.600009,70.9));
#9721=CARTESIAN_POINT('Origin',(1.13073232691451E-16,-8.99999999906737E-6,
70.9));
#9722=CARTESIAN_POINT('Origin',(2.925,-8.99999998861907E-6,73.2));
#9723=CARTESIAN_POINT('',(2.925,1.24999100000001,65.9));
#9724=CARTESIAN_POINT('',(2.925,1.24999100000001,73.2));
#9725=CARTESIAN_POINT('',(2.925,-1.25000899999999,65.9));
#9726=CARTESIAN_POINT('Origin',(2.925,-8.99999998861907E-6,65.9));
#9727=CARTESIAN_POINT('',(2.925,-1.25000899999999,73.2));
#9728=CARTESIAN_POINT('Origin',(2.925,-1.25000899999999,73.2));
#9729=CARTESIAN_POINT('',(-2.925,-1.25000899999999,65.9));
#9730=CARTESIAN_POINT('',(-2.925,-1.25000899999999,65.9));
#9731=CARTESIAN_POINT('',(-2.925,-1.25000899999999,73.2));
#9732=CARTESIAN_POINT('Origin',(-2.925,1.24999100000001,73.2));
#9733=CARTESIAN_POINT('',(-2.925,1.24999100000001,65.9));
#9734=CARTESIAN_POINT('',(-2.925,1.24999100000001,73.2));
#9735=CARTESIAN_POINT('',(2.925,1.24999100000001,65.9));
#9736=CARTESIAN_POINT('Origin',(-2.925,-8.99999998861907E-6,73.2));
#9737=CARTESIAN_POINT('Origin',(-2.925,-8.99999998861907E-6,65.9));
#9738=CARTESIAN_POINT('Origin',(1.18340570265576E-16,-8.99999998868815E-6,
65.9));
#9739=CARTESIAN_POINT('Origin',(-17.05,-8.99999999970369E-6,68.775009));
#9740=CARTESIAN_POINT('Ctrl Pts',(-32.1,3.44964144418877,66.2500000000001));
#9741=CARTESIAN_POINT('Ctrl Pts',(-32.1000000000002,3.44964144418866,70.7500000000002));
#9742=CARTESIAN_POINT('Ctrl Pts',(-27.6,3.44964144418876,70.7500000000001));
#9743=CARTESIAN_POINT('Ctrl Pts',(-31.1823786442781,3.97500000000005,66.2500000000001));
#9744=CARTESIAN_POINT('Ctrl Pts',(-31.1823786442782,3.97499999999996,69.8323786442783));
#9745=CARTESIAN_POINT('Ctrl Pts',(-27.6000000000001,3.97500000000004,69.8323786442782));
#9746=CARTESIAN_POINT('Ctrl Pts',(-30.1250089999999,3.97500000000001,66.2500000000001));
#9747=CARTESIAN_POINT('Ctrl Pts',(-30.125009,3.97499999999995,68.7750090000001));
#9748=CARTESIAN_POINT('Ctrl Pts',(-27.6,3.975,68.775009));
#9749=CARTESIAN_POINT('Origin',(-30.125009,8.99999999970369E-6,66.25));
#9750=CARTESIAN_POINT('Ctrl Pts',(-27.6000000000001,3.4496414441888,-70.75));
#9751=CARTESIAN_POINT('Ctrl Pts',(-32.1000000000001,3.44964144418867,-70.75));
#9752=CARTESIAN_POINT('Ctrl Pts',(-32.1000000000001,3.44964144418878,-66.25));
#9753=CARTESIAN_POINT('Ctrl Pts',(-27.6000000000001,3.97500000000006,-69.8323786442781));
#9754=CARTESIAN_POINT('Ctrl Pts',(-31.1823786442782,3.97499999999996,-69.8323786442781));
#9755=CARTESIAN_POINT('Ctrl Pts',(-31.1823786442782,3.97500000000005,-66.25));
#9756=CARTESIAN_POINT('Ctrl Pts',(-27.6000000000001,3.97500000000001,-68.7750089999999));
#9757=CARTESIAN_POINT('Ctrl Pts',(-30.125009,3.97499999999994,-68.7750089999999));
#9758=CARTESIAN_POINT('Ctrl Pts',(-30.125009,3.975,-66.25));
#9759=CARTESIAN_POINT('Origin',(-30.125009,8.99999999970369E-6,-66.25));
#9760=CARTESIAN_POINT('Origin',(-30.125009,8.99999999970369E-6,-36.375));
#9761=CARTESIAN_POINT('',(-30.125009,3.975,-36.375));
#9762=CARTESIAN_POINT('Ctrl Pts',(27.6,-3.44964144418878,-70.75));
#9763=CARTESIAN_POINT('Ctrl Pts',(32.1000000000001,-3.44964144418872,-70.75));
#9764=CARTESIAN_POINT('Ctrl Pts',(32.1000000000001,-3.44964144418872,-66.2499999999999));
#9765=CARTESIAN_POINT('Ctrl Pts',(27.6,-3.97500000000006,-69.8323786442781));
#9766=CARTESIAN_POINT('Ctrl Pts',(31.1823786442782,-3.975,-69.8323786442781));
#9767=CARTESIAN_POINT('Ctrl Pts',(31.1823786442782,-3.97500000000001,-66.2499999999999));
#9768=CARTESIAN_POINT('Ctrl Pts',(27.6,-3.975,-68.7750089999999));
#9769=CARTESIAN_POINT('Ctrl Pts',(30.125009,-3.97499999999997,-68.7750089999999));
#9770=CARTESIAN_POINT('Ctrl Pts',(30.125009,-3.97499999999997,-66.2499999999999));
#9771=CARTESIAN_POINT('Origin',(27.6,-8.99999999970369E-6,-68.775009));
#9772=CARTESIAN_POINT('Origin',(17.05,-8.99999999970369E-6,-68.775009));
#9773=CARTESIAN_POINT('Origin',(-4.44089209850063E-15,3.975,8.88178419700125E-15));
#9774=CARTESIAN_POINT('',(0.,0.,0.));
#9775=CARTESIAN_POINT('Origin',(-15.2625,-63.2374954999566,5.47499099999967));
#9776=CARTESIAN_POINT('',(2.925,-62.9874954999566,5.22499100000003));
#9777=CARTESIAN_POINT('',(2.925,-63.4874954999566,5.72499099999967));
#9778=CARTESIAN_POINT('',(2.925,-62.9874954999566,5.22499100000003));
#9779=CARTESIAN_POINT('',(-2.925,-63.4874954999566,5.72499099999967));
#9780=CARTESIAN_POINT('',(-15.2625,-63.4874954999566,5.72499099999967));
#9781=CARTESIAN_POINT('',(-2.925,-62.9874954999566,5.22499099999967));
#9782=CARTESIAN_POINT('',(-2.925,-63.4874954999566,5.72499099999967));
#9783=CARTESIAN_POINT('',(-15.2625,-62.9874954999566,5.22499099999967));
#9784=CARTESIAN_POINT('Ctrl Pts',(2.925,-63.4874954999566,5.72499100000003));
#9785=CARTESIAN_POINT('Ctrl Pts',(3.14640581962395,-63.4874954999566,5.72499100000003));
#9786=CARTESIAN_POINT('Ctrl Pts',(3.38131077228794,-63.4874954999566,5.68097984628552));
#9787=CARTESIAN_POINT('Ctrl Pts',(4.02823674804814,-63.4874954999566,5.40982119677285));
#9788=CARTESIAN_POINT('Ctrl Pts',(4.35971289171302,-63.4874954999566,5.07848716346492));
#9789=CARTESIAN_POINT('Ctrl Pts',(4.63101283007105,-63.4874954999566,4.43125309249078));
#9790=CARTESIAN_POINT('Ctrl Pts',(4.67499681283917,-63.4874954999566,4.19633421336822));
#9791=CARTESIAN_POINT('Ctrl Pts',(4.67499999981856,-63.4874954999566,3.97501620000001));
#9792=CARTESIAN_POINT('Ctrl Pts',(2.925,-63.32082883329,5.55832433333336));
#9793=CARTESIAN_POINT('Ctrl Pts',(3.12522017874474,-63.32082883329,5.55837163132161));
#9794=CARTESIAN_POINT('Ctrl Pts',(3.33797372143897,-63.32082883329,5.51835573062763));
#9795=CARTESIAN_POINT('Ctrl Pts',(3.92282028204129,-63.3208288332899,5.27350892988213));
#9796=CARTESIAN_POINT('Ctrl Pts',(4.22341361657865,-63.32082883329,4.97304288260509));
#9797=CARTESIAN_POINT('Ctrl Pts',(4.46838563711305,-63.3208288332899,4.38792203366061));
#9798=CARTESIAN_POINT('Ctrl Pts',(4.50837846105645,-63.32082883329,4.17515308992013));
#9799=CARTESIAN_POINT('Ctrl Pts',(4.50833333316918,-63.32082883329,3.97501380000001));
#9800=CARTESIAN_POINT('Ctrl Pts',(2.925,-63.1541621666233,5.39165766666669));
#9801=CARTESIAN_POINT('Ctrl Pts',(3.1043326548963,-63.1541621666233,5.39161036867844));
#9802=CARTESIAN_POINT('Ctrl Pts',(3.29427331676894,-63.1541621666233,5.3561785772904));
#9803=CARTESIAN_POINT('Ctrl Pts',(3.81844271461266,-63.1541621666233,5.13618197887132));
#9804=CARTESIAN_POINT('Ctrl Pts',(4.08609419778655,-63.1541621666233,4.86864682619189));
#9805=CARTESIAN_POINT('Ctrl Pts',(4.30620778586589,-63.1541621666233,4.34422355346647));
#9806=CARTESIAN_POINT('Ctrl Pts',(4.34161607523928,-63.1541621666233,4.1542744187111));
#9807=CARTESIAN_POINT('Ctrl Pts',(4.34166666651979,-63.1541621666233,3.97501140000001));
#9808=CARTESIAN_POINT('Ctrl Pts',(2.925,-62.9874954999566,5.22499100000002));
#9809=CARTESIAN_POINT('Ctrl Pts',(3.08314701401709,-62.9874954999566,5.22499100000002));
#9810=CARTESIAN_POINT('Ctrl Pts',(3.25093626591997,-62.9874954999566,5.19355446163252));
#9811=CARTESIAN_POINT('Ctrl Pts',(3.71302624860581,-62.9874954999566,4.99986971198061));
#9812=CARTESIAN_POINT('Ctrl Pts',(3.94979492265217,-62.9874954999566,4.76320254533206));
#9813=CARTESIAN_POINT('Ctrl Pts',(4.14358059290789,-62.9874954999566,4.30089249463629));
#9814=CARTESIAN_POINT('Ctrl Pts',(4.17499772345655,-62.9874954999566,4.13309329526301));
#9815=CARTESIAN_POINT('Ctrl Pts',(4.1749999998704,-62.9874954999566,3.97500900000001));
#9816=CARTESIAN_POINT('',(4.1749999998704,-62.9874954999566,3.97500900000001));
#9817=CARTESIAN_POINT('',(4.67499999981856,-63.4874954999566,3.97501620000001));
#9818=CARTESIAN_POINT('',(4.1749999998704,-62.9874954999566,3.97500900000001));
#9819=CARTESIAN_POINT('Ctrl Pts',(4.67499999981856,-63.4874954999566,3.97501620000001));
#9820=CARTESIAN_POINT('Ctrl Pts',(4.67499681283917,-63.4874954999566,4.19633421336822));
#9821=CARTESIAN_POINT('Ctrl Pts',(4.63101283007105,-63.4874954999566,4.43125309249078));
#9822=CARTESIAN_POINT('Ctrl Pts',(4.35971289171302,-63.4874954999566,5.07848716346492));
#9823=CARTESIAN_POINT('Ctrl Pts',(4.02823674804814,-63.4874954999566,5.40982119677285));
#9824=CARTESIAN_POINT('Ctrl Pts',(3.38131077228794,-63.4874954999566,5.68097984628552));
#9825=CARTESIAN_POINT('Ctrl Pts',(3.14640581962395,-63.4874954999566,5.72499100000003));
#9826=CARTESIAN_POINT('Ctrl Pts',(2.925,-63.4874954999566,5.72499100000003));
#9827=CARTESIAN_POINT('Ctrl Pts',(2.925,-62.9874954999566,5.22499100000002));
#9828=CARTESIAN_POINT('Ctrl Pts',(3.08314701401709,-62.9874954999566,5.22499100000002));
#9829=CARTESIAN_POINT('Ctrl Pts',(3.25093626591997,-62.9874954999566,5.19355446163252));
#9830=CARTESIAN_POINT('Ctrl Pts',(3.71302624860581,-62.9874954999566,4.99986971198061));
#9831=CARTESIAN_POINT('Ctrl Pts',(3.94979492265217,-62.9874954999566,4.76320254533206));
#9832=CARTESIAN_POINT('Ctrl Pts',(4.14358059290789,-62.9874954999566,4.30089249463629));
#9833=CARTESIAN_POINT('Ctrl Pts',(4.17499772345655,-62.9874954999566,4.13309329526301));
#9834=CARTESIAN_POINT('Ctrl Pts',(4.1749999998704,-62.9874954999566,3.97500900000001));
#9835=CARTESIAN_POINT('Ctrl Pts',(4.67499999981857,-63.4874954999566,3.97501620000001));
#9836=CARTESIAN_POINT('Ctrl Pts',(4.6750031870417,-63.4874954999566,3.7536812601194));
#9837=CARTESIAN_POINT('Ctrl Pts',(4.63051538751866,-63.4874954999567,3.51863186765396));
#9838=CARTESIAN_POINT('Ctrl Pts',(4.4513972495251,-63.4874954999566,3.0877852541747));
#9839=CARTESIAN_POINT('Ctrl Pts',(4.31701026944775,-63.4874954999567,2.89206067337575));
#9840=CARTESIAN_POINT('Ctrl Pts',(4.00787178926485,-63.4874954999567,2.58292542506927));
#9841=CARTESIAN_POINT('Ctrl Pts',(3.81217077332864,-63.4874954999566,2.44858091328555));
#9842=CARTESIAN_POINT('Ctrl Pts',(3.38141616850902,-63.4874954999566,2.26949823520206));
#9843=CARTESIAN_POINT('Ctrl Pts',(3.14640583838906,-63.4874954999566,2.22499100000003));
#9844=CARTESIAN_POINT('Ctrl Pts',(2.925,-63.4874954999566,2.22499100000003));
#9845=CARTESIAN_POINT('Ctrl Pts',(4.50833333316918,-63.32082883329,3.97501380000001));
#9846=CARTESIAN_POINT('Ctrl Pts',(4.50824997153993,-63.32082883329,3.7747785344806));
#9847=CARTESIAN_POINT('Ctrl Pts',(4.4680898505308,-63.32082883329,3.56208843212519));
#9848=CARTESIAN_POINT('Ctrl Pts',(4.30599751936742,-63.32082883329,3.17230031582711));
#9849=CARTESIAN_POINT('Ctrl Pts',(4.18442247929228,-63.32082883329,2.99520302952346));
#9850=CARTESIAN_POINT('Ctrl Pts',(3.90473507193956,-63.32082883329,2.71551824458692));
#9851=CARTESIAN_POINT('Ctrl Pts',(3.727658941622,-63.32082883329,2.59398173726737));
#9852=CARTESIAN_POINT('Ctrl Pts',(3.33795413036497,-63.32082883329,2.43192159599947));
#9853=CARTESIAN_POINT('Ctrl Pts',(3.12529926589611,-63.32082883329,2.39174353046562));
#9854=CARTESIAN_POINT('Ctrl Pts',(2.925,-63.32082883329,2.39165766666669));
#9855=CARTESIAN_POINT('Ctrl Pts',(4.34166666651979,-63.1541621666233,3.97501140000001));
#9856=CARTESIAN_POINT('Ctrl Pts',(4.34175549196012,-63.1541621666233,3.79581534000981));
#9857=CARTESIAN_POINT('Ctrl Pts',(4.3056508137869,-63.1541621666233,3.60556362671017));
#9858=CARTESIAN_POINT('Ctrl Pts',(4.16068347981848,-63.1541621666233,3.25675754847241));
#9859=CARTESIAN_POINT('Ctrl Pts',(4.05188083976102,-63.1541621666233,3.09832698197786));
#9860=CARTESIAN_POINT('Ctrl Pts',(3.80161656680018,-63.1541621666233,2.84806562696039));
#9861=CARTESIAN_POINT('Ctrl Pts',(3.64320524122711,-63.1541621666233,2.73929725693644));
#9862=CARTESIAN_POINT('Ctrl Pts',(3.29447358707906,-63.1541621666233,2.59435852148978));
#9863=CARTESIAN_POINT('Ctrl Pts',(3.10425359991372,-63.1541621666233,2.55823846953443));
#9864=CARTESIAN_POINT('Ctrl Pts',(2.925,-63.1541621666233,2.55832433333336));
#9865=CARTESIAN_POINT('Ctrl Pts',(4.1749999998704,-62.9874954999566,3.97500900000001));
#9866=CARTESIAN_POINT('Ctrl Pts',(4.17500227645836,-62.9874954999566,3.81691261437101));
#9867=CARTESIAN_POINT('Ctrl Pts',(4.14322527679904,-62.9874954999567,3.6490201911814));
#9868=CARTESIAN_POINT('Ctrl Pts',(4.0152837496608,-62.9874954999567,3.34127261012482));
#9869=CARTESIAN_POINT('Ctrl Pts',(3.91929304960556,-62.9874954999567,3.20146933812557));
#9870=CARTESIAN_POINT('Ctrl Pts',(3.69847984947489,-62.9874954999567,2.98065844647805));
#9871=CARTESIAN_POINT('Ctrl Pts',(3.55869340952047,-62.9874954999566,2.88469808091826));
#9872=CARTESIAN_POINT('Ctrl Pts',(3.25101154893501,-62.9874954999566,2.75678188228719));
#9873=CARTESIAN_POINT('Ctrl Pts',(3.08314702742077,-62.9874954999566,2.72499100000003));
#9874=CARTESIAN_POINT('Ctrl Pts',(2.925,-62.9874954999566,2.72499100000003));
#9875=CARTESIAN_POINT('',(2.925,-62.9874954999566,2.72499100000003));
#9876=CARTESIAN_POINT('',(2.925,-63.4874954999566,2.22499100000003));
#9877=CARTESIAN_POINT('',(2.925,-62.9874954999566,2.72499100000003));
#9878=CARTESIAN_POINT('Ctrl Pts',(2.925,-63.4874954999566,2.22499100000003));
#9879=CARTESIAN_POINT('Ctrl Pts',(3.14640583838906,-63.4874954999566,2.22499100000003));
#9880=CARTESIAN_POINT('Ctrl Pts',(3.38141616850902,-63.4874954999566,2.26949823520206));
#9881=CARTESIAN_POINT('Ctrl Pts',(3.81217077332864,-63.4874954999566,2.44858091328555));
#9882=CARTESIAN_POINT('Ctrl Pts',(4.00787178926485,-63.4874954999567,2.58292542506927));
#9883=CARTESIAN_POINT('Ctrl Pts',(4.31701026944775,-63.4874954999567,2.89206067337575));
#9884=CARTESIAN_POINT('Ctrl Pts',(4.4513972495251,-63.4874954999566,3.0877852541747));
#9885=CARTESIAN_POINT('Ctrl Pts',(4.63051538751866,-63.4874954999567,3.51863186765396));
#9886=CARTESIAN_POINT('Ctrl Pts',(4.6750031870417,-63.4874954999566,3.7536812601194));
#9887=CARTESIAN_POINT('Ctrl Pts',(4.67499999981857,-63.4874954999566,3.97501620000001));
#9888=CARTESIAN_POINT('Ctrl Pts',(4.1749999998704,-62.9874954999566,3.97500900000001));
#9889=CARTESIAN_POINT('Ctrl Pts',(4.17500227645836,-62.9874954999566,3.81691261437101));
#9890=CARTESIAN_POINT('Ctrl Pts',(4.14322527679904,-62.9874954999567,3.6490201911814));
#9891=CARTESIAN_POINT('Ctrl Pts',(4.0152837496608,-62.9874954999567,3.34127261012482));
#9892=CARTESIAN_POINT('Ctrl Pts',(3.91929304960556,-62.9874954999567,3.20146933812557));
#9893=CARTESIAN_POINT('Ctrl Pts',(3.69847984947489,-62.9874954999567,2.98065844647805));
#9894=CARTESIAN_POINT('Ctrl Pts',(3.55869340952047,-62.9874954999566,2.88469808091826));
#9895=CARTESIAN_POINT('Ctrl Pts',(3.25101154893501,-62.9874954999566,2.75678188228719));
#9896=CARTESIAN_POINT('Ctrl Pts',(3.08314702742077,-62.9874954999566,2.72499100000003));
#9897=CARTESIAN_POINT('Ctrl Pts',(2.925,-62.9874954999566,2.72499100000003));
#9898=CARTESIAN_POINT('Origin',(-12.3375,-63.2374954999566,2.4749909999997));
#9899=CARTESIAN_POINT('',(-2.925,-62.9874954999566,2.72499099999971));
#9900=CARTESIAN_POINT('',(-2.925,-63.4874954999566,2.2249909999997));
#9901=CARTESIAN_POINT('',(-2.925,-62.9874954999566,2.72499099999971));
#9902=CARTESIAN_POINT('',(-12.3375,-63.4874954999566,2.2249909999997));
#9903=CARTESIAN_POINT('',(-12.3375,-62.9874954999566,2.7249909999997));
#9904=CARTESIAN_POINT('Origin',(-2.925,-63.2374954999566,3.97499099999971));
#9905=CARTESIAN_POINT('',(-4.1749999998704,-62.9874954999566,3.97500900000001));
#9906=CARTESIAN_POINT('',(-4.67499999981856,-63.4874954999566,3.97501620000014));
#9907=CARTESIAN_POINT('',(-4.1749999998704,-62.9874954999566,3.97500900000001));
#9908=CARTESIAN_POINT('Origin',(-2.925,-63.4874954999566,3.97499099999971));
#9909=CARTESIAN_POINT('Origin',(-2.925,-62.9874954999566,3.97499099999971));
#9910=CARTESIAN_POINT('Ctrl Pts',(-4.67499999981855,-63.4874954999566,3.97501620000001));
#9911=CARTESIAN_POINT('Ctrl Pts',(-4.67499681283916,-63.4874954999566,4.19633421336815));
#9912=CARTESIAN_POINT('Ctrl Pts',(-4.6305085782213,-63.4874954999566,4.43136586927538));
#9913=CARTESIAN_POINT('Ctrl Pts',(-4.4513973909206,-63.4874954999566,4.86219583982498));
#9914=CARTESIAN_POINT('Ctrl Pts',(-4.31701040156251,-63.4874954999566,5.05792067497893));
#9915=CARTESIAN_POINT('Ctrl Pts',(-4.00787190471955,-63.4874954999566,5.36705611209915));
#9916=CARTESIAN_POINT('Ctrl Pts',(-3.81217082876498,-63.4874954999566,5.50140079026897));
#9917=CARTESIAN_POINT('Ctrl Pts',(-3.38141615392298,-63.4874954999566,5.68048361399948));
#9918=CARTESIAN_POINT('Ctrl Pts',(-3.14640581962389,-63.4874954999566,5.72499100000003));
#9919=CARTESIAN_POINT('Ctrl Pts',(-2.925,-63.4874954999566,5.72499100000003));
#9920=CARTESIAN_POINT('Ctrl Pts',(-4.50833333316917,-63.32082883329,3.97501380000001));
#9921=CARTESIAN_POINT('Ctrl Pts',(-4.50824422420802,-63.32082883329,4.17523355063573));
#9922=CARTESIAN_POINT('Ctrl Pts',(-4.46808369390196,-63.32082883329,4.38790776807308));
#9923=CARTESIAN_POINT('Ctrl Pts',(-4.30599764256515,-63.32082883329,4.77768079645227));
#9924=CARTESIAN_POINT('Ctrl Pts',(-4.1844226001941,-63.32082883329,4.95477833840822));
#9925=CARTESIAN_POINT('Ctrl Pts',(-3.90473517330541,-63.32082883329,5.23446329981422));
#9926=CARTESIAN_POINT('Ctrl Pts',(-3.72765899149106,-63.32082883329,5.35599996977246));
#9927=CARTESIAN_POINT('Ctrl Pts',(-3.33795411574592,-63.32082883329,5.51806025227783));
#9928=CARTESIAN_POINT('Ctrl Pts',(-3.12529924936302,-63.32082883329,5.55823846969675));
#9929=CARTESIAN_POINT('Ctrl Pts',(-2.92499999999999,-63.32082883329,5.55832433333336));
#9930=CARTESIAN_POINT('Ctrl Pts',(-4.34166666651978,-63.1541621666233,3.97501140000001));
#9931=CARTESIAN_POINT('Ctrl Pts',(-4.34175031208769,-63.1541621666233,4.15419395799544));
#9932=CARTESIAN_POINT('Ctrl Pts',(-4.30564529733454,-63.1541621666233,4.34443115068476));
#9933=CARTESIAN_POINT('Ctrl Pts',(-4.16068359901303,-63.1541621666233,4.69322378610484));
#9934=CARTESIAN_POINT('Ctrl Pts',(-4.05188094534161,-63.1541621666233,4.85165453298427));
#9935=CARTESIAN_POINT('Ctrl Pts',(-3.80161666335673,-63.1541621666233,5.10191603521286));
#9936=CARTESIAN_POINT('Ctrl Pts',(-3.6432052863918,-63.1541621666233,5.21068452783148));
#9937=CARTESIAN_POINT('Ctrl Pts',(-3.29447357669347,-63.1541621666233,5.35562337172128));
#9938=CARTESIAN_POINT('Ctrl Pts',(-3.10425358427795,-63.1541621666233,5.3917435303033));
#9939=CARTESIAN_POINT('Ctrl Pts',(-2.92499999999999,-63.1541621666233,5.39165766666669));
#9940=CARTESIAN_POINT('Ctrl Pts',(-4.1749999998704,-62.9874954999566,3.97500900000001));
#9941=CARTESIAN_POINT('Ctrl Pts',(-4.17499772345654,-62.9874954999566,4.13309329526301));
#9942=CARTESIAN_POINT('Ctrl Pts',(-4.1432204130152,-62.9874954999566,4.30097304948246));
#9943=CARTESIAN_POINT('Ctrl Pts',(-4.01528385065758,-62.9874954999567,4.60870874273213));
#9944=CARTESIAN_POINT('Ctrl Pts',(-3.9192931439732,-62.9874954999567,4.74851219641357));
#9945=CARTESIAN_POINT('Ctrl Pts',(-3.69847993194259,-62.9874954999567,4.96932322292793));
#9946=CARTESIAN_POINT('Ctrl Pts',(-3.55869344911788,-62.9874954999567,5.06528370733497));
#9947=CARTESIAN_POINT('Ctrl Pts',(-3.25101153851642,-62.9874954999567,5.19320000999963));
#9948=CARTESIAN_POINT('Ctrl Pts',(-3.08314701401708,-62.9874954999566,5.22499100000003));
#9949=CARTESIAN_POINT('Ctrl Pts',(-2.92499999999999,-62.9874954999566,5.22499100000003));
#9950=CARTESIAN_POINT('Ctrl Pts',(-2.925,-63.4874954999566,5.72499100000003));
#9951=CARTESIAN_POINT('Ctrl Pts',(-3.14640581962389,-63.4874954999566,5.72499100000003));
#9952=CARTESIAN_POINT('Ctrl Pts',(-3.38141615392298,-63.4874954999566,5.68048361399948));
#9953=CARTESIAN_POINT('Ctrl Pts',(-3.81217082876498,-63.4874954999566,5.50140079026897));
#9954=CARTESIAN_POINT('Ctrl Pts',(-4.00787190471955,-63.4874954999566,5.36705611209915));
#9955=CARTESIAN_POINT('Ctrl Pts',(-4.31701040156251,-63.4874954999566,5.05792067497893));
#9956=CARTESIAN_POINT('Ctrl Pts',(-4.4513973909206,-63.4874954999566,4.86219583982498));
#9957=CARTESIAN_POINT('Ctrl Pts',(-4.6305085782213,-63.4874954999566,4.43136586927538));
#9958=CARTESIAN_POINT('Ctrl Pts',(-4.67499681283916,-63.4874954999566,4.19633421336815));
#9959=CARTESIAN_POINT('Ctrl Pts',(-4.67499999981855,-63.4874954999566,3.97501620000001));
#9960=CARTESIAN_POINT('Ctrl Pts',(-4.1749999998704,-62.9874954999566,3.97500900000001));
#9961=CARTESIAN_POINT('Ctrl Pts',(-4.17499772345654,-62.9874954999566,4.13309329526301));
#9962=CARTESIAN_POINT('Ctrl Pts',(-4.1432204130152,-62.9874954999566,4.30097304948246));
#9963=CARTESIAN_POINT('Ctrl Pts',(-4.01528385065758,-62.9874954999567,4.60870874273213));
#9964=CARTESIAN_POINT('Ctrl Pts',(-3.9192931439732,-62.9874954999567,4.74851219641357));
#9965=CARTESIAN_POINT('Ctrl Pts',(-3.69847993194259,-62.9874954999567,4.96932322292793));
#9966=CARTESIAN_POINT('Ctrl Pts',(-3.55869344911788,-62.9874954999567,5.06528370733497));
#9967=CARTESIAN_POINT('Ctrl Pts',(-3.25101153851642,-62.9874954999567,5.19320000999963));
#9968=CARTESIAN_POINT('Ctrl Pts',(-3.08314701401708,-62.9874954999566,5.22499100000003));
#9969=CARTESIAN_POINT('Ctrl Pts',(-2.92499999999999,-62.9874954999566,5.22499100000003));
#9970=CARTESIAN_POINT('Ctrl Pts',(4.1749999998704,-63.4874954999566,3.97500900000001));
#9971=CARTESIAN_POINT('Ctrl Pts',(4.1749999998704,-56.6400054000043,3.97500900000001));
#9972=CARTESIAN_POINT('Ctrl Pts',(4.17499999995681,-63.4874954999566,3.97500299998587));
#9973=CARTESIAN_POINT('Ctrl Pts',(4.17499999995681,-56.6400054000043,3.97500299998587));
#9974=CARTESIAN_POINT('Ctrl Pts',(4.175,-63.4874954999566,3.97499699998588));
#9975=CARTESIAN_POINT('Ctrl Pts',(4.175,-56.6400054000043,3.97499699998588));
#9976=CARTESIAN_POINT('Ctrl Pts',(4.175,-63.4874954999566,3.81690135972497));
#9977=CARTESIAN_POINT('Ctrl Pts',(4.175,-56.6400054000043,3.81690135972497));
#9978=CARTESIAN_POINT('Ctrl Pts',(4.1431873557519,-63.4874954999566,3.64899147997702));
#9979=CARTESIAN_POINT('Ctrl Pts',(4.1431873557519,-56.6400054000043,3.64899147997702));
#9980=CARTESIAN_POINT('Ctrl Pts',(4.01528064928234,-63.4874954999566,3.34131585132884));
#9981=CARTESIAN_POINT('Ctrl Pts',(4.01528064928234,-56.6400054000043,3.34131585132884));
#9982=CARTESIAN_POINT('Ctrl Pts',(3.9192438084609,-63.4874954999566,3.20146785549455));
#9983=CARTESIAN_POINT('Ctrl Pts',(3.9192438084609,-56.6400054000043,3.20146785549455));
#9984=CARTESIAN_POINT('Ctrl Pts',(3.69848308328172,-63.4874954999566,2.98070713031537));
#9985=CARTESIAN_POINT('Ctrl Pts',(3.69848308328172,-56.6400054000043,2.98070713031537));
#9986=CARTESIAN_POINT('Ctrl Pts',(3.55865123151131,-63.4874954999566,2.88470123664893));
#9987=CARTESIAN_POINT('Ctrl Pts',(3.55865123151131,-56.6400054000043,2.88470123664893));
#9988=CARTESIAN_POINT('Ctrl Pts',(3.2510347791188,-63.4874954999566,2.75681747341096));
#9989=CARTESIAN_POINT('Ctrl Pts',(3.2510347791188,-56.6400054000043,2.75681747341096));
#9990=CARTESIAN_POINT('Ctrl Pts',(3.08314702742078,-63.4874954999566,2.72499100000003));
#9991=CARTESIAN_POINT('Ctrl Pts',(3.08314702742078,-56.6400054000043,2.72499100000003));
#9992=CARTESIAN_POINT('Ctrl Pts',(2.925,-63.4874954999566,2.72499100000003));
#9993=CARTESIAN_POINT('Ctrl Pts',(2.925,-56.6400054000043,2.72499100000003));
#9994=CARTESIAN_POINT('',(4.17499999987058,-61.4874954999999,3.97500900000001));
#9995=CARTESIAN_POINT('',(4.1749999998704,-63.4874954999566,3.97500900000001));
#9996=CARTESIAN_POINT('',(4.17499999999949,-61.4874954999566,3.97498986850585));
#9997=CARTESIAN_POINT('Ctrl Pts',(4.17499999999949,-61.4874954999566,3.97498986850542));
#9998=CARTESIAN_POINT('Ctrl Pts',(4.17500000000526,-61.4874954999855,3.97499624571116));
#9999=CARTESIAN_POINT('Ctrl Pts',(4.17499999996224,-61.4874954999999,3.97500262285558));
#10000=CARTESIAN_POINT('Ctrl Pts',(4.1749999998704,-61.4874954999999,3.97500900000001));
#10001=CARTESIAN_POINT('',(2.92500000000018,-61.2983444311366,2.72499100000003));
#10002=CARTESIAN_POINT('Ctrl Pts',(2.925,-61.2983500061754,2.72499100000003));
#10003=CARTESIAN_POINT('Ctrl Pts',(3.08672033805101,-61.2983500061754,2.72499100000003));
#10004=CARTESIAN_POINT('Ctrl Pts',(3.24611079835507,-61.3084017383496,2.75629806876266));
#10005=CARTESIAN_POINT('Ctrl Pts',(3.54065261395549,-61.342474041467,2.87582138519262));
#10006=CARTESIAN_POINT('Ctrl Pts',(3.67338079576315,-61.3656578629496,2.96166121803843));
#10007=CARTESIAN_POINT('Ctrl Pts',(3.90642637092924,-61.4143124538229,3.18336886965727));
#10008=CARTESIAN_POINT('Ctrl Pts',(4.00281371787765,-61.439296910453,3.32038988856581));
#10009=CARTESIAN_POINT('Ctrl Pts',(4.10460883912905,-61.4670729549114,3.55239620614972));
#10010=CARTESIAN_POINT('Ctrl Pts',(4.13121221164306,-61.4747139797743,3.63560784209123));
#10011=CARTESIAN_POINT('Ctrl Pts',(4.16625912968188,-61.4848852056643,3.80458154096979));
#10012=CARTESIAN_POINT('Ctrl Pts',(4.17499992271684,-61.4874954770919,3.88961309764938));
#10013=CARTESIAN_POINT('Ctrl Pts',(4.17499999999949,-61.4874954999566,3.97498986850585));
#10014=CARTESIAN_POINT('',(2.925,-63.4874954999566,2.72499100000003));
#10015=CARTESIAN_POINT('Ctrl Pts',(2.925,-63.4874954999566,5.22499100000002));
#10016=CARTESIAN_POINT('Ctrl Pts',(2.925,-56.6400054000043,5.22499100000002));
#10017=CARTESIAN_POINT('Ctrl Pts',(3.08314701401709,-63.4874954999566,5.22499100000002));
#10018=CARTESIAN_POINT('Ctrl Pts',(3.08314701401709,-56.6400054000043,5.22499100000002));
#10019=CARTESIAN_POINT('Ctrl Pts',(3.25103477454654,-63.4874954999566,5.19316453195359));
#10020=CARTESIAN_POINT('Ctrl Pts',(3.25103477454654,-56.6400054000043,5.19316453195359));
#10021=CARTESIAN_POINT('Ctrl Pts',(3.55865128039611,-63.4874954999566,5.06528073956479));
#10022=CARTESIAN_POINT('Ctrl Pts',(3.55865128039611,-56.6400054000043,5.06528073956479));
#10023=CARTESIAN_POINT('Ctrl Pts',(3.69848317435833,-63.4874954999566,4.96927481007438));
#10024=CARTESIAN_POINT('Ctrl Pts',(3.69848317435833,-56.6400054000043,4.96927481007438));
#10025=CARTESIAN_POINT('Ctrl Pts',(3.91924391555342,-63.4874954999566,4.74851400595807));
#10026=CARTESIAN_POINT('Ctrl Pts',(3.91924391555342,-56.6400054000043,4.74851400595807));
#10027=CARTESIAN_POINT('Ctrl Pts',(4.01528073627127,-63.4874954999566,4.60866599350469));
#10028=CARTESIAN_POINT('Ctrl Pts',(4.01528073627127,-56.6400054000043,4.60866599350469));
#10029=CARTESIAN_POINT('Ctrl Pts',(4.14318496112375,-63.4874954999566,4.30099622614633));
#10030=CARTESIAN_POINT('Ctrl Pts',(4.14318496112375,-56.6400054000043,4.30099622614633));
#10031=CARTESIAN_POINT('Ctrl Pts',(4.17499772345655,-63.4874954999566,4.13309329526301));
#10032=CARTESIAN_POINT('Ctrl Pts',(4.17499772345655,-56.6400054000043,4.13309329526301));
#10033=CARTESIAN_POINT('Ctrl Pts',(4.1749999998704,-63.4874954999566,3.97500900000001));
#10034=CARTESIAN_POINT('Ctrl Pts',(4.1749999998704,-56.6400054000043,3.97500900000001));
#10035=CARTESIAN_POINT('',(2.92500000000018,-61.2983555812165,5.22499100000003));
#10036=CARTESIAN_POINT('',(2.925,-63.4874954999566,5.22499100000003));
#10037=CARTESIAN_POINT('Ctrl Pts',(4.1749999998704,-61.4874954999999,3.97500900000001));
#10038=CARTESIAN_POINT('Ctrl Pts',(4.17499768654311,-61.4874954999999,4.13565672895784));
#10039=CARTESIAN_POINT('Ctrl Pts',(4.14409266185179,-61.4780652901307,4.29410510127261));
#10040=CARTESIAN_POINT('Ctrl Pts',(4.02562610386792,-61.4453576787105,4.5880311881517));
#10041=CARTESIAN_POINT('Ctrl Pts',(3.94013452447014,-61.4227456604261,4.72090205329654));
#10042=CARTESIAN_POINT('Ctrl Pts',(3.7188731836932,-61.3741910317431,4.95464729290349));
#10043=CARTESIAN_POINT('Ctrl Pts',(3.58185159498487,-61.3486608035688,5.05146212837594));
#10044=CARTESIAN_POINT('Ctrl Pts',(3.34954225410113,-61.3198484811026,5.15392769104407));
#10045=CARTESIAN_POINT('Ctrl Pts',(3.26600458766303,-61.3118288934802,5.18077470029647));
#10046=CARTESIAN_POINT('Ctrl Pts',(3.09626372427865,-61.3011209215749,5.21616164147634));
#10047=CARTESIAN_POINT('Ctrl Pts',(3.01081691686159,-61.2983555812165,5.22499100000002));
#10048=CARTESIAN_POINT('Ctrl Pts',(2.925,-61.2983555812165,5.22499100000002));
#10049=CARTESIAN_POINT('Origin',(-2.925,-63.4874954999566,5.22499099999967));
#10050=CARTESIAN_POINT('',(-2.92500000000018,-61.2983555812166,5.22499099999967));
#10051=CARTESIAN_POINT('',(-2.925,-63.4874954999566,5.22499099999967));
#10052=CARTESIAN_POINT('',(-27.6,-61.2983555812166,5.22499099999968));
#10053=CARTESIAN_POINT('Origin',(-27.6,-63.4874954999566,9.45000000000001));
#10054=CARTESIAN_POINT('',(27.6,-63.4874954999567,0.749999999999176));
#10055=CARTESIAN_POINT('',(-27.6,-63.4874954999567,0.749999999999991));
#10056=CARTESIAN_POINT('',(1.33226762955018E-14,-63.4874954999567,0.749999999999176));
#10057=CARTESIAN_POINT('',(27.6,-63.4874954999566,7.45000000000001));
#10058=CARTESIAN_POINT('',(27.6,-63.4874954999566,9.45000000000002));
#10059=CARTESIAN_POINT('',(-27.6,-63.4874954999566,7.45000000000001));
#10060=CARTESIAN_POINT('',(1.33226762955018E-14,-63.4874954999566,7.45000000000001));
#10061=CARTESIAN_POINT('',(-27.6,-63.4874954999566,9.45000000000001));
#10062=CARTESIAN_POINT('',(-11.9749999999821,-63.4874954999566,5.75000899999966));
#10063=CARTESIAN_POINT('',(-24.2749999999821,-63.4874954999566,5.75000899999966));
#10064=CARTESIAN_POINT('',(-25.937499999991,-63.4874954999566,5.75000899999966));
#10065=CARTESIAN_POINT('',(-10.200000000159,-63.4874954999566,3.97498394117649));
#10066=CARTESIAN_POINT('Ctrl Pts',(-10.200000000159,-63.4874954999566,3.97498394117649));
#10067=CARTESIAN_POINT('Ctrl Pts',(-10.1999968298492,-63.4874954999566,
4.19954755211886));
#10068=CARTESIAN_POINT('Ctrl Pts',(-10.2451464529908,-63.4874954999566,
4.43798414124113));
#10069=CARTESIAN_POINT('Ctrl Pts',(-10.4268445307213,-63.4874954999566,
4.87496840002949));
#10070=CARTESIAN_POINT('Ctrl Pts',(-10.5631420760028,-63.4874954999566,
5.0734473813493));
#10071=CARTESIAN_POINT('Ctrl Pts',(-10.8766260829559,-63.4874954999566,
5.38692784211475));
#10072=CARTESIAN_POINT('Ctrl Pts',(-11.0750791614239,-63.4874954999566,
5.52317865198333));
#10073=CARTESIAN_POINT('Ctrl Pts',(-11.5119629365599,-63.4874954999566,
5.70483798704379));
#10074=CARTESIAN_POINT('Ctrl Pts',(-11.7503571849128,-63.4874954999566,
5.75000900000002));
#10075=CARTESIAN_POINT('Ctrl Pts',(-11.9749999999821,-63.4874954999566,
5.75000900000001));
#10076=CARTESIAN_POINT('',(-11.9749999999821,-63.4874954999566,2.20000900000001));
#10077=CARTESIAN_POINT('Ctrl Pts',(-11.9749999999821,-63.4874954999566,
2.20000900000001));
#10078=CARTESIAN_POINT('Ctrl Pts',(-11.7503572046473,-63.4874954999566,
2.20000900000001));
#10079=CARTESIAN_POINT('Ctrl Pts',(-11.5119628846788,-63.4874954999566,
2.24518006041151));
#10080=CARTESIAN_POINT('Ctrl Pts',(-11.075078996014,-63.4874954999566,2.42683951387962));
#10081=CARTESIAN_POINT('Ctrl Pts',(-10.8766258304732,-63.4874954999566,
2.56309047589687));
#10082=CARTESIAN_POINT('Ctrl Pts',(-10.563141792381,-63.4874954999566,2.87657114221414));
#10083=CARTESIAN_POINT('Ctrl Pts',(-10.4268442543672,-63.4874954999566,
3.07505040147456));
#10084=CARTESIAN_POINT('Ctrl Pts',(-10.2451531185076,-63.4874954999566,
3.51201815586082));
#10085=CARTESIAN_POINT('Ctrl Pts',(-10.2000031702311,-63.4874954999566,
3.75043716722863));
#10086=CARTESIAN_POINT('Ctrl Pts',(-10.200000000159,-63.4874954999566,3.97498394117649));
#10087=CARTESIAN_POINT('',(-24.2749999999821,-63.4874954999566,2.20000899999966));
#10088=CARTESIAN_POINT('',(-19.787499999991,-63.4874954999566,2.20000899999966));
#10089=CARTESIAN_POINT('',(-26.0499999999821,-63.4874954999566,3.97500900000002));
#10090=CARTESIAN_POINT('Ctrl Pts',(-26.0499999999821,-63.4874954999566,
3.97500900000002));
#10091=CARTESIAN_POINT('Ctrl Pts',(-26.0499999999821,-63.4874954999566,
3.75045490769221));
#10092=CARTESIAN_POINT('Ctrl Pts',(-26.0048499555026,-63.4874954999567,
3.51202648657733));
#10093=CARTESIAN_POINT('Ctrl Pts',(-25.8231553122095,-63.4874954999567,
3.07505074015781));
#10094=CARTESIAN_POINT('Ctrl Pts',(-25.686857742587,-63.4874954999567,2.87657155653275));
#10095=CARTESIAN_POINT('Ctrl Pts',(-25.3733737452073,-63.4874954999567,
2.5630909331005));
#10096=CARTESIAN_POINT('Ctrl Pts',(-25.1749206610393,-63.4874954999567,
2.42683992298691));
#10097=CARTESIAN_POINT('Ctrl Pts',(-24.738036901857,-63.4874954999567,2.24518038150737));
#10098=CARTESIAN_POINT('Ctrl Pts',(-24.4996427953167,-63.4874954999566,
2.20000900000002));
#10099=CARTESIAN_POINT('Ctrl Pts',(-24.2749999999821,-63.4874954999566,
2.20000900000001));
#10100=CARTESIAN_POINT('Ctrl Pts',(-24.2749999999821,-63.4874954999566,
5.75000900000002));
#10101=CARTESIAN_POINT('Ctrl Pts',(-24.4996428150513,-63.4874954999566,
5.75000900000001));
#10102=CARTESIAN_POINT('Ctrl Pts',(-24.7380369008388,-63.4874954999566,
5.70483759843812));
#10103=CARTESIAN_POINT('Ctrl Pts',(-25.1749205772082,-63.4874954999566,
5.52317809544872));
#10104=CARTESIAN_POINT('Ctrl Pts',(-25.3733735974299,-63.4874954999566,
5.38692713575719));
#10105=CARTESIAN_POINT('Ctrl Pts',(-25.686857569239,-63.4874954999566,5.07344662814146));
#10106=CARTESIAN_POINT('Ctrl Pts',(-25.8231551699184,-63.4874954999566,
4.87496747175573));
#10107=CARTESIAN_POINT('Ctrl Pts',(-26.0048498959285,-63.4874954999566,
4.43799169769901));
#10108=CARTESIAN_POINT('Ctrl Pts',(-26.0499999999821,-63.4874954999566,
4.19956322344575));
#10109=CARTESIAN_POINT('Ctrl Pts',(-26.0499999999821,-63.4874954999566,
3.97500900000002));
#10110=CARTESIAN_POINT('Origin',(-25.937499999991,-63.2374954999566,5.50000899999966));
#10111=CARTESIAN_POINT('',(-11.9749999999821,-62.9874954999566,5.25000899999966));
#10112=CARTESIAN_POINT('',(-11.9749999999821,-62.9874954999566,5.25000899999966));
#10113=CARTESIAN_POINT('',(-24.2749999999821,-62.9874954999566,5.25000900000001));
#10114=CARTESIAN_POINT('',(-24.2749999999821,-63.4874954999566,5.75000899999966));
#10115=CARTESIAN_POINT('',(-25.937499999991,-62.9874954999566,5.25000899999966));
#10116=CARTESIAN_POINT('Ctrl Pts',(-11.9749999999821,-63.4874954999566,
5.75000900000001));
#10117=CARTESIAN_POINT('Ctrl Pts',(-11.7503571849128,-63.4874954999566,
5.75000900000002));
#10118=CARTESIAN_POINT('Ctrl Pts',(-11.5119629365599,-63.4874954999566,
5.70483798704379));
#10119=CARTESIAN_POINT('Ctrl Pts',(-11.0750791614239,-63.4874954999566,
5.52317865198333));
#10120=CARTESIAN_POINT('Ctrl Pts',(-10.8766260829559,-63.4874954999566,
5.38692784211475));
#10121=CARTESIAN_POINT('Ctrl Pts',(-10.5631420760028,-63.4874954999566,
5.0734473813493));
#10122=CARTESIAN_POINT('Ctrl Pts',(-10.4268445307213,-63.4874954999566,
4.87496840002949));
#10123=CARTESIAN_POINT('Ctrl Pts',(-10.2451464529908,-63.4874954999566,
4.43798414124113));
#10124=CARTESIAN_POINT('Ctrl Pts',(-10.1999968298492,-63.4874954999566,
4.19954755211886));
#10125=CARTESIAN_POINT('Ctrl Pts',(-10.200000000159,-63.4874954999566,3.97498394117649));
#10126=CARTESIAN_POINT('Ctrl Pts',(-11.9749999999821,-63.32082883329,5.58334233333335));
#10127=CARTESIAN_POINT('Ctrl Pts',(-11.771470690127,-63.32082883329,5.58325650439041));
#10128=CARTESIAN_POINT('Ctrl Pts',(-11.5554344567151,-63.32082883329,5.54241720115851));
#10129=CARTESIAN_POINT('Ctrl Pts',(-11.1595981362989,-63.32082883329,5.37778220066667));
#10130=CARTESIAN_POINT('Ctrl Pts',(-10.9797658660051,-63.32082883329,5.25433814978443));
#10131=CARTESIAN_POINT('Ctrl Pts',(-10.6957263029745,-63.32082883329,4.97030147196706));
#10132=CARTESIAN_POINT('Ctrl Pts',(-10.5722397879246,-63.32082883329,4.79044590705647));
#10133=CARTESIAN_POINT('Ctrl Pts',(-10.4075695672749,-63.32082883329,4.39451847647552));
#10134=CARTESIAN_POINT('Ctrl Pts',(-10.3667500377201,-63.32082883329,4.17844397345769));
#10135=CARTESIAN_POINT('Ctrl Pts',(-10.366666666809,-63.32082883329,3.97498629411766));
#10136=CARTESIAN_POINT('Ctrl Pts',(-11.9749999999821,-63.1541621666233,
5.41667566666668));
#10137=CARTESIAN_POINT('Ctrl Pts',(-11.7925233459153,-63.1541621666233,
5.41676149560962));
#10138=CARTESIAN_POINT('Ctrl Pts',(-11.5989243920165,-63.1541621666233,
5.37998300193081));
#10139=CARTESIAN_POINT('Ctrl Pts',(-11.2440590143119,-63.1541621666233,
5.23247097598078));
#10140=CARTESIAN_POINT('Ctrl Pts',(-11.0828874032945,-63.1541621666233,
5.121793916948));
#10141=CARTESIAN_POINT('Ctrl Pts',(-10.8282643064901,-63.1541621666233,
4.8671740283796));
#10142=CARTESIAN_POINT('Ctrl Pts',(-10.7175494057043,-63.1541621666233,
4.70598120285337));
#10143=CARTESIAN_POINT('Ctrl Pts',(-10.570006028,-63.1541621666233,4.35103427326275));
#10144=CARTESIAN_POINT('Ctrl Pts',(-10.5332445149734,-63.1541621666233,
4.15740083440852));
#10145=CARTESIAN_POINT('Ctrl Pts',(-10.5333333334591,-63.1541621666233,
3.97498864705884));
#10146=CARTESIAN_POINT('Ctrl Pts',(-11.9749999999821,-62.9874954999566,
5.25000900000001));
#10147=CARTESIAN_POINT('Ctrl Pts',(-11.8136368511296,-62.9874954999566,
5.25000900000002));
#10148=CARTESIAN_POINT('Ctrl Pts',(-11.6423959121717,-62.9874954999566,
5.21756221604553));
#10149=CARTESIAN_POINT('Ctrl Pts',(-11.3285779891869,-62.9874954999566,
5.08707452466412));
#10150=CARTESIAN_POINT('Ctrl Pts',(-11.1860271863436,-62.9874954999566,
4.98920422461768));
#10151=CARTESIAN_POINT('Ctrl Pts',(-10.9608485334618,-62.9874954999567,
4.76402811899736));
#10152=CARTESIAN_POINT('Ctrl Pts',(-10.8629446629075,-62.9874954999567,
4.62145870988034));
#10153=CARTESIAN_POINT('Ctrl Pts',(-10.7324291422841,-62.9874954999567,
4.30756860849715));
#10154=CARTESIAN_POINT('Ctrl Pts',(-10.6999977228444,-62.9874954999566,
4.13629725574735));
#10155=CARTESIAN_POINT('Ctrl Pts',(-10.7000000001092,-62.9874954999566,
3.97499100000002));
#10156=CARTESIAN_POINT('',(-10.7000000001092,-62.9874954999566,3.97499100000001));
#10157=CARTESIAN_POINT('',(-10.7000000001092,-62.9874954999566,3.97499100000001));
#10158=CARTESIAN_POINT('Ctrl Pts',(-11.9749999999821,-62.9874954999566,
5.25000900000001));
#10159=CARTESIAN_POINT('Ctrl Pts',(-11.8136368511296,-62.9874954999566,
5.25000900000002));
#10160=CARTESIAN_POINT('Ctrl Pts',(-11.6423959121717,-62.9874954999566,
5.21756221604553));
#10161=CARTESIAN_POINT('Ctrl Pts',(-11.3285779891869,-62.9874954999566,
5.08707452466412));
#10162=CARTESIAN_POINT('Ctrl Pts',(-11.1860271863436,-62.9874954999566,
4.98920422461768));
#10163=CARTESIAN_POINT('Ctrl Pts',(-10.9608485334618,-62.9874954999567,
4.76402811899736));
#10164=CARTESIAN_POINT('Ctrl Pts',(-10.8629446629075,-62.9874954999567,
4.62145870988034));
#10165=CARTESIAN_POINT('Ctrl Pts',(-10.7324291422841,-62.9874954999567,
4.30756860849715));
#10166=CARTESIAN_POINT('Ctrl Pts',(-10.6999977228444,-62.9874954999566,
4.13629725574735));
#10167=CARTESIAN_POINT('Ctrl Pts',(-10.7000000001092,-62.9874954999566,
3.97499100000002));
#10168=CARTESIAN_POINT('Ctrl Pts',(-10.200000000159,-63.4874954999566,3.97498394117649));
#10169=CARTESIAN_POINT('Ctrl Pts',(-10.2000031702311,-63.4874954999566,
3.75043716722863));
#10170=CARTESIAN_POINT('Ctrl Pts',(-10.2451531185076,-63.4874954999566,
3.51201815586082));
#10171=CARTESIAN_POINT('Ctrl Pts',(-10.4268442543672,-63.4874954999566,
3.07505040147456));
#10172=CARTESIAN_POINT('Ctrl Pts',(-10.563141792381,-63.4874954999566,2.87657114221414));
#10173=CARTESIAN_POINT('Ctrl Pts',(-10.8766258304732,-63.4874954999566,
2.56309047589687));
#10174=CARTESIAN_POINT('Ctrl Pts',(-11.075078996014,-63.4874954999566,2.42683951387962));
#10175=CARTESIAN_POINT('Ctrl Pts',(-11.5119628846788,-63.4874954999566,
2.24518006041151));
#10176=CARTESIAN_POINT('Ctrl Pts',(-11.7503572046473,-63.4874954999566,
2.20000900000001));
#10177=CARTESIAN_POINT('Ctrl Pts',(-11.9749999999821,-63.4874954999566,
2.20000900000001));
#10178=CARTESIAN_POINT('Ctrl Pts',(-10.366666666809,-63.32082883329,3.97498629411766));
#10179=CARTESIAN_POINT('Ctrl Pts',(-10.3667557633501,-63.32082883329,3.77154406674466));
#10180=CARTESIAN_POINT('Ctrl Pts',(-10.407575593216,-63.3208288332899,3.55548532597693));
#10181=CARTESIAN_POINT('Ctrl Pts',(-10.5722395298946,-63.3208288332899,
3.15957287566984));
#10182=CARTESIAN_POINT('Ctrl Pts',(-10.6957260309409,-63.32082883329,2.9797170316446));
#10183=CARTESIAN_POINT('Ctrl Pts',(-10.9797656278262,-63.32082883329,2.69568016081264));
#10184=CARTESIAN_POINT('Ctrl Pts',(-11.1595979766038,-63.32082883329,2.57223596165955));
#10185=CARTESIAN_POINT('Ctrl Pts',(-11.555434404814,-63.32082883329,2.40760084723849));
#10186=CARTESIAN_POINT('Ctrl Pts',(-11.7714707075733,-63.32082883329,2.3667614954518));
#10187=CARTESIAN_POINT('Ctrl Pts',(-11.9749999999821,-63.32082883329,2.36667566666668));
#10188=CARTESIAN_POINT('Ctrl Pts',(-10.5333333334591,-63.1541621666233,
3.97498864705884));
#10189=CARTESIAN_POINT('Ctrl Pts',(-10.5332496840841,-63.1541621666233,
3.79258993891584));
#10190=CARTESIAN_POINT('Ctrl Pts',(-10.5700114554822,-63.1541621666233,
3.59897094184029));
#10191=CARTESIAN_POINT('Ctrl Pts',(-10.7175491888721,-63.1541621666233,
3.24403739165259));
#10192=CARTESIAN_POINT('Ctrl Pts',(-10.8282640911735,-63.1541621666233,
3.08284436765289));
#10193=CARTESIAN_POINT('Ctrl Pts',(-11.0828872076297,-63.1541621666233,
2.82822431889748));
#10194=CARTESIAN_POINT('Ctrl Pts',(-11.2440588897813,-63.1541621666233,
2.71754714669698));
#10195=CARTESIAN_POINT('Ctrl Pts',(-11.5989243547698,-63.1541621666233,
2.5700350312151));
#10196=CARTESIAN_POINT('Ctrl Pts',(-11.7925233623789,-63.1541621666233,
2.53325650454823));
#10197=CARTESIAN_POINT('Ctrl Pts',(-11.9749999999821,-63.1541621666233,
2.53334233333335));
#10198=CARTESIAN_POINT('Ctrl Pts',(-10.7000000001092,-62.9874954999566,
3.97499100000001));
#10199=CARTESIAN_POINT('Ctrl Pts',(-10.7000022772032,-62.9874954999566,
3.81369683843187));
#10200=CARTESIAN_POINT('Ctrl Pts',(-10.7324339301906,-62.9874954999566,
3.64243811195641));
#10201=CARTESIAN_POINT('Ctrl Pts',(-10.8629444643996,-62.9874954999566,
3.32855986584787));
#10202=CARTESIAN_POINT('Ctrl Pts',(-10.9608483297334,-62.9874954999566,
3.18599025708335));
#10203=CARTESIAN_POINT('Ctrl Pts',(-11.1860270049827,-62.9874954999566,
2.96081400381325));
#10204=CARTESIAN_POINT('Ctrl Pts',(-11.3285778703712,-62.9874954999566,
2.8629435944769));
#10205=CARTESIAN_POINT('Ctrl Pts',(-11.642395874905,-62.9874954999566,2.73245581804208));
#10206=CARTESIAN_POINT('Ctrl Pts',(-11.8136368653049,-62.9874954999566,
2.70000900000001));
#10207=CARTESIAN_POINT('Ctrl Pts',(-11.9749999999821,-62.9874954999566,
2.70000900000001));
#10208=CARTESIAN_POINT('',(-11.9749999999821,-62.9874954999566,2.70000900000001));
#10209=CARTESIAN_POINT('',(-11.9749999999821,-62.9874954999566,2.70000900000001));
#10210=CARTESIAN_POINT('Ctrl Pts',(-10.7000000001092,-62.9874954999566,
3.97499100000001));
#10211=CARTESIAN_POINT('Ctrl Pts',(-10.7000022772032,-62.9874954999566,
3.81369683843187));
#10212=CARTESIAN_POINT('Ctrl Pts',(-10.7324339301906,-62.9874954999566,
3.64243811195641));
#10213=CARTESIAN_POINT('Ctrl Pts',(-10.8629444643996,-62.9874954999566,
3.32855986584787));
#10214=CARTESIAN_POINT('Ctrl Pts',(-10.9608483297334,-62.9874954999566,
3.18599025708335));
#10215=CARTESIAN_POINT('Ctrl Pts',(-11.1860270049827,-62.9874954999566,
2.96081400381325));
#10216=CARTESIAN_POINT('Ctrl Pts',(-11.3285778703712,-62.9874954999566,
2.8629435944769));
#10217=CARTESIAN_POINT('Ctrl Pts',(-11.642395874905,-62.9874954999566,2.73245581804208));
#10218=CARTESIAN_POINT('Ctrl Pts',(-11.8136368653049,-62.9874954999566,
2.70000900000001));
#10219=CARTESIAN_POINT('Ctrl Pts',(-11.9749999999821,-62.9874954999566,
2.70000900000001));
#10220=CARTESIAN_POINT('Origin',(-19.787499999991,-63.2374954999566,2.45000899999966));
#10221=CARTESIAN_POINT('',(-24.2749999999821,-62.9874954999566,2.70000900000001));
#10222=CARTESIAN_POINT('',(-24.2749999999821,-62.9874954999566,2.70000900000001));
#10223=CARTESIAN_POINT('',(-19.787499999991,-62.9874954999566,2.70000899999966));
#10224=CARTESIAN_POINT('Ctrl Pts',(-24.2749999999821,-63.4874954999566,
2.20000900000001));
#10225=CARTESIAN_POINT('Ctrl Pts',(-24.4996427953167,-63.4874954999566,
2.20000900000002));
#10226=CARTESIAN_POINT('Ctrl Pts',(-24.738036901857,-63.4874954999567,2.24518038150737));
#10227=CARTESIAN_POINT('Ctrl Pts',(-25.1749206610393,-63.4874954999567,
2.42683992298691));
#10228=CARTESIAN_POINT('Ctrl Pts',(-25.3733737452073,-63.4874954999567,
2.5630909331005));
#10229=CARTESIAN_POINT('Ctrl Pts',(-25.686857742587,-63.4874954999567,2.87657155653275));
#10230=CARTESIAN_POINT('Ctrl Pts',(-25.8231553122095,-63.4874954999567,
3.07505074015781));
#10231=CARTESIAN_POINT('Ctrl Pts',(-26.0048499555026,-63.4874954999567,
3.51202648657733));
#10232=CARTESIAN_POINT('Ctrl Pts',(-26.0499999999821,-63.4874954999566,
3.75045490769221));
#10233=CARTESIAN_POINT('Ctrl Pts',(-26.0499999999821,-63.4874954999566,
3.97500900000002));
#10234=CARTESIAN_POINT('Ctrl Pts',(-24.2749999999821,-63.32082883329,2.36667566666668));
#10235=CARTESIAN_POINT('Ctrl Pts',(-24.4785292921707,-63.32082883329,2.36676149555012));
#10236=CARTESIAN_POINT('Ctrl Pts',(-24.6945653820421,-63.32082883329,2.40760116819116));
#10237=CARTESIAN_POINT('Ctrl Pts',(-25.0904016799761,-63.32082883329,2.57223637097837));
#10238=CARTESIAN_POINT('Ctrl Pts',(-25.2702339487907,-63.32082883329,2.69568061759778));
#10239=CARTESIAN_POINT('Ctrl Pts',(-25.5542735025368,-63.32082883329,2.97971744662915));
#10240=CARTESIAN_POINT('Ctrl Pts',(-25.677760039785,-63.32082883329,3.15957321296743));
#10241=CARTESIAN_POINT('Ctrl Pts',(-25.8424271589643,-63.32082883329,3.55549289538539));
#10242=CARTESIAN_POINT('Ctrl Pts',(-25.8832470995214,-63.32082883329,3.77156014161204));
#10243=CARTESIAN_POINT('Ctrl Pts',(-25.8833333333154,-63.32082883329,3.97500900000002));
#10244=CARTESIAN_POINT('Ctrl Pts',(-24.2749999999821,-63.1541621666233,
2.53334233333335));
#10245=CARTESIAN_POINT('Ctrl Pts',(-24.4574766378053,-63.1541621666233,
2.53325650444991));
#10246=CARTESIAN_POINT('Ctrl Pts',(-24.6510754915663,-63.1541621666233,
2.57003526200462));
#10247=CARTESIAN_POINT('Ctrl Pts',(-25.0059408643399,-63.1541621666234,
2.71754744035125));
#10248=CARTESIAN_POINT('Ctrl Pts',(-25.1671124866309,-63.1541621666234,
2.82822464772989));
#10249=CARTESIAN_POINT('Ctrl Pts',(-25.4217355762696,-63.1541621666233,
3.08284466459608));
#10250=CARTESIAN_POINT('Ctrl Pts',(-25.5324504966825,-63.1541621666233,
3.24403763631781));
#10251=CARTESIAN_POINT('Ctrl Pts',(-25.6799910744295,-63.1541621666233,
3.59897768718411));
#10252=CARTESIAN_POINT('Ctrl Pts',(-25.7167529004428,-63.1541621666233,
3.79260434766191));
#10253=CARTESIAN_POINT('Ctrl Pts',(-25.7166666666488,-63.1541621666233,
3.97500900000002));
#10254=CARTESIAN_POINT('Ctrl Pts',(-24.2749999999821,-62.9874954999566,
2.70000900000001));
#10255=CARTESIAN_POINT('Ctrl Pts',(-24.4363631346593,-62.9874954999566,
2.70000900000001));
#10256=CARTESIAN_POINT('Ctrl Pts',(-24.6076039717514,-62.9874954999567,
2.73245604868841));
#10257=CARTESIAN_POINT('Ctrl Pts',(-24.9214218832768,-62.9874954999567,
2.86294388834271));
#10258=CARTESIAN_POINT('Ctrl Pts',(-25.0639726902143,-62.9874954999567,
2.96081433222717));
#10259=CARTESIAN_POINT('Ctrl Pts',(-25.2891513362194,-62.9874954999567,
3.18599055469248));
#10260=CARTESIAN_POINT('Ctrl Pts',(-25.3870552242581,-62.9874954999567,
3.32856010912743));
#10261=CARTESIAN_POINT('Ctrl Pts',(-25.5175682778912,-62.9874954999567,
3.64244409599217));
#10262=CARTESIAN_POINT('Ctrl Pts',(-25.5499999999821,-62.9874954999566,
3.81370958158174));
#10263=CARTESIAN_POINT('Ctrl Pts',(-25.5499999999821,-62.9874954999566,
3.97500900000001));
#10264=CARTESIAN_POINT('',(-25.5499999999821,-62.9874954999566,3.97500900000001));
#10265=CARTESIAN_POINT('',(-25.5499999999821,-62.9874954999566,3.97500900000001));
#10266=CARTESIAN_POINT('Ctrl Pts',(-24.2749999999821,-62.9874954999566,
2.70000900000001));
#10267=CARTESIAN_POINT('Ctrl Pts',(-24.4363631346593,-62.9874954999566,
2.70000900000001));
#10268=CARTESIAN_POINT('Ctrl Pts',(-24.6076039717514,-62.9874954999567,
2.73245604868841));
#10269=CARTESIAN_POINT('Ctrl Pts',(-24.9214218832768,-62.9874954999567,
2.86294388834271));
#10270=CARTESIAN_POINT('Ctrl Pts',(-25.0639726902143,-62.9874954999567,
2.96081433222717));
#10271=CARTESIAN_POINT('Ctrl Pts',(-25.2891513362194,-62.9874954999567,
3.18599055469248));
#10272=CARTESIAN_POINT('Ctrl Pts',(-25.3870552242581,-62.9874954999567,
3.32856010912743));
#10273=CARTESIAN_POINT('Ctrl Pts',(-25.5175682778912,-62.9874954999567,
3.64244409599217));
#10274=CARTESIAN_POINT('Ctrl Pts',(-25.5499999999821,-62.9874954999566,
3.81370958158174));
#10275=CARTESIAN_POINT('Ctrl Pts',(-25.5499999999821,-62.9874954999566,
3.97500900000001));
#10276=CARTESIAN_POINT('Ctrl Pts',(-26.0499999999821,-63.4874954999566,
3.97500900000002));
#10277=CARTESIAN_POINT('Ctrl Pts',(-26.0499999999821,-63.4874954999566,
4.19956322344575));
#10278=CARTESIAN_POINT('Ctrl Pts',(-26.0048498959285,-63.4874954999566,
4.43799169769901));
#10279=CARTESIAN_POINT('Ctrl Pts',(-25.8231551699184,-63.4874954999566,
4.87496747175573));
#10280=CARTESIAN_POINT('Ctrl Pts',(-25.686857569239,-63.4874954999566,5.07344662814146));
#10281=CARTESIAN_POINT('Ctrl Pts',(-25.3733735974299,-63.4874954999566,
5.38692713575719));
#10282=CARTESIAN_POINT('Ctrl Pts',(-25.1749205772082,-63.4874954999566,
5.52317809544872));
#10283=CARTESIAN_POINT('Ctrl Pts',(-24.7380369008388,-63.4874954999566,
5.70483759843812));
#10284=CARTESIAN_POINT('Ctrl Pts',(-24.4996428150513,-63.4874954999566,
5.75000900000001));
#10285=CARTESIAN_POINT('Ctrl Pts',(-24.2749999999821,-63.4874954999566,
5.75000900000002));
#10286=CARTESIAN_POINT('Ctrl Pts',(-25.8833333333154,-63.32082883329,3.97500900000001));
#10287=CARTESIAN_POINT('Ctrl Pts',(-25.8832470996276,-63.32082883329,4.17845797723853));
#10288=CARTESIAN_POINT('Ctrl Pts',(-25.842427103793,-63.32082883329,4.39452527080982));
#10289=CARTESIAN_POINT('Ctrl Pts',(-25.6777599094365,-63.3208288332899,
4.79044497785587));
#10290=CARTESIAN_POINT('Ctrl Pts',(-25.5542733438386,-63.3208288332899,
4.97030071921155));
#10291=CARTESIAN_POINT('Ctrl Pts',(-25.2702338133937,-63.3208288332899,
5.25433744314214));
#10292=CARTESIAN_POINT('Ctrl Pts',(-25.0904016028322,-63.3208288332899,
5.37778164427608));
#10293=CARTESIAN_POINT('Ctrl Pts',(-24.6945653803459,-63.3208288332899,
5.54241681245535));
#10294=CARTESIAN_POINT('Ctrl Pts',(-24.4785293100689,-63.32082883329,5.58325650445736));
#10295=CARTESIAN_POINT('Ctrl Pts',(-24.2749999999821,-63.32082883329,5.58334233333335));
#10296=CARTESIAN_POINT('Ctrl Pts',(-25.7166666666488,-63.1541621666233,
3.97500900000001));
#10297=CARTESIAN_POINT('Ctrl Pts',(-25.7167529003366,-63.1541621666233,
4.15741375882324));
#10298=CARTESIAN_POINT('Ctrl Pts',(-25.6799910272341,-63.1541621666233,
4.35104046326453));
#10299=CARTESIAN_POINT('Ctrl Pts',(-25.5324503825308,-63.1541621666233,
4.70598053699205));
#10300=CARTESIAN_POINT('Ctrl Pts',(-25.4217354371022,-63.1541621666233,
4.86717348689072));
#10301=CARTESIAN_POINT('Ctrl Pts',(-25.1671123681006,-63.1541621666233,
5.12179340984908));
#10302=CARTESIAN_POINT('Ctrl Pts',(-25.0059407974362,-63.1541621666233,
5.23247057607241));
#10303=CARTESIAN_POINT('Ctrl Pts',(-24.6510754915129,-63.1541621666233,
5.37998272288906));
#10304=CARTESIAN_POINT('Ctrl Pts',(-24.457476653817,-63.1541621666233,5.41676149554267));
#10305=CARTESIAN_POINT('Ctrl Pts',(-24.2749999999821,-63.1541621666233,
5.41667566666668));
#10306=CARTESIAN_POINT('Ctrl Pts',(-25.5499999999821,-62.9874954999566,
3.97500900000001));
#10307=CARTESIAN_POINT('Ctrl Pts',(-25.5499999999821,-62.9874954999566,
4.13630851261602));
#10308=CARTESIAN_POINT('Ctrl Pts',(-25.5175682350986,-62.9874954999566,
4.30757403637534));
#10309=CARTESIAN_POINT('Ctrl Pts',(-25.387055122049,-62.9874954999566,4.6214580430922));
#10310=CARTESIAN_POINT('Ctrl Pts',(-25.2891512117019,-62.9874954999566,
4.7640275779608));
#10311=CARTESIAN_POINT('Ctrl Pts',(-25.0639725840644,-62.9874954999566,
4.98920371723403));
#10312=CARTESIAN_POINT('Ctrl Pts',(-24.9214218230601,-62.9874954999566,
5.08707412489977));
#10313=CARTESIAN_POINT('Ctrl Pts',(-24.60760397102,-62.9874954999566,5.21756193690628));
#10314=CARTESIAN_POINT('Ctrl Pts',(-24.4363631488346,-62.9874954999566,
5.25000900000002));
#10315=CARTESIAN_POINT('Ctrl Pts',(-24.2749999999821,-62.9874954999566,
5.25000900000002));
#10316=CARTESIAN_POINT('Ctrl Pts',(-25.5499999999821,-62.9874954999566,
3.97500900000001));
#10317=CARTESIAN_POINT('Ctrl Pts',(-25.5499999999821,-62.9874954999566,
4.13630851261602));
#10318=CARTESIAN_POINT('Ctrl Pts',(-25.5175682350986,-62.9874954999566,
4.30757403637534));
#10319=CARTESIAN_POINT('Ctrl Pts',(-25.387055122049,-62.9874954999566,4.6214580430922));
#10320=CARTESIAN_POINT('Ctrl Pts',(-25.2891512117019,-62.9874954999566,
4.7640275779608));
#10321=CARTESIAN_POINT('Ctrl Pts',(-25.0639725840644,-62.9874954999566,
4.98920371723403));
#10322=CARTESIAN_POINT('Ctrl Pts',(-24.9214218230601,-62.9874954999566,
5.08707412489977));
#10323=CARTESIAN_POINT('Ctrl Pts',(-24.60760397102,-62.9874954999566,5.21756193690628));
#10324=CARTESIAN_POINT('Ctrl Pts',(-24.4363631488346,-62.9874954999566,
5.25000900000002));
#10325=CARTESIAN_POINT('Ctrl Pts',(-24.2749999999821,-62.9874954999566,
5.25000900000002));
#10326=CARTESIAN_POINT('Ctrl Pts',(-10.7000000001092,-63.4874954999566,
3.97499100000001));
#10327=CARTESIAN_POINT('Ctrl Pts',(-10.7000000001092,-56.4874954999566,
3.97499100000001));
#10328=CARTESIAN_POINT('Ctrl Pts',(-10.7000022772032,-63.4874954999566,
3.81369683843187));
#10329=CARTESIAN_POINT('Ctrl Pts',(-10.7000022772032,-56.4874954999566,
3.81369683843187));
#10330=CARTESIAN_POINT('Ctrl Pts',(-10.7324701925822,-63.4874954999566,
3.64241455478238));
#10331=CARTESIAN_POINT('Ctrl Pts',(-10.7324701925822,-56.4874954999566,
3.64241455478238));
#10332=CARTESIAN_POINT('Ctrl Pts',(-10.8629473101889,-63.4874954999566,
3.32860331041146));
#10333=CARTESIAN_POINT('Ctrl Pts',(-10.8629473101889,-56.4874954999566,
3.32860331041146));
#10334=CARTESIAN_POINT('Ctrl Pts',(-10.9608983748927,-63.4874954999566,
3.18598836580785));
#10335=CARTESIAN_POINT('Ctrl Pts',(-10.9608983748927,-56.4874954999566,
3.18598836580785));
#10336=CARTESIAN_POINT('Ctrl Pts',(-11.1860235262538,-63.4874954999566,
2.96086314894558));
#10337=CARTESIAN_POINT('Ctrl Pts',(-11.1860235262538,-56.4874954999566,
2.96086314894558));
#10338=CARTESIAN_POINT('Ctrl Pts',(-11.3286206727806,-63.4874954999566,
2.86294628661912));
#10339=CARTESIAN_POINT('Ctrl Pts',(-11.3286206727806,-56.4874954999566,
2.86294628661912));
#10340=CARTESIAN_POINT('Ctrl Pts',(-11.6423722486262,-63.4874954999566,
2.73249210331562));
#10341=CARTESIAN_POINT('Ctrl Pts',(-11.6423722486262,-56.4874954999566,
2.73249210331562));
#10342=CARTESIAN_POINT('Ctrl Pts',(-11.8136368653049,-63.4874954999566,
2.70000900000001));
#10343=CARTESIAN_POINT('Ctrl Pts',(-11.8136368653049,-56.4874954999566,
2.70000900000001));
#10344=CARTESIAN_POINT('Ctrl Pts',(-11.9749999999821,-63.4874954999566,
2.70000900000001));
#10345=CARTESIAN_POINT('Ctrl Pts',(-11.9749999999821,-56.4874954999566,
2.70000900000001));
#10346=CARTESIAN_POINT('',(-10.7000000001092,-61.4874954999568,3.97499100000001));
#10347=CARTESIAN_POINT('',(-10.7000000001092,-63.4874954999566,3.97499100000001));
#10348=CARTESIAN_POINT('',(-11.9749999999821,-61.2905275696201,2.70000900000001));
#10349=CARTESIAN_POINT('Ctrl Pts',(-11.9749999999821,-61.2905275696201,
2.70000900000001));
#10350=CARTESIAN_POINT('Ctrl Pts',(-11.8101803381213,-61.2905275696201,
2.70000900000001));
#10351=CARTESIAN_POINT('Ctrl Pts',(-11.6477652415495,-61.3009873042521,
2.73188564710787));
#10352=CARTESIAN_POINT('Ctrl Pts',(-11.3472062333239,-61.3364773630077,
2.85372320253367));
#10353=CARTESIAN_POINT('Ctrl Pts',(-11.2116174463303,-61.3606697783955,
2.94140463263086));
#10354=CARTESIAN_POINT('Ctrl Pts',(-10.9737941301333,-61.4113725493666,
3.1677409060381));
#10355=CARTESIAN_POINT('Ctrl Pts',(-10.8754872267942,-61.4373804585639,
3.30753898335484));
#10356=CARTESIAN_POINT('Ctrl Pts',(-10.7716670707085,-61.4662858031155,
3.54431660004514));
#10357=CARTESIAN_POINT('Ctrl Pts',(-10.7445351380661,-61.4742359905338,
3.62927310761363));
#10358=CARTESIAN_POINT('Ctrl Pts',(-10.7088805854248,-61.4847913879421,
3.80154083228347));
#10359=CARTESIAN_POINT('Ctrl Pts',(-10.7000012269669,-61.4874954999568,
3.88808857796801));
#10360=CARTESIAN_POINT('Ctrl Pts',(-10.7000000001092,-61.4874954999568,
3.97499100000001));
#10361=CARTESIAN_POINT('',(-11.9749999999821,-63.4874954999566,2.70000900000001));
#10362=CARTESIAN_POINT('Ctrl Pts',(-11.9749999999821,-63.4874954999566,
5.25000900000001));
#10363=CARTESIAN_POINT('Ctrl Pts',(-11.9749999999821,-56.4874954999566,
5.25000900000001));
#10364=CARTESIAN_POINT('Ctrl Pts',(-11.8136368511295,-63.4874954999566,
5.25000900000001));
#10365=CARTESIAN_POINT('Ctrl Pts',(-11.8136368511295,-56.4874954999566,
5.25000900000001));
#10366=CARTESIAN_POINT('Ctrl Pts',(-11.6423722436646,-63.4874954999566,
5.21752589103585));
#10367=CARTESIAN_POINT('Ctrl Pts',(-11.6423722436646,-56.4874954999566,
5.21752589103585));
#10368=CARTESIAN_POINT('Ctrl Pts',(-11.3286207236131,-63.4874954999566,
5.08707173810205));
#10369=CARTESIAN_POINT('Ctrl Pts',(-11.3286207236131,-56.4874954999566,
5.08707173810205));
#10370=CARTESIAN_POINT('Ctrl Pts',(-11.1860236210965,-63.4874954999566,
4.98915491314007));
#10371=CARTESIAN_POINT('Ctrl Pts',(-11.1860236210965,-56.4874954999566,
4.98915491314007));
#10372=CARTESIAN_POINT('Ctrl Pts',(-10.960898486514,-63.4874954999566,4.76402977855759));
#10373=CARTESIAN_POINT('Ctrl Pts',(-10.960898486514,-56.4874954999566,4.76402977855759));
#10374=CARTESIAN_POINT('Ctrl Pts',(-10.8629474008649,-63.4874954999566,
4.62141485131176));
#10375=CARTESIAN_POINT('Ctrl Pts',(-10.8629474008649,-56.4874954999566,
4.62141485131176));
#10376=CARTESIAN_POINT('Ctrl Pts',(-10.7324677997904,-63.4874954999566,
4.307597746663));
#10377=CARTESIAN_POINT('Ctrl Pts',(-10.7324677997904,-56.4874954999566,
4.307597746663));
#10378=CARTESIAN_POINT('Ctrl Pts',(-10.6999999999821,-63.4874954999566,
4.13630851261602));
#10379=CARTESIAN_POINT('Ctrl Pts',(-10.6999999999821,-56.4874954999566,
4.13630851261602));
#10380=CARTESIAN_POINT('Ctrl Pts',(-10.6999999999821,-63.4874954999566,
3.97500300001384));
#10381=CARTESIAN_POINT('Ctrl Pts',(-10.6999999999821,-56.4874954999566,
3.97500300001384));
#10382=CARTESIAN_POINT('Ctrl Pts',(-10.7000000000244,-63.4874954999566,
3.97499700001384));
#10383=CARTESIAN_POINT('Ctrl Pts',(-10.7000000000244,-56.4874954999566,
3.97499700001384));
#10384=CARTESIAN_POINT('Ctrl Pts',(-10.7000000001092,-63.4874954999566,
3.97499100000001));
#10385=CARTESIAN_POINT('Ctrl Pts',(-10.7000000001092,-56.4874954999566,
3.97499100000001));
#10386=CARTESIAN_POINT('',(-11.9749999999821,-61.2905218721176,5.25000899999966));
#10387=CARTESIAN_POINT('',(-11.9749999999821,-63.4874954999566,5.25000899999966));
#10388=CARTESIAN_POINT('Ctrl Pts',(-10.7000000001092,-61.4874954999616,
3.97499100000001));
#10389=CARTESIAN_POINT('Ctrl Pts',(-10.6999976896563,-61.4874961972003,
4.13864807875578));
#10390=CARTESIAN_POINT('Ctrl Pts',(-10.7314356447884,-61.4777126125316,
4.30004369432985));
#10391=CARTESIAN_POINT('Ctrl Pts',(-10.852115282671,-61.4437108849812,4.59993401857319));
#10392=CARTESIAN_POINT('Ctrl Pts',(-10.9394156070046,-61.4201412023942,
4.73568194162232));
#10393=CARTESIAN_POINT('Ctrl Pts',(-11.1652643153772,-61.3695432795238,
4.97427512752219));
#10394=CARTESIAN_POINT('Ctrl Pts',(-11.3050635276009,-61.3429387497832,
5.07305073747771));
#10395=CARTESIAN_POINT('Ctrl Pts',(-11.5421872042367,-61.3128991626799,
5.17761204225983));
#10396=CARTESIAN_POINT('Ctrl Pts',(-11.6275167425391,-61.3045338034099,
5.20501440884626));
#10397=CARTESIAN_POINT('Ctrl Pts',(-11.8006325624946,-61.2933940190862,
5.24103599358406));
#10398=CARTESIAN_POINT('Ctrl Pts',(-11.8876253594114,-61.2905218721175,
5.25000900000001));
#10399=CARTESIAN_POINT('Ctrl Pts',(-11.9749999999821,-61.2905218721175,
5.25000900000001));
#10400=CARTESIAN_POINT('Origin',(-24.2749999999821,-63.4874954999566,5.25000899999966));
#10401=CARTESIAN_POINT('',(-24.2749999999821,-61.2905218721175,5.25000900000001));
#10402=CARTESIAN_POINT('',(-24.2749999999821,-63.4874954999566,5.25000900000001));
#10403=CARTESIAN_POINT('',(-27.6,-61.2905218721176,5.25000899999966));
#10404=CARTESIAN_POINT('Ctrl Pts',(-25.5499999999821,-63.4874954999566,
3.97500900000001));
#10405=CARTESIAN_POINT('Ctrl Pts',(-25.5499999999821,-56.4874954999566,
3.97500900000001));
#10406=CARTESIAN_POINT('Ctrl Pts',(-25.5499999999821,-63.4874954999566,
4.13630851261602));
#10407=CARTESIAN_POINT('Ctrl Pts',(-25.5499999999821,-56.4874954999566,
4.13630851261602));
#10408=CARTESIAN_POINT('Ctrl Pts',(-25.5175322001738,-63.4874954999566,
4.307597746663));
#10409=CARTESIAN_POINT('Ctrl Pts',(-25.5175322001738,-56.4874954999566,
4.307597746663));
#10410=CARTESIAN_POINT('Ctrl Pts',(-25.3870525990993,-63.4874954999566,
4.62141485131177));
#10411=CARTESIAN_POINT('Ctrl Pts',(-25.3870525990993,-56.4874954999566,
4.62141485131177));
#10412=CARTESIAN_POINT('Ctrl Pts',(-25.2891015134502,-63.4874954999566,
4.76402977855759));
#10413=CARTESIAN_POINT('Ctrl Pts',(-25.2891015134502,-56.4874954999566,
4.76402977855759));
#10414=CARTESIAN_POINT('Ctrl Pts',(-25.0639763788677,-63.4874954999566,
4.98915491314007));
#10415=CARTESIAN_POINT('Ctrl Pts',(-25.0639763788677,-56.4874954999566,
4.98915491314007));
#10416=CARTESIAN_POINT('Ctrl Pts',(-24.921379276351,-63.4874954999566,5.08707173810205));
#10417=CARTESIAN_POINT('Ctrl Pts',(-24.921379276351,-56.4874954999566,5.08707173810205));
#10418=CARTESIAN_POINT('Ctrl Pts',(-24.6076277562996,-63.4874954999566,
5.21752589103585));
#10419=CARTESIAN_POINT('Ctrl Pts',(-24.6076277562996,-56.4874954999566,
5.21752589103585));
#10420=CARTESIAN_POINT('Ctrl Pts',(-24.4363631488346,-63.4874954999566,
5.25000900000001));
#10421=CARTESIAN_POINT('Ctrl Pts',(-24.4363631488346,-56.4874954999566,
5.25000900000001));
#10422=CARTESIAN_POINT('Ctrl Pts',(-24.2749999999821,-63.4874954999566,
5.25000900000001));
#10423=CARTESIAN_POINT('Ctrl Pts',(-24.2749999999821,-56.4874954999566,
5.25000900000001));
#10424=CARTESIAN_POINT('',(-25.5499999999821,-61.4874954999999,3.97500900000001));
#10425=CARTESIAN_POINT('',(-25.5499999999821,-63.4874954999566,3.97500900000001));
#10426=CARTESIAN_POINT('Ctrl Pts',(-24.2749999999821,-61.2905218721175,
5.25000900000001));
#10427=CARTESIAN_POINT('Ctrl Pts',(-24.4398194165222,-61.2905218721175,
5.25000900000001));
#10428=CARTESIAN_POINT('Ctrl Pts',(-24.6022342555286,-61.3009817320114,
5.21813244934776));
#10429=CARTESIAN_POINT('Ctrl Pts',(-24.902792985415,-61.3364722919451,5.09629521946454));
#10430=CARTESIAN_POINT('Ctrl Pts',(-25.0383817210611,-61.3606650867502,
5.00861395875577));
#10431=CARTESIAN_POINT('Ctrl Pts',(-25.2762052259702,-61.4113688893245,
4.78227791921829));
#10432=CARTESIAN_POINT('Ctrl Pts',(-25.374512314795,-61.4373774609544,4.64247980572369));
#10433=CARTESIAN_POINT('Ctrl Pts',(-25.4783339686936,-61.4662842468427,
4.4056991633997));
#10434=CARTESIAN_POINT('Ctrl Pts',(-25.5054666312107,-61.4742350302129,
4.32073944205794));
#10435=CARTESIAN_POINT('Ctrl Pts',(-25.5411212457394,-61.4847911980407,
4.1484653060209));
#10436=CARTESIAN_POINT('Ctrl Pts',(-25.5499999999821,-61.4874954999999,
4.06191444736575));
#10437=CARTESIAN_POINT('Ctrl Pts',(-25.5499999999821,-61.4874954999999,
3.97500900000001));
#10438=CARTESIAN_POINT('Ctrl Pts',(-24.2749999999821,-63.4874954999566,
2.70000900000001));
#10439=CARTESIAN_POINT('Ctrl Pts',(-24.2749999999821,-56.4874954999566,
2.70000900000001));
#10440=CARTESIAN_POINT('Ctrl Pts',(-24.4363631346593,-63.4874954999566,
2.70000900000001));
#10441=CARTESIAN_POINT('Ctrl Pts',(-24.4363631346593,-56.4874954999566,
2.70000900000001));
#10442=CARTESIAN_POINT('Ctrl Pts',(-24.607627751338,-63.4874954999566,2.73249210331562));
#10443=CARTESIAN_POINT('Ctrl Pts',(-24.607627751338,-56.4874954999566,2.73249210331562));
#10444=CARTESIAN_POINT('Ctrl Pts',(-24.9213793271836,-63.4874954999566,
2.86294628661912));
#10445=CARTESIAN_POINT('Ctrl Pts',(-24.9213793271836,-56.4874954999566,
2.86294628661912));
#10446=CARTESIAN_POINT('Ctrl Pts',(-25.0639764737104,-63.4874954999566,
2.96086314894558));
#10447=CARTESIAN_POINT('Ctrl Pts',(-25.0639764737104,-56.4874954999566,
2.96086314894558));
#10448=CARTESIAN_POINT('Ctrl Pts',(-25.2891016250715,-63.4874954999566,
3.18598836580785));
#10449=CARTESIAN_POINT('Ctrl Pts',(-25.2891016250715,-56.4874954999566,
3.18598836580785));
#10450=CARTESIAN_POINT('Ctrl Pts',(-25.3870526897753,-63.4874954999566,
3.32860331041145));
#10451=CARTESIAN_POINT('Ctrl Pts',(-25.3870526897753,-56.4874954999566,
3.32860331041145));
#10452=CARTESIAN_POINT('Ctrl Pts',(-25.517532234159,-63.4874954999566,3.64242039143748));
#10453=CARTESIAN_POINT('Ctrl Pts',(-25.517532234159,-56.4874954999566,3.64242039143748));
#10454=CARTESIAN_POINT('Ctrl Pts',(-25.5499999999821,-63.4874954999566,
3.81370958158174));
#10455=CARTESIAN_POINT('Ctrl Pts',(-25.5499999999821,-56.4874954999566,
3.81370958158174));
#10456=CARTESIAN_POINT('Ctrl Pts',(-25.5499999999821,-63.4874954999566,
3.97500900000001));
#10457=CARTESIAN_POINT('Ctrl Pts',(-25.5499999999821,-56.4874954999566,
3.97500900000001));
#10458=CARTESIAN_POINT('',(-24.2749999999821,-61.2905275696201,2.70000900000001));
#10459=CARTESIAN_POINT('',(-24.2749999999821,-63.4874954999566,2.70000900000001));
#10460=CARTESIAN_POINT('',(-25.5499999998386,-61.4874954999566,3.97498986850584));
#10461=CARTESIAN_POINT('Ctrl Pts',(-25.5499999998386,-61.4874954999566,
3.97498986850584));
#10462=CARTESIAN_POINT('Ctrl Pts',(-25.5499975442457,-61.4874954561294,
3.81133924995344));
#10463=CARTESIAN_POINT('Ctrl Pts',(-25.5185573616029,-61.4777119364302,
3.64995067229285));
#10464=CARTESIAN_POINT('Ctrl Pts',(-25.3978758195696,-61.4437111554846,
3.35006804261798));
#10465=CARTESIAN_POINT('Ctrl Pts',(-25.3105736671128,-61.4201417807442,
3.21432148326823));
#10466=CARTESIAN_POINT('Ctrl Pts',(-25.0847218612831,-61.3695448859328,
2.97573170832395));
#10467=CARTESIAN_POINT('Ctrl Pts',(-24.9449214693457,-61.342941097849,2.87695813926245));
#10468=CARTESIAN_POINT('Ctrl Pts',(-24.707799181774,-61.3129030933878,2.7724012707435));
#10469=CARTESIAN_POINT('Ctrl Pts',(-24.622472135978,-61.3045383833483,2.74500066155613));
#10470=CARTESIAN_POINT('Ctrl Pts',(-24.4493617213534,-61.2933994812944,
2.70898141586336));
#10471=CARTESIAN_POINT('Ctrl Pts',(-24.3623717620549,-61.2905275696201,
2.70000900000001));
#10472=CARTESIAN_POINT('Ctrl Pts',(-24.2749999999821,-61.2905275696201,
2.70000900000001));
#10473=CARTESIAN_POINT('Ctrl Pts',(-25.5499999999821,-61.4874954999999,
3.97500900000001));
#10474=CARTESIAN_POINT('Ctrl Pts',(-25.5499999999821,-61.4874954999999,
3.97495900000001));
#10475=CARTESIAN_POINT('Ctrl Pts',(-25.5500000006257,-61.4874954999999,
3.97503986850585));
#10476=CARTESIAN_POINT('Ctrl Pts',(-25.5499999998298,-61.4874954999999,
3.97498986850585));
#10477=CARTESIAN_POINT('Origin',(-11.9749999999821,-63.4874954999566,2.70000899999966));
#10478=CARTESIAN_POINT('',(-27.6,-61.29052756962,2.70000899999966));
#10479=CARTESIAN_POINT('Origin',(-27.6,-57.2625044999999,3.97500900000001));
#10480=CARTESIAN_POINT('',(-27.6,-61.4874954999566,3.97498986850584));
#10481=CARTESIAN_POINT('',(-27.6,-61.4874954999566,3.97498986850584));
#10482=CARTESIAN_POINT('',(-27.6,-57.2625044999999,8.20000000000001));
#10483=CARTESIAN_POINT('Origin',(-27.6,-57.2625044999999,3.97500900000001));
#10484=CARTESIAN_POINT('',(27.6,-57.2625044999999,8.20000000000002));
#10485=CARTESIAN_POINT('',(-27.6,-57.2625044999999,8.20000000000001));
#10486=CARTESIAN_POINT('',(27.6,-61.4874954999566,3.97498986850585));
#10487=CARTESIAN_POINT('Origin',(27.6,-57.2625044999999,3.97500900000002));
#10488=CARTESIAN_POINT('',(-27.6,-61.4874954999566,3.97498986850584));
#10489=CARTESIAN_POINT('',(-4.17499999987058,-61.4874954999999,3.97500900000001));
#10490=CARTESIAN_POINT('Ctrl Pts',(-2.925,-61.2983555812165,5.22499100000003));
#10491=CARTESIAN_POINT('Ctrl Pts',(-3.08671704028521,-61.2983555812165,
5.22499100000003));
#10492=CARTESIAN_POINT('Ctrl Pts',(-3.24610551938541,-61.3084065038572,
5.19368625773672));
#10493=CARTESIAN_POINT('Ctrl Pts',(-3.54065389839561,-61.342479081726,5.07415991332162));
#10494=CARTESIAN_POINT('Ctrl Pts',(-3.67338210713368,-61.3656625456086,
4.98831983966802));
#10495=CARTESIAN_POINT('Ctrl Pts',(-3.90642739658234,-61.4143161324682,
4.76661183137528));
#10496=CARTESIAN_POINT('Ctrl Pts',(-4.00281449103513,-61.4392999314041,
4.62959080421398));
#10497=CARTESIAN_POINT('Ctrl Pts',(-4.10460804790877,-61.4670745516485,
4.39758735938724));
#10498=CARTESIAN_POINT('Ctrl Pts',(-4.13121067341569,-61.4747149894989,
4.314378810143));
#10499=CARTESIAN_POINT('Ctrl Pts',(-4.16625743619156,-61.4848854341331,
4.14541132083884));
#10500=CARTESIAN_POINT('Ctrl Pts',(-4.17499877048756,-61.4874954999999,
4.06038280788293));
#10501=CARTESIAN_POINT('Ctrl Pts',(-4.1749999998704,-61.4874954999999,3.97500900000001));
#10502=CARTESIAN_POINT('',(-4.17499999999948,-61.4874954999566,3.97498986850584));
#10503=CARTESIAN_POINT('Ctrl Pts',(-4.1749999998704,-61.4874954999999,3.97500900000001));
#10504=CARTESIAN_POINT('Ctrl Pts',(-4.1749999999568,-61.4874954999999,3.97500299998563));
#10505=CARTESIAN_POINT('Ctrl Pts',(-4.175,-61.4874954999871,3.97499699998553));
#10506=CARTESIAN_POINT('Ctrl Pts',(-4.175,-61.4874954999616,3.97499099999971));
#10507=CARTESIAN_POINT('',(-27.6,-61.4874954999566,3.97498986850584));
#10508=CARTESIAN_POINT('Origin',(-2.925,-63.4874954999566,3.97499099999971));
#10509=CARTESIAN_POINT('',(-2.92500000000018,-61.2983444311365,2.72499099999971));
#10510=CARTESIAN_POINT('',(-2.925,-63.4874954999566,2.72499099999971));
#10511=CARTESIAN_POINT('Ctrl Pts',(-4.17499999999948,-61.4874954999566,
3.97498986850568));
#10512=CARTESIAN_POINT('Ctrl Pts',(-4.17499985701831,-61.4874954576544,
3.81703369213791));
#10513=CARTESIAN_POINT('Ctrl Pts',(-4.14323980330174,-61.4777599861348,
3.64918358837534));
#10514=CARTESIAN_POINT('Ctrl Pts',(-4.01537390452767,-61.4425985033647,
3.34147430162677));
#10515=CARTESIAN_POINT('Ctrl Pts',(-3.91931886996159,-61.4176315967482,
3.20154291699493));
#10516=CARTESIAN_POINT('Ctrl Pts',(-3.69841703081498,-61.3703723816379,
2.98064107784832));
#10517=CARTESIAN_POINT('Ctrl Pts',(-3.55849829269494,-61.3449099515765,
2.88461010445863));
#10518=CARTESIAN_POINT('Ctrl Pts',(-3.25083487371494,-61.3085992743591,
2.75676195104467));
#10519=CARTESIAN_POINT('Ctrl Pts',(-3.08300059043666,-61.2983500061753,
2.72499099999971));
#10520=CARTESIAN_POINT('Ctrl Pts',(-2.925,-61.2983500061753,2.72499099999971));
#10521=CARTESIAN_POINT('',(-4.1749999998704,-63.4874954999566,3.97500900000001));
#10522=CARTESIAN_POINT('Origin',(2.925,-63.4874954999566,2.72499099999971));
#10523=CARTESIAN_POINT('',(-27.6,-61.2983500061753,2.7249909999997));
#10524=CARTESIAN_POINT('Ctrl Pts',(-4.1749999998704,-63.4874954999566,3.97500900000001));
#10525=CARTESIAN_POINT('Ctrl Pts',(-4.1749999998704,-56.6400054000043,3.97500900000001));
#10526=CARTESIAN_POINT('Ctrl Pts',(-4.17499772345654,-63.4874954999566,
4.13309329526302));
#10527=CARTESIAN_POINT('Ctrl Pts',(-4.17499772345654,-56.6400054000043,
4.13309329526302));
#10528=CARTESIAN_POINT('Ctrl Pts',(-4.14318496112374,-63.4874954999566,
4.30099622614634));
#10529=CARTESIAN_POINT('Ctrl Pts',(-4.14318496112374,-56.6400054000043,
4.30099622614634));
#10530=CARTESIAN_POINT('Ctrl Pts',(-4.01528073627126,-63.4874954999566,
4.60866599350469));
#10531=CARTESIAN_POINT('Ctrl Pts',(-4.01528073627126,-56.6400054000043,
4.60866599350469));
#10532=CARTESIAN_POINT('Ctrl Pts',(-3.91924391555341,-63.4874954999566,
4.74851400595807));
#10533=CARTESIAN_POINT('Ctrl Pts',(-3.91924391555341,-56.6400054000043,
4.74851400595807));
#10534=CARTESIAN_POINT('Ctrl Pts',(-3.69848317435832,-63.4874954999566,
4.96927481007438));
#10535=CARTESIAN_POINT('Ctrl Pts',(-3.69848317435832,-56.6400054000043,
4.96927481007438));
#10536=CARTESIAN_POINT('Ctrl Pts',(-3.55865128039609,-63.4874954999566,
5.06528073956479));
#10537=CARTESIAN_POINT('Ctrl Pts',(-3.55865128039609,-56.6400054000043,
5.06528073956479));
#10538=CARTESIAN_POINT('Ctrl Pts',(-3.25103477454652,-63.4874954999566,
5.19316453195359));
#10539=CARTESIAN_POINT('Ctrl Pts',(-3.25103477454652,-56.6400054000043,
5.19316453195359));
#10540=CARTESIAN_POINT('Ctrl Pts',(-3.08314701401708,-63.4874954999566,
5.22499100000003));
#10541=CARTESIAN_POINT('Ctrl Pts',(-3.08314701401708,-56.6400054000043,
5.22499100000003));
#10542=CARTESIAN_POINT('Ctrl Pts',(-2.925,-63.4874954999566,5.22499100000003));
#10543=CARTESIAN_POINT('Ctrl Pts',(-2.925,-56.6400054000043,5.22499100000003));
#10544=CARTESIAN_POINT('Origin',(-27.6,-57.2625044999999,3.97499100000001));
#10545=CARTESIAN_POINT('',(27.6,-59.5211430352808,0.404402684794635));
#10546=CARTESIAN_POINT('Origin',(27.6,-57.2625044999999,3.97499100000002));
#10547=CARTESIAN_POINT('',(-27.6,-59.5211430352808,0.404402684794624));
#10548=CARTESIAN_POINT('',(-27.6,-59.5211430352808,0.404402684794624));
#10549=CARTESIAN_POINT('Origin',(-27.6,-57.2625044999999,3.97499100000001));
#10550=CARTESIAN_POINT('Origin',(17.6,77.1625045,-1.25));
#10551=CARTESIAN_POINT('',(7.6,76.1625045,-0.250000000000001));
#10552=CARTESIAN_POINT('',(7.59999999999999,78.1625045,-2.25000000000001));
#10553=CARTESIAN_POINT('',(7.6,76.1625045,-0.250000000000001));
#10554=CARTESIAN_POINT('',(20.6,78.1625045,-2.25000000000001));
#10555=CARTESIAN_POINT('',(17.6,78.1625045,-2.25000000000001));
#10556=CARTESIAN_POINT('',(20.6,76.1625045,-0.250000000000001));
#10557=CARTESIAN_POINT('',(20.6,78.1625045,-2.25000000000001));
#10558=CARTESIAN_POINT('',(20.7158251534974,76.1625045,-0.250000000000001));
#10559=CARTESIAN_POINT('Origin',(7.6,70.7625045,-1.24999999999998));
#10560=CARTESIAN_POINT('',(7.60000000000001,65.3625045,-0.250000000000001));
#10561=CARTESIAN_POINT('',(7.60000000000002,63.3625045,-2.2500000000001));
#10562=CARTESIAN_POINT('',(7.60000000000001,65.3625045,-0.250000000000001));
#10563=CARTESIAN_POINT('Origin',(7.6,70.7625045,-2.25000000000005));
#10564=CARTESIAN_POINT('Origin',(7.6,70.7625045,-0.250000000000001));
#10565=CARTESIAN_POINT('Origin',(24.1,64.3625045,-1.25000000000005));
#10566=CARTESIAN_POINT('',(20.6,65.3625045,-0.250000000000001));
#10567=CARTESIAN_POINT('',(20.6,63.3625045,-2.2500000000001));
#10568=CARTESIAN_POINT('',(20.6,65.3625045,-0.250000000000001));
#10569=CARTESIAN_POINT('',(24.1,63.3625045,-2.2500000000001));
#10570=CARTESIAN_POINT('',(20.7158251534974,65.3625045,-0.250000000000001));
#10571=CARTESIAN_POINT('Origin',(20.6,70.7625045,-1.24999999999998));
#10572=CARTESIAN_POINT('Origin',(20.6,70.7625045,-2.25000000000005));
#10573=CARTESIAN_POINT('Origin',(20.6,70.7625045,-0.250000000000001));
#10574=CARTESIAN_POINT('Origin',(27.6,86.5125044999567,-2.24999999999996));
#10575=CARTESIAN_POINT('',(27.6,83.5125044999567,-2.24999999999998));
#10576=CARTESIAN_POINT('',(-27.6,83.5125044999567,-2.24999999999998));
#10577=CARTESIAN_POINT('',(27.6,83.5125044999567,-2.24999999999998));
#10578=CARTESIAN_POINT('',(33.3499999999567,77.7625045,-2.25000000000001));
#10579=CARTESIAN_POINT('Origin',(27.6,77.7625045,-2.25000000000001));
#10580=CARTESIAN_POINT('',(33.3499999999567,-54.7374955,-2.25000000000081));
#10581=CARTESIAN_POINT('',(33.3499999999567,43.2562522499784,-2.25000000000022));
#10582=CARTESIAN_POINT('',(27.6,-60.4874954999566,-2.25000000000084));
#10583=CARTESIAN_POINT('Origin',(27.6,-54.7374955,-2.25000000000081));
#10584=CARTESIAN_POINT('',(-27.6,-60.4874954999566,-2.25000000000084));
#10585=CARTESIAN_POINT('',(1.33226762955018E-14,-60.4874954999566,-2.25000000000084));
#10586=CARTESIAN_POINT('',(-33.3499999999567,-54.7374955,-2.25000000000081));
#10587=CARTESIAN_POINT('Origin',(-27.6,-54.7374955,-2.25000000000081));
#10588=CARTESIAN_POINT('',(-33.3499999999566,77.7625045,-2.25000000000001));
#10589=CARTESIAN_POINT('',(-33.3499999999567,82.1375044999783,-2.24999999999998));
#10590=CARTESIAN_POINT('Origin',(-27.6,77.7625045,-2.25000000000001));
#10591=CARTESIAN_POINT('',(-8.3,47.7625045,-2.25000000000019));
#10592=CARTESIAN_POINT('Origin',(-3.63132848743668E-15,47.7625045,-2.25000000000019));
#10593=CARTESIAN_POINT('Origin',(-3.63132848743668E-15,47.7625045,-1.24999999999998));
#10594=CARTESIAN_POINT('',(-6.3,47.7625045,-0.250000000000001));
#10595=CARTESIAN_POINT('',(-7.3,47.7625045,-1.24999999999998));
#10596=CARTESIAN_POINT('Origin',(-3.63132848743668E-15,47.7625045,-0.250000000000001));
#10597=CARTESIAN_POINT('Origin',(8.88178419700125E-15,11.5125045,-0.250000000000001));
#10598=CARTESIAN_POINT('',(-27.6,80.2875134999999,-0.249999999999995));
#10599=CARTESIAN_POINT('',(-30.1250089999999,77.7625045,-0.249999999999995));
#10600=CARTESIAN_POINT('Origin',(-27.6,77.7625045,-0.249999999999989));
#10601=CARTESIAN_POINT('',(-30.1250089999999,-54.7374955,-0.249999999999995));
#10602=CARTESIAN_POINT('',(-30.1250089999999,77.7625045,-0.249999999999995));
#10603=CARTESIAN_POINT('',(-27.6,-57.2625044999999,-0.249999999999995));
#10604=CARTESIAN_POINT('Origin',(-27.6,-54.7374955,-0.249999999999989));
#10605=CARTESIAN_POINT('',(27.6,-57.2625044999999,-0.249999999999984));
#10606=CARTESIAN_POINT('',(-27.6,-57.2625044999999,-0.249999999999995));
#10607=CARTESIAN_POINT('',(30.1250089999999,-54.7374955,-0.249999999999984));
#10608=CARTESIAN_POINT('Origin',(27.6,-54.7374955,-0.249999999999978));
#10609=CARTESIAN_POINT('',(30.1250089999999,77.7625045,-0.249999999999995));
#10610=CARTESIAN_POINT('',(30.125009,0.,-0.250000000000002));
#10611=CARTESIAN_POINT('',(27.6,80.2875134999999,-0.249999999999995));
#10612=CARTESIAN_POINT('Origin',(27.6,77.7625045,-0.249999999999995));
#10613=CARTESIAN_POINT('',(27.6,80.2875134999999,-0.249999999999995));
#10614=CARTESIAN_POINT('Origin',(-30.7500089999999,79.025009,8.82500000000001));
#10615=CARTESIAN_POINT('',(-31.3750089999999,-54.7374955,9.45));
#10616=CARTESIAN_POINT('',(-30.1250089999999,-54.7374955,8.20000000000001));
#10617=CARTESIAN_POINT('',(-31.3750089999999,-54.7374955,9.45));
#10618=CARTESIAN_POINT('',(-30.1250089999999,77.7625045,8.20000000000001));
#10619=CARTESIAN_POINT('',(-30.1250089999999,77.7625045,8.20000000000001));
#10620=CARTESIAN_POINT('',(-31.3750089999999,77.7625045,9.45000000000001));
#10621=CARTESIAN_POINT('',(-30.1250089999999,77.7625045,8.20000000000001));
#10622=CARTESIAN_POINT('',(-31.3750089999999,79.025009,9.45000000000001));
#10623=CARTESIAN_POINT('Origin',(-27.6,-54.7374955,8.82500000000001));
#10624=CARTESIAN_POINT('',(-27.6,-58.5125044999999,9.45));
#10625=CARTESIAN_POINT('',(-27.6,-58.5125044999999,9.45));
#10626=CARTESIAN_POINT('Origin',(-27.6,-54.7374955,8.20000000000001));
#10627=CARTESIAN_POINT('Origin',(-27.6,-54.7374955,9.45));
#10628=CARTESIAN_POINT('Origin',(1.33226762955019E-14,-57.8875044999999,
8.825));
#10629=CARTESIAN_POINT('',(27.6,-58.5125044999999,9.45));
#10630=CARTESIAN_POINT('',(27.6,-58.5125044999999,9.45));
#10631=CARTESIAN_POINT('',(1.33226762955019E-14,-58.5125044999999,9.45));
#10632=CARTESIAN_POINT('Origin',(27.6,-54.7374955,8.82500000000001));
#10633=CARTESIAN_POINT('',(31.3750089999999,-54.7374955,9.45));
#10634=CARTESIAN_POINT('',(30.1250089999999,-54.7374955,8.20000000000002));
#10635=CARTESIAN_POINT('',(31.3750089999999,-54.7374955,9.45));
#10636=CARTESIAN_POINT('Origin',(27.6,-54.7374955,8.20000000000002));
#10637=CARTESIAN_POINT('Origin',(27.6,-54.7374955,9.45));
#10638=CARTESIAN_POINT('Origin',(30.750009,40.14375675,8.825));
#10639=CARTESIAN_POINT('',(31.3750089999999,77.7625045,9.45000000000001));
#10640=CARTESIAN_POINT('',(30.1250089999999,77.7625045,8.20000000000001));
#10641=CARTESIAN_POINT('',(31.3750089999999,77.7625045,9.45000000000001));
#10642=CARTESIAN_POINT('',(30.1250089999999,-54.7374955,8.20000000000002));
#10643=CARTESIAN_POINT('',(31.375009,40.14375675,9.45));
#10644=CARTESIAN_POINT('Origin',(27.6,77.7625045,8.82500000000001));
#10645=CARTESIAN_POINT('',(27.6,81.5375134999999,9.45000000000001));
#10646=CARTESIAN_POINT('',(27.6,80.2875134999999,8.20000000000001));
#10647=CARTESIAN_POINT('',(27.6,81.5375134999999,9.45000000000001));
#10648=CARTESIAN_POINT('Origin',(27.6,77.7625045,8.20000000000001));
#10649=CARTESIAN_POINT('Origin',(27.6,77.7625045,9.45000000000001));
#10650=CARTESIAN_POINT('Origin',(27.6,80.9125134999999,8.82500000000001));
#10651=CARTESIAN_POINT('',(-27.6,81.5375134999999,9.45000000000001));
#10652=CARTESIAN_POINT('',(-27.6,80.2875134999999,8.20000000000001));
#10653=CARTESIAN_POINT('',(-27.6,81.5375134999999,9.45000000000001));
#10654=CARTESIAN_POINT('',(27.6,80.2875134999999,8.20000000000001));
#10655=CARTESIAN_POINT('',(27.6,81.5375134999999,9.45000000000001));
#10656=CARTESIAN_POINT('Origin',(-27.6,77.7625045,8.82500000000001));
#10657=CARTESIAN_POINT('Origin',(-27.6,77.7625045,8.20000000000001));
#10658=CARTESIAN_POINT('Origin',(-27.6,77.7625045,9.45000000000001));
#10659=CARTESIAN_POINT('Origin',(27.6,80.2875134999999,9.45000000000001));
#10660=CARTESIAN_POINT('',(-27.6,84.5125044999566,9.45000000000001));
#10661=CARTESIAN_POINT('',(27.6,84.5125044999566,9.45000000000001));
#10662=CARTESIAN_POINT('',(27.6,84.5125044999566,9.45000000000001));
#10663=CARTESIAN_POINT('',(-34.3499999999566,77.7625045,9.45000000000001));
#10664=CARTESIAN_POINT('Origin',(-27.6,77.7625045,9.45000000000001));
#10665=CARTESIAN_POINT('',(-34.3499999999566,-54.7374955,9.45));
#10666=CARTESIAN_POINT('',(-34.3499999999566,79.025009,9.45000000000001));
#10667=CARTESIAN_POINT('',(-27.6,-61.4874954999566,9.45));
#10668=CARTESIAN_POINT('Origin',(-27.6,-54.7374955,9.45));
#10669=CARTESIAN_POINT('',(27.6,-61.4874954999566,9.45));
#10670=CARTESIAN_POINT('',(1.33226762955018E-14,-61.4874954999566,9.45));
#10671=CARTESIAN_POINT('',(34.3499999999567,-54.7374955,9.45));
#10672=CARTESIAN_POINT('Origin',(27.6,-54.7374955,9.45));
#10673=CARTESIAN_POINT('',(34.3499999999566,77.7625045,9.45000000000001));
#10674=CARTESIAN_POINT('',(34.3499999999566,40.14375675,9.45));
#10675=CARTESIAN_POINT('Origin',(27.6,77.7625045,9.45000000000001));
#10676=CARTESIAN_POINT('Origin',(27.6,83.5125044999566,0.750000000000025));
#10677=CARTESIAN_POINT('',(27.6,86.5125044999566,0.750000000000043));
#10678=CARTESIAN_POINT('Origin',(27.6,83.5125044999566,0.750000000000025));
#10679=CARTESIAN_POINT('',(-27.6,86.5125044999566,0.750000000000043));
#10680=CARTESIAN_POINT('Origin',(-27.6,83.5125044999566,0.750000000000025));
#10681=CARTESIAN_POINT('',(27.6,86.5125044999566,0.750000000000042));
#10682=CARTESIAN_POINT('Origin',(-27.6,77.7625045,0.750000000000043));
#10683=CARTESIAN_POINT('',(-36.3499999999566,77.7625045,0.750000000000043));
#10684=CARTESIAN_POINT('Origin',(-33.3499999999566,77.7625045,0.750000000000043));
#10685=CARTESIAN_POINT('Origin',(-27.6,77.7625045,0.750000000000043));
#10686=CARTESIAN_POINT('Origin',(-33.3499999999567,82.1375044999783,0.750000000000017));
#10687=CARTESIAN_POINT('',(-36.3499999999566,-54.7374955,0.749999999999211));
#10688=CARTESIAN_POINT('Origin',(-33.3499999999567,-54.7374955,0.749999999999194));
#10689=CARTESIAN_POINT('',(-36.3499999999566,82.1375044999783,0.750000000000034));
#10690=CARTESIAN_POINT('Origin',(-27.6,-54.7374955,0.750000000000043));
#10691=CARTESIAN_POINT('Origin',(-27.6,-60.4874954999566,0.750000000000008));
#10692=CARTESIAN_POINT('Origin',(-27.6,-54.7374955,0.750000000000043));
#10693=CARTESIAN_POINT('Origin',(1.33226762955018E-14,-60.4874954999567,
0.749999999999159));
#10694=CARTESIAN_POINT('Origin',(27.6,-60.4874954999567,0.749999999999159));
#10695=CARTESIAN_POINT('Origin',(27.6,-54.7374955,0.750000000000043));
#10696=CARTESIAN_POINT('',(36.3499999999567,-54.7374955,0.750000000000043));
#10697=CARTESIAN_POINT('Origin',(33.3499999999567,-54.7374955,0.750000000000043));
#10698=CARTESIAN_POINT('Origin',(27.6,-54.7374955,0.750000000000043));
#10699=CARTESIAN_POINT('Origin',(33.3499999999567,43.2562522499784,0.749999999999783));
#10700=CARTESIAN_POINT('',(36.3499999999567,77.7625045,0.750000000000007));
#10701=CARTESIAN_POINT('Origin',(33.3499999999567,77.7625045,0.74999999999999));
#10702=CARTESIAN_POINT('',(36.3499999999567,43.2562522499784,0.7499999999998));
#10703=CARTESIAN_POINT('Origin',(27.6,77.7625045,0.750000000000043));
#10704=CARTESIAN_POINT('Origin',(27.6,77.7625045,0.750000000000043));
#10705=CARTESIAN_POINT('Origin',(27.6,-54.7374955,3.60000000000004));
#10706=CARTESIAN_POINT('',(36.3499999999566,-54.7374955,7.45000000000001));
#10707=CARTESIAN_POINT('',(36.3499999999566,-54.7374955,9.45000000000002));
#10708=CARTESIAN_POINT('Origin',(27.6,-54.7374955,7.45000000000001));
#10709=CARTESIAN_POINT('Origin',(36.3499999999567,0.,9.45));
#10710=CARTESIAN_POINT('',(36.3499999999566,77.7625045,7.45000000000002));
#10711=CARTESIAN_POINT('',(36.3499999999566,77.7625045,9.45000000000001));
#10712=CARTESIAN_POINT('',(36.3499999999566,40.14375675,7.45000000000002));
#10713=CARTESIAN_POINT('Origin',(27.6,77.7625045,3.60000000000002));
#10714=CARTESIAN_POINT('',(27.6,86.5125044999566,7.45000000000002));
#10715=CARTESIAN_POINT('',(27.6,86.5125044999566,9.45000000000001));
#10716=CARTESIAN_POINT('Origin',(27.6,77.7625045,7.45000000000001));
#10717=CARTESIAN_POINT('Origin',(27.6,86.5125044999566,9.45000000000001));
#10718=CARTESIAN_POINT('',(-27.6,86.5125044999566,7.45000000000002));
#10719=CARTESIAN_POINT('',(-27.6,86.5125044999566,9.45000000000001));
#10720=CARTESIAN_POINT('',(27.6,86.5125044999566,7.45000000000002));
#10721=CARTESIAN_POINT('Origin',(27.6,84.5125044999566,7.45000000000001));
#10722=CARTESIAN_POINT('Origin',(27.6,84.5125044999566,7.45000000000001));
#10723=CARTESIAN_POINT('Origin',(-27.6,84.5125044999566,7.45000000000001));
#10724=CARTESIAN_POINT('Origin',(-27.6,77.7625045,7.45000000000001));
#10725=CARTESIAN_POINT('',(-36.3499999999566,77.7625045,7.45000000000001));
#10726=CARTESIAN_POINT('Origin',(-34.3499999999566,77.7625045,7.45000000000001));
#10727=CARTESIAN_POINT('Origin',(-27.6,77.7625045,7.45000000000001));
#10728=CARTESIAN_POINT('Origin',(-34.3499999999566,79.025009,7.45000000000001));
#10729=CARTESIAN_POINT('',(-36.3499999999566,-54.7374955,7.45000000000001));
#10730=CARTESIAN_POINT('Origin',(-34.3499999999566,-54.7374955,7.45));
#10731=CARTESIAN_POINT('',(-36.3499999999566,79.025009,7.45000000000002));
#10732=CARTESIAN_POINT('Origin',(-27.6,-54.7374955,7.45000000000001));
#10733=CARTESIAN_POINT('Origin',(-27.6,-61.4874954999566,7.45000000000001));
#10734=CARTESIAN_POINT('Origin',(-27.6,-54.7374955,7.45000000000001));
#10735=CARTESIAN_POINT('Origin',(1.33226762955018E-14,-61.4874954999566,
7.45));
#10736=CARTESIAN_POINT('Origin',(27.6,-61.4874954999566,7.45));
#10737=CARTESIAN_POINT('Origin',(27.6,-54.7374955,7.45000000000001));
#10738=CARTESIAN_POINT('Origin',(34.3499999999567,-54.7374955,7.45000000000001));
#10739=CARTESIAN_POINT('Origin',(34.3499999999566,40.14375675,7.45));
#10740=CARTESIAN_POINT('Origin',(34.3499999999566,77.7625045,7.45000000000001));
#10741=CARTESIAN_POINT('Origin',(27.6,77.7625045,7.45000000000001));
#10742=CARTESIAN_POINT('Origin',(-27.6,-54.7374955,3.60000000000003));
#10743=CARTESIAN_POINT('',(-36.3499999999566,-54.7374955,9.45000000000001));
#10744=CARTESIAN_POINT('Origin',(-36.3499999999566,77.7625045,9.45000000000001));
#10745=CARTESIAN_POINT('',(-36.3499999999566,77.7625045,9.45000000000001));
#10746=CARTESIAN_POINT('Origin',(-27.6,77.7625045,3.60000000000003));
#10747=CARTESIAN_POINT('Ctrl Pts',(27.6,-61.4874954999566,3.97498986850585));
#10748=CARTESIAN_POINT('Ctrl Pts',(34.3499999999567,-61.4874954999566,3.97498986850585));
#10749=CARTESIAN_POINT('Ctrl Pts',(34.3499999999566,-54.7374955,3.97498986850585));
#10750=CARTESIAN_POINT('Ctrl Pts',(27.6,-61.4875034245063,5.72504404507971));
#10751=CARTESIAN_POINT('Ctrl Pts',(34.3500079245064,-61.4875034245064,5.72504404507971));
#10752=CARTESIAN_POINT('Ctrl Pts',(34.3500079245064,-54.7374955,5.72504404507971));
#10753=CARTESIAN_POINT('Ctrl Pts',(27.6,-60.250031050549,6.96252202253986));
#10754=CARTESIAN_POINT('Ctrl Pts',(33.1125355505491,-60.2500310505491,6.96252202253986));
#10755=CARTESIAN_POINT('Ctrl Pts',(33.112535550549,-54.7374955,6.96252202253986));
#10756=CARTESIAN_POINT('Ctrl Pts',(27.6,-59.0125586765917,8.20000000000002));
#10757=CARTESIAN_POINT('Ctrl Pts',(31.8750631765918,-59.0125586765917,8.20000000000002));
#10758=CARTESIAN_POINT('Ctrl Pts',(31.8750631765917,-54.7374955,8.20000000000002));
#10759=CARTESIAN_POINT('Ctrl Pts',(27.6,-57.2625044999999,8.20000000000002));
#10760=CARTESIAN_POINT('Ctrl Pts',(30.125009,-57.2625044999999,8.20000000000002));
#10761=CARTESIAN_POINT('Ctrl Pts',(30.1250089999999,-54.7374955,8.20000000000002));
#10762=CARTESIAN_POINT('',(34.3499999999566,-54.7374955,3.97498986850585));
#10763=CARTESIAN_POINT('Origin',(30.1250089999999,-54.7374955,3.97500900000002));
#10764=CARTESIAN_POINT('Origin',(27.6,-54.7374955,3.97498986850585));
#10765=CARTESIAN_POINT('Ctrl Pts',(27.6,-59.5211430352795,0.404402684796674));
#10766=CARTESIAN_POINT('Ctrl Pts',(32.3836475352795,-59.5211430352795,0.404402684796674));
#10767=CARTESIAN_POINT('Ctrl Pts',(32.3836475352795,-54.7374955,0.404402684796674));
#10768=CARTESIAN_POINT('Ctrl Pts',(27.6,-61.4874948768336,1.64825317978134));
#10769=CARTESIAN_POINT('Ctrl Pts',(34.3499993768337,-61.4874948768336,1.64825317978134));
#10770=CARTESIAN_POINT('Ctrl Pts',(34.3499993768337,-54.7374955,1.64825317978134));
#10771=CARTESIAN_POINT('Ctrl Pts',(27.6,-61.4874954999566,3.97498986850585));
#10772=CARTESIAN_POINT('Ctrl Pts',(34.3499999999567,-61.4874954999566,3.97498986850585));
#10773=CARTESIAN_POINT('Ctrl Pts',(34.3499999999566,-54.7374955,3.97498986850585));
#10774=CARTESIAN_POINT('',(32.3836475352808,-54.7374955,0.404402684794635));
#10775=CARTESIAN_POINT('Origin',(30.1250089999999,-54.7374955,3.97499100000002));
#10776=CARTESIAN_POINT('Origin',(27.6,-54.7374955,0.404402684794637));
#10777=CARTESIAN_POINT('Ctrl Pts',(27.6,-59.3617083603074,0.308400124743418));
#10778=CARTESIAN_POINT('Ctrl Pts',(32.2242128603074,-59.3617083603074,0.308400124743418));
#10779=CARTESIAN_POINT('Ctrl Pts',(32.2242128603074,-54.7374955,0.308400124743418));
#10780=CARTESIAN_POINT('Ctrl Pts',(27.6,-59.4424831581953,0.354645244774134));
#10781=CARTESIAN_POINT('Ctrl Pts',(32.3049876581953,-59.4424831581953,0.354645244774135));
#10782=CARTESIAN_POINT('Ctrl Pts',(32.3049876581953,-54.7374955,0.354645244774135));
#10783=CARTESIAN_POINT('Ctrl Pts',(27.6,-59.5211430352808,0.404402684794641));
#10784=CARTESIAN_POINT('Ctrl Pts',(32.3836475352808,-59.5211430352808,0.404402684794641));
#10785=CARTESIAN_POINT('Ctrl Pts',(32.3836475352808,-54.7374955,0.404402684794641));
#10786=CARTESIAN_POINT('',(27.6,-59.3617083603279,0.308400124707457));
#10787=CARTESIAN_POINT('Origin',(27.6,-57.2625044999999,3.97500900000002));
#10788=CARTESIAN_POINT('',(32.224212860328,-54.7374955,0.308400124707457));
#10789=CARTESIAN_POINT('Origin',(30.1250089999999,-54.7374955,3.97500900000002));
#10790=CARTESIAN_POINT('Origin',(27.6,-54.7374955,0.30840012470746));
#10791=CARTESIAN_POINT('Ctrl Pts',(27.6,-57.2625044999999,-0.249999590994789));
#10792=CARTESIAN_POINT('Ctrl Pts',(30.125009,-57.2625044999999,-0.249999590994789));
#10793=CARTESIAN_POINT('Ctrl Pts',(30.1250089999999,-54.7374955,-0.249999590994789));
#10794=CARTESIAN_POINT('Ctrl Pts',(27.6,-58.3863751204015,-0.249999590994791));
#10795=CARTESIAN_POINT('Ctrl Pts',(31.2488796204015,-58.3863751204015,-0.249999590994791));
#10796=CARTESIAN_POINT('Ctrl Pts',(31.2488796204015,-54.7374955,-0.249999590994791));
#10797=CARTESIAN_POINT('Ctrl Pts',(27.6,-59.3617083603279,0.30840012470746));
#10798=CARTESIAN_POINT('Ctrl Pts',(32.224212860328,-59.361708360328,0.30840012470746));
#10799=CARTESIAN_POINT('Ctrl Pts',(32.224212860328,-54.7374955,0.30840012470746));
#10800=CARTESIAN_POINT('Origin',(27.6,-57.2625044999999,3.97499100000002));
#10801=CARTESIAN_POINT('Origin',(30.1250089999999,-54.7374955,3.97499100000002));
#10802=CARTESIAN_POINT('Origin',(-27.6,-57.2625044999999,3.97500900000001));
#10803=CARTESIAN_POINT('',(-27.6,-59.3617083603279,0.308400124707446));
#10804=CARTESIAN_POINT('Origin',(-27.6,-57.2625044999999,3.97500900000001));
#10805=CARTESIAN_POINT('',(-27.6,-59.3617083603279,0.308400124707446));
#10806=CARTESIAN_POINT('Origin',(-27.6,-57.2625044999999,3.97499100000001));
#10807=CARTESIAN_POINT('Origin',(-27.6,-57.2625044999999,3.97499100000001));
#10808=CARTESIAN_POINT('Ctrl Pts',(-34.3499999999566,-54.7374955,3.97498986850584));
#10809=CARTESIAN_POINT('Ctrl Pts',(-34.3499999999566,-61.4874954999566,
3.97498986850584));
#10810=CARTESIAN_POINT('Ctrl Pts',(-27.6,-61.4874954999566,3.97498986850584));
#10811=CARTESIAN_POINT('Ctrl Pts',(-34.3500079245063,-54.7374955,5.7250440450797));
#10812=CARTESIAN_POINT('Ctrl Pts',(-34.3500079245064,-61.4875034245064,
5.7250440450797));
#10813=CARTESIAN_POINT('Ctrl Pts',(-27.6,-61.4875034245063,5.7250440450797));
#10814=CARTESIAN_POINT('Ctrl Pts',(-33.112535550549,-54.7374955,6.96252202253985));
#10815=CARTESIAN_POINT('Ctrl Pts',(-33.112535550549,-60.2500310505491,6.96252202253985));
#10816=CARTESIAN_POINT('Ctrl Pts',(-27.6,-60.250031050549,6.96252202253985));
#10817=CARTESIAN_POINT('Ctrl Pts',(-31.8750631765917,-54.7374955,8.20000000000001));
#10818=CARTESIAN_POINT('Ctrl Pts',(-31.8750631765917,-59.0125586765917,
8.20000000000001));
#10819=CARTESIAN_POINT('Ctrl Pts',(-27.6,-59.0125586765917,8.20000000000001));
#10820=CARTESIAN_POINT('Ctrl Pts',(-30.1250089999999,-54.7374955,8.20000000000001));
#10821=CARTESIAN_POINT('Ctrl Pts',(-30.1250089999999,-57.2625044999999,
8.20000000000001));
#10822=CARTESIAN_POINT('Ctrl Pts',(-27.6,-57.2625044999999,8.20000000000001));
#10823=CARTESIAN_POINT('',(-34.3499999999566,-54.7374955,3.97498986850584));
#10824=CARTESIAN_POINT('Origin',(-30.1250089999999,-54.7374955,3.97500900000001));
#10825=CARTESIAN_POINT('Origin',(-27.6,-54.7374955,3.97498986850584));
#10826=CARTESIAN_POINT('Ctrl Pts',(-32.3836475352795,-54.7374955,0.404402684796664));
#10827=CARTESIAN_POINT('Ctrl Pts',(-32.3836475352795,-59.5211430352795,
0.404402684796664));
#10828=CARTESIAN_POINT('Ctrl Pts',(-27.6,-59.5211430352795,0.404402684796664));
#10829=CARTESIAN_POINT('Ctrl Pts',(-34.3499993768336,-54.7374955,1.64825317978133));
#10830=CARTESIAN_POINT('Ctrl Pts',(-34.3499993768336,-61.4874948768337,
1.64825317978133));
#10831=CARTESIAN_POINT('Ctrl Pts',(-27.6,-61.4874948768336,1.64825317978133));
#10832=CARTESIAN_POINT('Ctrl Pts',(-34.3499999999566,-54.7374955,3.97498986850584));
#10833=CARTESIAN_POINT('Ctrl Pts',(-34.3499999999566,-61.4874954999566,
3.97498986850584));
#10834=CARTESIAN_POINT('Ctrl Pts',(-27.6,-61.4874954999566,3.97498986850584));
#10835=CARTESIAN_POINT('',(-32.3836475352808,-54.7374955,0.404402684794624));
#10836=CARTESIAN_POINT('Origin',(-30.1250089999999,-54.7374955,3.97499100000001));
#10837=CARTESIAN_POINT('Origin',(-27.6,-54.7374955,0.404402684794626));
#10838=CARTESIAN_POINT('Ctrl Pts',(-32.2242128603073,-54.7374955,0.30840012474341));
#10839=CARTESIAN_POINT('Ctrl Pts',(-32.2242128603074,-59.3617083603074,
0.30840012474341));
#10840=CARTESIAN_POINT('Ctrl Pts',(-27.6,-59.3617083603073,0.30840012474341));
#10841=CARTESIAN_POINT('Ctrl Pts',(-32.3049876581953,-54.7374955,0.354645244774125));
#10842=CARTESIAN_POINT('Ctrl Pts',(-32.3049876581953,-59.4424831581953,
0.354645244774125));
#10843=CARTESIAN_POINT('Ctrl Pts',(-27.6,-59.4424831581953,0.354645244774125));
#10844=CARTESIAN_POINT('Ctrl Pts',(-32.3836475352808,-54.7374955,0.404402684794631));
#10845=CARTESIAN_POINT('Ctrl Pts',(-32.3836475352808,-59.5211430352808,
0.404402684794631));
#10846=CARTESIAN_POINT('Ctrl Pts',(-27.6,-59.5211430352808,0.404402684794631));
#10847=CARTESIAN_POINT('',(-32.2242128603279,-54.7374955,0.308400124707446));
#10848=CARTESIAN_POINT('Origin',(-30.1250089999999,-54.7374955,3.97500900000001));
#10849=CARTESIAN_POINT('Origin',(-27.6,-54.7374955,0.308400124707449));
#10850=CARTESIAN_POINT('Ctrl Pts',(-30.1250089999999,-54.7374955,-0.249999590994801));
#10851=CARTESIAN_POINT('Ctrl Pts',(-30.1250089999999,-57.2625044999999,
-0.249999590994801));
#10852=CARTESIAN_POINT('Ctrl Pts',(-27.6,-57.2625044999999,-0.249999590994801));
#10853=CARTESIAN_POINT('Ctrl Pts',(-31.2488796204015,-54.7374955,-0.249999590994802));
#10854=CARTESIAN_POINT('Ctrl Pts',(-31.2488796204015,-58.3863751204015,
-0.249999590994802));
#10855=CARTESIAN_POINT('Ctrl Pts',(-27.6,-58.3863751204015,-0.249999590994802));
#10856=CARTESIAN_POINT('Ctrl Pts',(-32.2242128603279,-54.7374955,0.308400124707451));
#10857=CARTESIAN_POINT('Ctrl Pts',(-32.224212860328,-59.361708360328,0.308400124707451));
#10858=CARTESIAN_POINT('Ctrl Pts',(-27.6,-59.3617083603279,0.308400124707451));
#10859=CARTESIAN_POINT('Origin',(-30.1250089999999,-54.7374955,3.97499100000001));
#10860=CARTESIAN_POINT('Origin',(-30.1250089999999,77.7625045,3.97500900000001));
#10861=CARTESIAN_POINT('',(-34.3499999999566,77.7625045,3.97498986850584));
#10862=CARTESIAN_POINT('Origin',(-30.1250089999999,77.7625045,3.97500900000001));
#10863=CARTESIAN_POINT('',(-34.3499999999566,77.7625045,3.97498986850584));
#10864=CARTESIAN_POINT('Origin',(-30.1250089999999,77.7625045,3.97499100000001));
#10865=CARTESIAN_POINT('',(-32.3836475352808,77.7625045,0.404402684794624));
#10866=CARTESIAN_POINT('Origin',(-30.1250089999999,77.7625045,3.97499100000001));
#10867=CARTESIAN_POINT('',(-32.3836475352808,77.7625045,0.404402684794624));
#10868=CARTESIAN_POINT('Origin',(-30.1250089999999,77.7625045,3.97500900000001));
#10869=CARTESIAN_POINT('',(-32.2242128603279,77.7625045,0.308400124707446));
#10870=CARTESIAN_POINT('Origin',(-30.1250089999999,77.7625045,3.97500900000001));
#10871=CARTESIAN_POINT('',(-32.2242128603279,77.7625045,0.308400124707446));
#10872=CARTESIAN_POINT('Origin',(-30.1250089999999,77.7625045,3.97499100000001));
#10873=CARTESIAN_POINT('Origin',(-30.1250089999999,77.7625045,3.97499100000001));
#10874=CARTESIAN_POINT('Ctrl Pts',(-27.6,84.5125044999566,3.97498986850584));
#10875=CARTESIAN_POINT('Ctrl Pts',(-34.3499999999566,84.5125044999566,3.97498986850584));
#10876=CARTESIAN_POINT('Ctrl Pts',(-34.3499999999566,77.7625045,3.97498986850584));
#10877=CARTESIAN_POINT('Ctrl Pts',(-27.6,84.5125124245064,5.7250440450797));
#10878=CARTESIAN_POINT('Ctrl Pts',(-34.3500079245064,84.5125124245064,5.7250440450797));
#10879=CARTESIAN_POINT('Ctrl Pts',(-34.3500079245063,77.7625045,5.7250440450797));
#10880=CARTESIAN_POINT('Ctrl Pts',(-27.6,83.275040050549,6.96252202253985));
#10881=CARTESIAN_POINT('Ctrl Pts',(-33.112535550549,83.2750400505491,6.96252202253985));
#10882=CARTESIAN_POINT('Ctrl Pts',(-33.112535550549,77.7625045,6.96252202253985));
#10883=CARTESIAN_POINT('Ctrl Pts',(-27.6,82.0375676765917,8.20000000000001));
#10884=CARTESIAN_POINT('Ctrl Pts',(-31.8750631765917,82.0375676765917,8.20000000000001));
#10885=CARTESIAN_POINT('Ctrl Pts',(-31.8750631765917,77.7625045,8.20000000000001));
#10886=CARTESIAN_POINT('Ctrl Pts',(-27.6,80.2875134999999,8.2));
#10887=CARTESIAN_POINT('Ctrl Pts',(-30.1250089999999,80.2875134999999,8.2));
#10888=CARTESIAN_POINT('Ctrl Pts',(-30.1250089999999,77.7625045,8.2));
#10889=CARTESIAN_POINT('',(-27.6,84.5125044999566,3.97498986850584));
#10890=CARTESIAN_POINT('Origin',(-27.6,80.2875134999999,3.97500900000001));
#10891=CARTESIAN_POINT('Origin',(-27.6,77.7625045,3.97498986850584));
#10892=CARTESIAN_POINT('Ctrl Pts',(-27.6,82.5461520352795,0.404402684796664));
#10893=CARTESIAN_POINT('Ctrl Pts',(-32.3836475352795,82.5461520352795,0.404402684796664));
#10894=CARTESIAN_POINT('Ctrl Pts',(-32.3836475352795,77.7625045,0.404402684796664));
#10895=CARTESIAN_POINT('Ctrl Pts',(-27.6,84.5125038768336,1.64825317978133));
#10896=CARTESIAN_POINT('Ctrl Pts',(-34.3499993768336,84.5125038768336,1.64825317978133));
#10897=CARTESIAN_POINT('Ctrl Pts',(-34.3499993768336,77.7625045,1.64825317978133));
#10898=CARTESIAN_POINT('Ctrl Pts',(-27.6,84.5125044999566,3.97498986850584));
#10899=CARTESIAN_POINT('Ctrl Pts',(-34.3499999999566,84.5125044999566,3.97498986850584));
#10900=CARTESIAN_POINT('Ctrl Pts',(-34.3499999999566,77.7625045,3.97498986850584));
#10901=CARTESIAN_POINT('',(-27.6,82.5461520352808,0.404402684794624));
#10902=CARTESIAN_POINT('Origin',(-27.6,80.2875134999999,3.97499100000001));
#10903=CARTESIAN_POINT('Origin',(-27.6,77.7625045,0.404402684794626));
#10904=CARTESIAN_POINT('Ctrl Pts',(-27.6,82.3867173603074,0.308400124743409));
#10905=CARTESIAN_POINT('Ctrl Pts',(-32.2242128603074,82.3867173603074,0.308400124743409));
#10906=CARTESIAN_POINT('Ctrl Pts',(-32.2242128603073,77.7625045,0.308400124743409));
#10907=CARTESIAN_POINT('Ctrl Pts',(-27.6,82.4674921581953,0.354645244774127));
#10908=CARTESIAN_POINT('Ctrl Pts',(-32.3049876581953,82.4674921581953,0.354645244774127));
#10909=CARTESIAN_POINT('Ctrl Pts',(-32.3049876581953,77.7625045,0.354645244774127));
#10910=CARTESIAN_POINT('Ctrl Pts',(-27.6,82.5461520352808,0.404402684794636));
#10911=CARTESIAN_POINT('Ctrl Pts',(-32.3836475352808,82.5461520352808,0.404402684794636));
#10912=CARTESIAN_POINT('Ctrl Pts',(-32.3836475352808,77.7625045,0.404402684794636));
#10913=CARTESIAN_POINT('',(-27.6,82.3867173603279,0.308400124707446));
#10914=CARTESIAN_POINT('Origin',(-27.6,80.2875134999999,3.97500900000001));
#10915=CARTESIAN_POINT('Origin',(-27.6,77.7625045,0.308400124707449));
#10916=CARTESIAN_POINT('Ctrl Pts',(-27.6,80.2875134999999,-0.249999590994801));
#10917=CARTESIAN_POINT('Ctrl Pts',(-30.1250089999999,80.2875134999999,-0.249999590994801));
#10918=CARTESIAN_POINT('Ctrl Pts',(-30.1250089999999,77.7625045,-0.249999590994801));
#10919=CARTESIAN_POINT('Ctrl Pts',(-27.6,81.4113841204015,-0.249999590994802));
#10920=CARTESIAN_POINT('Ctrl Pts',(-31.2488796204015,81.4113841204015,-0.249999590994802));
#10921=CARTESIAN_POINT('Ctrl Pts',(-31.2488796204015,77.7625045,-0.249999590994802));
#10922=CARTESIAN_POINT('Ctrl Pts',(-27.6,82.386717360328,0.308400124707456));
#10923=CARTESIAN_POINT('Ctrl Pts',(-32.224212860328,82.386717360328,0.308400124707456));
#10924=CARTESIAN_POINT('Ctrl Pts',(-32.224212860328,77.7625045,0.308400124707456));
#10925=CARTESIAN_POINT('Origin',(-27.6,80.2875134999999,3.97499100000001));
#10926=CARTESIAN_POINT('Origin',(27.6,80.2875134999999,3.97500900000001));
#10927=CARTESIAN_POINT('',(27.6,84.5125044999566,3.97498986850584));
#10928=CARTESIAN_POINT('Origin',(27.6,80.2875134999999,3.97500900000001));
#10929=CARTESIAN_POINT('',(27.6,84.5125044999566,3.97498986850584));
#10930=CARTESIAN_POINT('Origin',(27.6,80.2875134999999,3.97499100000001));
#10931=CARTESIAN_POINT('',(27.6,82.5461520352808,0.404402684794624));
#10932=CARTESIAN_POINT('Origin',(27.6,80.2875134999999,3.97499100000001));
#10933=CARTESIAN_POINT('',(27.6,82.5461520352808,0.404402684794624));
#10934=CARTESIAN_POINT('Origin',(27.6,80.2875134999999,3.97500900000001));
#10935=CARTESIAN_POINT('',(27.6,82.3867173603279,0.308400124707446));
#10936=CARTESIAN_POINT('Origin',(27.6,80.2875134999999,3.97500900000001));
#10937=CARTESIAN_POINT('',(27.6,82.3867173603279,0.308400124707446));
#10938=CARTESIAN_POINT('Origin',(27.6,80.2875134999999,3.97499100000001));
#10939=CARTESIAN_POINT('Origin',(27.6,80.2875134999999,3.97499100000001));
#10940=CARTESIAN_POINT('Ctrl Pts',(34.3499999999566,77.7625045,3.97498986850584));
#10941=CARTESIAN_POINT('Ctrl Pts',(34.3499999999566,84.5125044999566,3.97498986850584));
#10942=CARTESIAN_POINT('Ctrl Pts',(27.6,84.5125044999566,3.97498986850584));
#10943=CARTESIAN_POINT('Ctrl Pts',(34.3500079245064,77.7625045,5.7250440450797));
#10944=CARTESIAN_POINT('Ctrl Pts',(34.3500079245064,84.5125124245064,5.7250440450797));
#10945=CARTESIAN_POINT('Ctrl Pts',(27.6,84.5125124245064,5.7250440450797));
#10946=CARTESIAN_POINT('Ctrl Pts',(33.112535550549,77.7625045,6.96252202253986));
#10947=CARTESIAN_POINT('Ctrl Pts',(33.112535550549,83.275040050549,6.96252202253986));
#10948=CARTESIAN_POINT('Ctrl Pts',(27.6,83.275040050549,6.96252202253986));
#10949=CARTESIAN_POINT('Ctrl Pts',(31.8750631765917,77.7625045,8.20000000000002));
#10950=CARTESIAN_POINT('Ctrl Pts',(31.8750631765917,82.0375676765917,8.20000000000002));
#10951=CARTESIAN_POINT('Ctrl Pts',(27.6,82.0375676765917,8.20000000000002));
#10952=CARTESIAN_POINT('Ctrl Pts',(30.1250089999999,77.7625045,8.2));
#10953=CARTESIAN_POINT('Ctrl Pts',(30.1250089999999,80.2875134999999,8.2));
#10954=CARTESIAN_POINT('Ctrl Pts',(27.6,80.2875134999999,8.2));
#10955=CARTESIAN_POINT('',(34.3499999999566,77.7625045,3.97498986850584));
#10956=CARTESIAN_POINT('Origin',(30.1250089999999,77.7625045,3.97500900000001));
#10957=CARTESIAN_POINT('Origin',(27.6,77.7625045,3.97498986850584));
#10958=CARTESIAN_POINT('Ctrl Pts',(32.3836475352795,77.7625045,0.404402684796658));
#10959=CARTESIAN_POINT('Ctrl Pts',(32.3836475352795,82.5461520352795,0.404402684796658));
#10960=CARTESIAN_POINT('Ctrl Pts',(27.6,82.5461520352795,0.404402684796658));
#10961=CARTESIAN_POINT('Ctrl Pts',(34.3499993768337,77.7625045,1.64825317978132));
#10962=CARTESIAN_POINT('Ctrl Pts',(34.3499993768337,84.5125038768336,1.64825317978132));
#10963=CARTESIAN_POINT('Ctrl Pts',(27.6,84.5125038768336,1.64825317978132));
#10964=CARTESIAN_POINT('Ctrl Pts',(34.3499999999566,77.7625045,3.97498986850584));
#10965=CARTESIAN_POINT('Ctrl Pts',(34.3499999999566,84.5125044999566,3.97498986850584));
#10966=CARTESIAN_POINT('Ctrl Pts',(27.6,84.5125044999566,3.97498986850584));
#10967=CARTESIAN_POINT('',(32.3836475352808,77.7625045,0.404402684794624));
#10968=CARTESIAN_POINT('Origin',(30.1250089999999,77.7625045,3.97499100000001));
#10969=CARTESIAN_POINT('Origin',(27.6,77.7625045,0.404402684794624));
#10970=CARTESIAN_POINT('Ctrl Pts',(32.2242128603074,77.7625045,0.308400124743403));
#10971=CARTESIAN_POINT('Ctrl Pts',(32.2242128603074,82.3867173603074,0.308400124743403));
#10972=CARTESIAN_POINT('Ctrl Pts',(27.6,82.3867173603074,0.308400124743403));
#10973=CARTESIAN_POINT('Ctrl Pts',(32.3049876581953,77.7625045,0.354645244774119));
#10974=CARTESIAN_POINT('Ctrl Pts',(32.3049876581953,82.4674921581953,0.354645244774119));
#10975=CARTESIAN_POINT('Ctrl Pts',(27.6,82.4674921581953,0.354645244774119));
#10976=CARTESIAN_POINT('Ctrl Pts',(32.3836475352808,77.7625045,0.404402684794626));
#10977=CARTESIAN_POINT('Ctrl Pts',(32.3836475352808,82.5461520352808,0.404402684794626));
#10978=CARTESIAN_POINT('Ctrl Pts',(27.6,82.5461520352808,0.404402684794626));
#10979=CARTESIAN_POINT('',(32.224212860328,77.7625045,0.308400124707446));
#10980=CARTESIAN_POINT('Origin',(30.1250089999999,77.7625045,3.97500900000001));
#10981=CARTESIAN_POINT('Origin',(27.6,77.7625045,0.308400124707446));
#10982=CARTESIAN_POINT('Ctrl Pts',(30.1250089999999,77.7625045,-0.249999590994801));
#10983=CARTESIAN_POINT('Ctrl Pts',(30.1250089999999,80.2875134999999,-0.249999590994801));
#10984=CARTESIAN_POINT('Ctrl Pts',(27.6,80.2875134999999,-0.249999590994801));
#10985=CARTESIAN_POINT('Ctrl Pts',(31.2488796204015,77.7625045,-0.249999590994804));
#10986=CARTESIAN_POINT('Ctrl Pts',(31.2488796204015,81.4113841204015,-0.249999590994804));
#10987=CARTESIAN_POINT('Ctrl Pts',(27.6,81.4113841204015,-0.249999590994804));
#10988=CARTESIAN_POINT('Ctrl Pts',(32.224212860328,77.7625045,0.308400124707446));
#10989=CARTESIAN_POINT('Ctrl Pts',(32.224212860328,82.3867173603279,0.308400124707446));
#10990=CARTESIAN_POINT('Ctrl Pts',(27.6,82.3867173603279,0.308400124707446));
#10991=CARTESIAN_POINT('Origin',(30.1250089999999,77.7625045,3.97499100000001));
#10992=CARTESIAN_POINT('Origin',(30.125009,0.,3.975009));
#10993=CARTESIAN_POINT('',(34.3499999999567,0.,3.97498986850583));
#10994=CARTESIAN_POINT('Origin',(30.125009,0.,3.974991));
#10995=CARTESIAN_POINT('',(32.3836475352808,0.,0.404402684794617));
#10996=CARTESIAN_POINT('Origin',(30.125009,0.,3.975009));
#10997=CARTESIAN_POINT('',(32.224212860328,0.,0.308400124707439));
#10998=CARTESIAN_POINT('Origin',(30.125009,0.,3.974991));
#10999=CARTESIAN_POINT('Origin',(27.6,77.7625045,8.82500000000001));
#11000=CARTESIAN_POINT('',(31.1250089999999,77.7625045,8.20000000000001));
#11001=CARTESIAN_POINT('',(31.1250089999999,77.7625045,9.45000000000001));
#11002=CARTESIAN_POINT('',(31.1250089999999,77.7625045,8.20000000000001));
#11003=CARTESIAN_POINT('',(27.6,81.2875134999999,9.45000000000001));
#11004=CARTESIAN_POINT('Origin',(27.6,77.7625045,9.45000000000001));
#11005=CARTESIAN_POINT('',(27.6,81.2875134999999,8.20000000000001));
#11006=CARTESIAN_POINT('',(27.6,81.2875134999999,8.20000000000001));
#11007=CARTESIAN_POINT('Origin',(27.6,77.7625045,8.20000000000001));
#11008=CARTESIAN_POINT('Origin',(27.6,81.2875134999999,8.20000000000001));
#11009=CARTESIAN_POINT('',(-27.6,81.2875134999999,9.45000000000001));
#11010=CARTESIAN_POINT('',(27.6,81.2875134999999,9.45000000000001));
#11011=CARTESIAN_POINT('',(-27.6,81.2875134999999,8.20000000000001));
#11012=CARTESIAN_POINT('',(-27.6,81.2875134999999,8.20000000000001));
#11013=CARTESIAN_POINT('',(27.6,81.2875134999999,8.20000000000001));
#11014=CARTESIAN_POINT('Origin',(-27.6,77.7625045,8.82500000000001));
#11015=CARTESIAN_POINT('',(-31.1250089999999,77.7625045,9.45000000000001));
#11016=CARTESIAN_POINT('Origin',(-27.6,77.7625045,9.45));
#11017=CARTESIAN_POINT('',(-31.1250089999999,77.7625045,8.20000000000001));
#11018=CARTESIAN_POINT('',(-31.1250089999999,77.7625045,8.20000000000001));
#11019=CARTESIAN_POINT('Origin',(-27.6,77.7625045,8.20000000000001));
#11020=CARTESIAN_POINT('Origin',(-31.1250089999999,77.7625045,8.20000000000001));
#11021=CARTESIAN_POINT('',(-31.1250089999999,-54.7374955,9.45000000000001));
#11022=CARTESIAN_POINT('',(-31.1250089999999,77.7625045,9.45000000000001));
#11023=CARTESIAN_POINT('',(-31.1250089999999,-54.7374955,8.20000000000001));
#11024=CARTESIAN_POINT('',(-31.1250089999999,-54.7374955,8.20000000000001));
#11025=CARTESIAN_POINT('',(-31.1250089999999,77.7625045,8.20000000000001));
#11026=CARTESIAN_POINT('Origin',(-27.6,-54.7374955,8.82500000000001));
#11027=CARTESIAN_POINT('',(-27.6,-58.2625044999999,9.45000000000001));
#11028=CARTESIAN_POINT('Origin',(-27.6,-54.7374955,9.45000000000001));
#11029=CARTESIAN_POINT('',(-27.6,-58.2625044999999,8.20000000000001));
#11030=CARTESIAN_POINT('',(-27.6,-58.2625044999999,8.20000000000001));
#11031=CARTESIAN_POINT('Origin',(-27.6,-54.7374955,8.20000000000001));
#11032=CARTESIAN_POINT('Origin',(31.125009,7.42409181027704E-16,8.2));
#11033=CARTESIAN_POINT('',(31.1250089999999,-54.7374955,9.45000000000002));
#11034=CARTESIAN_POINT('',(31.125009,7.42409181027704E-16,9.45));
#11035=CARTESIAN_POINT('',(31.1250089999999,-54.7374955,8.20000000000002));
#11036=CARTESIAN_POINT('',(31.1250089999999,-54.7374955,8.20000000000002));
#11037=CARTESIAN_POINT('',(31.1250089999999,-54.7374955,8.20000000000002));
#11038=CARTESIAN_POINT('Origin',(-27.6,-58.2625044999999,8.20000000000001));
#11039=CARTESIAN_POINT('',(27.6,-58.2625044999999,9.45000000000002));
#11040=CARTESIAN_POINT('',(-27.6,-58.2625044999999,9.45000000000001));
#11041=CARTESIAN_POINT('',(27.6,-58.2625044999999,8.20000000000002));
#11042=CARTESIAN_POINT('',(27.6,-58.2625044999999,8.20000000000002));
#11043=CARTESIAN_POINT('',(-27.6,-58.2625044999999,8.20000000000001));
#11044=CARTESIAN_POINT('Origin',(27.6,-54.7374955,8.82500000000002));
#11045=CARTESIAN_POINT('Origin',(27.6,-54.7374955,9.45000000000002));
#11046=CARTESIAN_POINT('Origin',(27.6,-54.7374955,8.20000000000002));
#11047=CARTESIAN_POINT('',(4.44089209850063E-15,11.5125045,3.975));
#11048=CARTESIAN_POINT('',(0.,0.,0.));
#11049=UNCERTAINTY_MEASURE_WITH_UNIT(LENGTH_MEASURE(0.01),#11057,
'DISTANCE_ACCURACY_VALUE',
'Maximum model space distance between geometric entities at asserted c
onnectivities');
#11050=UNCERTAINTY_MEASURE_WITH_UNIT(LENGTH_MEASURE(0.01),#11057,
'DISTANCE_ACCURACY_VALUE',
'Maximum model space distance between geometric entities at asserted c
onnectivities');
#11051=UNCERTAINTY_MEASURE_WITH_UNIT(LENGTH_MEASURE(0.01),#11057,
'DISTANCE_ACCURACY_VALUE',
'Maximum model space distance between geometric entities at asserted c
onnectivities');
#11052=UNCERTAINTY_MEASURE_WITH_UNIT(LENGTH_MEASURE(0.01),#11057,
'DISTANCE_ACCURACY_VALUE',
'Maximum model space distance between geometric entities at asserted c
onnectivities');
#11053=(
GEOMETRIC_REPRESENTATION_CONTEXT(3)
GLOBAL_UNCERTAINTY_ASSIGNED_CONTEXT((#11049))
GLOBAL_UNIT_ASSIGNED_CONTEXT((#11057,#11059,#11060))
REPRESENTATION_CONTEXT('','3D')
);
#11054=(
GEOMETRIC_REPRESENTATION_CONTEXT(3)
GLOBAL_UNCERTAINTY_ASSIGNED_CONTEXT((#11050))
GLOBAL_UNIT_ASSIGNED_CONTEXT((#11057,#11059,#11060))
REPRESENTATION_CONTEXT('','3D')
);
#11055=(
GEOMETRIC_REPRESENTATION_CONTEXT(3)
GLOBAL_UNCERTAINTY_ASSIGNED_CONTEXT((#11051))
GLOBAL_UNIT_ASSIGNED_CONTEXT((#11057,#11059,#11060))
REPRESENTATION_CONTEXT('','3D')
);
#11056=(
GEOMETRIC_REPRESENTATION_CONTEXT(3)
GLOBAL_UNCERTAINTY_ASSIGNED_CONTEXT((#11052))
GLOBAL_UNIT_ASSIGNED_CONTEXT((#11057,#11059,#11060))
REPRESENTATION_CONTEXT('','3D')
);
#11057=(
LENGTH_UNIT()
NAMED_UNIT(*)
SI_UNIT(.MILLI.,.METRE.)
);
#11058=(
LENGTH_UNIT()
NAMED_UNIT(*)
SI_UNIT($,.METRE.)
);
#11059=(
NAMED_UNIT(*)
PLANE_ANGLE_UNIT()
SI_UNIT($,.RADIAN.)
);
#11060=(
NAMED_UNIT(*)
SI_UNIT($,.STERADIAN.)
SOLID_ANGLE_UNIT()
);
#11061=SHAPE_DEFINITION_REPRESENTATION(#11064,#11069);
#11062=SHAPE_DEFINITION_REPRESENTATION(#11065,#11070);
#11063=SHAPE_DEFINITION_REPRESENTATION(#11066,#11071);
#11064=PRODUCT_DEFINITION_SHAPE('',$,#11073);
#11065=PRODUCT_DEFINITION_SHAPE('',$,#11074);
#11066=PRODUCT_DEFINITION_SHAPE('',$,#11075);
#11067=PRODUCT_DEFINITION_SHAPE($,$,#17);
#11068=PRODUCT_DEFINITION_SHAPE($,$,#18);
#11069=SHAPE_REPRESENTATION('',(#5621,#6218,#6219),#11053);
#11070=SHAPE_REPRESENTATION('',(#5622),#11054);
#11071=SHAPE_REPRESENTATION('',(#6039,#20),#11055);
#11072=PRODUCT_DEFINITION_CONTEXT('part definition',#11083,'design');
#11073=PRODUCT_DEFINITION('Google Pixel 3','Day10: phone case',#11076,#11072);
#11074=PRODUCT_DEFINITION('2026-08-07-04-52-06-747','Phone',#11077,#11072);
#11075=PRODUCT_DEFINITION('2026-08-07-04-58-41-791','Phone case',#11078,
#11072);
#11076=PRODUCT_DEFINITION_FORMATION('',$,#11085);
#11077=PRODUCT_DEFINITION_FORMATION('',$,#11086);
#11078=PRODUCT_DEFINITION_FORMATION('',$,#11087);
#11079=PRODUCT_RELATED_PRODUCT_CATEGORY('Day10: phone case',
'Day10: phone case',(#11085));
#11080=PRODUCT_RELATED_PRODUCT_CATEGORY('Phone','Phone',(#11086));
#11081=PRODUCT_RELATED_PRODUCT_CATEGORY('Phone case','Phone case',(#11087));
#11082=APPLICATION_PROTOCOL_DEFINITION('international standard',
'automotive_design',2009,#11083);
#11083=APPLICATION_CONTEXT(
'Core Data for Automotive Mechanical Design Process');
#11084=PRODUCT_CONTEXT('part definition',#11083,'mechanical');
#11085=PRODUCT('Google Pixel 3','Day10: phone case',$,(#11084));
#11086=PRODUCT('2026-08-07-04-52-06-747','Phone',$,(#11084));
#11087=PRODUCT('2026-08-07-04-58-41-791','Phone case',$,(#11084));
#11088=PRESENTATION_STYLE_ASSIGNMENT((#11097));
#11089=PRESENTATION_STYLE_ASSIGNMENT((#11098));
#11090=PRESENTATION_STYLE_ASSIGNMENT((#11099));
#11091=PRESENTATION_STYLE_ASSIGNMENT((#11100));
#11092=PRESENTATION_STYLE_ASSIGNMENT((#11101));
#11093=PRESENTATION_STYLE_ASSIGNMENT((#11102));
#11094=PRESENTATION_STYLE_ASSIGNMENT((#11103));
#11095=PRESENTATION_STYLE_ASSIGNMENT((#11104));
#11096=PRESENTATION_STYLE_ASSIGNMENT((#11105));
#11097=SURFACE_STYLE_USAGE(.BOTH.,#11106);
#11098=SURFACE_STYLE_USAGE(.BOTH.,#11107);
#11099=SURFACE_STYLE_USAGE(.BOTH.,#11108);
#11100=SURFACE_STYLE_USAGE(.BOTH.,#11109);
#11101=SURFACE_STYLE_USAGE(.BOTH.,#11110);
#11102=SURFACE_STYLE_USAGE(.BOTH.,#11111);
#11103=SURFACE_STYLE_USAGE(.BOTH.,#11112);
#11104=SURFACE_STYLE_USAGE(.BOTH.,#11113);
#11105=SURFACE_STYLE_USAGE(.BOTH.,#11114);
#11106=SURFACE_SIDE_STYLE('',(#11115));
#11107=SURFACE_SIDE_STYLE('',(#11116));
#11108=SURFACE_SIDE_STYLE('',(#11117));
#11109=SURFACE_SIDE_STYLE('',(#11118));
#11110=SURFACE_SIDE_STYLE('',(#11119));
#11111=SURFACE_SIDE_STYLE('',(#11120));
#11112=SURFACE_SIDE_STYLE('',(#11121));
#11113=SURFACE_SIDE_STYLE('',(#11122));
#11114=SURFACE_SIDE_STYLE('',(#11123));
#11115=SURFACE_STYLE_FILL_AREA(#11124);
#11116=SURFACE_STYLE_FILL_AREA(#11125);
#11117=SURFACE_STYLE_FILL_AREA(#11126);
#11118=SURFACE_STYLE_FILL_AREA(#11127);
#11119=SURFACE_STYLE_FILL_AREA(#11128);
#11120=SURFACE_STYLE_FILL_AREA(#11129);
#11121=SURFACE_STYLE_FILL_AREA(#11130);
#11122=SURFACE_STYLE_FILL_AREA(#11131);
#11123=SURFACE_STYLE_FILL_AREA(#11132);
#11124=FILL_AREA_STYLE('Steel - Satin',(#11133));
#11125=FILL_AREA_STYLE('Opaque(63,63,63)',(#11134));
#11126=FILL_AREA_STYLE('Opaque(0,5,112)',(#11135));
#11127=FILL_AREA_STYLE('Opaque(254,254,254)',(#11136));
#11128=FILL_AREA_STYLE('Opaque(255,255,255)',(#11137));
#11129=FILL_AREA_STYLE('Opaque(71,71,71)',(#11138));
#11130=FILL_AREA_STYLE('Opaque(107,107,107)',(#11139));
#11131=FILL_AREA_STYLE('Opaque(0,165,254)',(#11140));
#11132=FILL_AREA_STYLE('Polymide (Kapton)',(#11141));
#11133=FILL_AREA_STYLE_COLOUR('Steel - Satin',#11142);
#11134=FILL_AREA_STYLE_COLOUR('Opaque(63,63,63)',#11143);
#11135=FILL_AREA_STYLE_COLOUR('Opaque(0,5,112)',#11144);
#11136=FILL_AREA_STYLE_COLOUR('Opaque(254,254,254)',#11145);
#11137=FILL_AREA_STYLE_COLOUR('Opaque(255,255,255)',#11146);
#11138=FILL_AREA_STYLE_COLOUR('Opaque(71,71,71)',#11147);
#11139=FILL_AREA_STYLE_COLOUR('Opaque(107,107,107)',#11148);
#11140=FILL_AREA_STYLE_COLOUR('Opaque(0,165,254)',#11149);
#11141=FILL_AREA_STYLE_COLOUR('Polymide (Kapton)',#11150);
#11142=COLOUR_RGB('Steel - Satin',0.627450980392157,0.627450980392157,0.627450980392157);
#11143=COLOUR_RGB('Opaque(63,63,63)',0.250980392156863,0.250980392156863,
0.250980392156863);
#11144=COLOUR_RGB('Opaque(0,5,112)',0.,0.0196078431372549,0.43921568627451);
#11145=COLOUR_RGB('Opaque(254,254,254)',0.996078431372549,0.996078431372549,
0.996078431372549);
#11146=COLOUR_RGB('Opaque(255,255,255)',1.,1.,1.);
#11147=COLOUR_RGB('Opaque(71,71,71)',0.27843137254902,0.27843137254902,
0.27843137254902);
#11148=COLOUR_RGB('Opaque(107,107,107)',0.419607843137255,0.419607843137255,
0.419607843137255);
#11149=COLOUR_RGB('Opaque(0,165,254)',0.,0.647058823529412,0.996078431372549);
#11150=COLOUR_RGB('Polymide (Kapton)',0.784313725490196,0.556862745098039,
0.0274509803921569);
ENDSEC;
END-ISO-10303-21;
