# WaveFront *.obj file (generated by Autodesk ATF)

mtllib Model.mtl

g Body1

v 0.443188 9.000000 1.328000
v 0.409087 9.000000 1.335116
v 0.374264 9.000000 1.334174
v 0.340597 9.000000 1.325225
v 0.309903 9.000000 1.308752
v 0.283836 9.000000 1.285642
v 0.263803 9.000000 1.257143
v 0.263803 2.500000 1.257143
v 0.283836 2.500000 1.285642
v 0.309903 2.500000 1.308752
v 0.340597 2.500000 1.325225
v 0.374264 2.500000 1.334174
v 0.409087 2.500000 1.335116
v 0.443188 2.500000 1.328000
v 0.409087 8.277778 1.335116
v 0.409087 7.555556 1.335116
v 0.409087 6.833333 1.335116
v 0.409087 6.111111 1.335116
v 0.409087 5.388889 1.335116
v 0.409087 4.666667 1.335116
v 0.409087 3.944444 1.335116
v 0.409087 3.222222 1.335116
v 0.374264 8.277778 1.334174
v 0.374264 7.555556 1.334174
v 0.374264 6.833333 1.334174
v 0.374264 6.111111 1.334174
v 0.374264 5.388889 1.334174
v 0.374264 4.666667 1.334174
v 0.374264 3.944444 1.334174
v 0.374264 3.222222 1.334174
v 0.340597 8.277778 1.325225
v 0.340597 7.555556 1.325225
v 0.340597 6.833333 1.325225
v 0.340597 6.111111 1.325225
v 0.340597 5.388889 1.325225
v 0.340597 4.666667 1.325225
v 0.340597 3.944444 1.325225
v 0.340597 3.222222 1.325225
v 0.309903 8.277778 1.308752
v 0.309903 7.555556 1.308752
v 0.309903 6.833333 1.308752
v 0.309903 6.111111 1.308752
v 0.309903 5.388889 1.308752
v 0.309903 4.666667 1.308752
v 0.309903 3.944444 1.308752
v 0.309903 3.222222 1.308752
v 0.283836 8.277778 1.285642
v 0.283836 7.555556 1.285642
v 0.283836 6.833333 1.285642
v 0.283836 6.111111 1.285642
v 0.283836 5.388889 1.285642
v 0.283836 4.666667 1.285642
v 0.283836 3.944444 1.285642
v 0.283836 3.222222 1.285642
v 0.439127 9.130843 1.320268
v 0.425880 9.259303 1.297696
v 0.401626 9.383034 1.261201
v 0.362797 9.498670 1.213551
v 0.305025 9.601627 1.159322
v 0.267369 9.646646 1.131472
v 0.223533 9.685870 1.105033
v 0.174129 9.718158 1.081709
v 0.119770 9.742369 1.063202
v 0.061104 9.757372 1.051210
v 0.000009 9.762440 1.047059
v -0.061024 9.757317 1.051304
v -0.119919 9.742372 1.063263
v -0.174798 9.718266 1.081734
v -0.224096 9.685973 1.105042
v -0.304970 9.601654 1.159281
v -0.362747 9.498472 1.213838
v -0.401578 9.382888 1.261412
v -0.425956 9.259356 1.297624
v -0.439037 9.130840 1.320321
v -0.443188 9.000000 1.328000
v -0.409087 9.000000 1.335116
v -0.374264 9.000000 1.334174
v -0.340597 9.000000 1.325225
v -0.309903 9.000000 1.308752
v -0.283836 9.000000 1.285642
v -0.263803 9.000000 1.257143
v -0.253852 9.220452 1.239991
v -0.217011 9.423701 1.192834
v -0.182992 9.511406 1.162277
v -0.134935 9.583077 1.132063
v -0.105433 9.610526 1.119137
v -0.072433 9.631016 1.108928
v -0.036893 9.643719 1.102336
v -0.018540 9.646975 1.100596
v 0.000006 9.648074 1.100000
v 0.036947 9.643766 1.102285
v 0.072338 9.631014 1.108899
v 0.105005 9.610434 1.119137
v 0.134574 9.582990 1.132070
v 0.183025 9.511383 1.162299
v 0.217052 9.423869 1.192673
v 0.253805 9.220407 1.240033
v -0.268237 9.277093 1.254925
v 0.339182 9.501757 1.216809
v 0.233094 9.446918 1.205241
v 0.408876 9.194143 1.316920
v 0.383391 9.191831 1.318838
v 0.366877 9.189928 1.317774
v 0.341996 9.186430 1.312577
v 0.318436 9.182347 1.303260
v 0.296903 9.177796 1.290081
v 0.278028 9.172908 1.273405
v 0.374138 9.398936 1.260665
v 0.351491 9.393621 1.264010
v 0.336809 9.389496 1.264336
v 0.314603 9.382199 1.261963
v 0.293380 9.373934 1.256196
v 0.273672 9.364901 1.247168
v 0.255964 9.355316 1.235086
v 0.319071 9.494606 1.221447
v 0.306031 9.489243 1.222922
v 0.286259 9.479979 1.222777
v 0.267244 9.469691 1.219734
v 0.249396 9.458594 1.213850
v 0.229861 9.660990 1.125582
v 0.216733 9.650559 1.133406
v 0.208222 9.643119 1.137460
v 0.195263 9.630740 1.142052
v 0.182669 9.617428 1.144593
v 0.170635 9.603386 1.145037
v 0.159347 9.588826 1.143375
v 0.202085 9.523702 1.174387
v 0.216336 9.536991 1.179487
v 0.231710 9.549719 1.182183
v 0.247929 9.561660 1.182434
v 0.264697 9.572600 1.180242
v 0.275730 9.579065 1.177520
v 0.292746 9.587927 1.171388
v 0.156788 9.712434 1.089088
v 0.147951 9.700847 1.098377
v 0.142223 9.692703 1.103538
v 0.133491 9.679305 1.110077
v 0.124976 9.665042 1.114834
v 0.116796 9.650104 1.117741
v 0.109058 9.634688 1.118756
v 0.092812 9.738282 1.069276
v 0.087622 9.726102 1.079401
v 0.084259 9.717600 1.085183
v 0.079127 9.703687 1.092792
v 0.074115 9.688950 1.098751
v 0.069284 9.673570 1.102981
v 0.064696 9.657735 1.105429
v 0.023551 9.750374 1.059598
v 0.022239 9.737917 1.070150
v 0.021388 9.729248 1.076242
v 0.020090 9.715095 1.084381
v 0.018822 9.700136 1.090928
v 0.017598 9.684549 1.095802
v 0.016432 9.668517 1.098941
v -0.043871 9.748314 1.061299
v -0.041425 9.735904 1.071774
v -0.039839 9.727264 1.077811
v -0.037420 9.713152 1.085856
v -0.035055 9.698230 1.092300
v -0.032773 9.682678 1.097060
v -0.030603 9.666679 1.100079
v -0.109152 9.733153 1.073352
v -0.103040 9.721090 1.083299
v -0.099079 9.712659 1.088950
v -0.093036 9.698848 1.096336
v -0.087135 9.684205 1.102047
v -0.081451 9.668913 1.106007
v -0.076055 9.653161 1.108163
v -0.193450 9.690579 1.105122
v -0.182493 9.679483 1.113744
v -0.175391 9.671638 1.118409
v -0.164567 9.658672 1.124084
v -0.154027 9.644813 1.127866
v -0.143920 9.630256 1.129697
v -0.134389 9.615203 1.129547
v -0.262494 9.627705 1.147288
v -0.247382 9.617998 1.154288
v -0.237585 9.611006 1.157701
v -0.222679 9.599284 1.161149
v -0.208224 9.586593 1.162368
v -0.194460 9.573144 1.161332
v -0.181617 9.559155 1.158052
v -0.354944 9.461021 1.235685
v -0.333717 9.454634 1.239743
v -0.319954 9.449775 1.240714
v -0.299107 9.441297 1.239607
v -0.279108 9.431801 1.235398
v -0.260418 9.421500 1.228174
v -0.243459 9.410623 1.218085
v -0.393296 9.311119 1.289794
v -0.369137 9.307193 1.292363
v -0.353478 9.304058 1.291956
v -0.329839 9.298410 1.288116
v -0.307351 9.291914 1.280521
v -0.286630 9.284746 1.269363
v -0.411889 9.157889 1.322766
v -0.386131 9.156036 1.324555
v -0.369441 9.154498 1.323354
v -0.344307 9.151659 1.317865
v -0.320533 9.148332 1.308174
v -0.298844 9.144616 1.294554
v -0.279889 9.140619 1.277387
v -0.443188 2.500000 1.328000
v -0.409087 2.500000 1.335116
v -0.374264 2.500000 1.334174
v -0.340597 2.500000 1.325225
v -0.309903 2.500000 1.308752
v -0.283836 2.500000 1.285642
v -0.263803 2.500000 1.257143
v -0.409087 3.222222 1.335116
v -0.409087 3.944444 1.335116
v -0.409087 4.666667 1.335116
v -0.409087 5.388889 1.335116
v -0.409087 6.111111 1.335116
v -0.409087 6.833333 1.335116
v -0.409087 7.555556 1.335116
v -0.409087 8.277778 1.335116
v -0.374264 3.222222 1.334174
v -0.374264 3.944444 1.334174
v -0.374264 4.666667 1.334174
v -0.374264 5.388889 1.334174
v -0.374264 6.111111 1.334174
v -0.374264 6.833333 1.334174
v -0.374264 7.555556 1.334174
v -0.374264 8.277778 1.334174
v -0.340597 3.222222 1.325225
v -0.340597 3.944444 1.325225
v -0.340597 4.666667 1.325225
v -0.340597 5.388889 1.325225
v -0.340597 6.111111 1.325225
v -0.340597 6.833333 1.325225
v -0.340597 7.555556 1.325225
v -0.340597 8.277778 1.325225
v -0.309903 3.222222 1.308752
v -0.309903 3.944444 1.308752
v -0.309903 4.666667 1.308752
v -0.309903 5.388889 1.308752
v -0.309903 6.111111 1.308752
v -0.309903 6.833333 1.308752
v -0.309903 7.555556 1.308752
v -0.309903 8.277778 1.308752
v -0.283836 3.222222 1.285642
v -0.283836 3.944444 1.285642
v -0.283836 4.666667 1.285642
v -0.283836 5.388889 1.285642
v -0.283836 6.111111 1.285642
v -0.283836 6.833333 1.285642
v -0.283836 7.555556 1.285642
v -0.283836 8.277778 1.285642
v 0.282843 10.000000 -0.282843
v 0.346410 10.000000 -0.200000
v 0.386370 10.000000 -0.103528
v 0.400000 10.000000 -0.000000
v 0.386370 10.000000 0.103528
v 0.346410 10.000000 0.200000
v 0.282843 10.000000 0.282843
v 0.200000 10.000000 0.346410
v 0.103528 10.000000 0.386370
v 0.000000 10.000000 0.400000
v -0.103528 10.000000 0.386370
v -0.200000 10.000000 0.346410
v -0.282843 10.000000 0.282843
v -0.346410 10.000000 0.200000
v -0.386370 10.000000 0.103528
v -0.400000 10.000000 0.000000
v -0.386370 10.000000 -0.103528
v -0.346410 10.000000 -0.200000
v -0.282843 10.000000 -0.282843
v -0.200000 10.000000 -0.346410
v -0.103528 10.000000 -0.386370
v -0.000000 10.000000 -0.400000
v 0.103528 10.000000 -0.386370
v 0.200000 10.000000 -0.346410
v 0.736234 9.000000 1.190781
v 0.989949 9.000000 0.989949
v 1.190781 9.000000 0.736234
v 1.328000 9.000000 0.443188
v 1.320319 9.130822 0.439047
v 1.297653 9.259328 0.425914
v 1.261342 9.382924 0.401636
v 1.213837 9.498458 0.362724
v 1.158958 9.601835 0.304780
v 1.131336 9.646774 0.267537
v 1.105129 9.685940 0.224260
v 1.081871 9.718161 0.174654
v 1.063532 9.742177 0.119644
v 1.051481 9.757195 0.060876
v 1.047072 9.762432 0.000001
v 1.051333 9.757288 -0.060956
v 1.063420 9.742247 -0.119682
v 1.081847 9.718176 -0.174626
v 1.105128 9.685947 -0.224252
v 1.131427 9.646730 -0.267592
v 1.159145 9.601735 -0.304887
v 1.213879 9.498443 -0.362748
v 1.261318 9.382954 -0.401628
v 1.297700 9.259318 -0.425864
v 1.320291 9.130847 -0.439087
v 1.328000 9.000000 -0.443188
v 1.190781 9.000000 -0.736234
v 0.989949 9.000000 -0.989949
v 0.736234 9.000000 -1.190781
v 0.443188 9.000000 -1.328000
v 0.439037 9.130840 -1.320321
v 0.425956 9.259356 -1.297624
v 0.401578 9.382888 -1.261412
v 0.362747 9.498472 -1.213838
v 0.304970 9.601654 -1.159281
v 0.224096 9.685973 -1.105042
v 0.174798 9.718266 -1.081734
v 0.119919 9.742372 -1.063263
v 0.061024 9.757317 -1.051304
v -0.000009 9.762440 -1.047059
v -0.061104 9.757372 -1.051210
v -0.119770 9.742369 -1.063202
v -0.174129 9.718158 -1.081709
v -0.223533 9.685870 -1.105033
v -0.267369 9.646646 -1.131472
v -0.305025 9.601627 -1.159322
v -0.362797 9.498670 -1.213551
v -0.401626 9.383034 -1.261201
v -0.425880 9.259303 -1.297696
v -0.439127 9.130843 -1.320268
v -0.443188 9.000000 -1.328000
v -0.736234 9.000000 -1.190781
v -0.989949 9.000000 -0.989949
v -1.190781 9.000000 -0.736234
v -1.328000 9.000000 -0.443188
v -1.320321 9.130840 -0.439037
v -1.297624 9.259356 -0.425956
v -1.261412 9.382888 -0.401578
v -1.213838 9.498472 -0.362747
v -1.159281 9.601654 -0.304970
v -1.105042 9.685973 -0.224096
v -1.081734 9.718266 -0.174798
v -1.063263 9.742372 -0.119919
v -1.051304 9.757317 -0.061024
v -1.047059 9.762440 0.000009
v -1.051210 9.757372 0.061104
v -1.063202 9.742369 0.119770
v -1.081709 9.718158 0.174129
v -1.105033 9.685870 0.223533
v -1.131472 9.646646 0.267369
v -1.159322 9.601627 0.305025
v -1.213551 9.498670 0.362797
v -1.261201 9.383034 0.401626
v -1.297696 9.259303 0.425880
v -1.320268 9.130843 0.439127
v -1.328000 9.000000 0.443188
v -1.190781 9.000000 0.736234
v -0.989949 9.000000 0.989949
v -0.736234 9.000000 1.190781
v -0.000000 9.965926 -0.658819
v 0.000000 9.866025 -0.900000
v 0.542197 9.965926 -0.374252
v 0.740685 9.866025 -0.511258
v 0.911131 9.707107 -0.628908
v 1.041918 9.500000 -0.719184
v 1.124135 9.258819 -0.775934
v 0.905776 9.258819 -1.022410
v 0.839530 9.500000 -0.947634
v 0.734148 9.707107 -0.828681
v 0.596810 9.866025 -0.673660
v 0.436878 9.965926 -0.493133
v 0.616007 9.965926 -0.233620
v 0.841515 9.866025 -0.319144
v 1.035163 9.707107 -0.392585
v 1.183754 9.500000 -0.448939
v 1.277163 9.258819 -0.484364
v 0.654016 9.965926 -0.079412
v 0.893438 9.866025 -0.108483
v 0.654016 9.965926 0.079412
v 0.893438 9.866025 0.108483
v 0.616007 9.965926 0.233620
v 0.841515 9.866025 0.319144
v 1.035163 9.707107 0.392585
v 1.183754 9.500000 0.448939
v 1.277163 9.258819 0.484364
v 0.542197 9.965926 0.374252
v 0.740685 9.866025 0.511258
v 0.911131 9.707107 0.628908
v 1.041918 9.500000 0.719184
v 1.124135 9.258819 0.775934
v 0.436878 9.965926 0.493133
v 0.596810 9.866025 0.673660
v 0.734148 9.707107 0.828681
v 0.839530 9.500000 0.947634
v 0.905776 9.258819 1.022410
v 0.306168 9.965926 0.583355
v 0.418251 9.866025 0.796910
v 0.514498 9.707107 0.980294
v 0.588351 9.500000 1.121010
v 0.634777 9.258819 1.209467
v 0.157666 9.965926 0.639675
v 0.215384 9.866025 0.873848
v 0.264948 9.707107 1.074936
v -0.157666 9.965926 0.639675
v -0.215384 9.866025 0.873848
v -0.264948 9.707107 1.074936
v 0.000006 9.866025 0.900000
v 0.000002 9.965926 0.658819
v -0.306168 9.965926 0.583355
v -0.418251 9.866025 0.796910
v -0.514498 9.707107 0.980294
v -0.588351 9.500000 1.121010
v -0.634777 9.258819 1.209467
v -0.436878 9.965926 0.493133
v -0.596810 9.866025 0.673660
v -0.734148 9.707107 0.828681
v -0.839530 9.500000 0.947634
v -0.905776 9.258819 1.022410
v -0.542197 9.965926 0.374252
v -0.740685 9.866025 0.511258
v -0.911131 9.707107 0.628908
v -1.041918 9.500000 0.719184
v -1.124135 9.258819 0.775934
v -0.616007 9.965926 0.233620
v -0.841515 9.866025 0.319144
v -1.035163 9.707107 0.392585
v -1.183754 9.500000 0.448939
v -1.277163 9.258819 0.484364
v -0.654016 9.965926 0.079412
v -0.893438 9.866025 0.108483
v -0.654016 9.965926 -0.079412
v -0.893438 9.866025 -0.108483
v -0.616007 9.965926 -0.233620
v -0.841515 9.866025 -0.319144
v -1.035163 9.707107 -0.392585
v -1.183754 9.500000 -0.448939
v -1.277163 9.258819 -0.484364
v -0.542197 9.965926 -0.374252
v -0.740685 9.866025 -0.511258
v -0.911131 9.707107 -0.628908
v -1.041918 9.500000 -0.719184
v -1.124135 9.258819 -0.775934
v -0.436878 9.965926 -0.493133
v -0.596810 9.866025 -0.673660
v -0.734148 9.707107 -0.828681
v -0.839530 9.500000 -0.947634
v -0.905776 9.258819 -1.022410
v -0.306168 9.965926 -0.583355
v -0.418251 9.866025 -0.796910
v -0.514498 9.707107 -0.980294
v -0.588351 9.500000 -1.121010
v -0.634777 9.258819 -1.209467
v -0.157666 9.965926 -0.639675
v -0.215384 9.866025 -0.873848
v -0.264948 9.707107 -1.074936
v 0.157666 9.965926 -0.639675
v 0.215384 9.866025 -0.873848
v 0.264948 9.707107 -1.074936
v 0.306168 9.965926 -0.583355
v 0.418251 9.866025 -0.796910
v 0.514498 9.707107 -0.980294
v 0.588351 9.500000 -1.121010
v 0.634777 9.258819 -1.209467
v -0.000000 2.257887 1.400000
v 0.335042 2.257887 1.359319
v 0.650612 2.257887 1.239638
v 0.928372 2.257887 1.047915
v 1.152177 2.257887 0.795291
v 1.309023 2.257887 0.496447
v 1.389792 2.257887 0.168751
v 1.389792 2.257887 -0.168751
v 1.309023 2.257887 -0.496447
v 1.152177 2.257887 -0.795291
v 0.928372 2.257887 -1.047915
v 0.650612 2.257887 -1.239638
v 0.335042 2.257887 -1.359319
v 0.000000 2.257887 -1.400000
v -0.335042 2.257887 -1.359319
v -0.650612 2.257887 -1.239638
v -0.928372 2.257887 -1.047915
v -1.152177 2.257887 -0.795291
v -1.309023 2.257887 -0.496447
v -1.389792 2.257887 -0.168751
v -1.389792 2.257887 0.168751
v -1.309023 2.257887 0.496447
v -1.152177 2.257887 0.795291
v -0.928372 2.257887 1.047915
v -0.650612 2.257887 1.239638
v -0.335042 2.257887 1.359319
v 0.150027 2.500000 1.391938
v -0.150027 2.500000 1.391938
v -1.328000 2.500000 0.443188
v -1.391938 2.500000 0.150027
v -1.391938 2.500000 -0.150027
v -1.328000 2.500000 -0.443188
v -0.443188 2.500000 -1.328000
v -0.150027 2.500000 -1.391938
v 0.150027 2.500000 -1.391938
v 0.443188 2.500000 -1.328000
v 1.328000 2.500000 -0.443188
v 1.391938 2.500000 -0.150027
v 1.391938 2.500000 0.150027
v 1.328000 2.500000 0.443188
v -1.335116 9.000000 0.409087
v -1.334174 9.000000 0.374264
v -1.325225 9.000000 0.340597
v -1.308752 9.000000 0.309903
v -1.285642 9.000000 0.283836
v -1.257143 9.000000 0.263803
v -1.257143 2.500000 0.263803
v -1.285642 2.500000 0.283836
v -1.308752 2.500000 0.309903
v -1.325225 2.500000 0.340597
v -1.334174 2.500000 0.374264
v -1.335116 2.500000 0.409087
v -1.335116 8.277778 0.409087
v -1.335116 7.555556 0.409087
v -1.335116 6.833333 0.409087
v -1.335116 6.111111 0.409087
v -1.335116 5.388889 0.409087
v -1.335116 4.666667 0.409087
v -1.335116 3.944444 0.409087
v -1.335116 3.222222 0.409087
v -1.334174 8.277778 0.374264
v -1.334174 7.555556 0.374264
v -1.334174 6.833333 0.374264
v -1.334174 6.111111 0.374264
v -1.334174 5.388889 0.374264
v -1.334174 4.666667 0.374264
v -1.334174 3.944444 0.374264
v -1.334174 3.222222 0.374264
v -1.325225 8.277778 0.340597
v -1.325225 7.555556 0.340597
v -1.325225 6.833333 0.340597
v -1.325225 6.111111 0.340597
v -1.325225 5.388889 0.340597
v -1.325225 4.666667 0.340597
v -1.325225 3.944444 0.340597
v -1.325225 3.222222 0.340597
v -1.308752 8.277778 0.309903
v -1.308752 7.555556 0.309903
v -1.308752 6.833333 0.309903
v -1.308752 6.111111 0.309903
v -1.308752 5.388889 0.309903
v -1.308752 4.666667 0.309903
v -1.308752 3.944444 0.309903
v -1.308752 3.222222 0.309903
v -1.285642 8.277778 0.283836
v -1.285642 7.555556 0.283836
v -1.285642 6.833333 0.283836
v -1.285642 6.111111 0.283836
v -1.285642 5.388889 0.283836
v -1.285642 4.666667 0.283836
v -1.285642 3.944444 0.283836
v -1.285642 3.222222 0.283836
v -1.335116 9.000000 -0.409087
v -1.334174 9.000000 -0.374264
v -1.325225 9.000000 -0.340597
v -1.308752 9.000000 -0.309903
v -1.285642 9.000000 -0.283836
v -1.257143 9.000000 -0.263803
v -1.239991 9.220452 -0.253852
v -1.192834 9.423701 -0.217011
v -1.162277 9.511406 -0.182992
v -1.132063 9.583077 -0.134935
v -1.119137 9.610526 -0.105433
v -1.108928 9.631016 -0.072433
v -1.102336 9.643719 -0.036893
v -1.100596 9.646975 -0.018540
v -1.100000 9.648074 0.000006
v -1.102285 9.643766 0.036947
v -1.108899 9.631014 0.072338
v -1.119137 9.610434 0.105005
v -1.132070 9.582990 0.134574
v -1.162299 9.511383 0.183025
v -1.192673 9.423869 0.217052
v -1.240033 9.220407 0.253805
v -1.254925 9.277093 -0.268237
v -1.216809 9.501757 0.339182
v -1.205241 9.446918 0.233094
v -1.316920 9.194143 0.408876
v -1.318838 9.191831 0.383391
v -1.317774 9.189928 0.366877
v -1.312577 9.186430 0.341996
v -1.303260 9.182347 0.318436
v -1.290081 9.177796 0.296903
v -1.273405 9.172908 0.278028
v -1.260665 9.398936 0.374138
v -1.264010 9.393621 0.351491
v -1.264336 9.389496 0.336809
v -1.261963 9.382199 0.314603
v -1.256196 9.373934 0.293380
v -1.247168 9.364901 0.273672
v -1.235086 9.355316 0.255964
v -1.221447 9.494606 0.319071
v -1.222922 9.489243 0.306031
v -1.222777 9.479979 0.286259
v -1.219734 9.469691 0.267244
v -1.213850 9.458594 0.249396
v -1.125582 9.660990 0.229861
v -1.133406 9.650559 0.216733
v -1.137460 9.643119 0.208222
v -1.142052 9.630740 0.195263
v -1.144593 9.617428 0.182669
v -1.145037 9.603386 0.170635
v -1.143375 9.588826 0.159347
v -1.174387 9.523702 0.202085
v -1.179487 9.536991 0.216336
v -1.182183 9.549719 0.231710
v -1.182434 9.561660 0.247929
v -1.180242 9.572600 0.264697
v -1.177520 9.579065 0.275730
v -1.171388 9.587927 0.292746
v -1.089088 9.712434 0.156788
v -1.098377 9.700847 0.147951
v -1.103538 9.692703 0.142223
v -1.110077 9.679305 0.133491
v -1.114834 9.665042 0.124976
v -1.117741 9.650104 0.116796
v -1.118756 9.634688 0.109058
v -1.069276 9.738282 0.092812
v -1.079401 9.726102 0.087622
v -1.085183 9.717600 0.084259
v -1.092792 9.703687 0.079127
v -1.098751 9.688950 0.074115
v -1.102981 9.673570 0.069284
v -1.105429 9.657735 0.064696
v -1.059598 9.750374 0.023551
v -1.070150 9.737917 0.022239
v -1.076242 9.729248 0.021388
v -1.084381 9.715095 0.020090
v -1.090928 9.700136 0.018822
v -1.095802 9.684549 0.017598
v -1.098941 9.668517 0.016432
v -1.061299 9.748314 -0.043871
v -1.071774 9.735904 -0.041425
v -1.077811 9.727264 -0.039839
v -1.085856 9.713152 -0.037420
v -1.092300 9.698230 -0.035055
v -1.097060 9.682678 -0.032773
v -1.100079 9.666679 -0.030603
v -1.073352 9.733153 -0.109152
v -1.083299 9.721090 -0.103040
v -1.088950 9.712659 -0.099079
v -1.096336 9.698848 -0.093036
v -1.102047 9.684205 -0.087135
v -1.106007 9.668913 -0.081451
v -1.108163 9.653161 -0.076055
v -1.105122 9.690579 -0.193450
v -1.113744 9.679483 -0.182493
v -1.118409 9.671638 -0.175391
v -1.124084 9.658672 -0.164567
v -1.127866 9.644813 -0.154027
v -1.129697 9.630256 -0.143920
v -1.129547 9.615203 -0.134389
v -1.147288 9.627705 -0.262494
v -1.154288 9.617998 -0.247382
v -1.157701 9.611006 -0.237585
v -1.161149 9.599284 -0.222679
v -1.162368 9.586593 -0.208224
v -1.161332 9.573144 -0.194460
v -1.158052 9.559155 -0.181617
v -1.235685 9.461021 -0.354944
v -1.239743 9.454634 -0.333717
v -1.240714 9.449775 -0.319954
v -1.239607 9.441297 -0.299107
v -1.235398 9.431801 -0.279108
v -1.228174 9.421500 -0.260418
v -1.218085 9.410623 -0.243459
v -1.289794 9.311119 -0.393296
v -1.292363 9.307193 -0.369137
v -1.291956 9.304058 -0.353478
v -1.288116 9.298410 -0.329839
v -1.280521 9.291914 -0.307351
v -1.269363 9.284746 -0.286630
v -1.322766 9.157889 -0.411889
v -1.324555 9.156036 -0.386131
v -1.323354 9.154498 -0.369441
v -1.317865 9.151659 -0.344307
v -1.308174 9.148332 -0.320533
v -1.294554 9.144616 -0.298844
v -1.277387 9.140619 -0.279889
v -1.335116 2.500000 -0.409087
v -1.334174 2.500000 -0.374264
v -1.325225 2.500000 -0.340597
v -1.308752 2.500000 -0.309903
v -1.285642 2.500000 -0.283836
v -1.257143 2.500000 -0.263803
v -1.335116 3.222222 -0.409087
v -1.335116 3.944444 -0.409087
v -1.335116 4.666667 -0.409087
v -1.335116 5.388889 -0.409087
v -1.335116 6.111111 -0.409087
v -1.335116 6.833333 -0.409087
v -1.335116 7.555556 -0.409087
v -1.335116 8.277778 -0.409087
v -1.334174 3.222222 -0.374264
v -1.334174 3.944444 -0.374264
v -1.334174 4.666667 -0.374264
v -1.334174 5.388889 -0.374264
v -1.334174 6.111111 -0.374264
v -1.334174 6.833333 -0.374264
v -1.334174 7.555556 -0.374264
v -1.334174 8.277778 -0.374264
v -1.325225 3.222222 -0.340597
v -1.325225 3.944444 -0.340597
v -1.325225 4.666667 -0.340597
v -1.325225 5.388889 -0.340597
v -1.325225 6.111111 -0.340597
v -1.325225 6.833333 -0.340597
v -1.325225 7.555556 -0.340597
v -1.325225 8.277778 -0.340597
v -1.308752 3.222222 -0.309903
v -1.308752 3.944444 -0.309903
v -1.308752 4.666667 -0.309903
v -1.308752 5.388889 -0.309903
v -1.308752 6.111111 -0.309903
v -1.308752 6.833333 -0.309903
v -1.308752 7.555556 -0.309903
v -1.308752 8.277778 -0.309903
v -1.285642 3.222222 -0.283836
v -1.285642 3.944444 -0.283836
v -1.285642 4.666667 -0.283836
v -1.285642 5.388889 -0.283836
v -1.285642 6.111111 -0.283836
v -1.285642 6.833333 -0.283836
v -1.285642 7.555556 -0.283836
v -1.285642 8.277778 -0.283836
v -0.409087 9.000000 -1.335116
v -0.374264 9.000000 -1.334174
v -0.340597 9.000000 -1.325225
v -0.309903 9.000000 -1.308752
v -0.283836 9.000000 -1.285642
v -0.263803 9.000000 -1.257143
v -0.263803 2.500000 -1.257143
v -0.283836 2.500000 -1.285642
v -0.309903 2.500000 -1.308752
v -0.340597 2.500000 -1.325225
v -0.374264 2.500000 -1.334174
v -0.409087 2.500000 -1.335116
v -0.409087 8.277778 -1.335116
v -0.409087 7.555556 -1.335116
v -0.409087 6.833333 -1.335116
v -0.409087 6.111111 -1.335116
v -0.409087 5.388889 -1.335116
v -0.409087 4.666667 -1.335116
v -0.409087 3.944444 -1.335116
v -0.409087 3.222222 -1.335116
v -0.374264 8.277778 -1.334174
v -0.374264 7.555556 -1.334174
v -0.374264 6.833333 -1.334174
v -0.374264 6.111111 -1.334174
v -0.374264 5.388889 -1.334174
v -0.374264 4.666667 -1.334174
v -0.374264 3.944444 -1.334174
v -0.374264 3.222222 -1.334174
v -0.340597 8.277778 -1.325225
v -0.340597 7.555556 -1.325225
v -0.340597 6.833333 -1.325225
v -0.340597 6.111111 -1.325225
v -0.340597 5.388889 -1.325225
v -0.340597 4.666667 -1.325225
v -0.340597 3.944444 -1.325225
v -0.340597 3.222222 -1.325225
v -0.309903 8.277778 -1.308752
v -0.309903 7.555556 -1.308752
v -0.309903 6.833333 -1.308752
v -0.309903 6.111111 -1.308752
v -0.309903 5.388889 -1.308752
v -0.309903 4.666667 -1.308752
v -0.309903 3.944444 -1.308752
v -0.309903 3.222222 -1.308752
v -0.283836 8.277778 -1.285642
v -0.283836 7.555556 -1.285642
v -0.283836 6.833333 -1.285642
v -0.283836 6.111111 -1.285642
v -0.283836 5.388889 -1.285642
v -0.283836 4.666667 -1.285642
v -0.283836 3.944444 -1.285642
v -0.283836 3.222222 -1.285642
v 0.409087 9.000000 -1.335116
v 0.374264 9.000000 -1.334174
v 0.340597 9.000000 -1.325225
v 0.309903 9.000000 -1.308752
v 0.283836 9.000000 -1.285642
v 0.263803 9.000000 -1.257143
v 0.253852 9.220453 -1.239991
v 0.217011 9.423701 -1.192834
v 0.182992 9.511406 -1.162277
v 0.134935 9.583077 -1.132063
v 0.105433 9.610526 -1.119137
v 0.072433 9.631016 -1.108928
v 0.036893 9.643719 -1.102336
v 0.018540 9.646975 -1.100596
v -0.000006 9.648074 -1.100000
v -0.036947 9.643766 -1.102285
v -0.072338 9.631014 -1.108899
v -0.105005 9.610434 -1.119137
v -0.134574 9.582990 -1.132070
v -0.183025 9.511383 -1.162299
v -0.217052 9.423869 -1.192673
v -0.253805 9.220407 -1.240033
v 0.268229 9.277156 -1.254911
v -0.339182 9.501757 -1.216809
v -0.233094 9.446918 -1.205241
v -0.408876 9.194143 -1.316920
v -0.383391 9.191831 -1.318838
v -0.366877 9.189928 -1.317774
v -0.341996 9.186430 -1.312577
v -0.318436 9.182347 -1.303260
v -0.296903 9.177796 -1.290081
v -0.278028 9.172908 -1.273405
v -0.374138 9.398936 -1.260665
v -0.351491 9.393621 -1.264010
v -0.336809 9.389496 -1.264336
v -0.314603 9.382199 -1.261963
v -0.293380 9.373934 -1.256196
v -0.273672 9.364901 -1.247168
v -0.255964 9.355316 -1.235086
v -0.319071 9.494606 -1.221447
v -0.306031 9.489243 -1.222922
v -0.286259 9.479979 -1.222777
v -0.267244 9.469691 -1.219734
v -0.249396 9.458594 -1.213850
v -0.229861 9.660990 -1.125582
v -0.216733 9.650559 -1.133406
v -0.208222 9.643119 -1.137460
v -0.195263 9.630740 -1.142052
v -0.182669 9.617428 -1.144593
v -0.170635 9.603386 -1.145037
v -0.159347 9.588826 -1.143375
v -0.202085 9.523702 -1.174387
v -0.216336 9.536991 -1.179487
v -0.231710 9.549719 -1.182183
v -0.247929 9.561660 -1.182434
v -0.264697 9.572600 -1.180242
v -0.275730 9.579065 -1.177520
v -0.292746 9.587927 -1.171388
v -0.156788 9.712434 -1.089088
v -0.147951 9.700847 -1.098376
v -0.142223 9.692703 -1.103538
v -0.133491 9.679305 -1.110077
v -0.124976 9.665042 -1.114834
v -0.116795 9.650104 -1.117741
v -0.109058 9.634688 -1.118756
v -0.092816 9.738281 -1.069277
v -0.087626 9.726101 -1.079402
v -0.084263 9.717599 -1.085183
v -0.079131 9.703686 -1.092793
v -0.074118 9.688949 -1.098751
v -0.069288 9.673569 -1.102982
v -0.064698 9.657733 -1.105430
v -0.023560 9.750374 -1.059599
v -0.022247 9.737917 -1.070151
v -0.021396 9.729248 -1.076243
v -0.020098 9.715095 -1.084382
v -0.018829 9.700136 -1.090929
v -0.017604 9.684548 -1.095802
v -0.016439 9.668516 -1.098941
v 0.043864 9.748315 -1.061298
v 0.041418 9.735905 -1.071773
v 0.039832 9.727264 -1.077810
v 0.037413 9.713153 -1.085855
v 0.035049 9.698231 -1.092299
v 0.032768 9.682679 -1.097060
v 0.030598 9.666680 -1.100078
v 0.109147 9.733155 -1.073351
v 0.103035 9.721092 -1.083298
v 0.099074 9.712661 -1.088948
v 0.093032 9.698850 -1.096335
v 0.087131 9.684207 -1.102046
v 0.081447 9.668915 -1.106006
v 0.076052 9.653163 -1.108162
v 0.193435 9.690589 -1.105115
v 0.182479 9.679493 -1.113737
v 0.175377 9.671648 -1.118402
v 0.164555 9.658682 -1.124078
v 0.154015 9.644822 -1.127860
v 0.143909 9.630265 -1.129691
v 0.134379 9.615213 -1.129542
v 0.262474 9.627728 -1.147273
v 0.247364 9.618021 -1.154274
v 0.237567 9.611028 -1.157687
v 0.222663 9.599305 -1.161137
v 0.208208 9.586615 -1.162356
v 0.194446 9.573166 -1.161321
v 0.181604 9.559176 -1.158042
v 0.354925 9.461076 -1.235661
v 0.333699 9.454688 -1.239719
v 0.319937 9.449828 -1.240691
v 0.299091 9.441349 -1.239585
v 0.279093 9.431852 -1.235378
v 0.260404 9.421550 -1.228156
v 0.243446 9.410672 -1.218069
v 0.393283 9.311190 -1.289774
v 0.369126 9.307263 -1.292343
v 0.353467 9.304128 -1.291937
v 0.329830 9.298478 -1.288097
v 0.307342 9.291981 -1.280504
v 0.286622 9.284811 -1.269348
v 0.411887 9.157926 -1.322761
v 0.386129 9.156072 -1.324550
v 0.369438 9.154535 -1.323349
v 0.344305 9.151695 -1.317860
v 0.320531 9.148367 -1.308170
v 0.298842 9.144651 -1.294550
v 0.279888 9.140652 -1.277384
v 0.409087 2.500000 -1.335116
v 0.374264 2.500000 -1.334174
v 0.340597 2.500000 -1.325225
v 0.309903 2.500000 -1.308752
v 0.283836 2.500000 -1.285642
v 0.263803 2.500000 -1.257143
v 0.409087 3.222222 -1.335116
v 0.409087 3.944444 -1.335116
v 0.409087 4.666667 -1.335116
v 0.409087 5.388889 -1.335116
v 0.409087 6.111111 -1.335116
v 0.409087 6.833333 -1.335116
v 0.409087 7.555556 -1.335116
v 0.409087 8.277778 -1.335116
v 0.374264 3.222222 -1.334174
v 0.374264 3.944444 -1.334174
v 0.374264 4.666667 -1.334174
v 0.374264 5.388889 -1.334174
v 0.374264 6.111111 -1.334174
v 0.374264 6.833333 -1.334174
v 0.374264 7.555556 -1.334174
v 0.374264 8.277778 -1.334174
v 0.340597 3.222222 -1.325225
v 0.340597 3.944444 -1.325225
v 0.340597 4.666667 -1.325225
v 0.340597 5.388889 -1.325225
v 0.340597 6.111111 -1.325225
v 0.340597 6.833333 -1.325225
v 0.340597 7.555556 -1.325225
v 0.340597 8.277778 -1.325225
v 0.309903 3.222222 -1.308752
v 0.309903 3.944444 -1.308752
v 0.309903 4.666667 -1.308752
v 0.309903 5.388889 -1.308752
v 0.309903 6.111111 -1.308752
v 0.309903 6.833333 -1.308752
v 0.309903 7.555556 -1.308752
v 0.309903 8.277778 -1.308752
v 0.283836 3.222222 -1.285642
v 0.283836 3.944444 -1.285642
v 0.283836 4.666667 -1.285642
v 0.283836 5.388889 -1.285642
v 0.283836 6.111111 -1.285642
v 0.283836 6.833333 -1.285642
v 0.283836 7.555556 -1.285642
v 0.283836 8.277778 -1.285642
v 1.257143 9.000000 0.263803
v 1.285642 9.000000 0.283836
v 1.308752 9.000000 0.309903
v 1.325225 9.000000 0.340597
v 1.334174 9.000000 0.374264
v 1.335116 9.000000 0.409087
v 1.335116 2.500000 0.409087
v 1.334174 2.500000 0.374264
v 1.325225 2.500000 0.340597
v 1.308752 2.500000 0.309903
v 1.285642 2.500000 0.283836
v 1.257143 2.500000 0.263803
v 1.285642 8.277778 0.283836
v 1.285642 7.555556 0.283836
v 1.285642 6.833333 0.283836
v 1.285642 6.111111 0.283836
v 1.285642 5.388889 0.283836
v 1.285642 4.666667 0.283836
v 1.285642 3.944444 0.283836
v 1.285642 3.222222 0.283836
v 1.308752 8.277778 0.309903
v 1.308752 7.555556 0.309903
v 1.308752 6.833333 0.309903
v 1.308752 6.111111 0.309903
v 1.308752 5.388889 0.309903
v 1.308752 4.666667 0.309903
v 1.308752 3.944444 0.309903
v 1.308752 3.222222 0.309903
v 1.325225 8.277778 0.340597
v 1.325225 7.555556 0.340597
v 1.325225 6.833333 0.340597
v 1.325225 6.111111 0.340597
v 1.325225 5.388889 0.340597
v 1.325225 4.666667 0.340597
v 1.325225 3.944444 0.340597
v 1.325225 3.222222 0.340597
v 1.334174 8.277778 0.374264
v 1.334174 7.555556 0.374264
v 1.334174 6.833333 0.374264
v 1.334174 6.111111 0.374264
v 1.334174 5.388889 0.374264
v 1.334174 4.666667 0.374264
v 1.334174 3.944444 0.374264
v 1.334174 3.222222 0.374264
v 1.335116 8.277778 0.409087
v 1.335116 7.555556 0.409087
v 1.335116 6.833333 0.409087
v 1.335116 6.111111 0.409087
v 1.335116 5.388889 0.409087
v 1.335116 4.666667 0.409087
v 1.335116 3.944444 0.409087
v 1.335116 3.222222 0.409087
v 1.257143 9.000000 -0.263803
v 1.285642 9.000000 -0.283836
v 1.308752 9.000000 -0.309903
v 1.325225 9.000000 -0.340597
v 1.334174 9.000000 -0.374264
v 1.335116 9.000000 -0.409087
v 1.240009 9.220428 0.253827
v 1.192834 9.423689 0.216997
v 1.162103 9.511560 0.182886
v 1.132108 9.583049 0.135036
v 1.119213 9.610437 0.105335
v 1.109077 9.630851 0.072246
v 1.102432 9.643616 0.036792
v 1.100647 9.646922 0.018499
v 1.100007 9.648067 -0.000000
v 1.100590 9.646979 -0.018538
v 1.102352 9.643695 -0.036848
v 1.109016 9.630910 -0.072274
v 1.119201 9.610450 -0.105318
v 1.132107 9.583055 -0.135031
v 1.162204 9.511475 -0.182946
v 1.192857 9.423677 -0.217010
v 1.240036 9.220420 -0.253795
v 1.258920 9.257969 0.270476
v 1.249080 9.302293 -0.264770
v 1.321266 9.167943 -0.411116
v 1.323084 9.165962 -0.385411
v 1.321919 9.164327 -0.368798
v 1.316500 9.161303 -0.343713
v 1.306895 9.157764 -0.319980
v 1.293374 9.153812 -0.298320
v 1.276316 9.149563 -0.279379
v 1.281272 9.339433 -0.387906
v 1.284059 9.335076 -0.364166
v 1.283862 9.331636 -0.348818
v 1.280447 9.325455 -0.325575
v 1.273381 9.318379 -0.303433
v 1.262839 9.310592 -0.282985
v 1.235689 9.461003 -0.354954
v 1.239746 9.454611 -0.333712
v 1.240714 9.449760 -0.319975
v 1.239605 9.441276 -0.299113
v 1.235391 9.431774 -0.279102
v 1.228157 9.421466 -0.260401
v 1.218056 9.410582 -0.243435
v 1.181216 9.570518 -0.303809
v 1.187015 9.562008 -0.286062
v 1.189458 9.555783 -0.274585
v 1.191142 9.545176 -0.257106
v 1.190287 9.533557 -0.240219
v 1.186900 9.521142 -0.224247
v 1.181039 9.508159 -0.209489
v 1.121224 9.667571 -0.223063
v 1.129209 9.656982 -0.210345
v 1.133379 9.649465 -0.202122
v 1.138200 9.636946 -0.189565
v 1.141004 9.623504 -0.177355
v 1.141744 9.609339 -0.165676
v 1.140404 9.594660 -0.154705
v 1.074712 9.731482 -0.113386
v 1.084606 9.719450 -0.107026
v 1.090202 9.711059 -0.102915
v 1.097520 9.697272 -0.096628
v 1.103151 9.682649 -0.090490
v 1.107021 9.667374 -0.084579
v 1.109077 9.651637 -0.078971
v 1.062117 9.747310 -0.050745
v 1.072562 9.734915 -0.047912
v 1.078561 9.726305 -0.046080
v 1.086566 9.712204 -0.043278
v 1.092963 9.697290 -0.040540
v 1.097670 9.681744 -0.037899
v 1.100629 9.665750 -0.035387
v 1.059246 9.750841 0.014341
v 1.069819 9.738365 0.013541
v 1.075910 9.729706 0.013024
v 1.084073 9.715534 0.012232
v 1.090645 9.700556 0.011459
v 1.095542 9.684949 0.010712
v 1.098705 9.668898 0.010002
v 1.066714 9.741707 0.078643
v 1.076954 9.729441 0.074243
v 1.082804 9.720909 0.071399
v 1.090557 9.706919 0.067048
v 1.096674 9.692108 0.062798
v 1.101077 9.676657 0.058701
v 1.103708 9.660753 0.054808
v 1.082903 9.720870 0.139659
v 1.092445 9.709080 0.131805
v 1.097784 9.700835 0.126727
v 1.104656 9.687259 0.118963
v 1.109790 9.672831 0.111388
v 1.113112 9.657739 0.104101
v 1.114578 9.642175 0.097198
v 1.133358 9.649347 0.242571
v 1.140880 9.639160 0.228674
v 1.144692 9.631890 0.219688
v 1.148873 9.619732 0.205974
v 1.150939 9.606629 0.192654
v 1.150852 9.592785 0.179942
v 1.148608 9.578416 0.168037
v 1.193540 9.547749 0.316828
v 1.198930 9.539700 0.298220
v 1.201033 9.533768 0.286186
v 1.202083 9.523606 0.267870
v 1.200470 9.512422 0.250203
v 1.196220 9.500433 0.233537
v 1.189408 9.487870 0.218198
v 1.250799 9.424915 0.366704
v 1.254415 9.419161 0.344601
v 1.254990 9.414743 0.330308
v 1.253114 9.406949 0.308620
v 1.247959 9.398158 0.287862
v 1.239639 9.388579 0.268536
v 1.228337 9.378433 0.251103
v 1.295723 9.289667 0.396884
v 1.298143 9.286051 0.372411
v 1.297591 9.283154 0.356591
v 1.293449 9.277900 0.332657
v 1.285471 9.271838 0.309911
v 1.273861 9.265135 0.288993
v 1.324334 9.146668 0.412664
v 1.326085 9.144952 0.386817
v 1.324848 9.143530 0.370113
v 1.319276 9.140892 0.344896
v 1.309475 9.137798 0.321052
v 1.295721 9.134339 0.299313
v 1.278406 9.130617 0.280332
v 1.257143 2.500000 -0.263803
v 1.285642 2.500000 -0.283836
v 1.308752 2.500000 -0.309903
v 1.325225 2.500000 -0.340597
v 1.334174 2.500000 -0.374264
v 1.335116 2.500000 -0.409087
v 1.285642 3.222222 -0.283836
v 1.285642 3.944444 -0.283836
v 1.285642 4.666667 -0.283836
v 1.285642 5.388889 -0.283836
v 1.285642 6.111111 -0.283836
v 1.285642 6.833333 -0.283836
v 1.285642 7.555556 -0.283836
v 1.285642 8.277778 -0.283836
v 1.308752 3.222222 -0.309903
v 1.308752 3.944444 -0.309903
v 1.308752 4.666667 -0.309903
v 1.308752 5.388889 -0.309903
v 1.308752 6.111111 -0.309903
v 1.308752 6.833333 -0.309903
v 1.308752 7.555556 -0.309903
v 1.308752 8.277778 -0.309903
v 1.325225 3.222222 -0.340597
v 1.325225 3.944444 -0.340597
v 1.325225 4.666667 -0.340597
v 1.325225 5.388889 -0.340597
v 1.325225 6.111111 -0.340597
v 1.325225 6.833333 -0.340597
v 1.325225 7.555556 -0.340597
v 1.325225 8.277778 -0.340597
v 1.334174 3.222222 -0.374264
v 1.334174 3.944444 -0.374264
v 1.334174 4.666667 -0.374264
v 1.334174 5.388889 -0.374264
v 1.334174 6.111111 -0.374264
v 1.334174 6.833333 -0.374264
v 1.334174 7.555556 -0.374264
v 1.334174 8.277778 -0.374264
v 1.335116 3.222222 -0.409087
v 1.335116 3.944444 -0.409087
v 1.335116 4.666667 -0.409087
v 1.335116 5.388889 -0.409087
v 1.335116 6.111111 -0.409087
v 1.335116 6.833333 -0.409087
v 1.335116 7.555556 -0.409087
v 1.335116 8.277778 -0.409087
v 1.198804 2.500000 0.222531
v 1.151881 2.500000 0.168632
v 1.119037 2.500000 0.105165
v 1.102135 2.500000 0.035731
v 1.102135 2.500000 -0.035731
v 1.119037 2.500000 -0.105165
v 1.151881 2.500000 -0.168632
v 1.198804 2.500000 -0.222531
v 1.198804 8.218454 -0.222531
v 1.198804 6.788840 -0.222531
v 1.198804 5.359227 -0.222531
v 1.198804 3.929613 -0.222531
v 1.151881 8.218454 -0.168632
v 1.151881 6.788840 -0.168632
v 1.151881 5.359227 -0.168632
v 1.151881 3.929613 -0.168632
v 1.119093 8.218454 -0.105316
v 1.119079 6.788840 -0.105279
v 1.119065 5.359227 -0.105241
v 1.119051 3.929613 -0.105203
v 1.102135 8.218454 -0.035731
v 1.102135 6.788840 -0.035731
v 1.102135 5.359227 -0.035731
v 1.102135 3.929613 -0.035731
v 1.102135 8.218454 0.035731
v 1.102135 6.788840 0.035731
v 1.102135 5.359227 0.035731
v 1.102135 3.929613 0.035731
v 1.119099 8.218454 0.105332
v 1.119084 6.788840 0.105290
v 1.119068 5.359227 0.105249
v 1.119053 3.929613 0.105207
v 1.151881 8.218454 0.168632
v 1.151881 6.788840 0.168632
v 1.151881 5.359227 0.168632
v 1.151881 3.929613 0.168632
v 1.198804 8.218454 0.222531
v 1.198804 6.788840 0.222531
v 1.198804 5.359227 0.222531
v 1.198804 3.929613 0.222531
v -0.222531 2.500000 1.198804
v -0.168632 2.500000 1.151881
v -0.105165 2.500000 1.119037
v -0.035731 2.500000 1.102135
v 0.035731 2.500000 1.102135
v 0.105165 2.500000 1.119037
v 0.168632 2.500000 1.151881
v 0.222531 2.500000 1.198804
v -0.222531 3.929615 1.198804
v -0.222531 5.359230 1.198804
v -0.222531 6.788844 1.198804
v -0.222531 8.218459 1.198804
v -0.168632 3.929615 1.151881
v -0.168632 5.359230 1.151881
v -0.168632 6.788844 1.151881
v -0.168632 8.218459 1.151881
v -0.105219 3.929615 1.119057
v -0.105273 5.359230 1.119077
v -0.105327 6.788844 1.119097
v -0.105380 8.218459 1.119118
v -0.035731 3.929615 1.102135
v -0.035731 5.359230 1.102135
v -0.035731 6.788844 1.102135
v -0.035731 8.218459 1.102135
v 0.035731 3.929615 1.102135
v 0.035731 5.359230 1.102135
v 0.035731 6.788844 1.102135
v 0.035731 8.218459 1.102135
v 0.105144 3.929615 1.119029
v 0.105122 5.359230 1.119021
v 0.105100 6.788844 1.119013
v 0.105078 8.218459 1.119004
v 0.168632 3.929615 1.151881
v 0.168632 5.359230 1.151881
v 0.168632 6.788844 1.151881
v 0.168632 8.218459 1.151881
v 0.222531 3.929615 1.198804
v 0.222531 5.359230 1.198804
v 0.222531 6.788844 1.198804
v 0.222531 8.218459 1.198804
v -1.198804 2.500000 -0.222531
v -1.151881 2.500000 -0.168632
v -1.119037 2.500000 -0.105165
v -1.102135 2.500000 -0.035731
v -1.102135 2.500000 0.035731
v -1.119037 2.500000 0.105165
v -1.151881 2.500000 0.168632
v -1.198804 2.500000 0.222531
v -1.198804 3.929615 -0.222531
v -1.198804 5.359230 -0.222531
v -1.198804 6.788844 -0.222531
v -1.198804 8.218459 -0.222531
v -1.151881 3.929615 -0.168632
v -1.151881 5.359230 -0.168632
v -1.151881 6.788844 -0.168632
v -1.151881 8.218459 -0.168632
v -1.119057 3.929615 -0.105219
v -1.119077 5.359230 -0.105273
v -1.119097 6.788844 -0.105327
v -1.119118 8.218459 -0.105380
v -1.102135 3.929615 -0.035731
v -1.102135 5.359230 -0.035731
v -1.102135 6.788844 -0.035731
v -1.102135 8.218459 -0.035731
v -1.102135 3.929615 0.035731
v -1.102135 5.359230 0.035731
v -1.102135 6.788844 0.035731
v -1.102135 8.218459 0.035731
v -1.119029 3.929615 0.105144
v -1.119021 5.359230 0.105122
v -1.119013 6.788844 0.105100
v -1.119004 8.218459 0.105078
v -1.151881 3.929615 0.168632
v -1.151881 5.359230 0.168632
v -1.151881 6.788844 0.168632
v -1.151881 8.218459 0.168632
v -1.198804 3.929615 0.222531
v -1.198804 5.359230 0.222531
v -1.198804 6.788844 0.222531
v -1.198804 8.218459 0.222531
v -1.200000 0.000000 0.000000
v -1.159111 0.000000 0.310583
v -1.039230 0.000000 0.600000
v -0.848528 0.000000 0.848528
v -0.600000 0.000000 1.039230
v -0.310583 0.000000 1.159111
v 0.000000 0.000000 1.200000
v 0.310583 0.000000 1.159111
v 0.600000 0.000000 1.039230
v 0.848528 0.000000 0.848528
v 1.039230 0.000000 0.600000
v 1.159111 0.000000 0.310583
v 1.200000 0.000000 0.000000
v 1.159111 0.000000 -0.310583
v 1.039230 0.000000 -0.600000
v 0.848528 0.000000 -0.848528
v 0.600000 0.000000 -1.039230
v 0.310583 0.000000 -1.159111
v 0.000000 0.000000 -1.200000
v -0.310583 0.000000 -1.159111
v -0.600000 0.000000 -1.039230
v -0.848528 0.000000 -0.848528
v -1.039230 0.000000 -0.600000
v -1.159111 0.000000 -0.310583
v -1.400000 0.200000 -0.000000
v -1.359319 0.200000 -0.335042
v -1.239638 0.200000 -0.650612
v -1.047915 0.200000 -0.928372
v -0.795291 0.200000 -1.152177
v -0.496447 0.200000 -1.309023
v -0.168751 0.200000 -1.389792
v 0.168751 0.200000 -1.389792
v 0.496447 0.200000 -1.309023
v 0.795291 0.200000 -1.152177
v 1.047915 0.200000 -0.928372
v 1.239638 0.200000 -0.650612
v 1.359319 0.200000 -0.335042
v 1.400000 0.200000 0.000000
v 1.359319 0.200000 0.335042
v 1.239638 0.200000 0.650612
v 1.047915 0.200000 0.928372
v 0.795291 0.200000 1.152177
v 0.496447 0.200000 1.309023
v 0.168751 0.200000 1.389792
v -0.168751 0.200000 1.389792
v -0.496447 0.200000 1.309023
v -0.795291 0.200000 1.152177
v -1.047915 0.200000 0.928372
v -1.239638 0.200000 0.650612
v -1.359319 0.200000 0.335042
v 0.000000 0.006815 -1.251764
v 0.000000 0.026795 -1.300000
v 0.000000 0.058579 -1.341421
v 0.000000 0.100000 -1.373205
v -0.000000 0.148236 -1.393185
v -1.242637 0.006815 0.150883
v -1.290522 0.026795 0.156698
v -1.331641 0.058579 0.161690
v -1.363193 0.100000 0.165522
v -1.383027 0.148236 0.167930
v -1.383027 0.148236 -0.167930
v -1.363193 0.100000 -0.165522
v -1.331641 0.058579 -0.161690
v -1.290522 0.026795 -0.156698
v -1.242637 0.006815 -0.150883
v -1.170419 0.006815 0.443882
v -1.215521 0.026795 0.460986
v -1.254251 0.058579 0.475675
v -1.283969 0.100000 0.486945
v -1.302651 0.148236 0.494030
v -1.030181 0.006815 0.711083
v -1.069879 0.026795 0.738484
v -1.103968 0.058579 0.762014
v -1.130126 0.100000 0.780069
v -1.146569 0.148236 0.791419
v -0.830073 0.006815 0.936959
v -0.862059 0.026795 0.973064
v -0.889527 0.058579 1.004068
v -0.910603 0.100000 1.027859
v -0.923853 0.148236 1.042814
v -0.581724 0.006815 1.108382
v -0.604140 0.026795 1.151093
v -0.623390 0.058579 1.187770
v -0.638160 0.100000 1.215913
v -0.647445 0.148236 1.233604
v -0.299567 0.006815 1.215390
v -0.311110 0.026795 1.262224
v -0.321023 0.058579 1.302442
v -0.328629 0.100000 1.333302
v -0.333411 0.148236 1.352702
v 0.299567 0.006815 1.215390
v 0.311110 0.026795 1.262224
v 0.321023 0.058579 1.302442
v 0.328629 0.100000 1.333302
v 0.333411 0.148236 1.352702
v -0.000000 0.148236 1.393185
v 0.000000 0.100000 1.373205
v 0.000000 0.058579 1.341421
v 0.000000 0.026795 1.300000
v 0.000000 0.006815 1.251764
v 0.581724 0.006815 1.108382
v 0.604140 0.026795 1.151093
v 0.623390 0.058579 1.187770
v 0.638160 0.100000 1.215913
v 0.647445 0.148236 1.233604
v 0.830073 0.006815 0.936959
v 0.862059 0.026795 0.973064
v 0.889527 0.058579 1.004068
v 0.910603 0.100000 1.027859
v 0.923853 0.148236 1.042814
v 1.030181 0.006815 0.711083
v 1.069879 0.026795 0.738484
v 1.103968 0.058579 0.762014
v 1.130126 0.100000 0.780069
v 1.146569 0.148236 0.791419
v 1.170419 0.006815 0.443882
v 1.215521 0.026795 0.460986
v 1.254251 0.058579 0.475675
v 1.283969 0.100000 0.486945
v 1.302651 0.148236 0.494030
v 1.242637 0.006815 0.150883
v 1.290522 0.026795 0.156698
v 1.331641 0.058579 0.161690
v 1.363193 0.100000 0.165522
v 1.383027 0.148236 0.167930
v 1.242637 0.006815 -0.150883
v 1.290522 0.026795 -0.156698
v 1.331641 0.058579 -0.161690
v 1.363193 0.100000 -0.165522
v 1.383027 0.148236 -0.167930
v 1.170419 0.006815 -0.443882
v 1.215521 0.026795 -0.460986
v 1.254251 0.058579 -0.475675
v 1.283969 0.100000 -0.486945
v 1.302651 0.148236 -0.494030
v 1.030181 0.006815 -0.711083
v 1.069879 0.026795 -0.738484
v 1.103968 0.058579 -0.762014
v 1.130126 0.100000 -0.780069
v 1.146569 0.148236 -0.791419
v 0.830073 0.006815 -0.936959
v 0.862059 0.026795 -0.973064
v 0.889527 0.058579 -1.004068
v 0.910603 0.100000 -1.027859
v 0.923853 0.148236 -1.042814
v 0.581724 0.006815 -1.108382
v 0.604140 0.026795 -1.151093
v 0.623390 0.058579 -1.187770
v 0.638160 0.100000 -1.215913
v 0.647445 0.148236 -1.233604
v 0.299567 0.006815 -1.215390
v 0.311110 0.026795 -1.262224
v 0.321023 0.058579 -1.302442
v 0.328629 0.100000 -1.333302
v 0.333411 0.148236 -1.352702
v -0.299567 0.006815 -1.215390
v -0.311110 0.026795 -1.262224
v -0.321023 0.058579 -1.302442
v -0.328629 0.100000 -1.333302
v -0.333411 0.148236 -1.352702
v -0.581724 0.006815 -1.108382
v -0.604140 0.026795 -1.151093
v -0.623390 0.058579 -1.187770
v -0.638160 0.100000 -1.215913
v -0.647445 0.148236 -1.233604
v -0.830073 0.006815 -0.936959
v -0.862059 0.026795 -0.973064
v -0.889527 0.058579 -1.004068
v -0.910603 0.100000 -1.027859
v -0.923853 0.148236 -1.042814
v -1.030181 0.006815 -0.711083
v -1.069879 0.026795 -0.738484
v -1.103968 0.058579 -0.762014
v -1.130126 0.100000 -0.780069
v -1.146569 0.148236 -0.791419
v -1.170419 0.006815 -0.443882
v -1.215521 0.026795 -0.460986
v -1.254251 0.058579 -0.475675
v -1.283969 0.100000 -0.486945
v -1.302651 0.148236 -0.494030
v 0.000000 0.218279 1.400000
v -0.335042 0.218279 1.359319
v -0.650612 0.218279 1.239638
v -0.928372 0.218279 1.047915
v -1.152177 0.218279 0.795291
v -1.309023 0.218279 0.496447
v -1.389792 0.218279 0.168751
v -1.389792 0.218279 -0.168751
v -1.309023 0.218279 -0.496447
v -1.152177 0.218279 -0.795291
v -0.928372 0.218279 -1.047915
v -0.650612 0.218279 -1.239638
v -0.335042 0.218279 -1.359319
v -0.000000 0.218279 -1.400000
v 0.335042 0.218279 -1.359319
v 0.650612 0.218279 -1.239638
v 0.928372 0.218279 -1.047915
v 1.152177 0.218279 -0.795291
v 1.309023 0.218279 -0.496447
v 1.389792 0.218279 -0.168751
v 1.389792 0.218279 0.168751
v 1.309023 0.218279 0.496447
v 1.152177 0.218279 0.795291
v 0.928372 0.218279 1.047915
v 0.650612 0.218279 1.239638
v 0.335042 0.218279 1.359319
v -0.350000 0.000000 -0.000000
v -0.338074 0.000000 0.090587
v -0.303109 0.000000 0.175000
v -0.247487 0.000000 0.247487
v -0.175000 0.000000 0.303109
v -0.090587 0.000000 0.338074
v 0.000000 0.000000 0.350000
v 0.090587 0.000000 0.338074
v 0.175000 0.000000 0.303109
v 0.247487 0.000000 0.247487
v 0.303109 0.000000 0.175000
v 0.338074 0.000000 0.090587
v 0.350000 0.000000 0.000000
v 0.338074 0.000000 -0.090587
v 0.303109 0.000000 -0.175000
v 0.247487 0.000000 -0.247487
v 0.175000 0.000000 -0.303109
v 0.090587 0.000000 -0.338074
v 0.000000 0.000000 -0.350000
v -0.090587 0.000000 -0.338074
v -0.175000 0.000000 -0.303109
v -0.247487 0.000000 -0.247487
v -0.303109 0.000000 -0.175000
v -0.338074 0.000000 -0.090587
v 0.000000 0.354253 1.346667
v -0.334902 0.354253 1.304359
v -0.648762 0.354253 1.180093
v -0.921857 0.354253 0.981678
v -1.137028 0.354253 0.721580
v -1.280756 0.354253 0.416143
v -1.344009 0.354253 0.084558
v -1.322813 0.354253 -0.252340
v -1.218500 0.354253 -0.573383
v -1.037625 0.354253 -0.858398
v -0.791551 0.354253 -1.089476
v -0.495741 0.354253 -1.252099
v -0.168782 0.354253 -1.336048
v 0.168782 0.354253 -1.336048
v 0.495741 0.354253 -1.252099
v 0.791551 0.354253 -1.089476
v 1.037625 0.354253 -0.858398
v 1.218500 0.354253 -0.573383
v 1.322813 0.354253 -0.252340
v 1.344009 0.354253 0.084558
v 1.280756 0.354253 0.416143
v 1.137028 0.354253 0.721580
v 0.921857 0.354253 0.981678
v 0.648762 0.354253 1.180093
v 0.334902 0.354253 1.304359
v 0.000000 0.313882 1.375671
v 0.000000 0.267604 1.393822
v -0.329220 0.313882 1.335696
v -0.333564 0.267604 1.353320
v -0.639306 0.313882 1.218096
v -0.647742 0.267604 1.234168
v -0.912238 0.313882 1.029704
v -0.924275 0.267604 1.043291
v -1.132155 0.313882 0.781470
v -1.147093 0.267604 0.791781
v -1.286274 0.313882 0.487820
v -1.303246 0.267604 0.494256
v -1.365641 0.313882 0.165819
v -1.383660 0.267604 0.168007
v -1.365641 0.313882 -0.165819
v -1.383660 0.267604 -0.168007
v -1.286274 0.313882 -0.487820
v -1.303246 0.267604 -0.494256
v -1.132155 0.313882 -0.781470
v -1.147093 0.267604 -0.791781
v -0.912238 0.313882 -1.029704
v -0.924275 0.267604 -1.043291
v -0.639306 0.313882 -1.218096
v -0.647742 0.267604 -1.234168
v -0.329220 0.313882 -1.335696
v -0.333564 0.267604 -1.353320
v -0.000000 0.313882 -1.375671
v -0.000000 0.267604 -1.393822
v 0.329220 0.313882 -1.335696
v 0.333564 0.267604 -1.353320
v 0.639306 0.313882 -1.218096
v 0.647742 0.267604 -1.234168
v 0.912238 0.313882 -1.029704
v 0.924275 0.267604 -1.043291
v 1.132155 0.313882 -0.781470
v 1.147093 0.267604 -0.791781
v 1.286274 0.313882 -0.487820
v 1.303246 0.267604 -0.494256
v 1.365641 0.313882 -0.165819
v 1.383660 0.267604 -0.168007
v 1.365641 0.313882 0.165819
v 1.383660 0.267604 0.168007
v 1.286274 0.313882 0.487820
v 1.303246 0.267604 0.494256
v 1.132155 0.313882 0.781470
v 1.147093 0.267604 0.791781
v 0.912238 0.313882 1.029704
v 0.924275 0.267604 1.043291
v 0.639306 0.313882 1.218096
v 0.647742 0.267604 1.234168
v 0.329220 0.313882 1.335696
v 0.333564 0.267604 1.353320
v 0.000000 2.121913 1.346667
v 0.334902 2.121913 1.304359
v 0.648762 2.121913 1.180093
v 0.921857 2.121913 0.981678
v 1.137028 2.121913 0.721580
v 1.280756 2.121913 0.416143
v 1.344009 2.121913 0.084558
v 1.322813 2.121913 -0.252340
v 1.218500 2.121913 -0.573383
v 1.037625 2.121913 -0.858398
v 0.791551 2.121913 -1.089476
v 0.495741 2.121913 -1.252099
v 0.168782 2.121913 -1.336048
v -0.168782 2.121913 -1.336048
v -0.495741 2.121913 -1.252099
v -0.791551 2.121913 -1.089476
v -1.037625 2.121913 -0.858398
v -1.218500 2.121913 -0.573383
v -1.322813 2.121913 -0.252340
v -1.344009 2.121913 0.084558
v -1.280756 2.121913 0.416143
v -1.137028 2.121913 0.721580
v -0.921857 2.121913 0.981678
v -0.648762 2.121913 1.180093
v -0.334902 2.121913 1.304359
v 0.000000 2.162285 -1.375671
v 0.000000 2.208562 -1.393822
v 0.329220 2.162285 1.335696
v 0.333564 2.208562 1.353320
v -0.000000 2.208562 1.393822
v -0.000000 2.162285 1.375671
v 0.639306 2.162285 1.218096
v 0.647742 2.208562 1.234168
v 0.912238 2.162285 1.029704
v 0.924275 2.208562 1.043291
v 1.132155 2.162285 0.781470
v 1.147093 2.208562 0.791781
v 1.286274 2.162285 0.487820
v 1.303246 2.208562 0.494256
v 1.365641 2.162285 0.165819
v 1.383660 2.208562 0.168007
v 1.365641 2.162285 -0.165819
v 1.383660 2.208562 -0.168007
v 1.286274 2.162285 -0.487820
v 1.303246 2.208562 -0.494256
v 1.132155 2.162285 -0.781470
v 1.147093 2.208562 -0.791781
v 0.912238 2.162285 -1.029704
v 0.924275 2.208562 -1.043291
v 0.639306 2.162285 -1.218096
v 0.647742 2.208562 -1.234168
v 0.329220 2.162285 -1.335696
v 0.333564 2.208562 -1.353320
v -0.329220 2.162285 -1.335696
v -0.333564 2.208562 -1.353320
v -0.639306 2.162285 -1.218096
v -0.647742 2.208562 -1.234168
v -0.912238 2.162285 -1.029704
v -0.924275 2.208562 -1.043291
v -1.132155 2.162285 -0.781470
v -1.147093 2.208562 -0.791781
v -1.286274 2.162285 -0.487820
v -1.303246 2.208562 -0.494256
v -1.365641 2.162285 -0.165819
v -1.383660 2.208562 -0.168007
v -1.365641 2.162285 0.165819
v -1.383660 2.208562 0.168007
v -1.286274 2.162285 0.487820
v -1.303246 2.208562 0.494256
v -1.132155 2.162285 0.781470
v -1.147093 2.208562 0.791781
v -0.912238 2.162285 1.029704
v -0.924275 2.208562 1.043291
v -0.639306 2.162285 1.218096
v -0.647742 2.208562 1.234168
v -0.329220 2.162285 1.335696
v -0.333564 2.208562 1.353320
v -0.350000 5.000000 -0.000000
v -0.338074 5.000000 0.090587
v -0.303109 5.000000 0.175000
v -0.247487 5.000000 0.247487
v -0.175000 5.000000 0.303109
v -0.090587 5.000000 0.338074
v 0.000000 5.000000 0.350000
v 0.090587 5.000000 0.338074
v 0.175000 5.000000 0.303109
v 0.247487 5.000000 0.247487
v 0.303109 5.000000 0.175000
v 0.338074 5.000000 0.090587
v 0.350000 5.000000 0.000000
v 0.338074 5.000000 -0.090587
v 0.303109 5.000000 -0.175000
v 0.247487 5.000000 -0.247487
v 0.175000 5.000000 -0.303109
v 0.090587 5.000000 -0.338074
v 0.000000 5.000000 -0.350000
v -0.090587 5.000000 -0.338074
v -0.175000 5.000000 -0.303109
v -0.247487 5.000000 -0.247487
v -0.303109 5.000000 -0.175000
v -0.338074 5.000000 -0.090587
v -0.350000 3.333333 -0.000000
v -0.350000 1.666667 -0.000000
v -0.338074 3.333333 0.090587
v -0.338074 1.666667 0.090587
v -0.303109 3.333333 0.175000
v -0.303109 1.666667 0.175000
v -0.247487 3.333333 0.247487
v -0.247487 1.666667 0.247487
v -0.175000 3.333333 0.303109
v -0.175000 1.666667 0.303109
v -0.090587 3.333333 0.338074
v -0.090587 1.666667 0.338074
v 0.000000 3.333333 0.350000
v 0.000000 1.666667 0.350000
v 0.090587 3.333333 0.338074
v 0.090587 1.666667 0.338074
v 0.175000 3.333333 0.303109
v 0.175000 1.666667 0.303109
v 0.247487 3.333333 0.247487
v 0.247487 1.666667 0.247487
v 0.303109 3.333333 0.175000
v 0.303109 1.666667 0.175000
v 0.338074 3.333333 0.090587
v 0.338074 1.666667 0.090587
v 0.350000 3.333333 0.000000
v 0.350000 1.666667 0.000000
v 0.338074 3.333333 -0.090587
v 0.338074 1.666667 -0.090587
v 0.303109 3.333333 -0.175000
v 0.303109 1.666667 -0.175000
v 0.247487 3.333333 -0.247487
v 0.247487 1.666667 -0.247487
v 0.175000 3.333333 -0.303109
v 0.175000 1.666667 -0.303109
v 0.090587 3.333333 -0.338074
v 0.090587 1.666667 -0.338074
v 0.000000 3.333333 -0.350000
v 0.000000 1.666667 -0.350000
v -0.090587 3.333333 -0.338074
v -0.090587 1.666667 -0.338074
v -0.175000 3.333333 -0.303109
v -0.175000 1.666667 -0.303109
v -0.247487 3.333333 -0.247487
v -0.247487 1.666667 -0.247487
v -0.303109 3.333333 -0.175000
v -0.303109 1.666667 -0.175000
v -0.338074 3.333333 -0.090587
v -0.338074 1.666667 -0.090587
v 0.000000 1.238083 -1.000000
v -0.152649 1.238083 -0.988280
v -0.301721 1.238083 -0.953396
v -0.443720 1.238083 -0.896166
v -0.575319 1.238083 -0.817929
v -0.693433 1.238083 -0.720522
v -0.795293 1.238083 -0.606225
v -0.878512 1.238083 -0.477720
v -0.941140 1.238083 -0.338017
v -0.981708 1.238083 -0.190391
v -0.999266 1.238083 -0.038303
v -0.993402 1.238083 0.114683
v -0.964253 1.238083 0.264982
v -0.912504 1.238083 0.409069
v -0.839365 1.238083 0.543568
v -0.746553 1.238083 0.665326
v -0.636242 1.238083 0.771489
v -0.511019 1.238083 0.859570
v -0.373817 1.238083 0.927502
v -0.227854 1.238083 0.973695
v -0.076549 1.238083 0.997066
v 0.076549 1.238083 0.997066
v 0.227854 1.238083 0.973695
v 0.373817 1.238083 0.927502
v 0.511019 1.238083 0.859570
v 0.636242 1.238083 0.771489
v 0.746553 1.238083 0.665326
v 0.839365 1.238083 0.543568
v 0.912504 1.238083 0.409069
v 0.964253 1.238083 0.264982
v 0.993402 1.238083 0.114683
v 0.999266 1.238083 -0.038303
v 0.981708 1.238083 -0.190391
v 0.941140 1.238083 -0.338017
v 0.878512 1.238083 -0.477720
v 0.795293 1.238083 -0.606225
v 0.693433 1.238083 -0.720522
v 0.575319 1.238083 -0.817929
v 0.443720 1.238083 -0.896166
v 0.301721 1.238083 -0.953396
v 0.152649 1.238083 -0.988280
v -0.000000 1.864363 -1.160801
v -0.000000 1.561380 -1.040842
v 0.000000 0.611803 -1.160801
v 0.000000 0.914786 -1.040842
v -0.350238 1.864363 -1.106704
v -0.177195 0.611803 -1.147197
v -0.667831 1.864363 -0.949453
v -0.515071 0.611803 -1.040270
v -1.019778 1.864363 -0.554538
v -0.923177 0.611803 -0.703707
v -1.139568 1.864363 -0.221006
v -1.092477 0.611803 -0.392370
v -1.119307 1.864363 0.307591
v -1.153142 0.611803 0.133125
v -0.866600 1.864363 0.772311
v -0.974336 0.611803 0.630974
v -0.593191 1.864363 0.997790
v -0.738551 0.611803 0.895546
v -0.088858 1.864363 1.157395
v -0.264493 0.611803 1.130267
v 0.264493 1.864363 1.130267
v 0.088858 0.611803 1.157395
v 0.738551 1.864363 0.895546
v 0.593191 0.611803 0.997790
v 0.974336 1.864363 0.630974
v 0.866600 0.611803 0.772311
v 1.153142 1.864363 0.133125
v 1.119307 0.611803 0.307591
v 1.092477 1.864363 -0.392370
v 1.139568 0.611803 -0.221006
v 0.923177 1.864363 -0.703707
v 1.019778 0.611803 -0.554538
v 0.515071 1.864363 -1.040270
v 0.667831 0.611803 -0.949453
v 0.177195 1.864363 -1.147197
v 0.350238 0.611803 -1.106704
v -0.079676 1.561380 1.037788
v 0.079676 1.561380 1.037788
v 0.088858 1.864363 1.157395
v -0.433927 1.864363 1.076646
v -0.389084 1.561380 0.965383
v -0.237159 1.561380 1.013463
v -0.264493 1.864363 1.130267
v -0.531890 1.561380 0.894676
v -0.777044 1.561380 0.692499
v -0.662228 1.561380 0.802998
v -0.738551 1.864363 0.895546
v -1.059235 1.864363 0.474847
v -0.949772 1.561380 0.425776
v -0.873647 1.561380 0.565768
v -0.974336 1.864363 0.630974
v -1.003635 1.561380 0.275804
v -1.159949 1.864363 -0.044462
v -1.040078 1.561380 -0.039867
v -1.033975 1.561380 0.119367
v -1.153142 1.864363 0.133125
v -1.021803 1.561380 -0.198167
v -0.914392 1.561380 -0.497231
v -0.979578 1.561380 -0.351822
v -1.092477 1.864363 -0.392370
v -0.804937 1.864363 -0.836382
v -0.721754 1.561380 -0.749949
v -0.827774 1.561380 -0.630985
v -0.923177 1.864363 -0.703707
v -0.598816 1.561380 -0.851335
v -0.314043 1.561380 -0.992335
v -0.461842 1.561380 -0.932767
v -0.515071 1.864363 -1.040270
v -0.158884 1.561380 -1.028644
v -0.177195 1.864363 -1.147197
v 0.158884 1.561380 -1.028644
v 0.461842 1.561380 -0.932767
v 0.314043 1.561380 -0.992335
v 0.350238 1.864363 -1.106704
v 0.804937 1.864363 -0.836382
v 0.721754 1.561380 -0.749949
v 0.598816 1.561380 -0.851335
v 0.667831 1.864363 -0.949453
v 0.827774 1.561380 -0.630985
v 0.979578 1.561380 -0.351822
v 0.914392 1.561380 -0.497231
v 1.019778 1.864363 -0.554538
v 1.159949 1.864363 -0.044462
v 1.040078 1.561380 -0.039867
v 1.021803 1.561380 -0.198167
v 1.139568 1.864363 -0.221006
v 1.033975 1.561380 0.119367
v 1.059235 1.864363 0.474847
v 0.949772 1.561380 0.425776
v 1.003635 1.561380 0.275804
v 1.119307 1.864363 0.307591
v 0.873647 1.561380 0.565768
v 0.662228 1.561380 0.802998
v 0.777044 1.561380 0.692499
v 0.866600 1.864363 0.772311
v 0.433927 1.864363 1.076646
v 0.389084 1.561380 0.965383
v 0.531890 1.561380 0.894676
v 0.593191 1.864363 0.997790
v 0.237159 1.561380 1.013463
v 0.079676 0.914786 1.037788
v -0.079676 0.914786 1.037788
v -0.088858 0.611803 1.157395
v 0.433927 0.611803 1.076646
v 0.389084 0.914786 0.965383
v 0.237159 0.914786 1.013463
v 0.264493 0.611803 1.130267
v 0.531890 0.914786 0.894676
v 0.777044 0.914786 0.692499
v 0.662228 0.914786 0.802998
v 0.738551 0.611803 0.895546
v 1.059235 0.611803 0.474847
v 0.949772 0.914786 0.425776
v 0.873647 0.914786 0.565768
v 0.974336 0.611803 0.630974
v 1.003635 0.914786 0.275804
v 1.159949 0.611803 -0.044462
v 1.040078 0.914786 -0.039867
v 1.033975 0.914786 0.119367
v 1.153142 0.611803 0.133125
v 1.021803 0.914786 -0.198167
v 0.914392 0.914786 -0.497231
v 0.979578 0.914786 -0.351822
v 1.092477 0.611803 -0.392370
v 0.804937 0.611803 -0.836382
v 0.721754 0.914786 -0.749949
v 0.827774 0.914786 -0.630985
v 0.923177 0.611803 -0.703707
v 0.598816 0.914786 -0.851335
v 0.314043 0.914786 -0.992335
v 0.461842 0.914786 -0.932767
v 0.515071 0.611803 -1.040270
v 0.158884 0.914786 -1.028644
v 0.177195 0.611803 -1.147197
v -0.158884 0.914786 -1.028644
v -0.461842 0.914786 -0.932767
v -0.314043 0.914786 -0.992335
v -0.350238 0.611803 -1.106704
v -0.804937 0.611803 -0.836382
v -0.721754 0.914786 -0.749949
v -0.598816 0.914786 -0.851335
v -0.667831 0.611803 -0.949453
v -0.827774 0.914786 -0.630985
v -0.979578 0.914786 -0.351822
v -0.914392 0.914786 -0.497231
v -1.019778 0.611803 -0.554538
v -1.159949 0.611803 -0.044462
v -1.040078 0.914786 -0.039867
v -1.021803 0.914786 -0.198167
v -1.139568 0.611803 -0.221006
v -1.033975 0.914786 0.119367
v -1.059235 0.611803 0.474847
v -0.949772 0.914786 0.425776
v -1.003635 0.914786 0.275804
v -1.119307 0.611803 0.307591
v -0.873647 0.914786 0.565768
v -0.662228 0.914786 0.802998
v -0.777044 0.914786 0.692499
v -0.866600 0.611803 0.772311
v -0.433927 0.611803 1.076646
v -0.389084 0.914786 0.965383
v -0.531890 0.914786 0.894676
v -0.593191 0.611803 0.997790
v -0.237159 0.914786 1.013463
v -0.222531 2.500000 -1.198804
v -0.168632 2.500000 -1.151881
v -0.105165 2.500000 -1.119037
v -0.035731 2.500000 -1.102135
v 0.035731 2.500000 -1.102135
v 0.105165 2.500000 -1.119037
v 0.168632 2.500000 -1.151881
v 0.222531 2.500000 -1.198804
v 0.222531 3.929615 -1.198804
v 0.222531 5.359230 -1.198804
v 0.222531 6.788844 -1.198804
v 0.222531 8.218459 -1.198804
v 0.168632 3.929615 -1.151881
v 0.168632 5.359230 -1.151881
v 0.168632 6.788844 -1.151881
v 0.168632 8.218459 -1.151881
v 0.105219 3.929615 -1.119057
v 0.105273 5.359230 -1.119077
v 0.105327 6.788844 -1.119097
v 0.105380 8.218459 -1.119118
v 0.035731 3.929615 -1.102135
v 0.035731 5.359230 -1.102135
v 0.035731 6.788844 -1.102135
v 0.035731 8.218459 -1.102135
v -0.035731 3.929615 -1.102135
v -0.035731 5.359230 -1.102135
v -0.035731 6.788844 -1.102135
v -0.035731 8.218459 -1.102135
v -0.105144 3.929615 -1.119029
v -0.105122 5.359230 -1.119021
v -0.105100 6.788844 -1.119013
v -0.105078 8.218459 -1.119004
v -0.168632 3.929615 -1.151881
v -0.168632 5.359230 -1.151881
v -0.168632 6.788844 -1.151881
v -0.168632 8.218459 -1.151881
v -0.222531 3.929615 -1.198804
v -0.222531 5.359230 -1.198804
v -0.222531 6.788844 -1.198804
v -0.222531 8.218459 -1.198804
vt 1.000000 0.069829 0.000000
vt 1.722222 0.069829 0.000000
vt 1.000000 0.104744 0.000000
vt 2.444444 0.069829 0.000000
vt 3.166667 0.069829 0.000000
vt 3.166667 0.034915 0.000000
vt 3.888889 0.034915 0.000000
vt 3.888889 -0.000000 0.000000
vt 4.611111 -0.000000 0.000000
vt 4.611111 -0.034915 0.000000
vt 5.333333 -0.034915 0.000000
vt 5.333333 -0.069829 0.000000
vt 6.055556 -0.069829 0.000000
vt 7.500000 -0.104744 0.000000
vt 6.777778 -0.069829 0.000000
vt 7.500000 -0.069829 0.000000
vt 6.777778 -0.034915 0.000000
vt 7.500000 -0.034915 0.000000
vt 6.777778 -0.000000 0.000000
vt 7.500000 -0.000000 0.000000
vt 6.777778 0.034915 0.000000
vt 7.500000 0.034915 0.000000
vt 6.777778 0.069829 0.000000
vt 7.500000 0.069829 0.000000
vt 7.500000 0.104744 0.000000
vt 1.722222 0.034915 0.000000
vt 1.000000 0.034915 0.000000
vt 1.722222 -0.000000 0.000000
vt 1.000000 -0.000000 0.000000
vt 1.722222 -0.034915 0.000000
vt 1.000000 -0.034915 0.000000
vt 1.722222 -0.069829 0.000000
vt 1.000000 -0.069829 0.000000
vt 1.000000 -0.104744 0.000000
vt 3.888889 -0.069829 0.000000
vt 3.166667 -0.069829 0.000000
vt 2.444444 -0.069829 0.000000
vt 2.444444 -0.034915 0.000000
vt 4.611111 0.069829 0.000000
vt 5.333333 0.069829 0.000000
vt 6.055556 0.069829 0.000000
vt 6.055556 0.034915 0.000000
vt 2.444444 0.034915 0.000000
vt 2.444444 -0.000000 0.000000
vt 3.888889 0.069829 0.000000
vt 4.611111 0.034915 0.000000
vt 5.333333 0.034915 0.000000
vt 5.333333 -0.000000 0.000000
vt 3.166667 -0.000000 0.000000
vt 3.888889 -0.034915 0.000000
vt 4.611111 -0.069829 0.000000
vt 6.055556 -0.000000 0.000000
vt 3.166667 -0.034915 0.000000
vt 6.055556 -0.034915 0.000000
vt -0.000000 1.362742 0.000000
vt -0.000000 1.557420 0.000000
vt -0.021240 1.411317 0.000000
vt -0.021675 1.557420 0.000000
vt -0.037607 1.411317 0.000000
vt -0.043354 1.557420 0.000000
vt -0.053974 1.411317 0.000000
vt -0.065031 1.557420 0.000000
vt -0.070341 1.411317 0.000000
vt -0.086708 1.557420 0.000000
vt -0.086708 1.411317 0.000000
vt -0.097328 1.411317 0.000000
vt -0.086708 1.249275 0.000000
vt -0.097328 1.249275 0.000000
vt -0.086708 1.160284 0.000000
vt -0.097328 1.160284 0.000000
vt -0.086708 1.077148 0.000000
vt -0.097328 1.077148 0.000000
vt -0.086708 0.994011 0.000000
vt -0.097328 0.994011 0.000000
vt -0.086708 0.916729 0.000000
vt -0.097328 0.916729 0.000000
vt -0.086708 0.857564 0.000000
vt -0.097328 0.857564 0.000000
vt -0.086708 0.798399 0.000000
vt -0.097328 0.798399 0.000000
vt -0.086708 0.741885 0.000000
vt -0.097328 0.741885 0.000000
vt -0.086708 0.685371 0.000000
vt -0.097328 0.685371 0.000000
vt -0.086708 0.604299 0.000000
vt -0.097328 0.604299 0.000000
vt -0.086708 0.523226 0.000000
vt -0.097328 0.523226 0.000000
vt -0.086708 0.361081 0.000000
vt -0.097328 0.361081 0.000000
vt -0.086708 0.237012 0.000000
vt -0.097328 0.237012 0.000000
vt -0.086708 0.118506 0.000000
vt -0.097328 0.118506 0.000000
vt -0.086708 0.000000 0.000000
vt -0.108386 0.000000 0.000000
vt -0.113694 0.118506 0.000000
vt -0.130061 0.097339 0.000000
vt -0.130061 0.194677 0.000000
vt -0.113694 0.237012 0.000000
vt -0.130061 0.292016 0.000000
vt -0.113694 0.361081 0.000000
vt -0.130061 0.389355 0.000000
vt -0.130061 0.486694 0.000000
vt -0.113694 0.523226 0.000000
vt -0.130061 0.584032 0.000000
vt -0.113694 0.604299 0.000000
vt -0.130061 0.632702 0.000000
vt -0.113694 0.685371 0.000000
vt -0.130061 0.681371 0.000000
vt -0.130061 0.730040 0.000000
vt -0.113694 0.741885 0.000000
vt -0.130061 0.778710 0.000000
vt -0.113694 0.798399 0.000000
vt -0.130061 0.827379 0.000000
vt -0.113694 0.857564 0.000000
vt -0.130061 0.876049 0.000000
vt -0.113694 0.916729 0.000000
vt -0.130061 0.924718 0.000000
vt -0.130061 0.973387 0.000000
vt -0.113694 0.994011 0.000000
vt -0.130061 1.022057 0.000000
vt -0.113694 1.077148 0.000000
vt -0.130061 1.070726 0.000000
vt -0.113694 1.160284 0.000000
vt -0.130061 1.168065 0.000000
vt -0.113694 1.249275 0.000000
vt -0.130061 1.265404 0.000000
vt -0.130061 1.362742 0.000000
vt -0.113694 1.411317 0.000000
vt -0.130061 1.460081 0.000000
vt -0.108386 1.557420 0.000000
vt -0.130061 1.557420 0.000000
vt -0.130061 0.000000 0.000000
vt -0.070341 0.118506 0.000000
vt -0.065031 0.000000 0.000000
vt -0.053974 0.118506 0.000000
vt -0.043354 0.000000 0.000000
vt -0.037607 0.118506 0.000000
vt -0.021675 0.000000 0.000000
vt -0.021240 0.118506 0.000000
vt -0.000000 0.000000 0.000000
vt -0.000000 0.194677 0.000000
vt -0.021240 0.237012 0.000000
vt -0.000000 0.389355 0.000000
vt -0.021240 0.361081 0.000000
vt -0.000000 0.486694 0.000000
vt -0.021240 0.523226 0.000000
vt -0.000000 0.584032 0.000000
vt -0.021240 0.604299 0.000000
vt -0.000000 0.632702 0.000000
vt -0.021240 0.685371 0.000000
vt -0.000000 0.681371 0.000000
vt -0.000000 0.730040 0.000000
vt -0.021240 0.741885 0.000000
vt -0.000000 0.754375 0.000000
vt -0.000000 0.778710 0.000000
vt -0.021240 0.798399 0.000000
vt -0.000000 0.827379 0.000000
vt -0.021240 0.857564 0.000000
vt -0.000000 0.876049 0.000000
vt -0.021240 0.916729 0.000000
vt -0.000000 0.924718 0.000000
vt -0.000000 0.973387 0.000000
vt -0.021240 0.994011 0.000000
vt -0.000000 1.070726 0.000000
vt -0.021240 1.077148 0.000000
vt -0.021240 1.160284 0.000000
vt -0.037607 1.160284 0.000000
vt -0.037607 1.249275 0.000000
vt -0.053974 1.249275 0.000000
vt -0.000000 1.168065 0.000000
vt -0.021240 1.249275 0.000000
vt -0.070341 1.249275 0.000000
vt -0.070341 1.160284 0.000000
vt -0.070341 1.077148 0.000000
vt -0.070341 0.994011 0.000000
vt -0.070341 0.916729 0.000000
vt -0.070341 0.857564 0.000000
vt -0.070341 0.798399 0.000000
vt -0.070341 0.741885 0.000000
vt -0.070341 0.685371 0.000000
vt -0.070341 0.604299 0.000000
vt -0.070341 0.523226 0.000000
vt -0.070341 0.361081 0.000000
vt -0.070341 0.237012 0.000000
vt -0.053974 1.160284 0.000000
vt -0.037607 1.077148 0.000000
vt -0.053974 1.077148 0.000000
vt -0.053974 0.994011 0.000000
vt -0.053974 0.916729 0.000000
vt -0.053974 0.857564 0.000000
vt -0.053974 0.798399 0.000000
vt -0.053974 0.741885 0.000000
vt -0.053974 0.685371 0.000000
vt -0.053974 0.604299 0.000000
vt -0.053974 0.523226 0.000000
vt -0.053974 0.361081 0.000000
vt -0.053974 0.237012 0.000000
vt -0.037607 0.994011 0.000000
vt -0.037607 0.916729 0.000000
vt -0.037607 0.857564 0.000000
vt -0.037607 0.798399 0.000000
vt -0.037607 0.741885 0.000000
vt -0.037607 0.685371 0.000000
vt -0.037607 0.604299 0.000000
vt -0.037607 0.523226 0.000000
vt -0.037607 0.361081 0.000000
vt -0.037607 0.237012 0.000000
vt -7.500000 0.069829 0.000000
vt -6.777778 0.069829 0.000000
vt -7.500000 0.104744 0.000000
vt -6.055556 0.069829 0.000000
vt -5.333333 0.069829 0.000000
vt -5.333333 0.034915 0.000000
vt -4.611111 0.034915 0.000000
vt -4.611111 -0.000000 0.000000
vt -3.888889 -0.000000 0.000000
vt -3.888889 -0.034915 0.000000
vt -3.166667 -0.034915 0.000000
vt -3.166667 -0.069829 0.000000
vt -2.444444 -0.069829 0.000000
vt -1.000000 -0.104744 0.000000
vt -1.722222 -0.069829 0.000000
vt -1.000000 -0.069829 0.000000
vt -1.722222 -0.034915 0.000000
vt -1.000000 -0.034915 0.000000
vt -1.722222 -0.000000 0.000000
vt -1.000000 -0.000000 0.000000
vt -1.722222 0.034915 0.000000
vt -1.000000 0.034915 0.000000
vt -1.722222 0.069829 0.000000
vt -1.000000 0.069829 0.000000
vt -1.000000 0.104744 0.000000
vt -6.777778 0.034915 0.000000
vt -7.500000 0.034915 0.000000
vt -6.777778 -0.000000 0.000000
vt -7.500000 -0.000000 0.000000
vt -6.777778 -0.034915 0.000000
vt -7.500000 -0.034915 0.000000
vt -6.777778 -0.069829 0.000000
vt -7.500000 -0.069829 0.000000
vt -7.500000 -0.104744 0.000000
vt -4.611111 -0.069829 0.000000
vt -5.333333 -0.069829 0.000000
vt -6.055556 -0.069829 0.000000
vt -6.055556 -0.034915 0.000000
vt -3.888889 0.069829 0.000000
vt -3.166667 0.069829 0.000000
vt -2.444444 0.069829 0.000000
vt -2.444444 0.034915 0.000000
vt -6.055556 0.034915 0.000000
vt -6.055556 -0.000000 0.000000
vt -4.611111 0.069829 0.000000
vt -3.888889 0.034915 0.000000
vt -3.166667 0.034915 0.000000
vt -3.166667 -0.000000 0.000000
vt -5.333333 -0.000000 0.000000
vt -4.611111 -0.034915 0.000000
vt -3.888889 -0.069829 0.000000
vt -2.444444 -0.000000 0.000000
vt -5.333333 -0.034915 0.000000
vt -2.444444 -0.034915 0.000000
vt -1.570796 0.837758 0.000000
vt -1.308997 0.869980 0.000000
vt -1.570796 0.942478 0.000000
vt -1.308997 0.966644 0.000000
vt -1.570796 1.047198 0.000000
vt -1.308997 1.063308 0.000000
vt -1.570796 1.151917 0.000000
vt -1.308997 1.159973 0.000000
vt -1.570796 1.256637 0.000000
vt -1.308997 1.256637 0.000000
vt -1.570796 -1.256637 0.000000
vt -1.308997 -1.256637 0.000000
vt -1.308997 -1.159973 0.000000
vt -1.047198 -1.256637 0.000000
vt -1.047198 -1.159973 0.000000
vt -0.836647 -1.211766 0.000000
vt -0.801328 -1.192794 0.000000
vt -1.308997 0.773315 0.000000
vt -1.570796 0.733038 0.000000
vt -1.308997 0.676651 0.000000
vt -1.570796 0.628319 0.000000
vt -1.308997 0.579986 0.000000
vt -1.570796 0.523599 0.000000
vt -1.308997 0.483322 0.000000
vt -1.570796 0.418879 0.000000
vt -1.308997 0.386658 0.000000
vt -1.570796 0.314159 0.000000
vt -1.308997 0.289993 0.000000
vt -1.570796 0.209440 0.000000
vt -1.308997 0.193329 0.000000
vt -1.570796 0.104720 0.000000
vt -1.308997 0.096664 0.000000
vt -1.570796 0.000000 0.000000
vt -1.308997 0.000001 0.000000
vt -1.308997 -0.096664 0.000000
vt -1.047198 -0.096664 0.000000
vt -1.047198 -0.193329 0.000000
vt -0.785398 -0.193329 0.000000
vt -0.785398 -0.289993 0.000000
vt -0.523599 -0.289993 0.000000
vt -0.523599 -0.386658 0.000000
vt -0.261799 -0.386658 0.000000
vt -0.261799 -0.483322 0.000000
vt -0.000000 -0.406818 0.000000
vt -0.000000 -0.499477 0.000000
vt -0.131222 -0.499881 0.000000
vt -0.262301 -0.501476 0.000000
vt -0.393128 -0.505001 0.000000
vt -0.523599 -0.483322 0.000000
vt -0.522149 -0.512119 0.000000
vt -0.645536 -0.525408 0.000000
vt -0.785398 -0.483322 0.000000
vt -0.703281 -0.535500 0.000000
vt -0.756010 -0.548481 0.000000
vt -0.801328 -0.564476 0.000000
vt -1.047198 -0.483322 0.000000
vt -1.047198 -0.579986 0.000000
vt -1.308997 -0.483322 0.000000
vt -1.308997 -0.579986 0.000000
vt -1.570796 -0.523599 0.000000
vt -1.570796 -0.628319 0.000000
vt -1.570796 -0.104720 0.000000
vt -1.308997 -0.193329 0.000000
vt -1.047198 -0.289993 0.000000
vt -0.785398 -0.386658 0.000000
vt -1.570796 -0.209440 0.000000
vt -1.308997 -0.289993 0.000000
vt -1.047198 -0.386658 0.000000
vt -1.570796 -0.314159 0.000000
vt -1.308997 -0.386658 0.000000
vt -1.570796 -0.418879 0.000000
vt -1.308997 -0.676651 0.000000
vt -1.570796 -0.733038 0.000000
vt -1.308997 -0.773315 0.000000
vt -1.570796 -0.837758 0.000000
vt -1.308997 -0.869980 0.000000
vt -1.570796 -0.942478 0.000000
vt -1.308997 -0.966644 0.000000
vt -1.570796 -1.047198 0.000000
vt -1.308997 -1.063308 0.000000
vt -1.570796 -1.151917 0.000000
vt -0.000000 -0.128842 0.000000
vt -0.131217 -0.128408 0.000000
vt -0.000000 -0.221500 0.000000
vt -0.261799 -0.193329 0.000000
vt -0.261799 -0.289993 0.000000
vt -0.523599 -0.193329 0.000000
vt -0.262364 -0.126870 0.000000
vt -0.392922 -0.123284 0.000000
vt -0.521848 -0.116158 0.000000
vt -0.645591 -0.102896 0.000000
vt -0.756003 -0.080032 0.000000
vt -0.785398 -0.096664 0.000000
vt -0.801309 -0.064082 0.000000
vt -0.836592 -0.044924 0.000000
vt -0.859175 -0.023192 0.000000
vt -1.047198 0.000003 0.000000
vt -0.867076 0.000004 0.000000
vt -0.859278 0.023225 0.000000
vt -0.836647 0.044871 0.000000
vt -1.047198 0.096664 0.000000
vt -0.801328 0.063843 0.000000
vt -0.785398 0.096664 0.000000
vt -1.047198 0.193329 0.000000
vt -0.785398 0.193329 0.000000
vt -1.047198 0.289993 0.000000
vt -0.785398 0.289993 0.000000
vt -1.047198 0.386658 0.000000
vt -0.785398 0.386658 0.000000
vt -1.047198 0.483322 0.000000
vt -0.785398 0.483322 0.000000
vt -0.801155 0.564296 0.000000
vt -0.755898 0.548235 0.000000
vt -0.703439 0.535433 0.000000
vt -0.645952 0.525456 0.000000
vt -0.523599 0.483322 0.000000
vt -0.521839 0.512167 0.000000
vt -0.392973 0.505011 0.000000
vt -0.261799 0.483322 0.000000
vt -0.262333 0.501462 0.000000
vt -0.131199 0.499907 0.000000
vt -0.000000 0.499477 0.000000
vt -0.000000 0.406818 0.000000
vt -0.261799 0.386658 0.000000
vt -0.000000 0.314159 0.000000
vt -0.261799 0.289993 0.000000
vt -0.000000 0.221500 0.000000
vt -0.261799 0.193329 0.000000
vt -0.131222 0.128438 0.000000
vt -0.262301 0.126843 0.000000
vt -0.393128 0.123318 0.000000
vt -0.523599 0.193329 0.000000
vt -0.522149 0.116199 0.000000
vt -0.645536 0.102910 0.000000
vt -0.756010 0.079837 0.000000
vt -0.703281 0.092818 0.000000
vt -0.000000 0.128842 0.000000
vt -1.047198 0.579986 0.000000
vt -0.836286 0.583508 0.000000
vt -0.858968 0.605186 0.000000
vt -0.867061 0.628318 0.000000
vt -1.047198 0.676651 0.000000
vt -0.859138 0.651484 0.000000
vt -0.836412 0.673148 0.000000
vt -0.801186 0.692332 0.000000
vt -0.755905 0.708399 0.000000
vt -0.785398 0.773315 0.000000
vt -1.047198 0.773315 0.000000
vt -0.703340 0.721215 0.000000
vt -0.645747 0.731199 0.000000
vt -0.523599 0.773315 0.000000
vt -0.521803 0.744473 0.000000
vt -0.393012 0.751626 0.000000
vt -0.261799 0.773315 0.000000
vt -0.262316 0.755156 0.000000
vt -0.131225 0.756743 0.000000
vt -0.000000 0.757160 0.000000
vt -0.000000 0.849819 0.000000
vt -0.261799 0.869980 0.000000
vt -0.000000 0.942478 0.000000
vt -0.261799 0.966644 0.000000
vt -0.000000 1.035137 0.000000
vt -0.261799 1.063308 0.000000
vt -0.131217 1.128229 0.000000
vt -0.262364 1.129767 0.000000
vt -0.000000 1.127795 0.000000
vt -0.392922 1.133353 0.000000
vt -0.523599 1.063308 0.000000
vt -0.523599 0.966644 0.000000
vt -0.523599 0.869980 0.000000
vt -0.521847 1.140479 0.000000
vt -0.645591 1.153741 0.000000
vt -0.785398 1.063308 0.000000
vt -0.785398 1.159973 0.000000
vt -1.047198 1.159973 0.000000
vt -0.801309 1.192555 0.000000
vt -0.836592 1.211713 0.000000
vt -0.756003 1.176605 0.000000
vt -0.859175 1.233445 0.000000
vt -1.047198 1.256637 0.000000
vt -0.859175 -1.279829 0.000000
vt -0.867076 -1.256634 0.000000
vt -0.859278 -1.233412 0.000000
vt -0.785398 -1.159973 0.000000
vt -0.756010 -1.176800 0.000000
vt -0.703281 -1.163819 0.000000
vt -0.645536 -1.153727 0.000000
vt -0.785398 -1.063308 0.000000
vt -1.047198 -1.063308 0.000000
vt -1.047198 -0.966644 0.000000
vt -0.523599 -1.063308 0.000000
vt -0.522149 -1.140438 0.000000
vt -0.393128 -1.133319 0.000000
vt -0.261799 -1.063308 0.000000
vt -0.262301 -1.129794 0.000000
vt -0.131222 -1.128199 0.000000
vt -0.000000 -1.127795 0.000000
vt -0.000000 -1.035137 0.000000
vt -0.261799 -0.966644 0.000000
vt -0.000000 -0.942478 0.000000
vt -0.261799 -0.869980 0.000000
vt -0.000000 -0.849819 0.000000
vt -0.261799 -0.773315 0.000000
vt -0.000000 -0.757160 0.000000
vt -0.131217 -0.756727 0.000000
vt -0.262364 -0.755189 0.000000
vt -0.392922 -0.751603 0.000000
vt -0.523599 -0.773315 0.000000
vt -0.521848 -0.744476 0.000000
vt -0.645591 -0.731215 0.000000
vt -0.785398 -0.773315 0.000000
vt -0.756003 -0.708351 0.000000
vt -0.801309 -0.692401 0.000000
vt -0.836592 -0.673242 0.000000
vt -1.047198 -0.676651 0.000000
vt -1.047198 -0.773315 0.000000
vt -0.785398 -0.869980 0.000000
vt -0.523599 -0.869980 0.000000
vt -0.523599 -0.966644 0.000000
vt -0.859175 -0.651511 0.000000
vt -0.867076 -0.628315 0.000000
vt -0.859278 -0.605094 0.000000
vt -0.836647 -0.583448 0.000000
vt -0.000000 -0.314159 0.000000
vt -1.047198 0.869980 0.000000
vt -1.047198 0.966644 0.000000
vt -1.047198 1.063308 0.000000
vt -0.785398 0.869980 0.000000
vt -0.785398 0.966644 0.000000
vt -0.523599 0.386658 0.000000
vt -0.523599 0.289993 0.000000
vt -1.047198 -0.869980 0.000000
vt -0.785398 -0.966644 0.000000
vt -2.257887 -1.860789 0.000000
vt -2.500000 -2.048800 0.000000
vt -2.257887 -2.199115 0.000000
vt -2.500000 -2.349430 0.000000
vt -2.257887 -2.537440 0.000000
vt -2.500000 -2.650061 0.000000
vt -2.257887 -2.875766 0.000000
vt -9.000000 -2.650061 0.000000
vt -9.000000 -2.974366 0.000000
vt -2.500000 -1.748169 0.000000
vt -2.257887 -1.522464 0.000000
vt -9.000000 -1.748169 0.000000
vt -9.000000 -1.423863 0.000000
vt -2.257887 -1.184139 0.000000
vt -9.000000 -1.099557 0.000000
vt -2.257887 -0.845813 0.000000
vt -9.000000 -0.775252 0.000000
vt -2.257887 -0.507488 0.000000
vt -9.000000 -0.450946 0.000000
vt -2.500000 -0.450946 0.000000
vt -2.257887 -0.169163 0.000000
vt -2.500000 -0.150315 0.000000
vt -2.257887 0.169163 0.000000
vt -2.500000 0.150315 0.000000
vt -2.500000 0.450946 0.000000
vt -2.257887 0.507488 0.000000
vt -9.000000 0.450946 0.000000
vt -9.000000 0.775252 0.000000
vt -2.257887 0.845813 0.000000
vt -9.000000 1.099557 0.000000
vt -2.257887 1.184139 0.000000
vt -9.000000 1.423863 0.000000
vt -2.257887 1.522464 0.000000
vt -9.000000 1.748169 0.000000
vt -2.500000 1.748169 0.000000
vt -2.257887 1.860789 0.000000
vt -2.500000 2.048800 0.000000
vt -2.257887 2.199115 0.000000
vt -2.500000 2.349430 0.000000
vt -2.257887 2.537440 0.000000
vt -2.500000 2.650061 0.000000
vt -2.257887 2.875766 0.000000
vt -9.000000 2.650061 0.000000
vt -9.000000 2.974366 0.000000
vt -2.257887 3.214091 0.000000
vt -9.000000 3.298672 0.000000
vt -2.257887 3.552416 0.000000
vt -9.000000 3.622978 0.000000
vt -2.257887 3.890742 0.000000
vt -9.000000 3.947284 0.000000
vt -2.500000 3.947284 0.000000
vt -2.257887 4.229067 0.000000
vt -2.500000 4.247914 0.000000
vt -2.257887 4.567392 0.000000
vt -2.500000 4.548545 0.000000
vt -2.500000 -4.247914 0.000000
vt -2.257887 -4.229067 0.000000
vt -2.500000 -3.947284 0.000000
vt -2.257887 -3.890742 0.000000
vt -9.000000 -3.947284 0.000000
vt -9.000000 -3.622978 0.000000
vt -2.257887 -3.552416 0.000000
vt -9.000000 -3.298672 0.000000
vt -2.257887 -3.214091 0.000000
vt 1.000000 0.069829 0.000000
vt 1.722222 0.069829 0.000000
vt 1.000000 0.104744 0.000000
vt 2.444444 0.069829 0.000000
vt 3.166667 0.069829 0.000000
vt 3.166667 0.034915 0.000000
vt 3.888889 0.034915 0.000000
vt 3.888889 -0.000000 0.000000
vt 4.611111 -0.000000 0.000000
vt 4.611111 -0.034915 0.000000
vt 5.333333 -0.034915 0.000000
vt 5.333333 -0.069829 0.000000
vt 6.055556 -0.069829 0.000000
vt 7.500000 -0.104744 0.000000
vt 6.777778 -0.069829 0.000000
vt 7.500000 -0.069829 0.000000
vt 6.777778 -0.034915 0.000000
vt 7.500000 -0.034915 0.000000
vt 6.777778 -0.000000 0.000000
vt 7.500000 -0.000000 0.000000
vt 6.777778 0.034915 0.000000
vt 7.500000 0.034915 0.000000
vt 6.777778 0.069829 0.000000
vt 7.500000 0.069829 0.000000
vt 7.500000 0.104744 0.000000
vt 1.722222 0.034915 0.000000
vt 1.000000 0.034915 0.000000
vt 1.722222 -0.000000 0.000000
vt 1.000000 -0.000000 0.000000
vt 1.722222 -0.034915 0.000000
vt 1.000000 -0.034915 0.000000
vt 1.722222 -0.069829 0.000000
vt 1.000000 -0.069829 0.000000
vt 1.000000 -0.104744 0.000000
vt 3.888889 -0.069829 0.000000
vt 3.166667 -0.069829 0.000000
vt 2.444444 -0.069829 0.000000
vt 2.444444 -0.034915 0.000000
vt 4.611111 0.069829 0.000000
vt 5.333333 0.069829 0.000000
vt 6.055556 0.069829 0.000000
vt 6.055556 0.034915 0.000000
vt 2.444444 0.034915 0.000000
vt 2.444444 -0.000000 0.000000
vt 3.888889 0.069829 0.000000
vt 4.611111 0.034915 0.000000
vt 5.333333 0.034915 0.000000
vt 5.333333 -0.000000 0.000000
vt 3.166667 -0.000000 0.000000
vt 3.888889 -0.034915 0.000000
vt 4.611111 -0.069829 0.000000
vt 6.055556 -0.000000 0.000000
vt 3.166667 -0.034915 0.000000
vt 6.055556 -0.034915 0.000000
vt -0.000000 1.362742 0.000000
vt -0.000000 1.557420 0.000000
vt -0.021240 1.411317 0.000000
vt -0.021675 1.557420 0.000000
vt -0.037607 1.411317 0.000000
vt -0.043354 1.557420 0.000000
vt -0.053974 1.411317 0.000000
vt -0.065031 1.557420 0.000000
vt -0.070341 1.411317 0.000000
vt -0.086708 1.557420 0.000000
vt -0.086708 1.411317 0.000000
vt -0.097328 1.411317 0.000000
vt -0.086708 1.249275 0.000000
vt -0.097328 1.249275 0.000000
vt -0.086708 1.160284 0.000000
vt -0.097328 1.160284 0.000000
vt -0.086708 1.077148 0.000000
vt -0.097328 1.077148 0.000000
vt -0.086708 0.994011 0.000000
vt -0.097328 0.994011 0.000000
vt -0.086708 0.916729 0.000000
vt -0.097328 0.916729 0.000000
vt -0.086708 0.857564 0.000000
vt -0.097328 0.857564 0.000000
vt -0.086708 0.798399 0.000000
vt -0.097328 0.798399 0.000000
vt -0.086708 0.741885 0.000000
vt -0.097328 0.741885 0.000000
vt -0.086708 0.685371 0.000000
vt -0.097328 0.685371 0.000000
vt -0.086708 0.604299 0.000000
vt -0.097328 0.604299 0.000000
vt -0.086708 0.523226 0.000000
vt -0.097328 0.523226 0.000000
vt -0.086708 0.361081 0.000000
vt -0.097328 0.361081 0.000000
vt -0.086708 0.237012 0.000000
vt -0.097328 0.237012 0.000000
vt -0.086708 0.118506 0.000000
vt -0.097328 0.118506 0.000000
vt -0.086708 0.000000 0.000000
vt -0.108386 0.000000 0.000000
vt -0.113694 0.118506 0.000000
vt -0.130061 0.097339 0.000000
vt -0.130061 0.194677 0.000000
vt -0.113694 0.237012 0.000000
vt -0.130061 0.292016 0.000000
vt -0.113694 0.361081 0.000000
vt -0.130061 0.389355 0.000000
vt -0.130061 0.486694 0.000000
vt -0.113694 0.523226 0.000000
vt -0.130061 0.584032 0.000000
vt -0.113694 0.604299 0.000000
vt -0.130061 0.632702 0.000000
vt -0.113694 0.685371 0.000000
vt -0.130061 0.681371 0.000000
vt -0.130061 0.730040 0.000000
vt -0.113694 0.741885 0.000000
vt -0.130061 0.778710 0.000000
vt -0.113694 0.798399 0.000000
vt -0.130061 0.827379 0.000000
vt -0.113694 0.857564 0.000000
vt -0.130061 0.876049 0.000000
vt -0.113694 0.916729 0.000000
vt -0.130061 0.924718 0.000000
vt -0.130061 0.973387 0.000000
vt -0.113694 0.994011 0.000000
vt -0.130061 1.022057 0.000000
vt -0.113694 1.077148 0.000000
vt -0.130061 1.070726 0.000000
vt -0.113694 1.160284 0.000000
vt -0.130061 1.168065 0.000000
vt -0.113694 1.249275 0.000000
vt -0.130061 1.265404 0.000000
vt -0.130061 1.362742 0.000000
vt -0.113694 1.411317 0.000000
vt -0.130061 1.460081 0.000000
vt -0.108386 1.557420 0.000000
vt -0.130061 1.557420 0.000000
vt -0.130061 0.000000 0.000000
vt -0.070341 0.118506 0.000000
vt -0.065031 0.000000 0.000000
vt -0.053974 0.118506 0.000000
vt -0.043354 0.000000 0.000000
vt -0.037607 0.118506 0.000000
vt -0.021675 0.000000 0.000000
vt -0.021240 0.118506 0.000000
vt -0.000000 0.000000 0.000000
vt -0.000000 0.194677 0.000000
vt -0.021240 0.237012 0.000000
vt -0.000000 0.389355 0.000000
vt -0.021240 0.361081 0.000000
vt -0.000000 0.486694 0.000000
vt -0.021240 0.523226 0.000000
vt -0.000000 0.584032 0.000000
vt -0.021240 0.604299 0.000000
vt -0.000000 0.632702 0.000000
vt -0.021240 0.685371 0.000000
vt -0.000000 0.681371 0.000000
vt -0.000000 0.730040 0.000000
vt -0.021240 0.741885 0.000000
vt -0.000000 0.754375 0.000000
vt -0.000000 0.778710 0.000000
vt -0.021240 0.798399 0.000000
vt -0.000000 0.827379 0.000000
vt -0.021240 0.857564 0.000000
vt -0.000000 0.876049 0.000000
vt -0.021240 0.916729 0.000000
vt -0.000000 0.924718 0.000000
vt -0.000000 0.973387 0.000000
vt -0.021240 0.994011 0.000000
vt -0.000000 1.070726 0.000000
vt -0.021240 1.077148 0.000000
vt -0.021240 1.160284 0.000000
vt -0.037607 1.160284 0.000000
vt -0.037607 1.249275 0.000000
vt -0.053974 1.249275 0.000000
vt -0.000000 1.168065 0.000000
vt -0.021240 1.249275 0.000000
vt -0.070341 1.249275 0.000000
vt -0.070341 1.160284 0.000000
vt -0.070341 1.077148 0.000000
vt -0.070341 0.994011 0.000000
vt -0.070341 0.916729 0.000000
vt -0.070341 0.857564 0.000000
vt -0.070341 0.798399 0.000000
vt -0.070341 0.741885 0.000000
vt -0.070341 0.685371 0.000000
vt -0.070341 0.604299 0.000000
vt -0.070341 0.523226 0.000000
vt -0.070341 0.361081 0.000000
vt -0.070341 0.237012 0.000000
vt -0.053974 1.160284 0.000000
vt -0.037607 1.077148 0.000000
vt -0.053974 1.077148 0.000000
vt -0.053974 0.994011 0.000000
vt -0.053974 0.916729 0.000000
vt -0.053974 0.857564 0.000000
vt -0.053974 0.798399 0.000000
vt -0.053974 0.741885 0.000000
vt -0.053974 0.685371 0.000000
vt -0.053974 0.604299 0.000000
vt -0.053974 0.523226 0.000000
vt -0.053974 0.361081 0.000000
vt -0.053974 0.237012 0.000000
vt -0.037607 0.994011 0.000000
vt -0.037607 0.916729 0.000000
vt -0.037607 0.857564 0.000000
vt -0.037607 0.798399 0.000000
vt -0.037607 0.741885 0.000000
vt -0.037607 0.685371 0.000000
vt -0.037607 0.604299 0.000000
vt -0.037607 0.523226 0.000000
vt -0.037607 0.361081 0.000000
vt -0.037607 0.237012 0.000000
vt -7.500000 0.069829 0.000000
vt -6.777778 0.069829 0.000000
vt -7.500000 0.104744 0.000000
vt -6.055556 0.069829 0.000000
vt -5.333333 0.069829 0.000000
vt -5.333333 0.034915 0.000000
vt -4.611111 0.034915 0.000000
vt -4.611111 0.000000 0.000000
vt -3.888889 0.000000 0.000000
vt -3.888889 -0.034915 0.000000
vt -3.166667 -0.034915 0.000000
vt -3.166667 -0.069829 0.000000
vt -2.444444 -0.069829 0.000000
vt -1.000000 -0.104744 0.000000
vt -1.722222 -0.069829 0.000000
vt -1.000000 -0.069829 0.000000
vt -1.722222 -0.034915 0.000000
vt -1.000000 -0.034915 0.000000
vt -1.722222 0.000000 0.000000
vt -1.000000 0.000000 0.000000
vt -1.722222 0.034915 0.000000
vt -1.000000 0.034915 0.000000
vt -1.722222 0.069829 0.000000
vt -1.000000 0.069829 0.000000
vt -1.000000 0.104744 0.000000
vt -6.777778 0.034915 0.000000
vt -7.500000 0.034915 0.000000
vt -6.777778 0.000000 0.000000
vt -7.500000 -0.000000 0.000000
vt -6.777778 -0.034915 0.000000
vt -7.500000 -0.034915 0.000000
vt -6.777778 -0.069829 0.000000
vt -7.500000 -0.069829 0.000000
vt -7.500000 -0.104744 0.000000
vt -4.611111 -0.069829 0.000000
vt -5.333333 -0.069829 0.000000
vt -6.055556 -0.069829 0.000000
vt -6.055556 -0.034915 0.000000
vt -3.888889 0.069829 0.000000
vt -3.166667 0.069829 0.000000
vt -2.444444 0.069829 0.000000
vt -2.444444 0.034915 0.000000
vt -6.055556 0.034915 0.000000
vt -6.055556 0.000000 0.000000
vt -4.611111 0.069829 0.000000
vt -3.888889 0.034915 0.000000
vt -3.166667 0.034915 0.000000
vt -3.166667 0.000000 0.000000
vt -5.333333 0.000000 0.000000
vt -4.611111 -0.034915 0.000000
vt -3.888889 -0.069829 0.000000
vt -2.444444 0.000000 0.000000
vt -5.333333 -0.034915 0.000000
vt -2.444444 -0.034915 0.000000
vt 1.000000 0.069829 0.000000
vt 1.722222 0.069829 0.000000
vt 1.000000 0.104744 0.000000
vt 2.444444 0.069829 0.000000
vt 3.166667 0.069829 0.000000
vt 3.166667 0.034915 0.000000
vt 3.888889 0.034915 0.000000
vt 3.888889 0.000000 0.000000
vt 4.611111 0.000000 0.000000
vt 4.611111 -0.034915 0.000000
vt 5.333333 -0.034915 0.000000
vt 5.333333 -0.069829 0.000000
vt 6.055556 -0.069829 0.000000
vt 7.500000 -0.104744 0.000000
vt 6.777778 -0.069829 0.000000
vt 7.500000 -0.069829 0.000000
vt 6.777778 -0.034915 0.000000
vt 7.500000 -0.034915 0.000000
vt 6.777778 0.000000 0.000000
vt 7.500000 0.000000 0.000000
vt 6.777778 0.034915 0.000000
vt 7.500000 0.034915 0.000000
vt 6.777778 0.069829 0.000000
vt 7.500000 0.069829 0.000000
vt 7.500000 0.104744 0.000000
vt 1.722222 0.034915 0.000000
vt 1.000000 0.034915 0.000000
vt 1.722222 0.000000 0.000000
vt 1.000000 0.000000 0.000000
vt 1.722222 -0.034915 0.000000
vt 1.000000 -0.034915 0.000000
vt 1.722222 -0.069829 0.000000
vt 1.000000 -0.069829 0.000000
vt 1.000000 -0.104744 0.000000
vt 3.888889 -0.069829 0.000000
vt 3.166667 -0.069829 0.000000
vt 2.444444 -0.069829 0.000000
vt 2.444444 -0.034915 0.000000
vt 4.611111 0.069829 0.000000
vt 5.333333 0.069829 0.000000
vt 6.055556 0.069829 0.000000
vt 6.055556 0.034915 0.000000
vt 2.444444 0.034915 0.000000
vt 2.444444 0.000000 0.000000
vt 3.888889 0.069829 0.000000
vt 4.611111 0.034915 0.000000
vt 5.333333 0.034915 0.000000
vt 5.333333 0.000000 0.000000
vt 3.166667 0.000000 0.000000
vt 3.888889 -0.034915 0.000000
vt 4.611111 -0.069829 0.000000
vt 6.055556 0.000000 0.000000
vt 3.166667 -0.034915 0.000000
vt 6.055556 -0.034915 0.000000
vt -0.000000 1.362742 0.000000
vt -0.000000 1.557420 0.000000
vt -0.021240 1.411317 0.000000
vt -0.021675 1.557420 0.000000
vt -0.037607 1.411317 0.000000
vt -0.043354 1.557420 0.000000
vt -0.053974 1.411317 0.000000
vt -0.065031 1.557420 0.000000
vt -0.070341 1.411317 0.000000
vt -0.086708 1.557420 0.000000
vt -0.086708 1.411317 0.000000
vt -0.097328 1.411317 0.000000
vt -0.086708 1.249275 0.000000
vt -0.097328 1.249275 0.000000
vt -0.086708 1.160284 0.000000
vt -0.097328 1.160284 0.000000
vt -0.086708 1.077148 0.000000
vt -0.097328 1.077148 0.000000
vt -0.086708 0.994011 0.000000
vt -0.097328 0.994011 0.000000
vt -0.086708 0.916729 0.000000
vt -0.097328 0.916729 0.000000
vt -0.086708 0.857568 0.000000
vt -0.097328 0.857568 0.000000
vt -0.086708 0.798406 0.000000
vt -0.097328 0.798406 0.000000
vt -0.086708 0.741891 0.000000
vt -0.097328 0.741891 0.000000
vt -0.086708 0.685376 0.000000
vt -0.097328 0.685376 0.000000
vt -0.086708 0.604314 0.000000
vt -0.097328 0.604314 0.000000
vt -0.086708 0.523252 0.000000
vt -0.097328 0.523252 0.000000
vt -0.086708 0.361129 0.000000
vt -0.097328 0.361129 0.000000
vt -0.086708 0.237069 0.000000
vt -0.097328 0.237069 0.000000
vt -0.086708 0.118534 0.000000
vt -0.097328 0.118534 0.000000
vt -0.086708 0.000000 0.000000
vt -0.108386 0.000000 0.000000
vt -0.113694 0.118534 0.000000
vt -0.130061 0.097339 0.000000
vt -0.130061 0.194677 0.000000
vt -0.113694 0.237069 0.000000
vt -0.130061 0.292016 0.000000
vt -0.113694 0.361129 0.000000
vt -0.130061 0.389355 0.000000
vt -0.130061 0.486694 0.000000
vt -0.113694 0.523252 0.000000
vt -0.130061 0.584032 0.000000
vt -0.113694 0.604314 0.000000
vt -0.130061 0.632702 0.000000
vt -0.113694 0.685376 0.000000
vt -0.130061 0.681371 0.000000
vt -0.130061 0.730040 0.000000
vt -0.113694 0.741891 0.000000
vt -0.130061 0.778710 0.000000
vt -0.113694 0.798406 0.000000
vt -0.130061 0.827379 0.000000
vt -0.113694 0.857568 0.000000
vt -0.130061 0.876049 0.000000
vt -0.113694 0.916729 0.000000
vt -0.130061 0.924718 0.000000
vt -0.130061 0.973387 0.000000
vt -0.113694 0.994011 0.000000
vt -0.130061 1.022057 0.000000
vt -0.113694 1.077148 0.000000
vt -0.130061 1.070726 0.000000
vt -0.113694 1.160284 0.000000
vt -0.130061 1.168065 0.000000
vt -0.113694 1.249275 0.000000
vt -0.130061 1.265404 0.000000
vt -0.130061 1.362742 0.000000
vt -0.113694 1.411317 0.000000
vt -0.130061 1.460081 0.000000
vt -0.108386 1.557420 0.000000
vt -0.130061 1.557420 0.000000
vt -0.130061 0.000000 0.000000
vt -0.070341 0.118534 0.000000
vt -0.065031 0.000000 0.000000
vt -0.053974 0.118534 0.000000
vt -0.043354 0.000000 0.000000
vt -0.037607 0.118534 0.000000
vt -0.021675 0.000000 0.000000
vt -0.021240 0.118534 0.000000
vt -0.000000 0.000000 0.000000
vt -0.000000 0.194677 0.000000
vt -0.021240 0.237069 0.000000
vt -0.000000 0.389355 0.000000
vt -0.021240 0.361129 0.000000
vt -0.000000 0.486694 0.000000
vt -0.021240 0.523252 0.000000
vt -0.000000 0.584032 0.000000
vt -0.021240 0.604314 0.000000
vt -0.000000 0.632702 0.000000
vt -0.021240 0.685376 0.000000
vt -0.000000 0.681371 0.000000
vt -0.000000 0.730040 0.000000
vt -0.021240 0.741891 0.000000
vt -0.000000 0.754375 0.000000
vt -0.000000 0.778710 0.000000
vt -0.021240 0.798406 0.000000
vt -0.000000 0.827379 0.000000
vt -0.021240 0.857568 0.000000
vt -0.000000 0.876049 0.000000
vt -0.021240 0.916729 0.000000
vt -0.000000 0.924718 0.000000
vt -0.000000 0.973387 0.000000
vt -0.021240 0.994011 0.000000
vt -0.000000 1.070726 0.000000
vt -0.021240 1.077148 0.000000
vt -0.021240 1.160284 0.000000
vt -0.037607 1.160284 0.000000
vt -0.037607 1.249275 0.000000
vt -0.053974 1.249275 0.000000
vt -0.000000 1.168065 0.000000
vt -0.021240 1.249275 0.000000
vt -0.070341 1.249275 0.000000
vt -0.070341 1.160284 0.000000
vt -0.070341 1.077148 0.000000
vt -0.070341 0.994011 0.000000
vt -0.070341 0.916729 0.000000
vt -0.070341 0.857568 0.000000
vt -0.070341 0.798406 0.000000
vt -0.070341 0.741891 0.000000
vt -0.070341 0.685376 0.000000
vt -0.070341 0.604314 0.000000
vt -0.070341 0.523252 0.000000
vt -0.070341 0.361129 0.000000
vt -0.070341 0.237069 0.000000
vt -0.053974 1.160284 0.000000
vt -0.037607 1.077148 0.000000
vt -0.053974 1.077148 0.000000
vt -0.053974 0.994011 0.000000
vt -0.053974 0.916729 0.000000
vt -0.053974 0.857568 0.000000
vt -0.053974 0.798406 0.000000
vt -0.053974 0.741891 0.000000
vt -0.053974 0.685376 0.000000
vt -0.053974 0.604314 0.000000
vt -0.053974 0.523252 0.000000
vt -0.053974 0.361129 0.000000
vt -0.053974 0.237069 0.000000
vt -0.037607 0.994011 0.000000
vt -0.037607 0.916729 0.000000
vt -0.037607 0.857568 0.000000
vt -0.037607 0.798406 0.000000
vt -0.037607 0.741891 0.000000
vt -0.037607 0.685376 0.000000
vt -0.037607 0.604314 0.000000
vt -0.037607 0.523252 0.000000
vt -0.037607 0.361129 0.000000
vt -0.037607 0.237069 0.000000
vt -7.500000 0.069829 0.000000
vt -6.777778 0.069829 0.000000
vt -7.500000 0.104744 0.000000
vt -6.055556 0.069829 0.000000
vt -5.333333 0.069829 0.000000
vt -5.333333 0.034915 0.000000
vt -4.611111 0.034915 0.000000
vt -4.611111 -0.000000 0.000000
vt -3.888889 -0.000000 0.000000
vt -3.888889 -0.034915 0.000000
vt -3.166667 -0.034915 0.000000
vt -3.166667 -0.069829 0.000000
vt -2.444444 -0.069829 0.000000
vt -1.000000 -0.104744 0.000000
vt -1.722222 -0.069829 0.000000
vt -1.000000 -0.069829 0.000000
vt -1.722222 -0.034915 0.000000
vt -1.000000 -0.034915 0.000000
vt -1.722222 -0.000000 0.000000
vt -1.000000 -0.000000 0.000000
vt -1.722222 0.034915 0.000000
vt -1.000000 0.034915 0.000000
vt -1.722222 0.069829 0.000000
vt -1.000000 0.069829 0.000000
vt -1.000000 0.104744 0.000000
vt -6.777778 0.034915 0.000000
vt -7.500000 0.034915 0.000000
vt -6.777778 -0.000000 0.000000
vt -7.500000 -0.000000 0.000000
vt -6.777778 -0.034915 0.000000
vt -7.500000 -0.034915 0.000000
vt -6.777778 -0.069829 0.000000
vt -7.500000 -0.069829 0.000000
vt -7.500000 -0.104744 0.000000
vt -4.611111 -0.069829 0.000000
vt -5.333333 -0.069829 0.000000
vt -6.055556 -0.069829 0.000000
vt -6.055556 -0.034915 0.000000
vt -3.888889 0.069829 0.000000
vt -3.166667 0.069829 0.000000
vt -2.444444 0.069829 0.000000
vt -2.444444 0.034915 0.000000
vt -6.055556 0.034915 0.000000
vt -6.055556 -0.000000 0.000000
vt -4.611111 0.069829 0.000000
vt -3.888889 0.034915 0.000000
vt -3.166667 0.034915 0.000000
vt -3.166667 -0.000000 0.000000
vt -5.333333 -0.000000 0.000000
vt -4.611111 -0.034915 0.000000
vt -3.888889 -0.069829 0.000000
vt -2.444444 -0.000000 0.000000
vt -5.333333 -0.034915 0.000000
vt -2.444444 -0.034915 0.000000
vt -9.000000 0.069829 0.000000
vt -8.277778 0.069829 0.000000
vt -9.000000 0.104744 0.000000
vt -7.555556 0.069829 0.000000
vt -6.833333 0.069829 0.000000
vt -6.833333 0.034915 0.000000
vt -6.111111 0.034915 0.000000
vt -6.111111 -0.000000 0.000000
vt -5.388889 -0.000000 0.000000
vt -5.388889 -0.034915 0.000000
vt -4.666667 -0.034915 0.000000
vt -4.666667 -0.069829 0.000000
vt -3.944444 -0.069829 0.000000
vt -2.500000 -0.104744 0.000000
vt -3.222222 -0.069829 0.000000
vt -2.500000 -0.069829 0.000000
vt -3.222222 -0.034915 0.000000
vt -2.500000 -0.034915 0.000000
vt -3.222222 -0.000000 0.000000
vt -2.500000 -0.000000 0.000000
vt -3.222222 0.034915 0.000000
vt -2.500000 0.034915 0.000000
vt -3.222222 0.069829 0.000000
vt -2.500000 0.069829 0.000000
vt -2.500000 0.104744 0.000000
vt -8.277778 0.034915 0.000000
vt -9.000000 0.034915 0.000000
vt -8.277778 -0.000000 0.000000
vt -9.000000 -0.000000 0.000000
vt -8.277778 -0.034915 0.000000
vt -9.000000 -0.034915 0.000000
vt -8.277778 -0.069829 0.000000
vt -9.000000 -0.069829 0.000000
vt -9.000000 -0.104744 0.000000
vt -6.111111 -0.069829 0.000000
vt -6.833333 -0.069829 0.000000
vt -7.555556 -0.069829 0.000000
vt -7.555556 -0.034915 0.000000
vt -5.388889 0.069829 0.000000
vt -4.666667 0.069829 0.000000
vt -3.944444 0.069829 0.000000
vt -3.944444 0.034915 0.000000
vt -7.555556 0.034915 0.000000
vt -7.555556 -0.000000 0.000000
vt -6.111111 0.069829 0.000000
vt -5.388889 0.034915 0.000000
vt -4.666667 0.034915 0.000000
vt -4.666667 -0.000000 0.000000
vt -6.833333 -0.000000 0.000000
vt -6.111111 -0.034915 0.000000
vt -5.388889 -0.069829 0.000000
vt -3.944444 -0.000000 0.000000
vt -6.833333 -0.034915 0.000000
vt -3.944444 -0.034915 0.000000
vt -0.000000 1.362742 0.000000
vt -0.000000 1.557420 0.000000
vt -0.021198 1.431283 0.000000
vt -0.021675 1.557420 0.000000
vt -0.037575 1.431283 0.000000
vt -0.043354 1.557420 0.000000
vt -0.053953 1.431283 0.000000
vt -0.065031 1.557420 0.000000
vt -0.070330 1.431283 0.000000
vt -0.086708 1.557420 0.000000
vt -0.086708 1.431283 0.000000
vt -0.097307 1.431283 0.000000
vt -0.086708 1.297799 0.000000
vt -0.097307 1.297799 0.000000
vt -0.086708 1.196353 0.000000
vt -0.097307 1.196353 0.000000
vt -0.086708 1.094907 0.000000
vt -0.097307 1.094907 0.000000
vt -0.086708 0.985503 0.000000
vt -0.097307 0.985503 0.000000
vt -0.086708 0.876049 0.000000
vt -0.097307 0.876049 0.000000
vt -0.086708 0.821398 0.000000
vt -0.097307 0.821398 0.000000
vt -0.086708 0.766696 0.000000
vt -0.097307 0.766696 0.000000
vt -0.086708 0.711994 0.000000
vt -0.097307 0.711994 0.000000
vt -0.086708 0.657292 0.000000
vt -0.097307 0.657292 0.000000
vt -0.086708 0.548706 0.000000
vt -0.097307 0.548706 0.000000
vt -0.086708 0.440120 0.000000
vt -0.097307 0.440120 0.000000
vt -0.086708 0.330090 0.000000
vt -0.097307 0.330090 0.000000
vt -0.086708 0.220060 0.000000
vt -0.097307 0.220060 0.000000
vt -0.086708 0.110030 0.000000
vt -0.097307 0.110030 0.000000
vt -0.086708 0.000000 0.000000
vt -0.108386 0.000000 0.000000
vt -0.113684 0.110030 0.000000
vt -0.130061 0.097339 0.000000
vt -0.130061 0.194677 0.000000
vt -0.113684 0.220060 0.000000
vt -0.130061 0.292016 0.000000
vt -0.113684 0.330090 0.000000
vt -0.130061 0.389355 0.000000
vt -0.113684 0.440120 0.000000
vt -0.130061 0.486694 0.000000
vt -0.113684 0.548706 0.000000
vt -0.130061 0.535363 0.000000
vt -0.130061 0.584032 0.000000
vt -0.113684 0.657292 0.000000
vt -0.130061 0.632702 0.000000
vt -0.130061 0.681371 0.000000
vt -0.113684 0.711994 0.000000
vt -0.130061 0.730040 0.000000
vt -0.113684 0.766696 0.000000
vt -0.130061 0.778710 0.000000
vt -0.113684 0.821398 0.000000
vt -0.130061 0.827379 0.000000
vt -0.130061 0.876049 0.000000
vt -0.113684 0.876049 0.000000
vt -0.130061 0.924718 0.000000
vt -0.113684 0.985503 0.000000
vt -0.130061 0.973387 0.000000
vt -0.130061 1.022057 0.000000
vt -0.113684 1.094907 0.000000
vt -0.130061 1.070726 0.000000
vt -0.130061 1.168065 0.000000
vt -0.113684 1.196353 0.000000
vt -0.130061 1.265403 0.000000
vt -0.113684 1.297799 0.000000
vt -0.130061 1.362742 0.000000
vt -0.113684 1.431283 0.000000
vt -0.130061 1.460081 0.000000
vt -0.108386 1.557420 0.000000
vt -0.130061 1.557420 0.000000
vt -0.130061 0.000000 0.000000
vt -0.070330 0.110030 0.000000
vt -0.065031 0.000000 0.000000
vt -0.053953 0.110030 0.000000
vt -0.043354 0.000000 0.000000
vt -0.037575 0.110030 0.000000
vt -0.021675 0.000000 0.000000
vt -0.021198 0.110030 0.000000
vt -0.000000 0.000000 0.000000
vt -0.000000 0.194677 0.000000
vt -0.021198 0.220060 0.000000
vt -0.000000 0.389355 0.000000
vt -0.021198 0.330090 0.000000
vt -0.021198 0.440120 0.000000
vt -0.037575 0.440120 0.000000
vt -0.037575 0.548706 0.000000
vt -0.053953 0.548706 0.000000
vt -0.053953 0.657292 0.000000
vt -0.070330 0.657292 0.000000
vt -0.070330 0.711994 0.000000
vt -0.000000 0.486694 0.000000
vt -0.021198 0.548706 0.000000
vt -0.037575 0.657292 0.000000
vt -0.053953 0.711994 0.000000
vt -0.070330 0.766696 0.000000
vt -0.000000 0.584032 0.000000
vt -0.021198 0.657292 0.000000
vt -0.037575 0.711994 0.000000
vt -0.053953 0.766696 0.000000
vt -0.070330 0.821398 0.000000
vt -0.000000 0.632702 0.000000
vt -0.000000 0.681371 0.000000
vt -0.021198 0.711994 0.000000
vt -0.000000 0.730040 0.000000
vt -0.021198 0.766696 0.000000
vt -0.000000 0.754375 0.000000
vt -0.000000 0.778710 0.000000
vt -0.000000 0.803045 0.000000
vt -0.021198 0.821398 0.000000
vt -0.037575 0.821398 0.000000
vt -0.037575 0.876049 0.000000
vt -0.053953 0.876049 0.000000
vt -0.053953 0.985503 0.000000
vt -0.070330 0.985503 0.000000
vt -0.070330 1.094907 0.000000
vt -0.000000 0.827379 0.000000
vt -0.021198 0.876049 0.000000
vt -0.037575 0.985503 0.000000
vt -0.053953 1.094907 0.000000
vt -0.070330 1.196353 0.000000
vt -0.000000 0.876049 0.000000
vt -0.000000 0.924718 0.000000
vt -0.021198 0.985503 0.000000
vt -0.000000 0.973387 0.000000
vt -0.000000 1.070726 0.000000
vt -0.021198 1.094907 0.000000
vt -0.000000 1.168065 0.000000
vt -0.021198 1.196353 0.000000
vt -0.021198 1.297799 0.000000
vt -0.037575 1.297799 0.000000
vt -0.070330 1.297799 0.000000
vt -0.053953 1.297799 0.000000
vt -0.053953 1.196353 0.000000
vt -0.037575 1.196353 0.000000
vt -0.037575 1.094907 0.000000
vt -0.070330 0.876049 0.000000
vt -0.053953 0.821398 0.000000
vt -0.037575 0.766696 0.000000
vt -0.070330 0.548706 0.000000
vt -0.070330 0.440120 0.000000
vt -0.070330 0.330090 0.000000
vt -0.070330 0.220060 0.000000
vt -0.053953 0.440120 0.000000
vt -0.037575 0.330090 0.000000
vt -0.053953 0.330090 0.000000
vt -0.053953 0.220060 0.000000
vt -0.037575 0.220060 0.000000
vt 2.500000 0.069829 0.000000
vt 3.222222 0.069829 0.000000
vt 2.500000 0.104744 0.000000
vt 3.944444 0.069829 0.000000
vt 4.666667 0.069829 0.000000
vt 4.666667 0.034915 0.000000
vt 5.388889 0.034915 0.000000
vt 5.388889 0.000000 0.000000
vt 6.111111 0.000000 0.000000
vt 6.111111 -0.034915 0.000000
vt 6.833333 -0.034915 0.000000
vt 6.833333 -0.069829 0.000000
vt 7.555556 -0.069829 0.000000
vt 9.000000 -0.104744 0.000000
vt 8.277778 -0.069829 0.000000
vt 9.000000 -0.069829 0.000000
vt 8.277778 -0.034915 0.000000
vt 9.000000 -0.034915 0.000000
vt 8.277778 0.000000 0.000000
vt 9.000000 0.000000 0.000000
vt 8.277778 0.034915 0.000000
vt 9.000000 0.034915 0.000000
vt 8.277778 0.069829 0.000000
vt 9.000000 0.069829 0.000000
vt 9.000000 0.104744 0.000000
vt 3.222222 0.034915 0.000000
vt 2.500000 0.034915 0.000000
vt 3.222222 -0.000000 0.000000
vt 2.500000 -0.000000 0.000000
vt 3.222222 -0.034915 0.000000
vt 2.500000 -0.034915 0.000000
vt 3.222222 -0.069829 0.000000
vt 2.500000 -0.069829 0.000000
vt 2.500000 -0.104744 0.000000
vt 5.388889 -0.069829 0.000000
vt 4.666667 -0.069829 0.000000
vt 3.944444 -0.069829 0.000000
vt 3.944444 -0.034915 0.000000
vt 6.111111 0.069829 0.000000
vt 6.833333 0.069829 0.000000
vt 7.555556 0.069829 0.000000
vt 7.555556 0.034915 0.000000
vt 3.944444 0.034915 0.000000
vt 3.944444 -0.000000 0.000000
vt 5.388889 0.069829 0.000000
vt 6.111111 0.034915 0.000000
vt 6.833333 0.034915 0.000000
vt 6.833333 0.000000 0.000000
vt 4.666667 -0.000000 0.000000
vt 5.388889 -0.034915 0.000000
vt 6.111111 -0.069829 0.000000
vt 7.555556 0.000000 0.000000
vt 4.666667 -0.034915 0.000000
vt 7.555556 -0.034915 0.000000
vt 1.000000 0.322344 0.000000
vt 4.640773 0.250712 0.000000
vt 7.500000 0.322344 0.000000
vt 6.070387 0.250712 0.000000
vt 7.500000 0.250712 0.000000
vt 7.500000 0.179080 0.000000
vt 6.070387 0.179080 0.000000
vt 6.070387 0.107488 0.000000
vt 4.640773 0.107528 0.000000
vt 4.640773 0.035816 0.000000
vt 3.211160 0.035816 0.000000
vt 4.640773 -0.035816 0.000000
vt 3.211160 -0.035816 0.000000
vt 4.640773 -0.107537 0.000000
vt 3.211160 -0.107581 0.000000
vt 4.640773 -0.179080 0.000000
vt 3.211160 -0.179080 0.000000
vt 4.640773 -0.250712 0.000000
vt 3.211160 -0.250712 0.000000
vt 7.500000 -0.322344 0.000000
vt 0.779572 -0.302515 0.000000
vt 1.000000 -0.322344 0.000000
vt 0.779580 0.302521 0.000000
vt 1.781546 0.250712 0.000000
vt 3.211160 0.250712 0.000000
vt 4.640773 0.179080 0.000000
vt 0.576323 0.242597 0.000000
vt 1.781546 0.179080 0.000000
vt 3.211160 0.179080 0.000000
vt 1.781546 0.107609 0.000000
vt 3.211160 0.107569 0.000000
vt 1.781546 0.035816 0.000000
vt 0.488525 0.196729 0.000000
vt 0.416945 0.140064 0.000000
vt 0.389550 0.107648 0.000000
vt 0.369090 0.073036 0.000000
vt 0.356305 0.036951 0.000000
vt 0.353021 0.018551 0.000000
vt 0.351933 0.000000 0.000000
vt 1.781546 -0.035816 0.000000
vt 0.353078 -0.018515 0.000000
vt 0.356384 -0.036906 0.000000
vt 0.369149 -0.073023 0.000000
vt 1.781546 -0.107626 0.000000
vt 0.389563 -0.107669 0.000000
vt 0.416951 -0.140069 0.000000
vt 1.781546 -0.179080 0.000000
vt 0.488440 -0.196621 0.000000
vt 1.781546 -0.250712 0.000000
vt 0.576311 -0.242571 0.000000
vt 6.070387 -0.250712 0.000000
vt 7.500000 -0.250712 0.000000
vt 6.070387 -0.179080 0.000000
vt 7.500000 -0.179080 0.000000
vt 6.070387 -0.107492 0.000000
vt 7.500000 -0.107448 0.000000
vt 6.070387 -0.035816 0.000000
vt 7.500000 -0.035816 0.000000
vt 6.070387 0.035816 0.000000
vt 7.500000 0.035816 0.000000
vt 7.500000 0.107448 0.000000
vt 1.000000 -0.322344 0.000000
vt 7.500000 -0.322344 0.000000
vt 0.779548 -0.302514 0.000000
vt 3.211156 -0.250712 0.000000
vt 1.781541 -0.250712 0.000000
vt 1.781541 -0.179080 0.000000
vt 0.488594 -0.196811 0.000000
vt 0.416923 -0.139959 0.000000
vt 1.781541 -0.107678 0.000000
vt 0.389474 -0.107734 0.000000
vt 0.368984 -0.073168 0.000000
vt 1.781541 -0.035816 0.000000
vt 0.356281 -0.036994 0.000000
vt 0.353025 -0.018553 0.000000
vt 0.351926 0.000006 0.000000
vt 1.781541 0.035816 0.000000
vt 0.356234 0.037041 0.000000
vt 0.368986 0.073069 0.000000
vt 1.781541 0.107355 0.000000
vt 0.389566 0.107332 0.000000
vt 0.417010 0.139639 0.000000
vt 1.781541 0.179080 0.000000
vt 0.488617 0.196850 0.000000
vt 0.576131 0.242493 0.000000
vt 1.781541 0.250712 0.000000
vt 0.779593 0.302524 0.000000
vt 1.000000 0.322344 0.000000
vt 3.211156 0.250712 0.000000
vt 4.640770 0.250712 0.000000
vt 4.640770 0.179080 0.000000
vt 6.070385 0.179080 0.000000
vt 6.070385 0.107425 0.000000
vt 7.500000 0.107448 0.000000
vt 7.500000 0.035816 0.000000
vt 6.070385 0.035816 0.000000
vt 7.500000 -0.035816 0.000000
vt 6.070385 -0.035816 0.000000
vt 7.500000 -0.107448 0.000000
vt 6.070385 -0.107505 0.000000
vt 7.500000 -0.179080 0.000000
vt 6.070385 -0.179080 0.000000
vt 7.500000 -0.250712 0.000000
vt 6.070385 -0.250712 0.000000
vt 4.640770 -0.250712 0.000000
vt 3.211156 -0.179080 0.000000
vt 7.500000 0.179080 0.000000
vt 6.070385 0.250712 0.000000
vt 7.500000 0.322344 0.000000
vt 7.500000 0.250712 0.000000
vt 0.576299 -0.242581 0.000000
vt 4.640770 -0.179080 0.000000
vt 4.640770 -0.107563 0.000000
vt 4.640770 -0.035816 0.000000
vt 4.640770 0.035816 0.000000
vt 4.640770 0.107401 0.000000
vt 3.211156 -0.107620 0.000000
vt 3.211156 -0.035816 0.000000
vt 3.211156 0.035816 0.000000
vt 3.211156 0.107378 0.000000
vt 3.211156 0.179080 0.000000
vt 1.000000 -0.322344 0.000000
vt 7.500000 -0.322344 0.000000
vt 0.779548 -0.302514 0.000000
vt 3.211156 -0.250712 0.000000
vt 1.781541 -0.250712 0.000000
vt 1.781541 -0.179080 0.000000
vt 0.488594 -0.196811 0.000000
vt 0.416923 -0.139959 0.000000
vt 1.781541 -0.107678 0.000000
vt 0.389474 -0.107734 0.000000
vt 0.368984 -0.073168 0.000000
vt 1.781541 -0.035816 0.000000
vt 0.356281 -0.036994 0.000000
vt 0.353025 -0.018553 0.000000
vt 0.351926 0.000006 0.000000
vt 1.781541 0.035816 0.000000
vt 0.356234 0.037041 0.000000
vt 0.368986 0.073069 0.000000
vt 1.781541 0.107355 0.000000
vt 0.389566 0.107332 0.000000
vt 0.417010 0.139639 0.000000
vt 1.781541 0.179080 0.000000
vt 0.488617 0.196850 0.000000
vt 0.576131 0.242493 0.000000
vt 1.781541 0.250712 0.000000
vt 0.779593 0.302524 0.000000
vt 1.000000 0.322344 0.000000
vt 3.211156 0.250712 0.000000
vt 4.640770 0.250712 0.000000
vt 4.640770 0.179080 0.000000
vt 6.070385 0.179080 0.000000
vt 6.070385 0.107425 0.000000
vt 7.500000 0.107448 0.000000
vt 7.500000 0.035816 0.000000
vt 6.070385 0.035816 0.000000
vt 7.500000 -0.035816 0.000000
vt 6.070385 -0.035816 0.000000
vt 7.500000 -0.107448 0.000000
vt 6.070385 -0.107505 0.000000
vt 7.500000 -0.179080 0.000000
vt 6.070385 -0.179080 0.000000
vt 7.500000 -0.250712 0.000000
vt 6.070385 -0.250712 0.000000
vt 4.640770 -0.250712 0.000000
vt 3.211156 -0.179080 0.000000
vt 7.500000 0.179080 0.000000
vt 6.070385 0.250712 0.000000
vt 7.500000 0.322344 0.000000
vt 7.500000 0.250712 0.000000
vt 0.576299 -0.242581 0.000000
vt 4.640770 -0.179080 0.000000
vt 4.640770 -0.107563 0.000000
vt 4.640770 -0.035816 0.000000
vt 4.640770 0.035816 0.000000
vt 4.640770 0.107401 0.000000
vt 3.211156 -0.107620 0.000000
vt 3.211156 -0.035816 0.000000
vt 3.211156 0.035816 0.000000
vt 3.211156 0.107378 0.000000
vt 3.211156 0.179080 0.000000
vt 0.200000 0.346410 0.000000
vt -0.200000 0.346410 0.000000
vt 0.282843 0.282843 0.000000
vt -0.282843 0.282843 0.000000
vt 0.346410 0.200000 0.000000
vt -0.346410 0.200000 0.000000
vt 0.386370 0.103528 0.000000
vt -0.386370 0.103528 0.000000
vt 0.400000 0.000000 0.000000
vt -0.400000 -0.000000 0.000000
vt 0.386370 -0.103528 0.000000
vt -0.386370 -0.103528 0.000000
vt 0.346410 -0.200000 0.000000
vt -0.346410 -0.200000 0.000000
vt 0.282843 -0.282843 0.000000
vt -0.282843 -0.282843 0.000000
vt 0.200000 -0.346410 0.000000
vt -0.200000 -0.346410 0.000000
vt 0.103528 -0.386370 0.000000
vt -0.103528 -0.386370 0.000000
vt 0.000000 -0.400000 0.000000
vt -0.103528 0.386370 0.000000
vt 0.103528 0.386370 0.000000
vt -0.000000 0.400000 0.000000
vt 0.314159 -1.755916 0.000000
vt 0.261799 -1.945015 0.000000
vt 0.314159 -2.107100 0.000000
vt 0.261799 -2.269184 0.000000
vt 0.314159 -2.458283 0.000000
vt 0.261799 -2.593354 0.000000
vt 0.314159 -2.809466 0.000000
vt 0.261799 -2.917523 0.000000
vt 0.314159 -3.160650 0.000000
vt 0.261799 -3.241692 0.000000
vt 0.314159 -3.511833 0.000000
vt 0.261799 -3.565861 0.000000
vt 0.314159 -3.863016 0.000000
vt 0.261799 -3.890030 0.000000
vt 0.314159 -4.214199 0.000000
vt 0.261799 -4.214199 0.000000
vt 0.314159 4.214199 0.000000
vt 0.261799 4.214199 0.000000
vt 0.261799 3.890030 0.000000
vt 0.209440 4.214199 0.000000
vt 0.209440 3.890030 0.000000
vt 0.157080 4.214199 0.000000
vt 0.157080 3.890030 0.000000
vt 0.104720 4.214199 0.000000
vt 0.104720 3.890030 0.000000
vt 0.052360 4.214199 0.000000
vt 0.052360 3.890030 0.000000
vt -0.000000 4.052115 0.000000
vt -0.000000 3.727946 0.000000
vt 0.261799 -1.620846 0.000000
vt 0.314159 -1.404733 0.000000
vt 0.261799 -1.296677 0.000000
vt 0.314159 -1.053550 0.000000
vt 0.261799 -0.972508 0.000000
vt 0.314159 -0.702367 0.000000
vt 0.261799 -0.648338 0.000000
vt 0.314159 -0.351183 0.000000
vt 0.261799 -0.324169 0.000000
vt 0.314159 0.000000 0.000000
vt 0.261799 0.000000 0.000000
vt 0.261799 0.324169 0.000000
vt 0.209440 0.324169 0.000000
vt 0.209440 0.648338 0.000000
vt 0.157080 0.648338 0.000000
vt 0.157080 0.972508 0.000000
vt 0.104720 0.972508 0.000000
vt 0.104720 1.296677 0.000000
vt 0.052360 1.296677 0.000000
vt 0.052360 1.620846 0.000000
vt -0.000000 1.458761 0.000000
vt -0.000000 1.782931 0.000000
vt 0.052360 1.945015 0.000000
vt -0.000000 2.107100 0.000000
vt 0.052360 2.269184 0.000000
vt -0.000000 2.431269 0.000000
vt 0.052360 2.593354 0.000000
vt -0.000000 2.755438 0.000000
vt 0.052360 2.917523 0.000000
vt -0.000000 3.079607 0.000000
vt 0.052360 3.241692 0.000000
vt -0.000000 3.403777 0.000000
vt 0.052360 3.565861 0.000000
vt 0.314159 0.351183 0.000000
vt 0.261799 0.648338 0.000000
vt 0.209440 0.972508 0.000000
vt 0.157080 1.296677 0.000000
vt 0.104720 1.620846 0.000000
vt 0.314159 0.702367 0.000000
vt 0.261799 0.972508 0.000000
vt 0.209440 1.296677 0.000000
vt 0.157080 1.620846 0.000000
vt 0.104720 1.945015 0.000000
vt 0.314159 1.053550 0.000000
vt 0.261799 1.296677 0.000000
vt 0.209440 1.620846 0.000000
vt 0.157080 1.945015 0.000000
vt 0.104720 2.269184 0.000000
vt 0.314159 1.404733 0.000000
vt 0.261799 1.620846 0.000000
vt 0.209440 1.945015 0.000000
vt 0.157080 2.269184 0.000000
vt 0.104720 2.593354 0.000000
vt 0.314159 1.755916 0.000000
vt 0.261799 1.945015 0.000000
vt 0.209440 2.269184 0.000000
vt 0.157080 2.593354 0.000000
vt 0.104720 2.917523 0.000000
vt 0.314159 2.107100 0.000000
vt 0.261799 2.269184 0.000000
vt 0.209440 2.593354 0.000000
vt 0.157080 2.917523 0.000000
vt 0.104720 3.241692 0.000000
vt 0.314159 2.458283 0.000000
vt 0.261799 2.593354 0.000000
vt 0.209440 2.917523 0.000000
vt 0.157080 3.241692 0.000000
vt 0.104720 3.565861 0.000000
vt 0.314159 2.809466 0.000000
vt 0.261799 2.917523 0.000000
vt 0.209440 3.241692 0.000000
vt 0.157080 3.565861 0.000000
vt 0.314159 3.160650 0.000000
vt 0.261799 3.241692 0.000000
vt 0.209440 3.565861 0.000000
vt 0.314159 3.511833 0.000000
vt 0.261799 3.565861 0.000000
vt 0.314159 3.863016 0.000000
vt -0.000000 -2.431269 0.000000
vt 0.052360 -2.269184 0.000000
vt -0.000000 -2.107100 0.000000
vt 0.052360 -1.945015 0.000000
vt -0.000000 -1.782931 0.000000
vt 0.052360 -1.620846 0.000000
vt -0.000000 -1.458761 0.000000
vt 0.052360 -1.296677 0.000000
vt -0.000000 -1.134592 0.000000
vt 0.052360 -0.972508 0.000000
vt -0.000000 -0.810423 0.000000
vt 0.052360 -0.648338 0.000000
vt -0.000000 -0.486254 0.000000
vt 0.052360 -0.324169 0.000000
vt -0.000000 -0.162085 0.000000
vt 0.052360 -0.000000 0.000000
vt -0.000000 0.162085 0.000000
vt 0.052360 0.324169 0.000000
vt -0.000000 0.486254 0.000000
vt 0.052360 0.648338 0.000000
vt -0.000000 0.810423 0.000000
vt 0.052360 0.972508 0.000000
vt -0.000000 1.134592 0.000000
vt 0.052360 -2.593354 0.000000
vt -0.000000 -2.755438 0.000000
vt 0.052360 -2.917523 0.000000
vt -0.000000 -3.079607 0.000000
vt 0.052360 -3.241692 0.000000
vt -0.000000 -3.403777 0.000000
vt 0.052360 -3.565861 0.000000
vt -0.000000 -3.727946 0.000000
vt 0.052360 -3.890030 0.000000
vt -0.000000 -4.052115 0.000000
vt 0.052360 -4.214199 0.000000
vt 0.000000 4.376284 0.000000
vt 0.209440 -4.214199 0.000000
vt 0.209440 -3.890030 0.000000
vt 0.209440 -3.565861 0.000000
vt 0.209440 -3.241692 0.000000
vt 0.209440 -2.917523 0.000000
vt 0.209440 -2.593354 0.000000
vt 0.209440 -2.269184 0.000000
vt 0.209440 -1.945015 0.000000
vt 0.209440 -1.620846 0.000000
vt 0.209440 -1.296677 0.000000
vt 0.209440 -0.972508 0.000000
vt 0.209440 -0.648338 0.000000
vt 0.209440 -0.324169 0.000000
vt 0.209440 0.000000 0.000000
vt 0.157080 -4.214199 0.000000
vt 0.157080 -3.890030 0.000000
vt 0.157080 -3.565861 0.000000
vt 0.157080 -3.241692 0.000000
vt 0.157080 -2.917523 0.000000
vt 0.157080 -2.593354 0.000000
vt 0.157080 -2.269184 0.000000
vt 0.157080 -1.945015 0.000000
vt 0.157080 -1.620846 0.000000
vt 0.157080 -1.296677 0.000000
vt 0.157080 -0.972508 0.000000
vt 0.157080 -0.648338 0.000000
vt 0.157080 -0.324169 0.000000
vt 0.157080 0.000000 0.000000
vt 0.157080 0.324169 0.000000
vt 0.104720 -4.214199 0.000000
vt 0.104720 -3.890030 0.000000
vt 0.104720 -3.565861 0.000000
vt 0.104720 -3.241692 0.000000
vt 0.104720 -2.917523 0.000000
vt 0.104720 -2.593354 0.000000
vt 0.104720 -2.269184 0.000000
vt 0.104720 -1.945015 0.000000
vt 0.104720 -1.620846 0.000000
vt 0.104720 -1.296677 0.000000
vt 0.104720 -0.972508 0.000000
vt 0.104720 -0.648338 0.000000
vt 0.104720 -0.324169 0.000000
vt 0.104720 0.000000 0.000000
vt 0.104720 0.324169 0.000000
vt 0.104720 0.648338 0.000000
vt -0.218279 -2.537440 0.000000
vt -0.200000 -2.368278 0.000000
vt -0.218279 -2.199115 0.000000
vt -0.200000 -2.029952 0.000000
vt -0.218279 -1.860789 0.000000
vt -0.200000 -1.691627 0.000000
vt -0.218279 -1.522464 0.000000
vt -0.200000 -1.353301 0.000000
vt -0.218279 -1.184139 0.000000
vt -0.200000 -1.014976 0.000000
vt -0.218279 -0.845813 0.000000
vt -0.200000 -0.676651 0.000000
vt -0.218279 -0.507488 0.000000
vt -0.200000 -0.338325 0.000000
vt -0.218279 -0.169163 0.000000
vt -0.200000 0.000000 0.000000
vt -0.218279 0.169163 0.000000
vt -0.200000 0.338325 0.000000
vt -0.218279 0.507488 0.000000
vt -0.200000 0.676651 0.000000
vt -0.218279 0.845813 0.000000
vt -0.200000 1.014976 0.000000
vt -0.218279 1.184139 0.000000
vt -0.200000 1.353301 0.000000
vt -0.218279 1.522464 0.000000
vt -0.200000 1.691627 0.000000
vt -0.218279 1.860789 0.000000
vt -0.200000 2.029952 0.000000
vt -0.218279 2.199115 0.000000
vt -0.200000 2.368278 0.000000
vt -0.218279 2.537440 0.000000
vt -0.200000 2.706603 0.000000
vt -0.218279 2.875766 0.000000
vt -0.200000 3.044928 0.000000
vt -0.218279 3.214091 0.000000
vt -0.200000 3.383254 0.000000
vt -0.218279 3.552416 0.000000
vt -0.200000 3.721579 0.000000
vt -0.218279 3.890742 0.000000
vt -0.200000 4.059904 0.000000
vt -0.218279 4.229067 0.000000
vt -0.200000 4.398230 0.000000
vt -0.218279 4.567392 0.000000
vt -0.218279 -4.229067 0.000000
vt -0.200000 -4.398230 0.000000
vt -0.200000 -4.059904 0.000000
vt -0.218279 -3.890742 0.000000
vt -0.200000 -3.721579 0.000000
vt -0.218279 -3.552416 0.000000
vt -0.200000 -3.383254 0.000000
vt -0.218279 -3.214091 0.000000
vt -0.200000 -3.044928 0.000000
vt -0.218279 -2.875766 0.000000
vt -0.200000 -2.706603 0.000000
vt 0.338074 -0.090587 0.000000
vt 1.159111 -0.310583 0.000000
vt 0.350000 0.000000 0.000000
vt 1.200000 -0.000000 0.000000
vt 0.338074 0.090587 0.000000
vt 1.159111 0.310583 0.000000
vt 0.303109 0.175000 0.000000
vt 1.039230 0.600000 0.000000
vt 0.247487 0.247487 0.000000
vt 0.848528 0.848528 0.000000
vt 0.175000 0.303109 0.000000
vt 0.600000 1.039230 0.000000
vt 0.090587 0.338074 0.000000
vt 0.310583 1.159111 0.000000
vt -0.000000 0.350000 0.000000
vt -0.000000 1.200000 0.000000
vt -0.310583 1.159111 0.000000
vt 0.303109 -0.175000 0.000000
vt 1.039230 -0.600000 0.000000
vt 0.247487 -0.247487 0.000000
vt 0.848528 -0.848528 0.000000
vt 0.175000 -0.303109 0.000000
vt 0.600000 -1.039230 0.000000
vt 0.090587 -0.338074 0.000000
vt 0.310583 -1.159111 0.000000
vt -0.000000 -0.350000 0.000000
vt -0.000000 -1.200000 0.000000
vt -0.310583 -1.159111 0.000000
vt -0.090587 -0.338074 0.000000
vt -0.600000 -1.039230 0.000000
vt -0.175000 -0.303109 0.000000
vt -0.848528 -0.848528 0.000000
vt -0.247487 -0.247487 0.000000
vt -1.039230 -0.600000 0.000000
vt -0.303109 -0.175000 0.000000
vt -1.159111 -0.310583 0.000000
vt -0.338074 -0.090587 0.000000
vt -1.200000 0.000000 0.000000
vt -0.350000 0.000000 0.000000
vt -0.338074 0.090587 0.000000
vt -1.159111 0.310583 0.000000
vt -0.303109 0.175000 0.000000
vt -1.039230 0.600000 0.000000
vt -0.247487 0.247487 0.000000
vt -0.848528 0.848528 0.000000
vt -0.175000 0.303109 0.000000
vt -0.600000 1.039230 0.000000
vt -0.090587 0.338074 0.000000
vt 0.149517 -4.006456 0.000000
vt 0.099678 -4.019856 0.000000
vt 0.149517 -4.354844 0.000000
vt 0.099678 -4.354844 0.000000
vt 0.149517 4.354844 0.000000
vt 0.099678 4.354844 0.000000
vt 0.099678 4.019856 0.000000
vt 0.049839 4.354844 0.000000
vt 0.049839 4.019856 0.000000
vt 0.000000 4.354844 0.000000
vt 0.000000 4.019856 0.000000
vt 0.099678 -3.684868 0.000000
vt 0.149517 -3.658069 0.000000
vt 0.099678 -3.349880 0.000000
vt 0.149517 -3.309681 0.000000
vt 0.099678 -3.014892 0.000000
vt 0.149517 -2.961294 0.000000
vt 0.099678 -2.679904 0.000000
vt 0.149517 -2.612906 0.000000
vt 0.099678 -2.344916 0.000000
vt 0.149517 -2.264519 0.000000
vt 0.099678 -2.009928 0.000000
vt 0.149517 -1.916131 0.000000
vt 0.099678 -1.674940 0.000000
vt 0.149517 -1.567744 0.000000
vt 0.099678 -1.339952 0.000000
vt 0.149517 -1.219356 0.000000
vt 0.099678 -1.004964 0.000000
vt 0.149517 -0.870969 0.000000
vt 0.099678 -0.669976 0.000000
vt 0.149517 -0.522581 0.000000
vt 0.099678 -0.334988 0.000000
vt 0.149517 -0.174194 0.000000
vt 0.099678 -0.000000 0.000000
vt 0.149517 0.174194 0.000000
vt 0.099678 0.334988 0.000000
vt 0.149517 0.522581 0.000000
vt 0.099678 0.669976 0.000000
vt 0.149517 0.870969 0.000000
vt 0.099678 1.004964 0.000000
vt 0.149517 1.219356 0.000000
vt 0.099678 1.339952 0.000000
vt 0.149517 1.567744 0.000000
vt 0.099678 1.674940 0.000000
vt 0.149517 1.916131 0.000000
vt 0.099678 2.009928 0.000000
vt 0.149517 2.264519 0.000000
vt 0.099678 2.344916 0.000000
vt 0.149517 2.612906 0.000000
vt 0.099678 2.679904 0.000000
vt 0.149517 2.961294 0.000000
vt 0.099678 3.014892 0.000000
vt 0.149517 3.309681 0.000000
vt 0.099678 3.349880 0.000000
vt 0.149517 3.658069 0.000000
vt 0.099678 3.684868 0.000000
vt 0.149517 4.006456 0.000000
vt 0.049839 3.684868 0.000000
vt 0.000000 3.684868 0.000000
vt 0.049839 3.349880 0.000000
vt 0.000000 3.349880 0.000000
vt 0.049839 3.014892 0.000000
vt 0.000000 3.014892 0.000000
vt 0.049839 2.679904 0.000000
vt 0.000000 2.679904 0.000000
vt 0.049839 2.344916 0.000000
vt 0.000000 2.344916 0.000000
vt 0.049839 2.009928 0.000000
vt -0.000000 2.009928 0.000000
vt 0.049839 1.674940 0.000000
vt -0.000000 1.674940 0.000000
vt 0.049839 1.339952 0.000000
vt -0.000000 1.339952 0.000000
vt 0.049839 1.004964 0.000000
vt -0.000000 1.004964 0.000000
vt 0.049839 0.669976 0.000000
vt -0.000000 0.669976 0.000000
vt 0.049839 0.334988 0.000000
vt -0.000000 0.334988 0.000000
vt 0.049839 -0.000000 0.000000
vt -0.000000 -0.000000 0.000000
vt 0.049839 -0.334988 0.000000
vt -0.000000 -0.334988 0.000000
vt 0.049839 -0.669976 0.000000
vt -0.000000 -0.669976 0.000000
vt 0.049839 -1.004964 0.000000
vt -0.000000 -1.004964 0.000000
vt 0.049839 -1.339952 0.000000
vt -0.000000 -1.339952 0.000000
vt 0.049839 -1.674940 0.000000
vt -0.000000 -1.674940 0.000000
vt 0.049839 -2.009928 0.000000
vt -0.000000 -2.009928 0.000000
vt 0.049839 -2.344916 0.000000
vt -0.000000 -2.344916 0.000000
vt 0.049839 -2.679904 0.000000
vt -0.000000 -2.679904 0.000000
vt 0.049839 -3.014892 0.000000
vt -0.000000 -3.014892 0.000000
vt 0.049839 -3.349880 0.000000
vt -0.000000 -3.349880 0.000000
vt 0.049839 -3.684868 0.000000
vt -0.000000 -3.684868 0.000000
vt 0.049839 -4.019856 0.000000
vt -0.000000 -4.019856 0.000000
vt 0.049839 -4.354844 0.000000
vt 0.000000 -4.354844 0.000000
vt 0.149517 0.348388 0.000000
vt 0.099678 0.334988 0.000000
vt 0.149517 0.000000 0.000000
vt 0.099678 -0.000000 0.000000
vt 0.099678 -0.334988 0.000000
vt 0.049839 -0.000000 0.000000
vt 0.049839 -0.334988 0.000000
vt -0.000000 -0.000000 0.000000
vt -0.000000 -0.334988 0.000000
vt 0.099678 0.669976 0.000000
vt 0.149517 0.696775 0.000000
vt 0.099678 1.004964 0.000000
vt 0.149517 1.045163 0.000000
vt 0.099678 1.339952 0.000000
vt 0.149517 1.393550 0.000000
vt 0.099678 1.674940 0.000000
vt 0.149517 1.741938 0.000000
vt 0.099678 2.009928 0.000000
vt 0.149517 2.090325 0.000000
vt 0.099678 2.344916 0.000000
vt 0.149517 2.438713 0.000000
vt 0.099678 2.679904 0.000000
vt 0.149517 2.787100 0.000000
vt 0.099678 3.014892 0.000000
vt 0.149517 3.135488 0.000000
vt 0.099678 3.349880 0.000000
vt 0.149517 3.483875 0.000000
vt 0.099678 3.684868 0.000000
vt 0.149517 3.832263 0.000000
vt 0.099678 4.019856 0.000000
vt 0.149517 4.180650 0.000000
vt 0.099678 4.354844 0.000000
vt 0.099678 -4.354844 0.000000
vt 0.149517 -4.529038 0.000000
vt 0.149517 -4.180650 0.000000
vt 0.099678 -4.019856 0.000000
vt 0.149517 -3.832263 0.000000
vt 0.099678 -3.684868 0.000000
vt 0.149517 -3.483875 0.000000
vt 0.099678 -3.349880 0.000000
vt 0.149517 -3.135488 0.000000
vt 0.099678 -3.014892 0.000000
vt 0.149517 -2.787100 0.000000
vt 0.099678 -2.679904 0.000000
vt 0.149517 -2.438713 0.000000
vt 0.099678 -2.344916 0.000000
vt 0.149517 -2.090325 0.000000
vt 0.099678 -2.009928 0.000000
vt 0.149517 -1.741938 0.000000
vt 0.099678 -1.674940 0.000000
vt 0.149517 -1.393550 0.000000
vt 0.099678 -1.339952 0.000000
vt 0.149517 -1.045163 0.000000
vt 0.099678 -1.004964 0.000000
vt 0.149517 -0.696775 0.000000
vt 0.099678 -0.669976 0.000000
vt 0.149517 -0.348388 0.000000
vt 0.049839 -0.669976 0.000000
vt -0.000000 -0.669976 0.000000
vt 0.049839 -1.004964 0.000000
vt -0.000000 -1.004964 0.000000
vt 0.049839 -1.339952 0.000000
vt -0.000000 -1.339952 0.000000
vt 0.049839 -1.674940 0.000000
vt -0.000000 -1.674940 0.000000
vt 0.049839 -2.009928 0.000000
vt -0.000000 -2.009928 0.000000
vt 0.049839 -2.344916 0.000000
vt -0.000000 -2.344916 0.000000
vt 0.049839 -2.679904 0.000000
vt -0.000000 -2.679904 0.000000
vt 0.049839 -3.014892 0.000000
vt -0.000000 -3.014892 0.000000
vt 0.049839 -3.349880 0.000000
vt -0.000000 -3.349880 0.000000
vt 0.049839 -3.684868 0.000000
vt -0.000000 -3.684868 0.000000
vt 0.049839 -4.019856 0.000000
vt -0.000000 -4.019856 0.000000
vt 0.049839 -4.354844 0.000000
vt -0.000000 -4.354844 0.000000
vt 0.049839 4.354844 0.000000
vt -0.000000 4.354844 0.000000
vt 0.049839 4.019856 0.000000
vt -0.000000 4.019856 0.000000
vt 0.049839 3.684868 0.000000
vt -0.000000 3.684868 0.000000
vt 0.049839 3.349880 0.000000
vt -0.000000 3.349880 0.000000
vt 0.049839 3.014892 0.000000
vt -0.000000 3.014892 0.000000
vt 0.049839 2.679904 0.000000
vt -0.000000 2.679904 0.000000
vt 0.049839 2.344916 0.000000
vt -0.000000 2.344916 0.000000
vt 0.049839 2.009928 0.000000
vt -0.000000 2.009928 0.000000
vt 0.049839 1.674940 0.000000
vt -0.000000 1.674940 0.000000
vt 0.049839 1.339952 0.000000
vt -0.000000 1.339952 0.000000
vt 0.049839 1.004964 0.000000
vt -0.000000 1.004964 0.000000
vt 0.049839 0.669976 0.000000
vt -0.000000 0.669976 0.000000
vt 0.049839 0.334988 0.000000
vt -0.000000 0.334988 0.000000
vt 5.000000 -1.007928 0.000000
vt 3.333333 -1.007928 0.000000
vt 5.000000 -1.099557 0.000000
vt 3.333333 -1.099557 0.000000
vt 5.000000 1.099557 0.000000
vt 3.333333 1.099557 0.000000
vt 5.000000 1.007928 0.000000
vt 3.333333 1.007928 0.000000
vt 5.000000 0.916298 0.000000
vt 3.333333 0.916298 0.000000
vt 5.000000 0.824668 0.000000
vt 3.333333 0.824668 0.000000
vt 5.000000 0.733038 0.000000
vt 3.333333 0.733038 0.000000
vt 5.000000 0.641408 0.000000
vt 3.333333 0.641408 0.000000
vt 5.000000 0.549779 0.000000
vt 3.333333 0.549779 0.000000
vt 5.000000 0.458149 0.000000
vt 3.333333 0.458149 0.000000
vt 5.000000 0.366519 0.000000
vt 3.333333 0.366519 0.000000
vt 5.000000 0.274889 0.000000
vt 3.333333 0.274889 0.000000
vt 5.000000 0.183260 0.000000
vt 3.333333 0.183260 0.000000
vt 5.000000 0.091630 0.000000
vt 3.333333 0.091630 0.000000
vt 5.000000 0.000000 0.000000
vt 3.333333 0.000000 0.000000
vt 5.000000 -0.091630 0.000000
vt 3.333333 -0.091630 0.000000
vt 5.000000 -0.183260 0.000000
vt 3.333333 -0.183260 0.000000
vt 5.000000 -0.274889 0.000000
vt 3.333333 -0.274889 0.000000
vt 5.000000 -0.366519 0.000000
vt 3.333333 -0.366519 0.000000
vt 5.000000 -0.458149 0.000000
vt 3.333333 -0.458149 0.000000
vt 5.000000 -0.549779 0.000000
vt 3.333333 -0.549779 0.000000
vt 5.000000 -0.641408 0.000000
vt 3.333333 -0.641408 0.000000
vt 5.000000 -0.733038 0.000000
vt 3.333333 -0.733038 0.000000
vt 5.000000 -0.824668 0.000000
vt 3.333333 -0.824668 0.000000
vt 5.000000 -0.916298 0.000000
vt 3.333333 -0.916298 0.000000
vt 0.000000 1.007928 0.000000
vt 1.666667 1.007928 0.000000
vt 0.000000 1.099557 0.000000
vt 1.666667 1.099557 0.000000
vt 0.000000 -1.099557 0.000000
vt 1.666667 -1.099557 0.000000
vt 0.000000 -1.007928 0.000000
vt 1.666667 -1.007928 0.000000
vt 0.000000 -0.916298 0.000000
vt 1.666667 -0.916298 0.000000
vt 0.000000 -0.824668 0.000000
vt 1.666667 -0.824668 0.000000
vt 0.000000 -0.733038 0.000000
vt 1.666667 -0.733038 0.000000
vt 0.000000 -0.641408 0.000000
vt 1.666667 -0.641408 0.000000
vt 0.000000 -0.549779 0.000000
vt 1.666667 -0.549779 0.000000
vt 0.000000 -0.458149 0.000000
vt 1.666667 -0.458149 0.000000
vt 0.000000 -0.366519 0.000000
vt 1.666667 -0.366519 0.000000
vt 0.000000 -0.274889 0.000000
vt 1.666667 -0.274889 0.000000
vt 0.000000 -0.183260 0.000000
vt 1.666667 -0.183260 0.000000
vt 0.000000 -0.091630 0.000000
vt 1.666667 -0.091630 0.000000
vt 0.000000 0.000000 0.000000
vt 1.666667 0.000000 0.000000
vt 0.000000 0.091630 0.000000
vt 1.666667 0.091630 0.000000
vt 0.000000 0.183260 0.000000
vt 1.666667 0.183260 0.000000
vt 0.000000 0.274889 0.000000
vt 1.666667 0.274889 0.000000
vt 0.000000 0.366519 0.000000
vt 1.666667 0.366519 0.000000
vt 0.000000 0.458149 0.000000
vt 1.666667 0.458149 0.000000
vt 0.000000 0.549779 0.000000
vt 1.666667 0.549779 0.000000
vt 0.000000 0.641408 0.000000
vt 1.666667 0.641408 0.000000
vt 0.000000 0.733038 0.000000
vt 1.666667 0.733038 0.000000
vt 0.000000 0.824668 0.000000
vt 1.666667 0.824668 0.000000
vt 0.000000 0.916298 0.000000
vt 1.666667 0.916298 0.000000
vt -0.338074 -0.090587 0.000000
vt 0.338074 -0.090587 0.000000
vt -0.350000 -0.000000 0.000000
vt 0.350000 0.000000 0.000000
vt -0.338074 0.090587 0.000000
vt 0.338074 0.090587 0.000000
vt -0.303109 0.175000 0.000000
vt 0.303109 0.175000 0.000000
vt -0.247487 0.247487 0.000000
vt 0.247487 0.247487 0.000000
vt -0.175000 0.303109 0.000000
vt 0.175000 0.303109 0.000000
vt -0.090587 0.338074 0.000000
vt 0.090587 0.338074 0.000000
vt 0.000000 0.350000 0.000000
vt 0.303109 -0.175000 0.000000
vt -0.303109 -0.175000 0.000000
vt 0.247487 -0.247487 0.000000
vt -0.247487 -0.247487 0.000000
vt 0.175000 -0.303109 0.000000
vt -0.175000 -0.303109 0.000000
vt 0.090587 -0.338074 0.000000
vt -0.090587 -0.338074 0.000000
vt 0.000000 -0.350000 0.000000
vt 3.112211 -0.338454 0.000000
vt 3.430619 -0.103187 0.000000
vt 3.112211 0.000000 0.000000
vt 3.430619 0.103187 0.000000
vt 3.430619 0.309562 0.000000
vt 3.757345 0.103187 0.000000
vt 3.757345 0.309562 0.000000
vt 4.084070 0.103187 0.000000
vt 4.084070 0.309562 0.000000
vt -4.084070 0.309562 0.000000
vt -4.084070 0.103187 0.000000
vt -3.757345 0.103187 0.000000
vt -3.757345 0.309562 0.000000
vt -3.430619 0.103187 0.000000
vt -3.430619 0.309562 0.000000
vt -3.112211 0.338454 0.000000
vt -3.430619 0.515936 0.000000
vt -3.112211 0.676908 0.000000
vt -3.430619 0.722311 0.000000
vt -3.112211 1.015363 0.000000
vt -3.430619 0.928685 0.000000
vt -3.430619 1.135060 0.000000
vt -3.757345 1.135060 0.000000
vt -3.757345 1.341435 0.000000
vt -4.084070 1.341435 0.000000
vt -4.084070 1.547809 0.000000
vt 4.084070 1.341435 0.000000
vt 4.084070 1.547809 0.000000
vt 3.757345 1.547809 0.000000
vt 3.757345 1.754184 0.000000
vt 3.430619 1.754184 0.000000
vt 3.430619 1.960558 0.000000
vt 3.112211 1.692271 0.000000
vt 3.112211 2.030725 0.000000
vt 3.430619 2.166933 0.000000
vt 3.112211 2.369180 0.000000
vt 3.430619 2.373307 0.000000
vt 3.430619 2.579682 0.000000
vt 3.757345 2.373307 0.000000
vt 3.757345 2.579682 0.000000
vt 4.084070 2.373307 0.000000
vt 4.084070 2.579682 0.000000
vt -4.084070 2.579682 0.000000
vt -4.084070 2.373307 0.000000
vt -3.757345 2.373307 0.000000
vt -3.757345 2.579682 0.000000
vt -3.430619 2.373307 0.000000
vt -3.430619 2.579682 0.000000
vt -3.112211 2.707634 0.000000
vt -3.430619 2.786056 0.000000
vt -3.112211 3.046088 0.000000
vt -3.430619 2.992431 0.000000
vt -3.430619 3.198805 0.000000
vt -3.757345 3.198805 0.000000
vt -3.757345 3.405180 0.000000
vt -4.084070 3.405180 0.000000
vt -4.084070 3.611554 0.000000
vt 4.084070 3.405180 0.000000
vt 4.084070 3.611554 0.000000
vt 3.757345 3.611554 0.000000
vt 3.757345 3.817929 0.000000
vt 3.430619 3.817929 0.000000
vt 3.430619 4.024304 0.000000
vt 3.112211 3.722997 0.000000
vt 3.112211 4.061451 0.000000
vt 3.430619 4.230678 0.000000
vt 3.112211 4.399905 0.000000
vt 3.112211 -4.061451 0.000000
vt 3.430619 -4.230678 0.000000
vt 3.430619 -4.024304 0.000000
vt 3.430619 -3.817929 0.000000
vt 3.757345 -4.024304 0.000000
vt 3.757345 -3.817929 0.000000
vt 4.084070 -4.024304 0.000000
vt 4.084070 -3.817929 0.000000
vt -4.084070 -3.817929 0.000000
vt -4.084070 -4.024304 0.000000
vt -3.757345 -4.024304 0.000000
vt -3.757345 -3.817929 0.000000
vt -3.430619 -4.024304 0.000000
vt -3.430619 -3.817929 0.000000
vt -3.112211 -3.722997 0.000000
vt -3.430619 -3.611554 0.000000
vt -3.112211 -3.384542 0.000000
vt -3.430619 -3.405180 0.000000
vt -3.430619 -3.198805 0.000000
vt -3.757345 -3.198805 0.000000
vt -3.757345 -2.992431 0.000000
vt -4.084070 -2.992431 0.000000
vt -4.084070 -2.786056 0.000000
vt 4.084070 -2.992431 0.000000
vt 4.084070 -2.786056 0.000000
vt 3.757345 -2.786056 0.000000
vt 3.757345 -2.579682 0.000000
vt 3.430619 -2.579682 0.000000
vt 3.430619 -2.373307 0.000000
vt 3.112211 -2.707634 0.000000
vt 3.112211 -2.369180 0.000000
vt 3.430619 -2.166933 0.000000
vt 3.112211 -2.030725 0.000000
vt 3.430619 -1.960558 0.000000
vt 3.430619 -1.754184 0.000000
vt 3.757345 -1.960558 0.000000
vt 3.757345 -1.754184 0.000000
vt 4.084070 -1.960558 0.000000
vt 4.084070 -1.754184 0.000000
vt -4.084070 -1.754184 0.000000
vt -4.084070 -1.960558 0.000000
vt -3.757345 -1.960558 0.000000
vt -3.757345 -1.754184 0.000000
vt -3.430619 -1.960558 0.000000
vt -3.430619 -1.754184 0.000000
vt -3.112211 -1.692271 0.000000
vt -3.430619 -1.547809 0.000000
vt -3.112211 -1.353817 0.000000
vt -3.430619 -1.341435 0.000000
vt -3.112211 -1.015363 0.000000
vt -3.430619 -1.135060 0.000000
vt -3.430619 -0.928685 0.000000
vt -3.757345 -0.928685 0.000000
vt -3.757345 -0.722311 0.000000
vt -4.084070 -0.722311 0.000000
vt -4.084070 -0.515936 0.000000
vt 4.084070 -0.722311 0.000000
vt 4.084070 -0.515936 0.000000
vt 3.757345 -0.515936 0.000000
vt 3.757345 -0.309562 0.000000
vt 3.430619 -0.309562 0.000000
vt 3.430619 -0.515936 0.000000
vt 3.112211 -0.676908 0.000000
vt 3.430619 -0.722311 0.000000
vt 3.112211 -1.015363 0.000000
vt 3.430619 -0.928685 0.000000
vt 3.430619 -1.135060 0.000000
vt 3.757345 -1.135060 0.000000
vt 3.757345 -1.341435 0.000000
vt 4.084070 -1.341435 0.000000
vt 4.084070 -1.547809 0.000000
vt -4.084070 -1.341435 0.000000
vt -4.084070 -1.547809 0.000000
vt -3.757345 -1.547809 0.000000
vt 3.112211 -1.353817 0.000000
vt 3.430619 -1.341435 0.000000
vt 3.757345 -1.547809 0.000000
vt 3.430619 -1.547809 0.000000
vt 3.112211 -1.692271 0.000000
vt 3.430619 -2.786056 0.000000
vt 3.112211 -3.046088 0.000000
vt 3.430619 -2.992431 0.000000
vt 3.430619 -3.198805 0.000000
vt 3.757345 -3.198805 0.000000
vt 3.757345 -3.405180 0.000000
vt 4.084070 -3.405180 0.000000
vt 4.084070 -3.611554 0.000000
vt -4.084070 -3.405180 0.000000
vt -4.084070 -3.611554 0.000000
vt -3.757345 -3.611554 0.000000
vt 3.112211 -3.384542 0.000000
vt 3.430619 -3.405180 0.000000
vt 3.757345 -3.611554 0.000000
vt 3.112211 -3.722997 0.000000
vt 3.430619 -3.611554 0.000000
vt 3.430619 3.611554 0.000000
vt 3.112211 3.384542 0.000000
vt 3.430619 3.405180 0.000000
vt 3.430619 3.198805 0.000000
vt 3.757345 3.198805 0.000000
vt 3.757345 2.992431 0.000000
vt 4.084070 2.992431 0.000000
vt 4.084070 2.786056 0.000000
vt -4.084070 2.992431 0.000000
vt -4.084070 2.786056 0.000000
vt -3.757345 2.786056 0.000000
vt 3.112211 3.046088 0.000000
vt 3.430619 2.992431 0.000000
vt 3.757345 2.786056 0.000000
vt 3.112211 2.707634 0.000000
vt 3.430619 2.786056 0.000000
vt 3.430619 1.547809 0.000000
vt 3.112211 1.353817 0.000000
vt 3.430619 1.341435 0.000000
vt 3.112211 1.015363 0.000000
vt 3.430619 1.135060 0.000000
vt 3.430619 0.928685 0.000000
vt 3.757345 0.928685 0.000000
vt 3.757345 0.722311 0.000000
vt 4.084070 0.722311 0.000000
vt 4.084070 0.515936 0.000000
vt -4.084070 0.722311 0.000000
vt -4.084070 0.515936 0.000000
vt -3.757345 0.515936 0.000000
vt 3.112211 0.676908 0.000000
vt 3.430619 0.722311 0.000000
vt 3.757345 0.515936 0.000000
vt 3.430619 0.515936 0.000000
vt 3.112211 0.338454 0.000000
vt -3.112211 0.000000 0.000000
vt -3.430619 -0.103187 0.000000
vt -3.430619 -0.309562 0.000000
vt -3.757345 -0.103187 0.000000
vt -3.757345 -0.309562 0.000000
vt -4.084070 -0.103187 0.000000
vt -4.084070 -0.309562 0.000000
vt 4.084070 -0.309562 0.000000
vt 4.084070 -0.103187 0.000000
vt 3.757345 -0.103187 0.000000
vt -3.112211 1.353817 0.000000
vt -3.430619 1.341435 0.000000
vt -3.757345 1.547809 0.000000
vt -4.084070 1.754184 0.000000
vt 4.084070 1.754184 0.000000
vt 3.757345 1.960558 0.000000
vt -3.430619 1.547809 0.000000
vt -3.112211 1.692271 0.000000
vt -3.430619 1.754184 0.000000
vt -3.112211 2.030725 0.000000
vt -3.430619 1.960558 0.000000
vt -3.430619 2.166933 0.000000
vt -3.757345 2.166933 0.000000
vt -3.112211 2.369180 0.000000
vt -3.112211 3.384542 0.000000
vt -3.430619 3.405180 0.000000
vt -3.757345 3.611554 0.000000
vt -4.084070 3.817929 0.000000
vt 4.084070 3.817929 0.000000
vt 3.757345 4.024304 0.000000
vt -3.112211 3.722997 0.000000
vt -3.430619 3.611554 0.000000
vt -3.757345 3.817929 0.000000
vt -4.084070 4.024304 0.000000
vt 4.084070 4.024304 0.000000
vt 3.757345 4.230678 0.000000
vt 3.757345 -4.230678 0.000000
vt -3.430619 3.817929 0.000000
vt -3.112211 4.061451 0.000000
vt -3.430619 4.024304 0.000000
vt -3.430619 4.230678 0.000000
vt -3.757345 4.230678 0.000000
vt -3.757345 -4.230678 0.000000
vt -3.430619 -4.230678 0.000000
vt -3.112211 -4.399905 0.000000
vt -3.112211 -4.061451 0.000000
vt -3.112211 -3.046088 0.000000
vt -3.430619 -2.992431 0.000000
vt -3.757345 -2.786056 0.000000
vt -4.084070 -2.579682 0.000000
vt 4.084070 -2.579682 0.000000
vt 3.757345 -2.373307 0.000000
vt -3.112211 -2.707634 0.000000
vt -3.430619 -2.786056 0.000000
vt -3.757345 -2.579682 0.000000
vt -4.084070 -2.373307 0.000000
vt 4.084070 -2.373307 0.000000
vt 3.757345 -2.166933 0.000000
vt -3.430619 -2.579682 0.000000
vt -3.112211 -2.369180 0.000000
vt -3.430619 -2.373307 0.000000
vt -3.430619 -2.166933 0.000000
vt -3.757345 -2.166933 0.000000
vt -3.112211 -2.030725 0.000000
vt -3.112211 -0.676908 0.000000
vt -3.430619 -0.722311 0.000000
vt -3.757345 -0.515936 0.000000
vt -3.430619 -0.515936 0.000000
vt -3.112211 -0.338454 0.000000
vt 4.084070 4.230678 0.000000
vt -4.084070 4.230678 0.000000
vt -3.757345 4.024304 0.000000
vt -4.084070 -4.230678 0.000000
vt 4.084070 -4.230678 0.000000
vt 4.084070 -3.198805 0.000000
vt 3.757345 -2.992431 0.000000
vt -4.084070 -3.198805 0.000000
vt -3.757345 -3.405180 0.000000
vt 4.084070 -2.166933 0.000000
vt -4.084070 -2.166933 0.000000
vt -3.757345 -2.373307 0.000000
vt 4.084070 -1.135060 0.000000
vt 3.757345 -0.928685 0.000000
vt 4.084070 -0.928685 0.000000
vt 3.757345 -0.722311 0.000000
vt -4.084070 -1.135060 0.000000
vt -3.757345 -1.341435 0.000000
vt -4.084070 -0.928685 0.000000
vt -3.757345 -1.135060 0.000000
vt 4.084070 0.928685 0.000000
vt 3.757345 1.135060 0.000000
vt 4.084070 1.135060 0.000000
vt 3.757345 1.341435 0.000000
vt -4.084070 0.928685 0.000000
vt -3.757345 0.722311 0.000000
vt -4.084070 1.135060 0.000000
vt -3.757345 0.928685 0.000000
vt 4.084070 1.960558 0.000000
vt 3.757345 2.166933 0.000000
vt 4.084070 2.166933 0.000000
vt -4.084070 1.960558 0.000000
vt -3.757345 1.754184 0.000000
vt -4.084070 2.166933 0.000000
vt -3.757345 1.960558 0.000000
vt 4.084070 3.198805 0.000000
vt 3.757345 3.405180 0.000000
vt -4.084070 3.198805 0.000000
vt -3.757345 2.992431 0.000000
vt 0.072000 0.443188 0.000000
vt 0.008062 0.150027 0.000000
vt 0.064884 0.409087 0.000000
vt 0.065826 0.374264 0.000000
vt 0.074775 0.340597 0.000000
vt 0.091248 0.309903 0.000000
vt 0.114358 0.283836 0.000000
vt 0.008062 -0.150027 0.000000
vt 0.114358 -0.283836 0.000000
vt 0.091248 -0.309903 0.000000
vt 0.074775 -0.340597 0.000000
vt 0.065826 -0.374264 0.000000
vt 0.064884 -0.409087 0.000000
vt 0.072000 -0.443188 0.000000
vt 0.142857 0.263803 0.000000
vt 0.142857 -0.263803 0.000000
vt 0.201196 -0.222531 0.000000
vt 0.201196 0.222531 0.000000
vt 0.248119 -0.168632 0.000000
vt 0.248119 0.168632 0.000000
vt 0.280963 -0.105165 0.000000
vt 0.280963 0.105165 0.000000
vt 0.297865 -0.035731 0.000000
vt 0.297865 0.035731 0.000000
vt 0.072000 0.443188 0.000000
vt 0.008062 0.150027 0.000000
vt 0.064884 0.409087 0.000000
vt 0.065826 0.374264 0.000000
vt 0.074775 0.340597 0.000000
vt 0.091248 0.309903 0.000000
vt 0.114358 0.283836 0.000000
vt 0.008062 -0.150027 0.000000
vt 0.114358 -0.283836 0.000000
vt 0.091248 -0.309903 0.000000
vt 0.074775 -0.340597 0.000000
vt 0.065826 -0.374264 0.000000
vt 0.064884 -0.409087 0.000000
vt 0.072000 -0.443188 0.000000
vt 0.142857 0.263803 0.000000
vt 0.142857 -0.263803 0.000000
vt 0.201196 -0.222531 0.000000
vt 0.201196 0.222531 0.000000
vt 0.248119 -0.168632 0.000000
vt 0.248119 0.168632 0.000000
vt 0.280963 -0.105165 0.000000
vt 0.280963 0.105165 0.000000
vt 0.297865 -0.035731 0.000000
vt 0.297865 0.035731 0.000000
vt 0.072000 0.443188 0.000000
vt 0.008062 0.150027 0.000000
vt 0.064884 0.409087 0.000000
vt 0.065826 0.374264 0.000000
vt 0.074775 0.340597 0.000000
vt 0.091248 0.309903 0.000000
vt 0.114358 0.283836 0.000000
vt 0.008062 -0.150027 0.000000
vt 0.114358 -0.283836 0.000000
vt 0.091248 -0.309903 0.000000
vt 0.074775 -0.340597 0.000000
vt 0.065826 -0.374264 0.000000
vt 0.064884 -0.409087 0.000000
vt 0.072000 -0.443188 0.000000
vt 0.142857 0.263803 0.000000
vt 0.142857 -0.263803 0.000000
vt 0.201196 -0.222531 0.000000
vt 0.201196 0.222531 0.000000
vt 0.248119 -0.168632 0.000000
vt 0.248119 0.168632 0.000000
vt 0.280963 -0.105165 0.000000
vt 0.280963 0.105165 0.000000
vt 0.297865 -0.035731 0.000000
vt 0.297865 0.035731 0.000000
vt 1.000000 -0.322344 0.000000
vt 7.500000 -0.322344 0.000000
vt 0.779547 -0.302514 0.000000
vt 3.211156 -0.250712 0.000000
vt 1.781541 -0.250712 0.000000
vt 1.781541 -0.179080 0.000000
vt 0.488594 -0.196811 0.000000
vt 0.416923 -0.139959 0.000000
vt 1.781541 -0.107678 0.000000
vt 0.389474 -0.107734 0.000000
vt 0.368984 -0.073168 0.000000
vt 1.781541 -0.035816 0.000000
vt 0.356281 -0.036994 0.000000
vt 0.353025 -0.018553 0.000000
vt 0.351926 0.000006 0.000000
vt 1.781541 0.035816 0.000000
vt 0.356234 0.037041 0.000000
vt 0.368986 0.073069 0.000000
vt 1.781541 0.107355 0.000000
vt 0.389566 0.107332 0.000000
vt 0.417010 0.139639 0.000000
vt 1.781541 0.179080 0.000000
vt 0.488617 0.196850 0.000000
vt 0.576131 0.242493 0.000000
vt 1.781541 0.250712 0.000000
vt 0.779593 0.302524 0.000000
vt 1.000000 0.322344 0.000000
vt 3.211156 0.250712 0.000000
vt 4.640770 0.250712 0.000000
vt 4.640770 0.179080 0.000000
vt 6.070385 0.179080 0.000000
vt 6.070385 0.107425 0.000000
vt 7.500000 0.107448 0.000000
vt 7.500000 0.035816 0.000000
vt 6.070385 0.035816 0.000000
vt 7.500000 -0.035816 0.000000
vt 6.070385 -0.035816 0.000000
vt 7.500000 -0.107448 0.000000
vt 6.070385 -0.107505 0.000000
vt 7.500000 -0.179080 0.000000
vt 6.070385 -0.179080 0.000000
vt 7.500000 -0.250712 0.000000
vt 6.070385 -0.250712 0.000000
vt 4.640770 -0.250712 0.000000
vt 3.211156 -0.179080 0.000000
vt 7.500000 0.179080 0.000000
vt 6.070385 0.250712 0.000000
vt 7.500000 0.322344 0.000000
vt 7.500000 0.250712 0.000000
vt 0.576299 -0.242581 0.000000
vt 4.640770 -0.179080 0.000000
vt 4.640770 -0.107563 0.000000
vt 4.640770 -0.035816 0.000000
vt 4.640770 0.035816 0.000000
vt 4.640770 0.107401 0.000000
vt 3.211156 -0.107620 0.000000
vt 3.211156 -0.035816 0.000000
vt 3.211156 0.035816 0.000000
vt 3.211156 0.107378 0.000000
vt 3.211156 0.179080 0.000000
vt 0.072000 0.443188 0.000000
vt 0.008062 0.150027 0.000000
vt 0.064884 0.409087 0.000000
vt 0.065826 0.374264 0.000000
vt 0.074775 0.340597 0.000000
vt 0.091248 0.309903 0.000000
vt 0.114358 0.283836 0.000000
vt 0.008062 -0.150027 0.000000
vt 0.114358 -0.283836 0.000000
vt 0.091248 -0.309903 0.000000
vt 0.074775 -0.340597 0.000000
vt 0.065826 -0.374264 0.000000
vt 0.064884 -0.409087 0.000000
vt 0.072000 -0.443188 0.000000
vt 0.142857 0.263803 0.000000
vt 0.142857 -0.263803 0.000000
vt 0.201196 -0.222531 0.000000
vt 0.201196 0.222531 0.000000
vt 0.248119 -0.168632 0.000000
vt 0.248119 0.168632 0.000000
vt 0.280963 -0.105165 0.000000
vt 0.280963 0.105165 0.000000
vt 0.297865 -0.035731 0.000000
vt 0.297865 0.035731 0.000000
vn 0.089221 -0.000000 0.996012
vn 0.089221 -0.000000 0.996012
vn 0.316563 -0.000000 0.948571
vn 0.089221 -0.000000 0.996012
vn 0.089221 -0.000000 0.996012
vn -0.142932 -0.000000 0.989732
vn -0.142932 -0.000000 0.989732
vn -0.367377 -0.000000 0.930072
vn -0.367377 -0.000000 0.930072
vn -0.572008 -0.000000 0.820248
vn -0.572008 -0.000000 0.820248
vn -0.745787 -0.000000 0.666185
vn -0.745787 -0.000000 0.666185
vn -0.879342 -0.000000 0.476190
vn -0.745787 -0.000000 0.666185
vn -0.745787 -0.000000 0.666185
vn -0.572008 -0.000000 0.820248
vn -0.572008 -0.000000 0.820248
vn -0.367377 -0.000000 0.930072
vn -0.367377 -0.000000 0.930072
vn -0.142932 -0.000000 0.989732
vn -0.142932 -0.000000 0.989732
vn 0.089221 -0.000000 0.996012
vn 0.089221 -0.000000 0.996012
vn 0.316563 -0.000000 0.948571
vn -0.142932 -0.000000 0.989732
vn -0.142932 -0.000000 0.989732
vn -0.367377 -0.000000 0.930072
vn -0.367377 -0.000000 0.930072
vn -0.572008 -0.000000 0.820248
vn -0.572008 -0.000000 0.820248
vn -0.745787 -0.000000 0.666185
vn -0.745787 -0.000000 0.666185
vn -0.879342 -0.000000 0.476190
vn -0.745787 -0.000000 0.666185
vn -0.745787 -0.000000 0.666185
vn -0.745787 -0.000000 0.666185
vn -0.572008 -0.000000 0.820248
vn 0.089221 -0.000000 0.996012
vn 0.089221 -0.000000 0.996012
vn 0.089221 -0.000000 0.996012
vn -0.142932 -0.000000 0.989732
vn -0.142932 -0.000000 0.989732
vn -0.367377 -0.000000 0.930072
vn 0.089221 -0.000000 0.996012
vn -0.142932 -0.000000 0.989732
vn -0.142932 -0.000000 0.989732
vn -0.367377 -0.000000 0.930072
vn -0.367377 -0.000000 0.930072
vn -0.572008 -0.000000 0.820248
vn -0.745787 -0.000000 0.666185
vn -0.367377 -0.000000 0.930072
vn -0.572008 -0.000000 0.820248
vn -0.572008 -0.000000 0.820248
vn -0.845851 -0.000630 0.533418
vn -0.729668 0.043411 0.682422
vn -0.745794 0.000000 0.666176
vn -0.604344 0.075895 0.793101
vn -0.571970 -0.000000 0.820275
vn -0.459638 0.106438 0.881705
vn -0.303836 0.133534 0.943320
vn -0.142978 0.000000 0.989726
vn -0.137626 0.156983 0.977965
vn -0.026827 0.169808 0.985112
vn -0.120966 0.315432 0.941207
vn -0.022555 0.342961 0.939079
vn -0.106471 0.385143 0.916695
vn -0.019203 0.421066 0.906827
vn -0.091860 0.443538 0.891536
vn -0.017994 0.486821 0.873316
vn -0.072534 0.490839 0.868226
vn -0.015647 0.540978 0.840891
vn -0.049895 0.522632 0.851097
vn -0.011109 0.577116 0.816586
vn -0.030312 0.538508 0.842075
vn -0.007563 0.595309 0.803461
vn -0.007816 0.545884 0.837824
vn -0.002116 0.603843 0.797101
vn 0.015365 0.544615 0.838546
vn 0.004601 0.602393 0.798187
vn 0.034751 0.534942 0.844174
vn 0.008350 0.591386 0.806345
vn 0.061026 0.508734 0.858758
vn 0.013392 0.561156 0.827602
vn 0.082821 0.469953 0.878798
vn 0.017247 0.516824 0.855918
vn 0.113381 0.358436 0.926644
vn 0.021123 0.390967 0.920162
vn 0.129381 0.247988 0.960085
vn 0.024383 0.269040 0.962820
vn 0.139543 0.129378 0.981728
vn 0.027473 0.139596 0.989827
vn 0.142978 -0.000000 0.989726
vn -0.089233 -0.000000 0.996011
vn -0.143024 0.151701 0.978024
vn -0.312808 0.130968 0.940743
vn -0.300915 0.259373 0.917701
vn -0.135505 0.295157 0.945791
vn -0.280258 0.382683 0.880346
vn -0.119626 0.433306 0.893272
vn -0.248249 0.498442 0.830619
vn -0.202639 0.602612 0.771878
vn -0.083063 0.581430 0.809346
vn -0.145726 0.685589 0.713254
vn -0.059559 0.634826 0.770357
vn -0.111303 0.718116 0.686966
vn -0.032110 0.671689 0.740137
vn -0.075370 0.742305 0.665810
vn -0.037669 0.757344 0.651929
vn -0.011914 0.684907 0.728533
vn -0.000003 0.762440 0.647059
vn 0.006624 0.686657 0.726951
vn 0.037948 0.757362 0.651892
vn 0.027319 0.676206 0.736206
vn 0.076787 0.742164 0.665805
vn 0.048313 0.654144 0.754826
vn 0.113019 0.718307 0.686485
vn 0.145144 0.687075 0.711942
vn 0.071408 0.610843 0.788525
vn 0.174445 0.648644 0.740831
vn 0.094922 0.545712 0.832579
vn 0.203206 0.601681 0.772456
vn 0.113957 0.468543 0.876060
vn 0.248614 0.497812 0.830888
vn 0.127434 0.377971 0.917005
vn 0.279914 0.384400 0.879707
vn 0.301121 0.259123 0.917704
vn 0.141761 0.185254 0.972412
vn 0.312544 0.130899 0.940841
vn 0.089233 0.000000 0.996011
vn -0.316563 -0.000000 0.948571
vn 0.307556 0.110497 0.945092
vn 0.367377 -0.000000 0.930072
vn 0.464828 0.088503 0.880967
vn 0.571970 -0.000000 0.820275
vn 0.610646 0.063569 0.789348
vn 0.745794 -0.000000 0.666176
vn 0.736520 0.036943 0.675407
vn 0.879342 0.000000 0.476190
vn 0.845762 0.000199 0.533560
vn 0.697404 0.068115 0.713434
vn 0.723283 0.000000 0.690551
vn 0.623340 0.097403 0.775861
vn 0.609960 -0.000192 0.792433
vn 0.455960 0.123704 0.881361
vn 0.450099 -0.000128 0.892979
vn 0.335028 0.132719 0.932814
vn 0.351457 -0.000000 0.936204
vn 0.187746 0.137926 0.972485
vn 0.240064 -0.000866 0.970757
vn 0.124574 -0.000195 0.992210
vn 0.077756 0.140682 0.986997
vn 0.063803 -0.000012 0.997963
vn -0.000048 -0.000000 1.000000
vn -0.040912 0.141019 0.989161
vn -0.122948 -0.000042 0.992413
vn -0.162033 0.139614 0.976859
vn -0.243880 0.000261 0.969805
vn -0.273715 0.135516 0.952216
vn -0.352929 -0.000744 0.935650
vn -0.449534 -0.002115 0.893261
vn -0.398322 0.126736 0.908448
vn -0.610049 -0.000047 0.792364
vn -0.509214 0.117498 0.852582
vn -0.592562 0.102958 0.798918
vn -0.484172 0.180628 0.856125
vn -0.542158 0.151366 0.826531
vn -0.409835 0.211978 0.887187
vn -0.722319 -0.000828 0.691559
vn -0.659828 0.087503 0.746305
vn -0.269279 0.266780 0.925374
vn -0.238419 0.323264 0.915782
vn -0.203812 0.370467 0.906209
vn -0.158964 0.407628 0.899205
vn -0.108895 0.433143 0.894723
vn -0.064933 0.445720 0.892814
vn -0.016495 0.451435 0.892151
vn 0.031747 0.450424 0.892250
vn 0.074942 0.442664 0.893551
vn 0.133449 0.422254 0.896601
vn 0.182329 0.391548 0.901913
vn 0.252651 0.301818 0.919279
vn 0.287260 0.210189 0.934506
vn -0.364431 0.254981 0.895642
vn -0.414473 0.205920 0.886459
vn -0.311416 0.291154 0.904571
vn -0.242537 0.318624 0.916327
vn -0.166144 0.338268 0.926267
vn -0.098576 0.347814 0.932367
vn -0.024939 0.351994 0.935670
vn 0.047673 0.351222 0.935078
vn 0.114010 0.345234 0.931566
vn 0.203619 0.330215 0.921682
vn 0.278277 0.307106 0.910081
vn 0.385201 0.238816 0.891396
vn 0.436076 0.167099 0.884260
vn -0.323173 0.224111 0.919420
vn -0.221612 0.238227 0.945588
vn -0.131237 0.244972 0.960607
vn -0.033150 0.247725 0.968263
vn 0.063146 0.247176 0.966911
vn 0.151953 0.242842 0.958091
vn 0.271486 0.232856 0.933849
vn 0.370529 0.216928 0.903134
vn 0.510638 0.169777 0.842867
vn 0.575244 0.119009 0.809279
vn -0.089221 0.000000 0.996012
vn -0.089221 0.000000 0.996012
vn -0.316563 0.000000 0.948571
vn -0.089221 0.000000 0.996012
vn -0.089221 0.000000 0.996012
vn 0.142932 0.000000 0.989732
vn 0.142932 0.000000 0.989732
vn 0.367377 0.000000 0.930072
vn 0.367377 0.000000 0.930072
vn 0.572008 0.000000 0.820248
vn 0.572008 0.000000 0.820248
vn 0.745787 0.000000 0.666185
vn 0.745787 0.000000 0.666185
vn 0.745787 0.000000 0.666185
vn 0.745787 0.000000 0.666185
vn 0.572008 0.000000 0.820248
vn 0.572008 0.000000 0.820248
vn 0.367377 0.000000 0.930072
vn 0.142932 0.000000 0.989732
vn 0.142932 0.000000 0.989732
vn -0.089221 0.000000 0.996012
vn -0.089221 0.000000 0.996012
vn 0.142932 0.000000 0.989732
vn 0.142932 0.000000 0.989732
vn 0.367377 0.000000 0.930072
vn 0.367377 0.000000 0.930072
vn 0.572008 0.000000 0.820248
vn 0.572008 0.000000 0.820248
vn 0.745787 0.000000 0.666185
vn 0.745787 0.000000 0.666185
vn 0.879342 0.000000 0.476190
vn 0.745787 0.000000 0.666185
vn 0.745787 0.000000 0.666185
vn 0.745787 0.000000 0.666185
vn 0.572008 0.000000 0.820248
vn -0.089221 0.000000 0.996012
vn -0.089221 0.000000 0.996012
vn -0.089221 0.000000 0.996012
vn 0.142932 0.000000 0.989732
vn 0.142932 0.000000 0.989732
vn 0.367377 0.000000 0.930072
vn -0.089221 0.000000 0.996012
vn 0.142932 0.000000 0.989732
vn 0.142932 0.000000 0.989732
vn 0.367377 0.000000 0.930072
vn 0.367377 0.000000 0.930072
vn 0.572008 0.000000 0.820248
vn 0.745787 0.000000 0.666185
vn 0.367377 0.000000 0.930072
vn 0.572008 0.000000 0.820248
vn 0.572008 0.000000 0.820248
vn 0.000000 1.000000 -0.000000
vn 0.213004 0.965926 -0.147026
vn 0.000000 1.000000 -0.000000
vn 0.171629 0.965926 -0.193729
vn -0.000000 1.000000 0.000000
vn 0.120279 0.965926 -0.229173
vn 0.000000 1.000000 -0.000000
vn 0.061939 0.965926 -0.251298
vn 0.000000 1.000000 -0.000000
vn 0.000000 0.965926 -0.258819
vn -0.061939 0.965926 -0.251298
vn -0.000000 0.866025 -0.500000
vn -0.119658 0.866025 -0.485471
vn -0.074996 0.742401 -0.665745
vn -0.110576 0.718281 -0.686910
vn 0.242000 0.965926 -0.091778
vn 0.000000 1.000000 -0.000000
vn 0.256932 0.965926 -0.031197
vn 0.000000 1.000000 -0.000000
vn 0.256932 0.965926 0.031197
vn 0.000000 1.000000 0.000000
vn 0.242000 0.965926 0.091778
vn 0.000000 1.000000 0.000000
vn 0.213004 0.965926 0.147026
vn 0.000000 1.000000 0.000000
vn 0.171629 0.965926 0.193729
vn -0.000000 1.000000 -0.000000
vn 0.120279 0.965926 0.229173
vn 0.000000 1.000000 0.000000
vn 0.061939 0.965926 0.251298
vn 0.000000 1.000000 0.000000
vn 0.000001 0.965926 0.258819
vn -0.061939 0.965926 0.251298
vn -0.119658 0.866025 0.485471
vn -0.232362 0.866025 0.442728
vn -0.328609 0.707107 0.626112
vn -0.468899 0.707107 0.529277
vn -0.574281 0.500000 0.648229
vn -0.712725 0.500000 0.491959
vn -0.794941 0.258819 0.548708
vn -0.903156 0.258819 0.342522
vn -0.850558 -0.000000 0.525881
vn -0.948571 -0.000000 0.316563
vn -0.940733 0.130846 0.312892
vn -0.917643 0.259304 0.301154
vn -0.880164 0.383080 0.280286
vn -0.809748 0.500000 0.307097
vn -0.830434 0.498744 0.248262
vn -0.772487 0.601627 0.203246
vn -0.661156 0.707107 0.250744
vn -0.742282 0.646724 0.175403
vn -0.713134 0.686024 0.144257
vn -0.686910 0.718281 0.110576
vn -0.467508 0.866025 0.177302
vn -0.496354 0.866025 0.060268
vn -0.242000 0.965926 0.091778
vn -0.256932 0.965926 0.031197
vn -0.000000 1.000000 0.000000
vn -0.000000 1.000000 0.000000
vn 0.000000 1.000000 -0.000000
vn -0.120279 0.965926 0.229173
vn -0.331561 0.866025 0.374255
vn -0.581937 0.707107 0.401682
vn 0.000000 1.000000 -0.000000
vn -0.171629 0.965926 0.193729
vn -0.411492 0.866025 0.284032
vn -0.000000 1.000000 0.000000
vn -0.213004 0.965926 0.147026
vn 0.000000 1.000000 -0.000000
vn -0.256932 0.965926 -0.031197
vn -0.000000 1.000000 -0.000000
vn -0.242000 0.965926 -0.091778
vn -0.000000 1.000000 -0.000000
vn -0.213004 0.965926 -0.147026
vn -0.000000 1.000000 -0.000000
vn -0.171629 0.965926 -0.193729
vn -0.000000 1.000000 -0.000000
vn -0.120279 0.965926 -0.229173
vn -0.000000 1.000000 -0.000000
vn -0.312823 0.130840 0.940756
vn -0.525881 -0.000000 0.850558
vn -0.448888 0.258819 0.855285
vn -0.640527 0.258819 0.723006
vn -0.402462 0.500000 0.766827
vn -0.301212 0.259365 0.917606
vn -0.280237 0.382889 0.880263
vn -0.248220 0.498483 0.830603
vn -0.203211 0.601670 0.772463
vn -0.144606 0.686019 0.713069
vn -0.169222 0.707107 0.686560
vn -0.110990 0.718268 0.686857
vn -0.075089 0.742364 0.665776
vn -0.037844 0.757304 0.651965
vn 0.000003 0.866025 0.500000
vn 0.000006 0.762440 0.647059
vn 0.037892 0.757371 0.651884
vn 0.074996 0.742401 0.665745
vn 0.119658 0.866025 0.485471
vn 0.110576 0.718281 0.686910
vn 0.169222 0.707107 0.686560
vn 0.232362 0.866025 0.442728
vn 0.328609 0.707107 0.626112
vn 0.331561 0.866025 0.374255
vn 0.468899 0.707107 0.529277
vn 0.411492 0.866025 0.284032
vn 0.581937 0.707107 0.401682
vn 0.467508 0.866025 0.177302
vn 0.661156 0.707107 0.250744
vn 0.686983 0.718160 0.110905
vn 0.713121 0.685942 0.144711
vn 0.742153 0.646844 0.175504
vn 0.772270 0.601959 0.203090
vn 0.809748 0.500000 0.307097
vn 0.830612 0.498475 0.248207
vn 0.880228 0.382937 0.280282
vn 0.903156 0.258819 0.342522
vn 0.917625 0.259334 0.301182
vn 0.940756 0.130823 0.312831
vn 0.948571 -0.000000 0.316563
vn 0.850558 -0.000000 0.525881
vn 0.794941 0.258819 0.548708
vn 0.707107 -0.000000 0.707107
vn 0.640527 0.258819 0.723006
vn 0.525881 -0.000000 0.850558
vn 0.448888 0.258819 0.855285
vn 0.312892 0.130846 0.940733
vn 0.301154 0.259304 0.917643
vn 0.280286 0.383080 0.880164
vn 0.402462 0.500000 0.766827
vn 0.248262 0.498744 0.830434
vn 0.203246 0.601627 0.772487
vn 0.144257 0.686024 0.713134
vn 0.175403 0.646724 0.742282
vn 0.496354 0.866025 0.060268
vn 0.666023 0.742159 0.074926
vn 0.652127 0.757169 0.037755
vn 0.647070 0.762430 0.000000
vn 0.496354 0.866025 -0.060268
vn 0.651996 0.757280 -0.037802
vn 0.665926 0.742243 -0.074947
vn 0.686964 0.718182 -0.110886
vn 0.713117 0.685947 -0.144706
vn 0.661156 0.707107 -0.250744
vn 0.467508 0.866025 -0.177302
vn 0.742210 0.646769 -0.175539
vn 0.772379 0.601795 -0.203157
vn 0.809748 0.500000 -0.307097
vn 0.830627 0.498444 -0.248219
vn 0.880214 0.382972 -0.280277
vn 0.903156 0.258819 -0.342522
vn 0.917643 0.259318 -0.301141
vn 0.940743 0.130849 -0.312861
vn 0.948571 -0.000000 -0.316563
vn 0.850558 -0.000000 -0.525881
vn 0.794941 0.258819 -0.548708
vn 0.707107 -0.000000 -0.707107
vn 0.640527 0.258819 -0.723006
vn 0.525881 -0.000000 -0.850558
vn 0.448888 0.258819 -0.855285
vn 0.312823 0.130840 -0.940756
vn 0.301212 0.259365 -0.917606
vn 0.316563 -0.000000 -0.948571
vn 0.280237 0.382889 -0.880263
vn 0.402462 0.500000 -0.766827
vn 0.574281 0.500000 -0.648229
vn 0.712725 0.500000 -0.491959
vn 0.248220 0.498483 -0.830603
vn 0.203211 0.601670 -0.772463
vn 0.328609 0.707107 -0.626112
vn 0.169222 0.707107 -0.686560
vn 0.119658 0.866025 -0.485471
vn 0.110990 0.718268 -0.686857
vn 0.075089 0.742364 -0.665776
vn 0.144606 0.686018 -0.713069
vn 0.037844 0.757304 -0.651965
vn -0.000006 0.762440 -0.647059
vn -0.037892 0.757371 -0.651884
vn -0.169222 0.707107 -0.686560
vn -0.144257 0.686024 -0.713134
vn -0.175403 0.646724 -0.742282
vn -0.203246 0.601627 -0.772487
vn -0.328609 0.707107 -0.626112
vn -0.232362 0.866025 -0.442728
vn -0.331561 0.866025 -0.374255
vn -0.402462 0.500000 -0.766827
vn -0.248262 0.498744 -0.830434
vn -0.280286 0.383080 -0.880164
vn -0.448888 0.258819 -0.855285
vn -0.301154 0.259304 -0.917643
vn -0.312892 0.130846 -0.940733
vn -0.316563 0.000000 -0.948571
vn -0.525881 0.000000 -0.850558
vn -0.640527 0.258819 -0.723006
vn -0.707107 0.000000 -0.707107
vn -0.794941 0.258819 -0.548708
vn -0.850558 0.000000 -0.525881
vn -0.903156 0.258819 -0.342522
vn -0.948571 0.000000 -0.316563
vn -0.940756 0.130840 -0.312823
vn -0.917606 0.259365 -0.301212
vn -0.880263 0.382889 -0.280237
vn -0.809748 0.500000 -0.307097
vn -0.830603 0.498483 -0.248220
vn -0.772463 0.601670 -0.203211
vn -0.661156 0.707107 -0.250744
vn -0.713069 0.686019 -0.144606
vn -0.686857 0.718268 -0.110990
vn -0.665776 0.742364 -0.075089
vn -0.496354 0.866025 -0.060268
vn -0.467508 0.866025 -0.177302
vn -0.581937 0.707107 -0.401682
vn -0.712725 0.500000 -0.491959
vn -0.574281 0.500000 -0.648229
vn -0.651965 0.757304 -0.037844
vn -0.647059 0.762440 0.000006
vn -0.651884 0.757371 0.037892
vn -0.665745 0.742401 0.074996
vn -0.707107 -0.000000 0.707107
vn 0.411492 0.866025 -0.284032
vn 0.331561 0.866025 -0.374255
vn 0.232362 0.866025 -0.442728
vn 0.581937 0.707107 -0.401682
vn 0.468899 0.707107 -0.529277
vn 0.712725 0.500000 0.491959
vn 0.574281 0.500000 0.648229
vn -0.411492 0.866025 -0.284032
vn -0.468899 0.707107 -0.529277
vn 0.239316 -0.000000 0.970942
vn 0.107162 -0.000000 0.994242
vn -0.000000 -0.000000 1.000000
vn -0.107162 -0.000000 0.994242
vn -0.239316 -0.000000 0.970942
vn -0.464723 -0.000000 0.885456
vn 0.464723 -0.000000 0.885456
vn 0.663123 -0.000000 0.748511
vn 0.822984 -0.000000 0.568065
vn 0.935016 -0.000000 0.354605
vn 0.948571 -0.000000 0.316563
vn 0.992709 -0.000000 0.120537
vn 0.994242 -0.000000 0.107162
vn 0.992709 -0.000000 -0.120537
vn 0.994242 -0.000000 -0.107162
vn 0.948571 -0.000000 -0.316563
vn 0.935016 -0.000000 -0.354605
vn 0.822984 -0.000000 -0.568065
vn 0.663123 -0.000000 -0.748511
vn 0.464723 -0.000000 -0.885456
vn 0.316563 -0.000000 -0.948571
vn 0.239316 -0.000000 -0.970942
vn 0.107162 -0.000000 -0.994242
vn 0.000000 -0.000000 -1.000000
vn -0.107162 0.000000 -0.994242
vn -0.239316 0.000000 -0.970942
vn -0.316563 0.000000 -0.948571
vn -0.464723 0.000000 -0.885456
vn -0.663123 0.000000 -0.748511
vn -0.822984 0.000000 -0.568065
vn -0.935016 0.000000 -0.354605
vn -0.948571 0.000000 -0.316563
vn -0.992709 0.000000 -0.120537
vn -0.994242 0.000000 -0.107162
vn -0.992709 -0.000000 0.120537
vn -0.994242 -0.000000 0.107162
vn -0.948571 -0.000000 0.316563
vn -0.935016 -0.000000 0.354605
vn -0.822984 -0.000000 0.568065
vn -0.663123 -0.000000 0.748511
vn -0.996012 -0.000000 0.089221
vn -0.996012 -0.000000 0.089221
vn -0.996012 -0.000000 0.089221
vn -0.996012 -0.000000 0.089221
vn -0.989732 -0.000000 -0.142932
vn -0.989732 -0.000000 -0.142932
vn -0.930072 -0.000000 -0.367377
vn -0.930072 -0.000000 -0.367377
vn -0.820248 -0.000000 -0.572008
vn -0.820248 -0.000000 -0.572008
vn -0.666185 -0.000000 -0.745787
vn -0.666185 -0.000000 -0.745787
vn -0.476190 -0.000000 -0.879342
vn -0.666185 -0.000000 -0.745787
vn -0.666185 -0.000000 -0.745787
vn -0.820248 -0.000000 -0.572008
vn -0.820248 -0.000000 -0.572008
vn -0.930072 -0.000000 -0.367377
vn -0.930072 -0.000000 -0.367377
vn -0.989732 -0.000000 -0.142932
vn -0.989732 -0.000000 -0.142932
vn -0.996012 -0.000000 0.089221
vn -0.996012 -0.000000 0.089221
vn -0.989732 -0.000000 -0.142932
vn -0.989732 -0.000000 -0.142932
vn -0.930072 -0.000000 -0.367377
vn -0.930072 -0.000000 -0.367377
vn -0.820248 -0.000000 -0.572008
vn -0.820248 -0.000000 -0.572008
vn -0.666185 -0.000000 -0.745787
vn -0.666185 -0.000000 -0.745787
vn -0.476190 -0.000000 -0.879342
vn -0.666185 -0.000000 -0.745787
vn -0.666185 -0.000000 -0.745787
vn -0.666185 -0.000000 -0.745787
vn -0.820248 -0.000000 -0.572008
vn -0.996012 -0.000000 0.089221
vn -0.996012 -0.000000 0.089221
vn -0.996012 -0.000000 0.089221
vn -0.989732 -0.000000 -0.142932
vn -0.989732 -0.000000 -0.142932
vn -0.930072 -0.000000 -0.367377
vn -0.996012 -0.000000 0.089221
vn -0.989732 -0.000000 -0.142932
vn -0.989732 -0.000000 -0.142932
vn -0.930072 -0.000000 -0.367377
vn -0.930072 -0.000000 -0.367377
vn -0.820248 -0.000000 -0.572008
vn -0.666185 -0.000000 -0.745787
vn -0.930072 -0.000000 -0.367377
vn -0.820248 -0.000000 -0.572008
vn -0.820248 -0.000000 -0.572008
vn -0.533418 -0.000630 -0.845851
vn -0.682422 0.043411 -0.729668
vn -0.666176 -0.000000 -0.745794
vn -0.793101 0.075895 -0.604344
vn -0.820275 -0.000000 -0.571970
vn -0.881705 0.106438 -0.459638
vn -0.943320 0.133534 -0.303836
vn -0.989726 -0.000000 -0.142978
vn -0.977965 0.156983 -0.137626
vn -0.985112 0.169808 -0.026827
vn -0.941207 0.315432 -0.120966
vn -0.939079 0.342961 -0.022555
vn -0.916695 0.385143 -0.106471
vn -0.906827 0.421066 -0.019203
vn -0.891536 0.443538 -0.091860
vn -0.873316 0.486821 -0.017994
vn -0.868226 0.490839 -0.072534
vn -0.840891 0.540978 -0.015647
vn -0.851097 0.522632 -0.049895
vn -0.816586 0.577116 -0.011109
vn -0.842075 0.538508 -0.030312
vn -0.803461 0.595309 -0.007563
vn -0.837824 0.545884 -0.007816
vn -0.797101 0.603843 -0.002116
vn -0.838546 0.544615 0.015365
vn -0.798187 0.602393 0.004601
vn -0.844174 0.534942 0.034751
vn -0.806345 0.591386 0.008350
vn -0.858758 0.508734 0.061026
vn -0.827602 0.561156 0.013392
vn -0.878798 0.469953 0.082821
vn -0.855918 0.516824 0.017247
vn -0.926644 0.358436 0.113381
vn -0.920162 0.390967 0.021123
vn -0.960085 0.247988 0.129381
vn -0.962820 0.269040 0.024383
vn -0.981728 0.129378 0.139543
vn -0.989827 0.139596 0.027473
vn -0.989726 -0.000000 0.142978
vn -0.996011 0.000000 -0.089233
vn -0.978024 0.151701 -0.143024
vn -0.940743 0.130968 -0.312808
vn -0.917701 0.259373 -0.300915
vn -0.945791 0.295157 -0.135505
vn -0.880346 0.382683 -0.280258
vn -0.893272 0.433306 -0.119626
vn -0.830619 0.498442 -0.248249
vn -0.771878 0.602612 -0.202639
vn -0.809346 0.581430 -0.083063
vn -0.713254 0.685589 -0.145726
vn -0.770357 0.634826 -0.059559
vn -0.686966 0.718116 -0.111303
vn -0.740137 0.671689 -0.032110
vn -0.665810 0.742305 -0.075370
vn -0.651929 0.757344 -0.037669
vn -0.728533 0.684907 -0.011914
vn -0.647059 0.762440 -0.000003
vn -0.726951 0.686657 0.006624
vn -0.651892 0.757362 0.037948
vn -0.736206 0.676206 0.027319
vn -0.665805 0.742164 0.076787
vn -0.754826 0.654144 0.048313
vn -0.686485 0.718307 0.113019
vn -0.711942 0.687075 0.145144
vn -0.788525 0.610843 0.071408
vn -0.740831 0.648644 0.174445
vn -0.832579 0.545712 0.094922
vn -0.772456 0.601681 0.203206
vn -0.876060 0.468543 0.113957
vn -0.830888 0.497812 0.248614
vn -0.917005 0.377971 0.127434
vn -0.879707 0.384400 0.279914
vn -0.917704 0.259123 0.301121
vn -0.972412 0.185254 0.141761
vn -0.940841 0.130899 0.312544
vn -0.996011 -0.000000 0.089233
vn -0.945092 0.110497 0.307556
vn -0.930072 -0.000000 0.367377
vn -0.880967 0.088503 0.464828
vn -0.820275 -0.000000 0.571970
vn -0.789348 0.063569 0.610646
vn -0.666176 -0.000000 0.745794
vn -0.675407 0.036943 0.736520
vn -0.476190 -0.000000 0.879342
vn -0.533560 0.000199 0.845762
vn -0.713434 0.068115 0.697404
vn -0.690551 0.000000 0.723283
vn -0.775861 0.097403 0.623340
vn -0.792433 -0.000192 0.609960
vn -0.881361 0.123704 0.455960
vn -0.892979 -0.000128 0.450099
vn -0.932814 0.132719 0.335028
vn -0.936204 -0.000000 0.351457
vn -0.972485 0.137926 0.187746
vn -0.970757 -0.000866 0.240064
vn -0.992210 -0.000195 0.124574
vn -0.986997 0.140682 0.077756
vn -0.997963 -0.000012 0.063803
vn -1.000000 -0.000000 -0.000048
vn -0.989161 0.141019 -0.040912
vn -0.992413 -0.000042 -0.122948
vn -0.976859 0.139614 -0.162033
vn -0.969805 0.000261 -0.243880
vn -0.952216 0.135516 -0.273715
vn -0.935650 -0.000744 -0.352929
vn -0.893261 -0.002115 -0.449534
vn -0.908448 0.126736 -0.398322
vn -0.792364 -0.000047 -0.610049
vn -0.852582 0.117498 -0.509214
vn -0.798918 0.102958 -0.592562
vn -0.856125 0.180628 -0.484172
vn -0.826531 0.151366 -0.542158
vn -0.887187 0.211978 -0.409835
vn -0.691559 -0.000828 -0.722319
vn -0.746305 0.087503 -0.659828
vn -0.925374 0.266780 -0.269279
vn -0.915782 0.323264 -0.238419
vn -0.906209 0.370467 -0.203812
vn -0.899205 0.407628 -0.158964
vn -0.894723 0.433143 -0.108895
vn -0.892814 0.445720 -0.064933
vn -0.892151 0.451435 -0.016495
vn -0.892250 0.450424 0.031747
vn -0.893551 0.442664 0.074942
vn -0.896601 0.422254 0.133449
vn -0.901913 0.391548 0.182329
vn -0.919279 0.301818 0.252651
vn -0.934506 0.210189 0.287260
vn -0.895642 0.254981 -0.364431
vn -0.886459 0.205920 -0.414473
vn -0.904571 0.291154 -0.311416
vn -0.916327 0.318624 -0.242537
vn -0.926267 0.338268 -0.166144
vn -0.932367 0.347814 -0.098576
vn -0.935670 0.351994 -0.024939
vn -0.935078 0.351222 0.047673
vn -0.931566 0.345234 0.114010
vn -0.921682 0.330215 0.203619
vn -0.910081 0.307106 0.278277
vn -0.891396 0.238816 0.385201
vn -0.884260 0.167099 0.436076
vn -0.919420 0.224111 -0.323173
vn -0.945588 0.238227 -0.221612
vn -0.960607 0.244972 -0.131237
vn -0.968263 0.247725 -0.033150
vn -0.966911 0.247176 0.063146
vn -0.958091 0.242842 0.151953
vn -0.933849 0.232856 0.271486
vn -0.903134 0.216928 0.370529
vn -0.842867 0.169777 0.510638
vn -0.809279 0.119009 0.575244
vn -0.996012 -0.000000 -0.089221
vn -0.996012 -0.000000 -0.089221
vn -0.996012 -0.000000 -0.089221
vn -0.996012 -0.000000 -0.089221
vn -0.989732 -0.000000 0.142932
vn -0.989732 -0.000000 0.142932
vn -0.930072 -0.000000 0.367377
vn -0.930072 -0.000000 0.367377
vn -0.820248 -0.000000 0.572008
vn -0.820248 -0.000000 0.572008
vn -0.666185 -0.000000 0.745787
vn -0.666185 -0.000000 0.745787
vn -0.666185 -0.000000 0.745787
vn -0.666185 -0.000000 0.745787
vn -0.820248 -0.000000 0.572008
vn -0.820248 -0.000000 0.572008
vn -0.930072 -0.000000 0.367377
vn -0.989732 -0.000000 0.142932
vn -0.989732 -0.000000 0.142932
vn -0.996012 -0.000000 -0.089221
vn -0.996012 -0.000000 -0.089221
vn -0.989732 -0.000000 0.142932
vn -0.989732 -0.000000 0.142932
vn -0.930072 -0.000000 0.367377
vn -0.930072 -0.000000 0.367377
vn -0.820248 -0.000000 0.572008
vn -0.820248 -0.000000 0.572008
vn -0.666185 -0.000000 0.745787
vn -0.666185 -0.000000 0.745787
vn -0.476190 -0.000000 0.879342
vn -0.666185 -0.000000 0.745787
vn -0.666185 -0.000000 0.745787
vn -0.666185 -0.000000 0.745787
vn -0.820248 -0.000000 0.572008
vn -0.996012 -0.000000 -0.089221
vn -0.996012 -0.000000 -0.089221
vn -0.996012 -0.000000 -0.089221
vn -0.989732 -0.000000 0.142932
vn -0.989732 -0.000000 0.142932
vn -0.930072 -0.000000 0.367377
vn -0.996012 -0.000000 -0.089221
vn -0.989732 -0.000000 0.142932
vn -0.989732 -0.000000 0.142932
vn -0.930072 -0.000000 0.367377
vn -0.930072 -0.000000 0.367377
vn -0.820248 -0.000000 0.572008
vn -0.666185 -0.000000 0.745787
vn -0.930072 -0.000000 0.367377
vn -0.820248 -0.000000 0.572008
vn -0.820248 -0.000000 0.572008
vn -0.089221 -0.000000 -0.996012
vn -0.089221 -0.000000 -0.996012
vn -0.089221 -0.000000 -0.996012
vn -0.089221 -0.000000 -0.996012
vn 0.142932 -0.000000 -0.989732
vn 0.142932 -0.000000 -0.989732
vn 0.367377 -0.000000 -0.930072
vn 0.367377 -0.000000 -0.930072
vn 0.572008 -0.000000 -0.820248
vn 0.572008 -0.000000 -0.820248
vn 0.745787 -0.000000 -0.666185
vn 0.745787 -0.000000 -0.666185
vn 0.879342 -0.000000 -0.476190
vn 0.745787 -0.000000 -0.666185
vn 0.745787 -0.000000 -0.666185
vn 0.572008 -0.000000 -0.820248
vn 0.572008 -0.000000 -0.820248
vn 0.367377 -0.000000 -0.930072
vn 0.367377 -0.000000 -0.930072
vn 0.142932 -0.000000 -0.989732
vn 0.142932 -0.000000 -0.989732
vn -0.089221 -0.000000 -0.996012
vn -0.089221 -0.000000 -0.996012
vn 0.142932 -0.000000 -0.989732
vn 0.142932 -0.000000 -0.989732
vn 0.367377 -0.000000 -0.930072
vn 0.367377 -0.000000 -0.930072
vn 0.572008 -0.000000 -0.820248
vn 0.572008 -0.000000 -0.820248
vn 0.745787 -0.000000 -0.666185
vn 0.745787 -0.000000 -0.666185
vn 0.879342 -0.000000 -0.476190
vn 0.745787 -0.000000 -0.666185
vn 0.745787 -0.000000 -0.666185
vn 0.745787 -0.000000 -0.666185
vn 0.572008 -0.000000 -0.820248
vn -0.089221 -0.000000 -0.996012
vn -0.089221 -0.000000 -0.996012
vn -0.089221 -0.000000 -0.996012
vn 0.142932 -0.000000 -0.989732
vn 0.142932 -0.000000 -0.989732
vn 0.367377 -0.000000 -0.930072
vn -0.089221 -0.000000 -0.996012
vn 0.142932 -0.000000 -0.989732
vn 0.142932 -0.000000 -0.989732
vn 0.367377 -0.000000 -0.930072
vn 0.367377 -0.000000 -0.930072
vn 0.572008 -0.000000 -0.820248
vn 0.745787 -0.000000 -0.666185
vn 0.367377 -0.000000 -0.930072
vn 0.572008 -0.000000 -0.820248
vn 0.572008 -0.000000 -0.820248
vn 0.845851 -0.000630 -0.533418
vn 0.729668 0.043411 -0.682422
vn 0.745794 0.000000 -0.666176
vn 0.604344 0.075895 -0.793101
vn 0.571970 0.000000 -0.820275
vn 0.459638 0.106438 -0.881705
vn 0.303836 0.133534 -0.943320
vn 0.142978 0.000000 -0.989726
vn 0.137626 0.156983 -0.977965
vn 0.026827 0.169808 -0.985112
vn 0.120966 0.315432 -0.941207
vn 0.022555 0.342961 -0.939079
vn 0.106471 0.385143 -0.916695
vn 0.019203 0.421066 -0.906827
vn 0.091860 0.443538 -0.891536
vn 0.017994 0.486821 -0.873316
vn 0.072534 0.490839 -0.868226
vn 0.015647 0.540978 -0.840891
vn 0.049895 0.522632 -0.851097
vn 0.011109 0.577116 -0.816586
vn 0.030314 0.538507 -0.842075
vn 0.007563 0.595308 -0.803462
vn 0.007819 0.545884 -0.837824
vn 0.002116 0.603842 -0.797101
vn -0.015363 0.544615 -0.838545
vn -0.004600 0.602393 -0.798186
vn -0.034749 0.534943 -0.844173
vn -0.008349 0.591388 -0.806344
vn -0.061022 0.508740 -0.858755
vn -0.013391 0.561163 -0.827597
vn -0.082814 0.469967 -0.878790
vn -0.017246 0.516841 -0.855908
vn -0.113373 0.358474 -0.926630
vn -0.021122 0.391010 -0.920144
vn -0.129374 0.248041 -0.960072
vn -0.024382 0.269099 -0.962804
vn -0.139541 0.129408 -0.981724
vn -0.027472 0.139629 -0.989823
vn -0.142978 0.000000 -0.989726
vn 0.089233 -0.000000 -0.996011
vn 0.143023 0.151737 -0.978019
vn 0.312809 0.130968 -0.940743
vn 0.300915 0.259373 -0.917701
vn 0.135500 0.295223 -0.945771
vn 0.280258 0.382682 -0.880346
vn 0.119618 0.433355 -0.893249
vn 0.248249 0.498443 -0.830619
vn 0.202639 0.602612 -0.771879
vn 0.083056 0.581449 -0.809332
vn 0.145726 0.685590 -0.713254
vn 0.059554 0.634835 -0.770350
vn 0.111303 0.718116 -0.686966
vn 0.032108 0.671691 -0.740136
vn 0.075370 0.742305 -0.665810
vn 0.037669 0.757344 -0.651929
vn 0.011911 0.684908 -0.728532
vn 0.000003 0.762440 -0.647059
vn -0.006627 0.686657 -0.726951
vn -0.037948 0.757362 -0.651892
vn -0.027321 0.676205 -0.736207
vn -0.076787 0.742164 -0.665805
vn -0.048313 0.654144 -0.754826
vn -0.113019 0.718307 -0.686485
vn -0.145144 0.687075 -0.711942
vn -0.071408 0.610843 -0.788525
vn -0.174445 0.648644 -0.740831
vn -0.094922 0.545712 -0.832579
vn -0.203206 0.601681 -0.772456
vn -0.113957 0.468543 -0.876060
vn -0.248614 0.497812 -0.830888
vn -0.127434 0.377971 -0.917005
vn -0.279914 0.384400 -0.879707
vn -0.301121 0.259123 -0.917704
vn -0.141762 0.185254 -0.972412
vn -0.312544 0.130899 -0.940841
vn -0.089233 0.000000 -0.996011
vn -0.307553 0.110523 -0.945090
vn -0.367377 0.000000 -0.930072
vn -0.464823 0.088523 -0.880967
vn -0.571970 0.000000 -0.820275
vn -0.610641 0.063583 -0.789351
vn -0.745794 0.000000 -0.666176
vn -0.736514 0.036952 -0.675413
vn -0.879342 0.000000 -0.476190
vn -0.845762 0.000200 -0.533560
vn -0.697378 0.068129 -0.713458
vn -0.723284 0.000000 -0.690551
vn -0.623303 0.097412 -0.775889
vn -0.609960 -0.000192 -0.792433
vn -0.455925 0.123708 -0.881379
vn -0.450099 -0.000128 -0.892979
vn -0.335002 0.132721 -0.932823
vn -0.351457 -0.000000 -0.936204
vn -0.187737 0.137926 -0.972487
vn -0.240063 -0.000866 -0.970757
vn -0.124573 -0.000195 -0.992210
vn -0.077744 0.140682 -0.986998
vn -0.063803 -0.000012 -0.997962
vn 0.000047 -0.000000 -1.000000
vn 0.040927 0.141019 -0.989161
vn 0.122949 -0.000042 -0.992413
vn 0.162040 0.139614 -0.976858
vn 0.243880 0.000261 -0.969805
vn 0.273715 0.135516 -0.952216
vn 0.352929 -0.000744 -0.935650
vn 0.449534 -0.002115 -0.893261
vn 0.398322 0.126736 -0.908448
vn 0.610049 -0.000047 -0.792364
vn 0.509214 0.117498 -0.852582
vn 0.592562 0.102958 -0.798918
vn 0.484172 0.180628 -0.856125
vn 0.542158 0.151366 -0.826531
vn 0.409835 0.211978 -0.887187
vn 0.722319 -0.000828 -0.691559
vn 0.659828 0.087503 -0.746305
vn 0.269279 0.266780 -0.925374
vn 0.238419 0.323264 -0.915782
vn 0.203812 0.370467 -0.906209
vn 0.158964 0.407628 -0.899205
vn 0.108895 0.433143 -0.894723
vn 0.064936 0.445719 -0.892814
vn 0.016501 0.451435 -0.892151
vn -0.031743 0.450424 -0.892250
vn -0.074938 0.442664 -0.893550
vn -0.133439 0.422259 -0.896600
vn -0.182315 0.391560 -0.901910
vn -0.252635 0.301849 -0.919273
vn -0.287247 0.210234 -0.934500
vn 0.364431 0.254981 -0.895642
vn 0.414473 0.205920 -0.886459
vn 0.311416 0.291154 -0.904571
vn 0.242537 0.318624 -0.916327
vn 0.166144 0.338268 -0.926267
vn 0.098580 0.347814 -0.932367
vn 0.024948 0.351994 -0.935670
vn -0.047666 0.351222 -0.935078
vn -0.114004 0.345234 -0.931567
vn -0.203603 0.330219 -0.921684
vn -0.278255 0.307115 -0.910085
vn -0.385177 0.238840 -0.891400
vn -0.436058 0.167134 -0.884262
vn 0.323173 0.224111 -0.919420
vn 0.221612 0.238227 -0.945588
vn 0.131243 0.244972 -0.960606
vn 0.033162 0.247725 -0.968263
vn -0.063136 0.247176 -0.966911
vn -0.151946 0.242843 -0.958092
vn -0.271465 0.232859 -0.933854
vn -0.370500 0.216934 -0.903144
vn -0.510606 0.169794 -0.842883
vn -0.575221 0.119033 -0.809291
vn 0.089221 -0.000000 -0.996012
vn 0.089221 -0.000000 -0.996012
vn 0.089221 -0.000000 -0.996012
vn 0.089221 -0.000000 -0.996012
vn -0.142932 -0.000000 -0.989732
vn -0.142932 -0.000000 -0.989732
vn -0.367377 -0.000000 -0.930072
vn -0.367377 -0.000000 -0.930072
vn -0.572008 -0.000000 -0.820248
vn -0.572008 -0.000000 -0.820248
vn -0.745787 -0.000000 -0.666185
vn -0.745787 -0.000000 -0.666185
vn -0.745787 -0.000000 -0.666185
vn -0.745787 -0.000000 -0.666185
vn -0.572008 -0.000000 -0.820248
vn -0.572008 -0.000000 -0.820248
vn -0.367377 -0.000000 -0.930072
vn -0.142932 -0.000000 -0.989732
vn -0.142932 -0.000000 -0.989732
vn 0.089221 -0.000000 -0.996012
vn 0.089221 -0.000000 -0.996012
vn -0.142932 -0.000000 -0.989732
vn -0.142932 -0.000000 -0.989732
vn -0.367377 -0.000000 -0.930072
vn -0.367377 -0.000000 -0.930072
vn -0.572008 -0.000000 -0.820248
vn -0.572008 -0.000000 -0.820248
vn -0.745787 -0.000000 -0.666185
vn -0.745787 -0.000000 -0.666185
vn -0.879342 -0.000000 -0.476190
vn -0.745787 -0.000000 -0.666185
vn -0.745787 -0.000000 -0.666185
vn -0.745787 -0.000000 -0.666185
vn -0.572008 -0.000000 -0.820248
vn 0.089221 -0.000000 -0.996012
vn 0.089221 -0.000000 -0.996012
vn 0.089221 -0.000000 -0.996012
vn -0.142932 -0.000000 -0.989732
vn -0.142932 -0.000000 -0.989732
vn -0.367377 -0.000000 -0.930072
vn 0.089221 -0.000000 -0.996012
vn -0.142932 -0.000000 -0.989732
vn -0.142932 -0.000000 -0.989732
vn -0.367377 -0.000000 -0.930072
vn -0.367377 -0.000000 -0.930072
vn -0.572008 -0.000000 -0.820248
vn -0.745787 -0.000000 -0.666185
vn -0.367377 -0.000000 -0.930072
vn -0.572008 -0.000000 -0.820248
vn -0.572008 -0.000000 -0.820248
vn 0.666185 -0.000000 -0.745787
vn 0.666185 -0.000000 -0.745787
vn 0.476190 -0.000000 -0.879342
vn 0.666185 -0.000000 -0.745787
vn 0.666185 -0.000000 -0.745787
vn 0.820248 -0.000000 -0.572008
vn 0.820248 -0.000000 -0.572008
vn 0.930072 -0.000000 -0.367377
vn 0.930072 -0.000000 -0.367377
vn 0.989732 -0.000000 -0.142932
vn 0.989732 -0.000000 -0.142932
vn 0.996012 -0.000000 0.089221
vn 0.996012 -0.000000 0.089221
vn 0.996012 -0.000000 0.089221
vn 0.996012 -0.000000 0.089221
vn 0.989732 -0.000000 -0.142932
vn 0.989732 -0.000000 -0.142932
vn 0.930072 -0.000000 -0.367377
vn 0.930072 -0.000000 -0.367377
vn 0.820248 -0.000000 -0.572008
vn 0.820248 -0.000000 -0.572008
vn 0.666185 -0.000000 -0.745787
vn 0.666185 -0.000000 -0.745787
vn 0.476190 -0.000000 -0.879342
vn 0.820248 -0.000000 -0.572008
vn 0.820248 -0.000000 -0.572008
vn 0.930072 -0.000000 -0.367377
vn 0.930072 -0.000000 -0.367377
vn 0.989732 -0.000000 -0.142932
vn 0.989732 -0.000000 -0.142932
vn 0.996012 -0.000000 0.089221
vn 0.996012 -0.000000 0.089221
vn 0.996012 -0.000000 0.089221
vn 0.996012 -0.000000 0.089221
vn 0.996012 -0.000000 0.089221
vn 0.989732 -0.000000 -0.142932
vn 0.666185 -0.000000 -0.745787
vn 0.666185 -0.000000 -0.745787
vn 0.666185 -0.000000 -0.745787
vn 0.820248 -0.000000 -0.572008
vn 0.820248 -0.000000 -0.572008
vn 0.930072 -0.000000 -0.367377
vn 0.666185 -0.000000 -0.745787
vn 0.820248 -0.000000 -0.572008
vn 0.820248 -0.000000 -0.572008
vn 0.930072 -0.000000 -0.367377
vn 0.930072 -0.000000 -0.367377
vn 0.989732 -0.000000 -0.142932
vn 0.996012 -0.000000 0.089221
vn 0.930072 -0.000000 -0.367377
vn 0.989732 -0.000000 -0.142932
vn 0.989732 -0.000000 -0.142932
vn 0.533168 0.000199 0.846010
vn 0.476190 0.000000 0.879342
vn 0.677053 0.037785 0.734963
vn 0.666176 0.000000 0.745794
vn 0.790270 0.066022 0.609192
vn 0.820275 0.000000 0.571970
vn 0.881202 0.092542 0.463594
vn 0.930072 0.000000 0.367377
vn 0.944734 0.116020 0.306622
vn 0.989726 0.000000 0.142978
vn 0.980872 0.136278 0.138989
vn 0.988712 0.147286 0.027480
vn 0.954264 0.270618 0.127069
vn 0.955623 0.293603 0.024120
vn 0.927090 0.357403 0.112987
vn 0.920602 0.389941 0.020948
vn 0.896202 0.433173 0.095833
vn 0.879844 0.474884 0.018970
vn 0.866436 0.494328 0.070205
vn 0.838565 0.544591 0.015153
vn 0.844700 0.533970 0.036862
vn 0.807203 0.590202 0.009247
vn 0.838826 0.544092 0.018271
vn 0.798729 0.601664 0.005685
vn 0.837657 0.546156 -0.006653
vn 0.796933 0.604060 -0.002885
vn 0.841049 0.540292 -0.026850
vn 0.801870 0.597451 -0.007521
vn 0.848883 0.526770 -0.043711
vn 0.813013 0.582161 -0.009941
vn 0.872805 0.482243 -0.075183
vn 0.847337 0.530844 -0.014985
vn 0.902588 0.418702 -0.100119
vn 0.888492 0.458476 -0.019507
vn 0.935990 0.331797 -0.117618
vn 0.932130 0.361464 -0.021824
vn 0.963593 0.232886 -0.131350
vn 0.967341 0.252218 -0.025227
vn 0.982935 0.119380 -0.139957
vn 0.991262 0.128947 -0.027789
vn 0.989726 -0.000000 -0.142978
vn 0.996011 -0.000000 0.089233
vn 0.979675 0.140369 0.143292
vn 0.940777 0.130779 0.312788
vn 0.917561 0.259778 0.300995
vn 0.951370 0.276022 0.136774
vn 0.880424 0.382555 0.280187
vn 0.908111 0.399756 0.124615
vn 0.829866 0.500002 0.247630
vn 0.852691 0.511970 0.103947
vn 0.772173 0.601770 0.204012
vn 0.797397 0.598477 0.077358
vn 0.742770 0.645684 0.177158
vn 0.713346 0.685608 0.145185
vn 0.749273 0.660932 0.041930
vn 0.686888 0.718208 0.111183
vn 0.665830 0.742273 0.075501
vn 0.733650 0.679164 0.022205
vn 0.651951 0.757332 0.037536
vn 0.726626 0.687027 0.002928
vn 0.647068 0.762433 -0.000373
vn 0.729282 0.684076 -0.013681
vn 0.651870 0.757395 -0.037668
vn 0.665702 0.742399 -0.075400
vn 0.741281 0.670374 -0.033192
vn 0.686769 0.718347 -0.111024
vn 0.785522 0.614936 -0.069343
vn 0.713174 0.685864 -0.144821
vn 0.742554 0.646117 -0.176484
vn 0.841318 0.531435 -0.098797
vn 0.772138 0.602026 -0.203390
vn 0.830713 0.498263 -0.248293
vn 0.893660 0.432451 -0.119820
vn 0.880262 0.382962 -0.280142
vn 0.937213 0.322356 -0.133108
vn 0.917613 0.259446 -0.301121
vn 0.976680 0.160497 -0.142611
vn 0.940812 0.130830 -0.312659
vn 0.996011 -0.000000 -0.089233
vn 0.945761 0.101719 -0.308528
vn 0.880912 0.081202 -0.466262
vn 0.820275 -0.000000 -0.571970
vn 0.788392 0.057989 -0.612434
vn 0.666176 -0.000000 -0.745794
vn 0.673452 0.033248 -0.738483
vn 0.533185 0.000953 -0.845998
vn 0.705945 0.065055 -0.705272
vn 0.690251 0.000492 -0.723569
vn 0.758463 0.089594 -0.645528
vn 0.825252 0.112076 -0.553533
vn 0.870514 0.195838 -0.451500
vn 0.913699 0.221524 -0.340706
vn 0.914382 0.314135 -0.255391
vn 0.929304 0.339532 -0.145301
vn 0.894998 0.435782 -0.095244
vn 0.892877 0.446761 -0.056339
vn 0.792677 -0.000155 -0.609642
vn 0.898737 0.125944 -0.420011
vn 0.951661 0.238231 -0.193874
vn 0.933577 0.348152 -0.084997
vn 0.892154 0.451562 -0.012385
vn 0.893142 -0.000251 -0.449776
vn 0.961525 0.134363 -0.239616
vn 0.963026 0.244647 -0.112822
vn 0.935837 0.351976 -0.017938
vn 0.892255 0.449976 0.037466
vn 0.937560 -0.002689 -0.347814
vn 0.970560 -0.002075 -0.240852
vn 0.980526 0.138664 -0.139070
vn 0.991853 -0.000608 -0.127383
vn 0.989644 0.140716 -0.028359
vn 0.997783 -0.000219 -0.066544
vn 0.999998 -0.000054 -0.001986
vn 0.997929 0.000062 0.064322
vn 0.985883 0.140360 0.091288
vn 0.966215 0.246823 0.074216
vn 0.957036 0.242036 0.159687
vn 0.931132 0.344395 0.119942
vn 0.917241 0.321499 0.235174
vn 0.898619 0.410790 0.154065
vn 0.907512 0.362269 0.212561
vn 0.991936 -0.000063 0.126739
vn 0.970734 0.137144 0.197150
vn 0.922141 0.226724 0.313452
vn 0.901885 0.285028 0.324595
vn 0.919748 0.300678 0.252302
vn 0.970274 -0.001229 0.242007
vn 0.937219 -0.002175 0.348735
vn 0.913236 0.129063 0.386450
vn 0.893012 -0.000052 0.450033
vn 0.792421 0.000026 0.609975
vn 0.840219 0.115301 0.529847
vn 0.690662 -0.000383 0.723178
vn 0.776180 0.096103 0.623145
vn 0.722496 0.075049 0.687290
vn 0.813841 0.130280 0.566295
vn 0.931479 0.229390 0.282361
vn 0.884697 0.182506 0.428956
vn 0.891850 0.237596 0.384905
vn 0.843268 0.168503 0.510397
vn 0.879154 0.201784 0.431707
vn 0.893642 0.441772 0.079000
vn 0.934757 0.350829 0.056114
vn 0.968592 0.247562 -0.023311
vn 0.900696 0.401134 -0.166846
vn 0.909675 0.350717 -0.222460
vn 0.923530 0.279656 -0.262461
vn 0.935963 0.197859 -0.291247
vn 0.899039 0.276314 -0.339674
vn 0.833519 0.157070 -0.529693
vn 0.889410 0.221300 -0.399970
vn 0.883156 0.157720 -0.441768
vn 0.805116 0.112753 -0.582301
vn 0.666185 0.000000 0.745787
vn 0.666185 0.000000 0.745787
vn 0.476190 0.000000 0.879342
vn 0.666185 0.000000 0.745787
vn 0.666185 0.000000 0.745787
vn 0.820248 0.000000 0.572008
vn 0.820248 0.000000 0.572008
vn 0.930072 0.000000 0.367377
vn 0.930072 0.000000 0.367377
vn 0.989732 0.000000 0.142932
vn 0.989732 0.000000 0.142932
vn 0.996012 0.000000 -0.089221
vn 0.996012 0.000000 -0.089221
vn 0.996012 0.000000 -0.089221
vn 0.996012 0.000000 -0.089221
vn 0.989732 0.000000 0.142932
vn 0.989732 0.000000 0.142932
vn 0.930072 0.000000 0.367377
vn 0.820248 0.000000 0.572008
vn 0.820248 0.000000 0.572008
vn 0.666185 0.000000 0.745787
vn 0.666185 0.000000 0.745787
vn 0.820248 0.000000 0.572008
vn 0.820248 0.000000 0.572008
vn 0.930072 0.000000 0.367377
vn 0.930072 0.000000 0.367377
vn 0.989732 0.000000 0.142932
vn 0.989732 0.000000 0.142932
vn 0.996012 0.000000 -0.089221
vn 0.996012 0.000000 -0.089221
vn 0.996012 0.000000 -0.089221
vn 0.996012 0.000000 -0.089221
vn 0.996012 0.000000 -0.089221
vn 0.989732 0.000000 0.142932
vn 0.666185 0.000000 0.745787
vn 0.666185 0.000000 0.745787
vn 0.666185 0.000000 0.745787
vn 0.820248 0.000000 0.572008
vn 0.820248 0.000000 0.572008
vn 0.930072 0.000000 0.367377
vn 0.666185 0.000000 0.745787
vn 0.820248 0.000000 0.572008
vn 0.820248 0.000000 0.572008
vn 0.930072 0.000000 0.367377
vn 0.930072 0.000000 0.367377
vn 0.989732 0.000000 0.142932
vn 0.996012 0.000000 -0.089221
vn 0.930072 0.000000 0.367377
vn 0.989732 0.000000 0.142932
vn 0.989732 0.000000 0.142932
vn 0.670654 0.000000 0.741770
vn 0.670654 0.000000 0.741770
vn 0.670654 0.000000 0.741770
vn 0.827064 0.000000 0.562108
vn 0.827064 0.000000 0.562108
vn 0.936496 0.000000 0.350677
vn 0.936449 0.000000 0.350803
vn 0.992882 0.000000 0.119103
vn 0.992882 0.000000 0.119103
vn 0.992882 0.000000 -0.119103
vn 0.992882 0.000000 -0.119103
vn 0.936440 0.000000 -0.350829
vn 0.936388 0.000000 -0.350967
vn 0.827064 0.000000 -0.562108
vn 0.827064 0.000000 -0.562108
vn 0.670654 0.000000 -0.741770
vn 0.670654 0.000000 -0.741770
vn 0.533229 0.000000 -0.845971
vn 0.533212 0.000000 0.845982
vn 0.670654 0.000000 0.741770
vn 0.670654 0.000000 0.741770
vn 0.827064 0.000000 0.562108
vn 0.690471 0.000000 0.723360
vn 0.827064 0.000000 0.562108
vn 0.827064 0.000000 0.562108
vn 0.936355 0.000000 0.351054
vn 0.936402 0.000000 0.350928
vn 0.992882 0.000000 0.119103
vn 0.792582 0.000000 0.609766
vn 0.892977 0.000000 0.450103
vn 0.936309 0.000000 0.351176
vn 0.970512 0.000000 0.241055
vn 0.992424 0.000000 0.122859
vn 0.998089 0.000000 0.061796
vn 1.000000 0.000000 0.000001
vn 0.992882 0.000000 -0.119103
vn 0.998096 0.000000 -0.061679
vn 0.992443 0.000000 -0.122709
vn 0.970522 0.000000 -0.241014
vn 0.936336 0.000000 -0.351106
vn 0.936285 0.000000 -0.351241
vn 0.892970 0.000000 -0.450117
vn 0.827064 0.000000 -0.562108
vn 0.792803 0.000000 -0.609478
vn 0.670654 0.000000 -0.741770
vn 0.690533 0.000000 -0.723301
vn 0.670654 0.000000 -0.741770
vn 0.670654 0.000000 -0.741770
vn 0.827064 0.000000 -0.562108
vn 0.827064 0.000000 -0.562108
vn 0.936492 0.000000 -0.350690
vn 0.936544 0.000000 -0.350551
vn 0.992882 0.000000 -0.119103
vn 0.992882 0.000000 -0.119103
vn 0.992882 0.000000 0.119103
vn 0.992882 0.000000 0.119103
vn 0.936544 0.000000 0.350551
vn 0.845969 0.000000 0.533233
vn 0.741770 0.000000 0.670654
vn 0.741770 0.000000 0.670654
vn 0.562108 0.000000 0.827064
vn 0.609981 0.000000 0.792416
vn 0.449789 0.000000 0.893135
vn 0.351268 0.000000 0.936275
vn 0.351443 0.000000 0.936209
vn 0.241483 0.000000 0.970405
vn 0.119103 0.000000 0.992882
vn 0.123001 0.000000 0.992407
vn 0.061804 0.000000 0.998088
vn -0.000019 0.000000 1.000000
vn -0.119103 0.000000 0.992882
vn -0.123156 0.000000 0.992387
vn -0.241163 0.000000 0.970485
vn -0.350261 0.000000 0.936652
vn -0.350191 0.000000 0.936678
vn -0.448838 0.000000 0.893613
vn -0.562108 0.000000 0.827064
vn -0.610084 0.000000 0.792337
vn -0.723121 0.000000 0.690722
vn -0.741770 0.000000 0.670654
vn -0.845987 0.000000 0.533203
vn -0.741770 0.000000 0.670654
vn -0.741770 0.000000 0.670654
vn -0.562108 0.000000 0.827064
vn -0.562108 0.000000 0.827064
vn -0.350479 0.000000 0.936571
vn -0.350551 0.000000 0.936544
vn -0.119103 0.000000 0.992882
vn -0.119103 0.000000 0.992882
vn 0.119103 0.000000 0.992882
vn 0.119103 0.000000 0.992882
vn 0.350551 0.000000 0.936544
vn 0.350731 0.000000 0.936476
vn 0.562108 0.000000 0.827064
vn 0.562108 0.000000 0.827064
vn 0.741770 0.000000 0.670654
vn 0.741770 0.000000 0.670654
vn 0.741770 0.000000 0.670654
vn 0.562108 0.000000 0.827064
vn -0.562108 0.000000 0.827064
vn -0.741770 0.000000 0.670654
vn -0.741770 0.000000 0.670654
vn 0.723324 0.000000 0.690509
vn 0.562108 0.000000 0.827064
vn 0.350910 0.000000 0.936409
vn 0.119103 0.000000 0.992882
vn -0.119103 0.000000 0.992882
vn -0.350406 0.000000 0.936598
vn 0.351089 0.000000 0.936342
vn 0.119103 0.000000 0.992882
vn -0.119103 0.000000 0.992882
vn -0.350334 0.000000 0.936625
vn -0.562108 0.000000 0.827064
vn -0.533233 -0.000000 0.845969
vn -0.670654 -0.000000 0.741770
vn -0.670654 -0.000000 0.741770
vn -0.827064 -0.000000 0.562108
vn -0.792416 -0.000000 0.609981
vn -0.893135 -0.000000 0.449789
vn -0.936275 -0.000000 0.351268
vn -0.936209 -0.000000 0.351443
vn -0.970405 -0.000000 0.241483
vn -0.992882 -0.000000 0.119103
vn -0.992407 -0.000000 0.123001
vn -0.998088 -0.000000 0.061804
vn -1.000000 -0.000000 -0.000019
vn -0.992882 -0.000000 -0.119103
vn -0.992387 -0.000000 -0.123156
vn -0.970485 -0.000000 -0.241163
vn -0.936652 -0.000000 -0.350261
vn -0.936678 -0.000000 -0.350191
vn -0.893613 -0.000000 -0.448838
vn -0.827064 -0.000000 -0.562108
vn -0.792337 -0.000000 -0.610084
vn -0.690722 -0.000000 -0.723121
vn -0.670654 -0.000000 -0.741770
vn -0.533203 -0.000000 -0.845987
vn -0.670654 -0.000000 -0.741770
vn -0.670654 -0.000000 -0.741770
vn -0.827064 -0.000000 -0.562108
vn -0.827064 -0.000000 -0.562108
vn -0.936571 -0.000000 -0.350479
vn -0.936544 -0.000000 -0.350551
vn -0.992882 -0.000000 -0.119103
vn -0.992882 -0.000000 -0.119103
vn -0.992882 -0.000000 0.119103
vn -0.992882 -0.000000 0.119103
vn -0.936544 -0.000000 0.350551
vn -0.936476 -0.000000 0.350731
vn -0.827064 -0.000000 0.562108
vn -0.827064 -0.000000 0.562108
vn -0.670654 -0.000000 0.741770
vn -0.670654 -0.000000 0.741770
vn -0.670654 -0.000000 0.741770
vn -0.827064 -0.000000 0.562108
vn -0.827064 -0.000000 -0.562108
vn -0.670654 -0.000000 -0.741770
vn -0.670654 -0.000000 -0.741770
vn -0.690509 -0.000000 0.723324
vn -0.827064 -0.000000 0.562108
vn -0.936409 -0.000000 0.350910
vn -0.992882 -0.000000 0.119103
vn -0.992882 -0.000000 -0.119103
vn -0.936598 -0.000000 -0.350406
vn -0.936342 -0.000000 0.351089
vn -0.992882 -0.000000 0.119103
vn -0.992882 -0.000000 -0.119103
vn -0.936625 -0.000000 -0.350334
vn -0.827064 -0.000000 -0.562108
vn -0.000000 -1.000000 0.000000
vn -0.256932 -0.965926 0.031197
vn -0.000000 -1.000000 0.000000
vn -0.256932 -0.965926 -0.031197
vn -0.000000 -1.000000 -0.000000
vn -0.242000 -0.965926 -0.091778
vn -0.000000 -1.000000 -0.000000
vn -0.213004 -0.965926 -0.147026
vn -0.000000 -1.000000 -0.000000
vn -0.171629 -0.965926 -0.193729
vn -0.000000 -1.000000 -0.000000
vn -0.120279 -0.965926 -0.229173
vn -0.000000 -1.000000 -0.000000
vn -0.061939 -0.965926 -0.251298
vn -0.000000 -1.000000 -0.000000
vn -0.000000 -0.965926 -0.258819
vn 0.061939 -0.965926 -0.251298
vn 0.000000 -0.866025 -0.500000
vn 0.119658 -0.866025 -0.485471
vn 0.000000 -0.707107 -0.707107
vn 0.169222 -0.707107 -0.686560
vn 0.000000 -0.500000 -0.866025
vn 0.207253 -0.500000 -0.840860
vn 0.000000 -0.258819 -0.965926
vn 0.231161 -0.258819 -0.937858
vn 0.120537 -0.000000 -0.992709
vn 0.354605 -0.000000 -0.935016
vn -0.242000 -0.965926 0.091778
vn -0.000000 -1.000000 0.000000
vn -0.213004 -0.965926 0.147026
vn -0.000000 -1.000000 0.000000
vn -0.171629 -0.965926 0.193729
vn -0.000000 -1.000000 0.000000
vn -0.120279 -0.965926 0.229173
vn -0.000000 -1.000000 0.000000
vn -0.061939 -0.965926 0.251298
vn 0.000000 -1.000000 0.000000
vn 0.000000 -0.965926 0.258819
vn 0.061939 -0.965926 0.251298
vn 0.119658 -0.866025 0.485471
vn 0.232362 -0.866025 0.442728
vn 0.328609 -0.707107 0.626112
vn 0.468899 -0.707107 0.529277
vn 0.574281 -0.500000 0.648229
vn 0.712725 -0.500000 0.491959
vn 0.794941 -0.258819 0.548708
vn 0.903156 -0.258819 0.342522
vn 0.885456 -0.000000 0.464723
vn 0.970942 -0.000000 0.239316
vn 0.958883 -0.258819 0.116429
vn 1.000000 -0.000000 0.000000
vn 0.958883 -0.258819 -0.116429
vn 0.970942 -0.000000 -0.239316
vn 0.903156 -0.258819 -0.342522
vn 0.885456 -0.000000 -0.464723
vn 0.794941 -0.258819 -0.548708
vn 0.748511 -0.000000 -0.663123
vn 0.640527 -0.258819 -0.723006
vn 0.568065 -0.000000 -0.822984
vn 0.448888 -0.258819 -0.855285
vn 0.000000 -1.000000 0.000000
vn 0.120279 -0.965926 0.229173
vn 0.331561 -0.866025 0.374255
vn 0.581937 -0.707107 0.401682
vn 0.809748 -0.500000 0.307097
vn 0.000000 -1.000000 0.000000
vn 0.171629 -0.965926 0.193729
vn 0.411492 -0.866025 0.284032
vn 0.661156 -0.707107 0.250744
vn 0.859711 -0.500000 0.104388
vn 0.000000 -1.000000 0.000000
vn 0.213004 -0.965926 0.147026
vn 0.467508 -0.866025 0.177302
vn 0.701951 -0.707107 0.085232
vn 0.859711 -0.500000 -0.104388
vn 0.000000 -1.000000 0.000000
vn 0.242000 -0.965926 0.091778
vn 0.496354 -0.866025 0.060268
vn 0.701951 -0.707107 -0.085232
vn 0.809748 -0.500000 -0.307097
vn 0.000000 -1.000000 0.000000
vn 0.256932 -0.965926 0.031197
vn 0.496354 -0.866025 -0.060268
vn 0.661156 -0.707107 -0.250744
vn 0.712725 -0.500000 -0.491959
vn 0.000000 -1.000000 0.000000
vn 0.256932 -0.965926 -0.031197
vn 0.467508 -0.866025 -0.177302
vn 0.581937 -0.707107 -0.401682
vn 0.574281 -0.500000 -0.648229
vn 0.000000 -1.000000 -0.000000
vn 0.242000 -0.965926 -0.091778
vn 0.411492 -0.866025 -0.284032
vn 0.468899 -0.707107 -0.529277
vn 0.402462 -0.500000 -0.766827
vn 0.000000 -1.000000 -0.000000
vn 0.213004 -0.965926 -0.147026
vn 0.331561 -0.866025 -0.374255
vn 0.328609 -0.707107 -0.626112
vn 0.000000 -1.000000 -0.000000
vn 0.171629 -0.965926 -0.193729
vn 0.232362 -0.866025 -0.442728
vn 0.000000 -1.000000 -0.000000
vn 0.120279 -0.965926 -0.229173
vn 0.000000 -1.000000 -0.000000
vn -0.970942 0.000000 -0.239316
vn -0.958883 -0.258819 -0.116429
vn -1.000000 0.000000 -0.000000
vn -0.958883 -0.258819 0.116429
vn -0.970942 -0.000000 0.239316
vn -0.903156 -0.258819 0.342522
vn -0.885456 -0.000000 0.464723
vn -0.794941 -0.258819 0.548708
vn -0.748511 -0.000000 0.663123
vn -0.640527 -0.258819 0.723006
vn -0.568065 -0.000000 0.822984
vn -0.448888 -0.258819 0.855285
vn -0.354605 -0.000000 0.935016
vn -0.231161 -0.258819 0.937858
vn -0.120537 -0.000000 0.992709
vn -0.000000 -0.258819 0.965926
vn 0.120537 -0.000000 0.992709
vn 0.231161 -0.258819 0.937858
vn 0.354605 -0.000000 0.935016
vn 0.448888 -0.258819 0.855285
vn 0.568065 -0.000000 0.822984
vn 0.640527 -0.258819 0.723006
vn 0.748511 -0.000000 0.663123
vn -0.903156 -0.258819 -0.342522
vn -0.885456 0.000000 -0.464723
vn -0.794941 -0.258819 -0.548708
vn -0.748511 0.000000 -0.663123
vn -0.640527 -0.258819 -0.723006
vn -0.568065 0.000000 -0.822984
vn -0.448888 -0.258819 -0.855285
vn -0.354605 0.000000 -0.935016
vn -0.231161 -0.258819 -0.937858
vn -0.120537 0.000000 -0.992709
vn -0.119658 -0.866025 -0.485471
vn -0.232362 -0.866025 -0.442728
vn -0.331561 -0.866025 -0.374255
vn -0.411492 -0.866025 -0.284032
vn -0.467508 -0.866025 -0.177302
vn -0.496354 -0.866025 -0.060268
vn -0.496354 -0.866025 0.060268
vn -0.467508 -0.866025 0.177302
vn -0.411492 -0.866025 0.284032
vn -0.331561 -0.866025 0.374255
vn -0.232362 -0.866025 0.442728
vn -0.119658 -0.866025 0.485471
vn 0.000000 -0.866025 0.500000
vn -0.169222 -0.707107 -0.686560
vn -0.328609 -0.707107 -0.626112
vn -0.468899 -0.707107 -0.529277
vn -0.581937 -0.707107 -0.401682
vn -0.661156 -0.707107 -0.250744
vn -0.701951 -0.707107 -0.085232
vn -0.701951 -0.707107 0.085232
vn -0.661156 -0.707107 0.250744
vn -0.581937 -0.707107 0.401682
vn -0.468899 -0.707107 0.529277
vn -0.328609 -0.707107 0.626112
vn -0.169222 -0.707107 0.686560
vn 0.000000 -0.707107 0.707107
vn 0.169222 -0.707107 0.686560
vn -0.207253 -0.500000 -0.840860
vn -0.402462 -0.500000 -0.766827
vn -0.574281 -0.500000 -0.648229
vn -0.712725 -0.500000 -0.491959
vn -0.809748 -0.500000 -0.307097
vn -0.859711 -0.500000 -0.104388
vn -0.859711 -0.500000 0.104388
vn -0.809748 -0.500000 0.307097
vn -0.712725 -0.500000 0.491959
vn -0.574281 -0.500000 0.648229
vn -0.402462 -0.500000 0.766827
vn -0.207253 -0.500000 0.840860
vn 0.000000 -0.500000 0.866025
vn 0.207253 -0.500000 0.840860
vn 0.402462 -0.500000 0.766827
vn -0.239316 -0.000000 0.970942
vn 0.000000 -0.000000 1.000000
vn 0.239316 -0.000000 0.970942
vn 0.464723 -0.000000 0.885456
vn 0.663123 -0.000000 0.748511
vn 0.822984 -0.000000 0.568065
vn 0.935016 -0.000000 0.354605
vn 0.992709 -0.000000 0.120537
vn 0.992709 -0.000000 -0.120537
vn 0.935016 -0.000000 -0.354605
vn 0.822984 -0.000000 -0.568065
vn 0.663123 -0.000000 -0.748511
vn 0.464723 -0.000000 -0.885456
vn 0.239316 -0.000000 -0.970942
vn -0.000000 0.000000 -1.000000
vn -0.239316 0.000000 -0.970942
vn -0.464723 0.000000 -0.885456
vn -0.663123 0.000000 -0.748511
vn -0.822984 0.000000 -0.568065
vn -0.935016 0.000000 -0.354605
vn -0.992709 0.000000 -0.120537
vn -0.992709 -0.000000 0.120537
vn -0.935016 -0.000000 0.354605
vn -0.822984 -0.000000 0.568065
vn -0.663123 -0.000000 0.748511
vn -0.464723 -0.000000 0.885456
vn -0.000000 -1.000000 -0.000000
vn -0.000000 -1.000000 -0.000000
vn -0.000000 -1.000000 -0.000000
vn -0.000000 -1.000000 -0.000000
vn -0.000000 -1.000000 -0.000000
vn -0.000000 -1.000000 -0.000000
vn -0.000000 -1.000000 -0.000000
vn -0.000000 -1.000000 -0.000000
vn -0.000000 -1.000000 -0.000000
vn -0.000000 -1.000000 -0.000000
vn -0.000000 -1.000000 -0.000000
vn -0.000000 -1.000000 -0.000000
vn -0.000000 -1.000000 -0.000000
vn -0.000000 -1.000000 -0.000000
vn -0.000000 -1.000000 -0.000000
vn -0.000000 -1.000000 -0.000000
vn -0.000000 -1.000000 -0.000000
vn -0.000000 -1.000000 -0.000000
vn -0.000000 -1.000000 -0.000000
vn -0.000000 -1.000000 -0.000000
vn -0.000000 -1.000000 -0.000000
vn -0.000000 -1.000000 -0.000000
vn -0.000000 -1.000000 -0.000000
vn -0.000000 -1.000000 -0.000000
vn -0.182373 0.679869 0.710294
vn -0.210204 0.478012 0.852830
vn -0.000000 0.679869 0.733333
vn -0.000000 0.478012 0.878354
vn 0.210204 0.478012 0.852830
vn 0.000000 0.246624 0.969111
vn 0.231924 0.246624 0.940951
vn -0.408191 0.478012 0.777743
vn -0.353286 0.679869 0.642625
vn -0.582456 0.478012 0.657457
vn -0.502001 0.679869 0.534577
vn -0.722871 0.478012 0.498962
vn -0.619174 0.679869 0.392940
vn -0.821275 0.478012 0.311468
vn -0.697441 0.679869 0.226612
vn -0.871949 0.478012 0.105874
vn -0.731886 0.679869 0.046046
vn -0.871949 0.478012 -0.105874
vn -0.720344 0.679869 -0.137413
vn -0.821275 0.478012 -0.311468
vn -0.663540 0.679869 -0.312238
vn -0.722871 0.478012 -0.498962
vn -0.565043 0.679869 -0.467444
vn -0.582456 0.478012 -0.657457
vn -0.431043 0.679869 -0.593279
vn -0.408191 0.478012 -0.777743
vn -0.269958 0.679869 -0.681836
vn -0.210204 0.478012 -0.852830
vn -0.091911 0.679869 -0.727551
vn -0.000000 0.478012 -0.878354
vn 0.091911 0.679869 -0.727551
vn 0.210204 0.478012 -0.852830
vn 0.269958 0.679869 -0.681836
vn 0.408191 0.478012 -0.777743
vn 0.431043 0.679869 -0.593279
vn 0.582456 0.478012 -0.657457
vn 0.565043 0.679869 -0.467444
vn 0.722871 0.478012 -0.498962
vn 0.663540 0.679869 -0.312238
vn 0.821275 0.478012 -0.311468
vn 0.720344 0.679869 -0.137413
vn 0.871949 0.478012 -0.105874
vn 0.731886 0.679869 0.046046
vn 0.871949 0.478012 0.105874
vn 0.697441 0.679869 0.226612
vn 0.821275 0.478012 0.311468
vn 0.619174 0.679869 0.392940
vn 0.722871 0.478012 0.498962
vn 0.502001 0.679869 0.534577
vn 0.582456 0.478012 0.657457
vn 0.353286 0.679869 0.642625
vn 0.408191 0.478012 0.777743
vn 0.182373 0.679869 0.710294
vn 0.450368 0.246624 0.858105
vn 0.642640 0.246624 0.725390
vn 0.797563 0.246624 0.550518
vn 0.906135 0.246624 0.343652
vn 0.962045 0.246624 0.116813
vn 0.962045 0.246624 -0.116813
vn 0.906135 0.246624 -0.343652
vn 0.797563 0.246624 -0.550518
vn 0.642640 0.246624 -0.725390
vn 0.450368 0.246624 -0.858105
vn 0.231924 0.246624 -0.940951
vn -0.000000 0.246624 -0.969111
vn -0.231924 0.246624 -0.940951
vn -0.450368 0.246624 -0.858105
vn -0.642640 0.246624 -0.725390
vn -0.797563 0.246624 -0.550518
vn -0.906135 0.246624 -0.343652
vn -0.962045 0.246624 -0.116813
vn -0.962045 0.246624 0.116813
vn -0.906135 0.246624 0.343652
vn -0.797563 0.246624 0.550518
vn -0.642640 0.246624 0.725390
vn -0.450368 0.246624 0.858105
vn -0.231924 0.246624 0.940951
vn 0.182373 -0.679869 0.710294
vn 0.210204 -0.478012 0.852830
vn 0.000000 -0.679869 0.733333
vn -0.000000 -0.478012 0.878354
vn -0.210204 -0.478012 0.852830
vn -0.000000 -0.246624 0.969111
vn -0.231924 -0.246624 0.940951
vn 0.408191 -0.478012 0.777743
vn 0.353286 -0.679869 0.642625
vn 0.582456 -0.478012 0.657457
vn 0.502001 -0.679869 0.534577
vn 0.722871 -0.478012 0.498962
vn 0.619174 -0.679869 0.392940
vn 0.821275 -0.478012 0.311468
vn 0.697441 -0.679869 0.226612
vn 0.871949 -0.478012 0.105874
vn 0.731886 -0.679869 0.046046
vn 0.871949 -0.478012 -0.105874
vn 0.720344 -0.679869 -0.137413
vn 0.821275 -0.478012 -0.311468
vn 0.663540 -0.679869 -0.312238
vn 0.722871 -0.478012 -0.498962
vn 0.565043 -0.679869 -0.467444
vn 0.582456 -0.478012 -0.657457
vn 0.431043 -0.679869 -0.593279
vn 0.408191 -0.478012 -0.777743
vn 0.269958 -0.679869 -0.681836
vn 0.210204 -0.478012 -0.852830
vn 0.091911 -0.679869 -0.727551
vn 0.000000 -0.478012 -0.878354
vn -0.091911 -0.679869 -0.727551
vn -0.210204 -0.478012 -0.852830
vn -0.269958 -0.679869 -0.681836
vn -0.408191 -0.478012 -0.777743
vn -0.431043 -0.679869 -0.593279
vn -0.582456 -0.478012 -0.657457
vn -0.565043 -0.679869 -0.467444
vn -0.722871 -0.478012 -0.498962
vn -0.663540 -0.679869 -0.312238
vn -0.821275 -0.478012 -0.311468
vn -0.720344 -0.679869 -0.137413
vn -0.871949 -0.478012 -0.105874
vn -0.731886 -0.679869 0.046046
vn -0.871949 -0.478012 0.105874
vn -0.697441 -0.679869 0.226612
vn -0.821275 -0.478012 0.311468
vn -0.619174 -0.679869 0.392940
vn -0.722871 -0.478012 0.498962
vn -0.502001 -0.679869 0.534577
vn -0.582456 -0.478012 0.657457
vn -0.353286 -0.679869 0.642625
vn -0.408191 -0.478012 0.777743
vn -0.182373 -0.679869 0.710294
vn -0.450368 -0.246624 0.858105
vn -0.642640 -0.246624 0.725390
vn -0.797563 -0.246624 0.550518
vn -0.906135 -0.246624 0.343652
vn -0.962045 -0.246624 0.116813
vn -0.962045 -0.246624 -0.116813
vn -0.906135 -0.246624 -0.343652
vn -0.797563 -0.246624 -0.550518
vn -0.642640 -0.246624 -0.725390
vn -0.450368 -0.246624 -0.858105
vn -0.231924 -0.246624 -0.940951
vn -0.000000 -0.246624 -0.969111
vn 0.231924 -0.246624 -0.940951
vn 0.450368 -0.246624 -0.858105
vn 0.642640 -0.246624 -0.725390
vn 0.797563 -0.246624 -0.550518
vn 0.906135 -0.246624 -0.343652
vn 0.962045 -0.246624 -0.116813
vn 0.962045 -0.246624 0.116813
vn 0.906135 -0.246624 0.343652
vn 0.797563 -0.246624 0.550518
vn 0.642640 -0.246624 0.725390
vn 0.450368 -0.246624 0.858105
vn 0.231924 -0.246624 0.940951
vn 0.965926 0.000000 -0.258819
vn 0.965926 0.000000 -0.258819
vn 1.000000 0.000000 -0.000000
vn 1.000000 0.000000 -0.000000
vn 0.965926 -0.000000 0.258819
vn 0.965926 -0.000000 0.258819
vn 0.866025 -0.000000 0.500000
vn 0.866025 -0.000000 0.500000
vn 0.707107 -0.000000 0.707107
vn 0.707107 -0.000000 0.707107
vn 0.500000 -0.000000 0.866025
vn 0.500000 -0.000000 0.866025
vn 0.258819 -0.000000 0.965926
vn 0.258819 -0.000000 0.965926
vn -0.000000 0.000000 1.000000
vn -0.000000 0.000000 1.000000
vn -0.258819 0.000000 0.965926
vn -0.258819 0.000000 0.965926
vn -0.500000 0.000000 0.866025
vn -0.500000 0.000000 0.866025
vn -0.707107 0.000000 0.707107
vn -0.707107 0.000000 0.707107
vn -0.866025 0.000000 0.500000
vn -0.866025 0.000000 0.500000
vn -0.965926 0.000000 0.258819
vn -0.965926 0.000000 0.258819
vn -1.000000 0.000000 0.000000
vn -1.000000 0.000000 0.000000
vn -0.965926 0.000000 -0.258819
vn -0.965926 0.000000 -0.258819
vn -0.866025 0.000000 -0.500000
vn -0.866025 0.000000 -0.500000
vn -0.707107 0.000000 -0.707107
vn -0.707107 0.000000 -0.707107
vn -0.500000 0.000000 -0.866025
vn -0.500000 0.000000 -0.866025
vn -0.258819 0.000000 -0.965926
vn -0.258819 0.000000 -0.965926
vn -0.000000 0.000000 -1.000000
vn -0.000000 0.000000 -1.000000
vn 0.258819 0.000000 -0.965926
vn 0.258819 0.000000 -0.965926
vn 0.500000 0.000000 -0.866025
vn 0.500000 0.000000 -0.866025
vn 0.707107 0.000000 -0.707107
vn 0.707107 0.000000 -0.707107
vn 0.866025 0.000000 -0.500000
vn 0.866025 0.000000 -0.500000
vn 0.965926 -0.000000 0.258819
vn 0.965926 -0.000000 0.258819
vn 1.000000 -0.000000 0.000000
vn 1.000000 -0.000000 0.000000
vn 0.965926 0.000000 -0.258819
vn 0.965926 0.000000 -0.258819
vn 0.866025 0.000000 -0.500000
vn 0.866025 0.000000 -0.500000
vn 0.707107 0.000000 -0.707107
vn 0.707107 0.000000 -0.707107
vn 0.500000 0.000000 -0.866025
vn 0.500000 0.000000 -0.866025
vn 0.258819 0.000000 -0.965926
vn 0.258819 0.000000 -0.965926
vn -0.000000 0.000000 -1.000000
vn -0.000000 0.000000 -1.000000
vn -0.258819 0.000000 -0.965926
vn -0.258819 0.000000 -0.965926
vn -0.500000 0.000000 -0.866025
vn -0.500000 0.000000 -0.866025
vn -0.707107 0.000000 -0.707107
vn -0.707107 0.000000 -0.707107
vn -0.866025 0.000000 -0.500000
vn -0.866025 0.000000 -0.500000
vn -0.965926 0.000000 -0.258819
vn -0.965926 0.000000 -0.258819
vn -1.000000 0.000000 0.000000
vn -1.000000 0.000000 0.000000
vn -0.965926 0.000000 0.258819
vn -0.965926 0.000000 0.258819
vn -0.866025 0.000000 0.500000
vn -0.866025 0.000000 0.500000
vn -0.707107 0.000000 0.707107
vn -0.707107 0.000000 0.707107
vn -0.500000 0.000000 0.866025
vn -0.500000 0.000000 0.866025
vn -0.258819 0.000000 0.965926
vn -0.258819 0.000000 0.965926
vn -0.000000 0.000000 1.000000
vn -0.000000 0.000000 1.000000
vn 0.258819 -0.000000 0.965926
vn 0.258819 -0.000000 0.965926
vn 0.500000 -0.000000 0.866025
vn 0.500000 -0.000000 0.866025
vn 0.707107 -0.000000 0.707107
vn 0.707107 -0.000000 0.707107
vn 0.866025 -0.000000 0.500000
vn 0.866025 -0.000000 0.500000
vn 0.000000 -1.000000 0.000000
vn 0.000000 -1.000000 0.000000
vn 0.000000 -1.000000 0.000000
vn 0.000000 -1.000000 0.000000
vn 0.000000 -1.000000 0.000000
vn 0.000000 -1.000000 0.000000
vn 0.000000 -1.000000 0.000000
vn 0.000000 -1.000000 0.000000
vn 0.000000 -1.000000 0.000000
vn 0.000000 -1.000000 0.000000
vn 0.000000 -1.000000 0.000000
vn 0.000000 -1.000000 0.000000
vn 0.000000 -1.000000 0.000000
vn 0.000000 -1.000000 0.000000
vn 0.000000 -1.000000 0.000000
vn 0.000000 -1.000000 0.000000
vn 0.000000 -1.000000 0.000000
vn 0.000000 -1.000000 0.000000
vn 0.000000 -1.000000 0.000000
vn 0.000000 -1.000000 0.000000
vn 0.000000 -1.000000 0.000000
vn 0.000000 -1.000000 0.000000
vn 0.000000 -1.000000 0.000000
vn 0.000000 -1.000000 0.000000
vn -0.067081 -0.481754 0.873735
vn 0.067081 -0.481754 0.873735
vn 0.199670 -0.481754 0.853256
vn 0.074144 -0.248690 0.965741
vn 0.220695 -0.248690 0.943105
vn 0.076549 -0.000000 0.997066
vn 0.227854 -0.000000 0.973695
vn 0.074144 0.248690 0.965741
vn 0.220695 0.248690 0.943105
vn 0.067081 0.481754 0.873735
vn 0.199670 0.481754 0.853256
vn 0.327578 0.481754 0.812777
vn 0.447809 0.481754 0.753247
vn 0.557544 0.481754 0.676061
vn 0.654210 0.481754 0.583029
vn 0.723099 0.248690 0.644423
vn 0.812995 0.248690 0.526490
vn 0.839365 0.000000 0.543568
vn 0.912504 0.000000 0.409069
vn 0.883836 -0.248690 0.396217
vn 0.933960 -0.248690 0.256657
vn 0.844982 -0.481754 0.232205
vn 0.870525 -0.481754 0.100498
vn 0.875664 -0.481754 -0.033565
vn 0.860278 -0.481754 -0.166841
vn 0.824727 -0.481754 -0.296206
vn 0.950866 -0.248690 -0.184410
vn 0.911572 -0.248690 -0.327397
vn 0.981708 -0.000000 -0.190391
vn 0.941140 -0.000000 -0.338017
vn 0.950866 0.248690 -0.184410
vn 0.911572 0.248690 -0.327397
vn 0.860278 0.481754 -0.166841
vn 0.824727 0.481754 -0.296206
vn 0.769846 0.481754 -0.418629
vn 0.696920 0.481754 -0.531239
vn 0.607660 0.481754 -0.631398
vn 0.671647 0.248690 -0.697885
vn 0.557244 0.248690 -0.792233
vn 0.575319 0.000000 -0.817929
vn 0.443720 0.000000 -0.896166
vn 0.429780 -0.248690 -0.868011
vn 0.292241 -0.248690 -0.923444
vn 0.264400 -0.481754 -0.835468
vn 0.133768 -0.481754 -0.866037
vn 0.000000 -0.481754 -0.876307
vn -0.133768 -0.481754 -0.866037
vn -0.264400 -0.481754 -0.835468
vn -0.147854 -0.248690 -0.957232
vn -0.292241 -0.248690 -0.923444
vn -0.152649 -0.000000 -0.988280
vn -0.301721 -0.000000 -0.953396
vn -0.147854 0.248690 -0.957232
vn -0.292241 0.248690 -0.923444
vn -0.133768 0.481754 -0.866037
vn -0.264400 0.481754 -0.835468
vn -0.388835 0.481754 -0.785316
vn -0.504156 0.481754 -0.716757
vn -0.607660 0.481754 -0.631398
vn -0.671647 0.248690 -0.697885
vn -0.770307 0.248690 -0.587180
vn -0.795293 0.000000 -0.606225
vn -0.878512 0.000000 -0.477720
vn -0.850912 -0.248690 -0.462711
vn -0.911572 -0.248690 -0.327397
vn -0.824727 -0.481754 -0.296206
vn -0.860278 -0.481754 -0.166841
vn -0.875664 -0.481754 -0.033565
vn -0.870525 -0.481754 0.100498
vn -0.844982 -0.481754 0.232205
vn -0.962193 -0.248690 0.111080
vn -0.933960 -0.248690 0.256657
vn -0.993402 -0.000000 0.114683
vn -0.964253 -0.000000 0.264982
vn -0.962193 0.248690 0.111080
vn -0.933960 0.248690 0.256657
vn -0.870525 0.481754 0.100498
vn -0.844982 0.481754 0.232205
vn -0.799633 0.481754 0.358470
vn -0.735542 0.481754 0.476332
vn -0.654210 0.481754 0.583029
vn -0.557544 0.481754 0.676061
vn -0.616254 0.248690 0.747251
vn -0.494964 0.248690 0.832565
vn -0.511019 0.000000 0.859570
vn -0.373817 0.000000 0.927502
vn -0.362073 -0.248690 0.898363
vn -0.220695 -0.248690 0.943105
vn -0.199670 -0.481754 0.853256
vn -0.327578 -0.481754 0.812777
vn -0.447809 -0.481754 0.753247
vn -0.557544 -0.481754 0.676061
vn -0.654210 -0.481754 0.583029
vn -0.723099 -0.248690 0.644423
vn -0.812995 -0.248690 0.526490
vn -0.839365 -0.000000 0.543568
vn -0.912504 -0.000000 0.409069
vn -0.883836 0.248690 0.396217
vn -0.735542 -0.481754 0.476332
vn -0.883836 -0.248690 0.396217
vn -0.799633 -0.481754 0.358470
vn -0.769846 -0.481754 -0.418629
vn -0.696920 -0.481754 -0.531239
vn -0.607660 -0.481754 -0.631398
vn -0.671647 -0.248690 -0.697885
vn -0.557244 -0.248690 -0.792233
vn -0.575319 -0.000000 -0.817929
vn -0.443720 -0.000000 -0.896166
vn -0.429780 0.248690 -0.868011
vn -0.504156 -0.481754 -0.716757
vn -0.429780 -0.248690 -0.868011
vn -0.388835 -0.481754 -0.785316
vn 0.388835 -0.481754 -0.785316
vn 0.504156 -0.481754 -0.716757
vn 0.607660 -0.481754 -0.631398
vn 0.671647 -0.248690 -0.697885
vn 0.770307 -0.248690 -0.587180
vn 0.795293 -0.000000 -0.606225
vn 0.878512 -0.000000 -0.477720
vn 0.850912 0.248690 -0.462711
vn 0.696920 -0.481754 -0.531239
vn 0.850912 -0.248690 -0.462711
vn 0.769846 -0.481754 -0.418629
vn 0.799633 -0.481754 0.358470
vn 0.735542 -0.481754 0.476332
vn 0.654210 -0.481754 0.583029
vn 0.557544 -0.481754 0.676061
vn 0.616254 -0.248690 0.747251
vn 0.494964 -0.248690 0.832565
vn 0.511019 -0.000000 0.859570
vn 0.373817 -0.000000 0.927502
vn 0.362073 0.248690 0.898363
vn 0.447809 -0.481754 0.753247
vn 0.362073 -0.248690 0.898363
vn 0.327578 -0.481754 0.812777
vn -0.067081 0.481754 0.873735
vn -0.199670 0.481754 0.853256
vn -0.074144 0.248690 0.965741
vn -0.220695 0.248690 0.943105
vn -0.076549 0.000000 0.997066
vn -0.227854 0.000000 0.973695
vn -0.074144 -0.248690 0.965741
vn 0.735542 0.481754 0.476332
vn 0.883836 0.248690 0.396217
vn 0.964253 0.000000 0.264982
vn 0.962193 -0.248690 0.111080
vn 0.799633 0.481754 0.358470
vn 0.844982 0.481754 0.232205
vn 0.870525 0.481754 0.100498
vn 0.875664 0.481754 -0.033565
vn 0.967872 0.248690 -0.037099
vn 0.504156 0.481754 -0.716757
vn 0.429780 0.248690 -0.868011
vn 0.301721 0.000000 -0.953396
vn 0.147854 -0.248690 -0.957232
vn 0.388835 0.481754 -0.785316
vn 0.292241 0.248690 -0.923444
vn 0.152649 0.000000 -0.988280
vn 0.000000 -0.248690 -0.968583
vn 0.264400 0.481754 -0.835468
vn 0.133768 0.481754 -0.866037
vn 0.000000 0.481754 -0.876307
vn 0.000000 0.248690 -0.968583
vn -0.696920 0.481754 -0.531239
vn -0.850912 0.248690 -0.462711
vn -0.941140 0.000000 -0.338017
vn -0.950866 -0.248690 -0.184410
vn -0.769846 0.481754 -0.418629
vn -0.911572 0.248690 -0.327397
vn -0.981708 0.000000 -0.190391
vn -0.967872 -0.248690 -0.037099
vn -0.824727 0.481754 -0.296206
vn -0.860278 0.481754 -0.166841
vn -0.875664 0.481754 -0.033565
vn -0.967872 0.248690 -0.037099
vn -0.447809 0.481754 0.753247
vn -0.362073 0.248690 0.898363
vn -0.327578 0.481754 0.812777
vn 0.000000 -0.000000 -1.000000
vn 0.147854 0.248690 -0.957232
vn -0.693433 -0.000000 -0.720522
vn -0.770307 -0.248690 -0.587180
vn -0.557244 0.248690 -0.792233
vn -0.999266 -0.000000 -0.038303
vn -0.950866 0.248690 -0.184410
vn -0.746553 -0.000000 0.665326
vn -0.616254 -0.248690 0.747251
vn -0.636242 -0.000000 0.771489
vn -0.494964 -0.248690 0.832565
vn -0.812995 0.248690 0.526490
vn -0.723099 0.248690 0.644423
vn 0.636242 -0.000000 0.771489
vn 0.723099 -0.248690 0.644423
vn 0.746553 -0.000000 0.665326
vn 0.812995 -0.248690 0.526490
vn 0.494964 0.248690 0.832565
vn 0.616254 0.248690 0.747251
vn 0.993402 -0.000000 0.114683
vn 0.967872 -0.248690 -0.037099
vn 0.999266 -0.000000 -0.038303
vn 0.933960 0.248690 0.256657
vn 0.962193 0.248690 0.111080
vn 0.693433 -0.000000 -0.720522
vn 0.557244 -0.248690 -0.792233
vn 0.770307 0.248690 -0.587180
vn 0.000000 1.000000 0.000000
vn 0.000000 1.000000 0.000000
vn 0.000000 1.000000 0.000000
vn 0.000000 1.000000 0.000000
vn 0.000000 1.000000 0.000000
vn 0.000000 1.000000 0.000000
vn 0.000000 1.000000 0.000000
vn 0.000000 1.000000 0.000000
vn 0.000000 1.000000 0.000000
vn 0.000000 1.000000 0.000000
vn 0.000000 1.000000 0.000000
vn 0.000000 1.000000 0.000000
vn 0.000000 1.000000 0.000000
vn 0.000000 1.000000 0.000000
vn 0.000000 1.000000 0.000000
vn 0.000000 1.000000 0.000000
vn 0.000000 1.000000 0.000000
vn 0.000000 1.000000 0.000000
vn 0.000000 1.000000 0.000000
vn 0.000000 1.000000 0.000000
vn 0.000000 1.000000 0.000000
vn 0.000000 1.000000 0.000000
vn 0.000000 1.000000 0.000000
vn 0.000000 1.000000 0.000000
vn 0.000000 1.000000 0.000000
vn 0.000000 1.000000 0.000000
vn 0.000000 1.000000 0.000000
vn 0.000000 1.000000 0.000000
vn 0.000000 1.000000 0.000000
vn 0.000000 1.000000 0.000000
vn 0.000000 1.000000 0.000000
vn 0.000000 1.000000 0.000000
vn 0.000000 1.000000 0.000000
vn 0.000000 1.000000 0.000000
vn 0.000000 1.000000 0.000000
vn 0.000000 1.000000 0.000000
vn 0.000000 1.000000 0.000000
vn 0.000000 1.000000 0.000000
vn 0.000000 1.000000 0.000000
vn 0.000000 1.000000 0.000000
vn 0.000000 1.000000 0.000000
vn 0.000000 1.000000 0.000000
vn 0.000000 1.000000 0.000000
vn 0.000000 1.000000 0.000000
vn 0.000000 1.000000 0.000000
vn 0.000000 1.000000 0.000000
vn 0.000000 1.000000 0.000000
vn 0.000000 1.000000 0.000000
vn 0.000000 1.000000 0.000000
vn 0.000000 1.000000 0.000000
vn 0.000000 1.000000 0.000000
vn 0.000000 1.000000 0.000000
vn 0.000000 1.000000 0.000000
vn 0.000000 1.000000 0.000000
vn 0.000000 1.000000 0.000000
vn 0.000000 1.000000 0.000000
vn 0.000000 1.000000 0.000000
vn 0.000000 1.000000 0.000000
vn 0.000000 1.000000 0.000000
vn 0.000000 1.000000 0.000000
vn 0.000000 1.000000 0.000000
vn 0.000000 1.000000 0.000000
vn 0.000000 1.000000 0.000000
vn 0.000000 1.000000 0.000000
vn 0.000000 1.000000 0.000000
vn 0.000000 1.000000 0.000000
vn 0.000000 1.000000 0.000000
vn 0.000000 1.000000 0.000000
vn 0.000000 1.000000 0.000000
vn 0.000000 1.000000 0.000000
vn 0.000000 1.000000 0.000000
vn 0.000000 1.000000 0.000000
vn -0.845969 -0.000000 -0.533233
vn -0.741770 -0.000000 -0.670654
vn -0.741770 -0.000000 -0.670654
vn -0.562108 -0.000000 -0.827064
vn -0.609981 -0.000000 -0.792416
vn -0.449789 -0.000000 -0.893135
vn -0.351268 -0.000000 -0.936275
vn -0.351443 -0.000000 -0.936209
vn -0.241483 -0.000000 -0.970405
vn -0.119103 -0.000000 -0.992882
vn -0.123001 -0.000000 -0.992407
vn -0.061804 -0.000000 -0.998088
vn 0.000019 0.000000 -1.000000
vn 0.119103 0.000000 -0.992882
vn 0.123156 0.000000 -0.992387
vn 0.241163 0.000000 -0.970485
vn 0.350261 0.000000 -0.936652
vn 0.350191 0.000000 -0.936678
vn 0.448838 0.000000 -0.893613
vn 0.562108 0.000000 -0.827064
vn 0.610084 0.000000 -0.792337
vn 0.723121 0.000000 -0.690722
vn 0.741770 0.000000 -0.670654
vn 0.845987 0.000000 -0.533203
vn 0.741770 0.000000 -0.670654
vn 0.741770 0.000000 -0.670654
vn 0.562108 0.000000 -0.827064
vn 0.562108 0.000000 -0.827064
vn 0.350479 0.000000 -0.936571
vn 0.350551 0.000000 -0.936544
vn 0.119103 0.000000 -0.992882
vn 0.119103 0.000000 -0.992882
vn -0.119103 -0.000000 -0.992882
vn -0.119103 -0.000000 -0.992882
vn -0.350551 -0.000000 -0.936544
vn -0.350731 -0.000000 -0.936476
vn -0.562108 -0.000000 -0.827064
vn -0.562108 -0.000000 -0.827064
vn -0.741770 -0.000000 -0.670654
vn -0.741770 -0.000000 -0.670654
vn -0.741770 -0.000000 -0.670654
vn -0.562108 -0.000000 -0.827064
vn 0.562108 0.000000 -0.827064
vn 0.741770 0.000000 -0.670654
vn 0.741770 0.000000 -0.670654
vn -0.723324 -0.000000 -0.690509
vn -0.562108 -0.000000 -0.827064
vn -0.350910 -0.000000 -0.936409
vn -0.119103 -0.000000 -0.992882
vn 0.119103 0.000000 -0.992882
vn 0.350406 0.000000 -0.936598
vn -0.351089 -0.000000 -0.936342
vn -0.119103 -0.000000 -0.992882
vn 0.119103 0.000000 -0.992882
vn 0.350334 0.000000 -0.936625
vn 0.562108 0.000000 -0.827064
vn 0.000000 1.000000 0.000000
vn 0.000000 1.000000 0.000000
vn 0.000000 1.000000 0.000000
vn 0.000000 1.000000 0.000000
vn 0.000000 1.000000 0.000000
vn 0.000000 1.000000 0.000000
vn 0.000000 1.000000 0.000000
vn 0.000000 1.000000 0.000000
vn 0.000000 1.000000 0.000000
vn 0.000000 1.000000 0.000000
vn 0.000000 1.000000 0.000000
vn 0.000000 1.000000 0.000000
vn 0.000000 1.000000 0.000000
vn 0.000000 1.000000 0.000000
vn 0.000000 1.000000 0.000000
vn 0.000000 1.000000 0.000000
vn 0.000000 1.000000 0.000000
vn 0.000000 1.000000 0.000000
vn 0.000000 1.000000 0.000000
vn 0.000000 1.000000 0.000000
vn 0.000000 1.000000 0.000000
vn 0.000000 1.000000 0.000000
vn 0.000000 1.000000 0.000000
vn 0.000000 1.000000 0.000000
usemtl Aluminum_-_Anodized_Rough_(Red)
f 2/1/1 15/2/2 1/3/3
f 1/3/3 15/2/2 16/4/4
f 1/3/3 16/4/4 17/5/5
f 17/5/5 16/4/4 25/6/6
f 17/5/5 25/6/6 26/7/7
f 26/7/7 25/6/6 34/8/8
f 26/7/7 34/8/8 35/9/9
f 35/9/9 34/8/8 43/10/10
f 35/9/9 43/10/10 44/11/11
f 44/11/11 43/10/10 52/12/12
f 44/11/11 52/12/12 53/13/13
f 53/13/13 52/12/12 8/14/14
f 53/13/13 8/14/14 54/15/15
f 54/15/15 8/14/14 9/16/16
f 54/15/15 9/16/16 46/17/17
f 46/17/17 9/16/16 10/18/18
f 46/17/17 10/18/18 38/19/19
f 38/19/19 10/18/18 11/20/20
f 38/19/19 11/20/20 30/21/21
f 30/21/21 11/20/20 12/22/22
f 30/21/21 12/22/22 22/23/23
f 22/23/23 12/22/22 13/24/24
f 22/23/23 13/24/24 14/25/25
f 15/2/2 2/1/1 23/26/26
f 23/26/26 2/1/1 3/27/27
f 23/26/26 3/27/27 31/28/28
f 31/28/28 3/27/27 4/29/29
f 31/28/28 4/29/29 39/30/30
f 39/30/30 4/29/29 5/31/31
f 39/30/30 5/31/31 47/32/32
f 47/32/32 5/31/31 6/33/33
f 47/32/32 6/33/33 7/34/34
f 8/14/14 50/35/35 7/34/34
f 7/34/34 50/35/35 49/36/36
f 7/34/34 49/36/36 48/37/37
f 48/37/37 49/36/36 40/38/38
f 48/37/37 40/38/38 39/30/30
f 39/30/30 40/38/38 31/28/28
f 1/3/3 19/39/39 14/25/25
f 14/25/25 19/39/39 20/40/40
f 14/25/25 20/40/40 21/41/41
f 21/41/41 20/40/40 29/42/42
f 21/41/41 29/42/42 30/21/21
f 30/21/21 29/42/42 38/19/19
f 16/4/4 15/2/2 24/43/43
f 24/43/43 15/2/2 23/26/26
f 24/43/43 23/26/26 32/44/44
f 32/44/44 23/26/26 31/28/28
f 32/44/44 31/28/28 40/38/38
f 19/39/39 1/3/3 18/45/45
f 18/45/45 1/3/3 17/5/5
f 18/45/45 17/5/5 26/7/7
f 19/39/39 18/45/45 27/46/46
f 27/46/46 18/45/45 26/7/7
f 27/46/46 26/7/7 35/9/9
f 22/23/23 14/25/25 21/41/41
f 20/40/40 19/39/39 28/47/47
f 28/47/47 19/39/39 27/46/46
f 28/47/47 27/46/46 36/48/48
f 36/48/48 27/46/46 35/9/9
f 36/48/48 35/9/9 44/11/11
f 30/21/21 22/23/23 21/41/41
f 16/4/4 24/43/43 25/6/6
f 25/6/6 24/43/43 33/49/49
f 25/6/6 33/49/49 34/8/8
f 34/8/8 33/49/49 42/50/50
f 34/8/8 42/50/50 43/10/10
f 43/10/10 42/50/50 51/51/51
f 43/10/10 51/51/51 52/12/12
f 52/12/12 51/51/51 8/14/14
f 33/49/49 24/43/43 32/44/44
f 20/40/40 28/47/47 29/42/42
f 29/42/42 28/47/47 37/52/52
f 29/42/42 37/52/52 38/19/19
f 38/19/19 37/52/52 46/17/17
f 37/52/52 28/47/47 36/48/48
f 33/49/49 32/44/44 41/53/53
f 41/53/53 32/44/44 40/38/38
f 41/53/53 40/38/38 49/36/36
f 37/52/52 36/48/48 45/54/54
f 45/54/54 36/48/48 44/11/11
f 45/54/54 44/11/11 53/13/13
f 48/37/37 39/30/30 47/32/32
f 33/49/49 41/53/53 42/50/50
f 42/50/50 41/53/53 50/35/35
f 42/50/50 50/35/35 51/51/51
f 51/51/51 50/35/35 8/14/14
f 50/35/35 41/53/53 49/36/36
f 54/15/15 46/17/17 45/54/54
f 45/54/54 46/17/17 37/52/52
f 54/15/15 45/54/54 53/13/13
f 7/34/34 48/37/37 47/32/32
f 97/55/55 7/56/34 107/57/56
f 107/57/56 7/56/34 6/58/57
f 107/57/56 6/58/57 106/59/58
f 106/59/58 6/58/57 5/60/59
f 106/59/58 5/60/59 105/61/60
f 105/61/60 5/60/59 4/62/29
f 105/61/60 4/62/29 104/63/61
f 104/63/61 4/62/29 3/64/62
f 104/63/61 3/64/62 103/65/63
f 103/65/63 3/64/62 102/66/64
f 103/65/63 102/66/64 110/67/65
f 110/67/65 102/66/64 109/68/66
f 110/67/65 109/68/66 116/69/67
f 116/69/67 109/68/66 115/70/68
f 116/69/67 115/70/68 131/71/69
f 131/71/69 115/70/68 132/72/70
f 131/71/69 132/72/70 122/73/71
f 122/73/71 132/72/70 121/74/72
f 122/73/71 121/74/72 136/75/73
f 136/75/73 121/74/72 135/76/74
f 136/75/73 135/76/74 143/77/75
f 143/77/75 135/76/74 142/78/76
f 143/77/75 142/78/76 150/79/77
f 150/79/77 142/78/76 149/80/78
f 150/79/77 149/80/78 157/81/79
f 157/81/79 149/80/78 156/82/80
f 157/81/79 156/82/80 164/83/81
f 164/83/81 156/82/80 163/84/82
f 164/83/81 163/84/82 171/85/83
f 171/85/83 163/84/82 170/86/84
f 171/85/83 170/86/84 178/87/85
f 178/87/85 170/86/84 177/88/86
f 178/87/85 177/88/86 185/89/87
f 185/89/87 177/88/86 184/90/88
f 185/89/87 184/90/88 192/91/89
f 192/91/89 184/90/88 191/92/90
f 192/91/89 191/92/90 198/93/91
f 198/93/91 191/92/90 197/94/92
f 198/93/91 197/94/92 77/95/93
f 77/95/93 197/94/92 76/96/94
f 76/96/94 197/94/92 196/97/95
f 76/96/94 196/97/95 74/98/96
f 74/98/96 196/97/95 73/99/97
f 73/99/97 196/97/95 190/100/98
f 73/99/97 190/100/98 72/101/99
f 72/101/99 190/100/98 183/102/100
f 72/101/99 183/102/100 71/103/101
f 71/103/101 183/102/100 70/104/102
f 70/104/102 183/102/100 176/105/103
f 70/104/102 176/105/103 69/106/104
f 69/106/104 176/105/103 169/107/105
f 69/106/104 169/107/105 68/108/106
f 68/108/106 169/107/105 162/109/107
f 68/108/106 162/109/107 67/110/108
f 67/110/108 162/109/107 66/111/109
f 66/111/109 162/109/107 155/112/110
f 66/111/109 155/112/110 65/113/111
f 65/113/111 155/112/110 148/114/112
f 65/113/111 148/114/112 64/115/113
f 64/115/113 148/114/112 141/116/114
f 64/115/113 141/116/114 63/117/115
f 63/117/115 141/116/114 134/118/116
f 63/117/115 134/118/116 62/119/117
f 62/119/117 134/118/116 61/120/118
f 61/120/118 134/118/116 120/121/119
f 61/120/118 120/121/119 60/122/120
f 60/122/120 120/121/119 133/123/121
f 60/122/120 133/123/121 59/124/122
f 59/124/122 133/123/121 99/125/123
f 59/124/122 99/125/123 58/126/124
f 58/126/124 99/125/123 108/127/125
f 58/126/124 108/127/125 57/128/126
f 57/128/126 108/127/125 56/129/127
f 56/129/127 108/127/125 101/130/128
f 56/129/127 101/130/128 55/131/129
f 55/131/129 101/130/128 2/132/130
f 55/131/129 2/132/130 1/133/3
f 3/64/62 2/132/130 102/66/64
f 102/66/64 2/132/130 101/130/128
f 102/66/64 101/130/128 109/68/66
f 109/68/66 101/130/128 108/127/125
f 109/68/66 108/127/125 115/70/68
f 115/70/68 108/127/125 99/125/123
f 115/70/68 99/125/123 132/72/70
f 132/72/70 99/125/123 133/123/121
f 132/72/70 133/123/121 121/74/72
f 121/74/72 133/123/121 120/121/119
f 121/74/72 120/121/119 135/76/74
f 135/76/74 120/121/119 134/118/116
f 135/76/74 134/118/116 142/78/76
f 142/78/76 134/118/116 141/116/114
f 142/78/76 141/116/114 149/80/78
f 149/80/78 141/116/114 148/114/112
f 149/80/78 148/114/112 156/82/80
f 156/82/80 148/114/112 155/112/110
f 156/82/80 155/112/110 163/84/82
f 163/84/82 155/112/110 162/109/107
f 163/84/82 162/109/107 170/86/84
f 170/86/84 162/109/107 169/107/105
f 170/86/84 169/107/105 177/88/86
f 177/88/86 169/107/105 176/105/103
f 177/88/86 176/105/103 184/90/88
f 184/90/88 176/105/103 183/102/100
f 184/90/88 183/102/100 191/92/90
f 191/92/90 183/102/100 190/100/98
f 191/92/90 190/100/98 197/94/92
f 197/94/92 190/100/98 196/97/95
f 74/98/96 75/134/131 76/96/94
f 198/93/91 77/95/93 199/135/132
f 199/135/132 77/95/93 78/136/133
f 199/135/132 78/136/133 200/137/134
f 200/137/134 78/136/133 79/138/135
f 200/137/134 79/138/135 201/139/136
f 201/139/136 79/138/135 80/140/137
f 201/139/136 80/140/137 202/141/138
f 202/141/138 80/140/137 81/142/139
f 202/141/138 81/142/139 82/143/140
f 202/141/138 82/143/140 98/144/141
f 98/144/141 82/143/140 83/145/142
f 98/144/141 83/145/142 189/146/143
f 189/146/143 83/145/142 84/147/144
f 189/146/143 84/147/144 182/148/145
f 182/148/145 84/147/144 85/149/146
f 182/148/145 85/149/146 175/150/147
f 175/150/147 85/149/146 86/151/148
f 175/150/147 86/151/148 168/152/149
f 168/152/149 86/151/148 87/153/150
f 168/152/149 87/153/150 88/154/151
f 168/152/149 88/154/151 161/155/152
f 161/155/152 88/154/151 89/156/153
f 161/155/152 89/156/153 90/157/154
f 161/155/152 90/157/154 154/158/155
f 154/158/155 90/157/154 91/159/156
f 154/158/155 91/159/156 147/160/157
f 147/160/157 91/159/156 92/161/158
f 147/160/157 92/161/158 140/162/159
f 140/162/159 92/161/158 93/163/160
f 140/162/159 93/163/160 94/164/161
f 140/162/159 94/164/161 126/165/162
f 126/165/162 94/164/161 95/166/163
f 126/165/162 95/166/163 127/167/164
f 127/167/164 95/166/163 100/168/165
f 127/167/164 100/168/165 119/169/166
f 119/169/166 100/168/165 113/170/167
f 119/169/166 113/170/167 112/171/168
f 112/171/168 113/170/167 105/61/60
f 112/171/168 105/61/60 104/63/61
f 95/166/163 96/172/169 100/168/165
f 100/168/165 96/172/169 114/173/170
f 100/168/165 114/173/170 113/170/167
f 113/170/167 114/173/170 106/59/58
f 113/170/167 106/59/58 105/61/60
f 96/172/169 97/55/55 114/173/170
f 114/173/170 97/55/55 107/57/56
f 114/173/170 107/57/56 106/59/58
f 104/63/61 103/65/63 111/174/171
f 111/174/171 103/65/63 110/67/65
f 111/174/171 110/67/65 117/175/172
f 117/175/172 110/67/65 116/69/67
f 117/175/172 116/69/67 130/176/173
f 130/176/173 116/69/67 131/71/69
f 130/176/173 131/71/69 123/177/174
f 123/177/174 131/71/69 122/73/71
f 123/177/174 122/73/71 137/178/175
f 137/178/175 122/73/71 136/75/73
f 137/178/175 136/75/73 144/179/176
f 144/179/176 136/75/73 143/77/75
f 144/179/176 143/77/75 151/180/177
f 151/180/177 143/77/75 150/79/77
f 151/180/177 150/79/77 158/181/178
f 158/181/178 150/79/77 157/81/79
f 158/181/178 157/81/79 165/182/179
f 165/182/179 157/81/79 164/83/81
f 165/182/179 164/83/81 172/183/180
f 172/183/180 164/83/81 171/85/83
f 172/183/180 171/85/83 179/184/181
f 179/184/181 171/85/83 178/87/85
f 179/184/181 178/87/85 186/185/182
f 186/185/182 178/87/85 185/89/87
f 186/185/182 185/89/87 193/186/183
f 193/186/183 185/89/87 192/91/89
f 193/186/183 192/91/89 199/135/132
f 199/135/132 192/91/89 198/93/91
f 104/63/61 111/174/171 112/171/168
f 112/171/168 111/174/171 118/187/184
f 112/171/168 118/187/184 119/169/166
f 119/169/166 118/187/184 128/188/185
f 119/169/166 128/188/185 127/167/164
f 127/167/164 128/188/185 126/165/162
f 118/187/184 111/174/171 117/175/172
f 118/187/184 117/175/172 129/189/186
f 129/189/186 117/175/172 130/176/173
f 129/189/186 130/176/173 124/190/187
f 124/190/187 130/176/173 123/177/174
f 124/190/187 123/177/174 138/191/188
f 138/191/188 123/177/174 137/178/175
f 138/191/188 137/178/175 145/192/189
f 145/192/189 137/178/175 144/179/176
f 145/192/189 144/179/176 152/193/190
f 152/193/190 144/179/176 151/180/177
f 152/193/190 151/180/177 159/194/191
f 159/194/191 151/180/177 158/181/178
f 159/194/191 158/181/178 166/195/192
f 166/195/192 158/181/178 165/182/179
f 166/195/192 165/182/179 173/196/193
f 173/196/193 165/182/179 172/183/180
f 173/196/193 172/183/180 180/197/194
f 180/197/194 172/183/180 179/184/181
f 180/197/194 179/184/181 187/198/195
f 187/198/195 179/184/181 186/185/182
f 187/198/195 186/185/182 194/199/196
f 194/199/196 186/185/182 193/186/183
f 194/199/196 193/186/183 200/137/134
f 200/137/134 193/186/183 199/135/132
f 124/190/187 125/200/197 129/189/186
f 129/189/186 125/200/197 128/188/185
f 129/189/186 128/188/185 118/187/184
f 140/162/159 126/165/162 125/200/197
f 125/200/197 126/165/162 128/188/185
f 125/200/197 124/190/187 139/201/198
f 139/201/198 124/190/187 138/191/188
f 139/201/198 138/191/188 146/202/199
f 146/202/199 138/191/188 145/192/189
f 146/202/199 145/192/189 153/203/200
f 153/203/200 145/192/189 152/193/190
f 153/203/200 152/193/190 160/204/201
f 160/204/201 152/193/190 159/194/191
f 160/204/201 159/194/191 167/205/202
f 167/205/202 159/194/191 166/195/192
f 167/205/202 166/195/192 174/206/203
f 174/206/203 166/195/192 173/196/193
f 174/206/203 173/196/193 181/207/204
f 181/207/204 173/196/193 180/197/194
f 181/207/204 180/197/194 188/208/205
f 188/208/205 180/197/194 187/198/195
f 188/208/205 187/198/195 195/209/206
f 195/209/206 187/198/195 194/199/196
f 195/209/206 194/199/196 201/139/136
f 201/139/136 194/199/196 200/137/134
f 147/160/157 140/162/159 139/201/198
f 139/201/198 140/162/159 125/200/197
f 147/160/157 139/201/198 146/202/199
f 154/158/155 147/160/157 146/202/199
f 154/158/155 146/202/199 153/203/200
f 161/155/152 154/158/155 153/203/200
f 161/155/152 153/203/200 160/204/201
f 168/152/149 161/155/152 160/204/201
f 168/152/149 160/204/201 167/205/202
f 175/150/147 168/152/149 167/205/202
f 175/150/147 167/205/202 174/206/203
f 182/148/145 175/150/147 174/206/203
f 182/148/145 174/206/203 181/207/204
f 189/146/143 182/148/145 181/207/204
f 189/146/143 181/207/204 188/208/205
f 98/144/141 189/146/143 188/208/205
f 98/144/141 188/208/205 195/209/206
f 202/141/138 98/144/141 195/209/206
f 202/141/138 195/209/206 201/139/136
f 204/210/207 210/211/208 203/212/209
f 203/212/209 210/211/208 211/213/210
f 203/212/209 211/213/210 212/214/211
f 212/214/211 211/213/210 220/215/212
f 212/214/211 220/215/212 221/216/213
f 221/216/213 220/215/212 229/217/214
f 221/216/213 229/217/214 230/218/215
f 230/218/215 229/217/214 238/219/216
f 230/218/215 238/219/216 239/220/217
f 239/220/217 238/219/216 247/221/218
f 239/220/217 247/221/218 248/222/219
f 248/222/219 247/221/218 81/223/139
f 248/222/219 81/223/139 249/224/220
f 249/224/220 81/223/139 80/225/221
f 249/224/220 80/225/221 241/226/222
f 241/226/222 80/225/221 79/227/223
f 241/226/222 79/227/223 233/228/224
f 233/228/224 79/227/223 78/229/133
f 233/228/224 78/229/133 225/230/225
f 225/230/225 78/229/133 77/231/226
f 225/230/225 77/231/226 217/232/227
f 217/232/227 77/231/226 76/233/228
f 217/232/227 76/233/228 75/234/131
f 210/211/208 204/210/207 218/235/229
f 218/235/229 204/210/207 205/236/230
f 218/235/229 205/236/230 226/237/231
f 226/237/231 205/236/230 206/238/232
f 226/237/231 206/238/232 234/239/233
f 234/239/233 206/238/232 207/240/234
f 234/239/233 207/240/234 242/241/235
f 242/241/235 207/240/234 208/242/236
f 242/241/235 208/242/236 209/243/237
f 81/223/139 245/244/238 209/243/237
f 209/243/237 245/244/238 244/245/239
f 209/243/237 244/245/239 243/246/240
f 243/246/240 244/245/239 235/247/241
f 243/246/240 235/247/241 234/239/233
f 234/239/233 235/247/241 226/237/231
f 203/212/209 214/248/242 75/234/131
f 75/234/131 214/248/242 215/249/243
f 75/234/131 215/249/243 216/250/244
f 216/250/244 215/249/243 224/251/245
f 216/250/244 224/251/245 225/230/225
f 225/230/225 224/251/245 233/228/224
f 211/213/210 210/211/208 219/252/246
f 219/252/246 210/211/208 218/235/229
f 219/252/246 218/235/229 227/253/247
f 227/253/247 218/235/229 226/237/231
f 227/253/247 226/237/231 235/247/241
f 214/248/242 203/212/209 213/254/248
f 213/254/248 203/212/209 212/214/211
f 213/254/248 212/214/211 221/216/213
f 214/248/242 213/254/248 222/255/249
f 222/255/249 213/254/248 221/216/213
f 222/255/249 221/216/213 230/218/215
f 217/232/227 75/234/131 216/250/244
f 215/249/243 214/248/242 223/256/250
f 223/256/250 214/248/242 222/255/249
f 223/256/250 222/255/249 231/257/251
f 231/257/251 222/255/249 230/218/215
f 231/257/251 230/218/215 239/220/217
f 225/230/225 217/232/227 216/250/244
f 211/213/210 219/252/246 220/215/212
f 220/215/212 219/252/246 228/258/252
f 220/215/212 228/258/252 229/217/214
f 229/217/214 228/258/252 237/259/253
f 229/217/214 237/259/253 238/219/216
f 238/219/216 237/259/253 246/260/254
f 238/219/216 246/260/254 247/221/218
f 247/221/218 246/260/254 81/223/139
f 228/258/252 219/252/246 227/253/247
f 215/249/243 223/256/250 224/251/245
f 224/251/245 223/256/250 232/261/255
f 224/251/245 232/261/255 233/228/224
f 233/228/224 232/261/255 241/226/222
f 232/261/255 223/256/250 231/257/251
f 228/258/252 227/253/247 236/262/256
f 236/262/256 227/253/247 235/247/241
f 236/262/256 235/247/241 244/245/239
f 232/261/255 231/257/251 240/263/257
f 240/263/257 231/257/251 239/220/217
f 240/263/257 239/220/217 248/222/219
f 243/246/240 234/239/233 242/241/235
f 228/258/252 236/262/256 237/259/253
f 237/259/253 236/262/256 245/244/238
f 237/259/253 245/244/238 246/260/254
f 246/260/254 245/244/238 81/223/139
f 245/244/238 236/262/256 244/245/239
f 249/224/220 241/226/222 240/263/257
f 240/263/257 241/226/222 232/261/255
f 249/224/220 240/263/257 248/222/219
f 209/243/237 243/246/240 242/241/235
f 251/264/258 355/265/259 250/266/260
f 250/266/260 355/265/259 364/267/261
f 250/266/260 364/267/261 273/268/262
f 273/268/262 364/267/261 452/269/263
f 273/268/262 452/269/263 272/270/264
f 272/270/264 452/269/263 449/271/265
f 272/270/264 449/271/265 271/272/266
f 271/272/266 449/271/265 353/273/267
f 271/274/266 353/275/267 446/276/268
f 446/276/268 353/275/267 354/277/269
f 446/276/268 354/277/269 447/278/270
f 447/278/270 354/277/269 315/279/271
f 447/278/270 315/279/271 316/280/272
f 355/265/259 251/264/258 365/281/273
f 365/281/273 251/264/258 252/282/274
f 365/281/273 252/282/274 370/283/275
f 370/283/275 252/282/274 253/284/276
f 370/283/275 253/284/276 372/285/277
f 372/285/277 253/284/276 254/286/278
f 372/285/277 254/286/278 374/287/279
f 374/287/279 254/286/278 255/288/280
f 374/287/279 255/288/280 379/289/281
f 379/289/281 255/288/280 256/290/282
f 379/289/281 256/290/282 384/291/283
f 384/291/283 256/290/282 257/292/284
f 384/291/283 257/292/284 389/293/285
f 389/293/285 257/292/284 258/294/286
f 389/293/285 258/294/286 394/295/287
f 394/295/287 258/294/286 259/296/288
f 394/295/287 259/296/288 401/297/289
f 401/297/289 259/296/288 397/298/290
f 401/297/289 397/298/290 398/299/291
f 398/299/291 397/298/290 403/300/292
f 398/299/291 403/300/292 404/301/293
f 404/301/293 403/300/292 409/302/294
f 404/301/293 409/302/294 410/303/295
f 410/303/295 409/302/294 415/304/296
f 410/303/295 415/304/296 416/305/297
f 416/305/297 415/304/296 421/306/298
f 416/305/297 421/306/298 350/307/299
f 350/307/299 421/306/298 349/308/300
f 349/308/300 421/306/298 348/309/301
f 348/309/301 421/306/298 347/310/302
f 347/310/302 421/306/298 346/311/303
f 346/311/303 421/306/298 420/312/304
f 346/311/303 420/312/304 345/313/305
f 345/313/305 420/312/304 344/314/306
f 344/314/306 420/312/304 419/315/307
f 344/314/306 419/315/307 343/316/308
f 343/316/308 419/315/307 342/317/309
f 342/317/309 419/315/307 341/318/310
f 341/318/310 419/315/307 418/319/311
f 341/318/310 418/319/311 423/320/312
f 423/320/312 418/319/311 417/321/313
f 423/320/312 417/321/313 422/322/314
f 422/322/314 417/321/313 264/323/315
f 422/322/314 264/323/315 265/324/316
f 259/296/288 260/325/317 397/298/290
f 397/298/290 260/325/317 402/326/318
f 397/298/290 402/326/318 403/300/292
f 403/300/292 402/326/318 408/327/319
f 403/300/292 408/327/319 409/302/294
f 409/302/294 408/327/319 414/328/320
f 409/302/294 414/328/320 415/304/296
f 415/304/296 414/328/320 420/312/304
f 415/304/296 420/312/304 421/306/298
f 260/325/317 261/329/321 402/326/318
f 402/326/318 261/329/321 407/330/322
f 402/326/318 407/330/322 408/327/319
f 408/327/319 407/330/322 413/331/323
f 408/327/319 413/331/323 414/328/320
f 414/328/320 413/331/323 419/315/307
f 414/328/320 419/315/307 420/312/304
f 261/329/321 262/332/324 407/330/322
f 407/330/322 262/332/324 412/333/325
f 407/330/322 412/333/325 413/331/323
f 413/331/323 412/333/325 418/319/311
f 413/331/323 418/319/311 419/315/307
f 262/332/324 263/334/326 412/333/325
f 412/333/325 263/334/326 417/321/313
f 412/333/325 417/321/313 418/319/311
f 263/334/326 264/323/315 417/321/313
f 422/322/314 265/324/316 424/335/327
f 424/335/327 265/324/316 266/336/328
f 424/335/327 266/336/328 426/337/329
f 426/337/329 266/336/328 267/338/330
f 426/337/329 267/338/330 431/339/331
f 431/339/331 267/338/330 268/340/332
f 431/339/331 268/340/332 436/341/333
f 436/341/333 268/340/332 269/342/334
f 436/341/333 269/342/334 441/343/335
f 441/343/335 269/342/334 270/344/336
f 441/343/335 270/344/336 446/276/268
f 446/276/268 270/344/336 271/274/266
f 75/345/131 74/346/337 352/347/338
f 352/347/338 74/346/337 406/348/339
f 352/347/338 406/348/339 411/349/340
f 411/349/340 406/348/339 405/350/341
f 411/349/340 405/350/341 410/303/295
f 410/303/295 405/350/341 404/301/293
f 74/346/337 73/351/342 406/348/339
f 406/348/339 73/351/342 72/352/343
f 406/348/339 72/352/343 405/350/341
f 405/350/341 72/352/343 71/353/344
f 405/350/341 71/353/344 70/354/345
f 69/355/346 399/356/347 70/354/345
f 70/354/345 399/356/347 404/301/293
f 70/354/345 404/301/293 405/350/341
f 69/355/346 68/357/348 399/356/347
f 399/356/347 68/357/348 398/299/291
f 399/356/347 398/299/291 404/301/293
f 68/357/348 67/358/349 398/299/291
f 398/299/291 67/358/349 66/359/350
f 398/299/291 66/359/350 400/360/351
f 400/360/351 66/359/350 65/361/352
f 400/360/351 65/361/352 64/362/353
f 64/362/353 63/363/354 400/360/351
f 400/360/351 63/363/354 395/364/355
f 400/360/351 395/364/355 394/295/287
f 394/295/287 395/364/355 389/293/285
f 63/363/354 62/365/356 395/364/355
f 395/364/355 62/365/356 396/366/357
f 395/364/355 396/366/357 390/367/358
f 390/367/358 396/366/357 391/368/359
f 390/367/358 391/368/359 385/369/360
f 385/369/360 391/368/359 386/370/361
f 385/369/360 386/370/361 380/371/362
f 380/371/362 386/370/361 381/372/363
f 380/371/362 381/372/363 375/373/364
f 375/373/364 381/372/363 376/374/365
f 375/373/364 376/374/365 285/375/366
f 285/375/366 376/374/365 284/376/367
f 284/376/367 376/374/365 283/377/368
f 283/377/368 376/374/365 282/378/369
f 282/378/369 376/374/365 377/379/370
f 282/378/369 377/379/370 281/380/371
f 281/380/371 377/379/370 280/381/372
f 280/381/372 377/379/370 378/382/373
f 280/381/372 378/382/373 279/383/374
f 279/383/374 378/382/373 278/384/375
f 278/384/375 378/382/373 277/385/376
f 277/385/376 378/382/373 276/386/377
f 276/386/377 378/382/373 383/387/378
f 276/386/377 383/387/378 275/388/379
f 275/388/379 383/387/378 388/389/380
f 275/388/379 388/389/380 274/390/381
f 274/390/381 388/389/380 393/391/382
f 274/390/381 393/391/382 55/392/383
f 55/392/383 393/391/382 56/393/384
f 56/393/384 393/391/382 57/394/385
f 57/394/385 393/391/382 392/395/386
f 57/394/385 392/395/386 58/396/387
f 58/396/387 392/395/386 59/397/388
f 59/397/388 392/395/386 391/368/359
f 59/397/388 391/368/359 396/366/357
f 62/365/356 61/398/389 396/366/357
f 396/366/357 61/398/389 60/399/390
f 396/366/357 60/399/390 59/397/388
f 55/392/383 1/400/3 274/390/381
f 375/373/364 285/375/366 373/401/391
f 373/401/391 285/375/366 286/402/392
f 373/401/391 286/402/392 287/403/393
f 287/403/393 288/404/394 373/401/391
f 373/401/391 288/404/394 371/405/395
f 373/401/391 371/405/395 370/283/275
f 370/283/275 371/405/395 365/281/273
f 288/404/394 289/406/396 371/405/395
f 371/405/395 289/406/396 290/407/397
f 371/405/395 290/407/397 291/408/398
f 292/409/399 367/410/400 291/408/398
f 291/408/398 367/410/400 366/411/401
f 291/408/398 366/411/401 371/405/395
f 371/405/395 366/411/401 365/281/273
f 292/409/399 293/412/402 367/410/400
f 367/410/400 293/412/402 294/413/403
f 367/410/400 294/413/403 368/414/404
f 368/414/404 294/413/403 295/415/405
f 368/414/404 295/415/405 296/416/406
f 368/414/404 296/416/406 369/417/407
f 369/417/407 296/416/406 297/418/408
f 369/417/407 297/418/408 298/419/409
f 298/419/409 299/420/410 369/417/407
f 369/417/407 299/420/410 300/421/411
f 369/417/407 300/421/411 359/422/412
f 359/422/412 300/421/411 301/423/413
f 359/422/412 301/423/413 360/424/414
f 360/424/414 301/423/413 302/425/415
f 360/424/414 302/425/415 456/426/416
f 456/426/416 302/425/415 304/427/417
f 456/426/416 304/427/417 305/428/418
f 302/425/415 303/429/419 304/427/417
f 305/428/418 306/430/420 456/426/416
f 456/426/416 306/430/420 455/431/421
f 456/426/416 455/431/421 360/424/414
f 360/424/414 455/431/421 361/432/422
f 360/424/414 361/432/422 359/422/412
f 359/422/412 361/432/422 358/433/423
f 359/422/412 358/433/423 369/417/407
f 369/417/407 358/433/423 368/414/404
f 306/430/420 307/434/424 455/431/421
f 455/431/421 307/434/424 308/435/425
f 455/431/421 308/435/425 454/436/426
f 454/436/426 308/435/425 451/437/427
f 454/436/426 451/437/427 450/438/428
f 450/438/428 451/437/427 310/439/429
f 450/438/428 310/439/429 311/440/430
f 308/435/425 309/441/431 451/437/427
f 451/437/427 309/441/431 310/439/429
f 311/440/430 312/442/432 450/438/428
f 450/438/428 312/442/432 354/443/269
f 450/438/428 354/443/269 353/273/267
f 312/444/432 313/445/433 354/277/269
f 354/277/269 313/445/433 314/446/434
f 354/277/269 314/446/434 315/279/271
f 447/278/270 316/280/272 448/447/435
f 448/447/435 316/280/272 317/448/436
f 448/447/435 317/448/436 318/449/437
f 318/449/437 319/450/438 448/447/435
f 448/447/435 319/450/438 443/451/439
f 448/447/435 443/451/439 442/452/440
f 442/452/440 443/451/439 437/453/441
f 442/452/440 437/453/441 436/341/333
f 436/341/333 437/453/441 431/339/331
f 443/451/439 319/450/438 444/454/442
f 444/454/442 319/450/438 320/455/443
f 444/454/442 320/455/443 321/456/444
f 444/454/442 321/456/444 445/457/445
f 445/457/445 321/456/444 322/458/446
f 445/457/445 322/458/446 323/459/447
f 324/460/448 325/461/449 323/459/447
f 323/459/447 325/461/449 445/457/445
f 445/457/445 325/461/449 440/462/450
f 440/462/450 325/461/449 326/463/451
f 440/462/450 326/463/451 435/464/452
f 435/464/452 326/463/451 327/465/453
f 435/464/452 327/465/453 430/466/454
f 430/466/454 327/465/453 328/467/455
f 430/466/454 328/467/455 329/468/456
f 329/468/456 330/469/457 430/466/454
f 430/466/454 330/469/457 331/470/458
f 430/466/454 331/470/458 429/471/459
f 429/471/459 331/470/458 332/472/460
f 429/471/459 332/472/460 333/473/461
f 429/471/459 333/473/461 428/474/462
f 428/474/462 333/473/461 334/475/463
f 428/474/462 334/475/463 335/476/464
f 336/477/465 425/478/466 335/476/464
f 335/476/464 425/478/466 427/479/467
f 335/476/464 427/479/467 428/474/462
f 428/474/462 427/479/467 433/480/468
f 428/474/462 433/480/468 434/481/469
f 434/481/469 433/480/468 439/482/470
f 434/481/469 439/482/470 440/462/450
f 440/462/450 439/482/470 445/457/445
f 336/477/465 337/483/471 425/478/466
f 425/478/466 337/483/471 338/484/472
f 425/478/466 338/484/472 423/320/312
f 423/320/312 338/484/472 339/485/473
f 423/320/312 339/485/473 340/486/474
f 340/486/474 341/318/310 423/320/312
f 350/307/299 351/487/475 416/305/297
f 416/305/297 351/487/475 411/349/340
f 416/305/297 411/349/340 410/303/295
f 351/487/475 352/347/338 411/349/340
f 450/438/428 353/273/267 449/271/265
f 400/360/351 394/295/287 401/297/289
f 355/265/259 356/488/476 364/267/261
f 364/267/261 356/488/476 363/489/477
f 364/267/261 363/489/477 452/269/263
f 452/269/263 363/489/477 453/490/478
f 452/269/263 453/490/478 449/271/265
f 449/271/265 453/490/478 450/438/428
f 356/488/476 357/491/479 363/489/477
f 363/489/477 357/491/479 362/492/480
f 363/489/477 362/492/480 453/490/478
f 453/490/478 362/492/480 454/436/426
f 453/490/478 454/436/426 450/438/428
f 365/281/273 366/411/401 355/265/259
f 355/265/259 366/411/401 356/488/476
f 357/491/479 358/433/423 362/492/480
f 362/492/480 358/433/423 361/432/422
f 362/492/480 361/432/422 454/436/426
f 454/436/426 361/432/422 455/431/421
f 366/411/401 367/410/400 356/488/476
f 356/488/476 367/410/400 357/491/479
f 367/410/400 368/414/404 357/491/479
f 357/491/479 368/414/404 358/433/423
f 375/373/364 373/401/391 372/285/277
f 372/285/277 373/401/391 370/283/275
f 380/371/362 375/373/364 374/287/279
f 374/287/279 375/373/364 372/285/277
f 383/387/378 378/382/373 377/379/370
f 377/379/370 376/374/365 382/493/481
f 382/493/481 376/374/365 381/372/363
f 382/493/481 381/372/363 387/494/482
f 387/494/482 381/372/363 386/370/361
f 387/494/482 386/370/361 392/395/386
f 392/395/386 386/370/361 391/368/359
f 385/369/360 380/371/362 379/289/281
f 379/289/281 380/371/362 374/287/279
f 388/389/380 383/387/378 382/493/481
f 382/493/481 383/387/378 377/379/370
f 388/389/380 382/493/481 387/494/482
f 390/367/358 385/369/360 384/291/283
f 384/291/283 385/369/360 379/289/281
f 393/391/382 388/389/380 387/494/482
f 393/391/382 387/494/482 392/395/386
f 395/364/355 390/367/358 389/293/285
f 389/293/285 390/367/358 384/291/283
f 400/360/351 401/297/289 398/299/291
f 425/478/466 423/320/312 422/322/314
f 427/479/467 425/478/466 424/335/327
f 424/335/327 425/478/466 422/322/314
f 424/335/327 426/337/329 427/479/467
f 427/479/467 426/337/329 432/495/483
f 427/479/467 432/495/483 433/480/468
f 433/480/468 432/495/483 438/496/484
f 433/480/468 438/496/484 439/482/470
f 439/482/470 438/496/484 444/454/442
f 439/482/470 444/454/442 445/457/445
f 435/464/452 430/466/454 429/471/459
f 435/464/452 429/471/459 434/481/469
f 434/481/469 429/471/459 428/474/462
f 426/337/329 431/339/331 432/495/483
f 432/495/483 431/339/331 437/453/441
f 432/495/483 437/453/441 438/496/484
f 438/496/484 437/453/441 443/451/439
f 438/496/484 443/451/439 444/454/442
f 440/462/450 435/464/452 434/481/469
f 436/341/333 441/343/335 442/452/440
f 442/452/440 441/343/335 447/278/270
f 442/452/440 447/278/270 448/447/435
f 446/276/268 447/278/270 441/343/335
f 458/497/485 483/498/486 457/499/487
f 457/499/487 483/498/486 484/500/488
f 457/499/487 484/500/488 482/501/489
f 482/501/489 484/500/488 203/502/209
f 482/501/489 203/502/209 481/503/490
f 481/503/490 203/502/209 75/504/131
f 481/503/490 75/504/131 352/505/338
f 483/498/486 458/497/485 14/506/25
f 14/506/25 458/497/485 459/507/491
f 14/506/25 459/507/491 1/508/3
f 1/508/3 459/507/491 274/509/381
f 274/509/381 459/507/491 460/510/492
f 274/509/381 460/510/492 275/511/379
f 275/511/379 460/510/492 461/512/493
f 275/511/379 461/512/493 276/513/377
f 276/513/377 461/512/493 462/514/494
f 276/513/377 462/514/494 277/515/376
f 277/515/376 462/514/494 496/516/495
f 496/516/495 462/514/494 463/517/496
f 496/516/495 463/517/496 495/518/497
f 495/518/497 463/517/496 464/519/498
f 495/518/497 464/519/498 494/520/499
f 494/520/499 464/519/498 493/521/500
f 493/521/500 464/519/498 465/522/501
f 493/521/500 465/522/501 299/523/410
f 299/523/410 465/522/501 300/524/411
f 300/524/411 465/522/501 466/525/502
f 300/524/411 466/525/502 301/526/413
f 301/526/413 466/525/502 467/527/503
f 301/526/413 467/527/503 302/528/415
f 302/528/415 467/527/503 468/529/504
f 302/528/415 468/529/504 303/530/419
f 303/530/419 468/529/504 492/531/505
f 492/531/505 468/529/504 469/532/506
f 492/531/505 469/532/506 491/533/507
f 491/533/507 469/532/506 470/534/508
f 491/533/507 470/534/508 490/535/509
f 490/535/509 470/534/508 471/536/510
f 490/535/509 471/536/510 489/537/511
f 489/537/511 471/536/510 472/538/512
f 489/537/511 472/538/512 324/539/448
f 324/539/448 472/538/512 325/540/449
f 325/540/449 472/538/512 473/541/513
f 325/540/449 473/541/513 326/542/451
f 326/542/451 473/541/513 474/543/514
f 326/542/451 474/543/514 327/544/453
f 327/544/453 474/543/514 475/545/515
f 327/544/453 475/545/515 328/546/455
f 328/546/455 475/545/515 488/547/516
f 488/547/516 475/545/515 476/548/517
f 488/547/516 476/548/517 487/549/518
f 487/549/518 476/548/517 477/550/519
f 487/549/518 477/550/519 486/551/520
f 486/552/520 477/553/519 485/554/521
f 485/554/521 477/553/519 478/555/522
f 485/554/521 478/555/522 349/556/300
f 349/556/300 478/555/522 350/557/299
f 350/557/299 478/555/522 479/558/523
f 350/557/299 479/558/523 351/559/475
f 351/559/475 479/558/523 480/560/524
f 351/559/475 480/560/524 352/505/338
f 352/505/338 480/560/524 481/503/490
f 497/561/525 509/562/526 349/563/300
f 349/563/300 509/562/526 510/564/527
f 349/563/300 510/564/527 511/565/528
f 511/565/528 510/564/527 519/566/529
f 511/565/528 519/566/529 520/567/530
f 520/567/530 519/566/529 528/568/531
f 520/567/530 528/568/531 529/569/532
f 529/569/532 528/568/531 537/570/533
f 529/569/532 537/570/533 538/571/534
f 538/571/534 537/570/533 546/572/535
f 538/571/534 546/572/535 547/573/536
f 547/573/536 546/572/535 503/574/537
f 547/573/536 503/574/537 548/575/538
f 548/575/538 503/574/537 504/576/539
f 548/575/538 504/576/539 540/577/540
f 540/577/540 504/576/539 505/578/541
f 540/577/540 505/578/541 532/579/542
f 532/579/542 505/578/541 506/580/543
f 532/579/542 506/580/543 524/581/544
f 524/581/544 506/580/543 507/582/545
f 524/581/544 507/582/545 516/583/546
f 516/583/546 507/582/545 508/584/547
f 516/583/546 508/584/547 485/585/521
f 509/562/526 497/561/525 517/586/548
f 517/586/548 497/561/525 498/587/549
f 517/586/548 498/587/549 525/588/550
f 525/588/550 498/587/549 499/589/551
f 525/588/550 499/589/551 533/590/552
f 533/590/552 499/589/551 500/591/553
f 533/590/552 500/591/553 541/592/554
f 541/592/554 500/591/553 501/593/555
f 541/592/554 501/593/555 502/594/556
f 503/574/537 544/595/557 502/594/556
f 502/594/556 544/595/557 543/596/558
f 502/594/556 543/596/558 542/597/559
f 542/597/559 543/596/558 534/598/560
f 542/597/559 534/598/560 533/590/552
f 533/590/552 534/598/560 525/588/550
f 349/563/300 513/599/561 485/585/521
f 485/585/521 513/599/561 514/600/562
f 485/585/521 514/600/562 515/601/563
f 515/601/563 514/600/562 523/602/564
f 515/601/563 523/602/564 524/581/544
f 524/581/544 523/602/564 532/579/542
f 510/564/527 509/562/526 518/603/565
f 518/603/565 509/562/526 517/586/548
f 518/603/565 517/586/548 526/604/566
f 526/604/566 517/586/548 525/588/550
f 526/604/566 525/588/550 534/598/560
f 513/599/561 349/563/300 512/605/567
f 512/605/567 349/563/300 511/565/528
f 512/605/567 511/565/528 520/567/530
f 513/599/561 512/605/567 521/606/568
f 521/606/568 512/605/567 520/567/530
f 521/606/568 520/567/530 529/569/532
f 516/583/546 485/585/521 515/601/563
f 514/600/562 513/599/561 522/607/569
f 522/607/569 513/599/561 521/606/568
f 522/607/569 521/606/568 530/608/570
f 530/608/570 521/606/568 529/569/532
f 530/608/570 529/569/532 538/571/534
f 524/581/544 516/583/546 515/601/563
f 510/564/527 518/603/565 519/566/529
f 519/566/529 518/603/565 527/609/571
f 519/566/529 527/609/571 528/568/531
f 528/568/531 527/609/571 536/610/572
f 528/568/531 536/610/572 537/570/533
f 537/570/533 536/610/572 545/611/573
f 537/570/533 545/611/573 546/572/535
f 546/572/535 545/611/573 503/574/537
f 527/609/571 518/603/565 526/604/566
f 514/600/562 522/607/569 523/602/564
f 523/602/564 522/607/569 531/612/574
f 523/602/564 531/612/574 532/579/542
f 532/579/542 531/612/574 540/577/540
f 531/612/574 522/607/569 530/608/570
f 527/609/571 526/604/566 535/613/575
f 535/613/575 526/604/566 534/598/560
f 535/613/575 534/598/560 543/596/558
f 531/612/574 530/608/570 539/614/576
f 539/614/576 530/608/570 538/571/534
f 539/614/576 538/571/534 547/573/536
f 542/597/559 533/590/552 541/592/554
f 527/609/571 535/613/575 536/610/572
f 536/610/572 535/613/575 544/595/557
f 536/610/572 544/595/557 545/611/573
f 545/611/573 544/595/557 503/574/537
f 544/595/557 535/613/575 543/596/558
f 548/575/538 540/577/540 539/614/576
f 539/614/576 540/577/540 531/612/574
f 548/575/538 539/614/576 547/573/536
f 502/594/556 542/597/559 541/592/554
f 570/615/577 502/616/556 580/617/578
f 580/617/578 502/616/556 501/618/579
f 580/617/578 501/618/579 579/619/580
f 579/619/580 501/618/579 500/620/581
f 579/619/580 500/620/581 578/621/582
f 578/621/582 500/620/581 499/622/551
f 578/621/582 499/622/551 577/623/583
f 577/623/583 499/622/551 498/624/584
f 577/623/583 498/624/584 576/625/585
f 576/625/585 498/624/584 575/626/586
f 576/625/585 575/626/586 583/627/587
f 583/627/587 575/626/586 582/628/588
f 583/627/587 582/628/588 589/629/589
f 589/629/589 582/628/588 588/630/590
f 589/629/589 588/630/590 604/631/591
f 604/631/591 588/630/590 605/632/592
f 604/631/591 605/632/592 595/633/593
f 595/633/593 605/632/592 594/634/594
f 595/633/593 594/634/594 609/635/595
f 609/635/595 594/634/594 608/636/596
f 609/635/595 608/636/596 616/637/597
f 616/637/597 608/636/596 615/638/598
f 616/637/597 615/638/598 623/639/599
f 623/639/599 615/638/598 622/640/600
f 623/639/599 622/640/600 630/641/601
f 630/641/601 622/640/600 629/642/602
f 630/641/601 629/642/602 637/643/603
f 637/643/603 629/642/602 636/644/604
f 637/643/603 636/644/604 644/645/605
f 644/645/605 636/644/604 643/646/606
f 644/645/605 643/646/606 651/647/607
f 651/647/607 643/646/606 650/648/608
f 651/647/607 650/648/608 658/649/609
f 658/649/609 650/648/608 657/650/610
f 658/649/609 657/650/610 665/651/611
f 665/651/611 657/650/610 664/652/612
f 665/651/611 664/652/612 671/653/613
f 671/653/613 664/652/612 670/654/614
f 671/653/613 670/654/614 550/655/615
f 550/655/615 670/654/614 549/656/616
f 549/656/616 670/654/614 669/657/617
f 549/656/616 669/657/617 329/658/618
f 329/658/618 669/657/617 330/659/619
f 330/659/619 669/657/617 663/660/620
f 330/659/619 663/660/620 331/661/621
f 331/661/621 663/660/620 656/662/622
f 331/661/621 656/662/622 332/663/623
f 332/663/623 656/662/622 333/664/624
f 333/664/624 656/662/622 649/665/625
f 333/664/624 649/665/625 334/666/626
f 334/666/626 649/665/625 642/667/627
f 334/666/626 642/667/627 335/668/628
f 335/668/628 642/667/627 635/669/629
f 335/668/628 635/669/629 336/670/630
f 336/670/630 635/669/629 337/671/631
f 337/671/631 635/669/629 628/672/632
f 337/671/631 628/672/632 338/673/633
f 338/673/633 628/672/632 621/674/634
f 338/673/633 621/674/634 339/675/635
f 339/675/635 621/674/634 614/676/636
f 339/675/635 614/676/636 340/677/637
f 340/677/637 614/676/636 607/678/638
f 340/677/637 607/678/638 341/679/639
f 341/679/639 607/678/638 342/680/640
f 342/680/640 607/678/638 593/681/641
f 342/680/640 593/681/641 343/682/642
f 343/682/642 593/681/641 606/683/643
f 343/682/642 606/683/643 344/684/644
f 344/684/644 606/683/643 572/685/645
f 344/684/644 572/685/645 345/686/646
f 345/686/646 572/685/645 581/687/647
f 345/686/646 581/687/647 346/688/648
f 346/688/648 581/687/647 347/689/649
f 347/689/649 581/687/647 574/690/650
f 347/689/649 574/690/650 348/691/651
f 348/691/651 574/690/650 497/692/652
f 348/691/651 497/692/652 349/693/300
f 498/624/584 497/692/652 575/626/586
f 575/626/586 497/692/652 574/690/650
f 575/626/586 574/690/650 582/628/588
f 582/628/588 574/690/650 581/687/647
f 582/628/588 581/687/647 588/630/590
f 588/630/590 581/687/647 572/685/645
f 588/630/590 572/685/645 605/632/592
f 605/632/592 572/685/645 606/683/643
f 605/632/592 606/683/643 594/634/594
f 594/634/594 606/683/643 593/681/641
f 594/634/594 593/681/641 608/636/596
f 608/636/596 593/681/641 607/678/638
f 608/636/596 607/678/638 615/638/598
f 615/638/598 607/678/638 614/676/636
f 615/638/598 614/676/636 622/640/600
f 622/640/600 614/676/636 621/674/634
f 622/640/600 621/674/634 629/642/602
f 629/642/602 621/674/634 628/672/632
f 629/642/602 628/672/632 636/644/604
f 636/644/604 628/672/632 635/669/629
f 636/644/604 635/669/629 643/646/606
f 643/646/606 635/669/629 642/667/627
f 643/646/606 642/667/627 650/648/608
f 650/648/608 642/667/627 649/665/625
f 650/648/608 649/665/625 657/650/610
f 657/650/610 649/665/625 656/662/622
f 657/650/610 656/662/622 664/652/612
f 664/652/612 656/662/622 663/660/620
f 664/652/612 663/660/620 670/654/614
f 670/654/614 663/660/620 669/657/617
f 329/658/618 328/694/455 549/656/616
f 671/653/613 550/655/615 672/695/653
f 672/695/653 550/655/615 551/696/654
f 672/695/653 551/696/654 673/697/655
f 673/697/655 551/696/654 552/698/656
f 673/697/655 552/698/656 674/699/657
f 674/699/657 552/698/656 553/700/658
f 674/699/657 553/700/658 675/701/659
f 675/701/659 553/700/658 554/702/660
f 675/701/659 554/702/660 555/703/661
f 675/701/659 555/703/661 571/704/662
f 571/704/662 555/703/661 556/705/663
f 571/704/662 556/705/663 662/706/664
f 662/706/664 556/705/663 557/707/665
f 662/706/664 557/707/665 655/708/666
f 655/708/666 557/707/665 558/709/667
f 655/708/666 558/709/667 648/710/668
f 648/710/668 558/709/667 559/711/669
f 648/710/668 559/711/669 641/712/670
f 641/712/670 559/711/669 560/713/671
f 641/712/670 560/713/671 561/714/672
f 641/712/670 561/714/672 634/715/673
f 634/715/673 561/714/672 562/716/674
f 634/715/673 562/716/674 563/717/675
f 634/715/673 563/717/675 627/718/676
f 627/718/676 563/717/675 564/719/677
f 627/718/676 564/719/677 620/720/678
f 620/720/678 564/719/677 565/721/679
f 620/720/678 565/721/679 613/722/680
f 613/722/680 565/721/679 566/723/681
f 613/722/680 566/723/681 567/724/682
f 613/722/680 567/724/682 599/725/683
f 599/725/683 567/724/682 568/726/684
f 599/725/683 568/726/684 600/727/685
f 600/727/685 568/726/684 573/728/686
f 600/727/685 573/728/686 592/729/687
f 592/729/687 573/728/686 586/730/688
f 592/729/687 586/730/688 585/731/689
f 585/731/689 586/730/688 578/621/582
f 585/731/689 578/621/582 577/623/583
f 568/726/684 569/732/690 573/728/686
f 573/728/686 569/732/690 587/733/691
f 573/728/686 587/733/691 586/730/688
f 586/730/688 587/733/691 579/619/580
f 586/730/688 579/619/580 578/621/582
f 569/732/690 570/615/577 587/733/691
f 587/733/691 570/615/577 580/617/578
f 587/733/691 580/617/578 579/619/580
f 577/623/583 576/625/585 584/734/692
f 584/734/692 576/625/585 583/627/587
f 584/734/692 583/627/587 590/735/693
f 590/735/693 583/627/587 589/629/589
f 590/735/693 589/629/589 603/736/694
f 603/736/694 589/629/589 604/631/591
f 603/736/694 604/631/591 596/737/695
f 596/737/695 604/631/591 595/633/593
f 596/737/695 595/633/593 610/738/696
f 610/738/696 595/633/593 609/635/595
f 610/738/696 609/635/595 617/739/697
f 617/739/697 609/635/595 616/637/597
f 617/739/697 616/637/597 624/740/698
f 624/740/698 616/637/597 623/639/599
f 624/740/698 623/639/599 631/741/699
f 631/741/699 623/639/599 630/641/601
f 631/741/699 630/641/601 638/742/700
f 638/742/700 630/641/601 637/643/603
f 638/742/700 637/643/603 645/743/701
f 645/743/701 637/643/603 644/645/605
f 645/743/701 644/645/605 652/744/702
f 652/744/702 644/645/605 651/647/607
f 652/744/702 651/647/607 659/745/703
f 659/745/703 651/647/607 658/649/609
f 659/745/703 658/649/609 666/746/704
f 666/746/704 658/649/609 665/651/611
f 666/746/704 665/651/611 672/695/653
f 672/695/653 665/651/611 671/653/613
f 577/623/583 584/734/692 585/731/689
f 585/731/689 584/734/692 591/747/705
f 585/731/689 591/747/705 592/729/687
f 592/729/687 591/747/705 601/748/706
f 592/729/687 601/748/706 600/727/685
f 600/727/685 601/748/706 599/725/683
f 591/747/705 584/734/692 590/735/693
f 591/747/705 590/735/693 602/749/707
f 602/749/707 590/735/693 603/736/694
f 602/749/707 603/736/694 597/750/708
f 597/750/708 603/736/694 596/737/695
f 597/750/708 596/737/695 611/751/709
f 611/751/709 596/737/695 610/738/696
f 611/751/709 610/738/696 618/752/710
f 618/752/710 610/738/696 617/739/697
f 618/752/710 617/739/697 625/753/711
f 625/753/711 617/739/697 624/740/698
f 625/753/711 624/740/698 632/754/712
f 632/754/712 624/740/698 631/741/699
f 632/754/712 631/741/699 639/755/713
f 639/755/713 631/741/699 638/742/700
f 639/755/713 638/742/700 646/756/714
f 646/756/714 638/742/700 645/743/701
f 646/756/714 645/743/701 653/757/715
f 653/757/715 645/743/701 652/744/702
f 653/757/715 652/744/702 660/758/716
f 660/758/716 652/744/702 659/745/703
f 660/758/716 659/745/703 667/759/717
f 667/759/717 659/745/703 666/746/704
f 667/759/717 666/746/704 673/697/655
f 673/697/655 666/746/704 672/695/653
f 597/750/708 598/760/718 602/749/707
f 602/749/707 598/760/718 601/748/706
f 602/749/707 601/748/706 591/747/705
f 613/722/680 599/725/683 598/760/718
f 598/760/718 599/725/683 601/748/706
f 598/760/718 597/750/708 612/761/719
f 612/761/719 597/750/708 611/751/709
f 612/761/719 611/751/709 619/762/720
f 619/762/720 611/751/709 618/752/710
f 619/762/720 618/752/710 626/763/721
f 626/763/721 618/752/710 625/753/711
f 626/763/721 625/753/711 633/764/722
f 633/764/722 625/753/711 632/754/712
f 633/764/722 632/754/712 640/765/723
f 640/765/723 632/754/712 639/755/713
f 640/765/723 639/755/713 647/766/724
f 647/766/724 639/755/713 646/756/714
f 647/766/724 646/756/714 654/767/725
f 654/767/725 646/756/714 653/757/715
f 654/767/725 653/757/715 661/768/726
f 661/768/726 653/757/715 660/758/716
f 661/768/726 660/758/716 668/769/727
f 668/769/727 660/758/716 667/759/717
f 668/769/727 667/759/717 674/699/657
f 674/699/657 667/759/717 673/697/655
f 620/720/678 613/722/680 612/761/719
f 612/761/719 613/722/680 598/760/718
f 620/720/678 612/761/719 619/762/720
f 627/718/676 620/720/678 619/762/720
f 627/718/676 619/762/720 626/763/721
f 634/715/673 627/718/676 626/763/721
f 634/715/673 626/763/721 633/764/722
f 641/712/670 634/715/673 633/764/722
f 641/712/670 633/764/722 640/765/723
f 648/710/668 641/712/670 640/765/723
f 648/710/668 640/765/723 647/766/724
f 655/708/666 648/710/668 647/766/724
f 655/708/666 647/766/724 654/767/725
f 662/706/664 655/708/666 654/767/725
f 662/706/664 654/767/725 661/768/726
f 571/704/662 662/706/664 661/768/726
f 571/704/662 661/768/726 668/769/727
f 675/701/659 571/704/662 668/769/727
f 675/701/659 668/769/727 674/699/657
f 676/770/728 682/771/729 488/772/516
f 488/772/516 682/771/729 683/773/730
f 488/772/516 683/773/730 684/774/731
f 684/774/731 683/773/730 692/775/732
f 684/774/731 692/775/732 693/776/733
f 693/776/733 692/775/732 701/777/734
f 693/776/733 701/777/734 702/778/735
f 702/778/735 701/777/734 710/779/736
f 702/778/735 710/779/736 711/780/737
f 711/780/737 710/779/736 719/781/738
f 711/780/737 719/781/738 720/782/739
f 720/782/739 719/781/738 554/783/660
f 720/782/739 554/783/660 721/784/740
f 721/784/740 554/783/660 553/785/741
f 721/784/740 553/785/741 713/786/742
f 713/786/742 553/785/741 552/787/743
f 713/786/742 552/787/743 705/788/744
f 705/788/744 552/787/743 551/789/654
f 705/788/744 551/789/654 697/790/745
f 697/790/745 551/789/654 550/791/746
f 697/790/745 550/791/746 689/792/747
f 689/792/747 550/791/746 549/793/748
f 689/792/747 549/793/748 328/794/455
f 682/771/729 676/770/728 690/795/749
f 690/795/749 676/770/728 677/796/750
f 690/795/749 677/796/750 698/797/751
f 698/797/751 677/796/750 678/798/752
f 698/797/751 678/798/752 706/799/753
f 706/799/753 678/798/752 679/800/754
f 706/799/753 679/800/754 714/801/755
f 714/801/755 679/800/754 680/802/756
f 714/801/755 680/802/756 681/803/757
f 554/783/660 717/804/758 681/803/757
f 681/803/757 717/804/758 716/805/759
f 681/803/757 716/805/759 715/806/760
f 715/806/760 716/805/759 707/807/761
f 715/806/760 707/807/761 706/799/753
f 706/799/753 707/807/761 698/797/751
f 488/772/516 686/808/762 328/794/455
f 328/794/455 686/808/762 687/809/763
f 328/794/455 687/809/763 688/810/764
f 688/810/764 687/809/763 696/811/765
f 688/810/764 696/811/765 697/790/745
f 697/790/745 696/811/765 705/788/744
f 683/773/730 682/771/729 691/812/766
f 691/812/766 682/771/729 690/795/749
f 691/812/766 690/795/749 699/813/767
f 699/813/767 690/795/749 698/797/751
f 699/813/767 698/797/751 707/807/761
f 686/808/762 488/772/516 685/814/768
f 685/814/768 488/772/516 684/774/731
f 685/814/768 684/774/731 693/776/733
f 686/808/762 685/814/768 694/815/769
f 694/815/769 685/814/768 693/776/733
f 694/815/769 693/776/733 702/778/735
f 689/792/747 328/794/455 688/810/764
f 687/809/763 686/808/762 695/816/770
f 695/816/770 686/808/762 694/815/769
f 695/816/770 694/815/769 703/817/771
f 703/817/771 694/815/769 702/778/735
f 703/817/771 702/778/735 711/780/737
f 697/790/745 689/792/747 688/810/764
f 683/773/730 691/812/766 692/775/732
f 692/775/732 691/812/766 700/818/772
f 692/775/732 700/818/772 701/777/734
f 701/777/734 700/818/772 709/819/773
f 701/777/734 709/819/773 710/779/736
f 710/779/736 709/819/773 718/820/774
f 710/779/736 718/820/774 719/781/738
f 719/781/738 718/820/774 554/783/660
f 700/818/772 691/812/766 699/813/767
f 687/809/763 695/816/770 696/811/765
f 696/811/765 695/816/770 704/821/775
f 696/811/765 704/821/775 705/788/744
f 705/788/744 704/821/775 713/786/742
f 704/821/775 695/816/770 703/817/771
f 700/818/772 699/813/767 708/822/776
f 708/822/776 699/813/767 707/807/761
f 708/822/776 707/807/761 716/805/759
f 704/821/775 703/817/771 712/823/777
f 712/823/777 703/817/771 711/780/737
f 712/823/777 711/780/737 720/782/739
f 715/806/760 706/799/753 714/801/755
f 700/818/772 708/822/776 709/819/773
f 709/819/773 708/822/776 717/804/758
f 709/819/773 717/804/758 718/820/774
f 718/820/774 717/804/758 554/783/660
f 717/804/758 708/822/776 716/805/759
f 721/784/740 713/786/742 712/823/777
f 712/823/777 713/786/742 704/821/775
f 721/784/740 712/823/777 720/782/739
f 681/803/757 715/806/760 714/801/755
f 722/824/778 734/825/779 324/826/448
f 324/826/448 734/825/779 735/827/780
f 324/826/448 735/827/780 736/828/781
f 736/828/781 735/827/780 744/829/782
f 736/828/781 744/829/782 745/830/783
f 745/830/783 744/829/782 753/831/784
f 745/830/783 753/831/784 754/832/785
f 754/832/785 753/831/784 762/833/786
f 754/832/785 762/833/786 763/834/787
f 763/834/787 762/833/786 771/835/788
f 763/834/787 771/835/788 772/836/789
f 772/836/789 771/835/788 728/837/790
f 772/836/789 728/837/790 773/838/791
f 773/838/791 728/837/790 729/839/792
f 773/838/791 729/839/792 765/840/793
f 765/840/793 729/839/792 730/841/794
f 765/840/793 730/841/794 757/842/795
f 757/842/795 730/841/794 731/843/796
f 757/842/795 731/843/796 749/844/797
f 749/844/797 731/843/796 732/845/798
f 749/844/797 732/845/798 741/846/799
f 741/846/799 732/845/798 733/847/800
f 741/846/799 733/847/800 489/848/511
f 734/825/779 722/824/778 742/849/801
f 742/849/801 722/824/778 723/850/802
f 742/849/801 723/850/802 750/851/803
f 750/851/803 723/850/802 724/852/804
f 750/851/803 724/852/804 758/853/805
f 758/853/805 724/852/804 725/854/806
f 758/853/805 725/854/806 766/855/807
f 766/855/807 725/854/806 726/856/808
f 766/855/807 726/856/808 727/857/809
f 728/837/790 769/858/810 727/857/809
f 727/857/809 769/858/810 768/859/811
f 727/857/809 768/859/811 767/860/812
f 767/860/812 768/859/811 759/861/813
f 767/860/812 759/861/813 758/853/805
f 758/853/805 759/861/813 750/851/803
f 324/826/448 738/862/814 489/848/511
f 489/848/511 738/862/814 739/863/815
f 489/848/511 739/863/815 740/864/816
f 740/864/816 739/863/815 748/865/817
f 740/864/816 748/865/817 749/844/797
f 749/844/797 748/865/817 757/842/795
f 735/827/780 734/825/779 743/866/818
f 743/866/818 734/825/779 742/849/801
f 743/866/818 742/849/801 751/867/819
f 751/867/819 742/849/801 750/851/803
f 751/867/819 750/851/803 759/861/813
f 738/862/814 324/826/448 737/868/820
f 737/868/820 324/826/448 736/828/781
f 737/868/820 736/828/781 745/830/783
f 738/862/814 737/868/820 746/869/821
f 746/869/821 737/868/820 745/830/783
f 746/869/821 745/830/783 754/832/785
f 741/846/799 489/848/511 740/864/816
f 739/863/815 738/862/814 747/870/822
f 747/870/822 738/862/814 746/869/821
f 747/870/822 746/869/821 755/871/823
f 755/871/823 746/869/821 754/832/785
f 755/871/823 754/832/785 763/834/787
f 749/844/797 741/846/799 740/864/816
f 735/827/780 743/866/818 744/829/782
f 744/829/782 743/866/818 752/872/824
f 744/829/782 752/872/824 753/831/784
f 753/831/784 752/872/824 761/873/825
f 753/831/784 761/873/825 762/833/786
f 762/833/786 761/873/825 770/874/826
f 762/833/786 770/874/826 771/835/788
f 771/835/788 770/874/826 728/837/790
f 752/872/824 743/866/818 751/867/819
f 739/863/815 747/870/822 748/865/817
f 748/865/817 747/870/822 756/875/827
f 748/865/817 756/875/827 757/842/795
f 757/842/795 756/875/827 765/840/793
f 756/875/827 747/870/822 755/871/823
f 752/872/824 751/867/819 760/876/828
f 760/876/828 751/867/819 759/861/813
f 760/876/828 759/861/813 768/859/811
f 756/875/827 755/871/823 764/877/829
f 764/877/829 755/871/823 763/834/787
f 764/877/829 763/834/787 772/836/789
f 767/860/812 758/853/805 766/855/807
f 752/872/824 760/876/828 761/873/825
f 761/873/825 760/876/828 769/858/810
f 761/873/825 769/858/810 770/874/826
f 770/874/826 769/858/810 728/837/790
f 769/858/810 760/876/828 768/859/811
f 773/838/791 765/840/793 764/877/829
f 764/877/829 765/840/793 756/875/827
f 773/838/791 764/877/829 772/836/789
f 727/857/809 767/860/812 766/855/807
f 795/878/830 727/879/809 805/880/831
f 805/880/831 727/879/809 726/881/832
f 805/880/831 726/881/832 804/882/833
f 804/882/833 726/881/832 725/883/834
f 804/882/833 725/883/834 803/884/835
f 803/884/835 725/883/834 724/885/804
f 803/884/835 724/885/804 802/886/836
f 802/886/836 724/885/804 723/887/837
f 802/886/836 723/887/837 801/888/838
f 801/888/838 723/887/837 800/889/839
f 801/888/838 800/889/839 808/890/840
f 808/890/840 800/889/839 807/891/841
f 808/890/840 807/891/841 814/892/842
f 814/892/842 807/891/841 813/893/843
f 814/892/842 813/893/843 829/894/844
f 829/894/844 813/893/843 830/895/845
f 829/894/844 830/895/845 820/896/846
f 820/896/846 830/895/845 819/897/847
f 820/896/846 819/897/847 834/898/848
f 834/898/848 819/897/847 833/899/849
f 834/898/848 833/899/849 841/900/850
f 841/900/850 833/899/849 840/901/851
f 841/900/850 840/901/851 848/902/852
f 848/902/852 840/901/851 847/903/853
f 848/902/852 847/903/853 855/904/854
f 855/904/854 847/903/853 854/905/855
f 855/904/854 854/905/855 862/906/856
f 862/906/856 854/905/855 861/907/857
f 862/906/856 861/907/857 869/908/858
f 869/908/858 861/907/857 868/909/859
f 869/908/858 868/909/859 876/910/860
f 876/910/860 868/909/859 875/911/861
f 876/910/860 875/911/861 883/912/862
f 883/912/862 875/911/861 882/913/863
f 883/912/862 882/913/863 890/914/864
f 890/914/864 882/913/863 889/915/865
f 890/914/864 889/915/865 896/916/866
f 896/916/866 889/915/865 895/917/867
f 896/916/866 895/917/867 775/918/868
f 775/918/868 895/917/867 774/919/869
f 774/919/869 895/917/867 894/920/870
f 774/919/869 894/920/870 304/921/871
f 304/921/871 894/920/870 305/922/872
f 305/922/872 894/920/870 888/923/873
f 305/922/872 888/923/873 306/924/874
f 306/924/874 888/923/873 881/925/875
f 306/924/874 881/925/875 307/926/876
f 307/926/876 881/925/875 308/927/877
f 308/927/877 881/925/875 874/928/878
f 308/927/877 874/928/878 309/929/879
f 309/929/879 874/928/878 867/930/880
f 309/929/879 867/930/880 310/931/881
f 310/931/881 867/930/880 860/932/882
f 310/931/881 860/932/882 311/933/883
f 311/933/883 860/932/882 312/934/884
f 312/934/884 860/932/882 853/935/885
f 312/934/884 853/935/885 313/936/886
f 313/936/886 853/935/885 846/937/887
f 313/936/886 846/937/887 314/938/888
f 314/938/888 846/937/887 839/939/889
f 314/938/888 839/939/889 315/940/890
f 315/940/890 839/939/889 832/941/891
f 315/940/890 832/941/891 316/942/892
f 316/942/892 832/941/891 317/943/893
f 317/943/893 832/941/891 818/944/894
f 317/943/893 818/944/894 318/945/895
f 318/945/895 818/944/894 831/946/896
f 318/945/895 831/946/896 319/947/897
f 319/947/897 831/946/896 797/948/898
f 319/947/897 797/948/898 320/949/899
f 320/949/899 797/948/898 806/950/900
f 320/949/899 806/950/900 321/951/901
f 321/951/901 806/950/900 322/952/902
f 322/952/902 806/950/900 799/953/903
f 322/952/902 799/953/903 323/954/904
f 323/954/904 799/953/903 722/955/905
f 323/954/904 722/955/905 324/956/448
f 723/887/837 722/955/905 800/889/839
f 800/889/839 722/955/905 799/953/903
f 800/889/839 799/953/903 807/891/841
f 807/891/841 799/953/903 806/950/900
f 807/891/841 806/950/900 813/893/843
f 813/893/843 806/950/900 797/948/898
f 813/893/843 797/948/898 830/895/845
f 830/895/845 797/948/898 831/946/896
f 830/895/845 831/946/896 819/897/847
f 819/897/847 831/946/896 818/944/894
f 819/897/847 818/944/894 833/899/849
f 833/899/849 818/944/894 832/941/891
f 833/899/849 832/941/891 840/901/851
f 840/901/851 832/941/891 839/939/889
f 840/901/851 839/939/889 847/903/853
f 847/903/853 839/939/889 846/937/887
f 847/903/853 846/937/887 854/905/855
f 854/905/855 846/937/887 853/935/885
f 854/905/855 853/935/885 861/907/857
f 861/907/857 853/935/885 860/932/882
f 861/907/857 860/932/882 868/909/859
f 868/909/859 860/932/882 867/930/880
f 868/909/859 867/930/880 875/911/861
f 875/911/861 867/930/880 874/928/878
f 875/911/861 874/928/878 882/913/863
f 882/913/863 874/928/878 881/925/875
f 882/913/863 881/925/875 889/915/865
f 889/915/865 881/925/875 888/923/873
f 889/915/865 888/923/873 895/917/867
f 895/917/867 888/923/873 894/920/870
f 304/921/871 303/957/419 774/919/869
f 896/916/866 775/918/868 897/958/906
f 897/958/906 775/918/868 776/959/907
f 897/958/906 776/959/907 898/960/908
f 898/960/908 776/959/907 777/961/909
f 898/960/908 777/961/909 899/962/910
f 899/962/910 777/961/909 778/963/911
f 899/962/910 778/963/911 900/964/912
f 900/964/912 778/963/911 779/965/913
f 900/964/912 779/965/913 780/966/914
f 900/964/912 780/966/914 796/967/915
f 796/967/915 780/966/914 781/968/916
f 796/967/915 781/968/916 887/969/917
f 887/969/917 781/968/916 782/970/918
f 887/969/917 782/970/918 880/971/919
f 880/971/919 782/970/918 783/972/920
f 880/971/919 783/972/920 873/973/921
f 873/973/921 783/972/920 784/974/922
f 873/973/921 784/974/922 866/975/923
f 866/975/923 784/974/922 785/976/924
f 866/975/923 785/976/924 786/977/925
f 866/975/923 786/977/925 859/978/926
f 859/978/926 786/977/925 787/979/927
f 859/978/926 787/979/927 788/980/928
f 859/978/926 788/980/928 852/981/929
f 852/981/929 788/980/928 789/982/930
f 852/981/929 789/982/930 845/983/931
f 845/983/931 789/982/930 790/984/932
f 845/983/931 790/984/932 838/985/933
f 838/985/933 790/984/932 791/986/934
f 838/985/933 791/986/934 792/987/935
f 838/985/933 792/987/935 824/988/936
f 824/988/936 792/987/935 793/989/937
f 824/988/936 793/989/937 825/990/938
f 825/990/938 793/989/937 798/991/939
f 825/990/938 798/991/939 817/992/940
f 817/992/940 798/991/939 811/993/941
f 817/992/940 811/993/941 810/994/942
f 810/994/942 811/993/941 803/884/835
f 810/994/942 803/884/835 802/886/836
f 793/989/937 794/995/943 798/991/939
f 798/991/939 794/995/943 812/996/944
f 798/991/939 812/996/944 811/993/941
f 811/993/941 812/996/944 804/882/833
f 811/993/941 804/882/833 803/884/835
f 794/995/943 795/878/830 812/996/944
f 812/996/944 795/878/830 805/880/831
f 812/996/944 805/880/831 804/882/833
f 802/886/836 801/888/838 809/997/945
f 809/997/945 801/888/838 808/890/840
f 809/997/945 808/890/840 815/998/946
f 815/998/946 808/890/840 814/892/842
f 815/998/946 814/892/842 828/999/947
f 828/999/947 814/892/842 829/894/844
f 828/999/947 829/894/844 821/1000/948
f 821/1000/948 829/894/844 820/896/846
f 821/1000/948 820/896/846 835/1001/949
f 835/1001/949 820/896/846 834/898/848
f 835/1001/949 834/898/848 842/1002/950
f 842/1002/950 834/898/848 841/900/850
f 842/1002/950 841/900/850 849/1003/951
f 849/1003/951 841/900/850 848/902/852
f 849/1003/951 848/902/852 856/1004/952
f 856/1004/952 848/902/852 855/904/854
f 856/1004/952 855/904/854 863/1005/953
f 863/1005/953 855/904/854 862/906/856
f 863/1005/953 862/906/856 870/1006/954
f 870/1006/954 862/906/856 869/908/858
f 870/1006/954 869/908/858 877/1007/955
f 877/1007/955 869/908/858 876/910/860
f 877/1007/955 876/910/860 884/1008/956
f 884/1008/956 876/910/860 883/912/862
f 884/1008/956 883/912/862 891/1009/957
f 891/1009/957 883/912/862 890/914/864
f 891/1009/957 890/914/864 897/958/906
f 897/958/906 890/914/864 896/916/866
f 802/886/836 809/997/945 810/994/942
f 810/994/942 809/997/945 816/1010/958
f 810/994/942 816/1010/958 817/992/940
f 817/992/940 816/1010/958 826/1011/959
f 817/992/940 826/1011/959 825/990/938
f 825/990/938 826/1011/959 824/988/936
f 816/1010/958 809/997/945 815/998/946
f 816/1010/958 815/998/946 827/1012/960
f 827/1012/960 815/998/946 828/999/947
f 827/1012/960 828/999/947 822/1013/961
f 822/1013/961 828/999/947 821/1000/948
f 822/1013/961 821/1000/948 836/1014/962
f 836/1014/962 821/1000/948 835/1001/949
f 836/1014/962 835/1001/949 843/1015/963
f 843/1015/963 835/1001/949 842/1002/950
f 843/1015/963 842/1002/950 850/1016/964
f 850/1016/964 842/1002/950 849/1003/951
f 850/1016/964 849/1003/951 857/1017/965
f 857/1017/965 849/1003/951 856/1004/952
f 857/1017/965 856/1004/952 864/1018/966
f 864/1018/966 856/1004/952 863/1005/953
f 864/1018/966 863/1005/953 871/1019/967
f 871/1019/967 863/1005/953 870/1006/954
f 871/1019/967 870/1006/954 878/1020/968
f 878/1020/968 870/1006/954 877/1007/955
f 878/1020/968 877/1007/955 885/1021/969
f 885/1021/969 877/1007/955 884/1008/956
f 885/1021/969 884/1008/956 892/1022/970
f 892/1022/970 884/1008/956 891/1009/957
f 892/1022/970 891/1009/957 898/960/908
f 898/960/908 891/1009/957 897/958/906
f 822/1013/961 823/1023/971 827/1012/960
f 827/1012/960 823/1023/971 826/1011/959
f 827/1012/960 826/1011/959 816/1010/958
f 838/985/933 824/988/936 823/1023/971
f 823/1023/971 824/988/936 826/1011/959
f 823/1023/971 822/1013/961 837/1024/972
f 837/1024/972 822/1013/961 836/1014/962
f 837/1024/972 836/1014/962 844/1025/973
f 844/1025/973 836/1014/962 843/1015/963
f 844/1025/973 843/1015/963 851/1026/974
f 851/1026/974 843/1015/963 850/1016/964
f 851/1026/974 850/1016/964 858/1027/975
f 858/1027/975 850/1016/964 857/1017/965
f 858/1027/975 857/1017/965 865/1028/976
f 865/1028/976 857/1017/965 864/1018/966
f 865/1028/976 864/1018/966 872/1029/977
f 872/1029/977 864/1018/966 871/1019/967
f 872/1029/977 871/1019/967 879/1030/978
f 879/1030/978 871/1019/967 878/1020/968
f 879/1030/978 878/1020/968 886/1031/979
f 886/1031/979 878/1020/968 885/1021/969
f 886/1031/979 885/1021/969 893/1032/980
f 893/1032/980 885/1021/969 892/1022/970
f 893/1032/980 892/1022/970 899/962/910
f 899/962/910 892/1022/970 898/960/908
f 845/983/931 838/985/933 837/1024/972
f 837/1024/972 838/985/933 823/1023/971
f 845/983/931 837/1024/972 844/1025/973
f 852/981/929 845/983/931 844/1025/973
f 852/981/929 844/1025/973 851/1026/974
f 859/978/926 852/981/929 851/1026/974
f 859/978/926 851/1026/974 858/1027/975
f 866/975/923 859/978/926 858/1027/975
f 866/975/923 858/1027/975 865/1028/976
f 873/973/921 866/975/923 865/1028/976
f 873/973/921 865/1028/976 872/1029/977
f 880/971/919 873/973/921 872/1029/977
f 880/971/919 872/1029/977 879/1030/978
f 887/969/917 880/971/919 879/1030/978
f 887/969/917 879/1030/978 886/1031/979
f 796/967/915 887/969/917 886/1031/979
f 796/967/915 886/1031/979 893/1032/980
f 900/964/912 796/967/915 893/1032/980
f 900/964/912 893/1032/980 899/962/910
f 901/1033/981 907/1034/982 492/1035/505
f 492/1035/505 907/1034/982 908/1036/983
f 492/1035/505 908/1036/983 909/1037/984
f 909/1037/984 908/1036/983 917/1038/985
f 909/1037/984 917/1038/985 918/1039/986
f 918/1039/986 917/1038/985 926/1040/987
f 918/1039/986 926/1040/987 927/1041/988
f 927/1041/988 926/1040/987 935/1042/989
f 927/1041/988 935/1042/989 936/1043/990
f 936/1043/990 935/1042/989 944/1044/991
f 936/1043/990 944/1044/991 945/1045/992
f 945/1045/992 944/1044/991 779/1046/913
f 945/1045/992 779/1046/913 946/1047/993
f 946/1047/993 779/1046/913 778/1048/994
f 946/1047/993 778/1048/994 938/1049/995
f 938/1049/995 778/1048/994 777/1050/996
f 938/1049/995 777/1050/996 930/1051/997
f 930/1051/997 777/1050/996 776/1052/907
f 930/1051/997 776/1052/907 922/1053/998
f 922/1053/998 776/1052/907 775/1054/999
f 922/1053/998 775/1054/999 914/1055/1000
f 914/1055/1000 775/1054/999 774/1056/1001
f 914/1055/1000 774/1056/1001 303/1057/419
f 907/1034/982 901/1033/981 915/1058/1002
f 915/1058/1002 901/1033/981 902/1059/1003
f 915/1058/1002 902/1059/1003 923/1060/1004
f 923/1060/1004 902/1059/1003 903/1061/1005
f 923/1060/1004 903/1061/1005 931/1062/1006
f 931/1062/1006 903/1061/1005 904/1063/1007
f 931/1062/1006 904/1063/1007 939/1064/1008
f 939/1064/1008 904/1063/1007 905/1065/1009
f 939/1064/1008 905/1065/1009 906/1066/1010
f 779/1046/913 942/1067/1011 906/1066/1010
f 906/1066/1010 942/1067/1011 941/1068/1012
f 906/1066/1010 941/1068/1012 940/1069/1013
f 940/1069/1013 941/1068/1012 932/1070/1014
f 940/1069/1013 932/1070/1014 931/1062/1006
f 931/1062/1006 932/1070/1014 923/1060/1004
f 492/1035/505 911/1071/1015 303/1057/419
f 303/1057/419 911/1071/1015 912/1072/1016
f 303/1057/419 912/1072/1016 913/1073/1017
f 913/1073/1017 912/1072/1016 921/1074/1018
f 913/1073/1017 921/1074/1018 922/1053/998
f 922/1053/998 921/1074/1018 930/1051/997
f 908/1036/983 907/1034/982 916/1075/1019
f 916/1075/1019 907/1034/982 915/1058/1002
f 916/1075/1019 915/1058/1002 924/1076/1020
f 924/1076/1020 915/1058/1002 923/1060/1004
f 924/1076/1020 923/1060/1004 932/1070/1014
f 911/1071/1015 492/1035/505 910/1077/1021
f 910/1077/1021 492/1035/505 909/1037/984
f 910/1077/1021 909/1037/984 918/1039/986
f 911/1071/1015 910/1077/1021 919/1078/1022
f 919/1078/1022 910/1077/1021 918/1039/986
f 919/1078/1022 918/1039/986 927/1041/988
f 914/1055/1000 303/1057/419 913/1073/1017
f 912/1072/1016 911/1071/1015 920/1079/1023
f 920/1079/1023 911/1071/1015 919/1078/1022
f 920/1079/1023 919/1078/1022 928/1080/1024
f 928/1080/1024 919/1078/1022 927/1041/988
f 928/1080/1024 927/1041/988 936/1043/990
f 922/1053/998 914/1055/1000 913/1073/1017
f 908/1036/983 916/1075/1019 917/1038/985
f 917/1038/985 916/1075/1019 925/1081/1025
f 917/1038/985 925/1081/1025 926/1040/987
f 926/1040/987 925/1081/1025 934/1082/1026
f 926/1040/987 934/1082/1026 935/1042/989
f 935/1042/989 934/1082/1026 943/1083/1027
f 935/1042/989 943/1083/1027 944/1044/991
f 944/1044/991 943/1083/1027 779/1046/913
f 925/1081/1025 916/1075/1019 924/1076/1020
f 912/1072/1016 920/1079/1023 921/1074/1018
f 921/1074/1018 920/1079/1023 929/1084/1028
f 921/1074/1018 929/1084/1028 930/1051/997
f 930/1051/997 929/1084/1028 938/1049/995
f 929/1084/1028 920/1079/1023 928/1080/1024
f 925/1081/1025 924/1076/1020 933/1085/1029
f 933/1085/1029 924/1076/1020 932/1070/1014
f 933/1085/1029 932/1070/1014 941/1068/1012
f 929/1084/1028 928/1080/1024 937/1086/1030
f 937/1086/1030 928/1080/1024 936/1043/990
f 937/1086/1030 936/1043/990 945/1045/992
f 940/1069/1013 931/1062/1006 939/1064/1008
f 925/1081/1025 933/1085/1029 934/1082/1026
f 934/1082/1026 933/1085/1029 942/1067/1011
f 934/1082/1026 942/1067/1011 943/1083/1027
f 943/1083/1027 942/1067/1011 779/1046/913
f 942/1067/1011 933/1085/1029 941/1068/1012
f 946/1047/993 938/1049/995 937/1086/1030
f 937/1086/1030 938/1049/995 929/1084/1028
f 946/1047/993 937/1086/1030 945/1045/992
f 906/1066/1010 940/1069/1013 939/1064/1008
f 948/1087/1031 959/1088/1032 947/1089/1033
f 947/1089/1033 959/1088/1032 960/1090/1034
f 947/1089/1033 960/1090/1034 961/1091/1035
f 961/1091/1035 960/1090/1034 969/1092/1036
f 961/1091/1035 969/1092/1036 970/1093/1037
f 970/1093/1037 969/1092/1036 978/1094/1038
f 970/1093/1037 978/1094/1038 979/1095/1039
f 979/1095/1039 978/1094/1038 987/1096/1040
f 979/1095/1039 987/1096/1040 988/1097/1041
f 988/1097/1041 987/1096/1040 996/1098/1042
f 988/1097/1041 996/1098/1042 997/1099/1043
f 997/1099/1043 996/1098/1042 496/1100/495
f 997/1099/1043 496/1100/495 998/1101/1044
f 998/1101/1044 496/1100/495 953/1102/1045
f 998/1101/1044 953/1102/1045 990/1103/1046
f 990/1103/1046 953/1102/1045 954/1104/1047
f 990/1103/1046 954/1104/1047 982/1105/1048
f 982/1105/1048 954/1104/1047 955/1106/1049
f 982/1105/1048 955/1106/1049 974/1107/1050
f 974/1107/1050 955/1106/1049 956/1108/1051
f 974/1107/1050 956/1108/1051 966/1109/1052
f 966/1109/1052 956/1108/1051 957/1110/1053
f 966/1109/1052 957/1110/1053 958/1111/1054
f 959/1088/1032 948/1087/1031 967/1112/1055
f 967/1112/1055 948/1087/1031 949/1113/1056
f 967/1112/1055 949/1113/1056 975/1114/1057
f 975/1114/1057 949/1113/1056 950/1115/1058
f 975/1114/1057 950/1115/1058 983/1116/1059
f 983/1116/1059 950/1115/1058 951/1117/1060
f 983/1116/1059 951/1117/1060 991/1118/1061
f 991/1118/1061 951/1117/1060 952/1119/1062
f 991/1118/1061 952/1119/1062 277/1120/376
f 496/1100/495 994/1121/1063 277/1120/376
f 277/1120/376 994/1121/1063 993/1122/1064
f 277/1120/376 993/1122/1064 992/1123/1065
f 992/1123/1065 993/1122/1064 984/1124/1066
f 992/1123/1065 984/1124/1066 983/1116/1059
f 983/1116/1059 984/1124/1066 975/1114/1057
f 947/1089/1033 963/1125/1067 958/1111/1054
f 958/1111/1054 963/1125/1067 964/1126/1068
f 958/1111/1054 964/1126/1068 965/1127/1069
f 965/1127/1069 964/1126/1068 973/1128/1070
f 965/1127/1069 973/1128/1070 974/1107/1050
f 974/1107/1050 973/1128/1070 982/1105/1048
f 960/1090/1034 959/1088/1032 968/1129/1071
f 968/1129/1071 959/1088/1032 967/1112/1055
f 968/1129/1071 967/1112/1055 976/1130/1072
f 976/1130/1072 967/1112/1055 975/1114/1057
f 976/1130/1072 975/1114/1057 984/1124/1066
f 963/1125/1067 947/1089/1033 962/1131/1073
f 962/1131/1073 947/1089/1033 961/1091/1035
f 962/1131/1073 961/1091/1035 970/1093/1037
f 963/1125/1067 962/1131/1073 971/1132/1074
f 971/1132/1074 962/1131/1073 970/1093/1037
f 971/1132/1074 970/1093/1037 979/1095/1039
f 966/1109/1052 958/1111/1054 965/1127/1069
f 964/1126/1068 963/1125/1067 972/1133/1075
f 972/1133/1075 963/1125/1067 971/1132/1074
f 972/1133/1075 971/1132/1074 980/1134/1076
f 980/1134/1076 971/1132/1074 979/1095/1039
f 980/1134/1076 979/1095/1039 988/1097/1041
f 974/1107/1050 966/1109/1052 965/1127/1069
f 960/1090/1034 968/1129/1071 969/1092/1036
f 969/1092/1036 968/1129/1071 977/1135/1077
f 969/1092/1036 977/1135/1077 978/1094/1038
f 978/1094/1038 977/1135/1077 986/1136/1078
f 978/1094/1038 986/1136/1078 987/1096/1040
f 987/1096/1040 986/1136/1078 995/1137/1079
f 987/1096/1040 995/1137/1079 996/1098/1042
f 996/1098/1042 995/1137/1079 496/1100/495
f 977/1135/1077 968/1129/1071 976/1130/1072
f 964/1126/1068 972/1133/1075 973/1128/1070
f 973/1128/1070 972/1133/1075 981/1138/1080
f 973/1128/1070 981/1138/1080 982/1105/1048
f 982/1105/1048 981/1138/1080 990/1103/1046
f 981/1138/1080 972/1133/1075 980/1134/1076
f 977/1135/1077 976/1130/1072 985/1139/1081
f 985/1139/1081 976/1130/1072 984/1124/1066
f 985/1139/1081 984/1124/1066 993/1122/1064
f 981/1138/1080 980/1134/1076 989/1140/1082
f 989/1140/1082 980/1134/1076 988/1097/1041
f 989/1140/1082 988/1097/1041 997/1099/1043
f 992/1123/1065 983/1116/1059 991/1118/1061
f 977/1135/1077 985/1139/1081 986/1136/1078
f 986/1136/1078 985/1139/1081 994/1121/1063
f 986/1136/1078 994/1121/1063 995/1137/1079
f 995/1137/1079 994/1121/1063 496/1100/495
f 994/1121/1063 985/1139/1081 993/1122/1064
f 998/1101/1044 990/1103/1046 989/1140/1082
f 989/1140/1082 990/1103/1046 981/1138/1080
f 998/1101/1044 989/1140/1082 997/1099/1043
f 277/1120/376 992/1123/1065 991/1118/1061
f 1021/1141/1083 999/1142/1084 1030/1143/1085
f 1030/1143/1085 999/1142/1084 1000/1144/1086
f 1030/1143/1085 1000/1144/1086 1029/1145/1087
f 1029/1145/1087 1000/1144/1086 1001/1146/1088
f 1029/1145/1087 1001/1146/1088 1028/1147/1089
f 1028/1147/1089 1001/1146/1088 1002/1148/1090
f 1028/1147/1089 1002/1148/1090 1027/1149/1091
f 1027/1149/1091 1002/1148/1090 1003/1150/1092
f 1027/1149/1091 1003/1150/1092 1026/1151/1093
f 1026/1151/1093 1003/1150/1092 1025/1152/1094
f 1026/1151/1093 1025/1152/1094 1033/1153/1095
f 1033/1153/1095 1025/1152/1094 1032/1154/1096
f 1033/1153/1095 1032/1154/1096 1039/1155/1097
f 1039/1155/1097 1032/1154/1096 1038/1156/1098
f 1039/1155/1097 1038/1156/1098 1046/1157/1099
f 1046/1157/1099 1038/1156/1098 1045/1158/1100
f 1046/1157/1099 1045/1158/1100 1053/1159/1101
f 1053/1159/1101 1045/1158/1100 1052/1160/1102
f 1053/1159/1101 1052/1160/1102 1060/1161/1103
f 1060/1161/1103 1052/1160/1102 1059/1162/1104
f 1060/1161/1103 1059/1162/1104 1067/1163/1105
f 1067/1163/1105 1059/1162/1104 1066/1164/1106
f 1067/1163/1105 1066/1164/1106 1074/1165/1107
f 1074/1165/1107 1066/1164/1106 1073/1166/1108
f 1074/1165/1107 1073/1166/1108 1081/1167/1109
f 1081/1167/1109 1073/1166/1108 1080/1168/1110
f 1081/1167/1109 1080/1168/1110 1088/1169/1111
f 1088/1169/1111 1080/1168/1110 1087/1170/1112
f 1088/1169/1111 1087/1170/1112 1095/1171/1113
f 1095/1171/1113 1087/1170/1112 1094/1172/1114
f 1095/1171/1113 1094/1172/1114 1102/1173/1115
f 1102/1173/1115 1094/1172/1114 1101/1174/1116
f 1102/1173/1115 1101/1174/1116 1109/1175/1117
f 1109/1175/1117 1101/1174/1116 1108/1176/1118
f 1109/1175/1117 1108/1176/1118 1116/1177/1119
f 1116/1177/1119 1108/1176/1118 1115/1178/1120
f 1116/1177/1119 1115/1178/1120 1122/1179/1121
f 1122/1179/1121 1115/1178/1120 1121/1180/1122
f 1122/1179/1121 1121/1180/1122 951/1181/1123
f 951/1181/1123 1121/1180/1122 952/1182/1124
f 952/1182/1124 1121/1180/1122 1120/1183/1125
f 952/1182/1124 1120/1183/1125 278/1184/1126
f 278/1184/1126 1120/1183/1125 279/1185/1127
f 279/1185/1127 1120/1183/1125 1114/1186/1128
f 279/1185/1127 1114/1186/1128 280/1187/1129
f 280/1187/1129 1114/1186/1128 1107/1188/1130
f 280/1187/1129 1107/1188/1130 281/1189/1131
f 281/1189/1131 1107/1188/1130 1100/1190/1132
f 281/1189/1131 1100/1190/1132 282/1191/1133
f 282/1191/1133 1100/1190/1132 1093/1192/1134
f 282/1191/1133 1093/1192/1134 283/1193/1135
f 283/1193/1135 1093/1192/1134 284/1194/1136
f 284/1194/1136 1093/1192/1134 1086/1195/1137
f 284/1194/1136 1086/1195/1137 285/1196/1138
f 285/1196/1138 1086/1195/1137 286/1197/1139
f 286/1197/1139 1086/1195/1137 1079/1198/1140
f 286/1197/1139 1079/1198/1140 287/1199/1141
f 287/1199/1141 1079/1198/1140 1072/1200/1142
f 287/1199/1141 1072/1200/1142 288/1201/1143
f 288/1201/1143 1072/1200/1142 1065/1202/1144
f 288/1201/1143 1065/1202/1144 289/1203/1145
f 289/1203/1145 1065/1202/1144 290/1204/1146
f 290/1204/1146 1065/1202/1144 1058/1205/1147
f 290/1204/1146 1058/1205/1147 291/1206/1148
f 291/1206/1148 1058/1205/1147 1051/1207/1149
f 291/1206/1148 1051/1207/1149 292/1208/1150
f 292/1208/1150 1051/1207/1149 293/1209/1151
f 293/1209/1151 1051/1207/1149 1044/1210/1152
f 293/1209/1151 1044/1210/1152 294/1211/1153
f 294/1211/1153 1044/1210/1152 295/1212/1154
f 295/1212/1154 1044/1210/1152 1037/1213/1155
f 295/1212/1154 1037/1213/1155 296/1214/1156
f 296/1214/1156 1037/1213/1155 1031/1215/1157
f 296/1214/1156 1031/1215/1157 297/1216/1158
f 297/1216/1158 1031/1215/1157 1024/1217/1159
f 297/1216/1158 1024/1217/1159 298/1218/1160
f 298/1218/1160 1024/1217/1159 1004/1219/1161
f 298/1218/1160 1004/1219/1161 299/1220/410
f 1003/1150/1092 1004/1219/1161 1025/1152/1094
f 1025/1152/1094 1004/1219/1161 1024/1217/1159
f 1025/1152/1094 1024/1217/1159 1032/1154/1096
f 1032/1154/1096 1024/1217/1159 1031/1215/1157
f 1032/1154/1096 1031/1215/1157 1038/1156/1098
f 1038/1156/1098 1031/1215/1157 1037/1213/1155
f 1038/1156/1098 1037/1213/1155 1045/1158/1100
f 1045/1158/1100 1037/1213/1155 1044/1210/1152
f 1045/1158/1100 1044/1210/1152 1052/1160/1102
f 1052/1160/1102 1044/1210/1152 1051/1207/1149
f 1052/1160/1102 1051/1207/1149 1059/1162/1104
f 1059/1162/1104 1051/1207/1149 1058/1205/1147
f 1059/1162/1104 1058/1205/1147 1066/1164/1106
f 1066/1164/1106 1058/1205/1147 1065/1202/1144
f 1066/1164/1106 1065/1202/1144 1073/1166/1108
f 1073/1166/1108 1065/1202/1144 1072/1200/1142
f 1073/1166/1108 1072/1200/1142 1080/1168/1110
f 1080/1168/1110 1072/1200/1142 1079/1198/1140
f 1080/1168/1110 1079/1198/1140 1087/1170/1112
f 1087/1170/1112 1079/1198/1140 1086/1195/1137
f 1087/1170/1112 1086/1195/1137 1094/1172/1114
f 1094/1172/1114 1086/1195/1137 1093/1192/1134
f 1094/1172/1114 1093/1192/1134 1101/1174/1116
f 1101/1174/1116 1093/1192/1134 1100/1190/1132
f 1101/1174/1116 1100/1190/1132 1108/1176/1118
f 1108/1176/1118 1100/1190/1132 1107/1188/1130
f 1108/1176/1118 1107/1188/1130 1115/1178/1120
f 1115/1178/1120 1107/1188/1130 1114/1186/1128
f 1115/1178/1120 1114/1186/1128 1121/1180/1122
f 1121/1180/1122 1114/1186/1128 1120/1183/1125
f 278/1184/1126 277/1221/376 952/1182/1124
f 1122/1179/1121 951/1181/1123 1123/1222/1162
f 1123/1222/1162 951/1181/1123 950/1223/1058
f 1123/1222/1162 950/1223/1058 1124/1224/1163
f 1124/1224/1163 950/1223/1058 949/1225/1164
f 1124/1224/1163 949/1225/1164 1125/1226/1165
f 1125/1226/1165 949/1225/1164 948/1227/1166
f 1125/1226/1165 948/1227/1166 1126/1228/1167
f 1126/1228/1167 948/1227/1166 947/1229/1033
f 1126/1228/1167 947/1229/1033 1005/1230/1168
f 1126/1228/1167 1005/1230/1168 1022/1231/1169
f 1022/1231/1169 1005/1230/1168 1006/1232/1170
f 1022/1231/1169 1006/1232/1170 1113/1233/1171
f 1113/1233/1171 1006/1232/1170 1106/1234/1172
f 1113/1233/1171 1106/1234/1172 1105/1235/1173
f 1105/1235/1173 1106/1234/1172 1098/1236/1174
f 1105/1235/1173 1098/1236/1174 1097/1237/1175
f 1097/1237/1175 1098/1236/1174 1090/1238/1176
f 1097/1237/1175 1090/1238/1176 1089/1239/1177
f 1089/1239/1177 1090/1238/1176 1082/1240/1178
f 1089/1239/1177 1082/1240/1178 1081/1167/1109
f 1081/1167/1109 1082/1240/1178 1074/1165/1107
f 1006/1232/1170 1007/1241/1179 1106/1234/1172
f 1106/1234/1172 1007/1241/1179 1099/1242/1180
f 1106/1234/1172 1099/1242/1180 1098/1236/1174
f 1098/1236/1174 1099/1242/1180 1091/1243/1181
f 1098/1236/1174 1091/1243/1181 1090/1238/1176
f 1090/1238/1176 1091/1243/1181 1083/1244/1182
f 1090/1238/1176 1083/1244/1182 1082/1240/1178
f 1082/1240/1178 1083/1244/1182 1075/1245/1183
f 1082/1240/1178 1075/1245/1183 1074/1165/1107
f 1074/1165/1107 1075/1245/1183 1067/1163/1105
f 1007/1241/1179 1008/1246/1184 1099/1242/1180
f 1099/1242/1180 1008/1246/1184 1092/1247/1185
f 1099/1242/1180 1092/1247/1185 1091/1243/1181
f 1091/1243/1181 1092/1247/1185 1084/1248/1186
f 1091/1243/1181 1084/1248/1186 1083/1244/1182
f 1083/1244/1182 1084/1248/1186 1076/1249/1187
f 1083/1244/1182 1076/1249/1187 1075/1245/1183
f 1075/1245/1183 1076/1249/1187 1068/1250/1188
f 1075/1245/1183 1068/1250/1188 1067/1163/1105
f 1067/1163/1105 1068/1250/1188 1060/1161/1103
f 1008/1246/1184 1009/1251/1189 1092/1247/1185
f 1092/1247/1185 1009/1251/1189 1010/1252/1190
f 1092/1247/1185 1010/1252/1190 1085/1253/1191
f 1085/1253/1191 1010/1252/1190 1011/1254/1192
f 1085/1253/1191 1011/1254/1192 1078/1255/1193
f 1078/1255/1193 1011/1254/1192 1012/1256/1194
f 1078/1255/1193 1012/1256/1194 1013/1257/1195
f 1013/1257/1195 1014/1258/1196 1078/1255/1193
f 1078/1255/1193 1014/1258/1196 1071/1259/1197
f 1078/1255/1193 1071/1259/1197 1070/1260/1198
f 1070/1260/1198 1071/1259/1197 1063/1261/1199
f 1070/1260/1198 1063/1261/1199 1062/1262/1200
f 1062/1262/1200 1063/1261/1199 1055/1263/1201
f 1062/1262/1200 1055/1263/1201 1054/1264/1202
f 1054/1264/1202 1055/1263/1201 1047/1265/1203
f 1054/1264/1202 1047/1265/1203 1046/1157/1099
f 1046/1157/1099 1047/1265/1203 1039/1155/1097
f 1014/1258/1196 1015/1266/1204 1071/1259/1197
f 1071/1259/1197 1015/1266/1204 1064/1267/1205
f 1071/1259/1197 1064/1267/1205 1063/1261/1199
f 1063/1261/1199 1064/1267/1205 1056/1268/1206
f 1063/1261/1199 1056/1268/1206 1055/1263/1201
f 1055/1263/1201 1056/1268/1206 1048/1269/1207
f 1055/1263/1201 1048/1269/1207 1047/1265/1203
f 1047/1265/1203 1048/1269/1207 1040/1270/1208
f 1047/1265/1203 1040/1270/1208 1039/1155/1097
f 1039/1155/1097 1040/1270/1208 1033/1153/1095
f 1015/1266/1204 1016/1271/1209 1064/1267/1205
f 1064/1267/1205 1016/1271/1209 1017/1272/1210
f 1064/1267/1205 1017/1272/1210 1057/1273/1211
f 1057/1273/1211 1017/1272/1210 1018/1274/1212
f 1057/1273/1211 1018/1274/1212 1019/1275/1213
f 1057/1273/1211 1019/1275/1213 1050/1276/1214
f 1050/1276/1214 1019/1275/1213 1020/1277/1215
f 1050/1276/1214 1020/1277/1215 1043/1278/1216
f 1043/1278/1216 1020/1277/1215 1023/1279/1217
f 1043/1278/1216 1023/1279/1217 1036/1280/1218
f 1036/1280/1218 1023/1279/1217 1029/1145/1087
f 1036/1280/1218 1029/1145/1087 1028/1147/1089
f 1020/1277/1215 1021/1141/1083 1023/1279/1217
f 1023/1279/1217 1021/1141/1083 1030/1143/1085
f 1023/1279/1217 1030/1143/1085 1029/1145/1087
f 1027/1149/1091 1026/1151/1093 1034/1281/1219
f 1034/1281/1219 1026/1151/1093 1033/1153/1095
f 1034/1281/1219 1033/1153/1095 1040/1270/1208
f 1028/1147/1089 1027/1149/1091 1035/1282/1220
f 1035/1282/1220 1027/1149/1091 1034/1281/1219
f 1035/1282/1220 1034/1281/1219 1041/1283/1221
f 1041/1283/1221 1034/1281/1219 1040/1270/1208
f 1041/1283/1221 1040/1270/1208 1048/1269/1207
f 1028/1147/1089 1035/1282/1220 1036/1280/1218
f 1036/1280/1218 1035/1282/1220 1042/1284/1222
f 1036/1280/1218 1042/1284/1222 1043/1278/1216
f 1043/1278/1216 1042/1284/1222 1050/1276/1214
f 1042/1284/1222 1035/1282/1220 1041/1283/1221
f 1042/1284/1222 1041/1283/1221 1049/1285/1223
f 1049/1285/1223 1041/1283/1221 1048/1269/1207
f 1049/1285/1223 1048/1269/1207 1056/1268/1206
f 1054/1264/1202 1046/1157/1099 1053/1159/1101
f 1057/1273/1211 1050/1276/1214 1049/1285/1223
f 1049/1285/1223 1050/1276/1214 1042/1284/1222
f 1057/1273/1211 1049/1285/1223 1056/1268/1206
f 1054/1264/1202 1053/1159/1101 1061/1286/1224
f 1061/1286/1224 1053/1159/1101 1060/1161/1103
f 1061/1286/1224 1060/1161/1103 1068/1250/1188
f 1064/1267/1205 1057/1273/1211 1056/1268/1206
f 1054/1264/1202 1061/1286/1224 1062/1262/1200
f 1062/1262/1200 1061/1286/1224 1069/1287/1225
f 1062/1262/1200 1069/1287/1225 1070/1260/1198
f 1070/1260/1198 1069/1287/1225 1077/1288/1226
f 1070/1260/1198 1077/1288/1226 1078/1255/1193
f 1078/1255/1193 1077/1288/1226 1085/1253/1191
f 1069/1287/1225 1061/1286/1224 1068/1250/1188
f 1077/1288/1226 1069/1287/1225 1076/1249/1187
f 1076/1249/1187 1069/1287/1225 1068/1250/1188
f 1085/1253/1191 1077/1288/1226 1084/1248/1186
f 1084/1248/1186 1077/1288/1226 1076/1249/1187
f 1089/1239/1177 1081/1167/1109 1088/1169/1111
f 1092/1247/1185 1085/1253/1191 1084/1248/1186
f 1089/1239/1177 1088/1169/1111 1096/1289/1227
f 1096/1289/1227 1088/1169/1111 1095/1171/1113
f 1096/1289/1227 1095/1171/1113 1103/1290/1228
f 1103/1290/1228 1095/1171/1113 1102/1173/1115
f 1103/1290/1228 1102/1173/1115 1110/1291/1229
f 1110/1291/1229 1102/1173/1115 1109/1175/1117
f 1110/1291/1229 1109/1175/1117 1117/1292/1230
f 1117/1292/1230 1109/1175/1117 1116/1177/1119
f 1117/1292/1230 1116/1177/1119 1123/1222/1162
f 1123/1222/1162 1116/1177/1119 1122/1179/1121
f 1089/1239/1177 1096/1289/1227 1097/1237/1175
f 1097/1237/1175 1096/1289/1227 1104/1293/1231
f 1097/1237/1175 1104/1293/1231 1105/1235/1173
f 1105/1235/1173 1104/1293/1231 1112/1294/1232
f 1105/1235/1173 1112/1294/1232 1113/1233/1171
f 1113/1233/1171 1112/1294/1232 1022/1231/1169
f 1104/1293/1231 1096/1289/1227 1103/1290/1228
f 1104/1293/1231 1103/1290/1228 1111/1295/1233
f 1111/1295/1233 1103/1290/1228 1110/1291/1229
f 1111/1295/1233 1110/1291/1229 1118/1296/1234
f 1118/1296/1234 1110/1291/1229 1117/1292/1230
f 1118/1296/1234 1117/1292/1230 1124/1224/1163
f 1124/1224/1163 1117/1292/1230 1123/1222/1162
f 1104/1293/1231 1111/1295/1233 1112/1294/1232
f 1112/1294/1232 1111/1295/1233 1119/1297/1235
f 1112/1294/1232 1119/1297/1235 1022/1231/1169
f 1022/1231/1169 1119/1297/1235 1126/1228/1167
f 1119/1297/1235 1111/1295/1233 1118/1296/1234
f 1124/1224/1163 1125/1226/1165 1118/1296/1234
f 1118/1296/1234 1125/1226/1165 1119/1297/1235
f 1125/1226/1165 1126/1228/1167 1119/1297/1235
f 1128/1298/1236 1133/1299/1237 1127/1300/1238
f 1127/1300/1238 1133/1299/1237 1134/1301/1239
f 1127/1300/1238 1134/1301/1239 1135/1302/1240
f 1135/1302/1240 1134/1301/1239 1143/1303/1241
f 1135/1302/1240 1143/1303/1241 1144/1304/1242
f 1144/1304/1242 1143/1303/1241 1152/1305/1243
f 1144/1304/1242 1152/1305/1243 1153/1306/1244
f 1153/1306/1244 1152/1305/1243 1161/1307/1245
f 1153/1306/1244 1161/1307/1245 1162/1308/1246
f 1162/1308/1246 1161/1307/1245 1170/1309/1247
f 1162/1308/1246 1170/1309/1247 1171/1310/1248
f 1171/1310/1248 1170/1309/1247 299/1311/410
f 1171/1310/1248 299/1311/410 1172/1312/1249
f 1172/1312/1249 299/1311/410 1004/1313/1250
f 1172/1312/1249 1004/1313/1250 1164/1314/1251
f 1164/1314/1251 1004/1313/1250 1003/1315/1252
f 1164/1314/1251 1003/1315/1252 1156/1316/1253
f 1156/1316/1253 1003/1315/1252 1002/1317/1090
f 1156/1316/1253 1002/1317/1090 1148/1318/1254
f 1148/1318/1254 1002/1317/1090 1001/1319/1255
f 1148/1318/1254 1001/1319/1255 1140/1320/1256
f 1140/1320/1256 1001/1319/1255 1000/1321/1257
f 1140/1320/1256 1000/1321/1257 999/1322/1084
f 1133/1299/1237 1128/1298/1236 1141/1323/1258
f 1141/1323/1258 1128/1298/1236 1129/1324/1259
f 1141/1323/1258 1129/1324/1259 1149/1325/1260
f 1149/1325/1260 1129/1324/1259 1130/1326/1261
f 1149/1325/1260 1130/1326/1261 1157/1327/1262
f 1157/1327/1262 1130/1326/1261 1131/1328/1263
f 1157/1327/1262 1131/1328/1263 1165/1329/1264
f 1165/1329/1264 1131/1328/1263 1132/1330/1265
f 1165/1329/1264 1132/1330/1265 493/1331/500
f 299/1311/410 1168/1332/1266 493/1331/500
f 493/1331/500 1168/1332/1266 1167/1333/1267
f 493/1331/500 1167/1333/1267 1166/1334/1268
f 1166/1334/1268 1167/1333/1267 1158/1335/1269
f 1166/1334/1268 1158/1335/1269 1157/1327/1262
f 1157/1327/1262 1158/1335/1269 1149/1325/1260
f 1127/1300/1238 1137/1336/1270 999/1322/1084
f 999/1322/1084 1137/1336/1270 1138/1337/1271
f 999/1322/1084 1138/1337/1271 1139/1338/1272
f 1139/1338/1272 1138/1337/1271 1147/1339/1273
f 1139/1338/1272 1147/1339/1273 1148/1318/1254
f 1148/1318/1254 1147/1339/1273 1156/1316/1253
f 1134/1301/1239 1133/1299/1237 1142/1340/1274
f 1142/1340/1274 1133/1299/1237 1141/1323/1258
f 1142/1340/1274 1141/1323/1258 1150/1341/1275
f 1150/1341/1275 1141/1323/1258 1149/1325/1260
f 1150/1341/1275 1149/1325/1260 1158/1335/1269
f 1137/1336/1270 1127/1300/1238 1136/1342/1276
f 1136/1342/1276 1127/1300/1238 1135/1302/1240
f 1136/1342/1276 1135/1302/1240 1144/1304/1242
f 1137/1336/1270 1136/1342/1276 1145/1343/1277
f 1145/1343/1277 1136/1342/1276 1144/1304/1242
f 1145/1343/1277 1144/1304/1242 1153/1306/1244
f 1140/1320/1256 999/1322/1084 1139/1338/1272
f 1138/1337/1271 1137/1336/1270 1146/1344/1278
f 1146/1344/1278 1137/1336/1270 1145/1343/1277
f 1146/1344/1278 1145/1343/1277 1154/1345/1279
f 1154/1345/1279 1145/1343/1277 1153/1306/1244
f 1154/1345/1279 1153/1306/1244 1162/1308/1246
f 1148/1318/1254 1140/1320/1256 1139/1338/1272
f 1134/1301/1239 1142/1340/1274 1143/1303/1241
f 1143/1303/1241 1142/1340/1274 1151/1346/1280
f 1143/1303/1241 1151/1346/1280 1152/1305/1243
f 1152/1305/1243 1151/1346/1280 1160/1347/1281
f 1152/1305/1243 1160/1347/1281 1161/1307/1245
f 1161/1307/1245 1160/1347/1281 1169/1348/1282
f 1161/1307/1245 1169/1348/1282 1170/1309/1247
f 1170/1309/1247 1169/1348/1282 299/1311/410
f 1151/1346/1280 1142/1340/1274 1150/1341/1275
f 1138/1337/1271 1146/1344/1278 1147/1339/1273
f 1147/1339/1273 1146/1344/1278 1155/1349/1283
f 1147/1339/1273 1155/1349/1283 1156/1316/1253
f 1156/1316/1253 1155/1349/1283 1164/1314/1251
f 1155/1349/1283 1146/1344/1278 1154/1345/1279
f 1151/1346/1280 1150/1341/1275 1159/1350/1284
f 1159/1350/1284 1150/1341/1275 1158/1335/1269
f 1159/1350/1284 1158/1335/1269 1167/1333/1267
f 1155/1349/1283 1154/1345/1279 1163/1351/1285
f 1163/1351/1285 1154/1345/1279 1162/1308/1246
f 1163/1351/1285 1162/1308/1246 1171/1310/1248
f 1166/1334/1268 1157/1327/1262 1165/1329/1264
f 1151/1346/1280 1159/1350/1284 1160/1347/1281
f 1160/1347/1281 1159/1350/1284 1168/1332/1266
f 1160/1347/1281 1168/1332/1266 1169/1348/1282
f 1169/1348/1282 1168/1332/1266 299/1311/410
f 1168/1332/1266 1159/1350/1284 1167/1333/1267
f 1172/1312/1249 1164/1314/1251 1163/1351/1285
f 1163/1351/1285 1164/1314/1251 1155/1349/1283
f 1172/1312/1249 1163/1351/1285 1171/1310/1248
f 493/1331/500 1166/1334/1268 1165/1329/1264
f 999/1352/1084 1183/1353/1286 1127/1354/1238
f 1127/1354/1238 1183/1353/1286 1184/1355/1287
f 1127/1354/1238 1184/1355/1287 1180/1356/1288
f 1180/1356/1288 1184/1355/1287 1179/1357/1289
f 1179/1357/1289 1184/1355/1287 1188/1358/1290
f 1179/1357/1289 1188/1358/1290 1192/1359/1291
f 1192/1359/1291 1188/1358/1290 1191/1360/1292
f 1192/1359/1291 1191/1360/1292 1195/1361/1293
f 1195/1361/1293 1191/1360/1292 1194/1362/1294
f 1195/1361/1293 1194/1362/1294 1199/1363/1295
f 1199/1363/1295 1194/1362/1294 1198/1364/1296
f 1199/1363/1295 1198/1364/1296 1203/1365/1297
f 1203/1365/1297 1198/1364/1296 1202/1366/1298
f 1203/1365/1297 1202/1366/1298 1207/1367/1299
f 1207/1367/1299 1202/1366/1298 1206/1368/1300
f 1207/1367/1299 1206/1368/1300 1211/1369/1301
f 1211/1369/1301 1206/1368/1300 1210/1370/1302
f 1211/1369/1301 1210/1370/1302 958/1371/1054
f 958/1371/1054 1210/1370/1302 1005/1372/1303
f 958/1371/1054 1005/1372/1303 947/1373/1033
f 1021/1374/1304 1181/1375/1305 999/1352/1084
f 999/1352/1084 1181/1375/1305 1182/1376/1306
f 999/1352/1084 1182/1376/1306 1183/1353/1286
f 1183/1353/1286 1182/1376/1306 1187/1377/1307
f 1183/1353/1286 1187/1377/1307 1188/1358/1290
f 1188/1358/1290 1187/1377/1307 1191/1360/1292
f 1021/1374/1304 1020/1378/1308 1181/1375/1305
f 1181/1375/1305 1020/1378/1308 1185/1379/1309
f 1181/1375/1305 1185/1379/1309 1186/1380/1310
f 1186/1380/1310 1185/1379/1309 1189/1381/1311
f 1186/1380/1310 1189/1381/1311 1190/1382/1312
f 1190/1382/1312 1189/1381/1311 1193/1383/1313
f 1190/1382/1312 1193/1383/1313 1194/1362/1294
f 1194/1362/1294 1193/1383/1313 1198/1364/1296
f 1020/1378/1308 1019/1384/1314 1185/1379/1309
f 1185/1379/1309 1019/1384/1314 1018/1385/1315
f 1185/1379/1309 1018/1385/1315 1189/1381/1311
f 1189/1381/1311 1018/1385/1315 1017/1386/1316
f 1189/1381/1311 1017/1386/1316 1016/1387/1317
f 1189/1381/1311 1016/1387/1317 1193/1383/1313
f 1193/1383/1313 1016/1387/1317 1015/1388/1318
f 1193/1383/1313 1015/1388/1318 1014/1389/1319
f 1014/1389/1319 1013/1390/1320 1193/1383/1313
f 1193/1383/1313 1013/1390/1320 1197/1391/1321
f 1193/1383/1313 1197/1391/1321 1198/1364/1296
f 1198/1364/1296 1197/1391/1321 1202/1366/1298
f 1013/1390/1320 1012/1392/1322 1197/1391/1321
f 1197/1391/1321 1012/1392/1322 1011/1393/1323
f 1197/1391/1321 1011/1393/1323 1010/1394/1324
f 1197/1391/1321 1010/1394/1324 1201/1395/1325
f 1201/1395/1325 1010/1394/1324 1009/1396/1326
f 1201/1395/1325 1009/1396/1326 1008/1397/1327
f 1201/1395/1325 1008/1397/1327 1205/1398/1328
f 1205/1398/1328 1008/1397/1327 1007/1399/1329
f 1205/1398/1328 1007/1399/1329 1209/1400/1330
f 1209/1400/1330 1007/1399/1329 1006/1401/1331
f 1209/1400/1330 1006/1401/1331 1005/1372/1303
f 1211/1369/1301 958/1371/1054 1212/1402/1332
f 1212/1402/1332 958/1371/1054 1173/1403/1333
f 1212/1402/1332 1173/1403/1333 1208/1404/1334
f 1208/1404/1334 1173/1403/1333 1174/1405/1335
f 1208/1404/1334 1174/1405/1335 1204/1406/1336
f 1204/1406/1336 1174/1405/1335 1175/1407/1337
f 1204/1406/1336 1175/1407/1337 1200/1408/1338
f 1200/1408/1338 1175/1407/1337 1176/1409/1339
f 1200/1408/1338 1176/1409/1339 1196/1410/1340
f 1196/1410/1340 1176/1409/1339 1177/1411/1341
f 1196/1410/1340 1177/1411/1341 1178/1412/1342
f 1196/1410/1340 1178/1412/1342 1192/1359/1291
f 1192/1359/1291 1178/1412/1342 1179/1357/1289
f 1187/1377/1307 1182/1376/1306 1186/1380/1310
f 1186/1380/1310 1182/1376/1306 1181/1375/1305
f 1188/1358/1290 1184/1355/1287 1183/1353/1286
f 1191/1360/1292 1187/1377/1307 1190/1382/1312
f 1190/1382/1312 1187/1377/1307 1186/1380/1310
f 1194/1362/1294 1191/1360/1292 1190/1382/1312
f 1196/1410/1340 1192/1359/1291 1195/1361/1293
f 1200/1408/1338 1196/1410/1340 1195/1361/1293
f 1200/1408/1338 1195/1361/1293 1199/1363/1295
f 1204/1406/1336 1200/1408/1338 1199/1363/1295
f 1204/1406/1336 1199/1363/1295 1203/1365/1297
f 1206/1368/1300 1202/1366/1298 1201/1395/1325
f 1201/1395/1325 1202/1366/1298 1197/1391/1321
f 1208/1404/1334 1204/1406/1336 1203/1365/1297
f 1208/1404/1334 1203/1365/1297 1207/1367/1299
f 1210/1370/1302 1206/1368/1300 1205/1398/1328
f 1205/1398/1328 1206/1368/1300 1201/1395/1325
f 1212/1402/1332 1208/1404/1334 1207/1367/1299
f 1212/1402/1332 1207/1367/1299 1211/1369/1301
f 1005/1372/1303 1210/1370/1302 1209/1400/1330
f 1209/1400/1330 1210/1370/1302 1205/1398/1328
f 81/1413/139 209/1414/237 82/1415/1343
f 82/1415/1343 209/1414/237 1223/1416/1344
f 82/1415/1343 1223/1416/1344 1224/1417/1345
f 1224/1417/1345 1223/1416/1344 1228/1418/1346
f 1224/1417/1345 1228/1418/1346 84/1419/1347
f 84/1419/1347 1228/1418/1346 85/1420/1348
f 85/1420/1348 1228/1418/1346 1232/1421/1349
f 85/1420/1348 1232/1421/1349 86/1422/1350
f 86/1422/1350 1232/1421/1349 87/1423/1351
f 87/1423/1351 1232/1421/1349 1236/1424/1352
f 87/1423/1351 1236/1424/1352 88/1425/1353
f 88/1425/1353 1236/1424/1352 89/1426/1354
f 89/1426/1354 1236/1424/1352 90/1427/1355
f 90/1427/1355 1236/1424/1352 1240/1428/1356
f 90/1427/1355 1240/1428/1356 91/1429/1357
f 91/1429/1357 1240/1428/1356 92/1430/1358
f 92/1430/1358 1240/1428/1356 1244/1431/1359
f 92/1430/1358 1244/1431/1359 93/1432/1360
f 93/1432/1360 1244/1431/1359 94/1433/1361
f 94/1433/1361 1244/1431/1359 1248/1434/1362
f 94/1433/1361 1248/1434/1362 95/1435/1363
f 95/1435/1363 1248/1434/1362 96/1436/1364
f 96/1436/1364 1248/1434/1362 1252/1437/1365
f 96/1436/1364 1252/1437/1365 97/1438/1366
f 97/1438/1366 1252/1437/1365 7/1439/34
f 7/1439/34 1252/1437/1365 1251/1440/1367
f 7/1439/34 1251/1440/1367 1250/1441/1368
f 1250/1441/1368 1251/1440/1367 1246/1442/1369
f 1250/1441/1368 1246/1442/1369 1245/1443/1370
f 1245/1443/1370 1246/1442/1369 1241/1444/1371
f 1245/1443/1370 1241/1444/1371 1218/1445/1372
f 1218/1445/1372 1241/1444/1371 1217/1446/1373
f 1217/1446/1373 1241/1444/1371 1237/1447/1374
f 1217/1446/1373 1237/1447/1374 1216/1448/1375
f 1216/1448/1375 1237/1447/1374 1233/1449/1376
f 1216/1448/1375 1233/1449/1376 1215/1450/1377
f 1215/1450/1377 1233/1449/1376 1229/1451/1378
f 1215/1450/1377 1229/1451/1378 1214/1452/1379
f 1214/1452/1379 1229/1451/1378 1225/1453/1380
f 1214/1452/1379 1225/1453/1380 1213/1454/1381
f 1213/1454/1381 1225/1453/1380 1221/1455/1382
f 1213/1454/1381 1221/1455/1382 209/1414/237
f 209/1414/237 1221/1455/1382 1222/1456/1383
f 209/1414/237 1222/1456/1383 1223/1416/1344
f 1223/1416/1344 1222/1456/1383 1227/1457/1384
f 1223/1416/1344 1227/1457/1384 1228/1418/1346
f 1228/1418/1346 1227/1457/1384 1232/1421/1349
f 1218/1445/1372 1219/1458/1385 1245/1443/1370
f 1245/1443/1370 1219/1458/1385 1249/1459/1386
f 1245/1443/1370 1249/1459/1386 1250/1441/1368
f 1250/1441/1368 1249/1459/1386 8/1460/14
f 1250/1441/1368 8/1460/14 7/1439/34
f 1219/1458/1385 1220/1461/1387 1249/1459/1386
f 1249/1459/1386 1220/1461/1387 8/1460/14
f 84/1419/1347 83/1462/1388 1224/1417/1345
f 1224/1417/1345 83/1462/1388 82/1415/1343
f 1222/1456/1383 1221/1455/1382 1226/1463/1389
f 1226/1463/1389 1221/1455/1382 1225/1453/1380
f 1226/1463/1389 1225/1453/1380 1230/1464/1390
f 1230/1464/1390 1225/1453/1380 1229/1451/1378
f 1230/1464/1390 1229/1451/1378 1234/1465/1391
f 1234/1465/1391 1229/1451/1378 1233/1449/1376
f 1234/1465/1391 1233/1449/1376 1238/1466/1392
f 1238/1466/1392 1233/1449/1376 1237/1447/1374
f 1238/1466/1392 1237/1447/1374 1242/1467/1393
f 1242/1467/1393 1237/1447/1374 1241/1444/1371
f 1242/1467/1393 1241/1444/1371 1246/1442/1369
f 1222/1456/1383 1226/1463/1389 1227/1457/1384
f 1227/1457/1384 1226/1463/1389 1231/1468/1394
f 1227/1457/1384 1231/1468/1394 1232/1421/1349
f 1232/1421/1349 1231/1468/1394 1236/1424/1352
f 1231/1468/1394 1226/1463/1389 1230/1464/1390
f 1231/1468/1394 1230/1464/1390 1235/1469/1395
f 1235/1469/1395 1230/1464/1390 1234/1465/1391
f 1235/1469/1395 1234/1465/1391 1239/1470/1396
f 1239/1470/1396 1234/1465/1391 1238/1466/1392
f 1239/1470/1396 1238/1466/1392 1243/1471/1397
f 1243/1471/1397 1238/1466/1392 1242/1467/1393
f 1243/1471/1397 1242/1467/1393 1247/1472/1398
f 1247/1472/1398 1242/1467/1393 1246/1442/1369
f 1247/1472/1398 1246/1442/1369 1251/1440/1367
f 1240/1428/1356 1236/1424/1352 1235/1469/1395
f 1235/1469/1395 1236/1424/1352 1231/1468/1394
f 1240/1428/1356 1235/1469/1395 1239/1470/1396
f 1244/1431/1359 1240/1428/1356 1239/1470/1396
f 1244/1431/1359 1239/1470/1396 1243/1471/1397
f 1248/1434/1362 1244/1431/1359 1243/1471/1397
f 1248/1434/1362 1243/1471/1397 1247/1472/1398
f 1252/1437/1365 1248/1434/1362 1247/1472/1398
f 1252/1437/1365 1247/1472/1398 1251/1440/1367
f 554/1473/660 681/1474/757 555/1475/1399
f 555/1475/1399 681/1474/757 1263/1476/1400
f 555/1475/1399 1263/1476/1400 1264/1477/1401
f 1264/1477/1401 1263/1476/1400 1268/1478/1402
f 1264/1477/1401 1268/1478/1402 557/1479/1403
f 557/1479/1403 1268/1478/1402 558/1480/1404
f 558/1480/1404 1268/1478/1402 1272/1481/1405
f 558/1480/1404 1272/1481/1405 559/1482/1406
f 559/1482/1406 1272/1481/1405 560/1483/1407
f 560/1483/1407 1272/1481/1405 1276/1484/1408
f 560/1483/1407 1276/1484/1408 561/1485/1409
f 561/1485/1409 1276/1484/1408 562/1486/1410
f 562/1486/1410 1276/1484/1408 563/1487/1411
f 563/1487/1411 1276/1484/1408 1280/1488/1412
f 563/1487/1411 1280/1488/1412 564/1489/1413
f 564/1489/1413 1280/1488/1412 565/1490/1414
f 565/1490/1414 1280/1488/1412 1284/1491/1415
f 565/1490/1414 1284/1491/1415 566/1492/1416
f 566/1492/1416 1284/1491/1415 567/1493/1417
f 567/1493/1417 1284/1491/1415 1288/1494/1418
f 567/1493/1417 1288/1494/1418 568/1495/1419
f 568/1495/1419 1288/1494/1418 569/1496/1420
f 569/1496/1420 1288/1494/1418 1292/1497/1421
f 569/1496/1420 1292/1497/1421 570/1498/1422
f 570/1498/1422 1292/1497/1421 502/1499/556
f 502/1499/556 1292/1497/1421 1291/1500/1423
f 502/1499/556 1291/1500/1423 1290/1501/1424
f 1290/1501/1424 1291/1500/1423 1286/1502/1425
f 1290/1501/1424 1286/1502/1425 1285/1503/1426
f 1285/1503/1426 1286/1502/1425 1281/1504/1427
f 1285/1503/1426 1281/1504/1427 1258/1505/1428
f 1258/1505/1428 1281/1504/1427 1257/1506/1429
f 1257/1506/1429 1281/1504/1427 1277/1507/1430
f 1257/1506/1429 1277/1507/1430 1256/1508/1431
f 1256/1508/1431 1277/1507/1430 1273/1509/1432
f 1256/1508/1431 1273/1509/1432 1255/1510/1433
f 1255/1510/1433 1273/1509/1432 1269/1511/1434
f 1255/1510/1433 1269/1511/1434 1254/1512/1435
f 1254/1512/1435 1269/1511/1434 1265/1513/1436
f 1254/1512/1435 1265/1513/1436 1253/1514/1437
f 1253/1514/1437 1265/1513/1436 1261/1515/1438
f 1253/1514/1437 1261/1515/1438 681/1474/757
f 681/1474/757 1261/1515/1438 1262/1516/1439
f 681/1474/757 1262/1516/1439 1263/1476/1400
f 1263/1476/1400 1262/1516/1439 1267/1517/1440
f 1263/1476/1400 1267/1517/1440 1268/1478/1402
f 1268/1478/1402 1267/1517/1440 1272/1481/1405
f 1258/1505/1428 1259/1518/1441 1285/1503/1426
f 1285/1503/1426 1259/1518/1441 1289/1519/1442
f 1285/1503/1426 1289/1519/1442 1290/1501/1424
f 1290/1501/1424 1289/1519/1442 503/1520/537
f 1290/1501/1424 503/1520/537 502/1499/556
f 1259/1518/1441 1260/1521/1443 1289/1519/1442
f 1289/1519/1442 1260/1521/1443 503/1520/537
f 557/1479/1403 556/1522/1444 1264/1477/1401
f 1264/1477/1401 556/1522/1444 555/1475/1399
f 1262/1516/1439 1261/1515/1438 1266/1523/1445
f 1266/1523/1445 1261/1515/1438 1265/1513/1436
f 1266/1523/1445 1265/1513/1436 1270/1524/1446
f 1270/1524/1446 1265/1513/1436 1269/1511/1434
f 1270/1524/1446 1269/1511/1434 1274/1525/1447
f 1274/1525/1447 1269/1511/1434 1273/1509/1432
f 1274/1525/1447 1273/1509/1432 1278/1526/1448
f 1278/1526/1448 1273/1509/1432 1277/1507/1430
f 1278/1526/1448 1277/1507/1430 1282/1527/1449
f 1282/1527/1449 1277/1507/1430 1281/1504/1427
f 1282/1527/1449 1281/1504/1427 1286/1502/1425
f 1262/1516/1439 1266/1523/1445 1267/1517/1440
f 1267/1517/1440 1266/1523/1445 1271/1528/1450
f 1267/1517/1440 1271/1528/1450 1272/1481/1405
f 1272/1481/1405 1271/1528/1450 1276/1484/1408
f 1271/1528/1450 1266/1523/1445 1270/1524/1446
f 1271/1528/1450 1270/1524/1446 1275/1529/1451
f 1275/1529/1451 1270/1524/1446 1274/1525/1447
f 1275/1529/1451 1274/1525/1447 1279/1530/1452
f 1279/1530/1452 1274/1525/1447 1278/1526/1448
f 1279/1530/1452 1278/1526/1448 1283/1531/1453
f 1283/1531/1453 1278/1526/1448 1282/1527/1449
f 1283/1531/1453 1282/1527/1449 1287/1532/1454
f 1287/1532/1454 1282/1527/1449 1286/1502/1425
f 1287/1532/1454 1286/1502/1425 1291/1500/1423
f 1280/1488/1412 1276/1484/1408 1275/1529/1451
f 1275/1529/1451 1276/1484/1408 1271/1528/1450
f 1280/1488/1412 1275/1529/1451 1279/1530/1452
f 1284/1491/1415 1280/1488/1412 1279/1530/1452
f 1284/1491/1415 1279/1530/1452 1283/1531/1453
f 1288/1494/1418 1284/1491/1415 1283/1531/1453
f 1288/1494/1418 1283/1531/1453 1287/1532/1454
f 1292/1497/1421 1288/1494/1418 1287/1532/1454
f 1292/1497/1421 1287/1532/1454 1291/1500/1423
f 273/1533/262 269/1534/334 250/1535/260
f 250/1535/260 269/1534/334 268/1536/332
f 250/1535/260 268/1536/332 251/1537/258
f 251/1537/258 268/1536/332 267/1538/330
f 251/1537/258 267/1538/330 252/1539/274
f 252/1539/274 267/1538/330 266/1540/328
f 252/1539/274 266/1540/328 253/1541/276
f 253/1541/276 266/1540/328 265/1542/316
f 253/1541/276 265/1542/316 254/1543/278
f 254/1543/278 265/1542/316 264/1544/315
f 254/1543/278 264/1544/315 255/1545/280
f 255/1545/280 264/1544/315 263/1546/326
f 255/1545/280 263/1546/326 256/1547/282
f 256/1547/282 263/1546/326 262/1548/324
f 256/1547/282 262/1548/324 257/1549/284
f 257/1549/284 262/1548/324 261/1550/321
f 257/1549/284 261/1550/321 258/1551/286
f 258/1551/286 261/1550/321 260/1552/317
f 258/1551/286 260/1552/317 259/1553/288
f 269/1534/334 273/1533/262 270/1554/336
f 270/1554/336 273/1533/262 272/1555/264
f 270/1554/336 272/1555/264 271/1556/266
f 1294/1557/1455 1348/1558/1456 1293/1559/1457
f 1293/1559/1457 1348/1558/1456 1357/1560/1458
f 1293/1559/1457 1357/1560/1458 1316/1561/1459
f 1316/1561/1459 1357/1560/1458 1468/1562/1460
f 1316/1561/1459 1468/1562/1460 1315/1563/1461
f 1315/1563/1461 1468/1562/1460 1463/1564/1462
f 1315/1563/1461 1463/1564/1462 1314/1565/1463
f 1314/1565/1463 1463/1564/1462 1458/1566/1464
f 1314/1565/1463 1458/1566/1464 1313/1567/1465
f 1313/1567/1465 1458/1566/1464 1453/1568/1466
f 1313/1567/1465 1453/1568/1466 1312/1569/1467
f 1312/1569/1467 1453/1568/1466 1448/1570/1468
f 1312/1569/1467 1448/1570/1468 1311/1571/1469
f 1311/1571/1469 1448/1570/1468 1343/1572/1470
f 1311/1573/1469 1343/1574/1470 1443/1575/1471
f 1443/1575/1471 1343/1574/1470 1344/1576/1472
f 1443/1575/1471 1344/1576/1472 1444/1577/1473
f 1444/1577/1473 1344/1576/1472 1345/1578/1474
f 1444/1577/1473 1345/1578/1474 1445/1579/1475
f 1445/1579/1475 1345/1578/1474 1346/1580/1476
f 1445/1579/1475 1346/1580/1476 1446/1581/1477
f 1446/1581/1477 1346/1580/1476 1347/1582/1478
f 1446/1581/1477 1347/1582/1478 1447/1583/1479
f 1447/1583/1479 1347/1582/1478 1324/1584/1480
f 1447/1583/1479 1324/1584/1480 1325/1585/1481
f 1348/1558/1456 1294/1557/1455 1358/1586/1482
f 1358/1586/1482 1294/1557/1455 1295/1587/1483
f 1358/1586/1482 1295/1587/1483 1363/1588/1484
f 1363/1588/1484 1295/1587/1483 1296/1589/1485
f 1363/1588/1484 1296/1589/1485 1368/1590/1486
f 1368/1590/1486 1296/1589/1485 1297/1591/1487
f 1368/1590/1486 1297/1591/1487 1373/1592/1488
f 1373/1592/1488 1297/1591/1487 1298/1593/1489
f 1373/1592/1488 1298/1593/1489 1378/1594/1490
f 1378/1594/1490 1298/1593/1489 1299/1595/1491
f 1378/1594/1490 1299/1595/1491 1392/1596/1492
f 1392/1596/1492 1299/1595/1491 1383/1597/1493
f 1392/1596/1492 1383/1597/1493 1384/1598/1494
f 1384/1598/1494 1383/1597/1493 1394/1599/1495
f 1384/1598/1494 1394/1599/1495 1395/1600/1496
f 1395/1600/1496 1394/1599/1495 1400/1601/1497
f 1395/1600/1496 1400/1601/1497 1401/1602/1498
f 1401/1602/1498 1400/1601/1497 1406/1603/1499
f 1401/1602/1498 1406/1603/1499 1407/1604/1500
f 1407/1604/1500 1406/1603/1499 1412/1605/1501
f 1407/1604/1500 1412/1605/1501 1332/1606/1502
f 1332/1606/1502 1412/1605/1501 1331/1607/1503
f 1331/1607/1503 1412/1605/1501 1417/1608/1504
f 1331/1607/1503 1417/1608/1504 1330/1609/1505
f 1330/1609/1505 1417/1608/1504 1422/1610/1506
f 1330/1609/1505 1422/1610/1506 1329/1611/1507
f 1329/1611/1507 1422/1610/1506 1427/1612/1508
f 1329/1611/1507 1427/1612/1508 1328/1613/1509
f 1328/1613/1509 1427/1612/1508 1432/1614/1510
f 1328/1613/1509 1432/1614/1510 1327/1615/1511
f 1327/1615/1511 1432/1614/1510 1437/1616/1512
f 1327/1615/1511 1437/1616/1512 1326/1617/1513
f 1326/1617/1513 1437/1616/1512 1442/1618/1514
f 1326/1617/1513 1442/1618/1514 1325/1585/1481
f 1325/1585/1481 1442/1618/1514 1447/1583/1479
f 1299/1595/1491 1300/1619/1515 1383/1597/1493
f 1383/1597/1493 1300/1619/1515 1393/1620/1516
f 1383/1597/1493 1393/1620/1516 1394/1599/1495
f 1394/1599/1495 1393/1620/1516 1399/1621/1517
f 1394/1599/1495 1399/1621/1517 1400/1601/1497
f 1400/1601/1497 1399/1621/1517 1405/1622/1518
f 1400/1601/1497 1405/1622/1518 1406/1603/1499
f 1406/1603/1499 1405/1622/1518 1411/1623/1519
f 1406/1603/1499 1411/1623/1519 1412/1605/1501
f 1412/1605/1501 1411/1623/1519 1417/1608/1504
f 1300/1619/1515 1301/1624/1520 1393/1620/1516
f 1393/1620/1516 1301/1624/1520 1398/1625/1521
f 1393/1620/1516 1398/1625/1521 1399/1621/1517
f 1399/1621/1517 1398/1625/1521 1404/1626/1522
f 1399/1621/1517 1404/1626/1522 1405/1622/1518
f 1405/1622/1518 1404/1626/1522 1410/1627/1523
f 1405/1622/1518 1410/1627/1523 1411/1623/1519
f 1411/1623/1519 1410/1627/1523 1416/1628/1524
f 1411/1623/1519 1416/1628/1524 1417/1608/1504
f 1417/1608/1504 1416/1628/1524 1422/1610/1506
f 1301/1624/1520 1302/1629/1525 1398/1625/1521
f 1398/1625/1521 1302/1629/1525 1403/1630/1526
f 1398/1625/1521 1403/1630/1526 1404/1626/1522
f 1404/1626/1522 1403/1630/1526 1409/1631/1527
f 1404/1626/1522 1409/1631/1527 1410/1627/1523
f 1410/1627/1523 1409/1631/1527 1415/1632/1528
f 1410/1627/1523 1415/1632/1528 1416/1628/1524
f 1416/1628/1524 1415/1632/1528 1421/1633/1529
f 1416/1628/1524 1421/1633/1529 1422/1610/1506
f 1422/1610/1506 1421/1633/1529 1427/1612/1508
f 1302/1629/1525 1303/1634/1530 1403/1630/1526
f 1403/1630/1526 1303/1634/1530 1408/1635/1531
f 1403/1630/1526 1408/1635/1531 1409/1631/1527
f 1409/1631/1527 1408/1635/1531 1414/1636/1532
f 1409/1631/1527 1414/1636/1532 1415/1632/1528
f 1415/1632/1528 1414/1636/1532 1420/1637/1533
f 1415/1632/1528 1420/1637/1533 1421/1633/1529
f 1421/1633/1529 1420/1637/1533 1426/1638/1534
f 1421/1633/1529 1426/1638/1534 1427/1612/1508
f 1427/1612/1508 1426/1638/1534 1432/1614/1510
f 1303/1634/1530 1304/1639/1535 1408/1635/1531
f 1408/1635/1531 1304/1639/1535 1413/1640/1536
f 1408/1635/1531 1413/1640/1536 1414/1636/1532
f 1414/1636/1532 1413/1640/1536 1419/1641/1537
f 1414/1636/1532 1419/1641/1537 1420/1637/1533
f 1420/1637/1533 1419/1641/1537 1425/1642/1538
f 1420/1637/1533 1425/1642/1538 1426/1638/1534
f 1426/1638/1534 1425/1642/1538 1431/1643/1539
f 1426/1638/1534 1431/1643/1539 1432/1614/1510
f 1432/1614/1510 1431/1643/1539 1437/1616/1512
f 1304/1639/1535 1305/1644/1540 1413/1640/1536
f 1413/1640/1536 1305/1644/1540 1418/1645/1541
f 1413/1640/1536 1418/1645/1541 1419/1641/1537
f 1419/1641/1537 1418/1645/1541 1424/1646/1542
f 1419/1641/1537 1424/1646/1542 1425/1642/1538
f 1425/1642/1538 1424/1646/1542 1430/1647/1543
f 1425/1642/1538 1430/1647/1543 1431/1643/1539
f 1431/1643/1539 1430/1647/1543 1436/1648/1544
f 1431/1643/1539 1436/1648/1544 1437/1616/1512
f 1437/1616/1512 1436/1648/1544 1442/1618/1514
f 1305/1644/1540 1306/1649/1545 1418/1645/1541
f 1418/1645/1541 1306/1649/1545 1423/1650/1546
f 1418/1645/1541 1423/1650/1546 1424/1646/1542
f 1424/1646/1542 1423/1650/1546 1429/1651/1547
f 1424/1646/1542 1429/1651/1547 1430/1647/1543
f 1430/1647/1543 1429/1651/1547 1435/1652/1548
f 1430/1647/1543 1435/1652/1548 1436/1648/1544
f 1436/1648/1544 1435/1652/1548 1441/1653/1549
f 1436/1648/1544 1441/1653/1549 1442/1618/1514
f 1442/1618/1514 1441/1653/1549 1447/1583/1479
f 1306/1649/1545 1307/1654/1550 1423/1650/1546
f 1423/1650/1546 1307/1654/1550 1428/1655/1551
f 1423/1650/1546 1428/1655/1551 1429/1651/1547
f 1429/1651/1547 1428/1655/1551 1434/1656/1552
f 1429/1651/1547 1434/1656/1552 1435/1652/1548
f 1435/1652/1548 1434/1656/1552 1440/1657/1553
f 1435/1652/1548 1440/1657/1553 1441/1653/1549
f 1441/1653/1549 1440/1657/1553 1446/1581/1477
f 1441/1653/1549 1446/1581/1477 1447/1583/1479
f 1307/1654/1550 1308/1658/1554 1428/1655/1551
f 1428/1655/1551 1308/1658/1554 1433/1659/1555
f 1428/1655/1551 1433/1659/1555 1434/1656/1552
f 1434/1656/1552 1433/1659/1555 1439/1660/1556
f 1434/1656/1552 1439/1660/1556 1440/1657/1553
f 1440/1657/1553 1439/1660/1556 1445/1579/1475
f 1440/1657/1553 1445/1579/1475 1446/1581/1477
f 1308/1658/1554 1309/1661/1557 1433/1659/1555
f 1433/1659/1555 1309/1661/1557 1438/1662/1558
f 1433/1659/1555 1438/1662/1558 1439/1660/1556
f 1439/1660/1556 1438/1662/1558 1444/1577/1473
f 1439/1660/1556 1444/1577/1473 1445/1579/1475
f 1309/1661/1557 1310/1663/1559 1438/1662/1558
f 1438/1662/1558 1310/1663/1559 1443/1575/1471
f 1438/1662/1558 1443/1575/1471 1444/1577/1473
f 1310/1663/1559 1311/1573/1469 1443/1575/1471
f 1318/1664/1560 1353/1665/1561 1317/1666/1562
f 1317/1666/1562 1353/1665/1561 1352/1667/1563
f 1317/1666/1562 1352/1667/1563 1342/1668/1564
f 1342/1668/1564 1352/1667/1563 1362/1669/1565
f 1342/1668/1564 1362/1669/1565 1341/1670/1566
f 1341/1670/1566 1362/1669/1565 1367/1671/1567
f 1341/1670/1566 1367/1671/1567 1340/1672/1568
f 1340/1672/1568 1367/1671/1567 1372/1673/1569
f 1340/1672/1568 1372/1673/1569 1339/1674/1570
f 1339/1674/1570 1372/1673/1569 1377/1675/1571
f 1339/1674/1570 1377/1675/1571 1338/1676/1572
f 1338/1676/1572 1377/1675/1571 1382/1677/1573
f 1338/1676/1572 1382/1677/1573 1337/1678/1574
f 1337/1678/1574 1382/1677/1573 1388/1679/1575
f 1337/1678/1574 1388/1679/1575 1336/1680/1576
f 1336/1680/1576 1388/1679/1575 1387/1681/1577
f 1336/1680/1576 1387/1681/1577 1335/1682/1578
f 1335/1682/1578 1387/1681/1577 1397/1683/1579
f 1335/1682/1578 1397/1683/1579 1334/1684/1580
f 1334/1684/1580 1397/1683/1579 1402/1685/1581
f 1334/1684/1580 1402/1685/1581 1333/1686/1582
f 1333/1686/1582 1402/1685/1581 1407/1604/1500
f 1333/1686/1582 1407/1604/1500 1332/1606/1502
f 1353/1665/1561 1318/1664/1560 1472/1687/1583
f 1472/1687/1583 1318/1664/1560 1319/1688/1584
f 1472/1687/1583 1319/1688/1584 1467/1689/1585
f 1467/1689/1585 1319/1688/1584 1320/1690/1586
f 1467/1689/1585 1320/1690/1586 1462/1691/1587
f 1462/1691/1587 1320/1690/1586 1321/1692/1588
f 1462/1691/1587 1321/1692/1588 1457/1693/1589
f 1457/1693/1589 1321/1692/1588 1322/1694/1590
f 1457/1693/1589 1322/1694/1590 1452/1695/1591
f 1452/1695/1591 1322/1694/1590 1323/1696/1592
f 1452/1695/1591 1323/1696/1592 1347/1697/1478
f 1347/1582/1478 1323/1698/1592 1324/1584/1480
f 1344/1699/1472 1343/1572/1470 1449/1700/1593
f 1449/1700/1593 1343/1572/1470 1448/1570/1468
f 1449/1700/1593 1448/1570/1468 1454/1701/1594
f 1454/1701/1594 1448/1570/1468 1453/1568/1466
f 1454/1701/1594 1453/1568/1466 1459/1702/1595
f 1459/1702/1595 1453/1568/1466 1458/1566/1464
f 1459/1702/1595 1458/1566/1464 1464/1703/1596
f 1464/1703/1596 1458/1566/1464 1463/1564/1462
f 1464/1703/1596 1463/1564/1462 1469/1704/1597
f 1469/1704/1597 1463/1564/1462 1468/1562/1460
f 1469/1704/1597 1468/1562/1460 1356/1705/1598
f 1356/1705/1598 1468/1562/1460 1357/1560/1458
f 1356/1705/1598 1357/1560/1458 1349/1706/1599
f 1349/1706/1599 1357/1560/1458 1348/1558/1456
f 1349/1706/1599 1348/1558/1456 1359/1707/1600
f 1359/1707/1600 1348/1558/1456 1358/1586/1482
f 1359/1707/1600 1358/1586/1482 1364/1708/1601
f 1364/1708/1601 1358/1586/1482 1363/1588/1484
f 1364/1708/1601 1363/1588/1484 1369/1709/1602
f 1369/1709/1602 1363/1588/1484 1368/1590/1486
f 1369/1709/1602 1368/1590/1486 1374/1710/1603
f 1374/1710/1603 1368/1590/1486 1373/1592/1488
f 1374/1710/1603 1373/1592/1488 1379/1711/1604
f 1379/1711/1604 1373/1592/1488 1378/1594/1490
f 1379/1711/1604 1378/1594/1490 1391/1712/1605
f 1391/1712/1605 1378/1594/1490 1392/1596/1492
f 1391/1712/1605 1392/1596/1492 1384/1598/1494
f 1345/1713/1474 1344/1699/1472 1450/1714/1606
f 1450/1714/1606 1344/1699/1472 1449/1700/1593
f 1450/1714/1606 1449/1700/1593 1455/1715/1607
f 1455/1715/1607 1449/1700/1593 1454/1701/1594
f 1455/1715/1607 1454/1701/1594 1460/1716/1608
f 1460/1716/1608 1454/1701/1594 1459/1702/1595
f 1460/1716/1608 1459/1702/1595 1465/1717/1609
f 1465/1717/1609 1459/1702/1595 1464/1703/1596
f 1465/1717/1609 1464/1703/1596 1470/1718/1610
f 1470/1718/1610 1464/1703/1596 1469/1704/1597
f 1470/1718/1610 1469/1704/1597 1355/1719/1611
f 1355/1719/1611 1469/1704/1597 1356/1705/1598
f 1355/1719/1611 1356/1705/1598 1350/1720/1612
f 1350/1720/1612 1356/1705/1598 1349/1706/1599
f 1350/1720/1612 1349/1706/1599 1360/1721/1613
f 1360/1721/1613 1349/1706/1599 1359/1707/1600
f 1360/1721/1613 1359/1707/1600 1365/1722/1614
f 1365/1722/1614 1359/1707/1600 1364/1708/1601
f 1365/1722/1614 1364/1708/1601 1370/1723/1615
f 1370/1723/1615 1364/1708/1601 1369/1709/1602
f 1370/1723/1615 1369/1709/1602 1375/1724/1616
f 1375/1724/1616 1369/1709/1602 1374/1710/1603
f 1375/1724/1616 1374/1710/1603 1380/1725/1617
f 1380/1725/1617 1374/1710/1603 1379/1711/1604
f 1380/1725/1617 1379/1711/1604 1390/1726/1618
f 1390/1726/1618 1379/1711/1604 1391/1712/1605
f 1390/1726/1618 1391/1712/1605 1385/1727/1619
f 1385/1727/1619 1391/1712/1605 1384/1598/1494
f 1385/1727/1619 1384/1598/1494 1395/1600/1496
f 1452/1695/1591 1347/1697/1478 1346/1728/1476
f 1346/1728/1476 1345/1713/1474 1451/1729/1620
f 1451/1729/1620 1345/1713/1474 1450/1714/1606
f 1451/1729/1620 1450/1714/1606 1456/1730/1621
f 1456/1730/1621 1450/1714/1606 1455/1715/1607
f 1456/1730/1621 1455/1715/1607 1461/1731/1622
f 1461/1731/1622 1455/1715/1607 1460/1716/1608
f 1461/1731/1622 1460/1716/1608 1466/1732/1623
f 1466/1732/1623 1460/1716/1608 1465/1717/1609
f 1466/1732/1623 1465/1717/1609 1471/1733/1624
f 1471/1733/1624 1465/1717/1609 1470/1718/1610
f 1471/1733/1624 1470/1718/1610 1354/1734/1625
f 1354/1734/1625 1470/1718/1610 1355/1719/1611
f 1354/1734/1625 1355/1719/1611 1351/1735/1626
f 1351/1735/1626 1355/1719/1611 1350/1720/1612
f 1351/1735/1626 1350/1720/1612 1361/1736/1627
f 1361/1736/1627 1350/1720/1612 1360/1721/1613
f 1361/1736/1627 1360/1721/1613 1366/1737/1628
f 1366/1737/1628 1360/1721/1613 1365/1722/1614
f 1366/1737/1628 1365/1722/1614 1371/1738/1629
f 1371/1738/1629 1365/1722/1614 1370/1723/1615
f 1371/1738/1629 1370/1723/1615 1376/1739/1630
f 1376/1739/1630 1370/1723/1615 1375/1724/1616
f 1376/1739/1630 1375/1724/1616 1381/1740/1631
f 1381/1740/1631 1375/1724/1616 1380/1725/1617
f 1381/1740/1631 1380/1725/1617 1389/1741/1632
f 1389/1741/1632 1380/1725/1617 1390/1726/1618
f 1389/1741/1632 1390/1726/1618 1386/1742/1633
f 1386/1742/1633 1390/1726/1618 1385/1727/1619
f 1386/1742/1633 1385/1727/1619 1396/1743/1634
f 1396/1743/1634 1385/1727/1619 1395/1600/1496
f 1396/1743/1634 1395/1600/1496 1401/1602/1498
f 1351/1735/1626 1352/1667/1563 1354/1734/1625
f 1354/1734/1625 1352/1667/1563 1353/1665/1561
f 1354/1734/1625 1353/1665/1561 1471/1733/1624
f 1471/1733/1624 1353/1665/1561 1472/1687/1583
f 1471/1733/1624 1472/1687/1583 1466/1732/1623
f 1466/1732/1623 1472/1687/1583 1467/1689/1585
f 1466/1732/1623 1467/1689/1585 1461/1731/1622
f 1461/1731/1622 1467/1689/1585 1462/1691/1587
f 1461/1731/1622 1462/1691/1587 1456/1730/1621
f 1456/1730/1621 1462/1691/1587 1457/1693/1589
f 1456/1730/1621 1457/1693/1589 1451/1729/1620
f 1451/1729/1620 1457/1693/1589 1452/1695/1591
f 1451/1729/1620 1452/1695/1591 1346/1728/1476
f 1352/1667/1563 1351/1735/1626 1362/1669/1565
f 1362/1669/1565 1351/1735/1626 1361/1736/1627
f 1362/1669/1565 1361/1736/1627 1367/1671/1567
f 1367/1671/1567 1361/1736/1627 1366/1737/1628
f 1367/1671/1567 1366/1737/1628 1372/1673/1569
f 1372/1673/1569 1366/1737/1628 1371/1738/1629
f 1372/1673/1569 1371/1738/1629 1377/1675/1571
f 1377/1675/1571 1371/1738/1629 1376/1739/1630
f 1377/1675/1571 1376/1739/1630 1382/1677/1573
f 1382/1677/1573 1376/1739/1630 1381/1740/1631
f 1382/1677/1573 1381/1740/1631 1388/1679/1575
f 1388/1679/1575 1381/1740/1631 1389/1741/1632
f 1388/1679/1575 1389/1741/1632 1387/1681/1577
f 1387/1681/1577 1389/1741/1632 1386/1742/1633
f 1387/1681/1577 1386/1742/1633 1397/1683/1579
f 1397/1683/1579 1386/1742/1633 1396/1743/1634
f 1397/1683/1579 1396/1743/1634 1402/1685/1581
f 1402/1685/1581 1396/1743/1634 1401/1602/1498
f 1402/1685/1581 1401/1602/1498 1407/1604/1500
f 1474/1744/1635 1337/1745/1574 1473/1746/1636
f 1473/1746/1636 1337/1745/1574 1336/1747/1576
f 1473/1746/1636 1336/1747/1576 1498/1748/1637
f 1498/1748/1637 1336/1747/1576 1335/1749/1578
f 1498/1748/1637 1335/1749/1578 1497/1750/1638
f 1497/1750/1638 1335/1749/1578 1334/1751/1580
f 1497/1750/1638 1334/1751/1580 1496/1752/1639
f 1496/1752/1639 1334/1751/1580 1333/1753/1582
f 1496/1752/1639 1333/1753/1582 1495/1754/1640
f 1495/1754/1640 1333/1753/1582 1332/1755/1502
f 1495/1754/1640 1332/1755/1502 1494/1756/1641
f 1494/1756/1641 1332/1755/1502 1331/1757/1503
f 1494/1756/1641 1331/1757/1503 1493/1758/1642
f 1493/1758/1642 1331/1757/1503 1330/1759/1505
f 1493/1758/1642 1330/1759/1505 1492/1760/1643
f 1492/1760/1643 1330/1759/1505 1329/1761/1507
f 1492/1760/1643 1329/1761/1507 1491/1762/1644
f 1491/1762/1644 1329/1761/1507 1328/1763/1509
f 1491/1762/1644 1328/1763/1509 1490/1764/1645
f 1490/1764/1645 1328/1763/1509 1327/1765/1511
f 1490/1764/1645 1327/1765/1511 1489/1766/1646
f 1489/1766/1646 1327/1765/1511 1326/1767/1513
f 1489/1766/1646 1326/1767/1513 1488/1768/1647
f 1488/1768/1647 1326/1767/1513 1325/1769/1481
f 1488/1768/1647 1325/1769/1481 1487/1770/1648
f 1487/1770/1648 1325/1769/1481 1324/1771/1480
f 1487/1770/1648 1324/1771/1480 1486/1772/1649
f 1486/1772/1649 1324/1771/1480 1323/1773/1592
f 1486/1772/1649 1323/1773/1592 1485/1774/1650
f 1485/1774/1650 1323/1773/1592 1322/1775/1590
f 1485/1774/1650 1322/1775/1590 1484/1776/1651
f 1484/1776/1651 1322/1775/1590 1321/1777/1588
f 1484/1776/1651 1321/1777/1588 1483/1778/1652
f 1483/1778/1652 1321/1777/1588 1320/1779/1586
f 1483/1778/1652 1320/1779/1586 1482/1780/1653
f 1482/1780/1653 1320/1779/1586 1319/1781/1584
f 1482/1780/1653 1319/1781/1584 1481/1782/1654
f 1481/1782/1654 1319/1781/1584 1318/1783/1560
f 1481/1782/1654 1318/1783/1560 1480/1784/1655
f 1480/1784/1655 1318/1783/1560 1317/1785/1562
f 1480/1784/1655 1317/1785/1562 1479/1786/1656
f 1479/1787/1656 1317/1788/1562 1342/1789/1564
f 1479/1787/1656 1342/1789/1564 1478/1790/1657
f 1478/1790/1657 1342/1789/1564 1341/1791/1566
f 1478/1790/1657 1341/1791/1566 1477/1792/1658
f 1477/1792/1658 1341/1791/1566 1340/1793/1568
f 1477/1792/1658 1340/1793/1568 1476/1794/1659
f 1476/1794/1659 1340/1793/1568 1339/1795/1570
f 1476/1794/1659 1339/1795/1570 1475/1796/1660
f 1475/1796/1660 1339/1795/1570 1338/1797/1572
f 1475/1796/1660 1338/1797/1572 1474/1744/1635
f 1474/1744/1635 1338/1797/1572 1337/1745/1574
f 1500/1798/1661 1294/1799/1455 1499/1800/1662
f 1499/1800/1662 1294/1799/1455 1293/1801/1457
f 1499/1800/1662 1293/1801/1457 1522/1802/1663
f 1522/1802/1663 1293/1801/1457 1316/1803/1459
f 1522/1802/1663 1316/1803/1459 1521/1804/1664
f 1521/1804/1664 1316/1803/1459 1315/1805/1461
f 1521/1804/1664 1315/1805/1461 1520/1806/1665
f 1520/1806/1665 1315/1805/1461 1314/1807/1463
f 1520/1806/1665 1314/1807/1463 1519/1808/1666
f 1519/1808/1666 1314/1807/1463 1313/1809/1465
f 1519/1808/1666 1313/1809/1465 1518/1810/1667
f 1518/1810/1667 1313/1809/1465 1312/1811/1467
f 1518/1810/1667 1312/1811/1467 1517/1812/1668
f 1517/1812/1668 1312/1811/1467 1311/1813/1469
f 1517/1812/1668 1311/1813/1469 1310/1814/1559
f 1500/1798/1661 1501/1815/1669 1294/1799/1455
f 1294/1799/1455 1501/1815/1669 1295/1816/1483
f 1295/1816/1483 1501/1815/1669 1502/1817/1670
f 1295/1816/1483 1502/1817/1670 1296/1818/1485
f 1296/1818/1485 1502/1817/1670 1503/1819/1671
f 1296/1818/1485 1503/1819/1671 1297/1820/1487
f 1297/1820/1487 1503/1819/1671 1504/1821/1672
f 1297/1820/1487 1504/1821/1672 1298/1822/1489
f 1298/1822/1489 1504/1821/1672 1505/1823/1673
f 1298/1822/1489 1505/1823/1673 1299/1824/1491
f 1299/1824/1491 1505/1823/1673 1300/1825/1515
f 1300/1825/1515 1505/1823/1673 1506/1826/1674
f 1300/1825/1515 1506/1826/1674 1301/1827/1520
f 1301/1827/1520 1506/1826/1674 1507/1828/1675
f 1301/1827/1520 1507/1828/1675 1302/1829/1525
f 1302/1829/1525 1507/1828/1675 1508/1830/1676
f 1302/1829/1525 1508/1830/1676 1303/1831/1530
f 1303/1831/1530 1508/1830/1676 1509/1832/1677
f 1303/1831/1530 1509/1832/1677 1304/1833/1535
f 1304/1833/1535 1509/1832/1677 1510/1834/1678
f 1304/1833/1535 1510/1834/1678 1305/1835/1540
f 1305/1835/1540 1510/1834/1678 1511/1836/1679
f 1305/1835/1540 1511/1836/1679 1512/1837/1680
f 1305/1835/1540 1512/1837/1680 1306/1838/1545
f 1306/1838/1545 1512/1837/1680 1513/1839/1681
f 1306/1838/1545 1513/1839/1681 1307/1840/1550
f 1307/1840/1550 1513/1839/1681 1514/1841/1682
f 1307/1840/1550 1514/1841/1682 1308/1842/1554
f 1308/1842/1554 1514/1841/1682 1515/1843/1683
f 1308/1842/1554 1515/1843/1683 1309/1844/1557
f 1309/1844/1557 1515/1843/1683 1516/1845/1684
f 1309/1844/1557 1516/1845/1684 1310/1814/1559
f 1310/1814/1559 1516/1845/1684 1517/1812/1668
f 1524/1846/1685 1550/1847/1686 1523/1848/1687
f 1523/1848/1687 1550/1847/1686 1548/1849/1688
f 1523/1850/1687 1548/1851/1688 1598/1852/1689
f 1598/1852/1689 1548/1851/1688 1549/1853/1690
f 1598/1852/1689 1549/1853/1690 1599/1854/1691
f 1599/1854/1691 1549/1853/1690 1473/1855/1636
f 1599/1854/1691 1473/1855/1636 1498/1856/1637
f 1550/1847/1686 1524/1846/1685 1552/1857/1692
f 1552/1857/1692 1524/1846/1685 1525/1858/1693
f 1552/1857/1692 1525/1858/1693 1554/1859/1694
f 1554/1859/1694 1525/1858/1693 1526/1860/1695
f 1554/1859/1694 1526/1860/1695 1556/1861/1696
f 1556/1861/1696 1526/1860/1695 1527/1862/1697
f 1556/1861/1696 1527/1862/1697 1558/1863/1698
f 1558/1863/1698 1527/1862/1697 1528/1864/1699
f 1558/1863/1698 1528/1864/1699 1560/1865/1700
f 1560/1865/1700 1528/1864/1699 1529/1866/1701
f 1560/1865/1700 1529/1866/1701 1562/1867/1702
f 1562/1867/1702 1529/1866/1701 1530/1868/1703
f 1562/1867/1702 1530/1868/1703 1564/1869/1704
f 1564/1869/1704 1530/1868/1703 1531/1870/1705
f 1564/1869/1704 1531/1870/1705 1566/1871/1706
f 1566/1871/1706 1531/1870/1705 1532/1872/1707
f 1566/1871/1706 1532/1872/1707 1568/1873/1708
f 1568/1873/1708 1532/1872/1707 1533/1874/1709
f 1568/1873/1708 1533/1874/1709 1570/1875/1710
f 1570/1875/1710 1533/1874/1709 1534/1876/1711
f 1570/1875/1710 1534/1876/1711 1572/1877/1712
f 1572/1877/1712 1534/1876/1711 1535/1878/1713
f 1572/1877/1712 1535/1878/1713 1574/1879/1714
f 1574/1879/1714 1535/1878/1713 1536/1880/1715
f 1574/1879/1714 1536/1880/1715 1576/1881/1716
f 1576/1881/1716 1536/1880/1715 1537/1882/1717
f 1576/1881/1716 1537/1882/1717 1578/1883/1718
f 1578/1883/1718 1537/1882/1717 1538/1884/1719
f 1578/1883/1718 1538/1884/1719 1580/1885/1720
f 1580/1885/1720 1538/1884/1719 1539/1886/1721
f 1580/1885/1720 1539/1886/1721 1582/1887/1722
f 1582/1887/1722 1539/1886/1721 1540/1888/1723
f 1582/1887/1722 1540/1888/1723 1584/1889/1724
f 1584/1889/1724 1540/1888/1723 1541/1890/1725
f 1584/1889/1724 1541/1890/1725 1586/1891/1726
f 1586/1891/1726 1541/1890/1725 1542/1892/1727
f 1586/1891/1726 1542/1892/1727 1588/1893/1728
f 1588/1893/1728 1542/1892/1727 1543/1894/1729
f 1588/1893/1728 1543/1894/1729 1590/1895/1730
f 1590/1895/1730 1543/1894/1729 1544/1896/1731
f 1590/1895/1730 1544/1896/1731 1592/1897/1732
f 1592/1897/1732 1544/1896/1731 1545/1898/1733
f 1592/1897/1732 1545/1898/1733 1594/1899/1734
f 1594/1899/1734 1545/1898/1733 1546/1900/1735
f 1594/1899/1734 1546/1900/1735 1596/1901/1736
f 1596/1901/1736 1546/1900/1735 1547/1902/1737
f 1596/1901/1736 1547/1902/1737 1598/1852/1689
f 1598/1852/1689 1547/1902/1737 1523/1850/1687
f 1599/1854/1691 1498/1856/1637 1597/1903/1738
f 1597/1903/1738 1498/1856/1637 1497/1904/1638
f 1597/1903/1738 1497/1904/1638 1595/1905/1739
f 1595/1905/1739 1497/1904/1638 1496/1906/1639
f 1595/1905/1739 1496/1906/1639 1593/1907/1740
f 1593/1907/1740 1496/1906/1639 1495/1908/1640
f 1593/1907/1740 1495/1908/1640 1591/1909/1741
f 1591/1909/1741 1495/1908/1640 1494/1910/1641
f 1591/1909/1741 1494/1910/1641 1589/1911/1742
f 1589/1911/1742 1494/1910/1641 1493/1912/1642
f 1589/1911/1742 1493/1912/1642 1587/1913/1743
f 1587/1913/1743 1493/1912/1642 1492/1914/1643
f 1587/1913/1743 1492/1914/1643 1585/1915/1744
f 1585/1915/1744 1492/1914/1643 1491/1916/1644
f 1585/1915/1744 1491/1916/1644 1583/1917/1745
f 1583/1917/1745 1491/1916/1644 1490/1918/1645
f 1583/1917/1745 1490/1918/1645 1581/1919/1746
f 1581/1919/1746 1490/1918/1645 1489/1920/1646
f 1581/1919/1746 1489/1920/1646 1579/1921/1747
f 1579/1921/1747 1489/1920/1646 1488/1922/1647
f 1579/1921/1747 1488/1922/1647 1577/1923/1748
f 1577/1923/1748 1488/1922/1647 1487/1924/1648
f 1577/1923/1748 1487/1924/1648 1575/1925/1749
f 1575/1925/1749 1487/1924/1648 1486/1926/1649
f 1575/1925/1749 1486/1926/1649 1573/1927/1750
f 1573/1927/1750 1486/1926/1649 1485/1928/1650
f 1573/1927/1750 1485/1928/1650 1571/1929/1751
f 1571/1929/1751 1485/1928/1650 1484/1930/1651
f 1571/1929/1751 1484/1930/1651 1569/1931/1752
f 1569/1931/1752 1484/1930/1651 1483/1932/1652
f 1569/1931/1752 1483/1932/1652 1567/1933/1753
f 1567/1933/1753 1483/1932/1652 1482/1934/1653
f 1567/1933/1753 1482/1934/1653 1565/1935/1754
f 1565/1935/1754 1482/1934/1653 1481/1936/1654
f 1565/1935/1754 1481/1936/1654 1563/1937/1755
f 1563/1937/1755 1481/1936/1654 1480/1938/1655
f 1563/1937/1755 1480/1938/1655 1561/1939/1756
f 1561/1939/1756 1480/1938/1655 1479/1940/1656
f 1561/1939/1756 1479/1940/1656 1559/1941/1757
f 1559/1941/1757 1479/1940/1656 1478/1942/1657
f 1559/1941/1757 1478/1942/1657 1557/1943/1758
f 1557/1943/1758 1478/1942/1657 1477/1944/1658
f 1557/1943/1758 1477/1944/1658 1555/1945/1759
f 1555/1945/1759 1477/1944/1658 1476/1946/1659
f 1555/1945/1759 1476/1946/1659 1553/1947/1760
f 1553/1947/1760 1476/1946/1659 1475/1948/1660
f 1553/1947/1760 1475/1948/1660 1551/1949/1761
f 1551/1949/1761 1475/1948/1660 1474/1950/1635
f 1551/1949/1761 1474/1950/1635 1549/1951/1690
f 1549/1951/1690 1474/1950/1635 1473/1952/1636
f 1551/1949/1761 1549/1951/1690 1548/1849/1688
f 1551/1949/1761 1548/1849/1688 1550/1847/1686
f 1553/1947/1760 1551/1949/1761 1550/1847/1686
f 1555/1945/1759 1553/1947/1760 1552/1857/1692
f 1552/1857/1692 1553/1947/1760 1550/1847/1686
f 1557/1943/1758 1555/1945/1759 1554/1859/1694
f 1554/1859/1694 1555/1945/1759 1552/1857/1692
f 1559/1941/1757 1557/1943/1758 1556/1861/1696
f 1556/1861/1696 1557/1943/1758 1554/1859/1694
f 1561/1939/1756 1559/1941/1757 1558/1863/1698
f 1558/1863/1698 1559/1941/1757 1556/1861/1696
f 1563/1937/1755 1561/1939/1756 1560/1865/1700
f 1560/1865/1700 1561/1939/1756 1558/1863/1698
f 1565/1935/1754 1563/1937/1755 1562/1867/1702
f 1562/1867/1702 1563/1937/1755 1560/1865/1700
f 1567/1933/1753 1565/1935/1754 1564/1869/1704
f 1564/1869/1704 1565/1935/1754 1562/1867/1702
f 1569/1931/1752 1567/1933/1753 1566/1871/1706
f 1566/1871/1706 1567/1933/1753 1564/1869/1704
f 1571/1929/1751 1569/1931/1752 1568/1873/1708
f 1568/1873/1708 1569/1931/1752 1566/1871/1706
f 1573/1927/1750 1571/1929/1751 1570/1875/1710
f 1570/1875/1710 1571/1929/1751 1568/1873/1708
f 1575/1925/1749 1573/1927/1750 1572/1877/1712
f 1572/1877/1712 1573/1927/1750 1570/1875/1710
f 1577/1923/1748 1575/1925/1749 1574/1879/1714
f 1574/1879/1714 1575/1925/1749 1572/1877/1712
f 1579/1921/1747 1577/1923/1748 1576/1881/1716
f 1576/1881/1716 1577/1923/1748 1574/1879/1714
f 1581/1919/1746 1579/1921/1747 1578/1883/1718
f 1578/1883/1718 1579/1921/1747 1576/1881/1716
f 1583/1917/1745 1581/1919/1746 1580/1885/1720
f 1580/1885/1720 1581/1919/1746 1578/1883/1718
f 1585/1915/1744 1583/1917/1745 1582/1887/1722
f 1582/1887/1722 1583/1917/1745 1580/1885/1720
f 1587/1913/1743 1585/1915/1744 1584/1889/1724
f 1584/1889/1724 1585/1915/1744 1582/1887/1722
f 1589/1911/1742 1587/1913/1743 1586/1891/1726
f 1586/1891/1726 1587/1913/1743 1584/1889/1724
f 1591/1909/1741 1589/1911/1742 1588/1893/1728
f 1588/1893/1728 1589/1911/1742 1586/1891/1726
f 1593/1907/1740 1591/1909/1741 1590/1895/1730
f 1590/1895/1730 1591/1909/1741 1588/1893/1728
f 1595/1905/1739 1593/1907/1740 1592/1897/1732
f 1592/1897/1732 1593/1907/1740 1590/1895/1730
f 1597/1903/1738 1595/1905/1739 1594/1899/1734
f 1594/1899/1734 1595/1905/1739 1592/1897/1732
f 1599/1854/1691 1597/1903/1738 1596/1901/1736
f 1596/1901/1736 1597/1903/1738 1594/1899/1734
f 1598/1852/1689 1599/1854/1691 1596/1901/1736
f 1601/1953/1762 1627/1954/1763 1600/1955/1764
f 1600/1955/1764 1627/1954/1763 1630/1956/1765
f 1600/1955/1764 1630/1956/1765 1675/1957/1766
f 1675/1957/1766 1630/1956/1765 1629/1958/1767
f 1675/1957/1766 1629/1958/1767 1676/1959/1768
f 1676/1959/1768 1629/1958/1767 457/1960/487
f 1676/1959/1768 457/1960/487 482/1961/489
f 1627/1954/1763 1601/1953/1762 1631/1962/1769
f 1631/1962/1769 1601/1953/1762 1602/1963/1770
f 1631/1962/1769 1602/1963/1770 1633/1964/1771
f 1633/1964/1771 1602/1963/1770 1603/1965/1772
f 1633/1964/1771 1603/1965/1772 1635/1966/1773
f 1635/1966/1773 1603/1965/1772 1604/1967/1774
f 1635/1966/1773 1604/1967/1774 1637/1968/1775
f 1637/1968/1775 1604/1967/1774 1605/1969/1776
f 1637/1968/1775 1605/1969/1776 1639/1970/1777
f 1639/1970/1777 1605/1969/1776 1606/1971/1778
f 1639/1970/1777 1606/1971/1778 1641/1972/1779
f 1641/1972/1779 1606/1971/1778 1607/1973/1780
f 1641/1972/1779 1607/1973/1780 1643/1974/1781
f 1643/1974/1781 1607/1973/1780 1608/1975/1782
f 1643/1974/1781 1608/1975/1782 1645/1976/1783
f 1645/1976/1783 1608/1975/1782 1609/1977/1784
f 1645/1976/1783 1609/1977/1784 1647/1978/1785
f 1647/1978/1785 1609/1977/1784 1610/1979/1786
f 1647/1978/1785 1610/1979/1786 1649/1980/1787
f 1649/1980/1787 1610/1979/1786 1611/1981/1788
f 1649/1980/1787 1611/1981/1788 1651/1982/1789
f 1651/1982/1789 1611/1981/1788 1612/1983/1790
f 1651/1982/1789 1612/1983/1790 1625/1984/1791
f 1625/1985/1791 1612/1986/1790 1613/1987/1792
f 1625/1985/1791 1613/1987/1792 1653/1988/1793
f 1653/1988/1793 1613/1987/1792 1614/1989/1794
f 1653/1988/1793 1614/1989/1794 1655/1990/1795
f 1655/1990/1795 1614/1989/1794 1615/1991/1796
f 1655/1990/1795 1615/1991/1796 1657/1992/1797
f 1657/1992/1797 1615/1991/1796 1616/1993/1798
f 1657/1992/1797 1616/1993/1798 1659/1994/1799
f 1659/1994/1799 1616/1993/1798 1617/1995/1800
f 1659/1994/1799 1617/1995/1800 1661/1996/1801
f 1661/1996/1801 1617/1995/1800 1618/1997/1802
f 1661/1996/1801 1618/1997/1802 1663/1998/1803
f 1663/1998/1803 1618/1997/1802 1619/1999/1804
f 1663/1998/1803 1619/1999/1804 1665/2000/1805
f 1665/2000/1805 1619/1999/1804 1620/2001/1806
f 1665/2000/1805 1620/2001/1806 1667/2002/1807
f 1667/2002/1807 1620/2001/1806 1621/2003/1808
f 1667/2002/1807 1621/2003/1808 1669/2004/1809
f 1669/2004/1809 1621/2003/1808 1622/2005/1810
f 1669/2004/1809 1622/2005/1810 1671/2006/1811
f 1671/2006/1811 1622/2005/1810 1623/2007/1812
f 1671/2006/1811 1623/2007/1812 1673/2008/1813
f 1673/2008/1813 1623/2007/1812 1624/2009/1814
f 1673/2008/1813 1624/2009/1814 1675/1957/1766
f 1675/1957/1766 1624/2009/1814 1600/1955/1764
f 1676/1959/1768 482/1961/489 1674/2010/1815
f 1674/2010/1815 482/1961/489 481/2011/490
f 1674/2010/1815 481/2011/490 1672/2012/1816
f 1672/2012/1816 481/2011/490 480/2013/524
f 1672/2012/1816 480/2013/524 1670/2014/1817
f 1670/2014/1817 480/2013/524 479/2015/523
f 1670/2014/1817 479/2015/523 1668/2016/1818
f 1668/2016/1818 479/2015/523 478/2017/522
f 1668/2016/1818 478/2017/522 1666/2018/1819
f 1666/2018/1819 478/2017/522 477/2019/519
f 1666/2018/1819 477/2019/519 1664/2020/1820
f 1664/2020/1820 477/2019/519 476/2021/517
f 1664/2020/1820 476/2021/517 1662/2022/1821
f 1662/2022/1821 476/2021/517 475/2023/515
f 1662/2022/1821 475/2023/515 1660/2024/1822
f 1660/2024/1822 475/2023/515 474/2025/514
f 1660/2024/1822 474/2025/514 1658/2026/1823
f 1658/2026/1823 474/2025/514 473/2027/513
f 1658/2026/1823 473/2027/513 1656/2028/1824
f 1656/2028/1824 473/2027/513 472/2029/512
f 1656/2028/1824 472/2029/512 1654/2030/1825
f 1654/2030/1825 472/2029/512 471/2031/510
f 1654/2030/1825 471/2031/510 1626/2032/1826
f 1626/2032/1826 471/2031/510 470/2033/508
f 1626/2034/1826 470/2035/508 1652/2036/1827
f 1652/2036/1827 470/2035/508 469/2037/506
f 1652/2036/1827 469/2037/506 1650/2038/1828
f 1650/2038/1828 469/2037/506 468/2039/504
f 1650/2038/1828 468/2039/504 1648/2040/1829
f 1648/2040/1829 468/2039/504 467/2041/503
f 1648/2040/1829 467/2041/503 1646/2042/1830
f 1646/2042/1830 467/2041/503 466/2043/502
f 1646/2042/1830 466/2043/502 1644/2044/1831
f 1644/2044/1831 466/2043/502 465/2045/501
f 1644/2044/1831 465/2045/501 1642/2046/1832
f 1642/2046/1832 465/2045/501 464/2047/498
f 1642/2046/1832 464/2047/498 1640/2048/1833
f 1640/2048/1833 464/2047/498 463/2049/496
f 1640/2048/1833 463/2049/496 1638/2050/1834
f 1638/2050/1834 463/2049/496 462/2051/494
f 1638/2050/1834 462/2051/494 1636/2052/1835
f 1636/2052/1835 462/2051/494 461/2053/493
f 1636/2052/1835 461/2053/493 1634/2054/1836
f 1634/2054/1836 461/2053/493 460/2055/492
f 1634/2054/1836 460/2055/492 1632/2056/1837
f 1632/2056/1837 460/2055/492 459/2057/491
f 1632/2056/1837 459/2057/491 1628/2058/1838
f 1628/2058/1838 459/2057/491 458/2059/485
f 1628/2058/1838 458/2059/485 1629/1958/1767
f 1629/1958/1767 458/2059/485 457/1960/487
f 1625/1984/1791 1626/2034/1826 1651/1982/1789
f 1651/1982/1789 1626/2034/1826 1652/2036/1827
f 1651/1982/1789 1652/2036/1827 1649/1980/1787
f 1649/1980/1787 1652/2036/1827 1650/2038/1828
f 1649/1980/1787 1650/2038/1828 1647/1978/1785
f 1647/1978/1785 1650/2038/1828 1648/2040/1829
f 1647/1978/1785 1648/2040/1829 1645/1976/1783
f 1645/1976/1783 1648/2040/1829 1646/2042/1830
f 1645/1976/1783 1646/2042/1830 1643/1974/1781
f 1643/1974/1781 1646/2042/1830 1644/2044/1831
f 1643/1974/1781 1644/2044/1831 1641/1972/1779
f 1641/1972/1779 1644/2044/1831 1642/2046/1832
f 1641/1972/1779 1642/2046/1832 1639/1970/1777
f 1639/1970/1777 1642/2046/1832 1640/2048/1833
f 1639/1970/1777 1640/2048/1833 1637/1968/1775
f 1637/1968/1775 1640/2048/1833 1638/2050/1834
f 1637/1968/1775 1638/2050/1834 1635/1966/1773
f 1635/1966/1773 1638/2050/1834 1636/2052/1835
f 1635/1966/1773 1636/2052/1835 1633/1964/1771
f 1633/1964/1771 1636/2052/1835 1634/2054/1836
f 1633/1964/1771 1634/2054/1836 1631/1962/1769
f 1631/1962/1769 1634/2054/1836 1632/2056/1837
f 1631/1962/1769 1632/2056/1837 1627/1954/1763
f 1627/1954/1763 1632/2056/1837 1628/2058/1838
f 1627/1954/1763 1628/2058/1838 1630/1956/1765
f 1630/1956/1765 1628/2058/1838 1629/1958/1767
f 1626/2032/1826 1625/1985/1791 1654/2030/1825
f 1654/2030/1825 1625/1985/1791 1653/1988/1793
f 1654/2030/1825 1653/1988/1793 1656/2028/1824
f 1656/2028/1824 1653/1988/1793 1655/1990/1795
f 1656/2028/1824 1655/1990/1795 1658/2026/1823
f 1658/2026/1823 1655/1990/1795 1657/1992/1797
f 1658/2026/1823 1657/1992/1797 1660/2024/1822
f 1660/2024/1822 1657/1992/1797 1659/1994/1799
f 1660/2024/1822 1659/1994/1799 1662/2022/1821
f 1662/2022/1821 1659/1994/1799 1661/1996/1801
f 1662/2022/1821 1661/1996/1801 1664/2020/1820
f 1664/2020/1820 1661/1996/1801 1663/1998/1803
f 1664/2020/1820 1663/1998/1803 1666/2018/1819
f 1666/2018/1819 1663/1998/1803 1665/2000/1805
f 1666/2018/1819 1665/2000/1805 1668/2016/1818
f 1668/2016/1818 1665/2000/1805 1667/2002/1807
f 1668/2016/1818 1667/2002/1807 1670/2014/1817
f 1670/2014/1817 1667/2002/1807 1669/2004/1809
f 1670/2014/1817 1669/2004/1809 1672/2012/1816
f 1672/2012/1816 1669/2004/1809 1671/2006/1811
f 1672/2012/1816 1671/2006/1811 1674/2010/1815
f 1674/2010/1815 1671/2006/1811 1673/2008/1813
f 1674/2010/1815 1673/2008/1813 1676/1959/1768
f 1676/1959/1768 1673/2008/1813 1675/1957/1766
f 1678/2060/1839 1703/2061/1840 1677/2062/1841
f 1677/2062/1841 1703/2061/1840 1701/2063/1842
f 1677/2064/1841 1701/2065/1842 1700/2066/1843
f 1700/2066/1843 1701/2065/1842 1747/2067/1844
f 1700/2066/1843 1747/2067/1844 1699/2068/1845
f 1699/2068/1845 1747/2067/1844 1745/2069/1846
f 1699/2068/1845 1745/2069/1846 1698/2070/1847
f 1698/2070/1847 1745/2069/1846 1743/2071/1848
f 1698/2070/1847 1743/2071/1848 1697/2072/1849
f 1697/2072/1849 1743/2071/1848 1741/2073/1850
f 1697/2072/1849 1741/2073/1850 1696/2074/1851
f 1696/2074/1851 1741/2073/1850 1739/2075/1852
f 1696/2074/1851 1739/2075/1852 1695/2076/1853
f 1695/2076/1853 1739/2075/1852 1737/2077/1854
f 1695/2076/1853 1737/2077/1854 1694/2078/1855
f 1694/2078/1855 1737/2077/1854 1735/2079/1856
f 1694/2078/1855 1735/2079/1856 1693/2080/1857
f 1693/2080/1857 1735/2079/1856 1733/2081/1858
f 1693/2080/1857 1733/2081/1858 1692/2082/1859
f 1692/2082/1859 1733/2081/1858 1731/2083/1860
f 1692/2082/1859 1731/2083/1860 1691/2084/1861
f 1691/2084/1861 1731/2083/1860 1729/2085/1862
f 1691/2084/1861 1729/2085/1862 1690/2086/1863
f 1690/2086/1863 1729/2085/1862 1727/2087/1864
f 1690/2086/1863 1727/2087/1864 1689/2088/1865
f 1689/2088/1865 1727/2087/1864 1725/2089/1866
f 1689/2088/1865 1725/2089/1866 1688/2090/1867
f 1688/2090/1867 1725/2089/1866 1723/2091/1868
f 1688/2090/1867 1723/2091/1868 1687/2092/1869
f 1687/2092/1869 1723/2091/1868 1721/2093/1870
f 1687/2092/1869 1721/2093/1870 1686/2094/1871
f 1686/2094/1871 1721/2093/1870 1719/2095/1872
f 1686/2094/1871 1719/2095/1872 1685/2096/1873
f 1685/2096/1873 1719/2095/1872 1717/2097/1874
f 1685/2096/1873 1717/2097/1874 1684/2098/1875
f 1684/2098/1875 1717/2097/1874 1715/2099/1876
f 1684/2098/1875 1715/2099/1876 1683/2100/1877
f 1683/2100/1877 1715/2099/1876 1713/2101/1878
f 1683/2100/1877 1713/2101/1878 1682/2102/1879
f 1682/2102/1879 1713/2101/1878 1711/2103/1880
f 1682/2102/1879 1711/2103/1880 1681/2104/1881
f 1681/2104/1881 1711/2103/1880 1709/2105/1882
f 1681/2104/1881 1709/2105/1882 1680/2106/1883
f 1680/2106/1883 1709/2105/1882 1707/2107/1884
f 1680/2106/1883 1707/2107/1884 1679/2108/1885
f 1679/2108/1885 1707/2107/1884 1705/2109/1886
f 1679/2108/1885 1705/2109/1886 1678/2060/1839
f 1678/2060/1839 1705/2109/1886 1703/2061/1840
f 1522/2110/1887 1748/2111/1888 1499/2112/1889
f 1499/2112/1889 1748/2111/1888 1702/2113/1890
f 1499/2114/1889 1702/2115/1890 1500/2116/1891
f 1500/2116/1891 1702/2115/1890 1704/2117/1892
f 1500/2116/1891 1704/2117/1892 1501/2118/1893
f 1501/2118/1893 1704/2117/1892 1706/2119/1894
f 1501/2118/1893 1706/2119/1894 1502/2120/1895
f 1502/2120/1895 1706/2119/1894 1708/2121/1896
f 1502/2120/1895 1708/2121/1896 1503/2122/1897
f 1503/2122/1897 1708/2121/1896 1710/2123/1898
f 1503/2122/1897 1710/2123/1898 1504/2124/1899
f 1504/2124/1899 1710/2123/1898 1712/2125/1900
f 1504/2124/1899 1712/2125/1900 1505/2126/1901
f 1505/2126/1901 1712/2125/1900 1714/2127/1902
f 1505/2126/1901 1714/2127/1902 1506/2128/1903
f 1506/2128/1903 1714/2127/1902 1716/2129/1904
f 1506/2128/1903 1716/2129/1904 1507/2130/1905
f 1507/2130/1905 1716/2129/1904 1718/2131/1906
f 1507/2130/1905 1718/2131/1906 1508/2132/1907
f 1508/2132/1907 1718/2131/1906 1720/2133/1908
f 1508/2132/1907 1720/2133/1908 1509/2134/1909
f 1509/2134/1909 1720/2133/1908 1722/2135/1910
f 1509/2134/1909 1722/2135/1910 1510/2136/1911
f 1510/2136/1911 1722/2135/1910 1724/2137/1912
f 1510/2136/1911 1724/2137/1912 1511/2138/1913
f 1511/2138/1913 1724/2137/1912 1726/2139/1914
f 1511/2138/1913 1726/2139/1914 1512/2140/1915
f 1512/2140/1915 1726/2139/1914 1728/2141/1916
f 1512/2140/1915 1728/2141/1916 1513/2142/1917
f 1513/2142/1917 1728/2141/1916 1730/2143/1918
f 1513/2142/1917 1730/2143/1918 1514/2144/1919
f 1514/2144/1919 1730/2143/1918 1732/2145/1920
f 1514/2144/1919 1732/2145/1920 1515/2146/1921
f 1515/2146/1921 1732/2145/1920 1734/2147/1922
f 1515/2146/1921 1734/2147/1922 1516/2148/1923
f 1516/2148/1923 1734/2147/1922 1736/2149/1924
f 1516/2148/1923 1736/2149/1924 1517/2150/1925
f 1517/2150/1925 1736/2149/1924 1738/2151/1926
f 1517/2150/1925 1738/2151/1926 1518/2152/1927
f 1518/2152/1927 1738/2151/1926 1740/2153/1928
f 1518/2152/1927 1740/2153/1928 1519/2154/1929
f 1519/2154/1929 1740/2153/1928 1742/2155/1930
f 1519/2154/1929 1742/2155/1930 1520/2156/1931
f 1520/2156/1931 1742/2155/1930 1744/2157/1932
f 1520/2156/1931 1744/2157/1932 1521/2158/1933
f 1521/2158/1933 1744/2157/1932 1746/2159/1934
f 1521/2158/1933 1746/2159/1934 1522/2110/1887
f 1522/2110/1887 1746/2159/1934 1748/2111/1888
f 1701/2065/1842 1702/2113/1890 1747/2067/1844
f 1747/2067/1844 1702/2113/1890 1748/2111/1888
f 1747/2067/1844 1748/2111/1888 1745/2069/1846
f 1745/2069/1846 1748/2111/1888 1746/2159/1934
f 1745/2069/1846 1746/2159/1934 1743/2071/1848
f 1743/2071/1848 1746/2159/1934 1744/2157/1932
f 1743/2071/1848 1744/2157/1932 1741/2073/1850
f 1741/2073/1850 1744/2157/1932 1742/2155/1930
f 1741/2073/1850 1742/2155/1930 1739/2075/1852
f 1739/2075/1852 1742/2155/1930 1740/2153/1928
f 1739/2075/1852 1740/2153/1928 1737/2077/1854
f 1737/2077/1854 1740/2153/1928 1738/2151/1926
f 1737/2077/1854 1738/2151/1926 1735/2079/1856
f 1735/2079/1856 1738/2151/1926 1736/2149/1924
f 1735/2079/1856 1736/2149/1924 1733/2081/1858
f 1733/2081/1858 1736/2149/1924 1734/2147/1922
f 1733/2081/1858 1734/2147/1922 1731/2083/1860
f 1731/2083/1860 1734/2147/1922 1732/2145/1920
f 1731/2083/1860 1732/2145/1920 1729/2085/1862
f 1729/2085/1862 1732/2145/1920 1730/2143/1918
f 1729/2085/1862 1730/2143/1918 1727/2087/1864
f 1727/2087/1864 1730/2143/1918 1728/2141/1916
f 1727/2087/1864 1728/2141/1916 1725/2089/1866
f 1725/2089/1866 1728/2141/1916 1726/2139/1914
f 1725/2089/1866 1726/2139/1914 1723/2091/1868
f 1723/2091/1868 1726/2139/1914 1724/2137/1912
f 1723/2091/1868 1724/2137/1912 1721/2093/1870
f 1721/2093/1870 1724/2137/1912 1722/2135/1910
f 1721/2093/1870 1722/2135/1910 1719/2095/1872
f 1719/2095/1872 1722/2135/1910 1720/2133/1908
f 1719/2095/1872 1720/2133/1908 1717/2097/1874
f 1717/2097/1874 1720/2133/1908 1718/2131/1906
f 1717/2097/1874 1718/2131/1906 1715/2099/1876
f 1715/2099/1876 1718/2131/1906 1716/2129/1904
f 1715/2099/1876 1716/2129/1904 1713/2101/1878
f 1713/2101/1878 1716/2129/1904 1714/2127/1902
f 1713/2101/1878 1714/2127/1902 1711/2103/1880
f 1711/2103/1880 1714/2127/1902 1712/2125/1900
f 1711/2103/1880 1712/2125/1900 1709/2105/1882
f 1709/2105/1882 1712/2125/1900 1710/2123/1898
f 1709/2105/1882 1710/2123/1898 1707/2107/1884
f 1707/2107/1884 1710/2123/1898 1708/2121/1896
f 1707/2107/1884 1708/2121/1896 1705/2109/1886
f 1705/2109/1886 1708/2121/1896 1706/2119/1894
f 1705/2109/1886 1706/2119/1894 1703/2061/1840
f 1703/2061/1840 1706/2119/1894 1704/2117/1892
f 1703/2061/1840 1704/2117/1892 1701/2063/1842
f 1701/2063/1842 1704/2117/1892 1702/2115/1890
f 1700/2160/1935 1690/2161/1936 1677/2162/1937
f 1677/2162/1937 1690/2161/1936 1689/2163/1938
f 1677/2162/1937 1689/2163/1938 1678/2164/1939
f 1678/2164/1939 1689/2163/1938 1688/2165/1940
f 1678/2164/1939 1688/2165/1940 1679/2166/1941
f 1679/2166/1941 1688/2165/1940 1687/2167/1942
f 1679/2166/1941 1687/2167/1942 1680/2168/1943
f 1680/2168/1943 1687/2167/1942 1686/2169/1944
f 1680/2168/1943 1686/2169/1944 1681/2170/1945
f 1681/2170/1945 1686/2169/1944 1685/2171/1946
f 1681/2170/1945 1685/2171/1946 1682/2172/1947
f 1682/2172/1947 1685/2171/1946 1684/2173/1948
f 1682/2172/1947 1684/2173/1948 1683/2174/1949
f 1690/2161/1936 1700/2160/1935 1691/2175/1950
f 1691/2175/1950 1700/2160/1935 1699/2176/1951
f 1691/2175/1950 1699/2176/1951 1692/2177/1952
f 1692/2177/1952 1699/2176/1951 1698/2178/1953
f 1692/2177/1952 1698/2178/1953 1693/2179/1954
f 1693/2179/1954 1698/2178/1953 1697/2180/1955
f 1693/2179/1954 1697/2180/1955 1694/2181/1956
f 1694/2181/1956 1697/2180/1955 1696/2182/1957
f 1694/2181/1956 1696/2182/1957 1695/2183/1958
f 1624/2184/1814 1808/2185/1959 1600/2186/1764
f 1600/2186/1764 1808/2185/1959 1828/2187/1960
f 1600/2186/1764 1828/2187/1960 1810/2188/1961
f 1810/2188/1961 1828/2187/1960 1827/2189/1962
f 1810/2188/1961 1827/2189/1962 1889/2190/1963
f 1889/2190/1963 1827/2189/1962 1770/2191/1964
f 1889/2190/1963 1770/2191/1964 1771/2192/1965
f 1771/2193/1965 1770/2194/1964 1890/2195/1966
f 1771/2193/1965 1890/2195/1966 1895/2196/1967
f 1895/2196/1967 1890/2195/1966 1811/2197/1968
f 1895/2196/1967 1811/2197/1968 1896/2198/1969
f 1896/2198/1969 1811/2197/1968 1547/2199/1737
f 1896/2198/1969 1547/2199/1737 1893/2200/1970
f 1893/2200/1970 1547/2199/1737 1546/2201/1735
f 1893/2200/1970 1546/2201/1735 1813/2202/1971
f 1813/2202/1971 1546/2201/1735 1545/2203/1733
f 1813/2202/1971 1545/2203/1733 1900/2204/1972
f 1900/2204/1972 1545/2203/1733 1815/2205/1973
f 1900/2204/1972 1815/2205/1973 1898/2206/1974
f 1898/2206/1974 1815/2205/1973 1903/2207/1975
f 1898/2206/1974 1903/2207/1975 1776/2208/1976
f 1776/2208/1976 1903/2207/1975 1777/2209/1977
f 1776/2210/1976 1777/2211/1977 1878/2212/1978
f 1878/2212/1978 1777/2211/1977 1879/2213/1979
f 1878/2212/1978 1879/2213/1979 1880/2214/1980
f 1880/2214/1980 1879/2213/1979 1816/2215/1981
f 1880/2214/1980 1816/2215/1981 1605/2216/1776
f 1605/2216/1776 1816/2215/1981 1606/2217/1778
f 1606/2217/1778 1816/2215/1981 1872/2218/1982
f 1606/2217/1778 1872/2218/1982 1607/2219/1780
f 1607/2219/1780 1872/2218/1982 1875/2220/1983
f 1607/2219/1780 1875/2220/1983 1818/2221/1984
f 1818/2221/1984 1875/2220/1983 1874/2222/1985
f 1818/2221/1984 1874/2222/1985 1869/2223/1986
f 1869/2223/1986 1874/2222/1985 1781/2224/1987
f 1869/2223/1986 1781/2224/1987 1782/2225/1988
f 1782/2226/1988 1781/2227/1987 1910/2228/1989
f 1782/2226/1988 1910/2228/1989 1912/2229/1990
f 1912/2229/1990 1910/2228/1989 1819/2230/1991
f 1912/2229/1990 1819/2230/1991 1913/2231/1992
f 1913/2231/1992 1819/2230/1991 1540/2232/1723
f 1913/2231/1992 1540/2232/1723 1821/2233/1993
f 1821/2233/1993 1540/2232/1723 1539/2234/1721
f 1821/2233/1993 1539/2234/1721 1917/2235/1994
f 1917/2235/1994 1539/2234/1721 1914/2236/1995
f 1917/2235/1994 1914/2236/1995 1915/2237/1996
f 1915/2237/1996 1914/2236/1995 1918/2238/1997
f 1915/2237/1996 1918/2238/1997 1786/2239/1998
f 1786/2239/1998 1918/2238/1997 1787/2240/1999
f 1786/2241/1998 1787/2242/1999 1861/2243/2000
f 1861/2243/2000 1787/2242/1999 1862/2244/2001
f 1861/2243/2000 1862/2244/2001 1863/2245/2002
f 1863/2245/2002 1862/2244/2001 1824/2246/2003
f 1863/2245/2002 1824/2246/2003 1611/2247/1788
f 1611/2247/1788 1824/2246/2003 1612/2248/1790
f 1612/2248/1790 1824/2246/2003 1790/2249/2004
f 1612/2248/1790 1790/2249/2004 1613/2250/1792
f 1613/2251/1792 1790/2252/2004 1859/2253/2005
f 1613/2251/1792 1859/2253/2005 1794/2254/2006
f 1794/2254/2006 1859/2253/2005 1858/2255/2007
f 1794/2254/2006 1858/2255/2007 1855/2256/2008
f 1855/2256/2008 1858/2255/2007 1750/2257/2009
f 1855/2256/2008 1750/2257/2009 1751/2258/2010
f 1751/2259/2010 1750/2260/2009 1924/2261/2011
f 1751/2259/2010 1924/2261/2011 1926/2262/2012
f 1926/2262/2012 1924/2261/2011 1795/2263/2013
f 1926/2262/2012 1795/2263/2013 1927/2264/2014
f 1927/2264/2014 1795/2263/2013 1534/2265/1711
f 1927/2264/2014 1534/2265/1711 1797/2266/2015
f 1797/2266/2015 1534/2265/1711 1533/2267/1709
f 1797/2266/2015 1533/2267/1709 1931/2268/2016
f 1931/2268/2016 1533/2267/1709 1928/2269/2017
f 1931/2268/2016 1928/2269/2017 1929/2270/2018
f 1929/2270/2018 1928/2269/2017 1932/2271/2019
f 1929/2270/2018 1932/2271/2019 1755/2272/2020
f 1755/2272/2020 1932/2271/2019 1756/2273/2021
f 1755/2274/2020 1756/2275/2021 1847/2276/2022
f 1847/2276/2022 1756/2275/2021 1848/2277/2023
f 1847/2276/2022 1848/2277/2023 1849/2278/2024
f 1849/2278/2024 1848/2277/2023 1800/2279/2025
f 1849/2278/2024 1800/2279/2025 1617/2280/1800
f 1617/2280/1800 1800/2279/2025 1618/2281/1802
f 1618/2281/1802 1800/2279/2025 1842/2282/2026
f 1618/2281/1802 1842/2282/2026 1619/2283/1804
f 1619/2283/1804 1842/2282/2026 1845/2284/2027
f 1619/2283/1804 1845/2284/2027 1802/2285/2028
f 1802/2285/2028 1845/2284/2027 1844/2286/2029
f 1802/2285/2028 1844/2286/2029 1841/2287/2030
f 1841/2287/2030 1844/2286/2029 1760/2288/2031
f 1841/2287/2030 1760/2288/2031 1761/2289/2032
f 1761/2290/2032 1760/2291/2031 1940/2292/2033
f 1761/2290/2032 1940/2292/2033 1943/2293/2034
f 1943/2293/2034 1940/2292/2033 1803/2294/2035
f 1943/2293/2034 1803/2294/2035 1944/2295/2036
f 1944/2295/2036 1803/2294/2035 1528/2296/1699
f 1944/2295/2036 1528/2296/1699 1941/2297/2037
f 1941/2297/2037 1528/2296/1699 1527/2298/1697
f 1941/2297/2037 1527/2298/1697 1805/2299/2038
f 1805/2299/2038 1527/2298/1697 1526/2300/1695
f 1805/2299/2038 1526/2300/1695 1948/2301/2039
f 1948/2301/2039 1526/2300/1695 1807/2302/2040
f 1948/2301/2039 1807/2302/2040 1946/2303/2041
f 1946/2303/2041 1807/2302/2040 1951/2304/2042
f 1946/2303/2041 1951/2304/2042 1766/2305/2043
f 1766/2305/2043 1951/2304/2042 1767/2306/2044
f 1766/2307/2043 1767/2308/2044 1830/2309/2045
f 1830/2309/2045 1767/2308/2044 1831/2310/2046
f 1830/2309/2045 1831/2310/2046 1832/2311/2047
f 1832/2311/2047 1831/2310/2046 1808/2185/1959
f 1832/2311/2047 1808/2185/1959 1624/2184/1814
f 1832/2311/2047 1624/2184/1814 1829/2312/2048
f 1829/2312/2048 1624/2184/1814 1623/2313/1812
f 1829/2312/2048 1623/2313/1812 1806/2314/2049
f 1806/2314/2049 1623/2313/1812 1622/2315/1810
f 1806/2314/2049 1622/2315/1810 1836/2316/2050
f 1836/2316/2050 1622/2315/1810 1804/2317/2051
f 1836/2316/2050 1804/2317/2051 1834/2318/2052
f 1834/2318/2052 1804/2317/2051 1839/2319/2053
f 1834/2318/2052 1839/2319/2053 1763/2320/2054
f 1763/2320/2054 1839/2319/2053 1762/2321/2055
f 1763/2322/2054 1762/2323/2055 1942/2324/2056
f 1942/2324/2056 1762/2323/2055 1943/2293/2034
f 1942/2324/2056 1943/2293/2034 1944/2295/2036
f 1622/2315/1810 1621/2325/1808 1804/2317/2051
f 1804/2317/2051 1621/2325/1808 1840/2326/2057
f 1804/2317/2051 1840/2326/2057 1839/2319/2053
f 1839/2319/2053 1840/2326/2057 1838/2327/2058
f 1839/2319/2053 1838/2327/2058 1762/2321/2055
f 1762/2321/2055 1838/2327/2058 1761/2289/2032
f 1762/2323/2055 1761/2290/2032 1943/2293/2034
f 1840/2326/2057 1621/2325/1808 1837/2328/2059
f 1837/2328/2059 1621/2325/1808 1620/2329/1806
f 1837/2328/2059 1620/2329/1806 1802/2285/2028
f 1802/2285/2028 1620/2329/1806 1619/2283/1804
f 1849/2278/2024 1617/2280/1800 1798/2330/2060
f 1798/2330/2060 1617/2280/1800 1616/2331/1798
f 1798/2330/2060 1616/2331/1798 1853/2332/2061
f 1853/2332/2061 1616/2331/1798 1850/2333/2062
f 1853/2332/2061 1850/2333/2062 1851/2334/2063
f 1851/2334/2063 1850/2333/2062 1854/2335/2064
f 1851/2334/2063 1854/2335/2064 1753/2336/2065
f 1753/2336/2065 1854/2335/2064 1752/2337/2066
f 1753/2338/2065 1752/2339/2066 1925/2340/2067
f 1925/2340/2067 1752/2339/2066 1926/2262/2012
f 1925/2340/2067 1926/2262/2012 1927/2264/2014
f 1616/2331/1798 1615/2341/1796 1850/2333/2062
f 1850/2333/2062 1615/2341/1796 1796/2342/2068
f 1850/2333/2062 1796/2342/2068 1854/2335/2064
f 1854/2335/2064 1796/2342/2068 1856/2343/2069
f 1854/2335/2064 1856/2343/2069 1752/2337/2066
f 1752/2337/2066 1856/2343/2069 1751/2258/2010
f 1752/2339/2066 1751/2259/2010 1926/2262/2012
f 1615/2341/1796 1614/2344/1794 1796/2342/2068
f 1796/2342/2068 1614/2344/1794 1857/2345/2070
f 1796/2342/2068 1857/2345/2070 1856/2343/2069
f 1856/2343/2069 1857/2345/2070 1855/2256/2008
f 1856/2343/2069 1855/2256/2008 1751/2258/2010
f 1857/2345/2070 1614/2344/1794 1794/2254/2006
f 1794/2254/2006 1614/2344/1794 1613/2251/1792
f 1863/2245/2002 1611/2247/1788 1822/2346/2071
f 1822/2346/2071 1611/2247/1788 1610/2347/1786
f 1822/2346/2071 1610/2347/1786 1867/2348/2072
f 1867/2348/2072 1610/2347/1786 1864/2349/2073
f 1867/2348/2072 1864/2349/2073 1865/2350/2074
f 1865/2350/2074 1864/2349/2073 1868/2351/2075
f 1865/2350/2074 1868/2351/2075 1784/2352/2076
f 1784/2352/2076 1868/2351/2075 1783/2353/2077
f 1784/2354/2076 1783/2355/2077 1911/2356/2078
f 1911/2356/2078 1783/2355/2077 1912/2229/1990
f 1911/2356/2078 1912/2229/1990 1913/2231/1992
f 1610/2347/1786 1609/2357/1784 1864/2349/2073
f 1864/2349/2073 1609/2357/1784 1820/2358/2079
f 1864/2349/2073 1820/2358/2079 1868/2351/2075
f 1868/2351/2075 1820/2358/2079 1870/2359/2080
f 1868/2351/2075 1870/2359/2080 1783/2353/2077
f 1783/2353/2077 1870/2359/2080 1782/2225/1988
f 1783/2355/2077 1782/2226/1988 1912/2229/1990
f 1609/2357/1784 1608/2360/1782 1820/2358/2079
f 1820/2358/2079 1608/2360/1782 1871/2361/2081
f 1820/2358/2079 1871/2361/2081 1870/2359/2080
f 1870/2359/2080 1871/2361/2081 1869/2223/1986
f 1870/2359/2080 1869/2223/1986 1782/2225/1988
f 1871/2361/2081 1608/2360/1782 1818/2221/1984
f 1818/2221/1984 1608/2360/1782 1607/2219/1780
f 1880/2214/1980 1605/2216/1776 1877/2362/2082
f 1877/2362/2082 1605/2216/1776 1604/2363/1774
f 1877/2362/2082 1604/2363/1774 1814/2364/2083
f 1814/2364/2083 1604/2363/1774 1603/2365/1772
f 1814/2364/2083 1603/2365/1772 1884/2366/2084
f 1884/2366/2084 1603/2365/1772 1812/2367/2085
f 1884/2366/2084 1812/2367/2085 1882/2368/2086
f 1882/2368/2086 1812/2367/2085 1887/2369/2087
f 1882/2368/2086 1887/2369/2087 1773/2370/2088
f 1773/2370/2088 1887/2369/2087 1772/2371/2089
f 1773/2372/2088 1772/2373/2089 1894/2374/2090
f 1894/2374/2090 1772/2373/2089 1895/2196/1967
f 1894/2374/2090 1895/2196/1967 1896/2198/1969
f 1603/2365/1772 1602/2375/1770 1812/2367/2085
f 1812/2367/2085 1602/2375/1770 1888/2376/2091
f 1812/2367/2085 1888/2376/2091 1887/2369/2087
f 1887/2369/2087 1888/2376/2091 1886/2377/2092
f 1887/2369/2087 1886/2377/2092 1772/2371/2089
f 1772/2371/2089 1886/2377/2092 1771/2192/1965
f 1772/2373/2089 1771/2193/1965 1895/2196/1967
f 1888/2376/2091 1602/2375/1770 1885/2378/2093
f 1885/2378/2093 1602/2375/1770 1601/2379/1762
f 1885/2378/2093 1601/2379/1762 1810/2188/1961
f 1810/2188/1961 1601/2379/1762 1600/2186/1764
f 1547/2199/1737 1811/2197/1968 1523/2380/1687
f 1523/2380/1687 1811/2197/1968 1892/2381/2094
f 1523/2380/1687 1892/2381/2094 1809/2382/2095
f 1809/2382/2095 1892/2381/2094 1891/2383/2096
f 1809/2382/2095 1891/2383/2096 1953/2384/2097
f 1953/2384/2097 1891/2383/2096 1769/2385/2098
f 1953/2384/2097 1769/2385/2098 1768/2386/2099
f 1768/2387/2099 1769/2388/2098 1826/2389/2100
f 1768/2387/2099 1826/2389/2100 1831/2310/2046
f 1831/2310/2046 1826/2389/2100 1808/2185/1959
f 1545/2203/1733 1544/2390/1731 1815/2205/1973
f 1815/2205/1973 1544/2390/1731 1904/2391/2101
f 1815/2205/1973 1904/2391/2101 1903/2207/1975
f 1903/2207/1975 1904/2391/2101 1902/2392/2102
f 1903/2207/1975 1902/2392/2102 1777/2209/1977
f 1777/2209/1977 1902/2392/2102 1778/2393/2103
f 1777/2211/1977 1778/2394/2103 1879/2213/1979
f 1879/2213/1979 1778/2394/2103 1876/2395/2104
f 1879/2213/1979 1876/2395/2104 1816/2215/1981
f 1816/2215/1981 1876/2395/2104 1872/2218/1982
f 1904/2391/2101 1544/2390/1731 1901/2396/2105
f 1901/2396/2105 1544/2390/1731 1543/2397/1729
f 1901/2396/2105 1543/2397/1729 1817/2398/2106
f 1817/2398/2106 1543/2397/1729 1542/2399/1727
f 1817/2398/2106 1542/2399/1727 1909/2400/2107
f 1909/2400/2107 1542/2399/1727 1906/2401/2108
f 1909/2400/2107 1906/2401/2108 1907/2402/2109
f 1907/2402/2109 1906/2401/2108 1910/2228/1989
f 1907/2402/2109 1910/2228/1989 1781/2227/1987
f 1542/2399/1727 1541/2403/1725 1906/2401/2108
f 1906/2401/2108 1541/2403/1725 1819/2230/1991
f 1906/2401/2108 1819/2230/1991 1910/2228/1989
f 1541/2403/1725 1540/2232/1723 1819/2230/1991
f 1539/2234/1721 1538/2404/1719 1914/2236/1995
f 1914/2236/1995 1538/2404/1719 1823/2405/2110
f 1914/2236/1995 1823/2405/2110 1918/2238/1997
f 1918/2238/1997 1823/2405/2110 1920/2406/2111
f 1918/2238/1997 1920/2406/2111 1787/2240/1999
f 1787/2240/1999 1920/2406/2111 1788/2407/2112
f 1787/2242/1999 1788/2408/2112 1862/2244/2001
f 1862/2244/2001 1788/2408/2112 1860/2409/2113
f 1862/2244/2001 1860/2409/2113 1824/2246/2003
f 1824/2246/2003 1860/2409/2113 1790/2249/2004
f 1538/2404/1719 1537/2410/1717 1823/2405/2110
f 1823/2405/2110 1537/2410/1717 1921/2411/2114
f 1823/2405/2110 1921/2411/2114 1920/2406/2111
f 1920/2406/2111 1921/2411/2114 1919/2412/2115
f 1920/2406/2111 1919/2412/2115 1788/2407/2112
f 1788/2407/2112 1919/2412/2115 1789/2413/2116
f 1788/2408/2112 1789/2414/2116 1860/2409/2113
f 1860/2409/2113 1789/2414/2116 1791/2415/2117
f 1860/2409/2113 1791/2415/2117 1790/2249/2004
f 1790/2252/2004 1791/2416/2117 1859/2253/2005
f 1921/2411/2114 1537/2410/1717 1825/2417/2118
f 1825/2417/2118 1537/2410/1717 1536/2418/1715
f 1825/2417/2118 1536/2418/1715 1923/2419/2119
f 1923/2419/2119 1536/2418/1715 1792/2420/2120
f 1923/2419/2119 1792/2420/2120 1793/2421/2121
f 1793/2422/2121 1792/2423/2120 1924/2261/2011
f 1793/2422/2121 1924/2261/2011 1750/2260/2009
f 1536/2424/1715 1535/2425/1713 1792/2423/2120
f 1792/2423/2120 1535/2425/1713 1795/2263/2013
f 1792/2423/2120 1795/2263/2013 1924/2261/2011
f 1535/2425/1713 1534/2265/1711 1795/2263/2013
f 1533/2267/1709 1532/2426/1707 1928/2269/2017
f 1928/2269/2017 1532/2426/1707 1799/2427/2122
f 1928/2269/2017 1799/2427/2122 1932/2271/2019
f 1932/2271/2019 1799/2427/2122 1934/2428/2123
f 1932/2271/2019 1934/2428/2123 1756/2273/2021
f 1756/2273/2021 1934/2428/2123 1757/2429/2124
f 1756/2275/2021 1757/2430/2124 1848/2277/2023
f 1848/2277/2023 1757/2430/2124 1846/2431/2125
f 1848/2277/2023 1846/2431/2125 1800/2279/2025
f 1800/2279/2025 1846/2431/2125 1842/2282/2026
f 1532/2426/1707 1531/2432/1705 1799/2427/2122
f 1799/2427/2122 1531/2432/1705 1935/2433/2126
f 1799/2427/2122 1935/2433/2126 1934/2428/2123
f 1934/2428/2123 1935/2433/2126 1933/2434/2127
f 1934/2428/2123 1933/2434/2127 1757/2429/2124
f 1757/2429/2124 1933/2434/2127 1758/2435/2128
f 1757/2430/2124 1758/2436/2128 1846/2431/2125
f 1846/2431/2125 1758/2436/2128 1843/2437/2129
f 1846/2431/2125 1843/2437/2129 1842/2282/2026
f 1842/2282/2026 1843/2437/2129 1845/2284/2027
f 1935/2433/2126 1531/2432/1705 1801/2438/2130
f 1801/2438/2130 1531/2432/1705 1530/2439/1703
f 1801/2438/2130 1530/2439/1703 1939/2440/2131
f 1939/2440/2131 1530/2439/1703 1936/2441/2132
f 1939/2440/2131 1936/2441/2132 1937/2442/2133
f 1937/2442/2133 1936/2441/2132 1940/2292/2033
f 1937/2442/2133 1940/2292/2033 1760/2291/2031
f 1530/2439/1703 1529/2443/1701 1936/2441/2132
f 1936/2441/2132 1529/2443/1701 1803/2294/2035
f 1936/2441/2132 1803/2294/2035 1940/2292/2033
f 1529/2443/1701 1528/2296/1699 1803/2294/2035
f 1526/2300/1695 1525/2444/1693 1807/2302/2040
f 1807/2302/2040 1525/2444/1693 1952/2445/2134
f 1807/2302/2040 1952/2445/2134 1951/2304/2042
f 1951/2304/2042 1952/2445/2134 1950/2446/2135
f 1951/2304/2042 1950/2446/2135 1767/2306/2044
f 1767/2306/2044 1950/2446/2135 1768/2386/2099
f 1767/2308/2044 1768/2387/2099 1831/2310/2046
f 1952/2445/2134 1525/2444/1693 1949/2447/2136
f 1949/2447/2136 1525/2444/1693 1524/2448/1685
f 1949/2447/2136 1524/2448/1685 1809/2382/2095
f 1809/2382/2095 1524/2448/1685 1523/2380/1687
f 1791/2415/2117 1789/2414/2116 1749/2449/2137
f 1749/2450/2137 1789/2413/2116 1922/2451/2138
f 1749/2450/2137 1922/2451/2138 1793/2421/2121
f 1793/2421/2121 1922/2451/2138 1923/2419/2119
f 1793/2422/2121 1750/2260/2009 1749/2452/2137
f 1749/2453/2137 1750/2257/2009 1858/2255/2007
f 1749/2453/2137 1858/2255/2007 1791/2416/2117
f 1791/2416/2117 1858/2255/2007 1859/2253/2005
f 1753/2336/2065 1754/2454/2139 1851/2334/2063
f 1851/2334/2063 1754/2454/2139 1852/2455/2140
f 1851/2334/2063 1852/2455/2140 1853/2332/2061
f 1853/2332/2061 1852/2455/2140 1798/2330/2060
f 1754/2454/2139 1755/2274/2020 1852/2455/2140
f 1852/2455/2140 1755/2274/2020 1847/2276/2022
f 1852/2455/2140 1847/2276/2022 1798/2330/2060
f 1798/2330/2060 1847/2276/2022 1849/2278/2024
f 1754/2456/2139 1753/2338/2065 1930/2457/2141
f 1930/2457/2141 1753/2338/2065 1925/2340/2067
f 1930/2457/2141 1925/2340/2067 1797/2266/2015
f 1797/2266/2015 1925/2340/2067 1927/2264/2014
f 1755/2272/2020 1754/2456/2139 1929/2270/2018
f 1929/2270/2018 1754/2456/2139 1930/2457/2141
f 1929/2270/2018 1930/2457/2141 1931/2268/2016
f 1931/2268/2016 1930/2457/2141 1797/2266/2015
f 1758/2436/2128 1759/2458/2142 1843/2437/2129
f 1843/2437/2129 1759/2458/2142 1844/2286/2029
f 1843/2437/2129 1844/2286/2029 1845/2284/2027
f 1937/2442/2133 1760/2291/2031 1759/2459/2142
f 1759/2458/2142 1760/2288/2031 1844/2286/2029
f 1759/2459/2142 1758/2435/2128 1938/2460/2143
f 1938/2460/2143 1758/2435/2128 1933/2434/2127
f 1938/2460/2143 1933/2434/2127 1801/2438/2130
f 1801/2438/2130 1933/2434/2127 1935/2433/2126
f 1841/2287/2030 1761/2289/2032 1838/2327/2058
f 1763/2320/2054 1764/2461/2144 1834/2318/2052
f 1834/2318/2052 1764/2461/2144 1835/2462/2145
f 1834/2318/2052 1835/2462/2145 1836/2316/2050
f 1836/2316/2050 1835/2462/2145 1806/2314/2049
f 1764/2461/2144 1765/2463/2146 1835/2462/2145
f 1835/2462/2145 1765/2463/2146 1833/2464/2147
f 1835/2462/2145 1833/2464/2147 1806/2314/2049
f 1806/2314/2049 1833/2464/2147 1829/2312/2048
f 1764/2465/2144 1763/2322/2054 1945/2466/2148
f 1945/2466/2148 1763/2322/2054 1942/2324/2056
f 1945/2466/2148 1942/2324/2056 1941/2297/2037
f 1941/2297/2037 1942/2324/2056 1944/2295/2036
f 1765/2463/2146 1766/2307/2043 1833/2464/2147
f 1833/2464/2147 1766/2307/2043 1830/2309/2045
f 1833/2464/2147 1830/2309/2045 1829/2312/2048
f 1829/2312/2048 1830/2309/2045 1832/2311/2047
f 1765/2467/2146 1764/2465/2144 1947/2468/2149
f 1947/2468/2149 1764/2465/2144 1945/2466/2148
f 1947/2468/2149 1945/2466/2148 1805/2299/2038
f 1805/2299/2038 1945/2466/2148 1941/2297/2037
f 1766/2305/2043 1765/2467/2146 1946/2303/2041
f 1946/2303/2041 1765/2467/2146 1947/2468/2149
f 1946/2303/2041 1947/2468/2149 1948/2301/2039
f 1948/2301/2039 1947/2468/2149 1805/2299/2038
f 1953/2384/2097 1768/2386/2099 1950/2446/2135
f 1826/2389/2100 1769/2388/2098 1827/2189/1962
f 1827/2189/1962 1769/2388/2098 1770/2191/1964
f 1890/2195/1966 1770/2194/1964 1891/2383/2096
f 1891/2383/2096 1770/2194/1964 1769/2385/2098
f 1889/2190/1963 1771/2192/1965 1886/2377/2092
f 1773/2370/2088 1774/2469/2150 1882/2368/2086
f 1882/2368/2086 1774/2469/2150 1883/2470/2151
f 1882/2368/2086 1883/2470/2151 1884/2366/2084
f 1884/2366/2084 1883/2470/2151 1814/2364/2083
f 1774/2469/2150 1775/2471/2152 1883/2470/2151
f 1883/2470/2151 1775/2471/2152 1881/2472/2153
f 1883/2470/2151 1881/2472/2153 1814/2364/2083
f 1814/2364/2083 1881/2472/2153 1877/2362/2082
f 1774/2473/2150 1773/2372/2088 1897/2474/2154
f 1897/2474/2154 1773/2372/2088 1894/2374/2090
f 1897/2474/2154 1894/2374/2090 1893/2200/1970
f 1893/2200/1970 1894/2374/2090 1896/2198/1969
f 1775/2471/2152 1776/2210/1976 1881/2472/2153
f 1881/2472/2153 1776/2210/1976 1878/2212/1978
f 1881/2472/2153 1878/2212/1978 1877/2362/2082
f 1877/2362/2082 1878/2212/1978 1880/2214/1980
f 1775/2475/2152 1774/2473/2150 1899/2476/2155
f 1899/2476/2155 1774/2473/2150 1897/2474/2154
f 1899/2476/2155 1897/2474/2154 1813/2202/1971
f 1813/2202/1971 1897/2474/2154 1893/2200/1970
f 1776/2208/1976 1775/2475/2152 1898/2206/1974
f 1898/2206/1974 1775/2475/2152 1899/2476/2155
f 1898/2206/1974 1899/2476/2155 1900/2204/1972
f 1900/2204/1972 1899/2476/2155 1813/2202/1971
f 1778/2394/2103 1779/2477/2156 1876/2395/2104
f 1876/2395/2104 1779/2477/2156 1873/2478/2157
f 1876/2395/2104 1873/2478/2157 1872/2218/1982
f 1872/2218/1982 1873/2478/2157 1875/2220/1983
f 1779/2477/2156 1780/2479/2158 1873/2478/2157
f 1873/2478/2157 1780/2479/2158 1874/2222/1985
f 1873/2478/2157 1874/2222/1985 1875/2220/1983
f 1779/2480/2156 1778/2393/2103 1905/2481/2159
f 1905/2481/2159 1778/2393/2103 1902/2392/2102
f 1905/2481/2159 1902/2392/2102 1901/2396/2105
f 1901/2396/2105 1902/2392/2102 1904/2391/2101
f 1907/2402/2109 1781/2227/1987 1780/2482/2158
f 1780/2479/2158 1781/2224/1987 1874/2222/1985
f 1780/2482/2158 1779/2480/2156 1908/2483/2160
f 1908/2483/2160 1779/2480/2156 1905/2481/2159
f 1908/2483/2160 1905/2481/2159 1817/2398/2106
f 1817/2398/2106 1905/2481/2159 1901/2396/2105
f 1784/2352/2076 1785/2484/2161 1865/2350/2074
f 1865/2350/2074 1785/2484/2161 1866/2485/2162
f 1865/2350/2074 1866/2485/2162 1867/2348/2072
f 1867/2348/2072 1866/2485/2162 1822/2346/2071
f 1785/2484/2161 1786/2241/1998 1866/2485/2162
f 1866/2485/2162 1786/2241/1998 1861/2243/2000
f 1866/2485/2162 1861/2243/2000 1822/2346/2071
f 1822/2346/2071 1861/2243/2000 1863/2245/2002
f 1785/2486/2161 1784/2354/2076 1916/2487/2163
f 1916/2487/2163 1784/2354/2076 1911/2356/2078
f 1916/2487/2163 1911/2356/2078 1821/2233/1993
f 1821/2233/1993 1911/2356/2078 1913/2231/1992
f 1786/2239/1998 1785/2486/2161 1915/2237/1996
f 1915/2237/1996 1785/2486/2161 1916/2487/2163
f 1915/2237/1996 1916/2487/2163 1917/2235/1994
f 1917/2235/1994 1916/2487/2163 1821/2233/1993
f 1922/2451/2138 1789/2413/2116 1919/2412/2115
f 1937/2442/2133 1759/2459/2142 1938/2460/2143
f 1938/2460/2143 1801/2438/2130 1939/2440/2131
f 1907/2402/2109 1780/2482/2158 1908/2483/2160
f 1908/2483/2160 1817/2398/2106 1909/2400/2107
f 1827/2189/1962 1828/2187/1960 1826/2389/2100
f 1826/2389/2100 1828/2187/1960 1808/2185/1959
f 1841/2287/2030 1838/2327/2058 1837/2328/2059
f 1837/2328/2059 1838/2327/2058 1840/2326/2057
f 1802/2285/2028 1841/2287/2030 1837/2328/2059
f 1794/2254/2006 1855/2256/2008 1857/2345/2070
f 1818/2221/1984 1869/2223/1986 1871/2361/2081
f 1889/2190/1963 1886/2377/2092 1885/2378/2093
f 1885/2378/2093 1886/2377/2092 1888/2376/2091
f 1810/2188/1961 1889/2190/1963 1885/2378/2093
f 1891/2383/2096 1892/2381/2094 1890/2195/1966
f 1890/2195/1966 1892/2381/2094 1811/2197/1968
f 1908/2483/2160 1909/2400/2107 1907/2402/2109
f 1922/2451/2138 1919/2412/2115 1825/2417/2118
f 1825/2417/2118 1919/2412/2115 1921/2411/2114
f 1923/2419/2119 1922/2451/2138 1825/2417/2118
f 1938/2460/2143 1939/2440/2131 1937/2442/2133
f 1953/2384/2097 1950/2446/2135 1949/2447/2136
f 1949/2447/2136 1950/2446/2135 1952/2445/2134
f 1809/2382/2095 1953/2384/2097 1949/2447/2136
f 203/2488/2164 484/2489/2165 204/2490/2166
f 204/2490/2166 484/2489/2165 205/2491/2167
f 205/2491/2167 484/2489/2165 206/2492/2168
f 206/2492/2168 484/2489/2165 207/2493/2169
f 207/2493/2169 484/2489/2165 208/2494/2170
f 208/2494/2170 484/2489/2165 483/2495/2171
f 208/2494/2170 483/2495/2171 9/2496/2172
f 9/2496/2172 483/2495/2171 10/2497/2173
f 10/2497/2173 483/2495/2171 11/2498/2174
f 11/2498/2174 483/2495/2171 12/2499/2175
f 12/2499/2175 483/2495/2171 13/2500/2176
f 13/2500/2176 483/2495/2171 14/2501/2177
f 208/2494/2170 9/2496/2172 209/2502/2178
f 209/2502/2178 9/2496/2172 8/2503/2179
f 209/2502/2178 8/2503/2179 1220/2504/2180
f 209/2502/2178 1220/2504/2180 1213/2505/2181
f 1213/2505/2181 1220/2504/2180 1219/2506/2182
f 1213/2505/2181 1219/2506/2182 1214/2507/2183
f 1214/2507/2183 1219/2506/2182 1218/2508/2184
f 1214/2507/2183 1218/2508/2184 1215/2509/2185
f 1215/2509/2185 1218/2508/2184 1217/2510/2186
f 1215/2509/2185 1217/2510/2186 1216/2511/2187
f 488/2512/2188 487/2513/2189 676/2514/2190
f 676/2514/2190 487/2513/2189 677/2515/2191
f 677/2515/2191 487/2513/2189 678/2516/2192
f 678/2516/2192 487/2513/2189 679/2517/2193
f 679/2517/2193 487/2513/2189 680/2518/2194
f 680/2518/2194 487/2513/2189 486/2519/2195
f 680/2518/2194 486/2519/2195 504/2520/2196
f 504/2520/2196 486/2519/2195 505/2521/2197
f 505/2521/2197 486/2519/2195 506/2522/2198
f 506/2522/2198 486/2519/2195 507/2523/2199
f 507/2523/2199 486/2519/2195 508/2524/2200
f 508/2524/2200 486/2519/2195 485/2525/2201
f 680/2518/2194 504/2520/2196 681/2526/2202
f 681/2526/2202 504/2520/2196 503/2527/2203
f 681/2526/2202 503/2527/2203 1260/2528/2204
f 681/2526/2202 1260/2528/2204 1253/2529/2205
f 1253/2529/2205 1260/2528/2204 1259/2530/2206
f 1253/2529/2205 1259/2530/2206 1254/2531/2207
f 1254/2531/2207 1259/2530/2206 1258/2532/2208
f 1254/2531/2207 1258/2532/2208 1255/2533/2209
f 1255/2533/2209 1258/2532/2208 1257/2534/2210
f 1255/2533/2209 1257/2534/2210 1256/2535/2211
f 492/2536/2212 491/2537/2213 901/2538/2214
f 901/2538/2214 491/2537/2213 902/2539/2215
f 902/2539/2215 491/2537/2213 903/2540/2216
f 903/2540/2216 491/2537/2213 904/2541/2217
f 904/2541/2217 491/2537/2213 905/2542/2218
f 905/2542/2218 491/2537/2213 490/2543/2219
f 905/2542/2218 490/2543/2219 729/2544/2220
f 729/2544/2220 490/2543/2219 730/2545/2221
f 730/2545/2221 490/2543/2219 731/2546/2222
f 731/2546/2222 490/2543/2219 732/2547/2223
f 732/2547/2223 490/2543/2219 733/2548/2224
f 733/2548/2224 490/2543/2219 489/2549/2225
f 905/2542/2218 729/2544/2220 906/2550/2226
f 906/2550/2226 729/2544/2220 728/2551/2227
f 906/2550/2226 728/2551/2227 1954/2552/2228
f 906/2550/2226 1954/2552/2228 1961/2553/2229
f 1961/2553/2229 1954/2552/2228 1955/2554/2230
f 1961/2553/2229 1955/2554/2230 1960/2555/2231
f 1960/2555/2231 1955/2554/2230 1956/2556/2232
f 1960/2555/2231 1956/2556/2232 1959/2557/2233
f 1959/2557/2233 1956/2556/2232 1957/2558/2234
f 1959/2557/2233 1957/2558/2234 1958/2559/2235
f 779/2560/913 906/2561/1010 780/2562/2236
f 780/2562/2236 906/2561/1010 1964/2563/2237
f 780/2562/2236 1964/2563/2237 1965/2564/2238
f 1965/2564/2238 1964/2563/2237 1969/2565/2239
f 1965/2564/2238 1969/2565/2239 782/2566/2240
f 782/2566/2240 1969/2565/2239 783/2567/2241
f 783/2567/2241 1969/2565/2239 1973/2568/2242
f 783/2567/2241 1973/2568/2242 784/2569/2243
f 784/2569/2243 1973/2568/2242 785/2570/2244
f 785/2570/2244 1973/2568/2242 1977/2571/2245
f 785/2570/2244 1977/2571/2245 786/2572/2246
f 786/2572/2246 1977/2571/2245 787/2573/2247
f 787/2573/2247 1977/2571/2245 788/2574/2248
f 788/2574/2248 1977/2571/2245 1981/2575/2249
f 788/2574/2248 1981/2575/2249 789/2576/2250
f 789/2576/2250 1981/2575/2249 790/2577/2251
f 790/2577/2251 1981/2575/2249 1985/2578/2252
f 790/2577/2251 1985/2578/2252 791/2579/2253
f 791/2579/2253 1985/2578/2252 792/2580/2254
f 792/2580/2254 1985/2578/2252 1989/2581/2255
f 792/2580/2254 1989/2581/2255 793/2582/2256
f 793/2582/2256 1989/2581/2255 794/2583/2257
f 794/2583/2257 1989/2581/2255 1993/2584/2258
f 794/2583/2257 1993/2584/2258 795/2585/2259
f 795/2585/2259 1993/2584/2258 727/2586/809
f 727/2586/809 1993/2584/2258 1992/2587/2260
f 727/2586/809 1992/2587/2260 1991/2588/2261
f 1991/2588/2261 1992/2587/2260 1987/2589/2262
f 1991/2588/2261 1987/2589/2262 1986/2590/2263
f 1986/2590/2263 1987/2589/2262 1982/2591/2264
f 1986/2590/2263 1982/2591/2264 1956/2592/2265
f 1956/2592/2265 1982/2591/2264 1957/2593/2266
f 1957/2593/2266 1982/2591/2264 1978/2594/2267
f 1957/2593/2266 1978/2594/2267 1958/2595/2268
f 1958/2595/2268 1978/2594/2267 1974/2596/2269
f 1958/2595/2268 1974/2596/2269 1959/2597/2270
f 1959/2597/2270 1974/2596/2269 1970/2598/2271
f 1959/2597/2270 1970/2598/2271 1960/2599/2272
f 1960/2599/2272 1970/2598/2271 1966/2600/2273
f 1960/2599/2272 1966/2600/2273 1961/2601/2274
f 1961/2601/2274 1966/2600/2273 1962/2602/2275
f 1961/2601/2274 1962/2602/2275 906/2561/1010
f 906/2561/1010 1962/2602/2275 1963/2603/2276
f 906/2561/1010 1963/2603/2276 1964/2563/2237
f 1964/2563/2237 1963/2603/2276 1968/2604/2277
f 1964/2563/2237 1968/2604/2277 1969/2565/2239
f 1969/2565/2239 1968/2604/2277 1973/2568/2242
f 1956/2592/2265 1955/2605/2278 1986/2590/2263
f 1986/2590/2263 1955/2605/2278 1990/2606/2279
f 1986/2590/2263 1990/2606/2279 1991/2588/2261
f 1991/2588/2261 1990/2606/2279 728/2607/790
f 1991/2588/2261 728/2607/790 727/2586/809
f 1955/2605/2278 1954/2608/2280 1990/2606/2279
f 1990/2606/2279 1954/2608/2280 728/2607/790
f 782/2566/2240 781/2609/2281 1965/2564/2238
f 1965/2564/2238 781/2609/2281 780/2562/2236
f 1963/2603/2276 1962/2602/2275 1967/2610/2282
f 1967/2610/2282 1962/2602/2275 1966/2600/2273
f 1967/2610/2282 1966/2600/2273 1971/2611/2283
f 1971/2611/2283 1966/2600/2273 1970/2598/2271
f 1971/2611/2283 1970/2598/2271 1975/2612/2284
f 1975/2612/2284 1970/2598/2271 1974/2596/2269
f 1975/2612/2284 1974/2596/2269 1979/2613/2285
f 1979/2613/2285 1974/2596/2269 1978/2594/2267
f 1979/2613/2285 1978/2594/2267 1983/2614/2286
f 1983/2614/2286 1978/2594/2267 1982/2591/2264
f 1983/2614/2286 1982/2591/2264 1987/2589/2262
f 1963/2603/2276 1967/2610/2282 1968/2604/2277
f 1968/2604/2277 1967/2610/2282 1972/2615/2287
f 1968/2604/2277 1972/2615/2287 1973/2568/2242
f 1973/2568/2242 1972/2615/2287 1977/2571/2245
f 1972/2615/2287 1967/2610/2282 1971/2611/2283
f 1972/2615/2287 1971/2611/2283 1976/2616/2288
f 1976/2616/2288 1971/2611/2283 1975/2612/2284
f 1976/2616/2288 1975/2612/2284 1980/2617/2289
f 1980/2617/2289 1975/2612/2284 1979/2613/2285
f 1980/2617/2289 1979/2613/2285 1984/2618/2290
f 1984/2618/2290 1979/2613/2285 1983/2614/2286
f 1984/2618/2290 1983/2614/2286 1988/2619/2291
f 1988/2619/2291 1983/2614/2286 1987/2589/2262
f 1988/2619/2291 1987/2589/2262 1992/2587/2260
f 1981/2575/2249 1977/2571/2245 1976/2616/2288
f 1976/2616/2288 1977/2571/2245 1972/2615/2287
f 1981/2575/2249 1976/2616/2288 1980/2617/2289
f 1985/2578/2252 1981/2575/2249 1980/2617/2289
f 1985/2578/2252 1980/2617/2289 1984/2618/2290
f 1989/2581/2255 1985/2578/2252 1984/2618/2290
f 1989/2581/2255 1984/2618/2290 1988/2619/2291
f 1993/2584/2258 1989/2581/2255 1988/2619/2291
f 1993/2584/2258 1988/2619/2291 1992/2587/2260
f 496/2620/2292 495/2621/2293 953/2622/2294
f 953/2622/2294 495/2621/2293 954/2623/2295
f 954/2623/2295 495/2621/2293 955/2624/2296
f 955/2624/2296 495/2621/2293 956/2625/2297
f 956/2625/2297 495/2621/2293 957/2626/2298
f 957/2626/2298 495/2621/2293 494/2627/2299
f 957/2626/2298 494/2627/2299 1128/2628/2300
f 1128/2628/2300 494/2627/2299 1129/2629/2301
f 1129/2629/2301 494/2627/2299 1130/2630/2302
f 1130/2630/2302 494/2627/2299 1131/2631/2303
f 1131/2631/2303 494/2627/2299 1132/2632/2304
f 1132/2632/2304 494/2627/2299 493/2633/2305
f 957/2626/2298 1128/2628/2300 958/2634/2306
f 958/2634/2306 1128/2628/2300 1127/2635/2307
f 958/2634/2306 1127/2635/2307 1180/2636/2308
f 958/2634/2306 1180/2636/2308 1173/2637/2309
f 1173/2637/2309 1180/2636/2308 1179/2638/2310
f 1173/2637/2309 1179/2638/2310 1174/2639/2311
f 1174/2639/2311 1179/2638/2310 1178/2640/2312
f 1174/2639/2311 1178/2640/2312 1175/2641/2313
f 1175/2641/2313 1178/2640/2312 1177/2642/2314
f 1175/2641/2313 1177/2642/2314 1176/2643/2315
g Body1:1

v -0.350000 -10.000000 -0.000000
v -0.338074 -10.000000 0.090587
v -0.303109 -10.000000 0.175000
v -0.247487 -10.000000 0.247487
v -0.175000 -10.000000 0.303109
v -0.090587 -10.000000 0.338074
v 0.000000 -10.000000 0.350000
v 0.090587 -10.000000 0.338074
v 0.175000 -10.000000 0.303109
v 0.247487 -10.000000 0.247487
v 0.303109 -10.000000 0.175000
v 0.338074 -10.000000 0.090587
v 0.350000 -10.000000 0.000000
v 0.338074 -10.000000 -0.090587
v 0.303109 -10.000000 -0.175000
v 0.247487 -10.000000 -0.247487
v 0.175000 -10.000000 -0.303109
v 0.090587 -10.000000 -0.338074
v 0.000000 -10.000000 -0.350000
v -0.090587 -10.000000 -0.338074
v -0.175000 -10.000000 -0.303109
v -0.247487 -10.000000 -0.247487
v -0.303109 -10.000000 -0.175000
v -0.338074 -10.000000 -0.090587
v -0.350000 5.000000 -0.000000
v -0.338074 5.000000 -0.090587
v -0.303109 5.000000 -0.175000
v -0.247487 5.000000 -0.247487
v -0.175000 5.000000 -0.303109
v -0.090587 5.000000 -0.338074
v 0.000000 5.000000 -0.350000
v 0.090587 5.000000 -0.338074
v 0.175000 5.000000 -0.303109
v 0.247487 5.000000 -0.247487
v 0.303109 5.000000 -0.175000
v 0.338074 5.000000 -0.090587
v 0.350000 5.000000 0.000000
v 0.338074 5.000000 0.090587
v 0.303109 5.000000 0.175000
v 0.247487 5.000000 0.247487
v 0.175000 5.000000 0.303109
v 0.090587 5.000000 0.338074
v 0.000000 5.000000 0.350000
v -0.090587 5.000000 0.338074
v -0.175000 5.000000 0.303109
v -0.247487 5.000000 0.247487
v -0.303109 5.000000 0.175000
v -0.338074 5.000000 0.090587
v -0.350000 -8.125000 -0.000000
v -0.350000 -6.250000 -0.000000
v -0.350000 -4.375000 -0.000000
v -0.350000 -2.500000 -0.000000
v -0.350000 -0.625000 -0.000000
v -0.350000 1.250000 -0.000000
v -0.350000 3.125000 -0.000000
v -0.338074 -8.125000 0.090587
v -0.338074 -6.250000 0.090587
v -0.338074 -4.375000 0.090587
v -0.338074 -2.500000 0.090587
v -0.338074 -0.625000 0.090587
v -0.338074 1.250000 0.090587
v -0.338074 3.125000 0.090587
v -0.303109 -8.125000 0.175000
v -0.303109 -6.250000 0.175000
v -0.303109 -4.375000 0.175000
v -0.303109 -2.500000 0.175000
v -0.303109 -0.625000 0.175000
v -0.303109 1.250000 0.175000
v -0.303109 3.125000 0.175000
v -0.247487 -8.125000 0.247487
v -0.247487 -6.250000 0.247487
v -0.247487 -4.375000 0.247487
v -0.247487 -2.500000 0.247487
v -0.247487 -0.625000 0.247487
v -0.247487 1.250000 0.247487
v -0.247487 3.125000 0.247487
v -0.175000 -8.125000 0.303109
v -0.175000 -6.250000 0.303109
v -0.175000 -4.375000 0.303109
v -0.175000 -2.500000 0.303109
v -0.175000 -0.625000 0.303109
v -0.175000 1.250000 0.303109
v -0.175000 3.125000 0.303109
v -0.090587 -8.125000 0.338074
v -0.090587 -6.250000 0.338074
v -0.090587 -4.375000 0.338074
v -0.090587 -2.500000 0.338074
v -0.090587 -0.625000 0.338074
v -0.090587 1.250000 0.338074
v -0.090587 3.125000 0.338074
v 0.000000 -8.125000 0.350000
v 0.000000 -6.250000 0.350000
v 0.000000 -4.375000 0.350000
v 0.000000 -2.500000 0.350000
v 0.000000 -0.625000 0.350000
v 0.000000 1.250000 0.350000
v 0.000000 3.125000 0.350000
v 0.090587 -8.125000 0.338074
v 0.090587 -6.250000 0.338074
v 0.090587 -4.375000 0.338074
v 0.090587 -2.500000 0.338074
v 0.090587 -0.625000 0.338074
v 0.090587 1.250000 0.338074
v 0.090587 3.125000 0.338074
v 0.175000 -8.125000 0.303109
v 0.175000 -6.250000 0.303109
v 0.175000 -4.375000 0.303109
v 0.175000 -2.500000 0.303109
v 0.175000 -0.625000 0.303109
v 0.175000 1.250000 0.303109
v 0.175000 3.125000 0.303109
v 0.247487 -8.125000 0.247487
v 0.247487 -6.250000 0.247487
v 0.247487 -4.375000 0.247487
v 0.247487 -2.500000 0.247487
v 0.247487 -0.625000 0.247487
v 0.247487 1.250000 0.247487
v 0.247487 3.125000 0.247487
v 0.303109 -8.125000 0.175000
v 0.303109 -6.250000 0.175000
v 0.303109 -4.375000 0.175000
v 0.303109 -2.500000 0.175000
v 0.303109 -0.625000 0.175000
v 0.303109 1.250000 0.175000
v 0.303109 3.125000 0.175000
v 0.338074 -8.125000 0.090587
v 0.338074 -6.250000 0.090587
v 0.338074 -4.375000 0.090587
v 0.338074 -2.500000 0.090587
v 0.338074 -0.625000 0.090587
v 0.338074 1.250000 0.090587
v 0.338074 3.125000 0.090587
v 0.350000 -8.125000 0.000000
v 0.350000 -6.250000 0.000000
v 0.350000 -4.375000 0.000000
v 0.350000 -2.500000 0.000000
v 0.350000 -0.625000 0.000000
v 0.350000 1.250000 0.000000
v 0.350000 3.125000 0.000000
v 0.338074 -8.125000 -0.090587
v 0.338074 -6.250000 -0.090587
v 0.338074 -4.375000 -0.090587
v 0.338074 -2.500000 -0.090587
v 0.338074 -0.625000 -0.090587
v 0.338074 1.250000 -0.090587
v 0.338074 3.125000 -0.090587
v 0.303109 -8.125000 -0.175000
v 0.303109 -6.250000 -0.175000
v 0.303109 -4.375000 -0.175000
v 0.303109 -2.500000 -0.175000
v 0.303109 -0.625000 -0.175000
v 0.303109 1.250000 -0.175000
v 0.303109 3.125000 -0.175000
v 0.247487 -8.125000 -0.247487
v 0.247487 -6.250000 -0.247487
v 0.247487 -4.375000 -0.247487
v 0.247487 -2.500000 -0.247487
v 0.247487 -0.625000 -0.247487
v 0.247487 1.250000 -0.247487
v 0.247487 3.125000 -0.247487
v 0.175000 -8.125000 -0.303109
v 0.175000 -6.250000 -0.303109
v 0.175000 -4.375000 -0.303109
v 0.175000 -2.500000 -0.303109
v 0.175000 -0.625000 -0.303109
v 0.175000 1.250000 -0.303109
v 0.175000 3.125000 -0.303109
v 0.090587 -8.125000 -0.338074
v 0.090587 -6.250000 -0.338074
v 0.090587 -4.375000 -0.338074
v 0.090587 -2.500000 -0.338074
v 0.090587 -0.625000 -0.338074
v 0.090587 1.250000 -0.338074
v 0.090587 3.125000 -0.338074
v 0.000000 -8.125000 -0.350000
v 0.000000 -6.250000 -0.350000
v 0.000000 -4.375000 -0.350000
v 0.000000 -2.500000 -0.350000
v 0.000000 -0.625000 -0.350000
v 0.000000 1.250000 -0.350000
v 0.000000 3.125000 -0.350000
v -0.090587 -8.125000 -0.338074
v -0.090587 -6.250000 -0.338074
v -0.090587 -4.375000 -0.338074
v -0.090587 -2.500000 -0.338074
v -0.090587 -0.625000 -0.338074
v -0.090587 1.250000 -0.338074
v -0.090587 3.125000 -0.338074
v -0.175000 -8.125000 -0.303109
v -0.175000 -6.250000 -0.303109
v -0.175000 -4.375000 -0.303109
v -0.175000 -2.500000 -0.303109
v -0.175000 -0.625000 -0.303109
v -0.175000 1.250000 -0.303109
v -0.175000 3.125000 -0.303109
v -0.247487 -8.125000 -0.247487
v -0.247487 -6.250000 -0.247487
v -0.247487 -4.375000 -0.247487
v -0.247487 -2.500000 -0.247487
v -0.247487 -0.625000 -0.247487
v -0.247487 1.250000 -0.247487
v -0.247487 3.125000 -0.247487
v -0.303109 -8.125000 -0.175000
v -0.303109 -6.250000 -0.175000
v -0.303109 -4.375000 -0.175000
v -0.303109 -2.500000 -0.175000
v -0.303109 -0.625000 -0.175000
v -0.303109 1.250000 -0.175000
v -0.303109 3.125000 -0.175000
v -0.338074 -8.125000 -0.090587
v -0.338074 -6.250000 -0.090587
v -0.338074 -4.375000 -0.090587
v -0.338074 -2.500000 -0.090587
v -0.338074 -0.625000 -0.090587
v -0.338074 1.250000 -0.090587
v -0.338074 3.125000 -0.090587
vt -15.000000 1.007928 0.000000
vt -13.125000 1.007928 0.000000
vt -15.000000 1.099557 0.000000
vt -13.125000 1.099557 0.000000
vt -15.000000 -1.099557 0.000000
vt -13.125000 -1.099557 0.000000
vt -15.000000 -1.007928 0.000000
vt -13.125000 -1.007928 0.000000
vt -15.000000 -0.916298 0.000000
vt -13.125000 -0.916298 0.000000
vt -15.000000 -0.824668 0.000000
vt -13.125000 -0.824668 0.000000
vt -15.000000 -0.733038 0.000000
vt -13.125000 -0.733038 0.000000
vt -15.000000 -0.641408 0.000000
vt -13.125000 -0.641408 0.000000
vt -15.000000 -0.549779 0.000000
vt -13.125000 -0.549779 0.000000
vt -15.000000 -0.458149 0.000000
vt -13.125000 -0.458149 0.000000
vt -15.000000 -0.366519 0.000000
vt -13.125000 -0.366519 0.000000
vt -15.000000 -0.274889 0.000000
vt -13.125000 -0.274889 0.000000
vt -15.000000 -0.183260 0.000000
vt -13.125000 -0.183260 0.000000
vt -15.000000 -0.091630 0.000000
vt -13.125000 -0.091630 0.000000
vt -15.000000 0.000000 0.000000
vt -13.125000 0.000000 0.000000
vt -15.000000 0.091630 0.000000
vt -13.125000 0.091630 0.000000
vt -15.000000 0.183260 0.000000
vt -13.125000 0.183260 0.000000
vt -15.000000 0.274889 0.000000
vt -13.125000 0.274889 0.000000
vt -15.000000 0.366519 0.000000
vt -13.125000 0.366519 0.000000
vt -15.000000 0.458149 0.000000
vt -13.125000 0.458149 0.000000
vt -15.000000 0.549779 0.000000
vt -13.125000 0.549779 0.000000
vt -15.000000 0.641408 0.000000
vt -13.125000 0.641408 0.000000
vt -15.000000 0.733038 0.000000
vt -13.125000 0.733038 0.000000
vt -15.000000 0.824668 0.000000
vt -13.125000 0.824668 0.000000
vt -15.000000 0.916298 0.000000
vt -13.125000 0.916298 0.000000
vt 0.000000 -1.007928 0.000000
vt -1.875000 -1.007928 0.000000
vt 0.000000 -1.099557 0.000000
vt -1.875000 -1.099557 0.000000
vt 0.000000 1.099557 0.000000
vt -1.875000 1.099557 0.000000
vt -0.000000 1.007928 0.000000
vt -1.875000 1.007928 0.000000
vt -0.000000 0.916298 0.000000
vt -1.875000 0.916298 0.000000
vt -0.000000 0.824668 0.000000
vt -1.875000 0.824668 0.000000
vt -0.000000 0.733038 0.000000
vt -1.875000 0.733038 0.000000
vt -0.000000 0.641408 0.000000
vt -1.875000 0.641408 0.000000
vt -0.000000 0.549779 0.000000
vt -1.875000 0.549779 0.000000
vt -0.000000 0.458149 0.000000
vt -1.875000 0.458149 0.000000
vt -0.000000 0.366519 0.000000
vt -1.875000 0.366519 0.000000
vt -0.000000 0.274889 0.000000
vt -1.875000 0.274889 0.000000
vt -0.000000 0.183260 0.000000
vt -1.875000 0.183260 0.000000
vt -0.000000 0.091630 0.000000
vt -1.875000 0.091630 0.000000
vt -0.000000 0.000000 0.000000
vt -1.875000 0.000000 0.000000
vt -0.000000 -0.091630 0.000000
vt -1.875000 -0.091630 0.000000
vt -0.000000 -0.183260 0.000000
vt -1.875000 -0.183260 0.000000
vt -0.000000 -0.274889 0.000000
vt -1.875000 -0.274889 0.000000
vt -0.000000 -0.366519 0.000000
vt -1.875000 -0.366519 0.000000
vt -0.000000 -0.458149 0.000000
vt -1.875000 -0.458149 0.000000
vt -0.000000 -0.549779 0.000000
vt -1.875000 -0.549779 0.000000
vt -0.000000 -0.641408 0.000000
vt -1.875000 -0.641408 0.000000
vt 0.000000 -0.733038 0.000000
vt -1.875000 -0.733038 0.000000
vt 0.000000 -0.824668 0.000000
vt -1.875000 -0.824668 0.000000
vt 0.000000 -0.916298 0.000000
vt -1.875000 -0.916298 0.000000
vt -11.250000 -1.099557 0.000000
vt -11.250000 -1.007928 0.000000
vt -11.250000 -0.916298 0.000000
vt -11.250000 -0.824668 0.000000
vt -11.250000 -0.733038 0.000000
vt -11.250000 -0.641408 0.000000
vt -11.250000 -0.549779 0.000000
vt -11.250000 -0.458149 0.000000
vt -11.250000 -0.366519 0.000000
vt -11.250000 -0.274889 0.000000
vt -11.250000 -0.183260 0.000000
vt -11.250000 -0.091630 0.000000
vt -11.250000 0.000000 0.000000
vt -11.250000 0.091630 0.000000
vt -11.250000 0.183260 0.000000
vt -11.250000 0.274889 0.000000
vt -11.250000 0.366519 0.000000
vt -11.250000 0.458149 0.000000
vt -11.250000 0.549779 0.000000
vt -11.250000 0.641408 0.000000
vt -11.250000 0.733038 0.000000
vt -11.250000 0.824668 0.000000
vt -11.250000 0.916298 0.000000
vt -11.250000 1.007928 0.000000
vt -11.250000 1.099557 0.000000
vt -9.375000 -1.099557 0.000000
vt -9.375000 -1.007928 0.000000
vt -9.375000 -0.916298 0.000000
vt -9.375000 -0.824668 0.000000
vt -9.375000 -0.733038 0.000000
vt -9.375000 -0.641408 0.000000
vt -9.375000 -0.549779 0.000000
vt -9.375000 -0.458149 0.000000
vt -9.375000 -0.366519 0.000000
vt -9.375000 -0.274889 0.000000
vt -9.375000 -0.183260 0.000000
vt -9.375000 -0.091630 0.000000
vt -9.375000 0.000000 0.000000
vt -9.375000 0.091630 0.000000
vt -9.375000 0.183260 0.000000
vt -9.375000 0.274889 0.000000
vt -9.375000 0.366519 0.000000
vt -9.375000 0.458149 0.000000
vt -9.375000 0.549779 0.000000
vt -9.375000 0.641408 0.000000
vt -9.375000 0.733038 0.000000
vt -9.375000 0.824668 0.000000
vt -9.375000 0.916298 0.000000
vt -9.375000 1.007928 0.000000
vt -9.375000 1.099557 0.000000
vt -7.500000 -1.099557 0.000000
vt -7.500000 -1.007928 0.000000
vt -7.500000 -0.916298 0.000000
vt -7.500000 -0.824668 0.000000
vt -7.500000 -0.733038 0.000000
vt -7.500000 -0.641408 0.000000
vt -7.500000 -0.549779 0.000000
vt -7.500000 -0.458149 0.000000
vt -7.500000 -0.366519 0.000000
vt -7.500000 -0.274889 0.000000
vt -7.500000 -0.183260 0.000000
vt -7.500000 -0.091630 0.000000
vt -7.500000 0.000000 0.000000
vt -7.500000 0.091630 0.000000
vt -7.500000 0.183260 0.000000
vt -7.500000 0.274889 0.000000
vt -7.500000 0.366519 0.000000
vt -7.500000 0.458149 0.000000
vt -7.500000 0.549779 0.000000
vt -7.500000 0.641408 0.000000
vt -7.500000 0.733038 0.000000
vt -7.500000 0.824668 0.000000
vt -7.500000 0.916298 0.000000
vt -7.500000 1.007928 0.000000
vt -7.500000 1.099557 0.000000
vt -5.625000 -1.099557 0.000000
vt -5.625000 -1.007928 0.000000
vt -5.625000 -0.916298 0.000000
vt -5.625000 -0.824668 0.000000
vt -5.625000 -0.733038 0.000000
vt -5.625000 -0.641408 0.000000
vt -5.625000 -0.549779 0.000000
vt -5.625000 -0.458149 0.000000
vt -5.625000 -0.366519 0.000000
vt -5.625000 -0.274889 0.000000
vt -5.625000 -0.183260 0.000000
vt -5.625000 -0.091630 0.000000
vt -5.625000 0.000000 0.000000
vt -5.625000 0.091630 0.000000
vt -5.625000 0.183260 0.000000
vt -5.625000 0.274889 0.000000
vt -5.625000 0.366519 0.000000
vt -5.625000 0.458149 0.000000
vt -5.625000 0.549779 0.000000
vt -5.625000 0.641408 0.000000
vt -5.625000 0.733038 0.000000
vt -5.625000 0.824668 0.000000
vt -5.625000 0.916298 0.000000
vt -5.625000 1.007928 0.000000
vt -5.625000 1.099557 0.000000
vt -3.750000 -1.099557 0.000000
vt -3.750000 -1.007928 0.000000
vt -3.750000 -0.916298 0.000000
vt -3.750000 -0.824668 0.000000
vt -3.750000 -0.733038 0.000000
vt -3.750000 -0.641408 0.000000
vt -3.750000 -0.549779 0.000000
vt -3.750000 -0.458149 0.000000
vt -3.750000 -0.366519 0.000000
vt -3.750000 -0.274889 0.000000
vt -3.750000 -0.183260 0.000000
vt -3.750000 -0.091630 0.000000
vt -3.750000 0.000000 0.000000
vt -3.750000 0.091630 0.000000
vt -3.750000 0.183260 0.000000
vt -3.750000 0.274889 0.000000
vt -3.750000 0.366519 0.000000
vt -3.750000 0.458149 0.000000
vt -3.750000 0.549779 0.000000
vt -3.750000 0.641408 0.000000
vt -3.750000 0.733038 0.000000
vt -3.750000 0.824668 0.000000
vt -3.750000 0.916298 0.000000
vt -3.750000 1.007928 0.000000
vt -3.750000 1.099557 0.000000
vt -0.338074 -0.090587 0.000000
vt 0.338074 -0.090587 0.000000
vt -0.350000 -0.000000 0.000000
vt 0.350000 0.000000 0.000000
vt -0.338074 0.090587 0.000000
vt 0.338074 0.090587 0.000000
vt -0.303109 0.175000 0.000000
vt 0.303109 0.175000 0.000000
vt -0.247487 0.247487 0.000000
vt 0.247487 0.247487 0.000000
vt -0.175000 0.303109 0.000000
vt 0.175000 0.303109 0.000000
vt -0.090587 0.338074 0.000000
vt 0.090587 0.338074 0.000000
vt 0.000000 0.350000 0.000000
vt 0.303109 -0.175000 0.000000
vt -0.303109 -0.175000 0.000000
vt 0.247487 -0.247487 0.000000
vt -0.247487 -0.247487 0.000000
vt 0.175000 -0.303109 0.000000
vt -0.175000 -0.303109 0.000000
vt 0.090587 -0.338074 0.000000
vt -0.090587 -0.338074 0.000000
vt 0.000000 -0.350000 0.000000
vt 0.338074 0.090587 0.000000
vt -0.338074 0.090587 0.000000
vt 0.350000 -0.000000 0.000000
vt -0.350000 0.000000 0.000000
vt 0.338074 -0.090587 0.000000
vt -0.338074 -0.090587 0.000000
vt 0.303109 -0.175000 0.000000
vt -0.303109 -0.175000 0.000000
vt 0.247487 -0.247487 0.000000
vt -0.247487 -0.247487 0.000000
vt 0.175000 -0.303109 0.000000
vt -0.175000 -0.303109 0.000000
vt 0.090587 -0.338074 0.000000
vt -0.090587 -0.338074 0.000000
vt -0.000000 -0.350000 0.000000
vt -0.303109 0.175000 0.000000
vt 0.303109 0.175000 0.000000
vt -0.247487 0.247487 0.000000
vt 0.247487 0.247487 0.000000
vt -0.175000 0.303109 0.000000
vt 0.175000 0.303109 0.000000
vt -0.090587 0.338074 0.000000
vt 0.090587 0.338074 0.000000
vt -0.000000 0.350000 0.000000
vn -0.965926 -0.000000 0.258819
vn -0.965926 -0.000000 0.258819
vn -1.000000 -0.000000 0.000000
vn -1.000000 -0.000000 0.000000
vn -0.965926 -0.000000 -0.258819
vn -0.965926 -0.000000 -0.258819
vn -0.866025 -0.000000 -0.500000
vn -0.866025 -0.000000 -0.500000
vn -0.707107 -0.000000 -0.707107
vn -0.707107 -0.000000 -0.707107
vn -0.500000 -0.000000 -0.866025
vn -0.500000 -0.000000 -0.866025
vn -0.258819 -0.000000 -0.965926
vn -0.258819 -0.000000 -0.965926
vn 0.000000 -0.000000 -1.000000
vn 0.000000 -0.000000 -1.000000
vn 0.258819 -0.000000 -0.965926
vn 0.258819 -0.000000 -0.965926
vn 0.500000 -0.000000 -0.866025
vn 0.500000 -0.000000 -0.866025
vn 0.707107 -0.000000 -0.707107
vn 0.707107 -0.000000 -0.707107
vn 0.866025 -0.000000 -0.500000
vn 0.866025 -0.000000 -0.500000
vn 0.965926 -0.000000 -0.258819
vn 0.965926 -0.000000 -0.258819
vn 1.000000 0.000000 -0.000000
vn 1.000000 0.000000 -0.000000
vn 0.965926 0.000000 0.258819
vn 0.965926 0.000000 0.258819
vn 0.866025 0.000000 0.500000
vn 0.866025 0.000000 0.500000
vn 0.707107 0.000000 0.707107
vn 0.707107 0.000000 0.707107
vn 0.500000 0.000000 0.866025
vn 0.500000 0.000000 0.866025
vn 0.258819 0.000000 0.965926
vn 0.258819 0.000000 0.965926
vn 0.000000 0.000000 1.000000
vn 0.000000 0.000000 1.000000
vn -0.258819 -0.000000 0.965926
vn -0.258819 -0.000000 0.965926
vn -0.500000 -0.000000 0.866025
vn -0.500000 -0.000000 0.866025
vn -0.707107 -0.000000 0.707107
vn -0.707107 -0.000000 0.707107
vn -0.866025 -0.000000 0.500000
vn -0.866025 -0.000000 0.500000
vn -0.965926 -0.000000 -0.258819
vn -0.965926 -0.000000 -0.258819
vn -1.000000 -0.000000 -0.000000
vn -1.000000 -0.000000 -0.000000
vn -0.965926 -0.000000 0.258819
vn -0.965926 -0.000000 0.258819
vn -0.866025 -0.000000 0.500000
vn -0.866025 -0.000000 0.500000
vn -0.707107 -0.000000 0.707107
vn -0.707107 -0.000000 0.707107
vn -0.500000 -0.000000 0.866025
vn -0.500000 -0.000000 0.866025
vn -0.258819 -0.000000 0.965926
vn -0.258819 -0.000000 0.965926
vn 0.000000 0.000000 1.000000
vn 0.000000 0.000000 1.000000
vn 0.258819 0.000000 0.965926
vn 0.258819 0.000000 0.965926
vn 0.500000 0.000000 0.866025
vn 0.500000 0.000000 0.866025
vn 0.707107 0.000000 0.707107
vn 0.707107 0.000000 0.707107
vn 0.866025 0.000000 0.500000
vn 0.866025 0.000000 0.500000
vn 0.965926 0.000000 0.258819
vn 0.965926 0.000000 0.258819
vn 1.000000 0.000000 -0.000000
vn 1.000000 0.000000 -0.000000
vn 0.965926 -0.000000 -0.258819
vn 0.965926 -0.000000 -0.258819
vn 0.866025 -0.000000 -0.500000
vn 0.866025 -0.000000 -0.500000
vn 0.707107 -0.000000 -0.707107
vn 0.707107 -0.000000 -0.707107
vn 0.500000 -0.000000 -0.866025
vn 0.500000 -0.000000 -0.866025
vn 0.258819 -0.000000 -0.965926
vn 0.258819 -0.000000 -0.965926
vn 0.000000 -0.000000 -1.000000
vn 0.000000 -0.000000 -1.000000
vn -0.258819 -0.000000 -0.965926
vn -0.258819 -0.000000 -0.965926
vn -0.500000 -0.000000 -0.866025
vn -0.500000 -0.000000 -0.866025
vn -0.707107 -0.000000 -0.707107
vn -0.707107 -0.000000 -0.707107
vn -0.866025 -0.000000 -0.500000
vn -0.866025 -0.000000 -0.500000
vn -1.000000 -0.000000 -0.000000
vn -0.965926 -0.000000 -0.258819
vn -0.866025 -0.000000 -0.500000
vn -0.707107 -0.000000 -0.707107
vn -0.500000 -0.000000 -0.866025
vn -0.258819 -0.000000 -0.965926
vn 0.000000 -0.000000 -1.000000
vn 0.258819 -0.000000 -0.965926
vn 0.500000 -0.000000 -0.866025
vn 0.707107 -0.000000 -0.707107
vn 0.866025 -0.000000 -0.500000
vn 0.965926 -0.000000 -0.258819
vn 1.000000 0.000000 -0.000000
vn 0.965926 0.000000 0.258819
vn 0.866025 0.000000 0.500000
vn 0.707107 0.000000 0.707107
vn 0.500000 0.000000 0.866025
vn 0.258819 0.000000 0.965926
vn 0.000000 0.000000 1.000000
vn -0.258819 -0.000000 0.965926
vn -0.500000 -0.000000 0.866025
vn -0.707107 -0.000000 0.707107
vn -0.866025 -0.000000 0.500000
vn -0.965926 -0.000000 0.258819
vn -1.000000 -0.000000 -0.000000
vn -0.965926 -0.000000 -0.258819
vn -0.866025 -0.000000 -0.500000
vn -0.707107 -0.000000 -0.707107
vn -0.500000 -0.000000 -0.866025
vn -0.258819 -0.000000 -0.965926
vn 0.000000 -0.000000 -1.000000
vn 0.258819 -0.000000 -0.965926
vn 0.500000 -0.000000 -0.866025
vn 0.707107 -0.000000 -0.707107
vn 0.866025 -0.000000 -0.500000
vn 0.965926 -0.000000 -0.258819
vn 1.000000 0.000000 -0.000000
vn 0.965926 0.000000 0.258819
vn 0.866025 0.000000 0.500000
vn 0.707107 0.000000 0.707107
vn 0.500000 0.000000 0.866025
vn 0.258819 0.000000 0.965926
vn 0.000000 0.000000 1.000000
vn -0.258819 -0.000000 0.965926
vn -0.500000 -0.000000 0.866025
vn -0.707107 -0.000000 0.707107
vn -0.866025 -0.000000 0.500000
vn -0.965926 -0.000000 0.258819
vn -1.000000 -0.000000 -0.000000
vn -0.965926 -0.000000 -0.258819
vn -0.866025 -0.000000 -0.500000
vn -0.707107 -0.000000 -0.707107
vn -0.500000 -0.000000 -0.866025
vn -0.258819 -0.000000 -0.965926
vn 0.000000 -0.000000 -1.000000
vn 0.258819 -0.000000 -0.965926
vn 0.500000 -0.000000 -0.866025
vn 0.707107 -0.000000 -0.707107
vn 0.866025 -0.000000 -0.500000
vn 0.965926 -0.000000 -0.258819
vn 1.000000 0.000000 -0.000000
vn 0.965926 0.000000 0.258819
vn 0.866025 0.000000 0.500000
vn 0.707107 0.000000 0.707107
vn 0.500000 0.000000 0.866025
vn 0.258819 0.000000 0.965926
vn 0.000000 0.000000 1.000000
vn -0.258819 -0.000000 0.965926
vn -0.500000 -0.000000 0.866025
vn -0.707107 -0.000000 0.707107
vn -0.866025 -0.000000 0.500000
vn -0.965926 -0.000000 0.258819
vn -1.000000 -0.000000 -0.000000
vn -0.965926 -0.000000 -0.258819
vn -0.866025 -0.000000 -0.500000
vn -0.707107 -0.000000 -0.707107
vn -0.500000 -0.000000 -0.866025
vn -0.258819 -0.000000 -0.965926
vn 0.000000 -0.000000 -1.000000
vn 0.258819 -0.000000 -0.965926
vn 0.500000 -0.000000 -0.866025
vn 0.707107 -0.000000 -0.707107
vn 0.866025 -0.000000 -0.500000
vn 0.965926 -0.000000 -0.258819
vn 1.000000 0.000000 -0.000000
vn 0.965926 0.000000 0.258819
vn 0.866025 0.000000 0.500000
vn 0.707107 0.000000 0.707107
vn 0.500000 0.000000 0.866025
vn 0.258819 0.000000 0.965926
vn 0.000000 0.000000 1.000000
vn -0.258819 -0.000000 0.965926
vn -0.500000 -0.000000 0.866025
vn -0.707107 -0.000000 0.707107
vn -0.866025 -0.000000 0.500000
vn -0.965926 -0.000000 0.258819
vn -1.000000 -0.000000 -0.000000
vn -0.965926 -0.000000 -0.258819
vn -0.866025 -0.000000 -0.500000
vn -0.707107 -0.000000 -0.707107
vn -0.500000 -0.000000 -0.866025
vn -0.258819 -0.000000 -0.965926
vn 0.000000 -0.000000 -1.000000
vn 0.258819 -0.000000 -0.965926
vn 0.500000 -0.000000 -0.866025
vn 0.707107 -0.000000 -0.707107
vn 0.866025 -0.000000 -0.500000
vn 0.965926 -0.000000 -0.258819
vn 1.000000 0.000000 -0.000000
vn 0.965926 0.000000 0.258819
vn 0.866025 0.000000 0.500000
vn 0.707107 0.000000 0.707107
vn 0.500000 0.000000 0.866025
vn 0.258819 0.000000 0.965926
vn 0.000000 0.000000 1.000000
vn -0.258819 -0.000000 0.965926
vn -0.500000 -0.000000 0.866025
vn -0.707107 -0.000000 0.707107
vn -0.866025 -0.000000 0.500000
vn -0.965926 -0.000000 0.258819
vn 0.000000 -1.000000 0.000000
vn 0.000000 -1.000000 0.000000
vn 0.000000 -1.000000 0.000000
vn 0.000000 -1.000000 0.000000
vn 0.000000 -1.000000 0.000000
vn 0.000000 -1.000000 0.000000
vn 0.000000 -1.000000 0.000000
vn 0.000000 -1.000000 0.000000
vn 0.000000 -1.000000 0.000000
vn 0.000000 -1.000000 0.000000
vn 0.000000 -1.000000 0.000000
vn 0.000000 -1.000000 0.000000
vn 0.000000 -1.000000 0.000000
vn 0.000000 -1.000000 0.000000
vn 0.000000 -1.000000 0.000000
vn 0.000000 -1.000000 0.000000
vn 0.000000 -1.000000 0.000000
vn 0.000000 -1.000000 0.000000
vn 0.000000 -1.000000 0.000000
vn 0.000000 -1.000000 0.000000
vn 0.000000 -1.000000 0.000000
vn 0.000000 -1.000000 0.000000
vn 0.000000 -1.000000 0.000000
vn 0.000000 -1.000000 0.000000
vn -0.000000 1.000000 -0.000000
vn -0.000000 1.000000 -0.000000
vn -0.000000 1.000000 -0.000000
vn -0.000000 1.000000 -0.000000
vn -0.000000 1.000000 -0.000000
vn -0.000000 1.000000 -0.000000
vn -0.000000 1.000000 -0.000000
vn -0.000000 1.000000 -0.000000
vn -0.000000 1.000000 -0.000000
vn -0.000000 1.000000 -0.000000
vn -0.000000 1.000000 -0.000000
vn -0.000000 1.000000 -0.000000
vn -0.000000 1.000000 -0.000000
vn -0.000000 1.000000 -0.000000
vn -0.000000 1.000000 -0.000000
vn -0.000000 1.000000 -0.000000
vn -0.000000 1.000000 -0.000000
vn -0.000000 1.000000 -0.000000
vn -0.000000 1.000000 -0.000000
vn -0.000000 1.000000 -0.000000
vn -0.000000 1.000000 -0.000000
vn -0.000000 1.000000 -0.000000
vn -0.000000 1.000000 -0.000000
vn -0.000000 1.000000 -0.000000
usemtl Aluminum_-_Bead_Blasted
f 1995/2644/2316 2049/2645/2317 1994/2646/2318
f 1994/2646/2318 2049/2645/2317 2042/2647/2319
f 1994/2648/2318 2042/2649/2319 2017/2650/2320
f 2017/2650/2320 2042/2649/2319 2203/2651/2321
f 2017/2650/2320 2203/2651/2321 2016/2652/2322
f 2016/2652/2322 2203/2651/2321 2196/2653/2323
f 2016/2652/2322 2196/2653/2323 2015/2654/2324
f 2015/2654/2324 2196/2653/2323 2189/2655/2325
f 2015/2654/2324 2189/2655/2325 2014/2656/2326
f 2014/2656/2326 2189/2655/2325 2182/2657/2327
f 2014/2656/2326 2182/2657/2327 2013/2658/2328
f 2013/2658/2328 2182/2657/2327 2175/2659/2329
f 2013/2658/2328 2175/2659/2329 2012/2660/2330
f 2012/2660/2330 2175/2659/2329 2168/2661/2331
f 2012/2660/2330 2168/2661/2331 2011/2662/2332
f 2011/2662/2332 2168/2661/2331 2161/2663/2333
f 2011/2662/2332 2161/2663/2333 2010/2664/2334
f 2010/2664/2334 2161/2663/2333 2154/2665/2335
f 2010/2664/2334 2154/2665/2335 2009/2666/2336
f 2009/2666/2336 2154/2665/2335 2147/2667/2337
f 2009/2666/2336 2147/2667/2337 2008/2668/2338
f 2008/2668/2338 2147/2667/2337 2140/2669/2339
f 2008/2668/2338 2140/2669/2339 2007/2670/2340
f 2007/2670/2340 2140/2669/2339 2133/2671/2341
f 2007/2670/2340 2133/2671/2341 2006/2672/2342
f 2006/2672/2342 2133/2671/2341 2126/2673/2343
f 2006/2672/2342 2126/2673/2343 2005/2674/2344
f 2005/2674/2344 2126/2673/2343 2119/2675/2345
f 2005/2674/2344 2119/2675/2345 2004/2676/2346
f 2004/2676/2346 2119/2675/2345 2112/2677/2347
f 2004/2676/2346 2112/2677/2347 2003/2678/2348
f 2003/2678/2348 2112/2677/2347 2105/2679/2349
f 2003/2678/2348 2105/2679/2349 2002/2680/2350
f 2002/2680/2350 2105/2679/2349 2098/2681/2351
f 2002/2680/2350 2098/2681/2351 2001/2682/2352
f 2001/2682/2352 2098/2681/2351 2091/2683/2353
f 2001/2682/2352 2091/2683/2353 2000/2684/2354
f 2000/2684/2354 2091/2683/2353 2084/2685/2355
f 2000/2684/2354 2084/2685/2355 1999/2686/2356
f 1999/2686/2356 2084/2685/2355 2077/2687/2357
f 1999/2686/2356 2077/2687/2357 1998/2688/2358
f 1998/2688/2358 2077/2687/2357 2070/2689/2359
f 1998/2688/2358 2070/2689/2359 1997/2690/2360
f 1997/2690/2360 2070/2689/2359 2063/2691/2361
f 1997/2690/2360 2063/2691/2361 1996/2692/2362
f 1996/2692/2362 2063/2691/2361 2056/2693/2363
f 1996/2692/2362 2056/2693/2363 1995/2644/2316
f 1995/2644/2316 2056/2693/2363 2049/2645/2317
f 2019/2694/2364 2209/2695/2365 2018/2696/2366
f 2018/2696/2366 2209/2695/2365 2048/2697/2367
f 2018/2698/2366 2048/2699/2367 2041/2700/2368
f 2041/2700/2368 2048/2699/2367 2055/2701/2369
f 2041/2700/2368 2055/2701/2369 2040/2702/2370
f 2040/2702/2370 2055/2701/2369 2062/2703/2371
f 2040/2702/2370 2062/2703/2371 2039/2704/2372
f 2039/2704/2372 2062/2703/2371 2069/2705/2373
f 2039/2704/2372 2069/2705/2373 2038/2706/2374
f 2038/2706/2374 2069/2705/2373 2076/2707/2375
f 2038/2706/2374 2076/2707/2375 2037/2708/2376
f 2037/2708/2376 2076/2707/2375 2083/2709/2377
f 2037/2708/2376 2083/2709/2377 2036/2710/2378
f 2036/2710/2378 2083/2709/2377 2090/2711/2379
f 2036/2710/2378 2090/2711/2379 2035/2712/2380
f 2035/2712/2380 2090/2711/2379 2097/2713/2381
f 2035/2712/2380 2097/2713/2381 2034/2714/2382
f 2034/2714/2382 2097/2713/2381 2104/2715/2383
f 2034/2714/2382 2104/2715/2383 2033/2716/2384
f 2033/2716/2384 2104/2715/2383 2111/2717/2385
f 2033/2716/2384 2111/2717/2385 2032/2718/2386
f 2032/2718/2386 2111/2717/2385 2118/2719/2387
f 2032/2718/2386 2118/2719/2387 2031/2720/2388
f 2031/2720/2388 2118/2719/2387 2125/2721/2389
f 2031/2720/2388 2125/2721/2389 2030/2722/2390
f 2030/2722/2390 2125/2721/2389 2132/2723/2391
f 2030/2722/2390 2132/2723/2391 2029/2724/2392
f 2029/2724/2392 2132/2723/2391 2139/2725/2393
f 2029/2724/2392 2139/2725/2393 2028/2726/2394
f 2028/2726/2394 2139/2725/2393 2146/2727/2395
f 2028/2726/2394 2146/2727/2395 2027/2728/2396
f 2027/2728/2396 2146/2727/2395 2153/2729/2397
f 2027/2728/2396 2153/2729/2397 2026/2730/2398
f 2026/2730/2398 2153/2729/2397 2160/2731/2399
f 2026/2730/2398 2160/2731/2399 2025/2732/2400
f 2025/2732/2400 2160/2731/2399 2167/2733/2401
f 2025/2732/2400 2167/2733/2401 2024/2734/2402
f 2024/2734/2402 2167/2733/2401 2174/2735/2403
f 2024/2734/2402 2174/2735/2403 2023/2736/2404
f 2023/2736/2404 2174/2735/2403 2181/2737/2405
f 2023/2736/2404 2181/2737/2405 2022/2738/2406
f 2022/2738/2406 2181/2737/2405 2188/2739/2407
f 2022/2738/2406 2188/2739/2407 2021/2740/2408
f 2021/2740/2408 2188/2739/2407 2195/2741/2409
f 2021/2740/2408 2195/2741/2409 2020/2742/2410
f 2020/2742/2410 2195/2741/2409 2202/2743/2411
f 2020/2742/2410 2202/2743/2411 2019/2694/2364
f 2019/2694/2364 2202/2743/2411 2209/2695/2365
f 2042/2649/2319 2043/2744/2412 2203/2651/2321
f 2203/2651/2321 2043/2744/2412 2204/2745/2413
f 2203/2651/2321 2204/2745/2413 2196/2653/2323
f 2196/2653/2323 2204/2745/2413 2197/2746/2414
f 2196/2653/2323 2197/2746/2414 2189/2655/2325
f 2189/2655/2325 2197/2746/2414 2190/2747/2415
f 2189/2655/2325 2190/2747/2415 2182/2657/2327
f 2182/2657/2327 2190/2747/2415 2183/2748/2416
f 2182/2657/2327 2183/2748/2416 2175/2659/2329
f 2175/2659/2329 2183/2748/2416 2176/2749/2417
f 2175/2659/2329 2176/2749/2417 2168/2661/2331
f 2168/2661/2331 2176/2749/2417 2169/2750/2418
f 2168/2661/2331 2169/2750/2418 2161/2663/2333
f 2161/2663/2333 2169/2750/2418 2162/2751/2419
f 2161/2663/2333 2162/2751/2419 2154/2665/2335
f 2154/2665/2335 2162/2751/2419 2155/2752/2420
f 2154/2665/2335 2155/2752/2420 2147/2667/2337
f 2147/2667/2337 2155/2752/2420 2148/2753/2421
f 2147/2667/2337 2148/2753/2421 2140/2669/2339
f 2140/2669/2339 2148/2753/2421 2141/2754/2422
f 2140/2669/2339 2141/2754/2422 2133/2671/2341
f 2133/2671/2341 2141/2754/2422 2134/2755/2423
f 2133/2671/2341 2134/2755/2423 2126/2673/2343
f 2126/2673/2343 2134/2755/2423 2127/2756/2424
f 2126/2673/2343 2127/2756/2424 2119/2675/2345
f 2119/2675/2345 2127/2756/2424 2120/2757/2425
f 2119/2675/2345 2120/2757/2425 2112/2677/2347
f 2112/2677/2347 2120/2757/2425 2113/2758/2426
f 2112/2677/2347 2113/2758/2426 2105/2679/2349
f 2105/2679/2349 2113/2758/2426 2106/2759/2427
f 2105/2679/2349 2106/2759/2427 2098/2681/2351
f 2098/2681/2351 2106/2759/2427 2099/2760/2428
f 2098/2681/2351 2099/2760/2428 2091/2683/2353
f 2091/2683/2353 2099/2760/2428 2092/2761/2429
f 2091/2683/2353 2092/2761/2429 2084/2685/2355
f 2084/2685/2355 2092/2761/2429 2085/2762/2430
f 2084/2685/2355 2085/2762/2430 2077/2687/2357
f 2077/2687/2357 2085/2762/2430 2078/2763/2431
f 2077/2687/2357 2078/2763/2431 2070/2689/2359
f 2070/2689/2359 2078/2763/2431 2071/2764/2432
f 2070/2689/2359 2071/2764/2432 2063/2691/2361
f 2063/2691/2361 2071/2764/2432 2064/2765/2433
f 2063/2691/2361 2064/2765/2433 2056/2693/2363
f 2056/2693/2363 2064/2765/2433 2057/2766/2434
f 2056/2693/2363 2057/2766/2434 2049/2645/2317
f 2049/2645/2317 2057/2766/2434 2050/2767/2435
f 2049/2645/2317 2050/2767/2435 2042/2647/2319
f 2042/2647/2319 2050/2767/2435 2043/2768/2412
f 2043/2744/2412 2044/2769/2436 2204/2745/2413
f 2204/2745/2413 2044/2769/2436 2205/2770/2437
f 2204/2745/2413 2205/2770/2437 2197/2746/2414
f 2197/2746/2414 2205/2770/2437 2198/2771/2438
f 2197/2746/2414 2198/2771/2438 2190/2747/2415
f 2190/2747/2415 2198/2771/2438 2191/2772/2439
f 2190/2747/2415 2191/2772/2439 2183/2748/2416
f 2183/2748/2416 2191/2772/2439 2184/2773/2440
f 2183/2748/2416 2184/2773/2440 2176/2749/2417
f 2176/2749/2417 2184/2773/2440 2177/2774/2441
f 2176/2749/2417 2177/2774/2441 2169/2750/2418
f 2169/2750/2418 2177/2774/2441 2170/2775/2442
f 2169/2750/2418 2170/2775/2442 2162/2751/2419
f 2162/2751/2419 2170/2775/2442 2163/2776/2443
f 2162/2751/2419 2163/2776/2443 2155/2752/2420
f 2155/2752/2420 2163/2776/2443 2156/2777/2444
f 2155/2752/2420 2156/2777/2444 2148/2753/2421
f 2148/2753/2421 2156/2777/2444 2149/2778/2445
f 2148/2753/2421 2149/2778/2445 2141/2754/2422
f 2141/2754/2422 2149/2778/2445 2142/2779/2446
f 2141/2754/2422 2142/2779/2446 2134/2755/2423
f 2134/2755/2423 2142/2779/2446 2135/2780/2447
f 2134/2755/2423 2135/2780/2447 2127/2756/2424
f 2127/2756/2424 2135/2780/2447 2128/2781/2448
f 2127/2756/2424 2128/2781/2448 2120/2757/2425
f 2120/2757/2425 2128/2781/2448 2121/2782/2449
f 2120/2757/2425 2121/2782/2449 2113/2758/2426
f 2113/2758/2426 2121/2782/2449 2114/2783/2450
f 2113/2758/2426 2114/2783/2450 2106/2759/2427
f 2106/2759/2427 2114/2783/2450 2107/2784/2451
f 2106/2759/2427 2107/2784/2451 2099/2760/2428
f 2099/2760/2428 2107/2784/2451 2100/2785/2452
f 2099/2760/2428 2100/2785/2452 2092/2761/2429
f 2092/2761/2429 2100/2785/2452 2093/2786/2453
f 2092/2761/2429 2093/2786/2453 2085/2762/2430
f 2085/2762/2430 2093/2786/2453 2086/2787/2454
f 2085/2762/2430 2086/2787/2454 2078/2763/2431
f 2078/2763/2431 2086/2787/2454 2079/2788/2455
f 2078/2763/2431 2079/2788/2455 2071/2764/2432
f 2071/2764/2432 2079/2788/2455 2072/2789/2456
f 2071/2764/2432 2072/2789/2456 2064/2765/2433
f 2064/2765/2433 2072/2789/2456 2065/2790/2457
f 2064/2765/2433 2065/2790/2457 2057/2766/2434
f 2057/2766/2434 2065/2790/2457 2058/2791/2458
f 2057/2766/2434 2058/2791/2458 2050/2767/2435
f 2050/2767/2435 2058/2791/2458 2051/2792/2459
f 2050/2767/2435 2051/2792/2459 2043/2768/2412
f 2043/2768/2412 2051/2792/2459 2044/2793/2436
f 2044/2769/2436 2045/2794/2460 2205/2770/2437
f 2205/2770/2437 2045/2794/2460 2206/2795/2461
f 2205/2770/2437 2206/2795/2461 2198/2771/2438
f 2198/2771/2438 2206/2795/2461 2199/2796/2462
f 2198/2771/2438 2199/2796/2462 2191/2772/2439
f 2191/2772/2439 2199/2796/2462 2192/2797/2463
f 2191/2772/2439 2192/2797/2463 2184/2773/2440
f 2184/2773/2440 2192/2797/2463 2185/2798/2464
f 2184/2773/2440 2185/2798/2464 2177/2774/2441
f 2177/2774/2441 2185/2798/2464 2178/2799/2465
f 2177/2774/2441 2178/2799/2465 2170/2775/2442
f 2170/2775/2442 2178/2799/2465 2171/2800/2466
f 2170/2775/2442 2171/2800/2466 2163/2776/2443
f 2163/2776/2443 2171/2800/2466 2164/2801/2467
f 2163/2776/2443 2164/2801/2467 2156/2777/2444
f 2156/2777/2444 2164/2801/2467 2157/2802/2468
f 2156/2777/2444 2157/2802/2468 2149/2778/2445
f 2149/2778/2445 2157/2802/2468 2150/2803/2469
f 2149/2778/2445 2150/2803/2469 2142/2779/2446
f 2142/2779/2446 2150/2803/2469 2143/2804/2470
f 2142/2779/2446 2143/2804/2470 2135/2780/2447
f 2135/2780/2447 2143/2804/2470 2136/2805/2471
f 2135/2780/2447 2136/2805/2471 2128/2781/2448
f 2128/2781/2448 2136/2805/2471 2129/2806/2472
f 2128/2781/2448 2129/2806/2472 2121/2782/2449
f 2121/2782/2449 2129/2806/2472 2122/2807/2473
f 2121/2782/2449 2122/2807/2473 2114/2783/2450
f 2114/2783/2450 2122/2807/2473 2115/2808/2474
f 2114/2783/2450 2115/2808/2474 2107/2784/2451
f 2107/2784/2451 2115/2808/2474 2108/2809/2475
f 2107/2784/2451 2108/2809/2475 2100/2785/2452
f 2100/2785/2452 2108/2809/2475 2101/2810/2476
f 2100/2785/2452 2101/2810/2476 2093/2786/2453
f 2093/2786/2453 2101/2810/2476 2094/2811/2477
f 2093/2786/2453 2094/2811/2477 2086/2787/2454
f 2086/2787/2454 2094/2811/2477 2087/2812/2478
f 2086/2787/2454 2087/2812/2478 2079/2788/2455
f 2079/2788/2455 2087/2812/2478 2080/2813/2479
f 2079/2788/2455 2080/2813/2479 2072/2789/2456
f 2072/2789/2456 2080/2813/2479 2073/2814/2480
f 2072/2789/2456 2073/2814/2480 2065/2790/2457
f 2065/2790/2457 2073/2814/2480 2066/2815/2481
f 2065/2790/2457 2066/2815/2481 2058/2791/2458
f 2058/2791/2458 2066/2815/2481 2059/2816/2482
f 2058/2791/2458 2059/2816/2482 2051/2792/2459
f 2051/2792/2459 2059/2816/2482 2052/2817/2483
f 2051/2792/2459 2052/2817/2483 2044/2793/2436
f 2044/2793/2436 2052/2817/2483 2045/2818/2460
f 2045/2794/2460 2046/2819/2484 2206/2795/2461
f 2206/2795/2461 2046/2819/2484 2207/2820/2485
f 2206/2795/2461 2207/2820/2485 2199/2796/2462
f 2199/2796/2462 2207/2820/2485 2200/2821/2486
f 2199/2796/2462 2200/2821/2486 2192/2797/2463
f 2192/2797/2463 2200/2821/2486 2193/2822/2487
f 2192/2797/2463 2193/2822/2487 2185/2798/2464
f 2185/2798/2464 2193/2822/2487 2186/2823/2488
f 2185/2798/2464 2186/2823/2488 2178/2799/2465
f 2178/2799/2465 2186/2823/2488 2179/2824/2489
f 2178/2799/2465 2179/2824/2489 2171/2800/2466
f 2171/2800/2466 2179/2824/2489 2172/2825/2490
f 2171/2800/2466 2172/2825/2490 2164/2801/2467
f 2164/2801/2467 2172/2825/2490 2165/2826/2491
f 2164/2801/2467 2165/2826/2491 2157/2802/2468
f 2157/2802/2468 2165/2826/2491 2158/2827/2492
f 2157/2802/2468 2158/2827/2492 2150/2803/2469
f 2150/2803/2469 2158/2827/2492 2151/2828/2493
f 2150/2803/2469 2151/2828/2493 2143/2804/2470
f 2143/2804/2470 2151/2828/2493 2144/2829/2494
f 2143/2804/2470 2144/2829/2494 2136/2805/2471
f 2136/2805/2471 2144/2829/2494 2137/2830/2495
f 2136/2805/2471 2137/2830/2495 2129/2806/2472
f 2129/2806/2472 2137/2830/2495 2130/2831/2496
f 2129/2806/2472 2130/2831/2496 2122/2807/2473
f 2122/2807/2473 2130/2831/2496 2123/2832/2497
f 2122/2807/2473 2123/2832/2497 2115/2808/2474
f 2115/2808/2474 2123/2832/2497 2116/2833/2498
f 2115/2808/2474 2116/2833/2498 2108/2809/2475
f 2108/2809/2475 2116/2833/2498 2109/2834/2499
f 2108/2809/2475 2109/2834/2499 2101/2810/2476
f 2101/2810/2476 2109/2834/2499 2102/2835/2500
f 2101/2810/2476 2102/2835/2500 2094/2811/2477
f 2094/2811/2477 2102/2835/2500 2095/2836/2501
f 2094/2811/2477 2095/2836/2501 2087/2812/2478
f 2087/2812/2478 2095/2836/2501 2088/2837/2502
f 2087/2812/2478 2088/2837/2502 2080/2813/2479
f 2080/2813/2479 2088/2837/2502 2081/2838/2503
f 2080/2813/2479 2081/2838/2503 2073/2814/2480
f 2073/2814/2480 2081/2838/2503 2074/2839/2504
f 2073/2814/2480 2074/2839/2504 2066/2815/2481
f 2066/2815/2481 2074/2839/2504 2067/2840/2505
f 2066/2815/2481 2067/2840/2505 2059/2816/2482
f 2059/2816/2482 2067/2840/2505 2060/2841/2506
f 2059/2816/2482 2060/2841/2506 2052/2817/2483
f 2052/2817/2483 2060/2841/2506 2053/2842/2507
f 2052/2817/2483 2053/2842/2507 2045/2818/2460
f 2045/2818/2460 2053/2842/2507 2046/2843/2484
f 2046/2819/2484 2047/2844/2508 2207/2820/2485
f 2207/2820/2485 2047/2844/2508 2208/2845/2509
f 2207/2820/2485 2208/2845/2509 2200/2821/2486
f 2200/2821/2486 2208/2845/2509 2201/2846/2510
f 2200/2821/2486 2201/2846/2510 2193/2822/2487
f 2193/2822/2487 2201/2846/2510 2194/2847/2511
f 2193/2822/2487 2194/2847/2511 2186/2823/2488
f 2186/2823/2488 2194/2847/2511 2187/2848/2512
f 2186/2823/2488 2187/2848/2512 2179/2824/2489
f 2179/2824/2489 2187/2848/2512 2180/2849/2513
f 2179/2824/2489 2180/2849/2513 2172/2825/2490
f 2172/2825/2490 2180/2849/2513 2173/2850/2514
f 2172/2825/2490 2173/2850/2514 2165/2826/2491
f 2165/2826/2491 2173/2850/2514 2166/2851/2515
f 2165/2826/2491 2166/2851/2515 2158/2827/2492
f 2158/2827/2492 2166/2851/2515 2159/2852/2516
f 2158/2827/2492 2159/2852/2516 2151/2828/2493
f 2151/2828/2493 2159/2852/2516 2152/2853/2517
f 2151/2828/2493 2152/2853/2517 2144/2829/2494
f 2144/2829/2494 2152/2853/2517 2145/2854/2518
f 2144/2829/2494 2145/2854/2518 2137/2830/2495
f 2137/2830/2495 2145/2854/2518 2138/2855/2519
f 2137/2830/2495 2138/2855/2519 2130/2831/2496
f 2130/2831/2496 2138/2855/2519 2131/2856/2520
f 2130/2831/2496 2131/2856/2520 2123/2832/2497
f 2123/2832/2497 2131/2856/2520 2124/2857/2521
f 2123/2832/2497 2124/2857/2521 2116/2833/2498
f 2116/2833/2498 2124/2857/2521 2117/2858/2522
f 2116/2833/2498 2117/2858/2522 2109/2834/2499
f 2109/2834/2499 2117/2858/2522 2110/2859/2523
f 2109/2834/2499 2110/2859/2523 2102/2835/2500
f 2102/2835/2500 2110/2859/2523 2103/2860/2524
f 2102/2835/2500 2103/2860/2524 2095/2836/2501
f 2095/2836/2501 2103/2860/2524 2096/2861/2525
f 2095/2836/2501 2096/2861/2525 2088/2837/2502
f 2088/2837/2502 2096/2861/2525 2089/2862/2526
f 2088/2837/2502 2089/2862/2526 2081/2838/2503
f 2081/2838/2503 2089/2862/2526 2082/2863/2527
f 2081/2838/2503 2082/2863/2527 2074/2839/2504
f 2074/2839/2504 2082/2863/2527 2075/2864/2528
f 2074/2839/2504 2075/2864/2528 2067/2840/2505
f 2067/2840/2505 2075/2864/2528 2068/2865/2529
f 2067/2840/2505 2068/2865/2529 2060/2841/2506
f 2060/2841/2506 2068/2865/2529 2061/2866/2530
f 2060/2841/2506 2061/2866/2530 2053/2842/2507
f 2053/2842/2507 2061/2866/2530 2054/2867/2531
f 2053/2842/2507 2054/2867/2531 2046/2843/2484
f 2046/2843/2484 2054/2867/2531 2047/2868/2508
f 2047/2844/2508 2048/2697/2367 2208/2845/2509
f 2208/2845/2509 2048/2697/2367 2209/2695/2365
f 2208/2845/2509 2209/2695/2365 2201/2846/2510
f 2201/2846/2510 2209/2695/2365 2202/2743/2411
f 2201/2846/2510 2202/2743/2411 2194/2847/2511
f 2194/2847/2511 2202/2743/2411 2195/2741/2409
f 2194/2847/2511 2195/2741/2409 2187/2848/2512
f 2187/2848/2512 2195/2741/2409 2188/2739/2407
f 2187/2848/2512 2188/2739/2407 2180/2849/2513
f 2180/2849/2513 2188/2739/2407 2181/2737/2405
f 2180/2849/2513 2181/2737/2405 2173/2850/2514
f 2173/2850/2514 2181/2737/2405 2174/2735/2403
f 2173/2850/2514 2174/2735/2403 2166/2851/2515
f 2166/2851/2515 2174/2735/2403 2167/2733/2401
f 2166/2851/2515 2167/2733/2401 2159/2852/2516
f 2159/2852/2516 2167/2733/2401 2160/2731/2399
f 2159/2852/2516 2160/2731/2399 2152/2853/2517
f 2152/2853/2517 2160/2731/2399 2153/2729/2397
f 2152/2853/2517 2153/2729/2397 2145/2854/2518
f 2145/2854/2518 2153/2729/2397 2146/2727/2395
f 2145/2854/2518 2146/2727/2395 2138/2855/2519
f 2138/2855/2519 2146/2727/2395 2139/2725/2393
f 2138/2855/2519 2139/2725/2393 2131/2856/2520
f 2131/2856/2520 2139/2725/2393 2132/2723/2391
f 2131/2856/2520 2132/2723/2391 2124/2857/2521
f 2124/2857/2521 2132/2723/2391 2125/2721/2389
f 2124/2857/2521 2125/2721/2389 2117/2858/2522
f 2117/2858/2522 2125/2721/2389 2118/2719/2387
f 2117/2858/2522 2118/2719/2387 2110/2859/2523
f 2110/2859/2523 2118/2719/2387 2111/2717/2385
f 2110/2859/2523 2111/2717/2385 2103/2860/2524
f 2103/2860/2524 2111/2717/2385 2104/2715/2383
f 2103/2860/2524 2104/2715/2383 2096/2861/2525
f 2096/2861/2525 2104/2715/2383 2097/2713/2381
f 2096/2861/2525 2097/2713/2381 2089/2862/2526
f 2089/2862/2526 2097/2713/2381 2090/2711/2379
f 2089/2862/2526 2090/2711/2379 2082/2863/2527
f 2082/2863/2527 2090/2711/2379 2083/2709/2377
f 2082/2863/2527 2083/2709/2377 2075/2864/2528
f 2075/2864/2528 2083/2709/2377 2076/2707/2375
f 2075/2864/2528 2076/2707/2375 2068/2865/2529
f 2068/2865/2529 2076/2707/2375 2069/2705/2373
f 2068/2865/2529 2069/2705/2373 2061/2866/2530
f 2061/2866/2530 2069/2705/2373 2062/2703/2371
f 2061/2866/2530 2062/2703/2371 2054/2867/2531
f 2054/2867/2531 2062/2703/2371 2055/2701/2369
f 2054/2867/2531 2055/2701/2369 2047/2868/2508
f 2047/2868/2508 2055/2701/2369 2048/2699/2367
f 2017/2869/2532 2007/2870/2533 1994/2871/2534
f 1994/2871/2534 2007/2870/2533 2006/2872/2535
f 1994/2871/2534 2006/2872/2535 1995/2873/2536
f 1995/2873/2536 2006/2872/2535 2005/2874/2537
f 1995/2873/2536 2005/2874/2537 1996/2875/2538
f 1996/2875/2538 2005/2874/2537 2004/2876/2539
f 1996/2875/2538 2004/2876/2539 1997/2877/2540
f 1997/2877/2540 2004/2876/2539 2003/2878/2541
f 1997/2877/2540 2003/2878/2541 1998/2879/2542
f 1998/2879/2542 2003/2878/2541 2002/2880/2543
f 1998/2879/2542 2002/2880/2543 1999/2881/2544
f 1999/2881/2544 2002/2880/2543 2001/2882/2545
f 1999/2881/2544 2001/2882/2545 2000/2883/2546
f 2007/2870/2533 2017/2869/2532 2008/2884/2547
f 2008/2884/2547 2017/2869/2532 2016/2885/2548
f 2008/2884/2547 2016/2885/2548 2009/2886/2549
f 2009/2886/2549 2016/2885/2548 2015/2887/2550
f 2009/2886/2549 2015/2887/2550 2010/2888/2551
f 2010/2888/2551 2015/2887/2550 2014/2889/2552
f 2010/2888/2551 2014/2889/2552 2011/2890/2553
f 2011/2890/2553 2014/2889/2552 2013/2891/2554
f 2011/2890/2553 2013/2891/2554 2012/2892/2555
f 2041/2893/2556 2031/2894/2557 2018/2895/2558
f 2018/2895/2558 2031/2894/2557 2030/2896/2559
f 2018/2895/2558 2030/2896/2559 2019/2897/2560
f 2019/2897/2560 2030/2896/2559 2029/2898/2561
f 2019/2897/2560 2029/2898/2561 2020/2899/2562
f 2020/2899/2562 2029/2898/2561 2028/2900/2563
f 2020/2899/2562 2028/2900/2563 2021/2901/2564
f 2021/2901/2564 2028/2900/2563 2027/2902/2565
f 2021/2901/2564 2027/2902/2565 2022/2903/2566
f 2022/2903/2566 2027/2902/2565 2026/2904/2567
f 2022/2903/2566 2026/2904/2567 2023/2905/2568
f 2023/2905/2568 2026/2904/2567 2025/2906/2569
f 2023/2905/2568 2025/2906/2569 2024/2907/2570
f 2031/2894/2557 2041/2893/2556 2032/2908/2571
f 2032/2908/2571 2041/2893/2556 2040/2909/2572
f 2032/2908/2571 2040/2909/2572 2033/2910/2573
f 2033/2910/2573 2040/2909/2572 2039/2911/2574
f 2033/2910/2573 2039/2911/2574 2034/2912/2575
f 2034/2912/2575 2039/2911/2574 2038/2913/2576
f 2034/2912/2575 2038/2913/2576 2035/2914/2577
f 2035/2914/2577 2038/2913/2576 2037/2915/2578
f 2035/2914/2577 2037/2915/2578 2036/2916/2579
g Body1:2

v -0.346410 -11.000000 -0.050000
v -0.345642 -10.930980 -0.055157
v -0.344285 -10.861078 -0.063099
v -0.342124 -10.790972 -0.073840
v -0.338925 -10.721337 -0.087390
v -0.334353 -10.652810 -0.103576
v -0.328059 -10.586002 -0.122059
v -0.319693 -10.521525 -0.142498
v -0.308905 -10.459979 -0.164554
v -0.294290 -10.397962 -0.189453
v -0.274418 -10.335570 -0.217233
v -0.249023 -10.277109 -0.245923
v -0.217510 -10.224453 -0.274092
v -0.197675 -10.198708 -0.288692
v -0.176051 -10.175180 -0.302482
v -0.152891 -10.154853 -0.314822
v -0.126489 -10.136459 -0.326313
v -0.097235 -10.120966 -0.336221
v -0.065735 -10.109453 -0.343729
v -0.032945 -10.102397 -0.348396
v 0.000000 -10.100000 -0.350000
v 0.032945 -10.102397 -0.348396
v 0.065735 -10.109453 -0.343729
v 0.097235 -10.120966 -0.336221
v 0.126489 -10.136459 -0.326313
v 0.152891 -10.154853 -0.314822
v 0.176051 -10.175180 -0.302482
v 0.197675 -10.198708 -0.288692
v 0.217510 -10.224453 -0.274092
v 0.249023 -10.277109 -0.245923
v 0.274418 -10.335570 -0.217233
v 0.294290 -10.397962 -0.189453
v 0.308905 -10.459979 -0.164554
v 0.319693 -10.521525 -0.142498
v 0.328059 -10.586002 -0.122059
v 0.334353 -10.652810 -0.103576
v 0.338925 -10.721337 -0.087390
v 0.342124 -10.790972 -0.073840
v 0.344285 -10.861078 -0.063099
v 0.345642 -10.930980 -0.055157
v 0.346410 -11.000000 -0.050000
v 0.349601 -11.000000 -0.016718
v 0.349601 -11.000000 0.016718
v 0.346410 -11.000000 0.050000
v -0.346410 -11.000000 0.050000
v -0.349601 -11.000000 0.016718
v -0.349601 -11.000000 -0.016718
v 0.344443 -10.866185 0.062425
v 0.339616 -10.733342 0.084843
v 0.335507 -10.667848 0.099695
v 0.329891 -10.603137 0.116951
v 0.322257 -10.539104 0.136606
v 0.312074 -10.476253 0.158463
v 0.298661 -10.414587 0.182549
v 0.281005 -10.354104 0.208766
v 0.258236 -10.296198 0.236290
v 0.229407 -10.242175 0.264340
v 0.192740 -10.192679 0.292170
v 0.171106 -10.170437 0.305331
v 0.147130 -10.150394 0.317573
v 0.120746 -10.132978 0.328513
v 0.092005 -10.118697 0.337691
v 0.061074 -10.108094 0.344629
v 0.028768 -10.101775 0.348813
v -0.004499 -10.100046 0.349969
v -0.038409 -10.103247 0.347830
v -0.071956 -10.111336 0.342493
v -0.103918 -10.124081 0.334210
v -0.133347 -10.140810 0.323568
v -0.159617 -10.160300 0.311476
v -0.182760 -10.181996 0.298438
v -0.204517 -10.207111 0.283873
v -0.224008 -10.233903 0.268859
v -0.240258 -10.260580 0.254507
v -0.267883 -10.318747 0.225227
v -0.289834 -10.382196 0.196203
v -0.306073 -10.446444 0.169762
v -0.317793 -10.509292 0.146676
v -0.326816 -10.575061 0.125344
v -0.333588 -10.643400 0.106017
v -0.338490 -10.713645 0.089067
v -0.341901 -10.785133 0.074863
v -0.344188 -10.857177 0.063623
v -0.345614 -10.929044 0.055340
v -0.350000 -10.000000 -0.000000
v -0.344683 -10.000000 -0.060777
v -0.328892 -10.000000 -0.119707
v -0.303109 -10.000000 -0.175000
v -0.268116 -10.000000 -0.224976
v -0.224976 -10.000000 -0.268116
v -0.175000 -10.000000 -0.303109
v -0.119707 -10.000000 -0.328892
v -0.060777 -10.000000 -0.344683
v 0.000000 -10.000000 -0.350000
v 0.060777 -10.000000 -0.344683
v 0.119707 -10.000000 -0.328892
v 0.175000 -10.000000 -0.303109
v 0.224976 -10.000000 -0.268116
v 0.268116 -10.000000 -0.224976
v 0.303109 -10.000000 -0.175000
v 0.328892 -10.000000 -0.119707
v 0.344683 -10.000000 -0.060777
v 0.350000 -10.000000 0.000000
v 0.344683 -10.000000 0.060777
v 0.328892 -10.000000 0.119707
v 0.303109 -10.000000 0.175000
v 0.268116 -10.000000 0.224976
v 0.224976 -10.000000 0.268116
v 0.175000 -10.000000 0.303109
v 0.119707 -10.000000 0.328892
v 0.060777 -10.000000 0.344683
v 0.000000 -10.000000 0.350000
v -0.060777 -10.000000 0.344683
v -0.119707 -10.000000 0.328892
v -0.175000 -10.000000 0.303109
v -0.224976 -10.000000 0.268116
v -0.268116 -10.000000 0.224976
v -0.303109 -10.000000 0.175000
v -0.328892 -10.000000 0.119707
v -0.344683 -10.000000 0.060777
vt -0.346410 0.000000 0.000000
vt 0.346410 0.000000 0.000000
vt -0.345642 0.069217 0.000000
vt 0.345642 0.069217 0.000000
vt 0.344285 0.139574 0.000000
vt 0.342124 0.210503 0.000000
vt -0.342124 0.210503 0.000000
vt -0.344285 0.139574 0.000000
vt 0.338925 0.281449 0.000000
vt -0.338925 0.281449 0.000000
vt -0.334353 0.351869 0.000000
vt 0.334353 0.351869 0.000000
vt 0.328059 0.421195 0.000000
vt 0.319693 0.488841 0.000000
vt -0.319693 0.488841 0.000000
vt -0.328059 0.421195 0.000000
vt 0.308905 0.554224 0.000000
vt -0.308905 0.554224 0.000000
vt -0.294290 0.621057 0.000000
vt 0.294290 0.621057 0.000000
vt 0.274418 0.689359 0.000000
vt 0.249023 0.754484 0.000000
vt -0.249023 0.754484 0.000000
vt -0.274418 0.689359 0.000000
vt -0.217510 0.814204 0.000000
vt 0.217510 0.814204 0.000000
vt 0.197675 0.843802 0.000000
vt 0.176051 0.871074 0.000000
vt -0.176051 0.871074 0.000000
vt -0.197675 0.843802 0.000000
vt -0.152891 0.894853 0.000000
vt 0.152891 0.894853 0.000000
vt -0.126489 0.916542 0.000000
vt 0.126489 0.916542 0.000000
vt -0.097235 0.934933 0.000000
vt 0.097235 0.934933 0.000000
vt -0.065735 0.948678 0.000000
vt 0.065735 0.948678 0.000000
vt -0.032945 0.957138 0.000000
vt 0.032945 0.957138 0.000000
vt 0.000000 0.960021 0.000000
vt -0.346410 -0.050000 0.000000
vt 0.346410 -0.050000 0.000000
vt -0.349601 -0.016718 0.000000
vt 0.349601 -0.016718 0.000000
vt -0.349601 0.016718 0.000000
vt 0.349601 0.016718 0.000000
vt -0.346410 0.050000 0.000000
vt 0.346410 0.050000 0.000000
vt -0.346410 0.000000 0.000000
vt 0.346410 0.000000 0.000000
vt -0.345614 0.071162 0.000000
vt 0.344443 0.134423 0.000000
vt -0.344188 0.143511 0.000000
vt -0.341901 0.216431 0.000000
vt 0.339616 0.269178 0.000000
vt -0.338490 0.289322 0.000000
vt 0.335507 0.336339 0.000000
vt -0.333588 0.361591 0.000000
vt 0.329891 0.403314 0.000000
vt -0.326816 0.432619 0.000000
vt 0.322257 0.470300 0.000000
vt -0.317793 0.501768 0.000000
vt 0.312074 0.536847 0.000000
vt -0.306073 0.568727 0.000000
vt 0.298661 0.603055 0.000000
vt -0.289834 0.638208 0.000000
vt 0.281005 0.668981 0.000000
vt -0.267883 0.707984 0.000000
vt 0.258236 0.733101 0.000000
vt -0.240258 0.773109 0.000000
vt 0.229407 0.793976 0.000000
vt -0.224008 0.803402 0.000000
vt -0.204517 0.834115 0.000000
vt 0.192740 0.850763 0.000000
vt -0.182760 0.863149 0.000000
vt 0.171106 0.876607 0.000000
vt -0.159617 0.888461 0.000000
vt 0.147130 0.900094 0.000000
vt -0.133347 0.911398 0.000000
vt 0.120746 0.920660 0.000000
vt -0.103918 0.931225 0.000000
vt 0.092005 0.937636 0.000000
vt -0.071956 0.946425 0.000000
vt 0.061074 0.950308 0.000000
vt -0.038409 0.956116 0.000000
vt 0.028768 0.957886 0.000000
vt -0.004499 0.959966 0.000000
vt -1.000000 -0.016724 0.000000
vt -1.000000 -0.050172 0.000000
vt -0.000000 -0.061087 0.000000
vt -0.930980 -0.055385 0.000000
vt -0.861078 -0.063443 0.000000
vt -0.790972 -0.074398 0.000000
vt -0.721337 -0.088322 0.000000
vt -0.652810 -0.105142 0.000000
vt -0.000000 -0.122173 0.000000
vt -0.586002 -0.124668 0.000000
vt -0.521525 -0.146755 0.000000
vt -0.000000 -0.183260 0.000000
vt -0.459979 -0.171313 0.000000
vt -0.397962 -0.200192 0.000000
vt -0.335570 -0.234362 0.000000
vt -0.000000 -0.244346 0.000000
vt -0.277109 -0.272697 0.000000
vt -0.000000 -0.305433 0.000000
vt -0.224453 -0.314997 0.000000
vt -0.198708 -0.339638 0.000000
vt -0.000000 -0.366519 0.000000
vt -0.175180 -0.365295 0.000000
vt -0.154853 -0.391545 0.000000
vt -0.000000 -0.427606 0.000000
vt -0.136459 -0.420349 0.000000
vt -0.120966 -0.451247 0.000000
vt -0.000000 -0.488692 0.000000
vt -0.109453 -0.483643 0.000000
vt -0.102397 -0.516780 0.000000
vt -0.000000 -0.549779 0.000000
vt -0.100000 -0.549779 0.000000
vt -0.102397 -0.582777 0.000000
vt 0.000000 -0.610865 0.000000
vt -0.109453 -0.615914 0.000000
vt -0.120966 -0.648311 0.000000
vt 0.000000 -0.671952 0.000000
vt -0.136459 -0.679208 0.000000
vt -0.154853 -0.708013 0.000000
vt 0.000000 -0.733038 0.000000
vt -0.175180 -0.734262 0.000000
vt -0.198708 -0.759919 0.000000
vt 0.000000 -0.794125 0.000000
vt -0.224453 -0.784561 0.000000
vt -0.277109 -0.826860 0.000000
vt 0.000000 -0.855211 0.000000
vt -0.335570 -0.865195 0.000000
vt -0.397962 -0.899365 0.000000
vt 0.000000 -0.916298 0.000000
vt -0.459979 -0.928245 0.000000
vt -0.521525 -0.952802 0.000000
vt 0.000000 -0.977384 0.000000
vt -0.586002 -0.974889 0.000000
vt -0.652810 -0.994415 0.000000
vt -0.721337 -1.011236 0.000000
vt 0.000000 -1.038471 0.000000
vt -0.790972 -1.025159 0.000000
vt -0.861078 -1.036115 0.000000
vt -0.930980 -1.044172 0.000000
vt -1.000000 -1.082834 0.000000
vt 0.000000 -1.099557 0.000000
vt 0.000000 1.099557 0.000000
vt -1.000000 1.116281 0.000000
vt -1.000000 1.082834 0.000000
vt -0.000000 1.038471 0.000000
vt -1.000000 1.049386 0.000000
vt -0.929044 1.043987 0.000000
vt -1.000000 -1.049386 0.000000
vt -0.857177 1.035582 0.000000
vt -0.785133 1.024112 0.000000
vt -0.713645 1.009503 0.000000
vt -0.000000 0.977384 0.000000
vt -0.643400 0.991857 0.000000
vt -0.575061 0.971377 0.000000
vt -0.509292 0.948212 0.000000
vt -0.000000 0.916298 0.000000
vt -0.446444 0.922317 0.000000
vt -0.382196 0.891276 0.000000
vt -0.000000 0.855211 0.000000
vt -0.318747 0.854870 0.000000
vt -0.260580 0.814591 0.000000
vt -0.000000 0.794125 0.000000
vt -0.233903 0.792906 0.000000
vt -0.207111 0.768291 0.000000
vt -0.000000 0.733038 0.000000
vt -0.181996 0.742096 0.000000
vt -0.160300 0.715525 0.000000
vt -0.000000 0.671952 0.000000
vt -0.140810 0.686596 0.000000
vt -0.124081 0.655289 0.000000
vt -0.000000 0.610865 0.000000
vt -0.111336 0.622258 0.000000
vt -0.103247 0.588271 0.000000
vt -0.000000 0.549779 0.000000
vt -0.100046 0.554278 0.000000
vt -0.101775 0.520978 0.000000
vt -0.000000 0.488692 0.000000
vt -0.108094 0.488391 0.000000
vt -0.118697 0.456680 0.000000
vt -0.000000 0.427606 0.000000
vt -0.132978 0.426500 0.000000
vt -0.150394 0.397929 0.000000
vt -0.000000 0.366519 0.000000
vt -0.170437 0.371002 0.000000
vt -0.192679 0.345675 0.000000
vt -0.000000 0.305433 0.000000
vt -0.242175 0.299611 0.000000
vt -0.296198 0.259367 0.000000
vt -0.000000 0.244346 0.000000
vt -0.354104 0.223635 0.000000
vt -0.000000 0.183260 0.000000
vt -0.414587 0.192022 0.000000
vt -0.476253 0.164446 0.000000
vt -0.000000 0.122173 0.000000
vt -0.539104 0.140330 0.000000
vt -0.603137 0.119241 0.000000
vt -0.667848 0.101093 0.000000
vt -0.733342 0.085683 0.000000
vt -0.000000 0.061087 0.000000
vt -0.866185 0.062751 0.000000
vt -1.000000 0.050172 0.000000
vt -1.000000 0.016724 0.000000
vt -0.000000 0.000000 0.000000
vt 0.344683 0.060777 0.000000
vt -0.344683 0.060777 0.000000
vt 0.350000 -0.000000 0.000000
vt -0.350000 0.000000 0.000000
vt 0.344683 -0.060777 0.000000
vt -0.344683 -0.060777 0.000000
vt 0.328892 -0.119707 0.000000
vt -0.328892 -0.119707 0.000000
vt 0.303109 -0.175000 0.000000
vt -0.303109 -0.175000 0.000000
vt 0.268116 -0.224976 0.000000
vt -0.268116 -0.224976 0.000000
vt 0.224976 -0.268116 0.000000
vt -0.224976 -0.268116 0.000000
vt 0.175000 -0.303109 0.000000
vt -0.175000 -0.303109 0.000000
vt 0.119707 -0.328892 0.000000
vt -0.119707 -0.328892 0.000000
vt 0.060777 -0.344683 0.000000
vt -0.060777 -0.344683 0.000000
vt -0.000000 -0.350000 0.000000
vt -0.328892 0.119707 0.000000
vt 0.328892 0.119707 0.000000
vt -0.303109 0.175000 0.000000
vt 0.303109 0.175000 0.000000
vt -0.268116 0.224976 0.000000
vt 0.268116 0.224976 0.000000
vt -0.224976 0.268116 0.000000
vt 0.224976 0.268116 0.000000
vt -0.175000 0.303109 0.000000
vt 0.175000 0.303109 0.000000
vt -0.119707 0.328892 0.000000
vt 0.119707 0.328892 0.000000
vt -0.060777 0.344683 0.000000
vt 0.060777 0.344683 0.000000
vt -0.000000 0.350000 0.000000
vn 0.000000 -0.055050 -0.998484
vn 0.000000 -0.055050 -0.998484
vn 0.000000 -0.093396 -0.995629
vn 0.000000 -0.093396 -0.995629
vn 0.000000 -0.132231 -0.991219
vn 0.000000 -0.171177 -0.985240
vn 0.000000 -0.171177 -0.985240
vn 0.000000 -0.132231 -0.991219
vn 0.000000 -0.209867 -0.977730
vn 0.000000 -0.209867 -0.977730
vn 0.000000 -0.247947 -0.968774
vn 0.000000 -0.247947 -0.968774
vn 0.000000 -0.285066 -0.958508
vn 0.000000 -0.320878 -0.947121
vn 0.000000 -0.320878 -0.947121
vn 0.000000 -0.285066 -0.958508
vn 0.000000 -0.355062 -0.934843
vn 0.000000 -0.355062 -0.934843
vn 0.000000 -0.389519 -0.921018
vn 0.000000 -0.389519 -0.921018
vn 0.000000 -0.424179 -0.905578
vn 0.000000 -0.456659 -0.889642
vn 0.000000 -0.456659 -0.889642
vn 0.000000 -0.424179 -0.905578
vn 0.000000 -0.485918 -0.874004
vn 0.000000 -0.485918 -0.874004
vn 0.000000 -0.500223 -0.865896
vn 0.000000 -0.513285 -0.858218
vn 0.000000 -0.513285 -0.858218
vn 0.000000 -0.500223 -0.865896
vn 0.000000 -0.524577 -0.851363
vn 0.000000 -0.524577 -0.851363
vn 0.000000 -0.534797 -0.844980
vn 0.000000 -0.534797 -0.844980
vn 0.000000 -0.543402 -0.839472
vn 0.000000 -0.543402 -0.839472
vn 0.000000 -0.549797 -0.835298
vn 0.000000 -0.549797 -0.835298
vn 0.000000 -0.553717 -0.832705
vn 0.000000 -0.553717 -0.832705
vn 0.000000 -0.555050 -0.831817
vn 0.000000 -1.000000 0.000000
vn 0.000000 -1.000000 0.000000
vn 0.000000 -1.000000 0.000000
vn 0.000000 -1.000000 0.000000
vn 0.000000 -1.000000 0.000000
vn 0.000000 -1.000000 0.000000
vn 0.000000 -1.000000 0.000000
vn 0.000000 -1.000000 0.000000
vn 0.000000 -0.055050 0.998484
vn 0.000000 -0.055050 0.998484
vn 0.000000 -0.094471 0.995528
vn 0.000000 -0.129394 0.991593
vn 0.000000 -0.134398 0.990927
vn 0.000000 -0.174421 0.984671
vn 0.000000 -0.203196 0.979138
vn 0.000000 -0.214141 0.976803
vn 0.000000 -0.239579 0.970877
vn 0.000000 -0.253176 0.967420
vn 0.000000 -0.275530 0.961292
vn 0.000000 -0.291144 0.956679
vn 0.000000 -0.311105 0.950375
vn 0.000000 -0.327672 0.944792
vn 0.000000 -0.346021 0.938227
vn 0.000000 -0.362582 0.931952
vn 0.000000 -0.380289 0.924868
vn 0.000000 -0.398277 0.917265
vn 0.000000 -0.413900 0.910322
vn 0.000000 -0.433527 0.901141
vn 0.000000 -0.446058 0.895004
vn 0.000000 -0.465839 0.884869
vn 0.000000 -0.476066 0.879410
vn 0.000000 -0.480665 0.876904
vn 0.000000 -0.495556 0.868576
vn 0.000000 -0.503568 0.863956
vn 0.000000 -0.509501 0.860470
vn 0.000000 -0.515921 0.856636
vn 0.000000 -0.521551 0.853220
vn 0.000000 -0.527054 0.849832
vn 0.000000 -0.532380 0.846505
vn 0.000000 -0.536729 0.843755
vn 0.000000 -0.541672 0.840590
vn 0.000000 -0.544663 0.838655
vn 0.000000 -0.548751 0.835986
vn 0.000000 -0.550553 0.834800
vn 0.000000 -0.553244 0.833019
vn 0.000000 -0.554063 0.832475
vn 0.000000 -0.555025 0.831834
vn 0.998859 -0.000000 -0.047764
vn 0.989743 -0.000000 -0.142857
vn 0.984808 -0.000000 -0.173648
vn 0.987506 -0.000000 -0.157584
vn 0.983616 -0.000000 -0.180274
vn 0.977493 -0.000000 -0.210970
vn 0.968329 -0.000000 -0.249679
vn 0.955217 -0.000000 -0.295908
vn 0.939693 -0.000000 -0.342020
vn 0.937230 -0.000000 -0.348711
vn 0.913374 -0.000000 -0.407121
vn 0.866025 -0.000000 -0.500000
vn 0.882585 -0.000000 -0.470153
vn 0.840832 -0.000000 -0.541296
vn 0.784066 -0.000000 -0.620678
vn 0.766044 -0.000000 -0.642788
vn 0.711522 -0.000000 -0.702664
vn 0.642788 -0.000000 -0.766044
vn 0.621618 -0.000000 -0.783321
vn 0.564973 -0.000000 -0.825109
vn 0.500000 -0.000000 -0.866025
vn 0.503025 -0.000000 -0.864272
vn 0.436853 -0.000000 -0.899533
vn 0.342020 -0.000000 -0.939693
vn 0.361427 -0.000000 -0.932400
vn 0.277817 -0.000000 -0.960634
vn 0.173648 -0.000000 -0.984808
vn 0.187836 -0.000000 -0.982200
vn 0.094142 -0.000000 -0.995559
vn 0.000000 -0.000000 -1.000000
vn 0.000000 -0.000000 -1.000000
vn -0.094142 -0.000000 -0.995559
vn -0.173648 -0.000000 -0.984808
vn -0.187836 -0.000000 -0.982200
vn -0.277817 -0.000000 -0.960634
vn -0.342020 -0.000000 -0.939693
vn -0.361427 -0.000000 -0.932400
vn -0.436853 -0.000000 -0.899533
vn -0.500000 -0.000000 -0.866025
vn -0.503025 -0.000000 -0.864272
vn -0.564973 -0.000000 -0.825109
vn -0.642788 -0.000000 -0.766044
vn -0.621618 -0.000000 -0.783321
vn -0.711522 -0.000000 -0.702664
vn -0.766044 -0.000000 -0.642788
vn -0.784066 -0.000000 -0.620678
vn -0.840832 -0.000000 -0.541296
vn -0.866025 -0.000000 -0.500000
vn -0.882585 -0.000000 -0.470153
vn -0.913374 -0.000000 -0.407121
vn -0.939693 -0.000000 -0.342020
vn -0.937230 -0.000000 -0.348711
vn -0.955217 -0.000000 -0.295908
vn -0.968329 -0.000000 -0.249679
vn -0.984808 -0.000000 -0.173648
vn -0.977493 -0.000000 -0.210970
vn -0.983616 -0.000000 -0.180274
vn -0.987506 -0.000000 -0.157584
vn -0.998859 -0.000000 -0.047764
vn -1.000000 -0.000000 -0.000000
vn -0.998859 -0.000000 0.047764
vn -0.984808 -0.000000 0.173648
vn -0.989743 -0.000000 0.142857
vn -0.987422 -0.000000 0.158108
vn -0.989743 -0.000000 -0.142857
vn -0.983341 -0.000000 0.181771
vn -0.976857 -0.000000 0.213894
vn -0.967081 -0.000000 0.254468
vn -0.939693 -0.000000 0.342020
vn -0.953028 -0.000000 0.302881
vn -0.933684 -0.000000 0.358098
vn -0.907957 -0.000000 0.419064
vn -0.866025 -0.000000 0.500000
vn -0.874495 -0.000000 0.485034
vn -0.828099 -0.000000 0.560582
vn -0.766044 -0.000000 0.642788
vn -0.765417 -0.000000 0.643535
vn -0.686458 -0.000000 0.727170
vn -0.642788 -0.000000 0.766044
vn -0.640116 -0.000000 0.768278
vn -0.584547 -0.000000 0.811360
vn -0.500000 -0.000000 0.866025
vn -0.522243 -0.000000 0.852797
vn -0.456058 -0.000000 0.889950
vn -0.342020 -0.000000 0.939693
vn -0.381026 -0.000000 0.924564
vn -0.296913 -0.000000 0.954904
vn -0.173648 -0.000000 0.984808
vn -0.205607 -0.000000 0.978635
vn -0.109757 -0.000000 0.993958
vn 0.000000 0.000000 1.000000
vn -0.012855 -0.000000 0.999917
vn 0.082194 0.000000 0.996616
vn 0.173648 0.000000 0.984808
vn 0.174497 0.000000 0.984658
vn 0.262871 0.000000 0.964831
vn 0.342020 0.000000 0.939693
vn 0.344987 0.000000 0.938607
vn 0.420372 0.000000 0.907352
vn 0.500000 0.000000 0.866025
vn 0.488866 0.000000 0.872359
vn 0.550659 0.000000 0.834731
vn 0.642788 0.000000 0.766044
vn 0.655439 0.000000 0.755248
vn 0.737761 0.000000 0.675062
vn 0.766044 0.000000 0.642788
vn 0.802718 0.000000 0.596359
vn 0.866025 0.000000 0.500000
vn 0.853238 0.000000 0.521521
vn 0.891638 0.000000 0.452749
vn 0.939693 0.000000 0.342020
vn 0.920693 0.000000 0.390286
vn 0.942525 0.000000 0.334137
vn 0.958576 0.000000 0.284837
vn 0.970183 0.000000 0.242372
vn 0.984808 0.000000 0.173648
vn 0.983971 0.000000 0.178329
vn 0.989743 0.000000 0.142857
vn 0.998859 0.000000 0.047764
vn 1.000000 0.000000 -0.000000
vn -0.000000 1.000000 -0.000000
vn -0.000000 1.000000 -0.000000
vn -0.000000 1.000000 -0.000000
vn -0.000000 1.000000 -0.000000
vn -0.000000 1.000000 -0.000000
vn -0.000000 1.000000 -0.000000
vn -0.000000 1.000000 -0.000000
vn -0.000000 1.000000 -0.000000
vn -0.000000 1.000000 -0.000000
vn -0.000000 1.000000 -0.000000
vn -0.000000 1.000000 -0.000000
vn -0.000000 1.000000 -0.000000
vn -0.000000 1.000000 -0.000000
vn -0.000000 1.000000 -0.000000
vn -0.000000 1.000000 -0.000000
vn -0.000000 1.000000 -0.000000
vn -0.000000 1.000000 -0.000000
vn -0.000000 1.000000 -0.000000
vn -0.000000 1.000000 -0.000000
vn -0.000000 1.000000 -0.000000
vn -0.000000 1.000000 -0.000000
vn -0.000000 1.000000 -0.000000
vn -0.000000 1.000000 -0.000000
vn -0.000000 1.000000 -0.000000
vn -0.000000 1.000000 -0.000000
vn -0.000000 1.000000 -0.000000
vn -0.000000 1.000000 -0.000000
vn -0.000000 1.000000 -0.000000
vn -0.000000 1.000000 -0.000000
vn -0.000000 1.000000 -0.000000
vn -0.000000 1.000000 -0.000000
vn -0.000000 1.000000 -0.000000
vn -0.000000 1.000000 -0.000000
vn -0.000000 1.000000 -0.000000
vn -0.000000 1.000000 -0.000000
vn -0.000000 1.000000 -0.000000
usemtl Aluminum_-_Polished
f 2250/2917/2580 2210/2918/2581 2249/2919/2582
f 2249/2919/2582 2210/2918/2581 2211/2920/2583
f 2249/2919/2582 2211/2920/2583 2212/2921/2584
f 2213/2922/2585 2247/2923/2586 2212/2921/2584
f 2212/2921/2584 2247/2923/2586 2248/2924/2587
f 2212/2921/2584 2248/2924/2587 2249/2919/2582
f 2213/2922/2585 2214/2925/2588 2247/2923/2586
f 2247/2923/2586 2214/2925/2588 2246/2926/2589
f 2246/2926/2589 2214/2925/2588 2245/2927/2590
f 2245/2927/2590 2214/2925/2588 2215/2928/2591
f 2245/2927/2590 2215/2928/2591 2216/2929/2592
f 2217/2930/2593 2243/2931/2594 2216/2929/2592
f 2216/2929/2592 2243/2931/2594 2244/2932/2595
f 2216/2929/2592 2244/2932/2595 2245/2927/2590
f 2217/2930/2593 2218/2933/2596 2243/2931/2594
f 2243/2931/2594 2218/2933/2596 2242/2934/2597
f 2242/2934/2597 2218/2933/2596 2241/2935/2598
f 2241/2935/2598 2218/2933/2596 2219/2936/2599
f 2241/2935/2598 2219/2936/2599 2220/2937/2600
f 2221/2938/2601 2239/2939/2602 2220/2937/2600
f 2220/2937/2600 2239/2939/2602 2240/2940/2603
f 2220/2937/2600 2240/2940/2603 2241/2935/2598
f 2239/2939/2602 2221/2938/2601 2238/2941/2604
f 2238/2941/2604 2221/2938/2601 2222/2942/2605
f 2238/2941/2604 2222/2942/2605 2223/2943/2606
f 2224/2944/2607 2236/2945/2608 2223/2943/2606
f 2223/2943/2606 2236/2945/2608 2237/2946/2609
f 2223/2943/2606 2237/2946/2609 2238/2941/2604
f 2236/2945/2608 2224/2944/2607 2235/2947/2610
f 2235/2947/2610 2224/2944/2607 2225/2948/2611
f 2235/2947/2610 2225/2948/2611 2234/2949/2612
f 2234/2949/2612 2225/2948/2611 2226/2950/2613
f 2234/2949/2612 2226/2950/2613 2233/2951/2614
f 2233/2951/2614 2226/2950/2613 2227/2952/2615
f 2233/2951/2614 2227/2952/2615 2232/2953/2616
f 2232/2953/2616 2227/2952/2615 2228/2954/2617
f 2232/2953/2616 2228/2954/2617 2231/2955/2618
f 2231/2955/2618 2228/2954/2617 2229/2956/2619
f 2231/2955/2618 2229/2956/2619 2230/2957/2620
f 2210/2958/2621 2250/2959/2622 2256/2960/2623
f 2256/2960/2623 2250/2959/2622 2251/2961/2624
f 2256/2960/2623 2251/2961/2624 2255/2962/2625
f 2255/2962/2625 2251/2961/2624 2252/2963/2626
f 2255/2962/2625 2252/2963/2626 2254/2964/2627
f 2254/2964/2627 2252/2963/2626 2253/2965/2628
f 2254/2966/2629 2253/2967/2630 2293/2968/2631
f 2293/2968/2631 2253/2967/2630 2257/2969/2632
f 2293/2968/2631 2257/2969/2632 2292/2970/2633
f 2292/2970/2633 2257/2969/2632 2291/2971/2634
f 2291/2971/2634 2257/2969/2632 2258/2972/2635
f 2291/2971/2634 2258/2972/2635 2290/2973/2636
f 2290/2973/2636 2258/2972/2635 2259/2974/2637
f 2290/2973/2636 2259/2974/2637 2289/2975/2638
f 2289/2975/2638 2259/2974/2637 2260/2976/2639
f 2289/2975/2638 2260/2976/2639 2288/2977/2640
f 2288/2977/2640 2260/2976/2639 2261/2978/2641
f 2288/2977/2640 2261/2978/2641 2287/2979/2642
f 2287/2979/2642 2261/2978/2641 2262/2980/2643
f 2287/2979/2642 2262/2980/2643 2286/2981/2644
f 2286/2981/2644 2262/2980/2643 2263/2982/2645
f 2286/2981/2644 2263/2982/2645 2285/2983/2646
f 2285/2983/2646 2263/2982/2645 2264/2984/2647
f 2285/2983/2646 2264/2984/2647 2284/2985/2648
f 2284/2985/2648 2264/2984/2647 2265/2986/2649
f 2284/2985/2648 2265/2986/2649 2283/2987/2650
f 2283/2987/2650 2265/2986/2649 2266/2988/2651
f 2283/2987/2650 2266/2988/2651 2282/2989/2652
f 2282/2989/2652 2266/2988/2651 2281/2990/2653
f 2281/2990/2653 2266/2988/2651 2267/2991/2654
f 2281/2990/2653 2267/2991/2654 2280/2992/2655
f 2280/2992/2655 2267/2991/2654 2268/2993/2656
f 2280/2992/2655 2268/2993/2656 2279/2994/2657
f 2279/2994/2657 2268/2993/2656 2269/2995/2658
f 2279/2994/2657 2269/2995/2658 2278/2996/2659
f 2278/2996/2659 2269/2995/2658 2270/2997/2660
f 2278/2996/2659 2270/2997/2660 2277/2998/2661
f 2277/2998/2661 2270/2997/2660 2271/2999/2662
f 2277/2998/2661 2271/2999/2662 2276/3000/2663
f 2276/3000/2663 2271/2999/2662 2272/3001/2664
f 2276/3000/2663 2272/3001/2664 2275/3002/2665
f 2275/3002/2665 2272/3001/2664 2273/3003/2666
f 2275/3002/2665 2273/3003/2666 2274/3004/2667
f 2251/3005/2668 2250/3006/2669 2311/3007/2670
f 2311/3007/2670 2250/3006/2669 2249/3008/2671
f 2311/3007/2670 2249/3008/2671 2248/3009/2672
f 2248/3009/2672 2247/3010/2673 2311/3007/2670
f 2311/3007/2670 2247/3010/2673 2246/3011/2674
f 2311/3007/2670 2246/3011/2674 2245/3012/2675
f 2311/3007/2670 2245/3012/2675 2310/3013/2676
f 2310/3013/2676 2245/3012/2675 2244/3014/2677
f 2310/3013/2676 2244/3014/2677 2243/3015/2678
f 2310/3013/2676 2243/3015/2678 2309/3016/2679
f 2309/3016/2679 2243/3015/2678 2242/3017/2680
f 2309/3016/2679 2242/3017/2680 2241/3018/2681
f 2241/3018/2681 2240/3019/2682 2309/3016/2679
f 2309/3016/2679 2240/3019/2682 2308/3020/2683
f 2308/3020/2683 2240/3019/2682 2239/3021/2684
f 2308/3020/2683 2239/3021/2684 2307/3022/2685
f 2307/3022/2685 2239/3021/2684 2238/3023/2686
f 2307/3022/2685 2238/3023/2686 2237/3024/2687
f 2307/3022/2685 2237/3024/2687 2306/3025/2688
f 2306/3025/2688 2237/3024/2687 2236/3026/2689
f 2306/3025/2688 2236/3026/2689 2235/3027/2690
f 2306/3025/2688 2235/3027/2690 2305/3028/2691
f 2305/3028/2691 2235/3027/2690 2234/3029/2692
f 2305/3028/2691 2234/3029/2692 2233/3030/2693
f 2305/3028/2691 2233/3030/2693 2304/3031/2694
f 2304/3031/2694 2233/3030/2693 2232/3032/2695
f 2304/3031/2694 2232/3032/2695 2231/3033/2696
f 2304/3031/2694 2231/3033/2696 2303/3034/2697
f 2303/3034/2697 2231/3033/2696 2230/3035/2698
f 2303/3034/2697 2230/3035/2698 2229/3036/2699
f 2303/3034/2697 2229/3036/2699 2302/3037/2700
f 2302/3037/2700 2229/3036/2699 2228/3038/2701
f 2302/3037/2700 2228/3038/2701 2227/3039/2702
f 2302/3037/2700 2227/3039/2702 2301/3040/2703
f 2301/3040/2703 2227/3039/2702 2226/3041/2704
f 2301/3040/2703 2226/3041/2704 2225/3042/2705
f 2301/3040/2703 2225/3042/2705 2300/3043/2706
f 2300/3043/2706 2225/3042/2705 2224/3044/2707
f 2300/3043/2706 2224/3044/2707 2223/3045/2708
f 2300/3043/2706 2223/3045/2708 2299/3046/2709
f 2299/3046/2709 2223/3045/2708 2222/3047/2710
f 2299/3046/2709 2222/3047/2710 2221/3048/2711
f 2299/3046/2709 2221/3048/2711 2298/3049/2712
f 2298/3049/2712 2221/3048/2711 2220/3050/2713
f 2298/3049/2712 2220/3050/2713 2219/3051/2714
f 2298/3049/2712 2219/3051/2714 2297/3052/2715
f 2297/3052/2715 2219/3051/2714 2218/3053/2716
f 2297/3052/2715 2218/3053/2716 2217/3054/2717
f 2297/3052/2715 2217/3054/2717 2296/3055/2718
f 2296/3055/2718 2217/3054/2717 2216/3056/2719
f 2296/3055/2718 2216/3056/2719 2215/3057/2720
f 2215/3057/2720 2214/3058/2721 2296/3055/2718
f 2296/3055/2718 2214/3058/2721 2295/3059/2722
f 2295/3059/2722 2214/3058/2721 2213/3060/2723
f 2295/3059/2722 2213/3060/2723 2212/3061/2724
f 2212/3061/2724 2211/3062/2725 2295/3059/2722
f 2295/3059/2722 2211/3062/2725 2256/3063/2726
f 2295/3059/2722 2256/3063/2726 2294/3064/2727
f 2294/3065/2727 2256/3066/2726 2255/3067/2728
f 2294/3065/2727 2255/3067/2728 2329/3068/2729
f 2329/3068/2729 2255/3067/2728 2254/3069/2730
f 2329/3068/2729 2254/3069/2730 2293/3070/2731
f 2211/3062/2725 2210/3071/2732 2256/3063/2726
f 2293/3070/2731 2292/3072/2733 2329/3068/2729
f 2329/3068/2729 2292/3072/2733 2291/3073/2734
f 2329/3068/2729 2291/3073/2734 2290/3074/2735
f 2329/3068/2729 2290/3074/2735 2328/3075/2736
f 2328/3075/2736 2290/3074/2735 2289/3076/2737
f 2328/3075/2736 2289/3076/2737 2288/3077/2738
f 2288/3077/2738 2287/3078/2739 2328/3075/2736
f 2328/3075/2736 2287/3078/2739 2327/3079/2740
f 2327/3079/2740 2287/3078/2739 2286/3080/2741
f 2327/3079/2740 2286/3080/2741 2285/3081/2742
f 2327/3079/2740 2285/3081/2742 2326/3082/2743
f 2326/3082/2743 2285/3081/2742 2284/3083/2744
f 2326/3082/2743 2284/3083/2744 2283/3084/2745
f 2326/3082/2743 2283/3084/2745 2325/3085/2746
f 2325/3085/2746 2283/3084/2745 2282/3086/2747
f 2325/3085/2746 2282/3086/2747 2281/3087/2748
f 2325/3085/2746 2281/3087/2748 2324/3088/2749
f 2324/3088/2749 2281/3087/2748 2280/3089/2750
f 2324/3088/2749 2280/3089/2750 2279/3090/2751
f 2324/3088/2749 2279/3090/2751 2323/3091/2752
f 2323/3091/2752 2279/3090/2751 2278/3092/2753
f 2323/3091/2752 2278/3092/2753 2277/3093/2754
f 2323/3091/2752 2277/3093/2754 2322/3094/2755
f 2322/3094/2755 2277/3093/2754 2276/3095/2756
f 2322/3094/2755 2276/3095/2756 2275/3096/2757
f 2322/3094/2755 2275/3096/2757 2321/3097/2758
f 2321/3097/2758 2275/3096/2757 2274/3098/2759
f 2321/3097/2758 2274/3098/2759 2273/3099/2760
f 2321/3097/2758 2273/3099/2760 2320/3100/2761
f 2320/3100/2761 2273/3099/2760 2272/3101/2762
f 2320/3100/2761 2272/3101/2762 2271/3102/2763
f 2320/3100/2761 2271/3102/2763 2319/3103/2764
f 2319/3103/2764 2271/3102/2763 2270/3104/2765
f 2319/3103/2764 2270/3104/2765 2269/3105/2766
f 2319/3103/2764 2269/3105/2766 2318/3106/2767
f 2318/3106/2767 2269/3105/2766 2268/3107/2768
f 2318/3106/2767 2268/3107/2768 2267/3108/2769
f 2318/3106/2767 2267/3108/2769 2317/3109/2770
f 2317/3109/2770 2267/3108/2769 2266/3110/2771
f 2317/3109/2770 2266/3110/2771 2265/3111/2772
f 2317/3109/2770 2265/3111/2772 2316/3112/2773
f 2316/3112/2773 2265/3111/2772 2264/3113/2774
f 2316/3112/2773 2264/3113/2774 2315/3114/2775
f 2315/3114/2775 2264/3113/2774 2263/3115/2776
f 2315/3114/2775 2263/3115/2776 2262/3116/2777
f 2315/3114/2775 2262/3116/2777 2314/3117/2778
f 2314/3117/2778 2262/3116/2777 2261/3118/2779
f 2314/3117/2778 2261/3118/2779 2260/3119/2780
f 2260/3119/2780 2259/3120/2781 2314/3117/2778
f 2314/3117/2778 2259/3120/2781 2258/3121/2782
f 2314/3117/2778 2258/3121/2782 2313/3122/2783
f 2313/3122/2783 2258/3121/2782 2257/3123/2784
f 2313/3122/2783 2257/3123/2784 2253/3124/2785
f 2253/3124/2785 2252/3125/2786 2313/3122/2783
f 2313/3122/2783 2252/3125/2786 2312/3126/2787
f 2312/3126/2787 2252/3125/2786 2251/3005/2668
f 2312/3126/2787 2251/3005/2668 2311/3007/2670
f 2329/3127/2788 2313/3128/2789 2294/3129/2790
f 2294/3129/2790 2313/3128/2789 2312/3130/2791
f 2294/3129/2790 2312/3130/2791 2295/3131/2792
f 2295/3131/2792 2312/3130/2791 2311/3132/2793
f 2295/3131/2792 2311/3132/2793 2296/3133/2794
f 2296/3133/2794 2311/3132/2793 2310/3134/2795
f 2296/3133/2794 2310/3134/2795 2297/3135/2796
f 2297/3135/2796 2310/3134/2795 2309/3136/2797
f 2297/3135/2796 2309/3136/2797 2298/3137/2798
f 2298/3137/2798 2309/3136/2797 2308/3138/2799
f 2298/3137/2798 2308/3138/2799 2299/3139/2800
f 2299/3139/2800 2308/3138/2799 2307/3140/2801
f 2299/3139/2800 2307/3140/2801 2300/3141/2802
f 2300/3141/2802 2307/3140/2801 2306/3142/2803
f 2300/3141/2802 2306/3142/2803 2301/3143/2804
f 2301/3143/2804 2306/3142/2803 2305/3144/2805
f 2301/3143/2804 2305/3144/2805 2302/3145/2806
f 2302/3145/2806 2305/3144/2805 2304/3146/2807
f 2302/3145/2806 2304/3146/2807 2303/3147/2808
f 2313/3128/2789 2329/3127/2788 2314/3148/2809
f 2314/3148/2809 2329/3127/2788 2328/3149/2810
f 2314/3148/2809 2328/3149/2810 2315/3150/2811
f 2315/3150/2811 2328/3149/2810 2327/3151/2812
f 2315/3150/2811 2327/3151/2812 2316/3152/2813
f 2316/3152/2813 2327/3151/2812 2326/3153/2814
f 2316/3152/2813 2326/3153/2814 2317/3154/2815
f 2317/3154/2815 2326/3153/2814 2325/3155/2816
f 2317/3154/2815 2325/3155/2816 2318/3156/2817
f 2318/3156/2817 2325/3155/2816 2324/3157/2818
f 2318/3156/2817 2324/3157/2818 2319/3158/2819
f 2319/3158/2819 2324/3157/2818 2323/3159/2820
f 2319/3158/2819 2323/3159/2820 2320/3160/2821
f 2320/3160/2821 2323/3159/2820 2322/3161/2822
f 2320/3160/2821 2322/3161/2822 2321/3162/2823
# 2329 vertices
# 3162 texture params
# 2823 normals
# 4646 facets

# 3 groups
