# WaveFront *.obj file (generated by Autodesk ATF)

mtllib Model.mtl

g Body1

v -1.300000 -0.000000 0.000000
v -1.259158 -0.323297 0.000000
v -1.139199 -0.626280 0.000000
v -0.947659 -0.889911 0.000000
v -0.696575 -1.097626 0.000000
v -0.401722 -1.236373 0.000000
v -0.081628 -1.297435 0.000000
v 0.243596 -1.276973 0.000000
v 0.553513 -1.176275 0.000000
v 0.828651 -1.001667 0.000000
v 1.051722 -0.764121 0.000000
v 1.208709 -0.478562 0.000000
v 1.289749 -0.162933 0.000000
v 1.289749 0.162933 0.000000
v 1.208709 0.478562 0.000000
v 1.051722 0.764121 0.000000
v 0.828651 1.001667 0.000000
v 0.553513 1.176275 0.000000
v 0.243596 1.276973 0.000000
v -0.081628 1.297435 0.000000
v -0.401722 1.236373 0.000000
v -0.696575 1.097626 0.000000
v -0.947659 0.889911 0.000000
v -1.139199 0.626280 0.000000
v -1.259158 0.323297 0.000000
v -1.500000 0.000000 0.200000
v -1.459567 0.345924 0.200000
v -1.340449 0.673199 0.200000
v -1.149067 0.964181 0.200000
v -0.895738 1.203185 0.200000
v -0.594120 1.377324 0.200000
v -0.260472 1.477212 0.200000
v 0.087217 1.497462 0.200000
v 0.430205 1.436984 0.200000
v 0.750000 1.299038 0.200000
v 1.029362 1.091060 0.200000
v 1.253232 0.824263 0.200000
v 1.409539 0.513030 0.200000
v 1.489858 0.174139 0.200000
v 1.489858 -0.174139 0.200000
v 1.409539 -0.513030 0.200000
v 1.253232 -0.824263 0.200000
v 1.029362 -1.091060 0.200000
v 0.750000 -1.299038 0.200000
v 0.430205 -1.436984 0.200000
v 0.087217 -1.497462 0.200000
v -0.260472 -1.477212 0.200000
v -0.594120 -1.377324 0.200000
v -0.895738 -1.203185 0.200000
v -1.149067 -0.964181 0.200000
v -1.340449 -0.673199 0.200000
v -1.459567 -0.345924 0.200000
v -1.500000 -0.000000 9.800000
v -1.459567 0.345924 9.800000
v -1.340449 0.673199 9.800000
v -1.149067 0.964181 9.800000
v -0.895738 1.203185 9.800000
v -0.594120 1.377324 9.800000
v -0.260472 1.477212 9.800000
v 0.087217 1.497462 9.800000
v 0.430205 1.436984 9.800000
v 0.750000 1.299038 9.800000
v 1.029362 1.091060 9.800000
v 1.253232 0.824263 9.800000
v 1.409539 0.513030 9.800000
v 1.489858 0.174139 9.800000
v 1.489858 -0.174139 9.800000
v 1.409539 -0.513030 9.800000
v 1.253232 -0.824263 9.800000
v 1.029362 -1.091060 9.800000
v 0.750000 -1.299038 9.800000
v 0.430205 -1.436984 9.800000
v 0.087217 -1.497462 9.800000
v -0.260472 -1.477212 9.800000
v -0.594120 -1.377324 9.800000
v -0.895738 -1.203185 9.800000
v -1.149067 -0.964181 9.800000
v -1.340449 -0.673199 9.800000
v -1.459567 -0.345924 9.800000
v -1.500000 -0.000000 5.000000
v -1.456413 0.358973 5.000000
v -1.328184 0.697085 5.000000
v -1.122766 0.994684 5.000000
v -0.852097 1.234476 5.000000
v -0.531907 1.402524 5.000000
v -0.180805 1.489063 5.000000
v 0.180805 1.489063 5.000000
v 0.531907 1.402524 5.000000
v 0.852097 1.234476 5.000000
v 1.122766 0.994684 5.000000
v 1.328184 0.697085 5.000000
v 1.456413 0.358973 5.000000
v 1.500000 0.000000 5.000000
v 1.456413 -0.358973 5.000000
v 1.328184 -0.697085 5.000000
v 1.122766 -0.994684 5.000000
v 0.852097 -1.234476 5.000000
v 0.531907 -1.402524 5.000000
v 0.180805 -1.489063 5.000000
v -0.180805 -1.489063 5.000000
v -0.531907 -1.402524 5.000000
v -0.852097 -1.234476 5.000000
v -1.122766 -0.994684 5.000000
v -1.328184 -0.697085 5.000000
v -1.456413 -0.358973 5.000000
v -1.300000 0.000000 10.000000
v -1.259158 0.323297 10.000000
v -1.139199 0.626280 10.000000
v -0.947659 0.889911 10.000000
v -0.696575 1.097626 10.000000
v -0.401722 1.236373 10.000000
v -0.081628 1.297435 10.000000
v 0.243596 1.276973 10.000000
v 0.553513 1.176275 10.000000
v 0.828651 1.001667 10.000000
v 1.051722 0.764121 10.000000
v 1.208709 0.478562 10.000000
v 1.289749 0.162933 10.000000
v 1.289749 -0.162933 10.000000
v 1.208709 -0.478562 10.000000
v 1.051722 -0.764121 10.000000
v 0.828651 -1.001667 10.000000
v 0.553513 -1.176275 10.000000
v 0.243596 -1.276973 10.000000
v -0.081628 -1.297435 10.000000
v -0.401722 -1.236373 10.000000
v -0.696575 -1.097626 10.000000
v -0.947659 -0.889911 10.000000
v -1.139199 -0.626280 10.000000
v -1.259158 -0.323297 10.000000
vt 0.141421 -4.046371 0.000000
vt -0.141421 -4.072435 0.000000
vt 0.141421 -4.398230 0.000000
vt -0.141421 -4.398230 0.000000
vt 0.141421 4.398230 0.000000
vt -0.141421 4.398230 0.000000
vt -0.141421 4.072435 0.000000
vt -0.141421 -3.746640 0.000000
vt 0.141421 -3.694513 0.000000
vt -0.141421 -3.420845 0.000000
vt 0.141421 -3.342655 0.000000
vt -0.141421 -3.095051 0.000000
vt 0.141421 -2.990796 0.000000
vt -0.141421 -2.769256 0.000000
vt 0.141421 -2.638938 0.000000
vt -0.141421 -2.443461 0.000000
vt 0.141421 -2.287079 0.000000
vt -0.141421 -2.117666 0.000000
vt 0.141421 -1.935221 0.000000
vt -0.141421 -1.791871 0.000000
vt 0.141421 -1.583363 0.000000
vt -0.141421 -1.466077 0.000000
vt 0.141421 -1.231504 0.000000
vt -0.141421 -1.140282 0.000000
vt 0.141421 -0.879646 0.000000
vt -0.141421 -0.814487 0.000000
vt 0.141421 -0.527788 0.000000
vt -0.141421 -0.488692 0.000000
vt 0.141421 -0.175929 0.000000
vt -0.141421 -0.162897 0.000000
vt 0.141421 0.175929 0.000000
vt -0.141421 0.162897 0.000000
vt -0.141421 0.488692 0.000000
vt 0.141421 0.527788 0.000000
vt -0.141421 0.814487 0.000000
vt 0.141421 0.879646 0.000000
vt -0.141421 1.140282 0.000000
vt 0.141421 1.231504 0.000000
vt -0.141421 1.466077 0.000000
vt 0.141421 1.583363 0.000000
vt -0.141421 1.791871 0.000000
vt 0.141421 1.935221 0.000000
vt -0.141421 2.117666 0.000000
vt 0.141421 2.287079 0.000000
vt -0.141421 2.443461 0.000000
vt 0.141421 2.638938 0.000000
vt -0.141421 2.769256 0.000000
vt 0.141421 2.990796 0.000000
vt -0.141421 3.095051 0.000000
vt 0.141421 3.342655 0.000000
vt -0.141421 3.420845 0.000000
vt 0.141421 3.694513 0.000000
vt -0.141421 3.746640 0.000000
vt 0.141421 4.046371 0.000000
vt -9.800000 -4.363323 0.000000
vt -9.800000 -4.712389 0.000000
vt -5.000000 -4.712389 0.000000
vt -5.000000 4.712389 0.000000
vt -9.800000 4.712389 0.000000
vt -9.800000 4.363323 0.000000
vt -5.000000 4.349898 0.000000
vt -9.800000 4.014257 0.000000
vt -5.000000 3.987406 0.000000
vt -9.800000 3.665191 0.000000
vt -5.000000 3.624915 0.000000
vt -9.800000 3.316126 0.000000
vt -5.000000 3.262423 0.000000
vt -9.800000 2.967060 0.000000
vt -5.000000 2.899932 0.000000
vt -9.800000 2.617994 0.000000
vt -5.000000 2.537440 0.000000
vt -9.800000 2.268928 0.000000
vt -5.000000 2.174949 0.000000
vt -9.800000 1.919862 0.000000
vt -5.000000 1.812457 0.000000
vt -9.800000 1.570796 0.000000
vt -5.000000 1.449966 0.000000
vt -9.800000 1.221730 0.000000
vt -5.000000 1.087474 0.000000
vt -9.800000 0.872665 0.000000
vt -5.000000 0.724983 0.000000
vt -9.800000 0.523599 0.000000
vt -5.000000 0.362491 0.000000
vt -9.800000 0.174533 0.000000
vt -5.000000 0.000000 0.000000
vt -9.800000 -0.174533 0.000000
vt -5.000000 -0.362491 0.000000
vt -9.800000 -0.523599 0.000000
vt -5.000000 -0.724983 0.000000
vt -9.800000 -0.872665 0.000000
vt -5.000000 -1.087474 0.000000
vt -9.800000 -1.221730 0.000000
vt -5.000000 -1.449966 0.000000
vt -9.800000 -1.570796 0.000000
vt -5.000000 -1.812457 0.000000
vt -9.800000 -1.919862 0.000000
vt -5.000000 -2.174949 0.000000
vt -9.800000 -2.268928 0.000000
vt -5.000000 -2.537440 0.000000
vt -9.800000 -2.617994 0.000000
vt -5.000000 -2.899932 0.000000
vt -9.800000 -2.967060 0.000000
vt -5.000000 -3.262423 0.000000
vt -9.800000 -3.316126 0.000000
vt -5.000000 -3.624915 0.000000
vt -9.800000 -3.665191 0.000000
vt -5.000000 -3.987406 0.000000
vt -9.800000 -4.014257 0.000000
vt -5.000000 -4.349898 0.000000
vt -0.200000 4.363323 0.000000
vt -0.200000 4.712389 0.000000
vt -0.200000 -4.712389 0.000000
vt -0.200000 -4.363323 0.000000
vt -0.200000 -4.014257 0.000000
vt -0.200000 -3.665191 0.000000
vt -0.200000 -3.316126 0.000000
vt -0.200000 -2.967060 0.000000
vt -0.200000 -2.617994 0.000000
vt -0.200000 -2.268928 0.000000
vt -0.200000 -1.919862 0.000000
vt -0.200000 -1.570796 0.000000
vt -0.200000 -1.221730 0.000000
vt -0.200000 -0.872665 0.000000
vt -0.200000 -0.523599 0.000000
vt -0.200000 -0.174533 0.000000
vt -0.200000 0.174533 0.000000
vt -0.200000 0.523599 0.000000
vt -0.200000 0.872665 0.000000
vt -0.200000 1.221730 0.000000
vt -0.200000 1.570796 0.000000
vt -0.200000 1.919862 0.000000
vt -0.200000 2.268928 0.000000
vt -0.200000 2.617994 0.000000
vt -0.200000 2.967060 0.000000
vt -0.200000 3.316126 0.000000
vt -0.200000 3.665191 0.000000
vt -0.200000 4.014257 0.000000
vt 1.259158 -0.323297 0.000000
vt 1.300000 -0.000000 0.000000
vt -0.553513 -1.176275 0.000000
vt 1.259158 0.323297 0.000000
vt 1.139199 0.626280 0.000000
vt 0.947659 0.889911 0.000000
vt 0.696575 1.097626 0.000000
vt 0.401722 1.236373 0.000000
vt 0.081628 1.297435 0.000000
vt -0.243596 1.276973 0.000000
vt -0.553513 1.176275 0.000000
vt -0.828651 -1.001667 0.000000
vt -0.828651 1.001667 0.000000
vt -1.051722 -0.764121 0.000000
vt -1.051722 0.764121 0.000000
vt -1.208709 -0.478562 0.000000
vt -1.208709 0.478562 0.000000
vt -1.289749 -0.162933 0.000000
vt -1.289749 0.162933 0.000000
vt -0.243596 -1.276973 0.000000
vt 0.401722 -1.236373 0.000000
vt 0.696575 -1.097626 0.000000
vt 0.947659 -0.889911 0.000000
vt 0.081628 -1.297435 0.000000
vt 1.139199 -0.626280 0.000000
vt 0.141421 4.072435 0.000000
vt 0.141421 4.398230 0.000000
vt -0.141421 4.398230 0.000000
vt -0.141421 -4.398230 0.000000
vt 0.141421 -4.398230 0.000000
vt 0.141421 -4.072435 0.000000
vt -0.141421 -4.046371 0.000000
vt 0.141421 -3.746640 0.000000
vt -0.141421 -3.694513 0.000000
vt 0.141421 -3.420845 0.000000
vt -0.141421 -3.342655 0.000000
vt 0.141421 -3.095051 0.000000
vt -0.141421 -2.990796 0.000000
vt 0.141421 -2.769256 0.000000
vt -0.141421 -2.638938 0.000000
vt 0.141421 -2.443461 0.000000
vt -0.141421 -2.287079 0.000000
vt 0.141421 -2.117666 0.000000
vt -0.141421 -1.935221 0.000000
vt 0.141421 -1.791871 0.000000
vt -0.141421 -1.583363 0.000000
vt 0.141421 -1.466077 0.000000
vt -0.141421 -1.231504 0.000000
vt 0.141421 -1.140282 0.000000
vt -0.141421 -0.879646 0.000000
vt 0.141421 -0.814487 0.000000
vt -0.141421 -0.527788 0.000000
vt 0.141421 -0.488692 0.000000
vt -0.141421 -0.175929 0.000000
vt 0.141421 -0.162897 0.000000
vt 0.141421 0.162897 0.000000
vt -0.141421 0.175929 0.000000
vt 0.141421 0.488692 0.000000
vt -0.141421 0.527788 0.000000
vt 0.141421 0.814487 0.000000
vt -0.141421 0.879646 0.000000
vt 0.141421 1.140282 0.000000
vt -0.141421 1.231504 0.000000
vt 0.141421 1.466077 0.000000
vt -0.141421 1.583363 0.000000
vt 0.141421 1.791871 0.000000
vt -0.141421 1.935221 0.000000
vt 0.141421 2.117666 0.000000
vt -0.141421 2.287079 0.000000
vt 0.141421 2.443461 0.000000
vt -0.141421 2.638938 0.000000
vt 0.141421 2.769256 0.000000
vt -0.141421 2.990796 0.000000
vt 0.141421 3.095051 0.000000
vt -0.141421 3.342655 0.000000
vt 0.141421 3.420845 0.000000
vt -0.141421 3.694513 0.000000
vt 0.141421 3.746640 0.000000
vt -0.141421 4.046371 0.000000
vt -1.259158 0.323297 0.000000
vt -1.300000 0.000000 0.000000
vt 0.553513 -1.176275 0.000000
vt -1.259158 -0.323297 0.000000
vt -1.139199 -0.626280 0.000000
vt -0.947659 -0.889911 0.000000
vt -0.696575 -1.097626 0.000000
vt -0.401722 -1.236373 0.000000
vt -0.081628 -1.297435 0.000000
vt 0.243596 -1.276973 0.000000
vt 0.828651 -1.001667 0.000000
vt 0.553513 1.176275 0.000000
vt 0.243596 1.276973 0.000000
vt -0.081628 1.297435 0.000000
vt 0.828651 1.001667 0.000000
vt 1.051722 -0.764121 0.000000
vt 1.051722 0.764121 0.000000
vt 1.208709 -0.478562 0.000000
vt 1.208709 0.478562 0.000000
vt 1.289749 -0.162933 0.000000
vt 1.289749 0.162933 0.000000
vt -0.401722 1.236373 0.000000
vt -0.696575 1.097626 0.000000
vt -0.947659 0.889911 0.000000
vt -1.139199 0.626280 0.000000
vn -0.684892 -0.175850 -0.707107
vn -0.688047 -0.163070 -0.707107
vn -0.707107 -0.000000 -0.707107
vn -0.707107 -0.000000 -0.707107
vn -0.688047 0.163070 -0.707107
vn -0.631894 -0.317349 -0.707107
vn -0.619642 -0.340651 -0.707107
vn -0.541675 -0.454519 -0.707107
vn -0.515459 -0.484048 -0.707107
vn -0.422255 -0.567187 -0.707107
vn -0.378887 -0.597030 -0.707107
vn -0.280071 -0.649277 -0.707107
vn -0.218508 -0.672499 -0.707107
vn -0.122788 -0.696364 -0.707107
vn -0.044400 -0.705711 -0.707107
vn 0.041115 -0.705910 -0.707107
vn 0.132499 -0.694582 -0.707107
vn 0.202801 -0.677401 -0.707107
vn 0.301071 -0.639809 -0.707107
vn 0.353553 -0.612372 -0.707107
vn 0.450727 -0.544835 -0.707107
vn 0.485246 -0.514331 -0.707107
vn 0.572061 -0.415627 -0.707107
vn 0.590779 -0.388562 -0.707107
vn 0.657451 -0.260303 -0.707107
vn 0.664463 -0.241845 -0.707107
vn 0.701531 -0.088624 -0.707107
vn 0.702326 -0.082090 -0.707107
vn 0.701531 0.088624 -0.707107
vn 0.702326 0.082090 -0.707107
vn 0.664463 0.241845 -0.707107
vn 0.657451 0.260303 -0.707107
vn 0.590779 0.388562 -0.707107
vn 0.572061 0.415627 -0.707107
vn 0.485246 0.514331 -0.707107
vn 0.450727 0.544835 -0.707107
vn 0.353553 0.612372 -0.707107
vn 0.301071 0.639809 -0.707107
vn 0.202801 0.677401 -0.707107
vn 0.132499 0.694582 -0.707107
vn 0.041115 0.705910 -0.707107
vn -0.044400 0.705711 -0.707107
vn -0.122788 0.696364 -0.707107
vn -0.218508 0.672499 -0.707107
vn -0.280071 0.649277 -0.707107
vn -0.378887 0.597030 -0.707107
vn -0.422255 0.567187 -0.707107
vn -0.515459 0.484048 -0.707107
vn -0.541675 0.454519 -0.707107
vn -0.619642 0.340651 -0.707107
vn -0.631894 0.317349 -0.707107
vn -0.684892 0.175850 -0.707107
vn -0.973045 -0.230616 0.000000
vn -1.000000 -0.000000 0.000000
vn -1.000000 -0.000000 0.000000
vn -0.973045 0.230616 -0.000000
vn -0.970942 0.239316 -0.000000
vn -0.893633 0.448799 -0.000000
vn -0.885456 0.464723 -0.000000
vn -0.766044 0.642788 -0.000000
vn -0.748511 0.663123 -0.000000
vn -0.597159 0.802123 -0.000000
vn -0.568065 0.822984 -0.000000
vn -0.396080 0.918216 -0.000000
vn -0.354605 0.935016 -0.000000
vn -0.173648 0.984808 -0.000000
vn -0.120537 0.992709 -0.000000
vn 0.058145 0.998308 -0.000000
vn 0.120537 0.992709 -0.000000
vn 0.286803 0.957990 -0.000000
vn 0.354605 0.935016 -0.000000
vn 0.500000 0.866025 -0.000000
vn 0.568065 0.822984 -0.000000
vn 0.686242 0.727374 -0.000000
vn 0.748511 0.663123 -0.000000
vn 0.835488 0.549509 -0.000000
vn 0.885456 0.464723 -0.000000
vn 0.939693 0.342020 -0.000000
vn 0.970942 0.239316 -0.000000
vn 0.993238 0.116093 -0.000000
vn 1.000000 -0.000000 -0.000000
vn 0.993238 -0.116093 -0.000000
vn 0.970942 -0.239316 -0.000000
vn 0.939693 -0.342020 -0.000000
vn 0.885456 -0.464723 -0.000000
vn 0.835488 -0.549509 -0.000000
vn 0.748511 -0.663123 -0.000000
vn 0.686242 -0.727374 -0.000000
vn 0.568065 -0.822984 -0.000000
vn 0.500000 -0.866025 -0.000000
vn 0.354605 -0.935016 -0.000000
vn 0.286803 -0.957990 -0.000000
vn 0.120537 -0.992709 -0.000000
vn 0.058145 -0.998308 -0.000000
vn -0.120537 -0.992709 0.000000
vn -0.173648 -0.984808 0.000000
vn -0.354605 -0.935016 0.000000
vn -0.396080 -0.918216 0.000000
vn -0.568065 -0.822984 0.000000
vn -0.597159 -0.802123 0.000000
vn -0.748511 -0.663123 0.000000
vn -0.766044 -0.642788 0.000000
vn -0.885456 -0.464723 0.000000
vn -0.893633 -0.448799 0.000000
vn -0.970942 -0.239316 0.000000
vn -0.973045 0.230616 -0.000000
vn -1.000000 0.000000 -0.000000
vn -0.973045 -0.230616 0.000000
vn -0.893633 -0.448799 0.000000
vn -0.766044 -0.642788 0.000000
vn -0.597159 -0.802123 0.000000
vn -0.396080 -0.918216 0.000000
vn -0.173648 -0.984808 0.000000
vn 0.058145 -0.998308 -0.000000
vn 0.286803 -0.957990 -0.000000
vn 0.500000 -0.866025 -0.000000
vn 0.686242 -0.727374 -0.000000
vn 0.835488 -0.549509 -0.000000
vn 0.939693 -0.342020 -0.000000
vn 0.993238 -0.116093 -0.000000
vn 0.993238 0.116093 -0.000000
vn 0.939693 0.342020 -0.000000
vn 0.835488 0.549509 -0.000000
vn 0.686242 0.727374 -0.000000
vn 0.500000 0.866025 -0.000000
vn 0.286803 0.957990 -0.000000
vn 0.058145 0.998308 -0.000000
vn -0.173648 0.984808 -0.000000
vn -0.396080 0.918216 -0.000000
vn -0.597159 0.802123 -0.000000
vn -0.766044 0.642788 -0.000000
vn -0.893633 0.448799 -0.000000
vn -0.000000 -0.000000 -1.000000
vn -0.000000 -0.000000 -1.000000
vn -0.000000 -0.000000 -1.000000
vn -0.000000 -0.000000 -1.000000
vn -0.000000 -0.000000 -1.000000
vn -0.000000 -0.000000 -1.000000
vn -0.000000 -0.000000 -1.000000
vn -0.000000 -0.000000 -1.000000
vn -0.000000 -0.000000 -1.000000
vn -0.000000 -0.000000 -1.000000
vn -0.000000 -0.000000 -1.000000
vn -0.000000 -0.000000 -1.000000
vn -0.000000 -0.000000 -1.000000
vn -0.000000 -0.000000 -1.000000
vn -0.000000 -0.000000 -1.000000
vn -0.000000 -0.000000 -1.000000
vn -0.000000 -0.000000 -1.000000
vn -0.000000 -0.000000 -1.000000
vn -0.000000 -0.000000 -1.000000
vn -0.000000 -0.000000 -1.000000
vn -0.000000 -0.000000 -1.000000
vn -0.000000 -0.000000 -1.000000
vn -0.000000 -0.000000 -1.000000
vn -0.000000 -0.000000 -1.000000
vn -0.000000 -0.000000 -1.000000
vn -0.688047 0.163070 0.707107
vn -0.707107 0.000000 0.707107
vn -0.707107 0.000000 0.707107
vn -0.688047 -0.163070 0.707107
vn -0.684892 -0.175850 0.707107
vn -0.631894 -0.317349 0.707107
vn -0.619642 -0.340651 0.707107
vn -0.541675 -0.454519 0.707107
vn -0.515459 -0.484048 0.707107
vn -0.422255 -0.567187 0.707107
vn -0.378887 -0.597030 0.707107
vn -0.280071 -0.649277 0.707107
vn -0.218508 -0.672499 0.707107
vn -0.122788 -0.696364 0.707107
vn -0.044400 -0.705711 0.707107
vn 0.041115 -0.705910 0.707107
vn 0.132499 -0.694582 0.707107
vn 0.202801 -0.677401 0.707107
vn 0.301071 -0.639809 0.707107
vn 0.353553 -0.612372 0.707107
vn 0.450727 -0.544835 0.707107
vn 0.485246 -0.514331 0.707107
vn 0.572061 -0.415627 0.707107
vn 0.590779 -0.388562 0.707107
vn 0.657451 -0.260303 0.707107
vn 0.664463 -0.241845 0.707107
vn 0.701531 -0.088624 0.707107
vn 0.702326 -0.082090 0.707107
vn 0.702326 0.082090 0.707107
vn 0.701531 0.088624 0.707107
vn 0.664463 0.241845 0.707107
vn 0.657451 0.260303 0.707107
vn 0.590779 0.388562 0.707107
vn 0.572061 0.415627 0.707107
vn 0.485246 0.514331 0.707107
vn 0.450727 0.544835 0.707107
vn 0.353553 0.612372 0.707107
vn 0.301071 0.639809 0.707107
vn 0.202801 0.677401 0.707107
vn 0.132499 0.694582 0.707107
vn 0.041115 0.705910 0.707107
vn -0.044400 0.705711 0.707107
vn -0.122788 0.696364 0.707107
vn -0.218508 0.672499 0.707107
vn -0.280071 0.649277 0.707107
vn -0.378887 0.597030 0.707107
vn -0.422255 0.567187 0.707107
vn -0.515459 0.484048 0.707107
vn -0.541675 0.454519 0.707107
vn -0.619642 0.340651 0.707107
vn -0.631894 0.317349 0.707107
vn -0.684892 0.175850 0.707107
vn 0.000000 0.000000 1.000000
vn 0.000000 0.000000 1.000000
vn 0.000000 0.000000 1.000000
vn 0.000000 0.000000 1.000000
vn 0.000000 0.000000 1.000000
vn 0.000000 0.000000 1.000000
vn 0.000000 0.000000 1.000000
vn 0.000000 0.000000 1.000000
vn 0.000000 0.000000 1.000000
vn 0.000000 0.000000 1.000000
vn 0.000000 0.000000 1.000000
vn 0.000000 0.000000 1.000000
vn 0.000000 0.000000 1.000000
vn 0.000000 0.000000 1.000000
vn 0.000000 0.000000 1.000000
vn 0.000000 0.000000 1.000000
vn 0.000000 0.000000 1.000000
vn 0.000000 0.000000 1.000000
vn 0.000000 0.000000 1.000000
vn 0.000000 0.000000 1.000000
vn 0.000000 0.000000 1.000000
vn 0.000000 0.000000 1.000000
vn 0.000000 0.000000 1.000000
vn 0.000000 0.000000 1.000000
vn 0.000000 0.000000 1.000000
usemtl Steel_-_Satin
f 2/1/1 52/2/2 1/3/3
f 1/3/3 52/2/2 26/4/4
f 1/5/3 26/6/4 27/7/5
f 52/2/2 2/1/1 51/8/6
f 51/8/6 2/1/1 3/9/7
f 51/8/6 3/9/7 50/10/8
f 50/10/8 3/9/7 4/11/9
f 50/10/8 4/11/9 49/12/10
f 49/12/10 4/11/9 5/13/11
f 49/12/10 5/13/11 48/14/12
f 48/14/12 5/13/11 6/15/13
f 48/14/12 6/15/13 47/16/14
f 47/16/14 6/15/13 7/17/15
f 47/16/14 7/17/15 46/18/16
f 46/18/16 7/17/15 8/19/17
f 46/18/16 8/19/17 45/20/18
f 45/20/18 8/19/17 9/21/19
f 45/20/18 9/21/19 44/22/20
f 44/22/20 9/21/19 10/23/21
f 44/22/20 10/23/21 43/24/22
f 43/24/22 10/23/21 11/25/23
f 43/24/22 11/25/23 42/26/24
f 42/26/24 11/25/23 12/27/25
f 42/26/24 12/27/25 41/28/26
f 41/28/26 12/27/25 13/29/27
f 41/28/26 13/29/27 40/30/28
f 40/30/28 13/29/27 14/31/29
f 40/30/28 14/31/29 39/32/30
f 39/32/30 14/31/29 38/33/31
f 38/33/31 14/31/29 15/34/32
f 38/33/31 15/34/32 37/35/33
f 37/35/33 15/34/32 16/36/34
f 37/35/33 16/36/34 36/37/35
f 36/37/35 16/36/34 17/38/36
f 36/37/35 17/38/36 35/39/37
f 35/39/37 17/38/36 18/40/38
f 35/39/37 18/40/38 34/41/39
f 34/41/39 18/40/38 19/42/40
f 34/41/39 19/42/40 33/43/41
f 33/43/41 19/42/40 20/44/42
f 33/43/41 20/44/42 32/45/43
f 32/45/43 20/44/42 21/46/44
f 32/45/43 21/46/44 31/47/45
f 31/47/45 21/46/44 22/48/46
f 31/47/45 22/48/46 30/49/47
f 30/49/47 22/48/46 23/50/48
f 30/49/47 23/50/48 29/51/49
f 29/51/49 23/50/48 24/52/50
f 29/51/49 24/52/50 28/53/51
f 28/53/51 24/52/50 25/54/52
f 28/53/51 25/54/52 27/7/5
f 27/7/5 25/54/52 1/5/3
f 79/55/53 53/56/54 80/57/55
f 80/58/55 53/59/54 54/60/56
f 80/58/55 54/60/56 81/61/57
f 81/61/57 54/60/56 55/62/58
f 81/61/57 55/62/58 82/63/59
f 82/63/59 55/62/58 56/64/60
f 82/63/59 56/64/60 83/65/61
f 83/65/61 56/64/60 57/66/62
f 83/65/61 57/66/62 84/67/63
f 84/67/63 57/66/62 58/68/64
f 84/67/63 58/68/64 85/69/65
f 85/69/65 58/68/64 59/70/66
f 85/69/65 59/70/66 86/71/67
f 86/71/67 59/70/66 60/72/68
f 86/71/67 60/72/68 87/73/69
f 87/73/69 60/72/68 61/74/70
f 87/73/69 61/74/70 88/75/71
f 88/75/71 61/74/70 62/76/72
f 88/75/71 62/76/72 89/77/73
f 89/77/73 62/76/72 63/78/74
f 89/77/73 63/78/74 90/79/75
f 90/79/75 63/78/74 64/80/76
f 90/79/75 64/80/76 91/81/77
f 91/81/77 64/80/76 65/82/78
f 91/81/77 65/82/78 92/83/79
f 92/83/79 65/82/78 66/84/80
f 92/83/79 66/84/80 93/85/81
f 93/85/81 66/84/80 67/86/82
f 93/85/81 67/86/82 94/87/83
f 94/87/83 67/86/82 68/88/84
f 94/87/83 68/88/84 95/89/85
f 95/89/85 68/88/84 69/90/86
f 95/89/85 69/90/86 96/91/87
f 96/91/87 69/90/86 70/92/88
f 96/91/87 70/92/88 97/93/89
f 97/93/89 70/92/88 71/94/90
f 97/93/89 71/94/90 98/95/91
f 98/95/91 71/94/90 72/96/92
f 98/95/91 72/96/92 99/97/93
f 99/97/93 72/96/92 73/98/94
f 99/97/93 73/98/94 100/99/95
f 100/99/95 73/98/94 74/100/96
f 100/99/95 74/100/96 101/101/97
f 101/101/97 74/100/96 75/102/98
f 101/101/97 75/102/98 102/103/99
f 102/103/99 75/102/98 76/104/100
f 102/103/99 76/104/100 103/105/101
f 103/105/101 76/104/100 77/106/102
f 103/105/101 77/106/102 104/107/103
f 104/107/103 77/106/102 78/108/104
f 104/107/103 78/108/104 105/109/105
f 105/109/105 78/108/104 79/55/53
f 105/109/105 79/55/53 80/57/55
f 27/110/106 26/111/107 80/58/55
f 80/57/55 26/112/107 52/113/108
f 80/57/55 52/113/108 105/109/105
f 105/109/105 52/113/108 51/114/109
f 105/109/105 51/114/109 104/107/103
f 104/107/103 51/114/109 50/115/110
f 104/107/103 50/115/110 103/105/101
f 103/105/101 50/115/110 49/116/111
f 103/105/101 49/116/111 102/103/99
f 102/103/99 49/116/111 48/117/112
f 102/103/99 48/117/112 101/101/97
f 101/101/97 48/117/112 47/118/113
f 101/101/97 47/118/113 100/99/95
f 100/99/95 47/118/113 46/119/114
f 100/99/95 46/119/114 99/97/93
f 99/97/93 46/119/114 45/120/115
f 99/97/93 45/120/115 98/95/91
f 98/95/91 45/120/115 44/121/116
f 98/95/91 44/121/116 97/93/89
f 97/93/89 44/121/116 43/122/117
f 97/93/89 43/122/117 96/91/87
f 96/91/87 43/122/117 42/123/118
f 96/91/87 42/123/118 95/89/85
f 95/89/85 42/123/118 41/124/119
f 95/89/85 41/124/119 94/87/83
f 94/87/83 41/124/119 40/125/120
f 94/87/83 40/125/120 93/85/81
f 93/85/81 40/125/120 39/126/121
f 93/85/81 39/126/121 92/83/79
f 92/83/79 39/126/121 38/127/122
f 92/83/79 38/127/122 91/81/77
f 91/81/77 38/127/122 37/128/123
f 91/81/77 37/128/123 90/79/75
f 90/79/75 37/128/123 36/129/124
f 90/79/75 36/129/124 89/77/73
f 89/77/73 36/129/124 35/130/125
f 89/77/73 35/130/125 88/75/71
f 88/75/71 35/130/125 34/131/126
f 88/75/71 34/131/126 87/73/69
f 87/73/69 34/131/126 33/132/127
f 87/73/69 33/132/127 86/71/67
f 86/71/67 33/132/127 32/133/128
f 86/71/67 32/133/128 85/69/65
f 85/69/65 32/133/128 31/134/129
f 85/69/65 31/134/129 84/67/63
f 84/67/63 31/134/129 30/135/130
f 84/67/63 30/135/130 83/65/61
f 83/65/61 30/135/130 29/136/131
f 83/65/61 29/136/131 82/63/59
f 82/63/59 29/136/131 28/137/132
f 82/63/59 28/137/132 81/61/57
f 81/61/57 28/137/132 27/110/106
f 81/61/57 27/110/106 80/58/55
f 2/138/133 1/139/134 9/140/135
f 9/140/135 1/139/134 25/141/136
f 9/140/135 25/141/136 24/142/137
f 24/142/137 23/143/138 9/140/135
f 9/140/135 23/143/138 22/144/139
f 9/140/135 22/144/139 21/145/140
f 21/145/140 20/146/141 9/140/135
f 9/140/135 20/146/141 19/147/142
f 9/140/135 19/147/142 18/148/143
f 9/140/135 18/148/143 10/149/144
f 10/149/144 18/148/143 17/150/145
f 10/149/144 17/150/145 11/151/146
f 11/151/146 17/150/145 16/152/147
f 11/151/146 16/152/147 12/153/148
f 12/153/148 16/152/147 15/154/149
f 12/153/148 15/154/149 13/155/150
f 13/155/150 15/154/149 14/156/151
f 8/157/152 6/158/153 9/140/135
f 9/140/135 6/158/153 5/159/154
f 9/140/135 5/159/154 4/160/155
f 8/157/152 7/161/156 6/158/153
f 4/160/155 3/162/157 9/140/135
f 9/140/135 3/162/157 2/138/133
f 54/163/158 53/164/159 106/165/160
f 106/166/160 53/167/159 79/168/161
f 106/166/160 79/168/161 130/169/162
f 130/169/162 79/168/161 78/170/163
f 130/169/162 78/170/163 129/171/164
f 129/171/164 78/170/163 77/172/165
f 129/171/164 77/172/165 128/173/166
f 128/173/166 77/172/165 76/174/167
f 128/173/166 76/174/167 127/175/168
f 127/175/168 76/174/167 75/176/169
f 127/175/168 75/176/169 126/177/170
f 126/177/170 75/176/169 74/178/171
f 126/177/170 74/178/171 125/179/172
f 125/179/172 74/178/171 73/180/173
f 125/179/172 73/180/173 124/181/174
f 124/181/174 73/180/173 72/182/175
f 124/181/174 72/182/175 123/183/176
f 123/183/176 72/182/175 71/184/177
f 123/183/176 71/184/177 122/185/178
f 122/185/178 71/184/177 70/186/179
f 122/185/178 70/186/179 121/187/180
f 121/187/180 70/186/179 69/188/181
f 121/187/180 69/188/181 120/189/182
f 120/189/182 69/188/181 68/190/183
f 120/189/182 68/190/183 119/191/184
f 119/191/184 68/190/183 67/192/185
f 119/191/184 67/192/185 66/193/186
f 119/191/184 66/193/186 118/194/187
f 118/194/187 66/193/186 65/195/188
f 118/194/187 65/195/188 117/196/189
f 117/196/189 65/195/188 64/197/190
f 117/196/189 64/197/190 116/198/191
f 116/198/191 64/197/190 63/199/192
f 116/198/191 63/199/192 115/200/193
f 115/200/193 63/199/192 62/201/194
f 115/200/193 62/201/194 114/202/195
f 114/202/195 62/201/194 61/203/196
f 114/202/195 61/203/196 113/204/197
f 113/204/197 61/203/196 60/205/198
f 113/204/197 60/205/198 112/206/199
f 112/206/199 60/205/198 59/207/200
f 112/206/199 59/207/200 111/208/201
f 111/208/201 59/207/200 58/209/202
f 111/208/201 58/209/202 110/210/203
f 110/210/203 58/209/202 57/211/204
f 110/210/203 57/211/204 109/212/205
f 109/212/205 57/211/204 56/213/206
f 109/212/205 56/213/206 108/214/207
f 108/214/207 56/213/206 55/215/208
f 108/214/207 55/215/208 107/216/209
f 107/216/209 55/215/208 54/163/158
f 107/216/209 54/163/158 106/165/160
f 107/217/210 106/218/211 123/219/212
f 123/219/212 106/218/211 130/220/213
f 123/219/212 130/220/213 129/221/214
f 129/221/214 128/222/215 123/219/212
f 123/219/212 128/222/215 127/223/216
f 123/219/212 127/223/216 126/224/217
f 125/225/218 124/226/219 126/224/217
f 126/224/217 124/226/219 123/219/212
f 122/227/220 114/228/221 123/219/212
f 123/219/212 114/228/221 113/229/222
f 123/219/212 113/229/222 112/230/223
f 114/228/221 122/227/220 115/231/224
f 115/231/224 122/227/220 121/232/225
f 115/231/224 121/232/225 116/233/226
f 116/233/226 121/232/225 120/234/227
f 116/233/226 120/234/227 117/235/228
f 117/235/228 120/234/227 119/236/229
f 117/235/228 119/236/229 118/237/230
f 112/230/223 111/238/231 123/219/212
f 123/219/212 111/238/231 110/239/232
f 123/219/212 110/239/232 109/240/233
f 109/240/233 108/241/234 123/219/212
f 123/219/212 108/241/234 107/217/210
g Body2

v 1.800000 0.000000 0.800000
v 1.800000 0.000000 1.200000
v 1.780518 -0.264115 1.231249
v 1.722493 -0.522512 1.262498
v 1.627181 -0.769599 1.293748
v 1.496645 -1.000026 1.324997
v 1.333712 -1.208806 1.356246
v 1.141908 -1.391419 1.387495
v 0.925385 -1.543911 1.418745
v 0.688830 -1.662983 1.449994
v 0.437364 -1.746056 1.481243
v 0.176431 -1.791333 1.512492
v -0.088322 -1.797832 1.543741
v -0.351163 -1.765414 1.574991
v -0.606402 -1.694779 1.606240
v -0.848514 -1.587458 1.637489
v -1.072259 -1.445774 1.668738
v -1.272792 -1.272792 1.699987
v -1.445774 -1.072259 1.731237
v -1.587458 -0.848514 1.762486
v -1.694779 -0.606402 1.793735
v -1.765414 -0.351163 1.824984
v -1.797832 -0.088322 1.856234
v -1.791333 0.176431 1.887483
v -1.746056 0.437364 1.918732
v -1.662983 0.688830 1.949981
v -1.543911 0.925385 1.981230
v -1.391419 1.141908 2.012480
v -1.208806 1.333712 2.043729
v -1.000026 1.496645 2.074978
v -0.769599 1.627181 2.106227
v -0.522512 1.722493 2.137477
v -0.264115 1.780518 2.168726
v -0.000000 1.800000 2.199975
v 0.264115 1.780518 2.231224
v 0.522512 1.722493 2.262473
v 0.769599 1.627181 2.293723
v 1.000026 1.496645 2.324972
v 1.208806 1.333712 2.356221
v 1.391419 1.141908 2.387470
v 1.543911 0.925385 2.418720
v 1.662983 0.688830 2.449969
v 1.746056 0.437364 2.481218
v 1.791333 0.176431 2.512467
v 1.797832 -0.088322 2.543716
v 1.765414 -0.351163 2.574966
v 1.694779 -0.606402 2.606215
v 1.587458 -0.848514 2.637464
v 1.445774 -1.072259 2.668713
v 1.272792 -1.272792 2.699962
v 1.072259 -1.445774 2.731212
v 0.848514 -1.587458 2.762461
v 0.606402 -1.694779 2.793710
v 0.351163 -1.765414 2.824959
v 0.088322 -1.797832 2.856209
v -0.176431 -1.791333 2.887458
v -0.437364 -1.746056 2.918707
v -0.688830 -1.662983 2.949956
v -0.925385 -1.543911 2.981205
v -1.141908 -1.391419 3.012455
v -1.333712 -1.208806 3.043704
v -1.496645 -1.000026 3.074953
v -1.627181 -0.769599 3.106202
v -1.722493 -0.522512 3.137452
v -1.780518 -0.264115 3.168701
v -1.800000 -0.000000 3.199950
v -1.780518 0.264115 3.231199
v -1.722493 0.522512 3.262448
v -1.627181 0.769599 3.293698
v -1.496645 1.000026 3.324947
v -1.333712 1.208806 3.356196
v -1.141908 1.391419 3.387445
v -0.925385 1.543911 3.418695
v -0.688830 1.662983 3.449944
v -0.437364 1.746056 3.481193
v -0.176431 1.791333 3.512442
v 0.088322 1.797832 3.543691
v 0.351163 1.765414 3.574941
v 0.606402 1.694779 3.606190
v 0.848514 1.587458 3.637439
v 1.072259 1.445774 3.668688
v 1.272792 1.272792 3.699937
v 1.445774 1.072259 3.731187
v 1.587458 0.848514 3.762436
v 1.694779 0.606402 3.793685
v 1.765414 0.351163 3.824934
v 1.797832 0.088322 3.856184
v 1.791333 -0.176431 3.887433
v 1.746056 -0.437364 3.918682
v 1.662983 -0.688830 3.949931
v 1.543911 -0.925385 3.981180
v 1.391419 -1.141908 4.012430
v 1.208806 -1.333712 4.043679
v 1.000026 -1.496645 4.074928
v 0.769599 -1.627181 4.106177
v 0.522512 -1.722493 4.137427
v 0.264115 -1.780518 4.168676
v 0.000000 -1.800000 4.199925
v -0.264115 -1.780518 4.231174
v -0.522512 -1.722493 4.262423
v -0.769599 -1.627181 4.293673
v -1.000026 -1.496645 4.324922
v -1.208806 -1.333712 4.356171
v -1.391419 -1.141908 4.387420
v -1.543911 -0.925385 4.418670
v -1.662983 -0.688830 4.449919
v -1.746056 -0.437364 4.481168
v -1.791333 -0.176431 4.512417
v -1.797832 0.088322 4.543666
v -1.765414 0.351163 4.574916
v -1.694779 0.606402 4.606165
v -1.587458 0.848514 4.637414
v -1.445774 1.072259 4.668663
v -1.272792 1.272792 4.699913
v -1.072259 1.445774 4.731162
v -0.848514 1.587458 4.762411
v -0.606402 1.694779 4.793660
v -0.351163 1.765414 4.824909
v -0.088322 1.797832 4.856159
v 0.176431 1.791333 4.887408
v 0.437364 1.746056 4.918657
v 0.688830 1.662983 4.949906
v 0.925385 1.543911 4.981155
v 1.141908 1.391419 5.012405
v 1.333712 1.208806 5.043654
v 1.496645 1.000026 5.074903
v 1.627181 0.769599 5.106152
v 1.722493 0.522512 5.137402
v 1.780518 0.264115 5.168651
v 1.800000 0.000000 5.199900
v 1.780518 -0.264115 5.231149
v 1.722493 -0.522512 5.262398
v 1.627181 -0.769599 5.293648
v 1.496645 -1.000026 5.324897
v 1.333712 -1.208806 5.356146
v 1.141908 -1.391419 5.387395
v 0.925385 -1.543911 5.418645
v 0.688830 -1.662983 5.449894
v 0.437364 -1.746056 5.481143
v 0.176431 -1.791333 5.512392
v -0.088322 -1.797832 5.543641
v -0.351163 -1.765414 5.574891
v -0.606402 -1.694779 5.606140
v -0.848514 -1.587458 5.637389
v -1.072259 -1.445774 5.668638
v -1.272792 -1.272792 5.699888
v -1.445774 -1.072259 5.731137
v -1.587458 -0.848514 5.762386
v -1.694779 -0.606402 5.793635
v -1.765414 -0.351163 5.824884
v -1.797832 -0.088322 5.856134
v -1.791333 0.176431 5.887383
v -1.746056 0.437364 5.918632
v -1.662983 0.688830 5.949881
v -1.543911 0.925385 5.981130
v -1.391419 1.141908 6.012380
v -1.208806 1.333712 6.043629
v -1.000026 1.496645 6.074878
v -0.769599 1.627181 6.106127
v -0.522512 1.722493 6.137377
v -0.264115 1.780518 6.168626
v -0.000000 1.800000 6.199875
v 0.264115 1.780518 6.231124
v 0.522512 1.722493 6.262373
v 0.769599 1.627181 6.293623
v 1.000026 1.496645 6.324872
v 1.208806 1.333712 6.356121
v 1.391419 1.141908 6.387370
v 1.543911 0.925385 6.418620
v 1.662983 0.688830 6.449869
v 1.746056 0.437364 6.481118
v 1.791333 0.176431 6.512367
v 1.797832 -0.088322 6.543616
v 1.765414 -0.351163 6.574866
v 1.694779 -0.606402 6.606115
v 1.587458 -0.848514 6.637364
v 1.445774 -1.072259 6.668613
v 1.272792 -1.272792 6.699863
v 1.072259 -1.445774 6.731112
v 0.848514 -1.587458 6.762361
v 0.606402 -1.694779 6.793610
v 0.351163 -1.765414 6.824859
v 0.088322 -1.797832 6.856109
v -0.176431 -1.791333 6.887358
v -0.437364 -1.746056 6.918607
v -0.688830 -1.662983 6.949856
v -0.925385 -1.543911 6.981105
v -1.141908 -1.391419 7.012355
v -1.333712 -1.208806 7.043604
v -1.496645 -1.000026 7.074853
v -1.627181 -0.769599 7.106102
v -1.722493 -0.522512 7.137352
v -1.780518 -0.264115 7.168601
v -1.800000 -0.000000 7.199850
v -1.780518 0.264115 7.231099
v -1.722493 0.522512 7.262348
v -1.627181 0.769599 7.293598
v -1.496645 1.000026 7.324847
v -1.333712 1.208806 7.356096
v -1.141908 1.391419 7.387345
v -0.925385 1.543911 7.418595
v -0.688830 1.662983 7.449844
v -0.437364 1.746056 7.481093
v -0.176431 1.791333 7.512342
v 0.088322 1.797832 7.543591
v 0.351163 1.765414 7.574841
v 0.606402 1.694779 7.606090
v 0.848514 1.587458 7.637339
v 1.072259 1.445774 7.668588
v 1.272792 1.272792 7.699838
v 1.445774 1.072259 7.731087
v 1.587458 0.848514 7.762336
v 1.694779 0.606402 7.793585
v 1.765414 0.351163 7.824834
v 1.797832 0.088322 7.856084
v 1.791333 -0.176431 7.887333
v 1.746056 -0.437364 7.918582
v 1.662983 -0.688830 7.949831
v 1.543911 -0.925385 7.981080
v 1.391419 -1.141908 8.012330
v 1.208806 -1.333712 8.043579
v 1.000026 -1.496645 8.074828
v 0.769599 -1.627181 8.106077
v 0.522512 -1.722493 8.137327
v 0.264115 -1.780518 8.168576
v -0.000000 -1.800000 8.199825
v -0.264115 -1.780518 8.231074
v -0.522512 -1.722493 8.262323
v -0.769599 -1.627181 8.293573
v -1.000026 -1.496645 8.324822
v -1.208806 -1.333712 8.356071
v -1.391419 -1.141908 8.387320
v -1.543911 -0.925385 8.418570
v -1.662983 -0.688830 8.449819
v -1.746056 -0.437364 8.481068
v -1.791333 -0.176431 8.512317
v -1.797832 0.088322 8.543566
v -1.765414 0.351163 8.574816
v -1.694779 0.606402 8.606065
v -1.587458 0.848514 8.637314
v -1.445774 1.072259 8.668563
v -1.272792 1.272792 8.699813
v -1.072259 1.445774 8.731062
v -0.848514 1.587458 8.762311
v -0.606402 1.694779 8.793560
v -0.351163 1.765414 8.824809
v -0.088322 1.797832 8.856059
v 0.176431 1.791333 8.887308
v 0.437364 1.746056 8.918557
v 0.688830 1.662983 8.949806
v 0.925385 1.543911 8.981055
v 1.141908 1.391419 9.012305
v 1.333712 1.208806 9.043554
v 1.496645 1.000026 9.074803
v 1.627181 0.769599 9.106052
v 1.722493 0.522512 9.137302
v 1.780518 0.264115 9.168551
v 1.800000 0.000000 9.199800
v 1.800000 0.000000 8.799800
v 1.780518 0.264115 8.768551
v 1.722493 0.522512 8.737302
v 1.627181 0.769599 8.706052
v 1.496645 1.000026 8.674803
v 1.333712 1.208806 8.643554
v 1.141908 1.391419 8.612305
v 0.925385 1.543911 8.581055
v 0.688830 1.662983 8.549806
v 0.437364 1.746056 8.518557
v 0.176431 1.791333 8.487308
v -0.088322 1.797832 8.456059
v -0.351163 1.765414 8.424809
v -0.606402 1.694779 8.393560
v -0.848514 1.587458 8.362311
v -1.072259 1.445774 8.331062
v -1.272792 1.272792 8.299813
v -1.445774 1.072259 8.268563
v -1.587458 0.848514 8.237314
v -1.694779 0.606402 8.206065
v -1.765414 0.351163 8.174816
v -1.797832 0.088322 8.143566
v -1.791333 -0.176431 8.112317
v -1.746056 -0.437364 8.081068
v -1.662983 -0.688830 8.049819
v -1.543911 -0.925385 8.018570
v -1.391419 -1.141908 7.987320
v -1.208806 -1.333712 7.956071
v -1.000026 -1.496645 7.924822
v -0.769599 -1.627181 7.893573
v -0.522512 -1.722493 7.862323
v -0.264115 -1.780518 7.831074
v -0.000000 -1.800000 7.799825
v 0.264115 -1.780518 7.768576
v 0.522512 -1.722493 7.737327
v 0.769599 -1.627181 7.706077
v 1.000026 -1.496645 7.674828
v 1.208806 -1.333712 7.643579
v 1.391419 -1.141908 7.612330
v 1.543911 -0.925385 7.581080
v 1.662983 -0.688830 7.549831
v 1.746056 -0.437364 7.518582
v 1.791333 -0.176431 7.487333
v 1.797832 0.088322 7.456084
v 1.765414 0.351163 7.424834
v 1.694779 0.606402 7.393585
v 1.587458 0.848514 7.362336
v 1.445774 1.072259 7.331087
v 1.272792 1.272792 7.299838
v 1.072259 1.445774 7.268588
v 0.848514 1.587458 7.237339
v 0.606402 1.694779 7.206090
v 0.351163 1.765414 7.174841
v 0.088322 1.797832 7.143591
v -0.176431 1.791333 7.112342
v -0.437364 1.746056 7.081093
v -0.688830 1.662983 7.049844
v -0.925385 1.543911 7.018595
v -1.141908 1.391419 6.987345
v -1.333712 1.208806 6.956096
v -1.496645 1.000026 6.924847
v -1.627181 0.769599 6.893598
v -1.722493 0.522512 6.862348
v -1.780518 0.264115 6.831099
v -1.800000 -0.000000 6.799850
v -1.780518 -0.264115 6.768601
v -1.722493 -0.522512 6.737352
v -1.627181 -0.769599 6.706102
v -1.496645 -1.000026 6.674853
v -1.333712 -1.208806 6.643604
v -1.141908 -1.391419 6.612355
v -0.925385 -1.543911 6.581105
v -0.688830 -1.662983 6.549856
v -0.437364 -1.746056 6.518607
v -0.176431 -1.791333 6.487358
v 0.088322 -1.797832 6.456109
v 0.351163 -1.765414 6.424859
v 0.606402 -1.694779 6.393610
v 0.848514 -1.587458 6.362361
v 1.072259 -1.445774 6.331112
v 1.272792 -1.272792 6.299862
v 1.445774 -1.072259 6.268613
v 1.587458 -0.848514 6.237364
v 1.694779 -0.606402 6.206115
v 1.765414 -0.351163 6.174866
v 1.797832 -0.088322 6.143616
v 1.791333 0.176431 6.112367
v 1.746056 0.437364 6.081118
v 1.662983 0.688830 6.049869
v 1.543911 0.925385 6.018620
v 1.391419 1.141908 5.987370
v 1.208806 1.333712 5.956121
v 1.000026 1.496645 5.924872
v 0.769599 1.627181 5.893623
v 0.522512 1.722493 5.862373
v 0.264115 1.780518 5.831124
v -0.000000 1.800000 5.799875
v -0.264115 1.780518 5.768626
v -0.522512 1.722493 5.737377
v -0.769599 1.627181 5.706127
v -1.000026 1.496645 5.674878
v -1.208806 1.333712 5.643629
v -1.391419 1.141908 5.612380
v -1.543911 0.925385 5.581130
v -1.662983 0.688830 5.549881
v -1.746056 0.437364 5.518632
v -1.791333 0.176431 5.487383
v -1.797832 -0.088322 5.456134
v -1.765414 -0.351163 5.424884
v -1.694779 -0.606402 5.393635
v -1.587458 -0.848514 5.362386
v -1.445774 -1.072259 5.331137
v -1.272792 -1.272792 5.299888
v -1.072259 -1.445774 5.268638
v -0.848514 -1.587458 5.237389
v -0.606402 -1.694779 5.206140
v -0.351163 -1.765414 5.174891
v -0.088322 -1.797832 5.143641
v 0.176431 -1.791333 5.112392
v 0.437364 -1.746056 5.081143
v 0.688830 -1.662983 5.049894
v 0.925385 -1.543911 5.018645
v 1.141908 -1.391419 4.987395
v 1.333712 -1.208806 4.956146
v 1.496645 -1.000026 4.924897
v 1.627181 -0.769599 4.893648
v 1.722493 -0.522512 4.862398
v 1.780518 -0.264115 4.831149
v 1.800000 0.000000 4.799900
v 1.780518 0.264115 4.768651
v 1.722493 0.522512 4.737402
v 1.627181 0.769599 4.706152
v 1.496645 1.000026 4.674903
v 1.333712 1.208806 4.643654
v 1.141908 1.391419 4.612405
v 0.925385 1.543911 4.581155
v 0.688830 1.662983 4.549906
v 0.437364 1.746056 4.518657
v 0.176431 1.791333 4.487408
v -0.088322 1.797832 4.456159
v -0.351163 1.765414 4.424909
v -0.606402 1.694779 4.393660
v -0.848514 1.587458 4.362411
v -1.072259 1.445774 4.331162
v -1.272792 1.272792 4.299913
v -1.445774 1.072259 4.268663
v -1.587458 0.848514 4.237414
v -1.694779 0.606402 4.206165
v -1.765414 0.351163 4.174916
v -1.797832 0.088322 4.143666
v -1.791333 -0.176431 4.112417
v -1.746056 -0.437364 4.081168
v -1.662983 -0.688830 4.049919
v -1.543911 -0.925385 4.018670
v -1.391419 -1.141908 3.987420
v -1.208806 -1.333712 3.956171
v -1.000026 -1.496645 3.924922
v -0.769599 -1.627181 3.893673
v -0.522512 -1.722493 3.862423
v -0.264115 -1.780518 3.831174
v 0.000000 -1.800000 3.799925
v 0.264115 -1.780518 3.768676
v 0.522512 -1.722493 3.737427
v 0.769599 -1.627181 3.706177
v 1.000026 -1.496645 3.674928
v 1.208806 -1.333712 3.643679
v 1.391419 -1.141908 3.612430
v 1.543911 -0.925385 3.581180
v 1.662983 -0.688830 3.549931
v 1.746056 -0.437364 3.518682
v 1.791333 -0.176431 3.487433
v 1.797832 0.088322 3.456184
v 1.765414 0.351163 3.424934
v 1.694779 0.606402 3.393685
v 1.587458 0.848514 3.362436
v 1.445774 1.072259 3.331187
v 1.272792 1.272792 3.299938
v 1.072259 1.445774 3.268688
v 0.848514 1.587458 3.237439
v 0.606402 1.694779 3.206190
v 0.351163 1.765414 3.174941
v 0.088322 1.797832 3.143691
v -0.176431 1.791333 3.112442
v -0.437364 1.746056 3.081193
v -0.688830 1.662983 3.049944
v -0.925385 1.543911 3.018695
v -1.141908 1.391419 2.987445
v -1.333712 1.208806 2.956196
v -1.496645 1.000026 2.924947
v -1.627181 0.769599 2.893698
v -1.722493 0.522512 2.862448
v -1.780518 0.264115 2.831199
v -1.800000 -0.000000 2.799950
v -1.780518 -0.264115 2.768701
v -1.722493 -0.522512 2.737452
v -1.627181 -0.769599 2.706202
v -1.496645 -1.000026 2.674953
v -1.333712 -1.208806 2.643704
v -1.141908 -1.391419 2.612455
v -0.925385 -1.543911 2.581205
v -0.688830 -1.662983 2.549956
v -0.437364 -1.746056 2.518707
v -0.176431 -1.791333 2.487458
v 0.088322 -1.797832 2.456209
v 0.351163 -1.765414 2.424959
v 0.606402 -1.694779 2.393710
v 0.848514 -1.587458 2.362461
v 1.072259 -1.445774 2.331212
v 1.272792 -1.272792 2.299963
v 1.445774 -1.072259 2.268713
v 1.587458 -0.848514 2.237464
v 1.694779 -0.606402 2.206215
v 1.765414 -0.351163 2.174966
v 1.797832 -0.088322 2.143716
v 1.791333 0.176431 2.112467
v 1.746056 0.437364 2.081218
v 1.662983 0.688830 2.049969
v 1.543911 0.925385 2.018720
v 1.391419 1.141908 1.987470
v 1.208806 1.333712 1.956221
v 1.000026 1.496645 1.924972
v 0.769599 1.627181 1.893723
v 0.522512 1.722493 1.862473
v 0.264115 1.780518 1.831224
v -0.000000 1.800000 1.799975
v -0.264115 1.780518 1.768726
v -0.522512 1.722493 1.737477
v -0.769599 1.627181 1.706227
v -1.000026 1.496645 1.674978
v -1.208806 1.333712 1.643729
v -1.391419 1.141908 1.612480
v -1.543911 0.925385 1.581230
v -1.662983 0.688830 1.549981
v -1.746056 0.437364 1.518732
v -1.791333 0.176431 1.487483
v -1.797832 -0.088322 1.456234
v -1.765414 -0.351163 1.424984
v -1.694779 -0.606402 1.393735
v -1.587458 -0.848514 1.362486
v -1.445774 -1.072259 1.331237
v -1.272792 -1.272792 1.299988
v -1.072259 -1.445774 1.268738
v -0.848514 -1.587458 1.237489
v -0.606402 -1.694779 1.206240
v -0.351163 -1.765414 1.174991
v -0.088322 -1.797832 1.143741
v 0.176431 -1.791333 1.112492
v 0.437364 -1.746056 1.081243
v 0.688830 -1.662983 1.049994
v 0.925385 -1.543911 1.018745
v 1.141908 -1.391419 0.987495
v 1.333712 -1.208806 0.956246
v 1.496645 -1.000026 0.924997
v 1.627181 -0.769599 0.893748
v 1.722493 -0.522512 0.862498
v 1.780518 -0.264115 0.831249
v 1.400000 0.000000 0.800000
v 1.400000 0.000000 8.799800
v 1.384847 0.205423 8.768551
v 1.339716 0.406399 8.737302
v 1.265585 0.598577 8.706052
v 1.164057 0.777798 8.674803
v 1.037332 0.940183 8.643554
v 0.888151 1.082215 8.612305
v 0.719744 1.200820 8.581055
v 0.535757 1.293431 8.549806
v 0.340172 1.358044 8.518557
v 0.137224 1.393259 8.487308
v -0.068695 1.398314 8.456059
v -0.273126 1.373099 8.424809
v -0.471646 1.318162 8.393560
v -0.659955 1.234690 8.362311
v -0.833979 1.124491 8.331062
v -0.989949 0.989949 8.299813
v -1.124491 0.833979 8.268563
v -1.234690 0.659955 8.237314
v -1.318162 0.471646 8.206065
v -1.373099 0.273126 8.174816
v -1.398314 0.068695 8.143566
v -1.393259 -0.137224 8.112317
v -1.358044 -0.340172 8.081068
v -1.293431 -0.535757 8.049819
v -1.200820 -0.719744 8.018570
v -1.082215 -0.888151 7.987320
v -0.940183 -1.037332 7.956071
v -0.777798 -1.164057 7.924822
v -0.598577 -1.265585 7.893573
v -0.406399 -1.339716 7.862323
v -0.205423 -1.384847 7.831074
v -0.000000 -1.400000 7.799825
v 0.205423 -1.384847 7.768576
v 0.406399 -1.339716 7.737327
v 0.598577 -1.265585 7.706077
v 0.777798 -1.164057 7.674828
v 0.940183 -1.037332 7.643579
v 1.082215 -0.888151 7.612330
v 1.200820 -0.719744 7.581080
v 1.293431 -0.535757 7.549831
v 1.358044 -0.340172 7.518582
v 1.393259 -0.137224 7.487333
v 1.398314 0.068695 7.456084
v 1.373099 0.273126 7.424834
v 1.318162 0.471646 7.393585
v 1.234690 0.659955 7.362336
v 1.124491 0.833979 7.331087
v 0.989949 0.989949 7.299838
v 0.833979 1.124491 7.268588
v 0.659955 1.234690 7.237339
v 0.471646 1.318162 7.206090
v 0.273126 1.373099 7.174841
v 0.068695 1.398314 7.143591
v -0.137224 1.393259 7.112342
v -0.340172 1.358044 7.081093
v -0.535757 1.293431 7.049844
v -0.719744 1.200820 7.018595
v -0.888151 1.082215 6.987345
v -1.037332 0.940183 6.956096
v -1.164057 0.777798 6.924847
v -1.265585 0.598577 6.893598
v -1.339716 0.406399 6.862348
v -1.384847 0.205423 6.831099
v -1.400000 -0.000000 6.799850
v -1.384847 -0.205423 6.768601
v -1.339716 -0.406399 6.737352
v -1.265585 -0.598577 6.706102
v -1.164057 -0.777798 6.674853
v -1.037332 -0.940183 6.643604
v -0.888151 -1.082215 6.612355
v -0.719744 -1.200820 6.581105
v -0.535757 -1.293431 6.549856
v -0.340172 -1.358044 6.518607
v -0.137224 -1.393259 6.487358
v 0.068695 -1.398314 6.456109
v 0.273126 -1.373099 6.424859
v 0.471646 -1.318162 6.393610
v 0.659955 -1.234690 6.362361
v 0.833979 -1.124491 6.331112
v 0.989949 -0.989949 6.299862
v 1.124491 -0.833979 6.268613
v 1.234690 -0.659955 6.237364
v 1.318162 -0.471646 6.206115
v 1.373099 -0.273126 6.174866
v 1.398314 -0.068695 6.143616
v 1.393259 0.137224 6.112367
v 1.358044 0.340172 6.081118
v 1.293431 0.535757 6.049869
v 1.200820 0.719744 6.018620
v 1.082215 0.888151 5.987370
v 0.940183 1.037332 5.956121
v 0.777798 1.164057 5.924872
v 0.598577 1.265585 5.893623
v 0.406399 1.339716 5.862373
v 0.205423 1.384847 5.831124
v -0.000000 1.400000 5.799875
v -0.205423 1.384847 5.768626
v -0.406399 1.339716 5.737377
v -0.598577 1.265585 5.706127
v -0.777798 1.164057 5.674878
v -0.940183 1.037332 5.643629
v -1.082215 0.888151 5.612380
v -1.200820 0.719744 5.581130
v -1.293431 0.535757 5.549881
v -1.358044 0.340172 5.518632
v -1.393259 0.137224 5.487383
v -1.398314 -0.068695 5.456134
v -1.373099 -0.273126 5.424884
v -1.318162 -0.471646 5.393635
v -1.234690 -0.659955 5.362386
v -1.124491 -0.833979 5.331137
v -0.989949 -0.989949 5.299888
v -0.833979 -1.124491 5.268638
v -0.659955 -1.234690 5.237389
v -0.471646 -1.318162 5.206140
v -0.273126 -1.373099 5.174891
v -0.068695 -1.398314 5.143641
v 0.137224 -1.393259 5.112392
v 0.340172 -1.358044 5.081143
v 0.535757 -1.293431 5.049894
v 0.719744 -1.200820 5.018645
v 0.888151 -1.082215 4.987395
v 1.037332 -0.940183 4.956146
v 1.164057 -0.777798 4.924897
v 1.265585 -0.598577 4.893648
v 1.339716 -0.406399 4.862398
v 1.384847 -0.205423 4.831149
v 1.400000 0.000000 4.799900
v 1.384847 0.205423 4.768651
v 1.339716 0.406399 4.737402
v 1.265585 0.598577 4.706152
v 1.164057 0.777798 4.674903
v 1.037332 0.940183 4.643654
v 0.888151 1.082215 4.612405
v 0.719744 1.200820 4.581155
v 0.535757 1.293431 4.549906
v 0.340172 1.358044 4.518657
v 0.137224 1.393259 4.487408
v -0.068695 1.398314 4.456159
v -0.273126 1.373099 4.424909
v -0.471646 1.318162 4.393660
v -0.659955 1.234690 4.362411
v -0.833979 1.124491 4.331162
v -0.989949 0.989949 4.299913
v -1.124491 0.833979 4.268663
v -1.234690 0.659955 4.237414
v -1.318162 0.471646 4.206165
v -1.373099 0.273126 4.174916
v -1.398314 0.068695 4.143666
v -1.393259 -0.137224 4.112417
v -1.358044 -0.340172 4.081168
v -1.293431 -0.535757 4.049919
v -1.200820 -0.719744 4.018670
v -1.082215 -0.888151 3.987420
v -0.940183 -1.037332 3.956171
v -0.777798 -1.164057 3.924922
v -0.598577 -1.265585 3.893673
v -0.406399 -1.339716 3.862423
v -0.205423 -1.384847 3.831174
v 0.000000 -1.400000 3.799925
v 0.205423 -1.384847 3.768676
v 0.406399 -1.339716 3.737427
v 0.598577 -1.265585 3.706177
v 0.777798 -1.164057 3.674928
v 0.940183 -1.037332 3.643679
v 1.082215 -0.888151 3.612430
v 1.200820 -0.719744 3.581180
v 1.293431 -0.535757 3.549931
v 1.358044 -0.340172 3.518682
v 1.393259 -0.137224 3.487433
v 1.398314 0.068695 3.456184
v 1.373099 0.273126 3.424934
v 1.318162 0.471646 3.393685
v 1.234690 0.659955 3.362436
v 1.124491 0.833979 3.331187
v 0.989949 0.989949 3.299938
v 0.833979 1.124491 3.268688
v 0.659955 1.234690 3.237439
v 0.471646 1.318162 3.206190
v 0.273126 1.373099 3.174941
v 0.068695 1.398314 3.143691
v -0.137224 1.393259 3.112442
v -0.340172 1.358044 3.081193
v -0.535757 1.293431 3.049944
v -0.719744 1.200820 3.018695
v -0.888151 1.082215 2.987445
v -1.037332 0.940183 2.956196
v -1.164057 0.777798 2.924947
v -1.265585 0.598577 2.893698
v -1.339716 0.406399 2.862448
v -1.384847 0.205423 2.831199
v -1.400000 -0.000000 2.799950
v -1.384847 -0.205423 2.768701
v -1.339716 -0.406399 2.737452
v -1.265585 -0.598577 2.706202
v -1.164057 -0.777798 2.674953
v -1.037332 -0.940183 2.643704
v -0.888151 -1.082215 2.612455
v -0.719744 -1.200820 2.581205
v -0.535757 -1.293431 2.549956
v -0.340172 -1.358044 2.518707
v -0.137224 -1.393259 2.487458
v 0.068695 -1.398314 2.456209
v 0.273126 -1.373099 2.424959
v 0.471646 -1.318162 2.393710
v 0.659955 -1.234690 2.362461
v 0.833979 -1.124491 2.331212
v 0.989949 -0.989949 2.299963
v 1.124491 -0.833979 2.268713
v 1.234690 -0.659955 2.237464
v 1.318162 -0.471646 2.206215
v 1.373099 -0.273126 2.174966
v 1.398314 -0.068695 2.143716
v 1.393259 0.137224 2.112467
v 1.358044 0.340172 2.081218
v 1.293431 0.535757 2.049969
v 1.200820 0.719744 2.018720
v 1.082215 0.888151 1.987470
v 0.940183 1.037332 1.956221
v 0.777798 1.164057 1.924972
v 0.598577 1.265585 1.893723
v 0.406399 1.339716 1.862473
v 0.205423 1.384847 1.831224
v -0.000000 1.400000 1.799975
v -0.205423 1.384847 1.768726
v -0.406399 1.339716 1.737477
v -0.598577 1.265585 1.706227
v -0.777798 1.164057 1.674978
v -0.940183 1.037332 1.643729
v -1.082215 0.888151 1.612480
v -1.200820 0.719744 1.581230
v -1.293431 0.535757 1.549981
v -1.358044 0.340172 1.518732
v -1.393259 0.137224 1.487483
v -1.398314 -0.068695 1.456234
v -1.373099 -0.273126 1.424984
v -1.318162 -0.471646 1.393735
v -1.234690 -0.659955 1.362486
v -1.124491 -0.833979 1.331237
v -0.989949 -0.989949 1.299988
v -0.833979 -1.124491 1.268738
v -0.659955 -1.234690 1.237489
v -0.471646 -1.318162 1.206240
v -0.273126 -1.373099 1.174991
v -0.068695 -1.398314 1.143741
v 0.137224 -1.393259 1.112492
v 0.340172 -1.358044 1.081243
v 0.535757 -1.293431 1.049994
v 0.719744 -1.200820 1.018745
v 0.888151 -1.082215 0.987495
v 1.037332 -0.940183 0.956246
v 1.164057 -0.777798 0.924997
v 1.265585 -0.598577 0.893748
v 1.339716 -0.406399 0.862498
v 1.384847 -0.205423 0.831249
v 1.400000 0.000000 1.200000
v 1.400000 0.000000 9.199800
v 1.384847 0.205423 9.168551
v 1.339716 0.406399 9.137302
v 1.265585 0.598577 9.106052
v 1.164057 0.777798 9.074803
v 1.037332 0.940183 9.043554
v 0.888151 1.082215 9.012305
v 0.719744 1.200820 8.981055
v 0.535757 1.293431 8.949806
v 0.340172 1.358044 8.918557
v 0.137224 1.393259 8.887308
v -0.068695 1.398314 8.856059
v -0.273126 1.373099 8.824809
v -0.471646 1.318162 8.793560
v -0.659955 1.234690 8.762311
v -0.833979 1.124491 8.731062
v -0.989949 0.989949 8.699813
v -1.124491 0.833979 8.668563
v -1.234690 0.659955 8.637314
v -1.318162 0.471646 8.606065
v -1.373099 0.273126 8.574816
v -1.398314 0.068695 8.543566
v -1.393259 -0.137224 8.512317
v -1.358044 -0.340172 8.481068
v -1.293431 -0.535757 8.449819
v -1.200820 -0.719744 8.418570
v -1.082215 -0.888151 8.387320
v -0.940183 -1.037332 8.356071
v -0.777798 -1.164057 8.324822
v -0.598577 -1.265585 8.293573
v -0.406399 -1.339716 8.262323
v -0.205423 -1.384847 8.231074
v -0.000000 -1.400000 8.199825
v 0.205423 -1.384847 8.168576
v 0.406399 -1.339716 8.137327
v 0.598577 -1.265585 8.106077
v 0.777798 -1.164057 8.074828
v 0.940183 -1.037332 8.043579
v 1.082215 -0.888151 8.012330
v 1.200820 -0.719744 7.981080
v 1.293431 -0.535757 7.949831
v 1.358044 -0.340172 7.918582
v 1.393259 -0.137224 7.887333
v 1.398314 0.068695 7.856084
v 1.373099 0.273126 7.824834
v 1.318162 0.471646 7.793585
v 1.234690 0.659955 7.762336
v 1.124491 0.833979 7.731087
v 0.989949 0.989949 7.699838
v 0.833979 1.124491 7.668588
v 0.659955 1.234690 7.637339
v 0.471646 1.318162 7.606090
v 0.273126 1.373099 7.574841
v 0.068695 1.398314 7.543591
v -0.137224 1.393259 7.512342
v -0.340172 1.358044 7.481093
v -0.535757 1.293431 7.449844
v -0.719744 1.200820 7.418595
v -0.888151 1.082215 7.387345
v -1.037332 0.940183 7.356096
v -1.164057 0.777798 7.324847
v -1.265585 0.598577 7.293598
v -1.339716 0.406399 7.262348
v -1.384847 0.205423 7.231099
v -1.400000 -0.000000 7.199850
v -1.384847 -0.205423 7.168601
v -1.339716 -0.406399 7.137352
v -1.265585 -0.598577 7.106102
v -1.164057 -0.777798 7.074853
v -1.037332 -0.940183 7.043604
v -0.888151 -1.082215 7.012355
v -0.719744 -1.200820 6.981105
v -0.535757 -1.293431 6.949856
v -0.340172 -1.358044 6.918607
v -0.137224 -1.393259 6.887358
v 0.068695 -1.398314 6.856109
v 0.273126 -1.373099 6.824859
v 0.471646 -1.318162 6.793610
v 0.659955 -1.234690 6.762361
v 0.833979 -1.124491 6.731112
v 0.989949 -0.989949 6.699863
v 1.124491 -0.833979 6.668613
v 1.234690 -0.659955 6.637364
v 1.318162 -0.471646 6.606115
v 1.373099 -0.273126 6.574866
v 1.398314 -0.068695 6.543616
v 1.393259 0.137224 6.512367
v 1.358044 0.340172 6.481118
v 1.293431 0.535757 6.449869
v 1.200820 0.719744 6.418620
v 1.082215 0.888151 6.387370
v 0.940183 1.037332 6.356121
v 0.777798 1.164057 6.324872
v 0.598577 1.265585 6.293623
v 0.406399 1.339716 6.262373
v 0.205423 1.384847 6.231124
v -0.000000 1.400000 6.199875
v -0.205423 1.384847 6.168626
v -0.406399 1.339716 6.137377
v -0.598577 1.265585 6.106127
v -0.777798 1.164057 6.074878
v -0.940183 1.037332 6.043629
v -1.082215 0.888151 6.012380
v -1.200820 0.719744 5.981130
v -1.293431 0.535757 5.949881
v -1.358044 0.340172 5.918632
v -1.393259 0.137224 5.887383
v -1.398314 -0.068695 5.856134
v -1.373099 -0.273126 5.824884
v -1.318162 -0.471646 5.793635
v -1.234690 -0.659955 5.762386
v -1.124491 -0.833979 5.731137
v -0.989949 -0.989949 5.699888
v -0.833979 -1.124491 5.668638
v -0.659955 -1.234690 5.637389
v -0.471646 -1.318162 5.606140
v -0.273126 -1.373099 5.574891
v -0.068695 -1.398314 5.543641
v 0.137224 -1.393259 5.512392
v 0.340172 -1.358044 5.481143
v 0.535757 -1.293431 5.449894
v 0.719744 -1.200820 5.418645
v 0.888151 -1.082215 5.387395
v 1.037332 -0.940183 5.356146
v 1.164057 -0.777798 5.324897
v 1.265585 -0.598577 5.293648
v 1.339716 -0.406399 5.262398
v 1.384847 -0.205423 5.231149
v 1.400000 0.000000 5.199900
v 1.384847 0.205423 5.168651
v 1.339716 0.406399 5.137402
v 1.265585 0.598577 5.106152
v 1.164057 0.777798 5.074903
v 1.037332 0.940183 5.043654
v 0.888151 1.082215 5.012405
v 0.719744 1.200820 4.981155
v 0.535757 1.293431 4.949906
v 0.340172 1.358044 4.918657
v 0.137224 1.393259 4.887408
v -0.068695 1.398314 4.856159
v -0.273126 1.373099 4.824909
v -0.471646 1.318162 4.793660
v -0.659955 1.234690 4.762411
v -0.833979 1.124491 4.731162
v -0.989949 0.989949 4.699913
v -1.124491 0.833979 4.668663
v -1.234690 0.659955 4.637414
v -1.318162 0.471646 4.606165
v -1.373099 0.273126 4.574916
v -1.398314 0.068695 4.543666
v -1.393259 -0.137224 4.512417
v -1.358044 -0.340172 4.481168
v -1.293431 -0.535757 4.449919
v -1.200820 -0.719744 4.418670
v -1.082215 -0.888151 4.387420
v -0.940183 -1.037332 4.356171
v -0.777798 -1.164057 4.324922
v -0.598577 -1.265585 4.293673
v -0.406399 -1.339716 4.262423
v -0.205423 -1.384847 4.231174
v 0.000000 -1.400000 4.199925
v 0.205423 -1.384847 4.168676
v 0.406399 -1.339716 4.137427
v 0.598577 -1.265585 4.106177
v 0.777798 -1.164057 4.074928
v 0.940183 -1.037332 4.043679
v 1.082215 -0.888151 4.012430
v 1.200820 -0.719744 3.981180
v 1.293431 -0.535757 3.949931
v 1.358044 -0.340172 3.918682
v 1.393259 -0.137224 3.887433
v 1.398314 0.068695 3.856184
v 1.373099 0.273126 3.824934
v 1.318162 0.471646 3.793685
v 1.234690 0.659955 3.762436
v 1.124491 0.833979 3.731187
v 0.989949 0.989949 3.699937
v 0.833979 1.124491 3.668688
v 0.659955 1.234690 3.637439
v 0.471646 1.318162 3.606190
v 0.273126 1.373099 3.574941
v 0.068695 1.398314 3.543691
v -0.137224 1.393259 3.512442
v -0.340172 1.358044 3.481193
v -0.535757 1.293431 3.449944
v -0.719744 1.200820 3.418695
v -0.888151 1.082215 3.387445
v -1.037332 0.940183 3.356196
v -1.164057 0.777798 3.324947
v -1.265585 0.598577 3.293698
v -1.339716 0.406399 3.262448
v -1.384847 0.205423 3.231199
v -1.400000 -0.000000 3.199950
v -1.384847 -0.205423 3.168701
v -1.339716 -0.406399 3.137452
v -1.265585 -0.598577 3.106202
v -1.164057 -0.777798 3.074953
v -1.037332 -0.940183 3.043704
v -0.888151 -1.082215 3.012455
v -0.719744 -1.200820 2.981205
v -0.535757 -1.293431 2.949956
v -0.340172 -1.358044 2.918707
v -0.137224 -1.393259 2.887458
v 0.068695 -1.398314 2.856209
v 0.273126 -1.373099 2.824959
v 0.471646 -1.318162 2.793710
v 0.659955 -1.234690 2.762461
v 0.833979 -1.124491 2.731212
v 0.989949 -0.989949 2.699962
v 1.124491 -0.833979 2.668713
v 1.234690 -0.659955 2.637464
v 1.318162 -0.471646 2.606215
v 1.373099 -0.273126 2.574966
v 1.398314 -0.068695 2.543716
v 1.393259 0.137224 2.512467
v 1.358044 0.340172 2.481218
v 1.293431 0.535757 2.449969
v 1.200820 0.719744 2.418720
v 1.082215 0.888151 2.387470
v 0.940183 1.037332 2.356221
v 0.777798 1.164057 2.324972
v 0.598577 1.265585 2.293723
v 0.406399 1.339716 2.262473
v 0.205423 1.384847 2.231224
v -0.000000 1.400000 2.199975
v -0.205423 1.384847 2.168726
v -0.406399 1.339716 2.137477
v -0.598577 1.265585 2.106227
v -0.777798 1.164057 2.074978
v -0.940183 1.037332 2.043729
v -1.082215 0.888151 2.012480
v -1.200820 0.719744 1.981230
v -1.293431 0.535757 1.949981
v -1.358044 0.340172 1.918732
v -1.393259 0.137224 1.887483
v -1.398314 -0.068695 1.856234
v -1.373099 -0.273126 1.824984
v -1.318162 -0.471646 1.793735
v -1.234690 -0.659955 1.762486
v -1.124491 -0.833979 1.731237
v -0.989949 -0.989949 1.699987
v -0.833979 -1.124491 1.668738
v -0.659955 -1.234690 1.637489
v -0.471646 -1.318162 1.606240
v -0.273126 -1.373099 1.574991
v -0.068695 -1.398314 1.543741
v 0.137224 -1.393259 1.512492
v 0.340172 -1.358044 1.481243
v 0.535757 -1.293431 1.449994
v 0.719744 -1.200820 1.418745
v 0.888151 -1.082215 1.387495
v 1.037332 -0.940183 1.356246
v 1.164057 -0.777798 1.324997
v 1.265585 -0.598577 1.293748
v 1.339716 -0.406399 1.262498
v 1.384847 -0.205423 1.231249
v 1.169683 0.769313 4.999900
v 1.315570 0.478828 4.999900
v 1.390534 0.162530 4.999900
v 1.390534 -0.162530 4.999900
v 1.315570 -0.478828 4.999900
v 1.169683 -0.769313 4.999900
vt -0.000000 0.000000 0.000000
vt -0.400000 0.000000 0.000000
vt -0.031249 -0.265072 0.000000
vt -0.431249 -0.265072 0.000000
vt -0.062498 -0.530144 0.000000
vt -0.462498 -0.530144 0.000000
vt -0.093748 -0.795216 0.000000
vt -0.493748 -0.795216 0.000000
vt -0.124997 -1.060288 0.000000
vt -0.524997 -1.060288 0.000000
vt -0.156246 -1.325359 0.000000
vt -0.556246 -1.325359 0.000000
vt -0.187495 -1.590431 0.000000
vt -0.587495 -1.590431 0.000000
vt -0.218745 -1.855503 0.000000
vt -0.618745 -1.855503 0.000000
vt -0.249994 -2.120575 0.000000
vt -0.649994 -2.120575 0.000000
vt -0.281243 -2.385647 0.000000
vt -0.681243 -2.385647 0.000000
vt -0.312492 -2.650719 0.000000
vt -0.712492 -2.650719 0.000000
vt -0.343741 -2.915791 0.000000
vt -0.743741 -2.915791 0.000000
vt -0.374991 -3.180863 0.000000
vt -0.774991 -3.180863 0.000000
vt -0.406240 -3.445934 0.000000
vt -0.806240 -3.445934 0.000000
vt -0.437489 -3.711006 0.000000
vt -0.837489 -3.711006 0.000000
vt -0.468738 -3.976078 0.000000
vt -0.868738 -3.976078 0.000000
vt -0.499988 -4.241150 0.000000
vt -0.899988 -4.241150 0.000000
vt -0.531237 -4.506222 0.000000
vt -0.931237 -4.506222 0.000000
vt -0.562486 -4.771294 0.000000
vt -0.962486 -4.771294 0.000000
vt -0.593735 -5.036366 0.000000
vt -0.993735 -5.036366 0.000000
vt -0.624984 -5.301438 0.000000
vt -1.024984 -5.301438 0.000000
vt -0.656234 -5.566509 0.000000
vt -1.056234 -5.566509 0.000000
vt -0.687483 -5.831581 0.000000
vt -1.087483 -5.831581 0.000000
vt -0.687483 5.478152 0.000000
vt -1.087483 5.478152 0.000000
vt -0.718732 5.213080 0.000000
vt -1.118732 5.213080 0.000000
vt -0.749981 4.948008 0.000000
vt -1.149981 4.948008 0.000000
vt -0.781230 4.682937 0.000000
vt -1.181230 4.682937 0.000000
vt -0.812480 4.417865 0.000000
vt -1.212480 4.417865 0.000000
vt -0.843729 4.152793 0.000000
vt -1.243729 4.152793 0.000000
vt -0.874978 3.887721 0.000000
vt -1.274978 3.887721 0.000000
vt -0.906227 3.622649 0.000000
vt -1.306227 3.622649 0.000000
vt -0.937477 3.357577 0.000000
vt -1.337477 3.357577 0.000000
vt -0.968726 3.092505 0.000000
vt -1.368726 3.092505 0.000000
vt -0.999975 2.827433 0.000000
vt -1.399975 2.827433 0.000000
vt -1.031224 2.562362 0.000000
vt -1.431224 2.562362 0.000000
vt -1.062473 2.297290 0.000000
vt -1.462473 2.297290 0.000000
vt -1.093723 2.032218 0.000000
vt -1.493723 2.032218 0.000000
vt -1.124972 1.767146 0.000000
vt -1.524972 1.767146 0.000000
vt -1.156221 1.502074 0.000000
vt -1.556221 1.502074 0.000000
vt -1.187470 1.237002 0.000000
vt -1.587470 1.237002 0.000000
vt -1.218720 0.971930 0.000000
vt -1.618720 0.971930 0.000000
vt -1.249969 0.706858 0.000000
vt -1.649969 0.706858 0.000000
vt -1.281218 0.441786 0.000000
vt -1.681218 0.441786 0.000000
vt -1.312467 0.176715 0.000000
vt -1.712467 0.176715 0.000000
vt -1.343716 -0.088357 0.000000
vt -1.743716 -0.088357 0.000000
vt -1.374966 -0.353429 0.000000
vt -1.774966 -0.353429 0.000000
vt -1.406215 -0.618501 0.000000
vt -1.806215 -0.618501 0.000000
vt -1.437464 -0.883573 0.000000
vt -1.837464 -0.883573 0.000000
vt -1.468713 -1.148645 0.000000
vt -1.868713 -1.148645 0.000000
vt -1.499963 -1.413717 0.000000
vt -1.899963 -1.413717 0.000000
vt -1.531212 -1.678789 0.000000
vt -1.931212 -1.678789 0.000000
vt -1.562461 -1.943860 0.000000
vt -1.962461 -1.943860 0.000000
vt -1.593710 -2.208932 0.000000
vt -1.993710 -2.208932 0.000000
vt -1.624959 -2.474004 0.000000
vt -2.024959 -2.474004 0.000000
vt -1.656209 -2.739076 0.000000
vt -2.056209 -2.739076 0.000000
vt -1.687458 -3.004148 0.000000
vt -2.087458 -3.004148 0.000000
vt -1.718707 -3.269220 0.000000
vt -2.118707 -3.269220 0.000000
vt -1.749956 -3.534292 0.000000
vt -2.149956 -3.534292 0.000000
vt -1.781205 -3.799364 0.000000
vt -2.181205 -3.799364 0.000000
vt -1.812455 -4.064435 0.000000
vt -2.212455 -4.064435 0.000000
vt -1.843704 -4.329507 0.000000
vt -2.243704 -4.329507 0.000000
vt -1.874953 -4.594579 0.000000
vt -2.274953 -4.594579 0.000000
vt -1.906202 -4.859651 0.000000
vt -2.306202 -4.859651 0.000000
vt -1.937452 -5.124723 0.000000
vt -2.337452 -5.124723 0.000000
vt -1.968701 -5.389795 0.000000
vt -2.368701 -5.389795 0.000000
vt -1.999950 -5.654867 0.000000
vt -2.399950 -5.654867 0.000000
vt -1.999950 5.654867 0.000000
vt -2.399950 5.654867 0.000000
vt -2.031199 5.389795 0.000000
vt -2.431199 5.389795 0.000000
vt -2.062448 5.124723 0.000000
vt -2.462448 5.124723 0.000000
vt -2.093698 4.859651 0.000000
vt -2.493698 4.859651 0.000000
vt -2.124947 4.594579 0.000000
vt -2.524947 4.594579 0.000000
vt -2.156196 4.329507 0.000000
vt -2.556196 4.329507 0.000000
vt -2.187445 4.064435 0.000000
vt -2.587445 4.064435 0.000000
vt -2.218695 3.799364 0.000000
vt -2.618695 3.799364 0.000000
vt -2.249944 3.534292 0.000000
vt -2.649944 3.534292 0.000000
vt -2.281193 3.269220 0.000000
vt -2.681193 3.269220 0.000000
vt -2.312442 3.004148 0.000000
vt -2.712442 3.004148 0.000000
vt -2.343691 2.739076 0.000000
vt -2.743691 2.739076 0.000000
vt -2.374941 2.474004 0.000000
vt -2.774941 2.474004 0.000000
vt -2.406190 2.208932 0.000000
vt -2.806190 2.208932 0.000000
vt -2.437439 1.943860 0.000000
vt -2.837439 1.943860 0.000000
vt -2.468688 1.678789 0.000000
vt -2.868688 1.678789 0.000000
vt -2.499938 1.413717 0.000000
vt -2.899938 1.413717 0.000000
vt -2.531187 1.148645 0.000000
vt -2.931187 1.148645 0.000000
vt -2.562436 0.883573 0.000000
vt -2.962436 0.883573 0.000000
vt -2.593685 0.618501 0.000000
vt -2.993685 0.618501 0.000000
vt -2.624934 0.353429 0.000000
vt -3.024934 0.353429 0.000000
vt -2.656184 0.088357 0.000000
vt -3.056184 0.088357 0.000000
vt -2.687433 -0.176715 0.000000
vt -3.087433 -0.176715 0.000000
vt -2.718682 -0.441786 0.000000
vt -3.118682 -0.441786 0.000000
vt -2.749931 -0.706858 0.000000
vt -3.149931 -0.706858 0.000000
vt -2.781180 -0.971930 0.000000
vt -3.181180 -0.971930 0.000000
vt -2.812430 -1.237002 0.000000
vt -3.212430 -1.237002 0.000000
vt -2.843679 -1.502074 0.000000
vt -3.243679 -1.502074 0.000000
vt -2.874928 -1.767146 0.000000
vt -3.274928 -1.767146 0.000000
vt -2.906177 -2.032218 0.000000
vt -3.306177 -2.032218 0.000000
vt -2.937427 -2.297290 0.000000
vt -3.337427 -2.297290 0.000000
vt -2.968676 -2.562362 0.000000
vt -3.368676 -2.562362 0.000000
vt -2.999925 -2.827433 0.000000
vt -3.399925 -2.827433 0.000000
vt -3.031174 -3.092505 0.000000
vt -3.431174 -3.092505 0.000000
vt -3.062423 -3.357577 0.000000
vt -3.462423 -3.357577 0.000000
vt -3.093673 -3.622649 0.000000
vt -3.493673 -3.622649 0.000000
vt -3.124922 -3.887721 0.000000
vt -3.524922 -3.887721 0.000000
vt -3.156171 -4.152793 0.000000
vt -3.556171 -4.152793 0.000000
vt -3.187420 -4.417865 0.000000
vt -3.587420 -4.417865 0.000000
vt -3.218670 -4.682937 0.000000
vt -3.618670 -4.682937 0.000000
vt -3.249919 -4.948008 0.000000
vt -3.649919 -4.948008 0.000000
vt -3.281168 -5.213080 0.000000
vt -3.681168 -5.213080 0.000000
vt -3.312417 -5.478152 0.000000
vt -3.712417 -5.478152 0.000000
vt -3.343666 -5.743224 0.000000
vt -3.743666 -5.743224 0.000000
vt -3.343666 5.566509 0.000000
vt -3.743666 5.566509 0.000000
vt -3.374916 5.301438 0.000000
vt -3.774916 5.301438 0.000000
vt -3.406165 5.036366 0.000000
vt -3.806165 5.036366 0.000000
vt -3.437414 4.771294 0.000000
vt -3.837414 4.771294 0.000000
vt -3.468663 4.506222 0.000000
vt -3.868663 4.506222 0.000000
vt -3.499913 4.241150 0.000000
vt -3.899913 4.241150 0.000000
vt -3.531162 3.976078 0.000000
vt -3.931162 3.976078 0.000000
vt -3.562411 3.711006 0.000000
vt -3.962411 3.711006 0.000000
vt -3.593660 3.445934 0.000000
vt -3.993660 3.445934 0.000000
vt -3.624909 3.180863 0.000000
vt -4.024909 3.180863 0.000000
vt -3.656159 2.915791 0.000000
vt -4.056159 2.915791 0.000000
vt -3.687408 2.650719 0.000000
vt -4.087408 2.650719 0.000000
vt -3.718657 2.385647 0.000000
vt -4.118657 2.385647 0.000000
vt -3.749906 2.120575 0.000000
vt -4.149906 2.120575 0.000000
vt -3.781155 1.855503 0.000000
vt -4.181155 1.855503 0.000000
vt -3.812405 1.590431 0.000000
vt -4.212405 1.590431 0.000000
vt -3.843654 1.325359 0.000000
vt -4.243654 1.325359 0.000000
vt -3.874903 1.060288 0.000000
vt -4.274903 1.060288 0.000000
vt -3.906152 0.795216 0.000000
vt -4.306152 0.795216 0.000000
vt -3.937402 0.530144 0.000000
vt -4.337402 0.530144 0.000000
vt -3.968651 0.265072 0.000000
vt -4.368651 0.265072 0.000000
vt -3.999900 0.000000 0.000000
vt -4.399900 0.000000 0.000000
vt -4.031149 -0.265072 0.000000
vt -4.431149 -0.265072 0.000000
vt -4.062398 -0.530144 0.000000
vt -4.462398 -0.530144 0.000000
vt -4.093648 -0.795216 0.000000
vt -4.493648 -0.795216 0.000000
vt -4.124897 -1.060288 0.000000
vt -4.524897 -1.060288 0.000000
vt -4.156146 -1.325359 0.000000
vt -4.556146 -1.325359 0.000000
vt -4.187395 -1.590431 0.000000
vt -4.587395 -1.590431 0.000000
vt -4.218645 -1.855503 0.000000
vt -4.618645 -1.855503 0.000000
vt -4.249894 -2.120575 0.000000
vt -4.649894 -2.120575 0.000000
vt -4.281143 -2.385647 0.000000
vt -4.681143 -2.385647 0.000000
vt -4.312392 -2.650719 0.000000
vt -4.712392 -2.650719 0.000000
vt -4.343641 -2.915791 0.000000
vt -4.743641 -2.915791 0.000000
vt -4.374891 -3.180863 0.000000
vt -4.774891 -3.180863 0.000000
vt -4.406140 -3.445934 0.000000
vt -4.806140 -3.445934 0.000000
vt -4.437389 -3.711006 0.000000
vt -4.837389 -3.711006 0.000000
vt -4.468638 -3.976078 0.000000
vt -4.868638 -3.976078 0.000000
vt -4.499888 -4.241150 0.000000
vt -4.899888 -4.241150 0.000000
vt -4.531137 -4.506222 0.000000
vt -4.931137 -4.506222 0.000000
vt -4.562386 -4.771294 0.000000
vt -4.962386 -4.771294 0.000000
vt -4.593635 -5.036366 0.000000
vt -4.993635 -5.036366 0.000000
vt -4.624884 -5.301438 0.000000
vt -5.024884 -5.301438 0.000000
vt -4.656134 -5.566509 0.000000
vt -5.056134 -5.566509 0.000000
vt -4.687383 -5.831581 0.000000
vt -5.087383 -5.831581 0.000000
vt -4.687383 5.478152 0.000000
vt -5.087383 5.478152 0.000000
vt -4.718632 5.213080 0.000000
vt -5.118632 5.213080 0.000000
vt -4.749881 4.948008 0.000000
vt -5.149881 4.948008 0.000000
vt -4.781130 4.682937 0.000000
vt -5.181130 4.682937 0.000000
vt -4.812380 4.417865 0.000000
vt -5.212380 4.417865 0.000000
vt -4.843629 4.152793 0.000000
vt -5.243629 4.152793 0.000000
vt -4.874878 3.887721 0.000000
vt -5.274878 3.887721 0.000000
vt -4.906127 3.622649 0.000000
vt -5.306127 3.622649 0.000000
vt -4.937377 3.357577 0.000000
vt -5.337377 3.357577 0.000000
vt -4.968626 3.092505 0.000000
vt -5.368626 3.092505 0.000000
vt -4.999875 2.827433 0.000000
vt -5.399875 2.827433 0.000000
vt -5.031124 2.562362 0.000000
vt -5.431124 2.562362 0.000000
vt -5.062373 2.297290 0.000000
vt -5.462373 2.297290 0.000000
vt -5.093623 2.032218 0.000000
vt -5.493623 2.032218 0.000000
vt -5.124872 1.767146 0.000000
vt -5.524872 1.767146 0.000000
vt -5.156121 1.502074 0.000000
vt -5.556121 1.502074 0.000000
vt -5.187370 1.237002 0.000000
vt -5.587370 1.237002 0.000000
vt -5.218620 0.971930 0.000000
vt -5.618620 0.971930 0.000000
vt -5.249869 0.706858 0.000000
vt -5.649869 0.706858 0.000000
vt -5.281118 0.441786 0.000000
vt -5.681118 0.441786 0.000000
vt -5.312367 0.176715 0.000000
vt -5.712367 0.176715 0.000000
vt -5.343616 -0.088357 0.000000
vt -5.743616 -0.088357 0.000000
vt -5.374866 -0.353429 0.000000
vt -5.774866 -0.353429 0.000000
vt -5.406115 -0.618501 0.000000
vt -5.806115 -0.618501 0.000000
vt -5.437364 -0.883573 0.000000
vt -5.837364 -0.883573 0.000000
vt -5.468613 -1.148645 0.000000
vt -5.868613 -1.148645 0.000000
vt -5.499863 -1.413717 0.000000
vt -5.899863 -1.413717 0.000000
vt -5.531112 -1.678789 0.000000
vt -5.931112 -1.678789 0.000000
vt -5.562361 -1.943860 0.000000
vt -5.962361 -1.943860 0.000000
vt -5.593610 -2.208932 0.000000
vt -5.993610 -2.208932 0.000000
vt -5.624859 -2.474004 0.000000
vt -6.024859 -2.474004 0.000000
vt -5.656109 -2.739076 0.000000
vt -6.056109 -2.739076 0.000000
vt -5.687358 -3.004148 0.000000
vt -6.087358 -3.004148 0.000000
vt -5.718607 -3.269220 0.000000
vt -6.118607 -3.269220 0.000000
vt -5.749856 -3.534292 0.000000
vt -6.149856 -3.534292 0.000000
vt -5.781105 -3.799364 0.000000
vt -6.181105 -3.799364 0.000000
vt -5.812355 -4.064435 0.000000
vt -6.212355 -4.064435 0.000000
vt -5.843604 -4.329507 0.000000
vt -6.243604 -4.329507 0.000000
vt -5.874853 -4.594579 0.000000
vt -6.274853 -4.594579 0.000000
vt -5.906102 -4.859651 0.000000
vt -6.306102 -4.859651 0.000000
vt -5.937352 -5.124723 0.000000
vt -6.337352 -5.124723 0.000000
vt -5.968601 -5.389795 0.000000
vt -6.368601 -5.389795 0.000000
vt -5.999850 -5.654867 0.000000
vt -6.399850 -5.654867 0.000000
vt -5.999850 5.654867 0.000000
vt -6.399850 5.654867 0.000000
vt -6.031099 5.389795 0.000000
vt -6.431099 5.389795 0.000000
vt -6.062348 5.124723 0.000000
vt -6.462348 5.124723 0.000000
vt -6.093598 4.859651 0.000000
vt -6.493598 4.859651 0.000000
vt -6.124847 4.594579 0.000000
vt -6.524847 4.594579 0.000000
vt -6.156096 4.329507 0.000000
vt -6.556096 4.329507 0.000000
vt -6.187345 4.064435 0.000000
vt -6.587345 4.064435 0.000000
vt -6.218595 3.799364 0.000000
vt -6.618595 3.799364 0.000000
vt -6.249844 3.534292 0.000000
vt -6.649844 3.534292 0.000000
vt -6.281093 3.269220 0.000000
vt -6.681093 3.269220 0.000000
vt -6.312342 3.004148 0.000000
vt -6.712342 3.004148 0.000000
vt -6.343591 2.739076 0.000000
vt -6.743591 2.739076 0.000000
vt -6.374841 2.474004 0.000000
vt -6.774841 2.474004 0.000000
vt -6.406090 2.208932 0.000000
vt -6.806090 2.208932 0.000000
vt -6.437339 1.943860 0.000000
vt -6.837339 1.943860 0.000000
vt -6.468588 1.678789 0.000000
vt -6.868588 1.678789 0.000000
vt -6.499838 1.413717 0.000000
vt -6.899838 1.413717 0.000000
vt -6.531087 1.148645 0.000000
vt -6.931087 1.148645 0.000000
vt -6.562336 0.883573 0.000000
vt -6.962336 0.883573 0.000000
vt -6.593585 0.618501 0.000000
vt -6.993585 0.618501 0.000000
vt -6.624834 0.353429 0.000000
vt -7.024834 0.353429 0.000000
vt -6.656084 0.088357 0.000000
vt -7.056084 0.088357 0.000000
vt -6.687333 -0.176715 0.000000
vt -7.087333 -0.176715 0.000000
vt -6.718582 -0.441786 0.000000
vt -7.118582 -0.441786 0.000000
vt -6.749831 -0.706858 0.000000
vt -7.149831 -0.706858 0.000000
vt -6.781080 -0.971930 0.000000
vt -7.181080 -0.971930 0.000000
vt -6.812330 -1.237002 0.000000
vt -7.212330 -1.237002 0.000000
vt -6.843579 -1.502074 0.000000
vt -7.243579 -1.502074 0.000000
vt -6.874828 -1.767146 0.000000
vt -7.274828 -1.767146 0.000000
vt -6.906077 -2.032218 0.000000
vt -7.306077 -2.032218 0.000000
vt -6.937327 -2.297290 0.000000
vt -7.337327 -2.297290 0.000000
vt -6.968576 -2.562362 0.000000
vt -7.368576 -2.562362 0.000000
vt -6.999825 -2.827433 0.000000
vt -7.399825 -2.827433 0.000000
vt -7.031074 -3.092505 0.000000
vt -7.431074 -3.092505 0.000000
vt -7.062323 -3.357577 0.000000
vt -7.462323 -3.357577 0.000000
vt -7.093573 -3.622649 0.000000
vt -7.493573 -3.622649 0.000000
vt -7.124822 -3.887721 0.000000
vt -7.524822 -3.887721 0.000000
vt -7.156071 -4.152793 0.000000
vt -7.556071 -4.152793 0.000000
vt -7.187320 -4.417865 0.000000
vt -7.587320 -4.417865 0.000000
vt -7.218570 -4.682937 0.000000
vt -7.618570 -4.682937 0.000000
vt -7.249819 -4.948008 0.000000
vt -7.649819 -4.948008 0.000000
vt -7.281068 -5.213080 0.000000
vt -7.681068 -5.213080 0.000000
vt -7.312317 -5.478152 0.000000
vt -7.712317 -5.478152 0.000000
vt -7.343566 -5.743224 0.000000
vt -7.743566 -5.743224 0.000000
vt -7.343566 5.566509 0.000000
vt -7.743566 5.566509 0.000000
vt -7.374816 5.301438 0.000000
vt -7.774816 5.301438 0.000000
vt -7.406065 5.036366 0.000000
vt -7.806065 5.036366 0.000000
vt -7.437314 4.771294 0.000000
vt -7.837314 4.771294 0.000000
vt -7.468563 4.506222 0.000000
vt -7.868563 4.506222 0.000000
vt -7.499813 4.241150 0.000000
vt -7.899813 4.241150 0.000000
vt -7.531062 3.976078 0.000000
vt -7.931062 3.976078 0.000000
vt -7.562311 3.711006 0.000000
vt -7.962311 3.711006 0.000000
vt -7.593560 3.445934 0.000000
vt -7.993560 3.445934 0.000000
vt -7.624809 3.180863 0.000000
vt -8.024809 3.180863 0.000000
vt -7.656059 2.915791 0.000000
vt -8.056059 2.915791 0.000000
vt -7.687308 2.650719 0.000000
vt -8.087308 2.650719 0.000000
vt -7.718557 2.385647 0.000000
vt -8.118557 2.385647 0.000000
vt -7.749806 2.120575 0.000000
vt -8.149806 2.120575 0.000000
vt -7.781055 1.855503 0.000000
vt -8.181055 1.855503 0.000000
vt -7.812305 1.590431 0.000000
vt -8.212305 1.590431 0.000000
vt -7.843554 1.325359 0.000000
vt -8.243554 1.325359 0.000000
vt -7.874803 1.060288 0.000000
vt -8.274803 1.060288 0.000000
vt -7.906052 0.795216 0.000000
vt -8.306052 0.795216 0.000000
vt -7.937302 0.530144 0.000000
vt -8.337302 0.530144 0.000000
vt -7.968551 0.265072 0.000000
vt -8.368551 0.265072 0.000000
vt -7.999800 0.000000 0.000000
vt -8.399800 0.000000 0.000000
vt 0.400000 0.000000 0.000000
vt 0.400000 0.237744 0.000000
vt 0.000000 0.000000 0.000000
vt 0.000352 0.237744 0.000000
vt 0.000745 0.475396 0.000000
vt 0.400000 0.475395 0.000000
vt 0.400000 0.712990 0.000000
vt 0.000638 0.712989 0.000000
vt 0.400000 0.950694 0.000000
vt 0.000162 0.950694 0.000000
vt 0.400000 1.188431 0.000000
vt 0.000070 1.188431 0.000000
vt 0.000542 1.426163 0.000000
vt 0.400000 1.426162 0.000000
vt 0.000771 1.663771 0.000000
vt 0.400000 1.663771 0.000000
vt 0.400000 1.901394 0.000000
vt 0.000470 1.901394 0.000000
vt 0.400000 2.139136 0.000000
vt 0.000027 2.139136 0.000000
vt 0.400000 2.376875 0.000000
vt 0.000234 2.376875 0.000000
vt 0.000689 2.614559 0.000000
vt 0.400000 2.614558 0.000000
vt 0.000712 2.852148 0.000000
vt 0.400000 2.852149 0.000000
vt 0.400000 3.089821 0.000000
vt 0.400000 3.327561 0.000000
vt 0.000012 3.327560 0.000000
vt 0.000274 3.089821 0.000000
vt 0.000429 3.565306 0.000000
vt 0.400000 3.565305 0.000000
vt 0.000766 3.802938 0.000000
vt 0.400000 3.802938 0.000000
vt 0.400000 4.040541 0.000000
vt 0.000578 4.040540 0.000000
vt 0.400000 4.278263 0.000000
vt 0.000099 4.278263 0.000000
vt 0.000127 4.516000 0.000000
vt 0.400000 4.516000 0.000000
vt 0.000607 4.753715 0.000000
vt 0.400000 4.753714 0.000000
vt 0.000758 4.991313 0.000000
vt 0.400000 4.991313 0.000000
vt 0.400000 5.228954 0.000000
vt 0.000394 5.228954 0.000000
vt 0.400000 5.466700 0.000000
vt 0.000004 5.466700 0.000000
vt 0.400000 5.704441 0.000000
vt 0.000310 5.704441 0.000000
vt 0.000729 5.942104 0.000000
vt 0.400000 5.942103 0.000000
vt 0.400000 6.179695 0.000000
vt 0.000667 6.179695 0.000000
vt 0.400000 6.417388 0.000000
vt 0.000200 6.417388 0.000000
vt 0.000045 6.655126 0.000000
vt 0.400000 6.655126 0.000000
vt 0.000504 6.892864 0.000000
vt 0.400000 6.892863 0.000000
vt 0.000773 7.130480 0.000000
vt 0.400000 7.130480 0.000000
vt 0.400000 7.368095 0.000000
vt 0.000509 7.368094 0.000000
vt 0.400000 7.605831 0.000000
vt 0.000048 7.605832 0.000000
vt 0.000194 7.843570 0.000000
vt 0.400000 7.843569 0.000000
vt 0.000663 8.081265 0.000000
vt 0.400000 8.081264 0.000000
vt 0.000731 8.318856 0.000000
vt 0.400000 8.318856 0.000000
vt 0.400000 8.556517 0.000000
vt 0.000316 8.556517 0.000000
vt 0.400000 8.794259 0.000000
vt 0.000003 8.794259 0.000000
vt 0.400000 9.032004 0.000000
vt 0.000388 9.032005 0.000000
vt 0.000756 9.269647 0.000000
vt 0.400000 9.269647 0.000000
vt 0.400000 9.507245 0.000000
vt 0.000611 9.507244 0.000000
vt 0.400000 9.744957 0.000000
vt 0.000132 9.744957 0.000000
vt 0.400000 9.982695 0.000000
vt 0.000095 9.982695 0.000000
vt 0.000573 10.220419 0.000000
vt 0.400000 10.220418 0.000000
vt 0.000767 10.458021 0.000000
vt 0.400000 10.458022 0.000000
vt 0.400000 10.695653 0.000000
vt 0.000435 10.695652 0.000000
vt 0.400000 10.933397 0.000000
vt 0.000014 10.933398 0.000000
vt 0.400000 11.171137 0.000000
vt 0.000268 11.171137 0.000000
vt 0.000709 11.408811 0.000000
vt 0.400000 11.408811 0.000000
vt 0.400000 11.646401 0.000000
vt 0.000693 11.646401 0.000000
vt 0.400000 11.884083 0.000000
vt 0.000239 11.884083 0.000000
vt 0.400000 12.121822 0.000000
vt 0.000025 12.121822 0.000000
vt 0.000464 12.359565 0.000000
vt 0.400000 12.359564 0.000000
vt 0.000771 12.597189 0.000000
vt 0.400000 12.597189 0.000000
vt 0.400000 12.834797 0.000000
vt 0.000547 12.834796 0.000000
vt 0.400000 13.072526 0.000000
vt 0.000074 13.072526 0.000000
vt 0.000157 13.310264 0.000000
vt 0.400000 13.310264 0.000000
vt 0.000634 13.547970 0.000000
vt 0.400000 13.547969 0.000000
vt 0.000747 13.785564 0.000000
vt 0.400000 13.785564 0.000000
vt 0.400000 14.023214 0.000000
vt 0.000358 14.023214 0.000000
vt 0.400000 14.260959 0.000000
vt 0.000000 14.260959 0.000000
vt 0.400000 14.498702 0.000000
vt 0.000346 14.498702 0.000000
vt 0.000743 14.736355 0.000000
vt 0.400000 14.736355 0.000000
vt 0.400000 14.973949 0.000000
vt 0.000642 14.973948 0.000000
vt 0.400000 15.211651 0.000000
vt 0.000167 15.211651 0.000000
vt 0.400000 15.449389 0.000000
vt 0.000066 15.449389 0.000000
vt 0.000536 15.687121 0.000000
vt 0.400000 15.687120 0.000000
vt 0.000772 15.924730 0.000000
vt 0.400000 15.924731 0.000000
vt 0.400000 16.162353 0.000000
vt 0.000476 16.162352 0.000000
vt 0.400000 16.400094 0.000000
vt 0.000030 16.400094 0.000000
vt 0.400000 16.637832 0.000000
vt 0.000228 16.637832 0.000000
vt 0.000686 16.875518 0.000000
vt 0.400000 16.875517 0.000000
vt 0.000715 17.113108 0.000000
vt 0.400000 17.113108 0.000000
vt 0.400000 17.350779 0.000000
vt 0.000280 17.350779 0.000000
vt 0.400000 17.588519 0.000000
vt 0.000010 17.588519 0.000000
vt 0.000423 17.826264 0.000000
vt 0.400000 17.826264 0.000000
vt 0.000765 18.063898 0.000000
vt 0.400000 18.063898 0.000000
vt 0.400000 18.301500 0.000000
vt 0.000583 18.301499 0.000000
vt 0.400000 18.539221 0.000000
vt 0.000104 18.539221 0.000000
vt 0.000122 18.776958 0.000000
vt 0.400000 18.776958 0.000000
vt 0.000602 19.014674 0.000000
vt 0.400000 19.014673 0.000000
vt 0.000759 19.252272 0.000000
vt 0.400000 19.252273 0.000000
vt 0.400000 19.489912 0.000000
vt 0.000400 19.489912 0.000000
vt 0.400000 19.727658 0.000000
vt 0.000005 19.727658 0.000000
vt 0.400000 19.965399 0.000000
vt 0.000304 19.965399 0.000000
vt 0.000726 20.203063 0.000000
vt 0.400000 20.203063 0.000000
vt 0.400000 20.440655 0.000000
vt 0.000671 20.440654 0.000000
vt 0.400000 20.678346 0.000000
vt 0.000205 20.678346 0.000000
vt 0.400000 20.916084 0.000000
vt 0.000042 20.916084 0.000000
vt 0.000498 21.153823 0.000000
vt 0.400000 21.153822 0.000000
vt 0.000773 21.391440 0.000000
vt 0.400000 21.391440 0.000000
vt 0.400000 21.629054 0.000000
vt 0.000515 21.629053 0.000000
vt 0.400000 21.866789 0.000000
vt 0.000052 21.866789 0.000000
vt 0.000189 22.104527 0.000000
vt 0.400000 22.104527 0.000000
vt 0.000659 22.342224 0.000000
vt 0.400000 22.342223 0.000000
vt 0.000734 22.579815 0.000000
vt 0.400000 22.579816 0.000000
vt 0.400000 22.817475 0.000000
vt 0.000322 22.817475 0.000000
vt 0.400000 23.055217 0.000000
vt 0.000002 23.055217 0.000000
vt 0.400000 23.292962 0.000000
vt 0.000382 23.292963 0.000000
vt 0.000755 23.530607 0.000000
vt 0.400000 23.530606 0.000000
vt 0.400000 23.768204 0.000000
vt 0.000616 23.768203 0.000000
vt 0.400000 24.005915 0.000000
vt 0.000137 24.005915 0.000000
vt 0.400000 24.243652 0.000000
vt 0.000090 24.243652 0.000000
vt 0.000568 24.481378 0.000000
vt 0.400000 24.481377 0.000000
vt 0.000768 24.718981 0.000000
vt 0.400000 24.718981 0.000000
vt 0.400000 24.956611 0.000000
vt 0.000441 24.956611 0.000000
vt 0.400000 25.194355 0.000000
vt 0.000016 25.194355 0.000000
vt 0.400000 25.432095 0.000000
vt 0.000263 25.432095 0.000000
vt 0.000706 25.669771 0.000000
vt 0.400000 25.669770 0.000000
vt 0.400000 25.907361 0.000000
vt 0.000696 25.907360 0.000000
vt 0.400000 26.145041 0.000000
vt 0.000245 26.145041 0.000000
vt 0.400000 26.382780 0.000000
vt 0.000022 26.382780 0.000000
vt 0.000458 26.620523 0.000000
vt 0.400000 26.620522 0.000000
vt 0.000770 26.858149 0.000000
vt 0.400000 26.858148 0.000000
vt 0.400000 27.095756 0.000000
vt 0.000552 27.095755 0.000000
vt 0.400000 27.333484 0.000000
vt 0.000078 27.333484 0.000000
vt 0.000152 27.571222 0.000000
vt 0.400000 27.571221 0.000000
vt 0.000630 27.808929 0.000000
vt 0.400000 27.808928 0.000000
vt 0.000749 28.046523 0.000000
vt 0.400000 28.046524 0.000000
vt 0.400000 28.284172 0.000000
vt 0.400000 28.521917 0.000000
vt 0.000000 28.521917 0.000000
vt 0.000364 28.284172 0.000000
vt 0.400000 28.759660 0.000000
vt 0.000340 28.759660 0.000000
vt 0.000741 28.997315 0.000000
vt 0.400000 28.997314 0.000000
vt 0.400000 29.234908 0.000000
vt 0.000647 29.234908 0.000000
vt 0.400000 29.472609 0.000000
vt 0.000173 29.472609 0.000000
vt 0.400000 29.710347 0.000000
vt 0.000062 29.710347 0.000000
vt 0.000531 29.948080 0.000000
vt 0.400000 29.948079 0.000000
vt 0.000772 30.185690 0.000000
vt 0.400000 30.185690 0.000000
vt 0.400000 30.423311 0.000000
vt 0.000481 30.423311 0.000000
vt 0.400000 30.661052 0.000000
vt 0.000033 30.661052 0.000000
vt 0.400000 30.898790 0.000000
vt 0.000222 30.898790 0.000000
vt 0.000682 31.136477 0.000000
vt 0.400000 31.136476 0.000000
vt 0.000718 31.374067 0.000000
vt 0.400000 31.374068 0.000000
vt 0.400000 31.611737 0.000000
vt 0.400000 31.849477 0.000000
vt 0.000009 31.849477 0.000000
vt 0.000286 31.611736 0.000000
vt 0.000417 32.087222 0.000000
vt 0.400000 32.087222 0.000000
vt 0.000764 32.324858 0.000000
vt 0.400000 32.324857 0.000000
vt 0.400000 32.562459 0.000000
vt 0.000587 32.562458 0.000000
vt 0.400000 32.800178 0.000000
vt 0.000108 32.800178 0.000000
vt 0.000117 33.037916 0.000000
vt 0.400000 33.037916 0.000000
vt 0.000597 33.275633 0.000000
vt 0.400000 33.275632 0.000000
vt 0.000761 33.513232 0.000000
vt 0.400000 33.513232 0.000000
vt 0.400000 33.750871 0.000000
vt 0.000406 33.750870 0.000000
vt 0.400000 33.988616 0.000000
vt 0.000006 33.988616 0.000000
vt 0.400000 34.226357 0.000000
vt 0.000298 34.226357 0.000000
vt 0.000724 34.464023 0.000000
vt 0.400000 34.464022 0.000000
vt 0.400000 34.701614 0.000000
vt 0.000675 34.701613 0.000000
vt 0.400000 34.939304 0.000000
vt 0.000211 34.939303 0.000000
vt 0.400000 35.177042 0.000000
vt 0.000039 35.177042 0.000000
vt 0.000493 35.414781 0.000000
vt 0.400000 35.414781 0.000000
vt 0.000773 35.652399 0.000000
vt 0.400000 35.652399 0.000000
vt 0.400000 35.890012 0.000000
vt 0.000520 35.890012 0.000000
vt 0.400000 36.127747 0.000000
vt 0.000055 36.127747 0.000000
vt 0.000183 36.365485 0.000000
vt 0.400000 36.365485 0.000000
vt 0.000655 36.603183 0.000000
vt 0.400000 36.603182 0.000000
vt 0.000736 36.840775 0.000000
vt 0.400000 36.840775 0.000000
vt 0.400000 37.078433 0.000000
vt 0.400000 37.316175 0.000000
vt 0.000001 37.316175 0.000000
vt 0.000328 37.078433 0.000000
vt 0.400000 37.553920 0.000000
vt 0.000376 37.553921 0.000000
vt 0.000753 37.791566 0.000000
vt 0.400000 37.791566 0.000000
vt 0.400000 38.029163 0.000000
vt 0.000620 38.029162 0.000000
vt 0.400000 38.266872 0.000000
vt 0.000142 38.266872 0.000000
vt 0.400000 38.504610 0.000000
vt 0.000086 38.504610 0.000000
vt 0.000563 38.742336 0.000000
vt 0.400000 38.742336 0.000000
vt 0.000769 38.979941 0.000000
vt 0.400000 38.979941 0.000000
vt 0.400000 39.217570 0.000000
vt 0.000447 39.217569 0.000000
vt 0.400000 39.455313 0.000000
vt 0.000018 39.455313 0.000000
vt 0.400000 39.693052 0.000000
vt 0.000257 39.693053 0.000000
vt 0.000703 39.930730 0.000000
vt 0.400000 39.930729 0.000000
vt 0.400000 40.168320 0.000000
vt 0.000699 40.168320 0.000000
vt 0.400000 40.405999 0.000000
vt 0.000251 40.405999 0.000000
vt 0.000020 40.643738 0.000000
vt 0.400000 40.643738 0.000000
vt 0.000453 40.881482 0.000000
vt 0.400000 40.881481 0.000000
vt 0.000769 41.119108 0.000000
vt 0.400000 41.119108 0.000000
vt 0.400000 41.356715 0.000000
vt 0.000557 41.356714 0.000000
vt 0.400000 41.594441 0.000000
vt 0.000082 41.594441 0.000000
vt 0.000147 41.832179 0.000000
vt 0.400000 41.832179 0.000000
vt 0.000625 42.069888 0.000000
vt 0.400000 42.069887 0.000000
vt 0.000751 42.307483 0.000000
vt 0.400000 42.307483 0.000000
vt 0.400000 42.545130 0.000000
vt 0.000370 42.545130 0.000000
vt 0.400000 42.782875 0.000000
vt 0.000001 42.782875 0.000000
vt 0.400000 43.020618 0.000000
vt 0.000334 43.020618 0.000000
vt 0.000739 43.258274 0.000000
vt 0.400000 43.258274 0.000000
vt 0.400000 43.495867 0.000000
vt 0.000651 43.495867 0.000000
vt 0.400000 43.733567 0.000000
vt 0.000178 43.733567 0.000000
vt 0.400000 43.971304 0.000000
vt 0.000059 43.971304 0.000000
vt 0.000526 44.209039 0.000000
vt 0.400000 44.209038 0.000000
vt 0.000773 44.446650 0.000000
vt 0.400000 44.446650 0.000000
vt 0.400000 44.684270 0.000000
vt 0.000487 44.684269 0.000000
vt 0.400000 44.922009 0.000000
vt 0.000036 44.922010 0.000000
vt 0.400000 45.159748 0.000000
vt 0.000217 45.159748 0.000000
vt 0.000678 45.397437 0.000000
vt 0.400000 45.397436 0.000000
vt 0.000721 45.635027 0.000000
vt 0.400000 45.635027 0.000000
vt 0.400000 45.872695 0.000000
vt 0.000292 45.872694 0.000000
vt 0.400000 46.110435 0.000000
vt 0.000007 46.110435 0.000000
vt 0.000412 46.348181 0.000000
vt 0.400000 46.348180 0.000000
vt 0.000762 46.585817 0.000000
vt 0.400000 46.585817 0.000000
vt 0.400000 46.823418 0.000000
vt 0.000592 46.823417 0.000000
vt 0.400000 47.061136 0.000000
vt 0.000113 47.061136 0.000000
vt 0.000113 47.298873 0.000000
vt 0.400000 47.298873 0.000000
vt 0.000592 47.536592 0.000000
vt 0.400000 47.536591 0.000000
vt 0.000762 47.774192 0.000000
vt 0.400000 47.774192 0.000000
vt 0.400000 48.011829 0.000000
vt 0.000411 48.011828 0.000000
vt 0.400000 48.249574 0.000000
vt 0.000007 48.249574 0.000000
vt 0.400000 48.487314 0.000000
vt 0.000292 48.487315 0.000000
vt 0.000721 48.724982 0.000000
vt 0.400000 48.724982 0.000000
vt 0.400000 48.962573 0.000000
vt 0.000678 48.962572 0.000000
vt 0.400000 49.200261 0.000000
vt 0.000216 49.200261 0.000000
vt 0.400000 49.437999 0.000000
vt 0.000036 49.437999 0.000000
vt 0.000487 49.675740 0.000000
vt 0.400000 49.675739 0.000000
vt 0.000773 49.913359 0.000000
vt 0.400000 49.913359 0.000000
vt 0.400000 50.150971 0.000000
vt 0.000526 50.150970 0.000000
vt 0.400000 50.388705 0.000000
vt 0.000059 50.388705 0.000000
vt 0.000178 50.626442 0.000000
vt 0.400000 50.626442 0.000000
vt 0.000651 50.864142 0.000000
vt 0.400000 50.864141 0.000000
vt 0.000739 51.101734 0.000000
vt 0.400000 51.101735 0.000000
vt 0.400000 51.339391 0.000000
vt 0.000334 51.339391 0.000000
vt 0.400000 51.577134 0.000000
vt 0.000001 51.577134 0.000000
vt 0.400000 51.814878 0.000000
vt 0.000370 51.814879 0.000000
vt 0.000751 52.052526 0.000000
vt 0.400000 52.052525 0.000000
vt 0.400000 52.290122 0.000000
vt 0.000625 52.290121 0.000000
vt 0.400000 52.527830 0.000000
vt 0.000147 52.527830 0.000000
vt 0.400000 52.765567 0.000000
vt 0.000082 52.765567 0.000000
vt 0.000557 53.003295 0.000000
vt 0.400000 53.003294 0.000000
vt 0.000769 53.240901 0.000000
vt 0.400000 53.240901 0.000000
vt 0.400000 53.478528 0.000000
vt 0.000453 53.478527 0.000000
vt 0.400000 53.716271 0.000000
vt 0.000020 53.716271 0.000000
vt 0.400000 53.954010 0.000000
vt 0.000251 53.954010 0.000000
vt 0.000699 54.191689 0.000000
vt 0.400000 54.191689 0.000000
vt 0.000703 54.429279 0.000000
vt 0.400000 54.429280 0.000000
vt 0.400000 54.666957 0.000000
vt 0.000257 54.666956 0.000000
vt 0.400000 54.904696 0.000000
vt 0.000018 54.904695 0.000000
vt 0.000447 55.142440 0.000000
vt 0.400000 55.142439 0.000000
vt 0.000769 55.380068 0.000000
vt 0.400000 55.380068 0.000000
vt 0.400000 55.617673 0.000000
vt 0.000562 55.617673 0.000000
vt 0.400000 55.855399 0.000000
vt 0.000086 55.855399 0.000000
vt 0.000142 56.093137 0.000000
vt 0.400000 56.093137 0.000000
vt 0.000621 56.330847 0.000000
vt 0.400000 56.330846 0.000000
vt 0.000753 56.568443 0.000000
vt 0.400000 56.568443 0.000000
vt 0.400000 56.806089 0.000000
vt 0.000376 56.806088 0.000000
vt 0.400000 57.043834 0.000000
vt 0.000001 57.043834 0.000000
vt 0.400000 57.281576 0.000000
vt 0.000328 57.281576 0.000000
vt 0.000736 57.519234 0.000000
vt 0.400000 57.519234 0.000000
vt 0.400000 57.756827 0.000000
vt 0.000655 57.756826 0.000000
vt 0.400000 57.994524 0.000000
vt 0.000183 57.994524 0.000000
vt 0.400000 58.232262 0.000000
vt 0.000055 58.232262 0.000000
vt 0.000520 58.469997 0.000000
vt 0.400000 58.469997 0.000000
vt 0.000773 58.707610 0.000000
vt 0.400000 58.707610 0.000000
vt 0.400000 58.945228 0.000000
vt 0.000492 58.945228 0.000000
vt 0.400000 59.182967 0.000000
vt 0.000039 59.182967 0.000000
vt 0.400000 59.420705 0.000000
vt 0.000211 59.420705 0.000000
vt 0.000675 59.658396 0.000000
vt 0.400000 59.658395 0.000000
vt 0.000724 59.895986 0.000000
vt 0.400000 59.895987 0.000000
vt 0.400000 60.133652 0.000000
vt 0.000298 60.133652 0.000000
vt 0.400000 60.371391 0.000000
vt 0.000001 60.371391 0.000000
vt 0.000033 60.609074 0.000000
vt 0.400000 60.609074 0.000000
vt 0.400000 60.846756 0.000000
vt 0.000000 60.846756 0.000000
vt -0.400000 0.000000 0.000000
vt -0.368751 -0.206167 0.000000
vt 0.000000 0.000000 0.000000
vt 0.031249 -0.206167 0.000000
vt -0.337502 -0.412334 0.000000
vt 0.062498 -0.412334 0.000000
vt -0.306252 -0.618501 0.000000
vt 0.093748 -0.618501 0.000000
vt -0.275003 -0.824668 0.000000
vt 0.124997 -0.824668 0.000000
vt -0.243754 -1.030835 0.000000
vt 0.156246 -1.030835 0.000000
vt -0.212505 -1.237002 0.000000
vt 0.187495 -1.237002 0.000000
vt -0.181255 -1.443169 0.000000
vt 0.218745 -1.443169 0.000000
vt -0.150006 -1.649336 0.000000
vt 0.249994 -1.649336 0.000000
vt -0.118757 -1.855503 0.000000
vt 0.281243 -1.855503 0.000000
vt -0.087508 -2.061670 0.000000
vt 0.312492 -2.061670 0.000000
vt -0.056259 -2.267837 0.000000
vt 0.343741 -2.267837 0.000000
vt -0.025009 -2.474004 0.000000
vt 0.374991 -2.474004 0.000000
vt 0.006240 -2.680171 0.000000
vt 0.406240 -2.680171 0.000000
vt 0.037489 -2.886338 0.000000
vt 0.437489 -2.886338 0.000000
vt 0.068738 -3.092505 0.000000
vt 0.468738 -3.092505 0.000000
vt 0.099988 -3.298672 0.000000
vt 0.499988 -3.298672 0.000000
vt 0.131237 -3.504839 0.000000
vt 0.531237 -3.504839 0.000000
vt 0.162486 -3.711006 0.000000
vt 0.562486 -3.711006 0.000000
vt 0.193735 -3.917173 0.000000
vt 0.593735 -3.917173 0.000000
vt 0.224984 -4.123340 0.000000
vt 0.624984 -4.123340 0.000000
vt 0.256234 -4.329507 0.000000
vt 0.656234 -4.329507 0.000000
vt 0.287483 -4.535674 0.000000
vt 0.687483 -4.535674 0.000000
vt 0.687483 4.260785 0.000000
vt 0.287483 4.260785 0.000000
vt 0.318732 4.054618 0.000000
vt 0.718732 4.054618 0.000000
vt 0.349981 3.848451 0.000000
vt 0.749981 3.848451 0.000000
vt 0.381230 3.642284 0.000000
vt 0.781230 3.642284 0.000000
vt 0.412480 3.436117 0.000000
vt 0.812480 3.436117 0.000000
vt 0.443729 3.229950 0.000000
vt 0.843729 3.229950 0.000000
vt 0.474978 3.023783 0.000000
vt 0.874978 3.023783 0.000000
vt 0.506227 2.817616 0.000000
vt 0.906227 2.817616 0.000000
vt 0.537477 2.611449 0.000000
vt 0.937477 2.611449 0.000000
vt 0.568726 2.405282 0.000000
vt 0.968726 2.405282 0.000000
vt 0.599975 2.199115 0.000000
vt 0.999975 2.199115 0.000000
vt 0.631224 1.992948 0.000000
vt 1.031224 1.992948 0.000000
vt 0.662473 1.786781 0.000000
vt 1.062473 1.786781 0.000000
vt 0.693723 1.580614 0.000000
vt 1.093723 1.580614 0.000000
vt 0.724972 1.374447 0.000000
vt 1.124972 1.374447 0.000000
vt 0.756221 1.168280 0.000000
vt 1.156221 1.168280 0.000000
vt 0.787470 0.962113 0.000000
vt 1.187470 0.962113 0.000000
vt 0.818720 0.755946 0.000000
vt 1.218720 0.755946 0.000000
vt 0.849969 0.549779 0.000000
vt 1.249969 0.549779 0.000000
vt 0.881218 0.343612 0.000000
vt 1.281218 0.343612 0.000000
vt 0.912467 0.137445 0.000000
vt 1.312467 0.137445 0.000000
vt 0.943716 -0.068722 0.000000
vt 1.343716 -0.068722 0.000000
vt 0.974966 -0.274889 0.000000
vt 1.374966 -0.274889 0.000000
vt 1.006215 -0.481056 0.000000
vt 1.406215 -0.481056 0.000000
vt 1.037464 -0.687223 0.000000
vt 1.437464 -0.687223 0.000000
vt 1.068713 -0.893390 0.000000
vt 1.468713 -0.893390 0.000000
vt 1.099963 -1.099557 0.000000
vt 1.499963 -1.099557 0.000000
vt 1.131212 -1.305724 0.000000
vt 1.531212 -1.305724 0.000000
vt 1.162461 -1.511891 0.000000
vt 1.562461 -1.511891 0.000000
vt 1.193710 -1.718058 0.000000
vt 1.593710 -1.718058 0.000000
vt 1.224959 -1.924225 0.000000
vt 1.624959 -1.924225 0.000000
vt 1.256209 -2.130393 0.000000
vt 1.656209 -2.130393 0.000000
vt 1.287458 -2.336560 0.000000
vt 1.687458 -2.336560 0.000000
vt 1.318707 -2.542727 0.000000
vt 1.718707 -2.542727 0.000000
vt 1.349956 -2.748894 0.000000
vt 1.749956 -2.748894 0.000000
vt 1.381205 -2.955061 0.000000
vt 1.781205 -2.955061 0.000000
vt 1.412455 -3.161228 0.000000
vt 1.812455 -3.161228 0.000000
vt 1.443704 -3.367395 0.000000
vt 1.843704 -3.367395 0.000000
vt 1.474953 -3.573562 0.000000
vt 1.874953 -3.573562 0.000000
vt 1.506202 -3.779729 0.000000
vt 1.906202 -3.779729 0.000000
vt 1.537452 -3.985896 0.000000
vt 1.937452 -3.985896 0.000000
vt 1.568701 -4.192063 0.000000
vt 1.968701 -4.192063 0.000000
vt 1.599950 -4.398230 0.000000
vt 1.999950 -4.398230 0.000000
vt 1.999950 4.398230 0.000000
vt 1.599950 4.398230 0.000000
vt 1.631199 4.192063 0.000000
vt 2.031199 4.192063 0.000000
vt 1.662448 3.985896 0.000000
vt 2.062448 3.985896 0.000000
vt 1.693698 3.779729 0.000000
vt 2.093698 3.779729 0.000000
vt 1.724947 3.573562 0.000000
vt 2.124947 3.573562 0.000000
vt 1.756196 3.367395 0.000000
vt 2.156196 3.367395 0.000000
vt 1.787445 3.161228 0.000000
vt 2.187445 3.161228 0.000000
vt 1.818695 2.955061 0.000000
vt 2.218695 2.955061 0.000000
vt 1.849944 2.748894 0.000000
vt 2.249944 2.748894 0.000000
vt 1.881193 2.542727 0.000000
vt 2.281193 2.542727 0.000000
vt 1.912442 2.336560 0.000000
vt 2.312442 2.336560 0.000000
vt 1.943691 2.130393 0.000000
vt 2.343691 2.130393 0.000000
vt 1.974941 1.924225 0.000000
vt 2.374941 1.924225 0.000000
vt 2.006190 1.718058 0.000000
vt 2.406190 1.718058 0.000000
vt 2.037439 1.511891 0.000000
vt 2.437439 1.511891 0.000000
vt 2.068688 1.305724 0.000000
vt 2.468688 1.305724 0.000000
vt 2.099938 1.099557 0.000000
vt 2.499938 1.099557 0.000000
vt 2.131187 0.893390 0.000000
vt 2.531187 0.893390 0.000000
vt 2.162436 0.687223 0.000000
vt 2.562436 0.687223 0.000000
vt 2.193685 0.481056 0.000000
vt 2.593685 0.481056 0.000000
vt 2.224934 0.274889 0.000000
vt 2.624934 0.274889 0.000000
vt 2.256184 0.068722 0.000000
vt 2.656184 0.068722 0.000000
vt 2.287433 -0.137445 0.000000
vt 2.687433 -0.137445 0.000000
vt 2.318682 -0.343612 0.000000
vt 2.718682 -0.343612 0.000000
vt 2.349931 -0.549779 0.000000
vt 2.749931 -0.549779 0.000000
vt 2.381180 -0.755946 0.000000
vt 2.781180 -0.755946 0.000000
vt 2.412430 -0.962113 0.000000
vt 2.812430 -0.962113 0.000000
vt 2.443679 -1.168280 0.000000
vt 2.843679 -1.168280 0.000000
vt 2.474928 -1.374447 0.000000
vt 2.874928 -1.374447 0.000000
vt 2.506177 -1.580614 0.000000
vt 2.906177 -1.580614 0.000000
vt 2.537427 -1.786781 0.000000
vt 2.937427 -1.786781 0.000000
vt 2.568676 -1.992948 0.000000
vt 2.968676 -1.992948 0.000000
vt 2.599925 -2.199115 0.000000
vt 2.999925 -2.199115 0.000000
vt 2.631174 -2.405282 0.000000
vt 3.031174 -2.405282 0.000000
vt 2.662423 -2.611449 0.000000
vt 3.062423 -2.611449 0.000000
vt 2.693673 -2.817616 0.000000
vt 3.093673 -2.817616 0.000000
vt 2.724922 -3.023783 0.000000
vt 3.124922 -3.023783 0.000000
vt 2.756171 -3.229950 0.000000
vt 3.156171 -3.229950 0.000000
vt 2.787420 -3.436117 0.000000
vt 3.187420 -3.436117 0.000000
vt 2.818670 -3.642284 0.000000
vt 3.218670 -3.642284 0.000000
vt 2.849919 -3.848451 0.000000
vt 3.249919 -3.848451 0.000000
vt 2.881168 -4.054618 0.000000
vt 3.281168 -4.054618 0.000000
vt 2.912417 -4.260785 0.000000
vt 3.312417 -4.260785 0.000000
vt 2.943666 -4.466952 0.000000
vt 3.343666 -4.466952 0.000000
vt 3.343666 4.329507 0.000000
vt 2.943666 4.329507 0.000000
vt 2.974916 4.123340 0.000000
vt 3.374916 4.123340 0.000000
vt 3.006165 3.917173 0.000000
vt 3.406165 3.917173 0.000000
vt 3.037414 3.711006 0.000000
vt 3.437414 3.711006 0.000000
vt 3.068663 3.504839 0.000000
vt 3.468663 3.504839 0.000000
vt 3.099913 3.298672 0.000000
vt 3.499913 3.298672 0.000000
vt 3.131162 3.092505 0.000000
vt 3.531162 3.092505 0.000000
vt 3.162411 2.886338 0.000000
vt 3.562411 2.886338 0.000000
vt 3.193660 2.680171 0.000000
vt 3.593660 2.680171 0.000000
vt 3.224909 2.474004 0.000000
vt 3.624909 2.474004 0.000000
vt 3.256159 2.267837 0.000000
vt 3.656159 2.267837 0.000000
vt 3.287408 2.061670 0.000000
vt 3.687408 2.061670 0.000000
vt 3.318657 1.855503 0.000000
vt 3.718657 1.855503 0.000000
vt 3.349906 1.649336 0.000000
vt 3.749906 1.649336 0.000000
vt 3.381155 1.443169 0.000000
vt 3.781155 1.443169 0.000000
vt 3.412405 1.237002 0.000000
vt 3.812405 1.237002 0.000000
vt 3.443654 1.030835 0.000000
vt 3.843654 1.030835 0.000000
vt 3.474903 0.824668 0.000000
vt 3.874903 0.824668 0.000000
vt 3.799900 0.814487 0.000000
vt 3.906152 0.618501 0.000000
vt 3.506152 0.618501 0.000000
vt 3.799900 0.488692 0.000000
vt 3.537402 0.412334 0.000000
vt 3.937402 0.412334 0.000000
vt 3.568651 0.206167 0.000000
vt 3.968651 0.206167 0.000000
vt 3.799900 0.162897 0.000000
vt 3.999900 0.000000 0.000000
vt 3.599900 0.000000 0.000000
vt 3.799900 -0.162897 0.000000
vt 3.631149 -0.206167 0.000000
vt 4.031149 -0.206167 0.000000
vt 3.662398 -0.412334 0.000000
vt 4.062398 -0.412334 0.000000
vt 3.799900 -0.488692 0.000000
vt 4.093648 -0.618501 0.000000
vt 3.693648 -0.618501 0.000000
vt 3.799900 -0.814487 0.000000
vt 3.724897 -0.824668 0.000000
vt 4.124897 -0.824668 0.000000
vt 3.756146 -1.030835 0.000000
vt 4.156146 -1.030835 0.000000
vt 3.787395 -1.237002 0.000000
vt 4.187395 -1.237002 0.000000
vt 3.818645 -1.443169 0.000000
vt 4.218645 -1.443169 0.000000
vt 3.849894 -1.649336 0.000000
vt 4.249894 -1.649336 0.000000
vt 3.881143 -1.855503 0.000000
vt 4.281143 -1.855503 0.000000
vt 3.912392 -2.061670 0.000000
vt 4.312392 -2.061670 0.000000
vt 3.943641 -2.267837 0.000000
vt 4.343641 -2.267837 0.000000
vt 3.974891 -2.474004 0.000000
vt 4.374891 -2.474004 0.000000
vt 4.006140 -2.680171 0.000000
vt 4.406140 -2.680171 0.000000
vt 4.037389 -2.886338 0.000000
vt 4.437389 -2.886338 0.000000
vt 4.068638 -3.092505 0.000000
vt 4.468638 -3.092505 0.000000
vt 4.099888 -3.298672 0.000000
vt 4.499888 -3.298672 0.000000
vt 4.131137 -3.504839 0.000000
vt 4.531137 -3.504839 0.000000
vt 4.162386 -3.711006 0.000000
vt 4.562386 -3.711006 0.000000
vt 4.193635 -3.917173 0.000000
vt 4.593635 -3.917173 0.000000
vt 4.224884 -4.123340 0.000000
vt 4.624884 -4.123340 0.000000
vt 4.256134 -4.329507 0.000000
vt 4.656134 -4.329507 0.000000
vt 4.287383 -4.535674 0.000000
vt 4.687383 -4.535674 0.000000
vt 4.687383 4.260785 0.000000
vt 4.287383 4.260785 0.000000
vt 4.318632 4.054618 0.000000
vt 4.718632 4.054618 0.000000
vt 4.349881 3.848451 0.000000
vt 4.749881 3.848451 0.000000
vt 4.381130 3.642284 0.000000
vt 4.781130 3.642284 0.000000
vt 4.412380 3.436117 0.000000
vt 4.812380 3.436117 0.000000
vt 4.443629 3.229950 0.000000
vt 4.843629 3.229950 0.000000
vt 4.474878 3.023783 0.000000
vt 4.874878 3.023783 0.000000
vt 4.506127 2.817616 0.000000
vt 4.906127 2.817616 0.000000
vt 4.537377 2.611449 0.000000
vt 4.937377 2.611449 0.000000
vt 4.568626 2.405282 0.000000
vt 4.968626 2.405282 0.000000
vt 4.599875 2.199115 0.000000
vt 4.999875 2.199115 0.000000
vt 4.631124 1.992948 0.000000
vt 5.031124 1.992948 0.000000
vt 4.662373 1.786781 0.000000
vt 5.062373 1.786781 0.000000
vt 4.693623 1.580614 0.000000
vt 5.093623 1.580614 0.000000
vt 4.724872 1.374447 0.000000
vt 5.124872 1.374447 0.000000
vt 4.756121 1.168280 0.000000
vt 5.156121 1.168280 0.000000
vt 4.787370 0.962113 0.000000
vt 5.187370 0.962113 0.000000
vt 4.818620 0.755946 0.000000
vt 5.218620 0.755946 0.000000
vt 4.849869 0.549779 0.000000
vt 5.249869 0.549779 0.000000
vt 4.881118 0.343612 0.000000
vt 5.281118 0.343612 0.000000
vt 4.912367 0.137445 0.000000
vt 5.312367 0.137445 0.000000
vt 4.943616 -0.068722 0.000000
vt 5.343616 -0.068722 0.000000
vt 4.974866 -0.274889 0.000000
vt 5.374866 -0.274889 0.000000
vt 5.006115 -0.481056 0.000000
vt 5.406115 -0.481056 0.000000
vt 5.037364 -0.687223 0.000000
vt 5.437364 -0.687223 0.000000
vt 5.068613 -0.893390 0.000000
vt 5.468613 -0.893390 0.000000
vt 5.099863 -1.099557 0.000000
vt 5.499863 -1.099557 0.000000
vt 5.131112 -1.305724 0.000000
vt 5.531112 -1.305724 0.000000
vt 5.162361 -1.511891 0.000000
vt 5.562361 -1.511891 0.000000
vt 5.193610 -1.718058 0.000000
vt 5.593610 -1.718058 0.000000
vt 5.224859 -1.924225 0.000000
vt 5.624859 -1.924225 0.000000
vt 5.256109 -2.130393 0.000000
vt 5.656109 -2.130393 0.000000
vt 5.287358 -2.336560 0.000000
vt 5.687358 -2.336560 0.000000
vt 5.318607 -2.542727 0.000000
vt 5.718607 -2.542727 0.000000
vt 5.349856 -2.748894 0.000000
vt 5.749856 -2.748894 0.000000
vt 5.381105 -2.955061 0.000000
vt 5.781105 -2.955061 0.000000
vt 5.412355 -3.161228 0.000000
vt 5.812355 -3.161228 0.000000
vt 5.443604 -3.367395 0.000000
vt 5.843604 -3.367395 0.000000
vt 5.474853 -3.573562 0.000000
vt 5.874853 -3.573562 0.000000
vt 5.506102 -3.779729 0.000000
vt 5.906102 -3.779729 0.000000
vt 5.537352 -3.985896 0.000000
vt 5.937352 -3.985896 0.000000
vt 5.568601 -4.192063 0.000000
vt 5.968601 -4.192063 0.000000
vt 5.599850 -4.398230 0.000000
vt 5.999850 -4.398230 0.000000
vt 5.999850 4.398230 0.000000
vt 5.599850 4.398230 0.000000
vt 5.631099 4.192063 0.000000
vt 6.031099 4.192063 0.000000
vt 5.662348 3.985896 0.000000
vt 6.062348 3.985896 0.000000
vt 5.693598 3.779729 0.000000
vt 6.093598 3.779729 0.000000
vt 5.724847 3.573562 0.000000
vt 6.124847 3.573562 0.000000
vt 5.756096 3.367395 0.000000
vt 6.156096 3.367395 0.000000
vt 5.787345 3.161228 0.000000
vt 6.187345 3.161228 0.000000
vt 5.818595 2.955061 0.000000
vt 6.218595 2.955061 0.000000
vt 5.849844 2.748894 0.000000
vt 6.249844 2.748894 0.000000
vt 5.881093 2.542727 0.000000
vt 6.281093 2.542727 0.000000
vt 5.912342 2.336560 0.000000
vt 6.312342 2.336560 0.000000
vt 5.943591 2.130393 0.000000
vt 6.343591 2.130393 0.000000
vt 5.974841 1.924225 0.000000
vt 6.374841 1.924225 0.000000
vt 6.006090 1.718058 0.000000
vt 6.406090 1.718058 0.000000
vt 6.037339 1.511891 0.000000
vt 6.437339 1.511891 0.000000
vt 6.068588 1.305724 0.000000
vt 6.468588 1.305724 0.000000
vt 6.099838 1.099557 0.000000
vt 6.499838 1.099557 0.000000
vt 6.131087 0.893390 0.000000
vt 6.531087 0.893390 0.000000
vt 6.162336 0.687223 0.000000
vt 6.562336 0.687223 0.000000
vt 6.193585 0.481056 0.000000
vt 6.593585 0.481056 0.000000
vt 6.224834 0.274889 0.000000
vt 6.624834 0.274889 0.000000
vt 6.256084 0.068722 0.000000
vt 6.656084 0.068722 0.000000
vt 6.287333 -0.137445 0.000000
vt 6.687333 -0.137445 0.000000
vt 6.318582 -0.343612 0.000000
vt 6.718582 -0.343612 0.000000
vt 6.349831 -0.549779 0.000000
vt 6.749831 -0.549779 0.000000
vt 6.381080 -0.755946 0.000000
vt 6.781080 -0.755946 0.000000
vt 6.412330 -0.962113 0.000000
vt 6.812330 -0.962113 0.000000
vt 6.443579 -1.168280 0.000000
vt 6.843579 -1.168280 0.000000
vt 6.474828 -1.374447 0.000000
vt 6.874828 -1.374447 0.000000
vt 6.506077 -1.580614 0.000000
vt 6.906077 -1.580614 0.000000
vt 6.537327 -1.786781 0.000000
vt 6.937327 -1.786781 0.000000
vt 6.568576 -1.992948 0.000000
vt 6.968576 -1.992948 0.000000
vt 6.599825 -2.199115 0.000000
vt 6.999825 -2.199115 0.000000
vt 6.631074 -2.405282 0.000000
vt 7.031074 -2.405282 0.000000
vt 6.662323 -2.611449 0.000000
vt 7.062323 -2.611449 0.000000
vt 6.693573 -2.817616 0.000000
vt 7.093573 -2.817616 0.000000
vt 6.724822 -3.023783 0.000000
vt 7.124822 -3.023783 0.000000
vt 6.756071 -3.229950 0.000000
vt 7.156071 -3.229950 0.000000
vt 6.787320 -3.436117 0.000000
vt 7.187320 -3.436117 0.000000
vt 6.818570 -3.642284 0.000000
vt 7.218570 -3.642284 0.000000
vt 6.849819 -3.848451 0.000000
vt 7.249819 -3.848451 0.000000
vt 6.881068 -4.054618 0.000000
vt 7.281068 -4.054618 0.000000
vt 6.912317 -4.260785 0.000000
vt 7.312317 -4.260785 0.000000
vt 6.943566 -4.466952 0.000000
vt 7.343566 -4.466952 0.000000
vt 7.343566 4.329507 0.000000
vt 6.943566 4.329507 0.000000
vt 6.974816 4.123340 0.000000
vt 7.374816 4.123340 0.000000
vt 7.006065 3.917173 0.000000
vt 7.406065 3.917173 0.000000
vt 7.037314 3.711006 0.000000
vt 7.437314 3.711006 0.000000
vt 7.068563 3.504839 0.000000
vt 7.468563 3.504839 0.000000
vt 7.099813 3.298672 0.000000
vt 7.499813 3.298672 0.000000
vt 7.131062 3.092505 0.000000
vt 7.531062 3.092505 0.000000
vt 7.162311 2.886338 0.000000
vt 7.562311 2.886338 0.000000
vt 7.193560 2.680171 0.000000
vt 7.593560 2.680171 0.000000
vt 7.224809 2.474004 0.000000
vt 7.624809 2.474004 0.000000
vt 7.256059 2.267837 0.000000
vt 7.656059 2.267837 0.000000
vt 7.287308 2.061670 0.000000
vt 7.687308 2.061670 0.000000
vt 7.318557 1.855503 0.000000
vt 7.718557 1.855503 0.000000
vt 7.349806 1.649336 0.000000
vt 7.749806 1.649336 0.000000
vt 7.381055 1.443169 0.000000
vt 7.781055 1.443169 0.000000
vt 7.412305 1.237002 0.000000
vt 7.812305 1.237002 0.000000
vt 7.443554 1.030835 0.000000
vt 7.843554 1.030835 0.000000
vt 7.474803 0.824668 0.000000
vt 7.874803 0.824668 0.000000
vt 7.506052 0.618501 0.000000
vt 7.906052 0.618501 0.000000
vt 7.537302 0.412334 0.000000
vt 7.937302 0.412334 0.000000
vt 7.568551 0.206167 0.000000
vt 7.968551 0.206167 0.000000
vt 7.599800 0.000000 0.000000
vt 7.999800 0.000000 0.000000
vt 0.000000 0.000000 0.000000
vt 0.400000 0.000000 0.000000
vt 0.000000 0.237744 0.000000
vt 0.399648 0.237744 0.000000
vt 0.399255 0.475396 0.000000
vt 0.399362 0.712989 0.000000
vt 0.000000 0.712990 0.000000
vt 0.000000 0.475395 0.000000
vt 0.000000 0.950694 0.000000
vt 0.399838 0.950694 0.000000
vt 0.000000 1.188431 0.000000
vt 0.399930 1.188431 0.000000
vt 0.399458 1.426163 0.000000
vt 0.000000 1.426162 0.000000
vt 0.399229 1.663771 0.000000
vt 0.000000 1.663771 0.000000
vt 0.000000 1.901394 0.000000
vt 0.399530 1.901394 0.000000
vt 0.000000 2.139136 0.000000
vt 0.399973 2.139136 0.000000
vt 0.399766 2.376875 0.000000
vt 0.000000 2.376875 0.000000
vt 0.399311 2.614559 0.000000
vt 0.000000 2.614558 0.000000
vt 0.399288 2.852148 0.000000
vt 0.000000 2.852149 0.000000
vt 0.000000 3.089821 0.000000
vt 0.399726 3.089821 0.000000
vt 0.399988 3.327560 0.000000
vt 0.000000 3.327561 0.000000
vt 0.399571 3.565306 0.000000
vt 0.000000 3.565305 0.000000
vt 0.399234 3.802938 0.000000
vt 0.000000 3.802938 0.000000
vt 0.000000 4.040541 0.000000
vt 0.399422 4.040540 0.000000
vt 0.000000 4.278263 0.000000
vt 0.399901 4.278263 0.000000
vt 0.399873 4.516000 0.000000
vt 0.000000 4.516000 0.000000
vt 0.399393 4.753715 0.000000
vt 0.000000 4.753714 0.000000
vt 0.399242 4.991313 0.000000
vt 0.000000 4.991313 0.000000
vt 0.000000 5.228954 0.000000
vt 0.399606 5.228954 0.000000
vt 0.000000 5.466700 0.000000
vt 0.399996 5.466700 0.000000
vt 0.000000 5.704441 0.000000
vt 0.399690 5.704441 0.000000
vt 0.399271 5.942104 0.000000
vt 0.399333 6.179695 0.000000
vt 0.000000 6.179695 0.000000
vt 0.000000 5.942103 0.000000
vt 0.000000 6.417388 0.000000
vt 0.399800 6.417388 0.000000
vt 0.399955 6.655126 0.000000
vt 0.000000 6.655126 0.000000
vt 0.399496 6.892864 0.000000
vt 0.000000 6.892863 0.000000
vt 0.399227 7.130480 0.000000
vt 0.000000 7.130480 0.000000
vt 0.000000 7.368095 0.000000
vt 0.399491 7.368094 0.000000
vt 0.000000 7.605831 0.000000
vt 0.399952 7.605832 0.000000
vt 0.399806 7.843570 0.000000
vt 0.000000 7.843569 0.000000
vt 0.399337 8.081265 0.000000
vt 0.000000 8.081264 0.000000
vt 0.399269 8.318856 0.000000
vt 0.000000 8.318856 0.000000
vt 0.000000 8.556517 0.000000
vt 0.399684 8.556517 0.000000
vt 0.399997 8.794259 0.000000
vt 0.399612 9.032005 0.000000
vt 0.000000 9.032004 0.000000
vt 0.000000 8.794259 0.000000
vt 0.399244 9.269647 0.000000
vt 0.000000 9.269647 0.000000
vt 0.000000 9.507245 0.000000
vt 0.399389 9.507244 0.000000
vt 0.000000 9.744957 0.000000
vt 0.399868 9.744957 0.000000
vt 0.000000 9.982695 0.000000
vt 0.399905 9.982695 0.000000
vt 0.399427 10.220419 0.000000
vt 0.000000 10.220418 0.000000
vt 0.399233 10.458021 0.000000
vt 0.000000 10.458022 0.000000
vt 0.000000 10.695653 0.000000
vt 0.399565 10.695652 0.000000
vt 0.000000 10.933397 0.000000
vt 0.399986 10.933398 0.000000
vt 0.399732 11.171137 0.000000
vt 0.000000 11.171137 0.000000
vt 0.399291 11.408811 0.000000
vt 0.000000 11.408811 0.000000
vt 0.000000 11.646401 0.000000
vt 0.399307 11.646401 0.000000
vt 0.000000 11.884083 0.000000
vt 0.399761 11.884083 0.000000
vt 0.399975 12.121822 0.000000
vt 0.000000 12.121822 0.000000
vt 0.399536 12.359565 0.000000
vt 0.000000 12.359564 0.000000
vt 0.399229 12.597189 0.000000
vt 0.000000 12.597189 0.000000
vt 0.000000 12.834797 0.000000
vt 0.399453 12.834796 0.000000
vt 0.000000 13.072526 0.000000
vt 0.399926 13.072526 0.000000
vt 0.399843 13.310264 0.000000
vt 0.000000 13.310264 0.000000
vt 0.399366 13.547970 0.000000
vt 0.000000 13.547969 0.000000
vt 0.399253 13.785564 0.000000
vt 0.000000 13.785564 0.000000
vt 0.000000 14.023214 0.000000
vt 0.399642 14.023214 0.000000
vt 0.400000 14.260959 0.000000
vt 0.000000 14.260959 0.000000
vt 0.399654 14.498702 0.000000
vt 0.000000 14.498702 0.000000
vt 0.399257 14.736355 0.000000
vt 0.000000 14.736355 0.000000
vt 0.000000 14.973949 0.000000
vt 0.399358 14.973948 0.000000
vt 0.000000 15.211651 0.000000
vt 0.399833 15.211651 0.000000
vt 0.000000 15.449389 0.000000
vt 0.399934 15.449389 0.000000
vt 0.399464 15.687121 0.000000
vt 0.000000 15.687120 0.000000
vt 0.399228 15.924730 0.000000
vt 0.000000 15.924731 0.000000
vt 0.000000 16.162353 0.000000
vt 0.399524 16.162352 0.000000
vt 0.000000 16.400094 0.000000
vt 0.399970 16.400094 0.000000
vt 0.399772 16.637832 0.000000
vt 0.000000 16.637832 0.000000
vt 0.399314 16.875518 0.000000
vt 0.000000 16.875517 0.000000
vt 0.399285 17.113108 0.000000
vt 0.000000 17.113108 0.000000
vt 0.000000 17.350779 0.000000
vt 0.399720 17.350779 0.000000
vt 0.399990 17.588519 0.000000
vt 0.000000 17.588519 0.000000
vt 0.399577 17.826264 0.000000
vt 0.000000 17.826264 0.000000
vt 0.399235 18.063898 0.000000
vt 0.000000 18.063898 0.000000
vt 0.000000 18.301500 0.000000
vt 0.399417 18.301499 0.000000
vt 0.000000 18.539221 0.000000
vt 0.399896 18.539221 0.000000
vt 0.399878 18.776958 0.000000
vt 0.000000 18.776958 0.000000
vt 0.399398 19.014674 0.000000
vt 0.000000 19.014673 0.000000
vt 0.399241 19.252272 0.000000
vt 0.000000 19.252273 0.000000
vt 0.000000 19.489912 0.000000
vt 0.399600 19.489912 0.000000
vt 0.000000 19.727658 0.000000
vt 0.399995 19.727658 0.000000
vt 0.399696 19.965399 0.000000
vt 0.000000 19.965399 0.000000
vt 0.399274 20.203063 0.000000
vt 0.000000 20.203063 0.000000
vt 0.000000 20.440655 0.000000
vt 0.399329 20.440654 0.000000
vt 0.000000 20.678346 0.000000
vt 0.399795 20.678346 0.000000
vt 0.399958 20.916084 0.000000
vt 0.000000 20.916084 0.000000
vt 0.399502 21.153823 0.000000
vt 0.000000 21.153822 0.000000
vt 0.399227 21.391440 0.000000
vt 0.000000 21.391440 0.000000
vt 0.000000 21.629054 0.000000
vt 0.399485 21.629053 0.000000
vt 0.000000 21.866789 0.000000
vt 0.399948 21.866789 0.000000
vt 0.399811 22.104527 0.000000
vt 0.000000 22.104527 0.000000
vt 0.399341 22.342224 0.000000
vt 0.000000 22.342223 0.000000
vt 0.399266 22.579815 0.000000
vt 0.000000 22.579816 0.000000
vt 0.000000 22.817475 0.000000
vt 0.399678 22.817475 0.000000
vt 0.399998 23.055217 0.000000
vt 0.000000 23.055217 0.000000
vt 0.399618 23.292963 0.000000
vt 0.000000 23.292962 0.000000
vt 0.399245 23.530607 0.000000
vt 0.000000 23.530606 0.000000
vt 0.000000 23.768204 0.000000
vt 0.399384 23.768203 0.000000
vt 0.000000 24.005915 0.000000
vt 0.399863 24.005915 0.000000
vt 0.000000 24.243652 0.000000
vt 0.399910 24.243652 0.000000
vt 0.399432 24.481378 0.000000
vt 0.000000 24.481377 0.000000
vt 0.399232 24.718981 0.000000
vt 0.000000 24.718981 0.000000
vt 0.000000 24.956611 0.000000
vt 0.399559 24.956611 0.000000
vt 0.000000 25.194355 0.000000
vt 0.399984 25.194355 0.000000
vt 0.399737 25.432095 0.000000
vt 0.000000 25.432095 0.000000
vt 0.399294 25.669771 0.000000
vt 0.000000 25.669770 0.000000
vt 0.000000 25.907361 0.000000
vt 0.399304 25.907360 0.000000
vt 0.000000 26.145041 0.000000
vt 0.399755 26.145041 0.000000
vt 0.399978 26.382780 0.000000
vt 0.000000 26.382780 0.000000
vt 0.399542 26.620523 0.000000
vt 0.000000 26.620522 0.000000
vt 0.399230 26.858149 0.000000
vt 0.000000 26.858148 0.000000
vt 0.000000 27.095756 0.000000
vt 0.399448 27.095755 0.000000
vt 0.000000 27.333484 0.000000
vt 0.399922 27.333484 0.000000
vt 0.399848 27.571222 0.000000
vt 0.000000 27.571221 0.000000
vt 0.399370 27.808929 0.000000
vt 0.000000 27.808928 0.000000
vt 0.399251 28.046523 0.000000
vt 0.000000 28.046524 0.000000
vt 0.000000 28.284172 0.000000
vt 0.399636 28.284172 0.000000
vt 0.000000 28.521917 0.000000
vt 0.400000 28.521917 0.000000
vt 0.399660 28.759660 0.000000
vt 0.000000 28.759660 0.000000
vt 0.399259 28.997315 0.000000
vt 0.000000 28.997314 0.000000
vt 0.000000 29.234908 0.000000
vt 0.399353 29.234908 0.000000
vt 0.000000 29.472609 0.000000
vt 0.399827 29.472609 0.000000
vt 0.000000 29.710347 0.000000
vt 0.399938 29.710347 0.000000
vt 0.399469 29.948080 0.000000
vt 0.000000 29.948079 0.000000
vt 0.399228 30.185690 0.000000
vt 0.000000 30.185690 0.000000
vt 0.000000 30.423311 0.000000
vt 0.399519 30.423311 0.000000
vt 0.000000 30.661052 0.000000
vt 0.399967 30.661052 0.000000
vt 0.000000 30.898790 0.000000
vt 0.399778 30.898790 0.000000
vt 0.399318 31.136477 0.000000
vt 0.000000 31.136476 0.000000
vt 0.399282 31.374067 0.000000
vt 0.000000 31.374068 0.000000
vt 0.000000 31.611737 0.000000
vt 0.399714 31.611736 0.000000
vt 0.399991 31.849477 0.000000
vt 0.000000 31.849477 0.000000
vt 0.399583 32.087222 0.000000
vt 0.000000 32.087222 0.000000
vt 0.399236 32.324858 0.000000
vt 0.000000 32.324857 0.000000
vt 0.000000 32.562459 0.000000
vt 0.399413 32.562458 0.000000
vt 0.000000 32.800178 0.000000
vt 0.399892 32.800178 0.000000
vt 0.399883 33.037916 0.000000
vt 0.000000 33.037916 0.000000
vt 0.399403 33.275633 0.000000
vt 0.000000 33.275632 0.000000
vt 0.399239 33.513232 0.000000
vt 0.000000 33.513232 0.000000
vt 0.000000 33.750871 0.000000
vt 0.399594 33.750870 0.000000
vt 0.000000 33.988616 0.000000
vt 0.399994 33.988616 0.000000
vt 0.000000 34.226357 0.000000
vt 0.399702 34.226357 0.000000
vt 0.399276 34.464023 0.000000
vt 0.399325 34.701613 0.000000
vt 0.000000 34.701614 0.000000
vt 0.000000 34.464022 0.000000
vt 0.000000 34.939304 0.000000
vt 0.399789 34.939303 0.000000
vt 0.399961 35.177042 0.000000
vt 0.000000 35.177042 0.000000
vt 0.399507 35.414781 0.000000
vt 0.000000 35.414781 0.000000
vt 0.399227 35.652399 0.000000
vt 0.000000 35.652399 0.000000
vt 0.000000 35.890012 0.000000
vt 0.399480 35.890012 0.000000
vt 0.000000 36.127747 0.000000
vt 0.399945 36.127747 0.000000
vt 0.399817 36.365485 0.000000
vt 0.000000 36.365485 0.000000
vt 0.399345 36.603183 0.000000
vt 0.000000 36.603182 0.000000
vt 0.399264 36.840775 0.000000
vt 0.000000 36.840775 0.000000
vt 0.000000 37.078433 0.000000
vt 0.399672 37.078433 0.000000
vt 0.399999 37.316175 0.000000
vt 0.399624 37.553921 0.000000
vt 0.000000 37.553920 0.000000
vt 0.000000 37.316175 0.000000
vt 0.399247 37.791566 0.000000
vt 0.000000 37.791566 0.000000
vt 0.000000 38.029163 0.000000
vt 0.399380 38.029162 0.000000
vt 0.000000 38.266872 0.000000
vt 0.399858 38.266872 0.000000
vt 0.000000 38.504610 0.000000
vt 0.399914 38.504610 0.000000
vt 0.399437 38.742336 0.000000
vt 0.000000 38.742336 0.000000
vt 0.399231 38.979941 0.000000
vt 0.000000 38.979941 0.000000
vt 0.000000 39.217570 0.000000
vt 0.399553 39.217569 0.000000
vt 0.000000 39.455313 0.000000
vt 0.399982 39.455313 0.000000
vt 0.399743 39.693053 0.000000
vt 0.000000 39.693052 0.000000
vt 0.399297 39.930730 0.000000
vt 0.000000 39.930729 0.000000
vt 0.000000 40.168320 0.000000
vt 0.399301 40.168320 0.000000
vt 0.000000 40.405999 0.000000
vt 0.399749 40.405999 0.000000
vt 0.399980 40.643738 0.000000
vt 0.000000 40.643738 0.000000
vt 0.399547 40.881482 0.000000
vt 0.000000 40.881481 0.000000
vt 0.399231 41.119108 0.000000
vt 0.000000 41.119108 0.000000
vt 0.000000 41.356715 0.000000
vt 0.399443 41.356714 0.000000
vt 0.000000 41.594441 0.000000
vt 0.399918 41.594441 0.000000
vt 0.399853 41.832179 0.000000
vt 0.000000 41.832179 0.000000
vt 0.399375 42.069888 0.000000
vt 0.000000 42.069887 0.000000
vt 0.399249 42.307483 0.000000
vt 0.000000 42.307483 0.000000
vt 0.000000 42.545130 0.000000
vt 0.399630 42.545130 0.000000
vt 0.399999 42.782875 0.000000
vt 0.399666 43.020618 0.000000
vt 0.000000 43.020618 0.000000
vt 0.000000 42.782875 0.000000
vt 0.399261 43.258274 0.000000
vt 0.000000 43.258274 0.000000
vt 0.000000 43.495867 0.000000
vt 0.399349 43.495867 0.000000
vt 0.000000 43.733567 0.000000
vt 0.399822 43.733567 0.000000
vt 0.000000 43.971304 0.000000
vt 0.399941 43.971304 0.000000
vt 0.399474 44.209039 0.000000
vt 0.000000 44.209038 0.000000
vt 0.399227 44.446650 0.000000
vt 0.000000 44.446650 0.000000
vt 0.000000 44.684270 0.000000
vt 0.399513 44.684269 0.000000
vt 0.000000 44.922009 0.000000
vt 0.399964 44.922010 0.000000
vt 0.399783 45.159748 0.000000
vt 0.000000 45.159748 0.000000
vt 0.399322 45.397437 0.000000
vt 0.000000 45.397436 0.000000
vt 0.399279 45.635027 0.000000
vt 0.000000 45.635027 0.000000
vt 0.000000 45.872695 0.000000
vt 0.399708 45.872694 0.000000
vt 0.399993 46.110435 0.000000
vt 0.000000 46.110435 0.000000
vt 0.399588 46.348181 0.000000
vt 0.000000 46.348180 0.000000
vt 0.399238 46.585817 0.000000
vt 0.000000 46.585817 0.000000
vt 0.000000 46.823418 0.000000
vt 0.399408 46.823417 0.000000
vt 0.000000 47.061136 0.000000
vt 0.399887 47.061136 0.000000
vt 0.399887 47.298873 0.000000
vt 0.000000 47.298873 0.000000
vt 0.399408 47.536592 0.000000
vt 0.000000 47.536591 0.000000
vt 0.399238 47.774192 0.000000
vt 0.000000 47.774192 0.000000
vt 0.000000 48.011829 0.000000
vt 0.399589 48.011828 0.000000
vt 0.000000 48.249574 0.000000
vt 0.399993 48.249574 0.000000
vt 0.399708 48.487315 0.000000
vt 0.000000 48.487314 0.000000
vt 0.399279 48.724982 0.000000
vt 0.000000 48.724982 0.000000
vt 0.000000 48.962573 0.000000
vt 0.399322 48.962572 0.000000
vt 0.000000 49.200261 0.000000
vt 0.399784 49.200261 0.000000
vt 0.399964 49.437999 0.000000
vt 0.000000 49.437999 0.000000
vt 0.399513 49.675740 0.000000
vt 0.000000 49.675739 0.000000
vt 0.399227 49.913359 0.000000
vt 0.000000 49.913359 0.000000
vt 0.000000 50.150971 0.000000
vt 0.399474 50.150970 0.000000
vt 0.000000 50.388705 0.000000
vt 0.399941 50.388705 0.000000
vt 0.399822 50.626442 0.000000
vt 0.000000 50.626442 0.000000
vt 0.399349 50.864142 0.000000
vt 0.000000 50.864141 0.000000
vt 0.399261 51.101734 0.000000
vt 0.000000 51.101735 0.000000
vt 0.000000 51.339391 0.000000
vt 0.399666 51.339391 0.000000
vt 0.399999 51.577134 0.000000
vt 0.000000 51.577134 0.000000
vt 0.399630 51.814879 0.000000
vt 0.000000 51.814878 0.000000
vt 0.399249 52.052526 0.000000
vt 0.000000 52.052525 0.000000
vt 0.000000 52.290122 0.000000
vt 0.399375 52.290121 0.000000
vt 0.000000 52.527830 0.000000
vt 0.399853 52.527830 0.000000
vt 0.000000 52.765567 0.000000
vt 0.399918 52.765567 0.000000
vt 0.399443 53.003295 0.000000
vt 0.000000 53.003294 0.000000
vt 0.399231 53.240901 0.000000
vt 0.000000 53.240901 0.000000
vt 0.000000 53.478528 0.000000
vt 0.399547 53.478527 0.000000
vt 0.000000 53.716271 0.000000
vt 0.399980 53.716271 0.000000
vt 0.399749 53.954010 0.000000
vt 0.000000 53.954010 0.000000
vt 0.399301 54.191689 0.000000
vt 0.000000 54.191689 0.000000
vt 0.399297 54.429279 0.000000
vt 0.000000 54.429280 0.000000
vt 0.000000 54.666957 0.000000
vt 0.399743 54.666956 0.000000
vt 0.399982 54.904695 0.000000
vt 0.000000 54.904696 0.000000
vt 0.399553 55.142440 0.000000
vt 0.000000 55.142439 0.000000
vt 0.399231 55.380068 0.000000
vt 0.000000 55.380068 0.000000
vt 0.000000 55.617673 0.000000
vt 0.399438 55.617673 0.000000
vt 0.000000 55.855399 0.000000
vt 0.399914 55.855399 0.000000
vt 0.399858 56.093137 0.000000
vt 0.000000 56.093137 0.000000
vt 0.399379 56.330847 0.000000
vt 0.000000 56.330846 0.000000
vt 0.399247 56.568443 0.000000
vt 0.000000 56.568443 0.000000
vt 0.000000 56.806089 0.000000
vt 0.399624 56.806088 0.000000
vt 0.399999 57.043834 0.000000
vt 0.000000 57.043834 0.000000
vt 0.399672 57.281576 0.000000
vt 0.000000 57.281576 0.000000
vt 0.399264 57.519234 0.000000
vt 0.000000 57.519234 0.000000
vt 0.000000 57.756827 0.000000
vt 0.399345 57.756826 0.000000
vt 0.000000 57.994524 0.000000
vt 0.399817 57.994524 0.000000
vt 0.000000 58.232262 0.000000
vt 0.399945 58.232262 0.000000
vt 0.399480 58.469997 0.000000
vt 0.000000 58.469997 0.000000
vt 0.399227 58.707610 0.000000
vt 0.000000 58.707610 0.000000
vt 0.000000 58.945228 0.000000
vt 0.399508 58.945228 0.000000
vt 0.000000 59.182967 0.000000
vt 0.399961 59.182967 0.000000
vt 0.000000 59.420705 0.000000
vt 0.399789 59.420705 0.000000
vt 0.399325 59.658396 0.000000
vt 0.000000 59.658395 0.000000
vt 0.399276 59.895986 0.000000
vt 0.000000 59.895987 0.000000
vt 0.000000 60.133652 0.000000
vt 0.399702 60.133652 0.000000
vt 0.399999 60.371391 0.000000
vt 0.000000 60.371391 0.000000
vt 0.399967 60.609074 0.000000
vt 0.000000 60.609074 0.000000
vt 0.000000 60.846756 0.000000
vt 0.400000 60.846756 0.000000
vt -0.200000 -0.200000 0.000000
vt 0.200000 -0.200000 0.000000
vt -0.200000 0.200000 0.000000
vt 0.200000 0.200000 0.000000
vt 0.200000 0.200000 0.000000
vt -0.200000 0.200000 0.000000
vt 0.200000 -0.200000 0.000000
vt -0.200000 -0.200000 0.000000
vn 1.000000 -0.000000 -0.000000
vn 1.000000 -0.000000 -0.000000
vn 0.989177 -0.146730 -0.000000
vn 0.989177 -0.146730 -0.000000
vn 0.956940 -0.290285 -0.000000
vn 0.956940 -0.290285 -0.000000
vn 0.903989 -0.427555 -0.000000
vn 0.903989 -0.427555 -0.000000
vn 0.831470 -0.555570 -0.000000
vn 0.831470 -0.555570 -0.000000
vn 0.740951 -0.671559 -0.000000
vn 0.740951 -0.671559 -0.000000
vn 0.634393 -0.773010 -0.000000
vn 0.634393 -0.773010 -0.000000
vn 0.514103 -0.857729 -0.000000
vn 0.514103 -0.857729 -0.000000
vn 0.382683 -0.923880 -0.000000
vn 0.382683 -0.923880 -0.000000
vn 0.242980 -0.970031 -0.000000
vn 0.242980 -0.970031 -0.000000
vn 0.098017 -0.995185 -0.000000
vn 0.098017 -0.995185 -0.000000
vn -0.049068 -0.998795 0.000000
vn -0.049068 -0.998795 0.000000
vn -0.195090 -0.980785 0.000000
vn -0.195090 -0.980785 0.000000
vn -0.336890 -0.941544 0.000000
vn -0.336890 -0.941544 0.000000
vn -0.471397 -0.881921 0.000000
vn -0.471397 -0.881921 0.000000
vn -0.595699 -0.803208 0.000000
vn -0.595699 -0.803208 0.000000
vn -0.707107 -0.707107 0.000000
vn -0.707107 -0.707107 0.000000
vn -0.803208 -0.595699 0.000000
vn -0.803208 -0.595699 0.000000
vn -0.881921 -0.471397 0.000000
vn -0.881921 -0.471397 0.000000
vn -0.941544 -0.336890 0.000000
vn -0.941544 -0.336890 0.000000
vn -0.980785 -0.195090 0.000000
vn -0.980785 -0.195090 0.000000
vn -0.998795 -0.049068 0.000000
vn -0.998795 -0.049068 0.000000
vn -0.995185 0.098017 -0.000000
vn -0.995185 0.098017 -0.000000
vn -0.970031 0.242980 -0.000000
vn -0.970031 0.242980 -0.000000
vn -0.923880 0.382683 -0.000000
vn -0.923880 0.382683 -0.000000
vn -0.857729 0.514103 -0.000000
vn -0.857729 0.514103 -0.000000
vn -0.773010 0.634393 -0.000000
vn -0.773010 0.634393 -0.000000
vn -0.671559 0.740951 -0.000000
vn -0.671559 0.740951 -0.000000
vn -0.555570 0.831470 -0.000000
vn -0.555570 0.831470 -0.000000
vn -0.427555 0.903989 -0.000000
vn -0.427555 0.903989 -0.000000
vn -0.290285 0.956940 -0.000000
vn -0.290285 0.956940 -0.000000
vn -0.146730 0.989177 -0.000000
vn -0.146730 0.989177 -0.000000
vn -0.000000 1.000000 -0.000000
vn -0.000000 1.000000 -0.000000
vn 0.146730 0.989177 -0.000000
vn 0.146730 0.989177 -0.000000
vn 0.290285 0.956940 -0.000000
vn 0.290285 0.956940 -0.000000
vn 0.427555 0.903989 -0.000000
vn 0.427555 0.903989 -0.000000
vn 0.555570 0.831470 -0.000000
vn 0.555570 0.831470 -0.000000
vn 0.671559 0.740951 -0.000000
vn 0.671559 0.740951 -0.000000
vn 0.773010 0.634393 -0.000000
vn 0.773010 0.634393 -0.000000
vn 0.857729 0.514103 -0.000000
vn 0.857729 0.514103 -0.000000
vn 0.923880 0.382683 -0.000000
vn 0.923880 0.382683 -0.000000
vn 0.970031 0.242980 -0.000000
vn 0.970031 0.242980 -0.000000
vn 0.995185 0.098017 -0.000000
vn 0.995185 0.098017 -0.000000
vn 0.998795 -0.049068 -0.000000
vn 0.998795 -0.049068 -0.000000
vn 0.980785 -0.195090 -0.000000
vn 0.980785 -0.195090 -0.000000
vn 0.941544 -0.336890 -0.000000
vn 0.941544 -0.336890 -0.000000
vn 0.881921 -0.471397 -0.000000
vn 0.881921 -0.471397 -0.000000
vn 0.803208 -0.595699 -0.000000
vn 0.803208 -0.595699 -0.000000
vn 0.707107 -0.707107 -0.000000
vn 0.707107 -0.707107 -0.000000
vn 0.595699 -0.803208 -0.000000
vn 0.595699 -0.803208 -0.000000
vn 0.471397 -0.881921 -0.000000
vn 0.471397 -0.881921 -0.000000
vn 0.336890 -0.941544 -0.000000
vn 0.336890 -0.941544 -0.000000
vn 0.195090 -0.980785 -0.000000
vn 0.195090 -0.980785 -0.000000
vn 0.049068 -0.998795 -0.000000
vn 0.049068 -0.998795 -0.000000
vn -0.098017 -0.995185 0.000000
vn -0.098017 -0.995185 0.000000
vn -0.242980 -0.970031 0.000000
vn -0.242980 -0.970031 0.000000
vn -0.382683 -0.923880 0.000000
vn -0.382683 -0.923880 0.000000
vn -0.514103 -0.857729 0.000000
vn -0.514103 -0.857729 0.000000
vn -0.634393 -0.773010 0.000000
vn -0.634393 -0.773010 0.000000
vn -0.740951 -0.671559 0.000000
vn -0.740951 -0.671559 0.000000
vn -0.831470 -0.555570 0.000000
vn -0.831470 -0.555570 0.000000
vn -0.903989 -0.427555 0.000000
vn -0.903989 -0.427555 0.000000
vn -0.956940 -0.290285 0.000000
vn -0.956940 -0.290285 0.000000
vn -0.989177 -0.146730 0.000000
vn -0.989177 -0.146730 0.000000
vn -1.000000 -0.000000 0.000000
vn -1.000000 -0.000000 0.000000
vn -0.989177 0.146730 -0.000000
vn -0.989177 0.146730 -0.000000
vn -0.956940 0.290285 -0.000000
vn -0.956940 0.290285 -0.000000
vn -0.903989 0.427555 -0.000000
vn -0.903989 0.427555 -0.000000
vn -0.831470 0.555570 -0.000000
vn -0.831470 0.555570 -0.000000
vn -0.740951 0.671559 -0.000000
vn -0.740951 0.671559 -0.000000
vn -0.634393 0.773010 -0.000000
vn -0.634393 0.773010 -0.000000
vn -0.514103 0.857729 -0.000000
vn -0.514103 0.857729 -0.000000
vn -0.382683 0.923880 -0.000000
vn -0.382683 0.923880 -0.000000
vn -0.242980 0.970031 -0.000000
vn -0.242980 0.970031 -0.000000
vn -0.098017 0.995185 -0.000000
vn -0.098017 0.995185 -0.000000
vn 0.049068 0.998795 -0.000000
vn 0.049068 0.998795 -0.000000
vn 0.195090 0.980785 -0.000000
vn 0.195090 0.980785 -0.000000
vn 0.336890 0.941544 -0.000000
vn 0.336890 0.941544 -0.000000
vn 0.471397 0.881921 -0.000000
vn 0.471397 0.881921 -0.000000
vn 0.595699 0.803208 -0.000000
vn 0.595699 0.803208 -0.000000
vn 0.707107 0.707107 -0.000000
vn 0.707107 0.707107 -0.000000
vn 0.803208 0.595699 -0.000000
vn 0.803208 0.595699 -0.000000
vn 0.881921 0.471397 -0.000000
vn 0.881921 0.471397 -0.000000
vn 0.941544 0.336890 -0.000000
vn 0.941544 0.336890 -0.000000
vn 0.980785 0.195090 -0.000000
vn 0.980785 0.195090 -0.000000
vn 0.998795 0.049068 -0.000000
vn 0.998795 0.049068 -0.000000
vn 0.995185 -0.098017 -0.000000
vn 0.995185 -0.098017 -0.000000
vn 0.970031 -0.242980 -0.000000
vn 0.970031 -0.242980 -0.000000
vn 0.923880 -0.382683 -0.000000
vn 0.923880 -0.382683 -0.000000
vn 0.857729 -0.514103 -0.000000
vn 0.857729 -0.514103 -0.000000
vn 0.773010 -0.634393 -0.000000
vn 0.773010 -0.634393 -0.000000
vn 0.671559 -0.740951 -0.000000
vn 0.671559 -0.740951 -0.000000
vn 0.555570 -0.831470 -0.000000
vn 0.555570 -0.831470 -0.000000
vn 0.427555 -0.903989 -0.000000
vn 0.427555 -0.903989 -0.000000
vn 0.290285 -0.956940 -0.000000
vn 0.290285 -0.956940 -0.000000
vn 0.146730 -0.989177 -0.000000
vn 0.146730 -0.989177 -0.000000
vn 0.000000 -1.000000 -0.000000
vn 0.000000 -1.000000 -0.000000
vn -0.146730 -0.989177 0.000000
vn -0.146730 -0.989177 0.000000
vn -0.290285 -0.956940 0.000000
vn -0.290285 -0.956940 0.000000
vn -0.427555 -0.903989 0.000000
vn -0.427555 -0.903989 0.000000
vn -0.555570 -0.831470 0.000000
vn -0.555570 -0.831470 0.000000
vn -0.671559 -0.740951 0.000000
vn -0.671559 -0.740951 0.000000
vn -0.773010 -0.634393 0.000000
vn -0.773010 -0.634393 0.000000
vn -0.857729 -0.514103 0.000000
vn -0.857729 -0.514103 0.000000
vn -0.923880 -0.382683 0.000000
vn -0.923880 -0.382683 0.000000
vn -0.970031 -0.242980 0.000000
vn -0.970031 -0.242980 0.000000
vn -0.995185 -0.098017 0.000000
vn -0.995185 -0.098017 0.000000
vn -0.998795 0.049068 -0.000000
vn -0.998795 0.049068 -0.000000
vn -0.980785 0.195090 -0.000000
vn -0.980785 0.195090 -0.000000
vn -0.941544 0.336890 -0.000000
vn -0.941544 0.336890 -0.000000
vn -0.881921 0.471397 -0.000000
vn -0.881921 0.471397 -0.000000
vn -0.803208 0.595699 -0.000000
vn -0.803208 0.595699 -0.000000
vn -0.707107 0.707107 -0.000000
vn -0.707107 0.707107 -0.000000
vn -0.595699 0.803208 -0.000000
vn -0.595699 0.803208 -0.000000
vn -0.471397 0.881921 -0.000000
vn -0.471397 0.881921 -0.000000
vn -0.336890 0.941544 -0.000000
vn -0.336890 0.941544 -0.000000
vn -0.195090 0.980785 -0.000000
vn -0.195090 0.980785 -0.000000
vn -0.049068 0.998795 -0.000000
vn -0.049068 0.998795 -0.000000
vn 0.098017 0.995185 -0.000000
vn 0.098017 0.995185 -0.000000
vn 0.242980 0.970031 -0.000000
vn 0.242980 0.970031 -0.000000
vn 0.382683 0.923880 -0.000000
vn 0.382683 0.923880 -0.000000
vn 0.514103 0.857729 -0.000000
vn 0.514103 0.857729 -0.000000
vn 0.634393 0.773010 -0.000000
vn 0.634393 0.773010 -0.000000
vn 0.740951 0.671559 -0.000000
vn 0.740951 0.671559 -0.000000
vn 0.831470 0.555570 -0.000000
vn 0.831470 0.555570 -0.000000
vn 0.903989 0.427555 -0.000000
vn 0.903989 0.427555 -0.000000
vn 0.956940 0.290285 -0.000000
vn 0.956940 0.290285 -0.000000
vn 0.989177 0.146730 -0.000000
vn 0.989177 0.146730 -0.000000
vn 1.000000 0.000000 -0.000000
vn 1.000000 0.000000 -0.000000
vn 0.989177 -0.146730 -0.000000
vn 0.989177 -0.146730 -0.000000
vn 0.956940 -0.290285 -0.000000
vn 0.956940 -0.290285 -0.000000
vn 0.903989 -0.427555 -0.000000
vn 0.903989 -0.427555 -0.000000
vn 0.831470 -0.555570 -0.000000
vn 0.831470 -0.555570 -0.000000
vn 0.740951 -0.671559 -0.000000
vn 0.740951 -0.671559 -0.000000
vn 0.634393 -0.773010 -0.000000
vn 0.634393 -0.773010 -0.000000
vn 0.514103 -0.857729 -0.000000
vn 0.514103 -0.857729 -0.000000
vn 0.382683 -0.923880 -0.000000
vn 0.382683 -0.923880 -0.000000
vn 0.242980 -0.970031 -0.000000
vn 0.242980 -0.970031 -0.000000
vn 0.098017 -0.995185 -0.000000
vn 0.098017 -0.995185 -0.000000
vn -0.049068 -0.998795 0.000000
vn -0.049068 -0.998795 0.000000
vn -0.195090 -0.980785 0.000000
vn -0.195090 -0.980785 0.000000
vn -0.336890 -0.941544 0.000000
vn -0.336890 -0.941544 0.000000
vn -0.471397 -0.881921 0.000000
vn -0.471397 -0.881921 0.000000
vn -0.595699 -0.803208 0.000000
vn -0.595699 -0.803208 0.000000
vn -0.707107 -0.707107 0.000000
vn -0.707107 -0.707107 0.000000
vn -0.803208 -0.595699 0.000000
vn -0.803208 -0.595699 0.000000
vn -0.881921 -0.471397 0.000000
vn -0.881921 -0.471397 0.000000
vn -0.941544 -0.336890 0.000000
vn -0.941544 -0.336890 0.000000
vn -0.980785 -0.195090 0.000000
vn -0.980785 -0.195090 0.000000
vn -0.998795 -0.049068 0.000000
vn -0.998795 -0.049068 0.000000
vn -0.995185 0.098017 -0.000000
vn -0.995185 0.098017 -0.000000
vn -0.970031 0.242980 -0.000000
vn -0.970031 0.242980 -0.000000
vn -0.923880 0.382683 -0.000000
vn -0.923880 0.382683 -0.000000
vn -0.857729 0.514103 -0.000000
vn -0.857729 0.514103 -0.000000
vn -0.773010 0.634393 -0.000000
vn -0.773010 0.634393 -0.000000
vn -0.671559 0.740951 -0.000000
vn -0.671559 0.740951 -0.000000
vn -0.555570 0.831470 -0.000000
vn -0.555570 0.831470 -0.000000
vn -0.427555 0.903989 -0.000000
vn -0.427555 0.903989 -0.000000
vn -0.290285 0.956940 -0.000000
vn -0.290285 0.956940 -0.000000
vn -0.146730 0.989177 -0.000000
vn -0.146730 0.989177 -0.000000
vn -0.000000 1.000000 -0.000000
vn -0.000000 1.000000 -0.000000
vn 0.146730 0.989177 -0.000000
vn 0.146730 0.989177 -0.000000
vn 0.290285 0.956940 -0.000000
vn 0.290285 0.956940 -0.000000
vn 0.427555 0.903989 -0.000000
vn 0.427555 0.903989 -0.000000
vn 0.555570 0.831470 -0.000000
vn 0.555570 0.831470 -0.000000
vn 0.671559 0.740951 -0.000000
vn 0.671559 0.740951 -0.000000
vn 0.773010 0.634393 -0.000000
vn 0.773010 0.634393 -0.000000
vn 0.857729 0.514103 -0.000000
vn 0.857729 0.514103 -0.000000
vn 0.923880 0.382683 -0.000000
vn 0.923880 0.382683 -0.000000
vn 0.970031 0.242980 -0.000000
vn 0.970031 0.242980 -0.000000
vn 0.995185 0.098017 -0.000000
vn 0.995185 0.098017 -0.000000
vn 0.998795 -0.049068 -0.000000
vn 0.998795 -0.049068 -0.000000
vn 0.980785 -0.195090 -0.000000
vn 0.980785 -0.195090 -0.000000
vn 0.941544 -0.336890 -0.000000
vn 0.941544 -0.336890 -0.000000
vn 0.881921 -0.471397 -0.000000
vn 0.881921 -0.471397 -0.000000
vn 0.803208 -0.595699 -0.000000
vn 0.803208 -0.595699 -0.000000
vn 0.707107 -0.707107 -0.000000
vn 0.707107 -0.707107 -0.000000
vn 0.595699 -0.803208 -0.000000
vn 0.595699 -0.803208 -0.000000
vn 0.471397 -0.881921 -0.000000
vn 0.471397 -0.881921 -0.000000
vn 0.336890 -0.941544 -0.000000
vn 0.336890 -0.941544 -0.000000
vn 0.195090 -0.980785 -0.000000
vn 0.195090 -0.980785 -0.000000
vn 0.049068 -0.998795 -0.000000
vn 0.049068 -0.998795 -0.000000
vn -0.098017 -0.995185 0.000000
vn -0.098017 -0.995185 0.000000
vn -0.242980 -0.970031 0.000000
vn -0.242980 -0.970031 0.000000
vn -0.382683 -0.923880 0.000000
vn -0.382683 -0.923880 0.000000
vn -0.514103 -0.857729 0.000000
vn -0.514103 -0.857729 0.000000
vn -0.634393 -0.773010 0.000000
vn -0.634393 -0.773010 0.000000
vn -0.740951 -0.671559 0.000000
vn -0.740951 -0.671559 0.000000
vn -0.831470 -0.555570 0.000000
vn -0.831470 -0.555570 0.000000
vn -0.903989 -0.427555 0.000000
vn -0.903989 -0.427555 0.000000
vn -0.956940 -0.290285 0.000000
vn -0.956940 -0.290285 0.000000
vn -0.989177 -0.146730 0.000000
vn -0.989177 -0.146730 0.000000
vn -1.000000 -0.000000 0.000000
vn -1.000000 -0.000000 0.000000
vn -0.989177 0.146730 -0.000000
vn -0.989177 0.146730 -0.000000
vn -0.956940 0.290285 -0.000000
vn -0.956940 0.290285 -0.000000
vn -0.903989 0.427555 -0.000000
vn -0.903989 0.427555 -0.000000
vn -0.831470 0.555570 -0.000000
vn -0.831470 0.555570 -0.000000
vn -0.740951 0.671559 -0.000000
vn -0.740951 0.671559 -0.000000
vn -0.634393 0.773010 -0.000000
vn -0.634393 0.773010 -0.000000
vn -0.514103 0.857729 -0.000000
vn -0.514103 0.857729 -0.000000
vn -0.382683 0.923880 -0.000000
vn -0.382683 0.923880 -0.000000
vn -0.242980 0.970031 -0.000000
vn -0.242980 0.970031 -0.000000
vn -0.098017 0.995185 -0.000000
vn -0.098017 0.995185 -0.000000
vn 0.049068 0.998795 -0.000000
vn 0.049068 0.998795 -0.000000
vn 0.195090 0.980785 -0.000000
vn 0.195090 0.980785 -0.000000
vn 0.336890 0.941544 -0.000000
vn 0.336890 0.941544 -0.000000
vn 0.471397 0.881921 -0.000000
vn 0.471397 0.881921 -0.000000
vn 0.595699 0.803208 -0.000000
vn 0.595699 0.803208 -0.000000
vn 0.707107 0.707107 -0.000000
vn 0.707107 0.707107 -0.000000
vn 0.803208 0.595699 -0.000000
vn 0.803208 0.595699 -0.000000
vn 0.881921 0.471397 -0.000000
vn 0.881921 0.471397 -0.000000
vn 0.941544 0.336890 -0.000000
vn 0.941544 0.336890 -0.000000
vn 0.980785 0.195090 -0.000000
vn 0.980785 0.195090 -0.000000
vn 0.998795 0.049068 -0.000000
vn 0.998795 0.049068 -0.000000
vn 0.995185 -0.098017 -0.000000
vn 0.995185 -0.098017 -0.000000
vn 0.970031 -0.242980 -0.000000
vn 0.970031 -0.242980 -0.000000
vn 0.923880 -0.382683 -0.000000
vn 0.923880 -0.382683 -0.000000
vn 0.857729 -0.514103 -0.000000
vn 0.857729 -0.514103 -0.000000
vn 0.773010 -0.634393 -0.000000
vn 0.773010 -0.634393 -0.000000
vn 0.671559 -0.740951 -0.000000
vn 0.671559 -0.740951 -0.000000
vn 0.555570 -0.831470 -0.000000
vn 0.555570 -0.831470 -0.000000
vn 0.427555 -0.903989 -0.000000
vn 0.427555 -0.903989 -0.000000
vn 0.290285 -0.956940 -0.000000
vn 0.290285 -0.956940 -0.000000
vn 0.146730 -0.989177 -0.000000
vn 0.146730 -0.989177 -0.000000
vn -0.000000 -1.000000 0.000000
vn -0.000000 -1.000000 0.000000
vn -0.146730 -0.989177 0.000000
vn -0.146730 -0.989177 0.000000
vn -0.290285 -0.956940 0.000000
vn -0.290285 -0.956940 0.000000
vn -0.427555 -0.903989 0.000000
vn -0.427555 -0.903989 0.000000
vn -0.555570 -0.831470 0.000000
vn -0.555570 -0.831470 0.000000
vn -0.671559 -0.740951 0.000000
vn -0.671559 -0.740951 0.000000
vn -0.773010 -0.634393 0.000000
vn -0.773010 -0.634393 0.000000
vn -0.857729 -0.514103 0.000000
vn -0.857729 -0.514103 0.000000
vn -0.923880 -0.382683 0.000000
vn -0.923880 -0.382683 0.000000
vn -0.970031 -0.242980 0.000000
vn -0.970031 -0.242980 0.000000
vn -0.995185 -0.098017 0.000000
vn -0.995185 -0.098017 0.000000
vn -0.998795 0.049068 -0.000000
vn -0.998795 0.049068 -0.000000
vn -0.980785 0.195090 -0.000000
vn -0.980785 0.195090 -0.000000
vn -0.941544 0.336890 -0.000000
vn -0.941544 0.336890 -0.000000
vn -0.881921 0.471397 -0.000000
vn -0.881921 0.471397 -0.000000
vn -0.803208 0.595699 -0.000000
vn -0.803208 0.595699 -0.000000
vn -0.707107 0.707107 -0.000000
vn -0.707107 0.707107 -0.000000
vn -0.595699 0.803208 -0.000000
vn -0.595699 0.803208 -0.000000
vn -0.471397 0.881921 -0.000000
vn -0.471397 0.881921 -0.000000
vn -0.336890 0.941544 -0.000000
vn -0.336890 0.941544 -0.000000
vn -0.195090 0.980785 -0.000000
vn -0.195090 0.980785 -0.000000
vn -0.049068 0.998795 -0.000000
vn -0.049068 0.998795 -0.000000
vn 0.098017 0.995185 -0.000000
vn 0.098017 0.995185 -0.000000
vn 0.242980 0.970031 -0.000000
vn 0.242980 0.970031 -0.000000
vn 0.382683 0.923880 -0.000000
vn 0.382683 0.923880 -0.000000
vn 0.514103 0.857729 -0.000000
vn 0.514103 0.857729 -0.000000
vn 0.634393 0.773010 -0.000000
vn 0.634393 0.773010 -0.000000
vn 0.740951 0.671559 -0.000000
vn 0.740951 0.671559 -0.000000
vn 0.831470 0.555570 -0.000000
vn 0.831470 0.555570 -0.000000
vn 0.903989 0.427555 -0.000000
vn 0.903989 0.427555 -0.000000
vn 0.956940 0.290285 -0.000000
vn 0.956940 0.290285 -0.000000
vn 0.989177 0.146730 -0.000000
vn 0.989177 0.146730 -0.000000
vn 1.000000 0.000000 -0.000000
vn 1.000000 0.000000 -0.000000
vn 0.000000 -0.117079 -0.993123
vn -0.017186 -0.115861 -0.993117
vn 0.000000 -0.149861 -0.988707
vn -0.021993 -0.148265 -0.988703
vn -0.043485 -0.143352 -0.988716
vn -0.033991 -0.112053 -0.993121
vn -0.050069 -0.105863 -0.993119
vn -0.064060 -0.135443 -0.988712
vn -0.065075 -0.097392 -0.993116
vn -0.083286 -0.124646 -0.988700
vn -0.078655 -0.086782 -0.993117
vn -0.100673 -0.111075 -0.988700
vn -0.115836 -0.095064 -0.988709
vn -0.090531 -0.074297 -0.993118
vn -0.128485 -0.077011 -0.988717
vn -0.100433 -0.060197 -0.993121
vn -0.108206 -0.044820 -0.993118
vn -0.138457 -0.057351 -0.988706
vn -0.113601 -0.028456 -0.993119
vn -0.145406 -0.036422 -0.988701
vn -0.116569 -0.011481 -0.993116
vn -0.149183 -0.014693 -0.988700
vn -0.149636 0.007351 -0.988714
vn -0.116960 0.005746 -0.993120
vn -0.146932 0.029227 -0.988715
vn -0.114848 0.022845 -0.993120
vn -0.110285 0.039461 -0.993116
vn -0.103274 0.055201 -0.993120
vn -0.132189 0.070657 -0.988703
vn -0.141137 0.050500 -0.988701
vn -0.120379 0.089279 -0.988705
vn -0.094075 0.069771 -0.993117
vn -0.105923 0.105923 -0.988717
vn -0.082797 0.082797 -0.993121
vn -0.069763 0.094065 -0.993119
vn -0.089261 0.120354 -0.988710
vn -0.055213 0.103297 -0.993117
vn -0.070668 0.132210 -0.988699
vn -0.050504 0.141149 -0.988699
vn -0.039460 0.110283 -0.993117
vn -0.029232 0.146957 -0.988711
vn -0.022847 0.114859 -0.993119
vn -0.007350 0.149619 -0.988716
vn -0.005745 0.116952 -0.993121
vn 0.011481 0.116563 -0.993117
vn 0.014691 0.149158 -0.988704
vn 0.028451 0.113583 -0.993121
vn 0.036417 0.145385 -0.988705
vn 0.044824 0.108215 -0.993116
vn 0.057362 0.138484 -0.988702
vn 0.077016 0.128494 -0.988715
vn 0.060200 0.100437 -0.993121
vn 0.074290 0.090522 -0.993120
vn 0.095046 0.115814 -0.988713
vn 0.086790 0.078661 -0.993116
vn 0.111075 0.100672 -0.988700
vn 0.124641 0.083282 -0.988701
vn 0.097379 0.065067 -0.993118
vn 0.135470 0.064073 -0.988707
vn 0.105874 0.050075 -0.993118
vn 0.143346 0.043483 -0.988717
vn 0.112050 0.033990 -0.993121
vn 0.115850 0.017185 -0.993118
vn 0.148235 0.021988 -0.988708
vn 0.117118 -0.000000 -0.993118
vn 0.149905 -0.000000 -0.988700
vn 0.148286 -0.021996 -0.988700
vn 0.115865 -0.017187 -0.993116
vn 0.143371 -0.043491 -0.988713
vn 0.112061 -0.033993 -0.993120
vn 0.135423 -0.064050 -0.988715
vn 0.105854 -0.050065 -0.993121
vn 0.097390 -0.065074 -0.993117
vn 0.124632 -0.083276 -0.988702
vn 0.086758 -0.078633 -0.993121
vn 0.111050 -0.100650 -0.988705
vn 0.074305 -0.090540 -0.993117
vn 0.095084 -0.115860 -0.988704
vn 0.077013 -0.128488 -0.988716
vn 0.060198 -0.100434 -0.993121
vn 0.044815 -0.108194 -0.993119
vn 0.057339 -0.138429 -0.988711
vn 0.028460 -0.113620 -0.993117
vn 0.036426 -0.145419 -0.988699
vn 0.011480 -0.116563 -0.993117
vn 0.014694 -0.149190 -0.988699
vn -0.007352 -0.149663 -0.988710
vn -0.005746 -0.116971 -0.993119
vn -0.029224 -0.146919 -0.988717
vn -0.022844 -0.114842 -0.993121
vn -0.039458 -0.110277 -0.993117
vn -0.050491 -0.141111 -0.988705
vn -0.055202 -0.103275 -0.993120
vn -0.070657 -0.132191 -0.988703
vn -0.069775 -0.094082 -0.993116
vn -0.089295 -0.120401 -0.988701
vn -0.105933 -0.105933 -0.988715
vn -0.082801 -0.082801 -0.993120
vn -0.094056 -0.069757 -0.993120
vn -0.120333 -0.089245 -0.988714
vn -0.103302 -0.055216 -0.993116
vn -0.132204 -0.070664 -0.988701
vn -0.110264 -0.039453 -0.993119
vn -0.141134 -0.050499 -0.988702
vn -0.146987 -0.029238 -0.988706
vn -0.114871 -0.022849 -0.993118
vn -0.149616 -0.007350 -0.988717
vn -0.116951 -0.005745 -0.993121
vn -0.116551 0.011479 -0.993118
vn -0.149127 0.014688 -0.988709
vn -0.113613 0.028459 -0.993117
vn -0.145417 0.036425 -0.988700
vn -0.138500 0.057368 -0.988699
vn -0.108216 0.044824 -0.993116
vn -0.128513 0.077028 -0.988712
vn -0.100446 0.060205 -0.993119
vn -0.115799 0.095034 -0.988716
vn -0.090515 0.074284 -0.993121
vn -0.078659 0.086787 -0.993117
vn -0.100657 0.111059 -0.988703
vn -0.065047 0.097349 -0.993122
vn -0.083260 0.124607 -0.988707
vn -0.050079 0.105884 -0.993117
vn -0.064086 0.135497 -0.988703
vn -0.043486 0.143353 -0.988716
vn -0.033991 0.112053 -0.993121
vn -0.017183 0.115838 -0.993119
vn -0.021984 0.148206 -0.988712
vn 0.000000 0.117132 -0.993116
vn 0.000000 0.149911 -0.988700
vn 0.017185 0.115854 -0.993118
vn 0.021996 0.148286 -0.988700
vn 0.043499 0.143399 -0.988709
vn 0.033997 0.112073 -0.993118
vn 0.064046 0.135414 -0.988717
vn 0.050063 0.105850 -0.993121
vn 0.065069 0.097382 -0.993118
vn 0.083260 0.124607 -0.988707
vn 0.078647 0.086774 -0.993119
vn 0.100666 0.111068 -0.988701
vn 0.090545 0.074308 -0.993116
vn 0.115878 0.095099 -0.988700
vn 0.128503 0.077022 -0.988714
vn 0.100441 0.060202 -0.993120
vn 0.138407 0.057330 -0.988715
vn 0.108185 0.044811 -0.993120
vn 0.113622 0.028461 -0.993116
vn 0.145406 0.036422 -0.988701
vn 0.116536 0.011478 -0.993120
vn 0.149165 0.014691 -0.988703
vn 0.149694 -0.007354 -0.988705
vn 0.116984 -0.005747 -0.993117
vn 0.146920 -0.029224 -0.988717
vn 0.114843 -0.022844 -0.993121
vn 0.110266 -0.039454 -0.993119
vn 0.141082 -0.050480 -0.988710
vn 0.103297 -0.055214 -0.993117
vn 0.132210 -0.070668 -0.988699
vn 0.120411 -0.089303 -0.988699
vn 0.094079 -0.069774 -0.993117
vn 0.105951 -0.105950 -0.988711
vn 0.082809 -0.082809 -0.993119
vn 0.089235 -0.120320 -0.988716
vn 0.069752 -0.094050 -0.993121
vn 0.055213 -0.103296 -0.993117
vn 0.070652 -0.132181 -0.988704
vn 0.039448 -0.110249 -0.993121
vn 0.050493 -0.141118 -0.988704
vn 0.022851 -0.114880 -0.993116
vn 0.029243 -0.147015 -0.988702
vn 0.007351 -0.149627 -0.988715
vn 0.005746 -0.116956 -0.993121
vn -0.011478 -0.116539 -0.993120
vn -0.014685 -0.149099 -0.988713
vn -0.028461 -0.113622 -0.993116
vn -0.036425 -0.145415 -0.988700
vn -0.044818 -0.108201 -0.993118
vn -0.057365 -0.138493 -0.988701
vn -0.077043 -0.128539 -0.988707
vn -0.060211 -0.100456 -0.993118
vn -0.095030 -0.115794 -0.988717
vn -0.074282 -0.090513 -0.993121
vn -0.086778 -0.078651 -0.993118
vn -0.111036 -0.100637 -0.988708
vn -0.097381 -0.065068 -0.993118
vn -0.124642 -0.083283 -0.988700
vn -0.135516 -0.064094 -0.988700
vn -0.105887 -0.050081 -0.993116
vn -0.143372 -0.043492 -0.988713
vn -0.112061 -0.033994 -0.993120
vn -0.148184 -0.021981 -0.988715
vn -0.115829 -0.017181 -0.993121
vn -0.117130 0.000000 -0.993117
vn -0.149892 0.000000 -0.988702
vn -0.115821 0.017180 -0.993121
vn -0.148250 0.021991 -0.988705
vn -0.112084 0.034000 -0.993117
vn -0.143428 0.043508 -0.988704
vn -0.135418 0.064048 -0.988716
vn -0.105851 0.050064 -0.993121
vn -0.097372 0.065062 -0.993119
vn -0.124582 0.083243 -0.988711
vn -0.086788 0.078660 -0.993117
vn -0.111077 0.100675 -0.988699
vn -0.074304 0.090540 -0.993117
vn -0.095103 0.115883 -0.988699
vn -0.077036 0.128526 -0.988710
vn -0.060208 0.100451 -0.993119
vn -0.057325 0.138395 -0.988717
vn -0.044809 0.108179 -0.993121
vn -0.028458 0.113613 -0.993117
vn -0.036416 0.145380 -0.988706
vn -0.011478 0.116540 -0.993120
vn -0.014692 0.149169 -0.988703
vn 0.005747 0.116991 -0.993116
vn 0.007355 0.149720 -0.988701
vn 0.029227 0.146934 -0.988714
vn 0.022845 0.114849 -0.993120
vn 0.039450 0.110255 -0.993120
vn 0.050471 0.141057 -0.988714
vn 0.055216 0.103302 -0.993116
vn 0.070664 0.132203 -0.988701
vn 0.069761 0.094062 -0.993119
vn 0.089293 0.120397 -0.988702
vn 0.105972 0.105972 -0.988706
vn 0.082818 0.082818 -0.993118
vn 0.120318 0.089234 -0.988717
vn 0.094049 0.069752 -0.993121
vn 0.103286 0.055207 -0.993118
vn 0.132154 0.070638 -0.988709
vn 0.110278 0.039458 -0.993117
vn 0.141147 0.050503 -0.988700
vn 0.147031 0.029246 -0.988699
vn 0.114881 0.022851 -0.993116
vn 0.149650 0.007352 -0.988712
vn 0.116966 0.005746 -0.993119
vn 0.149081 -0.014683 -0.988716
vn 0.116530 -0.011477 -0.993121
vn 0.113618 -0.028460 -0.993117
vn 0.108170 -0.044806 -0.993122
vn 0.138458 -0.057351 -0.988706
vn 0.145393 -0.036419 -0.988703
vn 0.100465 -0.060217 -0.993117
vn 0.128565 -0.077058 -0.988703
vn 0.115800 -0.095035 -0.988716
vn 0.090516 -0.074284 -0.993121
vn 0.078643 -0.086769 -0.993120
vn 0.100617 -0.111014 -0.988712
vn 0.065075 -0.097392 -0.993116
vn 0.083286 -0.124646 -0.988700
vn 0.050076 -0.105876 -0.993118
vn 0.064094 -0.135515 -0.988700
vn 0.043500 -0.143400 -0.988708
vn 0.033997 -0.112073 -0.993118
vn 0.021980 -0.148175 -0.988717
vn 0.017181 -0.115824 -0.993121
vn -0.000000 -0.117120 -0.993118
vn -0.000000 -0.149863 -0.988707
vn -0.017184 -0.115845 -0.993119
vn -0.021995 -0.148278 -0.988701
vn -0.034002 -0.112089 -0.993116
vn -0.043515 -0.143451 -0.988700
vn -0.064055 -0.135434 -0.988714
vn -0.050067 -0.105859 -0.993120
vn -0.083230 -0.124562 -0.988715
vn -0.065056 -0.097363 -0.993120
vn -0.078661 -0.086789 -0.993116
vn -0.090518 -0.074286 -0.993120
vn -0.115862 -0.095086 -0.988704
vn -0.100665 -0.111067 -0.988701
vn -0.128552 -0.077052 -0.988705
vn -0.100461 -0.060214 -0.993117
vn -0.138396 -0.057325 -0.988717
vn -0.108180 -0.044809 -0.993121
vn -0.113601 -0.028455 -0.993119
vn -0.145350 -0.036408 -0.988710
vn -0.116564 -0.011481 -0.993117
vn -0.149190 -0.014694 -0.988699
vn -0.149732 0.007356 -0.988699
vn -0.116988 0.005747 -0.993117
vn -0.146959 0.029232 -0.988711
vn -0.114860 0.022847 -0.993119
vn -0.141042 0.050466 -0.988716
vn -0.110248 0.039447 -0.993121
vn -0.103296 0.055213 -0.993117
vn -0.132180 0.070652 -0.988705
vn -0.094052 0.069754 -0.993121
vn -0.120385 0.089284 -0.988704
vn -0.082824 0.082824 -0.993116
vn -0.105993 0.105992 -0.988702
vn -0.089241 0.120327 -0.988715
vn -0.069755 0.094053 -0.993120
vn -0.055202 0.103275 -0.993120
vn -0.070625 0.132129 -0.988713
vn -0.039461 0.110286 -0.993116
vn -0.050502 0.141144 -0.988700
vn -0.022848 0.114865 -0.993118
vn -0.029245 0.147022 -0.988701
vn -0.007353 0.149680 -0.988707
vn -0.005747 0.116978 -0.993118
vn 0.014683 0.149075 -0.988717
vn 0.011477 0.116528 -0.993121
vn 0.028457 0.113607 -0.993118
vn 0.036412 0.145364 -0.988708
vn 0.044820 0.108204 -0.993118
vn 0.057367 0.138496 -0.988700
vn 0.077069 0.128582 -0.988700
vn 0.060218 0.100468 -0.993116
vn 0.095048 0.115816 -0.988713
vn 0.074290 0.090523 -0.993120
vn 0.110998 0.100603 -0.988716
vn 0.086762 0.078637 -0.993121
vn 0.097390 0.065074 -0.993117
vn 0.105845 0.050061 -0.993122
vn 0.135481 0.064078 -0.988706
vn 0.124630 0.083275 -0.988702
vn 0.112084 0.034000 -0.993117
vn 0.143429 0.043509 -0.988704
vn 0.148180 0.021980 -0.988716
vn 0.115826 0.017181 -0.993121
vn 0.117108 -0.000000 -0.993119
vn 0.149832 -0.000000 -0.988711
vn 0.115863 -0.017187 -0.993116
vn 0.148289 -0.021997 -0.988699
vn 0.112082 -0.034000 -0.993117
vn 0.143456 -0.043517 -0.988700
vn 0.135459 -0.064067 -0.988709
vn 0.105869 -0.050072 -0.993119
vn 0.124552 -0.083223 -0.988717
vn 0.097359 -0.065053 -0.993121
vn 0.086782 -0.078655 -0.993117
vn 0.111046 -0.100647 -0.988706
vn 0.074291 -0.090524 -0.993119
vn 0.095091 -0.115869 -0.988702
vn 0.060218 -0.100468 -0.993116
vn 0.077065 -0.128575 -0.988701
vn 0.057331 -0.138409 -0.988714
vn 0.044812 -0.108186 -0.993120
vn 0.028453 -0.113590 -0.993120
vn 0.036402 -0.145324 -0.988714
vn 0.011481 -0.116569 -0.993116
vn 0.014693 -0.149181 -0.988701
vn -0.007355 -0.149713 -0.988702
vn -0.005746 -0.116966 -0.993119
vn -0.029238 -0.146989 -0.988706
vn -0.022849 -0.114872 -0.993117
vn -0.050465 -0.141040 -0.988717
vn -0.039447 -0.110247 -0.993121
vn -0.055207 -0.103285 -0.993119
vn -0.070637 -0.132153 -0.988709
vn -0.069771 -0.094076 -0.993117
vn -0.089302 -0.120409 -0.988700
vn -0.106004 -0.106004 -0.988699
vn -0.082824 -0.082824 -0.993116
vn -0.120346 -0.089255 -0.988712
vn -0.094061 -0.069761 -0.993119
vn -0.132113 -0.070616 -0.988716
vn -0.103268 -0.055198 -0.993121
vn -0.110281 -0.039459 -0.993117
vn -0.141123 -0.050494 -0.988704
vn -0.114835 -0.022842 -0.993122
vn -0.146988 -0.029238 -0.988706
vn -0.116989 -0.005747 -0.993117
vn -0.149710 -0.007355 -0.988703
vn -0.149083 0.014683 -0.988716
vn -0.116532 0.011477 -0.993121
vn -0.113595 0.028454 -0.993120
vn -0.145335 0.036405 -0.988712
vn -0.108216 0.044825 -0.993116
vn -0.138499 0.057368 -0.988700
vn -0.100458 0.060212 -0.993118
vn -0.128580 0.077068 -0.988700
vn -0.115838 0.095066 -0.988708
vn -0.090532 0.074298 -0.993118
vn -0.100597 0.110992 -0.988717
vn -0.078634 0.086759 -0.993121
vn -0.065068 0.097382 -0.993118
vn -0.083259 0.124606 -0.988707
vn -0.050073 0.105870 -0.993118
vn -0.064091 0.135509 -0.988701
vn -0.034002 0.112089 -0.993116
vn -0.043516 0.143452 -0.988700
vn -0.021983 0.148197 -0.988713
vn -0.017183 0.115834 -0.993120
vn 0.000000 0.149809 -0.988715
vn 0.000000 0.117097 -0.993120
vn 0.017187 0.115864 -0.993116
vn 0.021995 0.148275 -0.988702
vn 0.033991 0.112055 -0.993121
vn 0.043509 0.143429 -0.988704
vn 0.064080 0.135487 -0.988705
vn 0.050077 0.105880 -0.993117
vn 0.083224 0.124553 -0.988717
vn 0.065053 0.097359 -0.993121
vn 0.078647 0.086773 -0.993119
vn 0.100626 0.111023 -0.988710
vn 0.090542 0.074306 -0.993117
vn 0.115884 0.095103 -0.988699
vn 0.128584 0.077070 -0.988699
vn 0.100465 0.060216 -0.993117
vn 0.138433 0.057341 -0.988710
vn 0.108196 0.044816 -0.993119
vn 0.145309 0.036398 -0.988717
vn 0.113584 0.028451 -0.993121
vn 0.116561 0.011480 -0.993117
vn 0.149155 0.014690 -0.988705
vn 0.116956 -0.005746 -0.993121
vn 0.149702 -0.007354 -0.988704
vn 0.114881 -0.022851 -0.993116
vn 0.147017 -0.029243 -0.988702
vn 0.141052 -0.050469 -0.988715
vn 0.110252 -0.039449 -0.993120
vn 0.103275 -0.055202 -0.993120
vn 0.132129 -0.070624 -0.988713
vn 0.094082 -0.069776 -0.993116
vn 0.120406 -0.089299 -0.988700
vn 0.082812 -0.082812 -0.993118
vn 0.105996 -0.105996 -0.988701
vn 0.089273 -0.120370 -0.988707
vn 0.069768 -0.094071 -0.993118
vn 0.070613 -0.132108 -0.988717
vn 0.055197 -0.103266 -0.993121
vn 0.039455 -0.110271 -0.993118
vn 0.050484 -0.141094 -0.988708
vn 0.022849 -0.114870 -0.993118
vn 0.029245 -0.147027 -0.988700
vn 0.007356 -0.149729 -0.988700
vn 0.005747 -0.116991 -0.993116
vn -0.014685 -0.149104 -0.988712
vn -0.011478 -0.116541 -0.993120
vn -0.036400 -0.145315 -0.988716
vn -0.028452 -0.113586 -0.993121
vn -0.044824 -0.108214 -0.993117
vn -0.057361 -0.138481 -0.988703
vn -0.060194 -0.100427 -0.993122
vn -0.077048 -0.128546 -0.988706
vn -0.074305 -0.090541 -0.993117
vn -0.095085 -0.115862 -0.988704
vn -0.110995 -0.100601 -0.988716
vn -0.086761 -0.078636 -0.993121
vn -0.097371 -0.065061 -0.993119
vn -0.124580 -0.083242 -0.988712
vn -0.105885 -0.050080 -0.993116
vn -0.135519 -0.064095 -0.988699
vn -0.112082 -0.034000 -0.993117
vn -0.143455 -0.043517 -0.988700
vn -0.148225 -0.021987 -0.988709
vn -0.115846 -0.017184 -0.993119
vn -0.149797 0.000000 -0.988717
vn -0.117092 0.000000 -0.993121
vn -0.115855 0.017186 -0.993117
vn -0.148247 0.021990 -0.988706
vn -0.112064 0.033994 -0.993119
vn -0.143440 0.043512 -0.988702
vn -0.105887 0.050081 -0.993116
vn -0.135510 0.064092 -0.988701
vn -0.124566 0.083232 -0.988714
vn -0.097365 0.065057 -0.993120
vn -0.111004 0.100608 -0.988714
vn -0.086765 0.078639 -0.993120
vn -0.074308 0.090545 -0.993116
vn -0.095097 0.115876 -0.988701
vn -0.060204 0.100445 -0.993119
vn -0.077060 0.128567 -0.988702
vn -0.057353 0.138462 -0.988706
vn -0.044821 0.108207 -0.993117
vn -0.036398 0.145308 -0.988717
vn -0.028451 0.113583 -0.993121
vn -0.011479 0.116549 -0.993119
vn -0.014687 0.149124 -0.988709
vn 0.005747 0.116984 -0.993117
vn 0.007356 0.149730 -0.988700
vn 0.029246 0.147031 -0.988699
vn 0.022851 0.114880 -0.993116
vn 0.050477 0.141074 -0.988711
vn 0.039452 0.110262 -0.993119
vn 0.070616 0.132113 -0.988716
vn 0.055198 0.103268 -0.993121
vn 0.069773 0.094078 -0.993117
vn 0.089285 0.120387 -0.988704
vn 0.082793 0.082793 -0.993122
vn 0.105974 0.105974 -0.988706
vn 0.094080 0.069774 -0.993117
vn 0.120394 0.089290 -0.988702
vn 0.132116 0.070618 -0.988716
vn 0.103269 0.055199 -0.993121
vn 0.110259 0.039451 -0.993120
vn 0.141066 0.050474 -0.988713
vn 0.114882 0.022851 -0.993116
vn 0.147029 0.029246 -0.988700
vn 0.116979 0.005747 -0.993118
vn 0.149726 0.007356 -0.988700
vn 0.149133 -0.014688 -0.988708
vn 0.116553 -0.011479 -0.993118
vn 0.145307 -0.036397 -0.988717
vn 0.113583 -0.028451 -0.993121
vn 0.108204 -0.044820 -0.993118
vn 0.138453 -0.057349 -0.988707
vn 0.100453 -0.060209 -0.993118
vn 0.128576 -0.077065 -0.988701
vn 0.090545 -0.074308 -0.993116
vn 0.115880 -0.095100 -0.988700
vn 0.100613 -0.111009 -0.988713
vn 0.078641 -0.086767 -0.993120
vn 0.083229 -0.124561 -0.988715
vn 0.065056 -0.097363 -0.993120
vn 0.050080 -0.105886 -0.993116
vn 0.064089 -0.135504 -0.988702
vn 0.033987 -0.112039 -0.993122
vn 0.043503 -0.143409 -0.988707
vn 0.021989 -0.148236 -0.988708
vn 0.017179 -0.115812 -0.993123
vn 0.000000 -0.117079 -0.993123
vn 0.000000 -0.149861 -0.988707
vn -1.000000 0.000000 -0.000000
vn -0.989177 0.146730 -0.000000
vn -1.000000 0.000000 -0.000000
vn -0.989177 0.146730 -0.000000
vn -0.956940 0.290285 -0.000000
vn -0.956940 0.290285 -0.000000
vn -0.903989 0.427555 -0.000000
vn -0.903989 0.427555 -0.000000
vn -0.831470 0.555570 -0.000000
vn -0.831470 0.555570 -0.000000
vn -0.740951 0.671559 -0.000000
vn -0.740951 0.671559 -0.000000
vn -0.634393 0.773010 -0.000000
vn -0.634393 0.773010 -0.000000
vn -0.514103 0.857729 -0.000000
vn -0.514103 0.857729 -0.000000
vn -0.382683 0.923880 -0.000000
vn -0.382683 0.923880 -0.000000
vn -0.242980 0.970031 -0.000000
vn -0.242980 0.970031 -0.000000
vn -0.098017 0.995185 -0.000000
vn -0.098017 0.995185 -0.000000
vn 0.049068 0.998795 -0.000000
vn 0.049068 0.998795 -0.000000
vn 0.195090 0.980785 -0.000000
vn 0.195090 0.980785 -0.000000
vn 0.336890 0.941544 -0.000000
vn 0.336890 0.941544 -0.000000
vn 0.471397 0.881921 -0.000000
vn 0.471397 0.881921 -0.000000
vn 0.595699 0.803208 -0.000000
vn 0.595699 0.803208 -0.000000
vn 0.707107 0.707107 -0.000000
vn 0.707107 0.707107 -0.000000
vn 0.803208 0.595699 -0.000000
vn 0.803208 0.595699 -0.000000
vn 0.881921 0.471397 -0.000000
vn 0.881921 0.471397 -0.000000
vn 0.941544 0.336890 -0.000000
vn 0.941544 0.336890 -0.000000
vn 0.980785 0.195090 -0.000000
vn 0.980785 0.195090 -0.000000
vn 0.998795 0.049068 -0.000000
vn 0.998795 0.049068 -0.000000
vn 0.995185 -0.098017 -0.000000
vn 0.995185 -0.098017 -0.000000
vn 0.970031 -0.242980 -0.000000
vn 0.970031 -0.242980 -0.000000
vn 0.923880 -0.382683 -0.000000
vn 0.923880 -0.382683 -0.000000
vn 0.857729 -0.514103 -0.000000
vn 0.857729 -0.514103 -0.000000
vn 0.773010 -0.634393 -0.000000
vn 0.773010 -0.634393 -0.000000
vn 0.671559 -0.740951 -0.000000
vn 0.671559 -0.740951 -0.000000
vn 0.555570 -0.831470 -0.000000
vn 0.555570 -0.831470 -0.000000
vn 0.427555 -0.903989 -0.000000
vn 0.427555 -0.903989 -0.000000
vn 0.290285 -0.956940 -0.000000
vn 0.290285 -0.956940 -0.000000
vn 0.146730 -0.989177 -0.000000
vn 0.146730 -0.989177 -0.000000
vn 0.000000 -1.000000 -0.000000
vn 0.000000 -1.000000 -0.000000
vn -0.146730 -0.989177 -0.000000
vn -0.146730 -0.989177 -0.000000
vn -0.290285 -0.956940 -0.000000
vn -0.290285 -0.956940 -0.000000
vn -0.427555 -0.903989 -0.000000
vn -0.427555 -0.903989 -0.000000
vn -0.555570 -0.831470 -0.000000
vn -0.555570 -0.831470 -0.000000
vn -0.671559 -0.740951 -0.000000
vn -0.671559 -0.740951 -0.000000
vn -0.773010 -0.634393 -0.000000
vn -0.773010 -0.634393 -0.000000
vn -0.857729 -0.514103 -0.000000
vn -0.857729 -0.514103 -0.000000
vn -0.923880 -0.382683 -0.000000
vn -0.923880 -0.382683 -0.000000
vn -0.970031 -0.242980 -0.000000
vn -0.970031 -0.242980 -0.000000
vn -0.995185 -0.098017 -0.000000
vn -0.995185 -0.098017 -0.000000
vn -0.998795 0.049068 -0.000000
vn -0.998795 0.049068 -0.000000
vn -0.980785 0.195090 -0.000000
vn -0.980785 0.195090 -0.000000
vn -0.941544 0.336890 -0.000000
vn -0.941544 0.336890 -0.000000
vn -0.881921 0.471397 -0.000000
vn -0.881921 0.471397 -0.000000
vn -0.803208 0.595699 -0.000000
vn -0.803208 0.595699 -0.000000
vn -0.707107 0.707107 -0.000000
vn -0.707107 0.707107 -0.000000
vn -0.595699 0.803208 -0.000000
vn -0.595699 0.803208 -0.000000
vn -0.471397 0.881921 -0.000000
vn -0.471397 0.881921 -0.000000
vn -0.336890 0.941544 -0.000000
vn -0.336890 0.941544 -0.000000
vn -0.195090 0.980785 -0.000000
vn -0.195090 0.980785 -0.000000
vn -0.049068 0.998795 -0.000000
vn -0.049068 0.998795 -0.000000
vn 0.098017 0.995185 -0.000000
vn 0.098017 0.995185 -0.000000
vn 0.242980 0.970031 -0.000000
vn 0.242980 0.970031 -0.000000
vn 0.382683 0.923880 -0.000000
vn 0.382683 0.923880 -0.000000
vn 0.514103 0.857729 -0.000000
vn 0.514103 0.857729 -0.000000
vn 0.634393 0.773010 -0.000000
vn 0.634393 0.773010 -0.000000
vn 0.740951 0.671559 -0.000000
vn 0.740951 0.671559 -0.000000
vn 0.831470 0.555570 -0.000000
vn 0.831470 0.555570 -0.000000
vn 0.903989 0.427555 -0.000000
vn 0.903989 0.427555 -0.000000
vn 0.956940 0.290285 -0.000000
vn 0.956940 0.290285 -0.000000
vn 0.989177 0.146730 -0.000000
vn 0.989177 0.146730 -0.000000
vn 1.000000 0.000000 -0.000000
vn 1.000000 0.000000 -0.000000
vn 0.989177 -0.146730 -0.000000
vn 0.989177 -0.146730 -0.000000
vn 0.956940 -0.290285 -0.000000
vn 0.956940 -0.290285 -0.000000
vn 0.903989 -0.427555 -0.000000
vn 0.903989 -0.427555 -0.000000
vn 0.831470 -0.555570 -0.000000
vn 0.831470 -0.555570 -0.000000
vn 0.740951 -0.671559 -0.000000
vn 0.740951 -0.671559 -0.000000
vn 0.634393 -0.773010 -0.000000
vn 0.634393 -0.773010 -0.000000
vn 0.514103 -0.857729 -0.000000
vn 0.514103 -0.857729 -0.000000
vn 0.382683 -0.923880 -0.000000
vn 0.382683 -0.923880 -0.000000
vn 0.242980 -0.970031 -0.000000
vn 0.242980 -0.970031 -0.000000
vn 0.098017 -0.995185 -0.000000
vn 0.098017 -0.995185 -0.000000
vn -0.049068 -0.998795 -0.000000
vn -0.049068 -0.998795 -0.000000
vn -0.195090 -0.980785 -0.000000
vn -0.195090 -0.980785 -0.000000
vn -0.336890 -0.941544 -0.000000
vn -0.336890 -0.941544 -0.000000
vn -0.471397 -0.881921 -0.000000
vn -0.471397 -0.881921 -0.000000
vn -0.595699 -0.803208 -0.000000
vn -0.595699 -0.803208 -0.000000
vn -0.707107 -0.707107 -0.000000
vn -0.707107 -0.707107 -0.000000
vn -0.803208 -0.595699 -0.000000
vn -0.803208 -0.595699 -0.000000
vn -0.881921 -0.471397 -0.000000
vn -0.881921 -0.471397 -0.000000
vn -0.941544 -0.336890 -0.000000
vn -0.941544 -0.336890 -0.000000
vn -0.980785 -0.195090 -0.000000
vn -0.980785 -0.195090 -0.000000
vn -0.998795 -0.049068 -0.000000
vn -0.998795 -0.049068 -0.000000
vn -0.995185 0.098017 -0.000000
vn -0.995185 0.098017 -0.000000
vn -0.970031 0.242980 -0.000000
vn -0.970031 0.242980 -0.000000
vn -0.923880 0.382683 -0.000000
vn -0.923880 0.382683 -0.000000
vn -0.857729 0.514103 -0.000000
vn -0.857729 0.514103 -0.000000
vn -0.773010 0.634393 -0.000000
vn -0.773010 0.634393 -0.000000
vn -0.671559 0.740951 -0.000000
vn -0.671559 0.740951 -0.000000
vn -0.555570 0.831470 -0.000000
vn -0.555570 0.831470 -0.000000
vn -0.427555 0.903989 -0.000000
vn -0.427555 0.903989 -0.000000
vn -0.290285 0.956940 -0.000000
vn -0.290285 0.956940 -0.000000
vn -0.146730 0.989177 -0.000000
vn -0.146730 0.989177 -0.000000
vn -0.000000 1.000000 -0.000000
vn -0.000000 1.000000 -0.000000
vn 0.146730 0.989177 -0.000000
vn 0.146730 0.989177 -0.000000
vn 0.290285 0.956940 -0.000000
vn 0.290285 0.956940 -0.000000
vn 0.427555 0.903989 -0.000000
vn 0.427555 0.903989 -0.000000
vn 0.555570 0.831470 -0.000000
vn 0.555570 0.831470 -0.000000
vn 0.671559 0.740951 -0.000000
vn 0.671559 0.740951 -0.000000
vn 0.773010 0.634393 -0.000000
vn 0.773010 0.634393 -0.000000
vn 0.857729 0.514103 -0.000000
vn 0.857729 0.514103 -0.000000
vn 0.923880 0.382683 -0.000000
vn 0.923880 0.382683 -0.000000
vn 0.970031 0.242980 -0.000000
vn 0.970031 0.242980 -0.000000
vn 0.995185 0.098017 -0.000000
vn 0.995185 0.098017 -0.000000
vn 0.998795 -0.049068 -0.000000
vn 0.998795 -0.049068 -0.000000
vn 0.980785 -0.195090 -0.000000
vn 0.980785 -0.195090 -0.000000
vn 0.941544 -0.336890 -0.000000
vn 0.941544 -0.336890 -0.000000
vn 0.881921 -0.471397 -0.000000
vn 0.881921 -0.471397 -0.000000
vn 0.803208 -0.595699 -0.000000
vn 0.803208 -0.595699 -0.000000
vn 0.707107 -0.707107 -0.000000
vn 0.707107 -0.707107 -0.000000
vn 0.595699 -0.803208 -0.000000
vn 0.595699 -0.803208 -0.000000
vn 0.471397 -0.881921 -0.000000
vn 0.471397 -0.881921 -0.000000
vn 0.336890 -0.941544 -0.000000
vn 0.336890 -0.941544 -0.000000
vn 0.195090 -0.980785 -0.000000
vn 0.195090 -0.980785 -0.000000
vn 0.049068 -0.998795 -0.000000
vn 0.049068 -0.998795 -0.000000
vn -0.098017 -0.995185 -0.000000
vn -0.098017 -0.995185 -0.000000
vn -0.242980 -0.970031 -0.000000
vn -0.242980 -0.970031 -0.000000
vn -0.382683 -0.923880 -0.000000
vn -0.382683 -0.923880 -0.000000
vn -0.514103 -0.857729 -0.000000
vn -0.514103 -0.857729 -0.000000
vn -0.634393 -0.773010 -0.000000
vn -0.634393 -0.773010 -0.000000
vn -0.740951 -0.671559 -0.000000
vn -0.740951 -0.671559 -0.000000
vn -0.831470 -0.555570 -0.000000
vn -0.831470 -0.555570 -0.000000
vn -0.835488 -0.549509 -0.000000
vn -0.903989 -0.427555 -0.000000
vn -0.903989 -0.427555 -0.000000
vn -0.939693 -0.342020 -0.000000
vn -0.956940 -0.290285 -0.000000
vn -0.956940 -0.290285 -0.000000
vn -0.989177 -0.146730 -0.000000
vn -0.989177 -0.146730 -0.000000
vn -0.993238 -0.116093 -0.000000
vn -1.000000 -0.000000 -0.000000
vn -1.000000 -0.000000 -0.000000
vn -0.993238 0.116093 -0.000000
vn -0.989177 0.146730 -0.000000
vn -0.989177 0.146730 -0.000000
vn -0.956940 0.290285 -0.000000
vn -0.956940 0.290285 -0.000000
vn -0.939693 0.342020 -0.000000
vn -0.903989 0.427555 -0.000000
vn -0.903989 0.427555 -0.000000
vn -0.835488 0.549509 -0.000000
vn -0.831470 0.555570 -0.000000
vn -0.831470 0.555570 -0.000000
vn -0.740951 0.671559 -0.000000
vn -0.740951 0.671559 -0.000000
vn -0.634393 0.773010 -0.000000
vn -0.634393 0.773010 -0.000000
vn -0.514103 0.857729 -0.000000
vn -0.514103 0.857729 -0.000000
vn -0.382683 0.923880 -0.000000
vn -0.382683 0.923880 -0.000000
vn -0.242980 0.970031 -0.000000
vn -0.242980 0.970031 -0.000000
vn -0.098017 0.995185 -0.000000
vn -0.098017 0.995185 -0.000000
vn 0.049068 0.998795 -0.000000
vn 0.049068 0.998795 -0.000000
vn 0.195090 0.980785 -0.000000
vn 0.195090 0.980785 -0.000000
vn 0.336890 0.941544 -0.000000
vn 0.336890 0.941544 -0.000000
vn 0.471397 0.881921 -0.000000
vn 0.471397 0.881921 -0.000000
vn 0.595699 0.803208 -0.000000
vn 0.595699 0.803208 -0.000000
vn 0.707107 0.707107 -0.000000
vn 0.707107 0.707107 -0.000000
vn 0.803208 0.595699 -0.000000
vn 0.803208 0.595699 -0.000000
vn 0.881921 0.471397 -0.000000
vn 0.881921 0.471397 -0.000000
vn 0.941544 0.336890 -0.000000
vn 0.941544 0.336890 -0.000000
vn 0.980785 0.195090 -0.000000
vn 0.980785 0.195090 -0.000000
vn 0.998795 0.049068 -0.000000
vn 0.998795 0.049068 -0.000000
vn 0.995185 -0.098017 -0.000000
vn 0.995185 -0.098017 -0.000000
vn 0.970031 -0.242980 -0.000000
vn 0.970031 -0.242980 -0.000000
vn 0.923880 -0.382683 -0.000000
vn 0.923880 -0.382683 -0.000000
vn 0.857729 -0.514103 -0.000000
vn 0.857729 -0.514103 -0.000000
vn 0.773010 -0.634393 -0.000000
vn 0.773010 -0.634393 -0.000000
vn 0.671559 -0.740951 -0.000000
vn 0.671559 -0.740951 -0.000000
vn 0.555570 -0.831470 -0.000000
vn 0.555570 -0.831470 -0.000000
vn 0.427555 -0.903989 -0.000000
vn 0.427555 -0.903989 -0.000000
vn 0.290285 -0.956940 -0.000000
vn 0.290285 -0.956940 -0.000000
vn 0.146730 -0.989177 -0.000000
vn 0.146730 -0.989177 -0.000000
vn 0.000000 -1.000000 -0.000000
vn 0.000000 -1.000000 -0.000000
vn -0.146730 -0.989177 -0.000000
vn -0.146730 -0.989177 -0.000000
vn -0.290285 -0.956940 -0.000000
vn -0.290285 -0.956940 -0.000000
vn -0.427555 -0.903989 -0.000000
vn -0.427555 -0.903989 -0.000000
vn -0.555570 -0.831470 -0.000000
vn -0.555570 -0.831470 -0.000000
vn -0.671559 -0.740951 -0.000000
vn -0.671559 -0.740951 -0.000000
vn -0.773010 -0.634393 -0.000000
vn -0.773010 -0.634393 -0.000000
vn -0.857729 -0.514103 -0.000000
vn -0.857729 -0.514103 -0.000000
vn -0.923880 -0.382683 -0.000000
vn -0.923880 -0.382683 -0.000000
vn -0.970031 -0.242980 -0.000000
vn -0.970031 -0.242980 -0.000000
vn -0.995185 -0.098017 -0.000000
vn -0.995185 -0.098017 -0.000000
vn -0.998795 0.049068 -0.000000
vn -0.998795 0.049068 -0.000000
vn -0.980785 0.195090 -0.000000
vn -0.980785 0.195090 -0.000000
vn -0.941544 0.336890 -0.000000
vn -0.941544 0.336890 -0.000000
vn -0.881921 0.471397 -0.000000
vn -0.881921 0.471397 -0.000000
vn -0.803208 0.595699 -0.000000
vn -0.803208 0.595699 -0.000000
vn -0.707107 0.707107 -0.000000
vn -0.707107 0.707107 -0.000000
vn -0.595699 0.803208 -0.000000
vn -0.595699 0.803208 -0.000000
vn -0.471397 0.881921 -0.000000
vn -0.471397 0.881921 -0.000000
vn -0.336890 0.941544 -0.000000
vn -0.336890 0.941544 -0.000000
vn -0.195090 0.980785 -0.000000
vn -0.195090 0.980785 -0.000000
vn -0.049068 0.998795 -0.000000
vn -0.049068 0.998795 -0.000000
vn 0.098017 0.995185 -0.000000
vn 0.098017 0.995185 -0.000000
vn 0.242980 0.970031 -0.000000
vn 0.242980 0.970031 -0.000000
vn 0.382683 0.923880 -0.000000
vn 0.382683 0.923880 -0.000000
vn 0.514103 0.857729 -0.000000
vn 0.514103 0.857729 -0.000000
vn 0.634393 0.773010 -0.000000
vn 0.634393 0.773010 -0.000000
vn 0.740951 0.671559 -0.000000
vn 0.740951 0.671559 -0.000000
vn 0.831470 0.555570 -0.000000
vn 0.831470 0.555570 -0.000000
vn 0.903989 0.427555 -0.000000
vn 0.903989 0.427555 -0.000000
vn 0.956940 0.290285 -0.000000
vn 0.956940 0.290285 -0.000000
vn 0.989177 0.146730 -0.000000
vn 0.989177 0.146730 -0.000000
vn 1.000000 0.000000 -0.000000
vn 1.000000 0.000000 -0.000000
vn 0.989177 -0.146730 -0.000000
vn 0.989177 -0.146730 -0.000000
vn 0.956940 -0.290285 -0.000000
vn 0.956940 -0.290285 -0.000000
vn 0.903989 -0.427555 -0.000000
vn 0.903989 -0.427555 -0.000000
vn 0.831470 -0.555570 -0.000000
vn 0.831470 -0.555570 -0.000000
vn 0.740951 -0.671559 -0.000000
vn 0.740951 -0.671559 -0.000000
vn 0.634393 -0.773010 -0.000000
vn 0.634393 -0.773010 -0.000000
vn 0.514103 -0.857729 -0.000000
vn 0.514103 -0.857729 -0.000000
vn 0.382683 -0.923880 -0.000000
vn 0.382683 -0.923880 -0.000000
vn 0.242980 -0.970031 -0.000000
vn 0.242980 -0.970031 -0.000000
vn 0.098017 -0.995185 -0.000000
vn 0.098017 -0.995185 -0.000000
vn -0.049068 -0.998795 -0.000000
vn -0.049068 -0.998795 -0.000000
vn -0.195090 -0.980785 -0.000000
vn -0.195090 -0.980785 -0.000000
vn -0.336890 -0.941544 -0.000000
vn -0.336890 -0.941544 -0.000000
vn -0.471397 -0.881921 -0.000000
vn -0.471397 -0.881921 -0.000000
vn -0.595699 -0.803208 -0.000000
vn -0.595699 -0.803208 -0.000000
vn -0.707107 -0.707107 -0.000000
vn -0.707107 -0.707107 -0.000000
vn -0.803208 -0.595699 -0.000000
vn -0.803208 -0.595699 -0.000000
vn -0.881921 -0.471397 -0.000000
vn -0.881921 -0.471397 -0.000000
vn -0.941544 -0.336890 -0.000000
vn -0.941544 -0.336890 -0.000000
vn -0.980785 -0.195090 -0.000000
vn -0.980785 -0.195090 -0.000000
vn -0.998795 -0.049068 -0.000000
vn -0.998795 -0.049068 -0.000000
vn -0.995185 0.098017 -0.000000
vn -0.995185 0.098017 -0.000000
vn -0.970031 0.242980 -0.000000
vn -0.970031 0.242980 -0.000000
vn -0.923880 0.382683 -0.000000
vn -0.923880 0.382683 -0.000000
vn -0.857729 0.514103 -0.000000
vn -0.857729 0.514103 -0.000000
vn -0.773010 0.634393 -0.000000
vn -0.773010 0.634393 -0.000000
vn -0.671559 0.740951 -0.000000
vn -0.671559 0.740951 -0.000000
vn -0.555570 0.831470 -0.000000
vn -0.555570 0.831470 -0.000000
vn -0.427555 0.903989 -0.000000
vn -0.427555 0.903989 -0.000000
vn -0.290285 0.956940 -0.000000
vn -0.290285 0.956940 -0.000000
vn -0.146730 0.989177 -0.000000
vn -0.146730 0.989177 -0.000000
vn 0.000000 1.000000 -0.000000
vn 0.000000 1.000000 -0.000000
vn 0.146730 0.989177 -0.000000
vn 0.146730 0.989177 -0.000000
vn 0.290285 0.956940 -0.000000
vn 0.290285 0.956940 -0.000000
vn 0.427555 0.903989 -0.000000
vn 0.427555 0.903989 -0.000000
vn 0.555570 0.831470 -0.000000
vn 0.555570 0.831470 -0.000000
vn 0.671559 0.740951 -0.000000
vn 0.671559 0.740951 -0.000000
vn 0.773010 0.634393 -0.000000
vn 0.773010 0.634393 -0.000000
vn 0.857729 0.514103 -0.000000
vn 0.857729 0.514103 -0.000000
vn 0.923880 0.382683 -0.000000
vn 0.923880 0.382683 -0.000000
vn 0.970031 0.242980 -0.000000
vn 0.970031 0.242980 -0.000000
vn 0.995185 0.098017 -0.000000
vn 0.995185 0.098017 -0.000000
vn 0.998795 -0.049068 -0.000000
vn 0.998795 -0.049068 -0.000000
vn 0.980785 -0.195090 -0.000000
vn 0.980785 -0.195090 -0.000000
vn 0.941544 -0.336890 -0.000000
vn 0.941544 -0.336890 -0.000000
vn 0.881921 -0.471397 -0.000000
vn 0.881921 -0.471397 -0.000000
vn 0.803208 -0.595699 -0.000000
vn 0.803208 -0.595699 -0.000000
vn 0.707107 -0.707107 -0.000000
vn 0.707107 -0.707107 -0.000000
vn 0.595699 -0.803208 -0.000000
vn 0.595699 -0.803208 -0.000000
vn 0.471397 -0.881921 -0.000000
vn 0.471397 -0.881921 -0.000000
vn 0.336890 -0.941544 -0.000000
vn 0.336890 -0.941544 -0.000000
vn 0.195090 -0.980785 -0.000000
vn 0.195090 -0.980785 -0.000000
vn 0.049068 -0.998795 -0.000000
vn 0.049068 -0.998795 -0.000000
vn -0.098017 -0.995185 -0.000000
vn -0.098017 -0.995185 -0.000000
vn -0.242980 -0.970031 -0.000000
vn -0.242980 -0.970031 -0.000000
vn -0.382683 -0.923880 -0.000000
vn -0.382683 -0.923880 -0.000000
vn -0.514103 -0.857729 -0.000000
vn -0.514103 -0.857729 -0.000000
vn -0.634393 -0.773010 -0.000000
vn -0.634393 -0.773010 -0.000000
vn -0.740951 -0.671559 -0.000000
vn -0.740951 -0.671559 -0.000000
vn -0.831470 -0.555570 -0.000000
vn -0.831470 -0.555570 -0.000000
vn -0.903989 -0.427555 -0.000000
vn -0.903989 -0.427555 -0.000000
vn -0.956940 -0.290285 -0.000000
vn -0.956940 -0.290285 -0.000000
vn -0.989177 -0.146730 -0.000000
vn -0.989177 -0.146730 -0.000000
vn -1.000000 -0.000000 -0.000000
vn -1.000000 -0.000000 -0.000000
vn 0.000000 0.117079 0.993123
vn 0.000000 0.149861 0.988707
vn 0.017186 0.115861 0.993117
vn 0.021993 0.148265 0.988703
vn 0.043485 0.143352 0.988716
vn 0.064060 0.135443 0.988712
vn 0.050069 0.105863 0.993119
vn 0.033991 0.112053 0.993121
vn 0.065075 0.097392 0.993116
vn 0.083286 0.124646 0.988700
vn 0.078655 0.086782 0.993117
vn 0.100673 0.111075 0.988700
vn 0.115836 0.095064 0.988709
vn 0.090531 0.074297 0.993118
vn 0.128485 0.077011 0.988717
vn 0.100433 0.060197 0.993121
vn 0.108206 0.044820 0.993118
vn 0.138457 0.057351 0.988706
vn 0.113601 0.028456 0.993119
vn 0.145406 0.036422 0.988701
vn 0.149183 0.014693 0.988700
vn 0.116569 0.011481 0.993116
vn 0.149636 -0.007351 0.988714
vn 0.116960 -0.005746 0.993120
vn 0.146932 -0.029227 0.988715
vn 0.114848 -0.022845 0.993120
vn 0.110285 -0.039461 0.993116
vn 0.141137 -0.050500 0.988701
vn 0.132189 -0.070657 0.988703
vn 0.103274 -0.055201 0.993120
vn 0.120379 -0.089279 0.988705
vn 0.094075 -0.069771 0.993117
vn 0.105923 -0.105923 0.988717
vn 0.082797 -0.082797 0.993121
vn 0.069763 -0.094065 0.993119
vn 0.089261 -0.120354 0.988710
vn 0.055213 -0.103297 0.993117
vn 0.070668 -0.132210 0.988699
vn 0.050504 -0.141149 0.988699
vn 0.039460 -0.110283 0.993117
vn 0.029232 -0.146957 0.988711
vn 0.022847 -0.114859 0.993119
vn 0.007350 -0.149619 0.988716
vn 0.005745 -0.116952 0.993121
vn -0.011481 -0.116563 0.993117
vn -0.014691 -0.149158 0.988704
vn -0.028451 -0.113583 0.993121
vn -0.036417 -0.145385 0.988705
vn -0.044824 -0.108215 0.993116
vn -0.057362 -0.138484 0.988702
vn -0.077016 -0.128494 0.988715
vn -0.095046 -0.115814 0.988713
vn -0.074290 -0.090522 0.993120
vn -0.060200 -0.100437 0.993121
vn -0.086790 -0.078661 0.993116
vn -0.111075 -0.100672 0.988700
vn -0.124641 -0.083282 0.988701
vn -0.097379 -0.065067 0.993118
vn -0.135470 -0.064073 0.988707
vn -0.105874 -0.050075 0.993118
vn -0.143346 -0.043483 0.988717
vn -0.112050 -0.033990 0.993121
vn -0.115850 -0.017185 0.993118
vn -0.148235 -0.021988 0.988708
vn -0.117118 0.000000 0.993118
vn -0.149905 0.000000 0.988700
vn -0.148286 0.021996 0.988700
vn -0.115865 0.017187 0.993116
vn -0.143371 0.043491 0.988713
vn -0.112061 0.033993 0.993120
vn -0.135423 0.064050 0.988715
vn -0.105854 0.050065 0.993121
vn -0.097390 0.065074 0.993117
vn -0.124632 0.083276 0.988702
vn -0.111050 0.100650 0.988705
vn -0.095084 0.115860 0.988704
vn -0.074305 0.090540 0.993117
vn -0.086758 0.078633 0.993121
vn -0.077013 0.128488 0.988716
vn -0.060198 0.100434 0.993121
vn -0.044815 0.108194 0.993119
vn -0.057339 0.138429 0.988711
vn -0.028460 0.113620 0.993117
vn -0.036426 0.145419 0.988699
vn -0.011480 0.116563 0.993117
vn -0.014694 0.149190 0.988699
vn 0.007352 0.149663 0.988710
vn 0.005746 0.116971 0.993119
vn 0.029224 0.146919 0.988717
vn 0.022844 0.114842 0.993121
vn 0.039458 0.110277 0.993117
vn 0.050491 0.141111 0.988705
vn 0.055202 0.103275 0.993120
vn 0.070657 0.132191 0.988703
vn 0.089295 0.120401 0.988701
vn 0.069775 0.094082 0.993116
vn 0.105933 0.105933 0.988715
vn 0.082801 0.082801 0.993120
vn 0.094056 0.069757 0.993120
vn 0.120333 0.089245 0.988714
vn 0.103302 0.055216 0.993116
vn 0.132204 0.070664 0.988701
vn 0.141134 0.050499 0.988702
vn 0.110264 0.039453 0.993119
vn 0.146987 0.029238 0.988706
vn 0.114871 0.022849 0.993118
vn 0.149616 0.007350 0.988717
vn 0.116951 0.005745 0.993121
vn 0.116551 -0.011479 0.993118
vn 0.149127 -0.014688 0.988709
vn 0.113613 -0.028459 0.993117
vn 0.145417 -0.036425 0.988700
vn 0.138500 -0.057368 0.988699
vn 0.108216 -0.044824 0.993116
vn 0.128513 -0.077028 0.988712
vn 0.100446 -0.060205 0.993119
vn 0.115799 -0.095034 0.988716
vn 0.090515 -0.074284 0.993121
vn 0.078659 -0.086787 0.993117
vn 0.100657 -0.111059 0.988703
vn 0.083260 -0.124607 0.988707
vn 0.065047 -0.097349 0.993122
vn 0.064086 -0.135497 0.988703
vn 0.050079 -0.105884 0.993117
vn 0.043486 -0.143353 0.988716
vn 0.033991 -0.112053 0.993121
vn 0.017183 -0.115838 0.993119
vn 0.021984 -0.148206 0.988712
vn -0.000000 -0.117132 0.993116
vn -0.000000 -0.149911 0.988700
vn -0.017185 -0.115854 0.993118
vn -0.021996 -0.148286 0.988700
vn -0.043499 -0.143399 0.988709
vn -0.033997 -0.112073 0.993118
vn -0.064046 -0.135414 0.988717
vn -0.050063 -0.105850 0.993121
vn -0.065069 -0.097382 0.993118
vn -0.083260 -0.124607 0.988707
vn -0.078647 -0.086774 0.993119
vn -0.100666 -0.111068 0.988701
vn -0.115878 -0.095099 0.988700
vn -0.090545 -0.074308 0.993116
vn -0.128503 -0.077022 0.988714
vn -0.100441 -0.060202 0.993120
vn -0.138407 -0.057330 0.988715
vn -0.108185 -0.044811 0.993120
vn -0.113622 -0.028461 0.993116
vn -0.145406 -0.036422 0.988701
vn -0.149165 -0.014691 0.988703
vn -0.116536 -0.011478 0.993120
vn -0.149694 0.007354 0.988705
vn -0.116984 0.005747 0.993117
vn -0.146920 0.029224 0.988717
vn -0.114843 0.022844 0.993121
vn -0.110266 0.039454 0.993119
vn -0.141082 0.050480 0.988710
vn -0.103297 0.055214 0.993117
vn -0.132210 0.070668 0.988699
vn -0.120411 0.089303 0.988699
vn -0.094079 0.069774 0.993117
vn -0.105951 0.105950 0.988711
vn -0.082809 0.082809 0.993119
vn -0.089235 0.120320 0.988716
vn -0.069752 0.094050 0.993121
vn -0.055213 0.103296 0.993117
vn -0.070652 0.132181 0.988704
vn -0.039448 0.110249 0.993121
vn -0.050493 0.141118 0.988704
vn -0.029243 0.147015 0.988702
vn -0.022851 0.114880 0.993116
vn -0.007351 0.149627 0.988715
vn -0.005746 0.116956 0.993121
vn 0.011478 0.116539 0.993120
vn 0.014685 0.149099 0.988713
vn 0.028461 0.113622 0.993116
vn 0.036425 0.145415 0.988700
vn 0.057365 0.138493 0.988701
vn 0.044818 0.108201 0.993118
vn 0.077043 0.128539 0.988707
vn 0.060211 0.100456 0.993118
vn 0.095030 0.115794 0.988717
vn 0.074282 0.090513 0.993121
vn 0.086778 0.078651 0.993118
vn 0.111036 0.100637 0.988708
vn 0.097381 0.065068 0.993118
vn 0.124642 0.083283 0.988700
vn 0.135516 0.064094 0.988700
vn 0.105887 0.050081 0.993116
vn 0.143372 0.043492 0.988713
vn 0.112061 0.033994 0.993120
vn 0.148184 0.021981 0.988715
vn 0.115829 0.017181 0.993121
vn 0.117130 -0.000000 0.993117
vn 0.149892 -0.000000 0.988702
vn 0.148250 -0.021991 0.988705
vn 0.115821 -0.017180 0.993121
vn 0.143428 -0.043508 0.988704
vn 0.112084 -0.034000 0.993117
vn 0.135418 -0.064048 0.988716
vn 0.105851 -0.050064 0.993121
vn 0.097372 -0.065062 0.993119
vn 0.124582 -0.083243 0.988711
vn 0.086788 -0.078660 0.993117
vn 0.111077 -0.100675 0.988699
vn 0.074304 -0.090540 0.993117
vn 0.095103 -0.115883 0.988699
vn 0.077036 -0.128526 0.988710
vn 0.060208 -0.100451 0.993119
vn 0.057325 -0.138395 0.988717
vn 0.044809 -0.108179 0.993121
vn 0.028458 -0.113613 0.993117
vn 0.036416 -0.145380 0.988706
vn 0.011478 -0.116540 0.993120
vn 0.014692 -0.149169 0.988703
vn -0.007355 -0.149720 0.988701
vn -0.005747 -0.116991 0.993116
vn -0.029227 -0.146934 0.988714
vn -0.022845 -0.114849 0.993120
vn -0.039450 -0.110255 0.993120
vn -0.050471 -0.141057 0.988714
vn -0.055216 -0.103302 0.993116
vn -0.070664 -0.132203 0.988701
vn -0.089293 -0.120397 0.988702
vn -0.069761 -0.094062 0.993119
vn -0.105972 -0.105972 0.988706
vn -0.082818 -0.082818 0.993118
vn -0.120318 -0.089234 0.988717
vn -0.094049 -0.069752 0.993121
vn -0.103286 -0.055207 0.993118
vn -0.132154 -0.070638 0.988709
vn -0.110278 -0.039458 0.993117
vn -0.141147 -0.050503 0.988700
vn -0.147031 -0.029246 0.988699
vn -0.114881 -0.022851 0.993116
vn -0.149650 -0.007352 0.988712
vn -0.116966 -0.005746 0.993119
vn -0.149081 0.014683 0.988716
vn -0.116530 0.011477 0.993121
vn -0.113618 0.028460 0.993117
vn -0.145393 0.036419 0.988703
vn -0.108170 0.044806 0.993122
vn -0.138458 0.057351 0.988706
vn -0.128565 0.077058 0.988703
vn -0.100465 0.060217 0.993117
vn -0.115800 0.095035 0.988716
vn -0.090516 0.074284 0.993121
vn -0.078643 0.086769 0.993120
vn -0.100617 0.111014 0.988712
vn -0.065075 0.097392 0.993116
vn -0.083286 0.124646 0.988700
vn -0.050076 0.105876 0.993118
vn -0.064094 0.135515 0.988700
vn -0.043500 0.143400 0.988708
vn -0.033997 0.112073 0.993118
vn -0.021980 0.148175 0.988717
vn -0.017181 0.115824 0.993121
vn 0.000000 0.117120 0.993118
vn 0.000000 0.149863 0.988707
vn 0.017184 0.115845 0.993119
vn 0.021995 0.148278 0.988701
vn 0.034002 0.112089 0.993116
vn 0.043515 0.143451 0.988700
vn 0.064055 0.135434 0.988714
vn 0.050067 0.105859 0.993120
vn 0.083230 0.124562 0.988715
vn 0.065056 0.097363 0.993120
vn 0.078661 0.086789 0.993116
vn 0.100665 0.111067 0.988701
vn 0.115862 0.095086 0.988704
vn 0.090518 0.074286 0.993120
vn 0.128552 0.077052 0.988705
vn 0.100461 0.060214 0.993117
vn 0.138396 0.057325 0.988717
vn 0.108180 0.044809 0.993121
vn 0.113601 0.028455 0.993119
vn 0.145350 0.036408 0.988710
vn 0.116564 0.011481 0.993117
vn 0.149190 0.014694 0.988699
vn 0.149732 -0.007356 0.988699
vn 0.116988 -0.005747 0.993117
vn 0.146959 -0.029232 0.988711
vn 0.114860 -0.022847 0.993119
vn 0.141042 -0.050466 0.988716
vn 0.110248 -0.039447 0.993121
vn 0.103296 -0.055213 0.993117
vn 0.132180 -0.070652 0.988705
vn 0.094052 -0.069754 0.993121
vn 0.120385 -0.089284 0.988704
vn 0.082824 -0.082824 0.993116
vn 0.105993 -0.105992 0.988702
vn 0.089241 -0.120327 0.988715
vn 0.070625 -0.132129 0.988713
vn 0.055202 -0.103275 0.993120
vn 0.069755 -0.094053 0.993120
vn 0.039461 -0.110286 0.993116
vn 0.050502 -0.141144 0.988700
vn 0.029245 -0.147022 0.988701
vn 0.022848 -0.114865 0.993118
vn 0.007353 -0.149680 0.988707
vn 0.005747 -0.116978 0.993118
vn -0.014683 -0.149075 0.988717
vn -0.011477 -0.116528 0.993121
vn -0.028457 -0.113607 0.993118
vn -0.036412 -0.145364 0.988708
vn -0.044820 -0.108204 0.993118
vn -0.057367 -0.138496 0.988700
vn -0.077069 -0.128582 0.988700
vn -0.060218 -0.100468 0.993116
vn -0.095048 -0.115816 0.988713
vn -0.074290 -0.090523 0.993120
vn -0.110998 -0.100603 0.988716
vn -0.086762 -0.078637 0.993121
vn -0.097390 -0.065074 0.993117
vn -0.124630 -0.083275 0.988702
vn -0.135481 -0.064078 0.988706
vn -0.143429 -0.043509 0.988704
vn -0.112084 -0.034000 0.993117
vn -0.105845 -0.050061 0.993122
vn -0.148180 -0.021980 0.988716
vn -0.115826 -0.017181 0.993121
vn -0.117108 0.000000 0.993119
vn -0.149832 0.000000 0.988711
vn -0.115863 0.017187 0.993116
vn -0.148289 0.021997 0.988699
vn -0.112082 0.034000 0.993117
vn -0.143456 0.043517 0.988700
vn -0.135459 0.064067 0.988709
vn -0.105869 0.050072 0.993119
vn -0.124552 0.083223 0.988717
vn -0.097359 0.065053 0.993121
vn -0.086782 0.078655 0.993117
vn -0.111046 0.100647 0.988706
vn -0.074291 0.090524 0.993119
vn -0.095091 0.115869 0.988702
vn -0.077065 0.128575 0.988701
vn -0.060218 0.100468 0.993116
vn -0.057331 0.138409 0.988714
vn -0.044812 0.108186 0.993120
vn -0.028453 0.113590 0.993120
vn -0.036402 0.145324 0.988714
vn -0.011481 0.116569 0.993116
vn -0.014693 0.149181 0.988701
vn 0.007355 0.149713 0.988702
vn 0.005746 0.116966 0.993119
vn 0.029238 0.146989 0.988706
vn 0.022849 0.114872 0.993117
vn 0.050465 0.141040 0.988717
vn 0.039447 0.110247 0.993121
vn 0.055207 0.103285 0.993119
vn 0.070637 0.132153 0.988709
vn 0.069771 0.094076 0.993117
vn 0.089302 0.120409 0.988700
vn 0.106004 0.106004 0.988699
vn 0.082824 0.082824 0.993116
vn 0.120346 0.089255 0.988712
vn 0.094061 0.069761 0.993119
vn 0.132113 0.070616 0.988716
vn 0.103268 0.055198 0.993121
vn 0.110281 0.039459 0.993117
vn 0.141123 0.050494 0.988704
vn 0.146988 0.029238 0.988706
vn 0.149710 0.007355 0.988703
vn 0.116989 0.005747 0.993117
vn 0.114835 0.022842 0.993122
vn 0.149083 -0.014683 0.988716
vn 0.116532 -0.011477 0.993121
vn 0.113595 -0.028454 0.993120
vn 0.145335 -0.036405 0.988712
vn 0.108216 -0.044825 0.993116
vn 0.138499 -0.057368 0.988700
vn 0.100458 -0.060212 0.993118
vn 0.128580 -0.077068 0.988700
vn 0.115838 -0.095066 0.988708
vn 0.090532 -0.074298 0.993118
vn 0.100597 -0.110992 0.988717
vn 0.078634 -0.086759 0.993121
vn 0.065068 -0.097382 0.993118
vn 0.083259 -0.124606 0.988707
vn 0.050073 -0.105870 0.993118
vn 0.064091 -0.135509 0.988701
vn 0.043516 -0.143452 0.988700
vn 0.034002 -0.112089 0.993116
vn 0.021983 -0.148197 0.988713
vn 0.017183 -0.115834 0.993120
vn -0.000000 -0.149809 0.988715
vn -0.000000 -0.117097 0.993120
vn -0.017187 -0.115864 0.993116
vn -0.021995 -0.148275 0.988702
vn -0.043509 -0.143429 0.988704
vn -0.033991 -0.112055 0.993121
vn -0.064080 -0.135487 0.988705
vn -0.050077 -0.105880 0.993117
vn -0.083224 -0.124553 0.988717
vn -0.065053 -0.097359 0.993121
vn -0.078647 -0.086773 0.993119
vn -0.100626 -0.111023 0.988710
vn -0.090542 -0.074306 0.993117
vn -0.115884 -0.095103 0.988699
vn -0.128584 -0.077070 0.988699
vn -0.100465 -0.060216 0.993117
vn -0.138433 -0.057341 0.988710
vn -0.108196 -0.044816 0.993119
vn -0.145309 -0.036398 0.988717
vn -0.113584 -0.028451 0.993121
vn -0.116561 -0.011480 0.993117
vn -0.149155 -0.014690 0.988705
vn -0.116956 0.005746 0.993121
vn -0.149702 0.007354 0.988704
vn -0.147017 0.029243 0.988702
vn -0.114881 0.022851 0.993116
vn -0.141052 0.050469 0.988715
vn -0.110252 0.039449 0.993120
vn -0.103275 0.055202 0.993120
vn -0.132129 0.070624 0.988713
vn -0.094082 0.069776 0.993116
vn -0.120406 0.089299 0.988700
vn -0.105996 0.105996 0.988701
vn -0.082812 0.082812 0.993118
vn -0.089273 0.120370 0.988707
vn -0.069768 0.094071 0.993118
vn -0.070613 0.132108 0.988717
vn -0.055197 0.103266 0.993121
vn -0.039455 0.110271 0.993118
vn -0.050484 0.141094 0.988708
vn -0.022849 0.114870 0.993118
vn -0.029245 0.147027 0.988700
vn -0.007356 0.149729 0.988700
vn -0.005747 0.116991 0.993116
vn 0.014685 0.149104 0.988712
vn 0.011478 0.116541 0.993120
vn 0.036400 0.145315 0.988716
vn 0.028452 0.113586 0.993121
vn 0.044824 0.108214 0.993117
vn 0.057361 0.138481 0.988703
vn 0.077048 0.128546 0.988706
vn 0.060194 0.100427 0.993122
vn 0.095085 0.115862 0.988704
vn 0.074305 0.090541 0.993117
vn 0.110995 0.100601 0.988716
vn 0.086761 0.078636 0.993121
vn 0.097371 0.065061 0.993119
vn 0.124580 0.083242 0.988712
vn 0.105885 0.050080 0.993116
vn 0.135519 0.064095 0.988699
vn 0.112082 0.034000 0.993117
vn 0.143455 0.043517 0.988700
vn 0.148225 0.021987 0.988709
vn 0.115846 0.017184 0.993119
vn 0.149797 -0.000000 0.988717
vn 0.117092 -0.000000 0.993121
vn 0.115855 -0.017186 0.993117
vn 0.148247 -0.021990 0.988706
vn 0.112064 -0.033994 0.993119
vn 0.143440 -0.043512 0.988702
vn 0.135510 -0.064092 0.988701
vn 0.105887 -0.050081 0.993116
vn 0.124566 -0.083232 0.988714
vn 0.097365 -0.065057 0.993120
vn 0.111004 -0.100608 0.988714
vn 0.086765 -0.078639 0.993120
vn 0.074308 -0.090545 0.993116
vn 0.095097 -0.115876 0.988701
vn 0.077060 -0.128567 0.988702
vn 0.060204 -0.100445 0.993119
vn 0.057353 -0.138462 0.988706
vn 0.044821 -0.108207 0.993117
vn 0.036398 -0.145308 0.988717
vn 0.028451 -0.113583 0.993121
vn 0.011479 -0.116549 0.993119
vn 0.014687 -0.149124 0.988709
vn -0.005747 -0.116984 0.993117
vn -0.007356 -0.149730 0.988700
vn -0.029246 -0.147031 0.988699
vn -0.022851 -0.114880 0.993116
vn -0.050477 -0.141074 0.988711
vn -0.039452 -0.110262 0.993119
vn -0.070616 -0.132113 0.988716
vn -0.055198 -0.103268 0.993121
vn -0.069773 -0.094078 0.993117
vn -0.089285 -0.120387 0.988704
vn -0.105974 -0.105974 0.988706
vn -0.082793 -0.082793 0.993122
vn -0.120394 -0.089290 0.988702
vn -0.094080 -0.069774 0.993117
vn -0.132116 -0.070618 0.988716
vn -0.103269 -0.055199 0.993121
vn -0.110259 -0.039451 0.993120
vn -0.141066 -0.050474 0.988713
vn -0.114882 -0.022851 0.993116
vn -0.147029 -0.029246 0.988700
vn -0.116979 -0.005747 0.993118
vn -0.149726 -0.007356 0.988700
vn -0.149133 0.014688 0.988708
vn -0.116553 0.011479 0.993118
vn -0.145307 0.036397 0.988717
vn -0.113583 0.028451 0.993121
vn -0.108204 0.044820 0.993118
vn -0.138453 0.057349 0.988707
vn -0.100453 0.060209 0.993118
vn -0.128576 0.077065 0.988701
vn -0.090545 0.074308 0.993116
vn -0.115880 0.095100 0.988700
vn -0.100613 0.111009 0.988713
vn -0.078641 0.086767 0.993120
vn -0.083229 0.124561 0.988715
vn -0.065056 0.097363 0.993120
vn -0.050080 0.105886 0.993116
vn -0.064089 0.135504 0.988702
vn -0.043503 0.143409 0.988707
vn -0.033987 0.112039 0.993122
vn -0.021989 0.148236 0.988708
vn -0.017179 0.115812 0.993123
vn -0.000000 0.117079 0.993123
vn -0.000000 0.149861 0.988707
vn 0.000000 -1.000000 -0.000000
vn 0.000000 -1.000000 -0.000000
vn 0.000000 -1.000000 -0.000000
vn 0.000000 -1.000000 -0.000000
vn -0.000000 1.000000 0.000000
vn -0.000000 1.000000 0.000000
vn -0.000000 1.000000 0.000000
vn -0.000000 1.000000 0.000000
f 131/242/235 132/243/236 644/244/237
f 644/244/237 132/243/236 133/245/238
f 644/244/237 133/245/238 643/246/239
f 643/246/239 133/245/238 134/247/240
f 643/246/239 134/247/240 642/248/241
f 642/248/241 134/247/240 135/249/242
f 642/248/241 135/249/242 641/250/243
f 641/250/243 135/249/242 136/251/244
f 641/250/243 136/251/244 640/252/245
f 640/252/245 136/251/244 137/253/246
f 640/252/245 137/253/246 639/254/247
f 639/254/247 137/253/246 138/255/248
f 639/254/247 138/255/248 638/256/249
f 638/256/249 138/255/248 139/257/250
f 638/256/249 139/257/250 637/258/251
f 637/258/251 139/257/250 140/259/252
f 637/258/251 140/259/252 636/260/253
f 636/260/253 140/259/252 141/261/254
f 636/260/253 141/261/254 635/262/255
f 635/262/255 141/261/254 142/263/256
f 635/262/255 142/263/256 634/264/257
f 634/264/257 142/263/256 143/265/258
f 634/264/257 143/265/258 633/266/259
f 633/266/259 143/265/258 144/267/260
f 633/266/259 144/267/260 632/268/261
f 632/268/261 144/267/260 145/269/262
f 632/268/261 145/269/262 631/270/263
f 631/270/263 145/269/262 146/271/264
f 631/270/263 146/271/264 630/272/265
f 630/272/265 146/271/264 147/273/266
f 630/272/265 147/273/266 629/274/267
f 629/274/267 147/273/266 148/275/268
f 629/274/267 148/275/268 628/276/269
f 628/276/269 148/275/268 149/277/270
f 628/276/269 149/277/270 627/278/271
f 627/278/271 149/277/270 150/279/272
f 627/278/271 150/279/272 626/280/273
f 626/280/273 150/279/272 151/281/274
f 626/280/273 151/281/274 625/282/275
f 625/282/275 151/281/274 152/283/276
f 625/282/275 152/283/276 624/284/277
f 624/284/277 152/283/276 153/285/278
f 624/284/277 153/285/278 623/286/279
f 623/286/279 153/285/278 154/287/280
f 623/288/279 154/289/280 622/290/281
f 622/290/281 154/289/280 155/291/282
f 622/290/281 155/291/282 621/292/283
f 621/292/283 155/291/282 156/293/284
f 621/292/283 156/293/284 620/294/285
f 620/294/285 156/293/284 157/295/286
f 620/294/285 157/295/286 619/296/287
f 619/296/287 157/295/286 158/297/288
f 619/296/287 158/297/288 618/298/289
f 618/298/289 158/297/288 159/299/290
f 618/298/289 159/299/290 617/300/291
f 617/300/291 159/299/290 160/301/292
f 617/300/291 160/301/292 616/302/293
f 616/302/293 160/301/292 161/303/294
f 616/302/293 161/303/294 615/304/295
f 615/304/295 161/303/294 162/305/296
f 615/304/295 162/305/296 614/306/297
f 614/306/297 162/305/296 163/307/298
f 614/306/297 163/307/298 613/308/299
f 613/308/299 163/307/298 164/309/300
f 613/308/299 164/309/300 612/310/301
f 612/310/301 164/309/300 165/311/302
f 612/310/301 165/311/302 611/312/303
f 611/312/303 165/311/302 166/313/304
f 611/312/303 166/313/304 610/314/305
f 610/314/305 166/313/304 167/315/306
f 610/314/305 167/315/306 609/316/307
f 609/316/307 167/315/306 168/317/308
f 609/316/307 168/317/308 608/318/309
f 608/318/309 168/317/308 169/319/310
f 608/318/309 169/319/310 607/320/311
f 607/320/311 169/319/310 170/321/312
f 607/320/311 170/321/312 606/322/313
f 606/322/313 170/321/312 171/323/314
f 606/322/313 171/323/314 605/324/315
f 605/324/315 171/323/314 172/325/316
f 605/324/315 172/325/316 604/326/317
f 604/326/317 172/325/316 173/327/318
f 604/326/317 173/327/318 603/328/319
f 603/328/319 173/327/318 174/329/320
f 603/328/319 174/329/320 602/330/321
f 602/330/321 174/329/320 175/331/322
f 602/330/321 175/331/322 601/332/323
f 601/332/323 175/331/322 176/333/324
f 601/332/323 176/333/324 600/334/325
f 600/334/325 176/333/324 177/335/326
f 600/334/325 177/335/326 599/336/327
f 599/336/327 177/335/326 178/337/328
f 599/336/327 178/337/328 598/338/329
f 598/338/329 178/337/328 179/339/330
f 598/338/329 179/339/330 597/340/331
f 597/340/331 179/339/330 180/341/332
f 597/340/331 180/341/332 596/342/333
f 596/342/333 180/341/332 181/343/334
f 596/342/333 181/343/334 595/344/335
f 595/344/335 181/343/334 182/345/336
f 595/344/335 182/345/336 594/346/337
f 594/346/337 182/345/336 183/347/338
f 594/346/337 183/347/338 593/348/339
f 593/348/339 183/347/338 184/349/340
f 593/348/339 184/349/340 592/350/341
f 592/350/341 184/349/340 185/351/342
f 592/350/341 185/351/342 591/352/343
f 591/352/343 185/351/342 186/353/344
f 591/352/343 186/353/344 590/354/345
f 590/354/345 186/353/344 187/355/346
f 590/354/345 187/355/346 589/356/347
f 589/356/347 187/355/346 188/357/348
f 589/356/347 188/357/348 588/358/349
f 588/358/349 188/357/348 189/359/350
f 588/358/349 189/359/350 587/360/351
f 587/360/351 189/359/350 190/361/352
f 587/360/351 190/361/352 586/362/353
f 586/362/353 190/361/352 191/363/354
f 586/362/353 191/363/354 585/364/355
f 585/364/355 191/363/354 192/365/356
f 585/364/355 192/365/356 584/366/357
f 584/366/357 192/365/356 193/367/358
f 584/366/357 193/367/358 583/368/359
f 583/368/359 193/367/358 194/369/360
f 583/368/359 194/369/360 582/370/361
f 582/370/361 194/369/360 195/371/362
f 582/370/361 195/371/362 581/372/363
f 581/372/363 195/371/362 196/373/364
f 581/374/363 196/375/364 580/376/365
f 580/376/365 196/375/364 197/377/366
f 580/376/365 197/377/366 579/378/367
f 579/378/367 197/377/366 198/379/368
f 579/378/367 198/379/368 578/380/369
f 578/380/369 198/379/368 199/381/370
f 578/380/369 199/381/370 577/382/371
f 577/382/371 199/381/370 200/383/372
f 577/382/371 200/383/372 576/384/373
f 576/384/373 200/383/372 201/385/374
f 576/384/373 201/385/374 575/386/375
f 575/386/375 201/385/374 202/387/376
f 575/386/375 202/387/376 574/388/377
f 574/388/377 202/387/376 203/389/378
f 574/388/377 203/389/378 573/390/379
f 573/390/379 203/389/378 204/391/380
f 573/390/379 204/391/380 572/392/381
f 572/392/381 204/391/380 205/393/382
f 572/392/381 205/393/382 571/394/383
f 571/394/383 205/393/382 206/395/384
f 571/394/383 206/395/384 570/396/385
f 570/396/385 206/395/384 207/397/386
f 570/396/385 207/397/386 569/398/387
f 569/398/387 207/397/386 208/399/388
f 569/398/387 208/399/388 568/400/389
f 568/400/389 208/399/388 209/401/390
f 568/400/389 209/401/390 567/402/391
f 567/402/391 209/401/390 210/403/392
f 567/402/391 210/403/392 566/404/393
f 566/404/393 210/403/392 211/405/394
f 566/404/393 211/405/394 565/406/395
f 565/406/395 211/405/394 212/407/396
f 565/406/395 212/407/396 564/408/397
f 564/408/397 212/407/396 213/409/398
f 564/408/397 213/409/398 563/410/399
f 563/410/399 213/409/398 214/411/400
f 563/410/399 214/411/400 562/412/401
f 562/412/401 214/411/400 215/413/402
f 562/412/401 215/413/402 561/414/403
f 561/414/403 215/413/402 216/415/404
f 561/414/403 216/415/404 560/416/405
f 560/416/405 216/415/404 217/417/406
f 560/416/405 217/417/406 559/418/407
f 559/418/407 217/417/406 218/419/408
f 559/418/407 218/419/408 558/420/409
f 558/420/409 218/419/408 219/421/410
f 558/420/409 219/421/410 557/422/411
f 557/422/411 219/421/410 220/423/412
f 557/422/411 220/423/412 556/424/413
f 556/424/413 220/423/412 221/425/414
f 556/424/413 221/425/414 555/426/415
f 555/426/415 221/425/414 222/427/416
f 555/426/415 222/427/416 554/428/417
f 554/428/417 222/427/416 223/429/418
f 554/428/417 223/429/418 553/430/419
f 553/430/419 223/429/418 224/431/420
f 553/430/419 224/431/420 552/432/421
f 552/432/421 224/431/420 225/433/422
f 552/432/421 225/433/422 551/434/423
f 551/434/423 225/433/422 226/435/424
f 551/434/423 226/435/424 550/436/425
f 550/436/425 226/435/424 227/437/426
f 550/436/425 227/437/426 549/438/427
f 549/438/427 227/437/426 228/439/428
f 549/438/427 228/439/428 548/440/429
f 548/440/429 228/439/428 229/441/430
f 548/440/429 229/441/430 547/442/431
f 547/442/431 229/441/430 230/443/432
f 547/442/431 230/443/432 546/444/433
f 546/444/433 230/443/432 231/445/434
f 546/444/433 231/445/434 545/446/435
f 545/446/435 231/445/434 232/447/436
f 545/446/435 232/447/436 544/448/437
f 544/448/437 232/447/436 233/449/438
f 544/448/437 233/449/438 543/450/439
f 543/450/439 233/449/438 234/451/440
f 543/450/439 234/451/440 542/452/441
f 542/452/441 234/451/440 235/453/442
f 542/452/441 235/453/442 541/454/443
f 541/454/443 235/453/442 236/455/444
f 541/454/443 236/455/444 540/456/445
f 540/456/445 236/455/444 237/457/446
f 540/456/445 237/457/446 539/458/447
f 539/458/447 237/457/446 238/459/448
f 539/458/447 238/459/448 538/460/449
f 538/460/449 238/459/448 239/461/450
f 538/462/449 239/463/450 537/464/451
f 537/464/451 239/463/450 240/465/452
f 537/464/451 240/465/452 536/466/453
f 536/466/453 240/465/452 241/467/454
f 536/466/453 241/467/454 535/468/455
f 535/468/455 241/467/454 242/469/456
f 535/468/455 242/469/456 534/470/457
f 534/470/457 242/469/456 243/471/458
f 534/470/457 243/471/458 533/472/459
f 533/472/459 243/471/458 244/473/460
f 533/472/459 244/473/460 532/474/461
f 532/474/461 244/473/460 245/475/462
f 532/474/461 245/475/462 531/476/463
f 531/476/463 245/475/462 246/477/464
f 531/476/463 246/477/464 530/478/465
f 530/478/465 246/477/464 247/479/466
f 530/478/465 247/479/466 529/480/467
f 529/480/467 247/479/466 248/481/468
f 529/480/467 248/481/468 528/482/469
f 528/482/469 248/481/468 249/483/470
f 528/482/469 249/483/470 527/484/471
f 527/484/471 249/483/470 250/485/472
f 527/484/471 250/485/472 526/486/473
f 526/486/473 250/485/472 251/487/474
f 526/486/473 251/487/474 525/488/475
f 525/488/475 251/487/474 252/489/476
f 525/488/475 252/489/476 524/490/477
f 524/490/477 252/489/476 253/491/478
f 524/490/477 253/491/478 523/492/479
f 523/492/479 253/491/478 254/493/480
f 523/492/479 254/493/480 522/494/481
f 522/494/481 254/493/480 255/495/482
f 522/494/481 255/495/482 521/496/483
f 521/496/483 255/495/482 256/497/484
f 521/496/483 256/497/484 520/498/485
f 520/498/485 256/497/484 257/499/486
f 520/498/485 257/499/486 519/500/487
f 519/500/487 257/499/486 258/501/488
f 519/500/487 258/501/488 518/502/489
f 518/502/489 258/501/488 259/503/490
f 518/502/489 259/503/490 517/504/491
f 517/504/491 259/503/490 260/505/492
f 517/504/491 260/505/492 516/506/493
f 516/506/493 260/505/492 261/507/494
f 516/506/493 261/507/494 515/508/495
f 515/508/495 261/507/494 262/509/496
f 515/508/495 262/509/496 514/510/497
f 514/510/497 262/509/496 263/511/498
f 514/510/497 263/511/498 513/512/499
f 513/512/499 263/511/498 264/513/500
f 513/512/499 264/513/500 512/514/501
f 512/514/501 264/513/500 265/515/502
f 512/514/501 265/515/502 511/516/503
f 511/516/503 265/515/502 266/517/504
f 511/516/503 266/517/504 510/518/505
f 510/518/505 266/517/504 267/519/506
f 510/518/505 267/519/506 509/520/507
f 509/520/507 267/519/506 268/521/508
f 509/520/507 268/521/508 508/522/509
f 508/522/509 268/521/508 269/523/510
f 508/522/509 269/523/510 507/524/511
f 507/524/511 269/523/510 270/525/512
f 507/524/511 270/525/512 506/526/513
f 506/526/513 270/525/512 271/527/514
f 506/526/513 271/527/514 505/528/515
f 505/528/515 271/527/514 272/529/516
f 505/528/515 272/529/516 504/530/517
f 504/530/517 272/529/516 273/531/518
f 504/530/517 273/531/518 503/532/519
f 503/532/519 273/531/518 274/533/520
f 503/532/519 274/533/520 502/534/521
f 502/534/521 274/533/520 275/535/522
f 502/534/521 275/535/522 501/536/523
f 501/536/523 275/535/522 276/537/524
f 501/536/523 276/537/524 500/538/525
f 500/538/525 276/537/524 277/539/526
f 500/538/525 277/539/526 499/540/527
f 499/540/527 277/539/526 278/541/528
f 499/540/527 278/541/528 498/542/529
f 498/542/529 278/541/528 279/543/530
f 498/542/529 279/543/530 497/544/531
f 497/544/531 279/543/530 280/545/532
f 497/544/531 280/545/532 496/546/533
f 496/546/533 280/545/532 281/547/534
f 496/546/533 281/547/534 495/548/535
f 495/548/535 281/547/534 282/549/536
f 495/550/535 282/551/536 494/552/537
f 494/552/537 282/551/536 283/553/538
f 494/552/537 283/553/538 493/554/539
f 493/554/539 283/553/538 284/555/540
f 493/554/539 284/555/540 492/556/541
f 492/556/541 284/555/540 285/557/542
f 492/556/541 285/557/542 491/558/543
f 491/558/543 285/557/542 286/559/544
f 491/558/543 286/559/544 490/560/545
f 490/560/545 286/559/544 287/561/546
f 490/560/545 287/561/546 489/562/547
f 489/562/547 287/561/546 288/563/548
f 489/562/547 288/563/548 488/564/549
f 488/564/549 288/563/548 289/565/550
f 488/564/549 289/565/550 487/566/551
f 487/566/551 289/565/550 290/567/552
f 487/566/551 290/567/552 486/568/553
f 486/568/553 290/567/552 291/569/554
f 486/568/553 291/569/554 485/570/555
f 485/570/555 291/569/554 292/571/556
f 485/570/555 292/571/556 484/572/557
f 484/572/557 292/571/556 293/573/558
f 484/572/557 293/573/558 483/574/559
f 483/574/559 293/573/558 294/575/560
f 483/574/559 294/575/560 482/576/561
f 482/576/561 294/575/560 295/577/562
f 482/576/561 295/577/562 481/578/563
f 481/578/563 295/577/562 296/579/564
f 481/578/563 296/579/564 480/580/565
f 480/580/565 296/579/564 297/581/566
f 480/580/565 297/581/566 479/582/567
f 479/582/567 297/581/566 298/583/568
f 479/582/567 298/583/568 478/584/569
f 478/584/569 298/583/568 299/585/570
f 478/584/569 299/585/570 477/586/571
f 477/586/571 299/585/570 300/587/572
f 477/586/571 300/587/572 476/588/573
f 476/588/573 300/587/572 301/589/574
f 476/588/573 301/589/574 475/590/575
f 475/590/575 301/589/574 302/591/576
f 475/590/575 302/591/576 474/592/577
f 474/592/577 302/591/576 303/593/578
f 474/592/577 303/593/578 473/594/579
f 473/594/579 303/593/578 304/595/580
f 473/594/579 304/595/580 472/596/581
f 472/596/581 304/595/580 305/597/582
f 472/596/581 305/597/582 471/598/583
f 471/598/583 305/597/582 306/599/584
f 471/598/583 306/599/584 470/600/585
f 470/600/585 306/599/584 307/601/586
f 470/600/585 307/601/586 469/602/587
f 469/602/587 307/601/586 308/603/588
f 469/602/587 308/603/588 468/604/589
f 468/604/589 308/603/588 309/605/590
f 468/604/589 309/605/590 467/606/591
f 467/606/591 309/605/590 310/607/592
f 467/606/591 310/607/592 466/608/593
f 466/608/593 310/607/592 311/609/594
f 466/608/593 311/609/594 465/610/595
f 465/610/595 311/609/594 312/611/596
f 465/610/595 312/611/596 464/612/597
f 464/612/597 312/611/596 313/613/598
f 464/612/597 313/613/598 463/614/599
f 463/614/599 313/613/598 314/615/600
f 463/614/599 314/615/600 462/616/601
f 462/616/601 314/615/600 315/617/602
f 462/616/601 315/617/602 461/618/603
f 461/618/603 315/617/602 316/619/604
f 461/618/603 316/619/604 460/620/605
f 460/620/605 316/619/604 317/621/606
f 460/620/605 317/621/606 459/622/607
f 459/622/607 317/621/606 318/623/608
f 459/622/607 318/623/608 458/624/609
f 458/624/609 318/623/608 319/625/610
f 458/624/609 319/625/610 457/626/611
f 457/626/611 319/625/610 320/627/612
f 457/626/611 320/627/612 456/628/613
f 456/628/613 320/627/612 321/629/614
f 456/628/613 321/629/614 455/630/615
f 455/630/615 321/629/614 322/631/616
f 455/630/615 322/631/616 454/632/617
f 454/632/617 322/631/616 323/633/618
f 454/632/617 323/633/618 453/634/619
f 453/634/619 323/633/618 324/635/620
f 453/636/619 324/637/620 452/638/621
f 452/638/621 324/637/620 325/639/622
f 452/638/621 325/639/622 451/640/623
f 451/640/623 325/639/622 326/641/624
f 451/640/623 326/641/624 450/642/625
f 450/642/625 326/641/624 327/643/626
f 450/642/625 327/643/626 449/644/627
f 449/644/627 327/643/626 328/645/628
f 449/644/627 328/645/628 448/646/629
f 448/646/629 328/645/628 329/647/630
f 448/646/629 329/647/630 447/648/631
f 447/648/631 329/647/630 330/649/632
f 447/648/631 330/649/632 446/650/633
f 446/650/633 330/649/632 331/651/634
f 446/650/633 331/651/634 445/652/635
f 445/652/635 331/651/634 332/653/636
f 445/652/635 332/653/636 444/654/637
f 444/654/637 332/653/636 333/655/638
f 444/654/637 333/655/638 443/656/639
f 443/656/639 333/655/638 334/657/640
f 443/656/639 334/657/640 442/658/641
f 442/658/641 334/657/640 335/659/642
f 442/658/641 335/659/642 441/660/643
f 441/660/643 335/659/642 336/661/644
f 441/660/643 336/661/644 440/662/645
f 440/662/645 336/661/644 337/663/646
f 440/662/645 337/663/646 439/664/647
f 439/664/647 337/663/646 338/665/648
f 439/664/647 338/665/648 438/666/649
f 438/666/649 338/665/648 339/667/650
f 438/666/649 339/667/650 437/668/651
f 437/668/651 339/667/650 340/669/652
f 437/668/651 340/669/652 436/670/653
f 436/670/653 340/669/652 341/671/654
f 436/670/653 341/671/654 435/672/655
f 435/672/655 341/671/654 342/673/656
f 435/672/655 342/673/656 434/674/657
f 434/674/657 342/673/656 343/675/658
f 434/674/657 343/675/658 433/676/659
f 433/676/659 343/675/658 344/677/660
f 433/676/659 344/677/660 432/678/661
f 432/678/661 344/677/660 345/679/662
f 432/678/661 345/679/662 431/680/663
f 431/680/663 345/679/662 346/681/664
f 431/680/663 346/681/664 430/682/665
f 430/682/665 346/681/664 347/683/666
f 430/682/665 347/683/666 429/684/667
f 429/684/667 347/683/666 348/685/668
f 429/684/667 348/685/668 428/686/669
f 428/686/669 348/685/668 349/687/670
f 428/686/669 349/687/670 427/688/671
f 427/688/671 349/687/670 350/689/672
f 427/688/671 350/689/672 426/690/673
f 426/690/673 350/689/672 351/691/674
f 426/690/673 351/691/674 425/692/675
f 425/692/675 351/691/674 352/693/676
f 425/692/675 352/693/676 424/694/677
f 424/694/677 352/693/676 353/695/678
f 424/694/677 353/695/678 423/696/679
f 423/696/679 353/695/678 354/697/680
f 423/696/679 354/697/680 422/698/681
f 422/698/681 354/697/680 355/699/682
f 422/698/681 355/699/682 421/700/683
f 421/700/683 355/699/682 356/701/684
f 421/700/683 356/701/684 420/702/685
f 420/702/685 356/701/684 357/703/686
f 420/702/685 357/703/686 419/704/687
f 419/704/687 357/703/686 358/705/688
f 419/704/687 358/705/688 418/706/689
f 418/706/689 358/705/688 359/707/690
f 418/706/689 359/707/690 417/708/691
f 417/708/691 359/707/690 360/709/692
f 417/708/691 360/709/692 416/710/693
f 416/710/693 360/709/692 361/711/694
f 416/710/693 361/711/694 415/712/695
f 415/712/695 361/711/694 362/713/696
f 415/712/695 362/713/696 414/714/697
f 414/714/697 362/713/696 363/715/698
f 414/714/697 363/715/698 413/716/699
f 413/716/699 363/715/698 364/717/700
f 413/716/699 364/717/700 412/718/701
f 412/718/701 364/717/700 365/719/702
f 412/718/701 365/719/702 411/720/703
f 411/720/703 365/719/702 366/721/704
f 411/720/703 366/721/704 410/722/705
f 410/722/705 366/721/704 367/723/706
f 410/724/705 367/725/706 409/726/707
f 409/726/707 367/725/706 368/727/708
f 409/726/707 368/727/708 408/728/709
f 408/728/709 368/727/708 369/729/710
f 408/728/709 369/729/710 407/730/711
f 407/730/711 369/729/710 370/731/712
f 407/730/711 370/731/712 406/732/713
f 406/732/713 370/731/712 371/733/714
f 406/732/713 371/733/714 405/734/715
f 405/734/715 371/733/714 372/735/716
f 405/734/715 372/735/716 404/736/717
f 404/736/717 372/735/716 373/737/718
f 404/736/717 373/737/718 403/738/719
f 403/738/719 373/737/718 374/739/720
f 403/738/719 374/739/720 402/740/721
f 402/740/721 374/739/720 375/741/722
f 402/740/721 375/741/722 401/742/723
f 401/742/723 375/741/722 376/743/724
f 401/742/723 376/743/724 400/744/725
f 400/744/725 376/743/724 377/745/726
f 400/744/725 377/745/726 399/746/727
f 399/746/727 377/745/726 378/747/728
f 399/746/727 378/747/728 398/748/729
f 398/748/729 378/747/728 379/749/730
f 398/748/729 379/749/730 397/750/731
f 397/750/731 379/749/730 380/751/732
f 397/750/731 380/751/732 396/752/733
f 396/752/733 380/751/732 381/753/734
f 396/752/733 381/753/734 395/754/735
f 395/754/735 381/753/734 382/755/736
f 395/754/735 382/755/736 394/756/737
f 394/756/737 382/755/736 383/757/738
f 394/756/737 383/757/738 393/758/739
f 393/758/739 383/757/738 384/759/740
f 393/758/739 384/759/740 392/760/741
f 392/760/741 384/759/740 385/761/742
f 392/760/741 385/761/742 391/762/743
f 391/762/743 385/761/742 386/763/744
f 391/762/743 386/763/744 390/764/745
f 390/764/745 386/763/744 387/765/746
f 390/764/745 387/765/746 389/766/747
f 389/766/747 387/765/746 388/767/748
f 131/768/749 644/769/750 645/770/751
f 645/770/751 644/769/750 901/771/752
f 901/771/752 644/769/750 900/772/753
f 900/772/753 644/769/750 643/773/754
f 900/772/753 643/773/754 642/774/755
f 900/772/753 642/774/755 899/775/756
f 899/775/756 642/774/755 641/776/757
f 899/775/756 641/776/757 898/777/758
f 898/777/758 641/776/757 640/778/759
f 898/777/758 640/778/759 897/779/760
f 897/779/760 640/778/759 896/780/761
f 896/780/761 640/778/759 639/781/762
f 896/780/761 639/781/762 895/782/763
f 895/782/763 639/781/762 638/783/764
f 895/782/763 638/783/764 637/784/765
f 895/782/763 637/784/765 894/785/766
f 894/785/766 637/784/765 636/786/767
f 894/785/766 636/786/767 893/787/768
f 893/787/768 636/786/767 635/788/769
f 893/787/768 635/788/769 892/789/770
f 892/789/770 635/788/769 891/790/771
f 891/790/771 635/788/769 634/791/772
f 891/790/771 634/791/772 890/792/773
f 890/792/773 634/791/772 633/793/774
f 890/792/773 633/793/774 632/794/775
f 631/795/776 888/796/777 632/794/775
f 632/794/775 888/796/777 889/797/778
f 632/794/775 889/797/778 890/792/773
f 888/796/777 631/795/776 887/798/779
f 887/798/779 631/795/776 630/799/780
f 887/798/779 630/799/780 886/800/781
f 886/800/781 630/799/780 629/801/782
f 886/800/781 629/801/782 628/802/783
f 886/800/781 628/802/783 885/803/784
f 885/803/784 628/802/783 627/804/785
f 885/803/784 627/804/785 884/805/786
f 884/805/786 627/804/785 883/806/787
f 883/806/787 627/804/785 626/807/788
f 883/806/787 626/807/788 882/808/789
f 882/808/789 626/807/788 625/809/790
f 882/808/789 625/809/790 881/810/791
f 881/810/791 625/809/790 624/811/792
f 881/810/791 624/811/792 623/812/793
f 881/810/791 623/812/793 880/813/794
f 880/813/794 623/812/793 622/814/795
f 880/813/794 622/814/795 879/815/796
f 879/815/796 622/814/795 621/816/797
f 879/815/796 621/816/797 878/817/798
f 878/817/798 621/816/797 877/818/799
f 877/818/799 621/816/797 620/819/800
f 877/818/799 620/819/800 619/820/801
f 877/818/799 619/820/801 876/821/802
f 876/821/802 619/820/801 618/822/803
f 876/821/802 618/822/803 875/823/804
f 875/823/804 618/822/803 874/824/805
f 874/824/805 618/822/803 617/825/806
f 874/824/805 617/825/806 873/826/807
f 873/826/807 617/825/806 616/827/808
f 873/826/807 616/827/808 872/828/809
f 872/828/809 616/827/808 615/829/810
f 872/828/809 615/829/810 614/830/811
f 872/828/809 614/830/811 871/831/812
f 871/831/812 614/830/811 613/832/813
f 871/831/812 613/832/813 870/833/814
f 870/833/814 613/832/813 869/834/815
f 869/834/815 613/832/813 612/835/816
f 869/834/815 612/835/816 868/836/817
f 868/836/817 612/835/816 611/837/818
f 868/836/817 611/837/818 867/838/819
f 867/838/819 611/837/818 610/839/820
f 867/838/819 610/839/820 609/840/821
f 867/838/819 609/840/821 866/841/822
f 866/841/822 609/840/821 608/842/823
f 866/841/822 608/842/823 865/843/824
f 865/843/824 608/842/823 607/844/825
f 865/843/824 607/844/825 864/845/826
f 864/845/826 607/844/825 863/846/827
f 863/846/827 607/844/825 606/847/828
f 863/846/827 606/847/828 605/848/829
f 863/846/827 605/848/829 862/849/830
f 862/849/830 605/848/829 604/850/831
f 862/849/830 604/850/831 861/851/832
f 861/851/832 604/850/831 603/852/833
f 861/851/832 603/852/833 860/853/834
f 860/853/834 603/852/833 859/854/835
f 859/854/835 603/852/833 602/855/836
f 859/854/835 602/855/836 858/856/837
f 858/856/837 602/855/836 601/857/838
f 858/856/837 601/857/838 600/858/839
f 858/856/837 600/858/839 857/859/840
f 857/859/840 600/858/839 599/860/841
f 857/859/840 599/860/841 856/861/842
f 856/861/842 599/860/841 598/862/843
f 856/861/842 598/862/843 855/863/844
f 855/863/844 598/862/843 854/864/845
f 854/864/845 598/862/843 597/865/846
f 854/864/845 597/865/846 596/866/847
f 854/864/845 596/866/847 853/867/848
f 853/867/848 596/866/847 595/868/849
f 853/867/848 595/868/849 852/869/850
f 852/869/850 595/868/849 594/870/851
f 852/869/850 594/870/851 851/871/852
f 851/871/852 594/870/851 850/872/853
f 850/872/853 594/870/851 593/873/854
f 850/872/853 593/873/854 849/874/855
f 849/874/855 593/873/854 592/875/856
f 849/874/855 592/875/856 591/876/857
f 849/874/855 591/876/857 848/877/858
f 848/877/858 591/876/857 590/878/859
f 848/877/858 590/878/859 847/879/860
f 847/879/860 590/878/859 846/880/861
f 846/880/861 590/878/859 589/881/862
f 846/880/861 589/881/862 845/882/863
f 845/882/863 589/881/862 588/883/864
f 845/882/863 588/883/864 844/884/865
f 844/884/865 588/883/864 587/885/866
f 844/884/865 587/885/866 586/886/867
f 844/884/865 586/886/867 843/887/868
f 843/887/868 586/886/867 585/888/869
f 843/887/868 585/888/869 842/889/870
f 842/889/870 585/888/869 584/890/871
f 842/889/870 584/890/871 841/891/872
f 841/891/872 584/890/871 840/892/873
f 840/892/873 584/890/871 583/893/874
f 840/892/873 583/893/874 582/894/875
f 840/892/873 582/894/875 839/895/876
f 839/895/876 582/894/875 581/896/877
f 839/895/876 581/896/877 838/897/878
f 838/897/878 581/896/877 580/898/879
f 838/897/878 580/898/879 837/899/880
f 837/899/880 580/898/879 836/900/881
f 836/900/881 580/898/879 579/901/882
f 836/900/881 579/901/882 835/902/883
f 835/902/883 579/901/882 578/903/884
f 835/902/883 578/903/884 577/904/885
f 835/902/883 577/904/885 834/905/886
f 834/905/886 577/904/885 576/906/887
f 834/905/886 576/906/887 833/907/888
f 833/907/888 576/906/887 575/908/889
f 833/907/888 575/908/889 832/909/890
f 832/909/890 575/908/889 831/910/891
f 831/910/891 575/908/889 574/911/892
f 831/910/891 574/911/892 830/912/893
f 830/912/893 574/911/892 573/913/894
f 830/912/893 573/913/894 572/914/895
f 830/912/893 572/914/895 829/915/896
f 829/915/896 572/914/895 571/916/897
f 829/915/896 571/916/897 828/917/898
f 828/917/898 571/916/897 827/918/899
f 827/918/899 571/916/897 570/919/900
f 827/918/899 570/919/900 826/920/901
f 826/920/901 570/919/900 569/921/902
f 826/920/901 569/921/902 568/922/903
f 826/920/901 568/922/903 825/923/904
f 825/923/904 568/922/903 567/924/905
f 825/923/904 567/924/905 824/925/906
f 824/925/906 567/924/905 823/926/907
f 823/926/907 567/924/905 566/927/908
f 823/926/907 566/927/908 822/928/909
f 822/928/909 566/927/908 565/929/910
f 822/928/909 565/929/910 821/930/911
f 821/930/911 565/929/910 564/931/912
f 821/930/911 564/931/912 563/932/913
f 821/930/911 563/932/913 820/933/914
f 820/933/914 563/932/913 562/934/915
f 820/933/914 562/934/915 819/935/916
f 819/935/916 562/934/915 561/936/917
f 819/935/916 561/936/917 818/937/918
f 818/937/918 561/936/917 817/938/919
f 817/938/919 561/936/917 560/939/920
f 817/938/919 560/939/920 559/940/921
f 817/938/919 559/940/921 816/941/922
f 816/941/922 559/940/921 558/942/923
f 816/941/922 558/942/923 815/943/924
f 815/943/924 558/942/923 557/944/925
f 815/943/924 557/944/925 814/945/926
f 814/945/926 557/944/925 813/946/927
f 813/946/927 557/944/925 556/947/928
f 813/946/927 556/947/928 812/948/929
f 812/948/929 556/947/928 555/949/930
f 812/948/929 555/949/930 554/950/931
f 812/948/929 554/950/931 811/951/932
f 811/951/932 554/950/931 553/952/933
f 811/951/932 553/952/933 810/953/934
f 810/953/934 553/952/933 809/954/935
f 809/954/935 553/952/933 552/955/936
f 809/954/935 552/955/936 808/956/937
f 808/956/937 552/955/936 551/957/938
f 808/956/937 551/957/938 807/958/939
f 807/958/939 551/957/938 550/959/940
f 807/958/939 550/959/940 549/960/941
f 807/958/939 549/960/941 806/961/942
f 806/961/942 549/960/941 548/962/943
f 806/961/942 548/962/943 805/963/944
f 805/963/944 548/962/943 547/964/945
f 805/963/944 547/964/945 804/965/946
f 804/965/946 547/964/945 803/966/947
f 803/966/947 547/964/945 546/967/948
f 803/966/947 546/967/948 545/968/949
f 803/966/947 545/968/949 802/969/950
f 802/969/950 545/968/949 544/970/951
f 802/969/950 544/970/951 801/971/952
f 801/971/952 544/970/951 543/972/953
f 801/971/952 543/972/953 800/973/954
f 800/973/954 543/972/953 799/974/955
f 799/974/955 543/972/953 542/975/956
f 799/974/955 542/975/956 798/976/957
f 798/976/957 542/975/956 541/977/958
f 798/976/957 541/977/958 540/978/959
f 798/976/957 540/978/959 797/979/960
f 797/979/960 540/978/959 539/980/961
f 797/979/960 539/980/961 796/981/962
f 796/981/962 539/980/961 538/982/963
f 796/981/962 538/982/963 795/983/964
f 795/983/964 538/982/963 794/984/965
f 794/984/965 538/982/963 537/985/966
f 794/984/965 537/985/966 536/986/967
f 794/984/965 536/986/967 793/987/968
f 793/987/968 536/986/967 535/988/969
f 793/987/968 535/988/969 792/989/970
f 792/989/970 535/988/969 534/990/971
f 792/989/970 534/990/971 791/991/972
f 791/991/972 534/990/971 790/992/973
f 790/992/973 534/990/971 533/993/974
f 790/992/973 533/993/974 789/994/975
f 789/994/975 533/993/974 532/995/976
f 789/994/975 532/995/976 531/996/977
f 789/994/975 531/996/977 788/997/978
f 788/997/978 531/996/977 530/998/979
f 788/997/978 530/998/979 787/999/980
f 787/999/980 530/998/979 786/1000/981
f 786/1000/981 530/998/979 529/1001/982
f 786/1000/981 529/1001/982 785/1002/983
f 785/1002/983 529/1001/982 528/1003/984
f 785/1002/983 528/1003/984 784/1004/985
f 784/1004/985 528/1003/984 527/1005/986
f 784/1004/985 527/1005/986 526/1006/987
f 525/1007/988 782/1008/989 526/1006/987
f 526/1006/987 782/1008/989 783/1009/990
f 526/1006/987 783/1009/990 784/1004/985
f 525/1007/988 524/1010/991 782/1008/989
f 782/1008/989 524/1010/991 781/1011/992
f 781/1011/992 524/1010/991 780/1012/993
f 780/1012/993 524/1010/991 523/1013/994
f 780/1012/993 523/1013/994 522/1014/995
f 780/1012/993 522/1014/995 779/1015/996
f 779/1015/996 522/1014/995 521/1016/997
f 779/1015/996 521/1016/997 778/1017/998
f 778/1017/998 521/1016/997 520/1018/999
f 778/1017/998 520/1018/999 777/1019/1000
f 777/1019/1000 520/1018/999 776/1020/1001
f 776/1020/1001 520/1018/999 519/1021/1002
f 776/1020/1001 519/1021/1002 775/1022/1003
f 775/1022/1003 519/1021/1002 518/1023/1004
f 775/1022/1003 518/1023/1004 517/1024/1005
f 775/1022/1003 517/1024/1005 774/1025/1006
f 774/1025/1006 517/1024/1005 516/1026/1007
f 774/1025/1006 516/1026/1007 773/1027/1008
f 773/1027/1008 516/1026/1007 515/1028/1009
f 773/1027/1008 515/1028/1009 772/1029/1010
f 772/1029/1010 515/1028/1009 771/1030/1011
f 771/1030/1011 515/1028/1009 514/1031/1012
f 771/1030/1011 514/1031/1012 770/1032/1013
f 770/1032/1013 514/1031/1012 513/1033/1014
f 770/1032/1013 513/1033/1014 512/1034/1015
f 511/1035/1016 768/1036/1017 512/1034/1015
f 512/1034/1015 768/1036/1017 769/1037/1018
f 512/1034/1015 769/1037/1018 770/1032/1013
f 768/1036/1017 511/1035/1016 767/1038/1019
f 767/1038/1019 511/1035/1016 510/1039/1020
f 767/1038/1019 510/1039/1020 766/1040/1021
f 766/1040/1021 510/1039/1020 509/1041/1022
f 766/1040/1021 509/1041/1022 508/1042/1023
f 766/1040/1021 508/1042/1023 765/1043/1024
f 765/1043/1024 508/1042/1023 507/1044/1025
f 765/1043/1024 507/1044/1025 764/1045/1026
f 764/1045/1026 507/1044/1025 763/1046/1027
f 763/1046/1027 507/1044/1025 506/1047/1028
f 763/1046/1027 506/1047/1028 762/1048/1029
f 762/1048/1029 506/1047/1028 505/1049/1030
f 762/1048/1029 505/1049/1030 761/1050/1031
f 761/1050/1031 505/1049/1030 504/1051/1032
f 761/1050/1031 504/1051/1032 503/1052/1033
f 761/1050/1031 503/1052/1033 760/1053/1034
f 760/1053/1034 503/1052/1033 502/1054/1035
f 760/1053/1034 502/1054/1035 759/1055/1036
f 759/1055/1036 502/1054/1035 501/1056/1037
f 759/1055/1036 501/1056/1037 758/1057/1038
f 758/1057/1038 501/1056/1037 757/1058/1039
f 757/1058/1039 501/1056/1037 500/1059/1040
f 757/1058/1039 500/1059/1040 499/1060/1041
f 757/1058/1039 499/1060/1041 756/1061/1042
f 756/1061/1042 499/1060/1041 498/1062/1043
f 756/1061/1042 498/1062/1043 755/1063/1044
f 755/1063/1044 498/1062/1043 497/1064/1045
f 755/1063/1044 497/1064/1045 754/1065/1046
f 754/1065/1046 497/1064/1045 753/1066/1047
f 753/1066/1047 497/1064/1045 496/1067/1048
f 753/1066/1047 496/1067/1048 752/1068/1049
f 752/1068/1049 496/1067/1048 495/1069/1050
f 752/1068/1049 495/1069/1050 494/1070/1051
f 752/1068/1049 494/1070/1051 751/1071/1052
f 751/1071/1052 494/1070/1051 493/1072/1053
f 751/1071/1052 493/1072/1053 750/1073/1054
f 750/1073/1054 493/1072/1053 749/1074/1055
f 749/1074/1055 493/1072/1053 492/1075/1056
f 749/1074/1055 492/1075/1056 748/1076/1057
f 748/1076/1057 492/1075/1056 491/1077/1058
f 748/1076/1057 491/1077/1058 747/1078/1059
f 747/1078/1059 491/1077/1058 490/1079/1060
f 747/1078/1059 490/1079/1060 489/1080/1061
f 488/1081/1062 745/1082/1063 489/1080/1061
f 489/1080/1061 745/1082/1063 746/1083/1064
f 489/1080/1061 746/1083/1064 747/1078/1059
f 488/1081/1062 487/1084/1065 745/1082/1063
f 745/1082/1063 487/1084/1065 744/1085/1066
f 744/1085/1066 487/1084/1065 743/1086/1067
f 743/1086/1067 487/1084/1065 486/1087/1068
f 743/1086/1067 486/1087/1068 485/1088/1069
f 743/1086/1067 485/1088/1069 742/1089/1070
f 742/1089/1070 485/1088/1069 484/1090/1071
f 742/1089/1070 484/1090/1071 741/1091/1072
f 741/1091/1072 484/1090/1071 483/1092/1073
f 741/1091/1072 483/1092/1073 740/1093/1074
f 740/1093/1074 483/1092/1073 739/1094/1075
f 739/1094/1075 483/1092/1073 482/1095/1076
f 739/1094/1075 482/1095/1076 738/1096/1077
f 738/1096/1077 482/1095/1076 481/1097/1078
f 738/1096/1077 481/1097/1078 480/1098/1079
f 738/1096/1077 480/1098/1079 737/1099/1080
f 737/1099/1080 480/1098/1079 479/1100/1081
f 737/1099/1080 479/1100/1081 736/1101/1082
f 736/1101/1082 479/1100/1081 478/1102/1083
f 736/1101/1082 478/1102/1083 735/1103/1084
f 735/1103/1084 478/1102/1083 734/1104/1085
f 734/1104/1085 478/1102/1083 477/1105/1086
f 734/1104/1085 477/1105/1086 476/1106/1087
f 734/1104/1085 476/1106/1087 733/1107/1088
f 733/1107/1088 476/1106/1087 475/1108/1089
f 733/1107/1088 475/1108/1089 732/1109/1090
f 732/1109/1090 475/1108/1089 731/1110/1091
f 731/1110/1091 475/1108/1089 474/1111/1092
f 731/1110/1091 474/1111/1092 730/1112/1093
f 730/1112/1093 474/1111/1092 473/1113/1094
f 730/1112/1093 473/1113/1094 729/1114/1095
f 729/1114/1095 473/1113/1094 472/1115/1096
f 729/1114/1095 472/1115/1096 471/1116/1097
f 729/1114/1095 471/1116/1097 728/1117/1098
f 728/1117/1098 471/1116/1097 470/1118/1099
f 728/1117/1098 470/1118/1099 727/1119/1100
f 727/1119/1100 470/1118/1099 726/1120/1101
f 726/1120/1101 470/1118/1099 469/1121/1102
f 726/1120/1101 469/1121/1102 725/1122/1103
f 725/1122/1103 469/1121/1102 468/1123/1104
f 725/1122/1103 468/1123/1104 724/1124/1105
f 724/1124/1105 468/1123/1104 467/1125/1106
f 724/1124/1105 467/1125/1106 466/1126/1107
f 724/1124/1105 466/1126/1107 723/1127/1108
f 723/1127/1108 466/1126/1107 465/1128/1109
f 723/1127/1108 465/1128/1109 722/1129/1110
f 722/1129/1110 465/1128/1109 464/1130/1111
f 722/1129/1110 464/1130/1111 721/1131/1112
f 721/1131/1112 464/1130/1111 720/1132/1113
f 720/1132/1113 464/1130/1111 463/1133/1114
f 720/1132/1113 463/1133/1114 462/1134/1115
f 720/1132/1113 462/1134/1115 719/1135/1116
f 719/1135/1116 462/1134/1115 461/1136/1117
f 719/1135/1116 461/1136/1117 718/1137/1118
f 718/1137/1118 461/1136/1117 460/1138/1119
f 718/1137/1118 460/1138/1119 717/1139/1120
f 717/1139/1120 460/1138/1119 716/1140/1121
f 716/1140/1121 460/1138/1119 459/1141/1122
f 716/1140/1121 459/1141/1122 715/1142/1123
f 715/1142/1123 459/1141/1122 458/1143/1124
f 715/1142/1123 458/1143/1124 457/1144/1125
f 715/1142/1123 457/1144/1125 714/1145/1126
f 714/1145/1126 457/1144/1125 456/1146/1127
f 714/1145/1126 456/1146/1127 713/1147/1128
f 713/1147/1128 456/1146/1127 455/1148/1129
f 713/1147/1128 455/1148/1129 712/1149/1130
f 712/1149/1130 455/1148/1129 711/1150/1131
f 711/1150/1131 455/1148/1129 454/1151/1132
f 711/1150/1131 454/1151/1132 710/1152/1133
f 710/1152/1133 454/1151/1132 453/1153/1134
f 710/1152/1133 453/1153/1134 452/1154/1135
f 710/1152/1133 452/1154/1135 709/1155/1136
f 709/1155/1136 452/1154/1135 451/1156/1137
f 709/1155/1136 451/1156/1137 708/1157/1138
f 708/1157/1138 451/1156/1137 707/1158/1139
f 707/1158/1139 451/1156/1137 450/1159/1140
f 707/1158/1139 450/1159/1140 706/1160/1141
f 706/1160/1141 450/1159/1140 449/1161/1142
f 706/1160/1141 449/1161/1142 448/1162/1143
f 706/1160/1141 448/1162/1143 705/1163/1144
f 705/1163/1144 448/1162/1143 447/1164/1145
f 705/1163/1144 447/1164/1145 704/1165/1146
f 704/1165/1146 447/1164/1145 703/1166/1147
f 703/1166/1147 447/1164/1145 446/1167/1148
f 703/1166/1147 446/1167/1148 702/1168/1149
f 702/1168/1149 446/1167/1148 445/1169/1150
f 702/1168/1149 445/1169/1150 701/1170/1151
f 701/1170/1151 445/1169/1150 444/1171/1152
f 701/1170/1151 444/1171/1152 443/1172/1153
f 701/1170/1151 443/1172/1153 700/1173/1154
f 700/1173/1154 443/1172/1153 442/1174/1155
f 700/1173/1154 442/1174/1155 699/1175/1156
f 699/1175/1156 442/1174/1155 441/1176/1157
f 699/1175/1156 441/1176/1157 698/1177/1158
f 698/1177/1158 441/1176/1157 697/1178/1159
f 697/1178/1159 441/1176/1157 440/1179/1160
f 697/1178/1159 440/1179/1160 439/1180/1161
f 697/1178/1159 439/1180/1161 696/1181/1162
f 696/1181/1162 439/1180/1161 438/1182/1163
f 696/1181/1162 438/1182/1163 695/1183/1164
f 695/1183/1164 438/1182/1163 437/1184/1165
f 695/1183/1164 437/1184/1165 694/1185/1166
f 694/1185/1166 437/1184/1165 693/1186/1167
f 693/1186/1167 437/1184/1165 436/1187/1168
f 693/1186/1167 436/1187/1168 692/1188/1169
f 692/1188/1169 436/1187/1168 435/1189/1170
f 692/1188/1169 435/1189/1170 434/1190/1171
f 692/1188/1169 434/1190/1171 691/1191/1172
f 691/1191/1172 434/1190/1171 433/1192/1173
f 691/1191/1172 433/1192/1173 690/1193/1174
f 690/1193/1174 433/1192/1173 689/1194/1175
f 689/1194/1175 433/1192/1173 432/1195/1176
f 689/1194/1175 432/1195/1176 688/1196/1177
f 688/1196/1177 432/1195/1176 431/1197/1178
f 688/1196/1177 431/1197/1178 687/1198/1179
f 687/1198/1179 431/1197/1178 430/1199/1180
f 687/1198/1179 430/1199/1180 429/1200/1181
f 687/1198/1179 429/1200/1181 686/1201/1182
f 686/1201/1182 429/1200/1181 428/1202/1183
f 686/1201/1182 428/1202/1183 685/1203/1184
f 685/1203/1184 428/1202/1183 427/1204/1185
f 685/1203/1184 427/1204/1185 684/1205/1186
f 684/1205/1186 427/1204/1185 683/1206/1187
f 683/1206/1187 427/1204/1185 426/1207/1188
f 683/1206/1187 426/1207/1188 425/1208/1189
f 683/1206/1187 425/1208/1189 682/1209/1190
f 682/1209/1190 425/1208/1189 424/1210/1191
f 682/1209/1190 424/1210/1191 681/1211/1192
f 681/1211/1192 424/1210/1191 423/1212/1193
f 681/1211/1192 423/1212/1193 680/1213/1194
f 680/1213/1194 423/1212/1193 679/1214/1195
f 679/1214/1195 423/1212/1193 422/1215/1196
f 679/1214/1195 422/1215/1196 678/1216/1197
f 678/1216/1197 422/1215/1196 421/1217/1198
f 678/1216/1197 421/1217/1198 420/1218/1199
f 678/1216/1197 420/1218/1199 677/1219/1200
f 677/1219/1200 420/1218/1199 419/1220/1201
f 677/1219/1200 419/1220/1201 676/1221/1202
f 676/1221/1202 419/1220/1201 418/1222/1203
f 676/1221/1202 418/1222/1203 675/1223/1204
f 675/1223/1204 418/1222/1203 674/1224/1205
f 674/1224/1205 418/1222/1203 417/1225/1206
f 674/1224/1205 417/1225/1206 673/1226/1207
f 673/1226/1207 417/1225/1206 416/1227/1208
f 673/1226/1207 416/1227/1208 415/1228/1209
f 673/1226/1207 415/1228/1209 672/1229/1210
f 672/1229/1210 415/1228/1209 414/1230/1211
f 672/1229/1210 414/1230/1211 671/1231/1212
f 671/1231/1212 414/1230/1211 670/1232/1213
f 670/1232/1213 414/1230/1211 413/1233/1214
f 670/1232/1213 413/1233/1214 669/1234/1215
f 669/1234/1215 413/1233/1214 412/1235/1216
f 669/1234/1215 412/1235/1216 411/1236/1217
f 669/1234/1215 411/1236/1217 668/1237/1218
f 668/1237/1218 411/1236/1217 410/1238/1219
f 668/1237/1218 410/1238/1219 667/1239/1220
f 667/1239/1220 410/1238/1219 666/1240/1221
f 666/1240/1221 410/1238/1219 409/1241/1222
f 666/1240/1221 409/1241/1222 665/1242/1223
f 665/1242/1223 409/1241/1222 408/1243/1224
f 665/1242/1223 408/1243/1224 664/1244/1225
f 664/1244/1225 408/1243/1224 407/1245/1226
f 664/1244/1225 407/1245/1226 406/1246/1227
f 664/1244/1225 406/1246/1227 663/1247/1228
f 663/1247/1228 406/1246/1227 405/1248/1229
f 663/1247/1228 405/1248/1229 662/1249/1230
f 662/1249/1230 405/1248/1229 404/1250/1231
f 662/1249/1230 404/1250/1231 661/1251/1232
f 661/1251/1232 404/1250/1231 660/1252/1233
f 660/1252/1233 404/1250/1231 403/1253/1234
f 660/1252/1233 403/1253/1234 402/1254/1235
f 660/1252/1233 402/1254/1235 659/1255/1236
f 659/1255/1236 402/1254/1235 401/1256/1237
f 659/1255/1236 401/1256/1237 658/1257/1238
f 658/1257/1238 401/1256/1237 400/1258/1239
f 658/1257/1238 400/1258/1239 657/1259/1240
f 657/1259/1240 400/1258/1239 656/1260/1241
f 656/1260/1241 400/1258/1239 399/1261/1242
f 656/1260/1241 399/1261/1242 655/1262/1243
f 655/1262/1243 399/1261/1242 398/1263/1244
f 655/1262/1243 398/1263/1244 397/1264/1245
f 655/1262/1243 397/1264/1245 654/1265/1246
f 654/1265/1246 397/1264/1245 396/1266/1247
f 654/1265/1246 396/1266/1247 653/1267/1248
f 653/1267/1248 396/1266/1247 395/1268/1249
f 653/1267/1248 395/1268/1249 652/1269/1250
f 652/1269/1250 395/1268/1249 651/1270/1251
f 651/1270/1251 395/1268/1249 394/1271/1252
f 651/1270/1251 394/1271/1252 650/1272/1253
f 650/1272/1253 394/1271/1252 393/1273/1254
f 650/1272/1253 393/1273/1254 392/1274/1255
f 650/1272/1253 392/1274/1255 649/1275/1256
f 649/1275/1256 392/1274/1255 391/1276/1257
f 649/1275/1256 391/1276/1257 648/1277/1258
f 648/1277/1258 391/1276/1257 647/1278/1259
f 647/1278/1259 391/1276/1257 390/1279/1260
f 647/1278/1259 390/1279/1260 389/1280/1261
f 389/1280/1261 646/1281/1262 647/1278/1259
f 645/1282/1263 901/1283/1264 902/1284/1265
f 902/1284/1265 901/1283/1264 1158/1285/1266
f 1158/1285/1266 901/1283/1264 900/1286/1267
f 1158/1285/1266 900/1286/1267 1157/1287/1268
f 1157/1287/1268 900/1286/1267 899/1288/1269
f 1157/1287/1268 899/1288/1269 1156/1289/1270
f 1156/1289/1270 899/1288/1269 898/1290/1271
f 1156/1289/1270 898/1290/1271 1155/1291/1272
f 1155/1291/1272 898/1290/1271 897/1292/1273
f 1155/1291/1272 897/1292/1273 1154/1293/1274
f 1154/1293/1274 897/1292/1273 896/1294/1275
f 1154/1293/1274 896/1294/1275 1153/1295/1276
f 1153/1295/1276 896/1294/1275 895/1296/1277
f 1153/1295/1276 895/1296/1277 1152/1297/1278
f 1152/1297/1278 895/1296/1277 894/1298/1279
f 1152/1297/1278 894/1298/1279 1151/1299/1280
f 1151/1299/1280 894/1298/1279 893/1300/1281
f 1151/1299/1280 893/1300/1281 1150/1301/1282
f 1150/1301/1282 893/1300/1281 892/1302/1283
f 1150/1301/1282 892/1302/1283 1149/1303/1284
f 1149/1303/1284 892/1302/1283 891/1304/1285
f 1149/1303/1284 891/1304/1285 1148/1305/1286
f 1148/1305/1286 891/1304/1285 890/1306/1287
f 1148/1305/1286 890/1306/1287 1147/1307/1288
f 1147/1307/1288 890/1306/1287 889/1308/1289
f 1147/1307/1288 889/1308/1289 1146/1309/1290
f 1146/1309/1290 889/1308/1289 888/1310/1291
f 1146/1309/1290 888/1310/1291 1145/1311/1292
f 1145/1311/1292 888/1310/1291 887/1312/1293
f 1145/1311/1292 887/1312/1293 1144/1313/1294
f 1144/1313/1294 887/1312/1293 886/1314/1295
f 1144/1313/1294 886/1314/1295 1143/1315/1296
f 1143/1315/1296 886/1314/1295 885/1316/1297
f 1143/1315/1296 885/1316/1297 1142/1317/1298
f 1142/1317/1298 885/1316/1297 884/1318/1299
f 1142/1317/1298 884/1318/1299 1141/1319/1300
f 1141/1319/1300 884/1318/1299 883/1320/1301
f 1141/1319/1300 883/1320/1301 1140/1321/1302
f 1140/1321/1302 883/1320/1301 882/1322/1303
f 1140/1321/1302 882/1322/1303 1139/1323/1304
f 1139/1323/1304 882/1322/1303 881/1324/1305
f 1139/1323/1304 881/1324/1305 1138/1325/1306
f 1138/1325/1306 881/1324/1305 880/1326/1307
f 1138/1325/1306 880/1326/1307 1137/1327/1308
f 1137/1328/1308 880/1329/1307 879/1330/1309
f 1137/1328/1308 879/1330/1309 1136/1331/1310
f 1136/1331/1310 879/1330/1309 878/1332/1311
f 1136/1331/1310 878/1332/1311 1135/1333/1312
f 1135/1333/1312 878/1332/1311 877/1334/1313
f 1135/1333/1312 877/1334/1313 1134/1335/1314
f 1134/1335/1314 877/1334/1313 876/1336/1315
f 1134/1335/1314 876/1336/1315 1133/1337/1316
f 1133/1337/1316 876/1336/1315 875/1338/1317
f 1133/1337/1316 875/1338/1317 1132/1339/1318
f 1132/1339/1318 875/1338/1317 874/1340/1319
f 1132/1339/1318 874/1340/1319 1131/1341/1320
f 1131/1341/1320 874/1340/1319 873/1342/1321
f 1131/1341/1320 873/1342/1321 1130/1343/1322
f 1130/1343/1322 873/1342/1321 872/1344/1323
f 1130/1343/1322 872/1344/1323 1129/1345/1324
f 1129/1345/1324 872/1344/1323 871/1346/1325
f 1129/1345/1324 871/1346/1325 1128/1347/1326
f 1128/1347/1326 871/1346/1325 870/1348/1327
f 1128/1347/1326 870/1348/1327 1127/1349/1328
f 1127/1349/1328 870/1348/1327 869/1350/1329
f 1127/1349/1328 869/1350/1329 1126/1351/1330
f 1126/1351/1330 869/1350/1329 868/1352/1331
f 1126/1351/1330 868/1352/1331 1125/1353/1332
f 1125/1353/1332 868/1352/1331 867/1354/1333
f 1125/1353/1332 867/1354/1333 1124/1355/1334
f 1124/1355/1334 867/1354/1333 866/1356/1335
f 1124/1355/1334 866/1356/1335 1123/1357/1336
f 1123/1357/1336 866/1356/1335 865/1358/1337
f 1123/1357/1336 865/1358/1337 1122/1359/1338
f 1122/1359/1338 865/1358/1337 864/1360/1339
f 1122/1359/1338 864/1360/1339 1121/1361/1340
f 1121/1361/1340 864/1360/1339 863/1362/1341
f 1121/1361/1340 863/1362/1341 1120/1363/1342
f 1120/1363/1342 863/1362/1341 862/1364/1343
f 1120/1363/1342 862/1364/1343 1119/1365/1344
f 1119/1365/1344 862/1364/1343 861/1366/1345
f 1119/1365/1344 861/1366/1345 1118/1367/1346
f 1118/1367/1346 861/1366/1345 860/1368/1347
f 1118/1367/1346 860/1368/1347 1117/1369/1348
f 1117/1369/1348 860/1368/1347 859/1370/1349
f 1117/1369/1348 859/1370/1349 1116/1371/1350
f 1116/1371/1350 859/1370/1349 858/1372/1351
f 1116/1371/1350 858/1372/1351 1115/1373/1352
f 1115/1373/1352 858/1372/1351 857/1374/1353
f 1115/1373/1352 857/1374/1353 1114/1375/1354
f 1114/1375/1354 857/1374/1353 856/1376/1355
f 1114/1375/1354 856/1376/1355 1113/1377/1356
f 1113/1377/1356 856/1376/1355 855/1378/1357
f 1113/1377/1356 855/1378/1357 1112/1379/1358
f 1112/1379/1358 855/1378/1357 854/1380/1359
f 1112/1379/1358 854/1380/1359 1111/1381/1360
f 1111/1381/1360 854/1380/1359 853/1382/1361
f 1111/1381/1360 853/1382/1361 1110/1383/1362
f 1110/1383/1362 853/1382/1361 852/1384/1363
f 1110/1383/1362 852/1384/1363 1109/1385/1364
f 1109/1385/1364 852/1384/1363 851/1386/1365
f 1109/1385/1364 851/1386/1365 1108/1387/1366
f 1108/1387/1366 851/1386/1365 850/1388/1367
f 1108/1387/1366 850/1388/1367 1107/1389/1368
f 1107/1389/1368 850/1388/1367 849/1390/1369
f 1107/1389/1368 849/1390/1369 1106/1391/1370
f 1106/1391/1370 849/1390/1369 848/1392/1371
f 1106/1391/1370 848/1392/1371 1105/1393/1372
f 1105/1393/1372 848/1392/1371 847/1394/1373
f 1105/1393/1372 847/1394/1373 1104/1395/1374
f 1104/1395/1374 847/1394/1373 846/1396/1375
f 1104/1395/1374 846/1396/1375 1103/1397/1376
f 1103/1397/1376 846/1396/1375 845/1398/1377
f 1103/1397/1376 845/1398/1377 1102/1399/1378
f 1102/1399/1378 845/1398/1377 844/1400/1379
f 1102/1399/1378 844/1400/1379 1101/1401/1380
f 1101/1401/1380 844/1400/1379 843/1402/1381
f 1101/1401/1380 843/1402/1381 1100/1403/1382
f 1100/1403/1382 843/1402/1381 842/1404/1383
f 1100/1403/1382 842/1404/1383 1099/1405/1384
f 1099/1405/1384 842/1404/1383 841/1406/1385
f 1099/1405/1384 841/1406/1385 1098/1407/1386
f 1098/1407/1386 841/1406/1385 840/1408/1387
f 1098/1407/1386 840/1408/1387 1097/1409/1388
f 1097/1409/1388 840/1408/1387 839/1410/1389
f 1097/1409/1388 839/1410/1389 1096/1411/1390
f 1096/1411/1390 839/1410/1389 838/1412/1391
f 1096/1411/1390 838/1412/1391 1095/1413/1392
f 1095/1414/1392 838/1415/1391 837/1416/1393
f 1095/1414/1392 837/1416/1393 1094/1417/1394
f 1094/1417/1394 837/1416/1393 836/1418/1395
f 1094/1417/1394 836/1418/1395 1093/1419/1396
f 1093/1419/1396 836/1418/1395 835/1420/1397
f 1093/1419/1396 835/1420/1397 1092/1421/1398
f 1092/1421/1398 835/1420/1397 834/1422/1399
f 1092/1421/1398 834/1422/1399 1091/1423/1400
f 1091/1423/1400 834/1422/1399 833/1424/1401
f 1091/1423/1400 833/1424/1401 1090/1425/1402
f 1090/1425/1402 833/1424/1401 832/1426/1403
f 1090/1425/1402 832/1426/1403 1089/1427/1404
f 1089/1427/1404 832/1426/1403 831/1428/1405
f 1089/1427/1404 831/1428/1405 1088/1429/1406
f 1088/1429/1406 831/1428/1405 830/1430/1407
f 1088/1429/1406 830/1430/1407 1087/1431/1408
f 1087/1431/1408 830/1430/1407 829/1432/1409
f 1087/1431/1408 829/1432/1409 1086/1433/1410
f 1086/1433/1410 829/1432/1409 828/1434/1411
f 1086/1433/1410 828/1434/1411 1085/1435/1412
f 1085/1435/1412 828/1434/1411 827/1436/1413
f 1085/1435/1412 827/1436/1413 1084/1437/1414
f 1084/1437/1414 827/1436/1413 826/1438/1415
f 1084/1437/1414 826/1438/1415 1083/1439/1416
f 1083/1439/1416 826/1438/1415 825/1440/1417
f 1083/1439/1416 825/1440/1417 1082/1441/1418
f 1082/1441/1418 825/1440/1417 824/1442/1419
f 1082/1441/1418 824/1442/1419 1081/1443/1420
f 1081/1443/1420 824/1442/1419 823/1444/1421
f 1081/1443/1420 823/1444/1421 1080/1445/1422
f 1080/1445/1422 823/1444/1421 822/1446/1423
f 1080/1445/1422 822/1446/1423 1079/1447/1424
f 1079/1447/1424 822/1446/1423 821/1448/1425
f 1079/1447/1424 821/1448/1425 1078/1449/1426
f 1078/1449/1426 821/1448/1425 820/1450/1427
f 1078/1449/1426 820/1450/1427 1077/1451/1428
f 1077/1451/1428 820/1450/1427 819/1452/1429
f 1077/1451/1428 819/1452/1429 1076/1453/1430
f 1076/1453/1430 819/1452/1429 818/1454/1431
f 1076/1453/1430 818/1454/1431 1075/1455/1432
f 1075/1455/1432 818/1454/1431 817/1456/1433
f 1075/1455/1432 817/1456/1433 1074/1457/1434
f 1074/1457/1434 817/1456/1433 816/1458/1435
f 1074/1457/1434 816/1458/1435 1073/1459/1436
f 1073/1459/1436 816/1458/1435 815/1460/1437
f 1073/1459/1436 815/1460/1437 1072/1461/1438
f 1072/1461/1438 815/1460/1437 814/1462/1439
f 1072/1461/1438 814/1462/1439 1071/1463/1440
f 1071/1463/1440 814/1462/1439 813/1464/1441
f 1071/1463/1440 813/1464/1441 1070/1465/1442
f 1070/1465/1442 813/1464/1441 812/1466/1443
f 1070/1465/1442 812/1466/1443 1069/1467/1444
f 1069/1467/1444 812/1466/1443 811/1468/1445
f 1069/1467/1444 811/1468/1445 1068/1469/1446
f 1068/1469/1446 811/1468/1445 810/1470/1447
f 1068/1469/1446 810/1470/1447 1067/1471/1448
f 1067/1471/1448 810/1470/1447 809/1472/1449
f 1067/1471/1448 809/1472/1449 1066/1473/1450
f 1066/1473/1450 809/1472/1449 808/1474/1451
f 1066/1473/1450 808/1474/1451 1065/1475/1452
f 1065/1475/1452 808/1474/1451 807/1476/1453
f 1065/1475/1452 807/1476/1453 1064/1477/1454
f 1064/1477/1454 807/1476/1453 806/1478/1455
f 1064/1477/1454 806/1478/1455 1063/1479/1456
f 1063/1479/1456 806/1478/1455 805/1480/1457
f 1063/1479/1456 805/1480/1457 1062/1481/1458
f 1062/1481/1458 805/1480/1457 804/1482/1459
f 1062/1481/1458 804/1482/1459 1061/1483/1460
f 1061/1483/1460 804/1482/1459 803/1484/1461
f 1061/1483/1460 803/1484/1461 1060/1485/1462
f 1060/1485/1462 803/1484/1461 802/1486/1463
f 1060/1485/1462 802/1486/1463 1059/1487/1464
f 1059/1487/1464 802/1486/1463 801/1488/1465
f 1059/1487/1464 801/1488/1465 1058/1489/1466
f 1058/1489/1466 801/1488/1465 800/1490/1467
f 1058/1489/1466 800/1490/1467 1057/1491/1468
f 1057/1491/1468 800/1490/1467 799/1492/1469
f 1057/1491/1468 799/1492/1469 1056/1493/1470
f 1056/1493/1470 799/1492/1469 798/1494/1471
f 1056/1493/1470 798/1494/1471 1055/1495/1472
f 1055/1495/1472 798/1494/1471 797/1496/1473
f 1055/1495/1472 797/1496/1473 1054/1497/1474
f 1054/1497/1474 797/1496/1473 796/1498/1475
f 1054/1497/1474 796/1498/1475 1053/1499/1476
f 1053/1499/1476 796/1498/1475 795/1500/1477
f 1053/1499/1476 795/1500/1477 1052/1501/1478
f 1052/1502/1478 795/1503/1477 794/1504/1479
f 1052/1502/1478 794/1504/1479 1051/1505/1480
f 1051/1505/1480 794/1504/1479 793/1506/1481
f 1051/1505/1480 793/1506/1481 1050/1507/1482
f 1050/1507/1482 793/1506/1481 792/1508/1483
f 1050/1507/1482 792/1508/1483 1049/1509/1484
f 1049/1509/1484 792/1508/1483 791/1510/1485
f 1049/1509/1484 791/1510/1485 1048/1511/1486
f 1048/1511/1486 791/1510/1485 790/1512/1487
f 1048/1511/1486 790/1512/1487 1047/1513/1488
f 1047/1513/1488 790/1512/1487 789/1514/1489
f 1047/1513/1488 789/1514/1489 1046/1515/1490
f 1046/1515/1490 789/1514/1489 788/1516/1491
f 1046/1515/1490 788/1516/1491 1045/1517/1492
f 1045/1517/1492 788/1516/1491 787/1518/1493
f 1045/1517/1492 787/1518/1493 1044/1519/1494
f 1044/1519/1494 787/1518/1493 786/1520/1495
f 1044/1519/1494 786/1520/1495 1043/1521/1496
f 1043/1521/1496 786/1520/1495 785/1522/1497
f 1043/1521/1496 785/1522/1497 1042/1523/1498
f 1042/1523/1498 785/1522/1497 784/1524/1499
f 1042/1523/1498 784/1524/1499 1041/1525/1500
f 1041/1525/1500 784/1524/1499 783/1526/1501
f 1041/1525/1500 783/1526/1501 1040/1527/1502
f 1040/1527/1502 783/1526/1501 782/1528/1503
f 1040/1527/1502 782/1528/1503 1039/1529/1504
f 1039/1529/1504 782/1528/1503 781/1530/1505
f 1039/1529/1504 781/1530/1505 1038/1531/1506
f 1038/1531/1506 781/1530/1505 780/1532/1507
f 1038/1531/1506 780/1532/1507 1037/1533/1508
f 1037/1533/1508 780/1532/1507 779/1534/1509
f 1037/1533/1508 779/1534/1509 1036/1535/1510
f 1036/1535/1510 779/1534/1509 778/1536/1511
f 1036/1535/1510 778/1536/1511 1035/1537/1512
f 1035/1537/1512 778/1536/1511 1159/1538/1513
f 1035/1537/1512 1159/1538/1513 1034/1539/1514
f 1034/1539/1514 1159/1538/1513 777/1540/1515
f 1034/1539/1514 777/1540/1515 1160/1541/1516
f 1160/1541/1516 777/1540/1515 776/1542/1517
f 1160/1541/1516 776/1542/1517 1033/1543/1518
f 1033/1543/1518 776/1542/1517 775/1544/1519
f 1033/1543/1518 775/1544/1519 1032/1545/1520
f 1032/1545/1520 775/1544/1519 1161/1546/1521
f 1032/1545/1520 1161/1546/1521 1031/1547/1522
f 1031/1547/1522 1161/1546/1521 774/1548/1523
f 1031/1547/1522 774/1548/1523 1162/1549/1524
f 1162/1549/1524 774/1548/1523 773/1550/1525
f 1162/1549/1524 773/1550/1525 1030/1551/1526
f 1030/1551/1526 773/1550/1525 772/1552/1527
f 1030/1551/1526 772/1552/1527 1029/1553/1528
f 1029/1553/1528 772/1552/1527 1163/1554/1529
f 1029/1553/1528 1163/1554/1529 1028/1555/1530
f 1028/1555/1530 1163/1554/1529 771/1556/1531
f 1028/1555/1530 771/1556/1531 1164/1557/1532
f 1164/1557/1532 771/1556/1531 770/1558/1533
f 1164/1557/1532 770/1558/1533 1027/1559/1534
f 1027/1559/1534 770/1558/1533 769/1560/1535
f 1027/1559/1534 769/1560/1535 1026/1561/1536
f 1026/1561/1536 769/1560/1535 768/1562/1537
f 1026/1561/1536 768/1562/1537 1025/1563/1538
f 1025/1563/1538 768/1562/1537 767/1564/1539
f 1025/1563/1538 767/1564/1539 1024/1565/1540
f 1024/1565/1540 767/1564/1539 766/1566/1541
f 1024/1565/1540 766/1566/1541 1023/1567/1542
f 1023/1567/1542 766/1566/1541 765/1568/1543
f 1023/1567/1542 765/1568/1543 1022/1569/1544
f 1022/1569/1544 765/1568/1543 764/1570/1545
f 1022/1569/1544 764/1570/1545 1021/1571/1546
f 1021/1571/1546 764/1570/1545 763/1572/1547
f 1021/1571/1546 763/1572/1547 1020/1573/1548
f 1020/1573/1548 763/1572/1547 762/1574/1549
f 1020/1573/1548 762/1574/1549 1019/1575/1550
f 1019/1575/1550 762/1574/1549 761/1576/1551
f 1019/1575/1550 761/1576/1551 1018/1577/1552
f 1018/1577/1552 761/1576/1551 760/1578/1553
f 1018/1577/1552 760/1578/1553 1017/1579/1554
f 1017/1579/1554 760/1578/1553 759/1580/1555
f 1017/1579/1554 759/1580/1555 1016/1581/1556
f 1016/1581/1556 759/1580/1555 758/1582/1557
f 1016/1581/1556 758/1582/1557 1015/1583/1558
f 1015/1583/1558 758/1582/1557 757/1584/1559
f 1015/1583/1558 757/1584/1559 1014/1585/1560
f 1014/1585/1560 757/1584/1559 756/1586/1561
f 1014/1585/1560 756/1586/1561 1013/1587/1562
f 1013/1587/1562 756/1586/1561 755/1588/1563
f 1013/1587/1562 755/1588/1563 1012/1589/1564
f 1012/1589/1564 755/1588/1563 754/1590/1565
f 1012/1589/1564 754/1590/1565 1011/1591/1566
f 1011/1591/1566 754/1590/1565 753/1592/1567
f 1011/1591/1566 753/1592/1567 1010/1593/1568
f 1010/1593/1568 753/1592/1567 752/1594/1569
f 1010/1593/1568 752/1594/1569 1009/1595/1570
f 1009/1596/1570 752/1597/1569 751/1598/1571
f 1009/1596/1570 751/1598/1571 1008/1599/1572
f 1008/1599/1572 751/1598/1571 750/1600/1573
f 1008/1599/1572 750/1600/1573 1007/1601/1574
f 1007/1601/1574 750/1600/1573 749/1602/1575
f 1007/1601/1574 749/1602/1575 1006/1603/1576
f 1006/1603/1576 749/1602/1575 748/1604/1577
f 1006/1603/1576 748/1604/1577 1005/1605/1578
f 1005/1605/1578 748/1604/1577 747/1606/1579
f 1005/1605/1578 747/1606/1579 1004/1607/1580
f 1004/1607/1580 747/1606/1579 746/1608/1581
f 1004/1607/1580 746/1608/1581 1003/1609/1582
f 1003/1609/1582 746/1608/1581 745/1610/1583
f 1003/1609/1582 745/1610/1583 1002/1611/1584
f 1002/1611/1584 745/1610/1583 744/1612/1585
f 1002/1611/1584 744/1612/1585 1001/1613/1586
f 1001/1613/1586 744/1612/1585 743/1614/1587
f 1001/1613/1586 743/1614/1587 1000/1615/1588
f 1000/1615/1588 743/1614/1587 742/1616/1589
f 1000/1615/1588 742/1616/1589 999/1617/1590
f 999/1617/1590 742/1616/1589 741/1618/1591
f 999/1617/1590 741/1618/1591 998/1619/1592
f 998/1619/1592 741/1618/1591 740/1620/1593
f 998/1619/1592 740/1620/1593 997/1621/1594
f 997/1621/1594 740/1620/1593 739/1622/1595
f 997/1621/1594 739/1622/1595 996/1623/1596
f 996/1623/1596 739/1622/1595 738/1624/1597
f 996/1623/1596 738/1624/1597 995/1625/1598
f 995/1625/1598 738/1624/1597 737/1626/1599
f 995/1625/1598 737/1626/1599 994/1627/1600
f 994/1627/1600 737/1626/1599 736/1628/1601
f 994/1627/1600 736/1628/1601 993/1629/1602
f 993/1629/1602 736/1628/1601 735/1630/1603
f 993/1629/1602 735/1630/1603 992/1631/1604
f 992/1631/1604 735/1630/1603 734/1632/1605
f 992/1631/1604 734/1632/1605 991/1633/1606
f 991/1633/1606 734/1632/1605 733/1634/1607
f 991/1633/1606 733/1634/1607 990/1635/1608
f 990/1635/1608 733/1634/1607 732/1636/1609
f 990/1635/1608 732/1636/1609 989/1637/1610
f 989/1637/1610 732/1636/1609 731/1638/1611
f 989/1637/1610 731/1638/1611 988/1639/1612
f 988/1639/1612 731/1638/1611 730/1640/1613
f 988/1639/1612 730/1640/1613 987/1641/1614
f 987/1641/1614 730/1640/1613 729/1642/1615
f 987/1641/1614 729/1642/1615 986/1643/1616
f 986/1643/1616 729/1642/1615 728/1644/1617
f 986/1643/1616 728/1644/1617 985/1645/1618
f 985/1645/1618 728/1644/1617 727/1646/1619
f 985/1645/1618 727/1646/1619 984/1647/1620
f 984/1647/1620 727/1646/1619 726/1648/1621
f 984/1647/1620 726/1648/1621 983/1649/1622
f 983/1649/1622 726/1648/1621 725/1650/1623
f 983/1649/1622 725/1650/1623 982/1651/1624
f 982/1651/1624 725/1650/1623 724/1652/1625
f 982/1651/1624 724/1652/1625 981/1653/1626
f 981/1653/1626 724/1652/1625 723/1654/1627
f 981/1653/1626 723/1654/1627 980/1655/1628
f 980/1655/1628 723/1654/1627 722/1656/1629
f 980/1655/1628 722/1656/1629 979/1657/1630
f 979/1657/1630 722/1656/1629 721/1658/1631
f 979/1657/1630 721/1658/1631 978/1659/1632
f 978/1659/1632 721/1658/1631 720/1660/1633
f 978/1659/1632 720/1660/1633 977/1661/1634
f 977/1661/1634 720/1660/1633 719/1662/1635
f 977/1661/1634 719/1662/1635 976/1663/1636
f 976/1663/1636 719/1662/1635 718/1664/1637
f 976/1663/1636 718/1664/1637 975/1665/1638
f 975/1665/1638 718/1664/1637 717/1666/1639
f 975/1665/1638 717/1666/1639 974/1667/1640
f 974/1667/1640 717/1666/1639 716/1668/1641
f 974/1667/1640 716/1668/1641 973/1669/1642
f 973/1669/1642 716/1668/1641 715/1670/1643
f 973/1669/1642 715/1670/1643 972/1671/1644
f 972/1671/1644 715/1670/1643 714/1672/1645
f 972/1671/1644 714/1672/1645 971/1673/1646
f 971/1673/1646 714/1672/1645 713/1674/1647
f 971/1673/1646 713/1674/1647 970/1675/1648
f 970/1675/1648 713/1674/1647 712/1676/1649
f 970/1675/1648 712/1676/1649 969/1677/1650
f 969/1677/1650 712/1676/1649 711/1678/1651
f 969/1677/1650 711/1678/1651 968/1679/1652
f 968/1679/1652 711/1678/1651 710/1680/1653
f 968/1679/1652 710/1680/1653 967/1681/1654
f 967/1682/1654 710/1683/1653 709/1684/1655
f 967/1682/1654 709/1684/1655 966/1685/1656
f 966/1685/1656 709/1684/1655 708/1686/1657
f 966/1685/1656 708/1686/1657 965/1687/1658
f 965/1687/1658 708/1686/1657 707/1688/1659
f 965/1687/1658 707/1688/1659 964/1689/1660
f 964/1689/1660 707/1688/1659 706/1690/1661
f 964/1689/1660 706/1690/1661 963/1691/1662
f 963/1691/1662 706/1690/1661 705/1692/1663
f 963/1691/1662 705/1692/1663 962/1693/1664
f 962/1693/1664 705/1692/1663 704/1694/1665
f 962/1693/1664 704/1694/1665 961/1695/1666
f 961/1695/1666 704/1694/1665 703/1696/1667
f 961/1695/1666 703/1696/1667 960/1697/1668
f 960/1697/1668 703/1696/1667 702/1698/1669
f 960/1697/1668 702/1698/1669 959/1699/1670
f 959/1699/1670 702/1698/1669 701/1700/1671
f 959/1699/1670 701/1700/1671 958/1701/1672
f 958/1701/1672 701/1700/1671 700/1702/1673
f 958/1701/1672 700/1702/1673 957/1703/1674
f 957/1703/1674 700/1702/1673 699/1704/1675
f 957/1703/1674 699/1704/1675 956/1705/1676
f 956/1705/1676 699/1704/1675 698/1706/1677
f 956/1705/1676 698/1706/1677 955/1707/1678
f 955/1707/1678 698/1706/1677 697/1708/1679
f 955/1707/1678 697/1708/1679 954/1709/1680
f 954/1709/1680 697/1708/1679 696/1710/1681
f 954/1709/1680 696/1710/1681 953/1711/1682
f 953/1711/1682 696/1710/1681 695/1712/1683
f 953/1711/1682 695/1712/1683 952/1713/1684
f 952/1713/1684 695/1712/1683 694/1714/1685
f 952/1713/1684 694/1714/1685 951/1715/1686
f 951/1715/1686 694/1714/1685 693/1716/1687
f 951/1715/1686 693/1716/1687 950/1717/1688
f 950/1717/1688 693/1716/1687 692/1718/1689
f 950/1717/1688 692/1718/1689 949/1719/1690
f 949/1719/1690 692/1718/1689 691/1720/1691
f 949/1719/1690 691/1720/1691 948/1721/1692
f 948/1721/1692 691/1720/1691 690/1722/1693
f 948/1721/1692 690/1722/1693 947/1723/1694
f 947/1723/1694 690/1722/1693 689/1724/1695
f 947/1723/1694 689/1724/1695 946/1725/1696
f 946/1725/1696 689/1724/1695 688/1726/1697
f 946/1725/1696 688/1726/1697 945/1727/1698
f 945/1727/1698 688/1726/1697 687/1728/1699
f 945/1727/1698 687/1728/1699 944/1729/1700
f 944/1729/1700 687/1728/1699 686/1730/1701
f 944/1729/1700 686/1730/1701 943/1731/1702
f 943/1731/1702 686/1730/1701 685/1732/1703
f 943/1731/1702 685/1732/1703 942/1733/1704
f 942/1733/1704 685/1732/1703 684/1734/1705
f 942/1733/1704 684/1734/1705 941/1735/1706
f 941/1735/1706 684/1734/1705 683/1736/1707
f 941/1735/1706 683/1736/1707 940/1737/1708
f 940/1737/1708 683/1736/1707 682/1738/1709
f 940/1737/1708 682/1738/1709 939/1739/1710
f 939/1739/1710 682/1738/1709 681/1740/1711
f 939/1739/1710 681/1740/1711 938/1741/1712
f 938/1741/1712 681/1740/1711 680/1742/1713
f 938/1741/1712 680/1742/1713 937/1743/1714
f 937/1743/1714 680/1742/1713 679/1744/1715
f 937/1743/1714 679/1744/1715 936/1745/1716
f 936/1745/1716 679/1744/1715 678/1746/1717
f 936/1745/1716 678/1746/1717 935/1747/1718
f 935/1747/1718 678/1746/1717 677/1748/1719
f 935/1747/1718 677/1748/1719 934/1749/1720
f 934/1749/1720 677/1748/1719 676/1750/1721
f 934/1749/1720 676/1750/1721 933/1751/1722
f 933/1751/1722 676/1750/1721 675/1752/1723
f 933/1751/1722 675/1752/1723 932/1753/1724
f 932/1753/1724 675/1752/1723 674/1754/1725
f 932/1753/1724 674/1754/1725 931/1755/1726
f 931/1755/1726 674/1754/1725 673/1756/1727
f 931/1755/1726 673/1756/1727 930/1757/1728
f 930/1757/1728 673/1756/1727 672/1758/1729
f 930/1757/1728 672/1758/1729 929/1759/1730
f 929/1759/1730 672/1758/1729 671/1760/1731
f 929/1759/1730 671/1760/1731 928/1761/1732
f 928/1761/1732 671/1760/1731 670/1762/1733
f 928/1761/1732 670/1762/1733 927/1763/1734
f 927/1763/1734 670/1762/1733 669/1764/1735
f 927/1763/1734 669/1764/1735 926/1765/1736
f 926/1765/1736 669/1764/1735 668/1766/1737
f 926/1765/1736 668/1766/1737 925/1767/1738
f 925/1767/1738 668/1766/1737 667/1768/1739
f 925/1767/1738 667/1768/1739 924/1769/1740
f 924/1770/1740 667/1771/1739 666/1772/1741
f 924/1770/1740 666/1772/1741 923/1773/1742
f 923/1773/1742 666/1772/1741 665/1774/1743
f 923/1773/1742 665/1774/1743 922/1775/1744
f 922/1775/1744 665/1774/1743 664/1776/1745
f 922/1775/1744 664/1776/1745 921/1777/1746
f 921/1777/1746 664/1776/1745 663/1778/1747
f 921/1777/1746 663/1778/1747 920/1779/1748
f 920/1779/1748 663/1778/1747 662/1780/1749
f 920/1779/1748 662/1780/1749 919/1781/1750
f 919/1781/1750 662/1780/1749 661/1782/1751
f 919/1781/1750 661/1782/1751 918/1783/1752
f 918/1783/1752 661/1782/1751 660/1784/1753
f 918/1783/1752 660/1784/1753 917/1785/1754
f 917/1785/1754 660/1784/1753 659/1786/1755
f 917/1785/1754 659/1786/1755 916/1787/1756
f 916/1787/1756 659/1786/1755 658/1788/1757
f 916/1787/1756 658/1788/1757 915/1789/1758
f 915/1789/1758 658/1788/1757 657/1790/1759
f 915/1789/1758 657/1790/1759 914/1791/1760
f 914/1791/1760 657/1790/1759 656/1792/1761
f 914/1791/1760 656/1792/1761 913/1793/1762
f 913/1793/1762 656/1792/1761 655/1794/1763
f 913/1793/1762 655/1794/1763 912/1795/1764
f 912/1795/1764 655/1794/1763 654/1796/1765
f 912/1795/1764 654/1796/1765 911/1797/1766
f 911/1797/1766 654/1796/1765 653/1798/1767
f 911/1797/1766 653/1798/1767 910/1799/1768
f 910/1799/1768 653/1798/1767 652/1800/1769
f 910/1799/1768 652/1800/1769 909/1801/1770
f 909/1801/1770 652/1800/1769 651/1802/1771
f 909/1801/1770 651/1802/1771 908/1803/1772
f 908/1803/1772 651/1802/1771 650/1804/1773
f 908/1803/1772 650/1804/1773 907/1805/1774
f 907/1805/1774 650/1804/1773 649/1806/1775
f 907/1805/1774 649/1806/1775 906/1807/1776
f 906/1807/1776 649/1806/1775 648/1808/1777
f 906/1807/1776 648/1808/1777 905/1809/1778
f 905/1809/1778 648/1808/1777 647/1810/1779
f 905/1809/1778 647/1810/1779 904/1811/1780
f 904/1811/1780 647/1810/1779 646/1812/1781
f 904/1811/1780 646/1812/1781 903/1813/1782
f 778/1536/1511 777/1540/1515 1159/1538/1513
f 775/1544/1519 774/1548/1523 1161/1546/1521
f 772/1552/1527 771/1556/1531 1163/1554/1529
f 1027/1559/1534 1028/1555/1530 1164/1557/1532
f 1030/1551/1526 1031/1547/1522 1162/1549/1524
f 1033/1543/1518 1034/1539/1514 1160/1541/1516
f 132/1814/1783 902/1815/1784 133/1816/1785
f 133/1816/1785 902/1815/1784 1158/1817/1786
f 133/1816/1785 1158/1817/1786 1157/1818/1787
f 1156/1819/1788 135/1820/1789 1157/1818/1787
f 1157/1818/1787 135/1820/1789 134/1821/1790
f 1157/1818/1787 134/1821/1790 133/1816/1785
f 135/1820/1789 1156/1819/1788 136/1822/1791
f 136/1822/1791 1156/1819/1788 1155/1823/1792
f 136/1822/1791 1155/1823/1792 137/1824/1793
f 137/1824/1793 1155/1823/1792 1154/1825/1794
f 137/1824/1793 1154/1825/1794 1153/1826/1795
f 137/1824/1793 1153/1826/1795 138/1827/1796
f 138/1827/1796 1153/1826/1795 1152/1828/1797
f 138/1827/1796 1152/1828/1797 139/1829/1798
f 139/1829/1798 1152/1828/1797 140/1830/1799
f 140/1830/1799 1152/1828/1797 1151/1831/1800
f 140/1830/1799 1151/1831/1800 141/1832/1801
f 141/1832/1801 1151/1831/1800 1150/1833/1802
f 141/1832/1801 1150/1833/1802 1149/1834/1803
f 141/1832/1801 1149/1834/1803 142/1835/1804
f 142/1835/1804 1149/1834/1803 1148/1836/1805
f 142/1835/1804 1148/1836/1805 143/1837/1806
f 143/1837/1806 1148/1836/1805 1147/1838/1807
f 143/1837/1806 1147/1838/1807 144/1839/1808
f 144/1839/1808 1147/1838/1807 145/1840/1809
f 145/1840/1809 1147/1838/1807 1146/1841/1810
f 145/1840/1809 1146/1841/1810 1145/1842/1811
f 145/1840/1809 1145/1842/1811 146/1843/1812
f 146/1843/1812 1145/1842/1811 1144/1844/1813
f 146/1843/1812 1144/1844/1813 147/1845/1814
f 147/1845/1814 1144/1844/1813 1143/1846/1815
f 147/1845/1814 1143/1846/1815 148/1847/1816
f 148/1847/1816 1143/1846/1815 149/1848/1817
f 149/1848/1817 1143/1846/1815 1142/1849/1818
f 149/1848/1817 1142/1849/1818 150/1850/1819
f 150/1850/1819 1142/1849/1818 1141/1851/1820
f 150/1850/1819 1141/1851/1820 1140/1852/1821
f 150/1850/1819 1140/1852/1821 151/1853/1822
f 151/1853/1822 1140/1852/1821 1139/1854/1823
f 151/1853/1822 1139/1854/1823 152/1855/1824
f 152/1855/1824 1139/1854/1823 1138/1856/1825
f 152/1855/1824 1138/1856/1825 153/1857/1826
f 153/1857/1826 1138/1856/1825 154/1858/1827
f 154/1858/1827 1138/1856/1825 1137/1859/1828
f 154/1858/1827 1137/1859/1828 155/1860/1829
f 155/1860/1829 1137/1859/1828 1136/1861/1830
f 155/1860/1829 1136/1861/1830 156/1862/1831
f 156/1862/1831 1136/1861/1830 1135/1863/1832
f 156/1862/1831 1135/1863/1832 1134/1864/1833
f 1133/1865/1834 158/1866/1835 1134/1864/1833
f 1134/1864/1833 158/1866/1835 157/1867/1836
f 1134/1864/1833 157/1867/1836 156/1862/1831
f 158/1866/1835 1133/1865/1834 159/1868/1837
f 159/1868/1837 1133/1865/1834 1132/1869/1838
f 159/1868/1837 1132/1869/1838 1131/1870/1839
f 159/1868/1837 1131/1870/1839 160/1871/1840
f 160/1871/1840 1131/1870/1839 1130/1872/1841
f 160/1871/1840 1130/1872/1841 161/1873/1842
f 161/1873/1842 1130/1872/1841 1129/1874/1843
f 161/1873/1842 1129/1874/1843 162/1875/1844
f 162/1875/1844 1129/1874/1843 163/1876/1845
f 163/1876/1845 1129/1874/1843 1128/1877/1846
f 163/1876/1845 1128/1877/1846 164/1878/1847
f 164/1878/1847 1128/1877/1846 1127/1879/1848
f 164/1878/1847 1127/1879/1848 1126/1880/1849
f 164/1878/1847 1126/1880/1849 165/1881/1850
f 165/1881/1850 1126/1880/1849 1125/1882/1851
f 165/1881/1850 1125/1882/1851 166/1883/1852
f 166/1883/1852 1125/1882/1851 1124/1884/1853
f 166/1883/1852 1124/1884/1853 167/1885/1854
f 167/1885/1854 1124/1884/1853 168/1886/1855
f 168/1886/1855 1124/1884/1853 1123/1887/1856
f 168/1886/1855 1123/1887/1856 1122/1888/1857
f 1121/1889/1858 170/1890/1859 1122/1888/1857
f 1122/1888/1857 170/1890/1859 169/1891/1860
f 1122/1888/1857 169/1891/1860 168/1886/1855
f 1121/1889/1858 1120/1892/1861 170/1890/1859
f 170/1890/1859 1120/1892/1861 171/1893/1862
f 171/1893/1862 1120/1892/1861 172/1894/1863
f 172/1894/1863 1120/1892/1861 1119/1895/1864
f 172/1894/1863 1119/1895/1864 173/1896/1865
f 173/1896/1865 1119/1895/1864 1118/1897/1866
f 173/1896/1865 1118/1897/1866 174/1898/1867
f 174/1898/1867 1118/1897/1866 1117/1899/1868
f 174/1898/1867 1117/1899/1868 1116/1900/1869
f 174/1898/1867 1116/1900/1869 175/1901/1870
f 175/1901/1870 1116/1900/1869 1115/1902/1871
f 175/1901/1870 1115/1902/1871 176/1903/1872
f 176/1903/1872 1115/1902/1871 177/1904/1873
f 177/1904/1873 1115/1902/1871 1114/1905/1874
f 177/1904/1873 1114/1905/1874 178/1906/1875
f 178/1906/1875 1114/1905/1874 1113/1907/1876
f 178/1906/1875 1113/1907/1876 1112/1908/1877
f 178/1906/1875 1112/1908/1877 179/1909/1878
f 179/1909/1878 1112/1908/1877 1111/1910/1879
f 179/1909/1878 1111/1910/1879 180/1911/1880
f 180/1911/1880 1111/1910/1879 181/1912/1881
f 181/1912/1881 1111/1910/1879 1110/1913/1882
f 181/1912/1881 1110/1913/1882 182/1914/1883
f 182/1914/1883 1110/1913/1882 1109/1915/1884
f 182/1914/1883 1109/1915/1884 1108/1916/1885
f 182/1914/1883 1108/1916/1885 183/1917/1886
f 183/1917/1886 1108/1916/1885 1107/1918/1887
f 183/1917/1886 1107/1918/1887 184/1919/1888
f 184/1919/1888 1107/1918/1887 1106/1920/1889
f 184/1919/1888 1106/1920/1889 185/1921/1890
f 185/1921/1890 1106/1920/1889 186/1922/1891
f 186/1922/1891 1106/1920/1889 1105/1923/1892
f 186/1922/1891 1105/1923/1892 187/1924/1893
f 187/1924/1893 1105/1923/1892 1104/1925/1894
f 187/1924/1893 1104/1925/1894 1103/1926/1895
f 187/1924/1893 1103/1926/1895 188/1927/1896
f 188/1927/1896 1103/1926/1895 1102/1928/1897
f 188/1927/1896 1102/1928/1897 189/1929/1898
f 189/1929/1898 1102/1928/1897 1101/1930/1899
f 189/1929/1898 1101/1930/1899 190/1931/1900
f 190/1931/1900 1101/1930/1899 191/1932/1901
f 191/1932/1901 1101/1930/1899 1100/1933/1902
f 191/1932/1901 1100/1933/1902 1099/1934/1903
f 191/1932/1901 1099/1934/1903 192/1935/1904
f 192/1935/1904 1099/1934/1903 1098/1936/1905
f 192/1935/1904 1098/1936/1905 193/1937/1906
f 193/1937/1906 1098/1936/1905 1097/1938/1907
f 193/1937/1906 1097/1938/1907 194/1939/1908
f 194/1939/1908 1097/1938/1907 195/1940/1909
f 195/1940/1909 1097/1938/1907 1096/1941/1910
f 195/1940/1909 1096/1941/1910 196/1942/1911
f 196/1942/1911 1096/1941/1910 1095/1943/1912
f 196/1942/1911 1095/1943/1912 197/1944/1913
f 197/1944/1913 1095/1943/1912 1094/1945/1914
f 197/1944/1913 1094/1945/1914 1093/1946/1915
f 197/1944/1913 1093/1946/1915 198/1947/1916
f 198/1947/1916 1093/1946/1915 1092/1948/1917
f 198/1947/1916 1092/1948/1917 199/1949/1918
f 199/1949/1918 1092/1948/1917 200/1950/1919
f 200/1950/1919 1092/1948/1917 1091/1951/1920
f 200/1950/1919 1091/1951/1920 201/1952/1921
f 201/1952/1921 1091/1951/1920 1090/1953/1922
f 201/1952/1921 1090/1953/1922 1089/1954/1923
f 201/1952/1921 1089/1954/1923 202/1955/1924
f 202/1955/1924 1089/1954/1923 1088/1956/1925
f 202/1955/1924 1088/1956/1925 203/1957/1926
f 203/1957/1926 1088/1956/1925 1087/1958/1927
f 203/1957/1926 1087/1958/1927 204/1959/1928
f 204/1959/1928 1087/1958/1927 205/1960/1929
f 205/1960/1929 1087/1958/1927 1086/1961/1930
f 205/1960/1929 1086/1961/1930 1085/1962/1931
f 205/1960/1929 1085/1962/1931 206/1963/1932
f 206/1963/1932 1085/1962/1931 1084/1964/1933
f 206/1963/1932 1084/1964/1933 207/1965/1934
f 207/1965/1934 1084/1964/1933 1083/1966/1935
f 207/1965/1934 1083/1966/1935 208/1967/1936
f 208/1967/1936 1083/1966/1935 209/1968/1937
f 209/1968/1937 1083/1966/1935 1082/1969/1938
f 209/1968/1937 1082/1969/1938 210/1970/1939
f 210/1970/1939 1082/1969/1938 1081/1971/1940
f 210/1970/1939 1081/1971/1940 1080/1972/1941
f 210/1970/1939 1080/1972/1941 211/1973/1942
f 211/1973/1942 1080/1972/1941 1079/1974/1943
f 211/1973/1942 1079/1974/1943 212/1975/1944
f 212/1975/1944 1079/1974/1943 1078/1976/1945
f 212/1975/1944 1078/1976/1945 213/1977/1946
f 213/1977/1946 1078/1976/1945 214/1978/1947
f 214/1978/1947 1078/1976/1945 1077/1979/1948
f 214/1978/1947 1077/1979/1948 215/1980/1949
f 215/1980/1949 1077/1979/1948 1076/1981/1950
f 215/1980/1949 1076/1981/1950 1075/1982/1951
f 215/1980/1949 1075/1982/1951 216/1983/1952
f 216/1983/1952 1075/1982/1951 1074/1984/1953
f 216/1983/1952 1074/1984/1953 217/1985/1954
f 217/1985/1954 1074/1984/1953 218/1986/1955
f 218/1986/1955 1074/1984/1953 1073/1987/1956
f 218/1986/1955 1073/1987/1956 219/1988/1957
f 219/1988/1957 1073/1987/1956 1072/1989/1958
f 219/1988/1957 1072/1989/1958 1071/1990/1959
f 219/1988/1957 1071/1990/1959 220/1991/1960
f 220/1991/1960 1071/1990/1959 1070/1992/1961
f 220/1991/1960 1070/1992/1961 221/1993/1962
f 221/1993/1962 1070/1992/1961 1069/1994/1963
f 221/1993/1962 1069/1994/1963 222/1995/1964
f 222/1995/1964 1069/1994/1963 223/1996/1965
f 223/1996/1965 1069/1994/1963 1068/1997/1966
f 223/1996/1965 1068/1997/1966 224/1998/1967
f 224/1998/1967 1068/1997/1966 1067/1999/1968
f 224/1998/1967 1067/1999/1968 1066/2000/1969
f 224/1998/1967 1066/2000/1969 225/2001/1970
f 225/2001/1970 1066/2000/1969 1065/2002/1971
f 225/2001/1970 1065/2002/1971 226/2003/1972
f 226/2003/1972 1065/2002/1971 1064/2004/1973
f 226/2003/1972 1064/2004/1973 227/2005/1974
f 227/2005/1974 1064/2004/1973 228/2006/1975
f 228/2006/1975 1064/2004/1973 1063/2007/1976
f 228/2006/1975 1063/2007/1976 1062/2008/1977
f 228/2006/1975 1062/2008/1977 229/2009/1978
f 229/2009/1978 1062/2008/1977 1061/2010/1979
f 229/2009/1978 1061/2010/1979 230/2011/1980
f 230/2011/1980 1061/2010/1979 1060/2012/1981
f 230/2011/1980 1060/2012/1981 231/2013/1982
f 231/2013/1982 1060/2012/1981 232/2014/1983
f 232/2014/1983 1060/2012/1981 1059/2015/1984
f 232/2014/1983 1059/2015/1984 233/2016/1985
f 233/2016/1985 1059/2015/1984 1058/2017/1986
f 233/2016/1985 1058/2017/1986 234/2018/1987
f 234/2018/1987 1058/2017/1986 1057/2019/1988
f 234/2018/1987 1057/2019/1988 1056/2020/1989
f 234/2018/1987 1056/2020/1989 235/2021/1990
f 235/2021/1990 1056/2020/1989 1055/2022/1991
f 235/2021/1990 1055/2022/1991 236/2023/1992
f 236/2023/1992 1055/2022/1991 237/2024/1993
f 237/2024/1993 1055/2022/1991 1054/2025/1994
f 237/2024/1993 1054/2025/1994 238/2026/1995
f 238/2026/1995 1054/2025/1994 1053/2027/1996
f 238/2026/1995 1053/2027/1996 1052/2028/1997
f 238/2026/1995 1052/2028/1997 239/2029/1998
f 239/2029/1998 1052/2028/1997 1051/2030/1999
f 239/2029/1998 1051/2030/1999 240/2031/2000
f 240/2031/2000 1051/2030/1999 241/2032/2001
f 241/2032/2001 1051/2030/1999 1050/2033/2002
f 241/2032/2001 1050/2033/2002 242/2034/2003
f 242/2034/2003 1050/2033/2002 1049/2035/2004
f 242/2034/2003 1049/2035/2004 1048/2036/2005
f 242/2034/2003 1048/2036/2005 243/2037/2006
f 243/2037/2006 1048/2036/2005 1047/2038/2007
f 243/2037/2006 1047/2038/2007 244/2039/2008
f 244/2039/2008 1047/2038/2007 1046/2040/2009
f 244/2039/2008 1046/2040/2009 245/2041/2010
f 245/2041/2010 1046/2040/2009 246/2042/2011
f 246/2042/2011 1046/2040/2009 1045/2043/2012
f 246/2042/2011 1045/2043/2012 247/2044/2013
f 247/2044/2013 1045/2043/2012 1044/2045/2014
f 247/2044/2013 1044/2045/2014 1043/2046/2015
f 247/2044/2013 1043/2046/2015 248/2047/2016
f 248/2047/2016 1043/2046/2015 1042/2048/2017
f 248/2047/2016 1042/2048/2017 249/2049/2018
f 249/2049/2018 1042/2048/2017 1041/2050/2019
f 249/2049/2018 1041/2050/2019 250/2051/2020
f 250/2051/2020 1041/2050/2019 251/2052/2021
f 251/2052/2021 1041/2050/2019 1040/2053/2022
f 251/2052/2021 1040/2053/2022 252/2054/2023
f 252/2054/2023 1040/2053/2022 1039/2055/2024
f 252/2054/2023 1039/2055/2024 1038/2056/2025
f 252/2054/2023 1038/2056/2025 253/2057/2026
f 253/2057/2026 1038/2056/2025 1037/2058/2027
f 253/2057/2026 1037/2058/2027 254/2059/2028
f 254/2059/2028 1037/2058/2027 255/2060/2029
f 255/2060/2029 1037/2058/2027 1036/2061/2030
f 255/2060/2029 1036/2061/2030 256/2062/2031
f 256/2062/2031 1036/2061/2030 1035/2063/2032
f 256/2062/2031 1035/2063/2032 257/2064/2033
f 257/2064/2033 1035/2063/2032 1034/2065/2034
f 257/2064/2033 1034/2065/2034 1033/2066/2035
f 257/2064/2033 1033/2066/2035 258/2067/2036
f 258/2067/2036 1033/2066/2035 1032/2068/2037
f 258/2067/2036 1032/2068/2037 259/2069/2038
f 259/2069/2038 1032/2068/2037 260/2070/2039
f 260/2070/2039 1032/2068/2037 1031/2071/2040
f 260/2070/2039 1031/2071/2040 261/2072/2041
f 261/2072/2041 1031/2071/2040 1030/2073/2042
f 261/2072/2041 1030/2073/2042 262/2074/2043
f 262/2074/2043 1030/2073/2042 1029/2075/2044
f 262/2074/2043 1029/2075/2044 1028/2076/2045
f 262/2074/2043 1028/2076/2045 263/2077/2046
f 263/2077/2046 1028/2076/2045 1027/2078/2047
f 263/2077/2046 1027/2078/2047 264/2079/2048
f 264/2079/2048 1027/2078/2047 265/2080/2049
f 265/2080/2049 1027/2078/2047 1026/2081/2050
f 265/2080/2049 1026/2081/2050 1025/2082/2051
f 265/2080/2049 1025/2082/2051 266/2083/2052
f 266/2083/2052 1025/2082/2051 1024/2084/2053
f 266/2083/2052 1024/2084/2053 267/2085/2054
f 267/2085/2054 1024/2084/2053 1023/2086/2055
f 267/2085/2054 1023/2086/2055 268/2087/2056
f 268/2087/2056 1023/2086/2055 269/2088/2057
f 269/2088/2057 1023/2086/2055 1022/2089/2058
f 269/2088/2057 1022/2089/2058 270/2090/2059
f 270/2090/2059 1022/2089/2058 1021/2091/2060
f 270/2090/2059 1021/2091/2060 1020/2092/2061
f 270/2090/2059 1020/2092/2061 271/2093/2062
f 271/2093/2062 1020/2092/2061 1019/2094/2063
f 271/2093/2062 1019/2094/2063 272/2095/2064
f 272/2095/2064 1019/2094/2063 1018/2096/2065
f 272/2095/2064 1018/2096/2065 273/2097/2066
f 273/2097/2066 1018/2096/2065 274/2098/2067
f 274/2098/2067 1018/2096/2065 1017/2099/2068
f 274/2098/2067 1017/2099/2068 275/2100/2069
f 275/2100/2069 1017/2099/2068 1016/2101/2070
f 275/2100/2069 1016/2101/2070 276/2102/2071
f 276/2102/2071 1016/2101/2070 1015/2103/2072
f 276/2102/2071 1015/2103/2072 1014/2104/2073
f 1013/2105/2074 278/2106/2075 1014/2104/2073
f 1014/2104/2073 278/2106/2075 277/2107/2076
f 1014/2104/2073 277/2107/2076 276/2102/2071
f 278/2106/2075 1013/2105/2074 279/2108/2077
f 279/2108/2077 1013/2105/2074 1012/2109/2078
f 279/2108/2077 1012/2109/2078 1011/2110/2079
f 279/2108/2077 1011/2110/2079 280/2111/2080
f 280/2111/2080 1011/2110/2079 1010/2112/2081
f 280/2111/2080 1010/2112/2081 281/2113/2082
f 281/2113/2082 1010/2112/2081 1009/2114/2083
f 281/2113/2082 1009/2114/2083 282/2115/2084
f 282/2115/2084 1009/2114/2083 283/2116/2085
f 283/2116/2085 1009/2114/2083 1008/2117/2086
f 283/2116/2085 1008/2117/2086 284/2118/2087
f 284/2118/2087 1008/2117/2086 1007/2119/2088
f 284/2118/2087 1007/2119/2088 1006/2120/2089
f 284/2118/2087 1006/2120/2089 285/2121/2090
f 285/2121/2090 1006/2120/2089 1005/2122/2091
f 285/2121/2090 1005/2122/2091 286/2123/2092
f 286/2123/2092 1005/2122/2091 1004/2124/2093
f 286/2123/2092 1004/2124/2093 287/2125/2094
f 287/2125/2094 1004/2124/2093 288/2126/2095
f 288/2126/2095 1004/2124/2093 1003/2127/2096
f 288/2126/2095 1003/2127/2096 1002/2128/2097
f 1001/2129/2098 290/2130/2099 1002/2128/2097
f 1002/2128/2097 290/2130/2099 289/2131/2100
f 1002/2128/2097 289/2131/2100 288/2126/2095
f 1001/2129/2098 1000/2132/2101 290/2130/2099
f 290/2130/2099 1000/2132/2101 291/2133/2102
f 291/2133/2102 1000/2132/2101 292/2134/2103
f 292/2134/2103 1000/2132/2101 999/2135/2104
f 292/2134/2103 999/2135/2104 293/2136/2105
f 293/2136/2105 999/2135/2104 998/2137/2106
f 293/2136/2105 998/2137/2106 294/2138/2107
f 294/2138/2107 998/2137/2106 997/2139/2108
f 294/2138/2107 997/2139/2108 996/2140/2109
f 294/2138/2107 996/2140/2109 295/2141/2110
f 295/2141/2110 996/2140/2109 995/2142/2111
f 295/2141/2110 995/2142/2111 296/2143/2112
f 296/2143/2112 995/2142/2111 297/2144/2113
f 297/2144/2113 995/2142/2111 994/2145/2114
f 297/2144/2113 994/2145/2114 298/2146/2115
f 298/2146/2115 994/2145/2114 993/2147/2116
f 298/2146/2115 993/2147/2116 992/2148/2117
f 298/2146/2115 992/2148/2117 299/2149/2118
f 299/2149/2118 992/2148/2117 991/2150/2119
f 299/2149/2118 991/2150/2119 300/2151/2120
f 300/2151/2120 991/2150/2119 301/2152/2121
f 301/2152/2121 991/2150/2119 990/2153/2122
f 301/2152/2121 990/2153/2122 302/2154/2123
f 302/2154/2123 990/2153/2122 989/2155/2124
f 302/2154/2123 989/2155/2124 988/2156/2125
f 302/2154/2123 988/2156/2125 303/2157/2126
f 303/2157/2126 988/2156/2125 987/2158/2127
f 303/2157/2126 987/2158/2127 304/2159/2128
f 304/2159/2128 987/2158/2127 986/2160/2129
f 304/2159/2128 986/2160/2129 305/2161/2130
f 305/2161/2130 986/2160/2129 306/2162/2131
f 306/2162/2131 986/2160/2129 985/2163/2132
f 306/2162/2131 985/2163/2132 307/2164/2133
f 307/2164/2133 985/2163/2132 984/2165/2134
f 307/2164/2133 984/2165/2134 983/2166/2135
f 307/2164/2133 983/2166/2135 308/2167/2136
f 308/2167/2136 983/2166/2135 982/2168/2137
f 308/2167/2136 982/2168/2137 309/2169/2138
f 309/2169/2138 982/2168/2137 981/2170/2139
f 309/2169/2138 981/2170/2139 310/2171/2140
f 310/2171/2140 981/2170/2139 311/2172/2141
f 311/2172/2141 981/2170/2139 980/2173/2142
f 311/2172/2141 980/2173/2142 979/2174/2143
f 978/2175/2144 313/2176/2145 979/2174/2143
f 979/2174/2143 313/2176/2145 312/2177/2146
f 979/2174/2143 312/2177/2146 311/2172/2141
f 978/2175/2144 977/2178/2147 313/2176/2145
f 313/2176/2145 977/2178/2147 314/2179/2148
f 314/2179/2148 977/2178/2147 315/2180/2149
f 315/2180/2149 977/2178/2147 976/2181/2150
f 315/2180/2149 976/2181/2150 316/2182/2151
f 316/2182/2151 976/2181/2150 975/2183/2152
f 316/2182/2151 975/2183/2152 317/2184/2153
f 317/2184/2153 975/2183/2152 974/2185/2154
f 317/2184/2153 974/2185/2154 973/2186/2155
f 317/2184/2153 973/2186/2155 318/2187/2156
f 318/2187/2156 973/2186/2155 972/2188/2157
f 318/2187/2156 972/2188/2157 319/2189/2158
f 319/2189/2158 972/2188/2157 320/2190/2159
f 320/2190/2159 972/2188/2157 971/2191/2160
f 320/2190/2159 971/2191/2160 321/2192/2161
f 321/2192/2161 971/2191/2160 970/2193/2162
f 321/2192/2161 970/2193/2162 969/2194/2163
f 321/2192/2161 969/2194/2163 322/2195/2164
f 322/2195/2164 969/2194/2163 968/2196/2165
f 322/2195/2164 968/2196/2165 323/2197/2166
f 323/2197/2166 968/2196/2165 967/2198/2167
f 323/2197/2166 967/2198/2167 324/2199/2168
f 324/2199/2168 967/2198/2167 325/2200/2169
f 325/2200/2169 967/2198/2167 966/2201/2170
f 325/2200/2169 966/2201/2170 965/2202/2171
f 325/2200/2169 965/2202/2171 326/2203/2172
f 326/2203/2172 965/2202/2171 964/2204/2173
f 326/2203/2172 964/2204/2173 327/2205/2174
f 327/2205/2174 964/2204/2173 963/2206/2175
f 327/2205/2174 963/2206/2175 328/2207/2176
f 328/2207/2176 963/2206/2175 329/2208/2177
f 329/2208/2177 963/2206/2175 962/2209/2178
f 329/2208/2177 962/2209/2178 330/2210/2179
f 330/2210/2179 962/2209/2178 961/2211/2180
f 330/2210/2179 961/2211/2180 960/2212/2181
f 330/2210/2179 960/2212/2181 331/2213/2182
f 331/2213/2182 960/2212/2181 959/2214/2183
f 331/2213/2182 959/2214/2183 332/2215/2184
f 332/2215/2184 959/2214/2183 958/2216/2185
f 332/2215/2184 958/2216/2185 333/2217/2186
f 333/2217/2186 958/2216/2185 334/2218/2187
f 334/2218/2187 958/2216/2185 957/2219/2188
f 334/2218/2187 957/2219/2188 335/2220/2189
f 335/2220/2189 957/2219/2188 956/2221/2190
f 335/2220/2189 956/2221/2190 955/2222/2191
f 335/2220/2189 955/2222/2191 336/2223/2192
f 336/2223/2192 955/2222/2191 954/2224/2193
f 336/2223/2192 954/2224/2193 337/2225/2194
f 337/2225/2194 954/2224/2193 338/2226/2195
f 338/2226/2195 954/2224/2193 953/2227/2196
f 338/2226/2195 953/2227/2196 339/2228/2197
f 339/2228/2197 953/2227/2196 952/2229/2198
f 339/2228/2197 952/2229/2198 951/2230/2199
f 339/2228/2197 951/2230/2199 340/2231/2200
f 340/2231/2200 951/2230/2199 950/2232/2201
f 340/2231/2200 950/2232/2201 341/2233/2202
f 341/2233/2202 950/2232/2201 949/2234/2203
f 341/2233/2202 949/2234/2203 342/2235/2204
f 342/2235/2204 949/2234/2203 343/2236/2205
f 343/2236/2205 949/2234/2203 948/2237/2206
f 343/2236/2205 948/2237/2206 344/2238/2207
f 344/2238/2207 948/2237/2206 947/2239/2208
f 344/2238/2207 947/2239/2208 946/2240/2209
f 344/2238/2207 946/2240/2209 345/2241/2210
f 345/2241/2210 946/2240/2209 945/2242/2211
f 345/2241/2210 945/2242/2211 346/2243/2212
f 346/2243/2212 945/2242/2211 944/2244/2213
f 346/2243/2212 944/2244/2213 347/2245/2214
f 347/2245/2214 944/2244/2213 348/2246/2215
f 348/2246/2215 944/2244/2213 943/2247/2216
f 348/2246/2215 943/2247/2216 942/2248/2217
f 348/2246/2215 942/2248/2217 349/2249/2218
f 349/2249/2218 942/2248/2217 941/2250/2219
f 349/2249/2218 941/2250/2219 350/2251/2220
f 350/2251/2220 941/2250/2219 940/2252/2221
f 350/2251/2220 940/2252/2221 351/2253/2222
f 351/2253/2222 940/2252/2221 352/2254/2223
f 352/2254/2223 940/2252/2221 939/2255/2224
f 352/2254/2223 939/2255/2224 353/2256/2225
f 353/2256/2225 939/2255/2224 938/2257/2226
f 353/2256/2225 938/2257/2226 354/2258/2227
f 354/2258/2227 938/2257/2226 937/2259/2228
f 354/2258/2227 937/2259/2228 936/2260/2229
f 354/2258/2227 936/2260/2229 355/2261/2230
f 355/2261/2230 936/2260/2229 935/2262/2231
f 355/2261/2230 935/2262/2231 356/2263/2232
f 356/2263/2232 935/2262/2231 357/2264/2233
f 357/2264/2233 935/2262/2231 934/2265/2234
f 357/2264/2233 934/2265/2234 358/2266/2235
f 358/2266/2235 934/2265/2234 933/2267/2236
f 358/2266/2235 933/2267/2236 932/2268/2237
f 358/2266/2235 932/2268/2237 359/2269/2238
f 359/2269/2238 932/2268/2237 931/2270/2239
f 359/2269/2238 931/2270/2239 360/2271/2240
f 360/2271/2240 931/2270/2239 930/2272/2241
f 360/2271/2240 930/2272/2241 361/2273/2242
f 361/2273/2242 930/2272/2241 362/2274/2243
f 362/2274/2243 930/2272/2241 929/2275/2244
f 362/2274/2243 929/2275/2244 928/2276/2245
f 362/2274/2243 928/2276/2245 363/2277/2246
f 363/2277/2246 928/2276/2245 927/2278/2247
f 363/2277/2246 927/2278/2247 364/2279/2248
f 364/2279/2248 927/2278/2247 926/2280/2249
f 364/2279/2248 926/2280/2249 365/2281/2250
f 365/2281/2250 926/2280/2249 366/2282/2251
f 366/2282/2251 926/2280/2249 925/2283/2252
f 366/2282/2251 925/2283/2252 367/2284/2253
f 367/2284/2253 925/2283/2252 924/2285/2254
f 367/2284/2253 924/2285/2254 923/2286/2255
f 367/2284/2253 923/2286/2255 368/2287/2256
f 368/2287/2256 923/2286/2255 922/2288/2257
f 368/2287/2256 922/2288/2257 369/2289/2258
f 369/2289/2258 922/2288/2257 921/2290/2259
f 369/2289/2258 921/2290/2259 370/2291/2260
f 370/2291/2260 921/2290/2259 371/2292/2261
f 371/2292/2261 921/2290/2259 920/2293/2262
f 371/2292/2261 920/2293/2262 919/2294/2263
f 371/2292/2261 919/2294/2263 372/2295/2264
f 372/2295/2264 919/2294/2263 918/2296/2265
f 372/2295/2264 918/2296/2265 373/2297/2266
f 373/2297/2266 918/2296/2265 917/2298/2267
f 373/2297/2266 917/2298/2267 374/2299/2268
f 374/2299/2268 917/2298/2267 375/2300/2269
f 375/2300/2269 917/2298/2267 916/2301/2270
f 375/2300/2269 916/2301/2270 376/2302/2271
f 376/2302/2271 916/2301/2270 915/2303/2272
f 376/2302/2271 915/2303/2272 377/2304/2273
f 377/2304/2273 915/2303/2272 914/2305/2274
f 377/2304/2273 914/2305/2274 913/2306/2275
f 377/2304/2273 913/2306/2275 378/2307/2276
f 378/2307/2276 913/2306/2275 912/2308/2277
f 378/2307/2276 912/2308/2277 379/2309/2278
f 379/2309/2278 912/2308/2277 380/2310/2279
f 380/2310/2279 912/2308/2277 911/2311/2280
f 380/2310/2279 911/2311/2280 381/2312/2281
f 381/2312/2281 911/2311/2280 910/2313/2282
f 381/2312/2281 910/2313/2282 382/2314/2283
f 382/2314/2283 910/2313/2282 909/2315/2284
f 382/2314/2283 909/2315/2284 908/2316/2285
f 382/2314/2283 908/2316/2285 383/2317/2286
f 383/2317/2286 908/2316/2285 907/2318/2287
f 383/2317/2286 907/2318/2287 384/2319/2288
f 384/2319/2288 907/2318/2287 385/2320/2289
f 385/2320/2289 907/2318/2287 906/2321/2290
f 385/2320/2289 906/2321/2290 905/2322/2291
f 385/2320/2289 905/2322/2291 386/2323/2292
f 386/2323/2292 905/2322/2291 904/2324/2293
f 386/2323/2292 904/2324/2293 387/2325/2294
f 387/2325/2294 904/2324/2293 388/2326/2295
f 388/2326/2295 904/2324/2293 903/2327/2296
f 903/2328/2297 646/2329/2298 388/2330/2299
f 388/2330/2299 646/2329/2298 389/2331/2300
f 132/2332/2301 131/2333/2302 902/2334/2303
f 902/2334/2303 131/2333/2302 645/2335/2304
# 1164 vertices
# 2335 texture params
# 2304 normals
# 2320 facets

# 2 groups
