ISO-10303-21;
HEADER;
/* Generated by software containing ST-Developer
 * from STEP Tools, Inc. (www.steptools.com) 
 */

FILE_DESCRIPTION(
/* description */ (''),
/* implementation_level */ '2;1');

FILE_NAME(
/* name */ 'Model.step',
/* time_stamp */ '2026-08-27T08:50:45+05:30',
/* author */ (''),
/* organization */ (''),
/* preprocessor_version */ 'ST-DEVELOPER v20.1',
/* originating_system */ 'Autodesk Translation Framework v15.8.0.0',
/* authorisation */ '');

FILE_SCHEMA (('AUTOMOTIVE_DESIGN { 1 0 10303 214 3 1 1 }'));
ENDSEC;

DATA;
#10=MECHANICAL_DESIGN_GEOMETRIC_PRESENTATION_REPRESENTATION('',(#43,#44),
#1627);
#11=SHAPE_REPRESENTATION_RELATIONSHIP('SRR','None',#1634,#12);
#12=ADVANCED_BREP_SHAPE_REPRESENTATION('',(#45,#46),#1626);
#13=B_SPLINE_SURFACE_WITH_KNOTS('',3,3,((#962,#963,#964,#965,#966,#967,
#968,#969,#970,#971,#972,#973,#974,#975,#976,#977,#978,#979,#980,#981,#982,
#983,#984,#985,#986,#987,#988,#989,#990,#991,#992,#993,#994,#995,#996,#997,
#998,#999,#1000,#1001,#1002,#1003,#1004,#1005,#1006,#1007,#1008,#1009,#1010,
#1011,#1012,#1013,#1014,#1015,#1016,#1017,#1018,#1019,#1020,#1021,#1022,
#1023,#1024,#1025,#1026,#1027,#1028,#1029,#1030,#1031,#1032,#1033,#1034,
#1035,#1036,#1037,#1038,#1039,#1040),(#1041,#1042,#1043,#1044,#1045,#1046,
#1047,#1048,#1049,#1050,#1051,#1052,#1053,#1054,#1055,#1056,#1057,#1058,
#1059,#1060,#1061,#1062,#1063,#1064,#1065,#1066,#1067,#1068,#1069,#1070,
#1071,#1072,#1073,#1074,#1075,#1076,#1077,#1078,#1079,#1080,#1081,#1082,
#1083,#1084,#1085,#1086,#1087,#1088,#1089,#1090,#1091,#1092,#1093,#1094,
#1095,#1096,#1097,#1098,#1099,#1100,#1101,#1102,#1103,#1104,#1105,#1106,
#1107,#1108,#1109,#1110,#1111,#1112,#1113,#1114,#1115,#1116,#1117,#1118,
#1119),(#1120,#1121,#1122,#1123,#1124,#1125,#1126,#1127,#1128,#1129,#1130,
#1131,#1132,#1133,#1134,#1135,#1136,#1137,#1138,#1139,#1140,#1141,#1142,
#1143,#1144,#1145,#1146,#1147,#1148,#1149,#1150,#1151,#1152,#1153,#1154,
#1155,#1156,#1157,#1158,#1159,#1160,#1161,#1162,#1163,#1164,#1165,#1166,
#1167,#1168,#1169,#1170,#1171,#1172,#1173,#1174,#1175,#1176,#1177,#1178,
#1179,#1180,#1181,#1182,#1183,#1184,#1185,#1186,#1187,#1188,#1189,#1190,
#1191,#1192,#1193,#1194,#1195,#1196,#1197,#1198),(#1199,#1200,#1201,#1202,
#1203,#1204,#1205,#1206,#1207,#1208,#1209,#1210,#1211,#1212,#1213,#1214,
#1215,#1216,#1217,#1218,#1219,#1220,#1221,#1222,#1223,#1224,#1225,#1226,
#1227,#1228,#1229,#1230,#1231,#1232,#1233,#1234,#1235,#1236,#1237,#1238,
#1239,#1240,#1241,#1242,#1243,#1244,#1245,#1246,#1247,#1248,#1249,#1250,
#1251,#1252,#1253,#1254,#1255,#1256,#1257,#1258,#1259,#1260,#1261,#1262,
#1263,#1264,#1265,#1266,#1267,#1268,#1269,#1270,#1271,#1272,#1273,#1274,
#1275,#1276,#1277)),.UNSPECIFIED.,.F.,.F.,.F.,(4,4),(4,1,1,1,1,1,1,1,1,
1,1,1,1,1,1,1,1,1,1,1,1,1,1,1,1,1,1,1,1,1,1,1,1,1,1,1,1,1,1,1,1,1,1,1,1,
1,1,1,1,1,1,1,1,1,1,1,1,1,1,1,1,1,1,1,1,1,1,1,1,1,1,1,1,1,1,1,4),(0.,0.4),
(0.,0.496040945303652,0.992081890607303,1.48812283591095,1.98416378121461,
2.48020472651826,2.97624567182191,3.47228661712556,3.96832756242921,4.46436850773286,
4.96040945303652,5.45645039834017,5.95249134364382,6.44853228894747,6.94457323425112,
7.44061417955477,7.93665512485842,8.43269607016208,8.92873701546573,9.42477796076938,
9.92081890607303,10.4168598513767,10.9129007966803,11.408941741984,11.9049826872876,
12.4010236325913,12.8970645778949,13.3931055231986,13.8891464685022,14.3851874138059,
14.8812283591095,15.3772693044132,15.8733102497168,16.3693511950205,16.8653921403242,
17.3614330856278,17.8574740309315,18.3535149762351,18.8495559215388,19.3455968668424,
19.8416378121461,20.3376787574497,20.8337197027534,21.329760648057,21.8258015933607,
22.3218425386643,22.817883483968,23.3139244292716,23.8099653745753,24.3060063198789,
24.8020472651826,25.2980882104862,25.7941291557899,26.2901701010935,26.7862110463972,
27.2822519917008,27.7782929370045,28.2743338823081,28.7703748276118,29.2664157729154,
29.7624567182191,30.2584976635227,30.7545386088264,31.25057955413,31.7466204994337,
32.2426614447374,32.738702390041,33.2347433353447,33.7307842806483,34.226825225952,
34.7228661712556,35.2189071165593,35.7149480618629,36.2109890071666,36.7070299524702,
37.2030708977739,37.6991118430775),.UNSPECIFIED.);
#14=B_SPLINE_SURFACE_WITH_KNOTS('',3,3,((#1304,#1305,#1306,#1307,#1308,
#1309,#1310,#1311,#1312,#1313,#1314,#1315,#1316,#1317,#1318,#1319,#1320,
#1321,#1322,#1323,#1324,#1325,#1326,#1327,#1328,#1329,#1330,#1331,#1332,
#1333,#1334,#1335,#1336,#1337,#1338,#1339,#1340,#1341,#1342,#1343,#1344,
#1345,#1346,#1347,#1348,#1349,#1350,#1351,#1352,#1353,#1354,#1355,#1356,
#1357,#1358,#1359,#1360,#1361,#1362,#1363,#1364,#1365,#1366,#1367,#1368,
#1369,#1370,#1371,#1372,#1373,#1374,#1375,#1376,#1377,#1378,#1379,#1380,
#1381,#1382),(#1383,#1384,#1385,#1386,#1387,#1388,#1389,#1390,#1391,#1392,
#1393,#1394,#1395,#1396,#1397,#1398,#1399,#1400,#1401,#1402,#1403,#1404,
#1405,#1406,#1407,#1408,#1409,#1410,#1411,#1412,#1413,#1414,#1415,#1416,
#1417,#1418,#1419,#1420,#1421,#1422,#1423,#1424,#1425,#1426,#1427,#1428,
#1429,#1430,#1431,#1432,#1433,#1434,#1435,#1436,#1437,#1438,#1439,#1440,
#1441,#1442,#1443,#1444,#1445,#1446,#1447,#1448,#1449,#1450,#1451,#1452,
#1453,#1454,#1455,#1456,#1457,#1458,#1459,#1460,#1461),(#1462,#1463,#1464,
#1465,#1466,#1467,#1468,#1469,#1470,#1471,#1472,#1473,#1474,#1475,#1476,
#1477,#1478,#1479,#1480,#1481,#1482,#1483,#1484,#1485,#1486,#1487,#1488,
#1489,#1490,#1491,#1492,#1493,#1494,#1495,#1496,#1497,#1498,#1499,#1500,
#1501,#1502,#1503,#1504,#1505,#1506,#1507,#1508,#1509,#1510,#1511,#1512,
#1513,#1514,#1515,#1516,#1517,#1518,#1519,#1520,#1521,#1522,#1523,#1524,
#1525,#1526,#1527,#1528,#1529,#1530,#1531,#1532,#1533,#1534,#1535,#1536,
#1537,#1538,#1539,#1540),(#1541,#1542,#1543,#1544,#1545,#1546,#1547,#1548,
#1549,#1550,#1551,#1552,#1553,#1554,#1555,#1556,#1557,#1558,#1559,#1560,
#1561,#1562,#1563,#1564,#1565,#1566,#1567,#1568,#1569,#1570,#1571,#1572,
#1573,#1574,#1575,#1576,#1577,#1578,#1579,#1580,#1581,#1582,#1583,#1584,
#1585,#1586,#1587,#1588,#1589,#1590,#1591,#1592,#1593,#1594,#1595,#1596,
#1597,#1598,#1599,#1600,#1601,#1602,#1603,#1604,#1605,#1606,#1607,#1608,
#1609,#1610,#1611,#1612,#1613,#1614,#1615,#1616,#1617,#1618,#1619)),
 .UNSPECIFIED.,.F.,.F.,.F.,(4,4),(4,1,1,1,1,1,1,1,1,1,1,1,1,1,1,1,1,1,1,
1,1,1,1,1,1,1,1,1,1,1,1,1,1,1,1,1,1,1,1,1,1,1,1,1,1,1,1,1,1,1,1,1,1,1,1,
1,1,1,1,1,1,1,1,1,1,1,1,1,1,1,1,1,1,1,1,1,4),(0.,0.4),(0.,0.496040945303652,
0.992081890607303,1.48812283591095,1.98416378121461,2.48020472651826,2.97624567182191,
3.47228661712556,3.96832756242921,4.46436850773286,4.96040945303652,5.45645039834017,
5.95249134364382,6.44853228894747,6.94457323425112,7.44061417955477,7.93665512485842,
8.43269607016208,8.92873701546573,9.42477796076938,9.92081890607303,10.4168598513767,
10.9129007966803,11.408941741984,11.9049826872876,12.4010236325913,12.8970645778949,
13.3931055231986,13.8891464685022,14.3851874138059,14.8812283591095,15.3772693044132,
15.8733102497168,16.3693511950205,16.8653921403242,17.3614330856278,17.8574740309315,
18.3535149762351,18.8495559215388,19.3455968668424,19.8416378121461,20.3376787574497,
20.8337197027534,21.329760648057,21.8258015933607,22.3218425386643,22.817883483968,
23.3139244292716,23.8099653745753,24.3060063198789,24.8020472651826,25.2980882104862,
25.7941291557899,26.2901701010935,26.7862110463972,27.2822519917008,27.7782929370045,
28.2743338823081,28.7703748276118,29.2664157729154,29.7624567182191,30.2584976635227,
30.7545386088264,31.25057955413,31.7466204994337,32.2426614447374,32.738702390041,
33.2347433353447,33.7307842806483,34.226825225952,34.7228661712556,35.2189071165593,
35.7149480618629,36.2109890071666,36.7070299524702,37.2030708977739,37.6991118430775),
 .UNSPECIFIED.);
#15=B_SPLINE_CURVE_WITH_KNOTS('',3,(#525,#526,#527,#528,#529,#530,#531,
#532,#533,#534),.UNSPECIFIED.,.F.,.F.,(4,1,1,1,1,1,1,4),(0.,0.496040945303652,
0.992081890607303,1.48812283591095,1.98416378121461,2.48020472651826,2.97624567182191,
3.14159265358979),.UNSPECIFIED.);
#16=B_SPLINE_CURVE_WITH_KNOTS('',3,(#537,#538,#539,#540,#541,#542,#543,
#544,#545,#546),.UNSPECIFIED.,.F.,.F.,(4,1,1,1,1,1,1,4),(0.,0.496040945303652,
0.992081890607303,1.48812283591095,1.98416378121461,2.48020472651826,2.97624567182191,
3.14159265358979),.UNSPECIFIED.);
#17=B_SPLINE_CURVE_WITH_KNOTS('',3,(#551,#552,#553,#554,#555,#556,#557,
#558,#559,#560,#561,#562,#563,#564,#565,#566),.UNSPECIFIED.,.F.,.F.,(4,
1,1,1,1,1,1,1,1,1,1,1,1,4),(3.14159265358979,3.47228661712556,3.96832756242921,
4.46436850773286,4.96040945303652,5.45645039834017,5.95249134364382,6.44853228894747,
6.94457323425112,7.44061417955477,7.93665512485842,8.43269607016208,8.92873701546573,
9.42477796076938),.UNSPECIFIED.);
#18=B_SPLINE_CURVE_WITH_KNOTS('',3,(#567,#568,#569,#570,#571,#572,#573,
#574,#575,#576,#577,#578,#579,#580,#581,#582),.UNSPECIFIED.,.F.,.F.,(4,
1,1,1,1,1,1,1,1,1,1,1,1,4),(3.14159265358979,3.47228661712556,3.96832756242921,
4.46436850773286,4.96040945303652,5.45645039834017,5.95249134364382,6.44853228894747,
6.94457323425112,7.44061417955477,7.93665512485842,8.43269607016208,8.92873701546573,
9.42477796076938),.UNSPECIFIED.);
#19=B_SPLINE_CURVE_WITH_KNOTS('',3,(#587,#588,#589,#590,#591,#592,#593,
#594,#595,#596,#597,#598,#599,#600,#601,#602),.UNSPECIFIED.,.F.,.F.,(4,
1,1,1,1,1,1,1,1,1,1,1,1,4),(9.42477796076938,9.92081890607303,10.4168598513767,
10.9129007966803,11.408941741984,11.9049826872876,12.4010236325913,12.8970645778949,
13.3931055231986,13.8891464685022,14.3851874138059,14.8812283591095,15.3772693044132,
15.707963267949),.UNSPECIFIED.);
#20=B_SPLINE_CURVE_WITH_KNOTS('',3,(#603,#604,#605,#606,#607,#608,#609,
#610,#611,#612,#613,#614,#615,#616,#617,#618),.UNSPECIFIED.,.F.,.F.,(4,
1,1,1,1,1,1,1,1,1,1,1,1,4),(9.42477796076938,9.92081890607303,10.4168598513767,
10.9129007966803,11.408941741984,11.9049826872876,12.4010236325913,12.8970645778949,
13.3931055231986,13.8891464685022,14.3851874138059,14.8812283591095,15.3772693044132,
15.707963267949),.UNSPECIFIED.);
#21=B_SPLINE_CURVE_WITH_KNOTS('',3,(#623,#624,#625,#626,#627,#628,#629,
#630,#631,#632,#633,#634,#635,#636,#637,#638,#639),.UNSPECIFIED.,.F.,.F.,
(4,1,1,1,1,1,1,1,1,1,1,1,1,1,4),(15.707963267949,15.8733102497168,16.3693511950205,
16.8653921403242,17.3614330856278,17.8574740309315,18.3535149762351,18.8495559215388,
19.3455968668424,19.8416378121461,20.3376787574497,20.8337197027534,21.329760648057,
21.8258015933607,21.9911485751285),.UNSPECIFIED.);
#22=B_SPLINE_CURVE_WITH_KNOTS('',3,(#640,#641,#642,#643,#644,#645,#646,
#647,#648,#649,#650,#651,#652,#653,#654,#655,#656),.UNSPECIFIED.,.F.,.F.,
(4,1,1,1,1,1,1,1,1,1,1,1,1,1,4),(15.707963267949,15.8733102497168,16.3693511950205,
16.8653921403242,17.3614330856278,17.8574740309315,18.3535149762351,18.8495559215388,
19.3455968668424,19.8416378121461,20.3376787574497,20.8337197027534,21.329760648057,
21.8258015933607,21.9911485751285),.UNSPECIFIED.);
#23=B_SPLINE_CURVE_WITH_KNOTS('',3,(#661,#662,#663,#664,#665,#666,#667,
#668,#669,#670,#671,#672,#673,#674,#675,#676),.UNSPECIFIED.,.F.,.F.,(4,
1,1,1,1,1,1,1,1,1,1,1,1,4),(21.9911485751285,22.3218425386643,22.817883483968,
23.3139244292716,23.8099653745753,24.3060063198789,24.8020472651826,25.2980882104862,
25.7941291557899,26.2901701010935,26.7862110463972,27.2822519917008,27.7782929370045,
28.2743338823081),.UNSPECIFIED.);
#24=B_SPLINE_CURVE_WITH_KNOTS('',3,(#677,#678,#679,#680,#681,#682,#683,
#684,#685,#686,#687,#688,#689,#690,#691,#692),.UNSPECIFIED.,.F.,.F.,(4,
1,1,1,1,1,1,1,1,1,1,1,1,4),(21.9911485751285,22.3218425386643,22.817883483968,
23.3139244292716,23.8099653745753,24.3060063198789,24.8020472651826,25.2980882104862,
25.7941291557899,26.2901701010935,26.7862110463972,27.2822519917008,27.7782929370045,
28.2743338823081),.UNSPECIFIED.);
#25=B_SPLINE_CURVE_WITH_KNOTS('',3,(#697,#698,#699,#700,#701,#702,#703,
#704,#705,#706,#707,#708,#709,#710,#711,#712),.UNSPECIFIED.,.F.,.F.,(4,
1,1,1,1,1,1,1,1,1,1,1,1,4),(28.2743338823081,28.7703748276118,29.2664157729154,
29.7624567182191,30.2584976635227,30.7545386088264,31.25057955413,31.7466204994337,
32.2426614447374,32.738702390041,33.2347433353447,33.7307842806483,34.226825225952,
34.5575191894877),.UNSPECIFIED.);
#26=B_SPLINE_CURVE_WITH_KNOTS('',3,(#713,#714,#715,#716,#717,#718,#719,
#720,#721,#722,#723,#724,#725,#726,#727,#728),.UNSPECIFIED.,.F.,.F.,(4,
1,1,1,1,1,1,1,1,1,1,1,1,4),(28.2743338823081,28.7703748276118,29.2664157729154,
29.7624567182191,30.2584976635227,30.7545386088264,31.25057955413,31.7466204994337,
32.2426614447374,32.738702390041,33.2347433353447,33.7307842806483,34.226825225952,
34.5575191894877),.UNSPECIFIED.);
#27=B_SPLINE_CURVE_WITH_KNOTS('',3,(#734,#735,#736,#737,#738,#739,#740,
#741,#742,#743),.UNSPECIFIED.,.F.,.F.,(4,1,1,1,1,1,1,4),(0.,0.496040945303652,
0.992081890607303,1.48812283591095,1.98416378121461,2.48020472651826,2.97624567182191,
3.14159265358979),.UNSPECIFIED.);
#28=B_SPLINE_CURVE_WITH_KNOTS('',3,(#746,#747,#748,#749,#750,#751,#752,
#753,#754,#755),.UNSPECIFIED.,.F.,.F.,(4,1,1,1,1,1,1,4),(0.,0.496040945303652,
0.992081890607303,1.48812283591095,1.98416378121461,2.48020472651826,2.97624567182191,
3.14159265358979),.UNSPECIFIED.);
#29=B_SPLINE_CURVE_WITH_KNOTS('',3,(#760,#761,#762,#763,#764,#765,#766,
#767,#768,#769,#770,#771,#772,#773,#774,#775),.UNSPECIFIED.,.F.,.F.,(4,
1,1,1,1,1,1,1,1,1,1,1,1,4),(3.14159265358979,3.47228661712556,3.96832756242921,
4.46436850773286,4.96040945303652,5.45645039834017,5.95249134364382,6.44853228894747,
6.94457323425112,7.44061417955477,7.93665512485842,8.43269607016208,8.92873701546573,
9.42477796076938),.UNSPECIFIED.);
#30=B_SPLINE_CURVE_WITH_KNOTS('',3,(#776,#777,#778,#779,#780,#781,#782,
#783,#784,#785,#786,#787,#788,#789,#790,#791),.UNSPECIFIED.,.F.,.F.,(4,
1,1,1,1,1,1,1,1,1,1,1,1,4),(3.14159265358979,3.47228661712556,3.96832756242921,
4.46436850773286,4.96040945303652,5.45645039834017,5.95249134364382,6.44853228894747,
6.94457323425112,7.44061417955477,7.93665512485842,8.43269607016208,8.92873701546573,
9.42477796076938),.UNSPECIFIED.);
#31=B_SPLINE_CURVE_WITH_KNOTS('',3,(#796,#797,#798,#799,#800,#801,#802,
#803,#804,#805,#806,#807,#808,#809,#810,#811),.UNSPECIFIED.,.F.,.F.,(4,
1,1,1,1,1,1,1,1,1,1,1,1,4),(9.42477796076938,9.92081890607303,10.4168598513767,
10.9129007966803,11.408941741984,11.9049826872876,12.4010236325913,12.8970645778949,
13.3931055231986,13.8891464685022,14.3851874138059,14.8812283591095,15.3772693044132,
15.707963267949),.UNSPECIFIED.);
#32=B_SPLINE_CURVE_WITH_KNOTS('',3,(#812,#813,#814,#815,#816,#817,#818,
#819,#820,#821,#822,#823,#824,#825,#826,#827),.UNSPECIFIED.,.F.,.F.,(4,
1,1,1,1,1,1,1,1,1,1,1,1,4),(9.42477796076938,9.92081890607303,10.4168598513767,
10.9129007966803,11.408941741984,11.9049826872876,12.4010236325913,12.8970645778949,
13.3931055231986,13.8891464685022,14.3851874138059,14.8812283591095,15.3772693044132,
15.707963267949),.UNSPECIFIED.);
#33=B_SPLINE_CURVE_WITH_KNOTS('',3,(#832,#833,#834,#835,#836,#837,#838,
#839,#840,#841,#842,#843,#844,#845,#846,#847,#848),.UNSPECIFIED.,.F.,.F.,
(4,1,1,1,1,1,1,1,1,1,1,1,1,1,4),(15.707963267949,15.8733102497168,16.3693511950205,
16.8653921403242,17.3614330856278,17.8574740309315,18.3535149762351,18.8495559215388,
19.3455968668424,19.8416378121461,20.3376787574497,20.8337197027534,21.329760648057,
21.8258015933607,21.9911485751285),.UNSPECIFIED.);
#34=B_SPLINE_CURVE_WITH_KNOTS('',3,(#849,#850,#851,#852,#853,#854,#855,
#856,#857,#858,#859,#860,#861,#862,#863,#864,#865),.UNSPECIFIED.,.F.,.F.,
(4,1,1,1,1,1,1,1,1,1,1,1,1,1,4),(15.707963267949,15.8733102497168,16.3693511950205,
16.8653921403242,17.3614330856278,17.8574740309315,18.3535149762351,18.8495559215388,
19.3455968668424,19.8416378121461,20.3376787574497,20.8337197027534,21.329760648057,
21.8258015933607,21.9911485751285),.UNSPECIFIED.);
#35=B_SPLINE_CURVE_WITH_KNOTS('',3,(#870,#871,#872,#873,#874,#875,#876,
#877,#878,#879,#880,#881,#882,#883,#884,#885),.UNSPECIFIED.,.F.,.F.,(4,
1,1,1,1,1,1,1,1,1,1,1,1,4),(21.9911485751285,22.3218425386643,22.817883483968,
23.3139244292716,23.8099653745753,24.3060063198789,24.8020472651826,25.2980882104862,
25.7941291557899,26.2901701010935,26.7862110463972,27.2822519917008,27.7782929370045,
28.2743338823081),.UNSPECIFIED.);
#36=B_SPLINE_CURVE_WITH_KNOTS('',3,(#886,#887,#888,#889,#890,#891,#892,
#893,#894,#895,#896,#897,#898,#899,#900,#901),.UNSPECIFIED.,.F.,.F.,(4,
1,1,1,1,1,1,1,1,1,1,1,1,4),(21.9911485751285,22.3218425386643,22.817883483968,
23.3139244292716,23.8099653745753,24.3060063198789,24.8020472651826,25.2980882104862,
25.7941291557899,26.2901701010935,26.7862110463972,27.2822519917008,27.7782929370045,
28.2743338823081),.UNSPECIFIED.);
#37=B_SPLINE_CURVE_WITH_KNOTS('',3,(#907,#908,#909,#910,#911,#912,#913,
#914,#915,#916),.UNSPECIFIED.,.F.,.F.,(4,1,1,1,1,1,1,4),(34.5575191894877,
34.7228661712556,35.2189071165593,35.7149480618629,36.2109890071666,36.7070299524702,
37.2030708977739,37.6991118430775),.UNSPECIFIED.);
#38=B_SPLINE_CURVE_WITH_KNOTS('',3,(#919,#920,#921,#922,#923,#924,#925,
#926,#927,#928),.UNSPECIFIED.,.F.,.F.,(4,1,1,1,1,1,1,4),(34.5575191894877,
34.7228661712556,35.2189071165593,35.7149480618629,36.2109890071666,36.7070299524702,
37.2030708977739,37.6991118430775),.UNSPECIFIED.);
#39=B_SPLINE_CURVE_WITH_KNOTS('',3,(#930,#931,#932,#933,#934,#935,#936,
#937,#938,#939,#940,#941,#942,#943,#944,#945),.UNSPECIFIED.,.F.,.F.,(4,
1,1,1,1,1,1,1,1,1,1,1,1,4),(28.2743338823081,28.7703748276118,29.2664157729154,
29.7624567182191,30.2584976635227,30.7545386088264,31.25057955413,31.7466204994337,
32.2426614447374,32.738702390041,33.2347433353447,33.7307842806483,34.226825225952,
34.5575191894877),.UNSPECIFIED.);
#40=B_SPLINE_CURVE_WITH_KNOTS('',3,(#946,#947,#948,#949,#950,#951,#952,
#953,#954,#955,#956,#957,#958,#959,#960,#961),.UNSPECIFIED.,.F.,.F.,(4,
1,1,1,1,1,1,1,1,1,1,1,1,4),(28.2743338823081,28.7703748276118,29.2664157729154,
29.7624567182191,30.2584976635227,30.7545386088264,31.25057955413,31.7466204994337,
32.2426614447374,32.738702390041,33.2347433353447,33.7307842806483,34.226825225952,
34.5575191894877),.UNSPECIFIED.);
#41=B_SPLINE_CURVE_WITH_KNOTS('',3,(#1281,#1282,#1283,#1284,#1285,#1286,
#1287,#1288,#1289,#1290),.UNSPECIFIED.,.F.,.F.,(4,1,1,1,1,1,1,4),(34.5575191894877,
34.7228661712556,35.2189071165593,35.7149480618629,36.2109890071666,36.7070299524702,
37.2030708977739,37.6991118430775),.UNSPECIFIED.);
#42=B_SPLINE_CURVE_WITH_KNOTS('',3,(#1294,#1295,#1296,#1297,#1298,#1299,
#1300,#1301,#1302,#1303),.UNSPECIFIED.,.F.,.F.,(4,1,1,1,1,1,1,4),(34.5575191894877,
34.7228661712556,35.2189071165593,35.7149480618629,36.2109890071666,36.7070299524702,
37.2030708977739,37.6991118430775),.UNSPECIFIED.);
#43=STYLED_ITEM('',(#1643),#45);
#44=STYLED_ITEM('',(#1643),#46);
#45=MANIFOLD_SOLID_BREP('Body1',#388);
#46=MANIFOLD_SOLID_BREP('Body2',#389);
#47=PLANE('',#408);
#48=PLANE('',#411);
#49=PLANE('',#426);
#50=PLANE('',#427);
#51=CYLINDRICAL_SURFACE('',#406,15.);
#52=CYLINDRICAL_SURFACE('',#412,14.);
#53=CYLINDRICAL_SURFACE('',#413,14.);
#54=CYLINDRICAL_SURFACE('',#414,14.);
#55=CYLINDRICAL_SURFACE('',#415,14.);
#56=CYLINDRICAL_SURFACE('',#416,14.);
#57=CYLINDRICAL_SURFACE('',#417,14.);
#58=CYLINDRICAL_SURFACE('',#418,18.);
#59=CYLINDRICAL_SURFACE('',#419,18.);
#60=CYLINDRICAL_SURFACE('',#420,18.);
#61=CYLINDRICAL_SURFACE('',#421,18.);
#62=CYLINDRICAL_SURFACE('',#422,18.);
#63=CYLINDRICAL_SURFACE('',#423,18.);
#64=CYLINDRICAL_SURFACE('',#424,18.);
#65=CYLINDRICAL_SURFACE('',#425,14.);
#66=FACE_OUTER_BOUND('',#89,.T.);
#67=FACE_OUTER_BOUND('',#90,.T.);
#68=FACE_OUTER_BOUND('',#91,.T.);
#69=FACE_OUTER_BOUND('',#92,.T.);
#70=FACE_OUTER_BOUND('',#93,.T.);
#71=FACE_OUTER_BOUND('',#94,.T.);
#72=FACE_OUTER_BOUND('',#95,.T.);
#73=FACE_OUTER_BOUND('',#96,.T.);
#74=FACE_OUTER_BOUND('',#97,.T.);
#75=FACE_OUTER_BOUND('',#98,.T.);
#76=FACE_OUTER_BOUND('',#99,.T.);
#77=FACE_OUTER_BOUND('',#100,.T.);
#78=FACE_OUTER_BOUND('',#101,.T.);
#79=FACE_OUTER_BOUND('',#102,.T.);
#80=FACE_OUTER_BOUND('',#103,.T.);
#81=FACE_OUTER_BOUND('',#104,.T.);
#82=FACE_OUTER_BOUND('',#105,.T.);
#83=FACE_OUTER_BOUND('',#106,.T.);
#84=FACE_OUTER_BOUND('',#107,.T.);
#85=FACE_OUTER_BOUND('',#108,.T.);
#86=FACE_OUTER_BOUND('',#109,.T.);
#87=FACE_OUTER_BOUND('',#110,.T.);
#88=FACE_OUTER_BOUND('',#111,.T.);
#89=EDGE_LOOP('',(#253,#254,#255,#256));
#90=EDGE_LOOP('',(#257,#258,#259,#260));
#91=EDGE_LOOP('',(#261));
#92=EDGE_LOOP('',(#262,#263,#264,#265));
#93=EDGE_LOOP('',(#266));
#94=EDGE_LOOP('',(#267,#268,#269,#270));
#95=EDGE_LOOP('',(#271,#272,#273,#274));
#96=EDGE_LOOP('',(#275,#276,#277,#278));
#97=EDGE_LOOP('',(#279,#280,#281,#282));
#98=EDGE_LOOP('',(#283,#284,#285,#286));
#99=EDGE_LOOP('',(#287,#288,#289,#290));
#100=EDGE_LOOP('',(#291,#292,#293,#294));
#101=EDGE_LOOP('',(#295,#296,#297,#298));
#102=EDGE_LOOP('',(#299,#300,#301,#302));
#103=EDGE_LOOP('',(#303,#304,#305,#306));
#104=EDGE_LOOP('',(#307,#308,#309,#310));
#105=EDGE_LOOP('',(#311,#312,#313,#314));
#106=EDGE_LOOP('',(#315,#316,#317,#318));
#107=EDGE_LOOP('',(#319,#320,#321,#322,#323,#324,#325,#326,#327,#328,#329,
#330,#331,#332,#333,#334));
#108=EDGE_LOOP('',(#335,#336,#337,#338));
#109=EDGE_LOOP('',(#339,#340,#341,#342,#343,#344,#345,#346,#347,#348,#349,
#350,#351,#352,#353,#354));
#110=EDGE_LOOP('',(#355,#356,#357,#358));
#111=EDGE_LOOP('',(#359,#360,#361,#362));
#112=LINE('',#508,#135);
#113=LINE('',#513,#136);
#114=LINE('',#518,#137);
#115=LINE('',#523,#138);
#116=LINE('',#536,#139);
#117=LINE('',#550,#140);
#118=LINE('',#586,#141);
#119=LINE('',#622,#142);
#120=LINE('',#660,#143);
#121=LINE('',#696,#144);
#122=LINE('',#732,#145);
#123=LINE('',#745,#146);
#124=LINE('',#759,#147);
#125=LINE('',#795,#148);
#126=LINE('',#831,#149);
#127=LINE('',#869,#150);
#128=LINE('',#905,#151);
#129=LINE('',#918,#152);
#130=LINE('',#1278,#153);
#131=LINE('',#1280,#154);
#132=LINE('',#1293,#155);
#133=LINE('',#1620,#156);
#134=LINE('',#1621,#157);
#135=VECTOR('',#434,14.);
#136=VECTOR('',#441,15.);
#137=VECTOR('',#448,14.);
#138=VECTOR('',#453,14.);
#139=VECTOR('',#454,10.);
#140=VECTOR('',#457,14.);
#141=VECTOR('',#460,14.);
#142=VECTOR('',#463,14.);
#143=VECTOR('',#466,14.);
#144=VECTOR('',#469,14.);
#145=VECTOR('',#472,18.);
#146=VECTOR('',#473,10.);
#147=VECTOR('',#476,18.);
#148=VECTOR('',#479,18.);
#149=VECTOR('',#482,18.);
#150=VECTOR('',#485,18.);
#151=VECTOR('',#488,18.);
#152=VECTOR('',#489,10.);
#153=VECTOR('',#492,10.);
#154=VECTOR('',#493,10.);
#155=VECTOR('',#496,10.);
#156=VECTOR('',#497,10.);
#157=VECTOR('',#498,10.);
#158=CIRCLE('',#404,15.);
#159=CIRCLE('',#405,13.);
#160=CIRCLE('',#407,15.);
#161=CIRCLE('',#410,13.);
#162=VERTEX_POINT('',#505);
#163=VERTEX_POINT('',#507);
#164=VERTEX_POINT('',#511);
#165=VERTEX_POINT('',#516);
#166=VERTEX_POINT('',#521);
#167=VERTEX_POINT('',#522);
#168=VERTEX_POINT('',#524);
#169=VERTEX_POINT('',#535);
#170=VERTEX_POINT('',#548);
#171=VERTEX_POINT('',#549);
#172=VERTEX_POINT('',#584);
#173=VERTEX_POINT('',#585);
#174=VERTEX_POINT('',#620);
#175=VERTEX_POINT('',#621);
#176=VERTEX_POINT('',#658);
#177=VERTEX_POINT('',#659);
#178=VERTEX_POINT('',#694);
#179=VERTEX_POINT('',#695);
#180=VERTEX_POINT('',#730);
#181=VERTEX_POINT('',#731);
#182=VERTEX_POINT('',#733);
#183=VERTEX_POINT('',#744);
#184=VERTEX_POINT('',#757);
#185=VERTEX_POINT('',#758);
#186=VERTEX_POINT('',#793);
#187=VERTEX_POINT('',#794);
#188=VERTEX_POINT('',#829);
#189=VERTEX_POINT('',#830);
#190=VERTEX_POINT('',#867);
#191=VERTEX_POINT('',#868);
#192=VERTEX_POINT('',#903);
#193=VERTEX_POINT('',#904);
#194=VERTEX_POINT('',#906);
#195=VERTEX_POINT('',#917);
#196=VERTEX_POINT('',#1279);
#197=VERTEX_POINT('',#1292);
#198=EDGE_CURVE('',#162,#162,#158,.T.);
#199=EDGE_CURVE('',#162,#163,#112,.T.);
#200=EDGE_CURVE('',#163,#163,#159,.T.);
#201=EDGE_CURVE('',#164,#164,#160,.T.);
#202=EDGE_CURVE('',#164,#162,#113,.T.);
#203=EDGE_CURVE('',#165,#165,#161,.T.);
#204=EDGE_CURVE('',#165,#164,#114,.T.);
#205=EDGE_CURVE('',#166,#167,#115,.T.);
#206=EDGE_CURVE('',#168,#166,#15,.T.);
#207=EDGE_CURVE('',#168,#169,#116,.T.);
#208=EDGE_CURVE('',#169,#167,#16,.T.);
#209=EDGE_CURVE('',#170,#171,#117,.T.);
#210=EDGE_CURVE('',#166,#170,#17,.T.);
#211=EDGE_CURVE('',#167,#171,#18,.T.);
#212=EDGE_CURVE('',#172,#173,#118,.T.);
#213=EDGE_CURVE('',#170,#172,#19,.T.);
#214=EDGE_CURVE('',#171,#173,#20,.T.);
#215=EDGE_CURVE('',#174,#175,#119,.T.);
#216=EDGE_CURVE('',#172,#174,#21,.T.);
#217=EDGE_CURVE('',#173,#175,#22,.T.);
#218=EDGE_CURVE('',#176,#177,#120,.T.);
#219=EDGE_CURVE('',#174,#176,#23,.T.);
#220=EDGE_CURVE('',#175,#177,#24,.T.);
#221=EDGE_CURVE('',#178,#179,#121,.T.);
#222=EDGE_CURVE('',#176,#178,#25,.T.);
#223=EDGE_CURVE('',#177,#179,#26,.T.);
#224=EDGE_CURVE('',#180,#181,#122,.T.);
#225=EDGE_CURVE('',#182,#181,#27,.T.);
#226=EDGE_CURVE('',#182,#183,#123,.T.);
#227=EDGE_CURVE('',#183,#180,#28,.T.);
#228=EDGE_CURVE('',#184,#185,#124,.T.);
#229=EDGE_CURVE('',#181,#185,#29,.T.);
#230=EDGE_CURVE('',#180,#184,#30,.T.);
#231=EDGE_CURVE('',#186,#187,#125,.T.);
#232=EDGE_CURVE('',#185,#187,#31,.T.);
#233=EDGE_CURVE('',#184,#186,#32,.T.);
#234=EDGE_CURVE('',#188,#189,#126,.T.);
#235=EDGE_CURVE('',#187,#189,#33,.T.);
#236=EDGE_CURVE('',#186,#188,#34,.T.);
#237=EDGE_CURVE('',#190,#191,#127,.T.);
#238=EDGE_CURVE('',#189,#191,#35,.T.);
#239=EDGE_CURVE('',#188,#190,#36,.T.);
#240=EDGE_CURVE('',#192,#193,#128,.T.);
#241=EDGE_CURVE('',#192,#194,#37,.T.);
#242=EDGE_CURVE('',#195,#194,#129,.T.);
#243=EDGE_CURVE('',#193,#195,#38,.T.);
#244=EDGE_CURVE('',#191,#193,#39,.T.);
#245=EDGE_CURVE('',#190,#192,#40,.T.);
#246=EDGE_CURVE('',#169,#182,#130,.T.);
#247=EDGE_CURVE('',#196,#195,#131,.T.);
#248=EDGE_CURVE('',#179,#196,#41,.T.);
#249=EDGE_CURVE('',#197,#196,#132,.T.);
#250=EDGE_CURVE('',#178,#197,#42,.T.);
#251=EDGE_CURVE('',#183,#168,#133,.T.);
#252=EDGE_CURVE('',#194,#197,#134,.T.);
#253=ORIENTED_EDGE('',*,*,#198,.T.);
#254=ORIENTED_EDGE('',*,*,#199,.T.);
#255=ORIENTED_EDGE('',*,*,#200,.T.);
#256=ORIENTED_EDGE('',*,*,#199,.F.);
#257=ORIENTED_EDGE('',*,*,#201,.F.);
#258=ORIENTED_EDGE('',*,*,#202,.T.);
#259=ORIENTED_EDGE('',*,*,#198,.F.);
#260=ORIENTED_EDGE('',*,*,#202,.F.);
#261=ORIENTED_EDGE('',*,*,#200,.F.);
#262=ORIENTED_EDGE('',*,*,#203,.T.);
#263=ORIENTED_EDGE('',*,*,#204,.T.);
#264=ORIENTED_EDGE('',*,*,#201,.T.);
#265=ORIENTED_EDGE('',*,*,#204,.F.);
#266=ORIENTED_EDGE('',*,*,#203,.F.);
#267=ORIENTED_EDGE('',*,*,#205,.F.);
#268=ORIENTED_EDGE('',*,*,#206,.F.);
#269=ORIENTED_EDGE('',*,*,#207,.T.);
#270=ORIENTED_EDGE('',*,*,#208,.T.);
#271=ORIENTED_EDGE('',*,*,#209,.F.);
#272=ORIENTED_EDGE('',*,*,#210,.F.);
#273=ORIENTED_EDGE('',*,*,#205,.T.);
#274=ORIENTED_EDGE('',*,*,#211,.T.);
#275=ORIENTED_EDGE('',*,*,#212,.F.);
#276=ORIENTED_EDGE('',*,*,#213,.F.);
#277=ORIENTED_EDGE('',*,*,#209,.T.);
#278=ORIENTED_EDGE('',*,*,#214,.T.);
#279=ORIENTED_EDGE('',*,*,#215,.F.);
#280=ORIENTED_EDGE('',*,*,#216,.F.);
#281=ORIENTED_EDGE('',*,*,#212,.T.);
#282=ORIENTED_EDGE('',*,*,#217,.T.);
#283=ORIENTED_EDGE('',*,*,#218,.F.);
#284=ORIENTED_EDGE('',*,*,#219,.F.);
#285=ORIENTED_EDGE('',*,*,#215,.T.);
#286=ORIENTED_EDGE('',*,*,#220,.T.);
#287=ORIENTED_EDGE('',*,*,#221,.F.);
#288=ORIENTED_EDGE('',*,*,#222,.F.);
#289=ORIENTED_EDGE('',*,*,#218,.T.);
#290=ORIENTED_EDGE('',*,*,#223,.T.);
#291=ORIENTED_EDGE('',*,*,#224,.T.);
#292=ORIENTED_EDGE('',*,*,#225,.F.);
#293=ORIENTED_EDGE('',*,*,#226,.T.);
#294=ORIENTED_EDGE('',*,*,#227,.T.);
#295=ORIENTED_EDGE('',*,*,#228,.T.);
#296=ORIENTED_EDGE('',*,*,#229,.F.);
#297=ORIENTED_EDGE('',*,*,#224,.F.);
#298=ORIENTED_EDGE('',*,*,#230,.T.);
#299=ORIENTED_EDGE('',*,*,#231,.T.);
#300=ORIENTED_EDGE('',*,*,#232,.F.);
#301=ORIENTED_EDGE('',*,*,#228,.F.);
#302=ORIENTED_EDGE('',*,*,#233,.T.);
#303=ORIENTED_EDGE('',*,*,#234,.T.);
#304=ORIENTED_EDGE('',*,*,#235,.F.);
#305=ORIENTED_EDGE('',*,*,#231,.F.);
#306=ORIENTED_EDGE('',*,*,#236,.T.);
#307=ORIENTED_EDGE('',*,*,#237,.T.);
#308=ORIENTED_EDGE('',*,*,#238,.F.);
#309=ORIENTED_EDGE('',*,*,#234,.F.);
#310=ORIENTED_EDGE('',*,*,#239,.T.);
#311=ORIENTED_EDGE('',*,*,#240,.F.);
#312=ORIENTED_EDGE('',*,*,#241,.T.);
#313=ORIENTED_EDGE('',*,*,#242,.F.);
#314=ORIENTED_EDGE('',*,*,#243,.F.);
#315=ORIENTED_EDGE('',*,*,#240,.T.);
#316=ORIENTED_EDGE('',*,*,#244,.F.);
#317=ORIENTED_EDGE('',*,*,#237,.F.);
#318=ORIENTED_EDGE('',*,*,#245,.T.);
#319=ORIENTED_EDGE('',*,*,#246,.T.);
#320=ORIENTED_EDGE('',*,*,#225,.T.);
#321=ORIENTED_EDGE('',*,*,#229,.T.);
#322=ORIENTED_EDGE('',*,*,#232,.T.);
#323=ORIENTED_EDGE('',*,*,#235,.T.);
#324=ORIENTED_EDGE('',*,*,#238,.T.);
#325=ORIENTED_EDGE('',*,*,#244,.T.);
#326=ORIENTED_EDGE('',*,*,#243,.T.);
#327=ORIENTED_EDGE('',*,*,#247,.F.);
#328=ORIENTED_EDGE('',*,*,#248,.F.);
#329=ORIENTED_EDGE('',*,*,#223,.F.);
#330=ORIENTED_EDGE('',*,*,#220,.F.);
#331=ORIENTED_EDGE('',*,*,#217,.F.);
#332=ORIENTED_EDGE('',*,*,#214,.F.);
#333=ORIENTED_EDGE('',*,*,#211,.F.);
#334=ORIENTED_EDGE('',*,*,#208,.F.);
#335=ORIENTED_EDGE('',*,*,#221,.T.);
#336=ORIENTED_EDGE('',*,*,#248,.T.);
#337=ORIENTED_EDGE('',*,*,#249,.F.);
#338=ORIENTED_EDGE('',*,*,#250,.F.);
#339=ORIENTED_EDGE('',*,*,#251,.T.);
#340=ORIENTED_EDGE('',*,*,#206,.T.);
#341=ORIENTED_EDGE('',*,*,#210,.T.);
#342=ORIENTED_EDGE('',*,*,#213,.T.);
#343=ORIENTED_EDGE('',*,*,#216,.T.);
#344=ORIENTED_EDGE('',*,*,#219,.T.);
#345=ORIENTED_EDGE('',*,*,#222,.T.);
#346=ORIENTED_EDGE('',*,*,#250,.T.);
#347=ORIENTED_EDGE('',*,*,#252,.F.);
#348=ORIENTED_EDGE('',*,*,#241,.F.);
#349=ORIENTED_EDGE('',*,*,#245,.F.);
#350=ORIENTED_EDGE('',*,*,#239,.F.);
#351=ORIENTED_EDGE('',*,*,#236,.F.);
#352=ORIENTED_EDGE('',*,*,#233,.F.);
#353=ORIENTED_EDGE('',*,*,#230,.F.);
#354=ORIENTED_EDGE('',*,*,#227,.F.);
#355=ORIENTED_EDGE('',*,*,#252,.T.);
#356=ORIENTED_EDGE('',*,*,#249,.T.);
#357=ORIENTED_EDGE('',*,*,#247,.T.);
#358=ORIENTED_EDGE('',*,*,#242,.T.);
#359=ORIENTED_EDGE('',*,*,#251,.F.);
#360=ORIENTED_EDGE('',*,*,#226,.F.);
#361=ORIENTED_EDGE('',*,*,#246,.F.);
#362=ORIENTED_EDGE('',*,*,#207,.F.);
#363=CONICAL_SURFACE('',#403,14.,0.785398163397448);
#364=CONICAL_SURFACE('',#409,14.,0.78539816339745);
#365=ADVANCED_FACE('',(#66),#363,.T.);
#366=ADVANCED_FACE('',(#67),#51,.T.);
#367=ADVANCED_FACE('',(#68),#47,.F.);
#368=ADVANCED_FACE('',(#69),#364,.T.);
#369=ADVANCED_FACE('',(#70),#48,.T.);
#370=ADVANCED_FACE('',(#71),#52,.F.);
#371=ADVANCED_FACE('',(#72),#53,.F.);
#372=ADVANCED_FACE('',(#73),#54,.F.);
#373=ADVANCED_FACE('',(#74),#55,.F.);
#374=ADVANCED_FACE('',(#75),#56,.F.);
#375=ADVANCED_FACE('',(#76),#57,.F.);
#376=ADVANCED_FACE('',(#77),#58,.T.);
#377=ADVANCED_FACE('',(#78),#59,.T.);
#378=ADVANCED_FACE('',(#79),#60,.T.);
#379=ADVANCED_FACE('',(#80),#61,.T.);
#380=ADVANCED_FACE('',(#81),#62,.T.);
#381=ADVANCED_FACE('',(#82),#63,.T.);
#382=ADVANCED_FACE('',(#83),#64,.T.);
#383=ADVANCED_FACE('',(#84),#13,.T.);
#384=ADVANCED_FACE('',(#85),#65,.F.);
#385=ADVANCED_FACE('',(#86),#14,.T.);
#386=ADVANCED_FACE('',(#87),#49,.F.);
#387=ADVANCED_FACE('',(#88),#50,.T.);
#388=CLOSED_SHELL('',(#365,#366,#367,#368,#369));
#389=CLOSED_SHELL('',(#370,#371,#372,#373,#374,#375,#376,#377,#378,#379,
#380,#381,#382,#383,#384,#385,#386,#387));
#390=DERIVED_UNIT_ELEMENT(#392,1.);
#391=DERIVED_UNIT_ELEMENT(#1629,-3.);
#392=(
MASS_UNIT()
NAMED_UNIT(*)
SI_UNIT(.KILO.,.GRAM.)
);
#393=DERIVED_UNIT((#390,#391));
#394=MEASURE_REPRESENTATION_ITEM('density measure',
POSITIVE_RATIO_MEASURE(7850.),#393);
#395=PROPERTY_DEFINITION_REPRESENTATION(#400,#397);
#396=PROPERTY_DEFINITION_REPRESENTATION(#401,#398);
#397=REPRESENTATION('material name',(#399),#1626);
#398=REPRESENTATION('density',(#394),#1626);
#399=DESCRIPTIVE_REPRESENTATION_ITEM('Steel','Steel');
#400=PROPERTY_DEFINITION('material property','material name',#1636);
#401=PROPERTY_DEFINITION('material property','density of part',#1636);
#402=AXIS2_PLACEMENT_3D('',#503,#428,#429);
#403=AXIS2_PLACEMENT_3D('',#504,#430,#431);
#404=AXIS2_PLACEMENT_3D('',#506,#432,#433);
#405=AXIS2_PLACEMENT_3D('',#509,#435,#436);
#406=AXIS2_PLACEMENT_3D('',#510,#437,#438);
#407=AXIS2_PLACEMENT_3D('',#512,#439,#440);
#408=AXIS2_PLACEMENT_3D('',#514,#442,#443);
#409=AXIS2_PLACEMENT_3D('',#515,#444,#445);
#410=AXIS2_PLACEMENT_3D('',#517,#446,#447);
#411=AXIS2_PLACEMENT_3D('',#519,#449,#450);
#412=AXIS2_PLACEMENT_3D('',#520,#451,#452);
#413=AXIS2_PLACEMENT_3D('',#547,#455,#456);
#414=AXIS2_PLACEMENT_3D('',#583,#458,#459);
#415=AXIS2_PLACEMENT_3D('',#619,#461,#462);
#416=AXIS2_PLACEMENT_3D('',#657,#464,#465);
#417=AXIS2_PLACEMENT_3D('',#693,#467,#468);
#418=AXIS2_PLACEMENT_3D('',#729,#470,#471);
#419=AXIS2_PLACEMENT_3D('',#756,#474,#475);
#420=AXIS2_PLACEMENT_3D('',#792,#477,#478);
#421=AXIS2_PLACEMENT_3D('',#828,#480,#481);
#422=AXIS2_PLACEMENT_3D('',#866,#483,#484);
#423=AXIS2_PLACEMENT_3D('',#902,#486,#487);
#424=AXIS2_PLACEMENT_3D('',#929,#490,#491);
#425=AXIS2_PLACEMENT_3D('',#1291,#494,#495);
#426=AXIS2_PLACEMENT_3D('',#1622,#499,#500);
#427=AXIS2_PLACEMENT_3D('',#1623,#501,#502);
#428=DIRECTION('axis',(0.,0.,1.));
#429=DIRECTION('refdir',(1.,0.,0.));
#430=DIRECTION('center_axis',(0.,0.,1.));
#431=DIRECTION('ref_axis',(1.,0.,0.));
#432=DIRECTION('center_axis',(0.,0.,-1.));
#433=DIRECTION('ref_axis',(1.,0.,0.));
#434=DIRECTION('',(0.707106781186547,8.65956056235493E-17,-0.707106781186548));
#435=DIRECTION('center_axis',(0.,0.,1.));
#436=DIRECTION('ref_axis',(1.,0.,0.));
#437=DIRECTION('center_axis',(0.,0.,1.));
#438=DIRECTION('ref_axis',(1.,0.,0.));
#439=DIRECTION('center_axis',(0.,0.,1.));
#440=DIRECTION('ref_axis',(1.,0.,0.));
#441=DIRECTION('',(0.,0.,-1.));
#442=DIRECTION('center_axis',(0.,0.,1.));
#443=DIRECTION('ref_axis',(1.,0.,0.));
#444=DIRECTION('center_axis',(0.,0.,-1.));
#445=DIRECTION('ref_axis',(1.,0.,0.));
#446=DIRECTION('center_axis',(0.,0.,-1.));
#447=DIRECTION('ref_axis',(1.,0.,0.));
#448=DIRECTION('',(-0.707106781186549,-8.65956056235495E-17,-0.707106781186546));
#449=DIRECTION('center_axis',(0.,0.,1.));
#450=DIRECTION('ref_axis',(1.,0.,0.));
#451=DIRECTION('center_axis',(0.,0.,1.));
#452=DIRECTION('ref_axis',(1.,0.,0.));
#453=DIRECTION('',(-1.22464679914735E-16,-1.49975978266186E-32,-1.));
#454=DIRECTION('',(0.,0.,-1.));
#455=DIRECTION('center_axis',(0.,0.,1.));
#456=DIRECTION('ref_axis',(1.,0.,0.));
#457=DIRECTION('',(-1.22464679914735E-16,-1.49975978266186E-32,-1.));
#458=DIRECTION('center_axis',(0.,0.,1.));
#459=DIRECTION('ref_axis',(1.,0.,0.));
#460=DIRECTION('',(-1.22464679914735E-16,-1.49975978266186E-32,-1.));
#461=DIRECTION('center_axis',(0.,0.,1.));
#462=DIRECTION('ref_axis',(1.,0.,0.));
#463=DIRECTION('',(-1.22464679914735E-16,-1.49975978266186E-32,-1.));
#464=DIRECTION('center_axis',(0.,0.,1.));
#465=DIRECTION('ref_axis',(1.,0.,0.));
#466=DIRECTION('',(-1.22464679914735E-16,-1.49975978266186E-32,-1.));
#467=DIRECTION('center_axis',(0.,0.,1.));
#468=DIRECTION('ref_axis',(1.,0.,0.));
#469=DIRECTION('',(-1.22464679914735E-16,-1.49975978266186E-32,-1.));
#470=DIRECTION('center_axis',(0.,0.,1.));
#471=DIRECTION('ref_axis',(1.,0.,0.));
#472=DIRECTION('',(0.,0.,-1.));
#473=DIRECTION('',(0.,0.,1.));
#474=DIRECTION('center_axis',(0.,0.,1.));
#475=DIRECTION('ref_axis',(1.,0.,0.));
#476=DIRECTION('',(0.,0.,-1.));
#477=DIRECTION('center_axis',(0.,0.,1.));
#478=DIRECTION('ref_axis',(1.,0.,0.));
#479=DIRECTION('',(0.,0.,-1.));
#480=DIRECTION('center_axis',(0.,0.,1.));
#481=DIRECTION('ref_axis',(1.,0.,0.));
#482=DIRECTION('',(0.,0.,-1.));
#483=DIRECTION('center_axis',(0.,0.,1.));
#484=DIRECTION('ref_axis',(1.,0.,0.));
#485=DIRECTION('',(0.,0.,-1.));
#486=DIRECTION('center_axis',(0.,0.,1.));
#487=DIRECTION('ref_axis',(1.,0.,0.));
#488=DIRECTION('',(0.,0.,-1.));
#489=DIRECTION('',(0.,0.,1.));
#490=DIRECTION('center_axis',(0.,0.,1.));
#491=DIRECTION('ref_axis',(1.,0.,0.));
#492=DIRECTION('',(1.,0.,0.));
#493=DIRECTION('',(1.,1.46957615897682E-15,0.));
#494=DIRECTION('center_axis',(0.,0.,1.));
#495=DIRECTION('ref_axis',(1.,0.,0.));
#496=DIRECTION('',(0.,0.,-1.));
#497=DIRECTION('',(-1.,0.,0.));
#498=DIRECTION('',(-1.,-1.46957615897682E-15,0.));
#499=DIRECTION('center_axis',(-1.46957615897682E-15,1.,0.));
#500=DIRECTION('ref_axis',(0.,0.,1.));
#501=DIRECTION('center_axis',(0.,1.,0.));
#502=DIRECTION('ref_axis',(0.,0.,1.));
#503=CARTESIAN_POINT('',(0.,0.,0.));
#504=CARTESIAN_POINT('Origin',(0.,0.,1.));
#505=CARTESIAN_POINT('',(-15.,1.83697019872103E-15,2.));
#506=CARTESIAN_POINT('Origin',(0.,0.,2.));
#507=CARTESIAN_POINT('',(-13.,-1.59204083889156E-15,0.));
#508=CARTESIAN_POINT('',(-14.,-1.71450551880629E-15,1.));
#509=CARTESIAN_POINT('Origin',(0.,0.,0.));
#510=CARTESIAN_POINT('Origin',(0.,0.,0.));
#511=CARTESIAN_POINT('',(-15.,-1.83697019872103E-15,98.));
#512=CARTESIAN_POINT('Origin',(0.,0.,98.));
#513=CARTESIAN_POINT('',(-15.,-1.83697019872103E-15,0.));
#514=CARTESIAN_POINT('Origin',(0.,0.,0.));
#515=CARTESIAN_POINT('Origin',(0.,0.,99.));
#516=CARTESIAN_POINT('',(-13.,1.59204083889156E-15,100.));
#517=CARTESIAN_POINT('Origin',(0.,0.,100.));
#518=CARTESIAN_POINT('',(-14.,-1.71450551880629E-15,99.));
#519=CARTESIAN_POINT('Origin',(0.,0.,100.));
#520=CARTESIAN_POINT('Origin',(0.,0.,12.));
#521=CARTESIAN_POINT('',(-13.9993353754528,-0.000301409553813085,18.6665));
#522=CARTESIAN_POINT('',(-13.9993351909228,-0.000301434307391213,14.6665));
#523=CARTESIAN_POINT('',(-14.,-1.71450551880629E-15,12.));
#524=CARTESIAN_POINT('',(14.,0.,12.));
#525=CARTESIAN_POINT('Ctrl Pts',(14.,0.,12.));
#526=CARTESIAN_POINT('Ctrl Pts',(14.,-2.31485774475037,12.3508684210526));
#527=CARTESIAN_POINT('Ctrl Pts',(12.8295951008272,-6.94229823068287,13.0526052631579));
#528=CARTESIAN_POINT('Ctrl Pts',(7.97820916932788,-12.2121579208831,14.1052105263158));
#529=CARTESIAN_POINT('Ctrl Pts',(1.20472412119432,-14.5372992699391,15.1578157894737));
#530=CARTESIAN_POINT('Ctrl Pts',(-5.85968196001968,-13.3586473579533,16.2104210526316));
#531=CARTESIAN_POINT('Ctrl Pts',(-11.5113443946141,-8.95963582203934,17.2630263157895));
#532=CARTESIAN_POINT('Ctrl Pts',(-13.748970441768,-3.85846800008241,18.0817192982456));
#533=CARTESIAN_POINT('Ctrl Pts',(-13.9999415149182,-0.772013112112216,18.5495438596491));
#534=CARTESIAN_POINT('Ctrl Pts',(-13.9993353754528,-0.000301409553813206,
18.6665));
#535=CARTESIAN_POINT('',(14.,0.,8.));
#536=CARTESIAN_POINT('',(14.,0.,12.));
#537=CARTESIAN_POINT('Ctrl Pts',(14.,0.,8.));
#538=CARTESIAN_POINT('Ctrl Pts',(14.,-2.31485774475037,8.35086842105263));
#539=CARTESIAN_POINT('Ctrl Pts',(12.8296045040375,-6.94229775893182,9.0526052631579));
#540=CARTESIAN_POINT('Ctrl Pts',(7.9782056525334,-12.2121579369062,10.1052105263158));
#541=CARTESIAN_POINT('Ctrl Pts',(1.20472597661575,-14.5372987163665,11.1578157894737));
#542=CARTESIAN_POINT('Ctrl Pts',(-5.85968284986112,-13.3586473179576,12.2104210526316));
#543=CARTESIAN_POINT('Ctrl Pts',(-11.5113436411413,-8.95963550810904,13.2630263157895));
#544=CARTESIAN_POINT('Ctrl Pts',(-13.7489702822277,-3.85846796442376,14.0817192982456));
#545=CARTESIAN_POINT('Ctrl Pts',(-13.999941343518,-0.772013127375117,14.5495438596491));
#546=CARTESIAN_POINT('Ctrl Pts',(-13.9993351909228,-0.00030143430739149,
14.6665));
#547=CARTESIAN_POINT('Origin',(0.,0.,12.));
#548=CARTESIAN_POINT('',(-14.0011809865252,2.83852529457074E-10,31.9995));
#549=CARTESIAN_POINT('',(-14.0011807214826,2.92053970562208E-10,27.9995));
#550=CARTESIAN_POINT('',(-14.,-1.71450551880629E-15,12.));
#551=CARTESIAN_POINT('Ctrl Pts',(-13.9993353754528,-0.000301409553813206,
18.6665));
#552=CARTESIAN_POINT('Ctrl Pts',(-13.998123096522,1.54312199556305,18.9004122807018));
#553=CARTESIAN_POINT('Ctrl Pts',(-13.3616033216651,5.40266031401386,19.4851929824561));
#554=CARTESIAN_POINT('Ctrl Pts',(-9.87966466336683,10.7321700571794,20.4208421052632));
#555=CARTESIAN_POINT('Ctrl Pts',(-3.58095132669188,14.1408649988819,21.473447368421));
#556=CARTESIAN_POINT('Ctrl Pts',(3.58095217126554,14.1408628108619,22.5260526315789));
#557=CARTESIAN_POINT('Ctrl Pts',(9.87966168003312,10.732173410002,23.5786578947368));
#558=CARTESIAN_POINT('Ctrl Pts',(13.7968523642385,4.73646529360244,24.6312631578947));
#559=CARTESIAN_POINT('Ctrl Pts',(14.3882781600039,-2.40097887213179,25.6838684210526));
#560=CARTESIAN_POINT('Ctrl Pts',(11.5113731616563,-8.95966144604305,26.7364736842105));
#561=CARTESIAN_POINT('Ctrl Pts',(5.8596231115943,-13.3585950736677,27.7890789473684));
#562=CARTESIAN_POINT('Ctrl Pts',(-1.20460382212324,-14.5374060812651,28.8416842105263));
#563=CARTESIAN_POINT('Ctrl Pts',(-7.97845794809585,-12.2119390020793,29.8942894736842));
#564=CARTESIAN_POINT('Ctrl Pts',(-12.8290848821951,-6.94275354684541,30.9468947368421));
#565=CARTESIAN_POINT('Ctrl Pts',(-14.0011808622162,-2.31425118150811,31.6486315789474));
#566=CARTESIAN_POINT('Ctrl Pts',(-14.0011808618778,2.83872370054894E-10,
31.9995));
#567=CARTESIAN_POINT('Ctrl Pts',(-13.9993351909228,-0.00030143430739149,
14.6665));
#568=CARTESIAN_POINT('Ctrl Pts',(-13.9981228857323,1.5431219518281,14.9004122807017));
#569=CARTESIAN_POINT('Ctrl Pts',(-13.3616029435778,5.40266025522253,15.4851929824561));
#570=CARTESIAN_POINT('Ctrl Pts',(-9.87966455407226,10.7321698226086,16.4208421052632));
#571=CARTESIAN_POINT('Ctrl Pts',(-3.58095121767461,14.1408647474283,17.473447368421));
#572=CARTESIAN_POINT('Ctrl Pts',(3.58095208190176,14.1408625326032,18.526052631579));
#573=CARTESIAN_POINT('Ctrl Pts',(9.87966150335238,10.7321732112856,19.5786578947368));
#574=CARTESIAN_POINT('Ctrl Pts',(13.7968520963542,4.73646520077924,20.6312631578948));
#575=CARTESIAN_POINT('Ctrl Pts',(14.3882778895417,-2.40097882499717,21.6838684210526));
#576=CARTESIAN_POINT('Ctrl Pts',(11.5113729414004,-8.95966127659369,22.7364736842105));
#577=CARTESIAN_POINT('Ctrl Pts',(5.85962300102621,-13.358594819401,23.7890789473684));
#578=CARTESIAN_POINT('Ctrl Pts',(-1.20460379963123,-14.5374058052464,24.8416842105263));
#579=CARTESIAN_POINT('Ctrl Pts',(-7.97845779628453,-12.2119387699093,25.8942894736842));
#580=CARTESIAN_POINT('Ctrl Pts',(-12.8290846385187,-6.94275341497903,26.9468947368421));
#581=CARTESIAN_POINT('Ctrl Pts',(-14.001180596163,-2.31425113753158,27.6486315789474));
#582=CARTESIAN_POINT('Ctrl Pts',(-14.0011805958118,2.9207289364841E-10,
27.9995));
#583=CARTESIAN_POINT('Origin',(0.,0.,12.));
#584=CARTESIAN_POINT('',(-13.9993312376091,0.00029773566640929,45.3325));
#585=CARTESIAN_POINT('',(-13.9993309715917,0.000297735660779175,41.3325));
#586=CARTESIAN_POINT('',(-14.,-1.71450551880629E-15,12.));
#587=CARTESIAN_POINT('Ctrl Pts',(-14.0011808618778,2.83872370054894E-10,
31.9995));
#588=CARTESIAN_POINT('Ctrl Pts',(-14.0011808615394,2.31425118207586,32.3503684210526));
#589=CARTESIAN_POINT('Ctrl Pts',(-12.8290848801648,6.94275354390649,33.0521052631579));
#590=CARTESIAN_POINT('Ctrl Pts',(-7.97845795323745,12.2119390072005,34.1047105263158));
#591=CARTESIAN_POINT('Ctrl Pts',(-1.20460381113327,14.5374060712351,35.1573157894737));
#592=CARTESIAN_POINT('Ctrl Pts',(5.85962308890537,13.3585950939459,36.2099210526316));
#593=CARTESIAN_POINT('Ctrl Pts',(11.5113732081227,8.95966140472138,37.2625263157895));
#594=CARTESIAN_POINT('Ctrl Pts',(14.3882780650234,2.40097895649467,38.3151315789474));
#595=CARTESIAN_POINT('Ctrl Pts',(13.7968525582965,-4.7364654659175,39.3677368421053));
#596=CARTESIAN_POINT('Ctrl Pts',(9.87966128359005,-10.732173058002,40.4203421052632));
#597=CARTESIAN_POINT('Ctrl Pts',(3.58095298114197,-14.1408635299354,41.4729473684211));
#598=CARTESIAN_POINT('Ctrl Pts',(-3.58095298114304,-14.1408635299326,42.5255526315789));
#599=CARTESIAN_POINT('Ctrl Pts',(-9.87966128358625,-10.7321730580063,43.5781578947368));
#600=CARTESIAN_POINT('Ctrl Pts',(-13.3616090833363,-5.40265519836467,44.5138070175439));
#601=CARTESIAN_POINT('Ctrl Pts',(-13.9981200840975,-1.54312467021312,45.0985877192982));
#602=CARTESIAN_POINT('Ctrl Pts',(-13.9993312376091,0.000297735666409532,
45.3325));
#603=CARTESIAN_POINT('Ctrl Pts',(-14.0011805958118,2.9207289364841E-10,
27.9995));
#604=CARTESIAN_POINT('Ctrl Pts',(-14.0011805954606,2.31425113811572,28.3503684210526));
#605=CARTESIAN_POINT('Ctrl Pts',(-12.8290846364115,6.94275341196287,29.0521052631579));
#606=CARTESIAN_POINT('Ctrl Pts',(-7.97845780161591,12.2119387751559,30.1047105263158));
#607=CARTESIAN_POINT('Ctrl Pts',(-1.20460378825014,14.5374057949888,31.1573157894737));
#608=CARTESIAN_POINT('Ctrl Pts',(5.85962297756344,13.3585948401061,32.2099210526316));
#609=CARTESIAN_POINT('Ctrl Pts',(11.5113729893801,8.95966123446739,33.2625263157895));
#610=CARTESIAN_POINT('Ctrl Pts',(14.3882777916161,2.40097891087149,34.3151315789474));
#611=CARTESIAN_POINT('Ctrl Pts',(13.7968522961261,-4.73646537591476,35.3677368421052));
#612=CARTESIAN_POINT('Ctrl Pts',(9.87966109585547,-10.7321728540675,36.4203421052632));
#613=CARTESIAN_POINT('Ctrl Pts',(3.58095291309603,-14.1408632612287,37.472947368421));
#614=CARTESIAN_POINT('Ctrl Pts',(-3.58095291309716,-14.1408632612258,38.525552631579));
#615=CARTESIAN_POINT('Ctrl Pts',(-9.87966109585146,-10.7321728540719,39.5781578947368));
#616=CARTESIAN_POINT('Ctrl Pts',(-13.3616088294369,-5.40265509570259,40.5138070175439));
#617=CARTESIAN_POINT('Ctrl Pts',(-13.9981198181031,-1.54312464089041,41.0985877192983));
#618=CARTESIAN_POINT('Ctrl Pts',(-13.9993309715917,0.000297735660778134,
41.3325));
#619=CARTESIAN_POINT('Origin',(0.,0.,12.));
#620=CARTESIAN_POINT('',(-13.9993312376091,-0.000297735666529966,58.6655));
#621=CARTESIAN_POINT('',(-13.9993309715917,-0.000297735660873544,54.6655));
#622=CARTESIAN_POINT('',(-14.,-1.71450551880629E-15,12.));
#623=CARTESIAN_POINT('Ctrl Pts',(-13.9993312376091,0.000297735666409532,
45.3325));
#624=CARTESIAN_POINT('Ctrl Pts',(-13.9999368143649,0.772008938606201,45.4494561403509));
#625=CARTESIAN_POINT('Ctrl Pts',(-13.7489658745953,3.85846394498424,45.9172807017544));
#626=CARTESIAN_POINT('Ctrl Pts',(-11.5113732081594,8.95966140475407,46.7359736842105));
#627=CARTESIAN_POINT('Ctrl Pts',(-5.85962308883034,13.3585950938793,47.7885789473684));
#628=CARTESIAN_POINT('Ctrl Pts',(1.20460381097997,14.5374060713713,48.8411842105263));
#629=CARTESIAN_POINT('Ctrl Pts',(7.97845795355063,12.2119390069224,49.8937894736842));
#630=CARTESIAN_POINT('Ctrl Pts',(12.8290848795249,6.94275354447461,50.9463947368421));
#631=CARTESIAN_POINT('Ctrl Pts',(14.5872288535338,1.35842268668932E-14,
51.999));
#632=CARTESIAN_POINT('Ctrl Pts',(12.8290848795249,-6.9427535444746,53.0516052631579));
#633=CARTESIAN_POINT('Ctrl Pts',(7.97845795355065,-12.2119390069224,54.1042105263158));
#634=CARTESIAN_POINT('Ctrl Pts',(1.20460381097995,-14.5374060713713,55.1568157894737));
#635=CARTESIAN_POINT('Ctrl Pts',(-5.85962308883036,-13.3585950938793,56.2094210526316));
#636=CARTESIAN_POINT('Ctrl Pts',(-11.5113732081594,-8.95966140475405,57.2620263157895));
#637=CARTESIAN_POINT('Ctrl Pts',(-13.7489658745953,-3.85846394498426,58.0807192982456));
#638=CARTESIAN_POINT('Ctrl Pts',(-13.9999368143649,-0.772008938606281,58.5485438596491));
#639=CARTESIAN_POINT('Ctrl Pts',(-13.9993312376091,-0.000297735666530477,
58.6655));
#640=CARTESIAN_POINT('Ctrl Pts',(-13.9993309715917,0.000297735660778134,
41.3325));
#641=CARTESIAN_POINT('Ctrl Pts',(-13.999936548336,0.772008923936388,41.4494561403509));
#642=CARTESIAN_POINT('Ctrl Pts',(-13.7489656133354,3.85846387166513,41.9172807017544));
#643=CARTESIAN_POINT('Ctrl Pts',(-11.5113729894185,8.95966123450122,42.7359736842106));
#644=CARTESIAN_POINT('Ctrl Pts',(-5.85962297748489,13.3585948400372,43.7885789473684));
#645=CARTESIAN_POINT('Ctrl Pts',(1.2046037880899,14.5374057951293,44.8411842105264));
#646=CARTESIAN_POINT('Ctrl Pts',(7.97845780194277,12.2119387748693,45.8937894736842));
#647=CARTESIAN_POINT('Ctrl Pts',(12.8290846357447,6.94275341254735,46.9463947368421));
#648=CARTESIAN_POINT('Ctrl Pts',(14.5872285763451,1.06732685013094E-14,
47.999));
#649=CARTESIAN_POINT('Ctrl Pts',(12.8290846357447,-6.94275341254733,49.0516052631579));
#650=CARTESIAN_POINT('Ctrl Pts',(7.97845780194278,-12.2119387748693,50.1042105263158));
#651=CARTESIAN_POINT('Ctrl Pts',(1.20460378808989,-14.5374057951293,51.1568157894737));
#652=CARTESIAN_POINT('Ctrl Pts',(-5.85962297748492,-13.3585948400372,52.2094210526316));
#653=CARTESIAN_POINT('Ctrl Pts',(-11.5113729894185,-8.95966123450121,53.2620263157895));
#654=CARTESIAN_POINT('Ctrl Pts',(-13.7489656133353,-3.85846387166515,54.0807192982456));
#655=CARTESIAN_POINT('Ctrl Pts',(-13.999936548336,-0.77200892393645,54.5485438596491));
#656=CARTESIAN_POINT('Ctrl Pts',(-13.9993309715917,-0.000297735660873613,
54.6655));
#657=CARTESIAN_POINT('Origin',(0.,0.,12.));
#658=CARTESIAN_POINT('',(-14.0011808620734,-2.83944699126701E-10,71.9985));
#659=CARTESIAN_POINT('',(-14.0011805960161,-2.92141964971286E-10,67.9985));
#660=CARTESIAN_POINT('',(-14.,-1.71450551880629E-15,12.));
#661=CARTESIAN_POINT('Ctrl Pts',(-13.9993312376091,-0.000297735666530477,
58.6655));
#662=CARTESIAN_POINT('Ctrl Pts',(-13.9981200840975,1.54312467021304,58.8994122807017));
#663=CARTESIAN_POINT('Ctrl Pts',(-13.3616090833363,5.40265519836464,59.4841929824561));
#664=CARTESIAN_POINT('Ctrl Pts',(-9.87966128358626,10.7321730580063,60.4198421052632));
#665=CARTESIAN_POINT('Ctrl Pts',(-3.58095298114305,14.1408635299326,61.4724473684211));
#666=CARTESIAN_POINT('Ctrl Pts',(3.58095298114195,14.1408635299354,62.525052631579));
#667=CARTESIAN_POINT('Ctrl Pts',(9.87966128359003,10.732173058002,63.5776578947368));
#668=CARTESIAN_POINT('Ctrl Pts',(13.7968525582965,4.73646546591752,64.6302631578947));
#669=CARTESIAN_POINT('Ctrl Pts',(14.3882780650234,-2.40097895649465,65.6828684210527));
#670=CARTESIAN_POINT('Ctrl Pts',(11.5113732081227,-8.95966140472138,66.7354736842105));
#671=CARTESIAN_POINT('Ctrl Pts',(5.85962308890536,-13.3585950939459,67.7880789473684));
#672=CARTESIAN_POINT('Ctrl Pts',(-1.20460381113326,-14.5374060712351,68.8406842105263));
#673=CARTESIAN_POINT('Ctrl Pts',(-7.97845795323744,-12.2119390072005,69.8932894736843));
#674=CARTESIAN_POINT('Ctrl Pts',(-12.8290848801648,-6.94275354390651,70.9458947368421));
#675=CARTESIAN_POINT('Ctrl Pts',(-14.0011808615394,-2.31425118207588,71.6476315789474));
#676=CARTESIAN_POINT('Ctrl Pts',(-14.0011808618778,-2.83894435737508E-10,
71.9985));
#677=CARTESIAN_POINT('Ctrl Pts',(-13.9993309715917,-0.000297735660873613,
54.6655));
#678=CARTESIAN_POINT('Ctrl Pts',(-13.9981198181031,1.54312464089035,54.8994122807018));
#679=CARTESIAN_POINT('Ctrl Pts',(-13.361608829437,5.40265509570256,55.4841929824561));
#680=CARTESIAN_POINT('Ctrl Pts',(-9.87966109585147,10.7321728540719,56.4198421052632));
#681=CARTESIAN_POINT('Ctrl Pts',(-3.58095291309718,14.1408632612258,57.4724473684211));
#682=CARTESIAN_POINT('Ctrl Pts',(3.58095291309602,14.1408632612287,58.525052631579));
#683=CARTESIAN_POINT('Ctrl Pts',(9.87966109585544,10.7321728540675,59.5776578947368));
#684=CARTESIAN_POINT('Ctrl Pts',(13.7968522961261,4.73646537591478,60.6302631578948));
#685=CARTESIAN_POINT('Ctrl Pts',(14.3882777916161,-2.40097891087147,61.6828684210526));
#686=CARTESIAN_POINT('Ctrl Pts',(11.5113729893801,-8.9596612344674,62.7354736842105));
#687=CARTESIAN_POINT('Ctrl Pts',(5.85962297756344,-13.3585948401061,63.7880789473684));
#688=CARTESIAN_POINT('Ctrl Pts',(-1.20460378825014,-14.5374057949888,64.8406842105263));
#689=CARTESIAN_POINT('Ctrl Pts',(-7.9784578016159,-12.2119387751559,65.8932894736842));
#690=CARTESIAN_POINT('Ctrl Pts',(-12.8290846364114,-6.9427534119629,66.9458947368421));
#691=CARTESIAN_POINT('Ctrl Pts',(-14.0011805954606,-2.31425113811574,67.6476315789474));
#692=CARTESIAN_POINT('Ctrl Pts',(-14.0011805958118,-2.92092322551341E-10,
67.9985));
#693=CARTESIAN_POINT('Origin',(0.,0.,12.));
#694=CARTESIAN_POINT('',(-13.9993353754528,0.000301409553587947,85.3315));
#695=CARTESIAN_POINT('',(-13.9993351909228,0.000301434307282689,81.3315));
#696=CARTESIAN_POINT('',(-14.,-1.71450551880629E-15,12.));
#697=CARTESIAN_POINT('Ctrl Pts',(-14.0011808618778,-2.83894435737508E-10,
71.9985));
#698=CARTESIAN_POINT('Ctrl Pts',(-14.0011808622162,2.31425118150809,72.3493684210527));
#699=CARTESIAN_POINT('Ctrl Pts',(-12.8290848821951,6.94275354684542,73.0511052631579));
#700=CARTESIAN_POINT('Ctrl Pts',(-7.97845794809583,12.2119390020793,74.1037105263158));
#701=CARTESIAN_POINT('Ctrl Pts',(-1.20460382212323,14.5374060812651,75.1563157894737));
#702=CARTESIAN_POINT('Ctrl Pts',(5.85962311159431,13.3585950736677,76.2089210526316));
#703=CARTESIAN_POINT('Ctrl Pts',(11.5113731616563,8.95966144604305,77.2615263157895));
#704=CARTESIAN_POINT('Ctrl Pts',(14.388278160004,2.40097887213178,78.3141315789473));
#705=CARTESIAN_POINT('Ctrl Pts',(13.7968523642385,-4.73646529360243,79.3667368421053));
#706=CARTESIAN_POINT('Ctrl Pts',(9.87966168003313,-10.732173410002,80.4193421052631));
#707=CARTESIAN_POINT('Ctrl Pts',(3.5809521712655,-14.1408628108619,81.4719473684211));
#708=CARTESIAN_POINT('Ctrl Pts',(-3.58095132669192,-14.1408649988819,82.524552631579));
#709=CARTESIAN_POINT('Ctrl Pts',(-9.87966466336685,-10.7321700571794,83.5771578947368));
#710=CARTESIAN_POINT('Ctrl Pts',(-13.361603321665,-5.40266031401393,84.5128070175438));
#711=CARTESIAN_POINT('Ctrl Pts',(-13.998123096522,-1.54312199556321,85.0975877192982));
#712=CARTESIAN_POINT('Ctrl Pts',(-13.9993353754528,0.000301409553587831,
85.3315));
#713=CARTESIAN_POINT('Ctrl Pts',(-14.0011805958118,-2.92092322551341E-10,
67.9985));
#714=CARTESIAN_POINT('Ctrl Pts',(-14.001180596163,2.31425113753156,68.3493684210526));
#715=CARTESIAN_POINT('Ctrl Pts',(-12.8290846385187,6.94275341497902,69.0511052631579));
#716=CARTESIAN_POINT('Ctrl Pts',(-7.97845779628453,12.2119387699094,70.1037105263158));
#717=CARTESIAN_POINT('Ctrl Pts',(-1.20460379963121,14.5374058052464,71.1563157894738));
#718=CARTESIAN_POINT('Ctrl Pts',(5.85962300102622,13.358594819401,72.2089210526315));
#719=CARTESIAN_POINT('Ctrl Pts',(11.5113729414004,8.95966127659369,73.2615263157895));
#720=CARTESIAN_POINT('Ctrl Pts',(14.3882778895417,2.40097882499716,74.3141315789473));
#721=CARTESIAN_POINT('Ctrl Pts',(13.7968520963542,-4.73646520077923,75.3667368421053));
#722=CARTESIAN_POINT('Ctrl Pts',(9.87966150335239,-10.7321732112856,76.4193421052631));
#723=CARTESIAN_POINT('Ctrl Pts',(3.58095208190173,-14.1408625326032,77.4719473684211));
#724=CARTESIAN_POINT('Ctrl Pts',(-3.58095121767465,-14.1408647474283,78.524552631579));
#725=CARTESIAN_POINT('Ctrl Pts',(-9.87966455407227,-10.7321698226086,79.5771578947368));
#726=CARTESIAN_POINT('Ctrl Pts',(-13.3616029435778,-5.40266025522257,80.5128070175439));
#727=CARTESIAN_POINT('Ctrl Pts',(-13.9981228857323,-1.54312195182818,81.0975877192983));
#728=CARTESIAN_POINT('Ctrl Pts',(-13.9993351909228,0.000301434307283591,
81.3315));
#729=CARTESIAN_POINT('Origin',(0.,0.,8.));
#730=CARTESIAN_POINT('',(-17.9991454827251,-0.00038752656916663,18.6665));
#731=CARTESIAN_POINT('',(-17.9991452454721,-0.000387558395239441,14.6665));
#732=CARTESIAN_POINT('',(-18.,-2.20436423846524E-15,8.));
#733=CARTESIAN_POINT('',(18.,0.,8.));
#734=CARTESIAN_POINT('Ctrl Pts',(18.,0.,8.));
#735=CARTESIAN_POINT('Ctrl Pts',(18.,-2.97624567182191,8.35086842105263));
#736=CARTESIAN_POINT('Ctrl Pts',(16.4952057909054,-8.9258114043409,9.0526052631579));
#737=CARTESIAN_POINT('Ctrl Pts',(10.2576929818286,-15.7013459188795,10.1052105263158));
#738=CARTESIAN_POINT('Ctrl Pts',(1.54893339850596,-18.6908126353283,11.1578157894737));
#739=CARTESIAN_POINT('Ctrl Pts',(-7.53387794982145,-17.175403694517,12.2104210526316));
#740=CARTESIAN_POINT('Ctrl Pts',(-14.8002989671817,-11.5195313675688,13.2630263157895));
#741=CARTESIAN_POINT('Ctrl Pts',(-17.6772475057213,-4.96088738283055,14.0817192982456));
#742=CARTESIAN_POINT('Ctrl Pts',(-17.9999245845232,-0.992588306625164,14.5495438596491));
#743=CARTESIAN_POINT('Ctrl Pts',(-17.9991452454721,-0.000387558395239934,
14.6665));
#744=CARTESIAN_POINT('',(18.,0.,12.));
#745=CARTESIAN_POINT('',(18.,0.,8.));
#746=CARTESIAN_POINT('Ctrl Pts',(18.,0.,12.));
#747=CARTESIAN_POINT('Ctrl Pts',(18.,-2.97624567182191,12.3508684210526));
#748=CARTESIAN_POINT('Ctrl Pts',(16.4951937010635,-8.92581201087797,13.0526052631579));
#749=CARTESIAN_POINT('Ctrl Pts',(10.2576975034216,-15.7013458982783,14.1052105263158));
#750=CARTESIAN_POINT('Ctrl Pts',(1.54893101296412,-18.6908133470645,15.1578157894737));
#751=CARTESIAN_POINT('Ctrl Pts',(-7.53387680573959,-17.1754037459399,16.2104210526316));
#752=CARTESIAN_POINT('Ctrl Pts',(-14.8002999359325,-11.5195317711934,17.2630263157895));
#753=CARTESIAN_POINT('Ctrl Pts',(-17.6772477108445,-4.96088742867738,18.0817192982456));
#754=CARTESIAN_POINT('Ctrl Pts',(-17.9999248048949,-0.992588287001406,18.5495438596491));
#755=CARTESIAN_POINT('Ctrl Pts',(-17.999145482725,-0.000387526569166213,
18.6665));
#756=CARTESIAN_POINT('Origin',(0.,0.,8.));
#757=CARTESIAN_POINT('',(-18.0015184112513,3.64955275668478E-10,31.9995));
#758=CARTESIAN_POINT('',(-18.0015180704823,3.75497735299243E-10,27.9995));
#759=CARTESIAN_POINT('',(-18.,-2.20436423846524E-15,8.));
#760=CARTESIAN_POINT('Ctrl Pts',(-17.9991452454721,-0.000387558395239934,
14.6665));
#761=CARTESIAN_POINT('Ctrl Pts',(-17.9975865673701,1.98401393806468,14.9004122807017));
#762=CARTESIAN_POINT('Ctrl Pts',(-17.1792037846001,6.94627747100039,15.4851929824561));
#763=CARTESIAN_POINT('Ctrl Pts',(-12.7024258552358,13.7985040576397,16.4208421052632));
#764=CARTESIAN_POINT('Ctrl Pts',(-4.6040801370102,18.1811118181221,17.473447368421));
#765=CARTESIAN_POINT('Ctrl Pts',(4.60408124815939,18.1811089704899,18.526052631579));
#766=CARTESIAN_POINT('Ctrl Pts',(12.7024219328816,13.7985084145101,19.5786578947368));
#767=CARTESIAN_POINT('Ctrl Pts',(17.7388098381697,6.08974097243045,20.6312631578948));
#768=CARTESIAN_POINT('Ctrl Pts',(18.4992144294107,-3.08697277499636,21.6838684210526));
#769=CARTESIAN_POINT('Ctrl Pts',(14.8003366389434,-11.5195644984776,22.7364736842105));
#770=CARTESIAN_POINT('Ctrl Pts',(7.53380100131941,-17.1753361963727,23.7890789473684));
#771=CARTESIAN_POINT('Ctrl Pts',(-1.54877631381158,-18.6909503210311,24.8416842105263));
#772=CARTESIAN_POINT('Ctrl Pts',(-10.2580171666515,-15.7010641327406,25.8942894736842));
#773=CARTESIAN_POINT('Ctrl Pts',(-16.4945373923812,-8.92639724783019,26.9468947368421));
#774=CARTESIAN_POINT('Ctrl Pts',(-18.0015179093524,-2.97546574825489,27.6486315789474));
#775=CARTESIAN_POINT('Ctrl Pts',(-18.0015179089008,3.75522113404969E-10,
27.9995));
#776=CARTESIAN_POINT('Ctrl Pts',(-17.999145482725,-0.000387526569166213,
18.6665));
#777=CARTESIAN_POINT('Ctrl Pts',(-17.9975868383854,1.98401399429536,18.9004122807018));
#778=CARTESIAN_POINT('Ctrl Pts',(-17.1792042707122,6.94627754658925,19.4851929824561));
#779=CARTESIAN_POINT('Ctrl Pts',(-12.7024259957573,13.7985043592307,20.4208421052632));
#780=CARTESIAN_POINT('Ctrl Pts',(-4.60408027717528,18.1811121414196,21.473447368421));
#781=CARTESIAN_POINT('Ctrl Pts',(4.6040813630557,18.181109328251,22.5260526315789));
#782=CARTESIAN_POINT('Ctrl Pts',(12.7024221600426,13.7985086700025,23.5786578947368));
#783=CARTESIAN_POINT('Ctrl Pts',(17.7388101825924,6.08974109177456,24.6312631578947));
#784=CARTESIAN_POINT('Ctrl Pts',(18.4992147771479,-3.08697283559801,25.6838684210526));
#785=CARTESIAN_POINT('Ctrl Pts',(14.8003369221295,-11.5195647163411,26.7364736842105));
#786=CARTESIAN_POINT('Ctrl Pts',(7.53380114347839,-17.1753365232871,27.7890789473684));
#787=CARTESIAN_POINT('Ctrl Pts',(-1.54877634272989,-18.6909506759123,28.8416842105263));
#788=CARTESIAN_POINT('Ctrl Pts',(-10.2580173618375,-15.7010644312447,29.8942894736842));
#789=CARTESIAN_POINT('Ctrl Pts',(-16.4945377056795,-8.92639741737269,30.9468947368421));
#790=CARTESIAN_POINT('Ctrl Pts',(-18.0015182514208,-2.97546580479614,31.6486315789474));
#791=CARTESIAN_POINT('Ctrl Pts',(-18.0015182509857,3.64980823341909E-10,
31.9995));
#792=CARTESIAN_POINT('Origin',(0.,0.,8.));
#793=CARTESIAN_POINT('',(-17.9991401626403,0.00038280299970217,45.3325));
#794=CARTESIAN_POINT('',(-17.9991398206179,0.000382802992393006,41.3325));
#795=CARTESIAN_POINT('',(-18.,-2.20436423846524E-15,8.));
#796=CARTESIAN_POINT('Ctrl Pts',(-18.0015179089008,3.75522113404969E-10,
27.9995));
#797=CARTESIAN_POINT('Ctrl Pts',(-18.0015179084493,2.97546574900593,28.3503684210526));
#798=CARTESIAN_POINT('Ctrl Pts',(-16.4945373896719,8.92639724395227,29.0521052631579));
#799=CARTESIAN_POINT('Ctrl Pts',(-10.2580171735062,15.7010641394861,30.1047105263158));
#800=CARTESIAN_POINT('Ctrl Pts',(-1.54877629917875,18.6909503078428,31.1573157894737));
#801=CARTESIAN_POINT('Ctrl Pts',(7.53380097115298,17.1753362229936,32.2099210526316));
#802=CARTESIAN_POINT('Ctrl Pts',(14.8003367006315,11.5195644443152,33.2625263157895));
#803=CARTESIAN_POINT('Ctrl Pts',(18.4992143035064,3.08697288540619,34.3151315789474));
#804=CARTESIAN_POINT('Ctrl Pts',(17.7388100950193,-6.08974119760469,35.3677368421052));
#805=CARTESIAN_POINT('Ctrl Pts',(12.702421408957,-13.7985079552296,36.4203421052632));
#806=CARTESIAN_POINT('Ctrl Pts',(4.60408231683776,-18.181109907294,37.472947368421));
#807=CARTESIAN_POINT('Ctrl Pts',(-4.60408231683921,-18.1811099072903,38.525552631579));
#808=CARTESIAN_POINT('Ctrl Pts',(-12.7024214089519,-13.7985079552353,39.5781578947368));
#809=CARTESIAN_POINT('Ctrl Pts',(-17.1792113521332,-6.9462708373319,40.5138070175439));
#810=CARTESIAN_POINT('Ctrl Pts',(-17.9975826232754,-1.98401739543055,41.0985877192983));
#811=CARTESIAN_POINT('Ctrl Pts',(-17.9991398206179,0.000382802992393572,
41.3325));
#812=CARTESIAN_POINT('Ctrl Pts',(-18.0015182509857,3.64980823341909E-10,
31.9995));
#813=CARTESIAN_POINT('Ctrl Pts',(-18.0015182505507,2.9754658055261,32.3503684210526));
#814=CARTESIAN_POINT('Ctrl Pts',(-16.494537703069,8.92639741359406,33.0521052631579));
#815=CARTESIAN_POINT('Ctrl Pts',(-10.2580173684481,15.7010644378293,34.1047105263158));
#816=CARTESIAN_POINT('Ctrl Pts',(-1.54877632859992,18.6909506630166,35.1573157894737));
#817=CARTESIAN_POINT('Ctrl Pts',(7.53380111430691,17.1753365493591,36.2099210526316));
#818=CARTESIAN_POINT('Ctrl Pts',(14.8003369818721,11.5195646632132,37.2625263157895));
#819=CARTESIAN_POINT('Ctrl Pts',(18.4992146550301,3.08697294406457,38.3151315789474));
#820=CARTESIAN_POINT('Ctrl Pts',(17.7388104320955,-6.0897413133225,39.3677368421053));
#821=CARTESIAN_POINT('Ctrl Pts',(12.7024216503301,-13.7985082174312,40.4203421052632));
#822=CARTESIAN_POINT('Ctrl Pts',(4.60408240432539,-18.1811102527741,41.4729473684211));
#823=CARTESIAN_POINT('Ctrl Pts',(-4.60408240432676,-18.1811102527705,42.5255526315789));
#824=CARTESIAN_POINT('Ctrl Pts',(-12.7024216503252,-13.7985082174367,43.5781578947368));
#825=CARTESIAN_POINT('Ctrl Pts',(-17.1792116785752,-6.94627096932599,44.5138070175439));
#826=CARTESIAN_POINT('Ctrl Pts',(-17.9975829652682,-1.98401743313113,45.0985877192982));
#827=CARTESIAN_POINT('Ctrl Pts',(-17.9991401626403,0.000382802999700366,
45.3325));
#828=CARTESIAN_POINT('Origin',(0.,0.,8.));
#829=CARTESIAN_POINT('',(-17.9991401626403,-0.000382802999823739,58.6655));
#830=CARTESIAN_POINT('',(-17.9991398206179,-0.000382802992551069,54.6655));
#831=CARTESIAN_POINT('',(-18.,-2.20436423846524E-15,8.));
#832=CARTESIAN_POINT('Ctrl Pts',(-17.9991398206179,0.000382802992393572,
41.3325));
#833=CARTESIAN_POINT('Ctrl Pts',(-17.9999184192892,0.992582902203902,41.4494561403509));
#834=CARTESIAN_POINT('Ctrl Pts',(-17.6772415028598,4.96088212071229,41.9172807017544));
#835=CARTESIAN_POINT('Ctrl Pts',(-14.800336700681,11.5195644443587,42.7359736842106));
#836=CARTESIAN_POINT('Ctrl Pts',(-7.53380097105201,17.175336222905,43.7885789473684));
#837=CARTESIAN_POINT('Ctrl Pts',(1.54877629897274,18.6909503080234,44.8411842105264));
#838=CARTESIAN_POINT('Ctrl Pts',(10.2580171739264,15.7010641391177,45.8937894736842));
#839=CARTESIAN_POINT('Ctrl Pts',(16.4945373888146,8.92639724470375,46.9463947368421));
#840=CARTESIAN_POINT('Ctrl Pts',(18.7550081695865,1.06732685013094E-14,
47.999));
#841=CARTESIAN_POINT('Ctrl Pts',(16.4945373888146,-8.92639724470372,49.0516052631579));
#842=CARTESIAN_POINT('Ctrl Pts',(10.2580171739264,-15.7010641391177,50.1042105263158));
#843=CARTESIAN_POINT('Ctrl Pts',(1.54877629897271,-18.6909503080234,51.1568157894737));
#844=CARTESIAN_POINT('Ctrl Pts',(-7.53380097105204,-17.175336222905,52.2094210526316));
#845=CARTESIAN_POINT('Ctrl Pts',(-14.800336700681,-11.5195644443587,53.2620263157895));
#846=CARTESIAN_POINT('Ctrl Pts',(-17.6772415028597,-4.96088212071233,54.0807192982456));
#847=CARTESIAN_POINT('Ctrl Pts',(-17.9999184192892,-0.992582902204007,54.5485438596491));
#848=CARTESIAN_POINT('Ctrl Pts',(-17.9991398206179,-0.000382802992551501,
54.6655));
#849=CARTESIAN_POINT('Ctrl Pts',(-17.9991401626403,0.000382802999700366,
45.3325));
#850=CARTESIAN_POINT('Ctrl Pts',(-17.9999187613263,0.992582921065137,45.4494561403509));
#851=CARTESIAN_POINT('Ctrl Pts',(-17.6772418387654,4.96088221497974,45.9172807017544));
#852=CARTESIAN_POINT('Ctrl Pts',(-14.8003369819192,11.5195646632552,46.7359736842105));
#853=CARTESIAN_POINT('Ctrl Pts',(-7.53380111421043,17.1753365492734,47.7885789473684));
#854=CARTESIAN_POINT('Ctrl Pts',(1.54877632840281,18.6909506631917,48.8411842105263));
#855=CARTESIAN_POINT('Ctrl Pts',(10.2580173688508,15.7010644374717,49.8937894736842));
#856=CARTESIAN_POINT('Ctrl Pts',(16.4945377022463,8.9263974143245,50.9463947368421));
#857=CARTESIAN_POINT('Ctrl Pts',(18.755008525972,1.29936083074631E-14,51.999));
#858=CARTESIAN_POINT('Ctrl Pts',(16.4945377022464,-8.92639741432447,53.0516052631579));
#859=CARTESIAN_POINT('Ctrl Pts',(10.2580173688508,-15.7010644374717,54.1042105263158));
#860=CARTESIAN_POINT('Ctrl Pts',(1.54877632840279,-18.6909506631917,55.1568157894737));
#861=CARTESIAN_POINT('Ctrl Pts',(-7.53380111421047,-17.1753365492734,56.2094210526316));
#862=CARTESIAN_POINT('Ctrl Pts',(-14.8003369819192,-11.5195646632552,57.2620263157895));
#863=CARTESIAN_POINT('Ctrl Pts',(-17.6772418387654,-4.96088221497976,58.0807192982456));
#864=CARTESIAN_POINT('Ctrl Pts',(-17.9999187613263,-0.992582921065217,58.5485438596491));
#865=CARTESIAN_POINT('Ctrl Pts',(-17.9991401626403,-0.000382802999824294,
58.6655));
#866=CARTESIAN_POINT('Origin',(0.,0.,8.));
#867=CARTESIAN_POINT('',(-18.0015182512373,-3.65072707638891E-10,71.9985));
#868=CARTESIAN_POINT('',(-18.0015179091636,-3.75613447131443E-10,67.9985));
#869=CARTESIAN_POINT('',(-18.,-2.20436423846524E-15,8.));
#870=CARTESIAN_POINT('Ctrl Pts',(-17.9991398206179,-0.000382802992551501,
54.6655));
#871=CARTESIAN_POINT('Ctrl Pts',(-17.9975826232754,1.98401739543045,54.8994122807018));
#872=CARTESIAN_POINT('Ctrl Pts',(-17.1792113521332,6.94627083733186,55.4841929824561));
#873=CARTESIAN_POINT('Ctrl Pts',(-12.7024214089519,13.7985079552353,56.4198421052632));
#874=CARTESIAN_POINT('Ctrl Pts',(-4.60408231683923,18.1811099072903,57.4724473684211));
#875=CARTESIAN_POINT('Ctrl Pts',(4.60408231683774,18.181109907294,58.525052631579));
#876=CARTESIAN_POINT('Ctrl Pts',(12.702421408957,13.7985079552296,59.5776578947368));
#877=CARTESIAN_POINT('Ctrl Pts',(17.7388100950193,6.08974119760472,60.6302631578948));
#878=CARTESIAN_POINT('Ctrl Pts',(18.4992143035064,-3.08697288540618,61.6828684210526));
#879=CARTESIAN_POINT('Ctrl Pts',(14.8003367006315,-11.5195644443152,62.7354736842105));
#880=CARTESIAN_POINT('Ctrl Pts',(7.53380097115299,-17.1753362229936,63.7880789473684));
#881=CARTESIAN_POINT('Ctrl Pts',(-1.54877629917875,-18.6909503078427,64.8406842105263));
#882=CARTESIAN_POINT('Ctrl Pts',(-10.2580171735062,-15.7010641394861,65.8932894736842));
#883=CARTESIAN_POINT('Ctrl Pts',(-16.4945373896719,-8.92639724395229,66.9458947368421));
#884=CARTESIAN_POINT('Ctrl Pts',(-18.0015179084493,-2.97546574900596,67.6476315789474));
#885=CARTESIAN_POINT('Ctrl Pts',(-18.0015179089008,-3.75549591424829E-10,
67.9985));
#886=CARTESIAN_POINT('Ctrl Pts',(-17.9991401626403,-0.000382802999824294,
58.6655));
#887=CARTESIAN_POINT('Ctrl Pts',(-17.9975829652682,1.98401743313105,58.8994122807017));
#888=CARTESIAN_POINT('Ctrl Pts',(-17.1792116785752,6.94627096932596,59.4841929824561));
#889=CARTESIAN_POINT('Ctrl Pts',(-12.7024216503252,13.7985082174367,60.4198421052632));
#890=CARTESIAN_POINT('Ctrl Pts',(-4.60408240432678,18.1811102527705,61.4724473684211));
#891=CARTESIAN_POINT('Ctrl Pts',(4.60408240432536,18.1811102527741,62.525052631579));
#892=CARTESIAN_POINT('Ctrl Pts',(12.70242165033,13.7985082174312,63.5776578947368));
#893=CARTESIAN_POINT('Ctrl Pts',(17.7388104320955,6.08974131332253,64.6302631578947));
#894=CARTESIAN_POINT('Ctrl Pts',(18.4992146550301,-3.08697294406456,65.6828684210527));
#895=CARTESIAN_POINT('Ctrl Pts',(14.8003369818721,-11.5195646632132,66.7354736842105));
#896=CARTESIAN_POINT('Ctrl Pts',(7.5338011143069,-17.1753365493591,67.7880789473684));
#897=CARTESIAN_POINT('Ctrl Pts',(-1.54877632859991,-18.6909506630166,68.8406842105263));
#898=CARTESIAN_POINT('Ctrl Pts',(-10.2580173684481,-15.7010644378293,69.8932894736843));
#899=CARTESIAN_POINT('Ctrl Pts',(-16.494537703069,-8.92639741359408,70.9458947368421));
#900=CARTESIAN_POINT('Ctrl Pts',(-18.0015182505507,-2.97546580552613,71.6476315789474));
#901=CARTESIAN_POINT('Ctrl Pts',(-18.0015182509857,-3.65008301361769E-10,
71.9985));
#902=CARTESIAN_POINT('Origin',(0.,0.,8.));
#903=CARTESIAN_POINT('',(-17.999145482725,0.000387526568897956,85.3315));
#904=CARTESIAN_POINT('',(-17.9991452454721,0.000387558395076623,81.3315));
#905=CARTESIAN_POINT('',(-18.,-2.20436423846524E-15,8.));
#906=CARTESIAN_POINT('',(18.,2.64523708615828E-14,91.998));
#907=CARTESIAN_POINT('Ctrl Pts',(-17.999145482725,0.000387526568897678,
85.3315));
#908=CARTESIAN_POINT('Ctrl Pts',(-17.9999248048949,0.992588287001231,85.4484561403509));
#909=CARTESIAN_POINT('Ctrl Pts',(-17.6772477108445,4.96088742867732,85.9162807017544));
#910=CARTESIAN_POINT('Ctrl Pts',(-14.8002999359325,11.5195317711935,86.7349736842105));
#911=CARTESIAN_POINT('Ctrl Pts',(-7.53387680573959,17.1754037459399,87.7875789473684));
#912=CARTESIAN_POINT('Ctrl Pts',(1.5489310129641,18.6908133470645,88.8401842105263));
#913=CARTESIAN_POINT('Ctrl Pts',(10.2576975034216,15.7013458982784,89.8927894736842));
#914=CARTESIAN_POINT('Ctrl Pts',(16.4951937010635,8.92581201087796,90.9453947368421));
#915=CARTESIAN_POINT('Ctrl Pts',(18.,2.97624567182191,91.6471315789474));
#916=CARTESIAN_POINT('Ctrl Pts',(18.,2.64523708615828E-14,91.998));
#917=CARTESIAN_POINT('',(18.,2.64523708615828E-14,87.998));
#918=CARTESIAN_POINT('',(18.,2.64523708615828E-14,87.998));
#919=CARTESIAN_POINT('Ctrl Pts',(-17.9991452454721,0.00038755839507687,
81.3315));
#920=CARTESIAN_POINT('Ctrl Pts',(-17.9999245845232,0.99258830662506,81.4484561403509));
#921=CARTESIAN_POINT('Ctrl Pts',(-17.6772475057213,4.96088738283053,81.9162807017544));
#922=CARTESIAN_POINT('Ctrl Pts',(-14.8002989671817,11.5195313675688,82.7349736842105));
#923=CARTESIAN_POINT('Ctrl Pts',(-7.53387794982143,17.1754036945169,83.7875789473684));
#924=CARTESIAN_POINT('Ctrl Pts',(1.54893339850593,18.6908126353283,84.8401842105263));
#925=CARTESIAN_POINT('Ctrl Pts',(10.2576929818286,15.7013459188795,85.8927894736841));
#926=CARTESIAN_POINT('Ctrl Pts',(16.4952057909053,8.92581140434089,86.9453947368422));
#927=CARTESIAN_POINT('Ctrl Pts',(18.,2.97624567182191,87.6471315789474));
#928=CARTESIAN_POINT('Ctrl Pts',(18.,2.64523708615828E-14,87.998));
#929=CARTESIAN_POINT('Origin',(0.,0.,8.));
#930=CARTESIAN_POINT('Ctrl Pts',(-18.0015179089008,-3.75549591424829E-10,
67.9985));
#931=CARTESIAN_POINT('Ctrl Pts',(-18.0015179093524,2.97546574825486,68.3493684210526));
#932=CARTESIAN_POINT('Ctrl Pts',(-16.4945373923812,8.92639724783018,69.0511052631579));
#933=CARTESIAN_POINT('Ctrl Pts',(-10.2580171666515,15.7010641327406,70.1037105263158));
#934=CARTESIAN_POINT('Ctrl Pts',(-1.54877631381155,18.6909503210311,71.1563157894738));
#935=CARTESIAN_POINT('Ctrl Pts',(7.53380100131941,17.1753361963727,72.2089210526315));
#936=CARTESIAN_POINT('Ctrl Pts',(14.8003366389434,11.5195644984776,73.2615263157895));
#937=CARTESIAN_POINT('Ctrl Pts',(18.4992144294107,3.08697277499635,74.3141315789473));
#938=CARTESIAN_POINT('Ctrl Pts',(17.7388098381697,-6.08974097243043,75.3667368421053));
#939=CARTESIAN_POINT('Ctrl Pts',(12.7024219328816,-13.7985084145101,76.4193421052631));
#940=CARTESIAN_POINT('Ctrl Pts',(4.60408124815937,-18.1811089704899,77.4719473684211));
#941=CARTESIAN_POINT('Ctrl Pts',(-4.60408013701027,-18.1811118181221,78.524552631579));
#942=CARTESIAN_POINT('Ctrl Pts',(-12.7024258552358,-13.7985040576396,79.5771578947368));
#943=CARTESIAN_POINT('Ctrl Pts',(-17.1792037846,-6.94627747100045,80.5128070175439));
#944=CARTESIAN_POINT('Ctrl Pts',(-17.9975865673701,-1.9840139380648,81.0975877192983));
#945=CARTESIAN_POINT('Ctrl Pts',(-17.9991452454721,0.00038755839507687,
81.3315));
#946=CARTESIAN_POINT('Ctrl Pts',(-18.0015182509857,-3.65008301361769E-10,
71.9985));
#947=CARTESIAN_POINT('Ctrl Pts',(-18.0015182514208,2.97546580479612,72.3493684210527));
#948=CARTESIAN_POINT('Ctrl Pts',(-16.4945377056795,8.92639741737269,73.0511052631579));
#949=CARTESIAN_POINT('Ctrl Pts',(-10.2580173618375,15.7010644312448,74.1037105263158));
#950=CARTESIAN_POINT('Ctrl Pts',(-1.54877634272985,18.6909506759124,75.1563157894737));
#951=CARTESIAN_POINT('Ctrl Pts',(7.53380114347839,17.175336523287,76.2089210526316));
#952=CARTESIAN_POINT('Ctrl Pts',(14.8003369221295,11.5195647163411,77.2615263157895));
#953=CARTESIAN_POINT('Ctrl Pts',(18.4992147771479,3.086972835598,78.3141315789473));
#954=CARTESIAN_POINT('Ctrl Pts',(17.7388101825924,-6.08974109177454,79.3667368421053));
#955=CARTESIAN_POINT('Ctrl Pts',(12.7024221600426,-13.7985086700025,80.4193421052631));
#956=CARTESIAN_POINT('Ctrl Pts',(4.60408136305566,-18.181109328251,81.4719473684211));
#957=CARTESIAN_POINT('Ctrl Pts',(-4.60408027717534,-18.1811121414196,82.524552631579));
#958=CARTESIAN_POINT('Ctrl Pts',(-12.7024259957574,-13.7985043592307,83.5771578947368));
#959=CARTESIAN_POINT('Ctrl Pts',(-17.1792042707122,-6.94627754658933,84.5128070175438));
#960=CARTESIAN_POINT('Ctrl Pts',(-17.9975868383854,-1.98401399429556,85.0975877192982));
#961=CARTESIAN_POINT('Ctrl Pts',(-17.999145482725,0.000387526568897678,
85.3315));
#962=CARTESIAN_POINT('Ctrl Pts',(14.,0.,8.));
#963=CARTESIAN_POINT('Ctrl Pts',(14.,-2.31485774475037,8.35086842105263));
#964=CARTESIAN_POINT('Ctrl Pts',(12.8296045040375,-6.94229775893182,9.0526052631579));
#965=CARTESIAN_POINT('Ctrl Pts',(7.9782056525334,-12.2121579369062,10.1052105263158));
#966=CARTESIAN_POINT('Ctrl Pts',(1.20472597661575,-14.5372987163665,11.1578157894737));
#967=CARTESIAN_POINT('Ctrl Pts',(-5.85968284986112,-13.3586473179576,12.2104210526316));
#968=CARTESIAN_POINT('Ctrl Pts',(-11.5113436411413,-8.95963550810904,13.2630263157895));
#969=CARTESIAN_POINT('Ctrl Pts',(-14.3882921796809,-2.4009915233708,14.3156315789474));
#970=CARTESIAN_POINT('Ctrl Pts',(-13.796845242266,4.73647155929929,15.3682368421052));
#971=CARTESIAN_POINT('Ctrl Pts',(-9.87966455407226,10.7321698226086,16.4208421052632));
#972=CARTESIAN_POINT('Ctrl Pts',(-3.58095121767461,14.1408647474283,17.473447368421));
#973=CARTESIAN_POINT('Ctrl Pts',(3.58095208190176,14.1408625326032,18.526052631579));
#974=CARTESIAN_POINT('Ctrl Pts',(9.87966150335238,10.7321732112856,19.5786578947368));
#975=CARTESIAN_POINT('Ctrl Pts',(13.7968520963542,4.73646520077924,20.6312631578948));
#976=CARTESIAN_POINT('Ctrl Pts',(14.3882778895417,-2.40097882499717,21.6838684210526));
#977=CARTESIAN_POINT('Ctrl Pts',(11.5113729414004,-8.95966127659369,22.7364736842105));
#978=CARTESIAN_POINT('Ctrl Pts',(5.85962300102621,-13.358594819401,23.7890789473684));
#979=CARTESIAN_POINT('Ctrl Pts',(-1.20460379963123,-14.5374058052464,24.8416842105263));
#980=CARTESIAN_POINT('Ctrl Pts',(-7.97845779628453,-12.2119387699093,25.8942894736842));
#981=CARTESIAN_POINT('Ctrl Pts',(-12.8290846385187,-6.94275341497903,26.9468947368421));
#982=CARTESIAN_POINT('Ctrl Pts',(-14.5872285749851,1.19214894637613E-9,
27.9995));
#983=CARTESIAN_POINT('Ctrl Pts',(-12.8290846364115,6.94275341196287,29.0521052631579));
#984=CARTESIAN_POINT('Ctrl Pts',(-7.97845780161591,12.2119387751559,30.1047105263158));
#985=CARTESIAN_POINT('Ctrl Pts',(-1.20460378825014,14.5374057949888,31.1573157894737));
#986=CARTESIAN_POINT('Ctrl Pts',(5.85962297756344,13.3585948401061,32.2099210526316));
#987=CARTESIAN_POINT('Ctrl Pts',(11.5113729893801,8.95966123446739,33.2625263157895));
#988=CARTESIAN_POINT('Ctrl Pts',(14.3882777916161,2.40097891087149,34.3151315789474));
#989=CARTESIAN_POINT('Ctrl Pts',(13.7968522961261,-4.73646537591476,35.3677368421052));
#990=CARTESIAN_POINT('Ctrl Pts',(9.87966109585547,-10.7321728540675,36.4203421052632));
#991=CARTESIAN_POINT('Ctrl Pts',(3.58095291309603,-14.1408632612287,37.472947368421));
#992=CARTESIAN_POINT('Ctrl Pts',(-3.58095291309716,-14.1408632612258,38.525552631579));
#993=CARTESIAN_POINT('Ctrl Pts',(-9.87966109585146,-10.7321728540719,39.5781578947368));
#994=CARTESIAN_POINT('Ctrl Pts',(-13.7968522961351,-4.73646537590641,40.6307631578948));
#995=CARTESIAN_POINT('Ctrl Pts',(-14.3882777915973,2.40097891085483,41.6833684210526));
#996=CARTESIAN_POINT('Ctrl Pts',(-11.5113729894185,8.95966123450122,42.7359736842106));
#997=CARTESIAN_POINT('Ctrl Pts',(-5.85962297748489,13.3585948400372,43.7885789473684));
#998=CARTESIAN_POINT('Ctrl Pts',(1.2046037880899,14.5374057951293,44.8411842105264));
#999=CARTESIAN_POINT('Ctrl Pts',(7.97845780194277,12.2119387748693,45.8937894736842));
#1000=CARTESIAN_POINT('Ctrl Pts',(12.8290846357447,6.94275341254735,46.9463947368421));
#1001=CARTESIAN_POINT('Ctrl Pts',(14.5872285763451,1.06732685013094E-14,
47.999));
#1002=CARTESIAN_POINT('Ctrl Pts',(12.8290846357447,-6.94275341254733,49.0516052631579));
#1003=CARTESIAN_POINT('Ctrl Pts',(7.97845780194278,-12.2119387748693,50.1042105263158));
#1004=CARTESIAN_POINT('Ctrl Pts',(1.20460378808989,-14.5374057951293,51.1568157894737));
#1005=CARTESIAN_POINT('Ctrl Pts',(-5.85962297748492,-13.3585948400372,52.2094210526316));
#1006=CARTESIAN_POINT('Ctrl Pts',(-11.5113729894185,-8.95966123450121,53.2620263157895));
#1007=CARTESIAN_POINT('Ctrl Pts',(-14.3882777915973,-2.40097891085482,54.3146315789474));
#1008=CARTESIAN_POINT('Ctrl Pts',(-13.7968522961351,4.73646537590641,55.3672368421052));
#1009=CARTESIAN_POINT('Ctrl Pts',(-9.87966109585147,10.7321728540719,56.4198421052632));
#1010=CARTESIAN_POINT('Ctrl Pts',(-3.58095291309718,14.1408632612258,57.4724473684211));
#1011=CARTESIAN_POINT('Ctrl Pts',(3.58095291309602,14.1408632612287,58.525052631579));
#1012=CARTESIAN_POINT('Ctrl Pts',(9.87966109585544,10.7321728540675,59.5776578947368));
#1013=CARTESIAN_POINT('Ctrl Pts',(13.7968522961261,4.73646537591478,60.6302631578948));
#1014=CARTESIAN_POINT('Ctrl Pts',(14.3882777916161,-2.40097891087147,61.6828684210526));
#1015=CARTESIAN_POINT('Ctrl Pts',(11.5113729893801,-8.9596612344674,62.7354736842105));
#1016=CARTESIAN_POINT('Ctrl Pts',(5.85962297756344,-13.3585948401061,63.7880789473684));
#1017=CARTESIAN_POINT('Ctrl Pts',(-1.20460378825014,-14.5374057949888,64.8406842105263));
#1018=CARTESIAN_POINT('Ctrl Pts',(-7.9784578016159,-12.2119387751559,65.8932894736842));
#1019=CARTESIAN_POINT('Ctrl Pts',(-12.8290846364114,-6.9427534119629,66.9458947368421));
#1020=CARTESIAN_POINT('Ctrl Pts',(-14.5872285749851,-1.19216495627842E-9,
67.9985));
#1021=CARTESIAN_POINT('Ctrl Pts',(-12.8290846385187,6.94275341497902,69.0511052631579));
#1022=CARTESIAN_POINT('Ctrl Pts',(-7.97845779628453,12.2119387699094,70.1037105263158));
#1023=CARTESIAN_POINT('Ctrl Pts',(-1.20460379963121,14.5374058052464,71.1563157894738));
#1024=CARTESIAN_POINT('Ctrl Pts',(5.85962300102622,13.358594819401,72.2089210526315));
#1025=CARTESIAN_POINT('Ctrl Pts',(11.5113729414004,8.95966127659369,73.2615263157895));
#1026=CARTESIAN_POINT('Ctrl Pts',(14.3882778895417,2.40097882499716,74.3141315789473));
#1027=CARTESIAN_POINT('Ctrl Pts',(13.7968520963542,-4.73646520077923,75.3667368421053));
#1028=CARTESIAN_POINT('Ctrl Pts',(9.87966150335239,-10.7321732112856,76.4193421052631));
#1029=CARTESIAN_POINT('Ctrl Pts',(3.58095208190173,-14.1408625326032,77.4719473684211));
#1030=CARTESIAN_POINT('Ctrl Pts',(-3.58095121767465,-14.1408647474283,78.524552631579));
#1031=CARTESIAN_POINT('Ctrl Pts',(-9.87966455407227,-10.7321698226086,79.5771578947368));
#1032=CARTESIAN_POINT('Ctrl Pts',(-13.796845242266,-4.73647155929929,80.6297631578948));
#1033=CARTESIAN_POINT('Ctrl Pts',(-14.3882921796809,2.40099152337082,81.6823684210527));
#1034=CARTESIAN_POINT('Ctrl Pts',(-11.5113436411413,8.95963550810906,82.7349736842105));
#1035=CARTESIAN_POINT('Ctrl Pts',(-5.85968284986112,13.3586473179576,83.7875789473684));
#1036=CARTESIAN_POINT('Ctrl Pts',(1.20472597661572,14.5372987163665,84.8401842105263));
#1037=CARTESIAN_POINT('Ctrl Pts',(7.97820565253339,12.2121579369063,85.8927894736841));
#1038=CARTESIAN_POINT('Ctrl Pts',(12.8296045040375,6.94229775893181,86.9453947368422));
#1039=CARTESIAN_POINT('Ctrl Pts',(14.,2.31485774475038,87.6471315789474));
#1040=CARTESIAN_POINT('Ctrl Pts',(14.,2.05740662256755E-14,87.998));
#1041=CARTESIAN_POINT('Ctrl Pts',(15.3333333333333,0.,8.));
#1042=CARTESIAN_POINT('Ctrl Pts',(15.3333333333333,-2.53532038710755,8.35086842105263));
#1043=CARTESIAN_POINT('Ctrl Pts',(14.0514715996601,-7.60346897406818,9.0526052631579));
#1044=CARTESIAN_POINT('Ctrl Pts',(8.73803476229849,-13.375220597564,10.1052105263158));
#1045=CARTESIAN_POINT('Ctrl Pts',(1.31946178391248,-15.9218033560204,11.1578157894737));
#1046=CARTESIAN_POINT('Ctrl Pts',(-6.41774788318123,-14.6308994434774,12.2104210526316));
#1047=CARTESIAN_POINT('Ctrl Pts',(-12.6076620831548,-9.81293412792895,13.2630263157895));
#1048=CARTESIAN_POINT('Ctrl Pts',(-15.7586057206029,-2.62965738273945,14.3156315789474));
#1049=CARTESIAN_POINT('Ctrl Pts',(-15.1108305034342,5.18756408875635,15.3682368421052));
#1050=CARTESIAN_POINT('Ctrl Pts',(-10.8205849877934,11.7542812342856,16.4208421052632));
#1051=CARTESIAN_POINT('Ctrl Pts',(-3.92199419078647,15.4876137709929,17.473447368421));
#1052=CARTESIAN_POINT('Ctrl Pts',(3.92199513732096,15.4876113452321,18.526052631579));
#1053=CARTESIAN_POINT('Ctrl Pts',(10.8205816465288,11.7542849456938,19.5786578947368));
#1054=CARTESIAN_POINT('Ctrl Pts',(15.1108380102927,5.18755712466298,20.6312631578948));
#1055=CARTESIAN_POINT('Ctrl Pts',(15.7585900694981,-2.6296434749969,21.6838684210526));
#1056=CARTESIAN_POINT('Ctrl Pts',(12.6076941739147,-9.81296235055499,22.7364736842105));
#1057=CARTESIAN_POINT('Ctrl Pts',(6.41768233445727,-14.6308419450583,23.7890789473684));
#1058=CARTESIAN_POINT('Ctrl Pts',(-1.31932797102467,-15.9219206438413,24.8416842105263));
#1059=CARTESIAN_POINT('Ctrl Pts',(-8.73831091974021,-13.3749805575198,25.8942894736842));
#1060=CARTESIAN_POINT('Ctrl Pts',(-14.0509022231395,-7.60396802592941,26.9468947368421));
#1061=CARTESIAN_POINT('Ctrl Pts',(-15.9764884392694,1.3056805034246E-9,
27.9995));
#1062=CARTESIAN_POINT('Ctrl Pts',(-14.0509022208316,7.603968022626,29.0521052631579));
#1063=CARTESIAN_POINT('Ctrl Pts',(-8.73831092557935,13.374980563266,30.1047105263158));
#1064=CARTESIAN_POINT('Ctrl Pts',(-1.31932795855966,15.9219206326068,31.1573157894737));
#1065=CARTESIAN_POINT('Ctrl Pts',(6.41768230875994,14.6308419677353,32.2099210526316));
#1066=CARTESIAN_POINT('Ctrl Pts',(12.6076942264639,9.81296230441667,33.2625263157895));
#1067=CARTESIAN_POINT('Ctrl Pts',(15.7585899622462,2.62964356904972,34.3151315789474));
#1068=CARTESIAN_POINT('Ctrl Pts',(15.1108382290905,-5.18755731647808,35.3677368421052));
#1069=CARTESIAN_POINT('Ctrl Pts',(10.8205812002226,-11.7542845544549,36.4203421052632));
#1070=CARTESIAN_POINT('Ctrl Pts',(3.92199604767662,-15.4876121432505,37.472947368421));
#1071=CARTESIAN_POINT('Ctrl Pts',(-3.92199604767785,-15.4876121432473,38.525552631579));
#1072=CARTESIAN_POINT('Ctrl Pts',(-10.8205812002183,-11.7542845544597,39.5781578947368));
#1073=CARTESIAN_POINT('Ctrl Pts',(-15.1108382291004,-5.18755731646892,40.6307631578947));
#1074=CARTESIAN_POINT('Ctrl Pts',(-15.7585899622256,2.62964356903148,41.6833684210526));
#1075=CARTESIAN_POINT('Ctrl Pts',(-12.607694226506,9.81296230445373,42.7359736842105));
#1076=CARTESIAN_POINT('Ctrl Pts',(-6.41768230867393,14.6308419676598,43.7885789473684));
#1077=CARTESIAN_POINT('Ctrl Pts',(1.31932795838418,15.9219206327607,44.8411842105264));
#1078=CARTESIAN_POINT('Ctrl Pts',(8.73831092593732,13.3749805629521,45.8937894736842));
#1079=CARTESIAN_POINT('Ctrl Pts',(14.0509022201014,7.60396802326616,46.9463947368421));
#1080=CARTESIAN_POINT('Ctrl Pts',(15.9764884407589,5.92959361183853E-15,
47.999));
#1081=CARTESIAN_POINT('Ctrl Pts',(14.0509022201014,-7.60396802326612,49.0516052631579));
#1082=CARTESIAN_POINT('Ctrl Pts',(8.73831092593732,-13.3749805629521,50.1042105263158));
#1083=CARTESIAN_POINT('Ctrl Pts',(1.31932795838417,-15.9219206327607,51.1568157894737));
#1084=CARTESIAN_POINT('Ctrl Pts',(-6.41768230867397,-14.6308419676598,52.2094210526316));
#1085=CARTESIAN_POINT('Ctrl Pts',(-12.607694226506,-9.8129623044537,53.2620263157895));
#1086=CARTESIAN_POINT('Ctrl Pts',(-15.7585899622256,-2.62964356903146,54.3146315789474));
#1087=CARTESIAN_POINT('Ctrl Pts',(-15.1108382291004,5.18755731646893,55.3672368421052));
#1088=CARTESIAN_POINT('Ctrl Pts',(-10.8205812002183,11.7542845544597,56.4198421052632));
#1089=CARTESIAN_POINT('Ctrl Pts',(-3.92199604767787,15.4876121432473,57.4724473684211));
#1090=CARTESIAN_POINT('Ctrl Pts',(3.9219960476766,15.4876121432505,58.525052631579));
#1091=CARTESIAN_POINT('Ctrl Pts',(10.8205812002226,11.7542845544549,59.5776578947368));
#1092=CARTESIAN_POINT('Ctrl Pts',(15.1108382290905,5.1875573164781,60.6302631578948));
#1093=CARTESIAN_POINT('Ctrl Pts',(15.7585899622462,-2.62964356904971,61.6828684210526));
#1094=CARTESIAN_POINT('Ctrl Pts',(12.6076942264639,-9.81296230441666,62.7354736842105));
#1095=CARTESIAN_POINT('Ctrl Pts',(6.41768230875995,-14.6308419677353,63.7880789473684));
#1096=CARTESIAN_POINT('Ctrl Pts',(-1.31932795855967,-15.9219206326068,64.8406842105263));
#1097=CARTESIAN_POINT('Ctrl Pts',(-8.73831092557932,-13.374980563266,65.8932894736842));
#1098=CARTESIAN_POINT('Ctrl Pts',(-14.0509022208316,-7.60396802262602,66.9458947368421));
#1099=CARTESIAN_POINT('Ctrl Pts',(-15.9764884392694,-1.30571548802641E-9,
67.9985));
#1100=CARTESIAN_POINT('Ctrl Pts',(-14.0509022231396,7.60396802592942,69.0511052631579));
#1101=CARTESIAN_POINT('Ctrl Pts',(-8.7383109197402,13.3749805575198,70.1037105263158));
#1102=CARTESIAN_POINT('Ctrl Pts',(-1.31932797102465,15.9219206438413,71.1563157894738));
#1103=CARTESIAN_POINT('Ctrl Pts',(6.41768233445728,14.6308419450583,72.2089210526315));
#1104=CARTESIAN_POINT('Ctrl Pts',(12.6076941739148,9.81296235055499,73.2615263157895));
#1105=CARTESIAN_POINT('Ctrl Pts',(15.758590069498,2.62964347499689,74.3141315789473));
#1106=CARTESIAN_POINT('Ctrl Pts',(15.1108380102927,-5.18755712466296,75.3667368421053));
#1107=CARTESIAN_POINT('Ctrl Pts',(10.8205816465288,-11.7542849456938,76.4193421052631));
#1108=CARTESIAN_POINT('Ctrl Pts',(3.92199513732095,-15.4876113452321,77.4719473684211));
#1109=CARTESIAN_POINT('Ctrl Pts',(-3.92199419078653,-15.4876137709929,78.524552631579));
#1110=CARTESIAN_POINT('Ctrl Pts',(-10.8205849877934,-11.7542812342856,79.5771578947369));
#1111=CARTESIAN_POINT('Ctrl Pts',(-15.1108305034342,-5.18756408875636,80.6297631578947));
#1112=CARTESIAN_POINT('Ctrl Pts',(-15.7586057206029,2.62965738273946,81.6823684210527));
#1113=CARTESIAN_POINT('Ctrl Pts',(-12.6076620831548,9.81293412792899,82.7349736842105));
#1114=CARTESIAN_POINT('Ctrl Pts',(-6.41774788318122,14.6308994434774,83.7875789473684));
#1115=CARTESIAN_POINT('Ctrl Pts',(1.31946178391245,15.9218033560204,84.8401842105263));
#1116=CARTESIAN_POINT('Ctrl Pts',(8.73803476229849,13.375220597564,85.8927894736841));
#1117=CARTESIAN_POINT('Ctrl Pts',(14.0514715996601,7.60346897406818,86.9453947368422));
#1118=CARTESIAN_POINT('Ctrl Pts',(15.3333333333333,2.53532038710756,87.6471315789474));
#1119=CARTESIAN_POINT('Ctrl Pts',(15.3333333333333,2.25335011043113E-14,
87.998));
#1120=CARTESIAN_POINT('Ctrl Pts',(16.6666666666667,0.,8.));
#1121=CARTESIAN_POINT('Ctrl Pts',(16.6666666666667,-2.75578302946473,8.35086842105263));
#1122=CARTESIAN_POINT('Ctrl Pts',(15.2733386952827,-8.26464018920454,9.0526052631579));
#1123=CARTESIAN_POINT('Ctrl Pts',(9.49786387206357,-14.5382832582217,10.1052105263158));
#1124=CARTESIAN_POINT('Ctrl Pts',(1.43419759120922,-17.3063079956744,11.1578157894737));
#1125=CARTESIAN_POINT('Ctrl Pts',(-6.97581291650133,-15.9031515689972,12.2104210526316));
#1126=CARTESIAN_POINT('Ctrl Pts',(-13.7039805251683,-10.6662327477489,13.2630263157895));
#1127=CARTESIAN_POINT('Ctrl Pts',(-17.1289192615249,-2.8583232421081,14.3156315789474));
#1128=CARTESIAN_POINT('Ctrl Pts',(-16.4248157646024,5.63865661821344,15.3682368421052));
#1129=CARTESIAN_POINT('Ctrl Pts',(-11.7615054215146,12.7763926459626,16.4208421052632));
#1130=CARTESIAN_POINT('Ctrl Pts',(-4.26303716389834,16.8343627945575,17.473447368421));
#1131=CARTESIAN_POINT('Ctrl Pts',(4.26303819274019,16.834360157861,18.526052631579));
#1132=CARTESIAN_POINT('Ctrl Pts',(11.7615017897052,12.7763966801019,19.5786578947368));
#1133=CARTESIAN_POINT('Ctrl Pts',(16.4248239242312,5.63864904854671,20.6312631578948));
#1134=CARTESIAN_POINT('Ctrl Pts',(17.1289022494544,-2.85830812499662,21.6838684210526));
#1135=CARTESIAN_POINT('Ctrl Pts',(13.7040154064291,-10.6662634245163,22.7364736842105));
#1136=CARTESIAN_POINT('Ctrl Pts',(6.97574166788834,-15.9030890707155,23.7890789473684));
#1137=CARTESIAN_POINT('Ctrl Pts',(-1.43405214241812,-17.3064354824362,24.8416842105263));
#1138=CARTESIAN_POINT('Ctrl Pts',(-9.49816404319587,-14.5380223451302,25.8942894736842));
#1139=CARTESIAN_POINT('Ctrl Pts',(-15.2727198077604,-8.26518263687981,26.9468947368421));
#1140=CARTESIAN_POINT('Ctrl Pts',(-17.3657483035537,1.4192345929288E-9,
27.9995));
#1141=CARTESIAN_POINT('Ctrl Pts',(-15.2727198052517,8.26518263328913,29.0521052631579));
#1142=CARTESIAN_POINT('Ctrl Pts',(-9.49816404954275,14.538022351376,30.1047105263158));
#1143=CARTESIAN_POINT('Ctrl Pts',(-1.43405212886921,17.3064354702248,31.1573157894737));
#1144=CARTESIAN_POINT('Ctrl Pts',(6.97574163995646,15.9030890953644,32.2099210526316));
#1145=CARTESIAN_POINT('Ctrl Pts',(13.7040154635477,10.666263374366,33.2625263157895));
#1146=CARTESIAN_POINT('Ctrl Pts',(17.1289021328763,2.85830822722796,34.3151315789474));
#1147=CARTESIAN_POINT('Ctrl Pts',(16.4248241620549,-5.63864925704138,35.3677368421052));
#1148=CARTESIAN_POINT('Ctrl Pts',(11.7615013045898,-12.7763962548423,36.4203421052632));
#1149=CARTESIAN_POINT('Ctrl Pts',(4.26303918225719,-16.8343610252722,37.472947368421));
#1150=CARTESIAN_POINT('Ctrl Pts',(-4.26303918225854,-16.8343610252688,38.525552631579));
#1151=CARTESIAN_POINT('Ctrl Pts',(-11.7615013045851,-12.7763962548475,39.5781578947368));
#1152=CARTESIAN_POINT('Ctrl Pts',(-16.4248241620656,-5.63864925703144,40.6307631578948));
#1153=CARTESIAN_POINT('Ctrl Pts',(-17.1289021328539,2.85830822720812,41.6833684210526));
#1154=CARTESIAN_POINT('Ctrl Pts',(-13.7040154635935,10.6662633744062,42.7359736842106));
#1155=CARTESIAN_POINT('Ctrl Pts',(-6.97574163986296,15.9030890952824,43.7885789473684));
#1156=CARTESIAN_POINT('Ctrl Pts',(1.43405212867846,17.306435470392,44.8411842105264));
#1157=CARTESIAN_POINT('Ctrl Pts',(9.49816404993186,14.5380223510349,45.8937894736842));
#1158=CARTESIAN_POINT('Ctrl Pts',(15.272719804458,8.26518263398494,46.9463947368422));
#1159=CARTESIAN_POINT('Ctrl Pts',(17.3657483051727,1.66028621131479E-14,
47.999));
#1160=CARTESIAN_POINT('Ctrl Pts',(15.272719804458,-8.26518263398493,49.0516052631579));
#1161=CARTESIAN_POINT('Ctrl Pts',(9.49816404993187,-14.5380223510349,50.1042105263158));
#1162=CARTESIAN_POINT('Ctrl Pts',(1.43405212867844,-17.306435470392,51.1568157894737));
#1163=CARTESIAN_POINT('Ctrl Pts',(-6.975741639863,-15.9030890952824,52.2094210526316));
#1164=CARTESIAN_POINT('Ctrl Pts',(-13.7040154635935,-10.6662633744062,53.2620263157895));
#1165=CARTESIAN_POINT('Ctrl Pts',(-17.1289021328539,-2.85830822720811,54.3146315789474));
#1166=CARTESIAN_POINT('Ctrl Pts',(-16.4248241620656,5.63864925703144,55.3672368421052));
#1167=CARTESIAN_POINT('Ctrl Pts',(-11.7615013045851,12.7763962548475,56.4198421052632));
#1168=CARTESIAN_POINT('Ctrl Pts',(-4.26303918225854,16.8343610252688,57.4724473684211));
#1169=CARTESIAN_POINT('Ctrl Pts',(4.26303918225717,16.8343610252722,58.525052631579));
#1170=CARTESIAN_POINT('Ctrl Pts',(11.7615013045898,12.7763962548423,59.5776578947368));
#1171=CARTESIAN_POINT('Ctrl Pts',(16.4248241620549,5.63864925704141,60.6302631578948));
#1172=CARTESIAN_POINT('Ctrl Pts',(17.1289021328763,-2.85830822722794,61.6828684210526));
#1173=CARTESIAN_POINT('Ctrl Pts',(13.7040154635477,-10.666263374366,62.7354736842105));
#1174=CARTESIAN_POINT('Ctrl Pts',(6.97574163995646,-15.9030890953644,63.7880789473684));
#1175=CARTESIAN_POINT('Ctrl Pts',(-1.43405212886921,-17.3064354702248,64.8406842105263));
#1176=CARTESIAN_POINT('Ctrl Pts',(-9.49816404954273,-14.538022351376,65.8932894736842));
#1177=CARTESIAN_POINT('Ctrl Pts',(-15.2727198052517,-8.26518263328916,66.9458947368421));
#1178=CARTESIAN_POINT('Ctrl Pts',(-17.3657483035537,-1.41925475354653E-9,
67.9985));
#1179=CARTESIAN_POINT('Ctrl Pts',(-15.2727198077604,8.26518263687981,69.0511052631579));
#1180=CARTESIAN_POINT('Ctrl Pts',(-9.49816404319586,14.5380223451302,70.1037105263158));
#1181=CARTESIAN_POINT('Ctrl Pts',(-1.43405214241811,17.3064354824362,71.1563157894737));
#1182=CARTESIAN_POINT('Ctrl Pts',(6.97574166788835,15.9030890707155,72.2089210526316));
#1183=CARTESIAN_POINT('Ctrl Pts',(13.7040154064291,10.6662634245163,73.2615263157895));
#1184=CARTESIAN_POINT('Ctrl Pts',(17.1289022494544,2.85830812499661,74.3141315789474));
#1185=CARTESIAN_POINT('Ctrl Pts',(16.4248239242312,-5.63864904854669,75.3667368421053));
#1186=CARTESIAN_POINT('Ctrl Pts',(11.7615017897052,-12.7763966801019,76.4193421052632));
#1187=CARTESIAN_POINT('Ctrl Pts',(4.26303819274015,-16.834360157861,77.4719473684211));
#1188=CARTESIAN_POINT('Ctrl Pts',(-4.26303716389839,-16.8343627945575,78.524552631579));
#1189=CARTESIAN_POINT('Ctrl Pts',(-11.7615054215146,-12.7763926459626,79.5771578947368));
#1190=CARTESIAN_POINT('Ctrl Pts',(-16.4248157646024,-5.63865661821345,80.6297631578948));
#1191=CARTESIAN_POINT('Ctrl Pts',(-17.1289192615249,2.85832324210812,81.6823684210527));
#1192=CARTESIAN_POINT('Ctrl Pts',(-13.7039805251683,10.6662327477489,82.7349736842105));
#1193=CARTESIAN_POINT('Ctrl Pts',(-6.97581291650133,15.9031515689972,83.7875789473684));
#1194=CARTESIAN_POINT('Ctrl Pts',(1.43419759120919,17.3063079956743,84.8401842105263));
#1195=CARTESIAN_POINT('Ctrl Pts',(9.49786387206357,14.5382832582217,85.8927894736841));
#1196=CARTESIAN_POINT('Ctrl Pts',(15.2733386952827,8.26464018920453,86.9453947368422));
#1197=CARTESIAN_POINT('Ctrl Pts',(16.6666666666667,2.75578302946473,87.6471315789474));
#1198=CARTESIAN_POINT('Ctrl Pts',(16.6666666666667,2.44929359829471E-14,
87.998));
#1199=CARTESIAN_POINT('Ctrl Pts',(18.,0.,8.));
#1200=CARTESIAN_POINT('Ctrl Pts',(18.,-2.97624567182191,8.35086842105263));
#1201=CARTESIAN_POINT('Ctrl Pts',(16.4952057909054,-8.9258114043409,9.0526052631579));
#1202=CARTESIAN_POINT('Ctrl Pts',(10.2576929818286,-15.7013459188795,10.1052105263158));
#1203=CARTESIAN_POINT('Ctrl Pts',(1.54893339850596,-18.6908126353283,11.1578157894737));
#1204=CARTESIAN_POINT('Ctrl Pts',(-7.53387794982145,-17.175403694517,12.2104210526316));
#1205=CARTESIAN_POINT('Ctrl Pts',(-14.8002989671817,-11.5195313675688,13.2630263157895));
#1206=CARTESIAN_POINT('Ctrl Pts',(-18.4992328024469,-3.08698910147674,14.3156315789474));
#1207=CARTESIAN_POINT('Ctrl Pts',(-17.7388010257706,6.08974914767051,15.3682368421052));
#1208=CARTESIAN_POINT('Ctrl Pts',(-12.7024258552358,13.7985040576397,16.4208421052632));
#1209=CARTESIAN_POINT('Ctrl Pts',(-4.6040801370102,18.1811118181221,17.473447368421));
#1210=CARTESIAN_POINT('Ctrl Pts',(4.60408124815939,18.1811089704899,18.526052631579));
#1211=CARTESIAN_POINT('Ctrl Pts',(12.7024219328816,13.7985084145101,19.5786578947368));
#1212=CARTESIAN_POINT('Ctrl Pts',(17.7388098381697,6.08974097243045,20.6312631578948));
#1213=CARTESIAN_POINT('Ctrl Pts',(18.4992144294107,-3.08697277499636,21.6838684210526));
#1214=CARTESIAN_POINT('Ctrl Pts',(14.8003366389434,-11.5195644984776,22.7364736842105));
#1215=CARTESIAN_POINT('Ctrl Pts',(7.53380100131941,-17.1753361963727,23.7890789473684));
#1216=CARTESIAN_POINT('Ctrl Pts',(-1.54877631381158,-18.6909503210311,24.8416842105263));
#1217=CARTESIAN_POINT('Ctrl Pts',(-10.2580171666515,-15.7010641327406,25.8942894736842));
#1218=CARTESIAN_POINT('Ctrl Pts',(-16.4945373923812,-8.92639724783019,26.9468947368421));
#1219=CARTESIAN_POINT('Ctrl Pts',(-18.755008167838,1.53276318518046E-9,
27.9995));
#1220=CARTESIAN_POINT('Ctrl Pts',(-16.4945373896719,8.92639724395227,29.0521052631579));
#1221=CARTESIAN_POINT('Ctrl Pts',(-10.2580171735062,15.7010641394861,30.1047105263158));
#1222=CARTESIAN_POINT('Ctrl Pts',(-1.54877629917875,18.6909503078428,31.1573157894737));
#1223=CARTESIAN_POINT('Ctrl Pts',(7.53380097115298,17.1753362229936,32.2099210526316));
#1224=CARTESIAN_POINT('Ctrl Pts',(14.8003367006315,11.5195644443152,33.2625263157895));
#1225=CARTESIAN_POINT('Ctrl Pts',(18.4992143035064,3.08697288540619,34.3151315789474));
#1226=CARTESIAN_POINT('Ctrl Pts',(17.7388100950193,-6.08974119760469,35.3677368421052));
#1227=CARTESIAN_POINT('Ctrl Pts',(12.702421408957,-13.7985079552296,36.4203421052632));
#1228=CARTESIAN_POINT('Ctrl Pts',(4.60408231683776,-18.181109907294,37.472947368421));
#1229=CARTESIAN_POINT('Ctrl Pts',(-4.60408231683921,-18.1811099072903,38.525552631579));
#1230=CARTESIAN_POINT('Ctrl Pts',(-12.7024214089519,-13.7985079552353,39.5781578947368));
#1231=CARTESIAN_POINT('Ctrl Pts',(-17.7388100950309,-6.08974119759395,40.6307631578948));
#1232=CARTESIAN_POINT('Ctrl Pts',(-18.4992143034823,3.08697288538477,41.6833684210526));
#1233=CARTESIAN_POINT('Ctrl Pts',(-14.800336700681,11.5195644443587,42.7359736842106));
#1234=CARTESIAN_POINT('Ctrl Pts',(-7.53380097105201,17.175336222905,43.7885789473684));
#1235=CARTESIAN_POINT('Ctrl Pts',(1.54877629897274,18.6909503080234,44.8411842105264));
#1236=CARTESIAN_POINT('Ctrl Pts',(10.2580171739264,15.7010641391177,45.8937894736842));
#1237=CARTESIAN_POINT('Ctrl Pts',(16.4945373888146,8.92639724470375,46.9463947368421));
#1238=CARTESIAN_POINT('Ctrl Pts',(18.7550081695865,1.06732685013094E-14,
47.999));
#1239=CARTESIAN_POINT('Ctrl Pts',(16.4945373888146,-8.92639724470372,49.0516052631579));
#1240=CARTESIAN_POINT('Ctrl Pts',(10.2580171739264,-15.7010641391177,50.1042105263158));
#1241=CARTESIAN_POINT('Ctrl Pts',(1.54877629897271,-18.6909503080234,51.1568157894737));
#1242=CARTESIAN_POINT('Ctrl Pts',(-7.53380097105204,-17.175336222905,52.2094210526316));
#1243=CARTESIAN_POINT('Ctrl Pts',(-14.800336700681,-11.5195644443587,53.2620263157895));
#1244=CARTESIAN_POINT('Ctrl Pts',(-18.4992143034823,-3.08697288538476,54.3146315789474));
#1245=CARTESIAN_POINT('Ctrl Pts',(-17.7388100950309,6.08974119759396,55.3672368421052));
#1246=CARTESIAN_POINT('Ctrl Pts',(-12.7024214089519,13.7985079552353,56.4198421052632));
#1247=CARTESIAN_POINT('Ctrl Pts',(-4.60408231683923,18.1811099072903,57.4724473684211));
#1248=CARTESIAN_POINT('Ctrl Pts',(4.60408231683774,18.181109907294,58.525052631579));
#1249=CARTESIAN_POINT('Ctrl Pts',(12.702421408957,13.7985079552296,59.5776578947368));
#1250=CARTESIAN_POINT('Ctrl Pts',(17.7388100950193,6.08974119760472,60.6302631578948));
#1251=CARTESIAN_POINT('Ctrl Pts',(18.4992143035064,-3.08697288540618,61.6828684210526));
#1252=CARTESIAN_POINT('Ctrl Pts',(14.8003367006315,-11.5195644443152,62.7354736842105));
#1253=CARTESIAN_POINT('Ctrl Pts',(7.53380097115299,-17.1753362229936,63.7880789473684));
#1254=CARTESIAN_POINT('Ctrl Pts',(-1.54877629917875,-18.6909503078427,64.8406842105263));
#1255=CARTESIAN_POINT('Ctrl Pts',(-10.2580171735062,-15.7010641394861,65.8932894736842));
#1256=CARTESIAN_POINT('Ctrl Pts',(-16.4945373896719,-8.92639724395229,66.9458947368421));
#1257=CARTESIAN_POINT('Ctrl Pts',(-18.755008167838,-1.53279342610729E-9,
67.9985));
#1258=CARTESIAN_POINT('Ctrl Pts',(-16.4945373923812,8.92639724783018,69.0511052631579));
#1259=CARTESIAN_POINT('Ctrl Pts',(-10.2580171666515,15.7010641327406,70.1037105263158));
#1260=CARTESIAN_POINT('Ctrl Pts',(-1.54877631381155,18.6909503210311,71.1563157894738));
#1261=CARTESIAN_POINT('Ctrl Pts',(7.53380100131941,17.1753361963727,72.2089210526315));
#1262=CARTESIAN_POINT('Ctrl Pts',(14.8003366389434,11.5195644984776,73.2615263157895));
#1263=CARTESIAN_POINT('Ctrl Pts',(18.4992144294107,3.08697277499635,74.3141315789473));
#1264=CARTESIAN_POINT('Ctrl Pts',(17.7388098381697,-6.08974097243043,75.3667368421053));
#1265=CARTESIAN_POINT('Ctrl Pts',(12.7024219328816,-13.7985084145101,76.4193421052631));
#1266=CARTESIAN_POINT('Ctrl Pts',(4.60408124815937,-18.1811089704899,77.4719473684211));
#1267=CARTESIAN_POINT('Ctrl Pts',(-4.60408013701027,-18.1811118181221,78.524552631579));
#1268=CARTESIAN_POINT('Ctrl Pts',(-12.7024258552358,-13.7985040576396,79.5771578947368));
#1269=CARTESIAN_POINT('Ctrl Pts',(-17.7388010257706,-6.08974914767051,80.6297631578948));
#1270=CARTESIAN_POINT('Ctrl Pts',(-18.4992328024469,3.08698910147676,81.6823684210527));
#1271=CARTESIAN_POINT('Ctrl Pts',(-14.8002989671817,11.5195313675688,82.7349736842105));
#1272=CARTESIAN_POINT('Ctrl Pts',(-7.53387794982143,17.1754036945169,83.7875789473684));
#1273=CARTESIAN_POINT('Ctrl Pts',(1.54893339850593,18.6908126353283,84.8401842105263));
#1274=CARTESIAN_POINT('Ctrl Pts',(10.2576929818286,15.7013459188795,85.8927894736841));
#1275=CARTESIAN_POINT('Ctrl Pts',(16.4952057909053,8.92581140434089,86.9453947368422));
#1276=CARTESIAN_POINT('Ctrl Pts',(18.,2.97624567182191,87.6471315789474));
#1277=CARTESIAN_POINT('Ctrl Pts',(18.,2.64523708615828E-14,87.998));
#1278=CARTESIAN_POINT('',(14.,0.,8.));
#1279=CARTESIAN_POINT('',(14.,2.05740662256755E-14,87.998));
#1280=CARTESIAN_POINT('',(14.,2.05740662256755E-14,87.998));
#1281=CARTESIAN_POINT('Ctrl Pts',(-13.9993351909228,0.000301434307283591,
81.3315));
#1282=CARTESIAN_POINT('Ctrl Pts',(-13.999941343518,0.772013127375048,81.4484561403509));
#1283=CARTESIAN_POINT('Ctrl Pts',(-13.7489702822277,3.85846796442375,81.9162807017544));
#1284=CARTESIAN_POINT('Ctrl Pts',(-11.5113436411413,8.95963550810906,82.7349736842105));
#1285=CARTESIAN_POINT('Ctrl Pts',(-5.85968284986112,13.3586473179576,83.7875789473684));
#1286=CARTESIAN_POINT('Ctrl Pts',(1.20472597661572,14.5372987163665,84.8401842105263));
#1287=CARTESIAN_POINT('Ctrl Pts',(7.97820565253339,12.2121579369063,85.8927894736841));
#1288=CARTESIAN_POINT('Ctrl Pts',(12.8296045040375,6.94229775893181,86.9453947368422));
#1289=CARTESIAN_POINT('Ctrl Pts',(14.,2.31485774475038,87.6471315789474));
#1290=CARTESIAN_POINT('Ctrl Pts',(14.,2.05740662256755E-14,87.998));
#1291=CARTESIAN_POINT('Origin',(0.,0.,12.));
#1292=CARTESIAN_POINT('',(14.,2.05740662256755E-14,91.998));
#1293=CARTESIAN_POINT('',(14.,2.05740662256755E-14,91.998));
#1294=CARTESIAN_POINT('Ctrl Pts',(-13.9993353754528,0.000301409553587831,
85.3315));
#1295=CARTESIAN_POINT('Ctrl Pts',(-13.9999415149182,0.77201311211207,85.4484561403509));
#1296=CARTESIAN_POINT('Ctrl Pts',(-13.748970441768,3.85846800008236,85.9162807017544));
#1297=CARTESIAN_POINT('Ctrl Pts',(-11.5113443946141,8.95963582203935,86.7349736842105));
#1298=CARTESIAN_POINT('Ctrl Pts',(-5.85968196001967,13.3586473579533,87.7875789473684));
#1299=CARTESIAN_POINT('Ctrl Pts',(1.2047241211943,14.537299269939,88.8401842105263));
#1300=CARTESIAN_POINT('Ctrl Pts',(7.97820916932788,12.2121579208832,89.8927894736842));
#1301=CARTESIAN_POINT('Ctrl Pts',(12.8295951008272,6.94229823068285,90.9453947368421));
#1302=CARTESIAN_POINT('Ctrl Pts',(14.,2.31485774475038,91.6471315789474));
#1303=CARTESIAN_POINT('Ctrl Pts',(14.,2.05740662256755E-14,91.998));
#1304=CARTESIAN_POINT('Ctrl Pts',(18.,0.,12.));
#1305=CARTESIAN_POINT('Ctrl Pts',(18.,-2.97624567182191,12.3508684210526));
#1306=CARTESIAN_POINT('Ctrl Pts',(16.4951937010635,-8.92581201087797,13.0526052631579));
#1307=CARTESIAN_POINT('Ctrl Pts',(10.2576975034216,-15.7013458982783,14.1052105263158));
#1308=CARTESIAN_POINT('Ctrl Pts',(1.54893101296412,-18.6908133470645,15.1578157894737));
#1309=CARTESIAN_POINT('Ctrl Pts',(-7.53387680573959,-17.1754037459399,16.2104210526316));
#1310=CARTESIAN_POINT('Ctrl Pts',(-14.8002999359325,-11.5195317711934,17.2630263157895));
#1311=CARTESIAN_POINT('Ctrl Pts',(-18.4992327893908,-3.08698904510134,18.3156315789474));
#1312=CARTESIAN_POINT('Ctrl Pts',(-17.7388015550816,6.08974919500908,19.3682368421053));
#1313=CARTESIAN_POINT('Ctrl Pts',(-12.7024259957573,13.7985043592307,20.4208421052632));
#1314=CARTESIAN_POINT('Ctrl Pts',(-4.60408027717528,18.1811121414196,21.473447368421));
#1315=CARTESIAN_POINT('Ctrl Pts',(4.6040813630557,18.181109328251,22.5260526315789));
#1316=CARTESIAN_POINT('Ctrl Pts',(12.7024221600426,13.7985086700025,23.5786578947368));
#1317=CARTESIAN_POINT('Ctrl Pts',(17.7388101825924,6.08974109177456,24.6312631578947));
#1318=CARTESIAN_POINT('Ctrl Pts',(18.4992147771479,-3.08697283559801,25.6838684210526));
#1319=CARTESIAN_POINT('Ctrl Pts',(14.8003369221295,-11.5195647163411,26.7364736842105));
#1320=CARTESIAN_POINT('Ctrl Pts',(7.53380114347839,-17.1753365232871,27.7890789473684));
#1321=CARTESIAN_POINT('Ctrl Pts',(-1.54877634272989,-18.6909506759123,28.8416842105263));
#1322=CARTESIAN_POINT('Ctrl Pts',(-10.2580173618375,-15.7010644312447,29.8942894736842));
#1323=CARTESIAN_POINT('Ctrl Pts',(-16.4945377056795,-8.92639741737269,30.9468947368421));
#1324=CARTESIAN_POINT('Ctrl Pts',(-18.7550085242915,1.49212927864791E-9,
31.9995));
#1325=CARTESIAN_POINT('Ctrl Pts',(-16.494537703069,8.92639741359406,33.0521052631579));
#1326=CARTESIAN_POINT('Ctrl Pts',(-10.2580173684481,15.7010644378293,34.1047105263158));
#1327=CARTESIAN_POINT('Ctrl Pts',(-1.54877632859992,18.6909506630166,35.1573157894737));
#1328=CARTESIAN_POINT('Ctrl Pts',(7.53380111430691,17.1753365493591,36.2099210526316));
#1329=CARTESIAN_POINT('Ctrl Pts',(14.8003369818721,11.5195646632132,37.2625263157895));
#1330=CARTESIAN_POINT('Ctrl Pts',(18.4992146550301,3.08697294406457,38.3151315789474));
#1331=CARTESIAN_POINT('Ctrl Pts',(17.7388104320955,-6.0897413133225,39.3677368421053));
#1332=CARTESIAN_POINT('Ctrl Pts',(12.7024216503301,-13.7985082174312,40.4203421052632));
#1333=CARTESIAN_POINT('Ctrl Pts',(4.60408240432539,-18.1811102527741,41.4729473684211));
#1334=CARTESIAN_POINT('Ctrl Pts',(-4.60408240432676,-18.1811102527705,42.5255526315789));
#1335=CARTESIAN_POINT('Ctrl Pts',(-12.7024216503252,-13.7985082174367,43.5781578947368));
#1336=CARTESIAN_POINT('Ctrl Pts',(-17.7388104321065,-6.08974131331215,44.6307631578947));
#1337=CARTESIAN_POINT('Ctrl Pts',(-18.4992146550071,3.0869729440439,45.6833684210526));
#1338=CARTESIAN_POINT('Ctrl Pts',(-14.8003369819192,11.5195646632552,46.7359736842105));
#1339=CARTESIAN_POINT('Ctrl Pts',(-7.53380111421043,17.1753365492734,47.7885789473684));
#1340=CARTESIAN_POINT('Ctrl Pts',(1.54877632840281,18.6909506631917,48.8411842105263));
#1341=CARTESIAN_POINT('Ctrl Pts',(10.2580173688508,15.7010644374717,49.8937894736842));
#1342=CARTESIAN_POINT('Ctrl Pts',(16.4945377022463,8.9263974143245,50.9463947368421));
#1343=CARTESIAN_POINT('Ctrl Pts',(18.755008525972,1.29936083074631E-14,
51.999));
#1344=CARTESIAN_POINT('Ctrl Pts',(16.4945377022464,-8.92639741432447,53.0516052631579));
#1345=CARTESIAN_POINT('Ctrl Pts',(10.2580173688508,-15.7010644374717,54.1042105263158));
#1346=CARTESIAN_POINT('Ctrl Pts',(1.54877632840279,-18.6909506631917,55.1568157894737));
#1347=CARTESIAN_POINT('Ctrl Pts',(-7.53380111421047,-17.1753365492734,56.2094210526316));
#1348=CARTESIAN_POINT('Ctrl Pts',(-14.8003369819192,-11.5195646632552,57.2620263157895));
#1349=CARTESIAN_POINT('Ctrl Pts',(-18.4992146550071,-3.08697294404388,58.3146315789474));
#1350=CARTESIAN_POINT('Ctrl Pts',(-17.7388104321064,6.08974131331214,59.3672368421053));
#1351=CARTESIAN_POINT('Ctrl Pts',(-12.7024216503252,13.7985082174367,60.4198421052632));
#1352=CARTESIAN_POINT('Ctrl Pts',(-4.60408240432678,18.1811102527705,61.4724473684211));
#1353=CARTESIAN_POINT('Ctrl Pts',(4.60408240432536,18.1811102527741,62.525052631579));
#1354=CARTESIAN_POINT('Ctrl Pts',(12.70242165033,13.7985082174312,63.5776578947368));
#1355=CARTESIAN_POINT('Ctrl Pts',(17.7388104320955,6.08974131332253,64.6302631578947));
#1356=CARTESIAN_POINT('Ctrl Pts',(18.4992146550301,-3.08697294406456,65.6828684210527));
#1357=CARTESIAN_POINT('Ctrl Pts',(14.8003369818721,-11.5195646632132,66.7354736842105));
#1358=CARTESIAN_POINT('Ctrl Pts',(7.5338011143069,-17.1753365493591,67.7880789473684));
#1359=CARTESIAN_POINT('Ctrl Pts',(-1.54877632859991,-18.6909506630166,68.8406842105263));
#1360=CARTESIAN_POINT('Ctrl Pts',(-10.2580173684481,-15.7010644378293,69.8932894736843));
#1361=CARTESIAN_POINT('Ctrl Pts',(-16.494537703069,-8.92639741359408,70.9458947368421));
#1362=CARTESIAN_POINT('Ctrl Pts',(-18.7550085242915,-1.49215940019389E-9,
71.9985000000001));
#1363=CARTESIAN_POINT('Ctrl Pts',(-16.4945377056795,8.92639741737269,73.0511052631579));
#1364=CARTESIAN_POINT('Ctrl Pts',(-10.2580173618375,15.7010644312448,74.1037105263158));
#1365=CARTESIAN_POINT('Ctrl Pts',(-1.54877634272985,18.6909506759124,75.1563157894737));
#1366=CARTESIAN_POINT('Ctrl Pts',(7.53380114347839,17.175336523287,76.2089210526316));
#1367=CARTESIAN_POINT('Ctrl Pts',(14.8003369221295,11.5195647163411,77.2615263157895));
#1368=CARTESIAN_POINT('Ctrl Pts',(18.4992147771479,3.086972835598,78.3141315789473));
#1369=CARTESIAN_POINT('Ctrl Pts',(17.7388101825924,-6.08974109177454,79.3667368421053));
#1370=CARTESIAN_POINT('Ctrl Pts',(12.7024221600426,-13.7985086700025,80.4193421052631));
#1371=CARTESIAN_POINT('Ctrl Pts',(4.60408136305566,-18.181109328251,81.4719473684211));
#1372=CARTESIAN_POINT('Ctrl Pts',(-4.60408027717534,-18.1811121414196,82.524552631579));
#1373=CARTESIAN_POINT('Ctrl Pts',(-12.7024259957574,-13.7985043592307,83.5771578947368));
#1374=CARTESIAN_POINT('Ctrl Pts',(-17.7388015550816,-6.08974919500908,84.6297631578947));
#1375=CARTESIAN_POINT('Ctrl Pts',(-18.4992327893908,3.08698904510136,85.6823684210526));
#1376=CARTESIAN_POINT('Ctrl Pts',(-14.8002999359325,11.5195317711935,86.7349736842105));
#1377=CARTESIAN_POINT('Ctrl Pts',(-7.53387680573959,17.1754037459399,87.7875789473684));
#1378=CARTESIAN_POINT('Ctrl Pts',(1.5489310129641,18.6908133470645,88.8401842105263));
#1379=CARTESIAN_POINT('Ctrl Pts',(10.2576975034216,15.7013458982784,89.8927894736842));
#1380=CARTESIAN_POINT('Ctrl Pts',(16.4951937010635,8.92581201087796,90.9453947368421));
#1381=CARTESIAN_POINT('Ctrl Pts',(18.,2.97624567182191,91.6471315789474));
#1382=CARTESIAN_POINT('Ctrl Pts',(18.,2.64523708615828E-14,91.998));
#1383=CARTESIAN_POINT('Ctrl Pts',(16.6666666666667,0.,12.));
#1384=CARTESIAN_POINT('Ctrl Pts',(16.6666666666667,-2.75578302946473,12.3508684210526));
#1385=CARTESIAN_POINT('Ctrl Pts',(15.2733275009847,-8.26464075081293,13.0526052631579));
#1386=CARTESIAN_POINT('Ctrl Pts',(9.49786805872367,-14.5382832391466,14.1052105263158));
#1387=CARTESIAN_POINT('Ctrl Pts',(1.43419538237419,-17.3063086546894,15.1578157894737));
#1388=CARTESIAN_POINT('Ctrl Pts',(-6.97581185716628,-15.903151616611,16.2104210526316));
#1389=CARTESIAN_POINT('Ctrl Pts',(-13.7039814221597,-10.6662331214754,17.2630263157895));
#1390=CARTESIAN_POINT('Ctrl Pts',(-17.1289192494359,-2.85832318990865,18.3156315789474));
#1391=CARTESIAN_POINT('Ctrl Pts',(-16.4248162547052,5.63865666204544,19.3682368421053));
#1392=CARTESIAN_POINT('Ctrl Pts',(-11.7615055516272,12.7763929252136,20.4208421052632));
#1393=CARTESIAN_POINT('Ctrl Pts',(-4.26303729368081,16.8343630939071,21.473447368421));
#1394=CARTESIAN_POINT('Ctrl Pts',(4.26303829912564,16.8343604891213,22.5260526315789));
#1395=CARTESIAN_POINT('Ctrl Pts',(11.7615020000394,12.776396916669,23.5786578947368));
#1396=CARTESIAN_POINT('Ctrl Pts',(16.4248242431411,5.63864915905052,24.6312631578947));
#1397=CARTESIAN_POINT('Ctrl Pts',(17.1289025714333,-2.85830818110926,25.6838684210526));
#1398=CARTESIAN_POINT('Ctrl Pts',(13.7040156686384,-10.6662636262417,26.7364736842105));
#1399=CARTESIAN_POINT('Ctrl Pts',(6.97574179951703,-15.9030893734139,27.7890789473684));
#1400=CARTESIAN_POINT('Ctrl Pts',(-1.43405216919434,-17.3064358110299,28.8416842105263));
#1401=CARTESIAN_POINT('Ctrl Pts',(-9.49816422392361,-14.5380226215229,29.8942894736842));
#1402=CARTESIAN_POINT('Ctrl Pts',(-15.2727200978513,-8.2651827938636,30.9468947368421));
#1403=CARTESIAN_POINT('Ctrl Pts',(-17.3657486336032,1.38160269329179E-9,
31.9995));
#1404=CARTESIAN_POINT('Ctrl Pts',(-15.2727200954343,8.26518279036487,33.0521052631579));
#1405=CARTESIAN_POINT('Ctrl Pts',(-9.49816423004457,14.5380226276197,34.1047105263158));
#1406=CARTESIAN_POINT('Ctrl Pts',(-1.43405215611104,17.3064357990895,35.1573157894737));
#1407=CARTESIAN_POINT('Ctrl Pts',(6.97574177250639,15.9030893975547,36.2099210526316));
#1408=CARTESIAN_POINT('Ctrl Pts',(13.7040157239556,10.6662635770493,37.2625263157895));
#1409=CARTESIAN_POINT('Ctrl Pts',(17.1289024583612,2.85830828154127,38.3151315789474));
#1410=CARTESIAN_POINT('Ctrl Pts',(16.4248244741625,-5.6386493641875,39.3677368421053));
#1411=CARTESIAN_POINT('Ctrl Pts',(11.7615015280834,-12.7763964976214,40.4203421052632));
#1412=CARTESIAN_POINT('Ctrl Pts',(4.26303926326424,-16.8343613451612,41.4729473684211));
#1413=CARTESIAN_POINT('Ctrl Pts',(-4.26303926326551,-16.8343613451579,42.5255526315789));
#1414=CARTESIAN_POINT('Ctrl Pts',(-11.7615015280789,-12.7763964976266,43.5781578947368));
#1415=CARTESIAN_POINT('Ctrl Pts',(-16.4248244741726,-5.63864936417792,44.6307631578947));
#1416=CARTESIAN_POINT('Ctrl Pts',(-17.1289024583399,2.85830828152214,45.6833684210526));
#1417=CARTESIAN_POINT('Ctrl Pts',(-13.7040157239993,10.6662635770882,46.7359736842105));
#1418=CARTESIAN_POINT('Ctrl Pts',(-6.97574177241707,15.9030893974753,47.7885789473684));
#1419=CARTESIAN_POINT('Ctrl Pts',(1.43405215592853,17.3064357992515,48.8411842105263));
#1420=CARTESIAN_POINT('Ctrl Pts',(9.49816423041742,14.5380226272886,49.8937894736842));
#1421=CARTESIAN_POINT('Ctrl Pts',(15.2727200946725,8.26518279104121,50.9463947368421));
#1422=CARTESIAN_POINT('Ctrl Pts',(17.3657486351593,9.44989695088225E-15,
51.999));
#1423=CARTESIAN_POINT('Ctrl Pts',(15.2727200946725,-8.26518279104118,53.0516052631579));
#1424=CARTESIAN_POINT('Ctrl Pts',(9.49816423041744,-14.5380226272886,54.1042105263158));
#1425=CARTESIAN_POINT('Ctrl Pts',(1.43405215592851,-17.3064357992515,55.1568157894737));
#1426=CARTESIAN_POINT('Ctrl Pts',(-6.97574177241709,-15.9030893974753,56.2094210526316));
#1427=CARTESIAN_POINT('Ctrl Pts',(-13.7040157239993,-10.6662635770881,57.2620263157895));
#1428=CARTESIAN_POINT('Ctrl Pts',(-17.1289024583399,-2.85830828152213,58.3146315789474));
#1429=CARTESIAN_POINT('Ctrl Pts',(-16.4248244741727,5.63864936417793,59.3672368421053));
#1430=CARTESIAN_POINT('Ctrl Pts',(-11.7615015280789,12.7763964976265,60.4198421052632));
#1431=CARTESIAN_POINT('Ctrl Pts',(-4.26303926326555,16.8343613451579,61.4724473684211));
#1432=CARTESIAN_POINT('Ctrl Pts',(4.26303926326423,16.8343613451612,62.525052631579));
#1433=CARTESIAN_POINT('Ctrl Pts',(11.7615015280834,12.7763964976215,63.5776578947368));
#1434=CARTESIAN_POINT('Ctrl Pts',(16.4248244741625,5.63864936418753,64.6302631578947));
#1435=CARTESIAN_POINT('Ctrl Pts',(17.1289024583612,-2.85830828154125,65.6828684210527));
#1436=CARTESIAN_POINT('Ctrl Pts',(13.7040157239556,-10.6662635770493,66.7354736842105));
#1437=CARTESIAN_POINT('Ctrl Pts',(6.97574177250638,-15.9030893975547,67.7880789473684));
#1438=CARTESIAN_POINT('Ctrl Pts',(-1.43405215611103,-17.3064357990894,68.8406842105263));
#1439=CARTESIAN_POINT('Ctrl Pts',(-9.49816423004456,-14.5380226276197,69.8932894736843));
#1440=CARTESIAN_POINT('Ctrl Pts',(-15.2727200954342,-8.26518279036489,70.9458947368421));
#1441=CARTESIAN_POINT('Ctrl Pts',(-17.3657486336032,-1.38162690865222E-9,
71.9985000000001));
#1442=CARTESIAN_POINT('Ctrl Pts',(-15.2727200978514,8.26518279386359,73.0511052631579));
#1443=CARTESIAN_POINT('Ctrl Pts',(-9.49816422392361,14.5380226215229,74.1037105263158));
#1444=CARTESIAN_POINT('Ctrl Pts',(-1.43405216919432,17.3064358110299,75.1563157894737));
#1445=CARTESIAN_POINT('Ctrl Pts',(6.97574179951703,15.903089373414,76.2089210526316));
#1446=CARTESIAN_POINT('Ctrl Pts',(13.7040156686384,10.6662636262417,77.2615263157895));
#1447=CARTESIAN_POINT('Ctrl Pts',(17.1289025714333,2.85830818110926,78.3141315789473));
#1448=CARTESIAN_POINT('Ctrl Pts',(16.4248242431411,-5.63864915905051,79.3667368421053));
#1449=CARTESIAN_POINT('Ctrl Pts',(11.7615020000394,-12.776396916669,80.4193421052631));
#1450=CARTESIAN_POINT('Ctrl Pts',(4.26303829912561,-16.8343604891213,81.4719473684211));
#1451=CARTESIAN_POINT('Ctrl Pts',(-4.26303729368087,-16.8343630939071,82.524552631579));
#1452=CARTESIAN_POINT('Ctrl Pts',(-11.7615055516272,-12.7763929252136,83.5771578947368));
#1453=CARTESIAN_POINT('Ctrl Pts',(-16.4248162547052,-5.63865666204545,84.6297631578947));
#1454=CARTESIAN_POINT('Ctrl Pts',(-17.1289192494359,2.85832318990867,85.6823684210526));
#1455=CARTESIAN_POINT('Ctrl Pts',(-13.7039814221597,10.6662331214754,86.7349736842105));
#1456=CARTESIAN_POINT('Ctrl Pts',(-6.97581185716628,15.903151616611,87.7875789473684));
#1457=CARTESIAN_POINT('Ctrl Pts',(1.43419538237416,17.3063086546894,88.8401842105263));
#1458=CARTESIAN_POINT('Ctrl Pts',(9.49786805872368,14.5382832391466,89.8927894736843));
#1459=CARTESIAN_POINT('Ctrl Pts',(15.2733275009847,8.26464075081293,90.945394736842));
#1460=CARTESIAN_POINT('Ctrl Pts',(16.6666666666667,2.75578302946473,91.6471315789474));
#1461=CARTESIAN_POINT('Ctrl Pts',(16.6666666666667,2.44929359829471E-14,
91.998));
#1462=CARTESIAN_POINT('Ctrl Pts',(15.3333333333333,0.,12.));
#1463=CARTESIAN_POINT('Ctrl Pts',(15.3333333333333,-2.53532038710755,12.3508684210526));
#1464=CARTESIAN_POINT('Ctrl Pts',(14.051461300906,-7.6034694907479,13.0526052631579));
#1465=CARTESIAN_POINT('Ctrl Pts',(8.73803861402577,-13.3752205800149,14.1052105263158));
#1466=CARTESIAN_POINT('Ctrl Pts',(1.31945975178426,-15.9218039623142,15.1578157894737));
#1467=CARTESIAN_POINT('Ctrl Pts',(-6.41774690859299,-14.6308994872821,16.2104210526316));
#1468=CARTESIAN_POINT('Ctrl Pts',(-12.6076629083869,-9.81293447175737,17.2630263157895));
#1469=CARTESIAN_POINT('Ctrl Pts',(-15.7586057094811,-2.62965733471596,18.3156315789474));
#1470=CARTESIAN_POINT('Ctrl Pts',(-15.1108309543287,5.18756412908181,19.3682368421053));
#1471=CARTESIAN_POINT('Ctrl Pts',(-10.820585107497,11.7542814911965,20.4208421052632));
#1472=CARTESIAN_POINT('Ctrl Pts',(-3.92199431018634,15.4876140463945,21.473447368421));
#1473=CARTESIAN_POINT('Ctrl Pts',(3.92199523519558,15.4876116499916,22.5260526315789));
#1474=CARTESIAN_POINT('Ctrl Pts',(10.8205818400363,11.7542851633355,23.5786578947368));
#1475=CARTESIAN_POINT('Ctrl Pts',(15.1108383036898,5.18755722632648,24.6312631578947));
#1476=CARTESIAN_POINT('Ctrl Pts',(15.7585903657186,-2.62964352662053,25.6838684210526));
#1477=CARTESIAN_POINT('Ctrl Pts',(12.6076944151473,-9.81296253614239,26.7364736842105));
#1478=CARTESIAN_POINT('Ctrl Pts',(6.41768245555567,-14.6308422235408,27.7890789473684));
#1479=CARTESIAN_POINT('Ctrl Pts',(-1.3193279956588,-15.9219209461475,28.8416842105263));
#1480=CARTESIAN_POINT('Ctrl Pts',(-8.73831108600972,-13.3749808118011,29.8942894736842));
#1481=CARTESIAN_POINT('Ctrl Pts',(-14.0509024900233,-7.60396817035451,30.9468947368421));
#1482=CARTESIAN_POINT('Ctrl Pts',(-15.976488742915,1.27107079236863E-9,
31.9995));
#1483=CARTESIAN_POINT('Ctrl Pts',(-14.0509024877995,7.60396816713568,33.0521052631579));
#1484=CARTESIAN_POINT('Ctrl Pts',(-8.73831109164099,13.3749808174101,34.1047105263158));
#1485=CARTESIAN_POINT('Ctrl Pts',(-1.31932798362216,15.9219209351623,35.1573157894737));
#1486=CARTESIAN_POINT('Ctrl Pts',(6.41768243070589,14.6308422457503,36.2099210526316));
#1487=CARTESIAN_POINT('Ctrl Pts',(12.6076944660392,9.81296249088532,37.2625263157895));
#1488=CARTESIAN_POINT('Ctrl Pts',(15.7585902616923,2.62964361901797,38.3151315789474));
#1489=CARTESIAN_POINT('Ctrl Pts',(15.1108385162295,-5.18755741505251,39.3677368421053));
#1490=CARTESIAN_POINT('Ctrl Pts',(10.8205814058367,-11.7542847778117,40.4203421052632));
#1491=CARTESIAN_POINT('Ctrl Pts',(3.92199612220311,-15.4876124375483,41.4729473684211));
#1492=CARTESIAN_POINT('Ctrl Pts',(-3.92199612220428,-15.4876124375453,42.5255526315789));
#1493=CARTESIAN_POINT('Ctrl Pts',(-10.8205814058326,-11.7542847778164,43.5781578947368));
#1494=CARTESIAN_POINT('Ctrl Pts',(-15.1108385162388,-5.18755741504368,44.6307631578947));
#1495=CARTESIAN_POINT('Ctrl Pts',(-15.7585902616727,2.62964361900036,45.6833684210526));
#1496=CARTESIAN_POINT('Ctrl Pts',(-12.6076944660793,9.81296249092113,46.7359736842105));
#1497=CARTESIAN_POINT('Ctrl Pts',(-6.4176824306237,14.6308422456773,47.7885789473684));
#1498=CARTESIAN_POINT('Ctrl Pts',(1.31932798345425,15.9219209353114,48.8411842105263));
#1499=CARTESIAN_POINT('Ctrl Pts',(8.73831109198403,13.3749808171055,49.8937894736842));
#1500=CARTESIAN_POINT('Ctrl Pts',(14.0509024870987,7.60396816775791,50.9463947368421));
#1501=CARTESIAN_POINT('Ctrl Pts',(15.9764887443466,1.06311340697425E-14,
51.999));
#1502=CARTESIAN_POINT('Ctrl Pts',(14.0509024870988,-7.60396816775788,53.0516052631579));
#1503=CARTESIAN_POINT('Ctrl Pts',(8.73831109198404,-13.3749808171055,54.1042105263158));
#1504=CARTESIAN_POINT('Ctrl Pts',(1.31932798345423,-15.9219209353114,55.1568157894737));
#1505=CARTESIAN_POINT('Ctrl Pts',(-6.41768243062374,-14.6308422456773,56.2094210526316));
#1506=CARTESIAN_POINT('Ctrl Pts',(-12.6076944660793,-9.8129624909211,57.2620263157895));
#1507=CARTESIAN_POINT('Ctrl Pts',(-15.7585902616727,-2.62964361900035,58.3146315789474));
#1508=CARTESIAN_POINT('Ctrl Pts',(-15.1108385162388,5.18755741504369,59.3672368421053));
#1509=CARTESIAN_POINT('Ctrl Pts',(-10.8205814058326,11.7542847778164,60.4198421052632));
#1510=CARTESIAN_POINT('Ctrl Pts',(-3.92199612220429,15.4876124375453,61.4724473684211));
#1511=CARTESIAN_POINT('Ctrl Pts',(3.92199612220309,15.4876124375483,62.525052631579));
#1512=CARTESIAN_POINT('Ctrl Pts',(10.8205814058367,11.7542847778117,63.5776578947368));
#1513=CARTESIAN_POINT('Ctrl Pts',(15.1108385162295,5.18755741505252,64.6302631578947));
#1514=CARTESIAN_POINT('Ctrl Pts',(15.7585902616923,-2.62964361901795,65.6828684210527));
#1515=CARTESIAN_POINT('Ctrl Pts',(12.6076944660392,-9.81296249088533,66.7354736842105));
#1516=CARTESIAN_POINT('Ctrl Pts',(6.41768243070587,-14.6308422457503,67.7880789473684));
#1517=CARTESIAN_POINT('Ctrl Pts',(-1.31932798362215,-15.9219209351623,68.8406842105263));
#1518=CARTESIAN_POINT('Ctrl Pts',(-8.73831109164099,-13.3749808174101,69.8932894736843));
#1519=CARTESIAN_POINT('Ctrl Pts',(-14.0509024877995,-7.60396816713571,70.9458947368421));
#1520=CARTESIAN_POINT('Ctrl Pts',(-15.976488742915,-1.27109264525487E-9,
71.9985000000001));
#1521=CARTESIAN_POINT('Ctrl Pts',(-14.0509024900233,7.60396817035451,73.0511052631579));
#1522=CARTESIAN_POINT('Ctrl Pts',(-8.73831108600973,13.3749808118011,74.1037105263158));
#1523=CARTESIAN_POINT('Ctrl Pts',(-1.31932799565877,15.9219209461475,75.1563157894737));
#1524=CARTESIAN_POINT('Ctrl Pts',(6.41768245555567,14.6308422235408,76.2089210526316));
#1525=CARTESIAN_POINT('Ctrl Pts',(12.6076944151474,9.81296253614239,77.2615263157895));
#1526=CARTESIAN_POINT('Ctrl Pts',(15.7585903657186,2.62964352662052,78.3141315789473));
#1527=CARTESIAN_POINT('Ctrl Pts',(15.1108383036898,-5.18755722632647,79.3667368421053));
#1528=CARTESIAN_POINT('Ctrl Pts',(10.8205818400363,-11.7542851633355,80.4193421052631));
#1529=CARTESIAN_POINT('Ctrl Pts',(3.92199523519556,-15.4876116499916,81.471947368421));
#1530=CARTESIAN_POINT('Ctrl Pts',(-3.9219943101864,-15.4876140463945,82.524552631579));
#1531=CARTESIAN_POINT('Ctrl Pts',(-10.820585107497,-11.7542814911965,83.5771578947368));
#1532=CARTESIAN_POINT('Ctrl Pts',(-15.1108309543287,-5.18756412908181,84.6297631578947));
#1533=CARTESIAN_POINT('Ctrl Pts',(-15.7586057094811,2.62965733471598,85.6823684210526));
#1534=CARTESIAN_POINT('Ctrl Pts',(-12.6076629083869,9.81293447175738,86.7349736842105));
#1535=CARTESIAN_POINT('Ctrl Pts',(-6.41774690859298,14.6308994872822,87.7875789473684));
#1536=CARTESIAN_POINT('Ctrl Pts',(1.31945975178423,15.9218039623142,88.8401842105263));
#1537=CARTESIAN_POINT('Ctrl Pts',(8.73803861402577,13.3752205800149,89.8927894736842));
#1538=CARTESIAN_POINT('Ctrl Pts',(14.051461300906,7.6034694907479,90.9453947368421));
#1539=CARTESIAN_POINT('Ctrl Pts',(15.3333333333333,2.53532038710755,91.6471315789474));
#1540=CARTESIAN_POINT('Ctrl Pts',(15.3333333333333,2.25335011043113E-14,
91.998));
#1541=CARTESIAN_POINT('Ctrl Pts',(14.,0.,12.));
#1542=CARTESIAN_POINT('Ctrl Pts',(14.,-2.31485774475037,12.3508684210526));
#1543=CARTESIAN_POINT('Ctrl Pts',(12.8295951008272,-6.94229823068287,13.0526052631579));
#1544=CARTESIAN_POINT('Ctrl Pts',(7.97820916932788,-12.2121579208831,14.1052105263158));
#1545=CARTESIAN_POINT('Ctrl Pts',(1.20472412119432,-14.5372992699391,15.1578157894737));
#1546=CARTESIAN_POINT('Ctrl Pts',(-5.85968196001968,-13.3586473579533,16.2104210526316));
#1547=CARTESIAN_POINT('Ctrl Pts',(-11.5113443946141,-8.95963582203934,17.2630263157895));
#1548=CARTESIAN_POINT('Ctrl Pts',(-14.3882921695262,-2.40099147952327,18.3156315789474));
#1549=CARTESIAN_POINT('Ctrl Pts',(-13.7968456539523,4.73647159611818,19.3682368421053));
#1550=CARTESIAN_POINT('Ctrl Pts',(-9.87966466336683,10.7321700571794,20.4208421052632));
#1551=CARTESIAN_POINT('Ctrl Pts',(-3.58095132669188,14.1408649988819,21.473447368421));
#1552=CARTESIAN_POINT('Ctrl Pts',(3.58095217126554,14.1408628108619,22.5260526315789));
#1553=CARTESIAN_POINT('Ctrl Pts',(9.87966168003312,10.732173410002,23.5786578947368));
#1554=CARTESIAN_POINT('Ctrl Pts',(13.7968523642385,4.73646529360244,24.6312631578947));
#1555=CARTESIAN_POINT('Ctrl Pts',(14.3882781600039,-2.40097887213179,25.6838684210526));
#1556=CARTESIAN_POINT('Ctrl Pts',(11.5113731616563,-8.95966144604305,26.7364736842105));
#1557=CARTESIAN_POINT('Ctrl Pts',(5.8596231115943,-13.3585950736677,27.7890789473684));
#1558=CARTESIAN_POINT('Ctrl Pts',(-1.20460382212324,-14.5374060812651,28.8416842105263));
#1559=CARTESIAN_POINT('Ctrl Pts',(-7.97845794809585,-12.2119390020793,29.8942894736842));
#1560=CARTESIAN_POINT('Ctrl Pts',(-12.8290848821951,-6.94275354684541,30.9468947368421));
#1561=CARTESIAN_POINT('Ctrl Pts',(-14.5872288522267,1.16053889144548E-9,
31.9995));
#1562=CARTESIAN_POINT('Ctrl Pts',(-12.8290848801648,6.94275354390649,33.0521052631579));
#1563=CARTESIAN_POINT('Ctrl Pts',(-7.97845795323745,12.2119390072005,34.1047105263158));
#1564=CARTESIAN_POINT('Ctrl Pts',(-1.20460381113327,14.5374060712351,35.1573157894737));
#1565=CARTESIAN_POINT('Ctrl Pts',(5.85962308890537,13.3585950939459,36.2099210526316));
#1566=CARTESIAN_POINT('Ctrl Pts',(11.5113732081227,8.95966140472138,37.2625263157895));
#1567=CARTESIAN_POINT('Ctrl Pts',(14.3882780650234,2.40097895649467,38.3151315789474));
#1568=CARTESIAN_POINT('Ctrl Pts',(13.7968525582965,-4.7364654659175,39.3677368421053));
#1569=CARTESIAN_POINT('Ctrl Pts',(9.87966128359005,-10.732173058002,40.4203421052632));
#1570=CARTESIAN_POINT('Ctrl Pts',(3.58095298114197,-14.1408635299354,41.4729473684211));
#1571=CARTESIAN_POINT('Ctrl Pts',(-3.58095298114304,-14.1408635299326,42.5255526315789));
#1572=CARTESIAN_POINT('Ctrl Pts',(-9.87966128358625,-10.7321730580063,43.5781578947368));
#1573=CARTESIAN_POINT('Ctrl Pts',(-13.796852558305,-4.73646546590945,44.6307631578947));
#1574=CARTESIAN_POINT('Ctrl Pts',(-14.3882780650055,2.40097895647859,45.6833684210526));
#1575=CARTESIAN_POINT('Ctrl Pts',(-11.5113732081594,8.95966140475407,46.7359736842105));
#1576=CARTESIAN_POINT('Ctrl Pts',(-5.85962308883034,13.3585950938793,47.7885789473684));
#1577=CARTESIAN_POINT('Ctrl Pts',(1.20460381097997,14.5374060713713,48.8411842105263));
#1578=CARTESIAN_POINT('Ctrl Pts',(7.97845795355063,12.2119390069224,49.8937894736842));
#1579=CARTESIAN_POINT('Ctrl Pts',(12.8290848795249,6.94275354447461,50.9463947368421));
#1580=CARTESIAN_POINT('Ctrl Pts',(14.5872288535338,1.35842268668932E-14,
51.999));
#1581=CARTESIAN_POINT('Ctrl Pts',(12.8290848795249,-6.9427535444746,53.0516052631579));
#1582=CARTESIAN_POINT('Ctrl Pts',(7.97845795355065,-12.2119390069224,54.1042105263158));
#1583=CARTESIAN_POINT('Ctrl Pts',(1.20460381097995,-14.5374060713713,55.1568157894737));
#1584=CARTESIAN_POINT('Ctrl Pts',(-5.85962308883036,-13.3585950938793,56.2094210526316));
#1585=CARTESIAN_POINT('Ctrl Pts',(-11.5113732081594,-8.95966140475405,57.2620263157895));
#1586=CARTESIAN_POINT('Ctrl Pts',(-14.3882780650055,-2.40097895647858,58.3146315789474));
#1587=CARTESIAN_POINT('Ctrl Pts',(-13.796852558305,4.73646546590945,59.3672368421053));
#1588=CARTESIAN_POINT('Ctrl Pts',(-9.87966128358626,10.7321730580063,60.4198421052632));
#1589=CARTESIAN_POINT('Ctrl Pts',(-3.58095298114305,14.1408635299326,61.4724473684211));
#1590=CARTESIAN_POINT('Ctrl Pts',(3.58095298114195,14.1408635299354,62.525052631579));
#1591=CARTESIAN_POINT('Ctrl Pts',(9.87966128359003,10.732173058002,63.5776578947368));
#1592=CARTESIAN_POINT('Ctrl Pts',(13.7968525582965,4.73646546591752,64.6302631578947));
#1593=CARTESIAN_POINT('Ctrl Pts',(14.3882780650234,-2.40097895649465,65.6828684210527));
#1594=CARTESIAN_POINT('Ctrl Pts',(11.5113732081227,-8.95966140472138,66.7354736842105));
#1595=CARTESIAN_POINT('Ctrl Pts',(5.85962308890536,-13.3585950939459,67.7880789473684));
#1596=CARTESIAN_POINT('Ctrl Pts',(-1.20460381113326,-14.5374060712351,68.8406842105263));
#1597=CARTESIAN_POINT('Ctrl Pts',(-7.97845795323744,-12.2119390072005,69.8932894736843));
#1598=CARTESIAN_POINT('Ctrl Pts',(-12.8290848801648,-6.94275354390651,70.9458947368421));
#1599=CARTESIAN_POINT('Ctrl Pts',(-14.5872288522267,-1.16056487866167E-9,
71.9985000000001));
#1600=CARTESIAN_POINT('Ctrl Pts',(-12.8290848821951,6.94275354684542,73.0511052631579));
#1601=CARTESIAN_POINT('Ctrl Pts',(-7.97845794809583,12.2119390020793,74.1037105263158));
#1602=CARTESIAN_POINT('Ctrl Pts',(-1.20460382212323,14.5374060812651,75.1563157894737));
#1603=CARTESIAN_POINT('Ctrl Pts',(5.85962311159431,13.3585950736677,76.2089210526316));
#1604=CARTESIAN_POINT('Ctrl Pts',(11.5113731616563,8.95966144604305,77.2615263157895));
#1605=CARTESIAN_POINT('Ctrl Pts',(14.388278160004,2.40097887213178,78.3141315789473));
#1606=CARTESIAN_POINT('Ctrl Pts',(13.7968523642385,-4.73646529360243,79.3667368421053));
#1607=CARTESIAN_POINT('Ctrl Pts',(9.87966168003313,-10.732173410002,80.4193421052631));
#1608=CARTESIAN_POINT('Ctrl Pts',(3.5809521712655,-14.1408628108619,81.4719473684211));
#1609=CARTESIAN_POINT('Ctrl Pts',(-3.58095132669192,-14.1408649988819,82.524552631579));
#1610=CARTESIAN_POINT('Ctrl Pts',(-9.87966466336685,-10.7321700571794,83.5771578947368));
#1611=CARTESIAN_POINT('Ctrl Pts',(-13.7968456539523,-4.73647159611818,84.6297631578947));
#1612=CARTESIAN_POINT('Ctrl Pts',(-14.3882921695262,2.40099147952328,85.6823684210526));
#1613=CARTESIAN_POINT('Ctrl Pts',(-11.5113443946141,8.95963582203935,86.7349736842105));
#1614=CARTESIAN_POINT('Ctrl Pts',(-5.85968196001967,13.3586473579533,87.7875789473684));
#1615=CARTESIAN_POINT('Ctrl Pts',(1.2047241211943,14.537299269939,88.8401842105263));
#1616=CARTESIAN_POINT('Ctrl Pts',(7.97820916932788,12.2121579208832,89.8927894736842));
#1617=CARTESIAN_POINT('Ctrl Pts',(12.8295951008272,6.94229823068285,90.9453947368421));
#1618=CARTESIAN_POINT('Ctrl Pts',(14.,2.31485774475038,91.6471315789474));
#1619=CARTESIAN_POINT('Ctrl Pts',(14.,2.05740662256755E-14,91.998));
#1620=CARTESIAN_POINT('',(18.,0.,12.));
#1621=CARTESIAN_POINT('',(18.,2.64523708615828E-14,91.998));
#1622=CARTESIAN_POINT('Origin',(16.,2.35132185436292E-14,89.998));
#1623=CARTESIAN_POINT('Origin',(16.,0.,10.));
#1624=UNCERTAINTY_MEASURE_WITH_UNIT(LENGTH_MEASURE(0.01),#1628,
'DISTANCE_ACCURACY_VALUE',
'Maximum model space distance between geometric entities at asserted c
onnectivities');
#1625=UNCERTAINTY_MEASURE_WITH_UNIT(LENGTH_MEASURE(0.01),#1628,
'DISTANCE_ACCURACY_VALUE',
'Maximum model space distance between geometric entities at asserted c
onnectivities');
#1626=(
GEOMETRIC_REPRESENTATION_CONTEXT(3)
GLOBAL_UNCERTAINTY_ASSIGNED_CONTEXT((#1624))
GLOBAL_UNIT_ASSIGNED_CONTEXT((#1628,#1630,#1631))
REPRESENTATION_CONTEXT('','3D')
);
#1627=(
GEOMETRIC_REPRESENTATION_CONTEXT(3)
GLOBAL_UNCERTAINTY_ASSIGNED_CONTEXT((#1625))
GLOBAL_UNIT_ASSIGNED_CONTEXT((#1628,#1630,#1631))
REPRESENTATION_CONTEXT('','3D')
);
#1628=(
LENGTH_UNIT()
NAMED_UNIT(*)
SI_UNIT(.MILLI.,.METRE.)
);
#1629=(
LENGTH_UNIT()
NAMED_UNIT(*)
SI_UNIT($,.METRE.)
);
#1630=(
NAMED_UNIT(*)
PLANE_ANGLE_UNIT()
SI_UNIT($,.RADIAN.)
);
#1631=(
NAMED_UNIT(*)
SI_UNIT($,.STERADIAN.)
SOLID_ANGLE_UNIT()
);
#1632=SHAPE_DEFINITION_REPRESENTATION(#1633,#1634);
#1633=PRODUCT_DEFINITION_SHAPE('',$,#1636);
#1634=SHAPE_REPRESENTATION('',(#402),#1626);
#1635=PRODUCT_DEFINITION_CONTEXT('part definition',#1640,'design');
#1636=PRODUCT_DEFINITION('2026-08-17-07-36-13-752','Drive insert',#1637,
#1635);
#1637=PRODUCT_DEFINITION_FORMATION('',$,#1642);
#1638=PRODUCT_RELATED_PRODUCT_CATEGORY('Drive insert','Drive insert',(#1642));
#1639=APPLICATION_PROTOCOL_DEFINITION('international standard',
'automotive_design',2009,#1640);
#1640=APPLICATION_CONTEXT(
'Core Data for Automotive Mechanical Design Process');
#1641=PRODUCT_CONTEXT('part definition',#1640,'mechanical');
#1642=PRODUCT('2026-08-17-07-36-13-752','Drive insert',$,(#1641));
#1643=PRESENTATION_STYLE_ASSIGNMENT((#1644));
#1644=SURFACE_STYLE_USAGE(.BOTH.,#1645);
#1645=SURFACE_SIDE_STYLE('',(#1646));
#1646=SURFACE_STYLE_FILL_AREA(#1647);
#1647=FILL_AREA_STYLE('Steel - Satin',(#1648));
#1648=FILL_AREA_STYLE_COLOUR('Steel - Satin',#1649);
#1649=COLOUR_RGB('Steel - Satin',0.627450980392157,0.627450980392157,0.627450980392157);
ENDSEC;
END-ISO-10303-21;
