# WaveFront *.obj file (generated by Autodesk ATF)

mtllib Model.mtl

g Body1

v -0.400000 -1.184272 -0.450000
v -0.400000 -1.341641 -0.600000
v -0.730580 -1.194258 -0.600000
v -1.012329 -0.967052 -0.600000
v -1.226414 -0.675210 -0.600000
v -1.358527 -0.338236 -0.600000
v -1.399837 0.021345 -0.600000
v -1.347583 0.379499 -0.600000
v -1.205258 0.712287 -0.600000
v -0.982374 0.997467 -0.600000
v -0.693829 1.215977 -0.600000
v -0.358909 1.353213 -0.600000
v -0.000000 1.400000 -0.600000
v 0.358909 1.353213 -0.600000
v 0.693829 1.215977 -0.600000
v 0.982374 0.997467 -0.600000
v 1.205258 0.712287 -0.600000
v 1.347583 0.379499 -0.600000
v 1.399837 0.021345 -0.600000
v 1.358527 -0.338236 -0.600000
v 1.226414 -0.675210 -0.600000
v 1.012329 -0.967052 -0.600000
v 0.730580 -1.194258 -0.600000
v 0.400000 -1.341641 -0.600000
v 0.400000 -1.184272 -0.450000
v 0.686824 -1.044401 -0.450000
v 0.928886 -0.836463 -0.450000
v 1.110411 -0.574011 -0.450000
v 1.219566 -0.274149 -0.450000
v 1.249240 0.043580 -0.450000
v 1.197498 0.358468 -0.450000
v 1.067711 0.649995 -0.450000
v 0.868339 0.899159 -0.450000
v 0.612375 1.089723 -0.450000
v 0.316501 1.209267 -0.450000
v 0.000000 1.250000 -0.450000
v -0.316501 1.209267 -0.450000
v -0.612375 1.089723 -0.450000
v -0.868339 0.899159 -0.450000
v -1.067711 0.649995 -0.450000
v -1.197498 0.358468 -0.450000
v -1.249240 0.043580 -0.450000
v -1.219566 -0.274149 -0.450000
v -1.110411 -0.574011 -0.450000
v -0.928886 -0.836463 -0.450000
v -0.686824 -1.044401 -0.450000
v -0.400000 -1.184272 1.450000
v -0.400000 -1.341641 1.600000
v -0.400000 -1.600000 1.600000
v -0.400000 -1.600000 -0.600000
v 0.400000 -1.184272 1.450000
v 0.686824 -1.044401 1.450000
v 0.928886 -0.836463 1.450000
v 1.110411 -0.574011 1.450000
v 1.219566 -0.274149 1.450000
v 1.249240 0.043580 1.450000
v 1.197498 0.358468 1.450000
v 1.067711 0.649995 1.450000
v 0.868339 0.899159 1.450000
v 0.612375 1.089723 1.450000
v 0.316501 1.209267 1.450000
v -0.000000 1.250000 1.450000
v -0.316501 1.209267 1.450000
v -0.612375 1.089723 1.450000
v -0.868339 0.899159 1.450000
v -1.067711 0.649995 1.450000
v -1.197498 0.358468 1.450000
v -1.249240 0.043580 1.450000
v -1.219566 -0.274149 1.450000
v -1.110411 -0.574011 1.450000
v -0.928886 -0.836463 1.450000
v -0.686824 -1.044401 1.450000
v 0.400000 -1.600000 -0.600000
v 0.400000 -1.600000 1.600000
v 0.400000 -1.341641 1.600000
v 0.730580 -1.194258 1.600000
v 1.012329 -0.967052 1.600000
v 1.226414 -0.675210 1.600000
v 1.358527 -0.338236 1.600000
v 1.399837 0.021345 1.600000
v 1.347583 0.379499 1.600000
v 1.205258 0.712287 1.600000
v 0.982374 0.997467 1.600000
v 0.693829 1.215977 1.600000
v 0.358909 1.353213 1.600000
v 0.000000 1.400000 1.600000
v -0.358909 1.353213 1.600000
v -0.693829 1.215977 1.600000
v -0.982374 0.997467 1.600000
v -1.205258 0.712287 1.600000
v -1.347583 0.379499 1.600000
v -1.399837 0.021345 1.600000
v -1.358527 -0.338236 1.600000
v -1.226414 -0.675210 1.600000
v -1.012329 -0.967052 1.600000
v -0.730580 -1.194258 1.600000
v 2.500000 0.000000 1.600000
v 2.432612 0.576540 1.600000
v 2.234082 1.121998 1.600000
v 1.915111 1.606969 1.600000
v 1.492896 2.005308 1.600000
v 0.990199 2.295540 1.600000
v 0.434120 2.462019 1.600000
v -0.145362 2.495770 1.600000
v -0.717008 2.394974 1.600000
v -1.250000 2.165064 1.600000
v -1.715604 1.818434 1.600000
v -2.088720 1.373772 1.600000
v -2.349232 0.855050 1.600000
v -2.483096 0.290232 1.600000
v -2.483096 -0.290232 1.600000
v -2.349232 -0.855050 1.600000
v -2.088720 -1.373772 1.600000
v -1.715604 -1.818434 1.600000
v -1.250000 -2.165064 1.600000
v -0.717008 -2.394974 1.600000
v -0.145362 -2.495770 1.600000
v 0.434120 -2.462019 1.600000
v 0.990199 -2.295540 1.600000
v 1.492896 -2.005308 1.600000
v 1.915111 -1.606969 1.600000
v 2.234082 -1.121998 1.600000
v 2.432612 -0.576540 1.600000
v 2.500000 0.000000 -0.200000
v 2.432612 0.576540 -0.200000
v 2.234082 1.121998 -0.200000
v 1.915111 1.606969 -0.200000
v 1.492896 2.005308 -0.200000
v 0.990199 2.295540 -0.200000
v 0.434120 2.462019 -0.200000
v -0.145362 2.495770 -0.200000
v -0.717008 2.394974 -0.200000
v -1.250000 2.165064 -0.200000
v -1.715604 1.818434 -0.200000
v -2.088720 1.373772 -0.200000
v -2.349232 0.855050 -0.200000
v -2.483096 0.290232 -0.200000
v -2.483096 -0.290232 -0.200000
v -2.349232 -0.855050 -0.200000
v -2.088720 -1.373772 -0.200000
v -1.715604 -1.818434 -0.200000
v -1.250000 -2.165064 -0.200000
v -0.717008 -2.394974 -0.200000
v -0.145362 -2.495770 -0.200000
v 0.434120 -2.462019 -0.200000
v 0.990199 -2.295540 -0.200000
v 1.492896 -2.005308 -0.200000
v 1.915111 -1.606969 -0.200000
v 2.234082 -1.121998 -0.200000
v 2.432612 -0.576540 -0.200000
v 2.700000 -0.000000 0.000000
v 2.632305 -0.600807 0.000000
v 2.432616 -1.171486 0.000000
v 2.110945 -1.683422 0.000000
v 1.683422 -2.110945 0.000000
v 1.171486 -2.432616 0.000000
v 0.600807 -2.632305 0.000000
v -0.000000 -2.700000 0.000000
v -0.600807 -2.632305 0.000000
v -1.171486 -2.432616 0.000000
v -1.683422 -2.110945 0.000000
v -2.110945 -1.683422 0.000000
v -2.432616 -1.171486 0.000000
v -2.632305 -0.600807 0.000000
v -2.700000 0.000000 0.000000
v -2.632305 0.600807 0.000000
v -2.432616 1.171486 0.000000
v -2.110945 1.683422 0.000000
v -1.683422 2.110945 0.000000
v -1.171486 2.432616 0.000000
v -0.600807 2.632305 0.000000
v -0.000000 2.700000 0.000000
v 0.600807 2.632305 0.000000
v 1.171486 2.432616 0.000000
v 1.683422 2.110945 0.000000
v 2.110945 1.683422 0.000000
v 2.432616 1.171486 0.000000
v 2.632305 0.600807 0.000000
v -2.506815 0.000000 -0.148236
v -2.526795 0.000000 -0.100000
v -2.558579 0.000000 -0.058579
v -2.600000 0.000000 -0.026795
v -2.648236 0.000000 -0.006815
v 0.405558 -2.473791 -0.148236
v 0.405558 2.473791 -0.148236
v 2.492120 0.271034 -0.148236
v 2.511983 0.273195 -0.100000
v 2.543580 0.276631 -0.058579
v 2.584759 0.281109 -0.026795
v 2.632712 0.286325 -0.006815
v 2.632712 -0.286325 -0.006815
v 2.584759 -0.281109 -0.026795
v 2.543580 -0.276631 -0.058579
v 2.511983 -0.273195 -0.100000
v 2.492120 -0.271034 -0.148236
v 2.375591 0.800430 -0.148236
v 2.394525 0.806809 -0.100000
v 2.424645 0.816958 -0.058579
v 2.463898 0.830184 -0.026795
v 2.509609 0.845586 -0.006815
v 2.147982 1.292398 -0.148236
v 2.165102 1.302699 -0.100000
v 2.192336 1.319085 -0.058579
v 2.227829 1.340440 -0.026795
v 2.269160 1.365308 -0.006815
v 1.819936 1.723935 -0.148236
v 1.834442 1.737675 -0.100000
v 1.857517 1.759533 -0.058579
v 1.887588 1.788019 -0.026795
v 1.922608 1.821191 -0.006815
v 1.406792 2.074863 -0.148236
v 1.418005 2.091400 -0.100000
v 1.435841 2.117707 -0.058579
v 1.459086 2.151991 -0.026795
v 1.486156 2.191916 -0.006815
v 0.927868 2.328773 -0.148236
v 0.935263 2.347334 -0.100000
v 0.947028 2.376860 -0.058579
v 0.962359 2.415339 -0.026795
v 0.980213 2.460150 -0.006815
v 0.408790 2.493508 -0.100000
v 0.413932 2.524873 -0.058579
v 0.420633 2.565749 -0.026795
v 0.428437 2.613350 -0.006815
v -0.670644 2.415441 -0.148236
v -0.675989 2.434693 -0.100000
v -0.684492 2.465318 -0.058579
v -0.695574 2.505230 -0.026795
v -0.708478 2.551708 -0.006815
v -0.143373 2.644352 -0.006815
v -0.140761 2.596187 -0.026795
v -0.138519 2.554826 -0.058579
v -0.136798 2.523089 -0.100000
v -0.135716 2.503138 -0.148236
v -1.174213 2.214801 -0.148236
v -1.183572 2.232454 -0.100000
v -1.198460 2.260535 -0.058579
v -1.217862 2.297131 -0.026795
v -1.240456 2.339749 -0.006815
v -1.622878 1.910599 -0.148236
v -1.635812 1.925827 -0.100000
v -1.656389 1.950052 -0.058579
v -1.683204 1.981621 -0.026795
v -1.714432 2.018385 -0.006815
v -1.995658 1.517060 -0.148236
v -2.011564 1.529151 -0.100000
v -2.036867 1.548386 -0.058579
v -2.069842 1.573453 -0.026795
v -2.108242 1.602644 -0.006815
v -2.275124 1.052584 -0.148236
v -2.293257 1.060974 -0.100000
v -2.322103 1.074319 -0.058579
v -2.359696 1.091712 -0.026795
v -2.403474 1.111966 -0.006815
v -2.448207 0.538891 -0.148236
v -2.467720 0.543186 -0.100000
v -2.498760 0.550019 -0.058579
v -2.539213 0.558923 -0.026795
v -2.586322 0.569292 -0.006815
v -2.448207 -0.538891 -0.148236
v -2.467720 -0.543186 -0.100000
v -2.498760 -0.550019 -0.058579
v -2.539213 -0.558923 -0.026795
v -2.586322 -0.569292 -0.006815
v -2.275124 -1.052584 -0.148236
v -2.293257 -1.060974 -0.100000
v -2.322103 -1.074319 -0.058579
v -2.359696 -1.091712 -0.026795
v -2.403474 -1.111966 -0.006815
v -1.995658 -1.517060 -0.148236
v -2.011564 -1.529151 -0.100000
v -2.036867 -1.548386 -0.058579
v -2.069842 -1.573453 -0.026795
v -2.108242 -1.602644 -0.006815
v -1.622878 -1.910599 -0.148236
v -1.635812 -1.925827 -0.100000
v -1.656389 -1.950052 -0.058579
v -1.683204 -1.981621 -0.026795
v -1.714432 -2.018385 -0.006815
v -1.174213 -2.214801 -0.148236
v -1.183572 -2.232454 -0.100000
v -1.198460 -2.260535 -0.058579
v -1.217862 -2.297131 -0.026795
v -1.240456 -2.339749 -0.006815
v -0.670644 -2.415441 -0.148236
v -0.675989 -2.434693 -0.100000
v -0.684492 -2.465318 -0.058579
v -0.695574 -2.505230 -0.026795
v -0.708478 -2.551708 -0.006815
v -0.135716 -2.503138 -0.148236
v -0.136798 -2.523089 -0.100000
v -0.138519 -2.554826 -0.058579
v -0.140761 -2.596187 -0.026795
v -0.143373 -2.644352 -0.006815
v 0.927868 -2.328773 -0.148236
v 0.935263 -2.347334 -0.100000
v 0.947028 -2.376860 -0.058579
v 0.962359 -2.415339 -0.026795
v 0.980213 -2.460150 -0.006815
v 0.428437 -2.613350 -0.006815
v 0.420633 -2.565749 -0.026795
v 0.413932 -2.524873 -0.058579
v 0.408790 -2.493508 -0.100000
v 1.406792 -2.074863 -0.148236
v 1.418005 -2.091400 -0.100000
v 1.435841 -2.117707 -0.058579
v 1.459086 -2.151991 -0.026795
v 1.486156 -2.191916 -0.006815
v 1.819936 -1.723935 -0.148236
v 1.834442 -1.737675 -0.100000
v 1.857517 -1.759533 -0.058579
v 1.887588 -1.788019 -0.026795
v 1.922608 -1.821191 -0.006815
v 2.147982 -1.292398 -0.148236
v 2.165102 -1.302699 -0.100000
v 2.192336 -1.319085 -0.058579
v 2.227829 -1.340440 -0.026795
v 2.269160 -1.365308 -0.006815
v 2.375591 -0.800430 -0.148236
v 2.394525 -0.806809 -0.100000
v 2.424645 -0.816958 -0.058579
v 2.463898 -0.830184 -0.026795
v 2.509609 -0.845586 -0.006815
v 2.500000 0.000000 -0.600000
v 2.432612 0.576540 -0.600000
v 2.234082 1.121998 -0.600000
v 1.915111 1.606969 -0.600000
v 1.492896 2.005308 -0.600000
v 0.990199 2.295540 -0.600000
v 0.434120 2.462019 -0.600000
v -0.145362 2.495770 -0.600000
v -0.717008 2.394974 -0.600000
v -1.250000 2.165064 -0.600000
v -1.715604 1.818434 -0.600000
v -2.088720 1.373772 -0.600000
v -2.349232 0.855050 -0.600000
v -2.483096 0.290232 -0.600000
v -2.483096 -0.290232 -0.600000
v -2.349232 -0.855050 -0.600000
v -2.088720 -1.373772 -0.600000
v -1.715604 -1.818434 -0.600000
v -1.250000 -2.165064 -0.600000
v -0.717008 -2.394974 -0.600000
v -0.145362 -2.495770 -0.600000
v 0.434120 -2.462019 -0.600000
v 0.990199 -2.295540 -0.600000
v 1.492896 -2.005308 -0.600000
v 1.915111 -1.606969 -0.600000
v 2.234082 -1.121998 -0.600000
v 2.432612 -0.576540 -0.600000
v -0.089737 5.998020 0.000000
v -0.077789 5.199418 0.000000
v 1.513911 5.805865 0.000000
v 1.682197 5.757995 0.000000
v 1.458222 4.991351 0.000000
v 3.157961 5.101694 0.000000
v 3.304661 5.006347 0.000000
v 2.864664 4.339781 0.000000
v 4.521412 3.944215 0.000000
v 4.633491 3.809863 0.000000
v 4.016568 3.302602 0.000000
v 5.483116 2.436275 0.000000
v 5.550615 2.274856 0.000000
v 4.811582 1.971972 0.000000
v 5.957622 0.711861 0.000000
v 5.974542 0.537719 0.000000
v 5.179066 0.466124 0.000000
v 5.902766 -1.075805 0.000000
v 5.867605 -1.247198 0.000000
v 5.086368 -1.081141 0.000000
v 5.323423 -2.767881 0.000000
v 5.239306 -2.921296 0.000000
v 4.541723 -2.532342 0.000000
v 4.271071 -4.214018 0.000000
v 4.145471 -4.335823 0.000000
v 3.593526 -3.758533 0.000000
v 2.839216 -5.285722 0.000000
v 2.683293 -5.365094 0.000000
v 2.326028 -4.650763 0.000000
v 1.155084 -5.887765 0.000000
v 0.982693 -5.917652 0.000000
v 0.851853 -5.129751 0.000000
v -0.631683 -5.966655 0.000000
v -0.805224 -5.944402 0.000000
v -0.698013 -5.152939 0.000000
v -2.362321 -5.515382 0.000000
v -2.521593 -5.442965 0.000000
v -2.185858 -4.718265 0.000000
v -3.883057 -4.574043 0.000000
v -4.013908 -4.457896 0.000000
v -3.479479 -3.864353 0.000000
v -5.058767 -3.226280 0.000000
v -5.149569 -3.076724 0.000000
v -4.463934 -2.667076 0.000000
v -5.784982 -1.591847 0.000000
v -5.827669 -1.422172 0.000000
v -5.051748 -1.232818 0.000000
v -5.997177 0.184028 0.000000
v -5.987954 0.358747 0.000000
v -5.190693 0.310982 0.000000
v -5.676496 1.943551 0.000000
v -5.616184 2.107789 0.000000
v -4.868421 1.827149 0.000000
v -4.851434 3.530381 0.000000
v -4.745391 3.669545 0.000000
v -4.113569 3.180966 0.000000
v -3.595300 4.803521 0.000000
v -3.452949 4.905246 0.000000
v -2.993209 4.252141 0.000000
v -2.019708 5.649848 0.000000
v -1.853698 5.705094 0.000000
v -1.606888 4.945494 0.000000
v -0.264657 5.994160 0.000000
v 2.500000 -0.000000 1.200000
v 2.432612 -0.576540 1.200000
v 2.234082 -1.121998 1.200000
v 1.915111 -1.606969 1.200000
v 1.492896 -2.005308 1.200000
v 0.990199 -2.295540 1.200000
v 0.434120 -2.462019 1.200000
v -0.145362 -2.495770 1.200000
v -0.717008 -2.394974 1.200000
v -1.250000 -2.165064 1.200000
v -1.715604 -1.818434 1.200000
v -2.088720 -1.373772 1.200000
v -2.349232 -0.855050 1.200000
v -2.483096 -0.290232 1.200000
v -2.483096 0.290232 1.200000
v -2.349232 0.855050 1.200000
v -2.088720 1.373772 1.200000
v -1.715604 1.818434 1.200000
v -1.250000 2.165064 1.200000
v -0.717008 2.394974 1.200000
v -0.145362 2.495770 1.200000
v 0.434120 2.462019 1.200000
v 0.990199 2.295540 1.200000
v 1.492896 2.005308 1.200000
v 1.915111 1.606969 1.200000
v 2.234082 1.121998 1.200000
v 2.432612 0.576540 1.200000
v 2.700000 0.000000 1.000000
v 2.632305 0.600807 1.000000
v 2.432616 1.171486 1.000000
v 2.110945 1.683422 1.000000
v 1.683422 2.110945 1.000000
v 1.171486 2.432616 1.000000
v 0.600807 2.632305 1.000000
v -0.000000 2.700000 1.000000
v -0.600807 2.632305 1.000000
v -1.171486 2.432616 1.000000
v -1.683422 2.110945 1.000000
v -2.110945 1.683422 1.000000
v -2.432616 1.171486 1.000000
v -2.632305 0.600807 1.000000
v -2.700000 0.000000 1.000000
v -2.632305 -0.600807 1.000000
v -2.432616 -1.171486 1.000000
v -2.110945 -1.683422 1.000000
v -1.683422 -2.110945 1.000000
v -1.171486 -2.432616 1.000000
v -0.600807 -2.632305 1.000000
v -0.000000 -2.700000 1.000000
v 0.600807 -2.632305 1.000000
v 1.171486 -2.432616 1.000000
v 1.683422 -2.110945 1.000000
v 2.110945 -1.683422 1.000000
v 2.432616 -1.171486 1.000000
v 2.632305 -0.600807 1.000000
v 2.506815 0.000000 1.148236
v 2.526795 0.000000 1.100000
v 2.558579 0.000000 1.058579
v 2.600000 0.000000 1.026795
v 2.648236 0.000000 1.006815
v -2.492120 -0.271034 1.148236
v 2.448207 -0.538891 1.148236
v 2.467720 -0.543186 1.100000
v 2.498760 -0.550019 1.058579
v 2.539213 -0.558923 1.026795
v 2.586322 -0.569292 1.006815
v 2.275124 -1.052584 1.148236
v 2.293257 -1.060974 1.100000
v 2.322103 -1.074319 1.058579
v 2.359696 -1.091712 1.026795
v 2.403474 -1.111966 1.006815
v 1.995658 -1.517060 1.148236
v 2.011564 -1.529151 1.100000
v 2.036867 -1.548386 1.058579
v 2.069842 -1.573453 1.026795
v 2.108242 -1.602644 1.006815
v 1.622878 -1.910599 1.148236
v 1.635812 -1.925827 1.100000
v 1.656389 -1.950052 1.058579
v 1.683204 -1.981621 1.026795
v 1.714432 -2.018385 1.006815
v 1.174213 -2.214801 1.148236
v 1.183572 -2.232454 1.100000
v 1.198460 -2.260535 1.058579
v 1.217862 -2.297131 1.026795
v 1.240456 -2.339749 1.006815
v 0.670644 -2.415441 1.148236
v 0.675989 -2.434693 1.100000
v 0.684492 -2.465318 1.058579
v 0.695574 -2.505230 1.026795
v 0.708478 -2.551708 1.006815
v 0.135716 -2.503138 1.148236
v 0.136798 -2.523089 1.100000
v 0.138519 -2.554826 1.058579
v 0.140761 -2.596187 1.026795
v 0.143373 -2.644352 1.006815
v -0.405558 -2.473791 1.148236
v -0.408790 -2.493508 1.100000
v -0.413932 -2.524873 1.058579
v -0.420633 -2.565749 1.026795
v -0.428437 -2.613350 1.006815
v -0.927868 -2.328773 1.148236
v -0.935263 -2.347334 1.100000
v -0.947028 -2.376860 1.058579
v -0.962359 -2.415339 1.026795
v -0.980213 -2.460150 1.006815
v -1.406792 -2.074863 1.148236
v -1.418005 -2.091400 1.100000
v -1.435841 -2.117707 1.058579
v -1.459086 -2.151991 1.026795
v -1.486156 -2.191916 1.006815
v -1.819936 -1.723935 1.148236
v -1.834442 -1.737675 1.100000
v -1.857517 -1.759533 1.058579
v -1.887588 -1.788019 1.026795
v -1.922608 -1.821191 1.006815
v -2.147982 -1.292398 1.148236
v -2.165102 -1.302699 1.100000
v -2.192336 -1.319085 1.058579
v -2.227829 -1.340440 1.026795
v -2.269160 -1.365308 1.006815
v -2.375591 -0.800430 1.148236
v -2.394525 -0.806809 1.100000
v -2.424645 -0.816958 1.058579
v -2.463898 -0.830184 1.026795
v -2.509609 -0.845586 1.006815
v -2.511983 -0.273195 1.100000
v -2.543580 -0.276631 1.058579
v -2.584759 -0.281109 1.026795
v -2.632712 -0.286325 1.006815
v -2.375591 0.800430 1.148236
v -2.394525 0.806809 1.100000
v -2.424645 0.816958 1.058579
v -2.463898 0.830184 1.026795
v -2.509609 0.845586 1.006815
v -2.632712 0.286325 1.006815
v -2.584759 0.281109 1.026795
v -2.543580 0.276631 1.058579
v -2.511983 0.273195 1.100000
v -2.492120 0.271034 1.148236
v -2.147982 1.292398 1.148236
v -2.165102 1.302699 1.100000
v -2.192336 1.319085 1.058579
v -2.227829 1.340440 1.026795
v -2.269160 1.365308 1.006815
v -1.819936 1.723935 1.148236
v -1.834442 1.737675 1.100000
v -1.857517 1.759533 1.058579
v -1.887588 1.788019 1.026795
v -1.922608 1.821191 1.006815
v -1.406792 2.074863 1.148236
v -1.418005 2.091400 1.100000
v -1.435841 2.117707 1.058579
v -1.459086 2.151991 1.026795
v -1.486156 2.191916 1.006815
v -0.927868 2.328773 1.148236
v -0.935263 2.347334 1.100000
v -0.947028 2.376860 1.058579
v -0.962359 2.415339 1.026795
v -0.980213 2.460150 1.006815
v -0.405558 2.473791 1.148236
v -0.408790 2.493508 1.100000
v -0.413932 2.524873 1.058579
v -0.420633 2.565749 1.026795
v -0.428437 2.613350 1.006815
v 0.135716 2.503138 1.148236
v 0.136798 2.523089 1.100000
v 0.138519 2.554826 1.058579
v 0.140761 2.596187 1.026795
v 0.143373 2.644352 1.006815
v 0.670644 2.415441 1.148236
v 0.675989 2.434693 1.100000
v 0.684492 2.465318 1.058579
v 0.695574 2.505230 1.026795
v 0.708478 2.551708 1.006815
v 1.174213 2.214801 1.148236
v 1.183572 2.232454 1.100000
v 1.198460 2.260535 1.058579
v 1.217862 2.297131 1.026795
v 1.240456 2.339749 1.006815
v 1.622878 1.910599 1.148236
v 1.635812 1.925827 1.100000
v 1.656389 1.950052 1.058579
v 1.683204 1.981621 1.026795
v 1.714432 2.018385 1.006815
v 1.995658 1.517060 1.148236
v 2.011564 1.529151 1.100000
v 2.036867 1.548386 1.058579
v 2.069842 1.573453 1.026795
v 2.108242 1.602644 1.006815
v 2.275124 1.052584 1.148236
v 2.293257 1.060974 1.100000
v 2.322103 1.074319 1.058579
v 2.359696 1.091712 1.026795
v 2.403474 1.111966 1.006815
v 2.448207 0.538891 1.148236
v 2.467720 0.543186 1.100000
v 2.498760 0.550019 1.058579
v 2.539213 0.558923 1.026795
v 2.586322 0.569292 1.006815
v -0.077789 5.199418 1.000000
v -0.089737 5.998020 1.000000
v -0.264657 5.994160 1.000000
v -1.606888 4.945494 1.000000
v -1.853698 5.705094 1.000000
v -2.019708 5.649848 1.000000
v -2.993209 4.252141 1.000000
v -3.452949 4.905246 1.000000
v -3.595300 4.803521 1.000000
v -4.113569 3.180966 1.000000
v -4.745391 3.669545 1.000000
v -4.851434 3.530381 1.000000
v -4.868421 1.827149 1.000000
v -5.616184 2.107789 1.000000
v -5.676496 1.943551 1.000000
v -5.190693 0.310982 1.000000
v -5.987954 0.358747 1.000000
v -5.997177 0.184028 1.000000
v -5.051748 -1.232818 1.000000
v -5.827669 -1.422172 1.000000
v -5.784982 -1.591847 1.000000
v -4.463934 -2.667076 1.000000
v -5.149569 -3.076724 1.000000
v -5.058767 -3.226280 1.000000
v -3.479479 -3.864353 1.000000
v -4.013908 -4.457896 1.000000
v -3.883057 -4.574043 1.000000
v -2.185858 -4.718265 1.000000
v -2.521593 -5.442965 1.000000
v -2.362321 -5.515382 1.000000
v -0.698013 -5.152939 1.000000
v -0.805224 -5.944402 1.000000
v -0.631683 -5.966655 1.000000
v 0.851853 -5.129751 1.000000
v 0.982693 -5.917652 1.000000
v 1.155084 -5.887765 1.000000
v 2.326028 -4.650763 1.000000
v 2.683293 -5.365094 1.000000
v 2.839216 -5.285722 1.000000
v 3.593526 -3.758533 1.000000
v 4.145471 -4.335823 1.000000
v 4.271071 -4.214018 1.000000
v 4.541723 -2.532342 1.000000
v 5.239306 -2.921296 1.000000
v 5.323423 -2.767881 1.000000
v 5.086368 -1.081141 1.000000
v 5.867605 -1.247198 1.000000
v 5.902766 -1.075805 1.000000
v 5.179066 0.466124 1.000000
v 5.974542 0.537719 1.000000
v 5.957622 0.711861 1.000000
v 4.811582 1.971972 1.000000
v 5.550615 2.274856 1.000000
v 5.483116 2.436275 1.000000
v 4.016568 3.302602 1.000000
v 4.633491 3.809863 1.000000
v 4.521412 3.944215 1.000000
v 2.864664 4.339781 1.000000
v 3.304661 5.006347 1.000000
v 3.157961 5.101694 1.000000
v 1.458222 4.991351 1.000000
v 1.682197 5.757995 1.000000
v 1.513911 5.805865 1.000000
vt 0.106066 -3.347098 0.000000
vt 0.106066 -3.003580 0.000000
vt -0.106066 -3.299427 0.000000
vt -0.106066 -2.960244 0.000000
vt 0.106066 -2.660063 0.000000
vt -0.106066 -2.621060 0.000000
vt 0.106066 -2.316546 0.000000
vt -0.106066 -2.281877 0.000000
vt 0.106066 -1.973029 0.000000
vt -0.106066 -1.942693 0.000000
vt 0.106066 -1.629512 0.000000
vt -0.106066 -1.603510 0.000000
vt 0.106066 -1.285994 0.000000
vt -0.106066 -1.264326 0.000000
vt 0.106066 -0.942477 0.000000
vt -0.106066 -0.925142 0.000000
vt 0.106066 -0.598960 0.000000
vt -0.106066 -0.585959 0.000000
vt 0.106066 -0.255443 0.000000
vt -0.106066 -0.246775 0.000000
vt 0.106066 0.088074 0.000000
vt -0.106066 0.092408 0.000000
vt 0.106066 0.431592 0.000000
vt -0.106066 0.431592 0.000000
vt -0.106066 0.770775 0.000000
vt 0.106066 0.775109 0.000000
vt -0.106066 1.109959 0.000000
vt 0.106066 1.118626 0.000000
vt -0.106066 1.449142 0.000000
vt 0.106066 1.462143 0.000000
vt -0.106066 1.788326 0.000000
vt 0.106066 1.805660 0.000000
vt -0.106066 2.127509 0.000000
vt 0.106066 2.149178 0.000000
vt -0.106066 2.466693 0.000000
vt 0.106066 2.492695 0.000000
vt -0.106066 2.805876 0.000000
vt 0.106066 2.836212 0.000000
vt -0.106066 3.145060 0.000000
vt 0.106066 3.179729 0.000000
vt -0.106066 3.484243 0.000000
vt 0.106066 3.523246 0.000000
vt -0.106066 3.823427 0.000000
vt 0.106066 3.866764 0.000000
vt -0.106066 4.162610 0.000000
vt 0.106066 4.210281 0.000000
vt -0.415728 2.050000 0.000000
vt -0.415728 0.150000 0.000000
vt -0.258359 2.200000 0.000000
vt -0.258359 0.000000 0.000000
vt -0.000000 0.000000 0.000000
vt -0.000000 2.200000 0.000000
vt 0.150000 0.814324 0.000000
vt 2.050000 0.814324 0.000000
vt 0.150000 1.134308 0.000000
vt 2.050000 1.134308 0.000000
vt 0.150000 1.454293 0.000000
vt 2.050000 1.454293 0.000000
vt 0.150000 1.774277 0.000000
vt 2.050000 1.774277 0.000000
vt 0.150000 2.094262 0.000000
vt 2.050000 2.094262 0.000000
vt 0.150000 2.414246 0.000000
vt 2.050000 2.414246 0.000000
vt 0.150000 2.734230 0.000000
vt 2.050000 2.734230 0.000000
vt 0.150000 3.054215 0.000000
vt 2.050000 3.054215 0.000000
vt 0.150000 3.374199 0.000000
vt 2.050000 3.374199 0.000000
vt 0.150000 3.694184 0.000000
vt 2.050000 3.694184 0.000000
vt 0.150000 4.014168 0.000000
vt 2.050000 4.014168 0.000000
vt 0.150000 4.334153 0.000000
vt 2.050000 4.334153 0.000000
vt 0.150000 4.654137 0.000000
vt 2.050000 4.654137 0.000000
vt 0.150000 4.974122 0.000000
vt 2.050000 4.974122 0.000000
vt 0.150000 5.294106 0.000000
vt 2.050000 5.294106 0.000000
vt 0.150000 5.614090 0.000000
vt 2.050000 5.614090 0.000000
vt 0.150000 5.934075 0.000000
vt 2.050000 5.934075 0.000000
vt 0.150000 6.254059 0.000000
vt 2.050000 6.254059 0.000000
vt 0.150000 6.574044 0.000000
vt 2.050000 6.574044 0.000000
vt 0.150000 6.894028 0.000000
vt 2.050000 6.894028 0.000000
vt 0.150000 7.214013 0.000000
vt 2.050000 7.214013 0.000000
vt 0.150000 7.533997 0.000000
vt 2.050000 7.533997 0.000000
vt 0.150000 7.853982 0.000000
vt 2.050000 7.853982 0.000000
vt -0.000000 2.050000 0.000000
vt -0.157369 2.200000 0.000000
vt -0.000000 0.150000 0.000000
vt -0.157369 0.000000 0.000000
vt -0.415728 0.000000 0.000000
vt -0.415728 2.200000 0.000000
vt 0.106066 -4.210281 0.000000
vt 0.106066 -3.866764 0.000000
vt -0.106066 -4.162610 0.000000
vt -0.106066 -3.823427 0.000000
vt 0.106066 -3.523246 0.000000
vt -0.106066 -3.484243 0.000000
vt 0.106066 -3.179729 0.000000
vt -0.106066 -3.145060 0.000000
vt 0.106066 -2.836212 0.000000
vt -0.106066 -2.805876 0.000000
vt 0.106066 -2.492695 0.000000
vt -0.106066 -2.466693 0.000000
vt 0.106066 -2.149178 0.000000
vt -0.106066 -2.127509 0.000000
vt 0.106066 -1.805660 0.000000
vt -0.106066 -1.788326 0.000000
vt 0.106066 -1.462143 0.000000
vt -0.106066 -1.449142 0.000000
vt 0.106066 -1.118626 0.000000
vt -0.106066 -1.109959 0.000000
vt 0.106066 -0.775109 0.000000
vt -0.106066 -0.770775 0.000000
vt 0.106066 -0.431592 0.000000
vt -0.106066 -0.431592 0.000000
vt -0.106066 -0.092408 0.000000
vt 0.106066 -0.088074 0.000000
vt -0.106066 0.246775 0.000000
vt 0.106066 0.255443 0.000000
vt -0.106066 0.585959 0.000000
vt 0.106066 0.598960 0.000000
vt -0.106066 0.925142 0.000000
vt 0.106066 0.942477 0.000000
vt -0.106066 1.264326 0.000000
vt 0.106066 1.285994 0.000000
vt -0.106066 1.603510 0.000000
vt 0.106066 1.629512 0.000000
vt -0.106066 1.942693 0.000000
vt 0.106066 1.973029 0.000000
vt -0.106066 2.281877 0.000000
vt 0.106066 2.316546 0.000000
vt -0.106066 2.621060 0.000000
vt 0.106066 2.660063 0.000000
vt -0.106066 2.960244 0.000000
vt 0.106066 3.003580 0.000000
vt -0.106066 3.299427 0.000000
vt 0.106066 3.347098 0.000000
vt -2.432612 -0.576540 0.000000
vt -1.399837 -0.021345 0.000000
vt -2.500000 -0.000000 0.000000
vt -1.358527 0.338236 0.000000
vt -2.432612 0.576540 0.000000
vt -2.234082 1.121998 0.000000
vt -1.226414 0.675210 0.000000
vt -1.915111 1.606969 0.000000
vt -1.012329 0.967052 0.000000
vt -1.492896 2.005308 0.000000
vt -0.730580 1.194258 0.000000
vt -0.400000 1.600000 0.000000
vt -0.400000 1.341641 0.000000
vt -1.347583 -0.379499 0.000000
vt -2.234082 -1.121998 0.000000
vt -1.205258 -0.712287 0.000000
vt -1.915111 -1.606969 0.000000
vt -0.982374 -0.997467 0.000000
vt -1.492896 -2.005308 0.000000
vt -0.693829 -1.215977 0.000000
vt -0.990199 -2.295540 0.000000
vt -0.358909 -1.353213 0.000000
vt -0.434120 -2.462019 0.000000
vt -0.000000 -1.400000 0.000000
vt 0.145362 -2.495770 0.000000
vt 0.358909 -1.353213 0.000000
vt 0.717008 -2.394974 0.000000
vt 0.693829 -1.215977 0.000000
vt 1.250000 -2.165064 0.000000
vt 1.715604 -1.818434 0.000000
vt 0.982374 -0.997467 0.000000
vt 2.088720 -1.373772 0.000000
vt 1.205258 -0.712287 0.000000
vt 2.349232 -0.855050 0.000000
vt 1.347583 -0.379499 0.000000
vt 2.483096 -0.290232 0.000000
vt 1.399837 -0.021345 0.000000
vt 2.483096 0.290232 0.000000
vt 1.358527 0.338236 0.000000
vt 2.349232 0.855050 0.000000
vt 1.226414 0.675210 0.000000
vt 2.088720 1.373772 0.000000
vt 1.012329 0.967052 0.000000
vt 1.715604 1.818434 0.000000
vt 0.730580 1.194258 0.000000
vt 1.250000 2.165064 0.000000
vt 0.400000 1.600000 0.000000
vt 0.717008 2.394974 0.000000
vt 0.145362 2.495770 0.000000
vt -0.434120 2.462019 0.000000
vt -0.990199 2.295540 0.000000
vt 0.400000 1.341641 0.000000
vt -0.000000 2.200000 0.000000
vt -0.800000 2.200000 0.000000
vt -0.000000 0.000000 0.000000
vt -0.800000 0.000000 0.000000
vt 0.628319 0.595408 0.000000
vt 0.575959 0.277173 0.000000
vt 0.628319 0.000000 0.000000
vt 0.575959 -0.277173 0.000000
vt 0.628319 -0.595408 0.000000
vt 0.575959 -0.831518 0.000000
vt 0.628319 -1.190817 0.000000
vt 0.575959 -1.385864 0.000000
vt 0.628319 -1.786225 0.000000
vt 0.575959 -1.940210 0.000000
vt 0.628319 -2.381633 0.000000
vt 0.575959 -2.494555 0.000000
vt 0.628319 -2.977041 0.000000
vt 0.575959 -3.048901 0.000000
vt 0.628319 -3.572450 0.000000
vt 0.575959 -3.603247 0.000000
vt 0.628319 -4.167858 0.000000
vt 0.575959 -4.157592 0.000000
vt 0.575959 -4.711938 0.000000
vt 0.523599 -4.157592 0.000000
vt 0.523599 -4.711938 0.000000
vt 0.471239 -4.157592 0.000000
vt 0.471239 -4.711938 0.000000
vt 0.418879 -4.157592 0.000000
vt 0.418879 -4.711938 0.000000
vt 0.366519 -4.157592 0.000000
vt 0.366519 -4.711938 0.000000
vt 0.314159 -4.593150 0.000000
vt 0.314159 -5.167293 0.000000
vt 0.575959 0.831518 0.000000
vt 0.628319 1.190817 0.000000
vt 0.575959 1.385864 0.000000
vt 0.628319 1.786225 0.000000
vt 0.575959 1.940210 0.000000
vt 0.628319 2.381633 0.000000
vt 0.575959 2.494555 0.000000
vt 0.628319 2.977041 0.000000
vt 0.575959 3.048901 0.000000
vt 0.628319 3.572450 0.000000
vt 0.575959 3.603247 0.000000
vt 0.628319 4.167858 0.000000
vt 0.575959 4.157592 0.000000
vt 0.575959 4.711938 0.000000
vt 0.523599 4.711938 0.000000
vt 0.523599 5.266284 0.000000
vt 0.471239 5.266284 0.000000
vt 0.471239 5.820629 0.000000
vt 0.418879 5.820629 0.000000
vt 0.418879 6.374975 0.000000
vt 0.366519 6.374975 0.000000
vt 0.366519 6.929321 0.000000
vt 0.314159 6.889724 0.000000
vt 0.314159 7.463868 0.000000
vt 0.366519 7.483666 0.000000
vt 0.314159 8.038012 0.000000
vt 0.366519 8.038012 0.000000
vt 0.314159 -8.038012 0.000000
vt 0.366519 -8.038012 0.000000
vt 0.366519 -7.483666 0.000000
vt 0.418879 -8.038012 0.000000
vt 0.418879 -7.483666 0.000000
vt 0.471239 -8.038012 0.000000
vt 0.471239 -7.483666 0.000000
vt 0.523599 -8.038012 0.000000
vt 0.523599 -7.483666 0.000000
vt 0.575959 -8.038012 0.000000
vt 0.575959 -7.483666 0.000000
vt 0.628319 -7.740308 0.000000
vt 0.628319 -7.144899 0.000000
vt 0.628319 4.763266 0.000000
vt 0.575959 5.266284 0.000000
vt 0.523599 5.820629 0.000000
vt 0.471239 6.374975 0.000000
vt 0.418879 6.929321 0.000000
vt 0.628319 5.358675 0.000000
vt 0.575959 5.820629 0.000000
vt 0.523599 6.374975 0.000000
vt 0.471239 6.929321 0.000000
vt 0.418879 7.483666 0.000000
vt 0.628319 5.954083 0.000000
vt 0.575959 6.374975 0.000000
vt 0.523599 6.929321 0.000000
vt 0.471239 7.483666 0.000000
vt 0.418879 8.038012 0.000000
vt 0.628319 6.549491 0.000000
vt 0.575959 6.929321 0.000000
vt 0.523599 7.483666 0.000000
vt 0.471239 8.038012 0.000000
vt 0.628319 7.144899 0.000000
vt 0.575959 7.483666 0.000000
vt 0.523599 8.038012 0.000000
vt 0.628319 7.740308 0.000000
vt 0.575959 8.038012 0.000000
vt 0.628319 -8.335716 0.000000
vt 0.575959 -6.929321 0.000000
vt 0.628319 -6.549491 0.000000
vt 0.575959 -6.374975 0.000000
vt 0.628319 -5.954083 0.000000
vt 0.575959 -5.820629 0.000000
vt 0.628319 -5.358675 0.000000
vt 0.575959 -5.266284 0.000000
vt 0.628319 -4.763266 0.000000
vt 0.314159 -0.574144 0.000000
vt 0.366519 -0.277173 0.000000
vt 0.314159 -0.000000 0.000000
vt 0.366519 0.277173 0.000000
vt 0.314159 0.574144 0.000000
vt 0.366519 0.831518 0.000000
vt 0.314159 1.148287 0.000000
vt 0.366519 1.385864 0.000000
vt 0.314159 1.722431 0.000000
vt 0.366519 1.940210 0.000000
vt 0.314159 2.296575 0.000000
vt 0.366519 2.494555 0.000000
vt 0.314159 2.870719 0.000000
vt 0.366519 3.048901 0.000000
vt 0.314159 3.444862 0.000000
vt 0.366519 3.603247 0.000000
vt 0.314159 4.019006 0.000000
vt 0.366519 4.157592 0.000000
vt 0.314159 4.593150 0.000000
vt 0.366519 4.711938 0.000000
vt 0.314159 5.167293 0.000000
vt 0.366519 5.266284 0.000000
vt 0.314159 5.741437 0.000000
vt 0.366519 5.820629 0.000000
vt 0.314159 6.315581 0.000000
vt 0.366519 -0.831518 0.000000
vt 0.314159 -1.148287 0.000000
vt 0.366519 -1.385864 0.000000
vt 0.314159 -1.722431 0.000000
vt 0.366519 -1.940210 0.000000
vt 0.314159 -2.296575 0.000000
vt 0.366519 -2.494555 0.000000
vt 0.314159 -2.870719 0.000000
vt 0.366519 -3.048901 0.000000
vt 0.314159 -3.444862 0.000000
vt 0.366519 -3.603247 0.000000
vt 0.314159 -4.019006 0.000000
vt 0.366519 -5.266284 0.000000
vt 0.314159 -5.741437 0.000000
vt 0.366519 -5.820629 0.000000
vt 0.314159 -6.315581 0.000000
vt 0.366519 -6.374975 0.000000
vt 0.314159 -6.889724 0.000000
vt 0.366519 -6.929321 0.000000
vt 0.314159 -7.463868 0.000000
vt 0.523599 0.277173 0.000000
vt 0.523599 -0.277173 0.000000
vt 0.523599 -0.831518 0.000000
vt 0.523599 -1.385864 0.000000
vt 0.523599 -1.940210 0.000000
vt 0.523599 -2.494555 0.000000
vt 0.523599 -3.048901 0.000000
vt 0.523599 -3.603247 0.000000
vt 0.471239 0.277173 0.000000
vt 0.471239 -0.277173 0.000000
vt 0.471239 -0.831518 0.000000
vt 0.471239 -1.385864 0.000000
vt 0.471239 -1.940210 0.000000
vt 0.471239 -2.494555 0.000000
vt 0.471239 -3.048901 0.000000
vt 0.471239 -3.603247 0.000000
vt 0.523599 0.831518 0.000000
vt 0.523599 1.385864 0.000000
vt 0.523599 1.940210 0.000000
vt 0.523599 2.494555 0.000000
vt 0.523599 3.048901 0.000000
vt 0.523599 3.603247 0.000000
vt 0.523599 4.157592 0.000000
vt 0.418879 0.277173 0.000000
vt 0.418879 -0.277173 0.000000
vt 0.418879 -0.831518 0.000000
vt 0.418879 -1.385864 0.000000
vt 0.418879 -1.940210 0.000000
vt 0.418879 -2.494555 0.000000
vt 0.418879 -3.048901 0.000000
vt 0.418879 -3.603247 0.000000
vt 0.471239 0.831518 0.000000
vt 0.471239 1.385864 0.000000
vt 0.471239 1.940210 0.000000
vt 0.471239 2.494555 0.000000
vt 0.471239 3.048901 0.000000
vt 0.471239 3.603247 0.000000
vt 0.471239 4.157592 0.000000
vt 0.471239 4.711938 0.000000
vt 0.418879 0.831518 0.000000
vt 0.418879 1.385864 0.000000
vt 0.418879 1.940210 0.000000
vt 0.418879 2.494555 0.000000
vt 0.418879 3.048901 0.000000
vt 0.418879 3.603247 0.000000
vt 0.418879 4.157592 0.000000
vt 0.418879 4.711938 0.000000
vt 0.418879 5.266284 0.000000
vt 0.523599 -6.929321 0.000000
vt 0.523599 -6.374975 0.000000
vt 0.523599 -5.820629 0.000000
vt 0.523599 -5.266284 0.000000
vt 0.471239 -6.929321 0.000000
vt 0.471239 -6.374975 0.000000
vt 0.471239 -5.820629 0.000000
vt 0.471239 -5.266284 0.000000
vt 0.418879 -6.929321 0.000000
vt 0.418879 -6.374975 0.000000
vt 0.418879 -5.820629 0.000000
vt 0.418879 -5.266284 0.000000
vt 0.600000 -7.272205 0.000000
vt 0.200000 -7.272205 0.000000
vt 0.600000 -7.853982 0.000000
vt 0.200000 -7.853982 0.000000
vt 0.600000 7.853982 0.000000
vt 0.200000 7.853982 0.000000
vt 0.600000 7.272205 0.000000
vt 0.200000 7.272205 0.000000
vt 0.600000 6.690429 0.000000
vt 0.200000 6.690429 0.000000
vt 0.600000 6.108652 0.000000
vt 0.200000 6.108652 0.000000
vt 0.600000 5.526876 0.000000
vt 0.200000 5.526876 0.000000
vt 0.600000 4.945100 0.000000
vt 0.200000 4.945100 0.000000
vt 0.600000 4.363323 0.000000
vt 0.200000 4.363323 0.000000
vt 0.600000 3.781547 0.000000
vt 0.200000 3.781547 0.000000
vt 0.600000 3.199770 0.000000
vt 0.200000 3.199770 0.000000
vt 0.600000 2.617994 0.000000
vt 0.200000 2.617994 0.000000
vt 0.600000 2.036217 0.000000
vt 0.200000 2.036217 0.000000
vt 0.600000 1.454441 0.000000
vt 0.200000 1.454441 0.000000
vt 0.600000 0.872665 0.000000
vt 0.200000 0.872665 0.000000
vt 0.600000 0.290888 0.000000
vt 0.200000 0.290888 0.000000
vt 0.600000 -0.290888 0.000000
vt 0.200000 -0.290888 0.000000
vt 0.600000 -0.872665 0.000000
vt 0.200000 -0.872665 0.000000
vt 0.600000 -1.454441 0.000000
vt 0.200000 -1.454441 0.000000
vt 0.600000 -2.036217 0.000000
vt 0.200000 -2.036217 0.000000
vt 0.600000 -2.617994 0.000000
vt 0.200000 -2.617994 0.000000
vt 0.600000 -3.199770 0.000000
vt 0.200000 -3.199770 0.000000
vt 0.600000 -3.781547 0.000000
vt 0.200000 -3.781547 0.000000
vt 0.600000 -4.363323 0.000000
vt 0.200000 -4.363323 0.000000
vt 0.600000 -4.945100 0.000000
vt 0.200000 -4.945100 0.000000
vt 0.600000 -5.526876 0.000000
vt 0.200000 -5.526876 0.000000
vt 0.600000 -6.108652 0.000000
vt 0.200000 -6.108652 0.000000
vt 0.600000 -6.690429 0.000000
vt 0.200000 -6.690429 0.000000
vt 0.089737 5.998020 0.000000
vt 0.077789 5.199418 0.000000
vt 0.264657 5.994160 0.000000
vt 1.606888 4.945494 0.000000
vt 0.600807 2.632305 0.000000
vt 1.171486 2.432616 0.000000
vt -1.513911 5.805865 0.000000
vt -1.458222 4.991351 0.000000
vt -0.600807 2.632305 0.000000
vt 0.000000 2.700000 0.000000
vt -1.682197 5.757995 0.000000
vt -3.157961 5.101694 0.000000
vt -2.864664 4.339781 0.000000
vt -1.171486 2.432616 0.000000
vt -3.304661 5.006347 0.000000
vt -4.521412 3.944215 0.000000
vt -4.016568 3.302602 0.000000
vt -1.683422 2.110945 0.000000
vt -4.633491 3.809863 0.000000
vt -5.483116 2.436275 0.000000
vt -4.811582 1.971972 0.000000
vt -2.432616 1.171486 0.000000
vt -2.110945 1.683422 0.000000
vt -5.550615 2.274856 0.000000
vt -5.957622 0.711861 0.000000
vt -5.179066 0.466124 0.000000
vt -2.632305 0.600807 0.000000
vt -5.974542 0.537719 0.000000
vt -5.902766 -1.075805 0.000000
vt -5.086368 -1.081141 0.000000
vt -2.700000 -0.000000 0.000000
vt -5.867605 -1.247198 0.000000
vt -5.323423 -2.767881 0.000000
vt -4.541723 -2.532342 0.000000
vt -2.432616 -1.171486 0.000000
vt -2.632305 -0.600807 0.000000
vt -5.239306 -2.921296 0.000000
vt -4.271071 -4.214018 0.000000
vt -3.593526 -3.758533 0.000000
vt -2.110945 -1.683422 0.000000
vt -4.145471 -4.335823 0.000000
vt -2.839216 -5.285722 0.000000
vt -2.326028 -4.650763 0.000000
vt -1.683422 -2.110945 0.000000
vt -2.683293 -5.365094 0.000000
vt -1.155084 -5.887765 0.000000
vt -0.851853 -5.129751 0.000000
vt -0.600807 -2.632305 0.000000
vt -1.171486 -2.432616 0.000000
vt -0.982693 -5.917652 0.000000
vt 0.631683 -5.966655 0.000000
vt 0.698013 -5.152939 0.000000
vt 0.000000 -2.700000 0.000000
vt 0.805224 -5.944402 0.000000
vt 2.362321 -5.515382 0.000000
vt 2.185858 -4.718265 0.000000
vt 0.600807 -2.632305 0.000000
vt 2.521593 -5.442965 0.000000
vt 3.883057 -4.574043 0.000000
vt 3.479479 -3.864353 0.000000
vt 1.683422 -2.110945 0.000000
vt 1.171486 -2.432616 0.000000
vt 4.013908 -4.457896 0.000000
vt 5.058767 -3.226280 0.000000
vt 4.463934 -2.667076 0.000000
vt 2.110945 -1.683422 0.000000
vt 5.149569 -3.076724 0.000000
vt 5.784982 -1.591847 0.000000
vt 5.051748 -1.232818 0.000000
vt 2.432616 -1.171486 0.000000
vt 5.827669 -1.422172 0.000000
vt 5.997177 0.184028 0.000000
vt 5.190693 0.310982 0.000000
vt 2.700000 -0.000000 0.000000
vt 2.632305 -0.600807 0.000000
vt 5.987954 0.358747 0.000000
vt 5.676496 1.943551 0.000000
vt 4.868421 1.827149 0.000000
vt 2.632305 0.600807 0.000000
vt 5.616184 2.107789 0.000000
vt 4.851434 3.530381 0.000000
vt 4.113569 3.180966 0.000000
vt 2.432616 1.171486 0.000000
vt 4.745391 3.669545 0.000000
vt 3.595300 4.803521 0.000000
vt 2.993209 4.252141 0.000000
vt 1.683422 2.110945 0.000000
vt 2.110945 1.683422 0.000000
vt 3.452949 4.905246 0.000000
vt 2.019708 5.649848 0.000000
vt 1.853698 5.705094 0.000000
vt 0.400000 1.341641 0.000000
vt 0.730580 1.194258 0.000000
vt 0.400000 1.600000 0.000000
vt 1.492896 2.005308 0.000000
vt 0.990199 2.295540 0.000000
vt 1.012329 0.967052 0.000000
vt 1.915111 1.606969 0.000000
vt 1.226414 0.675210 0.000000
vt 2.234082 1.121998 0.000000
vt 1.358527 0.338236 0.000000
vt 2.432612 0.576540 0.000000
vt 2.500000 -0.000000 0.000000
vt 1.399837 -0.021345 0.000000
vt 2.432612 -0.576540 0.000000
vt 1.347583 -0.379499 0.000000
vt 2.234082 -1.121998 0.000000
vt 1.205258 -0.712287 0.000000
vt 1.915111 -1.606969 0.000000
vt 0.982374 -0.997467 0.000000
vt 1.492896 -2.005308 0.000000
vt 0.693829 -1.215977 0.000000
vt 0.990199 -2.295540 0.000000
vt 0.358909 -1.353213 0.000000
vt 0.434120 -2.462019 0.000000
vt -0.000000 -1.400000 0.000000
vt -0.145362 -2.495770 0.000000
vt -0.358909 -1.353213 0.000000
vt -0.717008 -2.394974 0.000000
vt -0.693829 -1.215977 0.000000
vt -1.250000 -2.165064 0.000000
vt -1.715604 -1.818434 0.000000
vt -0.982374 -0.997467 0.000000
vt -2.088720 -1.373772 0.000000
vt -1.205258 -0.712287 0.000000
vt -2.349232 -0.855050 0.000000
vt -1.347583 -0.379499 0.000000
vt -2.483096 -0.290232 0.000000
vt -1.399837 -0.021345 0.000000
vt -2.483096 0.290232 0.000000
vt -1.358527 0.338236 0.000000
vt -2.349232 0.855050 0.000000
vt -1.226414 0.675210 0.000000
vt -2.088720 1.373772 0.000000
vt -1.012329 0.967052 0.000000
vt -1.715604 1.818434 0.000000
vt -0.730580 1.194258 0.000000
vt -1.250000 2.165064 0.000000
vt -0.400000 1.600000 0.000000
vt -0.717008 2.394974 0.000000
vt -0.145362 2.495770 0.000000
vt 0.434120 2.462019 0.000000
vt -0.400000 1.341641 0.000000
vt 0.628319 -7.442604 0.000000
vt 0.575959 -7.483666 0.000000
vt 0.628319 -8.038012 0.000000
vt 0.575959 -8.038012 0.000000
vt 0.628319 8.038012 0.000000
vt 0.575959 8.038012 0.000000
vt 0.575959 7.483666 0.000000
vt 0.523599 8.038012 0.000000
vt 0.523599 7.483666 0.000000
vt 0.471239 8.038012 0.000000
vt 0.471239 7.483666 0.000000
vt 0.418879 8.038012 0.000000
vt 0.418879 7.483666 0.000000
vt 0.366519 8.038012 0.000000
vt 0.366519 7.483666 0.000000
vt 0.314159 8.038012 0.000000
vt 0.314159 7.463868 0.000000
vt 0.575959 -6.929321 0.000000
vt 0.628319 -6.847195 0.000000
vt 0.575959 -6.374975 0.000000
vt 0.628319 -6.251787 0.000000
vt 0.575959 -5.820629 0.000000
vt 0.628319 -5.656379 0.000000
vt 0.575959 -5.266284 0.000000
vt 0.628319 -5.060970 0.000000
vt 0.575959 -4.711938 0.000000
vt 0.628319 -4.465562 0.000000
vt 0.575959 -4.157592 0.000000
vt 0.628319 -3.870154 0.000000
vt 0.575959 -3.603247 0.000000
vt 0.628319 -3.274746 0.000000
vt 0.575959 -3.048901 0.000000
vt 0.628319 -2.679337 0.000000
vt 0.575959 -2.494555 0.000000
vt 0.628319 -2.083929 0.000000
vt 0.575959 -1.940210 0.000000
vt 0.628319 -1.488521 0.000000
vt 0.575959 -1.385864 0.000000
vt 0.628319 -0.893112 0.000000
vt 0.575959 -0.831518 0.000000
vt 0.628319 -0.297704 0.000000
vt 0.575959 -0.277173 0.000000
vt 0.628319 0.297704 0.000000
vt 0.575959 0.277173 0.000000
vt 0.575959 0.831518 0.000000
vt 0.523599 0.831518 0.000000
vt 0.523599 1.385864 0.000000
vt 0.471239 1.385864 0.000000
vt 0.471239 1.940210 0.000000
vt 0.418879 1.940210 0.000000
vt 0.418879 2.494555 0.000000
vt 0.366519 2.494555 0.000000
vt 0.366519 3.048901 0.000000
vt 0.314159 2.870719 0.000000
vt 0.314159 3.444862 0.000000
vt 0.366519 3.603247 0.000000
vt 0.314159 4.019006 0.000000
vt 0.366519 4.157592 0.000000
vt 0.314159 4.593150 0.000000
vt 0.366519 4.711938 0.000000
vt 0.314159 5.167293 0.000000
vt 0.366519 5.266284 0.000000
vt 0.314159 5.741437 0.000000
vt 0.366519 5.820629 0.000000
vt 0.314159 6.315581 0.000000
vt 0.366519 6.374975 0.000000
vt 0.314159 6.889724 0.000000
vt 0.366519 6.929321 0.000000
vt 0.628319 0.893112 0.000000
vt 0.575959 1.385864 0.000000
vt 0.523599 1.940210 0.000000
vt 0.471239 2.494555 0.000000
vt 0.418879 3.048901 0.000000
vt 0.628319 1.488521 0.000000
vt 0.575959 1.940210 0.000000
vt 0.523599 2.494555 0.000000
vt 0.471239 3.048901 0.000000
vt 0.418879 3.603247 0.000000
vt 0.628319 2.083929 0.000000
vt 0.575959 2.494555 0.000000
vt 0.523599 3.048901 0.000000
vt 0.471239 3.603247 0.000000
vt 0.418879 4.157592 0.000000
vt 0.628319 2.679337 0.000000
vt 0.575959 3.048901 0.000000
vt 0.523599 3.603247 0.000000
vt 0.471239 4.157592 0.000000
vt 0.418879 4.711938 0.000000
vt 0.628319 3.274746 0.000000
vt 0.575959 3.603247 0.000000
vt 0.523599 4.157592 0.000000
vt 0.471239 4.711938 0.000000
vt 0.418879 5.266284 0.000000
vt 0.628319 3.870154 0.000000
vt 0.575959 4.157592 0.000000
vt 0.523599 4.711938 0.000000
vt 0.471239 5.266284 0.000000
vt 0.418879 5.820629 0.000000
vt 0.628319 4.465562 0.000000
vt 0.575959 4.711938 0.000000
vt 0.523599 5.266284 0.000000
vt 0.471239 5.820629 0.000000
vt 0.418879 6.374975 0.000000
vt 0.628319 5.060970 0.000000
vt 0.575959 5.266284 0.000000
vt 0.523599 5.820629 0.000000
vt 0.471239 6.374975 0.000000
vt 0.418879 6.929321 0.000000
vt 0.628319 5.656379 0.000000
vt 0.575959 5.820629 0.000000
vt 0.523599 6.374975 0.000000
vt 0.471239 6.929321 0.000000
vt 0.628319 6.251787 0.000000
vt 0.575959 6.374975 0.000000
vt 0.523599 6.929321 0.000000
vt 0.628319 6.847195 0.000000
vt 0.575959 6.929321 0.000000
vt 0.628319 7.442604 0.000000
vt 0.314159 2.296575 0.000000
vt 0.366519 1.940210 0.000000
vt 0.418879 1.385864 0.000000
vt 0.471239 0.831518 0.000000
vt 0.523599 0.277173 0.000000
vt 0.314159 1.722431 0.000000
vt 0.366519 1.385864 0.000000
vt 0.418879 0.831518 0.000000
vt 0.471239 0.277173 0.000000
vt 0.523599 -0.277173 0.000000
vt 0.314159 1.148287 0.000000
vt 0.366519 0.831518 0.000000
vt 0.418879 0.277173 0.000000
vt 0.471239 -0.277173 0.000000
vt 0.523599 -0.831518 0.000000
vt 0.314159 0.574144 0.000000
vt 0.366519 0.277173 0.000000
vt 0.418879 -0.277173 0.000000
vt 0.471239 -0.831518 0.000000
vt 0.523599 -1.385864 0.000000
vt 0.314159 0.000000 0.000000
vt 0.366519 -0.277173 0.000000
vt 0.418879 -0.831518 0.000000
vt 0.471239 -1.385864 0.000000
vt 0.523599 -1.940210 0.000000
vt 0.314159 -0.574144 0.000000
vt 0.366519 -0.831518 0.000000
vt 0.418879 -1.385864 0.000000
vt 0.471239 -1.940210 0.000000
vt 0.523599 -2.494555 0.000000
vt 0.314159 -1.148287 0.000000
vt 0.366519 -1.385864 0.000000
vt 0.418879 -1.940210 0.000000
vt 0.471239 -2.494555 0.000000
vt 0.523599 -3.048901 0.000000
vt 0.314159 -1.722431 0.000000
vt 0.366519 -1.940210 0.000000
vt 0.418879 -2.494555 0.000000
vt 0.471239 -3.048901 0.000000
vt 0.523599 -3.603247 0.000000
vt 0.314159 -2.296575 0.000000
vt 0.366519 -2.494555 0.000000
vt 0.418879 -3.048901 0.000000
vt 0.471239 -3.603247 0.000000
vt 0.523599 -4.157592 0.000000
vt 0.314159 -2.870719 0.000000
vt 0.366519 -3.048901 0.000000
vt 0.418879 -3.603247 0.000000
vt 0.471239 -4.157592 0.000000
vt 0.523599 -4.711938 0.000000
vt 0.314159 -3.444862 0.000000
vt 0.366519 -3.603247 0.000000
vt 0.418879 -4.157592 0.000000
vt 0.471239 -4.711938 0.000000
vt 0.523599 -5.266284 0.000000
vt 0.314159 -4.019006 0.000000
vt 0.366519 -4.157592 0.000000
vt 0.418879 -4.711938 0.000000
vt 0.471239 -5.266284 0.000000
vt 0.523599 -5.820629 0.000000
vt 0.314159 -4.593150 0.000000
vt 0.366519 -4.711938 0.000000
vt 0.418879 -5.266284 0.000000
vt 0.471239 -5.820629 0.000000
vt 0.523599 -6.374975 0.000000
vt 0.314159 -5.167293 0.000000
vt 0.366519 -5.266284 0.000000
vt 0.418879 -5.820629 0.000000
vt 0.471239 -6.374975 0.000000
vt 0.523599 -6.929321 0.000000
vt 0.314159 -5.741437 0.000000
vt 0.366519 -5.820629 0.000000
vt 0.418879 -6.374975 0.000000
vt 0.471239 -6.929321 0.000000
vt 0.523599 -7.483666 0.000000
vt 0.314159 -6.315581 0.000000
vt 0.366519 -6.374975 0.000000
vt 0.418879 -6.929321 0.000000
vt 0.471239 -7.483666 0.000000
vt 0.523599 -8.038012 0.000000
vt 0.314159 -6.889724 0.000000
vt 0.366519 -6.929321 0.000000
vt 0.418879 -7.483666 0.000000
vt 0.471239 -8.038012 0.000000
vt 0.314159 -7.463868 0.000000
vt 0.366519 -7.483666 0.000000
vt 0.418879 -8.038012 0.000000
vt 0.314159 -8.038012 0.000000
vt 0.366519 -8.038012 0.000000
vt -0.600000 7.272205 0.000000
vt -0.200000 7.272205 0.000000
vt -0.600000 7.853982 0.000000
vt -0.200000 7.853982 0.000000
vt -0.600000 -7.853982 0.000000
vt -0.200000 -7.853982 0.000000
vt -0.600000 -7.272205 0.000000
vt -0.200000 -7.272205 0.000000
vt -0.600000 -6.690429 0.000000
vt -0.200000 -6.690429 0.000000
vt -0.600000 -6.108652 0.000000
vt -0.200000 -6.108652 0.000000
vt -0.600000 -5.526876 0.000000
vt -0.200000 -5.526876 0.000000
vt -0.600000 -4.945100 0.000000
vt -0.200000 -4.945100 0.000000
vt -0.600000 -4.363323 0.000000
vt -0.200000 -4.363323 0.000000
vt -0.600000 -3.781547 0.000000
vt -0.200000 -3.781547 0.000000
vt -0.600000 -3.199770 0.000000
vt -0.200000 -3.199770 0.000000
vt -0.600000 -2.617994 0.000000
vt -0.200000 -2.617994 0.000000
vt -0.600000 -2.036217 0.000000
vt -0.200000 -2.036217 0.000000
vt -0.600000 -1.454441 0.000000
vt -0.200000 -1.454441 0.000000
vt -0.600000 -0.872665 0.000000
vt -0.200000 -0.872665 0.000000
vt -0.600000 -0.290888 0.000000
vt -0.200000 -0.290888 0.000000
vt -0.600000 0.290888 0.000000
vt -0.200000 0.290888 0.000000
vt -0.600000 0.872665 0.000000
vt -0.200000 0.872665 0.000000
vt -0.600000 1.454441 0.000000
vt -0.200000 1.454441 0.000000
vt -0.600000 2.036217 0.000000
vt -0.200000 2.036217 0.000000
vt -0.600000 2.617994 0.000000
vt -0.200000 2.617994 0.000000
vt -0.600000 3.199770 0.000000
vt -0.200000 3.199770 0.000000
vt -0.600000 3.781547 0.000000
vt -0.200000 3.781547 0.000000
vt -0.600000 4.363323 0.000000
vt -0.200000 4.363323 0.000000
vt -0.600000 4.945100 0.000000
vt -0.200000 4.945100 0.000000
vt -0.600000 5.526876 0.000000
vt -0.200000 5.526876 0.000000
vt -0.600000 6.108652 0.000000
vt -0.200000 6.108652 0.000000
vt -0.600000 6.690429 0.000000
vt -0.200000 6.690429 0.000000
vt -0.089737 5.998020 0.000000
vt -0.264657 5.994160 0.000000
vt -0.077789 5.199418 0.000000
vt -1.606888 4.945494 0.000000
vt -0.600807 2.632305 0.000000
vt -1.171486 2.432616 0.000000
vt -2.993209 4.252141 0.000000
vt -1.683422 2.110945 0.000000
vt -4.113569 3.180966 0.000000
vt -2.110945 1.683422 0.000000
vt -2.432616 1.171486 0.000000
vt -4.868421 1.827149 0.000000
vt -2.632305 0.600807 0.000000
vt -5.190693 0.310982 0.000000
vt -2.700000 -0.000000 0.000000
vt -5.051748 -1.232818 0.000000
vt -2.632305 -0.600807 0.000000
vt -2.432616 -1.171486 0.000000
vt -4.463934 -2.667076 0.000000
vt -2.110945 -1.683422 0.000000
vt -3.479479 -3.864353 0.000000
vt -1.683422 -2.110945 0.000000
vt -2.185858 -4.718265 0.000000
vt -1.171486 -2.432616 0.000000
vt -0.600807 -2.632305 0.000000
vt -0.698013 -5.152939 0.000000
vt -0.000000 -2.700000 0.000000
vt 0.851853 -5.129751 0.000000
vt 0.600807 -2.632305 0.000000
vt 2.326028 -4.650763 0.000000
vt 1.171486 -2.432616 0.000000
vt 1.683422 -2.110945 0.000000
vt 3.593526 -3.758533 0.000000
vt 2.110945 -1.683422 0.000000
vt 4.541723 -2.532342 0.000000
vt 2.432616 -1.171486 0.000000
vt 5.086368 -1.081141 0.000000
vt 2.632305 -0.600807 0.000000
vt 2.700000 -0.000000 0.000000
vt 5.179066 0.466124 0.000000
vt 2.632305 0.600807 0.000000
vt 4.811582 1.971972 0.000000
vt 2.432616 1.171486 0.000000
vt 4.016568 3.302602 0.000000
vt 2.110945 1.683422 0.000000
vt 1.683422 2.110945 0.000000
vt 2.864664 4.339781 0.000000
vt 1.171486 2.432616 0.000000
vt 1.458222 4.991351 0.000000
vt 0.600807 2.632305 0.000000
vt -0.000000 2.700000 0.000000
vt -1.853698 5.705094 0.000000
vt -2.019708 5.649848 0.000000
vt -3.452949 4.905246 0.000000
vt -3.595300 4.803521 0.000000
vt -4.745391 3.669545 0.000000
vt -4.851434 3.530381 0.000000
vt -5.616184 2.107789 0.000000
vt -5.676496 1.943551 0.000000
vt -5.987954 0.358747 0.000000
vt -5.997177 0.184028 0.000000
vt -5.827669 -1.422172 0.000000
vt -5.784982 -1.591847 0.000000
vt -5.149569 -3.076724 0.000000
vt -5.058767 -3.226280 0.000000
vt -4.013908 -4.457896 0.000000
vt -3.883057 -4.574043 0.000000
vt -2.521593 -5.442965 0.000000
vt -2.362321 -5.515382 0.000000
vt -0.805224 -5.944402 0.000000
vt -0.631683 -5.966655 0.000000
vt 0.982693 -5.917652 0.000000
vt 1.155084 -5.887765 0.000000
vt 2.683293 -5.365094 0.000000
vt 2.839216 -5.285722 0.000000
vt 4.145471 -4.335823 0.000000
vt 4.271071 -4.214018 0.000000
vt 5.239306 -2.921296 0.000000
vt 5.323423 -2.767881 0.000000
vt 5.867605 -1.247198 0.000000
vt 5.902766 -1.075805 0.000000
vt 5.974542 0.537719 0.000000
vt 5.957622 0.711861 0.000000
vt 5.550615 2.274856 0.000000
vt 5.483116 2.436275 0.000000
vt 4.633491 3.809863 0.000000
vt 4.521412 3.944215 0.000000
vt 3.304661 5.006347 0.000000
vt 3.157961 5.101694 0.000000
vt 1.682197 5.757995 0.000000
vt 1.513911 5.805865 0.000000
vt 0.089759 0.000000 0.000000
vt 0.264721 0.000000 0.000000
vt 0.089759 1.000000 0.000000
vt 0.264721 1.000000 0.000000
vt 0.798691 1.000000 0.000000
vt 0.000000 1.000000 0.000000
vt 0.798691 0.000000 0.000000
vt 0.000000 0.000000 0.000000
vt -0.000000 0.000000 0.000000
vt 1.703316 0.000000 0.000000
vt -0.000000 1.000000 0.000000
vt 1.703316 1.000000 0.000000
vt 0.089759 0.000000 0.000000
vt 0.264721 0.000000 0.000000
vt 0.089759 1.000000 0.000000
vt 0.264721 1.000000 0.000000
vt 0.089759 0.000000 0.000000
vt 0.264721 0.000000 0.000000
vt 0.089759 1.000000 0.000000
vt 0.264721 1.000000 0.000000
vt 0.798691 1.000000 0.000000
vt 0.000000 1.000000 0.000000
vt 0.798691 0.000000 0.000000
vt 0.000000 0.000000 0.000000
vt -0.000000 0.000000 0.000000
vt 1.703316 0.000000 0.000000
vt -0.000000 1.000000 0.000000
vt 1.703316 1.000000 0.000000
vt 0.089759 0.000000 0.000000
vt 0.264721 0.000000 0.000000
vt 0.089759 1.000000 0.000000
vt 0.264721 1.000000 0.000000
vt 0.798691 1.000000 0.000000
vt 0.000000 1.000000 0.000000
vt 0.798691 0.000000 0.000000
vt 0.000000 0.000000 0.000000
vt 0.000000 0.000000 0.000000
vt 1.703316 0.000000 0.000000
vt 0.000000 1.000000 0.000000
vt 1.703316 1.000000 0.000000
vt 0.089759 0.000000 0.000000
vt 0.264721 0.000000 0.000000
vt 0.089759 1.000000 0.000000
vt 0.264721 1.000000 0.000000
vt 0.798691 1.000000 0.000000
vt 0.000000 1.000000 0.000000
vt 0.798691 0.000000 0.000000
vt 0.000000 0.000000 0.000000
vt 0.000000 0.000000 0.000000
vt 1.703316 0.000000 0.000000
vt 0.000000 1.000000 0.000000
vt 1.703316 1.000000 0.000000
vt 0.089759 0.000000 0.000000
vt 0.264721 0.000000 0.000000
vt 0.089759 1.000000 0.000000
vt 0.264721 1.000000 0.000000
vt 0.798691 1.000000 0.000000
vt 0.000000 1.000000 0.000000
vt 0.798691 0.000000 0.000000
vt 0.000000 0.000000 0.000000
vt 0.000000 0.000000 0.000000
vt 1.703316 0.000000 0.000000
vt 0.000000 1.000000 0.000000
vt 1.703316 1.000000 0.000000
vt 0.089759 0.000000 0.000000
vt 0.264721 0.000000 0.000000
vt 0.089759 1.000000 0.000000
vt 0.264721 1.000000 0.000000
vt 0.798691 1.000000 0.000000
vt 0.000000 1.000000 0.000000
vt 0.798691 0.000000 0.000000
vt 0.000000 0.000000 0.000000
vt 0.000000 0.000000 0.000000
vt 1.703316 0.000000 0.000000
vt 0.000000 1.000000 0.000000
vt 1.703316 1.000000 0.000000
vt 0.089759 0.000000 0.000000
vt 0.264721 0.000000 0.000000
vt 0.089759 1.000000 0.000000
vt 0.264721 1.000000 0.000000
vt 0.798691 1.000000 0.000000
vt 0.000000 1.000000 0.000000
vt 0.798691 0.000000 0.000000
vt 0.000000 0.000000 0.000000
vt 0.000000 0.000000 0.000000
vt 1.703316 0.000000 0.000000
vt 0.000000 1.000000 0.000000
vt 1.703316 1.000000 0.000000
vt 0.089759 0.000000 0.000000
vt 0.264721 0.000000 0.000000
vt 0.089759 1.000000 0.000000
vt 0.264721 1.000000 0.000000
vt 0.798691 1.000000 0.000000
vt 0.000000 1.000000 0.000000
vt 0.798691 0.000000 0.000000
vt 0.000000 0.000000 0.000000
vt 0.000000 0.000000 0.000000
vt 1.703316 0.000000 0.000000
vt 0.000000 1.000000 0.000000
vt 1.703316 1.000000 0.000000
vt 0.089759 0.000000 0.000000
vt 0.264721 0.000000 0.000000
vt 0.089759 1.000000 0.000000
vt 0.264721 1.000000 0.000000
vt 0.798691 1.000000 0.000000
vt 0.000000 1.000000 0.000000
vt 0.798691 0.000000 0.000000
vt 0.000000 0.000000 0.000000
vt 0.000000 0.000000 0.000000
vt 1.703316 0.000000 0.000000
vt 0.000000 1.000000 0.000000
vt 1.703316 1.000000 0.000000
vt 0.089759 0.000000 0.000000
vt 0.264721 0.000000 0.000000
vt 0.089759 1.000000 0.000000
vt 0.264721 1.000000 0.000000
vt 0.798691 1.000000 0.000000
vt 0.000000 1.000000 0.000000
vt 0.798691 0.000000 0.000000
vt 0.000000 0.000000 0.000000
vt 0.000000 0.000000 0.000000
vt 1.703316 0.000000 0.000000
vt 0.000000 1.000000 0.000000
vt 1.703316 1.000000 0.000000
vt 0.089759 0.000000 0.000000
vt 0.264721 0.000000 0.000000
vt 0.089759 1.000000 0.000000
vt 0.264721 1.000000 0.000000
vt 0.798691 1.000000 0.000000
vt 0.000000 1.000000 0.000000
vt 0.798691 0.000000 0.000000
vt 0.000000 0.000000 0.000000
vt -0.000000 0.000000 0.000000
vt 1.703316 0.000000 0.000000
vt 0.000000 1.000000 0.000000
vt 1.703316 1.000000 0.000000
vt 0.089759 0.000000 0.000000
vt 0.264721 0.000000 0.000000
vt 0.089759 1.000000 0.000000
vt 0.264721 1.000000 0.000000
vt 0.798691 1.000000 0.000000
vt 0.000000 1.000000 0.000000
vt 0.798691 0.000000 0.000000
vt 0.000000 0.000000 0.000000
vt 0.000000 0.000000 0.000000
vt 1.703316 0.000000 0.000000
vt 0.000000 1.000000 0.000000
vt 1.703316 1.000000 0.000000
vt 0.089759 0.000000 0.000000
vt 0.264721 0.000000 0.000000
vt 0.089759 1.000000 0.000000
vt 0.264721 1.000000 0.000000
vt 0.798691 1.000000 0.000000
vt 0.000000 1.000000 0.000000
vt 0.798691 0.000000 0.000000
vt 0.000000 0.000000 0.000000
vt 0.000000 0.000000 0.000000
vt 1.703316 0.000000 0.000000
vt 0.000000 1.000000 0.000000
vt 1.703316 1.000000 0.000000
vt 0.089759 0.000000 0.000000
vt 0.264721 0.000000 0.000000
vt 0.089759 1.000000 0.000000
vt 0.264721 1.000000 0.000000
vt 0.798691 1.000000 0.000000
vt 0.000000 1.000000 0.000000
vt 0.798691 0.000000 0.000000
vt 0.000000 0.000000 0.000000
vt -0.000000 0.000000 0.000000
vt 1.703316 0.000000 0.000000
vt 0.000000 1.000000 0.000000
vt 1.703316 1.000000 0.000000
vt 0.089759 0.000000 0.000000
vt 0.264721 0.000000 0.000000
vt 0.089759 1.000000 0.000000
vt 0.264721 1.000000 0.000000
vt 0.798691 1.000000 0.000000
vt 0.000000 1.000000 0.000000
vt 0.798691 0.000000 0.000000
vt 0.000000 0.000000 0.000000
vt -0.000000 0.000000 0.000000
vt 1.703316 0.000000 0.000000
vt 0.000000 1.000000 0.000000
vt 1.703316 1.000000 0.000000
vt 0.089759 0.000000 0.000000
vt 0.264721 0.000000 0.000000
vt 0.089759 1.000000 0.000000
vt 0.264721 1.000000 0.000000
vt 0.798691 1.000000 0.000000
vt 0.000000 1.000000 0.000000
vt 0.798691 0.000000 0.000000
vt 0.000000 0.000000 0.000000
vt -0.000000 0.000000 0.000000
vt 1.703316 0.000000 0.000000
vt 0.000000 1.000000 0.000000
vt 1.703316 1.000000 0.000000
vt 0.089759 0.000000 0.000000
vt 0.264721 0.000000 0.000000
vt 0.089759 1.000000 0.000000
vt 0.264721 1.000000 0.000000
vt 0.798691 1.000000 0.000000
vt 0.000000 1.000000 0.000000
vt 0.798691 0.000000 0.000000
vt 0.000000 0.000000 0.000000
vt 0.000000 0.000000 0.000000
vt 1.703316 0.000000 0.000000
vt 0.000000 1.000000 0.000000
vt 1.703316 1.000000 0.000000
vt 0.089759 0.000000 0.000000
vt 0.264721 0.000000 0.000000
vt 0.089759 1.000000 0.000000
vt 0.264721 1.000000 0.000000
vt 0.798691 1.000000 0.000000
vt 0.000000 1.000000 0.000000
vt 0.798691 0.000000 0.000000
vt 0.000000 0.000000 0.000000
vt -0.000000 0.000000 0.000000
vt 1.703316 0.000000 0.000000
vt -0.000000 1.000000 0.000000
vt 1.703316 1.000000 0.000000
vt 0.089759 0.000000 0.000000
vt 0.264721 0.000000 0.000000
vt 0.089759 1.000000 0.000000
vt 0.264721 1.000000 0.000000
vt 0.798691 1.000000 0.000000
vt 0.000000 1.000000 0.000000
vt 0.798691 0.000000 0.000000
vt 0.000000 0.000000 0.000000
vt -0.000000 0.000000 0.000000
vt 1.703316 0.000000 0.000000
vt -0.000000 1.000000 0.000000
vt 1.703316 1.000000 0.000000
vt 0.089759 0.000000 0.000000
vt 0.264721 0.000000 0.000000
vt 0.089759 1.000000 0.000000
vt 0.264721 1.000000 0.000000
vt 0.798691 1.000000 0.000000
vt 0.000000 1.000000 0.000000
vt 0.798691 0.000000 0.000000
vt 0.000000 0.000000 0.000000
vt -0.000000 0.000000 0.000000
vt 1.703316 0.000000 0.000000
vt -0.000000 1.000000 0.000000
vt 1.703316 1.000000 0.000000
vt 0.798691 1.000000 0.000000
vt 0.000000 1.000000 0.000000
vt 0.798691 0.000000 0.000000
vt 0.000000 0.000000 0.000000
vt -0.000000 0.000000 0.000000
vt 1.703316 0.000000 0.000000
vt -0.000000 1.000000 0.000000
vt 1.703316 1.000000 0.000000
vn 0.202031 0.677631 -0.707107
vn 0.368999 0.603191 -0.707107
vn 0.226274 0.669925 -0.707107
vn 0.388526 0.590802 -0.707107
vn 0.511303 0.488435 -0.707107
vn 0.525457 0.473175 -0.707107
vn 0.619433 0.341032 -0.707107
vn 0.628143 0.324710 -0.707107
vn 0.686160 0.170835 -0.707107
vn 0.689891 0.155082 -0.707107
vn 0.707025 -0.010781 -0.707107
vn 0.706677 -0.024652 -0.707107
vn 0.680632 -0.191676 -0.707107
vn 0.677407 -0.202780 -0.707107
vn 0.608747 -0.359759 -0.707107
vn 0.603989 -0.367693 -0.707107
vn 0.496174 -0.503797 -0.707107
vn 0.491207 -0.508641 -0.707107
vn 0.350437 -0.614161 -0.707107
vn 0.346412 -0.616441 -0.707107
vn 0.181276 -0.683476 -0.707107
vn 0.179040 -0.684065 -0.707107
vn 0.000000 -0.707107 -0.707107
vn -0.000000 -0.707107 -0.707107
vn -0.179040 -0.684065 -0.707107
vn -0.181276 -0.683476 -0.707107
vn -0.346412 -0.616441 -0.707107
vn -0.350437 -0.614161 -0.707107
vn -0.491207 -0.508641 -0.707107
vn -0.496174 -0.503797 -0.707107
vn -0.603989 -0.367693 -0.707107
vn -0.608747 -0.359759 -0.707107
vn -0.677407 -0.202780 -0.707107
vn -0.680632 -0.191676 -0.707107
vn -0.706677 -0.024652 -0.707107
vn -0.707025 -0.010781 -0.707107
vn -0.689891 0.155082 -0.707107
vn -0.686160 0.170835 -0.707107
vn -0.628143 0.324710 -0.707107
vn -0.619433 0.341032 -0.707107
vn -0.525457 0.473175 -0.707107
vn -0.511303 0.488435 -0.707107
vn -0.388526 0.590802 -0.707107
vn -0.368999 0.603191 -0.707107
vn -0.226274 0.669925 -0.707107
vn -0.202031 0.677631 -0.707107
vn 1.000000 -0.000000 -0.000000
vn 1.000000 -0.000000 -0.000000
vn 1.000000 -0.000000 -0.000000
vn 1.000000 -0.000000 -0.000000
vn 1.000000 -0.000000 -0.000000
vn 1.000000 -0.000000 -0.000000
vn 0.320000 0.947418 0.000000
vn 0.320000 0.947418 0.000000
vn 0.549459 0.835520 0.000000
vn 0.549459 0.835520 0.000000
vn 0.743109 0.669170 0.000000
vn 0.743109 0.669170 0.000000
vn 0.888328 0.459209 0.000000
vn 0.888328 0.459209 0.000000
vn 0.975653 0.219319 0.000000
vn 0.975653 0.219319 0.000000
vn 0.999392 -0.034864 0.000000
vn 0.999392 -0.034864 0.000000
vn 0.957998 -0.286775 0.000000
vn 0.957998 -0.286775 0.000000
vn 0.854169 -0.519996 0.000000
vn 0.854169 -0.519996 0.000000
vn 0.694671 -0.719327 0.000000
vn 0.694671 -0.719327 0.000000
vn 0.489900 -0.871779 0.000000
vn 0.489900 -0.871779 0.000000
vn 0.253201 -0.967414 0.000000
vn 0.253201 -0.967414 0.000000
vn 0.000000 -1.000000 0.000000
vn -0.000000 -1.000000 -0.000000
vn -0.253201 -0.967414 -0.000000
vn -0.253201 -0.967414 -0.000000
vn -0.489900 -0.871779 -0.000000
vn -0.489900 -0.871779 -0.000000
vn -0.694671 -0.719327 -0.000000
vn -0.694671 -0.719327 -0.000000
vn -0.854169 -0.519996 -0.000000
vn -0.854169 -0.519996 -0.000000
vn -0.957998 -0.286775 -0.000000
vn -0.957998 -0.286775 -0.000000
vn -0.999392 -0.034864 -0.000000
vn -0.999392 -0.034864 -0.000000
vn -0.975653 0.219319 0.000000
vn -0.975653 0.219319 0.000000
vn -0.888328 0.459209 0.000000
vn -0.888328 0.459209 0.000000
vn -0.743109 0.669170 0.000000
vn -0.743109 0.669170 0.000000
vn -0.549459 0.835520 0.000000
vn -0.549459 0.835520 0.000000
vn -0.320000 0.947418 0.000000
vn -0.320000 0.947418 0.000000
vn -1.000000 -0.000000 -0.000000
vn -1.000000 -0.000000 -0.000000
vn -1.000000 -0.000000 -0.000000
vn -1.000000 -0.000000 -0.000000
vn -1.000000 -0.000000 -0.000000
vn -1.000000 -0.000000 -0.000000
vn -0.202031 0.677631 0.707107
vn -0.368999 0.603191 0.707107
vn -0.226274 0.669925 0.707107
vn -0.388526 0.590802 0.707107
vn -0.511303 0.488435 0.707107
vn -0.525457 0.473175 0.707107
vn -0.619433 0.341032 0.707107
vn -0.628143 0.324710 0.707107
vn -0.686160 0.170835 0.707107
vn -0.689891 0.155082 0.707107
vn -0.707025 -0.010781 0.707107
vn -0.706677 -0.024652 0.707107
vn -0.680632 -0.191676 0.707107
vn -0.677407 -0.202780 0.707107
vn -0.608747 -0.359759 0.707107
vn -0.603989 -0.367693 0.707107
vn -0.496174 -0.503797 0.707107
vn -0.491207 -0.508641 0.707107
vn -0.350437 -0.614161 0.707107
vn -0.346412 -0.616441 0.707107
vn -0.181276 -0.683476 0.707107
vn -0.179040 -0.684065 0.707107
vn -0.000000 -0.707107 0.707107
vn 0.000000 -0.707107 0.707107
vn 0.179040 -0.684065 0.707107
vn 0.181276 -0.683476 0.707107
vn 0.346412 -0.616441 0.707107
vn 0.350437 -0.614161 0.707107
vn 0.491207 -0.508641 0.707107
vn 0.496174 -0.503797 0.707107
vn 0.603989 -0.367693 0.707107
vn 0.608747 -0.359759 0.707107
vn 0.677407 -0.202780 0.707107
vn 0.680632 -0.191676 0.707107
vn 0.706677 -0.024652 0.707107
vn 0.707025 -0.010781 0.707107
vn 0.689891 0.155082 0.707107
vn 0.686160 0.170835 0.707107
vn 0.628143 0.324710 0.707107
vn 0.619433 0.341032 0.707107
vn 0.525457 0.473175 0.707107
vn 0.511303 0.488435 0.707107
vn 0.388526 0.590802 0.707107
vn 0.368999 0.603191 0.707107
vn 0.226274 0.669925 0.707107
vn 0.202031 0.677631 0.707107
vn 0.000000 0.000000 1.000000
vn 0.000000 0.000000 1.000000
vn 0.000000 0.000000 1.000000
vn 0.000000 0.000000 1.000000
vn 0.000000 0.000000 1.000000
vn 0.000000 0.000000 1.000000
vn 0.000000 0.000000 1.000000
vn 0.000000 0.000000 1.000000
vn 0.000000 0.000000 1.000000
vn 0.000000 0.000000 1.000000
vn 0.000000 0.000000 1.000000
vn 0.000000 0.000000 1.000000
vn 0.000000 0.000000 1.000000
vn 0.000000 0.000000 1.000000
vn 0.000000 0.000000 1.000000
vn 0.000000 0.000000 1.000000
vn 0.000000 0.000000 1.000000
vn 0.000000 0.000000 1.000000
vn 0.000000 0.000000 1.000000
vn 0.000000 0.000000 1.000000
vn 0.000000 0.000000 1.000000
vn 0.000000 0.000000 1.000000
vn 0.000000 0.000000 1.000000
vn 0.000000 0.000000 1.000000
vn 0.000000 0.000000 1.000000
vn 0.000000 0.000000 1.000000
vn 0.000000 0.000000 1.000000
vn 0.000000 0.000000 1.000000
vn 0.000000 0.000000 1.000000
vn 0.000000 0.000000 1.000000
vn 0.000000 0.000000 1.000000
vn 0.000000 0.000000 1.000000
vn 0.000000 0.000000 1.000000
vn 0.000000 0.000000 1.000000
vn 0.000000 0.000000 1.000000
vn 0.000000 0.000000 1.000000
vn 0.000000 0.000000 1.000000
vn 0.000000 0.000000 1.000000
vn 0.000000 0.000000 1.000000
vn 0.000000 0.000000 1.000000
vn 0.000000 0.000000 1.000000
vn 0.000000 0.000000 1.000000
vn 0.000000 0.000000 1.000000
vn 0.000000 0.000000 1.000000
vn 0.000000 0.000000 1.000000
vn 0.000000 0.000000 1.000000
vn 0.000000 0.000000 1.000000
vn 0.000000 0.000000 1.000000
vn 0.000000 0.000000 1.000000
vn 0.000000 0.000000 1.000000
vn 0.000000 0.000000 1.000000
vn 0.000000 0.000000 1.000000
vn 0.000000 1.000000 0.000000
vn 0.000000 1.000000 0.000000
vn 0.000000 1.000000 0.000000
vn 0.000000 1.000000 0.000000
vn 0.973045 0.230616 -0.000000
vn 0.960264 0.104435 -0.258819
vn 1.000000 0.000000 -0.000000
vn 0.960264 -0.104435 -0.258819
vn 0.973045 -0.230616 -0.000000
vn 0.915363 -0.308422 -0.258819
vn 0.893633 -0.448799 -0.000000
vn 0.827660 -0.497987 -0.258819
vn 0.766044 -0.642788 -0.000000
vn 0.701258 -0.664267 -0.258819
vn 0.597159 -0.802123 -0.000000
vn 0.542065 -0.799486 -0.258819
vn 0.396080 -0.918216 -0.000000
vn 0.357526 -0.897323 -0.258819
vn 0.173648 -0.984808 -0.000000
vn 0.156269 -0.953201 -0.258819
vn -0.058145 -0.998308 -0.000000
vn -0.052294 -0.964509 -0.258819
vn -0.258413 -0.930718 -0.258819
vn -0.046886 -0.864755 -0.500000
vn -0.231686 -0.834459 -0.500000
vn -0.038282 -0.706070 -0.707107
vn -0.189171 -0.681333 -0.707107
vn -0.027069 -0.499267 -0.866025
vn -0.133764 -0.481775 -0.866025
vn -0.014012 -0.258439 -0.965926
vn -0.069241 -0.249385 -0.965926
vn 0.000000 0.000000 -1.000000
vn 0.000000 0.000000 -1.000000
vn 0.915363 0.308422 -0.258819
vn 0.893633 0.448799 -0.000000
vn 0.827660 0.497987 -0.258819
vn 0.766044 0.642788 -0.000000
vn 0.701258 0.664267 -0.258819
vn 0.597159 0.802123 -0.000000
vn 0.542065 0.799486 -0.258819
vn 0.396080 0.918216 -0.000000
vn 0.357526 0.897323 -0.258819
vn 0.173648 0.984808 -0.000000
vn 0.156269 0.953201 -0.258819
vn -0.058145 0.998308 -0.000000
vn -0.052294 0.964509 -0.258819
vn -0.258413 0.930718 -0.258819
vn -0.231686 0.834459 -0.500000
vn -0.405654 0.765144 -0.500000
vn -0.331215 0.624737 -0.707107
vn -0.457771 0.538930 -0.707107
vn -0.323693 0.381081 -0.866025
vn -0.398047 0.302587 -0.866025
vn -0.206044 0.156631 -0.965926
vn -0.234898 0.108675 -0.965926
vn 0.000000 -0.000000 -1.000000
vn 0.000000 -0.000000 -1.000000
vn -0.252768 0.055638 -0.965926
vn 0.000000 -0.000000 -1.000000
vn -0.258819 0.000000 -0.965926
vn -0.252768 -0.055638 -0.965926
vn -0.500000 -0.000000 -0.866025
vn -0.488310 -0.107485 -0.866025
vn -0.707107 -0.000000 -0.707107
vn -0.690575 -0.152007 -0.707107
vn -0.866025 -0.000000 -0.500000
vn -0.845778 -0.186170 -0.500000
vn -0.965926 -0.000000 -0.258819
vn -0.943343 -0.207646 -0.258819
vn -0.993238 -0.116093 -0.000000
vn -0.939693 -0.342020 -0.000000
vn -0.286803 0.957990 -0.000000
vn -0.452448 0.853407 -0.258819
vn -0.560653 0.660052 -0.500000
vn -0.562923 0.427923 -0.707107
vn -0.453788 0.209945 -0.866025
vn -0.500000 0.866025 -0.000000
vn -0.625327 0.736192 -0.258819
vn -0.689437 0.524096 -0.500000
vn -0.641753 0.296906 -0.707107
vn -0.488310 0.107485 -0.866025
vn -0.686242 0.727374 -0.000000
vn -0.768967 0.584553 -0.258819
vn -0.785983 0.363635 -0.500000
vn -0.690575 0.152007 -0.707107
vn -0.835488 0.549509 -0.000000
vn -0.876651 0.405582 -0.258819
vn -0.845778 0.186170 -0.500000
vn -0.939693 0.342020 -0.000000
vn -0.943343 0.207646 -0.258819
vn -0.993238 0.116093 -0.000000
vn -0.876651 -0.405582 -0.258819
vn -0.835488 -0.549509 -0.000000
vn -0.768967 -0.584553 -0.258819
vn -0.686242 -0.727374 -0.000000
vn -0.625327 -0.736192 -0.258819
vn -0.500000 -0.866025 -0.000000
vn -0.452448 -0.853407 -0.258819
vn -0.286803 -0.957990 -0.000000
vn -0.000000 0.000000 -1.000000
vn 0.257302 -0.027983 -0.965926
vn -0.000000 0.000000 -1.000000
vn 0.257302 0.027983 -0.965926
vn -0.000000 -0.000000 -1.000000
vn 0.245271 0.082641 -0.965926
vn -0.000000 -0.000000 -1.000000
vn 0.221771 0.133435 -0.965926
vn -0.000000 -0.000000 -1.000000
vn 0.187901 0.177990 -0.965926
vn -0.000000 -0.000000 -1.000000
vn 0.145246 0.214222 -0.965926
vn -0.000000 -0.000000 -1.000000
vn 0.095799 0.240437 -0.965926
vn -0.000000 -0.000000 -1.000000
vn 0.041872 0.255409 -0.965926
vn 0.000000 -0.000000 -1.000000
vn -0.014012 0.258439 -0.965926
vn 0.000000 -0.000000 -1.000000
vn -0.069241 0.249385 -0.965926
vn 0.000000 -0.000000 -1.000000
vn -0.121233 0.228670 -0.965926
vn 0.000000 -0.000000 -1.000000
vn -0.167556 0.197262 -0.965926
vn -0.000000 0.000000 -1.000000
vn 0.245271 -0.082641 -0.965926
vn -0.000000 0.000000 -1.000000
vn 0.221771 -0.133435 -0.965926
vn -0.000000 0.000000 -1.000000
vn 0.187901 -0.177990 -0.965926
vn -0.000000 0.000000 -1.000000
vn 0.145246 -0.214222 -0.965926
vn -0.000000 0.000000 -1.000000
vn 0.095799 -0.240437 -0.965926
vn -0.000000 0.000000 -1.000000
vn 0.041872 -0.255409 -0.965926
vn 0.000000 0.000000 -1.000000
vn -0.121233 -0.228670 -0.965926
vn 0.000000 0.000000 -1.000000
vn -0.167556 -0.197262 -0.965926
vn -0.000000 -0.000000 -1.000000
vn -0.206044 -0.156631 -0.965926
vn 0.000000 0.000000 -1.000000
vn -0.234898 -0.108675 -0.965926
vn 0.000000 0.000000 -1.000000
vn 0.860949 0.093634 -0.500000
vn 0.860949 -0.093634 -0.500000
vn 0.820692 -0.276523 -0.500000
vn 0.742060 -0.446483 -0.500000
vn 0.628731 -0.595565 -0.500000
vn 0.486002 -0.716800 -0.500000
vn 0.320549 -0.804517 -0.500000
vn 0.140107 -0.854617 -0.500000
vn 0.702962 0.076452 -0.707107
vn 0.702962 -0.076452 -0.707107
vn 0.670092 -0.225780 -0.707107
vn 0.605890 -0.364552 -0.707107
vn 0.513356 -0.486277 -0.707107
vn 0.396819 -0.585265 -0.707107
vn 0.261727 -0.656886 -0.707107
vn 0.114397 -0.697792 -0.707107
vn 0.820692 0.276523 -0.500000
vn 0.742060 0.446483 -0.500000
vn 0.628731 0.595565 -0.500000
vn 0.486002 0.716800 -0.500000
vn 0.320549 0.804517 -0.500000
vn 0.140107 0.854617 -0.500000
vn -0.046886 0.864755 -0.500000
vn 0.497069 0.054060 -0.866025
vn 0.497069 -0.054060 -0.866025
vn 0.473827 -0.159651 -0.866025
vn 0.428429 -0.257777 -0.866025
vn 0.362998 -0.343850 -0.866025
vn 0.280594 -0.413844 -0.866025
vn 0.185069 -0.464488 -0.866025
vn 0.080891 -0.493413 -0.866025
vn 0.670092 0.225780 -0.707107
vn 0.605890 0.364552 -0.707107
vn 0.513356 0.486277 -0.707107
vn 0.396819 0.585265 -0.707107
vn 0.261727 0.656886 -0.707107
vn 0.114397 0.697792 -0.707107
vn -0.038282 0.706070 -0.707107
vn -0.189171 0.681333 -0.707107
vn 0.473827 0.159651 -0.866025
vn 0.428429 0.257777 -0.866025
vn 0.362998 0.343850 -0.866025
vn 0.280594 0.413844 -0.866025
vn 0.185069 0.464488 -0.866025
vn 0.080891 0.493413 -0.866025
vn -0.027069 0.499267 -0.866025
vn -0.133764 0.481775 -0.866025
vn -0.234204 0.441756 -0.866025
vn -0.785983 -0.363635 -0.500000
vn -0.689437 -0.524096 -0.500000
vn -0.560653 -0.660052 -0.500000
vn -0.405654 -0.765144 -0.500000
vn -0.641753 -0.296906 -0.707107
vn -0.562923 -0.427923 -0.707107
vn -0.457771 -0.538930 -0.707107
vn -0.331215 -0.624737 -0.707107
vn -0.453788 -0.209945 -0.866025
vn -0.398047 -0.302587 -0.866025
vn -0.323693 -0.381081 -0.866025
vn -0.234204 -0.441756 -0.866025
vn 0.973045 0.230616 0.000000
vn 1.000000 0.000000 0.000000
vn 0.973045 -0.230616 0.000000
vn 0.893633 -0.448799 0.000000
vn 0.766044 -0.642788 0.000000
vn 0.597159 -0.802123 0.000000
vn 0.396080 -0.918216 0.000000
vn 0.173648 -0.984808 0.000000
vn -0.058145 -0.998308 -0.000000
vn -0.286803 -0.957990 -0.000000
vn -0.500000 -0.866025 -0.000000
vn -0.686242 -0.727374 -0.000000
vn -0.835488 -0.549509 -0.000000
vn -0.939693 -0.342020 -0.000000
vn -0.993238 -0.116093 -0.000000
vn -0.993238 0.116093 0.000000
vn -0.939693 0.342020 0.000000
vn -0.835488 0.549509 0.000000
vn -0.686242 0.727374 0.000000
vn -0.500000 0.866025 0.000000
vn -0.286803 0.957990 0.000000
vn -0.058145 0.998308 0.000000
vn 0.173648 0.984808 0.000000
vn 0.396080 0.918216 0.000000
vn 0.597159 0.802123 0.000000
vn 0.766044 0.642788 0.000000
vn 0.893633 0.448799 0.000000
vn -0.000000 -0.000000 -1.000000
vn -0.000000 -0.000000 -1.000000
vn -0.000000 -0.000000 -1.000000
vn -0.000000 -0.000000 -1.000000
vn -0.000000 -0.000000 -1.000000
vn -0.000000 -0.000000 -1.000000
vn -0.000000 -0.000000 -1.000000
vn -0.000000 -0.000000 -1.000000
vn -0.000000 -0.000000 -1.000000
vn -0.000000 -0.000000 -1.000000
vn -0.000000 -0.000000 -1.000000
vn -0.000000 -0.000000 -1.000000
vn -0.000000 -0.000000 -1.000000
vn -0.000000 -0.000000 -1.000000
vn -0.000000 -0.000000 -1.000000
vn -0.000000 -0.000000 -1.000000
vn -0.000000 -0.000000 -1.000000
vn -0.000000 -0.000000 -1.000000
vn -0.000000 -0.000000 -1.000000
vn -0.000000 -0.000000 -1.000000
vn -0.000000 -0.000000 -1.000000
vn -0.000000 -0.000000 -1.000000
vn -0.000000 -0.000000 -1.000000
vn -0.000000 -0.000000 -1.000000
vn -0.000000 -0.000000 -1.000000
vn -0.000000 -0.000000 -1.000000
vn -0.000000 -0.000000 -1.000000
vn -0.000000 -0.000000 -1.000000
vn -0.000000 -0.000000 -1.000000
vn -0.000000 -0.000000 -1.000000
vn -0.000000 -0.000000 -1.000000
vn -0.000000 -0.000000 -1.000000
vn -0.000000 -0.000000 -1.000000
vn -0.000000 -0.000000 -1.000000
vn -0.000000 -0.000000 -1.000000
vn -0.000000 -0.000000 -1.000000
vn -0.000000 -0.000000 -1.000000
vn -0.000000 -0.000000 -1.000000
vn -0.000000 -0.000000 -1.000000
vn -0.000000 -0.000000 -1.000000
vn -0.000000 -0.000000 -1.000000
vn -0.000000 -0.000000 -1.000000
vn -0.000000 -0.000000 -1.000000
vn -0.000000 -0.000000 -1.000000
vn -0.000000 -0.000000 -1.000000
vn -0.000000 -0.000000 -1.000000
vn -0.000000 -0.000000 -1.000000
vn -0.000000 -0.000000 -1.000000
vn -0.000000 -0.000000 -1.000000
vn -0.000000 -0.000000 -1.000000
vn -0.000000 -0.000000 -1.000000
vn -0.000000 -0.000000 -1.000000
vn -0.000000 -0.000000 -1.000000
vn -0.000000 -0.000000 -1.000000
vn -0.000000 -0.000000 -1.000000
vn -0.000000 -0.000000 -1.000000
vn -0.000000 -0.000000 -1.000000
vn -0.000000 -0.000000 -1.000000
vn -0.000000 -0.000000 -1.000000
vn -0.000000 -0.000000 -1.000000
vn -0.000000 -0.000000 -1.000000
vn -0.000000 -0.000000 -1.000000
vn -0.000000 -0.000000 -1.000000
vn 0.000000 0.000000 -1.000000
vn 0.000000 0.000000 -1.000000
vn 0.000000 0.000000 -1.000000
vn 0.000000 0.000000 -1.000000
vn 0.000000 0.000000 -1.000000
vn 0.000000 0.000000 -1.000000
vn 0.000000 0.000000 -1.000000
vn 0.000000 0.000000 -1.000000
vn 0.000000 0.000000 -1.000000
vn 0.000000 0.000000 -1.000000
vn 0.000000 0.000000 -1.000000
vn 0.000000 0.000000 -1.000000
vn 0.000000 0.000000 -1.000000
vn 0.000000 0.000000 -1.000000
vn 0.000000 0.000000 -1.000000
vn 0.000000 0.000000 -1.000000
vn 0.000000 0.000000 -1.000000
vn 0.000000 0.000000 -1.000000
vn 0.000000 0.000000 -1.000000
vn 0.000000 0.000000 -1.000000
vn 0.000000 0.000000 -1.000000
vn 0.000000 0.000000 -1.000000
vn 0.000000 0.000000 -1.000000
vn 0.000000 0.000000 -1.000000
vn 0.000000 0.000000 -1.000000
vn 0.000000 0.000000 -1.000000
vn 0.000000 0.000000 -1.000000
vn 0.000000 0.000000 -1.000000
vn 0.000000 0.000000 -1.000000
vn 0.000000 0.000000 -1.000000
vn 0.000000 0.000000 -1.000000
vn 0.000000 0.000000 -1.000000
vn 0.000000 0.000000 -1.000000
vn 0.000000 0.000000 -1.000000
vn 0.000000 0.000000 -1.000000
vn 0.000000 0.000000 -1.000000
vn 0.000000 0.000000 -1.000000
vn 0.000000 0.000000 -1.000000
vn 0.000000 0.000000 -1.000000
vn 0.000000 0.000000 -1.000000
vn 0.000000 0.000000 -1.000000
vn 0.000000 0.000000 -1.000000
vn 0.000000 0.000000 -1.000000
vn 0.000000 0.000000 -1.000000
vn 0.000000 0.000000 -1.000000
vn 0.000000 0.000000 -1.000000
vn 0.000000 0.000000 -1.000000
vn 0.000000 0.000000 -1.000000
vn 0.000000 0.000000 -1.000000
vn 0.000000 0.000000 -1.000000
vn 0.000000 0.000000 -1.000000
vn 0.000000 0.000000 -1.000000
vn 0.973045 -0.230616 0.000000
vn 0.943343 -0.207646 0.258819
vn 1.000000 -0.000000 0.000000
vn 0.965926 -0.000000 0.258819
vn 0.943343 0.207646 0.258819
vn 0.866025 0.000000 0.500000
vn 0.845778 0.186170 0.500000
vn 0.707107 0.000000 0.707107
vn 0.690575 0.152007 0.707107
vn 0.500000 0.000000 0.866025
vn 0.488310 0.107485 0.866025
vn 0.258819 0.000000 0.965926
vn 0.252768 0.055638 0.965926
vn -0.000000 -0.000000 1.000000
vn -0.000000 -0.000000 1.000000
vn 0.876651 -0.405582 0.258819
vn 0.893633 -0.448799 0.000000
vn 0.768967 -0.584553 0.258819
vn 0.766044 -0.642788 0.000000
vn 0.625327 -0.736192 0.258819
vn 0.597159 -0.802123 0.000000
vn 0.452448 -0.853407 0.258819
vn 0.396080 -0.918216 0.000000
vn 0.258413 -0.930718 0.258819
vn 0.173648 -0.984808 0.000000
vn 0.052294 -0.964509 0.258819
vn -0.058145 -0.998308 0.000000
vn -0.156269 -0.953201 0.258819
vn -0.286803 -0.957990 0.000000
vn -0.357526 -0.897323 0.258819
vn -0.500000 -0.866025 0.000000
vn -0.542065 -0.799486 0.258819
vn -0.686242 -0.727374 0.000000
vn -0.701258 -0.664267 0.258819
vn -0.835488 -0.549509 0.000000
vn -0.827660 -0.497987 0.258819
vn -0.939693 -0.342020 0.000000
vn -0.915363 -0.308422 0.258819
vn -0.993238 -0.116093 0.000000
vn -0.960264 -0.104435 0.258819
vn -0.993238 0.116093 0.000000
vn -0.960264 0.104435 0.258819
vn -0.915363 0.308422 0.258819
vn -0.820692 0.276523 0.500000
vn -0.742060 0.446483 0.500000
vn -0.605890 0.364552 0.707107
vn -0.513356 0.486277 0.707107
vn -0.362998 0.343850 0.866025
vn -0.280594 0.413844 0.866025
vn -0.145246 0.214222 0.965926
vn -0.095799 0.240437 0.965926
vn 0.000000 -0.000000 1.000000
vn 0.000000 -0.000000 1.000000
vn -0.041872 0.255409 0.965926
vn 0.000000 -0.000000 1.000000
vn 0.014012 0.258439 0.965926
vn -0.000000 -0.000000 1.000000
vn 0.069241 0.249385 0.965926
vn -0.000000 -0.000000 1.000000
vn 0.121233 0.228670 0.965926
vn -0.000000 -0.000000 1.000000
vn 0.167556 0.197262 0.965926
vn -0.000000 -0.000000 1.000000
vn 0.206044 0.156631 0.965926
vn -0.000000 -0.000000 1.000000
vn 0.234898 0.108675 0.965926
vn -0.939693 0.342020 0.000000
vn -0.827660 0.497987 0.258819
vn -0.628731 0.595565 0.500000
vn -0.396819 0.585265 0.707107
vn -0.185069 0.464488 0.866025
vn -0.835488 0.549509 0.000000
vn -0.701258 0.664267 0.258819
vn -0.486002 0.716800 0.500000
vn -0.261727 0.656886 0.707107
vn -0.080891 0.493413 0.866025
vn -0.686242 0.727374 0.000000
vn -0.542065 0.799486 0.258819
vn -0.320549 0.804517 0.500000
vn -0.114397 0.697792 0.707107
vn 0.027069 0.499267 0.866025
vn -0.500000 0.866025 0.000000
vn -0.357526 0.897323 0.258819
vn -0.140107 0.854617 0.500000
vn 0.038282 0.706070 0.707107
vn 0.133764 0.481775 0.866025
vn -0.286803 0.957990 0.000000
vn -0.156269 0.953201 0.258819
vn 0.046886 0.864755 0.500000
vn 0.189171 0.681333 0.707107
vn 0.234204 0.441756 0.866025
vn -0.058145 0.998308 0.000000
vn 0.052294 0.964509 0.258819
vn 0.231686 0.834459 0.500000
vn 0.331215 0.624737 0.707107
vn 0.323693 0.381081 0.866025
vn 0.173648 0.984808 0.000000
vn 0.258413 0.930718 0.258819
vn 0.405654 0.765144 0.500000
vn 0.457771 0.538930 0.707107
vn 0.398047 0.302587 0.866025
vn 0.396080 0.918216 0.000000
vn 0.452448 0.853407 0.258819
vn 0.560653 0.660052 0.500000
vn 0.562923 0.427923 0.707107
vn 0.453788 0.209945 0.866025
vn 0.597159 0.802123 0.000000
vn 0.625327 0.736192 0.258819
vn 0.689437 0.524096 0.500000
vn 0.641753 0.296906 0.707107
vn 0.766044 0.642788 0.000000
vn 0.768967 0.584553 0.258819
vn 0.785983 0.363635 0.500000
vn 0.893633 0.448799 0.000000
vn 0.876651 0.405582 0.258819
vn 0.973045 0.230616 0.000000
vn 0.000000 -0.000000 1.000000
vn -0.187901 0.177990 0.965926
vn -0.428429 0.257777 0.866025
vn -0.670092 0.225780 0.707107
vn -0.860949 0.093634 0.500000
vn -0.000000 0.000000 1.000000
vn -0.221771 0.133435 0.965926
vn -0.473827 0.159651 0.866025
vn -0.702962 0.076452 0.707107
vn -0.860949 -0.093634 0.500000
vn 0.000000 -0.000000 1.000000
vn -0.245271 0.082641 0.965926
vn -0.497069 0.054060 0.866025
vn -0.702962 -0.076452 0.707107
vn -0.820692 -0.276523 0.500000
vn 0.000000 -0.000000 1.000000
vn -0.257302 0.027983 0.965926
vn -0.497069 -0.054060 0.866025
vn -0.670092 -0.225780 0.707107
vn -0.742060 -0.446483 0.500000
vn 0.000000 0.000000 1.000000
vn -0.257302 -0.027983 0.965926
vn -0.473827 -0.159651 0.866025
vn -0.605890 -0.364552 0.707107
vn -0.628731 -0.595565 0.500000
vn 0.000000 0.000000 1.000000
vn -0.245271 -0.082641 0.965926
vn -0.428429 -0.257777 0.866025
vn -0.513356 -0.486277 0.707107
vn -0.486002 -0.716800 0.500000
vn 0.000000 0.000000 1.000000
vn -0.221771 -0.133435 0.965926
vn -0.362998 -0.343850 0.866025
vn -0.396819 -0.585265 0.707107
vn -0.320549 -0.804517 0.500000
vn -0.000000 -0.000000 1.000000
vn -0.187901 -0.177990 0.965926
vn -0.280594 -0.413844 0.866025
vn -0.261727 -0.656886 0.707107
vn -0.140107 -0.854617 0.500000
vn 0.000000 0.000000 1.000000
vn -0.145246 -0.214222 0.965926
vn -0.185069 -0.464488 0.866025
vn -0.114397 -0.697792 0.707107
vn 0.046886 -0.864755 0.500000
vn 0.000000 0.000000 1.000000
vn -0.095799 -0.240437 0.965926
vn -0.080891 -0.493413 0.866025
vn 0.038282 -0.706070 0.707107
vn 0.231686 -0.834459 0.500000
vn 0.000000 0.000000 1.000000
vn -0.041872 -0.255409 0.965926
vn 0.027069 -0.499267 0.866025
vn 0.189171 -0.681333 0.707107
vn 0.405654 -0.765144 0.500000
vn 0.000000 0.000000 1.000000
vn 0.014012 -0.258439 0.965926
vn 0.133764 -0.481775 0.866025
vn 0.331215 -0.624737 0.707107
vn 0.560653 -0.660052 0.500000
vn -0.000000 0.000000 1.000000
vn 0.069241 -0.249385 0.965926
vn 0.234204 -0.441756 0.866025
vn 0.457771 -0.538930 0.707107
vn 0.689437 -0.524096 0.500000
vn -0.000000 0.000000 1.000000
vn 0.121233 -0.228670 0.965926
vn 0.323693 -0.381081 0.866025
vn 0.562923 -0.427923 0.707107
vn 0.785983 -0.363635 0.500000
vn -0.000000 0.000000 1.000000
vn 0.167556 -0.197262 0.965926
vn 0.398047 -0.302587 0.866025
vn 0.641753 -0.296906 0.707107
vn 0.845778 -0.186170 0.500000
vn -0.000000 0.000000 1.000000
vn 0.206044 -0.156631 0.965926
vn 0.453788 -0.209945 0.866025
vn 0.690575 -0.152007 0.707107
vn -0.000000 0.000000 1.000000
vn 0.234898 -0.108675 0.965926
vn 0.488310 -0.107485 0.866025
vn -0.000000 0.000000 1.000000
vn 0.252768 -0.055638 0.965926
vn 0.973045 -0.230616 -0.000000
vn 1.000000 -0.000000 -0.000000
vn 0.973045 0.230616 -0.000000
vn 0.893633 0.448799 -0.000000
vn 0.766044 0.642788 -0.000000
vn 0.597159 0.802123 -0.000000
vn 0.396080 0.918216 -0.000000
vn 0.173648 0.984808 -0.000000
vn -0.058145 0.998308 -0.000000
vn -0.286803 0.957990 -0.000000
vn -0.500000 0.866025 -0.000000
vn -0.686242 0.727374 -0.000000
vn -0.835488 0.549509 -0.000000
vn -0.939693 0.342020 -0.000000
vn -0.993238 0.116093 -0.000000
vn -0.993238 -0.116093 0.000000
vn -0.939693 -0.342020 0.000000
vn -0.835488 -0.549509 0.000000
vn -0.686242 -0.727374 0.000000
vn -0.500000 -0.866025 0.000000
vn -0.286803 -0.957990 0.000000
vn -0.058145 -0.998308 0.000000
vn 0.173648 -0.984808 -0.000000
vn 0.396080 -0.918216 -0.000000
vn 0.597159 -0.802123 -0.000000
vn 0.766044 -0.642788 -0.000000
vn 0.893633 -0.448799 -0.000000
vn 0.000000 0.000000 1.000000
vn 0.000000 0.000000 1.000000
vn 0.000000 0.000000 1.000000
vn 0.000000 0.000000 1.000000
vn 0.000000 0.000000 1.000000
vn 0.000000 0.000000 1.000000
vn 0.000000 0.000000 1.000000
vn 0.000000 0.000000 1.000000
vn 0.000000 0.000000 1.000000
vn 0.000000 0.000000 1.000000
vn 0.000000 0.000000 1.000000
vn 0.000000 0.000000 1.000000
vn 0.000000 0.000000 1.000000
vn 0.000000 0.000000 1.000000
vn 0.000000 0.000000 1.000000
vn 0.000000 0.000000 1.000000
vn 0.000000 0.000000 1.000000
vn 0.000000 0.000000 1.000000
vn 0.000000 0.000000 1.000000
vn 0.000000 0.000000 1.000000
vn 0.000000 0.000000 1.000000
vn 0.000000 0.000000 1.000000
vn 0.000000 0.000000 1.000000
vn 0.000000 0.000000 1.000000
vn 0.000000 0.000000 1.000000
vn 0.000000 0.000000 1.000000
vn 0.000000 0.000000 1.000000
vn 0.000000 0.000000 1.000000
vn 0.000000 0.000000 1.000000
vn 0.000000 0.000000 1.000000
vn 0.000000 0.000000 1.000000
vn 0.000000 0.000000 1.000000
vn 0.000000 0.000000 1.000000
vn 0.000000 0.000000 1.000000
vn 0.000000 0.000000 1.000000
vn 0.000000 0.000000 1.000000
vn 0.000000 0.000000 1.000000
vn 0.000000 0.000000 1.000000
vn 0.000000 0.000000 1.000000
vn 0.000000 0.000000 1.000000
vn 0.000000 0.000000 1.000000
vn 0.000000 0.000000 1.000000
vn 0.000000 0.000000 1.000000
vn 0.000000 0.000000 1.000000
vn 0.000000 0.000000 1.000000
vn 0.000000 0.000000 1.000000
vn 0.000000 0.000000 1.000000
vn 0.000000 0.000000 1.000000
vn 0.000000 0.000000 1.000000
vn 0.000000 0.000000 1.000000
vn 0.000000 0.000000 1.000000
vn 0.000000 0.000000 1.000000
vn 0.000000 0.000000 1.000000
vn 0.000000 0.000000 1.000000
vn 0.000000 0.000000 1.000000
vn 0.000000 0.000000 1.000000
vn 0.000000 0.000000 1.000000
vn 0.000000 0.000000 1.000000
vn 0.000000 0.000000 1.000000
vn 0.000000 0.000000 1.000000
vn 0.000000 0.000000 1.000000
vn 0.000000 0.000000 1.000000
vn 0.000000 0.000000 1.000000
vn 0.273603 0.961843 0.000000
vn 0.273603 0.961843 0.000000
vn 0.273603 0.961843 0.000000
vn 0.273603 0.961843 0.000000
vn 0.999888 0.014959 0.000000
vn 0.999888 0.014959 0.000000
vn 0.999888 0.014959 0.000000
vn 0.999888 0.014959 0.000000
vn -0.356039 0.934471 0.000000
vn -0.356039 0.934471 0.000000
vn -0.356039 0.934471 0.000000
vn -0.356039 0.934471 0.000000
vn -0.022060 0.999757 0.000000
vn -0.022060 0.999757 0.000000
vn -0.022060 0.999757 0.000000
vn -0.022060 0.999757 0.000000
vn 0.544956 0.838465 0.000000
vn 0.544956 0.838465 0.000000
vn 0.544956 0.838465 0.000000
vn 0.544956 0.838465 0.000000
vn 0.959875 -0.280427 0.000000
vn 0.959875 -0.280427 0.000000
vn 0.959875 -0.280427 0.000000
vn 0.959875 -0.280427 0.000000
vn -0.064781 0.997899 0.000000
vn -0.064781 0.997899 0.000000
vn -0.064781 0.997899 0.000000
vn -0.064781 0.997899 0.000000
vn 0.767887 0.640585 0.000000
vn 0.767887 0.640585 0.000000
vn 0.767887 0.640585 0.000000
vn 0.767887 0.640585 0.000000
vn 0.834573 -0.550897 0.000000
vn 0.834573 -0.550897 0.000000
vn 0.834573 -0.550897 0.000000
vn 0.834573 -0.550897 0.000000
vn 0.232233 0.972660 0.000000
vn 0.232233 0.972660 0.000000
vn 0.232233 0.972660 0.000000
vn 0.232233 0.972660 0.000000
vn 0.922588 0.385787 0.000000
vn 0.922588 0.385787 0.000000
vn 0.922588 0.385787 0.000000
vn 0.922588 0.385787 0.000000
vn 0.635116 -0.772417 0.000000
vn 0.635116 -0.772417 0.000000
vn 0.635116 -0.772417 0.000000
vn 0.635116 -0.772417 0.000000
vn 0.508612 0.860996 0.000000
vn 0.508612 0.860996 0.000000
vn 0.508612 0.860996 0.000000
vn 0.508612 0.860996 0.000000
vn 0.995313 0.096710 0.000000
vn 0.995313 0.096710 0.000000
vn 0.995313 0.096710 0.000000
vn 0.995313 0.096710 0.000000
vn 0.379225 -0.925304 0.000000
vn 0.379225 -0.925304 0.000000
vn 0.379225 -0.925304 0.000000
vn 0.379225 -0.925304 0.000000
vn 0.739799 0.672828 0.000000
vn 0.739799 0.672828 0.000000
vn 0.739799 0.672828 0.000000
vn 0.739799 0.672828 0.000000
vn 0.979599 -0.200960 0.000000
vn 0.979599 -0.200960 0.000000
vn 0.979599 -0.200960 0.000000
vn 0.979599 -0.200960 0.000000
vn 0.089639 -0.995974 0.000000
vn 0.089639 -0.995974 0.000000
vn 0.089639 -0.995974 0.000000
vn 0.089639 -0.995974 0.000000
vn 0.905251 0.424877 0.000000
vn 0.905251 0.424877 0.000000
vn 0.905251 0.424877 0.000000
vn 0.905251 0.424877 0.000000
vn 0.876845 -0.480774 0.000000
vn 0.876845 -0.480774 0.000000
vn 0.876845 -0.480774 0.000000
vn 0.876845 -0.480774 0.000000
vn -0.207912 -0.978148 0.000000
vn -0.207912 -0.978148 0.000000
vn -0.207912 -0.978148 0.000000
vn -0.207912 -0.978148 0.000000
vn 0.990268 0.139173 0.000000
vn 0.990268 0.139173 0.000000
vn 0.990268 0.139173 0.000000
vn 0.990268 0.139173 0.000000
vn 0.696178 -0.717869 0.000000
vn 0.696178 -0.717869 0.000000
vn 0.696178 -0.717869 0.000000
vn 0.696178 -0.717869 0.000000
vn -0.486989 -0.873408 0.000000
vn -0.486989 -0.873408 0.000000
vn -0.486989 -0.873408 0.000000
vn -0.486989 -0.873408 0.000000
vn 0.987295 -0.158897 0.000000
vn 0.987295 -0.158897 0.000000
vn 0.987295 -0.158897 0.000000
vn 0.987295 -0.158897 0.000000
vn 0.453654 -0.891178 0.000000
vn 0.453654 -0.891178 0.000000
vn 0.453654 -0.891178 0.000000
vn 0.453654 -0.891178 0.000000
vn -0.722795 -0.691063 0.000000
vn -0.722795 -0.691063 0.000000
vn -0.722795 -0.691063 0.000000
vn -0.722795 -0.691063 0.000000
vn 0.896597 -0.442848 0.000000
vn 0.896597 -0.442848 0.000000
vn 0.896597 -0.442848 0.000000
vn 0.896597 -0.442848 0.000000
vn 0.170820 -0.985302 0.000000
vn 0.170820 -0.985302 0.000000
vn 0.170820 -0.985302 0.000000
vn 0.170820 -0.985302 0.000000
vn -0.894377 -0.447313 0.000000
vn -0.894377 -0.447313 0.000000
vn -0.894377 -0.447313 0.000000
vn -0.894377 -0.447313 0.000000
vn 0.726232 -0.687450 0.000000
vn 0.726232 -0.687450 0.000000
vn 0.726232 -0.687450 0.000000
vn 0.726232 -0.687450 0.000000
vn -0.127192 -0.991878 0.000000
vn -0.127192 -0.991878 0.000000
vn -0.127192 -0.991878 0.000000
vn -0.127192 -0.991878 0.000000
vn -0.986491 -0.163818 0.000000
vn -0.986491 -0.163818 0.000000
vn -0.986491 -0.163818 0.000000
vn -0.986491 -0.163818 0.000000
vn 0.491338 -0.870969 0.000000
vn 0.491338 -0.870969 0.000000
vn 0.491338 -0.870969 0.000000
vn 0.491338 -0.870969 0.000000
vn -0.413903 -0.910321 0.000000
vn -0.413903 -0.910321 0.000000
vn -0.413903 -0.910321 0.000000
vn -0.413903 -0.910321 0.000000
vn -0.990950 0.134233 0.000000
vn -0.990950 0.134233 0.000000
vn -0.990950 0.134233 0.000000
vn -0.990950 0.134233 0.000000
vn 0.212787 -0.977099 0.000000
vn 0.212787 -0.977099 0.000000
vn 0.212787 -0.977099 0.000000
vn 0.212787 -0.977099 0.000000
vn -0.663836 -0.747878 0.000000
vn -0.663836 -0.747878 0.000000
vn -0.663836 -0.747878 0.000000
vn -0.663836 -0.747878 0.000000
vn -0.907359 0.420357 0.000000
vn -0.907359 0.420357 0.000000
vn -0.907359 0.420357 0.000000
vn -0.907359 0.420357 0.000000
vn -0.084672 -0.996409 0.000000
vn -0.084672 -0.996409 0.000000
vn -0.084672 -0.996409 0.000000
vn -0.084672 -0.996409 0.000000
vn -0.854785 -0.518983 0.000000
vn -0.854785 -0.518983 0.000000
vn -0.854785 -0.518983 0.000000
vn -0.854785 -0.518983 0.000000
vn -0.743145 0.669131 0.000000
vn -0.743145 0.669131 0.000000
vn -0.743145 0.669131 0.000000
vn -0.743145 0.669131 0.000000
vn -0.374607 -0.927184 0.000000
vn -0.374607 -0.927184 0.000000
vn -0.374607 -0.927184 0.000000
vn -0.374607 -0.927184 0.000000
vn -0.969782 -0.243974 0.000000
vn -0.969782 -0.243974 0.000000
vn -0.969782 -0.243974 0.000000
vn -0.969782 -0.243974 0.000000
vn -0.512899 0.858449 0.000000
vn -0.512899 0.858449 0.000000
vn -0.512899 0.858449 0.000000
vn -0.512899 0.858449 0.000000
vn -0.631256 -0.775574 0.000000
vn -0.631256 -0.775574 0.000000
vn -0.631256 -0.775574 0.000000
vn -0.631256 -0.775574 0.000000
vn -0.998610 0.052714 0.000000
vn -0.998610 0.052714 0.000000
vn -0.998610 0.052714 0.000000
vn -0.998610 0.052714 0.000000
vn -0.237080 0.971490 0.000000
vn -0.237080 0.971490 0.000000
vn -0.237080 0.971490 0.000000
vn -0.237080 0.971490 0.000000
vn -0.831816 -0.555052 0.000000
vn -0.831816 -0.555052 0.000000
vn -0.831816 -0.555052 0.000000
vn -0.831816 -0.555052 0.000000
vn -0.938707 0.344717 0.000000
vn -0.938707 0.344717 0.000000
vn -0.938707 0.344717 0.000000
vn -0.938707 0.344717 0.000000
vn 0.059804 0.998210 0.000000
vn 0.059804 0.998210 0.000000
vn 0.059804 0.998210 0.000000
vn 0.059804 0.998210 0.000000
vn -0.958465 -0.285210 0.000000
vn -0.958465 -0.285210 0.000000
vn -0.958465 -0.285210 0.000000
vn -0.958465 -0.285210 0.000000
vn -0.795395 0.606091 0.000000
vn -0.795395 0.606091 0.000000
vn -0.795395 0.606091 0.000000
vn -0.795395 0.606091 0.000000
vn 0.351375 0.936235 0.000000
vn 0.351375 0.936235 0.000000
vn 0.351375 0.936235 0.000000
vn 0.351375 0.936235 0.000000
vn -0.999950 0.009973 0.000000
vn -0.999950 0.009973 0.000000
vn -0.999950 0.009973 0.000000
vn -0.999950 0.009973 0.000000
vn -0.581410 0.813611 0.000000
vn -0.581410 0.813611 0.000000
vn -0.581410 0.813611 0.000000
vn -0.581410 0.813611 0.000000
vn 0.611724 0.791071 0.000000
vn 0.611724 0.791071 0.000000
vn 0.611724 0.791071 0.000000
vn 0.611724 0.791071 0.000000
vn -0.952586 0.304271 0.000000
vn -0.952586 0.304271 0.000000
vn -0.952586 0.304271 0.000000
vn -0.952586 0.304271 0.000000
vn -0.315763 0.948838 0.000000
vn -0.315763 0.948838 0.000000
vn -0.315763 0.948838 0.000000
vn -0.315763 0.948838 0.000000
vn 0.817719 0.575617 0.000000
vn 0.817719 0.575617 0.000000
vn 0.817719 0.575617 0.000000
vn 0.817719 0.575617 0.000000
vn -0.820580 0.571532 0.000000
vn -0.820580 0.571532 0.000000
vn -0.820580 0.571532 0.000000
vn -0.820580 0.571532 0.000000
vn 0.951057 0.309017 -0.000000
vn 0.951057 0.309017 -0.000000
vn 0.951057 0.309017 -0.000000
vn 0.951057 0.309017 -0.000000
vn -0.615661 0.788011 0.000000
vn -0.615661 0.788011 0.000000
vn -0.615661 0.788011 0.000000
vn -0.615661 0.788011 0.000000
usemtl PEEK
f 2/1/1 3/2/2 1/3/3
f 1/3/3 3/2/2 46/4/4
f 46/4/4 3/2/2 4/5/5
f 46/4/4 4/5/5 45/6/6
f 45/6/6 4/5/5 5/7/7
f 45/6/6 5/7/7 44/8/8
f 44/8/8 5/7/7 6/9/9
f 44/8/8 6/9/9 43/10/10
f 43/10/10 6/9/9 7/11/11
f 43/10/10 7/11/11 42/12/12
f 42/12/12 7/11/11 8/13/13
f 42/12/12 8/13/13 41/14/14
f 41/14/14 8/13/13 9/15/15
f 41/14/14 9/15/15 40/16/16
f 40/16/16 9/15/15 10/17/17
f 40/16/16 10/17/17 39/18/18
f 39/18/18 10/17/17 11/19/19
f 39/18/18 11/19/19 38/20/20
f 38/20/20 11/19/19 12/21/21
f 38/20/20 12/21/21 37/22/22
f 37/22/22 12/21/21 13/23/23
f 37/22/22 13/23/23 36/24/24
f 36/24/24 13/23/23 35/25/25
f 35/25/25 13/23/23 14/26/26
f 35/25/25 14/26/26 34/27/27
f 34/27/27 14/26/26 15/28/28
f 34/27/27 15/28/28 33/29/29
f 33/29/29 15/28/28 16/30/30
f 33/29/29 16/30/30 32/31/31
f 32/31/31 16/30/30 17/32/32
f 32/31/31 17/32/32 31/33/33
f 31/33/33 17/32/32 18/34/34
f 31/33/33 18/34/34 30/35/35
f 30/35/35 18/34/34 19/36/36
f 30/35/35 19/36/36 29/37/37
f 29/37/37 19/36/36 20/38/38
f 29/37/37 20/38/38 28/39/39
f 28/39/39 20/38/38 21/40/40
f 28/39/39 21/40/40 27/41/41
f 27/41/41 21/40/40 22/42/42
f 27/41/41 22/42/42 26/43/43
f 26/43/43 22/42/42 23/44/44
f 26/43/43 23/44/44 25/45/45
f 25/45/45 23/44/44 24/46/46
f 1/47/47 47/48/48 2/49/49
f 2/49/49 47/48/48 48/50/50
f 2/49/49 48/50/50 49/51/51
f 49/51/51 50/52/52 2/49/49
f 47/53/53 1/54/54 72/55/55
f 72/55/55 1/54/54 46/56/56
f 72/55/55 46/56/56 71/57/57
f 71/57/57 46/56/56 45/58/58
f 71/57/57 45/58/58 70/59/59
f 70/59/59 45/58/58 44/60/60
f 70/59/59 44/60/60 69/61/61
f 69/61/61 44/60/60 43/62/62
f 69/61/61 43/62/62 68/63/63
f 68/63/63 43/62/62 42/64/64
f 68/63/63 42/64/64 67/65/65
f 67/65/65 42/64/64 41/66/66
f 67/65/65 41/66/66 66/67/67
f 66/67/67 41/66/66 40/68/68
f 66/67/67 40/68/68 65/69/69
f 65/69/69 40/68/68 39/70/70
f 65/69/69 39/70/70 64/71/71
f 64/71/71 39/70/70 38/72/72
f 64/71/71 38/72/72 63/73/73
f 63/73/73 38/72/72 37/74/74
f 63/73/73 37/74/74 62/75/75
f 62/75/75 37/74/74 36/76/76
f 62/75/75 36/76/76 61/77/77
f 61/77/77 36/76/76 35/78/78
f 61/77/77 35/78/78 60/79/79
f 60/79/79 35/78/78 34/80/80
f 60/79/79 34/80/80 59/81/81
f 59/81/81 34/80/80 33/82/82
f 59/81/81 33/82/82 58/83/83
f 58/83/83 33/82/82 32/84/84
f 58/83/83 32/84/84 57/85/85
f 57/85/85 32/84/84 31/86/86
f 57/85/85 31/86/86 56/87/87
f 56/87/87 31/86/86 30/88/88
f 56/87/87 30/88/88 55/89/89
f 55/89/89 30/88/88 29/90/90
f 55/89/89 29/90/90 54/91/91
f 54/91/91 29/90/90 28/92/92
f 54/91/91 28/92/92 53/93/93
f 53/93/93 28/92/92 27/94/94
f 53/93/93 27/94/94 52/95/95
f 52/95/95 27/94/94 26/96/96
f 52/95/95 26/96/96 51/97/97
f 51/97/97 26/96/96 25/98/98
f 25/99/99 24/100/100 51/101/101
f 51/101/101 24/100/100 75/102/102
f 75/102/102 24/100/100 74/103/103
f 74/103/103 24/100/100 73/104/104
f 75/105/105 76/106/106 51/107/107
f 51/107/107 76/106/106 52/108/108
f 52/108/108 76/106/106 77/109/109
f 52/108/108 77/109/109 53/110/110
f 53/110/110 77/109/109 78/111/111
f 53/110/110 78/111/111 54/112/112
f 54/112/112 78/111/111 79/113/113
f 54/112/112 79/113/113 55/114/114
f 55/114/114 79/113/113 80/115/115
f 55/114/114 80/115/115 56/116/116
f 56/116/116 80/115/115 81/117/117
f 56/116/116 81/117/117 57/118/118
f 57/118/118 81/117/117 82/119/119
f 57/118/118 82/119/119 58/120/120
f 58/120/120 82/119/119 83/121/121
f 58/120/120 83/121/121 59/122/122
f 59/122/122 83/121/121 84/123/123
f 59/122/122 84/123/123 60/124/124
f 60/124/124 84/123/123 85/125/125
f 60/124/124 85/125/125 61/126/126
f 61/126/126 85/125/125 86/127/127
f 61/126/126 86/127/127 62/128/128
f 62/128/128 86/127/127 63/129/129
f 63/129/129 86/127/127 87/130/130
f 63/129/129 87/130/130 64/131/131
f 64/131/131 87/130/130 88/132/132
f 64/131/131 88/132/132 65/133/133
f 65/133/133 88/132/132 89/134/134
f 65/133/133 89/134/134 66/135/135
f 66/135/135 89/134/134 90/136/136
f 66/135/135 90/136/136 67/137/137
f 67/137/137 90/136/136 91/138/138
f 67/137/137 91/138/138 68/139/139
f 68/139/139 91/138/138 92/140/140
f 68/139/139 92/140/140 69/141/141
f 69/141/141 92/140/140 93/142/142
f 69/141/141 93/142/142 70/143/143
f 70/143/143 93/142/142 94/144/144
f 70/143/143 94/144/144 71/145/145
f 71/145/145 94/144/144 95/146/146
f 71/145/145 95/146/146 72/147/147
f 72/147/147 95/146/146 96/148/148
f 72/147/147 96/148/148 47/149/149
f 47/149/149 96/148/148 48/150/150
f 98/151/151 80/152/152 97/153/153
f 97/153/153 80/152/152 79/154/154
f 97/153/153 79/154/154 123/155/155
f 123/155/155 79/154/154 122/156/156
f 122/156/156 79/154/154 78/157/157
f 122/156/156 78/157/157 121/158/158
f 121/158/158 78/157/157 77/159/159
f 121/158/158 77/159/159 120/160/160
f 120/160/160 77/159/159 76/161/161
f 120/160/160 76/161/161 74/162/162
f 74/162/162 76/161/161 75/163/163
f 80/152/152 98/151/151 81/164/164
f 81/164/164 98/151/151 99/165/165
f 81/164/164 99/165/165 82/166/166
f 82/166/166 99/165/165 100/167/167
f 82/166/166 100/167/167 83/168/168
f 83/168/168 100/167/167 101/169/169
f 83/168/168 101/169/169 84/170/170
f 84/170/170 101/169/169 102/171/171
f 84/170/170 102/171/171 85/172/172
f 85/172/172 102/171/171 103/173/173
f 85/172/172 103/173/173 86/174/174
f 86/174/174 103/173/173 104/175/175
f 86/174/174 104/175/175 87/176/176
f 87/176/176 104/175/175 105/177/177
f 87/176/176 105/177/177 88/178/178
f 88/178/178 105/177/177 106/179/179
f 88/178/178 106/179/179 107/180/180
f 88/178/178 107/180/180 89/181/181
f 89/181/181 107/180/180 108/182/182
f 89/181/181 108/182/182 90/183/183
f 90/183/183 108/182/182 109/184/184
f 90/183/183 109/184/184 91/185/185
f 91/185/185 109/184/184 110/186/186
f 91/185/185 110/186/186 92/187/187
f 92/187/187 110/186/186 111/188/188
f 92/187/187 111/188/188 93/189/189
f 93/189/189 111/188/188 112/190/190
f 93/189/189 112/190/190 94/191/191
f 94/191/191 112/190/190 113/192/192
f 94/191/191 113/192/192 95/193/193
f 95/193/193 113/192/192 114/194/194
f 95/193/193 114/194/194 96/195/195
f 96/195/195 114/194/194 115/196/196
f 96/195/195 115/196/196 49/197/197
f 49/197/197 115/196/196 116/198/198
f 49/197/197 116/198/198 117/199/199
f 49/197/197 117/199/199 74/162/162
f 74/162/162 117/199/199 118/200/200
f 74/162/162 118/200/200 119/201/201
f 119/201/201 120/160/160 74/162/162
f 48/202/202 96/195/195 49/197/197
f 73/203/203 50/204/204 74/205/205
f 74/205/205 50/204/204 49/206/206
f 125/207/207 186/208/208 124/209/209
f 124/209/209 186/208/208 195/210/210
f 124/209/209 195/210/210 150/211/211
f 150/211/211 195/210/210 319/212/212
f 150/211/211 319/212/212 149/213/213
f 149/213/213 319/212/212 314/214/214
f 149/213/213 314/214/214 148/215/215
f 148/215/215 314/214/214 309/216/216
f 148/215/215 309/216/216 147/217/217
f 147/217/217 309/216/216 304/218/218
f 147/217/217 304/218/218 146/219/219
f 146/219/219 304/218/218 295/220/220
f 146/219/219 295/220/220 145/221/221
f 145/221/221 295/220/220 184/222/222
f 145/221/221 184/222/222 144/223/223
f 144/223/223 184/222/222 290/224/224
f 144/223/223 290/224/224 285/225/225
f 285/225/225 290/224/224 291/226/226
f 285/225/225 291/226/226 286/227/227
f 286/227/227 291/226/226 292/228/228
f 286/227/227 292/228/228 287/229/229
f 287/229/229 292/228/228 293/230/230
f 287/229/229 293/230/230 288/231/231
f 288/231/231 293/230/230 294/232/232
f 288/231/231 294/232/232 289/233/233
f 289/233/233 294/232/232 159/234/234
f 289/233/233 159/234/234 160/235/235
f 186/208/208 125/207/207 196/236/236
f 196/236/236 125/207/207 126/237/237
f 196/236/236 126/237/237 201/238/238
f 201/238/238 126/237/237 127/239/239
f 201/238/238 127/239/239 206/240/240
f 206/240/240 127/239/239 128/241/241
f 206/240/240 128/241/241 211/242/242
f 211/242/242 128/241/241 129/243/243
f 211/242/242 129/243/243 216/244/244
f 216/244/244 129/243/243 130/245/245
f 216/244/244 130/245/245 185/246/246
f 185/246/246 130/245/245 131/247/247
f 185/246/246 131/247/247 234/248/248
f 234/248/248 131/247/247 225/249/249
f 234/248/248 225/249/249 226/250/250
f 226/250/250 225/249/249 236/251/251
f 226/250/250 236/251/251 237/252/252
f 237/252/252 236/251/251 242/253/253
f 237/252/252 242/253/253 243/254/254
f 243/254/254 242/253/253 248/255/255
f 243/254/254 248/255/255 249/256/256
f 249/256/256 248/255/255 254/257/257
f 249/256/256 254/257/257 167/258/258
f 167/258/258 254/257/257 166/259/259
f 166/259/259 254/257/257 259/260/260
f 166/259/259 259/260/260 165/261/261
f 165/261/261 259/260/260 183/262/262
f 165/263/261 183/264/262 264/265/263
f 264/265/263 183/264/262 182/266/264
f 264/265/263 182/266/264 263/267/265
f 263/267/265 182/266/264 181/268/266
f 263/267/265 181/268/266 262/269/267
f 262/269/267 181/268/266 180/270/268
f 262/269/267 180/270/268 261/271/269
f 261/271/269 180/270/268 179/272/270
f 261/271/269 179/272/270 260/273/271
f 260/273/271 179/272/270 138/274/272
f 260/273/271 138/274/272 139/275/273
f 131/247/247 132/276/274 225/249/249
f 225/249/249 132/276/274 235/277/275
f 225/249/249 235/277/275 236/251/251
f 236/251/251 235/277/275 241/278/276
f 236/251/251 241/278/276 242/253/253
f 242/253/253 241/278/276 247/279/277
f 242/253/253 247/279/277 248/255/255
f 248/255/255 247/279/277 253/280/278
f 248/255/255 253/280/278 254/257/257
f 254/257/257 253/280/278 259/260/260
f 132/276/274 133/281/279 235/277/275
f 235/277/275 133/281/279 240/282/280
f 235/277/275 240/282/280 241/278/276
f 241/278/276 240/282/280 246/283/281
f 241/278/276 246/283/281 247/279/277
f 247/279/277 246/283/281 252/284/282
f 247/279/277 252/284/282 253/280/278
f 253/280/278 252/284/282 258/285/283
f 253/280/278 258/285/283 259/260/260
f 259/260/260 258/285/283 183/262/262
f 133/281/279 134/286/284 240/282/280
f 240/282/280 134/286/284 245/287/285
f 240/282/280 245/287/285 246/283/281
f 246/283/281 245/287/285 251/288/286
f 246/283/281 251/288/286 252/284/282
f 252/284/282 251/288/286 257/289/287
f 252/284/282 257/289/287 258/285/283
f 258/285/283 257/289/287 182/290/264
f 258/285/283 182/290/264 183/262/262
f 134/286/284 135/291/288 245/287/285
f 245/287/285 135/291/288 250/292/289
f 245/287/285 250/292/289 251/288/286
f 251/288/286 250/292/289 256/293/290
f 251/288/286 256/293/290 257/289/287
f 257/289/287 256/293/290 181/294/266
f 257/289/287 181/294/266 182/290/264
f 135/291/288 136/295/291 250/292/289
f 250/292/289 136/295/291 255/296/292
f 250/292/289 255/296/292 256/293/290
f 256/293/290 255/296/292 180/297/268
f 256/293/290 180/297/268 181/294/266
f 136/295/291 137/298/293 255/296/292
f 255/296/292 137/298/293 179/299/270
f 255/296/292 179/299/270 180/297/268
f 137/300/293 138/274/272 179/272/270
f 260/273/271 139/275/273 265/301/294
f 265/301/294 139/275/273 140/302/295
f 265/301/294 140/302/295 270/303/296
f 270/303/296 140/302/295 141/304/297
f 270/303/296 141/304/297 275/305/298
f 275/305/298 141/304/297 142/306/299
f 275/305/298 142/306/299 280/307/300
f 280/307/300 142/306/299 143/308/301
f 280/307/300 143/308/301 285/225/225
f 285/225/225 143/308/301 144/223/223
f 152/309/302 191/310/303 151/311/304
f 151/311/304 191/310/303 190/312/305
f 151/311/304 190/312/305 178/313/306
f 178/313/306 190/312/305 200/314/307
f 178/313/306 200/314/307 177/315/308
f 177/315/308 200/314/307 205/316/309
f 177/315/308 205/316/309 176/317/310
f 176/317/310 205/316/309 210/318/311
f 176/317/310 210/318/311 175/319/312
f 175/319/312 210/318/311 215/320/313
f 175/319/312 215/320/313 174/321/314
f 174/321/314 215/320/313 220/322/315
f 174/321/314 220/322/315 173/323/316
f 173/323/316 220/322/315 224/324/317
f 173/323/316 224/324/317 172/325/318
f 172/325/318 224/324/317 230/326/319
f 172/325/318 230/326/319 171/327/320
f 171/327/320 230/326/319 229/328/321
f 171/327/320 229/328/321 170/329/322
f 170/329/322 229/328/321 239/330/323
f 170/329/322 239/330/323 169/331/324
f 169/331/324 239/330/323 244/332/325
f 169/331/324 244/332/325 168/333/326
f 168/333/326 244/332/325 249/256/256
f 168/333/326 249/256/256 167/258/258
f 191/310/303 152/309/302 323/334/327
f 323/334/327 152/309/302 153/335/328
f 323/334/327 153/335/328 318/336/329
f 318/336/329 153/335/328 154/337/330
f 318/336/329 154/337/330 313/338/331
f 313/338/331 154/337/330 155/339/332
f 313/338/331 155/339/332 308/340/333
f 308/340/333 155/339/332 156/341/334
f 308/340/333 156/341/334 299/342/335
f 299/342/335 156/341/334 157/343/336
f 299/342/335 157/343/336 300/344/337
f 300/344/337 157/343/336 158/345/338
f 300/344/337 158/345/338 294/232/232
f 294/232/232 158/345/338 159/234/234
f 289/233/233 160/235/235 284/346/339
f 284/346/339 160/235/235 161/347/340
f 284/346/339 161/347/340 279/348/341
f 279/348/341 161/347/340 162/349/342
f 279/348/341 162/349/342 274/350/343
f 274/350/343 162/349/342 163/351/344
f 274/350/343 163/351/344 269/352/345
f 269/352/345 163/351/344 164/353/346
f 269/352/345 164/353/346 264/265/263
f 264/265/263 164/353/346 165/263/261
f 186/208/208 187/354/347 195/210/210
f 195/210/210 187/354/347 194/355/348
f 195/210/210 194/355/348 319/212/212
f 319/212/212 194/355/348 320/356/349
f 319/212/212 320/356/349 314/214/214
f 314/214/214 320/356/349 315/357/350
f 314/214/214 315/357/350 309/216/216
f 309/216/216 315/357/350 310/358/351
f 309/216/216 310/358/351 304/218/218
f 304/218/218 310/358/351 305/359/352
f 304/218/218 305/359/352 295/220/220
f 295/220/220 305/359/352 296/360/353
f 295/220/220 296/360/353 184/222/222
f 184/222/222 296/360/353 303/361/354
f 184/222/222 303/361/354 290/224/224
f 290/224/224 303/361/354 291/226/226
f 187/354/347 188/362/355 194/355/348
f 194/355/348 188/362/355 193/363/356
f 194/355/348 193/363/356 320/356/349
f 320/356/349 193/363/356 321/364/357
f 320/356/349 321/364/357 315/357/350
f 315/357/350 321/364/357 316/365/358
f 315/357/350 316/365/358 310/358/351
f 310/358/351 316/365/358 311/366/359
f 310/358/351 311/366/359 305/359/352
f 305/359/352 311/366/359 306/367/360
f 305/359/352 306/367/360 296/360/353
f 296/360/353 306/367/360 297/368/361
f 296/360/353 297/368/361 303/361/354
f 303/361/354 297/368/361 302/369/362
f 303/361/354 302/369/362 291/226/226
f 291/226/226 302/369/362 292/228/228
f 187/354/347 186/208/208 197/370/363
f 197/370/363 186/208/208 196/236/236
f 197/370/363 196/236/236 202/371/364
f 202/371/364 196/236/236 201/238/238
f 202/371/364 201/238/238 207/372/365
f 207/372/365 201/238/238 206/240/240
f 207/372/365 206/240/240 212/373/366
f 212/373/366 206/240/240 211/242/242
f 212/373/366 211/242/242 217/374/367
f 217/374/367 211/242/242 216/244/244
f 217/374/367 216/244/244 221/375/368
f 221/375/368 216/244/244 185/246/246
f 221/375/368 185/246/246 233/376/369
f 233/376/369 185/246/246 234/248/248
f 233/376/369 234/248/248 226/250/250
f 188/362/355 189/377/370 193/363/356
f 193/363/356 189/377/370 192/378/371
f 193/363/356 192/378/371 321/364/357
f 321/364/357 192/378/371 322/379/372
f 321/364/357 322/379/372 316/365/358
f 316/365/358 322/379/372 317/380/373
f 316/365/358 317/380/373 311/366/359
f 311/366/359 317/380/373 312/381/374
f 311/366/359 312/381/374 306/367/360
f 306/367/360 312/381/374 307/382/375
f 306/367/360 307/382/375 297/368/361
f 297/368/361 307/382/375 298/383/376
f 297/368/361 298/383/376 302/369/362
f 302/369/362 298/383/376 301/384/377
f 302/369/362 301/384/377 292/228/228
f 292/228/228 301/384/377 293/230/230
f 188/362/355 187/354/347 198/385/378
f 198/385/378 187/354/347 197/370/363
f 198/385/378 197/370/363 203/386/379
f 203/386/379 197/370/363 202/371/364
f 203/386/379 202/371/364 208/387/380
f 208/387/380 202/371/364 207/372/365
f 208/387/380 207/372/365 213/388/381
f 213/388/381 207/372/365 212/373/366
f 213/388/381 212/373/366 218/389/382
f 218/389/382 212/373/366 217/374/367
f 218/389/382 217/374/367 222/390/383
f 222/390/383 217/374/367 221/375/368
f 222/390/383 221/375/368 232/391/384
f 232/391/384 221/375/368 233/376/369
f 232/391/384 233/376/369 227/392/385
f 227/392/385 233/376/369 226/250/250
f 227/392/385 226/250/250 237/252/252
f 189/377/370 190/312/305 192/378/371
f 192/378/371 190/312/305 191/310/303
f 192/378/371 191/310/303 322/379/372
f 322/379/372 191/310/303 323/334/327
f 322/379/372 323/334/327 317/380/373
f 317/380/373 323/334/327 318/336/329
f 317/380/373 318/336/329 312/381/374
f 312/381/374 318/336/329 313/338/331
f 312/381/374 313/338/331 307/382/375
f 307/382/375 313/338/331 308/340/333
f 307/382/375 308/340/333 298/383/376
f 298/383/376 308/340/333 299/342/335
f 298/383/376 299/342/335 301/384/377
f 301/384/377 299/342/335 300/344/337
f 301/384/377 300/344/337 293/230/230
f 293/230/230 300/344/337 294/232/232
f 189/377/370 188/362/355 199/393/386
f 199/393/386 188/362/355 198/385/378
f 199/393/386 198/385/378 204/394/387
f 204/394/387 198/385/378 203/386/379
f 204/394/387 203/386/379 209/395/388
f 209/395/388 203/386/379 208/387/380
f 209/395/388 208/387/380 214/396/389
f 214/396/389 208/387/380 213/388/381
f 214/396/389 213/388/381 219/397/390
f 219/397/390 213/388/381 218/389/382
f 219/397/390 218/389/382 223/398/391
f 223/398/391 218/389/382 222/390/383
f 223/398/391 222/390/383 231/399/392
f 231/399/392 222/390/383 232/391/384
f 231/399/392 232/391/384 228/400/393
f 228/400/393 232/391/384 227/392/385
f 228/400/393 227/392/385 238/401/394
f 238/401/394 227/392/385 237/252/252
f 238/401/394 237/252/252 243/254/254
f 190/312/305 189/377/370 200/314/307
f 200/314/307 189/377/370 199/393/386
f 200/314/307 199/393/386 205/316/309
f 205/316/309 199/393/386 204/394/387
f 205/316/309 204/394/387 210/318/311
f 210/318/311 204/394/387 209/395/388
f 210/318/311 209/395/388 215/320/313
f 215/320/313 209/395/388 214/396/389
f 215/320/313 214/396/389 220/322/315
f 220/322/315 214/396/389 219/397/390
f 220/322/315 219/397/390 224/324/317
f 224/324/317 219/397/390 223/398/391
f 224/324/317 223/398/391 230/326/319
f 230/326/319 223/398/391 231/399/392
f 230/326/319 231/399/392 229/328/321
f 229/328/321 231/399/392 228/400/393
f 229/328/321 228/400/393 239/330/323
f 239/330/323 228/400/393 238/401/394
f 239/330/323 238/401/394 244/332/325
f 244/332/325 238/401/394 243/254/254
f 244/332/325 243/254/254 249/256/256
f 261/271/269 260/273/271 266/402/395
f 266/402/395 260/273/271 265/301/294
f 266/402/395 265/301/294 271/403/396
f 271/403/396 265/301/294 270/303/296
f 271/403/396 270/303/296 276/404/397
f 276/404/397 270/303/296 275/305/298
f 276/404/397 275/305/298 281/405/398
f 281/405/398 275/305/298 280/307/300
f 281/405/398 280/307/300 286/227/227
f 286/227/227 280/307/300 285/225/225
f 262/269/267 261/271/269 267/406/399
f 267/406/399 261/271/269 266/402/395
f 267/406/399 266/402/395 272/407/400
f 272/407/400 266/402/395 271/403/396
f 272/407/400 271/403/396 277/408/401
f 277/408/401 271/403/396 276/404/397
f 277/408/401 276/404/397 282/409/402
f 282/409/402 276/404/397 281/405/398
f 282/409/402 281/405/398 287/229/229
f 287/229/229 281/405/398 286/227/227
f 269/352/345 264/265/263 263/267/265
f 263/267/265 262/269/267 268/410/403
f 268/410/403 262/269/267 267/406/399
f 268/410/403 267/406/399 273/411/404
f 273/411/404 267/406/399 272/407/400
f 273/411/404 272/407/400 278/412/405
f 278/412/405 272/407/400 277/408/401
f 278/412/405 277/408/401 283/413/406
f 283/413/406 277/408/401 282/409/402
f 283/413/406 282/409/402 288/231/231
f 288/231/231 282/409/402 287/229/229
f 274/350/343 269/352/345 268/410/403
f 268/410/403 269/352/345 263/267/265
f 274/350/343 268/410/403 273/411/404
f 279/348/341 274/350/343 273/411/404
f 279/348/341 273/411/404 278/412/405
f 284/346/339 279/348/341 278/412/405
f 284/346/339 278/412/405 283/413/406
f 289/233/233 284/346/339 283/413/406
f 289/233/233 283/413/406 288/231/231
f 325/414/407 125/415/207 324/416/408
f 324/416/408 125/415/207 124/417/209
f 324/418/408 124/419/209 350/420/409
f 350/420/409 124/419/209 150/421/211
f 350/420/409 150/421/211 349/422/410
f 349/422/410 150/421/211 149/423/213
f 349/422/410 149/423/213 348/424/411
f 348/424/411 149/423/213 148/425/215
f 348/424/411 148/425/215 347/426/412
f 347/426/412 148/425/215 147/427/217
f 347/426/412 147/427/217 346/428/413
f 346/428/413 147/427/217 146/429/219
f 346/428/413 146/429/219 345/430/414
f 345/430/414 146/429/219 145/431/221
f 345/430/414 145/431/221 344/432/415
f 344/432/415 145/431/221 144/433/223
f 344/432/415 144/433/223 343/434/416
f 343/434/416 144/433/223 143/435/301
f 343/434/416 143/435/301 342/436/417
f 342/436/417 143/435/301 142/437/299
f 342/436/417 142/437/299 341/438/418
f 341/438/418 142/437/299 141/439/297
f 341/438/418 141/439/297 340/440/419
f 340/440/419 141/439/297 140/441/295
f 340/440/419 140/441/295 339/442/420
f 339/442/420 140/441/295 139/443/273
f 339/442/420 139/443/273 338/444/421
f 338/444/421 139/443/273 138/445/272
f 338/444/421 138/445/272 337/446/422
f 337/446/422 138/445/272 137/447/293
f 337/446/422 137/447/293 336/448/423
f 336/448/423 137/447/293 136/449/291
f 336/448/423 136/449/291 335/450/424
f 335/450/424 136/449/291 135/451/288
f 335/450/424 135/451/288 334/452/425
f 334/452/425 135/451/288 134/453/284
f 334/452/425 134/453/284 333/454/426
f 333/454/426 134/453/284 133/455/279
f 333/454/426 133/455/279 332/456/427
f 332/456/427 133/455/279 132/457/274
f 332/456/427 132/457/274 331/458/428
f 331/458/428 132/457/274 131/459/247
f 331/458/428 131/459/247 330/460/429
f 330/460/429 131/459/247 130/461/245
f 330/460/429 130/461/245 329/462/430
f 329/462/430 130/461/245 129/463/243
f 329/462/430 129/463/243 328/464/431
f 328/464/431 129/463/243 128/465/241
f 328/464/431 128/465/241 327/466/432
f 327/466/432 128/465/241 127/467/239
f 327/466/432 127/467/239 326/468/433
f 326/468/433 127/467/239 126/469/237
f 326/468/433 126/469/237 325/414/407
f 325/414/407 126/469/237 125/415/207
f 351/470/434 352/471/435 413/472/436
f 413/472/436 352/471/435 412/473/437
f 412/473/437 352/471/435 171/474/320
f 412/473/437 171/474/320 170/475/322
f 353/476/438 355/477/439 352/471/435
f 352/471/435 355/477/439 173/478/316
f 352/471/435 173/478/316 172/479/318
f 353/476/438 354/480/440 355/477/439
f 356/481/441 358/482/442 355/477/439
f 355/477/439 358/482/442 174/483/314
f 355/477/439 174/483/314 173/478/316
f 356/481/441 357/484/443 358/482/442
f 359/485/444 361/486/445 358/482/442
f 358/482/442 361/486/445 175/487/312
f 358/482/442 175/487/312 174/483/314
f 359/485/444 360/488/446 361/486/445
f 362/489/447 364/490/448 361/486/445
f 361/486/445 364/490/448 177/491/308
f 361/486/445 177/491/308 176/492/310
f 362/489/447 363/493/449 364/490/448
f 365/494/450 367/495/451 364/490/448
f 364/490/448 367/495/451 178/496/306
f 364/490/448 178/496/306 177/491/308
f 365/494/450 366/497/452 367/495/451
f 368/498/453 370/499/454 367/495/451
f 367/495/451 370/499/454 151/500/304
f 367/495/451 151/500/304 178/496/306
f 368/498/453 369/501/455 370/499/454
f 371/502/456 373/503/457 370/499/454
f 370/499/454 373/503/457 153/504/328
f 370/499/454 153/504/328 152/505/302
f 371/502/456 372/506/458 373/503/457
f 374/507/459 376/508/460 373/503/457
f 373/503/457 376/508/460 154/509/330
f 373/503/457 154/509/330 153/504/328
f 374/507/459 375/510/461 376/508/460
f 377/511/462 379/512/463 376/508/460
f 376/508/460 379/512/463 155/513/332
f 376/508/460 155/513/332 154/509/330
f 377/511/462 378/514/464 379/512/463
f 380/515/465 382/516/466 379/512/463
f 379/512/463 382/516/466 157/517/336
f 379/512/463 157/517/336 156/518/334
f 380/515/465 381/519/467 382/516/466
f 383/520/468 385/521/469 382/516/466
f 382/516/466 385/521/469 158/522/338
f 382/516/466 158/522/338 157/517/336
f 383/520/468 384/523/470 385/521/469
f 386/524/471 388/525/472 385/521/469
f 385/521/469 388/525/472 159/526/234
f 385/521/469 159/526/234 158/522/338
f 386/524/471 387/527/473 388/525/472
f 389/528/474 391/529/475 388/525/472
f 388/525/472 391/529/475 161/530/340
f 388/525/472 161/530/340 160/531/235
f 389/528/474 390/532/476 391/529/475
f 392/533/477 394/534/478 391/529/475
f 391/529/475 394/534/478 162/535/342
f 391/529/475 162/535/342 161/530/340
f 392/533/477 393/536/479 394/534/478
f 395/537/480 397/538/481 394/534/478
f 394/534/478 397/538/481 163/539/344
f 394/534/478 163/539/344 162/535/342
f 395/537/480 396/540/482 397/538/481
f 398/541/483 400/542/484 397/538/481
f 397/538/481 400/542/484 165/543/261
f 397/538/481 165/543/261 164/544/346
f 398/541/483 399/545/485 400/542/484
f 401/546/486 403/547/487 400/542/484
f 400/542/484 403/547/487 166/548/259
f 400/542/484 166/548/259 165/543/261
f 401/546/486 402/549/488 403/547/487
f 404/550/489 406/551/490 403/547/487
f 403/547/487 406/551/490 167/552/258
f 403/547/487 167/552/258 166/548/259
f 404/550/489 405/553/491 406/551/490
f 407/554/492 409/555/493 406/551/490
f 406/551/490 409/555/493 169/556/324
f 406/551/490 169/556/324 168/557/326
f 407/554/492 408/558/494 409/555/493
f 410/559/495 412/473/437 409/555/493
f 409/555/493 412/473/437 170/475/322
f 409/555/493 170/475/322 169/556/324
f 410/559/495 411/560/496 412/473/437
f 176/492/310 175/487/312 361/486/445
f 172/479/318 171/474/320 352/471/435
f 168/557/326 167/552/258 406/551/490
f 164/544/346 163/539/344 397/538/481
f 160/531/235 159/526/234 388/525/472
f 156/518/334 155/513/332 379/512/463
f 152/505/302 151/500/304 370/499/454
f 24/561/497 23/562/498 73/563/499
f 73/563/499 23/562/498 347/564/500
f 73/563/499 347/564/500 346/565/501
f 23/562/498 22/566/502 347/564/500
f 347/564/500 22/566/502 348/567/503
f 348/567/503 22/566/502 21/568/504
f 348/567/503 21/568/504 349/569/505
f 349/569/505 21/568/504 20/570/506
f 349/569/505 20/570/506 350/571/507
f 350/571/507 20/570/506 324/572/508
f 324/572/508 20/570/506 19/573/509
f 324/572/508 19/573/509 325/574/510
f 325/574/510 19/573/509 18/575/511
f 325/574/510 18/575/511 326/576/512
f 326/576/512 18/575/511 17/577/513
f 326/576/512 17/577/513 327/578/514
f 327/578/514 17/577/513 16/579/515
f 327/578/514 16/579/515 328/580/516
f 328/580/516 16/579/515 15/581/517
f 328/580/516 15/581/517 329/582/518
f 329/582/518 15/581/517 14/583/519
f 329/582/518 14/583/519 330/584/520
f 330/584/520 14/583/519 13/585/521
f 330/584/520 13/585/521 331/586/522
f 331/586/522 13/585/521 12/587/523
f 331/586/522 12/587/523 332/588/524
f 332/588/524 12/587/523 11/589/525
f 332/588/524 11/589/525 333/590/526
f 333/590/526 11/589/525 334/591/527
f 334/591/527 11/589/525 10/592/528
f 334/591/527 10/592/528 335/593/529
f 335/593/529 10/592/528 9/594/530
f 335/593/529 9/594/530 336/595/531
f 336/595/531 9/594/530 8/596/532
f 336/595/531 8/596/532 337/597/533
f 337/597/533 8/596/532 7/598/534
f 337/597/533 7/598/534 338/599/535
f 338/599/535 7/598/534 6/600/536
f 338/599/535 6/600/536 339/601/537
f 339/601/537 6/600/536 5/602/538
f 339/601/537 5/602/538 340/603/539
f 340/603/539 5/602/538 4/604/540
f 340/603/539 4/604/540 341/605/541
f 341/605/541 4/604/540 3/606/542
f 341/605/541 3/606/542 342/607/543
f 342/607/543 3/606/542 50/608/544
f 342/607/543 50/608/544 343/609/545
f 343/609/545 50/608/544 344/610/546
f 344/610/546 50/608/544 73/563/499
f 344/610/546 73/563/499 345/611/547
f 345/611/547 73/563/499 346/565/501
f 3/606/542 2/612/548 50/608/544
f 415/613/549 475/614/550 414/615/551
f 414/615/551 475/614/550 469/616/552
f 414/617/551 469/618/552 609/619/553
f 609/619/553 469/618/552 470/620/554
f 609/619/553 470/620/554 610/621/555
f 610/621/555 470/620/554 471/622/556
f 610/621/555 471/622/556 611/623/557
f 611/623/557 471/622/556 472/624/558
f 611/623/557 472/624/558 612/625/559
f 612/625/559 472/624/558 473/626/560
f 612/625/559 473/626/560 613/627/561
f 613/627/561 473/626/560 441/628/562
f 613/627/561 441/628/562 442/629/563
f 475/614/550 415/613/549 480/630/564
f 480/630/564 415/613/549 416/631/565
f 480/630/564 416/631/565 485/632/566
f 485/632/566 416/631/565 417/633/567
f 485/632/566 417/633/567 490/634/568
f 490/634/568 417/633/567 418/635/569
f 490/634/568 418/635/569 495/636/570
f 495/636/570 418/635/569 419/637/571
f 495/636/570 419/637/571 500/638/572
f 500/638/572 419/637/571 420/639/573
f 500/638/572 420/639/573 505/640/574
f 505/640/574 420/639/573 421/641/575
f 505/640/574 421/641/575 510/642/576
f 510/642/576 421/641/575 422/643/577
f 510/642/576 422/643/577 515/644/578
f 515/644/578 422/643/577 423/645/579
f 515/644/578 423/645/579 520/646/580
f 520/646/580 423/645/579 424/647/581
f 520/646/580 424/647/581 525/648/582
f 525/648/582 424/647/581 425/649/583
f 525/648/582 425/649/583 530/650/584
f 530/650/584 425/649/583 426/651/585
f 530/650/584 426/651/585 535/652/586
f 535/652/586 426/651/585 427/653/587
f 535/652/586 427/653/587 474/654/588
f 474/654/588 427/653/587 428/655/589
f 474/654/588 428/655/589 553/656/590
f 553/656/590 428/655/589 544/657/591
f 553/656/590 544/657/591 545/658/592
f 545/658/592 544/657/591 555/659/593
f 545/658/592 555/659/593 556/660/594
f 556/660/594 555/659/593 561/661/595
f 556/660/594 561/661/595 562/662/596
f 562/662/596 561/661/595 567/663/597
f 562/662/596 567/663/597 568/664/598
f 568/664/598 567/663/597 573/665/599
f 568/664/598 573/665/599 450/666/600
f 450/666/600 573/665/599 449/667/601
f 449/667/601 573/665/599 578/668/602
f 449/667/601 578/668/602 448/669/603
f 448/669/603 578/668/602 583/670/604
f 448/669/603 583/670/604 447/671/605
f 447/671/605 583/670/604 588/672/606
f 447/671/605 588/672/606 446/673/607
f 446/673/607 588/672/606 593/674/608
f 446/673/607 593/674/608 445/675/609
f 445/675/609 593/674/608 598/676/610
f 445/675/609 598/676/610 444/677/611
f 444/677/611 598/676/610 603/678/612
f 444/677/611 603/678/612 443/679/613
f 443/679/613 603/678/612 608/680/614
f 443/679/613 608/680/614 442/629/563
f 442/629/563 608/680/614 613/627/561
f 428/655/589 429/681/615 544/657/591
f 544/657/591 429/681/615 554/682/616
f 544/657/591 554/682/616 555/659/593
f 555/659/593 554/682/616 560/683/617
f 555/659/593 560/683/617 561/661/595
f 561/661/595 560/683/617 566/684/618
f 561/661/595 566/684/618 567/663/597
f 567/663/597 566/684/618 572/685/619
f 567/663/597 572/685/619 573/665/599
f 573/665/599 572/685/619 578/668/602
f 429/681/615 430/686/620 554/682/616
f 554/682/616 430/686/620 559/687/621
f 554/682/616 559/687/621 560/683/617
f 560/683/617 559/687/621 565/688/622
f 560/683/617 565/688/622 566/684/618
f 566/684/618 565/688/622 571/689/623
f 566/684/618 571/689/623 572/685/619
f 572/685/619 571/689/623 577/690/624
f 572/685/619 577/690/624 578/668/602
f 578/668/602 577/690/624 583/670/604
f 430/686/620 431/691/625 559/687/621
f 559/687/621 431/691/625 564/692/626
f 559/687/621 564/692/626 565/688/622
f 565/688/622 564/692/626 570/693/627
f 565/688/622 570/693/627 571/689/623
f 571/689/623 570/693/627 576/694/628
f 571/689/623 576/694/628 577/690/624
f 577/690/624 576/694/628 582/695/629
f 577/690/624 582/695/629 583/670/604
f 583/670/604 582/695/629 588/672/606
f 431/691/625 432/696/630 564/692/626
f 564/692/626 432/696/630 569/697/631
f 564/692/626 569/697/631 570/693/627
f 570/693/627 569/697/631 575/698/632
f 570/693/627 575/698/632 576/694/628
f 576/694/628 575/698/632 581/699/633
f 576/694/628 581/699/633 582/695/629
f 582/695/629 581/699/633 587/700/634
f 582/695/629 587/700/634 588/672/606
f 588/672/606 587/700/634 593/674/608
f 432/696/630 433/701/635 569/697/631
f 569/697/631 433/701/635 574/702/636
f 569/697/631 574/702/636 575/698/632
f 575/698/632 574/702/636 580/703/637
f 575/698/632 580/703/637 581/699/633
f 581/699/633 580/703/637 586/704/638
f 581/699/633 586/704/638 587/700/634
f 587/700/634 586/704/638 592/705/639
f 587/700/634 592/705/639 593/674/608
f 593/674/608 592/705/639 598/676/610
f 433/701/635 434/706/640 574/702/636
f 574/702/636 434/706/640 579/707/641
f 574/702/636 579/707/641 580/703/637
f 580/703/637 579/707/641 585/708/642
f 580/703/637 585/708/642 586/704/638
f 586/704/638 585/708/642 591/709/643
f 586/704/638 591/709/643 592/705/639
f 592/705/639 591/709/643 597/710/644
f 592/705/639 597/710/644 598/676/610
f 598/676/610 597/710/644 603/678/612
f 434/706/640 435/711/645 579/707/641
f 579/707/641 435/711/645 584/712/646
f 579/707/641 584/712/646 585/708/642
f 585/708/642 584/712/646 590/713/647
f 585/708/642 590/713/647 591/709/643
f 591/709/643 590/713/647 596/714/648
f 591/709/643 596/714/648 597/710/644
f 597/710/644 596/714/648 602/715/649
f 597/710/644 602/715/649 603/678/612
f 603/678/612 602/715/649 608/680/614
f 435/711/645 436/716/650 584/712/646
f 584/712/646 436/716/650 589/717/651
f 584/712/646 589/717/651 590/713/647
f 590/713/647 589/717/651 595/718/652
f 590/713/647 595/718/652 596/714/648
f 596/714/648 595/718/652 601/719/653
f 596/714/648 601/719/653 602/715/649
f 602/715/649 601/719/653 607/720/654
f 602/715/649 607/720/654 608/680/614
f 608/680/614 607/720/654 613/627/561
f 436/716/650 437/721/655 589/717/651
f 589/717/651 437/721/655 594/722/656
f 589/717/651 594/722/656 595/718/652
f 595/718/652 594/722/656 600/723/657
f 595/718/652 600/723/657 601/719/653
f 601/719/653 600/723/657 606/724/658
f 601/719/653 606/724/658 607/720/654
f 607/720/654 606/724/658 612/625/559
f 607/720/654 612/625/559 613/627/561
f 437/721/655 438/725/659 594/722/656
f 594/722/656 438/725/659 599/726/660
f 594/722/656 599/726/660 600/723/657
f 600/723/657 599/726/660 605/727/661
f 600/723/657 605/727/661 606/724/658
f 606/724/658 605/727/661 611/623/557
f 606/724/658 611/623/557 612/625/559
f 438/725/659 439/728/662 599/726/660
f 599/726/660 439/728/662 604/729/663
f 599/726/660 604/729/663 605/727/661
f 605/727/661 604/729/663 610/621/555
f 605/727/661 610/621/555 611/623/557
f 439/728/662 440/730/664 604/729/663
f 604/729/663 440/730/664 609/619/553
f 604/729/663 609/619/553 610/621/555
f 440/730/664 414/617/551 609/619/553
f 450/666/600 451/731/665 568/664/598
f 568/664/598 451/731/665 563/732/666
f 568/664/598 563/732/666 562/662/596
f 562/662/596 563/732/666 557/733/667
f 562/662/596 557/733/667 556/660/594
f 556/660/594 557/733/667 546/734/668
f 556/660/594 546/734/668 545/658/592
f 545/658/592 546/734/668 552/735/669
f 545/658/592 552/735/669 553/656/590
f 553/656/590 552/735/669 474/654/588
f 451/731/665 452/736/670 563/732/666
f 563/732/666 452/736/670 558/737/671
f 563/732/666 558/737/671 557/733/667
f 557/733/667 558/737/671 547/738/672
f 557/733/667 547/738/672 546/734/668
f 546/734/668 547/738/672 551/739/673
f 546/734/668 551/739/673 552/735/669
f 552/735/669 551/739/673 540/740/674
f 552/735/669 540/740/674 474/654/588
f 474/654/588 540/740/674 535/652/586
f 452/736/670 453/741/675 558/737/671
f 558/737/671 453/741/675 548/742/676
f 558/737/671 548/742/676 547/738/672
f 547/738/672 548/742/676 550/743/677
f 547/738/672 550/743/677 551/739/673
f 551/739/673 550/743/677 541/744/678
f 551/739/673 541/744/678 540/740/674
f 540/740/674 541/744/678 536/745/679
f 540/740/674 536/745/679 535/652/586
f 535/652/586 536/745/679 530/650/584
f 453/741/675 454/746/680 548/742/676
f 548/742/676 454/746/680 549/747/681
f 548/742/676 549/747/681 550/743/677
f 550/743/677 549/747/681 542/748/682
f 550/743/677 542/748/682 541/744/678
f 541/744/678 542/748/682 537/749/683
f 541/744/678 537/749/683 536/745/679
f 536/745/679 537/749/683 531/750/684
f 536/745/679 531/750/684 530/650/584
f 530/650/584 531/750/684 525/648/582
f 454/746/680 455/751/685 549/747/681
f 549/747/681 455/751/685 543/752/686
f 549/747/681 543/752/686 542/748/682
f 542/748/682 543/752/686 538/753/687
f 542/748/682 538/753/687 537/749/683
f 537/749/683 538/753/687 532/754/688
f 537/749/683 532/754/688 531/750/684
f 531/750/684 532/754/688 526/755/689
f 531/750/684 526/755/689 525/648/582
f 525/648/582 526/755/689 520/646/580
f 455/751/685 456/756/690 543/752/686
f 543/752/686 456/756/690 539/757/691
f 543/752/686 539/757/691 538/753/687
f 538/753/687 539/757/691 533/758/692
f 538/753/687 533/758/692 532/754/688
f 532/754/688 533/758/692 527/759/693
f 532/754/688 527/759/693 526/755/689
f 526/755/689 527/759/693 521/760/694
f 526/755/689 521/760/694 520/646/580
f 520/646/580 521/760/694 515/644/578
f 456/756/690 457/761/695 539/757/691
f 539/757/691 457/761/695 534/762/696
f 539/757/691 534/762/696 533/758/692
f 533/758/692 534/762/696 528/763/697
f 533/758/692 528/763/697 527/759/693
f 527/759/693 528/763/697 522/764/698
f 527/759/693 522/764/698 521/760/694
f 521/760/694 522/764/698 516/765/699
f 521/760/694 516/765/699 515/644/578
f 515/644/578 516/765/699 510/642/576
f 457/761/695 458/766/700 534/762/696
f 534/762/696 458/766/700 529/767/701
f 534/762/696 529/767/701 528/763/697
f 528/763/697 529/767/701 523/768/702
f 528/763/697 523/768/702 522/764/698
f 522/764/698 523/768/702 517/769/703
f 522/764/698 517/769/703 516/765/699
f 516/765/699 517/769/703 511/770/704
f 516/765/699 511/770/704 510/642/576
f 510/642/576 511/770/704 505/640/574
f 458/766/700 459/771/705 529/767/701
f 529/767/701 459/771/705 524/772/706
f 529/767/701 524/772/706 523/768/702
f 523/768/702 524/772/706 518/773/707
f 523/768/702 518/773/707 517/769/703
f 517/769/703 518/773/707 512/774/708
f 517/769/703 512/774/708 511/770/704
f 511/770/704 512/774/708 506/775/709
f 511/770/704 506/775/709 505/640/574
f 505/640/574 506/775/709 500/638/572
f 459/771/705 460/776/710 524/772/706
f 524/772/706 460/776/710 519/777/711
f 524/772/706 519/777/711 518/773/707
f 518/773/707 519/777/711 513/778/712
f 518/773/707 513/778/712 512/774/708
f 512/774/708 513/778/712 507/779/713
f 512/774/708 507/779/713 506/775/709
f 506/775/709 507/779/713 501/780/714
f 506/775/709 501/780/714 500/638/572
f 500/638/572 501/780/714 495/636/570
f 460/776/710 461/781/715 519/777/711
f 519/777/711 461/781/715 514/782/716
f 519/777/711 514/782/716 513/778/712
f 513/778/712 514/782/716 508/783/717
f 513/778/712 508/783/717 507/779/713
f 507/779/713 508/783/717 502/784/718
f 507/779/713 502/784/718 501/780/714
f 501/780/714 502/784/718 496/785/719
f 501/780/714 496/785/719 495/636/570
f 495/636/570 496/785/719 490/634/568
f 461/781/715 462/786/720 514/782/716
f 514/782/716 462/786/720 509/787/721
f 514/782/716 509/787/721 508/783/717
f 508/783/717 509/787/721 503/788/722
f 508/783/717 503/788/722 502/784/718
f 502/784/718 503/788/722 497/789/723
f 502/784/718 497/789/723 496/785/719
f 496/785/719 497/789/723 491/790/724
f 496/785/719 491/790/724 490/634/568
f 490/634/568 491/790/724 485/632/566
f 462/786/720 463/791/725 509/787/721
f 509/787/721 463/791/725 504/792/726
f 509/787/721 504/792/726 503/788/722
f 503/788/722 504/792/726 498/793/727
f 503/788/722 498/793/727 497/789/723
f 497/789/723 498/793/727 492/794/728
f 497/789/723 492/794/728 491/790/724
f 491/790/724 492/794/728 486/795/729
f 491/790/724 486/795/729 485/632/566
f 485/632/566 486/795/729 480/630/564
f 463/791/725 464/796/730 504/792/726
f 504/792/726 464/796/730 499/797/731
f 504/792/726 499/797/731 498/793/727
f 498/793/727 499/797/731 493/798/732
f 498/793/727 493/798/732 492/794/728
f 492/794/728 493/798/732 487/799/733
f 492/794/728 487/799/733 486/795/729
f 486/795/729 487/799/733 481/800/734
f 486/795/729 481/800/734 480/630/564
f 480/630/564 481/800/734 475/614/550
f 464/796/730 465/801/735 499/797/731
f 499/797/731 465/801/735 494/802/736
f 499/797/731 494/802/736 493/798/732
f 493/798/732 494/802/736 488/803/737
f 493/798/732 488/803/737 487/799/733
f 487/799/733 488/803/737 482/804/738
f 487/799/733 482/804/738 481/800/734
f 481/800/734 482/804/738 476/805/739
f 481/800/734 476/805/739 475/614/550
f 475/614/550 476/805/739 469/616/552
f 465/801/735 466/806/740 494/802/736
f 494/802/736 466/806/740 489/807/741
f 494/802/736 489/807/741 488/803/737
f 488/803/737 489/807/741 483/808/742
f 488/803/737 483/808/742 482/804/738
f 482/804/738 483/808/742 477/809/743
f 482/804/738 477/809/743 476/805/739
f 476/805/739 477/809/743 470/810/554
f 476/805/739 470/810/554 469/616/552
f 466/806/740 467/811/744 489/807/741
f 489/807/741 467/811/744 484/812/745
f 489/807/741 484/812/745 483/808/742
f 483/808/742 484/812/745 478/813/746
f 483/808/742 478/813/746 477/809/743
f 477/809/743 478/813/746 471/814/556
f 477/809/743 471/814/556 470/810/554
f 467/811/744 468/815/747 484/812/745
f 484/812/745 468/815/747 479/816/748
f 484/812/745 479/816/748 478/813/746
f 478/813/746 479/816/748 472/817/558
f 478/813/746 472/817/558 471/814/556
f 468/815/747 441/818/562 479/816/748
f 479/816/748 441/818/562 473/819/560
f 479/816/748 473/819/560 472/817/558
f 123/820/749 415/821/549 97/822/750
f 97/822/750 415/821/549 414/823/551
f 97/824/750 414/825/551 98/826/751
f 98/826/751 414/825/551 440/827/664
f 98/826/751 440/827/664 99/828/752
f 99/828/752 440/827/664 439/829/662
f 99/828/752 439/829/662 100/830/753
f 100/830/753 439/829/662 438/831/659
f 100/830/753 438/831/659 101/832/754
f 101/832/754 438/831/659 437/833/655
f 101/832/754 437/833/655 102/834/755
f 102/834/755 437/833/655 436/835/650
f 102/834/755 436/835/650 103/836/756
f 103/836/756 436/835/650 435/837/645
f 103/836/756 435/837/645 104/838/757
f 104/838/757 435/837/645 434/839/640
f 104/838/757 434/839/640 105/840/758
f 105/840/758 434/839/640 433/841/635
f 105/840/758 433/841/635 106/842/759
f 106/842/759 433/841/635 432/843/630
f 106/842/759 432/843/630 107/844/760
f 107/844/760 432/843/630 431/845/625
f 107/844/760 431/845/625 108/846/761
f 108/846/761 431/845/625 430/847/620
f 108/846/761 430/847/620 109/848/762
f 109/848/762 430/847/620 429/849/615
f 109/848/762 429/849/615 110/850/763
f 110/850/763 429/849/615 428/851/589
f 110/850/763 428/851/589 111/852/764
f 111/852/764 428/851/589 427/853/587
f 111/852/764 427/853/587 112/854/765
f 112/854/765 427/853/587 426/855/585
f 112/854/765 426/855/585 113/856/766
f 113/856/766 426/855/585 425/857/583
f 113/856/766 425/857/583 114/858/767
f 114/858/767 425/857/583 424/859/581
f 114/858/767 424/859/581 115/860/768
f 115/860/768 424/859/581 423/861/579
f 115/860/768 423/861/579 116/862/769
f 116/862/769 423/861/579 422/863/577
f 116/862/769 422/863/577 117/864/770
f 117/864/770 422/863/577 421/865/575
f 117/864/770 421/865/575 118/866/771
f 118/866/771 421/865/575 420/867/573
f 118/866/771 420/867/573 119/868/772
f 119/868/772 420/867/573 419/869/571
f 119/868/772 419/869/571 120/870/773
f 120/870/773 419/869/571 418/871/569
f 120/870/773 418/871/569 121/872/774
f 121/872/774 418/871/569 417/873/567
f 121/872/774 417/873/567 122/874/775
f 122/874/775 417/873/567 416/875/565
f 122/874/775 416/875/565 123/820/749
f 123/820/749 416/875/565 415/821/549
f 615/876/776 616/877/777 614/878/778
f 614/878/778 616/877/777 617/879/779
f 614/878/778 617/879/779 449/880/601
f 449/880/601 617/879/779 450/881/600
f 450/881/600 617/879/779 620/882/780
f 450/881/600 620/882/780 451/883/665
f 451/883/665 620/882/780 623/884/781
f 451/883/665 623/884/781 452/885/670
f 452/885/670 623/884/781 453/886/675
f 453/886/675 623/884/781 626/887/782
f 453/886/675 626/887/782 454/888/680
f 454/888/680 626/887/782 629/889/783
f 454/888/680 629/889/783 455/890/685
f 455/890/685 629/889/783 632/891/784
f 455/890/685 632/891/784 456/892/690
f 456/892/690 632/891/784 457/893/695
f 457/893/695 632/891/784 635/894/785
f 457/893/695 635/894/785 458/895/700
f 458/895/700 635/894/785 638/896/786
f 458/895/700 638/896/786 459/897/705
f 459/897/705 638/896/786 641/898/787
f 459/897/705 641/898/787 460/899/710
f 460/899/710 641/898/787 461/900/715
f 461/900/715 641/898/787 644/901/788
f 461/900/715 644/901/788 462/902/720
f 462/902/720 644/901/788 647/903/789
f 462/902/720 647/903/789 463/904/725
f 463/904/725 647/903/789 650/905/790
f 463/904/725 650/905/790 464/906/730
f 464/906/730 650/905/790 465/907/735
f 465/907/735 650/905/790 653/908/791
f 465/907/735 653/908/791 466/909/740
f 466/909/740 653/908/791 656/910/792
f 466/909/740 656/910/792 467/911/744
f 467/911/744 656/910/792 659/912/793
f 467/911/744 659/912/793 468/913/747
f 468/913/747 659/912/793 441/914/562
f 441/914/562 659/912/793 662/915/794
f 441/914/562 662/915/794 442/916/563
f 442/916/563 662/915/794 665/917/795
f 442/916/563 665/917/795 443/918/613
f 443/918/613 665/917/795 668/919/796
f 443/918/613 668/919/796 444/920/611
f 444/920/611 668/919/796 445/921/609
f 445/921/609 668/919/796 671/922/797
f 445/921/609 671/922/797 446/923/607
f 446/923/607 671/922/797 674/924/798
f 446/923/607 674/924/798 447/925/605
f 447/925/605 674/924/798 614/878/778
f 447/925/605 614/878/778 448/926/603
f 448/926/603 614/878/778 449/880/601
f 618/927/799 619/928/800 617/879/779
f 617/879/779 619/928/800 620/882/780
f 621/929/801 622/930/802 620/882/780
f 620/882/780 622/930/802 623/884/781
f 624/931/803 625/932/804 623/884/781
f 623/884/781 625/932/804 626/887/782
f 627/933/805 628/934/806 626/887/782
f 626/887/782 628/934/806 629/889/783
f 630/935/807 631/936/808 629/889/783
f 629/889/783 631/936/808 632/891/784
f 633/937/809 634/938/810 632/891/784
f 632/891/784 634/938/810 635/894/785
f 636/939/811 637/940/812 635/894/785
f 635/894/785 637/940/812 638/896/786
f 639/941/813 640/942/814 638/896/786
f 638/896/786 640/942/814 641/898/787
f 642/943/815 643/944/816 641/898/787
f 641/898/787 643/944/816 644/901/788
f 645/945/817 646/946/818 644/901/788
f 644/901/788 646/946/818 647/903/789
f 648/947/819 649/948/820 647/903/789
f 647/903/789 649/948/820 650/905/790
f 651/949/821 652/950/822 650/905/790
f 650/905/790 652/950/822 653/908/791
f 654/951/823 655/952/824 653/908/791
f 653/908/791 655/952/824 656/910/792
f 657/953/825 658/954/826 656/910/792
f 656/910/792 658/954/826 659/912/793
f 660/955/827 661/956/828 659/912/793
f 659/912/793 661/956/828 662/915/794
f 663/957/829 664/958/830 662/915/794
f 662/915/794 664/958/830 665/917/795
f 666/959/831 667/960/832 665/917/795
f 665/917/795 667/960/832 668/919/796
f 669/961/833 670/962/834 668/919/796
f 668/919/796 670/962/834 671/922/797
f 672/963/835 673/964/836 671/922/797
f 671/922/797 673/964/836 674/924/798
f 675/965/837 676/966/838 674/924/798
f 674/924/798 676/966/838 614/878/778
f 354/967/839 353/968/840 675/969/841
f 675/969/841 353/968/840 676/970/842
f 615/971/843 614/972/844 351/973/845
f 351/973/845 614/972/844 352/974/846
f 353/975/847 352/976/848 676/977/849
f 676/977/849 352/976/848 614/978/850
f 351/979/851 413/980/852 615/981/853
f 615/981/853 413/980/852 616/982/854
f 357/983/855 356/984/856 672/985/857
f 672/985/857 356/984/856 673/986/858
f 675/987/859 674/988/860 354/989/861
f 354/989/861 674/988/860 355/990/862
f 356/991/863 355/992/864 673/993/865
f 673/993/865 355/992/864 674/994/866
f 360/995/867 359/996/868 669/997/869
f 669/997/869 359/996/868 670/998/870
f 672/999/871 671/1000/872 357/1001/873
f 357/1001/873 671/1000/872 358/1002/874
f 359/1003/875 358/1004/876 670/1005/877
f 670/1005/877 358/1004/876 671/1006/878
f 363/1007/879 362/1008/880 666/1009/881
f 666/1009/881 362/1008/880 667/1010/882
f 669/1011/883 668/1012/884 360/1013/885
f 360/1013/885 668/1012/884 361/1014/886
f 362/1015/887 361/1016/888 667/1017/889
f 667/1017/889 361/1016/888 668/1018/890
f 366/1019/891 365/1020/892 663/1021/893
f 663/1021/893 365/1020/892 664/1022/894
f 666/1023/895 665/1024/896 363/1025/897
f 363/1025/897 665/1024/896 364/1026/898
f 365/1027/899 364/1028/900 664/1029/901
f 664/1029/901 364/1028/900 665/1030/902
f 369/1031/903 368/1032/904 660/1033/905
f 660/1033/905 368/1032/904 661/1034/906
f 663/1035/907 662/1036/908 366/1037/909
f 366/1037/909 662/1036/908 367/1038/910
f 368/1039/911 367/1040/912 661/1041/913
f 661/1041/913 367/1040/912 662/1042/914
f 372/1043/915 371/1044/916 657/1045/917
f 657/1045/917 371/1044/916 658/1046/918
f 660/1047/919 659/1048/920 369/1049/921
f 369/1049/921 659/1048/920 370/1050/922
f 371/1051/923 370/1052/924 658/1053/925
f 658/1053/925 370/1052/924 659/1054/926
f 375/1055/927 374/1056/928 654/1057/929
f 654/1057/929 374/1056/928 655/1058/930
f 657/1059/931 656/1060/932 372/1061/933
f 372/1061/933 656/1060/932 373/1062/934
f 374/1063/935 373/1064/936 655/1065/937
f 655/1065/937 373/1064/936 656/1066/938
f 378/1067/939 377/1068/940 651/1069/941
f 651/1069/941 377/1068/940 652/1070/942
f 654/1071/943 653/1072/944 375/1073/945
f 375/1073/945 653/1072/944 376/1074/946
f 377/1075/947 376/1076/948 652/1077/949
f 652/1077/949 376/1076/948 653/1078/950
f 381/1079/951 380/1080/952 648/1081/953
f 648/1081/953 380/1080/952 649/1082/954
f 651/1083/955 650/1084/956 378/1085/957
f 378/1085/957 650/1084/956 379/1086/958
f 380/1087/959 379/1088/960 649/1089/961
f 649/1089/961 379/1088/960 650/1090/962
f 384/1091/963 383/1092/964 645/1093/965
f 645/1093/965 383/1092/964 646/1094/966
f 648/1095/967 647/1096/968 381/1097/969
f 381/1097/969 647/1096/968 382/1098/970
f 383/1099/971 382/1100/972 646/1101/973
f 646/1101/973 382/1100/972 647/1102/974
f 387/1103/975 386/1104/976 642/1105/977
f 642/1105/977 386/1104/976 643/1106/978
f 645/1107/979 644/1108/980 384/1109/981
f 384/1109/981 644/1108/980 385/1110/982
f 386/1111/983 385/1112/984 643/1113/985
f 643/1113/985 385/1112/984 644/1114/986
f 390/1115/987 389/1116/988 639/1117/989
f 639/1117/989 389/1116/988 640/1118/990
f 642/1119/991 641/1120/992 387/1121/993
f 387/1121/993 641/1120/992 388/1122/994
f 389/1123/995 388/1124/996 640/1125/997
f 640/1125/997 388/1124/996 641/1126/998
f 393/1127/999 392/1128/1000 636/1129/1001
f 636/1129/1001 392/1128/1000 637/1130/1002
f 639/1131/1003 638/1132/1004 390/1133/1005
f 390/1133/1005 638/1132/1004 391/1134/1006
f 392/1135/1007 391/1136/1008 637/1137/1009
f 637/1137/1009 391/1136/1008 638/1138/1010
f 396/1139/1011 395/1140/1012 633/1141/1013
f 633/1141/1013 395/1140/1012 634/1142/1014
f 636/1143/1015 635/1144/1016 393/1145/1017
f 393/1145/1017 635/1144/1016 394/1146/1018
f 395/1147/1019 394/1148/1020 634/1149/1021
f 634/1149/1021 394/1148/1020 635/1150/1022
f 399/1151/1023 398/1152/1024 630/1153/1025
f 630/1153/1025 398/1152/1024 631/1154/1026
f 633/1155/1027 632/1156/1028 396/1157/1029
f 396/1157/1029 632/1156/1028 397/1158/1030
f 398/1159/1031 397/1160/1032 631/1161/1033
f 631/1161/1033 397/1160/1032 632/1162/1034
f 402/1163/1035 401/1164/1036 627/1165/1037
f 627/1165/1037 401/1164/1036 628/1166/1038
f 630/1167/1039 629/1168/1040 399/1169/1041
f 399/1169/1041 629/1168/1040 400/1170/1042
f 401/1171/1043 400/1172/1044 628/1173/1045
f 628/1173/1045 400/1172/1044 629/1174/1046
f 405/1175/1047 404/1176/1048 624/1177/1049
f 624/1177/1049 404/1176/1048 625/1178/1050
f 627/1179/1051 626/1180/1052 402/1181/1053
f 402/1181/1053 626/1180/1052 403/1182/1054
f 404/1183/1055 403/1184/1056 625/1185/1057
f 625/1185/1057 403/1184/1056 626/1186/1058
f 408/1187/1059 407/1188/1060 621/1189/1061
f 621/1189/1061 407/1188/1060 622/1190/1062
f 624/1191/1063 623/1192/1064 405/1193/1065
f 405/1193/1065 623/1192/1064 406/1194/1066
f 407/1195/1067 406/1196/1068 622/1197/1069
f 622/1197/1069 406/1196/1068 623/1198/1070
f 411/1199/1071 410/1200/1072 618/1201/1073
f 618/1201/1073 410/1200/1072 619/1202/1074
f 621/1203/1075 620/1204/1076 408/1205/1077
f 408/1205/1077 620/1204/1076 409/1206/1078
f 410/1207/1079 409/1208/1080 619/1209/1081
f 619/1209/1081 409/1208/1080 620/1210/1082
f 618/1211/1083 617/1212/1084 411/1213/1085
f 411/1213/1085 617/1212/1084 412/1214/1086
f 413/1215/1087 412/1216/1088 616/1217/1089
f 616/1217/1089 412/1216/1088 617/1218/1090
# 676 vertices
# 1218 texture params
# 1090 normals
# 1352 facets

# 1 groups
