ISO-10303-21;
HEADER;
/* Generated by software containing ST-Developer
 * from STEP Tools, Inc. (www.steptools.com) 
 */

FILE_DESCRIPTION(
/* description */ (''),
/* implementation_level */ '2;1');

FILE_NAME(
/* name */ 'Model.step',
/* time_stamp */ '2026-08-24T04:56:24+05:30',
/* author */ (''),
/* organization */ (''),
/* preprocessor_version */ 'ST-DEVELOPER v20.1',
/* originating_system */ 'Autodesk Translation Framework v15.8.0.0',
/* authorisation */ '');

FILE_SCHEMA (('AUTOMOTIVE_DESIGN { 1 0 10303 214 3 1 1 }'));
ENDSEC;

DATA;
#10=MECHANICAL_DESIGN_GEOMETRIC_PRESENTATION_REPRESENTATION('',(#13),#2488);
#11=SHAPE_REPRESENTATION_RELATIONSHIP('SRR','None',#2495,#12);
#12=ADVANCED_BREP_SHAPE_REPRESENTATION('',(#14),#2487);
#13=STYLED_ITEM('',(#2505),#14);
#14=MANIFOLD_SOLID_BREP('Body1',#1549);
#15=TOROIDAL_SURFACE('',#1575,27.,2.);
#16=TOROIDAL_SURFACE('',#1584,27.,2.);
#17=FACE_BOUND('',#579,.T.);
#18=FACE_BOUND('',#584,.T.);
#19=FACE_BOUND('',#586,.T.);
#20=FACE_BOUND('',#590,.T.);
#21=CYLINDRICAL_SURFACE('',#1567,12.5);
#22=CYLINDRICAL_SURFACE('',#1580,25.);
#23=CYLINDRICAL_SURFACE('',#1588,25.);
#24=LINE('',#2052,#225);
#25=LINE('',#2058,#226);
#26=LINE('',#2060,#227);
#27=LINE('',#2061,#228);
#28=LINE('',#2064,#229);
#29=LINE('',#2068,#230);
#30=LINE('',#2070,#231);
#31=LINE('',#2072,#232);
#32=LINE('',#2081,#233);
#33=LINE('',#2083,#234);
#34=LINE('',#2095,#235);
#35=LINE('',#2099,#236);
#36=LINE('',#2101,#237);
#37=LINE('',#2103,#238);
#38=LINE('',#2105,#239);
#39=LINE('',#2107,#240);
#40=LINE('',#2109,#241);
#41=LINE('',#2111,#242);
#42=LINE('',#2113,#243);
#43=LINE('',#2115,#244);
#44=LINE('',#2117,#245);
#45=LINE('',#2119,#246);
#46=LINE('',#2121,#247);
#47=LINE('',#2123,#248);
#48=LINE('',#2125,#249);
#49=LINE('',#2127,#250);
#50=LINE('',#2129,#251);
#51=LINE('',#2131,#252);
#52=LINE('',#2133,#253);
#53=LINE('',#2135,#254);
#54=LINE('',#2137,#255);
#55=LINE('',#2139,#256);
#56=LINE('',#2141,#257);
#57=LINE('',#2143,#258);
#58=LINE('',#2145,#259);
#59=LINE('',#2147,#260);
#60=LINE('',#2149,#261);
#61=LINE('',#2151,#262);
#62=LINE('',#2153,#263);
#63=LINE('',#2155,#264);
#64=LINE('',#2157,#265);
#65=LINE('',#2159,#266);
#66=LINE('',#2161,#267);
#67=LINE('',#2163,#268);
#68=LINE('',#2165,#269);
#69=LINE('',#2167,#270);
#70=LINE('',#2169,#271);
#71=LINE('',#2171,#272);
#72=LINE('',#2173,#273);
#73=LINE('',#2175,#274);
#74=LINE('',#2177,#275);
#75=LINE('',#2179,#276);
#76=LINE('',#2181,#277);
#77=LINE('',#2183,#278);
#78=LINE('',#2185,#279);
#79=LINE('',#2187,#280);
#80=LINE('',#2189,#281);
#81=LINE('',#2191,#282);
#82=LINE('',#2193,#283);
#83=LINE('',#2195,#284);
#84=LINE('',#2197,#285);
#85=LINE('',#2199,#286);
#86=LINE('',#2201,#287);
#87=LINE('',#2203,#288);
#88=LINE('',#2205,#289);
#89=LINE('',#2207,#290);
#90=LINE('',#2209,#291);
#91=LINE('',#2211,#292);
#92=LINE('',#2213,#293);
#93=LINE('',#2215,#294);
#94=LINE('',#2217,#295);
#95=LINE('',#2219,#296);
#96=LINE('',#2221,#297);
#97=LINE('',#2222,#298);
#98=LINE('',#2231,#299);
#99=LINE('',#2235,#300);
#100=LINE('',#2237,#301);
#101=LINE('',#2239,#302);
#102=LINE('',#2241,#303);
#103=LINE('',#2243,#304);
#104=LINE('',#2245,#305);
#105=LINE('',#2247,#306);
#106=LINE('',#2249,#307);
#107=LINE('',#2251,#308);
#108=LINE('',#2253,#309);
#109=LINE('',#2255,#310);
#110=LINE('',#2257,#311);
#111=LINE('',#2259,#312);
#112=LINE('',#2261,#313);
#113=LINE('',#2263,#314);
#114=LINE('',#2265,#315);
#115=LINE('',#2267,#316);
#116=LINE('',#2269,#317);
#117=LINE('',#2271,#318);
#118=LINE('',#2273,#319);
#119=LINE('',#2275,#320);
#120=LINE('',#2277,#321);
#121=LINE('',#2279,#322);
#122=LINE('',#2281,#323);
#123=LINE('',#2283,#324);
#124=LINE('',#2285,#325);
#125=LINE('',#2287,#326);
#126=LINE('',#2289,#327);
#127=LINE('',#2291,#328);
#128=LINE('',#2293,#329);
#129=LINE('',#2295,#330);
#130=LINE('',#2297,#331);
#131=LINE('',#2299,#332);
#132=LINE('',#2301,#333);
#133=LINE('',#2303,#334);
#134=LINE('',#2305,#335);
#135=LINE('',#2307,#336);
#136=LINE('',#2309,#337);
#137=LINE('',#2311,#338);
#138=LINE('',#2313,#339);
#139=LINE('',#2315,#340);
#140=LINE('',#2317,#341);
#141=LINE('',#2319,#342);
#142=LINE('',#2321,#343);
#143=LINE('',#2323,#344);
#144=LINE('',#2325,#345);
#145=LINE('',#2327,#346);
#146=LINE('',#2329,#347);
#147=LINE('',#2331,#348);
#148=LINE('',#2333,#349);
#149=LINE('',#2335,#350);
#150=LINE('',#2337,#351);
#151=LINE('',#2339,#352);
#152=LINE('',#2341,#353);
#153=LINE('',#2343,#354);
#154=LINE('',#2345,#355);
#155=LINE('',#2347,#356);
#156=LINE('',#2349,#357);
#157=LINE('',#2351,#358);
#158=LINE('',#2353,#359);
#159=LINE('',#2355,#360);
#160=LINE('',#2357,#361);
#161=LINE('',#2358,#362);
#162=LINE('',#2360,#363);
#163=LINE('',#2361,#364);
#164=LINE('',#2363,#365);
#165=LINE('',#2364,#366);
#166=LINE('',#2367,#367);
#167=LINE('',#2369,#368);
#168=LINE('',#2370,#369);
#169=LINE('',#2372,#370);
#170=LINE('',#2375,#371);
#171=LINE('',#2376,#372);
#172=LINE('',#2378,#373);
#173=LINE('',#2381,#374);
#174=LINE('',#2382,#375);
#175=LINE('',#2384,#376);
#176=LINE('',#2387,#377);
#177=LINE('',#2388,#378);
#178=LINE('',#2390,#379);
#179=LINE('',#2393,#380);
#180=LINE('',#2394,#381);
#181=LINE('',#2396,#382);
#182=LINE('',#2399,#383);
#183=LINE('',#2400,#384);
#184=LINE('',#2402,#385);
#185=LINE('',#2405,#386);
#186=LINE('',#2406,#387);
#187=LINE('',#2408,#388);
#188=LINE('',#2411,#389);
#189=LINE('',#2412,#390);
#190=LINE('',#2414,#391);
#191=LINE('',#2417,#392);
#192=LINE('',#2418,#393);
#193=LINE('',#2420,#394);
#194=LINE('',#2423,#395);
#195=LINE('',#2424,#396);
#196=LINE('',#2426,#397);
#197=LINE('',#2429,#398);
#198=LINE('',#2430,#399);
#199=LINE('',#2432,#400);
#200=LINE('',#2435,#401);
#201=LINE('',#2436,#402);
#202=LINE('',#2438,#403);
#203=LINE('',#2441,#404);
#204=LINE('',#2442,#405);
#205=LINE('',#2444,#406);
#206=LINE('',#2447,#407);
#207=LINE('',#2448,#408);
#208=LINE('',#2450,#409);
#209=LINE('',#2453,#410);
#210=LINE('',#2454,#411);
#211=LINE('',#2456,#412);
#212=LINE('',#2459,#413);
#213=LINE('',#2460,#414);
#214=LINE('',#2462,#415);
#215=LINE('',#2465,#416);
#216=LINE('',#2466,#417);
#217=LINE('',#2468,#418);
#218=LINE('',#2471,#419);
#219=LINE('',#2472,#420);
#220=LINE('',#2474,#421);
#221=LINE('',#2477,#422);
#222=LINE('',#2478,#423);
#223=LINE('',#2480,#424);
#224=LINE('',#2483,#425);
#225=VECTOR('',#1663,10.);
#226=VECTOR('',#1664,10.);
#227=VECTOR('',#1665,10.);
#228=VECTOR('',#1666,10.);
#229=VECTOR('',#1669,10.);
#230=VECTOR('',#1674,10.);
#231=VECTOR('',#1675,10.);
#232=VECTOR('',#1676,10.);
#233=VECTOR('',#1685,10.);
#234=VECTOR('',#1688,10.);
#235=VECTOR('',#1703,25.);
#236=VECTOR('',#1706,10.);
#237=VECTOR('',#1707,10.);
#238=VECTOR('',#1708,10.);
#239=VECTOR('',#1709,10.);
#240=VECTOR('',#1710,10.);
#241=VECTOR('',#1711,10.);
#242=VECTOR('',#1712,10.);
#243=VECTOR('',#1713,10.);
#244=VECTOR('',#1714,10.);
#245=VECTOR('',#1715,10.);
#246=VECTOR('',#1716,10.);
#247=VECTOR('',#1717,10.);
#248=VECTOR('',#1718,10.);
#249=VECTOR('',#1719,10.);
#250=VECTOR('',#1720,10.);
#251=VECTOR('',#1721,10.);
#252=VECTOR('',#1722,10.);
#253=VECTOR('',#1723,10.);
#254=VECTOR('',#1724,10.);
#255=VECTOR('',#1725,10.);
#256=VECTOR('',#1726,10.);
#257=VECTOR('',#1727,10.);
#258=VECTOR('',#1728,10.);
#259=VECTOR('',#1729,10.);
#260=VECTOR('',#1730,10.);
#261=VECTOR('',#1731,10.);
#262=VECTOR('',#1732,10.);
#263=VECTOR('',#1733,10.);
#264=VECTOR('',#1734,10.);
#265=VECTOR('',#1735,10.);
#266=VECTOR('',#1736,10.);
#267=VECTOR('',#1737,10.);
#268=VECTOR('',#1738,10.);
#269=VECTOR('',#1739,10.);
#270=VECTOR('',#1740,10.);
#271=VECTOR('',#1741,10.);
#272=VECTOR('',#1742,10.);
#273=VECTOR('',#1743,10.);
#274=VECTOR('',#1744,10.);
#275=VECTOR('',#1745,10.);
#276=VECTOR('',#1746,10.);
#277=VECTOR('',#1747,10.);
#278=VECTOR('',#1748,10.);
#279=VECTOR('',#1749,10.);
#280=VECTOR('',#1750,10.);
#281=VECTOR('',#1751,10.);
#282=VECTOR('',#1752,10.);
#283=VECTOR('',#1753,10.);
#284=VECTOR('',#1754,10.);
#285=VECTOR('',#1755,10.);
#286=VECTOR('',#1756,10.);
#287=VECTOR('',#1757,10.);
#288=VECTOR('',#1758,10.);
#289=VECTOR('',#1759,10.);
#290=VECTOR('',#1760,10.);
#291=VECTOR('',#1761,10.);
#292=VECTOR('',#1762,10.);
#293=VECTOR('',#1763,10.);
#294=VECTOR('',#1764,10.);
#295=VECTOR('',#1765,10.);
#296=VECTOR('',#1766,10.);
#297=VECTOR('',#1767,10.);
#298=VECTOR('',#1768,10.);
#299=VECTOR('',#1781,25.);
#300=VECTOR('',#1784,10.);
#301=VECTOR('',#1785,10.);
#302=VECTOR('',#1786,10.);
#303=VECTOR('',#1787,10.);
#304=VECTOR('',#1788,10.);
#305=VECTOR('',#1789,10.);
#306=VECTOR('',#1790,10.);
#307=VECTOR('',#1791,10.);
#308=VECTOR('',#1792,10.);
#309=VECTOR('',#1793,10.);
#310=VECTOR('',#1794,10.);
#311=VECTOR('',#1795,10.);
#312=VECTOR('',#1796,10.);
#313=VECTOR('',#1797,10.);
#314=VECTOR('',#1798,10.);
#315=VECTOR('',#1799,10.);
#316=VECTOR('',#1800,10.);
#317=VECTOR('',#1801,10.);
#318=VECTOR('',#1802,10.);
#319=VECTOR('',#1803,10.);
#320=VECTOR('',#1804,10.);
#321=VECTOR('',#1805,10.);
#322=VECTOR('',#1806,10.);
#323=VECTOR('',#1807,10.);
#324=VECTOR('',#1808,10.);
#325=VECTOR('',#1809,10.);
#326=VECTOR('',#1810,10.);
#327=VECTOR('',#1811,10.);
#328=VECTOR('',#1812,10.);
#329=VECTOR('',#1813,10.);
#330=VECTOR('',#1814,10.);
#331=VECTOR('',#1815,10.);
#332=VECTOR('',#1816,10.);
#333=VECTOR('',#1817,10.);
#334=VECTOR('',#1818,10.);
#335=VECTOR('',#1819,10.);
#336=VECTOR('',#1820,10.);
#337=VECTOR('',#1821,10.);
#338=VECTOR('',#1822,10.);
#339=VECTOR('',#1823,10.);
#340=VECTOR('',#1824,10.);
#341=VECTOR('',#1825,10.);
#342=VECTOR('',#1826,10.);
#343=VECTOR('',#1827,10.);
#344=VECTOR('',#1828,10.);
#345=VECTOR('',#1829,10.);
#346=VECTOR('',#1830,10.);
#347=VECTOR('',#1831,10.);
#348=VECTOR('',#1832,10.);
#349=VECTOR('',#1833,10.);
#350=VECTOR('',#1834,10.);
#351=VECTOR('',#1835,10.);
#352=VECTOR('',#1836,10.);
#353=VECTOR('',#1837,10.);
#354=VECTOR('',#1838,10.);
#355=VECTOR('',#1839,10.);
#356=VECTOR('',#1840,10.);
#357=VECTOR('',#1841,10.);
#358=VECTOR('',#1842,10.);
#359=VECTOR('',#1843,10.);
#360=VECTOR('',#1844,10.);
#361=VECTOR('',#1845,10.);
#362=VECTOR('',#1846,10.);
#363=VECTOR('',#1849,10.);
#364=VECTOR('',#1850,10.);
#365=VECTOR('',#1853,10.);
#366=VECTOR('',#1854,10.);
#367=VECTOR('',#1859,10.);
#368=VECTOR('',#1862,10.);
#369=VECTOR('',#1863,10.);
#370=VECTOR('',#1866,10.);
#371=VECTOR('',#1871,10.);
#372=VECTOR('',#1872,10.);
#373=VECTOR('',#1875,10.);
#374=VECTOR('',#1880,10.);
#375=VECTOR('',#1881,10.);
#376=VECTOR('',#1884,10.);
#377=VECTOR('',#1889,10.);
#378=VECTOR('',#1890,10.);
#379=VECTOR('',#1893,10.);
#380=VECTOR('',#1898,10.);
#381=VECTOR('',#1899,10.);
#382=VECTOR('',#1902,10.);
#383=VECTOR('',#1907,10.);
#384=VECTOR('',#1908,10.);
#385=VECTOR('',#1911,10.);
#386=VECTOR('',#1916,10.);
#387=VECTOR('',#1917,10.);
#388=VECTOR('',#1920,10.);
#389=VECTOR('',#1925,10.);
#390=VECTOR('',#1926,10.);
#391=VECTOR('',#1929,10.);
#392=VECTOR('',#1934,10.);
#393=VECTOR('',#1935,10.);
#394=VECTOR('',#1938,10.);
#395=VECTOR('',#1943,10.);
#396=VECTOR('',#1944,10.);
#397=VECTOR('',#1947,10.);
#398=VECTOR('',#1952,10.);
#399=VECTOR('',#1953,10.);
#400=VECTOR('',#1956,10.);
#401=VECTOR('',#1961,10.);
#402=VECTOR('',#1962,10.);
#403=VECTOR('',#1965,10.);
#404=VECTOR('',#1970,10.);
#405=VECTOR('',#1971,10.);
#406=VECTOR('',#1974,10.);
#407=VECTOR('',#1979,10.);
#408=VECTOR('',#1980,10.);
#409=VECTOR('',#1983,10.);
#410=VECTOR('',#1988,10.);
#411=VECTOR('',#1989,10.);
#412=VECTOR('',#1992,10.);
#413=VECTOR('',#1997,10.);
#414=VECTOR('',#1998,10.);
#415=VECTOR('',#2001,10.);
#416=VECTOR('',#2006,10.);
#417=VECTOR('',#2007,10.);
#418=VECTOR('',#2010,10.);
#419=VECTOR('',#2015,10.);
#420=VECTOR('',#2016,10.);
#421=VECTOR('',#2019,10.);
#422=VECTOR('',#2024,10.);
#423=VECTOR('',#2025,10.);
#424=VECTOR('',#2028,10.);
#425=VECTOR('',#2033,10.);
#426=PLANE('',#1566);
#427=PLANE('',#1569);
#428=PLANE('',#1572);
#429=PLANE('',#1574);
#430=PLANE('',#1582);
#431=PLANE('',#1583);
#432=PLANE('',#1589);
#433=PLANE('',#1590);
#434=PLANE('',#1591);
#435=PLANE('',#1592);
#436=PLANE('',#1593);
#437=PLANE('',#1594);
#438=PLANE('',#1595);
#439=PLANE('',#1596);
#440=PLANE('',#1597);
#441=PLANE('',#1598);
#442=PLANE('',#1599);
#443=PLANE('',#1600);
#444=PLANE('',#1601);
#445=PLANE('',#1602);
#446=PLANE('',#1603);
#447=PLANE('',#1604);
#448=PLANE('',#1605);
#449=PLANE('',#1606);
#450=PLANE('',#1607);
#451=PLANE('',#1608);
#452=PLANE('',#1609);
#453=PLANE('',#1610);
#454=PLANE('',#1611);
#455=PLANE('',#1612);
#456=PLANE('',#1613);
#457=PLANE('',#1614);
#458=PLANE('',#1615);
#459=PLANE('',#1616);
#460=PLANE('',#1617);
#461=PLANE('',#1618);
#462=PLANE('',#1619);
#463=PLANE('',#1620);
#464=PLANE('',#1621);
#465=PLANE('',#1622);
#466=PLANE('',#1623);
#467=PLANE('',#1624);
#468=PLANE('',#1625);
#469=PLANE('',#1626);
#470=PLANE('',#1627);
#471=PLANE('',#1628);
#472=PLANE('',#1629);
#473=PLANE('',#1630);
#474=PLANE('',#1631);
#475=PLANE('',#1632);
#476=PLANE('',#1633);
#477=PLANE('',#1634);
#478=PLANE('',#1635);
#479=PLANE('',#1636);
#480=PLANE('',#1637);
#481=PLANE('',#1638);
#482=PLANE('',#1639);
#483=PLANE('',#1640);
#484=PLANE('',#1641);
#485=PLANE('',#1642);
#486=PLANE('',#1643);
#487=PLANE('',#1644);
#488=PLANE('',#1645);
#489=PLANE('',#1646);
#490=PLANE('',#1647);
#491=PLANE('',#1648);
#492=PLANE('',#1649);
#493=PLANE('',#1650);
#494=PLANE('',#1651);
#495=PLANE('',#1652);
#496=FACE_OUTER_BOUND('',#573,.T.);
#497=FACE_OUTER_BOUND('',#574,.T.);
#498=FACE_OUTER_BOUND('',#575,.T.);
#499=FACE_OUTER_BOUND('',#576,.T.);
#500=FACE_OUTER_BOUND('',#577,.T.);
#501=FACE_OUTER_BOUND('',#578,.T.);
#502=FACE_OUTER_BOUND('',#580,.T.);
#503=FACE_OUTER_BOUND('',#581,.T.);
#504=FACE_OUTER_BOUND('',#582,.T.);
#505=FACE_OUTER_BOUND('',#583,.T.);
#506=FACE_OUTER_BOUND('',#585,.T.);
#507=FACE_OUTER_BOUND('',#587,.T.);
#508=FACE_OUTER_BOUND('',#588,.T.);
#509=FACE_OUTER_BOUND('',#589,.T.);
#510=FACE_OUTER_BOUND('',#591,.T.);
#511=FACE_OUTER_BOUND('',#592,.T.);
#512=FACE_OUTER_BOUND('',#593,.T.);
#513=FACE_OUTER_BOUND('',#594,.T.);
#514=FACE_OUTER_BOUND('',#595,.T.);
#515=FACE_OUTER_BOUND('',#596,.T.);
#516=FACE_OUTER_BOUND('',#597,.T.);
#517=FACE_OUTER_BOUND('',#598,.T.);
#518=FACE_OUTER_BOUND('',#599,.T.);
#519=FACE_OUTER_BOUND('',#600,.T.);
#520=FACE_OUTER_BOUND('',#601,.T.);
#521=FACE_OUTER_BOUND('',#602,.T.);
#522=FACE_OUTER_BOUND('',#603,.T.);
#523=FACE_OUTER_BOUND('',#604,.T.);
#524=FACE_OUTER_BOUND('',#605,.T.);
#525=FACE_OUTER_BOUND('',#606,.T.);
#526=FACE_OUTER_BOUND('',#607,.T.);
#527=FACE_OUTER_BOUND('',#608,.T.);
#528=FACE_OUTER_BOUND('',#609,.T.);
#529=FACE_OUTER_BOUND('',#610,.T.);
#530=FACE_OUTER_BOUND('',#611,.T.);
#531=FACE_OUTER_BOUND('',#612,.T.);
#532=FACE_OUTER_BOUND('',#613,.T.);
#533=FACE_OUTER_BOUND('',#614,.T.);
#534=FACE_OUTER_BOUND('',#615,.T.);
#535=FACE_OUTER_BOUND('',#616,.T.);
#536=FACE_OUTER_BOUND('',#617,.T.);
#537=FACE_OUTER_BOUND('',#618,.T.);
#538=FACE_OUTER_BOUND('',#619,.T.);
#539=FACE_OUTER_BOUND('',#620,.T.);
#540=FACE_OUTER_BOUND('',#621,.T.);
#541=FACE_OUTER_BOUND('',#622,.T.);
#542=FACE_OUTER_BOUND('',#623,.T.);
#543=FACE_OUTER_BOUND('',#624,.T.);
#544=FACE_OUTER_BOUND('',#625,.T.);
#545=FACE_OUTER_BOUND('',#626,.T.);
#546=FACE_OUTER_BOUND('',#627,.T.);
#547=FACE_OUTER_BOUND('',#628,.T.);
#548=FACE_OUTER_BOUND('',#629,.T.);
#549=FACE_OUTER_BOUND('',#630,.T.);
#550=FACE_OUTER_BOUND('',#631,.T.);
#551=FACE_OUTER_BOUND('',#632,.T.);
#552=FACE_OUTER_BOUND('',#633,.T.);
#553=FACE_OUTER_BOUND('',#634,.T.);
#554=FACE_OUTER_BOUND('',#635,.T.);
#555=FACE_OUTER_BOUND('',#636,.T.);
#556=FACE_OUTER_BOUND('',#637,.T.);
#557=FACE_OUTER_BOUND('',#638,.T.);
#558=FACE_OUTER_BOUND('',#639,.T.);
#559=FACE_OUTER_BOUND('',#640,.T.);
#560=FACE_OUTER_BOUND('',#641,.T.);
#561=FACE_OUTER_BOUND('',#642,.T.);
#562=FACE_OUTER_BOUND('',#643,.T.);
#563=FACE_OUTER_BOUND('',#644,.T.);
#564=FACE_OUTER_BOUND('',#645,.T.);
#565=FACE_OUTER_BOUND('',#646,.T.);
#566=FACE_OUTER_BOUND('',#647,.T.);
#567=FACE_OUTER_BOUND('',#648,.T.);
#568=FACE_OUTER_BOUND('',#649,.T.);
#569=FACE_OUTER_BOUND('',#650,.T.);
#570=FACE_OUTER_BOUND('',#651,.T.);
#571=FACE_OUTER_BOUND('',#652,.T.);
#572=FACE_OUTER_BOUND('',#653,.T.);
#573=EDGE_LOOP('',(#1034,#1035,#1036,#1037));
#574=EDGE_LOOP('',(#1038,#1039,#1040,#1041,#1042,#1043));
#575=EDGE_LOOP('',(#1044,#1045,#1046,#1047));
#576=EDGE_LOOP('',(#1048,#1049,#1050,#1051,#1052,#1053));
#577=EDGE_LOOP('',(#1054,#1055,#1056,#1057));
#578=EDGE_LOOP('',(#1058));
#579=EDGE_LOOP('',(#1059,#1060,#1061,#1062));
#580=EDGE_LOOP('',(#1063,#1064,#1065,#1066));
#581=EDGE_LOOP('',(#1067,#1068,#1069,#1070,#1071));
#582=EDGE_LOOP('',(#1072,#1073,#1074,#1075,#1076));
#583=EDGE_LOOP('',(#1077,#1078,#1079,#1080,#1081,#1082,#1083,#1084,#1085,
#1086,#1087,#1088,#1089,#1090,#1091,#1092,#1093,#1094,#1095,#1096,#1097,
#1098,#1099,#1100,#1101,#1102,#1103,#1104,#1105,#1106,#1107,#1108,#1109,
#1110,#1111,#1112,#1113,#1114,#1115,#1116,#1117,#1118,#1119,#1120,#1121,
#1122,#1123,#1124,#1125,#1126,#1127,#1128,#1129,#1130,#1131,#1132,#1133,
#1134,#1135,#1136,#1137,#1138,#1139));
#584=EDGE_LOOP('',(#1140));
#585=EDGE_LOOP('',(#1141));
#586=EDGE_LOOP('',(#1142,#1143,#1144,#1145));
#587=EDGE_LOOP('',(#1146,#1147,#1148,#1149));
#588=EDGE_LOOP('',(#1150,#1151,#1152,#1153));
#589=EDGE_LOOP('',(#1154,#1155,#1156,#1157,#1158,#1159,#1160,#1161,#1162,
#1163,#1164,#1165,#1166,#1167,#1168,#1169,#1170,#1171,#1172,#1173,#1174,
#1175,#1176,#1177,#1178,#1179,#1180,#1181,#1182,#1183,#1184,#1185,#1186,
#1187,#1188,#1189,#1190,#1191,#1192,#1193,#1194,#1195,#1196,#1197,#1198,
#1199,#1200,#1201,#1202,#1203,#1204,#1205,#1206,#1207,#1208,#1209,#1210,
#1211,#1212,#1213,#1214,#1215,#1216));
#590=EDGE_LOOP('',(#1217));
#591=EDGE_LOOP('',(#1218,#1219,#1220,#1221));
#592=EDGE_LOOP('',(#1222,#1223,#1224,#1225));
#593=EDGE_LOOP('',(#1226,#1227,#1228,#1229));
#594=EDGE_LOOP('',(#1230,#1231,#1232,#1233));
#595=EDGE_LOOP('',(#1234,#1235,#1236,#1237));
#596=EDGE_LOOP('',(#1238,#1239,#1240,#1241));
#597=EDGE_LOOP('',(#1242,#1243,#1244,#1245));
#598=EDGE_LOOP('',(#1246,#1247,#1248,#1249));
#599=EDGE_LOOP('',(#1250,#1251,#1252,#1253));
#600=EDGE_LOOP('',(#1254,#1255,#1256,#1257));
#601=EDGE_LOOP('',(#1258,#1259,#1260,#1261));
#602=EDGE_LOOP('',(#1262,#1263,#1264,#1265));
#603=EDGE_LOOP('',(#1266,#1267,#1268,#1269));
#604=EDGE_LOOP('',(#1270,#1271,#1272,#1273));
#605=EDGE_LOOP('',(#1274,#1275,#1276,#1277));
#606=EDGE_LOOP('',(#1278,#1279,#1280,#1281));
#607=EDGE_LOOP('',(#1282,#1283,#1284,#1285));
#608=EDGE_LOOP('',(#1286,#1287,#1288,#1289));
#609=EDGE_LOOP('',(#1290,#1291,#1292,#1293));
#610=EDGE_LOOP('',(#1294,#1295,#1296,#1297));
#611=EDGE_LOOP('',(#1298,#1299,#1300,#1301));
#612=EDGE_LOOP('',(#1302,#1303,#1304,#1305));
#613=EDGE_LOOP('',(#1306,#1307,#1308,#1309));
#614=EDGE_LOOP('',(#1310,#1311,#1312,#1313));
#615=EDGE_LOOP('',(#1314,#1315,#1316,#1317));
#616=EDGE_LOOP('',(#1318,#1319,#1320,#1321));
#617=EDGE_LOOP('',(#1322,#1323,#1324,#1325));
#618=EDGE_LOOP('',(#1326,#1327,#1328,#1329));
#619=EDGE_LOOP('',(#1330,#1331,#1332,#1333));
#620=EDGE_LOOP('',(#1334,#1335,#1336,#1337));
#621=EDGE_LOOP('',(#1338,#1339,#1340,#1341));
#622=EDGE_LOOP('',(#1342,#1343,#1344,#1345));
#623=EDGE_LOOP('',(#1346,#1347,#1348,#1349));
#624=EDGE_LOOP('',(#1350,#1351,#1352,#1353));
#625=EDGE_LOOP('',(#1354,#1355,#1356,#1357));
#626=EDGE_LOOP('',(#1358,#1359,#1360,#1361));
#627=EDGE_LOOP('',(#1362,#1363,#1364,#1365));
#628=EDGE_LOOP('',(#1366,#1367,#1368,#1369));
#629=EDGE_LOOP('',(#1370,#1371,#1372,#1373));
#630=EDGE_LOOP('',(#1374,#1375,#1376,#1377));
#631=EDGE_LOOP('',(#1378,#1379,#1380,#1381));
#632=EDGE_LOOP('',(#1382,#1383,#1384,#1385));
#633=EDGE_LOOP('',(#1386,#1387,#1388,#1389));
#634=EDGE_LOOP('',(#1390,#1391,#1392,#1393));
#635=EDGE_LOOP('',(#1394,#1395,#1396,#1397));
#636=EDGE_LOOP('',(#1398,#1399,#1400,#1401));
#637=EDGE_LOOP('',(#1402,#1403,#1404,#1405));
#638=EDGE_LOOP('',(#1406,#1407,#1408,#1409));
#639=EDGE_LOOP('',(#1410,#1411,#1412,#1413));
#640=EDGE_LOOP('',(#1414,#1415,#1416,#1417));
#641=EDGE_LOOP('',(#1418,#1419,#1420,#1421));
#642=EDGE_LOOP('',(#1422,#1423,#1424,#1425));
#643=EDGE_LOOP('',(#1426,#1427,#1428,#1429));
#644=EDGE_LOOP('',(#1430,#1431,#1432,#1433));
#645=EDGE_LOOP('',(#1434,#1435,#1436,#1437));
#646=EDGE_LOOP('',(#1438,#1439,#1440,#1441));
#647=EDGE_LOOP('',(#1442,#1443,#1444,#1445));
#648=EDGE_LOOP('',(#1446,#1447,#1448,#1449));
#649=EDGE_LOOP('',(#1450,#1451,#1452,#1453));
#650=EDGE_LOOP('',(#1454,#1455,#1456,#1457));
#651=EDGE_LOOP('',(#1458,#1459,#1460,#1461));
#652=EDGE_LOOP('',(#1462,#1463,#1464,#1465));
#653=EDGE_LOOP('',(#1466,#1467,#1468,#1469));
#654=CIRCLE('',#1564,14.);
#655=CIRCLE('',#1565,12.5);
#656=CIRCLE('',#1568,12.5);
#657=CIRCLE('',#1571,14.);
#658=CIRCLE('',#1573,25.);
#659=CIRCLE('',#1576,25.);
#660=CIRCLE('',#1577,2.);
#661=CIRCLE('',#1578,27.);
#662=CIRCLE('',#1579,25.);
#663=CIRCLE('',#1581,25.);
#664=CIRCLE('',#1585,25.);
#665=CIRCLE('',#1586,2.);
#666=CIRCLE('',#1587,27.);
#667=(
BOUNDED_CURVE()
B_SPLINE_CURVE(2,(#2040,#2041,#2042),.UNSPECIFIED.,.F.,.F.)
B_SPLINE_CURVE_WITH_KNOTS((3,3),(3.284643619687,3.3466401061363),
 .UNSPECIFIED.)
CURVE()
GEOMETRIC_REPRESENTATION_ITEM()
RATIONAL_B_SPLINE_CURVE((1.09090909091907,1.04631248392651,1.))
REPRESENTATION_ITEM('')
);
#668=(
BOUNDED_CURVE()
B_SPLINE_CURVE(2,(#2046,#2047,#2048),.UNSPECIFIED.,.F.,.F.)
B_SPLINE_CURVE_WITH_KNOTS((3,3),(0.,0.0619964864423675),.UNSPECIFIED.)
CURVE()
GEOMETRIC_REPRESENTATION_ITEM()
RATIONAL_B_SPLINE_CURVE((1.,1.04631248392133,1.09090909090909))
REPRESENTATION_ITEM('')
);
#669=(
BOUNDED_CURVE()
B_SPLINE_CURVE(2,(#2054,#2055,#2056),.UNSPECIFIED.,.F.,.F.)
B_SPLINE_CURVE_WITH_KNOTS((3,3),(0.,0.0619964864423674),.UNSPECIFIED.)
CURVE()
GEOMETRIC_REPRESENTATION_ITEM()
RATIONAL_B_SPLINE_CURVE((1.,1.04631248392133,1.09090909090909))
REPRESENTATION_ITEM('')
);
#670=(
BOUNDED_CURVE()
B_SPLINE_CURVE(2,(#2073,#2074,#2075),.UNSPECIFIED.,.F.,.F.)
B_SPLINE_CURVE_WITH_KNOTS((3,3),(3.284643619687,3.3466401061363),
 .UNSPECIFIED.)
CURVE()
GEOMETRIC_REPRESENTATION_ITEM()
RATIONAL_B_SPLINE_CURVE((1.09090909091907,1.04631248392651,1.))
REPRESENTATION_ITEM('')
);
#671=VERTEX_POINT('',#2038);
#672=VERTEX_POINT('',#2039);
#673=VERTEX_POINT('',#2043);
#674=VERTEX_POINT('',#2045);
#675=VERTEX_POINT('',#2051);
#676=VERTEX_POINT('',#2053);
#677=VERTEX_POINT('',#2057);
#678=VERTEX_POINT('',#2059);
#679=VERTEX_POINT('',#2063);
#680=VERTEX_POINT('',#2067);
#681=VERTEX_POINT('',#2069);
#682=VERTEX_POINT('',#2071);
#683=VERTEX_POINT('',#2079);
#684=VERTEX_POINT('',#2085);
#685=VERTEX_POINT('',#2086);
#686=VERTEX_POINT('',#2088);
#687=VERTEX_POINT('',#2093);
#688=VERTEX_POINT('',#2097);
#689=VERTEX_POINT('',#2098);
#690=VERTEX_POINT('',#2100);
#691=VERTEX_POINT('',#2102);
#692=VERTEX_POINT('',#2104);
#693=VERTEX_POINT('',#2106);
#694=VERTEX_POINT('',#2108);
#695=VERTEX_POINT('',#2110);
#696=VERTEX_POINT('',#2112);
#697=VERTEX_POINT('',#2114);
#698=VERTEX_POINT('',#2116);
#699=VERTEX_POINT('',#2118);
#700=VERTEX_POINT('',#2120);
#701=VERTEX_POINT('',#2122);
#702=VERTEX_POINT('',#2124);
#703=VERTEX_POINT('',#2126);
#704=VERTEX_POINT('',#2128);
#705=VERTEX_POINT('',#2130);
#706=VERTEX_POINT('',#2132);
#707=VERTEX_POINT('',#2134);
#708=VERTEX_POINT('',#2136);
#709=VERTEX_POINT('',#2138);
#710=VERTEX_POINT('',#2140);
#711=VERTEX_POINT('',#2142);
#712=VERTEX_POINT('',#2144);
#713=VERTEX_POINT('',#2146);
#714=VERTEX_POINT('',#2148);
#715=VERTEX_POINT('',#2150);
#716=VERTEX_POINT('',#2152);
#717=VERTEX_POINT('',#2154);
#718=VERTEX_POINT('',#2156);
#719=VERTEX_POINT('',#2158);
#720=VERTEX_POINT('',#2160);
#721=VERTEX_POINT('',#2162);
#722=VERTEX_POINT('',#2164);
#723=VERTEX_POINT('',#2166);
#724=VERTEX_POINT('',#2168);
#725=VERTEX_POINT('',#2170);
#726=VERTEX_POINT('',#2172);
#727=VERTEX_POINT('',#2174);
#728=VERTEX_POINT('',#2176);
#729=VERTEX_POINT('',#2178);
#730=VERTEX_POINT('',#2180);
#731=VERTEX_POINT('',#2182);
#732=VERTEX_POINT('',#2184);
#733=VERTEX_POINT('',#2186);
#734=VERTEX_POINT('',#2188);
#735=VERTEX_POINT('',#2190);
#736=VERTEX_POINT('',#2192);
#737=VERTEX_POINT('',#2194);
#738=VERTEX_POINT('',#2196);
#739=VERTEX_POINT('',#2198);
#740=VERTEX_POINT('',#2200);
#741=VERTEX_POINT('',#2202);
#742=VERTEX_POINT('',#2204);
#743=VERTEX_POINT('',#2206);
#744=VERTEX_POINT('',#2208);
#745=VERTEX_POINT('',#2210);
#746=VERTEX_POINT('',#2212);
#747=VERTEX_POINT('',#2214);
#748=VERTEX_POINT('',#2216);
#749=VERTEX_POINT('',#2218);
#750=VERTEX_POINT('',#2220);
#751=VERTEX_POINT('',#2225);
#752=VERTEX_POINT('',#2227);
#753=VERTEX_POINT('',#2233);
#754=VERTEX_POINT('',#2234);
#755=VERTEX_POINT('',#2236);
#756=VERTEX_POINT('',#2238);
#757=VERTEX_POINT('',#2240);
#758=VERTEX_POINT('',#2242);
#759=VERTEX_POINT('',#2244);
#760=VERTEX_POINT('',#2246);
#761=VERTEX_POINT('',#2248);
#762=VERTEX_POINT('',#2250);
#763=VERTEX_POINT('',#2252);
#764=VERTEX_POINT('',#2254);
#765=VERTEX_POINT('',#2256);
#766=VERTEX_POINT('',#2258);
#767=VERTEX_POINT('',#2260);
#768=VERTEX_POINT('',#2262);
#769=VERTEX_POINT('',#2264);
#770=VERTEX_POINT('',#2266);
#771=VERTEX_POINT('',#2268);
#772=VERTEX_POINT('',#2270);
#773=VERTEX_POINT('',#2272);
#774=VERTEX_POINT('',#2274);
#775=VERTEX_POINT('',#2276);
#776=VERTEX_POINT('',#2278);
#777=VERTEX_POINT('',#2280);
#778=VERTEX_POINT('',#2282);
#779=VERTEX_POINT('',#2284);
#780=VERTEX_POINT('',#2286);
#781=VERTEX_POINT('',#2288);
#782=VERTEX_POINT('',#2290);
#783=VERTEX_POINT('',#2292);
#784=VERTEX_POINT('',#2294);
#785=VERTEX_POINT('',#2296);
#786=VERTEX_POINT('',#2298);
#787=VERTEX_POINT('',#2300);
#788=VERTEX_POINT('',#2302);
#789=VERTEX_POINT('',#2304);
#790=VERTEX_POINT('',#2306);
#791=VERTEX_POINT('',#2308);
#792=VERTEX_POINT('',#2310);
#793=VERTEX_POINT('',#2312);
#794=VERTEX_POINT('',#2314);
#795=VERTEX_POINT('',#2316);
#796=VERTEX_POINT('',#2318);
#797=VERTEX_POINT('',#2320);
#798=VERTEX_POINT('',#2322);
#799=VERTEX_POINT('',#2324);
#800=VERTEX_POINT('',#2326);
#801=VERTEX_POINT('',#2328);
#802=VERTEX_POINT('',#2330);
#803=VERTEX_POINT('',#2332);
#804=VERTEX_POINT('',#2334);
#805=VERTEX_POINT('',#2336);
#806=VERTEX_POINT('',#2338);
#807=VERTEX_POINT('',#2340);
#808=VERTEX_POINT('',#2342);
#809=VERTEX_POINT('',#2344);
#810=VERTEX_POINT('',#2346);
#811=VERTEX_POINT('',#2348);
#812=VERTEX_POINT('',#2350);
#813=VERTEX_POINT('',#2352);
#814=VERTEX_POINT('',#2354);
#815=VERTEX_POINT('',#2356);
#816=EDGE_CURVE('',#671,#672,#667,.T.);
#817=EDGE_CURVE('',#672,#673,#654,.T.);
#818=EDGE_CURVE('',#673,#674,#668,.T.);
#819=EDGE_CURVE('',#674,#671,#655,.T.);
#820=EDGE_CURVE('',#675,#671,#24,.T.);
#821=EDGE_CURVE('',#676,#675,#669,.T.);
#822=EDGE_CURVE('',#677,#676,#25,.T.);
#823=EDGE_CURVE('',#677,#678,#26,.T.);
#824=EDGE_CURVE('',#672,#678,#27,.T.);
#825=EDGE_CURVE('',#679,#674,#28,.T.);
#826=EDGE_CURVE('',#675,#679,#656,.T.);
#827=EDGE_CURVE('',#680,#673,#29,.T.);
#828=EDGE_CURVE('',#681,#680,#30,.T.);
#829=EDGE_CURVE('',#682,#681,#31,.T.);
#830=EDGE_CURVE('',#679,#682,#670,.T.);
#831=EDGE_CURVE('',#682,#676,#657,.T.);
#832=EDGE_CURVE('',#683,#683,#658,.T.);
#833=EDGE_CURVE('',#681,#677,#32,.T.);
#834=EDGE_CURVE('',#678,#680,#33,.T.);
#835=EDGE_CURVE('',#684,#685,#659,.T.);
#836=EDGE_CURVE('',#685,#686,#660,.T.);
#837=EDGE_CURVE('',#686,#686,#661,.T.);
#838=EDGE_CURVE('',#685,#684,#662,.T.);
#839=EDGE_CURVE('',#687,#687,#663,.T.);
#840=EDGE_CURVE('',#687,#684,#34,.T.);
#841=EDGE_CURVE('',#688,#689,#35,.T.);
#842=EDGE_CURVE('',#690,#688,#36,.T.);
#843=EDGE_CURVE('',#691,#690,#37,.T.);
#844=EDGE_CURVE('',#692,#691,#38,.T.);
#845=EDGE_CURVE('',#693,#692,#39,.T.);
#846=EDGE_CURVE('',#694,#693,#40,.T.);
#847=EDGE_CURVE('',#695,#694,#41,.T.);
#848=EDGE_CURVE('',#696,#695,#42,.T.);
#849=EDGE_CURVE('',#697,#696,#43,.T.);
#850=EDGE_CURVE('',#698,#697,#44,.T.);
#851=EDGE_CURVE('',#699,#698,#45,.T.);
#852=EDGE_CURVE('',#700,#699,#46,.T.);
#853=EDGE_CURVE('',#701,#700,#47,.T.);
#854=EDGE_CURVE('',#702,#701,#48,.T.);
#855=EDGE_CURVE('',#703,#702,#49,.T.);
#856=EDGE_CURVE('',#704,#703,#50,.T.);
#857=EDGE_CURVE('',#705,#704,#51,.T.);
#858=EDGE_CURVE('',#706,#705,#52,.T.);
#859=EDGE_CURVE('',#707,#706,#53,.T.);
#860=EDGE_CURVE('',#708,#707,#54,.T.);
#861=EDGE_CURVE('',#709,#708,#55,.T.);
#862=EDGE_CURVE('',#710,#709,#56,.T.);
#863=EDGE_CURVE('',#711,#710,#57,.T.);
#864=EDGE_CURVE('',#712,#711,#58,.T.);
#865=EDGE_CURVE('',#713,#712,#59,.T.);
#866=EDGE_CURVE('',#714,#713,#60,.T.);
#867=EDGE_CURVE('',#715,#714,#61,.T.);
#868=EDGE_CURVE('',#716,#715,#62,.T.);
#869=EDGE_CURVE('',#717,#716,#63,.T.);
#870=EDGE_CURVE('',#718,#717,#64,.T.);
#871=EDGE_CURVE('',#719,#718,#65,.T.);
#872=EDGE_CURVE('',#720,#719,#66,.T.);
#873=EDGE_CURVE('',#721,#720,#67,.T.);
#874=EDGE_CURVE('',#722,#721,#68,.T.);
#875=EDGE_CURVE('',#723,#722,#69,.T.);
#876=EDGE_CURVE('',#724,#723,#70,.T.);
#877=EDGE_CURVE('',#725,#724,#71,.T.);
#878=EDGE_CURVE('',#726,#725,#72,.T.);
#879=EDGE_CURVE('',#727,#726,#73,.T.);
#880=EDGE_CURVE('',#728,#727,#74,.T.);
#881=EDGE_CURVE('',#729,#728,#75,.T.);
#882=EDGE_CURVE('',#730,#729,#76,.T.);
#883=EDGE_CURVE('',#731,#730,#77,.T.);
#884=EDGE_CURVE('',#732,#731,#78,.T.);
#885=EDGE_CURVE('',#733,#732,#79,.T.);
#886=EDGE_CURVE('',#734,#733,#80,.T.);
#887=EDGE_CURVE('',#735,#734,#81,.T.);
#888=EDGE_CURVE('',#736,#735,#82,.T.);
#889=EDGE_CURVE('',#737,#736,#83,.T.);
#890=EDGE_CURVE('',#738,#737,#84,.T.);
#891=EDGE_CURVE('',#739,#738,#85,.T.);
#892=EDGE_CURVE('',#740,#739,#86,.T.);
#893=EDGE_CURVE('',#741,#740,#87,.T.);
#894=EDGE_CURVE('',#742,#741,#88,.T.);
#895=EDGE_CURVE('',#743,#742,#89,.T.);
#896=EDGE_CURVE('',#744,#743,#90,.T.);
#897=EDGE_CURVE('',#745,#744,#91,.T.);
#898=EDGE_CURVE('',#746,#745,#92,.T.);
#899=EDGE_CURVE('',#747,#746,#93,.T.);
#900=EDGE_CURVE('',#748,#747,#94,.T.);
#901=EDGE_CURVE('',#748,#749,#95,.T.);
#902=EDGE_CURVE('',#749,#750,#96,.T.);
#903=EDGE_CURVE('',#750,#689,#97,.T.);
#904=EDGE_CURVE('',#751,#751,#664,.T.);
#905=EDGE_CURVE('',#751,#752,#665,.T.);
#906=EDGE_CURVE('',#752,#752,#666,.T.);
#907=EDGE_CURVE('',#683,#751,#98,.T.);
#908=EDGE_CURVE('',#753,#754,#99,.T.);
#909=EDGE_CURVE('',#753,#755,#100,.T.);
#910=EDGE_CURVE('',#755,#756,#101,.T.);
#911=EDGE_CURVE('',#756,#757,#102,.T.);
#912=EDGE_CURVE('',#758,#757,#103,.T.);
#913=EDGE_CURVE('',#759,#758,#104,.T.);
#914=EDGE_CURVE('',#760,#759,#105,.T.);
#915=EDGE_CURVE('',#761,#760,#106,.T.);
#916=EDGE_CURVE('',#762,#761,#107,.T.);
#917=EDGE_CURVE('',#763,#762,#108,.T.);
#918=EDGE_CURVE('',#764,#763,#109,.T.);
#919=EDGE_CURVE('',#765,#764,#110,.T.);
#920=EDGE_CURVE('',#766,#765,#111,.T.);
#921=EDGE_CURVE('',#767,#766,#112,.T.);
#922=EDGE_CURVE('',#768,#767,#113,.T.);
#923=EDGE_CURVE('',#769,#768,#114,.T.);
#924=EDGE_CURVE('',#770,#769,#115,.T.);
#925=EDGE_CURVE('',#771,#770,#116,.T.);
#926=EDGE_CURVE('',#772,#771,#117,.T.);
#927=EDGE_CURVE('',#773,#772,#118,.T.);
#928=EDGE_CURVE('',#774,#773,#119,.T.);
#929=EDGE_CURVE('',#775,#774,#120,.T.);
#930=EDGE_CURVE('',#776,#775,#121,.T.);
#931=EDGE_CURVE('',#777,#776,#122,.T.);
#932=EDGE_CURVE('',#778,#777,#123,.T.);
#933=EDGE_CURVE('',#779,#778,#124,.T.);
#934=EDGE_CURVE('',#780,#779,#125,.T.);
#935=EDGE_CURVE('',#781,#780,#126,.T.);
#936=EDGE_CURVE('',#782,#781,#127,.T.);
#937=EDGE_CURVE('',#783,#782,#128,.T.);
#938=EDGE_CURVE('',#784,#783,#129,.T.);
#939=EDGE_CURVE('',#785,#784,#130,.T.);
#940=EDGE_CURVE('',#786,#785,#131,.T.);
#941=EDGE_CURVE('',#787,#786,#132,.T.);
#942=EDGE_CURVE('',#788,#787,#133,.T.);
#943=EDGE_CURVE('',#789,#788,#134,.T.);
#944=EDGE_CURVE('',#790,#789,#135,.T.);
#945=EDGE_CURVE('',#791,#790,#136,.T.);
#946=EDGE_CURVE('',#792,#791,#137,.T.);
#947=EDGE_CURVE('',#793,#792,#138,.T.);
#948=EDGE_CURVE('',#794,#793,#139,.T.);
#949=EDGE_CURVE('',#795,#794,#140,.T.);
#950=EDGE_CURVE('',#796,#795,#141,.T.);
#951=EDGE_CURVE('',#797,#796,#142,.T.);
#952=EDGE_CURVE('',#798,#797,#143,.T.);
#953=EDGE_CURVE('',#799,#798,#144,.T.);
#954=EDGE_CURVE('',#800,#799,#145,.T.);
#955=EDGE_CURVE('',#801,#800,#146,.T.);
#956=EDGE_CURVE('',#802,#801,#147,.T.);
#957=EDGE_CURVE('',#803,#802,#148,.T.);
#958=EDGE_CURVE('',#804,#803,#149,.T.);
#959=EDGE_CURVE('',#805,#804,#150,.T.);
#960=EDGE_CURVE('',#806,#805,#151,.T.);
#961=EDGE_CURVE('',#807,#806,#152,.T.);
#962=EDGE_CURVE('',#808,#807,#153,.T.);
#963=EDGE_CURVE('',#809,#808,#154,.T.);
#964=EDGE_CURVE('',#810,#809,#155,.T.);
#965=EDGE_CURVE('',#811,#810,#156,.T.);
#966=EDGE_CURVE('',#812,#811,#157,.T.);
#967=EDGE_CURVE('',#813,#812,#158,.T.);
#968=EDGE_CURVE('',#814,#813,#159,.T.);
#969=EDGE_CURVE('',#815,#814,#160,.T.);
#970=EDGE_CURVE('',#754,#815,#161,.T.);
#971=EDGE_CURVE('',#814,#691,#162,.T.);
#972=EDGE_CURVE('',#815,#690,#163,.T.);
#973=EDGE_CURVE('',#689,#753,#164,.T.);
#974=EDGE_CURVE('',#688,#754,#165,.T.);
#975=EDGE_CURVE('',#750,#755,#166,.T.);
#976=EDGE_CURVE('',#811,#694,#167,.T.);
#977=EDGE_CURVE('',#812,#693,#168,.T.);
#978=EDGE_CURVE('',#692,#813,#169,.T.);
#979=EDGE_CURVE('',#808,#697,#170,.T.);
#980=EDGE_CURVE('',#809,#696,#171,.T.);
#981=EDGE_CURVE('',#695,#810,#172,.T.);
#982=EDGE_CURVE('',#805,#700,#173,.T.);
#983=EDGE_CURVE('',#806,#699,#174,.T.);
#984=EDGE_CURVE('',#698,#807,#175,.T.);
#985=EDGE_CURVE('',#802,#703,#176,.T.);
#986=EDGE_CURVE('',#803,#702,#177,.T.);
#987=EDGE_CURVE('',#701,#804,#178,.T.);
#988=EDGE_CURVE('',#799,#706,#179,.T.);
#989=EDGE_CURVE('',#800,#705,#180,.T.);
#990=EDGE_CURVE('',#704,#801,#181,.T.);
#991=EDGE_CURVE('',#796,#709,#182,.T.);
#992=EDGE_CURVE('',#797,#708,#183,.T.);
#993=EDGE_CURVE('',#707,#798,#184,.T.);
#994=EDGE_CURVE('',#793,#712,#185,.T.);
#995=EDGE_CURVE('',#794,#711,#186,.T.);
#996=EDGE_CURVE('',#710,#795,#187,.T.);
#997=EDGE_CURVE('',#790,#715,#188,.T.);
#998=EDGE_CURVE('',#791,#714,#189,.T.);
#999=EDGE_CURVE('',#713,#792,#190,.T.);
#1000=EDGE_CURVE('',#787,#718,#191,.T.);
#1001=EDGE_CURVE('',#788,#717,#192,.T.);
#1002=EDGE_CURVE('',#716,#789,#193,.T.);
#1003=EDGE_CURVE('',#784,#721,#194,.T.);
#1004=EDGE_CURVE('',#785,#720,#195,.T.);
#1005=EDGE_CURVE('',#719,#786,#196,.T.);
#1006=EDGE_CURVE('',#781,#724,#197,.T.);
#1007=EDGE_CURVE('',#782,#723,#198,.T.);
#1008=EDGE_CURVE('',#722,#783,#199,.T.);
#1009=EDGE_CURVE('',#778,#727,#200,.T.);
#1010=EDGE_CURVE('',#779,#726,#201,.T.);
#1011=EDGE_CURVE('',#725,#780,#202,.T.);
#1012=EDGE_CURVE('',#775,#730,#203,.T.);
#1013=EDGE_CURVE('',#776,#729,#204,.T.);
#1014=EDGE_CURVE('',#728,#777,#205,.T.);
#1015=EDGE_CURVE('',#772,#733,#206,.T.);
#1016=EDGE_CURVE('',#773,#732,#207,.T.);
#1017=EDGE_CURVE('',#731,#774,#208,.T.);
#1018=EDGE_CURVE('',#769,#736,#209,.T.);
#1019=EDGE_CURVE('',#770,#735,#210,.T.);
#1020=EDGE_CURVE('',#734,#771,#211,.T.);
#1021=EDGE_CURVE('',#766,#739,#212,.T.);
#1022=EDGE_CURVE('',#767,#738,#213,.T.);
#1023=EDGE_CURVE('',#737,#768,#214,.T.);
#1024=EDGE_CURVE('',#763,#742,#215,.T.);
#1025=EDGE_CURVE('',#764,#741,#216,.T.);
#1026=EDGE_CURVE('',#740,#765,#217,.T.);
#1027=EDGE_CURVE('',#760,#745,#218,.T.);
#1028=EDGE_CURVE('',#761,#744,#219,.T.);
#1029=EDGE_CURVE('',#743,#762,#220,.T.);
#1030=EDGE_CURVE('',#757,#748,#221,.T.);
#1031=EDGE_CURVE('',#758,#747,#222,.T.);
#1032=EDGE_CURVE('',#746,#759,#223,.T.);
#1033=EDGE_CURVE('',#749,#756,#224,.T.);
#1034=ORIENTED_EDGE('',*,*,#816,.T.);
#1035=ORIENTED_EDGE('',*,*,#817,.T.);
#1036=ORIENTED_EDGE('',*,*,#818,.T.);
#1037=ORIENTED_EDGE('',*,*,#819,.T.);
#1038=ORIENTED_EDGE('',*,*,#816,.F.);
#1039=ORIENTED_EDGE('',*,*,#820,.F.);
#1040=ORIENTED_EDGE('',*,*,#821,.F.);
#1041=ORIENTED_EDGE('',*,*,#822,.F.);
#1042=ORIENTED_EDGE('',*,*,#823,.T.);
#1043=ORIENTED_EDGE('',*,*,#824,.F.);
#1044=ORIENTED_EDGE('',*,*,#819,.F.);
#1045=ORIENTED_EDGE('',*,*,#825,.F.);
#1046=ORIENTED_EDGE('',*,*,#826,.F.);
#1047=ORIENTED_EDGE('',*,*,#820,.T.);
#1048=ORIENTED_EDGE('',*,*,#818,.F.);
#1049=ORIENTED_EDGE('',*,*,#827,.F.);
#1050=ORIENTED_EDGE('',*,*,#828,.F.);
#1051=ORIENTED_EDGE('',*,*,#829,.F.);
#1052=ORIENTED_EDGE('',*,*,#830,.F.);
#1053=ORIENTED_EDGE('',*,*,#825,.T.);
#1054=ORIENTED_EDGE('',*,*,#830,.T.);
#1055=ORIENTED_EDGE('',*,*,#831,.T.);
#1056=ORIENTED_EDGE('',*,*,#821,.T.);
#1057=ORIENTED_EDGE('',*,*,#826,.T.);
#1058=ORIENTED_EDGE('',*,*,#832,.T.);
#1059=ORIENTED_EDGE('',*,*,#831,.F.);
#1060=ORIENTED_EDGE('',*,*,#829,.T.);
#1061=ORIENTED_EDGE('',*,*,#833,.T.);
#1062=ORIENTED_EDGE('',*,*,#822,.T.);
#1063=ORIENTED_EDGE('',*,*,#834,.F.);
#1064=ORIENTED_EDGE('',*,*,#823,.F.);
#1065=ORIENTED_EDGE('',*,*,#833,.F.);
#1066=ORIENTED_EDGE('',*,*,#828,.T.);
#1067=ORIENTED_EDGE('',*,*,#835,.T.);
#1068=ORIENTED_EDGE('',*,*,#836,.T.);
#1069=ORIENTED_EDGE('',*,*,#837,.T.);
#1070=ORIENTED_EDGE('',*,*,#836,.F.);
#1071=ORIENTED_EDGE('',*,*,#838,.T.);
#1072=ORIENTED_EDGE('',*,*,#839,.T.);
#1073=ORIENTED_EDGE('',*,*,#840,.T.);
#1074=ORIENTED_EDGE('',*,*,#838,.F.);
#1075=ORIENTED_EDGE('',*,*,#835,.F.);
#1076=ORIENTED_EDGE('',*,*,#840,.F.);
#1077=ORIENTED_EDGE('',*,*,#841,.F.);
#1078=ORIENTED_EDGE('',*,*,#842,.F.);
#1079=ORIENTED_EDGE('',*,*,#843,.F.);
#1080=ORIENTED_EDGE('',*,*,#844,.F.);
#1081=ORIENTED_EDGE('',*,*,#845,.F.);
#1082=ORIENTED_EDGE('',*,*,#846,.F.);
#1083=ORIENTED_EDGE('',*,*,#847,.F.);
#1084=ORIENTED_EDGE('',*,*,#848,.F.);
#1085=ORIENTED_EDGE('',*,*,#849,.F.);
#1086=ORIENTED_EDGE('',*,*,#850,.F.);
#1087=ORIENTED_EDGE('',*,*,#851,.F.);
#1088=ORIENTED_EDGE('',*,*,#852,.F.);
#1089=ORIENTED_EDGE('',*,*,#853,.F.);
#1090=ORIENTED_EDGE('',*,*,#854,.F.);
#1091=ORIENTED_EDGE('',*,*,#855,.F.);
#1092=ORIENTED_EDGE('',*,*,#856,.F.);
#1093=ORIENTED_EDGE('',*,*,#857,.F.);
#1094=ORIENTED_EDGE('',*,*,#858,.F.);
#1095=ORIENTED_EDGE('',*,*,#859,.F.);
#1096=ORIENTED_EDGE('',*,*,#860,.F.);
#1097=ORIENTED_EDGE('',*,*,#861,.F.);
#1098=ORIENTED_EDGE('',*,*,#862,.F.);
#1099=ORIENTED_EDGE('',*,*,#863,.F.);
#1100=ORIENTED_EDGE('',*,*,#864,.F.);
#1101=ORIENTED_EDGE('',*,*,#865,.F.);
#1102=ORIENTED_EDGE('',*,*,#866,.F.);
#1103=ORIENTED_EDGE('',*,*,#867,.F.);
#1104=ORIENTED_EDGE('',*,*,#868,.F.);
#1105=ORIENTED_EDGE('',*,*,#869,.F.);
#1106=ORIENTED_EDGE('',*,*,#870,.F.);
#1107=ORIENTED_EDGE('',*,*,#871,.F.);
#1108=ORIENTED_EDGE('',*,*,#872,.F.);
#1109=ORIENTED_EDGE('',*,*,#873,.F.);
#1110=ORIENTED_EDGE('',*,*,#874,.F.);
#1111=ORIENTED_EDGE('',*,*,#875,.F.);
#1112=ORIENTED_EDGE('',*,*,#876,.F.);
#1113=ORIENTED_EDGE('',*,*,#877,.F.);
#1114=ORIENTED_EDGE('',*,*,#878,.F.);
#1115=ORIENTED_EDGE('',*,*,#879,.F.);
#1116=ORIENTED_EDGE('',*,*,#880,.F.);
#1117=ORIENTED_EDGE('',*,*,#881,.F.);
#1118=ORIENTED_EDGE('',*,*,#882,.F.);
#1119=ORIENTED_EDGE('',*,*,#883,.F.);
#1120=ORIENTED_EDGE('',*,*,#884,.F.);
#1121=ORIENTED_EDGE('',*,*,#885,.F.);
#1122=ORIENTED_EDGE('',*,*,#886,.F.);
#1123=ORIENTED_EDGE('',*,*,#887,.F.);
#1124=ORIENTED_EDGE('',*,*,#888,.F.);
#1125=ORIENTED_EDGE('',*,*,#889,.F.);
#1126=ORIENTED_EDGE('',*,*,#890,.F.);
#1127=ORIENTED_EDGE('',*,*,#891,.F.);
#1128=ORIENTED_EDGE('',*,*,#892,.F.);
#1129=ORIENTED_EDGE('',*,*,#893,.F.);
#1130=ORIENTED_EDGE('',*,*,#894,.F.);
#1131=ORIENTED_EDGE('',*,*,#895,.F.);
#1132=ORIENTED_EDGE('',*,*,#896,.F.);
#1133=ORIENTED_EDGE('',*,*,#897,.F.);
#1134=ORIENTED_EDGE('',*,*,#898,.F.);
#1135=ORIENTED_EDGE('',*,*,#899,.F.);
#1136=ORIENTED_EDGE('',*,*,#900,.F.);
#1137=ORIENTED_EDGE('',*,*,#901,.T.);
#1138=ORIENTED_EDGE('',*,*,#902,.T.);
#1139=ORIENTED_EDGE('',*,*,#903,.T.);
#1140=ORIENTED_EDGE('',*,*,#837,.F.);
#1141=ORIENTED_EDGE('',*,*,#839,.F.);
#1142=ORIENTED_EDGE('',*,*,#817,.F.);
#1143=ORIENTED_EDGE('',*,*,#824,.T.);
#1144=ORIENTED_EDGE('',*,*,#834,.T.);
#1145=ORIENTED_EDGE('',*,*,#827,.T.);
#1146=ORIENTED_EDGE('',*,*,#904,.T.);
#1147=ORIENTED_EDGE('',*,*,#905,.T.);
#1148=ORIENTED_EDGE('',*,*,#906,.T.);
#1149=ORIENTED_EDGE('',*,*,#905,.F.);
#1150=ORIENTED_EDGE('',*,*,#832,.F.);
#1151=ORIENTED_EDGE('',*,*,#907,.T.);
#1152=ORIENTED_EDGE('',*,*,#904,.F.);
#1153=ORIENTED_EDGE('',*,*,#907,.F.);
#1154=ORIENTED_EDGE('',*,*,#908,.F.);
#1155=ORIENTED_EDGE('',*,*,#909,.T.);
#1156=ORIENTED_EDGE('',*,*,#910,.T.);
#1157=ORIENTED_EDGE('',*,*,#911,.T.);
#1158=ORIENTED_EDGE('',*,*,#912,.F.);
#1159=ORIENTED_EDGE('',*,*,#913,.F.);
#1160=ORIENTED_EDGE('',*,*,#914,.F.);
#1161=ORIENTED_EDGE('',*,*,#915,.F.);
#1162=ORIENTED_EDGE('',*,*,#916,.F.);
#1163=ORIENTED_EDGE('',*,*,#917,.F.);
#1164=ORIENTED_EDGE('',*,*,#918,.F.);
#1165=ORIENTED_EDGE('',*,*,#919,.F.);
#1166=ORIENTED_EDGE('',*,*,#920,.F.);
#1167=ORIENTED_EDGE('',*,*,#921,.F.);
#1168=ORIENTED_EDGE('',*,*,#922,.F.);
#1169=ORIENTED_EDGE('',*,*,#923,.F.);
#1170=ORIENTED_EDGE('',*,*,#924,.F.);
#1171=ORIENTED_EDGE('',*,*,#925,.F.);
#1172=ORIENTED_EDGE('',*,*,#926,.F.);
#1173=ORIENTED_EDGE('',*,*,#927,.F.);
#1174=ORIENTED_EDGE('',*,*,#928,.F.);
#1175=ORIENTED_EDGE('',*,*,#929,.F.);
#1176=ORIENTED_EDGE('',*,*,#930,.F.);
#1177=ORIENTED_EDGE('',*,*,#931,.F.);
#1178=ORIENTED_EDGE('',*,*,#932,.F.);
#1179=ORIENTED_EDGE('',*,*,#933,.F.);
#1180=ORIENTED_EDGE('',*,*,#934,.F.);
#1181=ORIENTED_EDGE('',*,*,#935,.F.);
#1182=ORIENTED_EDGE('',*,*,#936,.F.);
#1183=ORIENTED_EDGE('',*,*,#937,.F.);
#1184=ORIENTED_EDGE('',*,*,#938,.F.);
#1185=ORIENTED_EDGE('',*,*,#939,.F.);
#1186=ORIENTED_EDGE('',*,*,#940,.F.);
#1187=ORIENTED_EDGE('',*,*,#941,.F.);
#1188=ORIENTED_EDGE('',*,*,#942,.F.);
#1189=ORIENTED_EDGE('',*,*,#943,.F.);
#1190=ORIENTED_EDGE('',*,*,#944,.F.);
#1191=ORIENTED_EDGE('',*,*,#945,.F.);
#1192=ORIENTED_EDGE('',*,*,#946,.F.);
#1193=ORIENTED_EDGE('',*,*,#947,.F.);
#1194=ORIENTED_EDGE('',*,*,#948,.F.);
#1195=ORIENTED_EDGE('',*,*,#949,.F.);
#1196=ORIENTED_EDGE('',*,*,#950,.F.);
#1197=ORIENTED_EDGE('',*,*,#951,.F.);
#1198=ORIENTED_EDGE('',*,*,#952,.F.);
#1199=ORIENTED_EDGE('',*,*,#953,.F.);
#1200=ORIENTED_EDGE('',*,*,#954,.F.);
#1201=ORIENTED_EDGE('',*,*,#955,.F.);
#1202=ORIENTED_EDGE('',*,*,#956,.F.);
#1203=ORIENTED_EDGE('',*,*,#957,.F.);
#1204=ORIENTED_EDGE('',*,*,#958,.F.);
#1205=ORIENTED_EDGE('',*,*,#959,.F.);
#1206=ORIENTED_EDGE('',*,*,#960,.F.);
#1207=ORIENTED_EDGE('',*,*,#961,.F.);
#1208=ORIENTED_EDGE('',*,*,#962,.F.);
#1209=ORIENTED_EDGE('',*,*,#963,.F.);
#1210=ORIENTED_EDGE('',*,*,#964,.F.);
#1211=ORIENTED_EDGE('',*,*,#965,.F.);
#1212=ORIENTED_EDGE('',*,*,#966,.F.);
#1213=ORIENTED_EDGE('',*,*,#967,.F.);
#1214=ORIENTED_EDGE('',*,*,#968,.F.);
#1215=ORIENTED_EDGE('',*,*,#969,.F.);
#1216=ORIENTED_EDGE('',*,*,#970,.F.);
#1217=ORIENTED_EDGE('',*,*,#906,.F.);
#1218=ORIENTED_EDGE('',*,*,#971,.T.);
#1219=ORIENTED_EDGE('',*,*,#843,.T.);
#1220=ORIENTED_EDGE('',*,*,#972,.F.);
#1221=ORIENTED_EDGE('',*,*,#969,.T.);
#1222=ORIENTED_EDGE('',*,*,#973,.T.);
#1223=ORIENTED_EDGE('',*,*,#908,.T.);
#1224=ORIENTED_EDGE('',*,*,#974,.F.);
#1225=ORIENTED_EDGE('',*,*,#841,.T.);
#1226=ORIENTED_EDGE('',*,*,#842,.T.);
#1227=ORIENTED_EDGE('',*,*,#974,.T.);
#1228=ORIENTED_EDGE('',*,*,#970,.T.);
#1229=ORIENTED_EDGE('',*,*,#972,.T.);
#1230=ORIENTED_EDGE('',*,*,#973,.F.);
#1231=ORIENTED_EDGE('',*,*,#903,.F.);
#1232=ORIENTED_EDGE('',*,*,#975,.T.);
#1233=ORIENTED_EDGE('',*,*,#909,.F.);
#1234=ORIENTED_EDGE('',*,*,#976,.T.);
#1235=ORIENTED_EDGE('',*,*,#846,.T.);
#1236=ORIENTED_EDGE('',*,*,#977,.F.);
#1237=ORIENTED_EDGE('',*,*,#966,.T.);
#1238=ORIENTED_EDGE('',*,*,#971,.F.);
#1239=ORIENTED_EDGE('',*,*,#968,.T.);
#1240=ORIENTED_EDGE('',*,*,#978,.F.);
#1241=ORIENTED_EDGE('',*,*,#844,.T.);
#1242=ORIENTED_EDGE('',*,*,#845,.T.);
#1243=ORIENTED_EDGE('',*,*,#978,.T.);
#1244=ORIENTED_EDGE('',*,*,#967,.T.);
#1245=ORIENTED_EDGE('',*,*,#977,.T.);
#1246=ORIENTED_EDGE('',*,*,#979,.T.);
#1247=ORIENTED_EDGE('',*,*,#849,.T.);
#1248=ORIENTED_EDGE('',*,*,#980,.F.);
#1249=ORIENTED_EDGE('',*,*,#963,.T.);
#1250=ORIENTED_EDGE('',*,*,#976,.F.);
#1251=ORIENTED_EDGE('',*,*,#965,.T.);
#1252=ORIENTED_EDGE('',*,*,#981,.F.);
#1253=ORIENTED_EDGE('',*,*,#847,.T.);
#1254=ORIENTED_EDGE('',*,*,#848,.T.);
#1255=ORIENTED_EDGE('',*,*,#981,.T.);
#1256=ORIENTED_EDGE('',*,*,#964,.T.);
#1257=ORIENTED_EDGE('',*,*,#980,.T.);
#1258=ORIENTED_EDGE('',*,*,#982,.T.);
#1259=ORIENTED_EDGE('',*,*,#852,.T.);
#1260=ORIENTED_EDGE('',*,*,#983,.F.);
#1261=ORIENTED_EDGE('',*,*,#960,.T.);
#1262=ORIENTED_EDGE('',*,*,#979,.F.);
#1263=ORIENTED_EDGE('',*,*,#962,.T.);
#1264=ORIENTED_EDGE('',*,*,#984,.F.);
#1265=ORIENTED_EDGE('',*,*,#850,.T.);
#1266=ORIENTED_EDGE('',*,*,#851,.T.);
#1267=ORIENTED_EDGE('',*,*,#984,.T.);
#1268=ORIENTED_EDGE('',*,*,#961,.T.);
#1269=ORIENTED_EDGE('',*,*,#983,.T.);
#1270=ORIENTED_EDGE('',*,*,#985,.T.);
#1271=ORIENTED_EDGE('',*,*,#855,.T.);
#1272=ORIENTED_EDGE('',*,*,#986,.F.);
#1273=ORIENTED_EDGE('',*,*,#957,.T.);
#1274=ORIENTED_EDGE('',*,*,#982,.F.);
#1275=ORIENTED_EDGE('',*,*,#959,.T.);
#1276=ORIENTED_EDGE('',*,*,#987,.F.);
#1277=ORIENTED_EDGE('',*,*,#853,.T.);
#1278=ORIENTED_EDGE('',*,*,#854,.T.);
#1279=ORIENTED_EDGE('',*,*,#987,.T.);
#1280=ORIENTED_EDGE('',*,*,#958,.T.);
#1281=ORIENTED_EDGE('',*,*,#986,.T.);
#1282=ORIENTED_EDGE('',*,*,#988,.T.);
#1283=ORIENTED_EDGE('',*,*,#858,.T.);
#1284=ORIENTED_EDGE('',*,*,#989,.F.);
#1285=ORIENTED_EDGE('',*,*,#954,.T.);
#1286=ORIENTED_EDGE('',*,*,#985,.F.);
#1287=ORIENTED_EDGE('',*,*,#956,.T.);
#1288=ORIENTED_EDGE('',*,*,#990,.F.);
#1289=ORIENTED_EDGE('',*,*,#856,.T.);
#1290=ORIENTED_EDGE('',*,*,#857,.T.);
#1291=ORIENTED_EDGE('',*,*,#990,.T.);
#1292=ORIENTED_EDGE('',*,*,#955,.T.);
#1293=ORIENTED_EDGE('',*,*,#989,.T.);
#1294=ORIENTED_EDGE('',*,*,#991,.T.);
#1295=ORIENTED_EDGE('',*,*,#861,.T.);
#1296=ORIENTED_EDGE('',*,*,#992,.F.);
#1297=ORIENTED_EDGE('',*,*,#951,.T.);
#1298=ORIENTED_EDGE('',*,*,#988,.F.);
#1299=ORIENTED_EDGE('',*,*,#953,.T.);
#1300=ORIENTED_EDGE('',*,*,#993,.F.);
#1301=ORIENTED_EDGE('',*,*,#859,.T.);
#1302=ORIENTED_EDGE('',*,*,#860,.T.);
#1303=ORIENTED_EDGE('',*,*,#993,.T.);
#1304=ORIENTED_EDGE('',*,*,#952,.T.);
#1305=ORIENTED_EDGE('',*,*,#992,.T.);
#1306=ORIENTED_EDGE('',*,*,#994,.T.);
#1307=ORIENTED_EDGE('',*,*,#864,.T.);
#1308=ORIENTED_EDGE('',*,*,#995,.F.);
#1309=ORIENTED_EDGE('',*,*,#948,.T.);
#1310=ORIENTED_EDGE('',*,*,#991,.F.);
#1311=ORIENTED_EDGE('',*,*,#950,.T.);
#1312=ORIENTED_EDGE('',*,*,#996,.F.);
#1313=ORIENTED_EDGE('',*,*,#862,.T.);
#1314=ORIENTED_EDGE('',*,*,#863,.T.);
#1315=ORIENTED_EDGE('',*,*,#996,.T.);
#1316=ORIENTED_EDGE('',*,*,#949,.T.);
#1317=ORIENTED_EDGE('',*,*,#995,.T.);
#1318=ORIENTED_EDGE('',*,*,#997,.T.);
#1319=ORIENTED_EDGE('',*,*,#867,.T.);
#1320=ORIENTED_EDGE('',*,*,#998,.F.);
#1321=ORIENTED_EDGE('',*,*,#945,.T.);
#1322=ORIENTED_EDGE('',*,*,#994,.F.);
#1323=ORIENTED_EDGE('',*,*,#947,.T.);
#1324=ORIENTED_EDGE('',*,*,#999,.F.);
#1325=ORIENTED_EDGE('',*,*,#865,.T.);
#1326=ORIENTED_EDGE('',*,*,#866,.T.);
#1327=ORIENTED_EDGE('',*,*,#999,.T.);
#1328=ORIENTED_EDGE('',*,*,#946,.T.);
#1329=ORIENTED_EDGE('',*,*,#998,.T.);
#1330=ORIENTED_EDGE('',*,*,#1000,.T.);
#1331=ORIENTED_EDGE('',*,*,#870,.T.);
#1332=ORIENTED_EDGE('',*,*,#1001,.F.);
#1333=ORIENTED_EDGE('',*,*,#942,.T.);
#1334=ORIENTED_EDGE('',*,*,#997,.F.);
#1335=ORIENTED_EDGE('',*,*,#944,.T.);
#1336=ORIENTED_EDGE('',*,*,#1002,.F.);
#1337=ORIENTED_EDGE('',*,*,#868,.T.);
#1338=ORIENTED_EDGE('',*,*,#869,.T.);
#1339=ORIENTED_EDGE('',*,*,#1002,.T.);
#1340=ORIENTED_EDGE('',*,*,#943,.T.);
#1341=ORIENTED_EDGE('',*,*,#1001,.T.);
#1342=ORIENTED_EDGE('',*,*,#1003,.T.);
#1343=ORIENTED_EDGE('',*,*,#873,.T.);
#1344=ORIENTED_EDGE('',*,*,#1004,.F.);
#1345=ORIENTED_EDGE('',*,*,#939,.T.);
#1346=ORIENTED_EDGE('',*,*,#1000,.F.);
#1347=ORIENTED_EDGE('',*,*,#941,.T.);
#1348=ORIENTED_EDGE('',*,*,#1005,.F.);
#1349=ORIENTED_EDGE('',*,*,#871,.T.);
#1350=ORIENTED_EDGE('',*,*,#872,.T.);
#1351=ORIENTED_EDGE('',*,*,#1005,.T.);
#1352=ORIENTED_EDGE('',*,*,#940,.T.);
#1353=ORIENTED_EDGE('',*,*,#1004,.T.);
#1354=ORIENTED_EDGE('',*,*,#1006,.T.);
#1355=ORIENTED_EDGE('',*,*,#876,.T.);
#1356=ORIENTED_EDGE('',*,*,#1007,.F.);
#1357=ORIENTED_EDGE('',*,*,#936,.T.);
#1358=ORIENTED_EDGE('',*,*,#1003,.F.);
#1359=ORIENTED_EDGE('',*,*,#938,.T.);
#1360=ORIENTED_EDGE('',*,*,#1008,.F.);
#1361=ORIENTED_EDGE('',*,*,#874,.T.);
#1362=ORIENTED_EDGE('',*,*,#875,.T.);
#1363=ORIENTED_EDGE('',*,*,#1008,.T.);
#1364=ORIENTED_EDGE('',*,*,#937,.T.);
#1365=ORIENTED_EDGE('',*,*,#1007,.T.);
#1366=ORIENTED_EDGE('',*,*,#1009,.T.);
#1367=ORIENTED_EDGE('',*,*,#879,.T.);
#1368=ORIENTED_EDGE('',*,*,#1010,.F.);
#1369=ORIENTED_EDGE('',*,*,#933,.T.);
#1370=ORIENTED_EDGE('',*,*,#1006,.F.);
#1371=ORIENTED_EDGE('',*,*,#935,.T.);
#1372=ORIENTED_EDGE('',*,*,#1011,.F.);
#1373=ORIENTED_EDGE('',*,*,#877,.T.);
#1374=ORIENTED_EDGE('',*,*,#878,.T.);
#1375=ORIENTED_EDGE('',*,*,#1011,.T.);
#1376=ORIENTED_EDGE('',*,*,#934,.T.);
#1377=ORIENTED_EDGE('',*,*,#1010,.T.);
#1378=ORIENTED_EDGE('',*,*,#1012,.T.);
#1379=ORIENTED_EDGE('',*,*,#882,.T.);
#1380=ORIENTED_EDGE('',*,*,#1013,.F.);
#1381=ORIENTED_EDGE('',*,*,#930,.T.);
#1382=ORIENTED_EDGE('',*,*,#1009,.F.);
#1383=ORIENTED_EDGE('',*,*,#932,.T.);
#1384=ORIENTED_EDGE('',*,*,#1014,.F.);
#1385=ORIENTED_EDGE('',*,*,#880,.T.);
#1386=ORIENTED_EDGE('',*,*,#881,.T.);
#1387=ORIENTED_EDGE('',*,*,#1014,.T.);
#1388=ORIENTED_EDGE('',*,*,#931,.T.);
#1389=ORIENTED_EDGE('',*,*,#1013,.T.);
#1390=ORIENTED_EDGE('',*,*,#1015,.T.);
#1391=ORIENTED_EDGE('',*,*,#885,.T.);
#1392=ORIENTED_EDGE('',*,*,#1016,.F.);
#1393=ORIENTED_EDGE('',*,*,#927,.T.);
#1394=ORIENTED_EDGE('',*,*,#1012,.F.);
#1395=ORIENTED_EDGE('',*,*,#929,.T.);
#1396=ORIENTED_EDGE('',*,*,#1017,.F.);
#1397=ORIENTED_EDGE('',*,*,#883,.T.);
#1398=ORIENTED_EDGE('',*,*,#884,.T.);
#1399=ORIENTED_EDGE('',*,*,#1017,.T.);
#1400=ORIENTED_EDGE('',*,*,#928,.T.);
#1401=ORIENTED_EDGE('',*,*,#1016,.T.);
#1402=ORIENTED_EDGE('',*,*,#1018,.T.);
#1403=ORIENTED_EDGE('',*,*,#888,.T.);
#1404=ORIENTED_EDGE('',*,*,#1019,.F.);
#1405=ORIENTED_EDGE('',*,*,#924,.T.);
#1406=ORIENTED_EDGE('',*,*,#1015,.F.);
#1407=ORIENTED_EDGE('',*,*,#926,.T.);
#1408=ORIENTED_EDGE('',*,*,#1020,.F.);
#1409=ORIENTED_EDGE('',*,*,#886,.T.);
#1410=ORIENTED_EDGE('',*,*,#887,.T.);
#1411=ORIENTED_EDGE('',*,*,#1020,.T.);
#1412=ORIENTED_EDGE('',*,*,#925,.T.);
#1413=ORIENTED_EDGE('',*,*,#1019,.T.);
#1414=ORIENTED_EDGE('',*,*,#1021,.T.);
#1415=ORIENTED_EDGE('',*,*,#891,.T.);
#1416=ORIENTED_EDGE('',*,*,#1022,.F.);
#1417=ORIENTED_EDGE('',*,*,#921,.T.);
#1418=ORIENTED_EDGE('',*,*,#1018,.F.);
#1419=ORIENTED_EDGE('',*,*,#923,.T.);
#1420=ORIENTED_EDGE('',*,*,#1023,.F.);
#1421=ORIENTED_EDGE('',*,*,#889,.T.);
#1422=ORIENTED_EDGE('',*,*,#890,.T.);
#1423=ORIENTED_EDGE('',*,*,#1023,.T.);
#1424=ORIENTED_EDGE('',*,*,#922,.T.);
#1425=ORIENTED_EDGE('',*,*,#1022,.T.);
#1426=ORIENTED_EDGE('',*,*,#1024,.T.);
#1427=ORIENTED_EDGE('',*,*,#894,.T.);
#1428=ORIENTED_EDGE('',*,*,#1025,.F.);
#1429=ORIENTED_EDGE('',*,*,#918,.T.);
#1430=ORIENTED_EDGE('',*,*,#1021,.F.);
#1431=ORIENTED_EDGE('',*,*,#920,.T.);
#1432=ORIENTED_EDGE('',*,*,#1026,.F.);
#1433=ORIENTED_EDGE('',*,*,#892,.T.);
#1434=ORIENTED_EDGE('',*,*,#893,.T.);
#1435=ORIENTED_EDGE('',*,*,#1026,.T.);
#1436=ORIENTED_EDGE('',*,*,#919,.T.);
#1437=ORIENTED_EDGE('',*,*,#1025,.T.);
#1438=ORIENTED_EDGE('',*,*,#1027,.T.);
#1439=ORIENTED_EDGE('',*,*,#897,.T.);
#1440=ORIENTED_EDGE('',*,*,#1028,.F.);
#1441=ORIENTED_EDGE('',*,*,#915,.T.);
#1442=ORIENTED_EDGE('',*,*,#1024,.F.);
#1443=ORIENTED_EDGE('',*,*,#917,.T.);
#1444=ORIENTED_EDGE('',*,*,#1029,.F.);
#1445=ORIENTED_EDGE('',*,*,#895,.T.);
#1446=ORIENTED_EDGE('',*,*,#896,.T.);
#1447=ORIENTED_EDGE('',*,*,#1029,.T.);
#1448=ORIENTED_EDGE('',*,*,#916,.T.);
#1449=ORIENTED_EDGE('',*,*,#1028,.T.);
#1450=ORIENTED_EDGE('',*,*,#1030,.T.);
#1451=ORIENTED_EDGE('',*,*,#900,.T.);
#1452=ORIENTED_EDGE('',*,*,#1031,.F.);
#1453=ORIENTED_EDGE('',*,*,#912,.T.);
#1454=ORIENTED_EDGE('',*,*,#1027,.F.);
#1455=ORIENTED_EDGE('',*,*,#914,.T.);
#1456=ORIENTED_EDGE('',*,*,#1032,.F.);
#1457=ORIENTED_EDGE('',*,*,#898,.T.);
#1458=ORIENTED_EDGE('',*,*,#899,.T.);
#1459=ORIENTED_EDGE('',*,*,#1032,.T.);
#1460=ORIENTED_EDGE('',*,*,#913,.T.);
#1461=ORIENTED_EDGE('',*,*,#1031,.T.);
#1462=ORIENTED_EDGE('',*,*,#1030,.F.);
#1463=ORIENTED_EDGE('',*,*,#911,.F.);
#1464=ORIENTED_EDGE('',*,*,#1033,.F.);
#1465=ORIENTED_EDGE('',*,*,#901,.F.);
#1466=ORIENTED_EDGE('',*,*,#902,.F.);
#1467=ORIENTED_EDGE('',*,*,#1033,.T.);
#1468=ORIENTED_EDGE('',*,*,#910,.F.);
#1469=ORIENTED_EDGE('',*,*,#975,.F.);
#1470=CONICAL_SURFACE('',#1563,13.25,0.78539816339745);
#1471=CONICAL_SURFACE('',#1570,13.25,0.785398163397448);
#1472=ADVANCED_FACE('',(#496),#1470,.F.);
#1473=ADVANCED_FACE('',(#497),#426,.F.);
#1474=ADVANCED_FACE('',(#498),#21,.F.);
#1475=ADVANCED_FACE('',(#499),#427,.F.);
#1476=ADVANCED_FACE('',(#500),#1471,.F.);
#1477=ADVANCED_FACE('',(#501,#17),#428,.T.);
#1478=ADVANCED_FACE('',(#502),#429,.F.);
#1479=ADVANCED_FACE('',(#503),#15,.F.);
#1480=ADVANCED_FACE('',(#504),#22,.T.);
#1481=ADVANCED_FACE('',(#505,#18),#430,.F.);
#1482=ADVANCED_FACE('',(#506,#19),#431,.F.);
#1483=ADVANCED_FACE('',(#507),#16,.F.);
#1484=ADVANCED_FACE('',(#508),#23,.T.);
#1485=ADVANCED_FACE('',(#509,#20),#432,.T.);
#1486=ADVANCED_FACE('',(#510),#433,.T.);
#1487=ADVANCED_FACE('',(#511),#434,.T.);
#1488=ADVANCED_FACE('',(#512),#435,.T.);
#1489=ADVANCED_FACE('',(#513),#436,.T.);
#1490=ADVANCED_FACE('',(#514),#437,.T.);
#1491=ADVANCED_FACE('',(#515),#438,.T.);
#1492=ADVANCED_FACE('',(#516),#439,.T.);
#1493=ADVANCED_FACE('',(#517),#440,.T.);
#1494=ADVANCED_FACE('',(#518),#441,.T.);
#1495=ADVANCED_FACE('',(#519),#442,.T.);
#1496=ADVANCED_FACE('',(#520),#443,.T.);
#1497=ADVANCED_FACE('',(#521),#444,.T.);
#1498=ADVANCED_FACE('',(#522),#445,.T.);
#1499=ADVANCED_FACE('',(#523),#446,.T.);
#1500=ADVANCED_FACE('',(#524),#447,.T.);
#1501=ADVANCED_FACE('',(#525),#448,.T.);
#1502=ADVANCED_FACE('',(#526),#449,.T.);
#1503=ADVANCED_FACE('',(#527),#450,.T.);
#1504=ADVANCED_FACE('',(#528),#451,.T.);
#1505=ADVANCED_FACE('',(#529),#452,.T.);
#1506=ADVANCED_FACE('',(#530),#453,.T.);
#1507=ADVANCED_FACE('',(#531),#454,.T.);
#1508=ADVANCED_FACE('',(#532),#455,.T.);
#1509=ADVANCED_FACE('',(#533),#456,.T.);
#1510=ADVANCED_FACE('',(#534),#457,.T.);
#1511=ADVANCED_FACE('',(#535),#458,.T.);
#1512=ADVANCED_FACE('',(#536),#459,.T.);
#1513=ADVANCED_FACE('',(#537),#460,.T.);
#1514=ADVANCED_FACE('',(#538),#461,.T.);
#1515=ADVANCED_FACE('',(#539),#462,.T.);
#1516=ADVANCED_FACE('',(#540),#463,.T.);
#1517=ADVANCED_FACE('',(#541),#464,.T.);
#1518=ADVANCED_FACE('',(#542),#465,.T.);
#1519=ADVANCED_FACE('',(#543),#466,.T.);
#1520=ADVANCED_FACE('',(#544),#467,.T.);
#1521=ADVANCED_FACE('',(#545),#468,.T.);
#1522=ADVANCED_FACE('',(#546),#469,.T.);
#1523=ADVANCED_FACE('',(#547),#470,.T.);
#1524=ADVANCED_FACE('',(#548),#471,.T.);
#1525=ADVANCED_FACE('',(#549),#472,.T.);
#1526=ADVANCED_FACE('',(#550),#473,.T.);
#1527=ADVANCED_FACE('',(#551),#474,.T.);
#1528=ADVANCED_FACE('',(#552),#475,.T.);
#1529=ADVANCED_FACE('',(#553),#476,.T.);
#1530=ADVANCED_FACE('',(#554),#477,.T.);
#1531=ADVANCED_FACE('',(#555),#478,.T.);
#1532=ADVANCED_FACE('',(#556),#479,.T.);
#1533=ADVANCED_FACE('',(#557),#480,.T.);
#1534=ADVANCED_FACE('',(#558),#481,.T.);
#1535=ADVANCED_FACE('',(#559),#482,.T.);
#1536=ADVANCED_FACE('',(#560),#483,.T.);
#1537=ADVANCED_FACE('',(#561),#484,.T.);
#1538=ADVANCED_FACE('',(#562),#485,.T.);
#1539=ADVANCED_FACE('',(#563),#486,.T.);
#1540=ADVANCED_FACE('',(#564),#487,.T.);
#1541=ADVANCED_FACE('',(#565),#488,.T.);
#1542=ADVANCED_FACE('',(#566),#489,.T.);
#1543=ADVANCED_FACE('',(#567),#490,.T.);
#1544=ADVANCED_FACE('',(#568),#491,.T.);
#1545=ADVANCED_FACE('',(#569),#492,.T.);
#1546=ADVANCED_FACE('',(#570),#493,.T.);
#1547=ADVANCED_FACE('',(#571),#494,.T.);
#1548=ADVANCED_FACE('',(#572),#495,.T.);
#1549=CLOSED_SHELL('',(#1472,#1473,#1474,#1475,#1476,#1477,#1478,#1479,
#1480,#1481,#1482,#1483,#1484,#1485,#1486,#1487,#1488,#1489,#1490,#1491,
#1492,#1493,#1494,#1495,#1496,#1497,#1498,#1499,#1500,#1501,#1502,#1503,
#1504,#1505,#1506,#1507,#1508,#1509,#1510,#1511,#1512,#1513,#1514,#1515,
#1516,#1517,#1518,#1519,#1520,#1521,#1522,#1523,#1524,#1525,#1526,#1527,
#1528,#1529,#1530,#1531,#1532,#1533,#1534,#1535,#1536,#1537,#1538,#1539,
#1540,#1541,#1542,#1543,#1544,#1545,#1546,#1547,#1548));
#1550=DERIVED_UNIT_ELEMENT(#1552,1.);
#1551=DERIVED_UNIT_ELEMENT(#2490,-3.);
#1552=(
MASS_UNIT()
NAMED_UNIT(*)
SI_UNIT(.KILO.,.GRAM.)
);
#1553=DERIVED_UNIT((#1550,#1551));
#1554=MEASURE_REPRESENTATION_ITEM('density measure',
POSITIVE_RATIO_MEASURE(7850.),#1553);
#1555=PROPERTY_DEFINITION_REPRESENTATION(#1560,#1557);
#1556=PROPERTY_DEFINITION_REPRESENTATION(#1561,#1558);
#1557=REPRESENTATION('material name',(#1559),#2487);
#1558=REPRESENTATION('density',(#1554),#2487);
#1559=DESCRIPTIVE_REPRESENTATION_ITEM('Steel','Steel');
#1560=PROPERTY_DEFINITION('material property','material name',#2497);
#1561=PROPERTY_DEFINITION('material property','density of part',#2497);
#1562=AXIS2_PLACEMENT_3D('',#2036,#1653,#1654);
#1563=AXIS2_PLACEMENT_3D('',#2037,#1655,#1656);
#1564=AXIS2_PLACEMENT_3D('',#2044,#1657,#1658);
#1565=AXIS2_PLACEMENT_3D('',#2049,#1659,#1660);
#1566=AXIS2_PLACEMENT_3D('',#2050,#1661,#1662);
#1567=AXIS2_PLACEMENT_3D('',#2062,#1667,#1668);
#1568=AXIS2_PLACEMENT_3D('',#2065,#1670,#1671);
#1569=AXIS2_PLACEMENT_3D('',#2066,#1672,#1673);
#1570=AXIS2_PLACEMENT_3D('',#2076,#1677,#1678);
#1571=AXIS2_PLACEMENT_3D('',#2077,#1679,#1680);
#1572=AXIS2_PLACEMENT_3D('',#2078,#1681,#1682);
#1573=AXIS2_PLACEMENT_3D('',#2080,#1683,#1684);
#1574=AXIS2_PLACEMENT_3D('',#2082,#1686,#1687);
#1575=AXIS2_PLACEMENT_3D('',#2084,#1689,#1690);
#1576=AXIS2_PLACEMENT_3D('',#2087,#1691,#1692);
#1577=AXIS2_PLACEMENT_3D('',#2089,#1693,#1694);
#1578=AXIS2_PLACEMENT_3D('',#2090,#1695,#1696);
#1579=AXIS2_PLACEMENT_3D('',#2091,#1697,#1698);
#1580=AXIS2_PLACEMENT_3D('',#2092,#1699,#1700);
#1581=AXIS2_PLACEMENT_3D('',#2094,#1701,#1702);
#1582=AXIS2_PLACEMENT_3D('',#2096,#1704,#1705);
#1583=AXIS2_PLACEMENT_3D('',#2223,#1769,#1770);
#1584=AXIS2_PLACEMENT_3D('',#2224,#1771,#1772);
#1585=AXIS2_PLACEMENT_3D('',#2226,#1773,#1774);
#1586=AXIS2_PLACEMENT_3D('',#2228,#1775,#1776);
#1587=AXIS2_PLACEMENT_3D('',#2229,#1777,#1778);
#1588=AXIS2_PLACEMENT_3D('',#2230,#1779,#1780);
#1589=AXIS2_PLACEMENT_3D('',#2232,#1782,#1783);
#1590=AXIS2_PLACEMENT_3D('',#2359,#1847,#1848);
#1591=AXIS2_PLACEMENT_3D('',#2362,#1851,#1852);
#1592=AXIS2_PLACEMENT_3D('',#2365,#1855,#1856);
#1593=AXIS2_PLACEMENT_3D('',#2366,#1857,#1858);
#1594=AXIS2_PLACEMENT_3D('',#2368,#1860,#1861);
#1595=AXIS2_PLACEMENT_3D('',#2371,#1864,#1865);
#1596=AXIS2_PLACEMENT_3D('',#2373,#1867,#1868);
#1597=AXIS2_PLACEMENT_3D('',#2374,#1869,#1870);
#1598=AXIS2_PLACEMENT_3D('',#2377,#1873,#1874);
#1599=AXIS2_PLACEMENT_3D('',#2379,#1876,#1877);
#1600=AXIS2_PLACEMENT_3D('',#2380,#1878,#1879);
#1601=AXIS2_PLACEMENT_3D('',#2383,#1882,#1883);
#1602=AXIS2_PLACEMENT_3D('',#2385,#1885,#1886);
#1603=AXIS2_PLACEMENT_3D('',#2386,#1887,#1888);
#1604=AXIS2_PLACEMENT_3D('',#2389,#1891,#1892);
#1605=AXIS2_PLACEMENT_3D('',#2391,#1894,#1895);
#1606=AXIS2_PLACEMENT_3D('',#2392,#1896,#1897);
#1607=AXIS2_PLACEMENT_3D('',#2395,#1900,#1901);
#1608=AXIS2_PLACEMENT_3D('',#2397,#1903,#1904);
#1609=AXIS2_PLACEMENT_3D('',#2398,#1905,#1906);
#1610=AXIS2_PLACEMENT_3D('',#2401,#1909,#1910);
#1611=AXIS2_PLACEMENT_3D('',#2403,#1912,#1913);
#1612=AXIS2_PLACEMENT_3D('',#2404,#1914,#1915);
#1613=AXIS2_PLACEMENT_3D('',#2407,#1918,#1919);
#1614=AXIS2_PLACEMENT_3D('',#2409,#1921,#1922);
#1615=AXIS2_PLACEMENT_3D('',#2410,#1923,#1924);
#1616=AXIS2_PLACEMENT_3D('',#2413,#1927,#1928);
#1617=AXIS2_PLACEMENT_3D('',#2415,#1930,#1931);
#1618=AXIS2_PLACEMENT_3D('',#2416,#1932,#1933);
#1619=AXIS2_PLACEMENT_3D('',#2419,#1936,#1937);
#1620=AXIS2_PLACEMENT_3D('',#2421,#1939,#1940);
#1621=AXIS2_PLACEMENT_3D('',#2422,#1941,#1942);
#1622=AXIS2_PLACEMENT_3D('',#2425,#1945,#1946);
#1623=AXIS2_PLACEMENT_3D('',#2427,#1948,#1949);
#1624=AXIS2_PLACEMENT_3D('',#2428,#1950,#1951);
#1625=AXIS2_PLACEMENT_3D('',#2431,#1954,#1955);
#1626=AXIS2_PLACEMENT_3D('',#2433,#1957,#1958);
#1627=AXIS2_PLACEMENT_3D('',#2434,#1959,#1960);
#1628=AXIS2_PLACEMENT_3D('',#2437,#1963,#1964);
#1629=AXIS2_PLACEMENT_3D('',#2439,#1966,#1967);
#1630=AXIS2_PLACEMENT_3D('',#2440,#1968,#1969);
#1631=AXIS2_PLACEMENT_3D('',#2443,#1972,#1973);
#1632=AXIS2_PLACEMENT_3D('',#2445,#1975,#1976);
#1633=AXIS2_PLACEMENT_3D('',#2446,#1977,#1978);
#1634=AXIS2_PLACEMENT_3D('',#2449,#1981,#1982);
#1635=AXIS2_PLACEMENT_3D('',#2451,#1984,#1985);
#1636=AXIS2_PLACEMENT_3D('',#2452,#1986,#1987);
#1637=AXIS2_PLACEMENT_3D('',#2455,#1990,#1991);
#1638=AXIS2_PLACEMENT_3D('',#2457,#1993,#1994);
#1639=AXIS2_PLACEMENT_3D('',#2458,#1995,#1996);
#1640=AXIS2_PLACEMENT_3D('',#2461,#1999,#2000);
#1641=AXIS2_PLACEMENT_3D('',#2463,#2002,#2003);
#1642=AXIS2_PLACEMENT_3D('',#2464,#2004,#2005);
#1643=AXIS2_PLACEMENT_3D('',#2467,#2008,#2009);
#1644=AXIS2_PLACEMENT_3D('',#2469,#2011,#2012);
#1645=AXIS2_PLACEMENT_3D('',#2470,#2013,#2014);
#1646=AXIS2_PLACEMENT_3D('',#2473,#2017,#2018);
#1647=AXIS2_PLACEMENT_3D('',#2475,#2020,#2021);
#1648=AXIS2_PLACEMENT_3D('',#2476,#2022,#2023);
#1649=AXIS2_PLACEMENT_3D('',#2479,#2026,#2027);
#1650=AXIS2_PLACEMENT_3D('',#2481,#2029,#2030);
#1651=AXIS2_PLACEMENT_3D('',#2482,#2031,#2032);
#1652=AXIS2_PLACEMENT_3D('',#2484,#2034,#2035);
#1653=DIRECTION('axis',(0.,0.,1.));
#1654=DIRECTION('refdir',(1.,0.,0.));
#1655=DIRECTION('center_axis',(0.,0.,-1.));
#1656=DIRECTION('ref_axis',(-5.44637710193473E-16,1.,0.));
#1657=DIRECTION('center_axis',(0.,0.,-1.));
#1658=DIRECTION('ref_axis',(-0.32,0.947417542586161,0.));
#1659=DIRECTION('center_axis',(0.,0.,1.));
#1660=DIRECTION('ref_axis',(-0.32,0.947417542586161,0.));
#1661=DIRECTION('center_axis',(-1.,0.,0.));
#1662=DIRECTION('ref_axis',(0.,1.,0.));
#1663=DIRECTION('',(0.,0.,-1.));
#1664=DIRECTION('',(0.,1.,0.));
#1665=DIRECTION('',(0.,0.,-1.));
#1666=DIRECTION('',(0.,-1.,0.));
#1667=DIRECTION('center_axis',(0.,0.,-1.));
#1668=DIRECTION('ref_axis',(2.22044604925031E-16,1.,0.));
#1669=DIRECTION('',(0.,0.,-1.));
#1670=DIRECTION('center_axis',(0.,0.,-1.));
#1671=DIRECTION('ref_axis',(-0.32,0.947417542586161,0.));
#1672=DIRECTION('center_axis',(1.,1.33527550822524E-16,0.));
#1673=DIRECTION('ref_axis',(1.33527550822524E-16,-1.,0.));
#1674=DIRECTION('',(-1.33527550822524E-16,1.,0.));
#1675=DIRECTION('',(0.,0.,-1.));
#1676=DIRECTION('',(1.33527550822524E-16,-1.,0.));
#1677=DIRECTION('center_axis',(0.,0.,1.));
#1678=DIRECTION('ref_axis',(3.77056876287789E-16,1.,0.));
#1679=DIRECTION('center_axis',(0.,0.,1.));
#1680=DIRECTION('ref_axis',(-0.32,0.947417542586161,0.));
#1681=DIRECTION('center_axis',(0.,0.,1.));
#1682=DIRECTION('ref_axis',(-1.,0.,0.));
#1683=DIRECTION('center_axis',(0.,0.,1.));
#1684=DIRECTION('ref_axis',(-1.,0.,0.));
#1685=DIRECTION('',(-1.,0.,0.));
#1686=DIRECTION('center_axis',(0.,-1.,0.));
#1687=DIRECTION('ref_axis',(-1.,0.,0.));
#1688=DIRECTION('',(1.,0.,0.));
#1689=DIRECTION('center_axis',(0.,0.,1.));
#1690=DIRECTION('ref_axis',(1.,0.,0.));
#1691=DIRECTION('center_axis',(0.,0.,1.));
#1692=DIRECTION('ref_axis',(-1.,0.,0.));
#1693=DIRECTION('center_axis',(1.22464679914735E-16,-1.,0.));
#1694=DIRECTION('ref_axis',(-1.,-1.22464679914735E-16,0.));
#1695=DIRECTION('center_axis',(0.,0.,-1.));
#1696=DIRECTION('ref_axis',(-1.,0.,0.));
#1697=DIRECTION('center_axis',(0.,0.,1.));
#1698=DIRECTION('ref_axis',(-1.,0.,0.));
#1699=DIRECTION('center_axis',(0.,0.,1.));
#1700=DIRECTION('ref_axis',(-1.,0.,0.));
#1701=DIRECTION('center_axis',(0.,0.,1.));
#1702=DIRECTION('ref_axis',(-1.,0.,0.));
#1703=DIRECTION('',(0.,0.,1.));
#1704=DIRECTION('center_axis',(0.,0.,1.));
#1705=DIRECTION('ref_axis',(1.,0.,0.));
#1706=DIRECTION('',(-0.0149594070152611,0.999888101810273,0.));
#1707=DIRECTION('',(-0.934471052351314,-0.356039116274362,0.));
#1708=DIRECTION('',(-0.961842589550796,0.273603422723873,0.));
#1709=DIRECTION('',(0.280427389306005,0.959875241542888,0.));
#1710=DIRECTION('',(-0.997899497235826,-0.0647811192901566,0.));
#1711=DIRECTION('',(-0.838464597437266,0.544956070563824,0.));
#1712=DIRECTION('',(0.550896981452105,0.834573253721301,0.));
#1713=DIRECTION('',(-0.972660192581121,0.232232964430238,0.));
#1714=DIRECTION('',(-0.640585346300154,0.767886980033853,0.));
#1715=DIRECTION('',(0.772416959224601,0.635115769842177,0.));
#1716=DIRECTION('',(-0.860995761366634,0.508612130123427,0.));
#1717=DIRECTION('',(-0.385787275981785,0.922587761511367,0.));
#1718=DIRECTION('',(0.925304300473998,0.379225462652926,0.));
#1719=DIRECTION('',(-0.672828078337056,0.739798876047581,0.));
#1720=DIRECTION('',(-0.0967103131928574,0.99531257166889,0.));
#1721=DIRECTION('',(0.995974293995239,0.0896393089034306,0.));
#1722=DIRECTION('',(-0.424876667889843,0.905251245281013,0.));
#1723=DIRECTION('',(0.200959785329474,0.979599491976354,0.));
#1724=DIRECTION('',(0.978147600733805,-0.207911690817762,0.));
#1725=DIRECTION('',(-0.139173100960071,0.99026806874157,0.));
#1726=DIRECTION('',(0.480773725027789,0.876844698520156,0.));
#1727=DIRECTION('',(0.873408200617128,-0.48698882440437,0.));
#1728=DIRECTION('',(0.158896606741098,0.987295228574597,0.));
#1729=DIRECTION('',(0.717868809416645,0.696178405630862,0.));
#1730=DIRECTION('',(0.691062648986863,-0.722794863827394,0.));
#1731=DIRECTION('',(0.442847653627047,0.896596874675023,0.));
#1732=DIRECTION('',(0.89117809977345,0.453653606272653,0.));
#1733=DIRECTION('',(0.44731314831563,-0.894377407666338,0.));
#1734=DIRECTION('',(0.687449743083315,0.726231953809996,0.));
#1735=DIRECTION('',(0.985302305094708,0.170819693171059,0.));
#1736=DIRECTION('',(0.163817911415135,-0.986490593923522,0.));
#1737=DIRECTION('',(0.870968906043122,0.491338136832516,0.));
#1738=DIRECTION('',(0.991878076680355,-0.12719229929866,0.));
#1739=DIRECTION('',(-0.134233265817658,-0.990949761767934,0.));
#1740=DIRECTION('',(0.977098659516908,0.212786770195567,0.));
#1741=DIRECTION('',(0.910321128367707,-0.413902697801481,0.));
#1742=DIRECTION('',(-0.420357228309568,-0.907358694567864,0.));
#1743=DIRECTION('',(0.996408909165776,-0.0846716347726185,0.));
#1744=DIRECTION('',(0.747878152921116,-0.663836025222569,0.));
#1745=DIRECTION('',(-0.66913060635886,-0.743144825477393,0.));
#1746=DIRECTION('',(0.927183854566789,-0.374606593415908,0.));
#1747=DIRECTION('',(0.518982921578268,-0.854784608606218,0.));
#1748=DIRECTION('',(-0.858448793601868,-0.512899277405904,0.));
#1749=DIRECTION('',(0.775574445610215,-0.631256112300235,0.));
#1750=DIRECTION('',(0.243973780134151,-0.969781828354735,0.));
#1751=DIRECTION('',(-0.971490038292868,-0.237080377715495,0.));
#1752=DIRECTION('',(0.555051843608779,-0.831815755384866,0.));
#1753=DIRECTION('',(-0.0527135023361833,-0.998609676836477,0.));
#1754=DIRECTION('',(-0.998210129767735,0.059804153945037,0.));
#1755=DIRECTION('',(0.285210449497807,-0.958464918240234,0.));
#1756=DIRECTION('',(-0.344716958794553,-0.938706673204912,0.));
#1757=DIRECTION('',(-0.936234870639736,0.351374824081345,0.));
#1758=DIRECTION('',(-0.00997314467648791,-0.999950266955943,0.));
#1759=DIRECTION('',(-0.606090800698571,-0.795395462212707,0.));
#1760=DIRECTION('',(-0.791071034656339,0.611724299115009,0.));
#1761=DIRECTION('',(-0.304270581179852,-0.952585646243148,0.));
#1762=DIRECTION('',(-0.81361081517485,-0.581409873867409,0.));
#1763=DIRECTION('',(-0.575617065685671,0.817719385664433,0.));
#1764=DIRECTION('',(-0.571532241275934,-0.820579610508394,0.));
#1765=DIRECTION('',(-0.94883793825059,-0.315763466753785,0.));
#1766=DIRECTION('',(0.309016994374945,-0.951056516295154,0.));
#1767=DIRECTION('',(0.788010753606719,0.615661475325662,0.));
#1768=DIRECTION('',(0.999756646606057,0.0220600899139377,0.));
#1769=DIRECTION('center_axis',(0.,0.,1.));
#1770=DIRECTION('ref_axis',(-1.,0.,0.));
#1771=DIRECTION('center_axis',(0.,0.,-1.));
#1772=DIRECTION('ref_axis',(-1.,0.,0.));
#1773=DIRECTION('center_axis',(0.,0.,-1.));
#1774=DIRECTION('ref_axis',(-1.,0.,0.));
#1775=DIRECTION('center_axis',(-1.22464679914735E-16,-1.,0.));
#1776=DIRECTION('ref_axis',(1.,-1.22464679914735E-16,0.));
#1777=DIRECTION('center_axis',(0.,0.,1.));
#1778=DIRECTION('ref_axis',(-1.,0.,0.));
#1779=DIRECTION('center_axis',(0.,0.,1.));
#1780=DIRECTION('ref_axis',(-1.,0.,0.));
#1781=DIRECTION('',(0.,0.,-1.));
#1782=DIRECTION('center_axis',(0.,0.,1.));
#1783=DIRECTION('ref_axis',(1.,0.,0.));
#1784=DIRECTION('',(0.0149594070152611,-0.999888101810273,0.));
#1785=DIRECTION('',(-0.999756646606057,-0.0220600899139377,0.));
#1786=DIRECTION('',(-0.788010753606719,-0.615661475325662,0.));
#1787=DIRECTION('',(-0.309016994374945,0.951056516295154,0.));
#1788=DIRECTION('',(0.94883793825059,0.315763466753785,0.));
#1789=DIRECTION('',(0.571532241275934,0.820579610508394,0.));
#1790=DIRECTION('',(0.575617065685671,-0.817719385664433,0.));
#1791=DIRECTION('',(0.81361081517485,0.581409873867409,0.));
#1792=DIRECTION('',(0.304270581179852,0.952585646243148,0.));
#1793=DIRECTION('',(0.791071034656339,-0.611724299115009,0.));
#1794=DIRECTION('',(0.606090800698571,0.795395462212707,0.));
#1795=DIRECTION('',(0.00997314467648791,0.999950266955943,0.));
#1796=DIRECTION('',(0.936234870639736,-0.351374824081345,0.));
#1797=DIRECTION('',(0.344716958794553,0.938706673204912,0.));
#1798=DIRECTION('',(-0.285210449497807,0.958464918240234,0.));
#1799=DIRECTION('',(0.998210129767735,-0.059804153945037,0.));
#1800=DIRECTION('',(0.0527135023361833,0.998609676836477,0.));
#1801=DIRECTION('',(-0.555051843608779,0.831815755384866,0.));
#1802=DIRECTION('',(0.971490038292868,0.237080377715495,0.));
#1803=DIRECTION('',(-0.243973780134151,0.969781828354735,0.));
#1804=DIRECTION('',(-0.775574445610215,0.631256112300235,0.));
#1805=DIRECTION('',(0.858448793601868,0.512899277405904,0.));
#1806=DIRECTION('',(-0.518982921578268,0.854784608606218,0.));
#1807=DIRECTION('',(-0.927183854566789,0.374606593415908,0.));
#1808=DIRECTION('',(0.66913060635886,0.743144825477393,0.));
#1809=DIRECTION('',(-0.747878152921116,0.663836025222569,0.));
#1810=DIRECTION('',(-0.996408909165776,0.0846716347726185,0.));
#1811=DIRECTION('',(0.420357228309568,0.907358694567864,0.));
#1812=DIRECTION('',(-0.910321128367707,0.413902697801481,0.));
#1813=DIRECTION('',(-0.977098659516908,-0.212786770195567,0.));
#1814=DIRECTION('',(0.134233265817658,0.990949761767934,0.));
#1815=DIRECTION('',(-0.991878076680355,0.12719229929866,0.));
#1816=DIRECTION('',(-0.870968906043122,-0.491338136832516,0.));
#1817=DIRECTION('',(-0.163817911415135,0.986490593923522,0.));
#1818=DIRECTION('',(-0.985302305094708,-0.170819693171059,0.));
#1819=DIRECTION('',(-0.687449743083315,-0.726231953809996,0.));
#1820=DIRECTION('',(-0.44731314831563,0.894377407666338,0.));
#1821=DIRECTION('',(-0.89117809977345,-0.453653606272653,0.));
#1822=DIRECTION('',(-0.442847653627047,-0.896596874675023,0.));
#1823=DIRECTION('',(-0.691062648986863,0.722794863827394,0.));
#1824=DIRECTION('',(-0.717868809416645,-0.696178405630862,0.));
#1825=DIRECTION('',(-0.158896606741098,-0.987295228574597,0.));
#1826=DIRECTION('',(-0.873408200617128,0.48698882440437,0.));
#1827=DIRECTION('',(-0.480773725027789,-0.876844698520156,0.));
#1828=DIRECTION('',(0.139173100960071,-0.99026806874157,0.));
#1829=DIRECTION('',(-0.978147600733805,0.207911690817762,0.));
#1830=DIRECTION('',(-0.200959785329474,-0.979599491976354,0.));
#1831=DIRECTION('',(0.424876667889843,-0.905251245281013,0.));
#1832=DIRECTION('',(-0.995974293995239,-0.0896393089034306,0.));
#1833=DIRECTION('',(0.0967103131928574,-0.99531257166889,0.));
#1834=DIRECTION('',(0.672828078337056,-0.739798876047581,0.));
#1835=DIRECTION('',(-0.925304300473998,-0.379225462652926,0.));
#1836=DIRECTION('',(0.385787275981785,-0.922587761511367,0.));
#1837=DIRECTION('',(0.860995761366634,-0.508612130123427,0.));
#1838=DIRECTION('',(-0.772416959224601,-0.635115769842177,0.));
#1839=DIRECTION('',(0.640585346300154,-0.767886980033853,0.));
#1840=DIRECTION('',(0.972660192581121,-0.232232964430238,0.));
#1841=DIRECTION('',(-0.550896981452105,-0.834573253721301,0.));
#1842=DIRECTION('',(0.838464597437266,-0.544956070563824,0.));
#1843=DIRECTION('',(0.997899497235826,0.0647811192901566,0.));
#1844=DIRECTION('',(-0.280427389306005,-0.959875241542888,0.));
#1845=DIRECTION('',(0.961842589550796,-0.273603422723873,0.));
#1846=DIRECTION('',(0.934471052351314,0.356039116274362,0.));
#1847=DIRECTION('center_axis',(0.273603422723873,0.961842589550796,0.));
#1848=DIRECTION('ref_axis',(-0.961842589550796,0.273603422723873,0.));
#1849=DIRECTION('',(0.,0.,-1.));
#1850=DIRECTION('',(0.,0.,-1.));
#1851=DIRECTION('center_axis',(0.999888101810274,0.0149594070152611,0.));
#1852=DIRECTION('ref_axis',(-0.0149594070152611,0.999888101810273,0.));
#1853=DIRECTION('',(0.,0.,1.));
#1854=DIRECTION('',(0.,0.,1.));
#1855=DIRECTION('center_axis',(-0.356039116274361,0.934471052351314,0.));
#1856=DIRECTION('ref_axis',(-0.934471052351314,-0.356039116274361,0.));
#1857=DIRECTION('center_axis',(-0.0220600899139377,0.999756646606057,0.));
#1858=DIRECTION('ref_axis',(-0.999756646606057,-0.0220600899139377,0.));
#1859=DIRECTION('',(0.,0.,1.));
#1860=DIRECTION('center_axis',(0.544956070563824,0.838464597437266,0.));
#1861=DIRECTION('ref_axis',(-0.838464597437266,0.544956070563824,0.));
#1862=DIRECTION('',(0.,0.,-1.));
#1863=DIRECTION('',(0.,0.,-1.));
#1864=DIRECTION('center_axis',(0.959875241542888,-0.280427389306005,0.));
#1865=DIRECTION('ref_axis',(0.280427389306005,0.959875241542888,0.));
#1866=DIRECTION('',(0.,0.,1.));
#1867=DIRECTION('center_axis',(-0.0647811192901566,0.997899497235826,0.));
#1868=DIRECTION('ref_axis',(-0.997899497235826,-0.0647811192901566,0.));
#1869=DIRECTION('center_axis',(0.767886980033853,0.640585346300154,0.));
#1870=DIRECTION('ref_axis',(-0.640585346300154,0.767886980033853,0.));
#1871=DIRECTION('',(0.,0.,-1.));
#1872=DIRECTION('',(0.,0.,-1.));
#1873=DIRECTION('center_axis',(0.834573253721301,-0.550896981452105,0.));
#1874=DIRECTION('ref_axis',(0.550896981452105,0.834573253721301,0.));
#1875=DIRECTION('',(0.,0.,1.));
#1876=DIRECTION('center_axis',(0.232232964430238,0.972660192581121,0.));
#1877=DIRECTION('ref_axis',(-0.972660192581121,0.232232964430238,0.));
#1878=DIRECTION('center_axis',(0.922587761511367,0.385787275981785,0.));
#1879=DIRECTION('ref_axis',(-0.385787275981785,0.922587761511367,0.));
#1880=DIRECTION('',(0.,0.,-1.));
#1881=DIRECTION('',(0.,0.,-1.));
#1882=DIRECTION('center_axis',(0.635115769842177,-0.772416959224601,0.));
#1883=DIRECTION('ref_axis',(0.772416959224601,0.635115769842177,0.));
#1884=DIRECTION('',(0.,0.,1.));
#1885=DIRECTION('center_axis',(0.508612130123427,0.860995761366634,0.));
#1886=DIRECTION('ref_axis',(-0.860995761366634,0.508612130123427,0.));
#1887=DIRECTION('center_axis',(0.99531257166889,0.0967103131928574,0.));
#1888=DIRECTION('ref_axis',(-0.0967103131928574,0.99531257166889,0.));
#1889=DIRECTION('',(0.,0.,-1.));
#1890=DIRECTION('',(0.,0.,-1.));
#1891=DIRECTION('center_axis',(0.379225462652926,-0.925304300473998,0.));
#1892=DIRECTION('ref_axis',(0.925304300473998,0.379225462652926,0.));
#1893=DIRECTION('',(0.,0.,1.));
#1894=DIRECTION('center_axis',(0.739798876047581,0.672828078337056,0.));
#1895=DIRECTION('ref_axis',(-0.672828078337056,0.739798876047581,0.));
#1896=DIRECTION('center_axis',(0.979599491976354,-0.200959785329474,0.));
#1897=DIRECTION('ref_axis',(0.200959785329474,0.979599491976354,0.));
#1898=DIRECTION('',(0.,0.,-1.));
#1899=DIRECTION('',(0.,0.,-1.));
#1900=DIRECTION('center_axis',(0.0896393089034306,-0.995974293995239,0.));
#1901=DIRECTION('ref_axis',(0.995974293995239,0.0896393089034306,0.));
#1902=DIRECTION('',(0.,0.,1.));
#1903=DIRECTION('center_axis',(0.905251245281013,0.424876667889843,0.));
#1904=DIRECTION('ref_axis',(-0.424876667889843,0.905251245281013,0.));
#1905=DIRECTION('center_axis',(0.876844698520156,-0.480773725027789,0.));
#1906=DIRECTION('ref_axis',(0.480773725027789,0.876844698520156,0.));
#1907=DIRECTION('',(0.,0.,-1.));
#1908=DIRECTION('',(0.,0.,-1.));
#1909=DIRECTION('center_axis',(-0.207911690817762,-0.978147600733805,0.));
#1910=DIRECTION('ref_axis',(0.978147600733805,-0.207911690817762,0.));
#1911=DIRECTION('',(0.,0.,1.));
#1912=DIRECTION('center_axis',(0.99026806874157,0.139173100960071,0.));
#1913=DIRECTION('ref_axis',(-0.139173100960071,0.99026806874157,0.));
#1914=DIRECTION('center_axis',(0.696178405630862,-0.717868809416645,0.));
#1915=DIRECTION('ref_axis',(0.717868809416645,0.696178405630862,0.));
#1916=DIRECTION('',(0.,0.,-1.));
#1917=DIRECTION('',(0.,0.,-1.));
#1918=DIRECTION('center_axis',(-0.48698882440437,-0.873408200617128,0.));
#1919=DIRECTION('ref_axis',(0.873408200617128,-0.48698882440437,0.));
#1920=DIRECTION('',(0.,0.,1.));
#1921=DIRECTION('center_axis',(0.987295228574597,-0.158896606741098,0.));
#1922=DIRECTION('ref_axis',(0.158896606741098,0.987295228574597,0.));
#1923=DIRECTION('center_axis',(0.453653606272653,-0.89117809977345,0.));
#1924=DIRECTION('ref_axis',(0.89117809977345,0.453653606272653,0.));
#1925=DIRECTION('',(0.,0.,-1.));
#1926=DIRECTION('',(0.,0.,-1.));
#1927=DIRECTION('center_axis',(-0.722794863827394,-0.691062648986863,0.));
#1928=DIRECTION('ref_axis',(0.691062648986863,-0.722794863827394,0.));
#1929=DIRECTION('',(0.,0.,1.));
#1930=DIRECTION('center_axis',(0.896596874675023,-0.442847653627047,0.));
#1931=DIRECTION('ref_axis',(0.442847653627047,0.896596874675023,0.));
#1932=DIRECTION('center_axis',(0.170819693171059,-0.985302305094708,0.));
#1933=DIRECTION('ref_axis',(0.985302305094708,0.170819693171059,0.));
#1934=DIRECTION('',(0.,0.,-1.));
#1935=DIRECTION('',(0.,0.,-1.));
#1936=DIRECTION('center_axis',(-0.894377407666338,-0.44731314831563,0.));
#1937=DIRECTION('ref_axis',(0.44731314831563,-0.894377407666338,0.));
#1938=DIRECTION('',(0.,0.,1.));
#1939=DIRECTION('center_axis',(0.726231953809996,-0.687449743083315,0.));
#1940=DIRECTION('ref_axis',(0.687449743083315,0.726231953809996,0.));
#1941=DIRECTION('center_axis',(-0.12719229929866,-0.991878076680355,0.));
#1942=DIRECTION('ref_axis',(0.991878076680355,-0.12719229929866,0.));
#1943=DIRECTION('',(0.,0.,-1.));
#1944=DIRECTION('',(0.,0.,-1.));
#1945=DIRECTION('center_axis',(-0.986490593923522,-0.163817911415135,0.));
#1946=DIRECTION('ref_axis',(0.163817911415135,-0.986490593923522,0.));
#1947=DIRECTION('',(0.,0.,1.));
#1948=DIRECTION('center_axis',(0.491338136832516,-0.870968906043122,0.));
#1949=DIRECTION('ref_axis',(0.870968906043122,0.491338136832516,0.));
#1950=DIRECTION('center_axis',(-0.413902697801481,-0.910321128367707,0.));
#1951=DIRECTION('ref_axis',(0.910321128367707,-0.413902697801481,0.));
#1952=DIRECTION('',(0.,0.,-1.));
#1953=DIRECTION('',(0.,0.,-1.));
#1954=DIRECTION('center_axis',(-0.990949761767934,0.134233265817658,0.));
#1955=DIRECTION('ref_axis',(-0.134233265817658,-0.990949761767934,0.));
#1956=DIRECTION('',(0.,0.,1.));
#1957=DIRECTION('center_axis',(0.212786770195567,-0.977098659516908,0.));
#1958=DIRECTION('ref_axis',(0.977098659516908,0.212786770195567,0.));
#1959=DIRECTION('center_axis',(-0.663836025222569,-0.747878152921116,0.));
#1960=DIRECTION('ref_axis',(0.747878152921116,-0.663836025222569,0.));
#1961=DIRECTION('',(0.,0.,-1.));
#1962=DIRECTION('',(0.,0.,-1.));
#1963=DIRECTION('center_axis',(-0.907358694567864,0.420357228309568,0.));
#1964=DIRECTION('ref_axis',(-0.420357228309568,-0.907358694567864,0.));
#1965=DIRECTION('',(0.,0.,1.));
#1966=DIRECTION('center_axis',(-0.0846716347726185,-0.996408909165776,0.));
#1967=DIRECTION('ref_axis',(0.996408909165776,-0.0846716347726185,0.));
#1968=DIRECTION('center_axis',(-0.854784608606218,-0.518982921578268,0.));
#1969=DIRECTION('ref_axis',(0.518982921578268,-0.854784608606218,0.));
#1970=DIRECTION('',(0.,0.,-1.));
#1971=DIRECTION('',(0.,0.,-1.));
#1972=DIRECTION('center_axis',(-0.743144825477393,0.66913060635886,0.));
#1973=DIRECTION('ref_axis',(-0.66913060635886,-0.743144825477393,0.));
#1974=DIRECTION('',(0.,0.,1.));
#1975=DIRECTION('center_axis',(-0.374606593415908,-0.927183854566789,0.));
#1976=DIRECTION('ref_axis',(0.927183854566789,-0.374606593415908,0.));
#1977=DIRECTION('center_axis',(-0.969781828354735,-0.243973780134151,0.));
#1978=DIRECTION('ref_axis',(0.243973780134151,-0.969781828354735,0.));
#1979=DIRECTION('',(0.,0.,-1.));
#1980=DIRECTION('',(0.,0.,-1.));
#1981=DIRECTION('center_axis',(-0.512899277405904,0.858448793601868,0.));
#1982=DIRECTION('ref_axis',(-0.858448793601868,-0.512899277405904,0.));
#1983=DIRECTION('',(0.,0.,1.));
#1984=DIRECTION('center_axis',(-0.631256112300235,-0.775574445610215,0.));
#1985=DIRECTION('ref_axis',(0.775574445610215,-0.631256112300235,0.));
#1986=DIRECTION('center_axis',(-0.998609676836477,0.0527135023361833,0.));
#1987=DIRECTION('ref_axis',(-0.0527135023361833,-0.998609676836477,0.));
#1988=DIRECTION('',(0.,0.,-1.));
#1989=DIRECTION('',(0.,0.,-1.));
#1990=DIRECTION('center_axis',(-0.237080377715495,0.971490038292868,0.));
#1991=DIRECTION('ref_axis',(-0.971490038292868,-0.237080377715495,0.));
#1992=DIRECTION('',(0.,0.,1.));
#1993=DIRECTION('center_axis',(-0.831815755384866,-0.555051843608779,0.));
#1994=DIRECTION('ref_axis',(0.555051843608779,-0.831815755384866,0.));
#1995=DIRECTION('center_axis',(-0.938706673204912,0.344716958794554,0.));
#1996=DIRECTION('ref_axis',(-0.344716958794553,-0.938706673204912,0.));
#1997=DIRECTION('',(0.,0.,-1.));
#1998=DIRECTION('',(0.,0.,-1.));
#1999=DIRECTION('center_axis',(0.059804153945037,0.998210129767735,0.));
#2000=DIRECTION('ref_axis',(-0.998210129767735,0.059804153945037,0.));
#2001=DIRECTION('',(0.,0.,1.));
#2002=DIRECTION('center_axis',(-0.958464918240234,-0.285210449497807,0.));
#2003=DIRECTION('ref_axis',(0.285210449497807,-0.958464918240234,0.));
#2004=DIRECTION('center_axis',(-0.795395462212707,0.606090800698571,0.));
#2005=DIRECTION('ref_axis',(-0.606090800698571,-0.795395462212707,0.));
#2006=DIRECTION('',(0.,0.,-1.));
#2007=DIRECTION('',(0.,0.,-1.));
#2008=DIRECTION('center_axis',(0.351374824081345,0.936234870639736,0.));
#2009=DIRECTION('ref_axis',(-0.936234870639736,0.351374824081345,0.));
#2010=DIRECTION('',(0.,0.,1.));
#2011=DIRECTION('center_axis',(-0.999950266955943,0.00997314467648791,0.));
#2012=DIRECTION('ref_axis',(-0.00997314467648791,-0.999950266955943,0.));
#2013=DIRECTION('center_axis',(-0.581409873867409,0.81361081517485,0.));
#2014=DIRECTION('ref_axis',(-0.81361081517485,-0.581409873867409,0.));
#2015=DIRECTION('',(0.,0.,-1.));
#2016=DIRECTION('',(0.,0.,-1.));
#2017=DIRECTION('center_axis',(0.611724299115009,0.791071034656339,0.));
#2018=DIRECTION('ref_axis',(-0.79107103465634,0.611724299115009,0.));
#2019=DIRECTION('',(0.,0.,1.));
#2020=DIRECTION('center_axis',(-0.952585646243148,0.304270581179852,0.));
#2021=DIRECTION('ref_axis',(-0.304270581179852,-0.952585646243148,0.));
#2022=DIRECTION('center_axis',(-0.315763466753785,0.94883793825059,0.));
#2023=DIRECTION('ref_axis',(-0.94883793825059,-0.315763466753785,0.));
#2024=DIRECTION('',(0.,0.,-1.));
#2025=DIRECTION('',(0.,0.,-1.));
#2026=DIRECTION('center_axis',(0.817719385664433,0.575617065685671,0.));
#2027=DIRECTION('ref_axis',(-0.575617065685671,0.817719385664433,0.));
#2028=DIRECTION('',(0.,0.,1.));
#2029=DIRECTION('center_axis',(-0.820579610508394,0.571532241275934,0.));
#2030=DIRECTION('ref_axis',(-0.571532241275934,-0.820579610508394,0.));
#2031=DIRECTION('center_axis',(0.951056516295155,0.309016994374945,0.));
#2032=DIRECTION('ref_axis',(-0.309016994374945,0.951056516295155,0.));
#2033=DIRECTION('',(0.,0.,1.));
#2034=DIRECTION('center_axis',(-0.615661475325662,0.788010753606719,0.));
#2035=DIRECTION('ref_axis',(-0.788010753606719,-0.615661475325662,0.));
#2036=CARTESIAN_POINT('',(0.,0.,0.));
#2037=CARTESIAN_POINT('Origin',(0.,0.,-5.25));
#2038=CARTESIAN_POINT('',(-4.00000000000001,-11.842719282327,-4.5));
#2039=CARTESIAN_POINT('',(-4.,-13.4164078649987,-6.));
#2040=CARTESIAN_POINT('Ctrl Pts',(-4.00000000000001,-11.842719282327,-4.5));
#2041=CARTESIAN_POINT('Ctrl Pts',(-4.00000000000001,-12.5850252176199,-5.20327366506137));
#2042=CARTESIAN_POINT('Ctrl Pts',(-4.,-13.4164078649987,-6.));
#2043=CARTESIAN_POINT('',(4.,-13.4164078649987,-6.));
#2044=CARTESIAN_POINT('Origin',(0.,0.,-6.));
#2045=CARTESIAN_POINT('',(4.,-11.842719282327,-4.5));
#2046=CARTESIAN_POINT('Ctrl Pts',(4.,-13.4164078649987,-6.));
#2047=CARTESIAN_POINT('Ctrl Pts',(4.,-12.5850252175495,-5.20327366499564));
#2048=CARTESIAN_POINT('Ctrl Pts',(4.,-11.842719282327,-4.5));
#2049=CARTESIAN_POINT('Origin',(0.,0.,-4.5));
#2050=CARTESIAN_POINT('Origin',(-4.,-16.,16.));
#2051=CARTESIAN_POINT('',(-4.00000000000001,-11.842719282327,14.5));
#2052=CARTESIAN_POINT('',(-4.00000000000001,-11.842719282327,16.));
#2053=CARTESIAN_POINT('',(-4.,-13.4164078649987,16.));
#2054=CARTESIAN_POINT('Ctrl Pts',(-4.,-13.4164078649987,16.));
#2055=CARTESIAN_POINT('Ctrl Pts',(-4.00000000000001,-12.5850252175495,15.2032736649956));
#2056=CARTESIAN_POINT('Ctrl Pts',(-4.00000000000001,-11.842719282327,14.5));
#2057=CARTESIAN_POINT('',(-4.,-16.,16.));
#2058=CARTESIAN_POINT('',(-4.,-8.,16.));
#2059=CARTESIAN_POINT('',(-4.,-16.,-6.));
#2060=CARTESIAN_POINT('',(-4.,-16.,16.));
#2061=CARTESIAN_POINT('',(-4.,-8.,-6.));
#2062=CARTESIAN_POINT('Origin',(0.,0.,16.));
#2063=CARTESIAN_POINT('',(4.,-11.842719282327,14.5));
#2064=CARTESIAN_POINT('',(4.,-11.842719282327,16.));
#2065=CARTESIAN_POINT('Origin',(0.,0.,14.5));
#2066=CARTESIAN_POINT('Origin',(4.,-11.842719282327,16.));
#2067=CARTESIAN_POINT('',(4.,-16.,-6.));
#2068=CARTESIAN_POINT('',(4.,-5.92135964116351,-6.));
#2069=CARTESIAN_POINT('',(4.,-16.,16.));
#2070=CARTESIAN_POINT('',(4.,-16.,16.));
#2071=CARTESIAN_POINT('',(4.,-13.4164078649987,16.));
#2072=CARTESIAN_POINT('',(4.,-5.92135964116351,16.));
#2073=CARTESIAN_POINT('Ctrl Pts',(4.,-11.842719282327,14.5));
#2074=CARTESIAN_POINT('Ctrl Pts',(4.,-12.5850252176199,15.2032736650614));
#2075=CARTESIAN_POINT('Ctrl Pts',(4.,-13.4164078649987,16.));
#2076=CARTESIAN_POINT('Origin',(0.,0.,15.25));
#2077=CARTESIAN_POINT('Origin',(0.,0.,16.));
#2078=CARTESIAN_POINT('Origin',(0.,0.,16.));
#2079=CARTESIAN_POINT('',(25.,3.06161699786838E-15,16.));
#2080=CARTESIAN_POINT('Origin',(0.,0.,16.));
#2081=CARTESIAN_POINT('',(2.,-16.,16.));
#2082=CARTESIAN_POINT('Origin',(4.,-16.,16.));
#2083=CARTESIAN_POINT('',(2.,-16.,-6.));
#2084=CARTESIAN_POINT('Origin',(0.,0.,-2.));
#2085=CARTESIAN_POINT('',(25.,3.06161699786838E-15,-2.));
#2086=CARTESIAN_POINT('',(-25.,-3.06161699786838E-15,-2.));
#2087=CARTESIAN_POINT('Origin',(0.,0.,-2.));
#2088=CARTESIAN_POINT('',(-27.,-3.30654635769785E-15,0.));
#2089=CARTESIAN_POINT('Origin',(-27.,-3.30654635769785E-15,-2.));
#2090=CARTESIAN_POINT('Origin',(0.,0.,0.));
#2091=CARTESIAN_POINT('Origin',(0.,0.,-2.));
#2092=CARTESIAN_POINT('Origin',(0.,0.,0.));
#2093=CARTESIAN_POINT('',(25.,3.06161699786838E-15,-6.));
#2094=CARTESIAN_POINT('Origin',(0.,0.,-6.));
#2095=CARTESIAN_POINT('',(25.,3.06161699786838E-15,0.));
#2096=CARTESIAN_POINT('Origin',(0.,8.88178419700125E-15,0.));
#2097=CARTESIAN_POINT('',(-0.777889164793741,51.9941812941342,0.));
#2098=CARTESIAN_POINT('',(-0.897368625848582,59.9801991488235,0.));
#2099=CARTESIAN_POINT('',(-0.388944582396953,25.9970906470671,0.));
#2100=CARTESIAN_POINT('',(15.1391103836283,58.0586542798946,0.));
#2101=CARTESIAN_POINT('',(-1.12919539531382,51.8603314979941,0.));
#2102=CARTESIAN_POINT('',(16.8219730056857,57.5799512380756,0.));
#2103=CARTESIAN_POINT('',(17.0487604443979,57.51543983035,0.));
#2104=CARTESIAN_POINT('',(14.5822242439121,49.9135125602302,0.));
#2105=CARTESIAN_POINT('',(7.29111212195599,24.9567562801151,0.));
#2106=CARTESIAN_POINT('',(31.5796109547225,51.0169400488541,0.));
#2107=CARTESIAN_POINT('',(14.2070726435178,49.8891586642273,0.));
#2108=CARTESIAN_POINT('',(33.0466085136521,50.0634719743707,0.));
#2109=CARTESIAN_POINT('',(33.2443053515437,49.9349798564332,0.));
#2110=CARTESIAN_POINT('',(28.6466430355093,43.3978091935077,0.));
#2111=CARTESIAN_POINT('',(14.3233215177546,21.6989045967539,0.));
#2112=CARTESIAN_POINT('',(45.2141245076496,39.4421468103191,0.));
#2113=CARTESIAN_POINT('',(28.2809799312614,43.4851151481772,0.));
#2114=CARTESIAN_POINT('',(46.3349078325278,38.0986335258148,0.));
#2115=CARTESIAN_POINT('',(46.4859478379738,37.9175777862227,0.));
#2116=CARTESIAN_POINT('',(40.1656818796791,33.0260200317933,0.));
#2117=CARTESIAN_POINT('',(20.0828409398395,16.5130100158967,0.));
#2118=CARTESIAN_POINT('',(54.8311646791547,24.3627457386769,0.));
#2119=CARTESIAN_POINT('',(39.8419980430762,33.2172283199269,0.));
#2120=CARTESIAN_POINT('',(55.5061472530895,22.7485642953909,0.));
#2121=CARTESIAN_POINT('',(55.5971098587779,22.5310325311569,0.));
#2122=CARTESIAN_POINT('',(48.1158236246478,19.7197240579523,0.));
#2123=CARTESIAN_POINT('',(24.0579118123239,9.85986202897622,0.));
#2124=CARTESIAN_POINT('',(59.576215246314,7.11860779400457,0.));
#2125=CARTESIAN_POINT('',(47.8628797850351,19.9978449840455,0.));
#2126=CARTESIAN_POINT('',(59.745421905499,5.37718529689138,0.));
#2127=CARTESIAN_POINT('',(59.7682246847316,5.14250615989012,0.));
#2128=CARTESIAN_POINT('',(51.7906632877524,4.66124406297855,0.));
#2129=CARTESIAN_POINT('',(25.8953316438762,2.33062203148936,0.));
#2130=CARTESIAN_POINT('',(59.027657642924,-10.7580496926608,0.));
#2131=CARTESIAN_POINT('',(51.6309346153053,5.00156536223451,0.));
#2132=CARTESIAN_POINT('',(58.6760536331394,-12.4719802126259,0.));
#2133=CARTESIAN_POINT('',(58.628670458913,-12.7029544511995,0.));
#2134=CARTESIAN_POINT('',(50.8636752381579,-10.8114079225234,0.));
#2135=CARTESIAN_POINT('',(25.431837619079,-5.40570396126164,0.));
#2136=CARTESIAN_POINT('',(53.2342336193512,-27.6788072532098,0.));
#2137=CARTESIAN_POINT('',(50.8113543263811,-10.4391252910191,0.));
#2138=CARTESIAN_POINT('',(52.3930604998552,-29.2129555478678,0.));
#2139=CARTESIAN_POINT('',(52.2797015751375,-29.4197018133026,0.));
#2140=CARTESIAN_POINT('',(45.4172264320907,-25.3234188690271,0.));
#2141=CARTESIAN_POINT('',(22.7086132160454,-12.6617094345135,0.));
#2142=CARTESIAN_POINT('',(42.7107143241127,-42.1401813228662,0.));
#2143=CARTESIAN_POINT('',(45.4769622236021,-24.9522538508189,0.));
#2144=CARTESIAN_POINT('',(41.4547140179999,-43.3582315837377,0.));
#2145=CARTESIAN_POINT('',(41.2854517807195,-43.5223795630588,0.));
#2146=CARTESIAN_POINT('',(35.935257747317,-37.5853329190243,0.));
#2147=CARTESIAN_POINT('',(17.9676288736585,-18.7926664595121,0.));
#2148=CARTESIAN_POINT('',(28.3921606282941,-52.8572153528461,0.));
#2149=CARTESIAN_POINT('',(36.1017424548945,-37.248265154811,0.));
#2150=CARTESIAN_POINT('',(26.8329342746292,-53.6509384689272,0.));
#2151=CARTESIAN_POINT('',(26.6228084173635,-53.7579028938205,0.));
#2152=CARTESIAN_POINT('',(23.2602837124129,-46.5076251986495,0.));
#2153=CARTESIAN_POINT('',(11.6301418562065,-23.2538125993247,0.));
#2154=CARTESIAN_POINT('',(11.5508388637069,-58.8776538386567,0.));
#2155=CARTESIAN_POINT('',(23.5187244391823,-46.2346046384788,0.));
#2156=CARTESIAN_POINT('',(9.82693056656526,-59.176524027887,0.));
#2157=CARTESIAN_POINT('',(9.59461169385445,-59.216800639795,0.));
#2158=CARTESIAN_POINT('',(8.51853139358718,-51.2975108840231,0.));
#2159=CARTESIAN_POINT('',(4.25926569679367,-25.6487554420115,0.));
#2160=CARTESIAN_POINT('',(-6.31682562394208,-59.6665544005744,0.));
#2161=CARTESIAN_POINT('',(8.84596454682645,-51.1127966027973,0.));
#2162=CARTESIAN_POINT('',(-8.05223904711257,-59.4440157350708,0.));
#2163=CARTESIAN_POINT('',(-8.28610838391349,-59.4140257802744,0.));
#2164=CARTESIAN_POINT('',(-6.98012982251807,-51.5293876119326,0.));
#2165=CARTESIAN_POINT('',(-3.49006491125896,-25.7646938059663,0.));
#2166=CARTESIAN_POINT('',(-23.6232124339712,-55.15381976164,0.));
#2167=CARTESIAN_POINT('',(-6.61279811539093,-51.4493922841438,0.));
#2168=CARTESIAN_POINT('',(-25.2159318847854,-54.4296457784271,0.));
#2169=CARTESIAN_POINT('',(-25.430571368783,-54.3320539960188,0.));
#2170=CARTESIAN_POINT('',(-21.8585758720974,-47.182652117529,0.));
#2171=CARTESIAN_POINT('',(-10.9292879360486,-23.5913260587645,0.));
#2172=CARTESIAN_POINT('',(-38.8305731504816,-45.7404261983324,0.));
#2173=CARTESIAN_POINT('',(-21.4839846452693,-47.214483679105,0.));
#2174=CARTESIAN_POINT('',(-40.1390785162006,-44.578962933804,0.));
#2175=CARTESIAN_POINT('',(-40.3154164873119,-44.4224407819252,0.));
#2176=CARTESIAN_POINT('',(-34.7947915306606,-38.6435309248245,0.));
#2177=CARTESIAN_POINT('',(-17.3973957653302,-19.3217654624123,0.));
#2178=CARTESIAN_POINT('',(-50.5876670374083,-32.2627950387488,0.));
#2179=CARTESIAN_POINT('',(-34.4462248585017,-38.7843610018288,0.));
#2180=CARTESIAN_POINT('',(-51.4956918740066,-30.7672436009557,0.));
#2181=CARTESIAN_POINT('',(-51.6180599296519,-30.5656987596871,0.));
#2182=CARTESIAN_POINT('',(-44.639337267297,-26.6707624251071,0.));
#2183=CARTESIAN_POINT('',(-22.3196686336485,-13.3353812125536,0.));
#2184=CARTESIAN_POINT('',(-57.849824707741,-15.9184729570284,0.));
#2185=CARTESIAN_POINT('',(-44.3477668282883,-26.9080776471752,0.));
#2186=CARTESIAN_POINT('',(-58.2766870236856,-14.221719654338,0.));
#2187=CARTESIAN_POINT('',(-58.3342122251173,-13.9930602672911,0.));
#2188=CARTESIAN_POINT('',(-50.5174819912291,-12.3281796412059,0.));
#2189=CARTESIAN_POINT('',(-25.2587409956145,-6.16408982060302,0.));
#2190=CARTESIAN_POINT('',(-59.9717715830166,1.84027530399202,0.));
#2191=CARTESIAN_POINT('',(-50.3088150984123,-12.6408935094163,0.));
#2192=CARTESIAN_POINT('',(-59.8795427882814,3.5874664945565,0.));
#2193=CARTESIAN_POINT('',(-59.8671137689073,3.82292303738723,0.));
#2194=CARTESIAN_POINT('',(-51.9069267479222,3.10981600514176,0.));
#2195=CARTESIAN_POINT('',(-25.9534633739611,1.5549080025708,0.));
#2196=CARTESIAN_POINT('',(-56.7649633713565,19.4355070283376,0.));
#2197=CARTESIAN_POINT('',(-51.7997043704436,2.74948949030166,0.));
#2198=CARTESIAN_POINT('',(-56.161838399093,21.0778905020722,0.));
#2199=CARTESIAN_POINT('',(-56.0805595318283,21.2992228535723,0.));
#2200=CARTESIAN_POINT('',(-48.6842132732663,18.2714908522298,0.));
#2201=CARTESIAN_POINT('',(-24.3421066366332,9.13574542611482,0.));
#2202=CARTESIAN_POINT('',(-48.5143390552126,35.3038086618976,0.));
#2203=CARTESIAN_POINT('',(-48.6879625899026,17.8955682828705,0.));
#2204=CARTESIAN_POINT('',(-47.4539082059769,36.6954514396799,0.));
#2205=CARTESIAN_POINT('',(-47.3110014748644,36.8829932491175,0.));
#2206=CARTESIAN_POINT('',(-41.1356938021297,31.8096635539803,0.));
#2207=CARTESIAN_POINT('',(-20.5678469010649,15.9048317769901,0.));
#2208=CARTESIAN_POINT('',(-35.9530028123429,48.0352119676354,0.));
#2209=CARTESIAN_POINT('',(-41.2500816696442,31.4515473000983,0.));
#2210=CARTESIAN_POINT('',(-34.5294900207136,49.0524604815357,0.));
#2211=CARTESIAN_POINT('',(-34.3376533159486,49.1895478361287,0.));
#2212=CARTESIAN_POINT('',(-29.932087415655,42.5214080545504,0.));
#2213=CARTESIAN_POINT('',(-14.9660437078276,21.2607040272752,0.));
#2214=CARTESIAN_POINT('',(-20.1970844924423,56.4984758909933,0.));
#2215=CARTESIAN_POINT('',(-30.1469499700361,42.2129183168705,0.));
#2216=CARTESIAN_POINT('',(-18.5369751169388,57.0509431464299,0.));
#2217=CARTESIAN_POINT('',(-18.3132539716012,57.1253952331247,0.));
#2218=CARTESIAN_POINT('',(-16.0688837074973,49.454938847348,0.));
#2219=CARTESIAN_POINT('',(-18.5410196624968,57.0633909777092,0.));
#2220=CARTESIAN_POINT('',(-2.64656658194289,59.9416022919587,0.));
#2221=CARTESIAN_POINT('',(-16.0688837074973,49.454938847348,0.));
#2222=CARTESIAN_POINT('',(-2.64656658194289,59.9416022919587,0.));
#2223=CARTESIAN_POINT('Origin',(0.,0.,-6.));
#2224=CARTESIAN_POINT('Origin',(0.,0.,12.));
#2225=CARTESIAN_POINT('',(25.,-3.06161699786838E-15,12.));
#2226=CARTESIAN_POINT('Origin',(0.,0.,12.));
#2227=CARTESIAN_POINT('',(27.,3.30654635769785E-15,10.));
#2228=CARTESIAN_POINT('Origin',(27.,-3.30654635769785E-15,12.));
#2229=CARTESIAN_POINT('Origin',(0.,0.,10.));
#2230=CARTESIAN_POINT('Origin',(0.,0.,10.));
#2231=CARTESIAN_POINT('',(25.,3.06161699786838E-15,10.));
#2232=CARTESIAN_POINT('Origin',(0.,8.88178419700125E-15,10.));
#2233=CARTESIAN_POINT('',(-0.897368625848583,59.9801991488235,10.));
#2234=CARTESIAN_POINT('',(-0.777889164793741,51.9941812941342,10.));
#2235=CARTESIAN_POINT('',(-0.388944582396953,25.9970906470671,10.));
#2236=CARTESIAN_POINT('',(-2.64656658194289,59.9416022919587,10.));
#2237=CARTESIAN_POINT('',(-2.64656658194289,59.9416022919587,10.));
#2238=CARTESIAN_POINT('',(-16.0688837074973,49.454938847348,10.));
#2239=CARTESIAN_POINT('',(-16.0688837074973,49.454938847348,10.));
#2240=CARTESIAN_POINT('',(-18.5369751169388,57.0509431464299,10.));
#2241=CARTESIAN_POINT('',(-18.5410196624968,57.0633909777092,10.));
#2242=CARTESIAN_POINT('',(-20.1970844924423,56.4984758909933,10.));
#2243=CARTESIAN_POINT('',(-18.3132539716012,57.1253952331247,10.));
#2244=CARTESIAN_POINT('',(-29.932087415655,42.5214080545504,10.));
#2245=CARTESIAN_POINT('',(-30.1469499700361,42.2129183168705,10.));
#2246=CARTESIAN_POINT('',(-34.5294900207136,49.0524604815357,10.));
#2247=CARTESIAN_POINT('',(-14.9660437078276,21.2607040272752,10.));
#2248=CARTESIAN_POINT('',(-35.9530028123429,48.0352119676354,10.));
#2249=CARTESIAN_POINT('',(-34.3376533159486,49.1895478361287,10.));
#2250=CARTESIAN_POINT('',(-41.1356938021297,31.8096635539803,10.));
#2251=CARTESIAN_POINT('',(-41.2500816696442,31.4515473000983,10.));
#2252=CARTESIAN_POINT('',(-47.4539082059769,36.6954514396799,10.));
#2253=CARTESIAN_POINT('',(-20.5678469010649,15.9048317769901,10.));
#2254=CARTESIAN_POINT('',(-48.5143390552126,35.3038086618976,10.));
#2255=CARTESIAN_POINT('',(-47.3110014748644,36.8829932491175,10.));
#2256=CARTESIAN_POINT('',(-48.6842132732663,18.2714908522298,10.));
#2257=CARTESIAN_POINT('',(-48.6879625899026,17.8955682828705,10.));
#2258=CARTESIAN_POINT('',(-56.161838399093,21.0778905020722,10.));
#2259=CARTESIAN_POINT('',(-24.3421066366332,9.13574542611482,10.));
#2260=CARTESIAN_POINT('',(-56.7649633713565,19.4355070283376,10.));
#2261=CARTESIAN_POINT('',(-56.0805595318283,21.2992228535723,10.));
#2262=CARTESIAN_POINT('',(-51.9069267479222,3.10981600514176,10.));
#2263=CARTESIAN_POINT('',(-51.7997043704436,2.74948949030166,10.));
#2264=CARTESIAN_POINT('',(-59.8795427882814,3.5874664945565,10.));
#2265=CARTESIAN_POINT('',(-25.9534633739611,1.5549080025708,10.));
#2266=CARTESIAN_POINT('',(-59.9717715830166,1.84027530399202,10.));
#2267=CARTESIAN_POINT('',(-59.8671137689073,3.82292303738723,10.));
#2268=CARTESIAN_POINT('',(-50.5174819912291,-12.3281796412059,10.));
#2269=CARTESIAN_POINT('',(-50.3088150984123,-12.6408935094163,10.));
#2270=CARTESIAN_POINT('',(-58.2766870236856,-14.221719654338,10.));
#2271=CARTESIAN_POINT('',(-25.2587409956145,-6.16408982060302,10.));
#2272=CARTESIAN_POINT('',(-57.849824707741,-15.9184729570284,10.));
#2273=CARTESIAN_POINT('',(-58.3342122251173,-13.9930602672911,10.));
#2274=CARTESIAN_POINT('',(-44.639337267297,-26.6707624251071,10.));
#2275=CARTESIAN_POINT('',(-44.3477668282883,-26.9080776471752,10.));
#2276=CARTESIAN_POINT('',(-51.4956918740066,-30.7672436009557,10.));
#2277=CARTESIAN_POINT('',(-22.3196686336485,-13.3353812125536,10.));
#2278=CARTESIAN_POINT('',(-50.5876670374083,-32.2627950387488,10.));
#2279=CARTESIAN_POINT('',(-51.6180599296519,-30.5656987596871,10.));
#2280=CARTESIAN_POINT('',(-34.7947915306606,-38.6435309248245,10.));
#2281=CARTESIAN_POINT('',(-34.4462248585017,-38.7843610018288,10.));
#2282=CARTESIAN_POINT('',(-40.1390785162006,-44.578962933804,10.));
#2283=CARTESIAN_POINT('',(-17.3973957653302,-19.3217654624123,10.));
#2284=CARTESIAN_POINT('',(-38.8305731504816,-45.7404261983324,10.));
#2285=CARTESIAN_POINT('',(-40.3154164873119,-44.4224407819252,10.));
#2286=CARTESIAN_POINT('',(-21.8585758720974,-47.182652117529,10.));
#2287=CARTESIAN_POINT('',(-21.4839846452693,-47.214483679105,10.));
#2288=CARTESIAN_POINT('',(-25.2159318847854,-54.4296457784271,10.));
#2289=CARTESIAN_POINT('',(-10.9292879360486,-23.5913260587645,10.));
#2290=CARTESIAN_POINT('',(-23.6232124339712,-55.15381976164,10.));
#2291=CARTESIAN_POINT('',(-25.430571368783,-54.3320539960188,10.));
#2292=CARTESIAN_POINT('',(-6.98012982251807,-51.5293876119326,10.));
#2293=CARTESIAN_POINT('',(-6.61279811539093,-51.4493922841438,10.));
#2294=CARTESIAN_POINT('',(-8.05223904711257,-59.4440157350708,10.));
#2295=CARTESIAN_POINT('',(-3.49006491125896,-25.7646938059663,10.));
#2296=CARTESIAN_POINT('',(-6.31682562394208,-59.6665544005744,10.));
#2297=CARTESIAN_POINT('',(-8.28610838391349,-59.4140257802744,10.));
#2298=CARTESIAN_POINT('',(8.51853139358718,-51.2975108840231,10.));
#2299=CARTESIAN_POINT('',(8.84596454682645,-51.1127966027973,10.));
#2300=CARTESIAN_POINT('',(9.82693056656526,-59.176524027887,10.));
#2301=CARTESIAN_POINT('',(4.25926569679367,-25.6487554420115,10.));
#2302=CARTESIAN_POINT('',(11.5508388637069,-58.8776538386567,10.));
#2303=CARTESIAN_POINT('',(9.59461169385445,-59.216800639795,10.));
#2304=CARTESIAN_POINT('',(23.2602837124129,-46.5076251986495,10.));
#2305=CARTESIAN_POINT('',(23.5187244391823,-46.2346046384788,10.));
#2306=CARTESIAN_POINT('',(26.8329342746292,-53.6509384689272,10.));
#2307=CARTESIAN_POINT('',(11.6301418562065,-23.2538125993247,10.));
#2308=CARTESIAN_POINT('',(28.3921606282941,-52.8572153528461,10.));
#2309=CARTESIAN_POINT('',(26.6228084173635,-53.7579028938205,10.));
#2310=CARTESIAN_POINT('',(35.935257747317,-37.5853329190243,10.));
#2311=CARTESIAN_POINT('',(36.1017424548945,-37.248265154811,10.));
#2312=CARTESIAN_POINT('',(41.4547140179999,-43.3582315837377,10.));
#2313=CARTESIAN_POINT('',(17.9676288736585,-18.7926664595121,10.));
#2314=CARTESIAN_POINT('',(42.7107143241127,-42.1401813228662,10.));
#2315=CARTESIAN_POINT('',(41.2854517807195,-43.5223795630588,10.));
#2316=CARTESIAN_POINT('',(45.4172264320907,-25.3234188690271,10.));
#2317=CARTESIAN_POINT('',(45.4769622236021,-24.9522538508189,10.));
#2318=CARTESIAN_POINT('',(52.3930604998552,-29.2129555478678,10.));
#2319=CARTESIAN_POINT('',(22.7086132160454,-12.6617094345135,10.));
#2320=CARTESIAN_POINT('',(53.2342336193512,-27.6788072532098,10.));
#2321=CARTESIAN_POINT('',(52.2797015751375,-29.4197018133026,10.));
#2322=CARTESIAN_POINT('',(50.8636752381579,-10.8114079225234,10.));
#2323=CARTESIAN_POINT('',(50.8113543263811,-10.4391252910191,10.));
#2324=CARTESIAN_POINT('',(58.6760536331394,-12.4719802126259,10.));
#2325=CARTESIAN_POINT('',(25.431837619079,-5.40570396126164,10.));
#2326=CARTESIAN_POINT('',(59.027657642924,-10.7580496926608,10.));
#2327=CARTESIAN_POINT('',(58.628670458913,-12.7029544511995,10.));
#2328=CARTESIAN_POINT('',(51.7906632877524,4.66124406297855,10.));
#2329=CARTESIAN_POINT('',(51.6309346153053,5.00156536223451,10.));
#2330=CARTESIAN_POINT('',(59.745421905499,5.37718529689138,10.));
#2331=CARTESIAN_POINT('',(25.8953316438762,2.33062203148936,10.));
#2332=CARTESIAN_POINT('',(59.576215246314,7.11860779400457,10.));
#2333=CARTESIAN_POINT('',(59.7682246847316,5.14250615989012,10.));
#2334=CARTESIAN_POINT('',(48.1158236246478,19.7197240579523,10.));
#2335=CARTESIAN_POINT('',(47.8628797850351,19.9978449840455,10.));
#2336=CARTESIAN_POINT('',(55.5061472530895,22.7485642953909,10.));
#2337=CARTESIAN_POINT('',(24.0579118123239,9.85986202897622,10.));
#2338=CARTESIAN_POINT('',(54.8311646791547,24.3627457386769,10.));
#2339=CARTESIAN_POINT('',(55.5971098587779,22.5310325311569,10.));
#2340=CARTESIAN_POINT('',(40.1656818796791,33.0260200317933,10.));
#2341=CARTESIAN_POINT('',(39.8419980430762,33.2172283199269,10.));
#2342=CARTESIAN_POINT('',(46.3349078325278,38.0986335258148,10.));
#2343=CARTESIAN_POINT('',(20.0828409398395,16.5130100158967,10.));
#2344=CARTESIAN_POINT('',(45.2141245076496,39.4421468103191,10.));
#2345=CARTESIAN_POINT('',(46.4859478379738,37.9175777862227,10.));
#2346=CARTESIAN_POINT('',(28.6466430355093,43.3978091935077,10.));
#2347=CARTESIAN_POINT('',(28.2809799312614,43.4851151481772,10.));
#2348=CARTESIAN_POINT('',(33.0466085136521,50.0634719743707,10.));
#2349=CARTESIAN_POINT('',(14.3233215177546,21.6989045967539,10.));
#2350=CARTESIAN_POINT('',(31.5796109547225,51.0169400488541,10.));
#2351=CARTESIAN_POINT('',(33.2443053515437,49.9349798564332,10.));
#2352=CARTESIAN_POINT('',(14.5822242439121,49.9135125602302,10.));
#2353=CARTESIAN_POINT('',(14.2070726435178,49.8891586642273,10.));
#2354=CARTESIAN_POINT('',(16.8219730056857,57.5799512380756,10.));
#2355=CARTESIAN_POINT('',(7.29111212195599,24.9567562801151,10.));
#2356=CARTESIAN_POINT('',(15.1391103836283,58.0586542798946,10.));
#2357=CARTESIAN_POINT('',(17.0487604443979,57.51543983035,10.));
#2358=CARTESIAN_POINT('',(-1.12919539531382,51.8603314979941,10.));
#2359=CARTESIAN_POINT('Origin',(17.6853104646542,57.3343683471684,0.));
#2360=CARTESIAN_POINT('',(16.8219730056857,57.5799512380756,0.));
#2361=CARTESIAN_POINT('',(15.1391103836283,58.0586542798946,0.));
#2362=CARTESIAN_POINT('Origin',(-0.777889164793741,51.9941812941342,0.));
#2363=CARTESIAN_POINT('',(-0.897368625848582,59.9801991488235,0.));
#2364=CARTESIAN_POINT('',(-0.777889164793741,51.9941812941342,0.));
#2365=CARTESIAN_POINT('Origin',(15.1391103836283,58.0586542798946,0.));
#2366=CARTESIAN_POINT('Origin',(0.,60.,0.));
#2367=CARTESIAN_POINT('',(-2.64656658194289,59.9416022919587,0.));
#2368=CARTESIAN_POINT('Origin',(33.7992034838173,49.5743264589597,0.));
#2369=CARTESIAN_POINT('',(33.0466085136521,50.0634719743707,0.));
#2370=CARTESIAN_POINT('',(31.5796109547225,51.0169400488541,0.));
#2371=CARTESIAN_POINT('Origin',(14.5822242439121,49.9135125602302,0.));
#2372=CARTESIAN_POINT('',(14.5822242439121,49.9135125602302,0.));
#2373=CARTESIAN_POINT('Origin',(31.5796109547225,51.0169400488541,0.));
#2374=CARTESIAN_POINT('Origin',(46.9098889480818,37.409388111524,0.));
#2375=CARTESIAN_POINT('',(46.3349078325277,38.0986335258148,0.));
#2376=CARTESIAN_POINT('',(45.2141245076496,39.4421468103191,0.));
#2377=CARTESIAN_POINT('Origin',(28.6466430355093,43.3978091935077,0.));
#2378=CARTESIAN_POINT('',(28.6466430355093,43.3978091935077,0.));
#2379=CARTESIAN_POINT('Origin',(45.2141245076496,39.4421468103191,0.));
#2380=CARTESIAN_POINT('Origin',(55.8524249186522,21.9204614619837,0.));
#2381=CARTESIAN_POINT('',(55.5061472530895,22.7485642953909,0.));
#2382=CARTESIAN_POINT('',(54.8311646791547,24.3627457386769,0.));
#2383=CARTESIAN_POINT('Origin',(40.1656818796791,33.0260200317933,0.));
#2384=CARTESIAN_POINT('',(40.1656818796791,33.0260200317933,0.));
#2385=CARTESIAN_POINT('Origin',(54.8311646791547,24.3627457386769,0.));
#2386=CARTESIAN_POINT('Origin',(59.8322278308708,4.48380561518546,0.));
#2387=CARTESIAN_POINT('',(59.745421905499,5.37718529689138,0.));
#2388=CARTESIAN_POINT('',(59.576215246314,7.11860779400457,0.));
#2389=CARTESIAN_POINT('Origin',(48.1158236246478,19.7197240579523,0.));
#2390=CARTESIAN_POINT('',(48.1158236246478,19.7197240579523,0.));
#2391=CARTESIAN_POINT('Origin',(59.576215246314,7.11860779400457,0.));
#2392=CARTESIAN_POINT('Origin',(58.4956747309094,-13.3512560373789,0.));
#2393=CARTESIAN_POINT('',(58.6760536331394,-12.4719802126259,0.));
#2394=CARTESIAN_POINT('',(59.027657642924,-10.7580496926608,0.));
#2395=CARTESIAN_POINT('Origin',(51.7906632877524,4.66124406297855,0.));
#2396=CARTESIAN_POINT('',(51.7906632877524,4.66124406297855,0.));
#2397=CARTESIAN_POINT('Origin',(59.027657642924,-10.7580496926608,0.));
#2398=CARTESIAN_POINT('Origin',(51.9615242270663,-30.,0.));
#2399=CARTESIAN_POINT('',(52.3930604998552,-29.2129555478678,0.));
#2400=CARTESIAN_POINT('',(53.2342336193512,-27.6788072532098,0.));
#2401=CARTESIAN_POINT('Origin',(50.8636752381579,-10.8114079225234,0.));
#2402=CARTESIAN_POINT('',(50.8636752381579,-10.8114079225234,0.));
#2403=CARTESIAN_POINT('Origin',(53.2342336193512,-27.6788072532098,0.));
#2404=CARTESIAN_POINT('Origin',(40.8103642662552,-43.9831123097896,0.));
#2405=CARTESIAN_POINT('',(41.4547140179999,-43.3582315837377,0.));
#2406=CARTESIAN_POINT('',(42.7107143241126,-42.1401813228662,0.));
#2407=CARTESIAN_POINT('Origin',(45.4172264320907,-25.3234188690271,0.));
#2408=CARTESIAN_POINT('',(45.4172264320907,-25.3234188690271,0.));
#2409=CARTESIAN_POINT('Origin',(42.7107143241127,-42.1401813228662,0.));
#2410=CARTESIAN_POINT('Origin',(26.0330243470535,-54.0581320741451,0.));
#2411=CARTESIAN_POINT('',(26.8329342746292,-53.6509384689272,0.));
#2412=CARTESIAN_POINT('',(28.3921606282941,-52.8572153528461,0.));
#2413=CARTESIAN_POINT('Origin',(35.935257747317,-37.5853329190243,0.));
#2414=CARTESIAN_POINT('',(35.935257747317,-37.5853329190243,0.));
#2415=CARTESIAN_POINT('Origin',(28.3921606282941,-52.8572153528461,0.));
#2416=CARTESIAN_POINT('Origin',(8.94253597057047,-59.3298495735077,0.));
#2417=CARTESIAN_POINT('',(9.82693056656526,-59.176524027887,0.));
#2418=CARTESIAN_POINT('',(11.5508388637069,-58.8776538386566,0.));
#2419=CARTESIAN_POINT('Origin',(23.2602837124129,-46.5076251986495,0.));
#2420=CARTESIAN_POINT('',(23.2602837124129,-46.5076251986495,0.));
#2421=CARTESIAN_POINT('Origin',(11.5508388637069,-58.8776538386567,0.));
#2422=CARTESIAN_POINT('Origin',(-8.94253597057046,-59.3298495735077,0.));
#2423=CARTESIAN_POINT('',(-8.05223904711257,-59.4440157350708,0.));
#2424=CARTESIAN_POINT('',(-6.31682562394207,-59.6665544005744,0.));
#2425=CARTESIAN_POINT('Origin',(8.51853139358718,-51.2975108840231,0.));
#2426=CARTESIAN_POINT('',(8.51853139358718,-51.2975108840231,0.));
#2427=CARTESIAN_POINT('Origin',(-6.31682562394208,-59.6665544005744,0.));
#2428=CARTESIAN_POINT('Origin',(-26.0330243470535,-54.0581320741451,0.));
#2429=CARTESIAN_POINT('',(-25.2159318847854,-54.4296457784271,0.));
#2430=CARTESIAN_POINT('',(-23.6232124339712,-55.15381976164,0.));
#2431=CARTESIAN_POINT('Origin',(-6.98012982251807,-51.5293876119326,0.));
#2432=CARTESIAN_POINT('',(-6.98012982251807,-51.5293876119326,0.));
#2433=CARTESIAN_POINT('Origin',(-23.6232124339712,-55.15381976164,0.));
#2434=CARTESIAN_POINT('Origin',(-40.8103642662552,-43.9831123097896,0.));
#2435=CARTESIAN_POINT('',(-40.1390785162006,-44.578962933804,0.));
#2436=CARTESIAN_POINT('',(-38.8305731504816,-45.7404261983324,0.));
#2437=CARTESIAN_POINT('Origin',(-21.8585758720974,-47.182652117529,0.));
#2438=CARTESIAN_POINT('',(-21.8585758720974,-47.182652117529,0.));
#2439=CARTESIAN_POINT('Origin',(-38.8305731504816,-45.7404261983324,0.));
#2440=CARTESIAN_POINT('Origin',(-51.9615242270663,-30.,0.));
#2441=CARTESIAN_POINT('',(-51.4956918740066,-30.7672436009557,0.));
#2442=CARTESIAN_POINT('',(-50.5876670374083,-32.2627950387488,0.));
#2443=CARTESIAN_POINT('Origin',(-34.7947915306606,-38.6435309248245,0.));
#2444=CARTESIAN_POINT('',(-34.7947915306606,-38.6435309248245,0.));
#2445=CARTESIAN_POINT('Origin',(-50.5876670374083,-32.2627950387488,0.));
#2446=CARTESIAN_POINT('Origin',(-58.4956747309094,-13.3512560373789,0.));
#2447=CARTESIAN_POINT('',(-58.2766870236856,-14.221719654338,0.));
#2448=CARTESIAN_POINT('',(-57.849824707741,-15.9184729570284,0.));
#2449=CARTESIAN_POINT('Origin',(-44.639337267297,-26.6707624251071,0.));
#2450=CARTESIAN_POINT('',(-44.639337267297,-26.6707624251071,0.));
#2451=CARTESIAN_POINT('Origin',(-57.849824707741,-15.9184729570284,0.));
#2452=CARTESIAN_POINT('Origin',(-59.8322278308708,4.48380561518545,0.));
#2453=CARTESIAN_POINT('',(-59.8795427882814,3.5874664945565,0.));
#2454=CARTESIAN_POINT('',(-59.9717715830166,1.84027530399201,0.));
#2455=CARTESIAN_POINT('Origin',(-50.5174819912291,-12.3281796412059,0.));
#2456=CARTESIAN_POINT('',(-50.5174819912291,-12.3281796412059,0.));
#2457=CARTESIAN_POINT('Origin',(-59.9717715830166,1.84027530399202,0.));
#2458=CARTESIAN_POINT('Origin',(-55.8524249186523,21.9204614619837,0.));
#2459=CARTESIAN_POINT('',(-56.161838399093,21.0778905020722,0.));
#2460=CARTESIAN_POINT('',(-56.7649633713565,19.4355070283376,0.));
#2461=CARTESIAN_POINT('Origin',(-51.9069267479222,3.10981600514176,0.));
#2462=CARTESIAN_POINT('',(-51.9069267479222,3.10981600514176,0.));
#2463=CARTESIAN_POINT('Origin',(-56.7649633713565,19.4355070283376,0.));
#2464=CARTESIAN_POINT('Origin',(-46.9098889480818,37.409388111524,0.));
#2465=CARTESIAN_POINT('',(-47.4539082059769,36.6954514396799,0.));
#2466=CARTESIAN_POINT('',(-48.5143390552126,35.3038086618976,0.));
#2467=CARTESIAN_POINT('Origin',(-48.6842132732663,18.2714908522298,0.));
#2468=CARTESIAN_POINT('',(-48.6842132732663,18.2714908522298,0.));
#2469=CARTESIAN_POINT('Origin',(-48.5143390552126,35.3038086618976,0.));
#2470=CARTESIAN_POINT('Origin',(-33.7992034838173,49.5743264589597,0.));
#2471=CARTESIAN_POINT('',(-34.5294900207136,49.0524604815357,0.));
#2472=CARTESIAN_POINT('',(-35.9530028123429,48.0352119676354,0.));
#2473=CARTESIAN_POINT('Origin',(-41.1356938021297,31.8096635539803,0.));
#2474=CARTESIAN_POINT('',(-41.1356938021297,31.8096635539803,0.));
#2475=CARTESIAN_POINT('Origin',(-35.9530028123429,48.0352119676354,0.));
#2476=CARTESIAN_POINT('Origin',(-17.6853104646543,57.3343683471684,0.));
#2477=CARTESIAN_POINT('',(-18.5369751169388,57.0509431464299,0.));
#2478=CARTESIAN_POINT('',(-20.1970844924423,56.4984758909932,0.));
#2479=CARTESIAN_POINT('Origin',(-29.932087415655,42.5214080545504,0.));
#2480=CARTESIAN_POINT('',(-29.932087415655,42.5214080545504,0.));
#2481=CARTESIAN_POINT('Origin',(-20.1970844924423,56.4984758909933,0.));
#2482=CARTESIAN_POINT('Origin',(-16.0688837074973,49.454938847348,0.));
#2483=CARTESIAN_POINT('',(-16.0688837074973,49.454938847348,0.));
#2484=CARTESIAN_POINT('Origin',(-2.64656658194289,59.9416022919587,0.));
#2485=UNCERTAINTY_MEASURE_WITH_UNIT(LENGTH_MEASURE(0.01),#2489,
'DISTANCE_ACCURACY_VALUE',
'Maximum model space distance between geometric entities at asserted c
onnectivities');
#2486=UNCERTAINTY_MEASURE_WITH_UNIT(LENGTH_MEASURE(0.01),#2489,
'DISTANCE_ACCURACY_VALUE',
'Maximum model space distance between geometric entities at asserted c
onnectivities');
#2487=(
GEOMETRIC_REPRESENTATION_CONTEXT(3)
GLOBAL_UNCERTAINTY_ASSIGNED_CONTEXT((#2485))
GLOBAL_UNIT_ASSIGNED_CONTEXT((#2489,#2491,#2492))
REPRESENTATION_CONTEXT('','3D')
);
#2488=(
GEOMETRIC_REPRESENTATION_CONTEXT(3)
GLOBAL_UNCERTAINTY_ASSIGNED_CONTEXT((#2486))
GLOBAL_UNIT_ASSIGNED_CONTEXT((#2489,#2491,#2492))
REPRESENTATION_CONTEXT('','3D')
);
#2489=(
LENGTH_UNIT()
NAMED_UNIT(*)
SI_UNIT(.MILLI.,.METRE.)
);
#2490=(
LENGTH_UNIT()
NAMED_UNIT(*)
SI_UNIT($,.METRE.)
);
#2491=(
NAMED_UNIT(*)
PLANE_ANGLE_UNIT()
SI_UNIT($,.RADIAN.)
);
#2492=(
NAMED_UNIT(*)
SI_UNIT($,.STERADIAN.)
SOLID_ANGLE_UNIT()
);
#2493=SHAPE_DEFINITION_REPRESENTATION(#2494,#2495);
#2494=PRODUCT_DEFINITION_SHAPE('',$,#2497);
#2495=SHAPE_REPRESENTATION('',(#1562),#2487);
#2496=PRODUCT_DEFINITION_CONTEXT('part definition',#2501,'design');
#2497=PRODUCT_DEFINITION('2026-08-24-04-09-16-046','Spur-Gear',#2498,#2496);
#2498=PRODUCT_DEFINITION_FORMATION('',$,#2503);
#2499=PRODUCT_RELATED_PRODUCT_CATEGORY('Spur-Gear','Spur-Gear',(#2503));
#2500=APPLICATION_PROTOCOL_DEFINITION('international standard',
'automotive_design',2009,#2501);
#2501=APPLICATION_CONTEXT(
'Core Data for Automotive Mechanical Design Process');
#2502=PRODUCT_CONTEXT('part definition',#2501,'mechanical');
#2503=PRODUCT('2026-08-24-04-09-16-046','Spur-Gear',$,(#2502));
#2504=PRESENTATION_STYLE_ASSIGNMENT((#2506));
#2505=PRESENTATION_STYLE_ASSIGNMENT((#2507));
#2506=SURFACE_STYLE_USAGE(.BOTH.,#2508);
#2507=SURFACE_STYLE_USAGE(.BOTH.,#2509);
#2508=SURFACE_SIDE_STYLE('',(#2510));
#2509=SURFACE_SIDE_STYLE('',(#2511));
#2510=SURFACE_STYLE_FILL_AREA(#2512);
#2511=SURFACE_STYLE_FILL_AREA(#2513);
#2512=FILL_AREA_STYLE('Steel - Satin',(#2514));
#2513=FILL_AREA_STYLE('PEEK',(#2515));
#2514=FILL_AREA_STYLE_COLOUR('Steel - Satin',#2516);
#2515=FILL_AREA_STYLE_COLOUR('PEEK',#2517);
#2516=COLOUR_RGB('Steel - Satin',0.627450980392157,0.627450980392157,0.627450980392157);
#2517=COLOUR_RGB('PEEK',0.6,0.509803921568627,0.368627450980392);
ENDSEC;
END-ISO-10303-21;
