# WaveFront *.obj file (generated by Autodesk ATF)

mtllib Model.mtl

g Body1

v -1.250000 0.500000 -2.500000
v -0.755140 0.500000 -2.601418
v -0.252573 0.500000 -2.652387
v 0.252573 0.500000 -2.652387
v 0.755140 0.500000 -2.601418
v 1.250000 0.500000 -2.500000
v 1.250000 0.000000 -2.500000
v 0.755140 0.000000 -2.601418
v 0.252573 0.000000 -2.652387
v -0.252573 0.000000 -2.652387
v -0.755140 0.000000 -2.601418
v -1.250000 0.000000 -2.500000
v 2.500000 0.500000 -1.250000
v 2.601418 0.500000 -0.755140
v 2.652387 0.500000 -0.252573
v 2.652387 0.500000 0.252573
v 2.601418 0.500000 0.755140
v 2.500000 0.500000 1.250000
v 2.500000 0.000000 1.250000
v 2.601418 0.000000 0.755140
v 2.652387 0.000000 0.252573
v 2.652387 0.000000 -0.252573
v 2.601418 0.000000 -0.755140
v 2.500000 0.000000 -1.250000
v -2.500000 0.500000 1.250000
v -2.601418 0.500000 0.755140
v -2.652387 0.500000 0.252573
v -2.652387 0.500000 -0.252573
v -2.601418 0.500000 -0.755140
v -2.500000 0.500000 -1.250000
v -2.500000 0.000000 -1.250000
v -2.601418 0.000000 -0.755140
v -2.652387 0.000000 -0.252573
v -2.652387 0.000000 0.252573
v -2.601418 0.000000 0.755140
v -2.500000 0.000000 1.250000
v 1.250000 0.500000 2.500000
v 0.755140 0.500000 2.601418
v 0.252573 0.500000 2.652387
v -0.252573 0.500000 2.652387
v -0.755140 0.500000 2.601418
v -1.250000 0.500000 2.500000
v -1.250000 0.000000 2.500000
v -0.755140 0.000000 2.601418
v -0.252573 0.000000 2.652387
v 0.252573 0.000000 2.652387
v 0.755140 0.000000 2.601418
v 1.250000 0.000000 2.500000
v 2.279412 0.500000 1.617647
v 2.333875 0.500000 1.761833
v 2.349809 0.500000 1.915137
v 2.326162 0.500000 2.067442
v 2.264496 0.500000 2.208697
v 2.168878 0.500000 2.329582
v 2.045619 0.500000 2.422120
v 1.902853 0.500000 2.480203
v 1.750000 0.500000 2.500000
v 1.750000 0.000000 2.500000
v 1.902853 0.000000 2.480203
v 2.045619 0.000000 2.422120
v 2.168878 0.000000 2.329582
v 2.264496 0.000000 2.208697
v 2.326162 0.000000 2.067442
v 2.349809 0.000000 1.915137
v 2.333875 0.000000 1.761833
v 2.279412 0.000000 1.617647
v 2.436311 0.500000 1.258249
v 2.376825 0.500000 1.282450
v 2.325467 0.500000 1.321007
v 2.285627 0.500000 1.371376
v 2.259932 0.500000 1.430233
v 2.250080 0.500000 1.493693
v 2.256719 0.500000 1.557569
v 2.256719 0.000000 1.557569
v 2.250080 0.000000 1.493693
v 2.259932 0.000000 1.430233
v 2.285627 0.000000 1.371376
v 2.325467 0.000000 1.321007
v 2.376825 0.000000 1.282450
v 2.436311 0.000000 1.258249
v -2.279412 0.500000 -1.617647
v -2.333875 0.500000 -1.761833
v -2.349809 0.500000 -1.915137
v -2.326162 0.500000 -2.067442
v -2.264496 0.500000 -2.208697
v -2.168878 0.500000 -2.329582
v -2.045619 0.500000 -2.422120
v -1.902853 0.500000 -2.480203
v -1.750000 0.500000 -2.500000
v -1.750000 0.000000 -2.500000
v -1.902853 0.000000 -2.480203
v -2.045619 0.000000 -2.422120
v -2.168878 0.000000 -2.329582
v -2.264496 0.000000 -2.208697
v -2.326162 0.000000 -2.067442
v -2.349809 0.000000 -1.915137
v -2.333875 0.000000 -1.761833
v -2.279412 0.000000 -1.617647
v -2.436311 0.500000 -1.258249
v -2.376825 0.500000 -1.282450
v -2.325467 0.500000 -1.321007
v -2.285627 0.500000 -1.371376
v -2.259932 0.500000 -1.430233
v -2.250080 0.500000 -1.493693
v -2.256719 0.500000 -1.557569
v -2.256719 0.000000 -1.557569
v -2.250080 0.000000 -1.493693
v -2.259932 0.000000 -1.430233
v -2.285627 0.000000 -1.371376
v -2.325467 0.000000 -1.321007
v -2.376825 0.000000 -1.282450
v -2.436311 0.000000 -1.258249
v -1.617647 0.500000 2.279412
v -1.761834 0.500000 2.333875
v -1.915137 0.500000 2.349809
v -2.067442 0.500000 2.326162
v -2.208698 0.500000 2.264496
v -2.329583 0.500000 2.168878
v -2.422120 0.500000 2.045619
v -2.480203 0.500000 1.902853
v -2.500000 0.500000 1.750000
v -2.500000 0.000000 1.750000
v -2.480203 0.000000 1.902853
v -2.422120 0.000000 2.045619
v -2.329583 0.000000 2.168878
v -2.208698 0.000000 2.264496
v -2.067442 0.000000 2.326162
v -1.915137 0.000000 2.349809
v -1.761834 0.000000 2.333875
v -1.617647 0.000000 2.279412
v -1.258249 0.500000 2.436311
v -1.282450 0.500000 2.376825
v -1.321007 0.500000 2.325467
v -1.371376 0.500000 2.285627
v -1.430233 0.500000 2.259932
v -1.493693 0.500000 2.250080
v -1.557570 0.500000 2.256719
v -1.557570 0.000000 2.256719
v -1.493693 0.000000 2.250080
v -1.430233 0.000000 2.259932
v -1.371376 0.000000 2.285627
v -1.321007 0.000000 2.325467
v -1.282450 0.000000 2.376825
v -1.258249 0.000000 2.436311
v 1.617647 0.500000 -2.279412
v 1.761833 0.500000 -2.333875
v 1.915137 0.500000 -2.349809
v 2.067442 0.500000 -2.326162
v 2.208697 0.500000 -2.264496
v 2.329582 0.500000 -2.168878
v 2.422120 0.500000 -2.045619
v 2.480203 0.500000 -1.902853
v 2.500000 0.500000 -1.750000
v 2.500000 0.000000 -1.750000
v 2.480203 0.000000 -1.902853
v 2.422120 0.000000 -2.045619
v 2.329582 0.000000 -2.168878
v 2.208697 0.000000 -2.264496
v 2.067442 0.000000 -2.326162
v 1.915137 0.000000 -2.349809
v 1.761833 0.000000 -2.333875
v 1.617647 0.000000 -2.279412
v 1.258249 0.500000 -2.436311
v 1.282450 0.500000 -2.376825
v 1.321007 0.500000 -2.325467
v 1.371376 0.500000 -2.285627
v 1.430233 0.500000 -2.259932
v 1.493693 0.500000 -2.250080
v 1.557569 0.500000 -2.256719
v 1.557569 0.000000 -2.256719
v 1.493693 0.000000 -2.250080
v 1.430233 0.000000 -2.259932
v 1.371376 0.000000 -2.285627
v 1.321007 0.000000 -2.325467
v 1.282450 0.000000 -2.376825
v 1.258249 0.000000 -2.436311
v 1.741481 0.000000 2.435295
v 1.716506 0.000000 2.375000
v 1.676777 0.000000 2.323223
v 1.625000 0.000000 2.283494
v 1.564705 0.000000 2.258519
v 1.500000 0.000000 2.250000
v 1.435295 0.000000 2.258519
v 1.375000 0.000000 2.283494
v 1.323223 0.000000 2.323223
v 1.283494 0.000000 2.375000
v 1.258519 0.000000 2.435295
v -2.435295 0.000000 1.741481
v -2.375000 0.000000 1.716506
v -2.323223 0.000000 1.676777
v -2.283494 0.000000 1.625000
v -2.258519 0.000000 1.564705
v -2.250000 0.000000 1.500000
v -2.258519 0.000000 1.435295
v -2.283494 0.000000 1.375000
v -2.323223 0.000000 1.323223
v -2.375000 0.000000 1.283494
v -2.435295 0.000000 1.258519
v -1.741481 0.000000 -2.435295
v -1.716506 0.000000 -2.375000
v -1.676777 0.000000 -2.323223
v -1.625000 0.000000 -2.283494
v -1.564705 0.000000 -2.258519
v -1.500000 0.000000 -2.250000
v -1.435295 0.000000 -2.258519
v -1.375000 0.000000 -2.283494
v -1.323223 0.000000 -2.323223
v -1.283494 0.000000 -2.375000
v -1.258519 0.000000 -2.435295
v 2.435295 0.000000 -1.741481
v 2.375000 0.000000 -1.716506
v 2.323223 0.000000 -1.676777
v 2.283494 0.000000 -1.625000
v 2.258519 0.000000 -1.564705
v 2.250000 0.000000 -1.500000
v 2.258519 0.000000 -1.435295
v 2.283494 0.000000 -1.375000
v 2.323223 0.000000 -1.323223
v 2.375000 0.000000 -1.283494
v 2.435295 0.000000 -1.258519
v 1.500000 0.000000 -1.750000
v 1.435295 0.000000 -1.741481
v 1.375000 0.000000 -1.716506
v 1.323223 0.000000 -1.676777
v 1.283494 0.000000 -1.625000
v 1.258519 0.000000 -1.564705
v 1.250000 0.000000 -1.500000
v 1.258519 0.000000 -1.435295
v 1.283494 0.000000 -1.375000
v 1.323223 0.000000 -1.323223
v 1.375000 0.000000 -1.283494
v 1.435295 0.000000 -1.258519
v 1.500000 0.000000 -1.250000
v 1.564705 0.000000 -1.258519
v 1.625000 0.000000 -1.283494
v 1.676777 0.000000 -1.323223
v 1.716506 0.000000 -1.375000
v 1.741481 0.000000 -1.435295
v 1.750000 0.000000 -1.500000
v 1.741481 0.000000 -1.564705
v 1.716506 0.000000 -1.625000
v 1.676777 0.000000 -1.676777
v 1.625000 0.000000 -1.716506
v 1.564705 0.000000 -1.741481
v -1.500000 0.000000 1.250000
v -1.564705 0.000000 1.258519
v -1.625000 0.000000 1.283494
v -1.676777 0.000000 1.323223
v -1.716506 0.000000 1.375000
v -1.741481 0.000000 1.435295
v -1.750000 0.000000 1.500000
v -1.741481 0.000000 1.564705
v -1.716506 0.000000 1.625000
v -1.676777 0.000000 1.676777
v -1.625000 0.000000 1.716506
v -1.564705 0.000000 1.741481
v -1.500000 0.000000 1.750000
v -1.435295 0.000000 1.741481
v -1.375000 0.000000 1.716506
v -1.323223 0.000000 1.676777
v -1.283494 0.000000 1.625000
v -1.258519 0.000000 1.564705
v -1.250000 0.000000 1.500000
v -1.258519 0.000000 1.435295
v -1.283494 0.000000 1.375000
v -1.323223 0.000000 1.323223
v -1.375000 0.000000 1.283494
v -1.435295 0.000000 1.258519
v 1.500000 0.000000 1.250000
v 1.435295 0.000000 1.258519
v 1.375000 0.000000 1.283494
v 1.323223 0.000000 1.323223
v 1.283494 0.000000 1.375000
v 1.258519 0.000000 1.435295
v 1.250000 0.000000 1.500000
v 1.258519 0.000000 1.564705
v 1.283494 0.000000 1.625000
v 1.323223 0.000000 1.676777
v 1.375000 0.000000 1.716506
v 1.435295 0.000000 1.741481
v 1.500000 0.000000 1.750000
v 1.564705 0.000000 1.741481
v 1.625000 0.000000 1.716506
v 1.676777 0.000000 1.676777
v 1.716506 0.000000 1.625000
v 1.741481 0.000000 1.564705
v 1.750000 0.000000 1.500000
v 1.741481 0.000000 1.435295
v 1.716506 0.000000 1.375000
v 1.676777 0.000000 1.323223
v 1.625000 0.000000 1.283494
v 1.564705 0.000000 1.258519
v -1.500000 0.000000 -1.750000
v -1.564705 0.000000 -1.741481
v -1.625000 0.000000 -1.716506
v -1.676777 0.000000 -1.676777
v -1.716506 0.000000 -1.625000
v -1.741481 0.000000 -1.564705
v -1.750000 0.000000 -1.500000
v -1.741481 0.000000 -1.435295
v -1.716506 0.000000 -1.375000
v -1.676777 0.000000 -1.323223
v -1.625000 0.000000 -1.283494
v -1.564705 0.000000 -1.258519
v -1.500000 0.000000 -1.250000
v -1.435295 0.000000 -1.258519
v -1.375000 0.000000 -1.283494
v -1.323223 0.000000 -1.323223
v -1.283494 0.000000 -1.375000
v -1.258519 0.000000 -1.435295
v -1.250000 0.000000 -1.500000
v -1.258519 0.000000 -1.564705
v -1.283494 0.000000 -1.625000
v -1.323223 0.000000 -1.676777
v -1.375000 0.000000 -1.716506
v -1.435295 0.000000 -1.741481
v 0.300000 0.000000 1.175755
v 0.563509 0.000000 1.112103
v 0.808042 0.000000 1.011001
v 1.025365 0.000000 0.875854
v 1.208159 0.000000 0.711214
v 1.350269 0.000000 0.522623
v 1.446909 0.000000 0.316434
v 1.494826 0.000000 0.099588
v 1.492404 0.000000 -0.120611
v 1.439727 0.000000 -0.336748
v 1.338567 0.000000 -0.541546
v 1.192332 0.000000 -0.728107
v 1.005946 0.000000 -0.890150
v 0.785685 0.000000 -1.022217
v 0.538966 0.000000 -1.119862
v 0.274098 0.000000 -1.179795
v 0.000000 0.000000 -1.200000
v -0.274098 0.000000 -1.179795
v -0.538966 0.000000 -1.119862
v -0.785685 0.000000 -1.022217
v -1.005946 0.000000 -0.890150
v -1.192332 0.000000 -0.728107
v -1.338567 0.000000 -0.541546
v -1.439727 0.000000 -0.336748
v -1.492404 0.000000 -0.120611
v -1.494826 0.000000 0.099588
v -1.446909 0.000000 0.316434
v -1.350269 0.000000 0.522623
v -1.208159 0.000000 0.711214
v -1.025365 0.000000 0.875854
v -0.808042 0.000000 1.011001
v -0.563509 0.000000 1.112103
v -0.300000 0.000000 1.175755
v -0.300000 0.000000 1.675000
v 0.300000 0.000000 1.675000
v 2.435295 0.500000 -1.258519
v 2.375000 0.500000 -1.283494
v 2.323223 0.500000 -1.323223
v 2.283494 0.500000 -1.375000
v 2.258519 0.500000 -1.435295
v 2.250000 0.500000 -1.500000
v 2.258519 0.500000 -1.564705
v 2.283494 0.500000 -1.625000
v 2.323223 0.500000 -1.676777
v 2.375000 0.500000 -1.716506
v 2.435295 0.500000 -1.741481
v -1.258519 0.500000 -2.435295
v -1.283494 0.500000 -2.375000
v -1.323223 0.500000 -2.323223
v -1.375000 0.500000 -2.283494
v -1.435295 0.500000 -2.258519
v -1.500000 0.500000 -2.250000
v -1.564705 0.500000 -2.258519
v -1.625000 0.500000 -2.283494
v -1.676777 0.500000 -2.323223
v -1.716506 0.500000 -2.375000
v -1.741481 0.500000 -2.435295
v -2.435295 0.500000 1.258519
v -2.375000 0.500000 1.283494
v -2.323223 0.500000 1.323223
v -2.283494 0.500000 1.375000
v -2.258519 0.500000 1.435295
v -2.250000 0.500000 1.500000
v -2.258519 0.500000 1.564705
v -2.283494 0.500000 1.625000
v -2.323223 0.500000 1.676777
v -2.375000 0.500000 1.716506
v -2.435295 0.500000 1.741481
v 1.258519 0.500000 2.435295
v 1.283494 0.500000 2.375000
v 1.323223 0.500000 2.323223
v 1.375000 0.500000 2.283494
v 1.435295 0.500000 2.258519
v 1.500000 0.500000 2.250000
v 1.564705 0.500000 2.258519
v 1.625000 0.500000 2.283494
v 1.676777 0.500000 2.323223
v 1.716506 0.500000 2.375000
v 1.741481 0.500000 2.435295
v 1.500000 0.500000 -1.250000
v 1.435295 0.500000 -1.258519
v 1.375000 0.500000 -1.283494
v 1.323223 0.500000 -1.323223
v 1.283494 0.500000 -1.375000
v 1.258519 0.500000 -1.435295
v 1.250000 0.500000 -1.500000
v 1.258519 0.500000 -1.564705
v 1.283494 0.500000 -1.625000
v 1.323223 0.500000 -1.676777
v 1.375000 0.500000 -1.716506
v 1.435295 0.500000 -1.741481
v 1.500000 0.500000 -1.750000
v 1.564705 0.500000 -1.741481
v 1.625000 0.500000 -1.716506
v 1.676777 0.500000 -1.676777
v 1.716506 0.500000 -1.625000
v 1.741481 0.500000 -1.564705
v 1.750000 0.500000 -1.500000
v 1.741481 0.500000 -1.435295
v 1.716506 0.500000 -1.375000
v 1.676777 0.500000 -1.323223
v 1.625000 0.500000 -1.283494
v 1.564705 0.500000 -1.258519
v -1.500000 0.500000 1.750000
v -1.564705 0.500000 1.741481
v -1.625000 0.500000 1.716506
v -1.676777 0.500000 1.676777
v -1.716506 0.500000 1.625000
v -1.741481 0.500000 1.564705
v -1.750000 0.500000 1.500000
v -1.741481 0.500000 1.435295
v -1.716506 0.500000 1.375000
v -1.676777 0.500000 1.323223
v -1.625000 0.500000 1.283494
v -1.564705 0.500000 1.258519
v -1.500000 0.500000 1.250000
v -1.435295 0.500000 1.258519
v -1.375000 0.500000 1.283494
v -1.323223 0.500000 1.323223
v -1.283494 0.500000 1.375000
v -1.258519 0.500000 1.435295
v -1.250000 0.500000 1.500000
v -1.258519 0.500000 1.564705
v -1.283494 0.500000 1.625000
v -1.323223 0.500000 1.676777
v -1.375000 0.500000 1.716506
v -1.435295 0.500000 1.741481
v 1.500000 0.500000 1.750000
v 1.435295 0.500000 1.741481
v 1.375000 0.500000 1.716506
v 1.323223 0.500000 1.676777
v 1.283494 0.500000 1.625000
v 1.258519 0.500000 1.564705
v 1.250000 0.500000 1.500000
v 1.258519 0.500000 1.435295
v 1.283494 0.500000 1.375000
v 1.323223 0.500000 1.323223
v 1.375000 0.500000 1.283494
v 1.435295 0.500000 1.258519
v 1.500000 0.500000 1.250000
v 1.564705 0.500000 1.258519
v 1.625000 0.500000 1.283494
v 1.676777 0.500000 1.323223
v 1.716506 0.500000 1.375000
v 1.741481 0.500000 1.435295
v 1.750000 0.500000 1.500000
v 1.741481 0.500000 1.564705
v 1.716506 0.500000 1.625000
v 1.676777 0.500000 1.676777
v 1.625000 0.500000 1.716506
v 1.564705 0.500000 1.741481
v -1.500000 0.500000 -1.250000
v -1.564705 0.500000 -1.258519
v -1.625000 0.500000 -1.283494
v -1.676777 0.500000 -1.323223
v -1.716506 0.500000 -1.375000
v -1.741481 0.500000 -1.435295
v -1.750000 0.500000 -1.500000
v -1.741481 0.500000 -1.564705
v -1.716506 0.500000 -1.625000
v -1.676777 0.500000 -1.676777
v -1.625000 0.500000 -1.716506
v -1.564705 0.500000 -1.741481
v -1.500000 0.500000 -1.750000
v -1.435295 0.500000 -1.741481
v -1.375000 0.500000 -1.716506
v -1.323223 0.500000 -1.676777
v -1.283494 0.500000 -1.625000
v -1.258519 0.500000 -1.564705
v -1.250000 0.500000 -1.500000
v -1.258519 0.500000 -1.435295
v -1.283494 0.500000 -1.375000
v -1.323223 0.500000 -1.323223
v -1.375000 0.500000 -1.283494
v -1.435295 0.500000 -1.258519
v -0.300000 0.500000 1.175755
v -0.563509 0.500000 1.112103
v -0.808042 0.500000 1.011001
v -1.025365 0.500000 0.875854
v -1.208159 0.500000 0.711214
v -1.350269 0.500000 0.522623
v -1.446909 0.500000 0.316434
v -1.494826 0.500000 0.099588
v -1.492404 0.500000 -0.120611
v -1.439727 0.500000 -0.336748
v -1.338567 0.500000 -0.541546
v -1.192332 0.500000 -0.728107
v -1.005946 0.500000 -0.890150
v -0.785685 0.500000 -1.022217
v -0.538966 0.500000 -1.119862
v -0.274098 0.500000 -1.179795
v 0.000000 0.500000 -1.200000
v 0.274098 0.500000 -1.179795
v 0.538966 0.500000 -1.119862
v 0.785685 0.500000 -1.022217
v 1.005946 0.500000 -0.890150
v 1.192332 0.500000 -0.728107
v 1.338567 0.500000 -0.541546
v 1.439727 0.500000 -0.336748
v 1.492404 0.500000 -0.120611
v 1.494826 0.500000 0.099588
v 1.446909 0.500000 0.316434
v 1.350269 0.500000 0.522623
v 1.208159 0.500000 0.711214
v 1.025365 0.500000 0.875854
v 0.808042 0.500000 1.011001
v 0.563509 0.500000 1.112103
v 0.300000 0.500000 1.175755
v 0.300000 0.500000 1.675000
v -0.300000 0.500000 1.675000
vt -0.000000 -0.000000 0.000000
vt -0.500000 -0.000000 0.000000
vt -0.000000 -0.505361 0.000000
vt -0.500000 -0.505361 0.000000
vt -0.000000 -1.010721 0.000000
vt -0.500000 -1.010721 0.000000
vt -0.000000 -1.516082 0.000000
vt -0.500000 -1.516082 0.000000
vt -0.000000 -2.021442 0.000000
vt -0.500000 -2.021442 0.000000
vt -0.000000 -2.526803 0.000000
vt -0.500000 -2.526803 0.000000
vt -0.000000 0.000000 0.000000
vt -0.500000 0.000000 0.000000
vt -0.000000 -0.505361 0.000000
vt -0.500000 -0.505361 0.000000
vt -0.000000 -1.010721 0.000000
vt -0.500000 -1.010721 0.000000
vt -0.000000 -1.516082 0.000000
vt -0.500000 -1.516082 0.000000
vt -0.000000 -2.021442 0.000000
vt -0.500000 -2.021442 0.000000
vt -0.000000 -2.526803 0.000000
vt -0.500000 -2.526803 0.000000
vt -0.000000 -0.000000 0.000000
vt -0.500000 -0.000000 0.000000
vt -0.000000 -0.505361 0.000000
vt -0.500000 -0.505361 0.000000
vt -0.000000 -1.010721 0.000000
vt -0.500000 -1.010721 0.000000
vt -0.000000 -1.516082 0.000000
vt -0.500000 -1.516082 0.000000
vt -0.000000 -2.021442 0.000000
vt -0.500000 -2.021442 0.000000
vt -0.000000 -2.526803 0.000000
vt -0.500000 -2.526803 0.000000
vt -0.000000 0.000000 0.000000
vt -0.500000 0.000000 0.000000
vt -0.000000 -0.505361 0.000000
vt -0.500000 -0.505361 0.000000
vt -0.000000 -1.010721 0.000000
vt -0.500000 -1.010721 0.000000
vt -0.000000 -1.516082 0.000000
vt -0.500000 -1.516082 0.000000
vt -0.000000 -2.021442 0.000000
vt -0.500000 -2.021442 0.000000
vt -0.000000 -2.526803 0.000000
vt -0.500000 -2.526803 0.000000
vt 0.000000 0.000000 0.000000
vt -0.500000 0.000000 0.000000
vt 0.000000 -0.154557 0.000000
vt -0.500000 -0.154557 0.000000
vt -0.000000 -0.309113 0.000000
vt -0.500000 -0.309113 0.000000
vt 0.000000 -0.463670 0.000000
vt -0.500000 -0.463670 0.000000
vt 0.000000 -0.618226 0.000000
vt -0.500000 -0.618226 0.000000
vt -0.000000 -0.772783 0.000000
vt -0.500000 -0.772783 0.000000
vt 0.000000 -0.927339 0.000000
vt -0.500000 -0.927339 0.000000
vt 0.000000 -1.081896 0.000000
vt -0.500000 -1.081896 0.000000
vt 0.000000 -1.236452 0.000000
vt -0.500000 -1.236452 0.000000
vt 0.000000 -0.515188 0.000000
vt 0.500000 -0.515188 0.000000
vt 0.000000 -0.450790 0.000000
vt 0.500000 -0.450790 0.000000
vt 0.000000 -0.386391 0.000000
vt 0.500000 -0.386391 0.000000
vt 0.000000 -0.321993 0.000000
vt 0.500000 -0.321993 0.000000
vt 0.000000 -0.257594 0.000000
vt 0.500000 -0.257594 0.000000
vt 0.000000 -0.193196 0.000000
vt 0.500000 -0.193196 0.000000
vt 0.000000 -0.128797 0.000000
vt 0.500000 -0.128797 0.000000
vt 0.000000 -0.064399 0.000000
vt 0.500000 -0.064399 0.000000
vt 0.000000 0.000000 0.000000
vt 0.500000 0.000000 0.000000
vt -0.000000 0.000000 0.000000
vt -0.500000 0.000000 0.000000
vt -0.000000 -0.154557 0.000000
vt -0.500000 -0.154557 0.000000
vt -0.000000 -0.309113 0.000000
vt -0.500000 -0.309113 0.000000
vt -0.000000 -0.463670 0.000000
vt -0.500000 -0.463670 0.000000
vt -0.000000 -0.618226 0.000000
vt -0.500000 -0.618226 0.000000
vt 0.000000 -0.772783 0.000000
vt -0.500000 -0.772783 0.000000
vt -0.000000 -0.927339 0.000000
vt -0.500000 -0.927339 0.000000
vt -0.000000 -1.081896 0.000000
vt -0.500000 -1.081896 0.000000
vt 0.000000 -1.236452 0.000000
vt -0.500000 -1.236452 0.000000
vt 0.000000 -0.515188 0.000000
vt 0.500000 -0.515188 0.000000
vt 0.000000 -0.450790 0.000000
vt 0.500000 -0.450790 0.000000
vt 0.000000 -0.386391 0.000000
vt 0.500000 -0.386391 0.000000
vt 0.000000 -0.321993 0.000000
vt 0.500000 -0.321993 0.000000
vt 0.000000 -0.257594 0.000000
vt 0.500000 -0.257594 0.000000
vt 0.000000 -0.193196 0.000000
vt 0.500000 -0.193196 0.000000
vt 0.000000 -0.128797 0.000000
vt 0.500000 -0.128797 0.000000
vt 0.000000 -0.064399 0.000000
vt 0.500000 -0.064399 0.000000
vt 0.000000 0.000000 0.000000
vt 0.500000 0.000000 0.000000
vt -0.000000 -0.000000 0.000000
vt -0.500000 -0.000000 0.000000
vt -0.000000 -0.154556 0.000000
vt -0.500000 -0.154556 0.000000
vt -0.000000 -0.309113 0.000000
vt -0.500000 -0.309113 0.000000
vt -0.000000 -0.463669 0.000000
vt -0.500000 -0.463669 0.000000
vt 0.000000 -0.618226 0.000000
vt -0.500000 -0.618226 0.000000
vt -0.000000 -0.772782 0.000000
vt -0.500000 -0.772782 0.000000
vt 0.000000 -0.927339 0.000000
vt -0.500000 -0.927339 0.000000
vt -0.000000 -1.081895 0.000000
vt -0.500000 -1.081895 0.000000
vt -0.000000 -1.236452 0.000000
vt -0.500000 -1.236452 0.000000
vt 0.000000 -0.515189 0.000000
vt 0.500000 -0.515189 0.000000
vt 0.000000 -0.450790 0.000000
vt 0.500000 -0.450790 0.000000
vt 0.000000 -0.386392 0.000000
vt 0.500000 -0.386392 0.000000
vt 0.000000 -0.321993 0.000000
vt 0.500000 -0.321993 0.000000
vt 0.000000 -0.257594 0.000000
vt 0.500000 -0.257594 0.000000
vt 0.000000 -0.193196 0.000000
vt 0.500000 -0.193196 0.000000
vt 0.000000 -0.128797 0.000000
vt 0.500000 -0.128797 0.000000
vt 0.000000 -0.064399 0.000000
vt 0.500000 -0.064399 0.000000
vt 0.000000 0.000000 0.000000
vt 0.500000 0.000000 0.000000
vt -0.000000 0.000000 0.000000
vt -0.500000 0.000000 0.000000
vt 0.000000 -0.154557 0.000000
vt -0.500000 -0.154557 0.000000
vt -0.000000 -0.309113 0.000000
vt -0.500000 -0.309113 0.000000
vt -0.000000 -0.463670 0.000000
vt -0.500000 -0.463670 0.000000
vt 0.000000 -0.618226 0.000000
vt -0.500000 -0.618226 0.000000
vt 0.000000 -0.772783 0.000000
vt -0.500000 -0.772783 0.000000
vt 0.000000 -0.927339 0.000000
vt -0.500000 -0.927339 0.000000
vt 0.000000 -1.081896 0.000000
vt -0.500000 -1.081896 0.000000
vt -0.000000 -1.236452 0.000000
vt -0.500000 -1.236452 0.000000
vt 0.000000 -0.515188 0.000000
vt 0.500000 -0.515188 0.000000
vt 0.000000 -0.450790 0.000000
vt 0.500000 -0.450790 0.000000
vt 0.000000 -0.386391 0.000000
vt 0.500000 -0.386391 0.000000
vt 0.000000 -0.321993 0.000000
vt 0.500000 -0.321993 0.000000
vt 0.000000 -0.257594 0.000000
vt 0.500000 -0.257594 0.000000
vt 0.000000 -0.193196 0.000000
vt 0.500000 -0.193196 0.000000
vt 0.000000 -0.128797 0.000000
vt 0.500000 -0.128797 0.000000
vt 0.000000 -0.064399 0.000000
vt 0.500000 -0.064399 0.000000
vt 0.000000 0.000000 0.000000
vt 0.500000 0.000000 0.000000
vt -2.333875 -1.761833 0.000000
vt -1.716506 -1.625000 0.000000
vt -2.279412 -1.617647 0.000000
vt -1.741481 -1.564705 0.000000
vt -2.256719 -1.557569 0.000000
vt -1.750000 -1.500000 0.000000
vt -2.250080 -1.493693 0.000000
vt -1.741481 -1.435295 0.000000
vt -2.259932 -1.430233 0.000000
vt -1.716506 -1.375000 0.000000
vt -2.285627 -1.371376 0.000000
vt -1.676777 -1.323223 0.000000
vt -2.325467 -1.321007 0.000000
vt -1.625000 -1.283494 0.000000
vt -2.376825 -1.282450 0.000000
vt -1.350269 -0.522623 0.000000
vt -2.601418 -0.755140 0.000000
vt -1.446909 -0.316434 0.000000
vt -2.652387 -0.252573 0.000000
vt -1.494826 -0.099588 0.000000
vt -2.652387 0.252573 0.000000
vt -1.492404 0.120611 0.000000
vt -1.439727 0.336748 0.000000
vt -1.676777 -1.676777 0.000000
vt -2.349809 -1.915137 0.000000
vt -2.326162 -2.067442 0.000000
vt -2.264496 -2.208697 0.000000
vt -1.676777 -2.323223 0.000000
vt -1.625000 -1.716506 0.000000
vt -1.625000 -2.283494 0.000000
vt -1.564705 -1.741481 0.000000
vt -1.564705 -2.258519 0.000000
vt -1.500000 -1.750000 0.000000
vt -1.500000 -2.250000 0.000000
vt -1.435295 -2.258519 0.000000
vt -2.168878 -2.329582 0.000000
vt -2.045619 -2.422120 0.000000
vt -1.716506 -2.375000 0.000000
vt -1.902853 -2.480203 0.000000
vt -1.741481 -2.435295 0.000000
vt -1.750000 -2.500000 0.000000
vt -1.435295 -1.741481 0.000000
vt -1.375000 -2.283494 0.000000
vt -1.375000 -1.716506 0.000000
vt -1.323223 -2.323223 0.000000
vt -1.323223 -1.676777 0.000000
vt -1.283494 -2.375000 0.000000
vt -1.283494 -1.625000 0.000000
vt -0.300000 -1.675000 0.000000
vt -1.258519 -1.564705 0.000000
vt -1.250000 -1.500000 0.000000
vt -0.563509 -1.112103 0.000000
vt -0.808042 -1.011001 0.000000
vt -0.755140 -2.601418 0.000000
vt -1.258519 -2.435295 0.000000
vt -1.250000 -2.500000 0.000000
vt -0.252573 -2.652387 0.000000
vt 0.252573 -2.652387 0.000000
vt 0.300000 -1.675000 0.000000
vt 0.755140 -2.601418 0.000000
vt 1.282450 -2.376825 0.000000
vt 1.258249 -2.436311 0.000000
vt 1.250000 -2.500000 0.000000
vt 1.283494 -1.625000 0.000000
vt 1.321007 -2.325467 0.000000
vt 1.323223 -1.676777 0.000000
vt 1.371376 -2.285627 0.000000
vt 1.375000 -1.716506 0.000000
vt 1.430233 -2.259932 0.000000
vt 1.435295 -1.741481 0.000000
vt 1.493693 -2.250080 0.000000
vt 1.500000 -1.750000 0.000000
vt 1.557570 -2.256719 0.000000
vt 1.564705 -1.741481 0.000000
vt 1.617647 -2.279412 0.000000
vt 1.625000 -1.716506 0.000000
vt 1.761834 -2.333875 0.000000
vt 1.676777 -1.676777 0.000000
vt 1.915137 -2.349809 0.000000
vt 2.067442 -2.326162 0.000000
vt 2.208698 -2.264496 0.000000
vt 2.323223 -1.676777 0.000000
vt 1.716506 -1.625000 0.000000
vt 2.283494 -1.625000 0.000000
vt 1.741481 -1.564705 0.000000
vt 2.258519 -1.564705 0.000000
vt 1.750000 -1.500000 0.000000
vt 2.250000 -1.500000 0.000000
vt 1.741481 -1.435295 0.000000
vt 2.258519 -1.435295 0.000000
vt 1.716506 -1.375000 0.000000
vt 2.283494 -1.375000 0.000000
vt 1.676777 -1.323223 0.000000
vt 2.323223 -1.323223 0.000000
vt 1.625000 -1.283494 0.000000
vt 2.375000 -1.283494 0.000000
vt 1.350269 -0.522623 0.000000
vt 2.601418 -0.755140 0.000000
vt 1.446909 -0.316434 0.000000
vt 2.652387 -0.252573 0.000000
vt 1.494826 -0.099588 0.000000
vt 2.652387 0.252573 0.000000
vt 1.492404 0.120611 0.000000
vt 1.439727 0.336748 0.000000
vt 2.601418 0.755140 0.000000
vt 1.338567 0.541546 0.000000
vt 2.376825 1.282450 0.000000
vt 1.625000 1.283494 0.000000
vt 2.325467 1.321007 0.000000
vt 1.676777 1.323223 0.000000
vt 2.285627 1.371376 0.000000
vt 1.716506 1.375000 0.000000
vt 2.259932 1.430233 0.000000
vt 1.741481 1.435295 0.000000
vt 2.250080 1.493693 0.000000
vt 1.750000 1.500000 0.000000
vt 2.256719 1.557569 0.000000
vt 1.741481 1.564705 0.000000
vt 2.279412 1.617647 0.000000
vt 1.716506 1.625000 0.000000
vt 2.333875 1.761833 0.000000
vt 1.676777 1.676777 0.000000
vt 2.349809 1.915137 0.000000
vt 2.326162 2.067442 0.000000
vt 2.329583 -2.168878 0.000000
vt 2.422120 -2.045619 0.000000
vt 2.375000 -1.716506 0.000000
vt 2.480203 -1.902853 0.000000
vt 2.435295 -1.741481 0.000000
vt 2.500000 -1.750000 0.000000
vt 2.435295 -1.258519 0.000000
vt 2.500000 -1.250000 0.000000
vt 2.500000 1.250000 0.000000
vt 2.436311 1.258249 0.000000
vt 2.264496 2.208697 0.000000
vt 1.676777 2.323223 0.000000
vt 1.625000 2.283494 0.000000
vt 2.168878 2.329582 0.000000
vt 2.045619 2.422120 0.000000
vt 1.716506 2.375000 0.000000
vt 1.902853 2.480203 0.000000
vt 1.741481 2.435295 0.000000
vt 1.750000 2.500000 0.000000
vt 1.625000 1.716506 0.000000
vt 1.564705 2.258519 0.000000
vt 1.564705 1.741481 0.000000
vt 1.500000 2.250000 0.000000
vt 1.500000 1.750000 0.000000
vt 1.435295 1.741481 0.000000
vt 1.435295 2.258519 0.000000
vt 1.375000 1.716506 0.000000
vt 1.375000 2.283494 0.000000
vt 1.323223 1.676777 0.000000
vt 1.323223 2.323223 0.000000
vt 1.283494 1.625000 0.000000
vt 1.283494 2.375000 0.000000
vt 0.755140 2.601418 0.000000
vt 1.258519 2.435295 0.000000
vt 1.250000 2.500000 0.000000
vt 0.252573 2.652387 0.000000
vt 0.274098 1.179795 0.000000
vt 0.538966 1.119862 0.000000
vt 1.258519 1.564705 0.000000
vt 1.250000 1.500000 0.000000
vt 0.785685 1.022217 0.000000
vt 1.258519 1.435295 0.000000
vt 1.283494 1.375000 0.000000
vt 1.005946 0.890150 0.000000
vt 1.323223 1.323223 0.000000
vt 1.375000 1.283494 0.000000
vt 1.192332 0.728107 0.000000
vt 1.435295 1.258519 0.000000
vt 1.500000 1.250000 0.000000
vt 1.564705 1.258519 0.000000
vt -0.000000 1.200000 0.000000
vt -0.252573 2.652387 0.000000
vt -0.274098 1.179795 0.000000
vt -0.755140 2.601418 0.000000
vt -0.538966 1.119862 0.000000
vt -1.258519 1.564705 0.000000
vt -1.250000 1.500000 0.000000
vt -1.250000 2.500000 0.000000
vt -1.258249 2.436311 0.000000
vt -1.282450 2.376825 0.000000
vt -1.283494 1.625000 0.000000
vt -1.321007 2.325467 0.000000
vt -1.323223 1.676777 0.000000
vt -1.371376 2.285627 0.000000
vt -1.375000 1.716506 0.000000
vt -1.430233 2.259932 0.000000
vt -1.435295 1.741481 0.000000
vt -1.493693 2.250080 0.000000
vt -1.500000 1.750000 0.000000
vt -1.557569 2.256719 0.000000
vt -1.564705 1.741481 0.000000
vt -1.617647 2.279412 0.000000
vt -1.625000 1.716506 0.000000
vt -1.761833 2.333875 0.000000
vt -1.676777 1.676777 0.000000
vt -1.915137 2.349809 0.000000
vt -2.067442 2.326162 0.000000
vt -2.208697 2.264496 0.000000
vt -2.323223 1.676777 0.000000
vt -1.716506 1.625000 0.000000
vt -2.283494 1.625000 0.000000
vt -1.741481 1.564705 0.000000
vt -2.258519 1.564705 0.000000
vt -1.750000 1.500000 0.000000
vt -2.250000 1.500000 0.000000
vt -1.741481 1.435295 0.000000
vt -2.258519 1.435295 0.000000
vt -1.716506 1.375000 0.000000
vt -2.283494 1.375000 0.000000
vt -1.676777 1.323223 0.000000
vt -2.323223 1.323223 0.000000
vt -1.625000 1.283494 0.000000
vt -2.375000 1.283494 0.000000
vt -1.338567 0.541546 0.000000
vt -2.601418 0.755140 0.000000
vt -2.329582 2.168878 0.000000
vt -2.422120 2.045619 0.000000
vt -2.375000 1.716506 0.000000
vt -2.480203 1.902853 0.000000
vt -2.435295 1.741481 0.000000
vt -2.500000 1.750000 0.000000
vt -2.435295 1.258519 0.000000
vt -2.500000 1.250000 0.000000
vt -2.500000 -1.250000 0.000000
vt -2.436311 -1.258249 0.000000
vt -0.785685 1.022217 0.000000
vt -1.258519 1.435295 0.000000
vt -1.283494 1.375000 0.000000
vt -1.005946 0.890150 0.000000
vt -1.323223 1.323223 0.000000
vt -1.375000 1.283494 0.000000
vt -1.192332 0.728107 0.000000
vt -1.435295 1.258519 0.000000
vt -1.500000 1.250000 0.000000
vt -1.564705 1.258519 0.000000
vt 1.435295 -1.258519 0.000000
vt 1.500000 -1.250000 0.000000
vt 1.208159 -0.711214 0.000000
vt 1.564705 -1.258519 0.000000
vt 1.258519 -1.564705 0.000000
vt 1.250000 -1.500000 0.000000
vt 0.563509 -1.112103 0.000000
vt 0.808042 -1.011001 0.000000
vt 1.258519 -1.435295 0.000000
vt 1.283494 -1.375000 0.000000
vt 1.025365 -0.875854 0.000000
vt 1.323223 -1.323223 0.000000
vt 1.375000 -1.283494 0.000000
vt -1.564705 -1.258519 0.000000
vt -1.500000 -1.250000 0.000000
vt -1.208159 -0.711214 0.000000
vt -1.435295 -1.258519 0.000000
vt -1.025365 -0.875854 0.000000
vt -1.375000 -1.283494 0.000000
vt -1.323223 -1.323223 0.000000
vt -1.283494 -1.375000 0.000000
vt -1.258519 -1.435295 0.000000
vt -0.300000 -1.175755 0.000000
vt 0.300000 -1.175755 0.000000
vt 1.750000 -2.500000 0.000000
vt 1.902853 -2.480203 0.000000
vt 1.741481 -2.435295 0.000000
vt 1.716506 -2.375000 0.000000
vt 2.045619 -2.422120 0.000000
vt 1.676777 -2.323223 0.000000
vt 2.168878 -2.329582 0.000000
vt 2.264496 -2.208697 0.000000
vt 1.676777 -1.676777 0.000000
vt 2.326162 -2.067442 0.000000
vt 2.349809 -1.915137 0.000000
vt 2.333875 -1.761833 0.000000
vt 1.716506 -1.625000 0.000000
vt 2.279412 -1.617647 0.000000
vt 1.741481 -1.564705 0.000000
vt 2.256719 -1.557569 0.000000
vt 1.750000 -1.500000 0.000000
vt 2.250080 -1.493693 0.000000
vt 1.741481 -1.435295 0.000000
vt 2.259932 -1.430233 0.000000
vt 1.716506 -1.375000 0.000000
vt 2.285627 -1.371376 0.000000
vt 1.676777 -1.323223 0.000000
vt 2.325467 -1.321007 0.000000
vt 1.625000 -1.283494 0.000000
vt 2.376825 -1.282450 0.000000
vt 1.350269 -0.522623 0.000000
vt 2.601418 -0.755140 0.000000
vt 1.446909 -0.316434 0.000000
vt 2.652387 -0.252573 0.000000
vt 1.494826 -0.099588 0.000000
vt 2.652387 0.252573 0.000000
vt 1.492404 0.120611 0.000000
vt 1.439727 0.336748 0.000000
vt 2.601418 0.755140 0.000000
vt 1.338567 0.541546 0.000000
vt 2.375000 1.283494 0.000000
vt 1.625000 1.283494 0.000000
vt 1.676777 1.323223 0.000000
vt 2.323223 1.323223 0.000000
vt 1.716506 1.375000 0.000000
vt 2.283494 1.375000 0.000000
vt 1.741481 1.435295 0.000000
vt 2.258519 1.435295 0.000000
vt 1.750000 1.500000 0.000000
vt 2.250000 1.500000 0.000000
vt 1.741481 1.564705 0.000000
vt 2.258519 1.564705 0.000000
vt 1.716506 1.625000 0.000000
vt 2.283494 1.625000 0.000000
vt 1.676777 1.676777 0.000000
vt 2.323223 1.676777 0.000000
vt 2.208697 2.264496 0.000000
vt 2.329582 2.168878 0.000000
vt 2.422120 2.045619 0.000000
vt 2.375000 1.716506 0.000000
vt 2.480203 1.902853 0.000000
vt 2.435295 1.741481 0.000000
vt 2.500000 1.750000 0.000000
vt 2.436311 -1.258249 0.000000
vt 2.500000 -1.250000 0.000000
vt 2.500000 1.250000 0.000000
vt 2.435295 1.258519 0.000000
vt 2.067442 2.326162 0.000000
vt 1.915137 2.349809 0.000000
vt 1.761833 2.333875 0.000000
vt 1.625000 1.716506 0.000000
vt 1.617647 2.279412 0.000000
vt 1.564705 1.741481 0.000000
vt 1.557569 2.256719 0.000000
vt 1.500000 1.750000 0.000000
vt 1.493693 2.250080 0.000000
vt 1.435295 1.741481 0.000000
vt 1.430233 2.259932 0.000000
vt 1.375000 1.716506 0.000000
vt 1.371376 2.285627 0.000000
vt 1.323223 1.676777 0.000000
vt 1.321007 2.325467 0.000000
vt 1.283494 1.625000 0.000000
vt 1.282450 2.376825 0.000000
vt 0.755140 2.601418 0.000000
vt 1.258249 2.436311 0.000000
vt 1.250000 2.500000 0.000000
vt 0.252573 2.652387 0.000000
vt 0.274098 1.179795 0.000000
vt 0.538966 1.119862 0.000000
vt 1.258519 1.564705 0.000000
vt 1.250000 1.500000 0.000000
vt 0.785685 1.022217 0.000000
vt 1.258519 1.435295 0.000000
vt 1.283494 1.375000 0.000000
vt 1.005946 0.890150 0.000000
vt 1.323223 1.323223 0.000000
vt 1.375000 1.283494 0.000000
vt 1.192332 0.728107 0.000000
vt 1.435295 1.258519 0.000000
vt 1.500000 1.250000 0.000000
vt 1.564705 1.258519 0.000000
vt 0.000000 1.200000 0.000000
vt -0.252573 2.652387 0.000000
vt -0.274098 1.179795 0.000000
vt -0.755140 2.601418 0.000000
vt -0.538966 1.119862 0.000000
vt -1.258519 1.564705 0.000000
vt -1.250000 1.500000 0.000000
vt -1.250000 2.500000 0.000000
vt -1.258519 2.435295 0.000000
vt -1.283494 2.375000 0.000000
vt -1.283494 1.625000 0.000000
vt -1.323223 2.323223 0.000000
vt -1.323223 1.676777 0.000000
vt -1.375000 2.283494 0.000000
vt -1.375000 1.716506 0.000000
vt -1.435295 2.258519 0.000000
vt -1.435295 1.741481 0.000000
vt -1.500000 2.250000 0.000000
vt -1.500000 1.750000 0.000000
vt -1.564705 1.741481 0.000000
vt -1.564705 2.258519 0.000000
vt -1.625000 1.716506 0.000000
vt -1.625000 2.283494 0.000000
vt -1.676777 2.323223 0.000000
vt -1.716506 2.375000 0.000000
vt -2.045619 2.422120 0.000000
vt -2.168878 2.329582 0.000000
vt -2.264496 2.208697 0.000000
vt -1.902853 2.480203 0.000000
vt -1.741481 2.435295 0.000000
vt -1.750000 2.500000 0.000000
vt -1.676777 1.676777 0.000000
vt -2.326162 2.067442 0.000000
vt -2.349809 1.915137 0.000000
vt -2.333875 1.761833 0.000000
vt -1.716506 1.625000 0.000000
vt -2.279412 1.617647 0.000000
vt -1.741481 1.564705 0.000000
vt -2.256719 1.557569 0.000000
vt -1.750000 1.500000 0.000000
vt -2.250080 1.493693 0.000000
vt -1.741481 1.435295 0.000000
vt -2.259932 1.430233 0.000000
vt -1.716506 1.375000 0.000000
vt -2.285627 1.371376 0.000000
vt -1.676777 1.323223 0.000000
vt -2.325467 1.321007 0.000000
vt -1.625000 1.283494 0.000000
vt -2.376825 1.282450 0.000000
vt -1.338567 0.541546 0.000000
vt -2.601418 0.755140 0.000000
vt -1.439727 0.336748 0.000000
vt -2.652387 0.252573 0.000000
vt -1.492404 0.120611 0.000000
vt -1.494826 -0.099588 0.000000
vt -2.652387 -0.252573 0.000000
vt -1.446909 -0.316434 0.000000
vt -2.601418 -0.755140 0.000000
vt -1.350269 -0.522623 0.000000
vt -2.375000 -1.283494 0.000000
vt -1.625000 -1.283494 0.000000
vt -1.676777 -1.323223 0.000000
vt -2.323223 -1.323223 0.000000
vt -1.716506 -1.375000 0.000000
vt -2.283494 -1.375000 0.000000
vt -1.741481 -1.435295 0.000000
vt -2.258519 -1.435295 0.000000
vt -1.750000 -1.500000 0.000000
vt -2.250000 -1.500000 0.000000
vt -1.741481 -1.564705 0.000000
vt -2.258519 -1.564705 0.000000
vt -1.716506 -1.625000 0.000000
vt -2.283494 -1.625000 0.000000
vt -1.676777 -1.676777 0.000000
vt -2.323223 -1.676777 0.000000
vt -2.208698 -2.264496 0.000000
vt -2.329583 -2.168878 0.000000
vt -2.422120 -2.045619 0.000000
vt -2.375000 -1.716506 0.000000
vt -2.480203 -1.902853 0.000000
vt -2.435295 -1.741481 0.000000
vt -2.500000 -1.750000 0.000000
vt -2.436311 1.258249 0.000000
vt -2.500000 1.250000 0.000000
vt -2.500000 -1.250000 0.000000
vt -2.435295 -1.258519 0.000000
vt -2.067442 -2.326162 0.000000
vt -1.915137 -2.349809 0.000000
vt -1.761834 -2.333875 0.000000
vt -1.625000 -1.716506 0.000000
vt -1.617647 -2.279412 0.000000
vt -1.564705 -1.741481 0.000000
vt -1.557570 -2.256719 0.000000
vt -1.500000 -1.750000 0.000000
vt -1.493693 -2.250080 0.000000
vt -1.435295 -1.741481 0.000000
vt -1.430233 -2.259932 0.000000
vt -1.375000 -1.716506 0.000000
vt -1.371376 -2.285627 0.000000
vt -1.323223 -1.676777 0.000000
vt -1.321007 -2.325467 0.000000
vt -1.283494 -1.625000 0.000000
vt -1.282450 -2.376825 0.000000
vt -0.300000 -1.675000 0.000000
vt -0.755140 -2.601418 0.000000
vt -0.252573 -2.652387 0.000000
vt -1.258249 -2.436311 0.000000
vt -1.250000 -2.500000 0.000000
vt 0.252573 -2.652387 0.000000
vt 0.300000 -1.675000 0.000000
vt 0.755140 -2.601418 0.000000
vt 1.283494 -2.375000 0.000000
vt 1.258519 -2.435295 0.000000
vt 1.250000 -2.500000 0.000000
vt 1.283494 -1.625000 0.000000
vt 1.323223 -2.323223 0.000000
vt 1.323223 -1.676777 0.000000
vt 1.375000 -1.716506 0.000000
vt 1.375000 -2.283494 0.000000
vt 1.435295 -1.741481 0.000000
vt 1.435295 -2.258519 0.000000
vt 1.500000 -1.750000 0.000000
vt 1.500000 -2.250000 0.000000
vt 1.564705 -1.741481 0.000000
vt 1.564705 -2.258519 0.000000
vt 1.625000 -1.716506 0.000000
vt 1.625000 -2.283494 0.000000
vt -1.564705 -1.258519 0.000000
vt -1.208159 -0.711214 0.000000
vt -1.500000 -1.250000 0.000000
vt -1.435295 -1.258519 0.000000
vt -1.025365 -0.875854 0.000000
vt -1.375000 -1.283494 0.000000
vt -1.323223 -1.323223 0.000000
vt -1.283494 -1.375000 0.000000
vt -0.808042 -1.011001 0.000000
vt -1.258519 -1.435295 0.000000
vt -1.250000 -1.500000 0.000000
vt -1.258519 -1.564705 0.000000
vt -0.563509 -1.112103 0.000000
vt 1.258519 -1.564705 0.000000
vt 1.250000 -1.500000 0.000000
vt 0.563509 -1.112103 0.000000
vt 0.808042 -1.011001 0.000000
vt 1.258519 -1.435295 0.000000
vt 1.283494 -1.375000 0.000000
vt 1.025365 -0.875854 0.000000
vt 1.323223 -1.323223 0.000000
vt 1.375000 -1.283494 0.000000
vt 1.435295 -1.258519 0.000000
vt 1.208159 -0.711214 0.000000
vt 1.500000 -1.250000 0.000000
vt 1.564705 -1.258519 0.000000
vt -1.564705 1.258519 0.000000
vt -1.500000 1.250000 0.000000
vt -1.192332 0.728107 0.000000
vt -1.435295 1.258519 0.000000
vt -1.375000 1.283494 0.000000
vt -1.005946 0.890150 0.000000
vt -1.323223 1.323223 0.000000
vt -1.283494 1.375000 0.000000
vt -0.785685 1.022217 0.000000
vt -1.258519 1.435295 0.000000
vt -0.300000 -1.175755 0.000000
vt 0.300000 -1.175755 0.000000
vt -0.275000 0.392699 0.000000
vt 0.225000 0.392699 0.000000
vt -0.275000 0.458149 0.000000
vt 0.225000 0.458149 0.000000
vt -0.275000 0.523599 0.000000
vt 0.225000 0.523599 0.000000
vt -0.275000 0.589049 0.000000
vt 0.225000 0.589049 0.000000
vt -0.275000 0.654498 0.000000
vt 0.225000 0.654498 0.000000
vt -0.275000 0.719948 0.000000
vt 0.225000 0.719948 0.000000
vt -0.275000 0.785398 0.000000
vt 0.225000 0.785398 0.000000
vt -0.275000 0.850848 0.000000
vt 0.225000 0.850848 0.000000
vt -0.275000 0.916298 0.000000
vt 0.225000 0.916298 0.000000
vt -0.275000 0.981748 0.000000
vt 0.225000 0.981748 0.000000
vt -0.275000 1.047198 0.000000
vt 0.225000 1.047198 0.000000
vt -0.275000 1.112647 0.000000
vt 0.225000 1.112647 0.000000
vt -0.275000 1.178097 0.000000
vt 0.225000 1.178097 0.000000
vt 0.225000 0.392699 0.000000
vt -0.275000 0.392699 0.000000
vt 0.225000 0.327249 0.000000
vt -0.275000 0.327249 0.000000
vt 0.225000 0.261799 0.000000
vt -0.275000 0.261799 0.000000
vt 0.225000 0.196350 0.000000
vt -0.275000 0.196350 0.000000
vt 0.225000 0.130900 0.000000
vt -0.275000 0.130900 0.000000
vt 0.225000 0.065450 0.000000
vt -0.275000 0.065450 0.000000
vt 0.225000 0.000000 0.000000
vt -0.275000 -0.000000 0.000000
vt 0.225000 -0.065450 0.000000
vt -0.275000 -0.065450 0.000000
vt 0.225000 -0.130900 0.000000
vt -0.275000 -0.130900 0.000000
vt 0.225000 -0.196350 0.000000
vt -0.275000 -0.196350 0.000000
vt 0.225000 -0.261799 0.000000
vt -0.275000 -0.261799 0.000000
vt 0.225000 -0.327249 0.000000
vt -0.275000 -0.327249 0.000000
vt 0.225000 -0.392699 0.000000
vt -0.275000 -0.392699 0.000000
vt 0.225000 -0.719948 0.000000
vt -0.275000 -0.719948 0.000000
vt 0.225000 -0.785398 0.000000
vt -0.275000 -0.785398 0.000000
vt 0.225000 0.785398 0.000000
vt -0.275000 0.785398 0.000000
vt 0.225000 0.719948 0.000000
vt -0.275000 0.719948 0.000000
vt 0.225000 0.654498 0.000000
vt -0.275000 0.654498 0.000000
vt 0.225000 0.589049 0.000000
vt -0.275000 0.589049 0.000000
vt 0.225000 0.523599 0.000000
vt -0.275000 0.523599 0.000000
vt 0.225000 0.458149 0.000000
vt -0.275000 0.458149 0.000000
vt 0.225000 0.392699 0.000000
vt -0.275000 0.392699 0.000000
vt 0.225000 0.327249 0.000000
vt -0.275000 0.327249 0.000000
vt 0.225000 0.261799 0.000000
vt -0.275000 0.261799 0.000000
vt 0.225000 0.196350 0.000000
vt -0.275000 0.196350 0.000000
vt 0.225000 0.130900 0.000000
vt -0.275000 0.130900 0.000000
vt 0.225000 0.065450 0.000000
vt -0.275000 0.065450 0.000000
vt 0.225000 0.000000 0.000000
vt -0.275000 -0.000000 0.000000
vt 0.225000 -0.065450 0.000000
vt -0.275000 -0.065450 0.000000
vt 0.225000 -0.130900 0.000000
vt -0.275000 -0.130900 0.000000
vt 0.225000 -0.196350 0.000000
vt -0.275000 -0.196350 0.000000
vt 0.225000 -0.261799 0.000000
vt -0.275000 -0.261799 0.000000
vt 0.225000 -0.327249 0.000000
vt -0.275000 -0.327249 0.000000
vt 0.225000 -0.392699 0.000000
vt -0.275000 -0.392699 0.000000
vt 0.225000 -0.458149 0.000000
vt -0.275000 -0.458149 0.000000
vt 0.225000 -0.523599 0.000000
vt -0.275000 -0.523599 0.000000
vt 0.225000 -0.589049 0.000000
vt -0.275000 -0.589049 0.000000
vt 0.225000 -0.654498 0.000000
vt -0.275000 -0.654498 0.000000
vt 0.225000 -0.719948 0.000000
vt -0.275000 -0.719948 0.000000
vt 0.225000 -0.785398 0.000000
vt -0.275000 -0.785398 0.000000
vt 0.225000 0.785398 0.000000
vt -0.275000 0.785398 0.000000
vt 0.225000 0.719948 0.000000
vt -0.275000 0.719948 0.000000
vt 0.225000 0.654498 0.000000
vt -0.275000 0.654498 0.000000
vt 0.225000 0.589049 0.000000
vt -0.275000 0.589049 0.000000
vt 0.225000 0.523599 0.000000
vt -0.275000 0.523599 0.000000
vt 0.225000 0.458149 0.000000
vt -0.275000 0.458149 0.000000
vt 0.225000 0.392699 0.000000
vt -0.275000 0.392699 0.000000
vt 0.225000 0.327249 0.000000
vt -0.275000 0.327249 0.000000
vt 0.225000 0.261799 0.000000
vt -0.275000 0.261799 0.000000
vt 0.225000 0.196350 0.000000
vt -0.275000 0.196350 0.000000
vt 0.225000 0.130900 0.000000
vt -0.275000 0.130900 0.000000
vt 0.225000 0.065450 0.000000
vt -0.275000 0.065450 0.000000
vt 0.225000 0.000000 0.000000
vt -0.275000 -0.000000 0.000000
vt 0.225000 -0.065450 0.000000
vt -0.275000 -0.065450 0.000000
vt 0.225000 -0.130900 0.000000
vt -0.275000 -0.130900 0.000000
vt 0.225000 -0.196350 0.000000
vt -0.275000 -0.196350 0.000000
vt 0.225000 -0.261799 0.000000
vt -0.275000 -0.261799 0.000000
vt 0.225000 -0.327249 0.000000
vt -0.275000 -0.327249 0.000000
vt 0.225000 -0.392699 0.000000
vt -0.275000 -0.392699 0.000000
vt 0.225000 -0.458149 0.000000
vt -0.275000 -0.458149 0.000000
vt 0.225000 -0.523599 0.000000
vt -0.275000 -0.523599 0.000000
vt 0.225000 -0.589049 0.000000
vt -0.275000 -0.589049 0.000000
vt 0.225000 -0.654498 0.000000
vt -0.275000 -0.654498 0.000000
vt 0.225000 -0.719948 0.000000
vt -0.275000 -0.719948 0.000000
vt 0.225000 -0.785398 0.000000
vt -0.275000 -0.785398 0.000000
vt 0.225000 0.785398 0.000000
vt -0.275000 0.785398 0.000000
vt 0.225000 0.719948 0.000000
vt -0.275000 0.719948 0.000000
vt 0.225000 0.654498 0.000000
vt -0.275000 0.654498 0.000000
vt 0.225000 0.589049 0.000000
vt -0.275000 0.589049 0.000000
vt 0.225000 0.523599 0.000000
vt -0.275000 0.523599 0.000000
vt 0.225000 0.458149 0.000000
vt -0.275000 0.458149 0.000000
vt 0.225000 0.392699 0.000000
vt -0.275000 0.392699 0.000000
vt 0.225000 0.327249 0.000000
vt -0.275000 0.327249 0.000000
vt 0.225000 0.261799 0.000000
vt -0.275000 0.261799 0.000000
vt 0.225000 0.196350 0.000000
vt -0.275000 0.196350 0.000000
vt 0.225000 0.130900 0.000000
vt -0.275000 0.130900 0.000000
vt 0.225000 0.065450 0.000000
vt -0.275000 0.065450 0.000000
vt 0.225000 0.000000 0.000000
vt -0.275000 -0.000000 0.000000
vt 0.225000 -0.065450 0.000000
vt -0.275000 -0.065450 0.000000
vt 0.225000 -0.130900 0.000000
vt -0.275000 -0.130900 0.000000
vt 0.225000 -0.196350 0.000000
vt -0.275000 -0.196350 0.000000
vt 0.225000 -0.261799 0.000000
vt -0.275000 -0.261799 0.000000
vt 0.225000 -0.327249 0.000000
vt -0.275000 -0.327249 0.000000
vt 0.225000 -0.392699 0.000000
vt -0.275000 -0.392699 0.000000
vt 0.225000 -0.458149 0.000000
vt -0.275000 -0.458149 0.000000
vt 0.225000 -0.523599 0.000000
vt -0.275000 -0.523599 0.000000
vt 0.225000 -0.589049 0.000000
vt -0.275000 -0.589049 0.000000
vt 0.225000 -0.654498 0.000000
vt -0.275000 -0.654498 0.000000
vt 0.225000 -0.719948 0.000000
vt -0.275000 -0.719948 0.000000
vt 0.225000 -0.785398 0.000000
vt -0.275000 -0.785398 0.000000
vt 0.225000 0.785398 0.000000
vt -0.275000 0.785398 0.000000
vt 0.225000 0.719948 0.000000
vt -0.275000 0.719948 0.000000
vt 0.225000 0.654498 0.000000
vt -0.275000 0.654498 0.000000
vt 0.225000 0.589049 0.000000
vt -0.275000 0.589049 0.000000
vt 0.225000 0.523599 0.000000
vt -0.275000 0.523599 0.000000
vt 0.225000 0.458149 0.000000
vt -0.275000 0.458149 0.000000
vt 0.225000 0.392699 0.000000
vt -0.275000 0.392699 0.000000
vt 0.225000 0.327249 0.000000
vt -0.275000 0.327249 0.000000
vt 0.225000 0.261799 0.000000
vt -0.275000 0.261799 0.000000
vt 0.225000 0.196350 0.000000
vt -0.275000 0.196350 0.000000
vt 0.225000 0.130900 0.000000
vt -0.275000 0.130900 0.000000
vt 0.225000 0.065450 0.000000
vt -0.275000 0.065450 0.000000
vt 0.225000 0.000000 0.000000
vt -0.275000 -0.000000 0.000000
vt 0.225000 -0.065450 0.000000
vt -0.275000 -0.065450 0.000000
vt 0.225000 -0.130900 0.000000
vt -0.275000 -0.130900 0.000000
vt 0.225000 -0.196350 0.000000
vt -0.275000 -0.196350 0.000000
vt 0.225000 -0.261799 0.000000
vt -0.275000 -0.261799 0.000000
vt 0.225000 -0.327249 0.000000
vt -0.275000 -0.327249 0.000000
vt 0.225000 -0.392699 0.000000
vt -0.275000 -0.392699 0.000000
vt 0.225000 -0.458149 0.000000
vt -0.275000 -0.458149 0.000000
vt 0.225000 -0.523599 0.000000
vt -0.275000 -0.523599 0.000000
vt 0.225000 -0.589049 0.000000
vt -0.275000 -0.589049 0.000000
vt 0.225000 -0.654498 0.000000
vt -0.275000 -0.654498 0.000000
vt 0.225000 0.000000 0.000000
vt -0.275000 -0.000000 0.000000
vt 0.225000 -0.065450 0.000000
vt -0.275000 -0.065450 0.000000
vt 0.225000 -0.130900 0.000000
vt -0.275000 -0.130900 0.000000
vt 0.225000 -0.196350 0.000000
vt -0.275000 -0.196350 0.000000
vt 0.225000 -0.261799 0.000000
vt -0.275000 -0.261799 0.000000
vt 0.225000 -0.327249 0.000000
vt -0.275000 -0.327249 0.000000
vt 0.225000 -0.392699 0.000000
vt -0.275000 -0.392699 0.000000
vt 0.225000 -0.458149 0.000000
vt -0.275000 -0.458149 0.000000
vt 0.225000 -0.523599 0.000000
vt -0.275000 -0.523599 0.000000
vt 0.225000 -0.589049 0.000000
vt -0.275000 -0.589049 0.000000
vt 0.225000 -0.654498 0.000000
vt -0.275000 -0.654498 0.000000
vt 0.225000 -0.719948 0.000000
vt -0.275000 -0.719948 0.000000
vt 0.225000 -0.785398 0.000000
vt -0.275000 -0.785398 0.000000
vt -0.275000 -0.000000 0.000000
vt 0.225000 0.000000 0.000000
vt -0.275000 0.065450 0.000000
vt 0.225000 0.065450 0.000000
vt -0.275000 0.130900 0.000000
vt 0.225000 0.130900 0.000000
vt -0.275000 0.196350 0.000000
vt 0.225000 0.196350 0.000000
vt -0.275000 0.261799 0.000000
vt 0.225000 0.261799 0.000000
vt -0.275000 0.327249 0.000000
vt 0.225000 0.327249 0.000000
vt -0.275000 0.392699 0.000000
vt 0.225000 0.392699 0.000000
vt -0.275000 0.458149 0.000000
vt 0.225000 0.458149 0.000000
vt -0.275000 0.523599 0.000000
vt 0.225000 0.523599 0.000000
vt -0.275000 0.589049 0.000000
vt 0.225000 0.589049 0.000000
vt -0.275000 0.654498 0.000000
vt 0.225000 0.654498 0.000000
vt -0.275000 0.719948 0.000000
vt 0.225000 0.719948 0.000000
vt -0.275000 0.785398 0.000000
vt 0.225000 0.785398 0.000000
vt 0.000000 0.000000 0.000000
vt 0.499245 0.000000 0.000000
vt 0.000000 0.500000 0.000000
vt 0.499245 0.500000 0.000000
vt -0.000000 0.000000 0.000000
vt 0.600000 0.000000 0.000000
vt 0.000000 0.500000 0.000000
vt 0.600000 0.500000 0.000000
vt 0.000000 0.000000 0.000000
vt 0.499245 0.000000 0.000000
vt 0.000000 0.500000 0.000000
vt 0.499245 0.500000 0.000000
vt 0.000000 -2.658231 0.000000
vt 0.000000 -2.933878 0.000000
vt 0.500000 -2.658231 0.000000
vt 0.500000 -2.933878 0.000000
vt 0.000000 -3.209525 0.000000
vt 0.500000 -3.209525 0.000000
vt 0.000000 -3.485172 0.000000
vt 0.500000 -3.485172 0.000000
vt -0.000000 -3.760819 0.000000
vt 0.500000 -3.760819 0.000000
vt 0.000000 -4.036466 0.000000
vt 0.500000 -4.036466 0.000000
vt -0.000000 -4.312113 0.000000
vt 0.500000 -4.312113 0.000000
vt -0.000000 -4.587760 0.000000
vt 0.500000 -4.587760 0.000000
vt 0.000000 -4.863407 0.000000
vt 0.500000 -4.863407 0.000000
vt 0.000000 -5.139054 0.000000
vt 0.500000 -5.139054 0.000000
vt 0.000000 -5.414701 0.000000
vt 0.500000 -5.414701 0.000000
vt 0.000000 -5.690348 0.000000
vt 0.500000 -5.690348 0.000000
vt 0.000000 -5.965995 0.000000
vt 0.500000 -5.965995 0.000000
vt -0.000000 -6.241642 0.000000
vt 0.500000 -6.241642 0.000000
vt -0.000000 -6.517289 0.000000
vt 0.500000 -6.517289 0.000000
vt -0.000000 -6.792936 0.000000
vt 0.500000 -6.792936 0.000000
vt -0.000000 -7.068583 0.000000
vt 0.500000 -7.068583 0.000000
vt 0.000000 -7.344230 0.000000
vt 0.500000 -7.344230 0.000000
vt -0.000000 -7.619877 0.000000
vt 0.500000 -7.619877 0.000000
vt -0.000000 -7.895524 0.000000
vt 0.500000 -7.895524 0.000000
vt 0.000000 -8.171171 0.000000
vt 0.500000 -8.171171 0.000000
vt 0.000000 -8.446818 0.000000
vt 0.500000 -8.446818 0.000000
vt 0.000000 -8.722466 0.000000
vt 0.500000 -8.722466 0.000000
vt -0.000000 -8.998113 0.000000
vt 0.500000 -8.998113 0.000000
vt 0.000000 -9.273760 0.000000
vt 0.500000 -9.273760 0.000000
vt 0.000000 -9.549407 0.000000
vt 0.500000 -9.549407 0.000000
vt 0.000000 -9.825054 0.000000
vt 0.500000 -9.825054 0.000000
vt 0.000000 -10.100701 0.000000
vt 0.500000 -10.100701 0.000000
vt 0.000000 -10.376348 0.000000
vt 0.500000 -10.376348 0.000000
vt 0.000000 -10.651995 0.000000
vt 0.500000 -10.651995 0.000000
vt 0.000000 -10.927642 0.000000
vt 0.500000 -10.927642 0.000000
vt -0.000000 -11.203289 0.000000
vt 0.500000 -11.203289 0.000000
vt 0.000000 -11.478936 0.000000
vt 0.500000 -11.478936 0.000000
vn -0.250000 0.000000 -0.968246
vn -0.250000 0.000000 -0.968246
vn -0.151028 0.000000 -0.988529
vn -0.151028 0.000000 -0.988529
vn -0.050515 0.000000 -0.998723
vn -0.050515 0.000000 -0.998723
vn 0.050515 -0.000000 -0.998723
vn 0.050515 -0.000000 -0.998723
vn 0.151028 -0.000000 -0.988529
vn 0.151028 -0.000000 -0.988529
vn 0.250000 -0.000000 -0.968246
vn 0.250000 -0.000000 -0.968246
vn 0.968246 -0.000000 -0.250000
vn 0.968246 -0.000000 -0.250000
vn 0.988529 -0.000000 -0.151028
vn 0.988529 -0.000000 -0.151028
vn 0.998723 -0.000000 -0.050515
vn 0.998723 -0.000000 -0.050515
vn 0.998723 -0.000000 0.050515
vn 0.998723 -0.000000 0.050515
vn 0.988529 -0.000000 0.151028
vn 0.988529 -0.000000 0.151028
vn 0.968246 -0.000000 0.250000
vn 0.968246 -0.000000 0.250000
vn -0.968246 -0.000000 0.250000
vn -0.968246 -0.000000 0.250000
vn -0.988529 -0.000000 0.151028
vn -0.988529 -0.000000 0.151028
vn -0.998723 -0.000000 0.050515
vn -0.998723 -0.000000 0.050515
vn -0.998723 0.000000 -0.050515
vn -0.998723 0.000000 -0.050515
vn -0.988529 0.000000 -0.151028
vn -0.988529 0.000000 -0.151028
vn -0.968246 0.000000 -0.250000
vn -0.968246 0.000000 -0.250000
vn 0.250000 -0.000000 0.968246
vn 0.250000 -0.000000 0.968246
vn 0.151028 -0.000000 0.988529
vn 0.151028 -0.000000 0.988529
vn 0.050515 -0.000000 0.998723
vn 0.050515 -0.000000 0.998723
vn -0.050515 -0.000000 0.998723
vn -0.050515 -0.000000 0.998723
vn -0.151028 -0.000000 0.988529
vn -0.151028 -0.000000 0.988529
vn -0.250000 -0.000000 0.968246
vn -0.250000 -0.000000 0.968246
vn 0.882353 -0.000000 -0.470588
vn 0.882353 -0.000000 -0.470588
vn 0.973125 -0.000000 -0.230278
vn 0.973125 -0.000000 -0.230278
vn 0.999682 -0.000000 0.025228
vn 0.999682 -0.000000 0.025228
vn 0.960271 -0.000000 0.279070
vn 0.960271 -0.000000 0.279070
vn 0.857493 -0.000000 0.514496
vn 0.857493 -0.000000 0.514496
vn 0.698130 -0.000000 0.715971
vn 0.698130 -0.000000 0.715971
vn 0.492699 -0.000000 0.870200
vn 0.492699 -0.000000 0.870200
vn 0.254755 -0.000000 0.967006
vn 0.254755 -0.000000 0.967006
vn 0.000000 -0.000000 1.000000
vn 0.000000 -0.000000 1.000000
vn 0.000000 -0.000000 1.000000
vn 0.000000 -0.000000 1.000000
vn 0.254755 -0.000000 0.967006
vn 0.254755 -0.000000 0.967006
vn 0.492699 -0.000000 0.870200
vn 0.492699 -0.000000 0.870200
vn 0.698130 -0.000000 0.715971
vn 0.698130 -0.000000 0.715971
vn 0.857493 -0.000000 0.514496
vn 0.857493 -0.000000 0.514496
vn 0.960271 -0.000000 0.279070
vn 0.960271 -0.000000 0.279070
vn 0.999682 -0.000000 0.025228
vn 0.999682 -0.000000 0.025228
vn 0.973125 0.000000 -0.230278
vn 0.973125 0.000000 -0.230278
vn -0.882353 -0.000000 0.470588
vn -0.882353 -0.000000 0.470588
vn -0.973125 -0.000000 0.230278
vn -0.973125 -0.000000 0.230278
vn -0.999682 0.000000 -0.025228
vn -0.999682 0.000000 -0.025228
vn -0.960271 0.000000 -0.279070
vn -0.960271 0.000000 -0.279070
vn -0.857493 0.000000 -0.514496
vn -0.857493 0.000000 -0.514496
vn -0.698130 0.000000 -0.715971
vn -0.698130 0.000000 -0.715971
vn -0.492699 0.000000 -0.870200
vn -0.492699 0.000000 -0.870200
vn -0.254755 0.000000 -0.967006
vn -0.254755 0.000000 -0.967006
vn -0.000000 0.000000 -1.000000
vn -0.000000 0.000000 -1.000000
vn -0.000000 0.000000 -1.000000
vn -0.000000 0.000000 -1.000000
vn -0.254755 0.000000 -0.967006
vn -0.254755 0.000000 -0.967006
vn -0.492699 0.000000 -0.870200
vn -0.492699 0.000000 -0.870200
vn -0.698130 0.000000 -0.715971
vn -0.698130 0.000000 -0.715971
vn -0.857493 0.000000 -0.514496
vn -0.857493 0.000000 -0.514496
vn -0.960271 0.000000 -0.279070
vn -0.960271 0.000000 -0.279070
vn -0.999682 0.000000 -0.025228
vn -0.999682 0.000000 -0.025228
vn -0.973125 0.000000 0.230278
vn -0.973125 0.000000 0.230278
vn 0.470588 -0.000000 0.882353
vn 0.470588 -0.000000 0.882353
vn 0.230277 -0.000000 0.973125
vn 0.230277 -0.000000 0.973125
vn -0.025229 -0.000000 0.999682
vn -0.025229 -0.000000 0.999682
vn -0.279070 -0.000000 0.960271
vn -0.279070 -0.000000 0.960271
vn -0.514496 -0.000000 0.857493
vn -0.514496 -0.000000 0.857493
vn -0.715971 -0.000000 0.698130
vn -0.715971 -0.000000 0.698130
vn -0.870200 -0.000000 0.492699
vn -0.870200 -0.000000 0.492699
vn -0.967006 -0.000000 0.254755
vn -0.967006 -0.000000 0.254755
vn -1.000000 0.000000 -0.000000
vn -1.000000 0.000000 -0.000000
vn -1.000000 0.000000 0.000000
vn -1.000000 0.000000 0.000000
vn -0.967006 0.000000 0.254755
vn -0.967006 0.000000 0.254755
vn -0.870200 0.000000 0.492699
vn -0.870200 0.000000 0.492699
vn -0.715970 0.000000 0.698131
vn -0.715970 0.000000 0.698131
vn -0.514495 0.000000 0.857493
vn -0.514495 0.000000 0.857493
vn -0.279069 0.000000 0.960271
vn -0.279069 0.000000 0.960271
vn -0.025227 0.000000 0.999682
vn -0.025227 0.000000 0.999682
vn 0.230279 -0.000000 0.973125
vn 0.230279 -0.000000 0.973125
vn 0.470589 -0.000000 0.882352
vn 0.470589 -0.000000 0.882352
vn -0.470588 0.000000 -0.882353
vn -0.470588 0.000000 -0.882353
vn -0.230278 0.000000 -0.973125
vn -0.230278 0.000000 -0.973125
vn 0.025228 -0.000000 -0.999682
vn 0.025228 -0.000000 -0.999682
vn 0.279070 -0.000000 -0.960271
vn 0.279070 -0.000000 -0.960271
vn 0.514496 -0.000000 -0.857493
vn 0.514496 -0.000000 -0.857493
vn 0.715971 -0.000000 -0.698130
vn 0.715971 -0.000000 -0.698130
vn 0.870200 -0.000000 -0.492699
vn 0.870200 -0.000000 -0.492699
vn 0.967006 -0.000000 -0.254755
vn 0.967006 -0.000000 -0.254755
vn 1.000000 -0.000000 -0.000000
vn 1.000000 -0.000000 -0.000000
vn 1.000000 -0.000000 0.000000
vn 1.000000 -0.000000 0.000000
vn 0.967006 0.000000 -0.254755
vn 0.967006 0.000000 -0.254755
vn 0.870200 0.000000 -0.492699
vn 0.870200 0.000000 -0.492699
vn 0.715971 0.000000 -0.698130
vn 0.715971 0.000000 -0.698130
vn 0.514496 0.000000 -0.857493
vn 0.514496 0.000000 -0.857493
vn 0.279070 0.000000 -0.960271
vn 0.279070 0.000000 -0.960271
vn 0.025228 0.000000 -0.999682
vn 0.025228 0.000000 -0.999682
vn -0.230278 0.000000 -0.973125
vn -0.230278 0.000000 -0.973125
vn -0.000000 -1.000000 -0.000000
vn -0.000000 -1.000000 -0.000000
vn -0.000000 -1.000000 -0.000000
vn -0.000000 -1.000000 -0.000000
vn -0.000000 -1.000000 -0.000000
vn -0.000000 -1.000000 -0.000000
vn -0.000000 -1.000000 -0.000000
vn -0.000000 -1.000000 -0.000000
vn -0.000000 -1.000000 -0.000000
vn -0.000000 -1.000000 -0.000000
vn -0.000000 -1.000000 -0.000000
vn -0.000000 -1.000000 -0.000000
vn -0.000000 -1.000000 -0.000000
vn -0.000000 -1.000000 -0.000000
vn -0.000000 -1.000000 -0.000000
vn -0.000000 -1.000000 -0.000000
vn -0.000000 -1.000000 -0.000000
vn -0.000000 -1.000000 -0.000000
vn -0.000000 -1.000000 -0.000000
vn -0.000000 -1.000000 -0.000000
vn -0.000000 -1.000000 -0.000000
vn -0.000000 -1.000000 -0.000000
vn -0.000000 -1.000000 -0.000000
vn -0.000000 -1.000000 -0.000000
vn -0.000000 -1.000000 -0.000000
vn -0.000000 -1.000000 -0.000000
vn -0.000000 -1.000000 -0.000000
vn -0.000000 -1.000000 -0.000000
vn -0.000000 -1.000000 -0.000000
vn -0.000000 -1.000000 -0.000000
vn -0.000000 -1.000000 -0.000000
vn -0.000000 -1.000000 -0.000000
vn -0.000000 -1.000000 -0.000000
vn -0.000000 -1.000000 -0.000000
vn -0.000000 -1.000000 -0.000000
vn -0.000000 -1.000000 -0.000000
vn -0.000000 -1.000000 -0.000000
vn -0.000000 -1.000000 -0.000000
vn -0.000000 -1.000000 -0.000000
vn -0.000000 -1.000000 -0.000000
vn -0.000000 -1.000000 -0.000000
vn -0.000000 -1.000000 -0.000000
vn -0.000000 -1.000000 -0.000000
vn -0.000000 -1.000000 -0.000000
vn -0.000000 -1.000000 -0.000000
vn -0.000000 -1.000000 -0.000000
vn -0.000000 -1.000000 -0.000000
vn -0.000000 -1.000000 -0.000000
vn -0.000000 -1.000000 -0.000000
vn -0.000000 -1.000000 -0.000000
vn -0.000000 -1.000000 -0.000000
vn -0.000000 -1.000000 -0.000000
vn -0.000000 -1.000000 -0.000000
vn -0.000000 -1.000000 -0.000000
vn -0.000000 -1.000000 -0.000000
vn -0.000000 -1.000000 -0.000000
vn -0.000000 -1.000000 -0.000000
vn -0.000000 -1.000000 -0.000000
vn -0.000000 -1.000000 -0.000000
vn -0.000000 -1.000000 -0.000000
vn -0.000000 -1.000000 -0.000000
vn -0.000000 -1.000000 -0.000000
vn -0.000000 -1.000000 -0.000000
vn -0.000000 -1.000000 -0.000000
vn -0.000000 -1.000000 -0.000000
vn -0.000000 -1.000000 -0.000000
vn -0.000000 -1.000000 -0.000000
vn -0.000000 -1.000000 -0.000000
vn -0.000000 -1.000000 -0.000000
vn -0.000000 -1.000000 -0.000000
vn -0.000000 -1.000000 -0.000000
vn -0.000000 -1.000000 -0.000000
vn -0.000000 -1.000000 -0.000000
vn -0.000000 -1.000000 -0.000000
vn -0.000000 -1.000000 -0.000000
vn -0.000000 -1.000000 -0.000000
vn -0.000000 -1.000000 -0.000000
vn -0.000000 -1.000000 -0.000000
vn -0.000000 -1.000000 -0.000000
vn -0.000000 -1.000000 -0.000000
vn -0.000000 -1.000000 -0.000000
vn -0.000000 -1.000000 -0.000000
vn -0.000000 -1.000000 -0.000000
vn -0.000000 -1.000000 -0.000000
vn -0.000000 -1.000000 -0.000000
vn -0.000000 -1.000000 -0.000000
vn -0.000000 -1.000000 -0.000000
vn -0.000000 -1.000000 -0.000000
vn -0.000000 -1.000000 -0.000000
vn -0.000000 -1.000000 -0.000000
vn -0.000000 -1.000000 -0.000000
vn -0.000000 -1.000000 -0.000000
vn -0.000000 -1.000000 -0.000000
vn -0.000000 -1.000000 -0.000000
vn -0.000000 -1.000000 -0.000000
vn -0.000000 -1.000000 -0.000000
vn -0.000000 -1.000000 -0.000000
vn -0.000000 -1.000000 -0.000000
vn -0.000000 -1.000000 -0.000000
vn -0.000000 -1.000000 -0.000000
vn -0.000000 -1.000000 -0.000000
vn -0.000000 -1.000000 -0.000000
vn -0.000000 -1.000000 -0.000000
vn -0.000000 -1.000000 -0.000000
vn -0.000000 -1.000000 -0.000000
vn -0.000000 -1.000000 -0.000000
vn -0.000000 -1.000000 -0.000000
vn -0.000000 -1.000000 -0.000000
vn -0.000000 -1.000000 -0.000000
vn -0.000000 -1.000000 -0.000000
vn -0.000000 -1.000000 -0.000000
vn -0.000000 -1.000000 -0.000000
vn -0.000000 -1.000000 -0.000000
vn -0.000000 -1.000000 -0.000000
vn -0.000000 -1.000000 -0.000000
vn -0.000000 -1.000000 -0.000000
vn -0.000000 -1.000000 -0.000000
vn -0.000000 -1.000000 -0.000000
vn -0.000000 -1.000000 -0.000000
vn -0.000000 -1.000000 -0.000000
vn -0.000000 -1.000000 -0.000000
vn -0.000000 -1.000000 -0.000000
vn -0.000000 -1.000000 -0.000000
vn -0.000000 -1.000000 -0.000000
vn -0.000000 -1.000000 -0.000000
vn -0.000000 -1.000000 -0.000000
vn -0.000000 -1.000000 -0.000000
vn -0.000000 -1.000000 -0.000000
vn -0.000000 -1.000000 -0.000000
vn -0.000000 -1.000000 -0.000000
vn -0.000000 -1.000000 -0.000000
vn -0.000000 -1.000000 -0.000000
vn -0.000000 -1.000000 -0.000000
vn -0.000000 -1.000000 -0.000000
vn -0.000000 -1.000000 -0.000000
vn -0.000000 -1.000000 -0.000000
vn -0.000000 -1.000000 -0.000000
vn -0.000000 -1.000000 -0.000000
vn -0.000000 -1.000000 -0.000000
vn -0.000000 -1.000000 -0.000000
vn -0.000000 -1.000000 -0.000000
vn -0.000000 -1.000000 -0.000000
vn -0.000000 -1.000000 -0.000000
vn -0.000000 -1.000000 -0.000000
vn -0.000000 -1.000000 -0.000000
vn -0.000000 -1.000000 -0.000000
vn -0.000000 -1.000000 -0.000000
vn -0.000000 -1.000000 -0.000000
vn -0.000000 -1.000000 -0.000000
vn -0.000000 -1.000000 -0.000000
vn -0.000000 -1.000000 -0.000000
vn -0.000000 -1.000000 -0.000000
vn -0.000000 -1.000000 -0.000000
vn -0.000000 -1.000000 -0.000000
vn -0.000000 -1.000000 -0.000000
vn -0.000000 -1.000000 -0.000000
vn -0.000000 -1.000000 -0.000000
vn -0.000000 -1.000000 -0.000000
vn -0.000000 -1.000000 -0.000000
vn -0.000000 -1.000000 -0.000000
vn -0.000000 -1.000000 -0.000000
vn -0.000000 -1.000000 -0.000000
vn -0.000000 -1.000000 -0.000000
vn -0.000000 -1.000000 -0.000000
vn -0.000000 -1.000000 -0.000000
vn -0.000000 -1.000000 -0.000000
vn -0.000000 -1.000000 -0.000000
vn -0.000000 -1.000000 -0.000000
vn -0.000000 -1.000000 -0.000000
vn -0.000000 -1.000000 -0.000000
vn -0.000000 -1.000000 -0.000000
vn -0.000000 -1.000000 -0.000000
vn -0.000000 -1.000000 -0.000000
vn -0.000000 -1.000000 -0.000000
vn -0.000000 -1.000000 -0.000000
vn -0.000000 -1.000000 -0.000000
vn -0.000000 -1.000000 -0.000000
vn -0.000000 -1.000000 -0.000000
vn -0.000000 -1.000000 -0.000000
vn -0.000000 -1.000000 -0.000000
vn -0.000000 -1.000000 -0.000000
vn -0.000000 -1.000000 -0.000000
vn -0.000000 -1.000000 -0.000000
vn -0.000000 -1.000000 -0.000000
vn -0.000000 -1.000000 -0.000000
vn -0.000000 -1.000000 -0.000000
vn -0.000000 -1.000000 -0.000000
vn -0.000000 -1.000000 -0.000000
vn -0.000000 -1.000000 -0.000000
vn -0.000000 -1.000000 -0.000000
vn -0.000000 -1.000000 -0.000000
vn -0.000000 -1.000000 -0.000000
vn -0.000000 -1.000000 -0.000000
vn -0.000000 -1.000000 -0.000000
vn -0.000000 -1.000000 -0.000000
vn -0.000000 -1.000000 -0.000000
vn -0.000000 -1.000000 -0.000000
vn -0.000000 -1.000000 -0.000000
vn -0.000000 -1.000000 -0.000000
vn -0.000000 -1.000000 -0.000000
vn -0.000000 -1.000000 -0.000000
vn -0.000000 -1.000000 -0.000000
vn -0.000000 -1.000000 -0.000000
vn -0.000000 -1.000000 -0.000000
vn -0.000000 -1.000000 -0.000000
vn -0.000000 -1.000000 -0.000000
vn -0.000000 -1.000000 -0.000000
vn -0.000000 -1.000000 -0.000000
vn -0.000000 -1.000000 -0.000000
vn -0.000000 -1.000000 -0.000000
vn -0.000000 -1.000000 -0.000000
vn -0.000000 -1.000000 -0.000000
vn -0.000000 -1.000000 -0.000000
vn -0.000000 -1.000000 -0.000000
vn -0.000000 -1.000000 -0.000000
vn -0.000000 -1.000000 -0.000000
vn -0.000000 -1.000000 -0.000000
vn -0.000000 -1.000000 -0.000000
vn -0.000000 -1.000000 -0.000000
vn -0.000000 -1.000000 -0.000000
vn -0.000000 -1.000000 -0.000000
vn -0.000000 -1.000000 -0.000000
vn -0.000000 -1.000000 -0.000000
vn -0.000000 -1.000000 -0.000000
vn -0.000000 -1.000000 -0.000000
vn -0.000000 -1.000000 -0.000000
vn -0.000000 -1.000000 -0.000000
vn -0.000000 -1.000000 -0.000000
vn -0.000000 -1.000000 -0.000000
vn -0.000000 -1.000000 -0.000000
vn -0.000000 -1.000000 -0.000000
vn -0.000000 -1.000000 -0.000000
vn -0.000000 -1.000000 -0.000000
vn -0.000000 -1.000000 -0.000000
vn -0.000000 -1.000000 -0.000000
vn -0.000000 -1.000000 -0.000000
vn -0.000000 -1.000000 -0.000000
vn -0.000000 -1.000000 -0.000000
vn -0.000000 -1.000000 -0.000000
vn -0.000000 -1.000000 -0.000000
vn -0.000000 -1.000000 -0.000000
vn -0.000000 -1.000000 -0.000000
vn -0.000000 -1.000000 -0.000000
vn -0.000000 -1.000000 -0.000000
vn -0.000000 -1.000000 -0.000000
vn -0.000000 -1.000000 -0.000000
vn -0.000000 -1.000000 -0.000000
vn -0.000000 -1.000000 -0.000000
vn -0.000000 -1.000000 -0.000000
vn -0.000000 -1.000000 -0.000000
vn -0.000000 -1.000000 -0.000000
vn -0.000000 -1.000000 -0.000000
vn -0.000000 -1.000000 -0.000000
vn -0.000000 -1.000000 -0.000000
vn -0.000000 -1.000000 -0.000000
vn -0.000000 -1.000000 -0.000000
vn -0.000000 -1.000000 -0.000000
vn -0.000000 -1.000000 -0.000000
vn -0.000000 -1.000000 -0.000000
vn -0.000000 -1.000000 -0.000000
vn -0.000000 -1.000000 -0.000000
vn -0.000000 -1.000000 -0.000000
vn -0.000000 -1.000000 -0.000000
vn 0.000000 1.000000 0.000000
vn 0.000000 1.000000 0.000000
vn 0.000000 1.000000 0.000000
vn 0.000000 1.000000 0.000000
vn 0.000000 1.000000 0.000000
vn 0.000000 1.000000 0.000000
vn 0.000000 1.000000 0.000000
vn 0.000000 1.000000 0.000000
vn 0.000000 1.000000 0.000000
vn 0.000000 1.000000 0.000000
vn 0.000000 1.000000 0.000000
vn 0.000000 1.000000 0.000000
vn 0.000000 1.000000 0.000000
vn 0.000000 1.000000 0.000000
vn 0.000000 1.000000 0.000000
vn 0.000000 1.000000 0.000000
vn 0.000000 1.000000 0.000000
vn 0.000000 1.000000 0.000000
vn 0.000000 1.000000 0.000000
vn 0.000000 1.000000 0.000000
vn 0.000000 1.000000 0.000000
vn 0.000000 1.000000 0.000000
vn 0.000000 1.000000 0.000000
vn 0.000000 1.000000 0.000000
vn 0.000000 1.000000 0.000000
vn 0.000000 1.000000 0.000000
vn 0.000000 1.000000 0.000000
vn 0.000000 1.000000 0.000000
vn 0.000000 1.000000 0.000000
vn 0.000000 1.000000 0.000000
vn 0.000000 1.000000 0.000000
vn 0.000000 1.000000 0.000000
vn 0.000000 1.000000 0.000000
vn 0.000000 1.000000 0.000000
vn 0.000000 1.000000 0.000000
vn 0.000000 1.000000 0.000000
vn 0.000000 1.000000 0.000000
vn 0.000000 1.000000 0.000000
vn 0.000000 1.000000 0.000000
vn 0.000000 1.000000 0.000000
vn 0.000000 1.000000 0.000000
vn 0.000000 1.000000 0.000000
vn 0.000000 1.000000 0.000000
vn 0.000000 1.000000 0.000000
vn 0.000000 1.000000 0.000000
vn 0.000000 1.000000 0.000000
vn 0.000000 1.000000 0.000000
vn 0.000000 1.000000 0.000000
vn 0.000000 1.000000 0.000000
vn 0.000000 1.000000 0.000000
vn 0.000000 1.000000 0.000000
vn 0.000000 1.000000 0.000000
vn 0.000000 1.000000 0.000000
vn 0.000000 1.000000 0.000000
vn 0.000000 1.000000 0.000000
vn 0.000000 1.000000 0.000000
vn 0.000000 1.000000 0.000000
vn 0.000000 1.000000 0.000000
vn 0.000000 1.000000 0.000000
vn 0.000000 1.000000 0.000000
vn 0.000000 1.000000 0.000000
vn 0.000000 1.000000 0.000000
vn 0.000000 1.000000 0.000000
vn 0.000000 1.000000 0.000000
vn 0.000000 1.000000 0.000000
vn 0.000000 1.000000 0.000000
vn 0.000000 1.000000 0.000000
vn 0.000000 1.000000 0.000000
vn 0.000000 1.000000 0.000000
vn 0.000000 1.000000 0.000000
vn 0.000000 1.000000 0.000000
vn 0.000000 1.000000 0.000000
vn 0.000000 1.000000 0.000000
vn 0.000000 1.000000 0.000000
vn 0.000000 1.000000 0.000000
vn 0.000000 1.000000 0.000000
vn 0.000000 1.000000 0.000000
vn 0.000000 1.000000 0.000000
vn 0.000000 1.000000 0.000000
vn 0.000000 1.000000 0.000000
vn 0.000000 1.000000 0.000000
vn 0.000000 1.000000 0.000000
vn 0.000000 1.000000 0.000000
vn 0.000000 1.000000 0.000000
vn 0.000000 1.000000 0.000000
vn 0.000000 1.000000 0.000000
vn 0.000000 1.000000 0.000000
vn 0.000000 1.000000 0.000000
vn 0.000000 1.000000 0.000000
vn 0.000000 1.000000 0.000000
vn 0.000000 1.000000 0.000000
vn 0.000000 1.000000 0.000000
vn 0.000000 1.000000 0.000000
vn 0.000000 1.000000 0.000000
vn 0.000000 1.000000 0.000000
vn 0.000000 1.000000 0.000000
vn 0.000000 1.000000 0.000000
vn 0.000000 1.000000 0.000000
vn 0.000000 1.000000 0.000000
vn 0.000000 1.000000 0.000000
vn 0.000000 1.000000 0.000000
vn 0.000000 1.000000 0.000000
vn 0.000000 1.000000 0.000000
vn 0.000000 1.000000 0.000000
vn 0.000000 1.000000 0.000000
vn 0.000000 1.000000 0.000000
vn 0.000000 1.000000 0.000000
vn 0.000000 1.000000 0.000000
vn 0.000000 1.000000 0.000000
vn 0.000000 1.000000 0.000000
vn 0.000000 1.000000 0.000000
vn 0.000000 1.000000 0.000000
vn 0.000000 1.000000 0.000000
vn 0.000000 1.000000 0.000000
vn 0.000000 1.000000 0.000000
vn 0.000000 1.000000 0.000000
vn 0.000000 1.000000 0.000000
vn 0.000000 1.000000 0.000000
vn 0.000000 1.000000 0.000000
vn 0.000000 1.000000 0.000000
vn 0.000000 1.000000 0.000000
vn 0.000000 1.000000 0.000000
vn 0.000000 1.000000 0.000000
vn 0.000000 1.000000 0.000000
vn 0.000000 1.000000 0.000000
vn 0.000000 1.000000 0.000000
vn 0.000000 1.000000 0.000000
vn 0.000000 1.000000 0.000000
vn 0.000000 1.000000 0.000000
vn 0.000000 1.000000 0.000000
vn 0.000000 1.000000 0.000000
vn 0.000000 1.000000 0.000000
vn 0.000000 1.000000 0.000000
vn 0.000000 1.000000 0.000000
vn 0.000000 1.000000 0.000000
vn 0.000000 1.000000 0.000000
vn 0.000000 1.000000 0.000000
vn 0.000000 1.000000 0.000000
vn 0.000000 1.000000 0.000000
vn 0.000000 1.000000 0.000000
vn 0.000000 1.000000 0.000000
vn 0.000000 1.000000 0.000000
vn 0.000000 1.000000 0.000000
vn 0.000000 1.000000 0.000000
vn 0.000000 1.000000 0.000000
vn 0.000000 1.000000 0.000000
vn 0.000000 1.000000 0.000000
vn 0.000000 1.000000 0.000000
vn 0.000000 1.000000 0.000000
vn 0.000000 1.000000 0.000000
vn 0.000000 1.000000 0.000000
vn 0.000000 1.000000 0.000000
vn 0.000000 1.000000 0.000000
vn 0.000000 1.000000 0.000000
vn 0.000000 1.000000 0.000000
vn 0.000000 1.000000 0.000000
vn 0.000000 1.000000 0.000000
vn 0.000000 1.000000 0.000000
vn 0.000000 1.000000 0.000000
vn 0.000000 1.000000 0.000000
vn 0.000000 1.000000 0.000000
vn 0.000000 1.000000 0.000000
vn 0.000000 1.000000 0.000000
vn 0.000000 1.000000 0.000000
vn 0.000000 1.000000 0.000000
vn 0.000000 1.000000 0.000000
vn 0.000000 1.000000 0.000000
vn 0.000000 1.000000 0.000000
vn 0.000000 1.000000 0.000000
vn 0.000000 1.000000 0.000000
vn 0.000000 1.000000 0.000000
vn 0.000000 1.000000 0.000000
vn 0.000000 1.000000 0.000000
vn 0.000000 1.000000 0.000000
vn 0.000000 1.000000 0.000000
vn 0.000000 1.000000 0.000000
vn 0.000000 1.000000 0.000000
vn 0.000000 1.000000 0.000000
vn 0.000000 1.000000 0.000000
vn 0.000000 1.000000 0.000000
vn 0.000000 1.000000 0.000000
vn 0.000000 1.000000 0.000000
vn 0.000000 1.000000 0.000000
vn 0.000000 1.000000 0.000000
vn 0.000000 1.000000 0.000000
vn 0.000000 1.000000 0.000000
vn 0.000000 1.000000 0.000000
vn 0.000000 1.000000 0.000000
vn 0.000000 1.000000 0.000000
vn 0.000000 1.000000 0.000000
vn 0.000000 1.000000 0.000000
vn 0.000000 1.000000 0.000000
vn 0.000000 1.000000 0.000000
vn 0.000000 1.000000 0.000000
vn 0.000000 1.000000 0.000000
vn 0.000000 1.000000 0.000000
vn 0.000000 1.000000 0.000000
vn 0.000000 1.000000 0.000000
vn 0.000000 1.000000 0.000000
vn 0.000000 1.000000 0.000000
vn 0.000000 1.000000 0.000000
vn 0.000000 1.000000 0.000000
vn 0.000000 1.000000 0.000000
vn 0.000000 1.000000 0.000000
vn 0.000000 1.000000 0.000000
vn 0.000000 1.000000 0.000000
vn 0.000000 1.000000 0.000000
vn 0.000000 1.000000 0.000000
vn 0.000000 1.000000 0.000000
vn 0.000000 1.000000 0.000000
vn 0.000000 1.000000 0.000000
vn 0.000000 1.000000 0.000000
vn 0.000000 1.000000 0.000000
vn 0.000000 1.000000 0.000000
vn 0.000000 1.000000 0.000000
vn 0.000000 1.000000 0.000000
vn 0.000000 1.000000 0.000000
vn 0.000000 1.000000 0.000000
vn 0.000000 1.000000 0.000000
vn 0.000000 1.000000 0.000000
vn 0.000000 1.000000 0.000000
vn 0.000000 1.000000 0.000000
vn 0.000000 1.000000 0.000000
vn 0.000000 1.000000 0.000000
vn 0.000000 1.000000 0.000000
vn 0.000000 1.000000 0.000000
vn 0.000000 1.000000 0.000000
vn 0.000000 1.000000 0.000000
vn 0.000000 1.000000 0.000000
vn 0.000000 1.000000 0.000000
vn 0.000000 1.000000 0.000000
vn 0.000000 1.000000 0.000000
vn 0.000000 1.000000 0.000000
vn 0.000000 1.000000 0.000000
vn 0.000000 1.000000 0.000000
vn 0.000000 1.000000 0.000000
vn 0.000000 1.000000 0.000000
vn 0.000000 1.000000 0.000000
vn 0.000000 1.000000 0.000000
vn 0.000000 1.000000 0.000000
vn 0.000000 1.000000 0.000000
vn 0.000000 1.000000 0.000000
vn 0.000000 1.000000 0.000000
vn 0.000000 1.000000 0.000000
vn 0.000000 1.000000 0.000000
vn 0.000000 1.000000 0.000000
vn 0.000000 1.000000 0.000000
vn 0.000000 1.000000 0.000000
vn 0.000000 1.000000 0.000000
vn 0.000000 1.000000 0.000000
vn 0.000000 1.000000 0.000000
vn 0.000000 1.000000 0.000000
vn 0.000000 1.000000 0.000000
vn 0.000000 1.000000 0.000000
vn 0.000000 1.000000 0.000000
vn 0.000000 1.000000 0.000000
vn 0.000000 1.000000 0.000000
vn 0.000000 1.000000 0.000000
vn 0.000000 1.000000 0.000000
vn 0.000000 1.000000 0.000000
vn 0.000000 1.000000 0.000000
vn 0.000000 1.000000 0.000000
vn 0.000000 1.000000 0.000000
vn 1.000000 -0.000000 0.000000
vn 1.000000 -0.000000 0.000000
vn 0.965926 0.000000 -0.258819
vn 0.965926 0.000000 -0.258819
vn 0.866025 0.000000 -0.500000
vn 0.866025 0.000000 -0.500000
vn 0.707107 0.000000 -0.707107
vn 0.707107 0.000000 -0.707107
vn 0.500000 0.000000 -0.866025
vn 0.500000 0.000000 -0.866025
vn 0.258819 0.000000 -0.965926
vn 0.258819 0.000000 -0.965926
vn 0.000000 0.000000 -1.000000
vn 0.000000 0.000000 -1.000000
vn -0.258819 0.000000 -0.965926
vn -0.258819 0.000000 -0.965926
vn -0.500000 0.000000 -0.866025
vn -0.500000 0.000000 -0.866025
vn -0.707107 0.000000 -0.707107
vn -0.707107 0.000000 -0.707107
vn -0.866025 0.000000 -0.500000
vn -0.866025 0.000000 -0.500000
vn -0.965926 0.000000 -0.258819
vn -0.965926 0.000000 -0.258819
vn -1.000000 0.000000 -0.000000
vn -1.000000 0.000000 -0.000000
vn 1.000000 -0.000000 0.000000
vn 1.000000 -0.000000 0.000000
vn 0.965926 -0.000000 0.258819
vn 0.965926 -0.000000 0.258819
vn 0.866025 -0.000000 0.500000
vn 0.866025 -0.000000 0.500000
vn 0.707107 -0.000000 0.707107
vn 0.707107 -0.000000 0.707107
vn 0.500000 -0.000000 0.866025
vn 0.500000 -0.000000 0.866025
vn 0.258819 -0.000000 0.965926
vn 0.258819 -0.000000 0.965926
vn 0.000000 -0.000000 1.000000
vn 0.000000 -0.000000 1.000000
vn -0.258819 0.000000 0.965926
vn -0.258819 0.000000 0.965926
vn -0.500000 0.000000 0.866025
vn -0.500000 0.000000 0.866025
vn -0.707107 0.000000 0.707107
vn -0.707107 0.000000 0.707107
vn -0.866025 0.000000 0.500000
vn -0.866025 0.000000 0.500000
vn -0.965926 0.000000 0.258819
vn -0.965926 0.000000 0.258819
vn -1.000000 0.000000 0.000000
vn -1.000000 0.000000 0.000000
vn -0.258819 0.000000 -0.965926
vn -0.258819 0.000000 -0.965926
vn -0.000000 0.000000 -1.000000
vn -0.000000 0.000000 -1.000000
vn 0.258819 0.000000 -0.965926
vn 0.258819 0.000000 -0.965926
vn 0.500000 0.000000 -0.866025
vn 0.500000 0.000000 -0.866025
vn 0.707107 0.000000 -0.707107
vn 0.707107 0.000000 -0.707107
vn 0.866025 0.000000 -0.500000
vn 0.866025 0.000000 -0.500000
vn 0.965926 0.000000 -0.258819
vn 0.965926 0.000000 -0.258819
vn 1.000000 -0.000000 0.000000
vn 1.000000 -0.000000 0.000000
vn 0.965926 -0.000000 0.258819
vn 0.965926 -0.000000 0.258819
vn 0.866025 -0.000000 0.500000
vn 0.866025 -0.000000 0.500000
vn 0.707107 -0.000000 0.707107
vn 0.707107 -0.000000 0.707107
vn 0.500000 -0.000000 0.866025
vn 0.500000 -0.000000 0.866025
vn 0.258819 -0.000000 0.965926
vn 0.258819 -0.000000 0.965926
vn 0.000000 -0.000000 1.000000
vn 0.000000 -0.000000 1.000000
vn -0.258819 0.000000 0.965926
vn -0.258819 0.000000 0.965926
vn -0.500000 0.000000 0.866025
vn -0.500000 0.000000 0.866025
vn -0.707107 0.000000 0.707107
vn -0.707107 0.000000 0.707107
vn -0.866025 0.000000 0.500000
vn -0.866025 0.000000 0.500000
vn -0.965926 0.000000 0.258819
vn -0.965926 0.000000 0.258819
vn -1.000000 0.000000 0.000000
vn -1.000000 0.000000 0.000000
vn -0.965926 0.000000 -0.258819
vn -0.965926 0.000000 -0.258819
vn -0.866025 0.000000 -0.500000
vn -0.866025 0.000000 -0.500000
vn -0.707107 0.000000 -0.707107
vn -0.707107 0.000000 -0.707107
vn -0.500000 0.000000 -0.866025
vn -0.500000 0.000000 -0.866025
vn -0.258819 0.000000 -0.965926
vn -0.258819 0.000000 -0.965926
vn -0.000000 0.000000 -1.000000
vn -0.000000 0.000000 -1.000000
vn 0.258819 0.000000 -0.965926
vn 0.258819 0.000000 -0.965926
vn 0.500000 0.000000 -0.866025
vn 0.500000 0.000000 -0.866025
vn 0.707107 0.000000 -0.707107
vn 0.707107 0.000000 -0.707107
vn 0.866025 0.000000 -0.500000
vn 0.866025 0.000000 -0.500000
vn 0.965926 0.000000 -0.258819
vn 0.965926 0.000000 -0.258819
vn 1.000000 -0.000000 0.000000
vn 1.000000 -0.000000 0.000000
vn 0.965926 -0.000000 0.258819
vn 0.965926 -0.000000 0.258819
vn 0.866025 -0.000000 0.500000
vn 0.866025 -0.000000 0.500000
vn 0.707107 -0.000000 0.707107
vn 0.707107 -0.000000 0.707107
vn 0.500000 -0.000000 0.866025
vn 0.500000 -0.000000 0.866025
vn 0.258819 -0.000000 0.965926
vn 0.258819 -0.000000 0.965926
vn 0.000000 -0.000000 1.000000
vn 0.000000 -0.000000 1.000000
vn -0.258819 0.000000 0.965926
vn -0.258819 0.000000 0.965926
vn -0.500000 0.000000 0.866025
vn -0.500000 0.000000 0.866025
vn -0.707107 0.000000 0.707107
vn -0.707107 0.000000 0.707107
vn -0.866025 0.000000 0.500000
vn -0.866025 0.000000 0.500000
vn -0.965926 0.000000 0.258819
vn -0.965926 0.000000 0.258819
vn -1.000000 0.000000 0.000000
vn -1.000000 0.000000 0.000000
vn -0.965926 0.000000 -0.258819
vn -0.965926 0.000000 -0.258819
vn -0.866025 0.000000 -0.500000
vn -0.866025 0.000000 -0.500000
vn -0.707107 0.000000 -0.707107
vn -0.707107 0.000000 -0.707107
vn -0.500000 0.000000 -0.866025
vn -0.500000 0.000000 -0.866025
vn -0.258819 0.000000 -0.965926
vn -0.258819 0.000000 -0.965926
vn -0.000000 0.000000 -1.000000
vn -0.000000 0.000000 -1.000000
vn 0.258819 0.000000 -0.965926
vn 0.258819 0.000000 -0.965926
vn 0.500000 0.000000 -0.866025
vn 0.500000 0.000000 -0.866025
vn 0.707107 0.000000 -0.707107
vn 0.707107 0.000000 -0.707107
vn 0.866025 0.000000 -0.500000
vn 0.866025 0.000000 -0.500000
vn 0.965926 0.000000 -0.258819
vn 0.965926 0.000000 -0.258819
vn 1.000000 -0.000000 0.000000
vn 1.000000 -0.000000 0.000000
vn 0.965926 -0.000000 0.258819
vn 0.965926 -0.000000 0.258819
vn 0.866025 -0.000000 0.500000
vn 0.866025 -0.000000 0.500000
vn 0.707107 -0.000000 0.707107
vn 0.707107 -0.000000 0.707107
vn 0.500000 -0.000000 0.866025
vn 0.500000 -0.000000 0.866025
vn 0.258819 -0.000000 0.965926
vn 0.258819 -0.000000 0.965926
vn 0.000000 -0.000000 1.000000
vn 0.000000 -0.000000 1.000000
vn -0.258819 0.000000 0.965926
vn -0.258819 0.000000 0.965926
vn -0.500000 0.000000 0.866025
vn -0.500000 0.000000 0.866025
vn -0.707107 0.000000 0.707107
vn -0.707107 0.000000 0.707107
vn -0.866025 0.000000 0.500000
vn -0.866025 0.000000 0.500000
vn -0.965926 0.000000 0.258819
vn -0.965926 0.000000 0.258819
vn -1.000000 0.000000 0.000000
vn -1.000000 0.000000 0.000000
vn -0.965926 0.000000 -0.258819
vn -0.965926 0.000000 -0.258819
vn -0.866025 0.000000 -0.500000
vn -0.866025 0.000000 -0.500000
vn -0.707107 0.000000 -0.707107
vn -0.707107 0.000000 -0.707107
vn -0.500000 0.000000 -0.866025
vn -0.500000 0.000000 -0.866025
vn -0.258819 0.000000 -0.965926
vn -0.258819 0.000000 -0.965926
vn -0.000000 0.000000 -1.000000
vn -0.000000 0.000000 -1.000000
vn 0.258819 0.000000 -0.965926
vn 0.258819 0.000000 -0.965926
vn 0.500000 0.000000 -0.866025
vn 0.500000 0.000000 -0.866025
vn 0.707107 0.000000 -0.707107
vn 0.707107 0.000000 -0.707107
vn 0.866025 0.000000 -0.500000
vn 0.866025 0.000000 -0.500000
vn 0.965926 0.000000 -0.258819
vn 0.965926 0.000000 -0.258819
vn 1.000000 -0.000000 0.000000
vn 1.000000 -0.000000 0.000000
vn 0.965926 -0.000000 0.258819
vn 0.965926 -0.000000 0.258819
vn 0.866025 -0.000000 0.500000
vn 0.866025 -0.000000 0.500000
vn 0.707107 -0.000000 0.707107
vn 0.707107 -0.000000 0.707107
vn 0.500000 -0.000000 0.866025
vn 0.500000 -0.000000 0.866025
vn 0.258819 -0.000000 0.965926
vn 0.258819 -0.000000 0.965926
vn 0.000000 -0.000000 1.000000
vn 0.000000 -0.000000 1.000000
vn -0.258819 0.000000 0.965926
vn -0.258819 0.000000 0.965926
vn -0.500000 0.000000 0.866025
vn -0.500000 0.000000 0.866025
vn -0.707107 0.000000 0.707107
vn -0.707107 0.000000 0.707107
vn -0.866025 0.000000 0.500000
vn -0.866025 0.000000 0.500000
vn -0.965926 0.000000 0.258819
vn -0.965926 0.000000 0.258819
vn -1.000000 0.000000 0.000000
vn -1.000000 0.000000 0.000000
vn -0.965926 0.000000 -0.258819
vn -0.965926 0.000000 -0.258819
vn -0.866025 0.000000 -0.500000
vn -0.866025 0.000000 -0.500000
vn -0.707107 0.000000 -0.707107
vn -0.707107 0.000000 -0.707107
vn -0.500000 0.000000 -0.866025
vn -0.500000 0.000000 -0.866025
vn 0.000000 -0.000000 1.000000
vn 0.000000 -0.000000 1.000000
vn -0.258819 0.000000 0.965926
vn -0.258819 0.000000 0.965926
vn -0.500000 0.000000 0.866025
vn -0.500000 0.000000 0.866025
vn -0.707107 0.000000 0.707107
vn -0.707107 0.000000 0.707107
vn -0.866025 0.000000 0.500000
vn -0.866025 0.000000 0.500000
vn -0.965926 0.000000 0.258819
vn -0.965926 0.000000 0.258819
vn -1.000000 0.000000 0.000000
vn -1.000000 0.000000 0.000000
vn -0.965926 0.000000 -0.258819
vn -0.965926 0.000000 -0.258819
vn -0.866025 0.000000 -0.500000
vn -0.866025 0.000000 -0.500000
vn -0.707107 0.000000 -0.707107
vn -0.707107 0.000000 -0.707107
vn -0.500000 0.000000 -0.866025
vn -0.500000 0.000000 -0.866025
vn -0.258819 0.000000 -0.965926
vn -0.258819 0.000000 -0.965926
vn -0.000000 0.000000 -1.000000
vn -0.000000 0.000000 -1.000000
vn 0.000000 -0.000000 1.000000
vn 0.000000 -0.000000 1.000000
vn 0.258819 -0.000000 0.965926
vn 0.258819 -0.000000 0.965926
vn 0.500000 -0.000000 0.866025
vn 0.500000 -0.000000 0.866025
vn 0.707107 -0.000000 0.707107
vn 0.707107 -0.000000 0.707107
vn 0.866025 -0.000000 0.500000
vn 0.866025 -0.000000 0.500000
vn 0.965926 -0.000000 0.258819
vn 0.965926 -0.000000 0.258819
vn 1.000000 -0.000000 0.000000
vn 1.000000 -0.000000 0.000000
vn 0.965926 0.000000 -0.258819
vn 0.965926 0.000000 -0.258819
vn 0.866025 0.000000 -0.500000
vn 0.866025 0.000000 -0.500000
vn 0.707107 0.000000 -0.707107
vn 0.707107 0.000000 -0.707107
vn 0.500000 0.000000 -0.866025
vn 0.500000 0.000000 -0.866025
vn 0.258819 0.000000 -0.965926
vn 0.258819 0.000000 -0.965926
vn 0.000000 0.000000 -1.000000
vn 0.000000 0.000000 -1.000000
vn 1.000000 0.000000 -0.000000
vn 1.000000 0.000000 -0.000000
vn 1.000000 0.000000 -0.000000
vn 1.000000 0.000000 -0.000000
vn -0.000000 0.000000 -1.000000
vn -0.000000 0.000000 -1.000000
vn -0.000000 0.000000 -1.000000
vn -0.000000 0.000000 -1.000000
vn -1.000000 0.000000 0.000000
vn -1.000000 0.000000 0.000000
vn -1.000000 0.000000 0.000000
vn -1.000000 0.000000 0.000000
vn 0.161165 0.000000 -0.986928
vn 0.308477 0.000000 -0.951232
vn 0.161165 0.000000 -0.986928
vn 0.308477 0.000000 -0.951232
vn 0.455400 0.000000 -0.890287
vn 0.455400 0.000000 -0.890287
vn 0.599616 0.000000 -0.800288
vn 0.599616 0.000000 -0.800288
vn 0.736002 0.000000 -0.676979
vn 0.736002 0.000000 -0.676979
vn 0.855688 0.000000 -0.517492
vn 0.855688 0.000000 -0.517492
vn 0.946278 0.000000 -0.323355
vn 0.946278 0.000000 -0.323355
vn 0.994626 0.000000 -0.103537
vn 0.994626 0.000000 -0.103537
vn 0.992121 -0.000000 0.125281
vn 0.992121 -0.000000 0.125281
vn 0.939241 -0.000000 0.343259
vn 0.939241 -0.000000 0.343259
vn 0.845274 -0.000000 0.534333
vn 0.845274 -0.000000 0.534333
vn 0.723497 -0.000000 0.690327
vn 0.723497 -0.000000 0.690327
vn 0.586041 -0.000000 0.810282
vn 0.586041 -0.000000 0.810282
vn 0.441397 -0.000000 0.897312
vn 0.441397 -0.000000 0.897312
vn 0.294371 -0.000000 0.955691
vn 0.294371 -0.000000 0.955691
vn 0.147072 -0.000000 0.989126
vn 0.147072 -0.000000 0.989126
vn -0.000000 0.000000 1.000000
vn -0.000000 0.000000 1.000000
vn -0.147072 0.000000 0.989126
vn -0.147072 0.000000 0.989126
vn -0.294371 0.000000 0.955691
vn -0.294371 0.000000 0.955691
vn -0.441397 0.000000 0.897312
vn -0.441397 0.000000 0.897312
vn -0.586041 0.000000 0.810282
vn -0.586041 0.000000 0.810282
vn -0.723497 0.000000 0.690327
vn -0.723497 0.000000 0.690327
vn -0.845274 0.000000 0.534333
vn -0.845274 0.000000 0.534333
vn -0.939241 0.000000 0.343259
vn -0.939241 0.000000 0.343259
vn -0.992121 0.000000 0.125281
vn -0.992121 0.000000 0.125281
vn -0.994626 0.000000 -0.103537
vn -0.994626 0.000000 -0.103537
vn -0.946278 0.000000 -0.323355
vn -0.946278 0.000000 -0.323355
vn -0.855688 0.000000 -0.517492
vn -0.855688 0.000000 -0.517492
vn -0.736002 0.000000 -0.676979
vn -0.736002 0.000000 -0.676979
vn -0.599616 0.000000 -0.800288
vn -0.599616 0.000000 -0.800288
vn -0.455400 0.000000 -0.890287
vn -0.455400 0.000000 -0.890287
vn -0.308477 0.000000 -0.951232
vn -0.308477 0.000000 -0.951232
vn -0.161165 0.000000 -0.986928
vn -0.161165 0.000000 -0.986928
usemtl Steel_-_Satin
f 12/1/1 1/2/2 11/3/3
f 11/3/3 1/2/2 2/4/4
f 11/3/3 2/4/4 10/5/5
f 10/5/5 2/4/4 3/6/6
f 10/5/5 3/6/6 9/7/7
f 9/7/7 3/6/6 4/8/8
f 9/7/7 4/8/8 8/9/9
f 8/9/9 4/8/8 5/10/10
f 8/9/9 5/10/10 7/11/11
f 7/11/11 5/10/10 6/12/12
f 24/13/13 13/14/14 23/15/15
f 23/15/15 13/14/14 14/16/16
f 23/15/15 14/16/16 22/17/17
f 22/17/17 14/16/16 15/18/18
f 22/17/17 15/18/18 21/19/19
f 21/19/19 15/18/18 16/20/20
f 21/19/19 16/20/20 20/21/21
f 20/21/21 16/20/20 17/22/22
f 20/21/21 17/22/22 19/23/23
f 19/23/23 17/22/22 18/24/24
f 36/25/25 25/26/26 35/27/27
f 35/27/27 25/26/26 26/28/28
f 35/27/27 26/28/28 34/29/29
f 34/29/29 26/28/28 27/30/30
f 34/29/29 27/30/30 33/31/31
f 33/31/31 27/30/30 28/32/32
f 33/31/31 28/32/32 32/33/33
f 32/33/33 28/32/32 29/34/34
f 32/33/33 29/34/34 31/35/35
f 31/35/35 29/34/34 30/36/36
f 48/37/37 37/38/38 47/39/39
f 47/39/39 37/38/38 38/40/40
f 47/39/39 38/40/40 46/41/41
f 46/41/41 38/40/40 39/42/42
f 46/41/41 39/42/42 45/43/43
f 45/43/43 39/42/42 40/44/44
f 45/43/43 40/44/44 44/45/45
f 44/45/45 40/44/44 41/46/46
f 44/45/45 41/46/46 43/47/47
f 43/47/47 41/46/46 42/48/48
f 66/49/49 49/50/50 65/51/51
f 65/51/51 49/50/50 50/52/52
f 65/51/51 50/52/52 64/53/53
f 64/53/53 50/52/52 51/54/54
f 64/53/53 51/54/54 63/55/55
f 63/55/55 51/54/54 52/56/56
f 63/55/55 52/56/56 62/57/57
f 62/57/57 52/56/56 53/58/58
f 62/57/57 53/58/58 61/59/59
f 61/59/59 53/58/58 54/60/60
f 61/59/59 54/60/60 60/61/61
f 60/61/61 54/60/60 55/62/62
f 60/61/61 55/62/62 59/63/63
f 59/63/63 55/62/62 56/64/64
f 59/63/63 56/64/64 58/65/65
f 58/65/65 56/64/64 57/66/66
f 19/67/67 18/68/68 80/69/69
f 80/69/69 18/68/68 67/70/70
f 80/69/69 67/70/70 79/71/71
f 79/71/71 67/70/70 68/72/72
f 79/71/71 68/72/72 78/73/73
f 78/73/73 68/72/72 69/74/74
f 78/73/73 69/74/74 77/75/75
f 77/75/75 69/74/74 70/76/76
f 77/75/75 70/76/76 76/77/77
f 76/77/77 70/76/76 71/78/78
f 76/77/77 71/78/78 75/79/79
f 75/79/79 71/78/78 72/80/80
f 75/79/79 72/80/80 74/81/81
f 74/81/81 72/80/80 73/82/82
f 74/81/81 73/82/82 66/83/49
f 66/83/49 73/82/82 49/84/50
f 98/85/83 81/86/84 97/87/85
f 97/87/85 81/86/84 82/88/86
f 97/87/85 82/88/86 96/89/87
f 96/89/87 82/88/86 83/90/88
f 96/89/87 83/90/88 95/91/89
f 95/91/89 83/90/88 84/92/90
f 95/91/89 84/92/90 94/93/91
f 94/93/91 84/92/90 85/94/92
f 94/93/91 85/94/92 93/95/93
f 93/95/93 85/94/92 86/96/94
f 93/95/93 86/96/94 92/97/95
f 92/97/95 86/96/94 87/98/96
f 92/97/95 87/98/96 91/99/97
f 91/99/97 87/98/96 88/100/98
f 91/99/97 88/100/98 90/101/99
f 90/101/99 88/100/98 89/102/100
f 31/103/101 30/104/102 112/105/103
f 112/105/103 30/104/102 99/106/104
f 112/105/103 99/106/104 111/107/105
f 111/107/105 99/106/104 100/108/106
f 111/107/105 100/108/106 110/109/107
f 110/109/107 100/108/106 101/110/108
f 110/109/107 101/110/108 109/111/109
f 109/111/109 101/110/108 102/112/110
f 109/111/109 102/112/110 108/113/111
f 108/113/111 102/112/110 103/114/112
f 108/113/111 103/114/112 107/115/113
f 107/115/113 103/114/112 104/116/114
f 107/115/113 104/116/114 106/117/115
f 106/117/115 104/116/114 105/118/116
f 106/117/115 105/118/116 98/119/83
f 98/119/83 105/118/116 81/120/84
f 130/121/117 113/122/118 129/123/119
f 129/123/119 113/122/118 114/124/120
f 129/123/119 114/124/120 128/125/121
f 128/125/121 114/124/120 115/126/122
f 128/125/121 115/126/122 127/127/123
f 127/127/123 115/126/122 116/128/124
f 127/127/123 116/128/124 126/129/125
f 126/129/125 116/128/124 117/130/126
f 126/129/125 117/130/126 125/131/127
f 125/131/127 117/130/126 118/132/128
f 125/131/127 118/132/128 124/133/129
f 124/133/129 118/132/128 119/134/130
f 124/133/129 119/134/130 123/135/131
f 123/135/131 119/134/130 120/136/132
f 123/135/131 120/136/132 122/137/133
f 122/137/133 120/136/132 121/138/134
f 43/139/135 42/140/136 144/141/137
f 144/141/137 42/140/136 131/142/138
f 144/141/137 131/142/138 143/143/139
f 143/143/139 131/142/138 132/144/140
f 143/143/139 132/144/140 142/145/141
f 142/145/141 132/144/140 133/146/142
f 142/145/141 133/146/142 141/147/143
f 141/147/143 133/146/142 134/148/144
f 141/147/143 134/148/144 140/149/145
f 140/149/145 134/148/144 135/150/146
f 140/149/145 135/150/146 139/151/147
f 139/151/147 135/150/146 136/152/148
f 139/151/147 136/152/148 138/153/149
f 138/153/149 136/152/148 137/154/150
f 138/153/149 137/154/150 130/155/151
f 130/155/151 137/154/150 113/156/152
f 162/157/153 145/158/154 161/159/155
f 161/159/155 145/158/154 146/160/156
f 161/159/155 146/160/156 160/161/157
f 160/161/157 146/160/156 147/162/158
f 160/161/157 147/162/158 159/163/159
f 159/163/159 147/162/158 148/164/160
f 159/163/159 148/164/160 158/165/161
f 158/165/161 148/164/160 149/166/162
f 158/165/161 149/166/162 157/167/163
f 157/167/163 149/166/162 150/168/164
f 157/167/163 150/168/164 156/169/165
f 156/169/165 150/168/164 151/170/166
f 156/169/165 151/170/166 155/171/167
f 155/171/167 151/170/166 152/172/168
f 155/171/167 152/172/168 154/173/169
f 154/173/169 152/172/168 153/174/170
f 7/175/171 6/176/172 176/177/173
f 176/177/173 6/176/172 163/178/174
f 176/177/173 163/178/174 175/179/175
f 175/179/175 163/178/174 164/180/176
f 175/179/175 164/180/176 174/181/177
f 174/181/177 164/180/176 165/182/178
f 174/181/177 165/182/178 173/183/179
f 173/183/179 165/182/178 166/184/180
f 173/183/179 166/184/180 172/185/181
f 172/185/181 166/184/180 167/186/182
f 172/185/181 167/186/182 171/187/183
f 171/187/183 167/186/182 168/188/184
f 171/187/183 168/188/184 170/189/185
f 170/189/185 168/188/184 169/190/186
f 170/189/185 169/190/186 162/191/153
f 162/191/153 169/190/186 145/192/154
f 65/193/187 285/194/188 66/195/189
f 66/195/189 285/194/188 286/196/190
f 66/195/189 286/196/190 74/197/191
f 74/197/191 286/196/190 287/198/192
f 74/197/191 287/198/192 75/199/193
f 75/199/193 287/198/192 288/200/194
f 75/199/193 288/200/194 76/201/195
f 76/201/195 288/200/194 289/202/196
f 76/201/195 289/202/196 77/203/197
f 77/203/197 289/202/196 290/204/198
f 77/203/197 290/204/198 78/205/199
f 78/205/199 290/204/198 291/206/200
f 78/205/199 291/206/200 79/207/201
f 79/207/201 291/206/200 322/208/202
f 79/207/201 322/208/202 20/209/203
f 20/209/203 322/208/202 323/210/204
f 20/209/203 323/210/204 21/211/205
f 21/211/205 323/210/204 324/212/206
f 21/211/205 324/212/206 22/213/207
f 22/213/207 324/212/206 325/214/208
f 22/213/207 325/214/208 326/215/209
f 285/194/188 65/193/187 284/216/210
f 284/216/210 65/193/187 64/217/211
f 284/216/210 64/217/211 63/218/212
f 63/218/212 62/219/213 284/216/210
f 284/216/210 62/219/213 179/220/214
f 284/216/210 179/220/214 283/221/215
f 283/221/215 179/220/214 180/222/216
f 283/221/215 180/222/216 282/223/217
f 282/223/217 180/222/216 181/224/218
f 282/223/217 181/224/218 281/225/219
f 281/225/219 181/224/218 182/226/220
f 281/225/219 182/226/220 183/227/221
f 62/219/213 61/228/222 179/220/214
f 179/220/214 61/228/222 60/229/223
f 179/220/214 60/229/223 178/230/224
f 178/230/224 60/229/223 59/231/225
f 178/230/224 59/231/225 177/232/226
f 177/232/226 59/231/225 58/233/227
f 281/225/219 183/227/221 280/234/228
f 280/234/228 183/227/221 184/235/229
f 280/234/228 184/235/229 279/236/230
f 279/236/230 184/235/229 185/237/231
f 279/236/230 185/237/231 278/238/232
f 278/238/232 185/237/231 186/239/233
f 278/238/232 186/239/233 277/240/234
f 277/240/234 186/239/233 351/241/235
f 277/240/234 351/241/235 276/242/236
f 276/242/236 351/241/235 275/243/237
f 275/243/237 351/241/235 318/244/238
f 275/243/237 318/244/238 319/245/239
f 351/241/235 186/239/233 47/246/240
f 47/246/240 186/239/233 187/247/241
f 47/246/240 187/247/241 48/248/242
f 47/246/240 46/249/243 351/241/235
f 351/241/235 46/249/243 45/250/244
f 351/241/235 45/250/244 350/251/245
f 350/251/245 45/250/244 44/252/246
f 350/251/245 44/252/246 143/253/247
f 143/253/247 44/252/246 144/254/248
f 144/254/248 44/252/246 43/255/249
f 350/251/245 143/253/247 261/256/250
f 261/256/250 143/253/247 142/257/251
f 261/256/250 142/257/251 260/258/252
f 260/258/252 142/257/251 141/259/253
f 260/258/252 141/259/253 259/260/254
f 259/260/254 141/259/253 140/261/255
f 259/260/254 140/261/255 258/262/256
f 258/262/256 140/261/255 139/263/257
f 258/262/256 139/263/257 257/264/258
f 257/264/258 139/263/257 138/265/259
f 257/264/258 138/265/259 256/266/260
f 256/266/260 138/265/259 130/267/261
f 256/266/260 130/267/261 255/268/262
f 255/268/262 130/267/261 129/269/263
f 255/268/262 129/269/263 254/270/264
f 254/270/264 129/269/263 128/271/265
f 254/270/264 128/271/265 127/272/266
f 127/272/266 126/273/267 254/270/264
f 254/270/264 126/273/267 190/274/268
f 254/270/264 190/274/268 253/275/269
f 253/275/269 190/274/268 191/276/270
f 253/275/269 191/276/270 252/277/271
f 252/277/271 191/276/270 192/278/272
f 252/277/271 192/278/272 251/279/273
f 251/279/273 192/278/272 193/280/274
f 251/279/273 193/280/274 250/281/275
f 250/281/275 193/280/274 194/282/276
f 250/281/275 194/282/276 249/283/277
f 249/283/277 194/282/276 195/284/278
f 249/283/277 195/284/278 248/285/279
f 248/285/279 195/284/278 196/286/280
f 248/285/279 196/286/280 247/287/281
f 247/287/281 196/286/280 197/288/282
f 247/287/281 197/288/282 344/289/283
f 344/289/283 197/288/282 35/290/284
f 344/289/283 35/290/284 343/291/285
f 343/291/285 35/290/284 34/292/286
f 343/291/285 34/292/286 342/293/287
f 342/293/287 34/292/286 33/294/288
f 342/293/287 33/294/288 341/295/289
f 341/295/289 33/294/288 340/296/290
f 340/296/290 33/294/288 32/297/291
f 340/296/290 32/297/291 339/298/292
f 339/298/292 32/297/291 111/299/293
f 339/298/292 111/299/293 303/300/294
f 303/300/294 111/299/293 110/301/295
f 303/300/294 110/301/295 302/302/296
f 302/302/296 110/301/295 109/303/297
f 302/302/296 109/303/297 301/304/298
f 301/304/298 109/303/297 108/305/299
f 301/304/298 108/305/299 300/306/300
f 300/306/300 108/305/299 107/307/301
f 300/306/300 107/307/301 299/308/302
f 299/308/302 107/307/301 106/309/303
f 299/308/302 106/309/303 298/310/304
f 298/310/304 106/309/303 98/311/305
f 298/310/304 98/311/305 297/312/306
f 297/312/306 98/311/305 97/313/307
f 297/312/306 97/313/307 296/314/308
f 296/314/308 97/313/307 96/315/309
f 296/314/308 96/315/309 95/316/310
f 126/273/267 125/317/311 190/274/268
f 190/274/268 125/317/311 124/318/312
f 190/274/268 124/318/312 189/319/313
f 189/319/313 124/318/312 123/320/314
f 189/319/313 123/320/314 188/321/315
f 188/321/315 123/320/314 122/322/316
f 197/288/282 198/323/317 35/290/284
f 35/290/284 198/323/317 36/324/318
f 31/325/319 112/326/320 32/297/291
f 32/297/291 112/326/320 111/299/293
f 95/316/310 94/327/321 296/314/308
f 296/314/308 94/327/321 201/328/322
f 296/314/308 201/328/322 202/329/323
f 94/327/321 93/330/324 201/328/322
f 201/328/322 93/330/324 92/331/325
f 201/328/322 92/331/325 200/332/326
f 200/332/326 92/331/325 91/333/327
f 200/332/326 91/333/327 199/334/328
f 199/334/328 91/333/327 90/335/329
f 296/314/308 202/329/323 295/336/330
f 295/336/330 202/329/323 203/337/331
f 295/336/330 203/337/331 294/338/332
f 294/338/332 203/337/331 204/339/333
f 294/338/332 204/339/333 293/340/334
f 293/340/334 204/339/333 316/341/335
f 316/341/335 204/339/333 205/342/336
f 316/341/335 205/342/336 315/343/337
f 315/343/337 205/342/336 206/344/338
f 315/343/337 206/344/338 314/345/339
f 314/345/339 206/344/338 207/346/340
f 314/345/339 207/346/340 313/347/341
f 313/347/341 207/346/340 208/348/342
f 313/347/341 208/348/342 11/349/343
f 11/349/343 208/348/342 209/350/344
f 11/349/343 209/350/344 12/351/345
f 10/352/346 334/353/347 11/349/343
f 11/349/343 334/353/347 335/354/348
f 11/349/343 335/354/348 312/355/349
f 312/355/349 335/354/348 311/356/350
f 311/356/350 335/354/348 336/357/351
f 311/356/350 336/357/351 310/358/352
f 310/358/352 336/357/351 309/359/353
f 309/359/353 336/357/351 337/360/354
f 309/359/353 337/360/354 308/361/355
f 308/361/355 337/360/354 307/362/356
f 307/362/356 337/360/354 338/363/357
f 307/362/356 338/363/357 306/364/358
f 306/364/358 338/363/357 305/365/359
f 305/365/359 338/363/357 339/298/292
f 305/365/359 339/298/292 304/366/360
f 304/366/360 339/298/292 303/300/294
f 334/353/347 10/352/346 333/367/361
f 333/367/361 10/352/346 9/368/362
f 333/367/361 9/368/362 332/369/363
f 332/369/363 9/368/362 8/370/364
f 332/369/363 8/370/364 331/371/365
f 331/371/365 8/370/364 226/372/366
f 331/371/365 226/372/366 227/373/367
f 7/374/368 176/375/369 8/370/364
f 8/370/364 176/375/369 175/376/370
f 8/370/364 175/376/370 225/377/371
f 225/377/371 175/376/370 174/378/372
f 225/377/371 174/378/372 224/379/373
f 224/379/373 174/378/372 173/380/374
f 224/379/373 173/380/374 223/381/375
f 223/381/375 173/380/374 172/382/376
f 223/381/375 172/382/376 222/383/377
f 222/383/377 172/382/376 171/384/378
f 222/383/377 171/384/378 221/385/379
f 221/385/379 171/384/378 170/386/380
f 221/385/379 170/386/380 244/387/381
f 244/387/381 170/386/380 162/388/382
f 244/387/381 162/388/382 243/389/383
f 243/389/383 162/388/382 161/390/384
f 243/389/383 161/390/384 242/391/385
f 242/391/385 161/390/384 160/392/386
f 242/391/385 160/392/386 159/393/387
f 159/393/387 158/394/388 242/391/385
f 242/391/385 158/394/388 212/395/389
f 242/391/385 212/395/389 241/396/390
f 241/396/390 212/395/389 213/397/391
f 241/396/390 213/397/391 240/398/392
f 240/398/392 213/397/391 214/399/393
f 240/398/392 214/399/393 239/400/394
f 239/400/394 214/399/393 215/401/395
f 239/400/394 215/401/395 238/402/396
f 238/402/396 215/401/395 216/403/397
f 238/402/396 216/403/397 237/404/398
f 237/404/398 216/403/397 217/405/399
f 237/404/398 217/405/399 236/406/400
f 236/406/400 217/405/399 218/407/401
f 236/406/400 218/407/401 235/408/402
f 235/408/402 218/407/401 219/409/403
f 235/408/402 219/409/403 327/410/404
f 327/410/404 219/409/403 23/411/405
f 327/410/404 23/411/405 326/215/209
f 326/215/209 23/411/405 22/213/207
f 158/394/388 157/412/406 212/395/389
f 212/395/389 157/412/406 156/413/407
f 212/395/389 156/413/407 211/414/408
f 211/414/408 156/413/407 155/415/409
f 211/414/408 155/415/409 210/416/410
f 210/416/410 155/415/409 154/417/411
f 219/409/403 220/418/412 23/411/405
f 23/411/405 220/418/412 24/419/413
f 19/420/414 80/421/415 20/209/203
f 20/209/203 80/421/415 79/207/201
f 225/377/371 226/372/366 8/370/364
f 331/371/365 227/373/367 330/422/416
f 330/422/416 227/373/367 228/423/417
f 330/422/416 228/423/417 229/424/418
f 330/422/416 229/424/418 329/425/419
f 329/425/419 229/424/418 230/426/420
f 329/425/419 230/426/420 231/427/421
f 329/425/419 231/427/421 328/428/422
f 328/428/422 231/427/421 232/429/423
f 328/428/422 232/429/423 233/430/424
f 328/428/422 233/430/424 327/410/404
f 327/410/404 233/430/424 234/431/425
f 327/410/404 234/431/425 235/408/402
f 268/432/426 245/433/427 345/434/428
f 345/434/428 245/433/427 246/435/429
f 345/434/428 246/435/429 344/289/283
f 344/289/283 246/435/429 247/287/281
f 261/256/250 262/436/430 350/251/245
f 350/251/245 262/436/430 263/437/431
f 350/251/245 263/437/431 348/438/432
f 348/438/432 263/437/431 347/439/433
f 347/439/433 263/437/431 264/440/434
f 347/439/433 264/440/434 265/441/435
f 347/439/433 265/441/435 346/442/436
f 346/442/436 265/441/435 266/443/437
f 346/442/436 266/443/437 267/444/438
f 267/444/438 268/432/426 346/442/436
f 346/442/436 268/432/426 345/434/428
f 292/445/439 269/446/440 321/447/441
f 321/447/441 269/446/440 270/448/442
f 321/447/441 270/448/442 320/449/443
f 320/449/443 270/448/442 271/450/444
f 320/449/443 271/450/444 272/451/445
f 272/451/445 273/452/446 320/449/443
f 320/449/443 273/452/446 319/245/239
f 319/245/239 273/452/446 274/453/447
f 319/245/239 274/453/447 275/243/237
f 291/206/200 292/445/439 322/208/202
f 322/208/202 292/445/439 321/447/441
f 312/355/349 313/347/341 11/349/343
f 317/454/448 318/244/238 351/241/235
f 348/438/432 349/455/449 350/251/245
f 57/456/450 56/457/451 395/458/452
f 395/458/452 56/457/451 394/459/453
f 394/459/453 56/457/451 55/460/454
f 394/459/453 55/460/454 393/461/455
f 393/461/455 55/460/454 54/462/456
f 393/461/455 54/462/456 53/463/457
f 393/461/455 53/463/457 465/464/458
f 465/464/458 53/463/457 52/465/459
f 465/464/458 52/465/459 51/466/460
f 51/466/460 50/467/461 465/464/458
f 465/464/458 50/467/461 464/468/462
f 464/468/462 50/467/461 49/469/463
f 464/468/462 49/469/463 463/470/464
f 463/470/464 49/469/463 73/471/465
f 463/470/464 73/471/465 462/472/466
f 462/472/466 73/471/465 72/473/467
f 462/472/466 72/473/467 461/474/468
f 461/474/468 72/473/467 71/475/469
f 461/474/468 71/475/469 460/476/470
f 460/476/470 71/475/469 70/477/471
f 460/476/470 70/477/471 459/478/472
f 459/478/472 70/477/471 69/479/473
f 459/478/472 69/479/473 458/480/474
f 458/480/474 69/479/473 68/481/475
f 458/480/474 68/481/475 519/482/476
f 519/482/476 68/481/475 17/483/477
f 519/482/476 17/483/477 518/484/478
f 518/484/478 17/483/477 16/485/479
f 518/484/478 16/485/479 517/486/480
f 517/486/480 16/485/479 15/487/481
f 517/486/480 15/487/481 516/488/482
f 516/488/482 15/487/481 515/489/483
f 515/489/483 15/487/481 14/490/484
f 515/489/483 14/490/484 514/491/485
f 514/491/485 14/490/484 353/492/486
f 514/491/485 353/492/486 418/493/487
f 418/493/487 353/492/486 417/494/488
f 417/494/488 353/492/486 354/495/489
f 417/494/488 354/495/489 416/496/490
f 416/496/490 354/495/489 355/497/491
f 416/496/490 355/497/491 415/498/492
f 415/498/492 355/497/491 356/499/493
f 415/498/492 356/499/493 414/500/494
f 414/500/494 356/499/493 357/501/495
f 414/500/494 357/501/495 413/502/496
f 413/502/496 357/501/495 358/503/497
f 413/502/496 358/503/497 412/504/498
f 412/504/498 358/503/497 359/505/499
f 412/504/498 359/505/499 411/506/500
f 411/506/500 359/505/499 360/507/501
f 411/506/500 360/507/501 149/508/502
f 149/508/502 360/507/501 150/509/503
f 150/509/503 360/507/501 151/510/504
f 151/510/504 360/507/501 361/511/505
f 151/510/504 361/511/505 152/512/506
f 152/512/506 361/511/505 362/513/507
f 152/512/506 362/513/507 153/514/508
f 68/481/475 67/515/509 17/483/477
f 17/483/477 67/515/509 18/516/510
f 13/517/511 352/518/512 14/490/484
f 14/490/484 352/518/512 353/492/486
f 149/508/502 148/519/513 411/506/500
f 411/506/500 148/519/513 147/520/514
f 411/506/500 147/520/514 146/521/515
f 411/506/500 146/521/515 410/522/516
f 410/522/516 146/521/515 145/523/517
f 410/522/516 145/523/517 409/524/518
f 409/524/518 145/523/517 169/525/519
f 409/524/518 169/525/519 408/526/520
f 408/526/520 169/525/519 168/527/521
f 408/526/520 168/527/521 407/528/522
f 407/528/522 168/527/521 167/529/523
f 407/528/522 167/529/523 406/530/524
f 406/530/524 167/529/523 166/531/525
f 406/530/524 166/531/525 405/532/526
f 405/532/526 166/531/525 165/533/527
f 405/532/526 165/533/527 404/534/528
f 404/534/528 165/533/527 164/535/529
f 404/534/528 164/535/529 5/536/530
f 5/536/530 164/535/529 163/537/531
f 5/536/530 163/537/531 6/538/532
f 4/539/533 509/540/534 5/536/530
f 5/536/530 509/540/534 510/541/535
f 5/536/530 510/541/535 403/542/536
f 403/542/536 510/541/535 402/543/537
f 402/543/537 510/541/535 511/544/538
f 402/543/537 511/544/538 401/545/539
f 401/545/539 511/544/538 400/546/540
f 400/546/540 511/544/538 512/547/541
f 400/546/540 512/547/541 399/548/542
f 399/548/542 512/547/541 398/549/543
f 398/549/543 512/547/541 513/550/544
f 398/549/543 513/550/544 397/551/545
f 397/551/545 513/550/544 396/552/546
f 396/552/546 513/550/544 514/491/485
f 396/552/546 514/491/485 419/553/547
f 419/553/547 514/491/485 418/493/487
f 509/540/534 4/539/533 508/554/548
f 508/554/548 4/539/533 3/555/549
f 508/554/548 3/555/549 507/556/550
f 507/556/550 3/555/549 2/557/551
f 507/556/550 2/557/551 506/558/552
f 506/558/552 2/557/551 485/559/553
f 506/558/552 485/559/553 486/560/554
f 1/561/555 363/562/556 2/557/551
f 2/557/551 363/562/556 364/563/557
f 2/557/551 364/563/557 484/564/558
f 484/564/558 364/563/557 365/565/559
f 484/564/558 365/565/559 483/566/560
f 483/566/560 365/565/559 366/567/561
f 483/566/560 366/567/561 482/568/562
f 482/568/562 366/567/561 367/569/563
f 482/568/562 367/569/563 481/570/564
f 481/570/564 367/569/563 368/571/565
f 481/570/564 368/571/565 480/572/566
f 480/572/566 368/571/565 479/573/567
f 479/573/567 368/571/565 369/574/568
f 479/573/567 369/574/568 478/575/569
f 478/575/569 369/574/568 370/576/570
f 478/575/569 370/576/570 371/577/571
f 372/578/572 87/579/573 371/577/571
f 371/577/571 87/579/573 86/580/574
f 371/577/571 86/580/574 85/581/575
f 87/579/573 372/578/572 88/582/576
f 88/582/576 372/578/572 373/583/577
f 88/582/576 373/583/577 89/584/578
f 371/577/571 85/581/575 477/585/579
f 477/585/579 85/581/575 84/586/580
f 477/585/579 84/586/580 83/587/581
f 83/587/581 82/588/582 477/585/579
f 477/585/579 82/588/582 476/589/583
f 476/589/583 82/588/582 81/590/584
f 476/589/583 81/590/584 475/591/585
f 475/591/585 81/590/584 105/592/586
f 475/591/585 105/592/586 474/593/587
f 474/593/587 105/592/586 104/594/588
f 474/593/587 104/594/588 473/595/589
f 473/595/589 104/594/588 103/596/590
f 473/595/589 103/596/590 472/597/591
f 472/597/591 103/596/590 102/598/592
f 472/597/591 102/598/592 471/599/593
f 471/599/593 102/598/592 101/600/594
f 471/599/593 101/600/594 470/601/595
f 470/601/595 101/600/594 100/602/596
f 470/601/595 100/602/596 502/603/597
f 502/603/597 100/602/596 29/604/598
f 502/603/597 29/604/598 501/605/599
f 501/605/599 29/604/598 28/606/600
f 501/605/599 28/606/600 500/607/601
f 500/607/601 28/606/600 499/608/602
f 499/608/602 28/606/600 27/609/603
f 499/608/602 27/609/603 498/610/604
f 498/610/604 27/609/603 26/611/605
f 498/610/604 26/611/605 497/612/606
f 497/612/606 26/611/605 375/613/607
f 497/612/606 375/613/607 430/614/608
f 430/614/608 375/613/607 429/615/609
f 429/615/609 375/613/607 376/616/610
f 429/615/609 376/616/610 428/617/611
f 428/617/611 376/616/610 377/618/612
f 428/617/611 377/618/612 427/619/613
f 427/619/613 377/618/612 378/620/614
f 427/619/613 378/620/614 426/621/615
f 426/621/615 378/620/614 379/622/616
f 426/621/615 379/622/616 425/623/617
f 425/623/617 379/622/616 380/624/618
f 425/623/617 380/624/618 424/625/619
f 424/625/619 380/624/618 381/626/620
f 424/625/619 381/626/620 423/627/621
f 423/627/621 381/626/620 382/628/622
f 423/627/621 382/628/622 117/629/623
f 117/629/623 382/628/622 118/630/624
f 118/630/624 382/628/622 119/631/625
f 119/631/625 382/628/622 383/632/626
f 119/631/625 383/632/626 120/633/627
f 120/633/627 383/632/626 384/634/628
f 120/633/627 384/634/628 121/635/629
f 100/602/596 99/636/630 29/604/598
f 29/604/598 99/636/630 30/637/631
f 25/638/632 374/639/633 26/611/605
f 26/611/605 374/639/633 375/613/607
f 117/629/623 116/640/634 423/627/621
f 423/627/621 116/640/634 115/641/635
f 423/627/621 115/641/635 114/642/636
f 423/627/621 114/642/636 422/643/637
f 422/643/637 114/642/636 113/644/638
f 422/643/637 113/644/638 421/645/639
f 421/645/639 113/644/638 137/646/640
f 421/645/639 137/646/640 420/647/641
f 420/647/641 137/646/640 136/648/642
f 420/647/641 136/648/642 443/649/643
f 443/649/643 136/648/642 135/650/644
f 443/649/643 135/650/644 442/651/645
f 442/651/645 135/650/644 134/652/646
f 442/651/645 134/652/646 441/653/647
f 441/653/647 134/652/646 133/654/648
f 441/653/647 133/654/648 440/655/649
f 440/655/649 133/654/648 132/656/650
f 440/655/649 132/656/650 526/657/651
f 526/657/651 132/656/650 41/658/652
f 526/657/651 41/658/652 40/659/653
f 132/656/650 131/660/654 41/658/652
f 41/658/652 131/660/654 42/661/655
f 40/659/653 39/662/656 526/657/651
f 526/657/651 39/662/656 525/663/657
f 525/663/657 39/662/656 38/664/658
f 525/663/657 38/664/658 386/665/659
f 386/665/659 38/664/658 385/666/660
f 385/666/660 38/664/658 37/667/661
f 525/663/657 386/665/659 448/668/662
f 448/668/662 386/665/659 387/669/663
f 448/668/662 387/669/663 447/670/664
f 447/670/664 387/669/663 446/671/665
f 446/671/665 387/669/663 388/672/666
f 446/671/665 388/672/666 445/673/667
f 445/673/667 388/672/666 389/674/668
f 445/673/667 389/674/668 444/675/669
f 444/675/669 389/674/668 390/676/670
f 444/675/669 390/676/670 467/677/671
f 467/677/671 390/676/670 391/678/672
f 467/677/671 391/678/672 466/679/673
f 466/679/673 391/678/672 392/680/674
f 466/679/673 392/680/674 393/461/455
f 403/542/536 404/534/528 5/536/530
f 430/614/608 431/681/675 497/612/606
f 497/612/606 431/681/675 496/682/676
f 496/682/676 431/681/675 432/683/677
f 496/682/676 432/683/677 433/684/678
f 496/682/676 433/684/678 495/685/679
f 495/685/679 433/684/678 434/686/680
f 495/685/679 434/686/680 435/687/681
f 435/687/681 436/688/682 495/685/679
f 495/685/679 436/688/682 494/689/683
f 494/689/683 436/688/682 437/690/684
f 494/689/683 437/690/684 438/691/685
f 439/692/686 526/657/651 438/691/685
f 438/691/685 526/657/651 493/693/687
f 438/691/685 493/693/687 494/689/683
f 439/692/686 440/655/649 526/657/651
f 448/668/662 449/694/688 525/663/657
f 525/663/657 449/694/688 450/695/689
f 525/663/657 450/695/689 523/696/690
f 523/696/690 450/695/689 522/697/691
f 522/697/691 450/695/689 451/698/692
f 522/697/691 451/698/692 452/699/693
f 522/697/691 452/699/693 521/700/694
f 521/700/694 452/699/693 453/701/695
f 521/700/694 453/701/695 454/702/696
f 454/702/696 455/703/697 521/700/694
f 521/700/694 455/703/697 520/704/698
f 520/704/698 455/703/697 456/705/699
f 520/704/698 456/705/699 457/706/700
f 520/704/698 457/706/700 519/482/476
f 519/482/476 457/706/700 458/480/474
f 465/464/458 466/679/673 393/461/455
f 469/707/701 502/603/597 468/708/702
f 468/708/702 502/603/597 503/709/703
f 468/708/702 503/709/703 491/710/704
f 491/710/704 503/709/703 490/711/705
f 490/711/705 503/709/703 504/712/706
f 490/711/705 504/712/706 489/713/707
f 489/713/707 504/712/706 488/714/708
f 488/714/708 504/712/706 505/715/709
f 488/714/708 505/715/709 487/716/710
f 487/716/710 505/715/709 486/560/554
f 486/560/554 505/715/709 506/558/552
f 469/707/701 470/601/595 502/603/597
f 477/585/579 478/575/569 371/577/571
f 484/564/558 485/559/553 2/557/551
f 492/717/711 493/693/687 526/657/651
f 523/696/690 524/718/712 525/663/657
f 90/719/713 89/720/714 199/721/715
f 199/721/715 89/720/714 373/722/716
f 199/721/715 373/722/716 200/723/717
f 200/723/717 373/722/716 372/724/718
f 200/723/717 372/724/718 201/725/719
f 201/725/719 372/724/718 371/726/720
f 201/725/719 371/726/720 202/727/721
f 202/727/721 371/726/720 370/728/722
f 202/727/721 370/728/722 203/729/723
f 203/729/723 370/728/722 369/730/724
f 203/729/723 369/730/724 204/731/725
f 204/731/725 369/730/724 368/732/726
f 204/731/725 368/732/726 205/733/727
f 205/733/727 368/732/726 367/734/728
f 205/733/727 367/734/728 206/735/729
f 206/735/729 367/734/728 366/736/730
f 206/735/729 366/736/730 207/737/731
f 207/737/731 366/736/730 365/738/732
f 207/737/731 365/738/732 208/739/733
f 208/739/733 365/738/732 364/740/734
f 208/739/733 364/740/734 209/741/735
f 209/741/735 364/740/734 363/742/736
f 209/741/735 363/742/736 12/743/737
f 12/743/737 363/742/736 1/744/738
f 37/745/739 48/746/740 385/747/741
f 385/747/741 48/746/740 187/748/742
f 385/747/741 187/748/742 386/749/743
f 386/749/743 187/748/742 186/750/744
f 386/749/743 186/750/744 387/751/745
f 387/751/745 186/750/744 185/752/746
f 387/751/745 185/752/746 388/753/747
f 388/753/747 185/752/746 184/754/748
f 388/753/747 184/754/748 389/755/749
f 389/755/749 184/754/748 183/756/750
f 389/755/749 183/756/750 390/757/751
f 390/757/751 183/756/750 182/758/752
f 390/757/751 182/758/752 391/759/753
f 391/759/753 182/758/752 181/760/754
f 391/759/753 181/760/754 392/761/755
f 392/761/755 181/760/754 180/762/756
f 392/761/755 180/762/756 393/763/757
f 393/763/757 180/762/756 179/764/758
f 393/763/757 179/764/758 394/765/759
f 394/765/759 179/764/758 178/766/760
f 394/765/759 178/766/760 395/767/761
f 395/767/761 178/766/760 177/768/762
f 395/767/761 177/768/762 57/769/763
f 57/769/763 177/768/762 58/770/764
f 419/771/765 234/772/766 396/773/767
f 396/773/767 234/772/766 233/774/768
f 396/775/767 233/776/768 397/777/769
f 397/777/769 233/776/768 232/778/770
f 397/777/769 232/778/770 398/779/771
f 398/779/771 232/778/770 231/780/772
f 398/779/771 231/780/772 399/781/773
f 399/781/773 231/780/772 230/782/774
f 399/781/773 230/782/774 400/783/775
f 400/783/775 230/782/774 229/784/776
f 400/783/775 229/784/776 401/785/777
f 401/785/777 229/784/776 228/786/778
f 401/785/777 228/786/778 402/787/779
f 402/787/779 228/786/778 227/788/780
f 402/787/779 227/788/780 403/789/781
f 403/789/781 227/788/780 226/790/782
f 403/789/781 226/790/782 404/791/783
f 404/791/783 226/790/782 225/792/784
f 404/791/783 225/792/784 405/793/785
f 405/793/785 225/792/784 224/794/786
f 405/793/785 224/794/786 406/795/787
f 406/795/787 224/794/786 223/796/788
f 406/795/787 223/796/788 407/797/789
f 407/797/789 223/796/788 222/798/790
f 407/797/789 222/798/790 408/799/791
f 408/799/791 222/798/790 221/800/792
f 408/799/791 221/800/792 409/801/793
f 409/801/793 221/800/792 244/802/794
f 409/801/793 244/802/794 410/803/795
f 410/803/795 244/802/794 243/804/796
f 410/803/795 243/804/796 411/805/797
f 411/805/797 243/804/796 242/806/798
f 411/805/797 242/806/798 412/807/799
f 412/807/799 242/806/798 241/808/800
f 412/807/799 241/808/800 413/809/801
f 413/809/801 241/808/800 240/810/802
f 413/809/801 240/810/802 414/811/803
f 414/811/803 240/810/802 239/812/804
f 414/811/803 239/812/804 415/813/805
f 415/813/805 239/812/804 238/814/806
f 415/813/805 238/814/806 416/815/807
f 416/815/807 238/814/806 237/816/808
f 416/815/807 237/816/808 417/817/809
f 417/817/809 237/816/808 236/818/810
f 417/817/809 236/818/810 418/819/811
f 418/819/811 236/818/810 235/820/812
f 418/819/811 235/820/812 419/771/765
f 419/771/765 235/820/812 234/772/766
f 443/821/813 258/822/814 420/823/815
f 420/823/815 258/822/814 257/824/816
f 420/825/815 257/826/816 421/827/817
f 421/827/817 257/826/816 256/828/818
f 421/827/817 256/828/818 422/829/819
f 422/829/819 256/828/818 255/830/820
f 422/829/819 255/830/820 423/831/821
f 423/831/821 255/830/820 254/832/822
f 423/831/821 254/832/822 424/833/823
f 424/833/823 254/832/822 253/834/824
f 424/833/823 253/834/824 425/835/825
f 425/835/825 253/834/824 252/836/826
f 425/835/825 252/836/826 426/837/827
f 426/837/827 252/836/826 251/838/828
f 426/837/827 251/838/828 427/839/829
f 427/839/829 251/838/828 250/840/830
f 427/839/829 250/840/830 428/841/831
f 428/841/831 250/840/830 249/842/832
f 428/841/831 249/842/832 429/843/833
f 429/843/833 249/842/832 248/844/834
f 429/843/833 248/844/834 430/845/835
f 430/845/835 248/844/834 247/846/836
f 430/845/835 247/846/836 431/847/837
f 431/847/837 247/846/836 246/848/838
f 431/847/837 246/848/838 432/849/839
f 432/849/839 246/848/838 245/850/840
f 432/849/839 245/850/840 433/851/841
f 433/851/841 245/850/840 268/852/842
f 433/851/841 268/852/842 434/853/843
f 434/853/843 268/852/842 267/854/844
f 434/853/843 267/854/844 435/855/845
f 435/855/845 267/854/844 266/856/846
f 435/855/845 266/856/846 436/857/847
f 436/857/847 266/856/846 265/858/848
f 436/857/847 265/858/848 437/859/849
f 437/859/849 265/858/848 264/860/850
f 437/859/849 264/860/850 438/861/851
f 438/861/851 264/860/850 263/862/852
f 438/861/851 263/862/852 439/863/853
f 439/863/853 263/862/852 262/864/854
f 439/863/853 262/864/854 440/865/855
f 440/865/855 262/864/854 261/866/856
f 440/865/855 261/866/856 441/867/857
f 441/867/857 261/866/856 260/868/858
f 441/867/857 260/868/858 442/869/859
f 442/869/859 260/868/858 259/870/860
f 442/869/859 259/870/860 443/821/813
f 443/821/813 259/870/860 258/822/814
f 467/871/861 282/872/862 444/873/863
f 444/873/863 282/872/862 281/874/864
f 444/875/863 281/876/864 445/877/865
f 445/877/865 281/876/864 280/878/866
f 445/877/865 280/878/866 446/879/867
f 446/879/867 280/878/866 279/880/868
f 446/879/867 279/880/868 447/881/869
f 447/881/869 279/880/868 278/882/870
f 447/881/869 278/882/870 448/883/871
f 448/883/871 278/882/870 277/884/872
f 448/883/871 277/884/872 449/885/873
f 449/885/873 277/884/872 276/886/874
f 449/885/873 276/886/874 450/887/875
f 450/887/875 276/886/874 275/888/876
f 450/887/875 275/888/876 451/889/877
f 451/889/877 275/888/876 274/890/878
f 451/889/877 274/890/878 452/891/879
f 452/891/879 274/890/878 273/892/880
f 452/891/879 273/892/880 453/893/881
f 453/893/881 273/892/880 272/894/882
f 453/893/881 272/894/882 454/895/883
f 454/895/883 272/894/882 271/896/884
f 454/895/883 271/896/884 455/897/885
f 455/897/885 271/896/884 270/898/886
f 455/897/885 270/898/886 456/899/887
f 456/899/887 270/898/886 269/900/888
f 456/899/887 269/900/888 457/901/889
f 457/901/889 269/900/888 292/902/890
f 457/901/889 292/902/890 458/903/891
f 458/903/891 292/902/890 291/904/892
f 458/903/891 291/904/892 459/905/893
f 459/905/893 291/904/892 290/906/894
f 459/905/893 290/906/894 460/907/895
f 460/907/895 290/906/894 289/908/896
f 460/907/895 289/908/896 461/909/897
f 461/909/897 289/908/896 288/910/898
f 461/909/897 288/910/898 462/911/899
f 462/911/899 288/910/898 287/912/900
f 462/911/899 287/912/900 463/913/901
f 463/913/901 287/912/900 286/914/902
f 463/913/901 286/914/902 464/915/903
f 464/915/903 286/914/902 285/916/904
f 464/915/903 285/916/904 465/917/905
f 465/917/905 285/916/904 284/918/906
f 465/917/905 284/918/906 466/919/907
f 466/919/907 284/918/906 283/920/908
f 466/919/907 283/920/908 467/871/861
f 467/871/861 283/920/908 282/872/862
f 491/921/909 306/922/910 468/923/911
f 468/923/911 306/922/910 305/924/912
f 468/925/911 305/926/912 469/927/913
f 469/927/913 305/926/912 304/928/914
f 469/927/913 304/928/914 470/929/915
f 470/929/915 304/928/914 303/930/916
f 470/929/915 303/930/916 471/931/917
f 471/931/917 303/930/916 302/932/918
f 471/931/917 302/932/918 472/933/919
f 472/933/919 302/932/918 301/934/920
f 472/933/919 301/934/920 473/935/921
f 473/935/921 301/934/920 300/936/922
f 473/935/921 300/936/922 474/937/923
f 474/937/923 300/936/922 299/938/924
f 474/937/923 299/938/924 475/939/925
f 475/939/925 299/938/924 298/940/926
f 475/939/925 298/940/926 476/941/927
f 476/941/927 298/940/926 297/942/928
f 476/941/927 297/942/928 477/943/929
f 477/943/929 297/942/928 296/944/930
f 477/943/929 296/944/930 478/945/931
f 478/945/931 296/944/930 295/946/932
f 478/945/931 295/946/932 479/947/933
f 479/947/933 295/946/932 294/948/934
f 479/947/933 294/948/934 480/949/935
f 480/949/935 294/948/934 293/950/936
f 480/949/935 293/950/936 481/951/937
f 481/951/937 293/950/936 316/952/938
f 481/951/937 316/952/938 482/953/939
f 482/953/939 316/952/938 315/954/940
f 482/953/939 315/954/940 483/955/941
f 483/955/941 315/954/940 314/956/942
f 483/955/941 314/956/942 484/957/943
f 484/957/943 314/956/942 313/958/944
f 484/957/943 313/958/944 485/959/945
f 485/959/945 313/958/944 312/960/946
f 485/959/945 312/960/946 486/961/947
f 486/961/947 312/960/946 311/962/948
f 486/961/947 311/962/948 487/963/949
f 487/963/949 311/962/948 310/964/950
f 487/963/949 310/964/950 488/965/951
f 488/965/951 310/964/950 309/966/952
f 488/965/951 309/966/952 489/967/953
f 489/967/953 309/966/952 308/968/954
f 489/967/953 308/968/954 490/969/955
f 490/969/955 308/968/954 307/970/956
f 490/969/955 307/970/956 491/921/909
f 491/921/909 307/970/956 306/922/910
f 25/971/957 36/972/958 374/973/959
f 374/973/959 36/972/958 198/974/960
f 374/973/959 198/974/960 375/975/961
f 375/975/961 198/974/960 197/976/962
f 375/975/961 197/976/962 376/977/963
f 376/977/963 197/976/962 196/978/964
f 376/977/963 196/978/964 377/979/965
f 377/979/965 196/978/964 195/980/966
f 377/979/965 195/980/966 378/981/967
f 378/981/967 195/980/966 194/982/968
f 378/981/967 194/982/968 379/983/969
f 379/983/969 194/982/968 193/984/970
f 379/983/969 193/984/970 380/985/971
f 380/985/971 193/984/970 192/986/972
f 380/985/971 192/986/972 381/987/973
f 381/987/973 192/986/972 191/988/974
f 381/987/973 191/988/974 382/989/975
f 382/989/975 191/988/974 190/990/976
f 382/989/975 190/990/976 383/991/977
f 383/991/977 190/990/976 189/992/978
f 383/991/977 189/992/978 384/993/979
f 384/993/979 189/992/978 188/994/980
f 384/993/979 188/994/980 121/995/981
f 121/995/981 188/994/980 122/996/982
f 154/997/983 153/998/984 210/999/985
f 210/999/985 153/998/984 362/1000/986
f 210/999/985 362/1000/986 211/1001/987
f 211/1001/987 362/1000/986 361/1002/988
f 211/1001/987 361/1002/988 212/1003/989
f 212/1003/989 361/1002/988 360/1004/990
f 212/1003/989 360/1004/990 213/1005/991
f 213/1005/991 360/1004/990 359/1006/992
f 213/1005/991 359/1006/992 214/1007/993
f 214/1007/993 359/1006/992 358/1008/994
f 214/1007/993 358/1008/994 215/1009/995
f 215/1009/995 358/1008/994 357/1010/996
f 215/1009/995 357/1010/996 216/1011/997
f 216/1011/997 357/1010/996 356/1012/998
f 216/1011/997 356/1012/998 217/1013/999
f 217/1013/999 356/1012/998 355/1014/1000
f 217/1013/999 355/1014/1000 218/1015/1001
f 218/1015/1001 355/1014/1000 354/1016/1002
f 218/1015/1001 354/1016/1002 219/1017/1003
f 219/1017/1003 354/1016/1002 353/1018/1004
f 219/1017/1003 353/1018/1004 220/1019/1005
f 220/1019/1005 353/1018/1004 352/1020/1006
f 220/1019/1005 352/1020/1006 24/1021/1007
f 24/1021/1007 352/1020/1006 13/1022/1008
f 350/1023/1009 349/1024/1010 526/1025/1011
f 526/1025/1011 349/1024/1010 492/1026/1012
f 351/1027/1013 350/1028/1014 525/1029/1015
f 525/1029/1015 350/1028/1014 526/1030/1016
f 317/1031/1017 351/1032/1018 524/1033/1019
f 524/1033/1019 351/1032/1018 525/1034/1020
f 349/1035/1021 348/1036/1022 492/1037/1023
f 492/1037/1023 348/1036/1022 493/1038/1024
f 493/1038/1024 348/1036/1022 347/1039/1025
f 493/1038/1024 347/1039/1025 494/1040/1026
f 494/1040/1026 347/1039/1025 346/1041/1027
f 494/1040/1026 346/1041/1027 495/1042/1028
f 495/1042/1028 346/1041/1027 345/1043/1029
f 495/1042/1028 345/1043/1029 496/1044/1030
f 496/1044/1030 345/1043/1029 344/1045/1031
f 496/1044/1030 344/1045/1031 497/1046/1032
f 497/1046/1032 344/1045/1031 343/1047/1033
f 497/1046/1032 343/1047/1033 498/1048/1034
f 498/1048/1034 343/1047/1033 342/1049/1035
f 498/1048/1034 342/1049/1035 499/1050/1036
f 499/1050/1036 342/1049/1035 341/1051/1037
f 499/1050/1036 341/1051/1037 500/1052/1038
f 500/1052/1038 341/1051/1037 340/1053/1039
f 500/1052/1038 340/1053/1039 501/1054/1040
f 501/1054/1040 340/1053/1039 339/1055/1041
f 501/1054/1040 339/1055/1041 502/1056/1042
f 502/1056/1042 339/1055/1041 338/1057/1043
f 502/1056/1042 338/1057/1043 503/1058/1044
f 503/1058/1044 338/1057/1043 337/1059/1045
f 503/1058/1044 337/1059/1045 504/1060/1046
f 504/1060/1046 337/1059/1045 336/1061/1047
f 504/1060/1046 336/1061/1047 505/1062/1048
f 505/1062/1048 336/1061/1047 335/1063/1049
f 505/1062/1048 335/1063/1049 506/1064/1050
f 506/1064/1050 335/1063/1049 334/1065/1051
f 506/1064/1050 334/1065/1051 507/1066/1052
f 507/1066/1052 334/1065/1051 333/1067/1053
f 507/1066/1052 333/1067/1053 508/1068/1054
f 508/1068/1054 333/1067/1053 332/1069/1055
f 508/1068/1054 332/1069/1055 509/1070/1056
f 509/1070/1056 332/1069/1055 331/1071/1057
f 509/1070/1056 331/1071/1057 510/1072/1058
f 510/1072/1058 331/1071/1057 330/1073/1059
f 510/1072/1058 330/1073/1059 511/1074/1060
f 511/1074/1060 330/1073/1059 329/1075/1061
f 511/1074/1060 329/1075/1061 512/1076/1062
f 512/1076/1062 329/1075/1061 328/1077/1063
f 512/1076/1062 328/1077/1063 513/1078/1064
f 513/1078/1064 328/1077/1063 327/1079/1065
f 513/1078/1064 327/1079/1065 514/1080/1066
f 514/1080/1066 327/1079/1065 326/1081/1067
f 514/1080/1066 326/1081/1067 515/1082/1068
f 515/1082/1068 326/1081/1067 325/1083/1069
f 515/1082/1068 325/1083/1069 516/1084/1070
f 516/1084/1070 325/1083/1069 324/1085/1071
f 516/1084/1070 324/1085/1071 517/1086/1072
f 517/1086/1072 324/1085/1071 323/1087/1073
f 517/1086/1072 323/1087/1073 518/1088/1074
f 518/1088/1074 323/1087/1073 322/1089/1075
f 518/1088/1074 322/1089/1075 519/1090/1076
f 519/1090/1076 322/1089/1075 321/1091/1077
f 519/1090/1076 321/1091/1077 520/1092/1078
f 520/1092/1078 321/1091/1077 320/1093/1079
f 520/1092/1078 320/1093/1079 521/1094/1080
f 521/1094/1080 320/1093/1079 319/1095/1081
f 521/1094/1080 319/1095/1081 522/1096/1082
f 522/1096/1082 319/1095/1081 318/1097/1083
f 522/1096/1082 318/1097/1083 523/1098/1084
f 523/1098/1084 318/1097/1083 317/1099/1085
f 523/1098/1084 317/1099/1085 524/1100/1086
# 526 vertices
# 1100 texture params
# 1086 normals
# 1068 facets

# 1 groups
